Maximum,195.3,@,No.650,,,,,,
Minimum,-0.1,@,No.22,,,,,,
Average,50.38,,,,,,,,
Data Quantity,1309,,,,,,,,
Number of NG,0,,,,,,,,
No.,Force,Unit,Displacement,Unit,Judge,Position,Time,Date,
1,0.0,gf,0.000,mm,OK,--,3:50:28 PM,4/11/2026,
2,0.1,gf,0.000,mm,OK,--,3:50:28 PM,4/11/2026,
3,0.1,gf,0.000,mm,OK,--,3:50:28 PM,4/11/2026,
4,0.0,gf,0.000,mm,OK,--,3:50:28 PM,4/11/2026,
5,0.0,gf,0.000,mm,OK,--,3:50:28 PM,4/11/2026,
6,0.0,gf,0.000,mm,OK,--,3:50:28 PM,4/11/2026,
7,0.0,gf,0.000,mm,OK,--,3:50:28 PM,4/11/2026,
8,0.0,gf,0.000,mm,OK,--,3:50:28 PM,4/11/2026,
9,0.0,gf,0.000,mm,OK,--,3:50:28 PM,4/11/2026,
10,0.0,gf,0.000,mm,OK,--,3:50:29 PM,4/11/2026,
11,0.0,gf,0.000,mm,OK,--,3:50:29 PM,4/11/2026,
12,0.0,gf,0.000,mm,OK,--,3:50:29 PM,4/11/2026,
13,0.0,gf,0.000,mm,OK,--,3:50:29 PM,4/11/2026,
14,0.0,gf,0.000,mm,OK,--,3:50:29 PM,4/11/2026,
15,0.0,gf,0.000,mm,OK,--,3:50:29 PM,4/11/2026,
16,0.0,gf,0.000,mm,OK,--,3:50:29 PM,4/11/2026,
17,0.0,gf,0.000,mm,OK,--,3:50:29 PM,4/11/2026,
18,0.0,gf,0.000,mm,OK,--,3:50:29 PM,4/11/2026,
19,0.1,gf,0.000,mm,OK,--,3:50:29 PM,4/11/2026,
20,0.0,gf,0.000,mm,OK,--,3:50:30 PM,4/11/2026,
21,0.0,gf,0.000,mm,OK,--,3:50:30 PM,4/11/2026,
22,-0.1,gf,0.005,mm,OK,--,3:50:30 PM,4/11/2026,
23,0.0,gf,0.005,mm,OK,--,3:50:30 PM,4/11/2026,
24,0.0,gf,0.005,mm,OK,--,3:50:30 PM,4/11/2026,
25,0.1,gf,0.005,mm,OK,--,3:50:30 PM,4/11/2026,
26,1.9,gf,0.010,mm,OK,--,3:50:30 PM,4/11/2026,
27,3.4,gf,0.010,mm,OK,--,3:50:30 PM,4/11/2026,
28,4.4,gf,0.010,mm,OK,--,3:50:30 PM,4/11/2026,
29,4.8,gf,0.015,mm,OK,--,3:50:30 PM,4/11/2026,
30,5.1,gf,0.015,mm,OK,--,3:50:31 PM,4/11/2026,
31,5.5,gf,0.015,mm,OK,--,3:50:31 PM,4/11/2026,
32,6.0,gf,0.015,mm,OK,--,3:50:31 PM,4/11/2026,
33,6.8,gf,0.015,mm,OK,--,3:50:31 PM,4/11/2026,
34,7.7,gf,0.020,mm,OK,--,3:50:31 PM,4/11/2026,
35,8.9,gf,0.020,mm,OK,--,3:50:31 PM,4/11/2026,
36,10.3,gf,0.025,mm,OK,--,3:50:31 PM,4/11/2026,
37,11.3,gf,0.025,mm,OK,--,3:50:31 PM,4/11/2026,
38,12.2,gf,0.030,mm,OK,--,3:50:31 PM,4/11/2026,
39,12.9,gf,0.030,mm,OK,--,3:50:31 PM,4/11/2026,
40,13.9,gf,0.030,mm,OK,--,3:50:32 PM,4/11/2026,
41,15.2,gf,0.035,mm,OK,--,3:50:32 PM,4/11/2026,
42,16.4,gf,0.035,mm,OK,--,3:50:32 PM,4/11/2026,
43,17.4,gf,0.040,mm,OK,--,3:50:32 PM,4/11/2026,
44,18.6,gf,0.045,mm,OK,--,3:50:32 PM,4/11/2026,
45,20.0,gf,0.045,mm,OK,--,3:50:32 PM,4/11/2026,
46,21.3,gf,0.050,mm,OK,--,3:50:32 PM,4/11/2026,
47,22.5,gf,0.055,mm,OK,--,3:50:32 PM,4/11/2026,
48,23.8,gf,0.060,mm,OK,--,3:50:32 PM,4/11/2026,
49,24.9,gf,0.065,mm,OK,--,3:50:32 PM,4/11/2026,
50,25.2,gf,0.070,mm,OK,--,3:50:33 PM,4/11/2026,
51,25.6,gf,0.070,mm,OK,--,3:50:33 PM,4/11/2026,
52,26.0,gf,0.075,mm,OK,--,3:50:33 PM,4/11/2026,
53,26.6,gf,0.080,mm,OK,--,3:50:33 PM,4/11/2026,
54,27.0,gf,0.080,mm,OK,--,3:50:33 PM,4/11/2026,
55,27.5,gf,0.085,mm,OK,--,3:50:33 PM,4/11/2026,
56,27.8,gf,0.090,mm,OK,--,3:50:33 PM,4/11/2026,
57,28.2,gf,0.090,mm,OK,--,3:50:33 PM,4/11/2026,
58,28.8,gf,0.095,mm,OK,--,3:50:33 PM,4/11/2026,
59,29.2,gf,0.100,mm,OK,--,3:50:33 PM,4/11/2026,
60,29.5,gf,0.105,mm,OK,--,3:50:34 PM,4/11/2026,
61,29.9,gf,0.105,mm,OK,--,3:50:34 PM,4/11/2026,
62,30.0,gf,0.110,mm,OK,--,3:50:34 PM,4/11/2026,
63,30.4,gf,0.115,mm,OK,--,3:50:34 PM,4/11/2026,
64,30.7,gf,0.120,mm,OK,--,3:50:34 PM,4/11/2026,
65,30.7,gf,0.120,mm,OK,--,3:50:34 PM,4/11/2026,
66,30.9,gf,0.125,mm,OK,--,3:50:34 PM,4/11/2026,
67,30.9,gf,0.130,mm,OK,--,3:50:34 PM,4/11/2026,
68,31.1,gf,0.130,mm,OK,--,3:50:34 PM,4/11/2026,
69,31.2,gf,0.135,mm,OK,--,3:50:34 PM,4/11/2026,
70,31.2,gf,0.140,mm,OK,--,3:50:35 PM,4/11/2026,
71,31.2,gf,0.145,mm,OK,--,3:50:35 PM,4/11/2026,
72,31.2,gf,0.150,mm,OK,--,3:50:35 PM,4/11/2026,
73,31.3,gf,0.155,mm,OK,--,3:50:35 PM,4/11/2026,
74,31.3,gf,0.165,mm,OK,--,3:50:35 PM,4/11/2026,
75,31.3,gf,0.175,mm,OK,--,3:50:35 PM,4/11/2026,
76,31.2,gf,0.180,mm,OK,--,3:50:35 PM,4/11/2026,
77,31.3,gf,0.185,mm,OK,--,3:50:35 PM,4/11/2026,
78,31.2,gf,0.190,mm,OK,--,3:50:35 PM,4/11/2026,
79,31.0,gf,0.195,mm,OK,--,3:50:35 PM,4/11/2026,
80,30.9,gf,0.200,mm,OK,--,3:50:36 PM,4/11/2026,
81,30.9,gf,0.205,mm,OK,--,3:50:36 PM,4/11/2026,
82,30.8,gf,0.205,mm,OK,--,3:50:36 PM,4/11/2026,
83,30.9,gf,0.205,mm,OK,--,3:50:36 PM,4/11/2026,
84,30.9,gf,0.210,mm,OK,--,3:50:36 PM,4/11/2026,
85,30.9,gf,0.210,mm,OK,--,3:50:36 PM,4/11/2026,
86,30.9,gf,0.215,mm,OK,--,3:50:36 PM,4/11/2026,
87,31.0,gf,0.215,mm,OK,--,3:50:36 PM,4/11/2026,
88,31.0,gf,0.220,mm,OK,--,3:50:36 PM,4/11/2026,
89,31.0,gf,0.220,mm,OK,--,3:50:36 PM,4/11/2026,
90,31.1,gf,0.225,mm,OK,--,3:50:37 PM,4/11/2026,
91,31.3,gf,0.225,mm,OK,--,3:50:37 PM,4/11/2026,
92,31.4,gf,0.230,mm,OK,--,3:50:37 PM,4/11/2026,
93,31.5,gf,0.230,mm,OK,--,3:50:37 PM,4/11/2026,
94,31.6,gf,0.235,mm,OK,--,3:50:37 PM,4/11/2026,
95,31.6,gf,0.240,mm,OK,--,3:50:37 PM,4/11/2026,
96,31.6,gf,0.250,mm,OK,--,3:50:37 PM,4/11/2026,
97,31.6,gf,0.255,mm,OK,--,3:50:37 PM,4/11/2026,
98,31.6,gf,0.260,mm,OK,--,3:50:37 PM,4/11/2026,
99,31.7,gf,0.270,mm,OK,--,3:50:37 PM,4/11/2026,
100,31.6,gf,0.275,mm,OK,--,3:50:38 PM,4/11/2026,
101,31.6,gf,0.285,mm,OK,--,3:50:38 PM,4/11/2026,
102,31.5,gf,0.290,mm,OK,--,3:50:38 PM,4/11/2026,
103,31.4,gf,0.295,mm,OK,--,3:50:38 PM,4/11/2026,
104,31.4,gf,0.300,mm,OK,--,3:50:38 PM,4/11/2026,
105,31.5,gf,0.310,mm,OK,--,3:50:38 PM,4/11/2026,
106,31.6,gf,0.315,mm,OK,--,3:50:38 PM,4/11/2026,
107,31.6,gf,0.325,mm,OK,--,3:50:38 PM,4/11/2026,
108,31.5,gf,0.330,mm,OK,--,3:50:38 PM,4/11/2026,
109,31.4,gf,0.330,mm,OK,--,3:50:38 PM,4/11/2026,
110,31.4,gf,0.335,mm,OK,--,3:50:39 PM,4/11/2026,
111,31.6,gf,0.340,mm,OK,--,3:50:39 PM,4/11/2026,
112,31.6,gf,0.345,mm,OK,--,3:50:39 PM,4/11/2026,
113,31.6,gf,0.350,mm,OK,--,3:50:39 PM,4/11/2026,
114,31.6,gf,0.355,mm,OK,--,3:50:39 PM,4/11/2026,
115,31.6,gf,0.355,mm,OK,--,3:50:39 PM,4/11/2026,
116,31.6,gf,0.355,mm,OK,--,3:50:39 PM,4/11/2026,
117,31.6,gf,0.360,mm,OK,--,3:50:39 PM,4/11/2026,
118,31.7,gf,0.360,mm,OK,--,3:50:39 PM,4/11/2026,
119,31.7,gf,0.365,mm,OK,--,3:50:39 PM,4/11/2026,
120,31.7,gf,0.365,mm,OK,--,3:50:40 PM,4/11/2026,
121,31.7,gf,0.365,mm,OK,--,3:50:40 PM,4/11/2026,
122,31.9,gf,0.370,mm,OK,--,3:50:40 PM,4/11/2026,
123,31.9,gf,0.370,mm,OK,--,3:50:40 PM,4/11/2026,
124,31.9,gf,0.375,mm,OK,--,3:50:40 PM,4/11/2026,
125,31.9,gf,0.375,mm,OK,--,3:50:40 PM,4/11/2026,
126,32.0,gf,0.380,mm,OK,--,3:50:40 PM,4/11/2026,
127,31.9,gf,0.380,mm,OK,--,3:50:40 PM,4/11/2026,
128,32.0,gf,0.385,mm,OK,--,3:50:40 PM,4/11/2026,
129,32.0,gf,0.385,mm,OK,--,3:50:40 PM,4/11/2026,
130,32.0,gf,0.385,mm,OK,--,3:50:41 PM,4/11/2026,
131,32.2,gf,0.390,mm,OK,--,3:50:41 PM,4/11/2026,
132,32.2,gf,0.390,mm,OK,--,3:50:41 PM,4/11/2026,
133,32.2,gf,0.395,mm,OK,--,3:50:41 PM,4/11/2026,
134,32.1,gf,0.395,mm,OK,--,3:50:41 PM,4/11/2026,
135,32.1,gf,0.395,mm,OK,--,3:50:41 PM,4/11/2026,
136,32.1,gf,0.400,mm,OK,--,3:50:41 PM,4/11/2026,
137,32.0,gf,0.400,mm,OK,--,3:50:41 PM,4/11/2026,
138,32.0,gf,0.405,mm,OK,--,3:50:41 PM,4/11/2026,
139,32.0,gf,0.410,mm,OK,--,3:50:41 PM,4/11/2026,
140,32.0,gf,0.410,mm,OK,--,3:50:42 PM,4/11/2026,
141,32.0,gf,0.415,mm,OK,--,3:50:42 PM,4/11/2026,
142,32.0,gf,0.420,mm,OK,--,3:50:42 PM,4/11/2026,
143,32.0,gf,0.425,mm,OK,--,3:50:42 PM,4/11/2026,
144,32.1,gf,0.430,mm,OK,--,3:50:42 PM,4/11/2026,
145,32.1,gf,0.435,mm,OK,--,3:50:42 PM,4/11/2026,
146,32.2,gf,0.440,mm,OK,--,3:50:42 PM,4/11/2026,
147,32.2,gf,0.440,mm,OK,--,3:50:42 PM,4/11/2026,
148,32.2,gf,0.445,mm,OK,--,3:50:42 PM,4/11/2026,
149,32.2,gf,0.450,mm,OK,--,3:50:42 PM,4/11/2026,
150,32.2,gf,0.450,mm,OK,--,3:50:43 PM,4/11/2026,
151,32.2,gf,0.455,mm,OK,--,3:50:43 PM,4/11/2026,
152,32.2,gf,0.460,mm,OK,--,3:50:43 PM,4/11/2026,
153,32.2,gf,0.465,mm,OK,--,3:50:43 PM,4/11/2026,
154,32.2,gf,0.465,mm,OK,--,3:50:43 PM,4/11/2026,
155,32.2,gf,0.475,mm,OK,--,3:50:43 PM,4/11/2026,
156,32.2,gf,0.480,mm,OK,--,3:50:43 PM,4/11/2026,
157,32.4,gf,0.485,mm,OK,--,3:50:43 PM,4/11/2026,
158,32.3,gf,0.490,mm,OK,--,3:50:43 PM,4/11/2026,
159,32.3,gf,0.495,mm,OK,--,3:50:43 PM,4/11/2026,
160,32.4,gf,0.505,mm,OK,--,3:50:44 PM,4/11/2026,
161,32.5,gf,0.510,mm,OK,--,3:50:44 PM,4/11/2026,
162,32.4,gf,0.515,mm,OK,--,3:50:44 PM,4/11/2026,
163,32.5,gf,0.520,mm,OK,--,3:50:44 PM,4/11/2026,
164,32.6,gf,0.530,mm,OK,--,3:50:44 PM,4/11/2026,
165,32.7,gf,0.540,mm,OK,--,3:50:44 PM,4/11/2026,
166,32.7,gf,0.545,mm,OK,--,3:50:44 PM,4/11/2026,
167,32.6,gf,0.550,mm,OK,--,3:50:44 PM,4/11/2026,
168,32.6,gf,0.555,mm,OK,--,3:50:44 PM,4/11/2026,
169,32.6,gf,0.560,mm,OK,--,3:50:44 PM,4/11/2026,
170,32.6,gf,0.565,mm,OK,--,3:50:45 PM,4/11/2026,
171,32.7,gf,0.570,mm,OK,--,3:50:45 PM,4/11/2026,
172,32.9,gf,0.575,mm,OK,--,3:50:45 PM,4/11/2026,
173,33.0,gf,0.580,mm,OK,--,3:50:45 PM,4/11/2026,
174,33.0,gf,0.585,mm,OK,--,3:50:45 PM,4/11/2026,
175,32.9,gf,0.595,mm,OK,--,3:50:45 PM,4/11/2026,
176,32.9,gf,0.600,mm,OK,--,3:50:45 PM,4/11/2026,
177,33.0,gf,0.600,mm,OK,--,3:50:45 PM,4/11/2026,
178,33.1,gf,0.605,mm,OK,--,3:50:45 PM,4/11/2026,
179,33.0,gf,0.615,mm,OK,--,3:50:45 PM,4/11/2026,
180,32.8,gf,0.620,mm,OK,--,3:50:46 PM,4/11/2026,
181,32.6,gf,0.625,mm,OK,--,3:50:46 PM,4/11/2026,
182,32.7,gf,0.630,mm,OK,--,3:50:46 PM,4/11/2026,
183,32.8,gf,0.640,mm,OK,--,3:50:46 PM,4/11/2026,
184,32.9,gf,0.645,mm,OK,--,3:50:46 PM,4/11/2026,
185,33.0,gf,0.650,mm,OK,--,3:50:46 PM,4/11/2026,
186,33.0,gf,0.655,mm,OK,--,3:50:46 PM,4/11/2026,
187,32.8,gf,0.660,mm,OK,--,3:50:46 PM,4/11/2026,
188,32.8,gf,0.665,mm,OK,--,3:50:46 PM,4/11/2026,
189,32.9,gf,0.670,mm,OK,--,3:50:46 PM,4/11/2026,
190,33.1,gf,0.675,mm,OK,--,3:50:47 PM,4/11/2026,
191,33.1,gf,0.680,mm,OK,--,3:50:47 PM,4/11/2026,
192,33.1,gf,0.685,mm,OK,--,3:50:47 PM,4/11/2026,
193,33.0,gf,0.690,mm,OK,--,3:50:47 PM,4/11/2026,
194,32.9,gf,0.695,mm,OK,--,3:50:47 PM,4/11/2026,
195,32.9,gf,0.700,mm,OK,--,3:50:47 PM,4/11/2026,
196,32.9,gf,0.705,mm,OK,--,3:50:47 PM,4/11/2026,
197,32.9,gf,0.710,mm,OK,--,3:50:47 PM,4/11/2026,
198,32.9,gf,0.710,mm,OK,--,3:50:47 PM,4/11/2026,
199,33.1,gf,0.715,mm,OK,--,3:50:47 PM,4/11/2026,
200,33.1,gf,0.715,mm,OK,--,3:50:48 PM,4/11/2026,
201,33.2,gf,0.715,mm,OK,--,3:50:48 PM,4/11/2026,
202,33.2,gf,0.720,mm,OK,--,3:50:48 PM,4/11/2026,
203,33.4,gf,0.725,mm,OK,--,3:50:48 PM,4/11/2026,
204,33.5,gf,0.725,mm,OK,--,3:50:48 PM,4/11/2026,
205,33.5,gf,0.730,mm,OK,--,3:50:48 PM,4/11/2026,
206,33.4,gf,0.735,mm,OK,--,3:50:48 PM,4/11/2026,
207,33.4,gf,0.735,mm,OK,--,3:50:48 PM,4/11/2026,
208,33.4,gf,0.740,mm,OK,--,3:50:48 PM,4/11/2026,
209,33.4,gf,0.745,mm,OK,--,3:50:48 PM,4/11/2026,
210,33.6,gf,0.750,mm,OK,--,3:50:49 PM,4/11/2026,
211,33.7,gf,0.755,mm,OK,--,3:50:49 PM,4/11/2026,
212,33.8,gf,0.760,mm,OK,--,3:50:49 PM,4/11/2026,
213,33.8,gf,0.765,mm,OK,--,3:50:49 PM,4/11/2026,
214,33.8,gf,0.765,mm,OK,--,3:50:49 PM,4/11/2026,
215,33.7,gf,0.770,mm,OK,--,3:50:49 PM,4/11/2026,
216,33.7,gf,0.775,mm,OK,--,3:50:49 PM,4/11/2026,
217,33.6,gf,0.775,mm,OK,--,3:50:49 PM,4/11/2026,
218,33.6,gf,0.780,mm,OK,--,3:50:49 PM,4/11/2026,
219,33.6,gf,0.785,mm,OK,--,3:50:49 PM,4/11/2026,
220,33.6,gf,0.785,mm,OK,--,3:50:50 PM,4/11/2026,
221,33.6,gf,0.790,mm,OK,--,3:50:50 PM,4/11/2026,
222,33.5,gf,0.795,mm,OK,--,3:50:50 PM,4/11/2026,
223,33.5,gf,0.800,mm,OK,--,3:50:50 PM,4/11/2026,
224,33.5,gf,0.805,mm,OK,--,3:50:50 PM,4/11/2026,
225,33.5,gf,0.805,mm,OK,--,3:50:50 PM,4/11/2026,
226,33.6,gf,0.810,mm,OK,--,3:50:50 PM,4/11/2026,
227,33.6,gf,0.815,mm,OK,--,3:50:50 PM,4/11/2026,
228,33.6,gf,0.815,mm,OK,--,3:50:50 PM,4/11/2026,
229,33.7,gf,0.820,mm,OK,--,3:50:50 PM,4/11/2026,
230,33.7,gf,0.825,mm,OK,--,3:50:51 PM,4/11/2026,
231,33.6,gf,0.825,mm,OK,--,3:50:51 PM,4/11/2026,
232,33.7,gf,0.830,mm,OK,--,3:50:51 PM,4/11/2026,
233,33.7,gf,0.830,mm,OK,--,3:50:51 PM,4/11/2026,
234,33.6,gf,0.830,mm,OK,--,3:50:51 PM,4/11/2026,
235,33.6,gf,0.835,mm,OK,--,3:50:51 PM,4/11/2026,
236,33.6,gf,0.840,mm,OK,--,3:50:51 PM,4/11/2026,
237,33.7,gf,0.845,mm,OK,--,3:50:51 PM,4/11/2026,
238,33.7,gf,0.845,mm,OK,--,3:50:51 PM,4/11/2026,
239,33.8,gf,0.850,mm,OK,--,3:50:51 PM,4/11/2026,
240,33.6,gf,0.855,mm,OK,--,3:50:52 PM,4/11/2026,
241,33.6,gf,0.860,mm,OK,--,3:50:52 PM,4/11/2026,
242,33.5,gf,0.860,mm,OK,--,3:50:52 PM,4/11/2026,
243,33.6,gf,0.865,mm,OK,--,3:50:52 PM,4/11/2026,
244,33.7,gf,0.870,mm,OK,--,3:50:52 PM,4/11/2026,
245,33.7,gf,0.870,mm,OK,--,3:50:52 PM,4/11/2026,
246,33.8,gf,0.875,mm,OK,--,3:50:52 PM,4/11/2026,
247,34.0,gf,0.875,mm,OK,--,3:50:52 PM,4/11/2026,
248,34.1,gf,0.880,mm,OK,--,3:50:52 PM,4/11/2026,
249,34.2,gf,0.885,mm,OK,--,3:50:52 PM,4/11/2026,
250,34.2,gf,0.890,mm,OK,--,3:50:53 PM,4/11/2026,
251,34.1,gf,0.895,mm,OK,--,3:50:53 PM,4/11/2026,
252,34.1,gf,0.900,mm,OK,--,3:50:53 PM,4/11/2026,
253,34.1,gf,0.900,mm,OK,--,3:50:53 PM,4/11/2026,
254,34.1,gf,0.905,mm,OK,--,3:50:53 PM,4/11/2026,
255,34.2,gf,0.910,mm,OK,--,3:50:53 PM,4/11/2026,
256,34.2,gf,0.915,mm,OK,--,3:50:53 PM,4/11/2026,
257,34.2,gf,0.920,mm,OK,--,3:50:53 PM,4/11/2026,
258,34.1,gf,0.925,mm,OK,--,3:50:53 PM,4/11/2026,
259,34.1,gf,0.930,mm,OK,--,3:50:53 PM,4/11/2026,
260,34.0,gf,0.935,mm,OK,--,3:50:54 PM,4/11/2026,
261,34.1,gf,0.940,mm,OK,--,3:50:54 PM,4/11/2026,
262,34.2,gf,0.945,mm,OK,--,3:50:54 PM,4/11/2026,
263,34.1,gf,0.950,mm,OK,--,3:50:54 PM,4/11/2026,
264,34.2,gf,0.955,mm,OK,--,3:50:54 PM,4/11/2026,
265,34.3,gf,0.960,mm,OK,--,3:50:54 PM,4/11/2026,
266,34.3,gf,0.965,mm,OK,--,3:50:54 PM,4/11/2026,
267,34.3,gf,0.970,mm,OK,--,3:50:54 PM,4/11/2026,
268,34.4,gf,0.975,mm,OK,--,3:50:54 PM,4/11/2026,
269,34.5,gf,0.980,mm,OK,--,3:50:54 PM,4/11/2026,
270,34.5,gf,0.985,mm,OK,--,3:50:55 PM,4/11/2026,
271,34.5,gf,0.990,mm,OK,--,3:50:55 PM,4/11/2026,
272,34.5,gf,0.995,mm,OK,--,3:50:55 PM,4/11/2026,
273,34.3,gf,1.000,mm,OK,--,3:50:55 PM,4/11/2026,
274,34.2,gf,1.005,mm,OK,--,3:50:55 PM,4/11/2026,
275,34.2,gf,1.010,mm,OK,--,3:50:55 PM,4/11/2026,
276,34.1,gf,1.015,mm,OK,--,3:50:55 PM,4/11/2026,
277,34.3,gf,1.015,mm,OK,--,3:50:55 PM,4/11/2026,
278,34.3,gf,1.020,mm,OK,--,3:50:55 PM,4/11/2026,
279,34.3,gf,1.020,mm,OK,--,3:50:55 PM,4/11/2026,
280,34.2,gf,1.025,mm,OK,--,3:50:56 PM,4/11/2026,
281,34.2,gf,1.025,mm,OK,--,3:50:56 PM,4/11/2026,
282,34.3,gf,1.030,mm,OK,--,3:50:56 PM,4/11/2026,
283,34.3,gf,1.035,mm,OK,--,3:50:56 PM,4/11/2026,
284,34.4,gf,1.040,mm,OK,--,3:50:56 PM,4/11/2026,
285,34.4,gf,1.040,mm,OK,--,3:50:56 PM,4/11/2026,
286,34.4,gf,1.045,mm,OK,--,3:50:56 PM,4/11/2026,
287,34.4,gf,1.045,mm,OK,--,3:50:56 PM,4/11/2026,
288,34.4,gf,1.050,mm,OK,--,3:50:56 PM,4/11/2026,
289,34.4,gf,1.050,mm,OK,--,3:50:56 PM,4/11/2026,
290,34.4,gf,1.055,mm,OK,--,3:50:57 PM,4/11/2026,
291,34.5,gf,1.055,mm,OK,--,3:50:57 PM,4/11/2026,
292,34.6,gf,1.055,mm,OK,--,3:50:57 PM,4/11/2026,
293,34.6,gf,1.060,mm,OK,--,3:50:57 PM,4/11/2026,
294,34.6,gf,1.060,mm,OK,--,3:50:57 PM,4/11/2026,
295,34.6,gf,1.060,mm,OK,--,3:50:57 PM,4/11/2026,
296,34.6,gf,1.065,mm,OK,--,3:50:57 PM,4/11/2026,
297,34.8,gf,1.070,mm,OK,--,3:50:57 PM,4/11/2026,
298,35.0,gf,1.070,mm,OK,--,3:50:57 PM,4/11/2026,
299,35.2,gf,1.080,mm,OK,--,3:50:57 PM,4/11/2026,
300,35.2,gf,1.090,mm,OK,--,3:50:58 PM,4/11/2026,
301,35.1,gf,1.095,mm,OK,--,3:50:58 PM,4/11/2026,
302,35.0,gf,1.100,mm,OK,--,3:50:58 PM,4/11/2026,
303,35.0,gf,1.105,mm,OK,--,3:50:58 PM,4/11/2026,
304,35.1,gf,1.105,mm,OK,--,3:50:58 PM,4/11/2026,
305,35.1,gf,1.110,mm,OK,--,3:50:58 PM,4/11/2026,
306,35.1,gf,1.110,mm,OK,--,3:50:58 PM,4/11/2026,
307,35.2,gf,1.110,mm,OK,--,3:50:58 PM,4/11/2026,
308,35.1,gf,1.115,mm,OK,--,3:50:58 PM,4/11/2026,
309,35.1,gf,1.115,mm,OK,--,3:50:58 PM,4/11/2026,
310,35.1,gf,1.115,mm,OK,--,3:50:59 PM,4/11/2026,
311,35.2,gf,1.120,mm,OK,--,3:50:59 PM,4/11/2026,
312,35.1,gf,1.120,mm,OK,--,3:50:59 PM,4/11/2026,
313,35.2,gf,1.120,mm,OK,--,3:50:59 PM,4/11/2026,
314,35.1,gf,1.125,mm,OK,--,3:50:59 PM,4/11/2026,
315,35.2,gf,1.125,mm,OK,--,3:50:59 PM,4/11/2026,
316,35.2,gf,1.125,mm,OK,--,3:50:59 PM,4/11/2026,
317,35.2,gf,1.130,mm,OK,--,3:50:59 PM,4/11/2026,
318,35.2,gf,1.130,mm,OK,--,3:50:59 PM,4/11/2026,
319,35.2,gf,1.140,mm,OK,--,3:50:59 PM,4/11/2026,
320,35.1,gf,1.145,mm,OK,--,3:51:00 PM,4/11/2026,
321,35.2,gf,1.150,mm,OK,--,3:51:00 PM,4/11/2026,
322,35.2,gf,1.155,mm,OK,--,3:51:00 PM,4/11/2026,
323,35.2,gf,1.155,mm,OK,--,3:51:00 PM,4/11/2026,
324,35.2,gf,1.160,mm,OK,--,3:51:00 PM,4/11/2026,
325,35.2,gf,1.160,mm,OK,--,3:51:00 PM,4/11/2026,
326,35.2,gf,1.160,mm,OK,--,3:51:00 PM,4/11/2026,
327,35.1,gf,1.160,mm,OK,--,3:51:00 PM,4/11/2026,
328,35.3,gf,1.160,mm,OK,--,3:51:00 PM,4/11/2026,
329,35.2,gf,1.160,mm,OK,--,3:51:00 PM,4/11/2026,
330,35.3,gf,1.160,mm,OK,--,3:51:01 PM,4/11/2026,
331,35.4,gf,1.160,mm,OK,--,3:51:01 PM,4/11/2026,
332,35.3,gf,1.165,mm,OK,--,3:51:01 PM,4/11/2026,
333,35.3,gf,1.165,mm,OK,--,3:51:01 PM,4/11/2026,
334,35.3,gf,1.165,mm,OK,--,3:51:01 PM,4/11/2026,
335,35.3,gf,1.170,mm,OK,--,3:51:01 PM,4/11/2026,
336,35.3,gf,1.170,mm,OK,--,3:51:01 PM,4/11/2026,
337,35.3,gf,1.170,mm,OK,--,3:51:01 PM,4/11/2026,
338,35.2,gf,1.175,mm,OK,--,3:51:01 PM,4/11/2026,
339,35.2,gf,1.175,mm,OK,--,3:51:01 PM,4/11/2026,
340,35.2,gf,1.175,mm,OK,--,3:51:02 PM,4/11/2026,
341,35.2,gf,1.180,mm,OK,--,3:51:02 PM,4/11/2026,
342,35.2,gf,1.180,mm,OK,--,3:51:02 PM,4/11/2026,
343,35.2,gf,1.180,mm,OK,--,3:51:02 PM,4/11/2026,
344,35.3,gf,1.185,mm,OK,--,3:51:02 PM,4/11/2026,
345,35.3,gf,1.185,mm,OK,--,3:51:02 PM,4/11/2026,
346,35.3,gf,1.185,mm,OK,--,3:51:02 PM,4/11/2026,
347,35.4,gf,1.190,mm,OK,--,3:51:02 PM,4/11/2026,
348,35.4,gf,1.190,mm,OK,--,3:51:02 PM,4/11/2026,
349,35.4,gf,1.195,mm,OK,--,3:51:02 PM,4/11/2026,
350,35.3,gf,1.195,mm,OK,--,3:51:03 PM,4/11/2026,
351,35.3,gf,1.200,mm,OK,--,3:51:03 PM,4/11/2026,
352,35.3,gf,1.200,mm,OK,--,3:51:03 PM,4/11/2026,
353,35.2,gf,1.205,mm,OK,--,3:51:03 PM,4/11/2026,
354,35.3,gf,1.210,mm,OK,--,3:51:03 PM,4/11/2026,
355,35.3,gf,1.210,mm,OK,--,3:51:03 PM,4/11/2026,
356,35.4,gf,1.215,mm,OK,--,3:51:03 PM,4/11/2026,
357,35.4,gf,1.220,mm,OK,--,3:51:03 PM,4/11/2026,
358,35.3,gf,1.220,mm,OK,--,3:51:03 PM,4/11/2026,
359,35.4,gf,1.225,mm,OK,--,3:51:03 PM,4/11/2026,
360,35.4,gf,1.230,mm,OK,--,3:51:04 PM,4/11/2026,
361,35.5,gf,1.235,mm,OK,--,3:51:04 PM,4/11/2026,
362,35.4,gf,1.240,mm,OK,--,3:51:04 PM,4/11/2026,
363,35.4,gf,1.245,mm,OK,--,3:51:04 PM,4/11/2026,
364,35.4,gf,1.250,mm,OK,--,3:51:04 PM,4/11/2026,
365,35.3,gf,1.255,mm,OK,--,3:51:04 PM,4/11/2026,
366,35.3,gf,1.255,mm,OK,--,3:51:04 PM,4/11/2026,
367,35.5,gf,1.260,mm,OK,--,3:51:04 PM,4/11/2026,
368,35.6,gf,1.265,mm,OK,--,3:51:04 PM,4/11/2026,
369,35.6,gf,1.270,mm,OK,--,3:51:04 PM,4/11/2026,
370,35.5,gf,1.270,mm,OK,--,3:51:05 PM,4/11/2026,
371,35.7,gf,1.275,mm,OK,--,3:51:05 PM,4/11/2026,
372,35.8,gf,1.275,mm,OK,--,3:51:05 PM,4/11/2026,
373,35.7,gf,1.280,mm,OK,--,3:51:05 PM,4/11/2026,
374,35.7,gf,1.280,mm,OK,--,3:51:05 PM,4/11/2026,
375,35.8,gf,1.285,mm,OK,--,3:51:05 PM,4/11/2026,
376,35.8,gf,1.290,mm,OK,--,3:51:05 PM,4/11/2026,
377,35.8,gf,1.295,mm,OK,--,3:51:05 PM,4/11/2026,
378,35.8,gf,1.295,mm,OK,--,3:51:05 PM,4/11/2026,
379,35.9,gf,1.300,mm,OK,--,3:51:05 PM,4/11/2026,
380,35.9,gf,1.305,mm,OK,--,3:51:06 PM,4/11/2026,
381,35.9,gf,1.310,mm,OK,--,3:51:06 PM,4/11/2026,
382,36.0,gf,1.315,mm,OK,--,3:51:06 PM,4/11/2026,
383,36.0,gf,1.320,mm,OK,--,3:51:06 PM,4/11/2026,
384,36.1,gf,1.330,mm,OK,--,3:51:06 PM,4/11/2026,
385,36.2,gf,1.335,mm,OK,--,3:51:06 PM,4/11/2026,
386,36.1,gf,1.345,mm,OK,--,3:51:06 PM,4/11/2026,
387,36.1,gf,1.350,mm,OK,--,3:51:06 PM,4/11/2026,
388,36.3,gf,1.360,mm,OK,--,3:51:06 PM,4/11/2026,
389,36.3,gf,1.365,mm,OK,--,3:51:06 PM,4/11/2026,
390,36.3,gf,1.370,mm,OK,--,3:51:07 PM,4/11/2026,
391,36.3,gf,1.380,mm,OK,--,3:51:07 PM,4/11/2026,
392,36.3,gf,1.385,mm,OK,--,3:51:07 PM,4/11/2026,
393,36.5,gf,1.395,mm,OK,--,3:51:07 PM,4/11/2026,
394,36.6,gf,1.400,mm,OK,--,3:51:07 PM,4/11/2026,
395,36.6,gf,1.405,mm,OK,--,3:51:07 PM,4/11/2026,
396,36.6,gf,1.410,mm,OK,--,3:51:07 PM,4/11/2026,
397,36.6,gf,1.415,mm,OK,--,3:51:07 PM,4/11/2026,
398,36.6,gf,1.415,mm,OK,--,3:51:07 PM,4/11/2026,
399,36.7,gf,1.420,mm,OK,--,3:51:07 PM,4/11/2026,
400,36.7,gf,1.425,mm,OK,--,3:51:08 PM,4/11/2026,
401,36.6,gf,1.430,mm,OK,--,3:51:08 PM,4/11/2026,
402,36.7,gf,1.430,mm,OK,--,3:51:08 PM,4/11/2026,
403,36.7,gf,1.435,mm,OK,--,3:51:08 PM,4/11/2026,
404,36.7,gf,1.435,mm,OK,--,3:51:08 PM,4/11/2026,
405,36.7,gf,1.440,mm,OK,--,3:51:08 PM,4/11/2026,
406,36.6,gf,1.445,mm,OK,--,3:51:08 PM,4/11/2026,
407,36.6,gf,1.450,mm,OK,--,3:51:08 PM,4/11/2026,
408,36.6,gf,1.455,mm,OK,--,3:51:08 PM,4/11/2026,
409,36.6,gf,1.460,mm,OK,--,3:51:08 PM,4/11/2026,
410,36.6,gf,1.465,mm,OK,--,3:51:09 PM,4/11/2026,
411,36.6,gf,1.470,mm,OK,--,3:51:09 PM,4/11/2026,
412,36.6,gf,1.475,mm,OK,--,3:51:09 PM,4/11/2026,
413,36.5,gf,1.480,mm,OK,--,3:51:09 PM,4/11/2026,
414,36.6,gf,1.485,mm,OK,--,3:51:09 PM,4/11/2026,
415,36.8,gf,1.490,mm,OK,--,3:51:09 PM,4/11/2026,
416,36.8,gf,1.500,mm,OK,--,3:51:09 PM,4/11/2026,
417,36.9,gf,1.505,mm,OK,--,3:51:09 PM,4/11/2026,
418,36.9,gf,1.510,mm,OK,--,3:51:09 PM,4/11/2026,
419,37.0,gf,1.515,mm,OK,--,3:51:09 PM,4/11/2026,
420,37.0,gf,1.520,mm,OK,--,3:51:10 PM,4/11/2026,
421,37.0,gf,1.525,mm,OK,--,3:51:10 PM,4/11/2026,
422,37.1,gf,1.530,mm,OK,--,3:51:10 PM,4/11/2026,
423,37.2,gf,1.535,mm,OK,--,3:51:10 PM,4/11/2026,
424,37.2,gf,1.540,mm,OK,--,3:51:10 PM,4/11/2026,
425,37.2,gf,1.545,mm,OK,--,3:51:10 PM,4/11/2026,
426,37.2,gf,1.545,mm,OK,--,3:51:10 PM,4/11/2026,
427,37.2,gf,1.550,mm,OK,--,3:51:10 PM,4/11/2026,
428,37.2,gf,1.555,mm,OK,--,3:51:10 PM,4/11/2026,
429,37.2,gf,1.555,mm,OK,--,3:51:10 PM,4/11/2026,
430,37.2,gf,1.560,mm,OK,--,3:51:11 PM,4/11/2026,
431,37.2,gf,1.560,mm,OK,--,3:51:11 PM,4/11/2026,
432,37.3,gf,1.565,mm,OK,--,3:51:11 PM,4/11/2026,
433,37.3,gf,1.570,mm,OK,--,3:51:11 PM,4/11/2026,
434,37.3,gf,1.575,mm,OK,--,3:51:11 PM,4/11/2026,
435,37.3,gf,1.575,mm,OK,--,3:51:11 PM,4/11/2026,
436,37.3,gf,1.575,mm,OK,--,3:51:11 PM,4/11/2026,
437,37.5,gf,1.580,mm,OK,--,3:51:11 PM,4/11/2026,
438,37.5,gf,1.585,mm,OK,--,3:51:11 PM,4/11/2026,
439,37.6,gf,1.590,mm,OK,--,3:51:11 PM,4/11/2026,
440,37.6,gf,1.595,mm,OK,--,3:51:12 PM,4/11/2026,
441,37.6,gf,1.595,mm,OK,--,3:51:12 PM,4/11/2026,
442,37.7,gf,1.600,mm,OK,--,3:51:12 PM,4/11/2026,
443,37.6,gf,1.600,mm,OK,--,3:51:12 PM,4/11/2026,
444,37.7,gf,1.605,mm,OK,--,3:51:12 PM,4/11/2026,
445,37.7,gf,1.605,mm,OK,--,3:51:12 PM,4/11/2026,
446,37.7,gf,1.610,mm,OK,--,3:51:12 PM,4/11/2026,
447,37.8,gf,1.610,mm,OK,--,3:51:12 PM,4/11/2026,
448,37.8,gf,1.615,mm,OK,--,3:51:12 PM,4/11/2026,
449,37.7,gf,1.620,mm,OK,--,3:51:12 PM,4/11/2026,
450,37.8,gf,1.620,mm,OK,--,3:51:13 PM,4/11/2026,
451,37.9,gf,1.625,mm,OK,--,3:51:13 PM,4/11/2026,
452,37.9,gf,1.625,mm,OK,--,3:51:13 PM,4/11/2026,
453,37.9,gf,1.630,mm,OK,--,3:51:13 PM,4/11/2026,
454,37.9,gf,1.635,mm,OK,--,3:51:13 PM,4/11/2026,
455,37.9,gf,1.635,mm,OK,--,3:51:13 PM,4/11/2026,
456,38.0,gf,1.635,mm,OK,--,3:51:13 PM,4/11/2026,
457,38.0,gf,1.640,mm,OK,--,3:51:13 PM,4/11/2026,
458,38.0,gf,1.640,mm,OK,--,3:51:13 PM,4/11/2026,
459,38.1,gf,1.640,mm,OK,--,3:51:13 PM,4/11/2026,
460,38.0,gf,1.645,mm,OK,--,3:51:14 PM,4/11/2026,
461,38.0,gf,1.645,mm,OK,--,3:51:14 PM,4/11/2026,
462,38.1,gf,1.650,mm,OK,--,3:51:14 PM,4/11/2026,
463,38.1,gf,1.650,mm,OK,--,3:51:14 PM,4/11/2026,
464,38.2,gf,1.650,mm,OK,--,3:51:14 PM,4/11/2026,
465,38.1,gf,1.655,mm,OK,--,3:51:14 PM,4/11/2026,
466,38.1,gf,1.660,mm,OK,--,3:51:14 PM,4/11/2026,
467,38.1,gf,1.660,mm,OK,--,3:51:14 PM,4/11/2026,
468,38.2,gf,1.665,mm,OK,--,3:51:14 PM,4/11/2026,
469,38.2,gf,1.665,mm,OK,--,3:51:14 PM,4/11/2026,
470,38.2,gf,1.670,mm,OK,--,3:51:15 PM,4/11/2026,
471,38.2,gf,1.675,mm,OK,--,3:51:15 PM,4/11/2026,
472,38.2,gf,1.680,mm,OK,--,3:51:15 PM,4/11/2026,
473,38.3,gf,1.680,mm,OK,--,3:51:15 PM,4/11/2026,
474,38.3,gf,1.685,mm,OK,--,3:51:15 PM,4/11/2026,
475,38.3,gf,1.690,mm,OK,--,3:51:15 PM,4/11/2026,
476,38.4,gf,1.695,mm,OK,--,3:51:15 PM,4/11/2026,
477,38.5,gf,1.700,mm,OK,--,3:51:15 PM,4/11/2026,
478,38.5,gf,1.705,mm,OK,--,3:51:15 PM,4/11/2026,
479,38.6,gf,1.710,mm,OK,--,3:51:15 PM,4/11/2026,
480,38.7,gf,1.715,mm,OK,--,3:51:16 PM,4/11/2026,
481,38.7,gf,1.720,mm,OK,--,3:51:16 PM,4/11/2026,
482,38.7,gf,1.725,mm,OK,--,3:51:16 PM,4/11/2026,
483,38.7,gf,1.730,mm,OK,--,3:51:16 PM,4/11/2026,
484,38.5,gf,1.735,mm,OK,--,3:51:16 PM,4/11/2026,
485,38.5,gf,1.740,mm,OK,--,3:51:16 PM,4/11/2026,
486,38.5,gf,1.745,mm,OK,--,3:51:16 PM,4/11/2026,
487,38.5,gf,1.745,mm,OK,--,3:51:16 PM,4/11/2026,
488,38.5,gf,1.750,mm,OK,--,3:51:16 PM,4/11/2026,
489,38.5,gf,1.750,mm,OK,--,3:51:16 PM,4/11/2026,
490,38.5,gf,1.755,mm,OK,--,3:51:17 PM,4/11/2026,
491,38.5,gf,1.755,mm,OK,--,3:51:17 PM,4/11/2026,
492,38.5,gf,1.760,mm,OK,--,3:51:17 PM,4/11/2026,
493,38.5,gf,1.765,mm,OK,--,3:51:17 PM,4/11/2026,
494,38.6,gf,1.770,mm,OK,--,3:51:17 PM,4/11/2026,
495,38.6,gf,1.775,mm,OK,--,3:51:17 PM,4/11/2026,
496,38.6,gf,1.780,mm,OK,--,3:51:17 PM,4/11/2026,
497,38.6,gf,1.785,mm,OK,--,3:51:17 PM,4/11/2026,
498,38.7,gf,1.790,mm,OK,--,3:51:17 PM,4/11/2026,
499,38.8,gf,1.790,mm,OK,--,3:51:17 PM,4/11/2026,
500,38.9,gf,1.800,mm,OK,--,3:51:18 PM,4/11/2026,
501,38.9,gf,1.805,mm,OK,--,3:51:18 PM,4/11/2026,
502,38.9,gf,1.810,mm,OK,--,3:51:18 PM,4/11/2026,
503,38.9,gf,1.820,mm,OK,--,3:51:18 PM,4/11/2026,
504,38.9,gf,1.825,mm,OK,--,3:51:18 PM,4/11/2026,
505,38.9,gf,1.835,mm,OK,--,3:51:18 PM,4/11/2026,
506,38.9,gf,1.840,mm,OK,--,3:51:18 PM,4/11/2026,
507,38.9,gf,1.845,mm,OK,--,3:51:18 PM,4/11/2026,
508,38.9,gf,1.845,mm,OK,--,3:51:18 PM,4/11/2026,
509,38.9,gf,1.850,mm,OK,--,3:51:18 PM,4/11/2026,
510,38.9,gf,1.855,mm,OK,--,3:51:19 PM,4/11/2026,
511,39.0,gf,1.855,mm,OK,--,3:51:19 PM,4/11/2026,
512,39.0,gf,1.860,mm,OK,--,3:51:19 PM,4/11/2026,
513,39.0,gf,1.865,mm,OK,--,3:51:19 PM,4/11/2026,
514,39.0,gf,1.870,mm,OK,--,3:51:19 PM,4/11/2026,
515,39.0,gf,1.875,mm,OK,--,3:51:19 PM,4/11/2026,
516,39.1,gf,1.880,mm,OK,--,3:51:19 PM,4/11/2026,
517,39.3,gf,1.885,mm,OK,--,3:51:19 PM,4/11/2026,
518,39.3,gf,1.890,mm,OK,--,3:51:19 PM,4/11/2026,
519,39.3,gf,1.900,mm,OK,--,3:51:19 PM,4/11/2026,
520,39.4,gf,1.905,mm,OK,--,3:51:20 PM,4/11/2026,
521,39.6,gf,1.915,mm,OK,--,3:51:20 PM,4/11/2026,
522,39.6,gf,1.925,mm,OK,--,3:51:20 PM,4/11/2026,
523,39.6,gf,1.930,mm,OK,--,3:51:20 PM,4/11/2026,
524,39.6,gf,1.935,mm,OK,--,3:51:20 PM,4/11/2026,
525,39.5,gf,1.940,mm,OK,--,3:51:20 PM,4/11/2026,
526,39.5,gf,1.950,mm,OK,--,3:51:20 PM,4/11/2026,
527,39.5,gf,1.955,mm,OK,--,3:51:20 PM,4/11/2026,
528,39.5,gf,1.960,mm,OK,--,3:51:20 PM,4/11/2026,
529,39.5,gf,1.965,mm,OK,--,3:51:20 PM,4/11/2026,
530,39.5,gf,1.970,mm,OK,--,3:51:21 PM,4/11/2026,
531,39.5,gf,1.980,mm,OK,--,3:51:21 PM,4/11/2026,
532,39.6,gf,1.985,mm,OK,--,3:51:21 PM,4/11/2026,
533,39.6,gf,1.990,mm,OK,--,3:51:21 PM,4/11/2026,
534,39.7,gf,1.995,mm,OK,--,3:51:21 PM,4/11/2026,
535,39.7,gf,2.000,mm,OK,--,3:51:21 PM,4/11/2026,
536,39.6,gf,2.010,mm,OK,--,3:51:21 PM,4/11/2026,
537,39.6,gf,2.015,mm,OK,--,3:51:21 PM,4/11/2026,
538,39.7,gf,2.020,mm,OK,--,3:51:21 PM,4/11/2026,
539,39.7,gf,2.025,mm,OK,--,3:51:21 PM,4/11/2026,
540,39.8,gf,2.035,mm,OK,--,3:51:22 PM,4/11/2026,
541,39.8,gf,2.040,mm,OK,--,3:51:22 PM,4/11/2026,
542,39.9,gf,2.055,mm,OK,--,3:51:22 PM,4/11/2026,
543,40.0,gf,2.065,mm,OK,--,3:51:22 PM,4/11/2026,
544,39.9,gf,2.075,mm,OK,--,3:51:22 PM,4/11/2026,
545,40.0,gf,2.085,mm,OK,--,3:51:22 PM,4/11/2026,
546,40.1,gf,2.095,mm,OK,--,3:51:22 PM,4/11/2026,
547,40.2,gf,2.105,mm,OK,--,3:51:22 PM,4/11/2026,
548,40.1,gf,2.110,mm,OK,--,3:51:22 PM,4/11/2026,
549,40.1,gf,2.125,mm,OK,--,3:51:22 PM,4/11/2026,
550,40.1,gf,2.135,mm,OK,--,3:51:23 PM,4/11/2026,
551,40.1,gf,2.145,mm,OK,--,3:51:23 PM,4/11/2026,
552,40.2,gf,2.155,mm,OK,--,3:51:23 PM,4/11/2026,
553,40.2,gf,2.170,mm,OK,--,3:51:23 PM,4/11/2026,
554,40.3,gf,2.180,mm,OK,--,3:51:23 PM,4/11/2026,
555,40.3,gf,2.190,mm,OK,--,3:51:23 PM,4/11/2026,
556,40.3,gf,2.200,mm,OK,--,3:51:23 PM,4/11/2026,
557,40.3,gf,2.205,mm,OK,--,3:51:23 PM,4/11/2026,
558,40.4,gf,2.215,mm,OK,--,3:51:23 PM,4/11/2026,
559,40.4,gf,2.225,mm,OK,--,3:51:23 PM,4/11/2026,
560,40.4,gf,2.235,mm,OK,--,3:51:24 PM,4/11/2026,
561,40.4,gf,2.240,mm,OK,--,3:51:24 PM,4/11/2026,
562,40.4,gf,2.250,mm,OK,--,3:51:24 PM,4/11/2026,
563,40.6,gf,2.255,mm,OK,--,3:51:24 PM,4/11/2026,
564,40.6,gf,2.265,mm,OK,--,3:51:24 PM,4/11/2026,
565,40.5,gf,2.275,mm,OK,--,3:51:24 PM,4/11/2026,
566,40.5,gf,2.280,mm,OK,--,3:51:24 PM,4/11/2026,
567,40.6,gf,2.290,mm,OK,--,3:51:24 PM,4/11/2026,
568,40.7,gf,2.300,mm,OK,--,3:51:24 PM,4/11/2026,
569,40.7,gf,2.310,mm,OK,--,3:51:24 PM,4/11/2026,
570,40.8,gf,2.320,mm,OK,--,3:51:25 PM,4/11/2026,
571,40.9,gf,2.330,mm,OK,--,3:51:25 PM,4/11/2026,
572,40.8,gf,2.335,mm,OK,--,3:51:25 PM,4/11/2026,
573,40.9,gf,2.345,mm,OK,--,3:51:25 PM,4/11/2026,
574,41.0,gf,2.355,mm,OK,--,3:51:25 PM,4/11/2026,
575,41.0,gf,2.365,mm,OK,--,3:51:25 PM,4/11/2026,
576,41.1,gf,2.375,mm,OK,--,3:51:25 PM,4/11/2026,
577,41.1,gf,2.385,mm,OK,--,3:51:25 PM,4/11/2026,
578,41.1,gf,2.390,mm,OK,--,3:51:25 PM,4/11/2026,
579,41.0,gf,2.395,mm,OK,--,3:51:25 PM,4/11/2026,
580,41.0,gf,2.400,mm,OK,--,3:51:26 PM,4/11/2026,
581,41.0,gf,2.400,mm,OK,--,3:51:26 PM,4/11/2026,
582,41.1,gf,2.405,mm,OK,--,3:51:26 PM,4/11/2026,
583,41.1,gf,2.405,mm,OK,--,3:51:26 PM,4/11/2026,
584,41.1,gf,2.410,mm,OK,--,3:51:26 PM,4/11/2026,
585,41.1,gf,2.410,mm,OK,--,3:51:26 PM,4/11/2026,
586,41.1,gf,2.415,mm,OK,--,3:51:26 PM,4/11/2026,
587,41.2,gf,2.420,mm,OK,--,3:51:26 PM,4/11/2026,
588,41.2,gf,2.430,mm,OK,--,3:51:26 PM,4/11/2026,
589,41.2,gf,2.435,mm,OK,--,3:51:26 PM,4/11/2026,
590,41.5,gf,2.445,mm,OK,--,3:51:27 PM,4/11/2026,
591,41.8,gf,2.455,mm,OK,--,3:51:27 PM,4/11/2026,
592,42.4,gf,2.460,mm,OK,--,3:51:27 PM,4/11/2026,
593,42.9,gf,2.470,mm,OK,--,3:51:27 PM,4/11/2026,
594,43.5,gf,2.475,mm,OK,--,3:51:27 PM,4/11/2026,
595,44.0,gf,2.485,mm,OK,--,3:51:27 PM,4/11/2026,
596,44.5,gf,2.490,mm,OK,--,3:51:27 PM,4/11/2026,
597,45.1,gf,2.495,mm,OK,--,3:51:27 PM,4/11/2026,
598,45.7,gf,2.500,mm,OK,--,3:51:27 PM,4/11/2026,
599,46.5,gf,2.510,mm,OK,--,3:51:27 PM,4/11/2026,
600,47.6,gf,2.515,mm,OK,--,3:51:28 PM,4/11/2026,
601,48.7,gf,2.525,mm,OK,--,3:51:28 PM,4/11/2026,
602,50.2,gf,2.535,mm,OK,--,3:51:28 PM,4/11/2026,
603,52.2,gf,2.545,mm,OK,--,3:51:28 PM,4/11/2026,
604,54.3,gf,2.555,mm,OK,--,3:51:28 PM,4/11/2026,
605,56.5,gf,2.565,mm,OK,--,3:51:28 PM,4/11/2026,
606,59.0,gf,2.570,mm,OK,--,3:51:28 PM,4/11/2026,
607,61.3,gf,2.580,mm,OK,--,3:51:28 PM,4/11/2026,
608,63.4,gf,2.585,mm,OK,--,3:51:28 PM,4/11/2026,
609,65.5,gf,2.590,mm,OK,--,3:51:28 PM,4/11/2026,
610,67.6,gf,2.595,mm,OK,--,3:51:29 PM,4/11/2026,
611,70.1,gf,2.605,mm,OK,--,3:51:29 PM,4/11/2026,
612,73.5,gf,2.610,mm,OK,--,3:51:29 PM,4/11/2026,
613,76.9,gf,2.620,mm,OK,--,3:51:29 PM,4/11/2026,
614,80.2,gf,2.630,mm,OK,--,3:51:29 PM,4/11/2026,
615,83.4,gf,2.635,mm,OK,--,3:51:29 PM,4/11/2026,
616,86.9,gf,2.645,mm,OK,--,3:51:29 PM,4/11/2026,
617,90.3,gf,2.650,mm,OK,--,3:51:29 PM,4/11/2026,
618,93.5,gf,2.660,mm,OK,--,3:51:29 PM,4/11/2026,
619,96.7,gf,2.665,mm,OK,--,3:51:29 PM,4/11/2026,
620,100.4,gf,2.670,mm,OK,--,3:51:30 PM,4/11/2026,
621,104.5,gf,2.680,mm,OK,--,3:51:30 PM,4/11/2026,
622,108.4,gf,2.690,mm,OK,--,3:51:30 PM,4/11/2026,
623,112.6,gf,2.695,mm,OK,--,3:51:30 PM,4/11/2026,
624,116.9,gf,2.705,mm,OK,--,3:51:30 PM,4/11/2026,
625,121.3,gf,2.715,mm,OK,--,3:51:30 PM,4/11/2026,
626,125.8,gf,2.720,mm,OK,--,3:51:30 PM,4/11/2026,
627,130.3,gf,2.730,mm,OK,--,3:51:30 PM,4/11/2026,
628,134.3,gf,2.735,mm,OK,--,3:51:30 PM,4/11/2026,
629,138.6,gf,2.745,mm,OK,--,3:51:30 PM,4/11/2026,
630,144.7,gf,2.755,mm,OK,--,3:51:31 PM,4/11/2026,
631,150.4,gf,2.765,mm,OK,--,3:51:31 PM,4/11/2026,
632,153.9,gf,2.770,mm,OK,--,3:51:31 PM,4/11/2026,
633,156.3,gf,2.775,mm,OK,--,3:51:31 PM,4/11/2026,
634,158.9,gf,2.775,mm,OK,--,3:51:31 PM,4/11/2026,
635,162.2,gf,2.785,mm,OK,--,3:51:31 PM,4/11/2026,
636,165.8,gf,2.790,mm,OK,--,3:51:31 PM,4/11/2026,
637,168.9,gf,2.795,mm,OK,--,3:51:31 PM,4/11/2026,
638,172.3,gf,2.800,mm,OK,--,3:51:31 PM,4/11/2026,
639,175.9,gf,2.805,mm,OK,--,3:51:31 PM,4/11/2026,
640,179.3,gf,2.810,mm,OK,--,3:51:32 PM,4/11/2026,
641,181.6,gf,2.815,mm,OK,--,3:51:32 PM,4/11/2026,
642,184.4,gf,2.820,mm,OK,--,3:51:32 PM,4/11/2026,
643,186.8,gf,2.820,mm,OK,--,3:51:32 PM,4/11/2026,
644,188.1,gf,2.825,mm,OK,--,3:51:32 PM,4/11/2026,
645,188.6,gf,2.825,mm,OK,--,3:51:32 PM,4/11/2026,
646,189.0,gf,2.825,mm,OK,--,3:51:32 PM,4/11/2026,
647,190.9,gf,2.830,mm,OK,--,3:51:32 PM,4/11/2026,
648,193.3,gf,2.830,mm,OK,--,3:51:32 PM,4/11/2026,
649,194.8,gf,2.835,mm,OK,--,3:51:32 PM,4/11/2026,
650,195.3,gf,2.835,mm,OK,--,3:51:33 PM,4/11/2026,
651,195.1,gf,2.835,mm,OK,--,3:51:33 PM,4/11/2026,
652,194.8,gf,2.835,mm,OK,--,3:51:33 PM,4/11/2026,
653,194.6,gf,2.835,mm,OK,--,3:51:33 PM,4/11/2026,
654,194.5,gf,2.835,mm,OK,--,3:51:33 PM,4/11/2026,
655,194.2,gf,2.835,mm,OK,--,3:51:33 PM,4/11/2026,
656,194.1,gf,2.835,mm,OK,--,3:51:33 PM,4/11/2026,
657,194.0,gf,2.835,mm,OK,--,3:51:33 PM,4/11/2026,
658,193.8,gf,2.835,mm,OK,--,3:51:33 PM,4/11/2026,
659,193.8,gf,2.835,mm,OK,--,3:51:33 PM,4/11/2026,
660,193.7,gf,2.835,mm,OK,--,3:51:34 PM,4/11/2026,
661,193.6,gf,2.835,mm,OK,--,3:51:34 PM,4/11/2026,
662,193.6,gf,2.835,mm,OK,--,3:51:34 PM,4/11/2026,
663,193.5,gf,2.835,mm,OK,--,3:51:34 PM,4/11/2026,
664,193.3,gf,2.835,mm,OK,--,3:51:34 PM,4/11/2026,
665,193.1,gf,2.835,mm,OK,--,3:51:34 PM,4/11/2026,
666,192.9,gf,2.835,mm,OK,--,3:51:34 PM,4/11/2026,
667,192.8,gf,2.835,mm,OK,--,3:51:34 PM,4/11/2026,
668,192.6,gf,2.835,mm,OK,--,3:51:34 PM,4/11/2026,
669,192.4,gf,2.835,mm,OK,--,3:51:34 PM,4/11/2026,
670,191.8,gf,2.835,mm,OK,--,3:51:35 PM,4/11/2026,
671,191.4,gf,2.835,mm,OK,--,3:51:35 PM,4/11/2026,
672,191.1,gf,2.835,mm,OK,--,3:51:35 PM,4/11/2026,
673,190.1,gf,2.835,mm,OK,--,3:51:35 PM,4/11/2026,
674,189.9,gf,2.835,mm,OK,--,3:51:35 PM,4/11/2026,
675,189.9,gf,2.835,mm,OK,--,3:51:35 PM,4/11/2026,
676,189.7,gf,2.835,mm,OK,--,3:51:35 PM,4/11/2026,
677,189.0,gf,2.835,mm,OK,--,3:51:35 PM,4/11/2026,
678,188.1,gf,2.830,mm,OK,--,3:51:35 PM,4/11/2026,
679,187.0,gf,2.830,mm,OK,--,3:51:35 PM,4/11/2026,
680,185.7,gf,2.830,mm,OK,--,3:51:36 PM,4/11/2026,
681,184.6,gf,2.830,mm,OK,--,3:51:36 PM,4/11/2026,
682,183.6,gf,2.825,mm,OK,--,3:51:36 PM,4/11/2026,
683,182.6,gf,2.825,mm,OK,--,3:51:36 PM,4/11/2026,
684,181.5,gf,2.825,mm,OK,--,3:51:36 PM,4/11/2026,
685,179.1,gf,2.820,mm,OK,--,3:51:36 PM,4/11/2026,
686,177.0,gf,2.820,mm,OK,--,3:51:36 PM,4/11/2026,
687,175.9,gf,2.820,mm,OK,--,3:51:36 PM,4/11/2026,
688,173.5,gf,2.815,mm,OK,--,3:51:36 PM,4/11/2026,
689,171.5,gf,2.810,mm,OK,--,3:51:36 PM,4/11/2026,
690,170.3,gf,2.810,mm,OK,--,3:51:37 PM,4/11/2026,
691,169.7,gf,2.810,mm,OK,--,3:51:37 PM,4/11/2026,
692,169.2,gf,2.810,mm,OK,--,3:51:37 PM,4/11/2026,
693,168.8,gf,2.810,mm,OK,--,3:51:37 PM,4/11/2026,
694,168.4,gf,2.810,mm,OK,--,3:51:37 PM,4/11/2026,
695,168.1,gf,2.810,mm,OK,--,3:51:37 PM,4/11/2026,
696,167.8,gf,2.810,mm,OK,--,3:51:37 PM,4/11/2026,
697,167.6,gf,2.810,mm,OK,--,3:51:37 PM,4/11/2026,
698,167.3,gf,2.805,mm,OK,--,3:51:37 PM,4/11/2026,
699,166.8,gf,2.805,mm,OK,--,3:51:37 PM,4/11/2026,
700,166.3,gf,2.805,mm,OK,--,3:51:38 PM,4/11/2026,
701,165.7,gf,2.805,mm,OK,--,3:51:38 PM,4/11/2026,
702,164.9,gf,2.805,mm,OK,--,3:51:38 PM,4/11/2026,
703,164.2,gf,2.805,mm,OK,--,3:51:38 PM,4/11/2026,
704,163.5,gf,2.800,mm,OK,--,3:51:38 PM,4/11/2026,
705,163.1,gf,2.800,mm,OK,--,3:51:38 PM,4/11/2026,
706,162.8,gf,2.800,mm,OK,--,3:51:38 PM,4/11/2026,
707,162.5,gf,2.800,mm,OK,--,3:51:38 PM,4/11/2026,
708,162.3,gf,2.800,mm,OK,--,3:51:38 PM,4/11/2026,
709,162.0,gf,2.800,mm,OK,--,3:51:38 PM,4/11/2026,
710,161.6,gf,2.800,mm,OK,--,3:51:39 PM,4/11/2026,
711,161.1,gf,2.800,mm,OK,--,3:51:39 PM,4/11/2026,
712,160.3,gf,2.800,mm,OK,--,3:51:39 PM,4/11/2026,
713,159.4,gf,2.795,mm,OK,--,3:51:39 PM,4/11/2026,
714,158.6,gf,2.795,mm,OK,--,3:51:39 PM,4/11/2026,
715,158.1,gf,2.795,mm,OK,--,3:51:39 PM,4/11/2026,
716,157.7,gf,2.795,mm,OK,--,3:51:39 PM,4/11/2026,
717,157.4,gf,2.795,mm,OK,--,3:51:39 PM,4/11/2026,
718,157.2,gf,2.795,mm,OK,--,3:51:39 PM,4/11/2026,
719,156.9,gf,2.795,mm,OK,--,3:51:39 PM,4/11/2026,
720,156.6,gf,2.795,mm,OK,--,3:51:40 PM,4/11/2026,
721,156.4,gf,2.795,mm,OK,--,3:51:40 PM,4/11/2026,
722,156.3,gf,2.795,mm,OK,--,3:51:40 PM,4/11/2026,
723,156.2,gf,2.790,mm,OK,--,3:51:40 PM,4/11/2026,
724,156.1,gf,2.790,mm,OK,--,3:51:40 PM,4/11/2026,
725,156.1,gf,2.790,mm,OK,--,3:51:40 PM,4/11/2026,
726,156.1,gf,2.790,mm,OK,--,3:51:40 PM,4/11/2026,
727,156.0,gf,2.790,mm,OK,--,3:51:40 PM,4/11/2026,
728,155.9,gf,2.790,mm,OK,--,3:51:40 PM,4/11/2026,
729,155.9,gf,2.790,mm,OK,--,3:51:40 PM,4/11/2026,
730,155.7,gf,2.790,mm,OK,--,3:51:41 PM,4/11/2026,
731,155.5,gf,2.790,mm,OK,--,3:51:41 PM,4/11/2026,
732,155.4,gf,2.790,mm,OK,--,3:51:41 PM,4/11/2026,
733,155.1,gf,2.790,mm,OK,--,3:51:41 PM,4/11/2026,
734,155.0,gf,2.790,mm,OK,--,3:51:41 PM,4/11/2026,
735,154.8,gf,2.790,mm,OK,--,3:51:41 PM,4/11/2026,
736,154.5,gf,2.790,mm,OK,--,3:51:41 PM,4/11/2026,
737,154.3,gf,2.790,mm,OK,--,3:51:41 PM,4/11/2026,
738,154.1,gf,2.790,mm,OK,--,3:51:41 PM,4/11/2026,
739,153.9,gf,2.790,mm,OK,--,3:51:41 PM,4/11/2026,
740,153.6,gf,2.790,mm,OK,--,3:51:42 PM,4/11/2026,
741,153.3,gf,2.790,mm,OK,--,3:51:42 PM,4/11/2026,
742,153.1,gf,2.790,mm,OK,--,3:51:42 PM,4/11/2026,
743,152.9,gf,2.790,mm,OK,--,3:51:42 PM,4/11/2026,
744,152.5,gf,2.790,mm,OK,--,3:51:42 PM,4/11/2026,
745,152.2,gf,2.785,mm,OK,--,3:51:42 PM,4/11/2026,
746,151.8,gf,2.785,mm,OK,--,3:51:42 PM,4/11/2026,
747,151.2,gf,2.785,mm,OK,--,3:51:42 PM,4/11/2026,
748,150.5,gf,2.785,mm,OK,--,3:51:42 PM,4/11/2026,
749,149.8,gf,2.785,mm,OK,--,3:51:42 PM,4/11/2026,
750,149.1,gf,2.785,mm,OK,--,3:51:43 PM,4/11/2026,
751,148.7,gf,2.780,mm,OK,--,3:51:43 PM,4/11/2026,
752,148.2,gf,2.780,mm,OK,--,3:51:43 PM,4/11/2026,
753,147.6,gf,2.780,mm,OK,--,3:51:43 PM,4/11/2026,
754,147.0,gf,2.780,mm,OK,--,3:51:43 PM,4/11/2026,
755,146.5,gf,2.780,mm,OK,--,3:51:43 PM,4/11/2026,
756,146.1,gf,2.780,mm,OK,--,3:51:43 PM,4/11/2026,
757,145.6,gf,2.780,mm,OK,--,3:51:43 PM,4/11/2026,
758,145.1,gf,2.775,mm,OK,--,3:51:43 PM,4/11/2026,
759,144.7,gf,2.775,mm,OK,--,3:51:43 PM,4/11/2026,
760,144.3,gf,2.775,mm,OK,--,3:51:44 PM,4/11/2026,
761,143.8,gf,2.775,mm,OK,--,3:51:44 PM,4/11/2026,
762,143.2,gf,2.775,mm,OK,--,3:51:44 PM,4/11/2026,
763,142.8,gf,2.775,mm,OK,--,3:51:44 PM,4/11/2026,
764,142.4,gf,2.775,mm,OK,--,3:51:44 PM,4/11/2026,
765,141.9,gf,2.770,mm,OK,--,3:51:44 PM,4/11/2026,
766,141.2,gf,2.770,mm,OK,--,3:51:44 PM,4/11/2026,
767,139.7,gf,2.770,mm,OK,--,3:51:44 PM,4/11/2026,
768,137.6,gf,2.765,mm,OK,--,3:51:44 PM,4/11/2026,
769,134.9,gf,2.765,mm,OK,--,3:51:44 PM,4/11/2026,
770,132.3,gf,2.760,mm,OK,--,3:51:45 PM,4/11/2026,
771,130.4,gf,2.755,mm,OK,--,3:51:45 PM,4/11/2026,
772,128.6,gf,2.755,mm,OK,--,3:51:45 PM,4/11/2026,
773,126.9,gf,2.750,mm,OK,--,3:51:45 PM,4/11/2026,
774,125.2,gf,2.750,mm,OK,--,3:51:45 PM,4/11/2026,
775,123.7,gf,2.745,mm,OK,--,3:51:45 PM,4/11/2026,
776,122.4,gf,2.745,mm,OK,--,3:51:45 PM,4/11/2026,
777,121.2,gf,2.740,mm,OK,--,3:51:45 PM,4/11/2026,
778,119.7,gf,2.740,mm,OK,--,3:51:45 PM,4/11/2026,
779,118.3,gf,2.735,mm,OK,--,3:51:45 PM,4/11/2026,
780,116.6,gf,2.735,mm,OK,--,3:51:46 PM,4/11/2026,
781,115.0,gf,2.730,mm,OK,--,3:51:46 PM,4/11/2026,
782,113.2,gf,2.730,mm,OK,--,3:51:46 PM,4/11/2026,
783,110.1,gf,2.725,mm,OK,--,3:51:46 PM,4/11/2026,
784,105.9,gf,2.715,mm,OK,--,3:51:46 PM,4/11/2026,
785,103.0,gf,2.710,mm,OK,--,3:51:46 PM,4/11/2026,
786,100.7,gf,2.705,mm,OK,--,3:51:46 PM,4/11/2026,
787,98.8,gf,2.705,mm,OK,--,3:51:46 PM,4/11/2026,
788,97.2,gf,2.700,mm,OK,--,3:51:46 PM,4/11/2026,
789,95.7,gf,2.695,mm,OK,--,3:51:46 PM,4/11/2026,
790,94.2,gf,2.695,mm,OK,--,3:51:47 PM,4/11/2026,
791,92.8,gf,2.690,mm,OK,--,3:51:47 PM,4/11/2026,
792,91.2,gf,2.685,mm,OK,--,3:51:47 PM,4/11/2026,
793,89.6,gf,2.685,mm,OK,--,3:51:47 PM,4/11/2026,
794,88.0,gf,2.680,mm,OK,--,3:51:47 PM,4/11/2026,
795,86.5,gf,2.675,mm,OK,--,3:51:47 PM,4/11/2026,
796,85.3,gf,2.675,mm,OK,--,3:51:47 PM,4/11/2026,
797,83.7,gf,2.670,mm,OK,--,3:51:47 PM,4/11/2026,
798,82.4,gf,2.670,mm,OK,--,3:51:47 PM,4/11/2026,
799,81.2,gf,2.665,mm,OK,--,3:51:47 PM,4/11/2026,
800,80.1,gf,2.660,mm,OK,--,3:51:48 PM,4/11/2026,
801,79.0,gf,2.660,mm,OK,--,3:51:48 PM,4/11/2026,
802,77.9,gf,2.655,mm,OK,--,3:51:48 PM,4/11/2026,
803,77.0,gf,2.655,mm,OK,--,3:51:48 PM,4/11/2026,
804,75.9,gf,2.650,mm,OK,--,3:51:48 PM,4/11/2026,
805,74.3,gf,2.650,mm,OK,--,3:51:48 PM,4/11/2026,
806,72.6,gf,2.645,mm,OK,--,3:51:48 PM,4/11/2026,
807,71.0,gf,2.640,mm,OK,--,3:51:48 PM,4/11/2026,
808,69.1,gf,2.635,mm,OK,--,3:51:48 PM,4/11/2026,
809,67.0,gf,2.630,mm,OK,--,3:51:48 PM,4/11/2026,
810,64.6,gf,2.625,mm,OK,--,3:51:49 PM,4/11/2026,
811,62.5,gf,2.615,mm,OK,--,3:51:49 PM,4/11/2026,
812,59.8,gf,2.610,mm,OK,--,3:51:49 PM,4/11/2026,
813,57.1,gf,2.600,mm,OK,--,3:51:49 PM,4/11/2026,
814,54.7,gf,2.590,mm,OK,--,3:51:49 PM,4/11/2026,
815,52.8,gf,2.585,mm,OK,--,3:51:49 PM,4/11/2026,
816,51.5,gf,2.580,mm,OK,--,3:51:49 PM,4/11/2026,
817,50.3,gf,2.575,mm,OK,--,3:51:49 PM,4/11/2026,
818,48.9,gf,2.570,mm,OK,--,3:51:49 PM,4/11/2026,
819,47.4,gf,2.565,mm,OK,--,3:51:49 PM,4/11/2026,
820,46.6,gf,2.555,mm,OK,--,3:51:50 PM,4/11/2026,
821,46.0,gf,2.550,mm,OK,--,3:51:50 PM,4/11/2026,
822,45.5,gf,2.545,mm,OK,--,3:51:50 PM,4/11/2026,
823,44.9,gf,2.540,mm,OK,--,3:51:50 PM,4/11/2026,
824,44.3,gf,2.535,mm,OK,--,3:51:50 PM,4/11/2026,
825,43.9,gf,2.530,mm,OK,--,3:51:50 PM,4/11/2026,
826,43.6,gf,2.525,mm,OK,--,3:51:50 PM,4/11/2026,
827,43.3,gf,2.520,mm,OK,--,3:51:50 PM,4/11/2026,
828,43.0,gf,2.515,mm,OK,--,3:51:50 PM,4/11/2026,
829,42.8,gf,2.515,mm,OK,--,3:51:50 PM,4/11/2026,
830,42.6,gf,2.510,mm,OK,--,3:51:51 PM,4/11/2026,
831,42.3,gf,2.505,mm,OK,--,3:51:51 PM,4/11/2026,
832,42.0,gf,2.500,mm,OK,--,3:51:51 PM,4/11/2026,
833,41.7,gf,2.500,mm,OK,--,3:51:51 PM,4/11/2026,
834,41.5,gf,2.495,mm,OK,--,3:51:51 PM,4/11/2026,
835,41.3,gf,2.490,mm,OK,--,3:51:51 PM,4/11/2026,
836,41.1,gf,2.490,mm,OK,--,3:51:51 PM,4/11/2026,
837,40.9,gf,2.485,mm,OK,--,3:51:51 PM,4/11/2026,
838,40.7,gf,2.480,mm,OK,--,3:51:51 PM,4/11/2026,
839,40.4,gf,2.480,mm,OK,--,3:51:51 PM,4/11/2026,
840,40.3,gf,2.475,mm,OK,--,3:51:52 PM,4/11/2026,
841,40.2,gf,2.470,mm,OK,--,3:51:52 PM,4/11/2026,
842,40.0,gf,2.465,mm,OK,--,3:51:52 PM,4/11/2026,
843,39.9,gf,2.460,mm,OK,--,3:51:52 PM,4/11/2026,
844,39.8,gf,2.455,mm,OK,--,3:51:52 PM,4/11/2026,
845,39.9,gf,2.445,mm,OK,--,3:51:52 PM,4/11/2026,
846,39.8,gf,2.440,mm,OK,--,3:51:52 PM,4/11/2026,
847,39.8,gf,2.435,mm,OK,--,3:51:52 PM,4/11/2026,
848,39.7,gf,2.430,mm,OK,--,3:51:52 PM,4/11/2026,
849,39.7,gf,2.425,mm,OK,--,3:51:52 PM,4/11/2026,
850,39.7,gf,2.420,mm,OK,--,3:51:53 PM,4/11/2026,
851,39.7,gf,2.415,mm,OK,--,3:51:53 PM,4/11/2026,
852,39.6,gf,2.415,mm,OK,--,3:51:53 PM,4/11/2026,
853,39.6,gf,2.410,mm,OK,--,3:51:53 PM,4/11/2026,
854,39.6,gf,2.405,mm,OK,--,3:51:53 PM,4/11/2026,
855,39.5,gf,2.400,mm,OK,--,3:51:53 PM,4/11/2026,
856,39.5,gf,2.395,mm,OK,--,3:51:53 PM,4/11/2026,
857,39.7,gf,2.390,mm,OK,--,3:51:53 PM,4/11/2026,
858,39.7,gf,2.385,mm,OK,--,3:51:53 PM,4/11/2026,
859,39.7,gf,2.380,mm,OK,--,3:51:53 PM,4/11/2026,
860,39.6,gf,2.375,mm,OK,--,3:51:54 PM,4/11/2026,
861,39.6,gf,2.370,mm,OK,--,3:51:54 PM,4/11/2026,
862,39.6,gf,2.370,mm,OK,--,3:51:54 PM,4/11/2026,
863,39.6,gf,2.365,mm,OK,--,3:51:54 PM,4/11/2026,
864,39.6,gf,2.360,mm,OK,--,3:51:54 PM,4/11/2026,
865,39.5,gf,2.355,mm,OK,--,3:51:54 PM,4/11/2026,
866,39.4,gf,2.350,mm,OK,--,3:51:54 PM,4/11/2026,
867,39.4,gf,2.345,mm,OK,--,3:51:54 PM,4/11/2026,
868,39.4,gf,2.340,mm,OK,--,3:51:54 PM,4/11/2026,
869,39.4,gf,2.335,mm,OK,--,3:51:54 PM,4/11/2026,
870,39.4,gf,2.330,mm,OK,--,3:51:55 PM,4/11/2026,
871,39.4,gf,2.325,mm,OK,--,3:51:55 PM,4/11/2026,
872,39.3,gf,2.315,mm,OK,--,3:51:55 PM,4/11/2026,
873,39.3,gf,2.305,mm,OK,--,3:51:55 PM,4/11/2026,
874,39.3,gf,2.300,mm,OK,--,3:51:55 PM,4/11/2026,
875,39.3,gf,2.290,mm,OK,--,3:51:55 PM,4/11/2026,
876,39.3,gf,2.285,mm,OK,--,3:51:55 PM,4/11/2026,
877,39.2,gf,2.280,mm,OK,--,3:51:55 PM,4/11/2026,
878,39.2,gf,2.275,mm,OK,--,3:51:55 PM,4/11/2026,
879,39.1,gf,2.270,mm,OK,--,3:51:55 PM,4/11/2026,
880,39.1,gf,2.265,mm,OK,--,3:51:56 PM,4/11/2026,
881,39.1,gf,2.260,mm,OK,--,3:51:56 PM,4/11/2026,
882,39.2,gf,2.260,mm,OK,--,3:51:56 PM,4/11/2026,
883,39.0,gf,2.255,mm,OK,--,3:51:56 PM,4/11/2026,
884,39.0,gf,2.250,mm,OK,--,3:51:56 PM,4/11/2026,
885,39.0,gf,2.245,mm,OK,--,3:51:56 PM,4/11/2026,
886,39.0,gf,2.240,mm,OK,--,3:51:56 PM,4/11/2026,
887,39.0,gf,2.240,mm,OK,--,3:51:56 PM,4/11/2026,
888,39.0,gf,2.235,mm,OK,--,3:51:56 PM,4/11/2026,
889,39.0,gf,2.225,mm,OK,--,3:51:56 PM,4/11/2026,
890,39.0,gf,2.225,mm,OK,--,3:51:57 PM,4/11/2026,
891,39.0,gf,2.220,mm,OK,--,3:51:57 PM,4/11/2026,
892,39.0,gf,2.215,mm,OK,--,3:51:57 PM,4/11/2026,
893,39.0,gf,2.215,mm,OK,--,3:51:57 PM,4/11/2026,
894,38.9,gf,2.210,mm,OK,--,3:51:57 PM,4/11/2026,
895,38.9,gf,2.205,mm,OK,--,3:51:57 PM,4/11/2026,
896,38.9,gf,2.205,mm,OK,--,3:51:57 PM,4/11/2026,
897,38.9,gf,2.205,mm,OK,--,3:51:57 PM,4/11/2026,
898,38.9,gf,2.200,mm,OK,--,3:51:57 PM,4/11/2026,
899,38.8,gf,2.195,mm,OK,--,3:51:57 PM,4/11/2026,
900,38.8,gf,2.195,mm,OK,--,3:51:58 PM,4/11/2026,
901,38.8,gf,2.190,mm,OK,--,3:51:58 PM,4/11/2026,
902,38.8,gf,2.185,mm,OK,--,3:51:58 PM,4/11/2026,
903,38.9,gf,2.180,mm,OK,--,3:51:58 PM,4/11/2026,
904,38.9,gf,2.180,mm,OK,--,3:51:58 PM,4/11/2026,
905,38.9,gf,2.175,mm,OK,--,3:51:58 PM,4/11/2026,
906,38.8,gf,2.175,mm,OK,--,3:51:58 PM,4/11/2026,
907,38.8,gf,2.170,mm,OK,--,3:51:58 PM,4/11/2026,
908,38.8,gf,2.165,mm,OK,--,3:51:58 PM,4/11/2026,
909,38.8,gf,2.160,mm,OK,--,3:51:58 PM,4/11/2026,
910,38.8,gf,2.155,mm,OK,--,3:51:59 PM,4/11/2026,
911,38.7,gf,2.150,mm,OK,--,3:51:59 PM,4/11/2026,
912,38.6,gf,2.145,mm,OK,--,3:51:59 PM,4/11/2026,
913,38.6,gf,2.140,mm,OK,--,3:51:59 PM,4/11/2026,
914,38.6,gf,2.135,mm,OK,--,3:51:59 PM,4/11/2026,
915,38.6,gf,2.130,mm,OK,--,3:51:59 PM,4/11/2026,
916,38.5,gf,2.125,mm,OK,--,3:51:59 PM,4/11/2026,
917,38.5,gf,2.120,mm,OK,--,3:51:59 PM,4/11/2026,
918,38.6,gf,2.115,mm,OK,--,3:51:59 PM,4/11/2026,
919,38.6,gf,2.110,mm,OK,--,3:51:59 PM,4/11/2026,
920,38.6,gf,2.105,mm,OK,--,3:52:00 PM,4/11/2026,
921,38.6,gf,2.105,mm,OK,--,3:52:00 PM,4/11/2026,
922,38.5,gf,2.100,mm,OK,--,3:52:00 PM,4/11/2026,
923,38.4,gf,2.095,mm,OK,--,3:52:00 PM,4/11/2026,
924,38.3,gf,2.090,mm,OK,--,3:52:00 PM,4/11/2026,
925,38.3,gf,2.085,mm,OK,--,3:52:00 PM,4/11/2026,
926,38.4,gf,2.075,mm,OK,--,3:52:00 PM,4/11/2026,
927,38.4,gf,2.065,mm,OK,--,3:52:00 PM,4/11/2026,
928,38.3,gf,2.055,mm,OK,--,3:52:00 PM,4/11/2026,
929,38.3,gf,2.050,mm,OK,--,3:52:00 PM,4/11/2026,
930,38.3,gf,2.050,mm,OK,--,3:52:01 PM,4/11/2026,
931,38.3,gf,2.045,mm,OK,--,3:52:01 PM,4/11/2026,
932,38.3,gf,2.045,mm,OK,--,3:52:01 PM,4/11/2026,
933,38.3,gf,2.040,mm,OK,--,3:52:01 PM,4/11/2026,
934,38.2,gf,2.035,mm,OK,--,3:52:01 PM,4/11/2026,
935,38.2,gf,2.030,mm,OK,--,3:52:01 PM,4/11/2026,
936,38.2,gf,2.025,mm,OK,--,3:52:01 PM,4/11/2026,
937,38.2,gf,2.020,mm,OK,--,3:52:01 PM,4/11/2026,
938,38.2,gf,2.015,mm,OK,--,3:52:01 PM,4/11/2026,
939,38.2,gf,2.015,mm,OK,--,3:52:01 PM,4/11/2026,
940,38.2,gf,2.010,mm,OK,--,3:52:02 PM,4/11/2026,
941,38.2,gf,2.010,mm,OK,--,3:52:02 PM,4/11/2026,
942,38.2,gf,2.005,mm,OK,--,3:52:02 PM,4/11/2026,
943,38.2,gf,2.005,mm,OK,--,3:52:02 PM,4/11/2026,
944,38.2,gf,2.005,mm,OK,--,3:52:02 PM,4/11/2026,
945,38.2,gf,2.000,mm,OK,--,3:52:02 PM,4/11/2026,
946,38.2,gf,2.000,mm,OK,--,3:52:02 PM,4/11/2026,
947,38.2,gf,2.000,mm,OK,--,3:52:02 PM,4/11/2026,
948,38.2,gf,2.000,mm,OK,--,3:52:02 PM,4/11/2026,
949,38.2,gf,1.995,mm,OK,--,3:52:02 PM,4/11/2026,
950,38.2,gf,1.995,mm,OK,--,3:52:03 PM,4/11/2026,
951,38.2,gf,1.995,mm,OK,--,3:52:03 PM,4/11/2026,
952,38.2,gf,1.995,mm,OK,--,3:52:03 PM,4/11/2026,
953,38.2,gf,1.995,mm,OK,--,3:52:03 PM,4/11/2026,
954,38.2,gf,1.995,mm,OK,--,3:52:03 PM,4/11/2026,
955,38.1,gf,1.990,mm,OK,--,3:52:03 PM,4/11/2026,
956,38.1,gf,1.990,mm,OK,--,3:52:03 PM,4/11/2026,
957,38.1,gf,1.990,mm,OK,--,3:52:03 PM,4/11/2026,
958,38.1,gf,1.990,mm,OK,--,3:52:03 PM,4/11/2026,
959,38.1,gf,1.985,mm,OK,--,3:52:03 PM,4/11/2026,
960,38.1,gf,1.985,mm,OK,--,3:52:04 PM,4/11/2026,
961,38.1,gf,1.985,mm,OK,--,3:52:04 PM,4/11/2026,
962,38.0,gf,1.980,mm,OK,--,3:52:04 PM,4/11/2026,
963,38.0,gf,1.975,mm,OK,--,3:52:04 PM,4/11/2026,
964,38.0,gf,1.970,mm,OK,--,3:52:04 PM,4/11/2026,
965,37.9,gf,1.970,mm,OK,--,3:52:04 PM,4/11/2026,
966,37.9,gf,1.965,mm,OK,--,3:52:04 PM,4/11/2026,
967,37.9,gf,1.960,mm,OK,--,3:52:04 PM,4/11/2026,
968,37.8,gf,1.955,mm,OK,--,3:52:04 PM,4/11/2026,
969,37.8,gf,1.955,mm,OK,--,3:52:04 PM,4/11/2026,
970,37.8,gf,1.950,mm,OK,--,3:52:05 PM,4/11/2026,
971,37.8,gf,1.945,mm,OK,--,3:52:05 PM,4/11/2026,
972,37.8,gf,1.940,mm,OK,--,3:52:05 PM,4/11/2026,
973,37.9,gf,1.935,mm,OK,--,3:52:05 PM,4/11/2026,
974,37.9,gf,1.930,mm,OK,--,3:52:05 PM,4/11/2026,
975,37.9,gf,1.930,mm,OK,--,3:52:05 PM,4/11/2026,
976,37.9,gf,1.925,mm,OK,--,3:52:05 PM,4/11/2026,
977,37.8,gf,1.920,mm,OK,--,3:52:05 PM,4/11/2026,
978,37.9,gf,1.910,mm,OK,--,3:52:05 PM,4/11/2026,
979,37.8,gf,1.900,mm,OK,--,3:52:05 PM,4/11/2026,
980,37.8,gf,1.890,mm,OK,--,3:52:06 PM,4/11/2026,
981,37.7,gf,1.880,mm,OK,--,3:52:06 PM,4/11/2026,
982,37.6,gf,1.875,mm,OK,--,3:52:06 PM,4/11/2026,
983,37.6,gf,1.865,mm,OK,--,3:52:06 PM,4/11/2026,
984,37.6,gf,1.865,mm,OK,--,3:52:06 PM,4/11/2026,
985,37.6,gf,1.860,mm,OK,--,3:52:06 PM,4/11/2026,
986,37.6,gf,1.855,mm,OK,--,3:52:06 PM,4/11/2026,
987,37.6,gf,1.850,mm,OK,--,3:52:06 PM,4/11/2026,
988,37.5,gf,1.850,mm,OK,--,3:52:06 PM,4/11/2026,
989,37.5,gf,1.845,mm,OK,--,3:52:06 PM,4/11/2026,
990,37.6,gf,1.840,mm,OK,--,3:52:07 PM,4/11/2026,
991,37.6,gf,1.840,mm,OK,--,3:52:07 PM,4/11/2026,
992,37.6,gf,1.835,mm,OK,--,3:52:07 PM,4/11/2026,
993,37.6,gf,1.830,mm,OK,--,3:52:07 PM,4/11/2026,
994,37.6,gf,1.830,mm,OK,--,3:52:07 PM,4/11/2026,
995,37.6,gf,1.825,mm,OK,--,3:52:07 PM,4/11/2026,
996,37.5,gf,1.825,mm,OK,--,3:52:07 PM,4/11/2026,
997,37.5,gf,1.820,mm,OK,--,3:52:07 PM,4/11/2026,
998,37.5,gf,1.815,mm,OK,--,3:52:07 PM,4/11/2026,
999,37.4,gf,1.815,mm,OK,--,3:52:07 PM,4/11/2026,
1000,37.4,gf,1.810,mm,OK,--,3:52:08 PM,4/11/2026,
1001,37.4,gf,1.805,mm,OK,--,3:52:08 PM,4/11/2026,
1002,37.3,gf,1.800,mm,OK,--,3:52:08 PM,4/11/2026,
1003,37.3,gf,1.795,mm,OK,--,3:52:08 PM,4/11/2026,
1004,37.3,gf,1.795,mm,OK,--,3:52:08 PM,4/11/2026,
1005,37.3,gf,1.790,mm,OK,--,3:52:08 PM,4/11/2026,
1006,37.2,gf,1.785,mm,OK,--,3:52:08 PM,4/11/2026,
1007,37.1,gf,1.785,mm,OK,--,3:52:08 PM,4/11/2026,
1008,37.1,gf,1.780,mm,OK,--,3:52:08 PM,4/11/2026,
1009,37.2,gf,1.780,mm,OK,--,3:52:08 PM,4/11/2026,
1010,37.2,gf,1.775,mm,OK,--,3:52:09 PM,4/11/2026,
1011,37.2,gf,1.775,mm,OK,--,3:52:09 PM,4/11/2026,
1012,37.1,gf,1.770,mm,OK,--,3:52:09 PM,4/11/2026,
1013,37.2,gf,1.770,mm,OK,--,3:52:09 PM,4/11/2026,
1014,37.2,gf,1.765,mm,OK,--,3:52:09 PM,4/11/2026,
1015,37.2,gf,1.765,mm,OK,--,3:52:09 PM,4/11/2026,
1016,37.2,gf,1.765,mm,OK,--,3:52:09 PM,4/11/2026,
1017,37.2,gf,1.760,mm,OK,--,3:52:09 PM,4/11/2026,
1018,37.1,gf,1.760,mm,OK,--,3:52:09 PM,4/11/2026,
1019,37.1,gf,1.755,mm,OK,--,3:52:09 PM,4/11/2026,
1020,37.0,gf,1.735,mm,OK,--,3:52:10 PM,4/11/2026,
1021,37.0,gf,1.715,mm,OK,--,3:52:10 PM,4/11/2026,
1022,36.6,gf,1.705,mm,OK,--,3:52:10 PM,4/11/2026,
1023,36.3,gf,1.695,mm,OK,--,3:52:10 PM,4/11/2026,
1024,36.2,gf,1.690,mm,OK,--,3:52:10 PM,4/11/2026,
1025,36.2,gf,1.685,mm,OK,--,3:52:10 PM,4/11/2026,
1026,36.2,gf,1.685,mm,OK,--,3:52:10 PM,4/11/2026,
1027,36.2,gf,1.680,mm,OK,--,3:52:10 PM,4/11/2026,
1028,36.2,gf,1.680,mm,OK,--,3:52:10 PM,4/11/2026,
1029,36.2,gf,1.675,mm,OK,--,3:52:10 PM,4/11/2026,
1030,36.2,gf,1.675,mm,OK,--,3:52:11 PM,4/11/2026,
1031,36.2,gf,1.670,mm,OK,--,3:52:11 PM,4/11/2026,
1032,36.2,gf,1.670,mm,OK,--,3:52:11 PM,4/11/2026,
1033,36.2,gf,1.670,mm,OK,--,3:52:11 PM,4/11/2026,
1034,36.2,gf,1.670,mm,OK,--,3:52:11 PM,4/11/2026,
1035,36.1,gf,1.665,mm,OK,--,3:52:11 PM,4/11/2026,
1036,35.7,gf,1.660,mm,OK,--,3:52:11 PM,4/11/2026,
1037,35.7,gf,1.635,mm,OK,--,3:52:11 PM,4/11/2026,
1038,35.6,gf,1.630,mm,OK,--,3:52:11 PM,4/11/2026,
1039,35.4,gf,1.630,mm,OK,--,3:52:11 PM,4/11/2026,
1040,35.4,gf,1.625,mm,OK,--,3:52:12 PM,4/11/2026,
1041,35.2,gf,1.620,mm,OK,--,3:52:12 PM,4/11/2026,
1042,35.1,gf,1.610,mm,OK,--,3:52:12 PM,4/11/2026,
1043,35.3,gf,1.610,mm,OK,--,3:52:12 PM,4/11/2026,
1044,35.2,gf,1.605,mm,OK,--,3:52:12 PM,4/11/2026,
1045,35.1,gf,1.600,mm,OK,--,3:52:12 PM,4/11/2026,
1046,35.1,gf,1.600,mm,OK,--,3:52:12 PM,4/11/2026,
1047,35.1,gf,1.595,mm,OK,--,3:52:12 PM,4/11/2026,
1048,35.1,gf,1.590,mm,OK,--,3:52:12 PM,4/11/2026,
1049,35.0,gf,1.590,mm,OK,--,3:52:12 PM,4/11/2026,
1050,35.0,gf,1.590,mm,OK,--,3:52:13 PM,4/11/2026,
1051,34.9,gf,1.585,mm,OK,--,3:52:13 PM,4/11/2026,
1052,34.8,gf,1.585,mm,OK,--,3:52:13 PM,4/11/2026,
1053,34.7,gf,1.580,mm,OK,--,3:52:13 PM,4/11/2026,
1054,34.7,gf,1.575,mm,OK,--,3:52:13 PM,4/11/2026,
1055,34.7,gf,1.570,mm,OK,--,3:52:13 PM,4/11/2026,
1056,34.7,gf,1.570,mm,OK,--,3:52:13 PM,4/11/2026,
1057,34.7,gf,1.565,mm,OK,--,3:52:13 PM,4/11/2026,
1058,34.7,gf,1.565,mm,OK,--,3:52:13 PM,4/11/2026,
1059,34.6,gf,1.560,mm,OK,--,3:52:13 PM,4/11/2026,
1060,34.6,gf,1.560,mm,OK,--,3:52:14 PM,4/11/2026,
1061,34.6,gf,1.555,mm,OK,--,3:52:14 PM,4/11/2026,
1062,34.6,gf,1.555,mm,OK,--,3:52:14 PM,4/11/2026,
1063,34.6,gf,1.550,mm,OK,--,3:52:14 PM,4/11/2026,
1064,34.4,gf,1.545,mm,OK,--,3:52:14 PM,4/11/2026,
1065,34.4,gf,1.540,mm,OK,--,3:52:14 PM,4/11/2026,
1066,34.3,gf,1.535,mm,OK,--,3:52:14 PM,4/11/2026,
1067,34.2,gf,1.525,mm,OK,--,3:52:14 PM,4/11/2026,
1068,34.2,gf,1.520,mm,OK,--,3:52:14 PM,4/11/2026,
1069,34.2,gf,1.515,mm,OK,--,3:52:14 PM,4/11/2026,
1070,34.3,gf,1.515,mm,OK,--,3:52:15 PM,4/11/2026,
1071,34.2,gf,1.510,mm,OK,--,3:52:15 PM,4/11/2026,
1072,34.2,gf,1.505,mm,OK,--,3:52:15 PM,4/11/2026,
1073,34.1,gf,1.505,mm,OK,--,3:52:15 PM,4/11/2026,
1074,34.1,gf,1.500,mm,OK,--,3:52:15 PM,4/11/2026,
1075,34.0,gf,1.495,mm,OK,--,3:52:15 PM,4/11/2026,
1076,33.9,gf,1.495,mm,OK,--,3:52:15 PM,4/11/2026,
1077,33.8,gf,1.490,mm,OK,--,3:52:15 PM,4/11/2026,
1078,33.7,gf,1.490,mm,OK,--,3:52:15 PM,4/11/2026,
1079,33.6,gf,1.485,mm,OK,--,3:52:15 PM,4/11/2026,
1080,33.5,gf,1.480,mm,OK,--,3:52:16 PM,4/11/2026,
1081,33.4,gf,1.475,mm,OK,--,3:52:16 PM,4/11/2026,
1082,33.5,gf,1.470,mm,OK,--,3:52:16 PM,4/11/2026,
1083,33.5,gf,1.465,mm,OK,--,3:52:16 PM,4/11/2026,
1084,33.6,gf,1.460,mm,OK,--,3:52:16 PM,4/11/2026,
1085,33.5,gf,1.455,mm,OK,--,3:52:16 PM,4/11/2026,
1086,33.5,gf,1.450,mm,OK,--,3:52:16 PM,4/11/2026,
1087,33.5,gf,1.440,mm,OK,--,3:52:16 PM,4/11/2026,
1088,33.4,gf,1.430,mm,OK,--,3:52:16 PM,4/11/2026,
1089,33.4,gf,1.425,mm,OK,--,3:52:16 PM,4/11/2026,
1090,33.3,gf,1.420,mm,OK,--,3:52:17 PM,4/11/2026,
1091,33.2,gf,1.415,mm,OK,--,3:52:17 PM,4/11/2026,
1092,33.0,gf,1.410,mm,OK,--,3:52:17 PM,4/11/2026,
1093,32.9,gf,1.405,mm,OK,--,3:52:17 PM,4/11/2026,
1094,32.8,gf,1.400,mm,OK,--,3:52:17 PM,4/11/2026,
1095,32.7,gf,1.395,mm,OK,--,3:52:17 PM,4/11/2026,
1096,32.6,gf,1.390,mm,OK,--,3:52:17 PM,4/11/2026,
1097,32.5,gf,1.390,mm,OK,--,3:52:17 PM,4/11/2026,
1098,32.4,gf,1.380,mm,OK,--,3:52:17 PM,4/11/2026,
1099,32.4,gf,1.375,mm,OK,--,3:52:17 PM,4/11/2026,
1100,32.5,gf,1.370,mm,OK,--,3:52:18 PM,4/11/2026,
1101,32.5,gf,1.365,mm,OK,--,3:52:18 PM,4/11/2026,
1102,32.4,gf,1.365,mm,OK,--,3:52:18 PM,4/11/2026,
1103,32.4,gf,1.355,mm,OK,--,3:52:18 PM,4/11/2026,
1104,32.4,gf,1.350,mm,OK,--,3:52:18 PM,4/11/2026,
1105,32.3,gf,1.345,mm,OK,--,3:52:18 PM,4/11/2026,
1106,32.2,gf,1.330,mm,OK,--,3:52:18 PM,4/11/2026,
1107,32.1,gf,1.320,mm,OK,--,3:52:18 PM,4/11/2026,
1108,32.0,gf,1.310,mm,OK,--,3:52:18 PM,4/11/2026,
1109,31.8,gf,1.300,mm,OK,--,3:52:18 PM,4/11/2026,
1110,31.8,gf,1.290,mm,OK,--,3:52:19 PM,4/11/2026,
1111,31.8,gf,1.285,mm,OK,--,3:52:19 PM,4/11/2026,
1112,31.7,gf,1.280,mm,OK,--,3:52:19 PM,4/11/2026,
1113,31.5,gf,1.275,mm,OK,--,3:52:19 PM,4/11/2026,
1114,31.5,gf,1.265,mm,OK,--,3:52:19 PM,4/11/2026,
1115,31.5,gf,1.250,mm,OK,--,3:52:19 PM,4/11/2026,
1116,31.3,gf,1.240,mm,OK,--,3:52:19 PM,4/11/2026,
1117,31.2,gf,1.225,mm,OK,--,3:52:19 PM,4/11/2026,
1118,31.3,gf,1.210,mm,OK,--,3:52:19 PM,4/11/2026,
1119,31.2,gf,1.190,mm,OK,--,3:52:19 PM,4/11/2026,
1120,31.3,gf,1.170,mm,OK,--,3:52:20 PM,4/11/2026,
1121,31.1,gf,1.160,mm,OK,--,3:52:20 PM,4/11/2026,
1122,31.0,gf,1.150,mm,OK,--,3:52:20 PM,4/11/2026,
1123,31.1,gf,1.140,mm,OK,--,3:52:20 PM,4/11/2026,
1124,30.8,gf,1.135,mm,OK,--,3:52:20 PM,4/11/2026,
1125,30.9,gf,1.130,mm,OK,--,3:52:20 PM,4/11/2026,
1126,30.8,gf,1.120,mm,OK,--,3:52:20 PM,4/11/2026,
1127,30.8,gf,1.115,mm,OK,--,3:52:20 PM,4/11/2026,
1128,30.7,gf,1.110,mm,OK,--,3:52:20 PM,4/11/2026,
1129,30.7,gf,1.100,mm,OK,--,3:52:20 PM,4/11/2026,
1130,30.9,gf,1.090,mm,OK,--,3:52:21 PM,4/11/2026,
1131,30.8,gf,1.080,mm,OK,--,3:52:21 PM,4/11/2026,
1132,30.7,gf,1.070,mm,OK,--,3:52:21 PM,4/11/2026,
1133,30.6,gf,1.065,mm,OK,--,3:52:21 PM,4/11/2026,
1134,30.5,gf,1.060,mm,OK,--,3:52:21 PM,4/11/2026,
1135,30.3,gf,1.050,mm,OK,--,3:52:21 PM,4/11/2026,
1136,30.2,gf,1.045,mm,OK,--,3:52:21 PM,4/11/2026,
1137,30.2,gf,1.040,mm,OK,--,3:52:21 PM,4/11/2026,
1138,30.3,gf,1.035,mm,OK,--,3:52:21 PM,4/11/2026,
1139,30.3,gf,1.025,mm,OK,--,3:52:21 PM,4/11/2026,
1140,30.4,gf,1.020,mm,OK,--,3:52:22 PM,4/11/2026,
1141,30.2,gf,1.010,mm,OK,--,3:52:22 PM,4/11/2026,
1142,30.2,gf,1.005,mm,OK,--,3:52:22 PM,4/11/2026,
1143,30.2,gf,0.995,mm,OK,--,3:52:22 PM,4/11/2026,
1144,30.3,gf,0.990,mm,OK,--,3:52:22 PM,4/11/2026,
1145,30.4,gf,0.985,mm,OK,--,3:52:22 PM,4/11/2026,
1146,30.4,gf,0.980,mm,OK,--,3:52:22 PM,4/11/2026,
1147,30.4,gf,0.980,mm,OK,--,3:52:22 PM,4/11/2026,
1148,30.4,gf,0.975,mm,OK,--,3:52:22 PM,4/11/2026,
1149,30.3,gf,0.975,mm,OK,--,3:52:22 PM,4/11/2026,
1150,30.2,gf,0.970,mm,OK,--,3:52:23 PM,4/11/2026,
1151,30.1,gf,0.965,mm,OK,--,3:52:23 PM,4/11/2026,
1152,29.9,gf,0.960,mm,OK,--,3:52:23 PM,4/11/2026,
1153,29.9,gf,0.955,mm,OK,--,3:52:23 PM,4/11/2026,
1154,29.9,gf,0.950,mm,OK,--,3:52:23 PM,4/11/2026,
1155,30.0,gf,0.945,mm,OK,--,3:52:23 PM,4/11/2026,
1156,30.0,gf,0.945,mm,OK,--,3:52:23 PM,4/11/2026,
1157,30.0,gf,0.940,mm,OK,--,3:52:23 PM,4/11/2026,
1158,29.9,gf,0.935,mm,OK,--,3:52:23 PM,4/11/2026,
1159,29.8,gf,0.925,mm,OK,--,3:52:23 PM,4/11/2026,
1160,29.8,gf,0.915,mm,OK,--,3:52:24 PM,4/11/2026,
1161,29.8,gf,0.905,mm,OK,--,3:52:24 PM,4/11/2026,
1162,29.8,gf,0.895,mm,OK,--,3:52:24 PM,4/11/2026,
1163,29.6,gf,0.880,mm,OK,--,3:52:24 PM,4/11/2026,
1164,29.6,gf,0.870,mm,OK,--,3:52:24 PM,4/11/2026,
1165,29.5,gf,0.855,mm,OK,--,3:52:24 PM,4/11/2026,
1166,29.5,gf,0.845,mm,OK,--,3:52:24 PM,4/11/2026,
1167,29.3,gf,0.835,mm,OK,--,3:52:24 PM,4/11/2026,
1168,29.4,gf,0.820,mm,OK,--,3:52:24 PM,4/11/2026,
1169,29.2,gf,0.810,mm,OK,--,3:52:24 PM,4/11/2026,
1170,29.2,gf,0.795,mm,OK,--,3:52:25 PM,4/11/2026,
1171,29.2,gf,0.780,mm,OK,--,3:52:25 PM,4/11/2026,
1172,29.3,gf,0.765,mm,OK,--,3:52:25 PM,4/11/2026,
1173,29.2,gf,0.755,mm,OK,--,3:52:25 PM,4/11/2026,
1174,29.1,gf,0.745,mm,OK,--,3:52:25 PM,4/11/2026,
1175,29.1,gf,0.740,mm,OK,--,3:52:25 PM,4/11/2026,
1176,29.2,gf,0.735,mm,OK,--,3:52:25 PM,4/11/2026,
1177,29.2,gf,0.725,mm,OK,--,3:52:25 PM,4/11/2026,
1178,29.0,gf,0.720,mm,OK,--,3:52:25 PM,4/11/2026,
1179,28.9,gf,0.715,mm,OK,--,3:52:25 PM,4/11/2026,
1180,28.6,gf,0.710,mm,OK,--,3:52:26 PM,4/11/2026,
1181,28.6,gf,0.705,mm,OK,--,3:52:26 PM,4/11/2026,
1182,28.7,gf,0.700,mm,OK,--,3:52:26 PM,4/11/2026,
1183,28.8,gf,0.695,mm,OK,--,3:52:26 PM,4/11/2026,
1184,28.9,gf,0.690,mm,OK,--,3:52:26 PM,4/11/2026,
1185,29.0,gf,0.690,mm,OK,--,3:52:26 PM,4/11/2026,
1186,28.9,gf,0.685,mm,OK,--,3:52:26 PM,4/11/2026,
1187,28.9,gf,0.680,mm,OK,--,3:52:26 PM,4/11/2026,
1188,28.8,gf,0.675,mm,OK,--,3:52:26 PM,4/11/2026,
1189,28.6,gf,0.670,mm,OK,--,3:52:26 PM,4/11/2026,
1190,28.6,gf,0.665,mm,OK,--,3:52:27 PM,4/11/2026,
1191,28.6,gf,0.665,mm,OK,--,3:52:27 PM,4/11/2026,
1192,28.6,gf,0.660,mm,OK,--,3:52:27 PM,4/11/2026,
1193,28.5,gf,0.660,mm,OK,--,3:52:27 PM,4/11/2026,
1194,28.6,gf,0.655,mm,OK,--,3:52:27 PM,4/11/2026,
1195,28.8,gf,0.650,mm,OK,--,3:52:27 PM,4/11/2026,
1196,28.7,gf,0.650,mm,OK,--,3:52:27 PM,4/11/2026,
1197,28.6,gf,0.645,mm,OK,--,3:52:27 PM,4/11/2026,
1198,28.4,gf,0.645,mm,OK,--,3:52:27 PM,4/11/2026,
1199,28.4,gf,0.640,mm,OK,--,3:52:27 PM,4/11/2026,
1200,28.4,gf,0.635,mm,OK,--,3:52:28 PM,4/11/2026,
1201,28.4,gf,0.630,mm,OK,--,3:52:28 PM,4/11/2026,
1202,28.4,gf,0.625,mm,OK,--,3:52:28 PM,4/11/2026,
1203,28.3,gf,0.620,mm,OK,--,3:52:28 PM,4/11/2026,
1204,28.3,gf,0.615,mm,OK,--,3:52:28 PM,4/11/2026,
1205,28.3,gf,0.610,mm,OK,--,3:52:28 PM,4/11/2026,
1206,28.3,gf,0.610,mm,OK,--,3:52:28 PM,4/11/2026,
1207,28.2,gf,0.605,mm,OK,--,3:52:28 PM,4/11/2026,
1208,28.2,gf,0.600,mm,OK,--,3:52:28 PM,4/11/2026,
1209,28.3,gf,0.590,mm,OK,--,3:52:28 PM,4/11/2026,
1210,28.4,gf,0.580,mm,OK,--,3:52:29 PM,4/11/2026,
1211,28.0,gf,0.565,mm,OK,--,3:52:29 PM,4/11/2026,
1212,28.1,gf,0.555,mm,OK,--,3:52:29 PM,4/11/2026,
1213,28.0,gf,0.550,mm,OK,--,3:52:29 PM,4/11/2026,
1214,28.0,gf,0.540,mm,OK,--,3:52:29 PM,4/11/2026,
1215,27.9,gf,0.535,mm,OK,--,3:52:29 PM,4/11/2026,
1216,27.8,gf,0.530,mm,OK,--,3:52:29 PM,4/11/2026,
1217,27.7,gf,0.525,mm,OK,--,3:52:29 PM,4/11/2026,
1218,27.7,gf,0.520,mm,OK,--,3:52:29 PM,4/11/2026,
1219,27.5,gf,0.515,mm,OK,--,3:52:29 PM,4/11/2026,
1220,27.5,gf,0.510,mm,OK,--,3:52:30 PM,4/11/2026,
1221,27.4,gf,0.505,mm,OK,--,3:52:30 PM,4/11/2026,
1222,27.3,gf,0.500,mm,OK,--,3:52:30 PM,4/11/2026,
1223,27.3,gf,0.490,mm,OK,--,3:52:30 PM,4/11/2026,
1224,27.3,gf,0.485,mm,OK,--,3:52:30 PM,4/11/2026,
1225,27.3,gf,0.480,mm,OK,--,3:52:30 PM,4/11/2026,
1226,27.4,gf,0.470,mm,OK,--,3:52:30 PM,4/11/2026,
1227,27.4,gf,0.465,mm,OK,--,3:52:30 PM,4/11/2026,
1228,27.4,gf,0.460,mm,OK,--,3:52:30 PM,4/11/2026,
1229,27.4,gf,0.455,mm,OK,--,3:52:30 PM,4/11/2026,
1230,27.2,gf,0.445,mm,OK,--,3:52:31 PM,4/11/2026,
1231,27.1,gf,0.440,mm,OK,--,3:52:31 PM,4/11/2026,
1232,26.9,gf,0.425,mm,OK,--,3:52:31 PM,4/11/2026,
1233,27.1,gf,0.415,mm,OK,--,3:52:31 PM,4/11/2026,
1234,27.1,gf,0.405,mm,OK,--,3:52:31 PM,4/11/2026,
1235,27.0,gf,0.400,mm,OK,--,3:52:31 PM,4/11/2026,
1236,27.0,gf,0.390,mm,OK,--,3:52:31 PM,4/11/2026,
1237,27.0,gf,0.385,mm,OK,--,3:52:31 PM,4/11/2026,
1238,26.9,gf,0.375,mm,OK,--,3:52:31 PM,4/11/2026,
1239,26.9,gf,0.365,mm,OK,--,3:52:31 PM,4/11/2026,
1240,27.0,gf,0.360,mm,OK,--,3:52:32 PM,4/11/2026,
1241,27.0,gf,0.350,mm,OK,--,3:52:32 PM,4/11/2026,
1242,26.9,gf,0.345,mm,OK,--,3:52:32 PM,4/11/2026,
1243,26.8,gf,0.340,mm,OK,--,3:52:32 PM,4/11/2026,
1244,26.7,gf,0.335,mm,OK,--,3:52:32 PM,4/11/2026,
1245,26.5,gf,0.330,mm,OK,--,3:52:32 PM,4/11/2026,
1246,26.5,gf,0.330,mm,OK,--,3:52:32 PM,4/11/2026,
1247,26.5,gf,0.325,mm,OK,--,3:52:32 PM,4/11/2026,
1248,26.5,gf,0.320,mm,OK,--,3:52:32 PM,4/11/2026,
1249,26.5,gf,0.315,mm,OK,--,3:52:32 PM,4/11/2026,
1250,26.5,gf,0.310,mm,OK,--,3:52:33 PM,4/11/2026,
1251,26.4,gf,0.305,mm,OK,--,3:52:33 PM,4/11/2026,
1252,26.5,gf,0.295,mm,OK,--,3:52:33 PM,4/11/2026,
1253,26.5,gf,0.290,mm,OK,--,3:52:33 PM,4/11/2026,
1254,26.6,gf,0.285,mm,OK,--,3:52:33 PM,4/11/2026,
1255,26.6,gf,0.280,mm,OK,--,3:52:33 PM,4/11/2026,
1256,26.6,gf,0.275,mm,OK,--,3:52:33 PM,4/11/2026,
1257,26.7,gf,0.265,mm,OK,--,3:52:33 PM,4/11/2026,
1258,26.6,gf,0.260,mm,OK,--,3:52:33 PM,4/11/2026,
1259,26.5,gf,0.250,mm,OK,--,3:52:33 PM,4/11/2026,
1260,26.6,gf,0.240,mm,OK,--,3:52:34 PM,4/11/2026,
1261,26.5,gf,0.235,mm,OK,--,3:52:34 PM,4/11/2026,
1262,26.4,gf,0.225,mm,OK,--,3:52:34 PM,4/11/2026,
1263,26.3,gf,0.215,mm,OK,--,3:52:34 PM,4/11/2026,
1264,26.2,gf,0.205,mm,OK,--,3:52:34 PM,4/11/2026,
1265,25.9,gf,0.190,mm,OK,--,3:52:34 PM,4/11/2026,
1266,25.9,gf,0.170,mm,OK,--,3:52:34 PM,4/11/2026,
1267,26.1,gf,0.150,mm,OK,--,3:52:34 PM,4/11/2026,
1268,25.9,gf,0.140,mm,OK,--,3:52:34 PM,4/11/2026,
1269,25.2,gf,0.130,mm,OK,--,3:52:34 PM,4/11/2026,
1270,24.4,gf,0.120,mm,OK,--,3:52:35 PM,4/11/2026,
1271,23.6,gf,0.115,mm,OK,--,3:52:35 PM,4/11/2026,
1272,23.0,gf,0.105,mm,OK,--,3:52:35 PM,4/11/2026,
1273,22.4,gf,0.100,mm,OK,--,3:52:35 PM,4/11/2026,
1274,21.8,gf,0.095,mm,OK,--,3:52:35 PM,4/11/2026,
1275,19.9,gf,0.085,mm,OK,--,3:52:35 PM,4/11/2026,
1276,16.3,gf,0.065,mm,OK,--,3:52:35 PM,4/11/2026,
1277,11.3,gf,0.045,mm,OK,--,3:52:35 PM,4/11/2026,
1278,3.9,gf,0.025,mm,OK,--,3:52:35 PM,4/11/2026,
1279,0.1,gf,0.005,mm,OK,--,3:52:35 PM,4/11/2026,
1280,0.0,gf,-0.020,mm,OK,--,3:52:36 PM,4/11/2026,
1281,0.0,gf,-0.045,mm,OK,--,3:52:36 PM,4/11/2026,
1282,0.0,gf,-0.060,mm,OK,--,3:52:36 PM,4/11/2026,
1283,0.1,gf,-0.070,mm,OK,--,3:52:36 PM,4/11/2026,
1284,0.0,gf,-0.075,mm,OK,--,3:52:36 PM,4/11/2026,
1285,-0.1,gf,-0.085,mm,OK,--,3:52:36 PM,4/11/2026,
1286,0.0,gf,-0.085,mm,OK,--,3:52:36 PM,4/11/2026,
1287,0.0,gf,-0.085,mm,OK,--,3:52:36 PM,4/11/2026,
1288,0.0,gf,-0.085,mm,OK,--,3:52:36 PM,4/11/2026,
1289,0.0,gf,-0.085,mm,OK,--,3:52:36 PM,4/11/2026,
1290,-0.1,gf,-0.085,mm,OK,--,3:52:37 PM,4/11/2026,
1291,0.0,gf,-0.085,mm,OK,--,3:52:37 PM,4/11/2026,
1292,0.0,gf,-0.080,mm,OK,--,3:52:37 PM,4/11/2026,
1293,0.0,gf,-0.080,mm,OK,--,3:52:37 PM,4/11/2026,
1294,0.0,gf,-0.080,mm,OK,--,3:52:37 PM,4/11/2026,
1295,0.0,gf,-0.080,mm,OK,--,3:52:37 PM,4/11/2026,
1296,0.0,gf,-0.075,mm,OK,--,3:52:37 PM,4/11/2026,
1297,0.0,gf,-0.075,mm,OK,--,3:52:37 PM,4/11/2026,
1298,0.0,gf,-0.075,mm,OK,--,3:52:37 PM,4/11/2026,
1299,0.0,gf,-0.075,mm,OK,--,3:52:37 PM,4/11/2026,
1300,0.0,gf,-0.075,mm,OK,--,3:52:38 PM,4/11/2026,
1301,0.0,gf,-0.075,mm,OK,--,3:52:38 PM,4/11/2026,
1302,-0.1,gf,-0.075,mm,OK,--,3:52:38 PM,4/11/2026,
1303,-0.1,gf,-0.075,mm,OK,--,3:52:38 PM,4/11/2026,
1304,0.0,gf,-0.075,mm,OK,--,3:52:38 PM,4/11/2026,
1305,0.0,gf,-0.075,mm,OK,--,3:52:38 PM,4/11/2026,
1306,0.0,gf,-0.070,mm,OK,--,3:52:38 PM,4/11/2026,
1307,0.0,gf,-0.070,mm,OK,--,3:52:38 PM,4/11/2026,
1308,0.0,gf,-0.070,mm,OK,--,3:52:38 PM,4/11/2026,
1309,0.0,gf,-0.070,mm,OK,--,3:52:38 PM,4/11/2026,
