Maximum,190.4,@,No.951,,,,,,
Minimum,-0.6,@,No.1820,,,,,,
Average,55.29,,,,,,,,
Data Quantity,1835,,,,,,,,
Number of NG,0,,,,,,,,
No.,Force,Unit,Displacement,Unit,Judge,Position,Time,Date,
1,0.0,gf,0.000,mm,OK,--,6:36:35 PM,8/20/2026,
2,0.0,gf,0.000,mm,OK,--,6:36:36 PM,8/20/2026,
3,0.0,gf,0.000,mm,OK,--,6:36:36 PM,8/20/2026,
4,0.0,gf,0.000,mm,OK,--,6:36:36 PM,8/20/2026,
5,0.0,gf,0.005,mm,OK,--,6:36:36 PM,8/20/2026,
6,0.0,gf,0.005,mm,OK,--,6:36:36 PM,8/20/2026,
7,0.1,gf,0.010,mm,OK,--,6:36:36 PM,8/20/2026,
8,0.0,gf,0.015,mm,OK,--,6:36:36 PM,8/20/2026,
9,0.0,gf,0.020,mm,OK,--,6:36:36 PM,8/20/2026,
10,0.0,gf,0.020,mm,OK,--,6:36:36 PM,8/20/2026,
11,0.1,gf,0.025,mm,OK,--,6:36:36 PM,8/20/2026,
12,0.0,gf,0.025,mm,OK,--,6:36:36 PM,8/20/2026,
13,0.0,gf,0.025,mm,OK,--,6:36:37 PM,8/20/2026,
14,0.0,gf,0.025,mm,OK,--,6:36:37 PM,8/20/2026,
15,0.1,gf,0.030,mm,OK,--,6:36:37 PM,8/20/2026,
16,0.0,gf,0.030,mm,OK,--,6:36:37 PM,8/20/2026,
17,0.1,gf,0.030,mm,OK,--,6:36:37 PM,8/20/2026,
18,0.0,gf,0.030,mm,OK,--,6:36:37 PM,8/20/2026,
19,0.0,gf,0.035,mm,OK,--,6:36:37 PM,8/20/2026,
20,0.0,gf,0.035,mm,OK,--,6:36:37 PM,8/20/2026,
21,0.0,gf,0.035,mm,OK,--,6:36:37 PM,8/20/2026,
22,0.1,gf,0.035,mm,OK,--,6:36:37 PM,8/20/2026,
23,0.0,gf,0.035,mm,OK,--,6:36:38 PM,8/20/2026,
24,0.0,gf,0.035,mm,OK,--,6:36:38 PM,8/20/2026,
25,0.0,gf,0.040,mm,OK,--,6:36:38 PM,8/20/2026,
26,0.0,gf,0.040,mm,OK,--,6:36:38 PM,8/20/2026,
27,0.0,gf,0.040,mm,OK,--,6:36:38 PM,8/20/2026,
28,0.0,gf,0.040,mm,OK,--,6:36:38 PM,8/20/2026,
29,0.0,gf,0.045,mm,OK,--,6:36:38 PM,8/20/2026,
30,0.0,gf,0.045,mm,OK,--,6:36:38 PM,8/20/2026,
31,0.0,gf,0.045,mm,OK,--,6:36:38 PM,8/20/2026,
32,0.0,gf,0.050,mm,OK,--,6:36:38 PM,8/20/2026,
33,-0.1,gf,0.050,mm,OK,--,6:36:39 PM,8/20/2026,
34,0.0,gf,0.055,mm,OK,--,6:36:39 PM,8/20/2026,
35,0.0,gf,0.055,mm,OK,--,6:36:39 PM,8/20/2026,
36,0.0,gf,0.055,mm,OK,--,6:36:39 PM,8/20/2026,
37,0.0,gf,0.055,mm,OK,--,6:36:39 PM,8/20/2026,
38,0.0,gf,0.060,mm,OK,--,6:36:39 PM,8/20/2026,
39,0.0,gf,0.065,mm,OK,--,6:36:39 PM,8/20/2026,
40,0.0,gf,0.070,mm,OK,--,6:36:39 PM,8/20/2026,
41,0.0,gf,0.080,mm,OK,--,6:36:39 PM,8/20/2026,
42,0.0,gf,0.085,mm,OK,--,6:36:39 PM,8/20/2026,
43,0.0,gf,0.090,mm,OK,--,6:36:40 PM,8/20/2026,
44,0.0,gf,0.090,mm,OK,--,6:36:40 PM,8/20/2026,
45,0.0,gf,0.095,mm,OK,--,6:36:40 PM,8/20/2026,
46,0.0,gf,0.095,mm,OK,--,6:36:40 PM,8/20/2026,
47,0.0,gf,0.100,mm,OK,--,6:36:40 PM,8/20/2026,
48,0.0,gf,0.100,mm,OK,--,6:36:40 PM,8/20/2026,
49,-0.1,gf,0.105,mm,OK,--,6:36:40 PM,8/20/2026,
50,0.0,gf,0.105,mm,OK,--,6:36:40 PM,8/20/2026,
51,0.0,gf,0.105,mm,OK,--,6:36:40 PM,8/20/2026,
52,0.0,gf,0.110,mm,OK,--,6:36:40 PM,8/20/2026,
53,0.0,gf,0.115,mm,OK,--,6:36:41 PM,8/20/2026,
54,0.0,gf,0.120,mm,OK,--,6:36:41 PM,8/20/2026,
55,0.0,gf,0.125,mm,OK,--,6:36:41 PM,8/20/2026,
56,1.1,gf,0.130,mm,OK,--,6:36:41 PM,8/20/2026,
57,3.3,gf,0.135,mm,OK,--,6:36:41 PM,8/20/2026,
58,5.3,gf,0.135,mm,OK,--,6:36:41 PM,8/20/2026,
59,7.3,gf,0.140,mm,OK,--,6:36:41 PM,8/20/2026,
60,9.5,gf,0.140,mm,OK,--,6:36:41 PM,8/20/2026,
61,13.3,gf,0.145,mm,OK,--,6:36:41 PM,8/20/2026,
62,20.6,gf,0.150,mm,OK,--,6:36:41 PM,8/20/2026,
63,27.9,gf,0.160,mm,OK,--,6:36:42 PM,8/20/2026,
64,33.6,gf,0.165,mm,OK,--,6:36:42 PM,8/20/2026,
65,37.8,gf,0.170,mm,OK,--,6:36:42 PM,8/20/2026,
66,39.5,gf,0.175,mm,OK,--,6:36:42 PM,8/20/2026,
67,39.4,gf,0.180,mm,OK,--,6:36:42 PM,8/20/2026,
68,39.4,gf,0.185,mm,OK,--,6:36:42 PM,8/20/2026,
69,39.4,gf,0.185,mm,OK,--,6:36:42 PM,8/20/2026,
70,39.5,gf,0.190,mm,OK,--,6:36:42 PM,8/20/2026,
71,39.6,gf,0.190,mm,OK,--,6:36:42 PM,8/20/2026,
72,39.5,gf,0.195,mm,OK,--,6:36:42 PM,8/20/2026,
73,39.5,gf,0.195,mm,OK,--,6:36:43 PM,8/20/2026,
74,39.5,gf,0.200,mm,OK,--,6:36:43 PM,8/20/2026,
75,39.4,gf,0.205,mm,OK,--,6:36:43 PM,8/20/2026,
76,39.3,gf,0.210,mm,OK,--,6:36:43 PM,8/20/2026,
77,39.4,gf,0.210,mm,OK,--,6:36:43 PM,8/20/2026,
78,39.5,gf,0.215,mm,OK,--,6:36:43 PM,8/20/2026,
79,39.5,gf,0.215,mm,OK,--,6:36:43 PM,8/20/2026,
80,39.5,gf,0.220,mm,OK,--,6:36:43 PM,8/20/2026,
81,39.4,gf,0.220,mm,OK,--,6:36:43 PM,8/20/2026,
82,39.5,gf,0.225,mm,OK,--,6:36:43 PM,8/20/2026,
83,39.3,gf,0.225,mm,OK,--,6:36:44 PM,8/20/2026,
84,39.1,gf,0.230,mm,OK,--,6:36:44 PM,8/20/2026,
85,39.3,gf,0.230,mm,OK,--,6:36:44 PM,8/20/2026,
86,39.5,gf,0.235,mm,OK,--,6:36:44 PM,8/20/2026,
87,39.5,gf,0.240,mm,OK,--,6:36:44 PM,8/20/2026,
88,39.6,gf,0.245,mm,OK,--,6:36:44 PM,8/20/2026,
89,39.7,gf,0.255,mm,OK,--,6:36:44 PM,8/20/2026,
90,39.6,gf,0.260,mm,OK,--,6:36:44 PM,8/20/2026,
91,39.6,gf,0.265,mm,OK,--,6:36:44 PM,8/20/2026,
92,39.5,gf,0.270,mm,OK,--,6:36:44 PM,8/20/2026,
93,39.6,gf,0.275,mm,OK,--,6:36:45 PM,8/20/2026,
94,39.7,gf,0.285,mm,OK,--,6:36:45 PM,8/20/2026,
95,39.5,gf,0.290,mm,OK,--,6:36:45 PM,8/20/2026,
96,39.5,gf,0.295,mm,OK,--,6:36:45 PM,8/20/2026,
97,39.8,gf,0.300,mm,OK,--,6:36:45 PM,8/20/2026,
98,39.8,gf,0.310,mm,OK,--,6:36:45 PM,8/20/2026,
99,39.6,gf,0.320,mm,OK,--,6:36:45 PM,8/20/2026,
100,39.6,gf,0.325,mm,OK,--,6:36:45 PM,8/20/2026,
101,39.6,gf,0.335,mm,OK,--,6:36:45 PM,8/20/2026,
102,39.5,gf,0.335,mm,OK,--,6:36:45 PM,8/20/2026,
103,39.4,gf,0.335,mm,OK,--,6:36:46 PM,8/20/2026,
104,39.5,gf,0.340,mm,OK,--,6:36:46 PM,8/20/2026,
105,39.3,gf,0.340,mm,OK,--,6:36:46 PM,8/20/2026,
106,39.2,gf,0.340,mm,OK,--,6:36:46 PM,8/20/2026,
107,39.4,gf,0.340,mm,OK,--,6:36:46 PM,8/20/2026,
108,39.5,gf,0.340,mm,OK,--,6:36:46 PM,8/20/2026,
109,39.3,gf,0.340,mm,OK,--,6:36:46 PM,8/20/2026,
110,39.5,gf,0.340,mm,OK,--,6:36:46 PM,8/20/2026,
111,39.4,gf,0.345,mm,OK,--,6:36:46 PM,8/20/2026,
112,39.3,gf,0.345,mm,OK,--,6:36:46 PM,8/20/2026,
113,39.4,gf,0.345,mm,OK,--,6:36:47 PM,8/20/2026,
114,39.3,gf,0.345,mm,OK,--,6:36:47 PM,8/20/2026,
115,39.4,gf,0.345,mm,OK,--,6:36:47 PM,8/20/2026,
116,39.4,gf,0.345,mm,OK,--,6:36:47 PM,8/20/2026,
117,39.3,gf,0.345,mm,OK,--,6:36:47 PM,8/20/2026,
118,39.3,gf,0.345,mm,OK,--,6:36:47 PM,8/20/2026,
119,39.9,gf,0.345,mm,OK,--,6:36:47 PM,8/20/2026,
120,39.7,gf,0.345,mm,OK,--,6:36:47 PM,8/20/2026,
121,39.5,gf,0.350,mm,OK,--,6:36:47 PM,8/20/2026,
122,39.6,gf,0.350,mm,OK,--,6:36:47 PM,8/20/2026,
123,39.3,gf,0.350,mm,OK,--,6:36:48 PM,8/20/2026,
124,39.5,gf,0.350,mm,OK,--,6:36:48 PM,8/20/2026,
125,39.8,gf,0.355,mm,OK,--,6:36:48 PM,8/20/2026,
126,39.7,gf,0.355,mm,OK,--,6:36:48 PM,8/20/2026,
127,39.5,gf,0.355,mm,OK,--,6:36:48 PM,8/20/2026,
128,39.6,gf,0.360,mm,OK,--,6:36:48 PM,8/20/2026,
129,39.7,gf,0.360,mm,OK,--,6:36:48 PM,8/20/2026,
130,39.5,gf,0.360,mm,OK,--,6:36:48 PM,8/20/2026,
131,39.9,gf,0.360,mm,OK,--,6:36:48 PM,8/20/2026,
132,39.6,gf,0.365,mm,OK,--,6:36:48 PM,8/20/2026,
133,40.1,gf,0.365,mm,OK,--,6:36:49 PM,8/20/2026,
134,39.9,gf,0.370,mm,OK,--,6:36:49 PM,8/20/2026,
135,39.8,gf,0.375,mm,OK,--,6:36:49 PM,8/20/2026,
136,39.9,gf,0.380,mm,OK,--,6:36:49 PM,8/20/2026,
137,39.9,gf,0.385,mm,OK,--,6:36:49 PM,8/20/2026,
138,39.8,gf,0.385,mm,OK,--,6:36:49 PM,8/20/2026,
139,40.0,gf,0.390,mm,OK,--,6:36:49 PM,8/20/2026,
140,39.8,gf,0.390,mm,OK,--,6:36:49 PM,8/20/2026,
141,39.8,gf,0.390,mm,OK,--,6:36:49 PM,8/20/2026,
142,39.9,gf,0.395,mm,OK,--,6:36:49 PM,8/20/2026,
143,39.9,gf,0.395,mm,OK,--,6:36:50 PM,8/20/2026,
144,40.2,gf,0.400,mm,OK,--,6:36:50 PM,8/20/2026,
145,40.1,gf,0.405,mm,OK,--,6:36:50 PM,8/20/2026,
146,40.1,gf,0.410,mm,OK,--,6:36:50 PM,8/20/2026,
147,40.0,gf,0.415,mm,OK,--,6:36:50 PM,8/20/2026,
148,40.0,gf,0.425,mm,OK,--,6:36:50 PM,8/20/2026,
149,40.0,gf,0.425,mm,OK,--,6:36:50 PM,8/20/2026,
150,40.1,gf,0.430,mm,OK,--,6:36:50 PM,8/20/2026,
151,40.1,gf,0.435,mm,OK,--,6:36:50 PM,8/20/2026,
152,40.0,gf,0.440,mm,OK,--,6:36:50 PM,8/20/2026,
153,39.8,gf,0.445,mm,OK,--,6:36:51 PM,8/20/2026,
154,40.0,gf,0.445,mm,OK,--,6:36:51 PM,8/20/2026,
155,40.0,gf,0.450,mm,OK,--,6:36:51 PM,8/20/2026,
156,40.0,gf,0.450,mm,OK,--,6:36:51 PM,8/20/2026,
157,40.0,gf,0.450,mm,OK,--,6:36:51 PM,8/20/2026,
158,40.1,gf,0.455,mm,OK,--,6:36:51 PM,8/20/2026,
159,40.1,gf,0.455,mm,OK,--,6:36:51 PM,8/20/2026,
160,40.2,gf,0.455,mm,OK,--,6:36:51 PM,8/20/2026,
161,40.2,gf,0.460,mm,OK,--,6:36:51 PM,8/20/2026,
162,40.4,gf,0.465,mm,OK,--,6:36:51 PM,8/20/2026,
163,40.3,gf,0.470,mm,OK,--,6:36:52 PM,8/20/2026,
164,40.2,gf,0.480,mm,OK,--,6:36:52 PM,8/20/2026,
165,40.2,gf,0.485,mm,OK,--,6:36:52 PM,8/20/2026,
166,40.3,gf,0.490,mm,OK,--,6:36:52 PM,8/20/2026,
167,40.4,gf,0.495,mm,OK,--,6:36:52 PM,8/20/2026,
168,40.3,gf,0.500,mm,OK,--,6:36:52 PM,8/20/2026,
169,40.3,gf,0.505,mm,OK,--,6:36:52 PM,8/20/2026,
170,40.4,gf,0.505,mm,OK,--,6:36:52 PM,8/20/2026,
171,40.4,gf,0.510,mm,OK,--,6:36:52 PM,8/20/2026,
172,40.6,gf,0.515,mm,OK,--,6:36:52 PM,8/20/2026,
173,40.6,gf,0.520,mm,OK,--,6:36:53 PM,8/20/2026,
174,40.7,gf,0.525,mm,OK,--,6:36:53 PM,8/20/2026,
175,40.8,gf,0.530,mm,OK,--,6:36:53 PM,8/20/2026,
176,40.8,gf,0.535,mm,OK,--,6:36:53 PM,8/20/2026,
177,40.7,gf,0.535,mm,OK,--,6:36:53 PM,8/20/2026,
178,40.7,gf,0.540,mm,OK,--,6:36:53 PM,8/20/2026,
179,40.7,gf,0.540,mm,OK,--,6:36:53 PM,8/20/2026,
180,40.7,gf,0.545,mm,OK,--,6:36:53 PM,8/20/2026,
181,40.8,gf,0.545,mm,OK,--,6:36:53 PM,8/20/2026,
182,40.6,gf,0.545,mm,OK,--,6:36:53 PM,8/20/2026,
183,40.7,gf,0.550,mm,OK,--,6:36:54 PM,8/20/2026,
184,40.9,gf,0.550,mm,OK,--,6:36:54 PM,8/20/2026,
185,40.8,gf,0.555,mm,OK,--,6:36:54 PM,8/20/2026,
186,40.8,gf,0.555,mm,OK,--,6:36:54 PM,8/20/2026,
187,40.7,gf,0.560,mm,OK,--,6:36:54 PM,8/20/2026,
188,40.8,gf,0.560,mm,OK,--,6:36:54 PM,8/20/2026,
189,40.9,gf,0.560,mm,OK,--,6:36:54 PM,8/20/2026,
190,40.9,gf,0.565,mm,OK,--,6:36:54 PM,8/20/2026,
191,41.0,gf,0.565,mm,OK,--,6:36:54 PM,8/20/2026,
192,41.0,gf,0.570,mm,OK,--,6:36:54 PM,8/20/2026,
193,41.0,gf,0.575,mm,OK,--,6:36:55 PM,8/20/2026,
194,41.1,gf,0.575,mm,OK,--,6:36:55 PM,8/20/2026,
195,41.0,gf,0.585,mm,OK,--,6:36:55 PM,8/20/2026,
196,41.1,gf,0.590,mm,OK,--,6:36:55 PM,8/20/2026,
197,41.1,gf,0.595,mm,OK,--,6:36:55 PM,8/20/2026,
198,41.2,gf,0.600,mm,OK,--,6:36:55 PM,8/20/2026,
199,41.3,gf,0.605,mm,OK,--,6:36:55 PM,8/20/2026,
200,41.3,gf,0.610,mm,OK,--,6:36:55 PM,8/20/2026,
201,41.2,gf,0.615,mm,OK,--,6:36:55 PM,8/20/2026,
202,41.1,gf,0.615,mm,OK,--,6:36:55 PM,8/20/2026,
203,41.1,gf,0.620,mm,OK,--,6:36:56 PM,8/20/2026,
204,41.1,gf,0.625,mm,OK,--,6:36:56 PM,8/20/2026,
205,41.1,gf,0.625,mm,OK,--,6:36:56 PM,8/20/2026,
206,41.1,gf,0.630,mm,OK,--,6:36:56 PM,8/20/2026,
207,41.1,gf,0.630,mm,OK,--,6:36:56 PM,8/20/2026,
208,41.1,gf,0.635,mm,OK,--,6:36:56 PM,8/20/2026,
209,41.2,gf,0.640,mm,OK,--,6:36:56 PM,8/20/2026,
210,41.2,gf,0.645,mm,OK,--,6:36:56 PM,8/20/2026,
211,41.2,gf,0.655,mm,OK,--,6:36:56 PM,8/20/2026,
212,41.3,gf,0.660,mm,OK,--,6:36:56 PM,8/20/2026,
213,41.4,gf,0.670,mm,OK,--,6:36:57 PM,8/20/2026,
214,41.4,gf,0.675,mm,OK,--,6:36:57 PM,8/20/2026,
215,41.4,gf,0.680,mm,OK,--,6:36:57 PM,8/20/2026,
216,41.4,gf,0.680,mm,OK,--,6:36:57 PM,8/20/2026,
217,41.4,gf,0.685,mm,OK,--,6:36:57 PM,8/20/2026,
218,41.4,gf,0.690,mm,OK,--,6:36:57 PM,8/20/2026,
219,41.4,gf,0.695,mm,OK,--,6:36:57 PM,8/20/2026,
220,41.3,gf,0.695,mm,OK,--,6:36:57 PM,8/20/2026,
221,41.3,gf,0.700,mm,OK,--,6:36:57 PM,8/20/2026,
222,41.3,gf,0.700,mm,OK,--,6:36:57 PM,8/20/2026,
223,41.3,gf,0.705,mm,OK,--,6:36:58 PM,8/20/2026,
224,41.4,gf,0.705,mm,OK,--,6:36:58 PM,8/20/2026,
225,41.4,gf,0.710,mm,OK,--,6:36:58 PM,8/20/2026,
226,41.5,gf,0.710,mm,OK,--,6:36:58 PM,8/20/2026,
227,41.5,gf,0.715,mm,OK,--,6:36:58 PM,8/20/2026,
228,41.5,gf,0.715,mm,OK,--,6:36:58 PM,8/20/2026,
229,41.5,gf,0.715,mm,OK,--,6:36:58 PM,8/20/2026,
230,41.6,gf,0.720,mm,OK,--,6:36:58 PM,8/20/2026,
231,41.5,gf,0.725,mm,OK,--,6:36:58 PM,8/20/2026,
232,41.6,gf,0.725,mm,OK,--,6:36:58 PM,8/20/2026,
233,41.7,gf,0.730,mm,OK,--,6:36:59 PM,8/20/2026,
234,41.7,gf,0.730,mm,OK,--,6:36:59 PM,8/20/2026,
235,41.8,gf,0.735,mm,OK,--,6:36:59 PM,8/20/2026,
236,41.8,gf,0.740,mm,OK,--,6:36:59 PM,8/20/2026,
237,41.8,gf,0.745,mm,OK,--,6:36:59 PM,8/20/2026,
238,41.8,gf,0.745,mm,OK,--,6:36:59 PM,8/20/2026,
239,41.8,gf,0.750,mm,OK,--,6:36:59 PM,8/20/2026,
240,41.9,gf,0.755,mm,OK,--,6:36:59 PM,8/20/2026,
241,41.8,gf,0.760,mm,OK,--,6:36:59 PM,8/20/2026,
242,41.7,gf,0.770,mm,OK,--,6:36:59 PM,8/20/2026,
243,41.7,gf,0.775,mm,OK,--,6:37:00 PM,8/20/2026,
244,41.8,gf,0.780,mm,OK,--,6:37:00 PM,8/20/2026,
245,41.8,gf,0.785,mm,OK,--,6:37:00 PM,8/20/2026,
246,42.0,gf,0.795,mm,OK,--,6:37:00 PM,8/20/2026,
247,42.0,gf,0.800,mm,OK,--,6:37:00 PM,8/20/2026,
248,42.1,gf,0.810,mm,OK,--,6:37:00 PM,8/20/2026,
249,42.0,gf,0.820,mm,OK,--,6:37:00 PM,8/20/2026,
250,42.1,gf,0.830,mm,OK,--,6:37:00 PM,8/20/2026,
251,42.1,gf,0.840,mm,OK,--,6:37:00 PM,8/20/2026,
252,42.0,gf,0.845,mm,OK,--,6:37:00 PM,8/20/2026,
253,42.0,gf,0.845,mm,OK,--,6:37:01 PM,8/20/2026,
254,42.3,gf,0.850,mm,OK,--,6:37:01 PM,8/20/2026,
255,42.3,gf,0.855,mm,OK,--,6:37:01 PM,8/20/2026,
256,42.3,gf,0.860,mm,OK,--,6:37:01 PM,8/20/2026,
257,42.3,gf,0.865,mm,OK,--,6:37:01 PM,8/20/2026,
258,42.4,gf,0.870,mm,OK,--,6:37:01 PM,8/20/2026,
259,42.5,gf,0.875,mm,OK,--,6:37:01 PM,8/20/2026,
260,42.5,gf,0.880,mm,OK,--,6:37:01 PM,8/20/2026,
261,42.5,gf,0.885,mm,OK,--,6:37:01 PM,8/20/2026,
262,42.6,gf,0.885,mm,OK,--,6:37:01 PM,8/20/2026,
263,42.5,gf,0.890,mm,OK,--,6:37:02 PM,8/20/2026,
264,42.5,gf,0.895,mm,OK,--,6:37:02 PM,8/20/2026,
265,42.5,gf,0.895,mm,OK,--,6:37:02 PM,8/20/2026,
266,42.5,gf,0.900,mm,OK,--,6:37:02 PM,8/20/2026,
267,42.5,gf,0.900,mm,OK,--,6:37:02 PM,8/20/2026,
268,42.6,gf,0.905,mm,OK,--,6:37:02 PM,8/20/2026,
269,42.5,gf,0.905,mm,OK,--,6:37:02 PM,8/20/2026,
270,42.5,gf,0.910,mm,OK,--,6:37:02 PM,8/20/2026,
271,42.5,gf,0.910,mm,OK,--,6:37:02 PM,8/20/2026,
272,42.5,gf,0.910,mm,OK,--,6:37:02 PM,8/20/2026,
273,42.5,gf,0.910,mm,OK,--,6:37:03 PM,8/20/2026,
274,42.5,gf,0.915,mm,OK,--,6:37:03 PM,8/20/2026,
275,42.5,gf,0.915,mm,OK,--,6:37:03 PM,8/20/2026,
276,42.7,gf,0.920,mm,OK,--,6:37:03 PM,8/20/2026,
277,42.6,gf,0.920,mm,OK,--,6:37:03 PM,8/20/2026,
278,42.7,gf,0.925,mm,OK,--,6:37:03 PM,8/20/2026,
279,42.8,gf,0.930,mm,OK,--,6:37:03 PM,8/20/2026,
280,42.8,gf,0.930,mm,OK,--,6:37:03 PM,8/20/2026,
281,42.8,gf,0.935,mm,OK,--,6:37:03 PM,8/20/2026,
282,42.8,gf,0.940,mm,OK,--,6:37:03 PM,8/20/2026,
283,42.9,gf,0.945,mm,OK,--,6:37:04 PM,8/20/2026,
284,42.9,gf,0.945,mm,OK,--,6:37:04 PM,8/20/2026,
285,42.9,gf,0.950,mm,OK,--,6:37:04 PM,8/20/2026,
286,42.8,gf,0.955,mm,OK,--,6:37:04 PM,8/20/2026,
287,42.8,gf,0.960,mm,OK,--,6:37:04 PM,8/20/2026,
288,42.9,gf,0.965,mm,OK,--,6:37:04 PM,8/20/2026,
289,43.0,gf,0.970,mm,OK,--,6:37:04 PM,8/20/2026,
290,43.1,gf,0.975,mm,OK,--,6:37:04 PM,8/20/2026,
291,43.2,gf,0.985,mm,OK,--,6:37:04 PM,8/20/2026,
292,43.1,gf,0.990,mm,OK,--,6:37:04 PM,8/20/2026,
293,43.1,gf,0.995,mm,OK,--,6:37:05 PM,8/20/2026,
294,43.1,gf,1.000,mm,OK,--,6:37:05 PM,8/20/2026,
295,43.1,gf,1.005,mm,OK,--,6:37:05 PM,8/20/2026,
296,43.1,gf,1.010,mm,OK,--,6:37:05 PM,8/20/2026,
297,43.1,gf,1.010,mm,OK,--,6:37:05 PM,8/20/2026,
298,43.1,gf,1.015,mm,OK,--,6:37:05 PM,8/20/2026,
299,43.2,gf,1.020,mm,OK,--,6:37:05 PM,8/20/2026,
300,43.3,gf,1.030,mm,OK,--,6:37:05 PM,8/20/2026,
301,43.4,gf,1.045,mm,OK,--,6:37:05 PM,8/20/2026,
302,43.4,gf,1.055,mm,OK,--,6:37:05 PM,8/20/2026,
303,43.4,gf,1.065,mm,OK,--,6:37:06 PM,8/20/2026,
304,43.3,gf,1.075,mm,OK,--,6:37:06 PM,8/20/2026,
305,43.2,gf,1.080,mm,OK,--,6:37:06 PM,8/20/2026,
306,43.3,gf,1.085,mm,OK,--,6:37:06 PM,8/20/2026,
307,43.4,gf,1.090,mm,OK,--,6:37:06 PM,8/20/2026,
308,43.4,gf,1.095,mm,OK,--,6:37:06 PM,8/20/2026,
309,43.5,gf,1.100,mm,OK,--,6:37:06 PM,8/20/2026,
310,43.5,gf,1.105,mm,OK,--,6:37:06 PM,8/20/2026,
311,43.4,gf,1.110,mm,OK,--,6:37:06 PM,8/20/2026,
312,43.4,gf,1.115,mm,OK,--,6:37:06 PM,8/20/2026,
313,43.4,gf,1.120,mm,OK,--,6:37:07 PM,8/20/2026,
314,43.3,gf,1.125,mm,OK,--,6:37:07 PM,8/20/2026,
315,43.3,gf,1.130,mm,OK,--,6:37:07 PM,8/20/2026,
316,43.3,gf,1.135,mm,OK,--,6:37:07 PM,8/20/2026,
317,43.3,gf,1.135,mm,OK,--,6:37:07 PM,8/20/2026,
318,43.4,gf,1.140,mm,OK,--,6:37:07 PM,8/20/2026,
319,43.3,gf,1.145,mm,OK,--,6:37:07 PM,8/20/2026,
320,43.4,gf,1.150,mm,OK,--,6:37:07 PM,8/20/2026,
321,43.4,gf,1.150,mm,OK,--,6:37:07 PM,8/20/2026,
322,43.4,gf,1.150,mm,OK,--,6:37:07 PM,8/20/2026,
323,43.4,gf,1.155,mm,OK,--,6:37:08 PM,8/20/2026,
324,43.4,gf,1.155,mm,OK,--,6:37:08 PM,8/20/2026,
325,43.5,gf,1.160,mm,OK,--,6:37:08 PM,8/20/2026,
326,43.6,gf,1.165,mm,OK,--,6:37:08 PM,8/20/2026,
327,43.7,gf,1.170,mm,OK,--,6:37:08 PM,8/20/2026,
328,43.6,gf,1.175,mm,OK,--,6:37:08 PM,8/20/2026,
329,43.5,gf,1.180,mm,OK,--,6:37:08 PM,8/20/2026,
330,43.5,gf,1.185,mm,OK,--,6:37:08 PM,8/20/2026,
331,43.6,gf,1.185,mm,OK,--,6:37:08 PM,8/20/2026,
332,43.5,gf,1.190,mm,OK,--,6:37:08 PM,8/20/2026,
333,43.6,gf,1.195,mm,OK,--,6:37:09 PM,8/20/2026,
334,43.6,gf,1.195,mm,OK,--,6:37:09 PM,8/20/2026,
335,43.6,gf,1.200,mm,OK,--,6:37:09 PM,8/20/2026,
336,43.7,gf,1.205,mm,OK,--,6:37:09 PM,8/20/2026,
337,43.8,gf,1.215,mm,OK,--,6:37:09 PM,8/20/2026,
338,43.7,gf,1.220,mm,OK,--,6:37:09 PM,8/20/2026,
339,43.7,gf,1.225,mm,OK,--,6:37:09 PM,8/20/2026,
340,43.6,gf,1.230,mm,OK,--,6:37:09 PM,8/20/2026,
341,43.6,gf,1.235,mm,OK,--,6:37:09 PM,8/20/2026,
342,43.6,gf,1.240,mm,OK,--,6:37:09 PM,8/20/2026,
343,43.8,gf,1.250,mm,OK,--,6:37:10 PM,8/20/2026,
344,43.8,gf,1.255,mm,OK,--,6:37:10 PM,8/20/2026,
345,43.8,gf,1.260,mm,OK,--,6:37:10 PM,8/20/2026,
346,43.9,gf,1.270,mm,OK,--,6:37:10 PM,8/20/2026,
347,43.9,gf,1.275,mm,OK,--,6:37:10 PM,8/20/2026,
348,44.0,gf,1.285,mm,OK,--,6:37:10 PM,8/20/2026,
349,44.0,gf,1.290,mm,OK,--,6:37:10 PM,8/20/2026,
350,43.9,gf,1.300,mm,OK,--,6:37:10 PM,8/20/2026,
351,43.8,gf,1.305,mm,OK,--,6:37:10 PM,8/20/2026,
352,43.9,gf,1.310,mm,OK,--,6:37:10 PM,8/20/2026,
353,44.0,gf,1.315,mm,OK,--,6:37:11 PM,8/20/2026,
354,43.9,gf,1.320,mm,OK,--,6:37:11 PM,8/20/2026,
355,43.9,gf,1.320,mm,OK,--,6:37:11 PM,8/20/2026,
356,43.9,gf,1.325,mm,OK,--,6:37:11 PM,8/20/2026,
357,44.1,gf,1.330,mm,OK,--,6:37:11 PM,8/20/2026,
358,44.1,gf,1.330,mm,OK,--,6:37:11 PM,8/20/2026,
359,44.1,gf,1.335,mm,OK,--,6:37:11 PM,8/20/2026,
360,44.2,gf,1.340,mm,OK,--,6:37:11 PM,8/20/2026,
361,44.1,gf,1.345,mm,OK,--,6:37:11 PM,8/20/2026,
362,44.0,gf,1.345,mm,OK,--,6:37:11 PM,8/20/2026,
363,44.1,gf,1.350,mm,OK,--,6:37:12 PM,8/20/2026,
364,44.1,gf,1.355,mm,OK,--,6:37:12 PM,8/20/2026,
365,43.9,gf,1.360,mm,OK,--,6:37:12 PM,8/20/2026,
366,43.8,gf,1.365,mm,OK,--,6:37:12 PM,8/20/2026,
367,43.8,gf,1.365,mm,OK,--,6:37:12 PM,8/20/2026,
368,43.8,gf,1.365,mm,OK,--,6:37:12 PM,8/20/2026,
369,43.8,gf,1.370,mm,OK,--,6:37:12 PM,8/20/2026,
370,43.9,gf,1.370,mm,OK,--,6:37:12 PM,8/20/2026,
371,43.9,gf,1.370,mm,OK,--,6:37:12 PM,8/20/2026,
372,44.0,gf,1.375,mm,OK,--,6:37:12 PM,8/20/2026,
373,44.0,gf,1.375,mm,OK,--,6:37:13 PM,8/20/2026,
374,44.0,gf,1.380,mm,OK,--,6:37:13 PM,8/20/2026,
375,44.1,gf,1.380,mm,OK,--,6:37:13 PM,8/20/2026,
376,44.1,gf,1.385,mm,OK,--,6:37:13 PM,8/20/2026,
377,44.1,gf,1.385,mm,OK,--,6:37:13 PM,8/20/2026,
378,44.2,gf,1.385,mm,OK,--,6:37:13 PM,8/20/2026,
379,44.1,gf,1.390,mm,OK,--,6:37:13 PM,8/20/2026,
380,44.2,gf,1.390,mm,OK,--,6:37:13 PM,8/20/2026,
381,44.3,gf,1.395,mm,OK,--,6:37:13 PM,8/20/2026,
382,44.2,gf,1.400,mm,OK,--,6:37:13 PM,8/20/2026,
383,44.2,gf,1.405,mm,OK,--,6:37:14 PM,8/20/2026,
384,44.3,gf,1.410,mm,OK,--,6:37:14 PM,8/20/2026,
385,44.3,gf,1.415,mm,OK,--,6:37:14 PM,8/20/2026,
386,44.3,gf,1.415,mm,OK,--,6:37:14 PM,8/20/2026,
387,44.3,gf,1.420,mm,OK,--,6:37:14 PM,8/20/2026,
388,44.3,gf,1.425,mm,OK,--,6:37:14 PM,8/20/2026,
389,44.3,gf,1.430,mm,OK,--,6:37:14 PM,8/20/2026,
390,44.3,gf,1.435,mm,OK,--,6:37:14 PM,8/20/2026,
391,44.4,gf,1.440,mm,OK,--,6:37:14 PM,8/20/2026,
392,44.4,gf,1.445,mm,OK,--,6:37:14 PM,8/20/2026,
393,44.4,gf,1.450,mm,OK,--,6:37:15 PM,8/20/2026,
394,44.5,gf,1.455,mm,OK,--,6:37:15 PM,8/20/2026,
395,44.5,gf,1.460,mm,OK,--,6:37:15 PM,8/20/2026,
396,44.6,gf,1.465,mm,OK,--,6:37:15 PM,8/20/2026,
397,44.5,gf,1.465,mm,OK,--,6:37:15 PM,8/20/2026,
398,44.6,gf,1.470,mm,OK,--,6:37:15 PM,8/20/2026,
399,44.6,gf,1.475,mm,OK,--,6:37:15 PM,8/20/2026,
400,44.5,gf,1.475,mm,OK,--,6:37:15 PM,8/20/2026,
401,44.5,gf,1.480,mm,OK,--,6:37:15 PM,8/20/2026,
402,44.5,gf,1.485,mm,OK,--,6:37:15 PM,8/20/2026,
403,44.6,gf,1.485,mm,OK,--,6:37:16 PM,8/20/2026,
404,44.5,gf,1.490,mm,OK,--,6:37:16 PM,8/20/2026,
405,44.6,gf,1.490,mm,OK,--,6:37:16 PM,8/20/2026,
406,44.6,gf,1.495,mm,OK,--,6:37:16 PM,8/20/2026,
407,44.7,gf,1.495,mm,OK,--,6:37:16 PM,8/20/2026,
408,44.7,gf,1.500,mm,OK,--,6:37:16 PM,8/20/2026,
409,44.8,gf,1.500,mm,OK,--,6:37:16 PM,8/20/2026,
410,44.8,gf,1.505,mm,OK,--,6:37:16 PM,8/20/2026,
411,44.7,gf,1.505,mm,OK,--,6:37:16 PM,8/20/2026,
412,44.7,gf,1.510,mm,OK,--,6:37:16 PM,8/20/2026,
413,44.7,gf,1.510,mm,OK,--,6:37:17 PM,8/20/2026,
414,44.8,gf,1.515,mm,OK,--,6:37:17 PM,8/20/2026,
415,44.9,gf,1.520,mm,OK,--,6:37:17 PM,8/20/2026,
416,44.8,gf,1.525,mm,OK,--,6:37:17 PM,8/20/2026,
417,44.9,gf,1.530,mm,OK,--,6:37:17 PM,8/20/2026,
418,44.9,gf,1.535,mm,OK,--,6:37:17 PM,8/20/2026,
419,44.9,gf,1.545,mm,OK,--,6:37:17 PM,8/20/2026,
420,44.9,gf,1.550,mm,OK,--,6:37:17 PM,8/20/2026,
421,44.9,gf,1.555,mm,OK,--,6:37:17 PM,8/20/2026,
422,45.0,gf,1.565,mm,OK,--,6:37:17 PM,8/20/2026,
423,45.0,gf,1.570,mm,OK,--,6:37:18 PM,8/20/2026,
424,45.0,gf,1.575,mm,OK,--,6:37:18 PM,8/20/2026,
425,45.1,gf,1.580,mm,OK,--,6:37:18 PM,8/20/2026,
426,45.2,gf,1.590,mm,OK,--,6:37:18 PM,8/20/2026,
427,45.2,gf,1.595,mm,OK,--,6:37:18 PM,8/20/2026,
428,45.2,gf,1.605,mm,OK,--,6:37:18 PM,8/20/2026,
429,45.2,gf,1.610,mm,OK,--,6:37:18 PM,8/20/2026,
430,45.2,gf,1.615,mm,OK,--,6:37:18 PM,8/20/2026,
431,45.3,gf,1.625,mm,OK,--,6:37:18 PM,8/20/2026,
432,45.2,gf,1.625,mm,OK,--,6:37:18 PM,8/20/2026,
433,45.2,gf,1.630,mm,OK,--,6:37:19 PM,8/20/2026,
434,45.2,gf,1.635,mm,OK,--,6:37:19 PM,8/20/2026,
435,45.2,gf,1.640,mm,OK,--,6:37:19 PM,8/20/2026,
436,45.2,gf,1.640,mm,OK,--,6:37:19 PM,8/20/2026,
437,45.3,gf,1.645,mm,OK,--,6:37:19 PM,8/20/2026,
438,45.3,gf,1.650,mm,OK,--,6:37:19 PM,8/20/2026,
439,45.3,gf,1.650,mm,OK,--,6:37:19 PM,8/20/2026,
440,45.3,gf,1.655,mm,OK,--,6:37:19 PM,8/20/2026,
441,45.3,gf,1.660,mm,OK,--,6:37:19 PM,8/20/2026,
442,45.3,gf,1.660,mm,OK,--,6:37:19 PM,8/20/2026,
443,45.3,gf,1.665,mm,OK,--,6:37:20 PM,8/20/2026,
444,45.3,gf,1.670,mm,OK,--,6:37:20 PM,8/20/2026,
445,45.4,gf,1.675,mm,OK,--,6:37:20 PM,8/20/2026,
446,45.4,gf,1.680,mm,OK,--,6:37:20 PM,8/20/2026,
447,45.4,gf,1.685,mm,OK,--,6:37:20 PM,8/20/2026,
448,45.4,gf,1.690,mm,OK,--,6:37:20 PM,8/20/2026,
449,45.4,gf,1.695,mm,OK,--,6:37:20 PM,8/20/2026,
450,45.5,gf,1.700,mm,OK,--,6:37:20 PM,8/20/2026,
451,45.5,gf,1.705,mm,OK,--,6:37:20 PM,8/20/2026,
452,45.6,gf,1.710,mm,OK,--,6:37:20 PM,8/20/2026,
453,45.6,gf,1.715,mm,OK,--,6:37:21 PM,8/20/2026,
454,45.6,gf,1.720,mm,OK,--,6:37:21 PM,8/20/2026,
455,45.6,gf,1.720,mm,OK,--,6:37:21 PM,8/20/2026,
456,45.6,gf,1.725,mm,OK,--,6:37:21 PM,8/20/2026,
457,45.6,gf,1.725,mm,OK,--,6:37:21 PM,8/20/2026,
458,45.6,gf,1.730,mm,OK,--,6:37:21 PM,8/20/2026,
459,45.6,gf,1.735,mm,OK,--,6:37:21 PM,8/20/2026,
460,45.7,gf,1.735,mm,OK,--,6:37:21 PM,8/20/2026,
461,45.7,gf,1.740,mm,OK,--,6:37:21 PM,8/20/2026,
462,45.7,gf,1.740,mm,OK,--,6:37:21 PM,8/20/2026,
463,45.7,gf,1.745,mm,OK,--,6:37:22 PM,8/20/2026,
464,45.7,gf,1.750,mm,OK,--,6:37:22 PM,8/20/2026,
465,45.8,gf,1.760,mm,OK,--,6:37:22 PM,8/20/2026,
466,45.8,gf,1.765,mm,OK,--,6:37:22 PM,8/20/2026,
467,45.8,gf,1.775,mm,OK,--,6:37:22 PM,8/20/2026,
468,45.8,gf,1.780,mm,OK,--,6:37:22 PM,8/20/2026,
469,45.8,gf,1.790,mm,OK,--,6:37:22 PM,8/20/2026,
470,45.8,gf,1.800,mm,OK,--,6:37:22 PM,8/20/2026,
471,45.9,gf,1.805,mm,OK,--,6:37:22 PM,8/20/2026,
472,45.9,gf,1.815,mm,OK,--,6:37:22 PM,8/20/2026,
473,46.0,gf,1.825,mm,OK,--,6:37:23 PM,8/20/2026,
474,46.0,gf,1.830,mm,OK,--,6:37:23 PM,8/20/2026,
475,46.1,gf,1.840,mm,OK,--,6:37:23 PM,8/20/2026,
476,46.1,gf,1.850,mm,OK,--,6:37:23 PM,8/20/2026,
477,46.1,gf,1.865,mm,OK,--,6:37:23 PM,8/20/2026,
478,46.2,gf,1.875,mm,OK,--,6:37:23 PM,8/20/2026,
479,46.2,gf,1.885,mm,OK,--,6:37:23 PM,8/20/2026,
480,46.2,gf,1.895,mm,OK,--,6:37:23 PM,8/20/2026,
481,46.2,gf,1.900,mm,OK,--,6:37:23 PM,8/20/2026,
482,46.2,gf,1.905,mm,OK,--,6:37:23 PM,8/20/2026,
483,46.2,gf,1.910,mm,OK,--,6:37:24 PM,8/20/2026,
484,46.2,gf,1.915,mm,OK,--,6:37:24 PM,8/20/2026,
485,46.3,gf,1.920,mm,OK,--,6:37:24 PM,8/20/2026,
486,46.3,gf,1.925,mm,OK,--,6:37:24 PM,8/20/2026,
487,46.3,gf,1.930,mm,OK,--,6:37:24 PM,8/20/2026,
488,46.3,gf,1.935,mm,OK,--,6:37:24 PM,8/20/2026,
489,46.3,gf,1.935,mm,OK,--,6:37:24 PM,8/20/2026,
490,46.3,gf,1.940,mm,OK,--,6:37:24 PM,8/20/2026,
491,46.3,gf,1.940,mm,OK,--,6:37:24 PM,8/20/2026,
492,46.3,gf,1.940,mm,OK,--,6:37:24 PM,8/20/2026,
493,46.4,gf,1.945,mm,OK,--,6:37:25 PM,8/20/2026,
494,46.4,gf,1.945,mm,OK,--,6:37:25 PM,8/20/2026,
495,46.4,gf,1.950,mm,OK,--,6:37:25 PM,8/20/2026,
496,46.4,gf,1.950,mm,OK,--,6:37:25 PM,8/20/2026,
497,46.4,gf,1.955,mm,OK,--,6:37:25 PM,8/20/2026,
498,46.5,gf,1.960,mm,OK,--,6:37:25 PM,8/20/2026,
499,46.4,gf,1.960,mm,OK,--,6:37:25 PM,8/20/2026,
500,46.5,gf,1.965,mm,OK,--,6:37:25 PM,8/20/2026,
501,46.5,gf,1.965,mm,OK,--,6:37:25 PM,8/20/2026,
502,46.5,gf,1.970,mm,OK,--,6:37:25 PM,8/20/2026,
503,46.5,gf,1.970,mm,OK,--,6:37:26 PM,8/20/2026,
504,46.5,gf,1.975,mm,OK,--,6:37:26 PM,8/20/2026,
505,46.5,gf,1.980,mm,OK,--,6:37:26 PM,8/20/2026,
506,46.5,gf,1.985,mm,OK,--,6:37:26 PM,8/20/2026,
507,46.5,gf,1.990,mm,OK,--,6:37:26 PM,8/20/2026,
508,46.5,gf,1.990,mm,OK,--,6:37:26 PM,8/20/2026,
509,46.5,gf,1.995,mm,OK,--,6:37:26 PM,8/20/2026,
510,46.5,gf,2.000,mm,OK,--,6:37:26 PM,8/20/2026,
511,46.6,gf,2.005,mm,OK,--,6:37:26 PM,8/20/2026,
512,46.6,gf,2.010,mm,OK,--,6:37:26 PM,8/20/2026,
513,46.7,gf,2.015,mm,OK,--,6:37:27 PM,8/20/2026,
514,46.7,gf,2.025,mm,OK,--,6:37:27 PM,8/20/2026,
515,46.7,gf,2.035,mm,OK,--,6:37:27 PM,8/20/2026,
516,46.7,gf,2.040,mm,OK,--,6:37:27 PM,8/20/2026,
517,46.7,gf,2.045,mm,OK,--,6:37:27 PM,8/20/2026,
518,46.7,gf,2.050,mm,OK,--,6:37:27 PM,8/20/2026,
519,46.7,gf,2.055,mm,OK,--,6:37:27 PM,8/20/2026,
520,46.8,gf,2.060,mm,OK,--,6:37:27 PM,8/20/2026,
521,46.8,gf,2.065,mm,OK,--,6:37:27 PM,8/20/2026,
522,46.8,gf,2.065,mm,OK,--,6:37:27 PM,8/20/2026,
523,46.8,gf,2.070,mm,OK,--,6:37:28 PM,8/20/2026,
524,46.8,gf,2.080,mm,OK,--,6:37:28 PM,8/20/2026,
525,46.8,gf,2.085,mm,OK,--,6:37:28 PM,8/20/2026,
526,46.8,gf,2.090,mm,OK,--,6:37:28 PM,8/20/2026,
527,46.8,gf,2.090,mm,OK,--,6:37:28 PM,8/20/2026,
528,46.8,gf,2.095,mm,OK,--,6:37:28 PM,8/20/2026,
529,46.9,gf,2.095,mm,OK,--,6:37:28 PM,8/20/2026,
530,46.9,gf,2.100,mm,OK,--,6:37:28 PM,8/20/2026,
531,46.9,gf,2.105,mm,OK,--,6:37:28 PM,8/20/2026,
532,46.9,gf,2.110,mm,OK,--,6:37:28 PM,8/20/2026,
533,46.9,gf,2.110,mm,OK,--,6:37:29 PM,8/20/2026,
534,46.9,gf,2.115,mm,OK,--,6:37:29 PM,8/20/2026,
535,47.0,gf,2.120,mm,OK,--,6:37:29 PM,8/20/2026,
536,47.0,gf,2.125,mm,OK,--,6:37:29 PM,8/20/2026,
537,47.0,gf,2.130,mm,OK,--,6:37:29 PM,8/20/2026,
538,47.0,gf,2.130,mm,OK,--,6:37:29 PM,8/20/2026,
539,47.0,gf,2.135,mm,OK,--,6:37:29 PM,8/20/2026,
540,47.0,gf,2.140,mm,OK,--,6:37:29 PM,8/20/2026,
541,47.1,gf,2.145,mm,OK,--,6:37:29 PM,8/20/2026,
542,47.1,gf,2.150,mm,OK,--,6:37:29 PM,8/20/2026,
543,47.1,gf,2.155,mm,OK,--,6:37:30 PM,8/20/2026,
544,47.1,gf,2.160,mm,OK,--,6:37:30 PM,8/20/2026,
545,47.2,gf,2.165,mm,OK,--,6:37:30 PM,8/20/2026,
546,47.2,gf,2.170,mm,OK,--,6:37:30 PM,8/20/2026,
547,47.2,gf,2.175,mm,OK,--,6:37:30 PM,8/20/2026,
548,47.2,gf,2.185,mm,OK,--,6:37:30 PM,8/20/2026,
549,47.3,gf,2.190,mm,OK,--,6:37:30 PM,8/20/2026,
550,47.4,gf,2.195,mm,OK,--,6:37:30 PM,8/20/2026,
551,47.4,gf,2.205,mm,OK,--,6:37:30 PM,8/20/2026,
552,47.4,gf,2.215,mm,OK,--,6:37:30 PM,8/20/2026,
553,47.4,gf,2.220,mm,OK,--,6:37:31 PM,8/20/2026,
554,47.4,gf,2.230,mm,OK,--,6:37:31 PM,8/20/2026,
555,47.4,gf,2.235,mm,OK,--,6:37:31 PM,8/20/2026,
556,47.4,gf,2.240,mm,OK,--,6:37:31 PM,8/20/2026,
557,47.4,gf,2.245,mm,OK,--,6:37:31 PM,8/20/2026,
558,47.4,gf,2.250,mm,OK,--,6:37:31 PM,8/20/2026,
559,47.4,gf,2.255,mm,OK,--,6:37:31 PM,8/20/2026,
560,47.5,gf,2.260,mm,OK,--,6:37:31 PM,8/20/2026,
561,47.6,gf,2.265,mm,OK,--,6:37:31 PM,8/20/2026,
562,47.5,gf,2.270,mm,OK,--,6:37:31 PM,8/20/2026,
563,47.5,gf,2.275,mm,OK,--,6:37:32 PM,8/20/2026,
564,47.5,gf,2.280,mm,OK,--,6:37:32 PM,8/20/2026,
565,47.6,gf,2.285,mm,OK,--,6:37:32 PM,8/20/2026,
566,47.6,gf,2.285,mm,OK,--,6:37:32 PM,8/20/2026,
567,47.6,gf,2.290,mm,OK,--,6:37:32 PM,8/20/2026,
568,47.6,gf,2.295,mm,OK,--,6:37:32 PM,8/20/2026,
569,47.6,gf,2.295,mm,OK,--,6:37:32 PM,8/20/2026,
570,47.6,gf,2.300,mm,OK,--,6:37:32 PM,8/20/2026,
571,47.6,gf,2.300,mm,OK,--,6:37:32 PM,8/20/2026,
572,47.6,gf,2.305,mm,OK,--,6:37:32 PM,8/20/2026,
573,47.6,gf,2.310,mm,OK,--,6:37:33 PM,8/20/2026,
574,47.7,gf,2.310,mm,OK,--,6:37:33 PM,8/20/2026,
575,47.7,gf,2.315,mm,OK,--,6:37:33 PM,8/20/2026,
576,47.7,gf,2.315,mm,OK,--,6:37:33 PM,8/20/2026,
577,47.7,gf,2.320,mm,OK,--,6:37:33 PM,8/20/2026,
578,47.7,gf,2.325,mm,OK,--,6:37:33 PM,8/20/2026,
579,47.7,gf,2.330,mm,OK,--,6:37:33 PM,8/20/2026,
580,47.7,gf,2.335,mm,OK,--,6:37:33 PM,8/20/2026,
581,47.8,gf,2.340,mm,OK,--,6:37:33 PM,8/20/2026,
582,47.8,gf,2.345,mm,OK,--,6:37:33 PM,8/20/2026,
583,47.8,gf,2.350,mm,OK,--,6:37:34 PM,8/20/2026,
584,47.8,gf,2.360,mm,OK,--,6:37:34 PM,8/20/2026,
585,47.9,gf,2.365,mm,OK,--,6:37:34 PM,8/20/2026,
586,47.9,gf,2.370,mm,OK,--,6:37:34 PM,8/20/2026,
587,48.1,gf,2.380,mm,OK,--,6:37:34 PM,8/20/2026,
588,48.1,gf,2.390,mm,OK,--,6:37:34 PM,8/20/2026,
589,48.1,gf,2.400,mm,OK,--,6:37:34 PM,8/20/2026,
590,48.1,gf,2.410,mm,OK,--,6:37:34 PM,8/20/2026,
591,48.1,gf,2.415,mm,OK,--,6:37:34 PM,8/20/2026,
592,48.1,gf,2.420,mm,OK,--,6:37:34 PM,8/20/2026,
593,48.1,gf,2.420,mm,OK,--,6:37:35 PM,8/20/2026,
594,48.2,gf,2.425,mm,OK,--,6:37:35 PM,8/20/2026,
595,48.2,gf,2.430,mm,OK,--,6:37:35 PM,8/20/2026,
596,48.2,gf,2.430,mm,OK,--,6:37:35 PM,8/20/2026,
597,48.2,gf,2.435,mm,OK,--,6:37:35 PM,8/20/2026,
598,48.2,gf,2.440,mm,OK,--,6:37:35 PM,8/20/2026,
599,48.2,gf,2.440,mm,OK,--,6:37:35 PM,8/20/2026,
600,48.2,gf,2.445,mm,OK,--,6:37:35 PM,8/20/2026,
601,48.2,gf,2.445,mm,OK,--,6:37:35 PM,8/20/2026,
602,48.2,gf,2.450,mm,OK,--,6:37:36 PM,8/20/2026,
603,48.2,gf,2.450,mm,OK,--,6:37:36 PM,8/20/2026,
604,48.2,gf,2.455,mm,OK,--,6:37:36 PM,8/20/2026,
605,48.3,gf,2.455,mm,OK,--,6:37:36 PM,8/20/2026,
606,48.3,gf,2.460,mm,OK,--,6:37:36 PM,8/20/2026,
607,48.3,gf,2.460,mm,OK,--,6:37:36 PM,8/20/2026,
608,48.3,gf,2.465,mm,OK,--,6:37:36 PM,8/20/2026,
609,48.3,gf,2.470,mm,OK,--,6:37:36 PM,8/20/2026,
610,48.3,gf,2.470,mm,OK,--,6:37:36 PM,8/20/2026,
611,48.3,gf,2.475,mm,OK,--,6:37:36 PM,8/20/2026,
612,48.3,gf,2.480,mm,OK,--,6:37:36 PM,8/20/2026,
613,48.3,gf,2.480,mm,OK,--,6:37:37 PM,8/20/2026,
614,48.4,gf,2.485,mm,OK,--,6:37:37 PM,8/20/2026,
615,48.4,gf,2.495,mm,OK,--,6:37:37 PM,8/20/2026,
616,48.5,gf,2.500,mm,OK,--,6:37:37 PM,8/20/2026,
617,48.4,gf,2.505,mm,OK,--,6:37:37 PM,8/20/2026,
618,48.5,gf,2.510,mm,OK,--,6:37:37 PM,8/20/2026,
619,48.5,gf,2.515,mm,OK,--,6:37:37 PM,8/20/2026,
620,48.5,gf,2.520,mm,OK,--,6:37:37 PM,8/20/2026,
621,48.5,gf,2.525,mm,OK,--,6:37:37 PM,8/20/2026,
622,48.5,gf,2.530,mm,OK,--,6:37:37 PM,8/20/2026,
623,48.6,gf,2.535,mm,OK,--,6:37:38 PM,8/20/2026,
624,48.6,gf,2.545,mm,OK,--,6:37:38 PM,8/20/2026,
625,48.6,gf,2.550,mm,OK,--,6:37:38 PM,8/20/2026,
626,48.6,gf,2.555,mm,OK,--,6:37:38 PM,8/20/2026,
627,48.6,gf,2.560,mm,OK,--,6:37:38 PM,8/20/2026,
628,48.7,gf,2.565,mm,OK,--,6:37:38 PM,8/20/2026,
629,48.7,gf,2.570,mm,OK,--,6:37:38 PM,8/20/2026,
630,48.7,gf,2.575,mm,OK,--,6:37:38 PM,8/20/2026,
631,48.7,gf,2.580,mm,OK,--,6:37:38 PM,8/20/2026,
632,48.7,gf,2.580,mm,OK,--,6:37:38 PM,8/20/2026,
633,48.7,gf,2.585,mm,OK,--,6:37:39 PM,8/20/2026,
634,48.7,gf,2.585,mm,OK,--,6:37:39 PM,8/20/2026,
635,48.7,gf,2.590,mm,OK,--,6:37:39 PM,8/20/2026,
636,48.7,gf,2.590,mm,OK,--,6:37:39 PM,8/20/2026,
637,48.7,gf,2.590,mm,OK,--,6:37:39 PM,8/20/2026,
638,48.7,gf,2.590,mm,OK,--,6:37:39 PM,8/20/2026,
639,48.7,gf,2.595,mm,OK,--,6:37:39 PM,8/20/2026,
640,48.7,gf,2.595,mm,OK,--,6:37:39 PM,8/20/2026,
641,48.7,gf,2.600,mm,OK,--,6:37:39 PM,8/20/2026,
642,48.7,gf,2.600,mm,OK,--,6:37:39 PM,8/20/2026,
643,48.7,gf,2.600,mm,OK,--,6:37:40 PM,8/20/2026,
644,48.7,gf,2.605,mm,OK,--,6:37:40 PM,8/20/2026,
645,48.7,gf,2.605,mm,OK,--,6:37:40 PM,8/20/2026,
646,48.7,gf,2.605,mm,OK,--,6:37:40 PM,8/20/2026,
647,48.8,gf,2.605,mm,OK,--,6:37:40 PM,8/20/2026,
648,48.8,gf,2.610,mm,OK,--,6:37:40 PM,8/20/2026,
649,48.8,gf,2.610,mm,OK,--,6:37:40 PM,8/20/2026,
650,48.8,gf,2.610,mm,OK,--,6:37:40 PM,8/20/2026,
651,48.8,gf,2.610,mm,OK,--,6:37:40 PM,8/20/2026,
652,48.7,gf,2.610,mm,OK,--,6:37:40 PM,8/20/2026,
653,48.7,gf,2.610,mm,OK,--,6:37:41 PM,8/20/2026,
654,48.7,gf,2.615,mm,OK,--,6:37:41 PM,8/20/2026,
655,48.7,gf,2.615,mm,OK,--,6:37:41 PM,8/20/2026,
656,48.7,gf,2.615,mm,OK,--,6:37:41 PM,8/20/2026,
657,48.7,gf,2.615,mm,OK,--,6:37:41 PM,8/20/2026,
658,48.7,gf,2.615,mm,OK,--,6:37:41 PM,8/20/2026,
659,48.7,gf,2.615,mm,OK,--,6:37:41 PM,8/20/2026,
660,48.7,gf,2.615,mm,OK,--,6:37:41 PM,8/20/2026,
661,48.7,gf,2.615,mm,OK,--,6:37:41 PM,8/20/2026,
662,48.7,gf,2.615,mm,OK,--,6:37:41 PM,8/20/2026,
663,48.7,gf,2.615,mm,OK,--,6:37:42 PM,8/20/2026,
664,48.8,gf,2.615,mm,OK,--,6:37:42 PM,8/20/2026,
665,48.8,gf,2.615,mm,OK,--,6:37:42 PM,8/20/2026,
666,48.8,gf,2.615,mm,OK,--,6:37:42 PM,8/20/2026,
667,48.8,gf,2.620,mm,OK,--,6:37:42 PM,8/20/2026,
668,48.8,gf,2.620,mm,OK,--,6:37:42 PM,8/20/2026,
669,48.8,gf,2.620,mm,OK,--,6:37:42 PM,8/20/2026,
670,48.8,gf,2.620,mm,OK,--,6:37:42 PM,8/20/2026,
671,48.8,gf,2.620,mm,OK,--,6:37:42 PM,8/20/2026,
672,48.8,gf,2.625,mm,OK,--,6:37:42 PM,8/20/2026,
673,48.8,gf,2.625,mm,OK,--,6:37:43 PM,8/20/2026,
674,48.8,gf,2.625,mm,OK,--,6:37:43 PM,8/20/2026,
675,48.8,gf,2.630,mm,OK,--,6:37:43 PM,8/20/2026,
676,48.8,gf,2.630,mm,OK,--,6:37:43 PM,8/20/2026,
677,48.8,gf,2.635,mm,OK,--,6:37:43 PM,8/20/2026,
678,48.8,gf,2.635,mm,OK,--,6:37:43 PM,8/20/2026,
679,48.9,gf,2.640,mm,OK,--,6:37:43 PM,8/20/2026,
680,48.9,gf,2.645,mm,OK,--,6:37:43 PM,8/20/2026,
681,48.9,gf,2.645,mm,OK,--,6:37:43 PM,8/20/2026,
682,48.9,gf,2.650,mm,OK,--,6:37:43 PM,8/20/2026,
683,48.9,gf,2.660,mm,OK,--,6:37:44 PM,8/20/2026,
684,49.0,gf,2.665,mm,OK,--,6:37:44 PM,8/20/2026,
685,49.0,gf,2.670,mm,OK,--,6:37:44 PM,8/20/2026,
686,49.0,gf,2.680,mm,OK,--,6:37:44 PM,8/20/2026,
687,49.1,gf,2.685,mm,OK,--,6:37:44 PM,8/20/2026,
688,49.1,gf,2.695,mm,OK,--,6:37:44 PM,8/20/2026,
689,49.2,gf,2.705,mm,OK,--,6:37:44 PM,8/20/2026,
690,49.2,gf,2.715,mm,OK,--,6:37:44 PM,8/20/2026,
691,49.2,gf,2.725,mm,OK,--,6:37:44 PM,8/20/2026,
692,49.2,gf,2.735,mm,OK,--,6:37:44 PM,8/20/2026,
693,49.3,gf,2.745,mm,OK,--,6:37:45 PM,8/20/2026,
694,49.3,gf,2.755,mm,OK,--,6:37:45 PM,8/20/2026,
695,49.4,gf,2.765,mm,OK,--,6:37:45 PM,8/20/2026,
696,49.4,gf,2.775,mm,OK,--,6:37:45 PM,8/20/2026,
697,49.6,gf,2.800,mm,OK,--,6:37:45 PM,8/20/2026,
698,49.7,gf,2.825,mm,OK,--,6:37:45 PM,8/20/2026,
699,49.6,gf,2.845,mm,OK,--,6:37:45 PM,8/20/2026,
700,49.7,gf,2.865,mm,OK,--,6:37:45 PM,8/20/2026,
701,49.9,gf,2.885,mm,OK,--,6:37:45 PM,8/20/2026,
702,49.8,gf,2.895,mm,OK,--,6:37:45 PM,8/20/2026,
703,49.8,gf,2.905,mm,OK,--,6:37:46 PM,8/20/2026,
704,49.9,gf,2.920,mm,OK,--,6:37:46 PM,8/20/2026,
705,50.0,gf,2.930,mm,OK,--,6:37:46 PM,8/20/2026,
706,50.0,gf,2.940,mm,OK,--,6:37:46 PM,8/20/2026,
707,50.0,gf,2.950,mm,OK,--,6:37:46 PM,8/20/2026,
708,50.0,gf,2.955,mm,OK,--,6:37:46 PM,8/20/2026,
709,50.0,gf,2.960,mm,OK,--,6:37:46 PM,8/20/2026,
710,50.0,gf,2.965,mm,OK,--,6:37:46 PM,8/20/2026,
711,50.0,gf,2.970,mm,OK,--,6:37:46 PM,8/20/2026,
712,50.0,gf,2.970,mm,OK,--,6:37:46 PM,8/20/2026,
713,50.0,gf,2.975,mm,OK,--,6:37:47 PM,8/20/2026,
714,50.1,gf,2.980,mm,OK,--,6:37:47 PM,8/20/2026,
715,50.1,gf,2.985,mm,OK,--,6:37:47 PM,8/20/2026,
716,50.1,gf,2.990,mm,OK,--,6:37:47 PM,8/20/2026,
717,50.1,gf,2.990,mm,OK,--,6:37:47 PM,8/20/2026,
718,50.1,gf,2.995,mm,OK,--,6:37:47 PM,8/20/2026,
719,50.1,gf,3.000,mm,OK,--,6:37:47 PM,8/20/2026,
720,50.1,gf,3.005,mm,OK,--,6:37:47 PM,8/20/2026,
721,50.2,gf,3.010,mm,OK,--,6:37:47 PM,8/20/2026,
722,50.2,gf,3.015,mm,OK,--,6:37:47 PM,8/20/2026,
723,50.2,gf,3.020,mm,OK,--,6:37:48 PM,8/20/2026,
724,50.2,gf,3.025,mm,OK,--,6:37:48 PM,8/20/2026,
725,50.2,gf,3.030,mm,OK,--,6:37:48 PM,8/20/2026,
726,50.3,gf,3.035,mm,OK,--,6:37:48 PM,8/20/2026,
727,50.3,gf,3.040,mm,OK,--,6:37:48 PM,8/20/2026,
728,50.3,gf,3.045,mm,OK,--,6:37:48 PM,8/20/2026,
729,50.3,gf,3.050,mm,OK,--,6:37:48 PM,8/20/2026,
730,50.3,gf,3.055,mm,OK,--,6:37:48 PM,8/20/2026,
731,50.3,gf,3.060,mm,OK,--,6:37:48 PM,8/20/2026,
732,50.3,gf,3.065,mm,OK,--,6:37:48 PM,8/20/2026,
733,50.4,gf,3.075,mm,OK,--,6:37:49 PM,8/20/2026,
734,50.4,gf,3.080,mm,OK,--,6:37:49 PM,8/20/2026,
735,50.4,gf,3.085,mm,OK,--,6:37:49 PM,8/20/2026,
736,50.4,gf,3.090,mm,OK,--,6:37:49 PM,8/20/2026,
737,50.4,gf,3.090,mm,OK,--,6:37:49 PM,8/20/2026,
738,50.5,gf,3.095,mm,OK,--,6:37:49 PM,8/20/2026,
739,50.5,gf,3.100,mm,OK,--,6:37:49 PM,8/20/2026,
740,50.5,gf,3.105,mm,OK,--,6:37:49 PM,8/20/2026,
741,50.5,gf,3.110,mm,OK,--,6:37:49 PM,8/20/2026,
742,50.5,gf,3.115,mm,OK,--,6:37:49 PM,8/20/2026,
743,50.5,gf,3.120,mm,OK,--,6:37:50 PM,8/20/2026,
744,50.6,gf,3.125,mm,OK,--,6:37:50 PM,8/20/2026,
745,50.5,gf,3.130,mm,OK,--,6:37:50 PM,8/20/2026,
746,50.6,gf,3.135,mm,OK,--,6:37:50 PM,8/20/2026,
747,50.6,gf,3.135,mm,OK,--,6:37:50 PM,8/20/2026,
748,50.6,gf,3.140,mm,OK,--,6:37:50 PM,8/20/2026,
749,50.6,gf,3.140,mm,OK,--,6:37:50 PM,8/20/2026,
750,50.6,gf,3.145,mm,OK,--,6:37:50 PM,8/20/2026,
751,50.6,gf,3.150,mm,OK,--,6:37:50 PM,8/20/2026,
752,50.6,gf,3.155,mm,OK,--,6:37:50 PM,8/20/2026,
753,50.6,gf,3.160,mm,OK,--,6:37:51 PM,8/20/2026,
754,50.7,gf,3.165,mm,OK,--,6:37:51 PM,8/20/2026,
755,50.7,gf,3.170,mm,OK,--,6:37:51 PM,8/20/2026,
756,50.7,gf,3.180,mm,OK,--,6:37:51 PM,8/20/2026,
757,50.8,gf,3.185,mm,OK,--,6:37:51 PM,8/20/2026,
758,50.8,gf,3.195,mm,OK,--,6:37:51 PM,8/20/2026,
759,50.9,gf,3.205,mm,OK,--,6:37:51 PM,8/20/2026,
760,50.9,gf,3.210,mm,OK,--,6:37:51 PM,8/20/2026,
761,51.0,gf,3.215,mm,OK,--,6:37:51 PM,8/20/2026,
762,51.0,gf,3.225,mm,OK,--,6:37:51 PM,8/20/2026,
763,51.1,gf,3.230,mm,OK,--,6:37:52 PM,8/20/2026,
764,51.1,gf,3.235,mm,OK,--,6:37:52 PM,8/20/2026,
765,51.1,gf,3.240,mm,OK,--,6:37:52 PM,8/20/2026,
766,51.2,gf,3.245,mm,OK,--,6:37:52 PM,8/20/2026,
767,51.2,gf,3.255,mm,OK,--,6:37:52 PM,8/20/2026,
768,51.1,gf,3.265,mm,OK,--,6:37:52 PM,8/20/2026,
769,51.1,gf,3.270,mm,OK,--,6:37:52 PM,8/20/2026,
770,51.1,gf,3.275,mm,OK,--,6:37:52 PM,8/20/2026,
771,51.2,gf,3.280,mm,OK,--,6:37:52 PM,8/20/2026,
772,51.2,gf,3.290,mm,OK,--,6:37:52 PM,8/20/2026,
773,51.2,gf,3.295,mm,OK,--,6:37:53 PM,8/20/2026,
774,51.2,gf,3.300,mm,OK,--,6:37:53 PM,8/20/2026,
775,51.2,gf,3.305,mm,OK,--,6:37:53 PM,8/20/2026,
776,51.2,gf,3.310,mm,OK,--,6:37:53 PM,8/20/2026,
777,51.2,gf,3.315,mm,OK,--,6:37:53 PM,8/20/2026,
778,51.2,gf,3.320,mm,OK,--,6:37:53 PM,8/20/2026,
779,51.4,gf,3.325,mm,OK,--,6:37:53 PM,8/20/2026,
780,51.5,gf,3.335,mm,OK,--,6:37:53 PM,8/20/2026,
781,51.5,gf,3.340,mm,OK,--,6:37:53 PM,8/20/2026,
782,51.5,gf,3.345,mm,OK,--,6:37:53 PM,8/20/2026,
783,51.5,gf,3.350,mm,OK,--,6:37:54 PM,8/20/2026,
784,51.5,gf,3.355,mm,OK,--,6:37:54 PM,8/20/2026,
785,51.5,gf,3.355,mm,OK,--,6:37:54 PM,8/20/2026,
786,51.5,gf,3.360,mm,OK,--,6:37:54 PM,8/20/2026,
787,51.5,gf,3.360,mm,OK,--,6:37:54 PM,8/20/2026,
788,51.5,gf,3.365,mm,OK,--,6:37:54 PM,8/20/2026,
789,51.5,gf,3.365,mm,OK,--,6:37:54 PM,8/20/2026,
790,51.6,gf,3.370,mm,OK,--,6:37:54 PM,8/20/2026,
791,51.6,gf,3.375,mm,OK,--,6:37:54 PM,8/20/2026,
792,51.6,gf,3.380,mm,OK,--,6:37:54 PM,8/20/2026,
793,51.6,gf,3.385,mm,OK,--,6:37:55 PM,8/20/2026,
794,51.6,gf,3.390,mm,OK,--,6:37:55 PM,8/20/2026,
795,51.6,gf,3.390,mm,OK,--,6:37:55 PM,8/20/2026,
796,51.6,gf,3.395,mm,OK,--,6:37:55 PM,8/20/2026,
797,51.6,gf,3.405,mm,OK,--,6:37:55 PM,8/20/2026,
798,51.6,gf,3.410,mm,OK,--,6:37:55 PM,8/20/2026,
799,51.6,gf,3.415,mm,OK,--,6:37:55 PM,8/20/2026,
800,51.6,gf,3.420,mm,OK,--,6:37:55 PM,8/20/2026,
801,51.6,gf,3.425,mm,OK,--,6:37:55 PM,8/20/2026,
802,51.6,gf,3.430,mm,OK,--,6:37:55 PM,8/20/2026,
803,51.6,gf,3.435,mm,OK,--,6:37:56 PM,8/20/2026,
804,51.6,gf,3.440,mm,OK,--,6:37:56 PM,8/20/2026,
805,51.7,gf,3.445,mm,OK,--,6:37:56 PM,8/20/2026,
806,51.7,gf,3.450,mm,OK,--,6:37:56 PM,8/20/2026,
807,51.7,gf,3.455,mm,OK,--,6:37:56 PM,8/20/2026,
808,51.7,gf,3.460,mm,OK,--,6:37:56 PM,8/20/2026,
809,51.7,gf,3.460,mm,OK,--,6:37:56 PM,8/20/2026,
810,51.8,gf,3.465,mm,OK,--,6:37:56 PM,8/20/2026,
811,51.8,gf,3.470,mm,OK,--,6:37:56 PM,8/20/2026,
812,51.8,gf,3.475,mm,OK,--,6:37:56 PM,8/20/2026,
813,51.8,gf,3.480,mm,OK,--,6:37:57 PM,8/20/2026,
814,51.8,gf,3.485,mm,OK,--,6:37:57 PM,8/20/2026,
815,51.8,gf,3.490,mm,OK,--,6:37:57 PM,8/20/2026,
816,51.9,gf,3.495,mm,OK,--,6:37:57 PM,8/20/2026,
817,51.9,gf,3.500,mm,OK,--,6:37:57 PM,8/20/2026,
818,51.9,gf,3.505,mm,OK,--,6:37:57 PM,8/20/2026,
819,52.0,gf,3.515,mm,OK,--,6:37:57 PM,8/20/2026,
820,52.0,gf,3.525,mm,OK,--,6:37:57 PM,8/20/2026,
821,52.0,gf,3.530,mm,OK,--,6:37:57 PM,8/20/2026,
822,52.0,gf,3.530,mm,OK,--,6:37:57 PM,8/20/2026,
823,52.0,gf,3.535,mm,OK,--,6:37:58 PM,8/20/2026,
824,52.1,gf,3.540,mm,OK,--,6:37:58 PM,8/20/2026,
825,52.0,gf,3.540,mm,OK,--,6:37:58 PM,8/20/2026,
826,52.0,gf,3.540,mm,OK,--,6:37:58 PM,8/20/2026,
827,52.0,gf,3.545,mm,OK,--,6:37:58 PM,8/20/2026,
828,52.0,gf,3.545,mm,OK,--,6:37:58 PM,8/20/2026,
829,52.1,gf,3.550,mm,OK,--,6:37:58 PM,8/20/2026,
830,52.1,gf,3.550,mm,OK,--,6:37:58 PM,8/20/2026,
831,52.1,gf,3.555,mm,OK,--,6:37:58 PM,8/20/2026,
832,52.1,gf,3.560,mm,OK,--,6:37:58 PM,8/20/2026,
833,52.2,gf,3.560,mm,OK,--,6:37:59 PM,8/20/2026,
834,52.1,gf,3.565,mm,OK,--,6:37:59 PM,8/20/2026,
835,52.2,gf,3.570,mm,OK,--,6:37:59 PM,8/20/2026,
836,52.1,gf,3.570,mm,OK,--,6:37:59 PM,8/20/2026,
837,52.1,gf,3.570,mm,OK,--,6:37:59 PM,8/20/2026,
838,52.2,gf,3.575,mm,OK,--,6:37:59 PM,8/20/2026,
839,52.3,gf,3.585,mm,OK,--,6:37:59 PM,8/20/2026,
840,56.8,gf,3.590,mm,OK,--,6:37:59 PM,8/20/2026,
841,60.7,gf,3.595,mm,OK,--,6:37:59 PM,8/20/2026,
842,65.0,gf,3.600,mm,OK,--,6:37:59 PM,8/20/2026,
843,68.1,gf,3.600,mm,OK,--,6:38:00 PM,8/20/2026,
844,70.8,gf,3.605,mm,OK,--,6:38:00 PM,8/20/2026,
845,73.0,gf,3.605,mm,OK,--,6:38:00 PM,8/20/2026,
846,75.4,gf,3.610,mm,OK,--,6:38:00 PM,8/20/2026,
847,77.8,gf,3.610,mm,OK,--,6:38:00 PM,8/20/2026,
848,80.4,gf,3.615,mm,OK,--,6:38:00 PM,8/20/2026,
849,82.7,gf,3.615,mm,OK,--,6:38:00 PM,8/20/2026,
850,85.0,gf,3.620,mm,OK,--,6:38:00 PM,8/20/2026,
851,87.3,gf,3.620,mm,OK,--,6:38:00 PM,8/20/2026,
852,89.9,gf,3.625,mm,OK,--,6:38:00 PM,8/20/2026,
853,91.9,gf,3.625,mm,OK,--,6:38:01 PM,8/20/2026,
854,94.0,gf,3.630,mm,OK,--,6:38:01 PM,8/20/2026,
855,95.9,gf,3.630,mm,OK,--,6:38:01 PM,8/20/2026,
856,97.5,gf,3.630,mm,OK,--,6:38:01 PM,8/20/2026,
857,99.1,gf,3.635,mm,OK,--,6:38:01 PM,8/20/2026,
858,100.5,gf,3.635,mm,OK,--,6:38:01 PM,8/20/2026,
859,102.1,gf,3.635,mm,OK,--,6:38:01 PM,8/20/2026,
860,103.5,gf,3.640,mm,OK,--,6:38:01 PM,8/20/2026,
861,104.6,gf,3.640,mm,OK,--,6:38:01 PM,8/20/2026,
862,105.6,gf,3.640,mm,OK,--,6:38:01 PM,8/20/2026,
863,106.9,gf,3.640,mm,OK,--,6:38:02 PM,8/20/2026,
864,107.9,gf,3.645,mm,OK,--,6:38:02 PM,8/20/2026,
865,109.0,gf,3.645,mm,OK,--,6:38:02 PM,8/20/2026,
866,109.7,gf,3.645,mm,OK,--,6:38:02 PM,8/20/2026,
867,110.3,gf,3.645,mm,OK,--,6:38:02 PM,8/20/2026,
868,110.9,gf,3.645,mm,OK,--,6:38:02 PM,8/20/2026,
869,111.8,gf,3.645,mm,OK,--,6:38:02 PM,8/20/2026,
870,112.6,gf,3.650,mm,OK,--,6:38:02 PM,8/20/2026,
871,113.6,gf,3.650,mm,OK,--,6:38:02 PM,8/20/2026,
872,114.8,gf,3.650,mm,OK,--,6:38:02 PM,8/20/2026,
873,116.0,gf,3.650,mm,OK,--,6:38:03 PM,8/20/2026,
874,117.4,gf,3.650,mm,OK,--,6:38:03 PM,8/20/2026,
875,118.8,gf,3.655,mm,OK,--,6:38:03 PM,8/20/2026,
876,120.1,gf,3.655,mm,OK,--,6:38:03 PM,8/20/2026,
877,121.2,gf,3.655,mm,OK,--,6:38:03 PM,8/20/2026,
878,122.3,gf,3.655,mm,OK,--,6:38:03 PM,8/20/2026,
879,123.3,gf,3.660,mm,OK,--,6:38:03 PM,8/20/2026,
880,124.2,gf,3.660,mm,OK,--,6:38:03 PM,8/20/2026,
881,125.1,gf,3.660,mm,OK,--,6:38:03 PM,8/20/2026,
882,125.9,gf,3.660,mm,OK,--,6:38:03 PM,8/20/2026,
883,126.8,gf,3.660,mm,OK,--,6:38:04 PM,8/20/2026,
884,127.6,gf,3.665,mm,OK,--,6:38:04 PM,8/20/2026,
885,128.3,gf,3.665,mm,OK,--,6:38:04 PM,8/20/2026,
886,129.0,gf,3.665,mm,OK,--,6:38:04 PM,8/20/2026,
887,129.6,gf,3.665,mm,OK,--,6:38:04 PM,8/20/2026,
888,130.1,gf,3.665,mm,OK,--,6:38:04 PM,8/20/2026,
889,130.6,gf,3.665,mm,OK,--,6:38:04 PM,8/20/2026,
890,131.1,gf,3.665,mm,OK,--,6:38:04 PM,8/20/2026,
891,131.7,gf,3.665,mm,OK,--,6:38:04 PM,8/20/2026,
892,132.2,gf,3.665,mm,OK,--,6:38:04 PM,8/20/2026,
893,132.6,gf,3.670,mm,OK,--,6:38:05 PM,8/20/2026,
894,133.3,gf,3.670,mm,OK,--,6:38:05 PM,8/20/2026,
895,134.0,gf,3.670,mm,OK,--,6:38:05 PM,8/20/2026,
896,134.6,gf,3.670,mm,OK,--,6:38:05 PM,8/20/2026,
897,135.0,gf,3.670,mm,OK,--,6:38:05 PM,8/20/2026,
898,135.2,gf,3.670,mm,OK,--,6:38:05 PM,8/20/2026,
899,135.4,gf,3.670,mm,OK,--,6:38:05 PM,8/20/2026,
900,135.9,gf,3.670,mm,OK,--,6:38:05 PM,8/20/2026,
901,136.4,gf,3.670,mm,OK,--,6:38:05 PM,8/20/2026,
902,136.8,gf,3.670,mm,OK,--,6:38:05 PM,8/20/2026,
903,137.3,gf,3.675,mm,OK,--,6:38:06 PM,8/20/2026,
904,137.7,gf,3.675,mm,OK,--,6:38:06 PM,8/20/2026,
905,138.4,gf,3.675,mm,OK,--,6:38:06 PM,8/20/2026,
906,139.0,gf,3.675,mm,OK,--,6:38:06 PM,8/20/2026,
907,139.7,gf,3.675,mm,OK,--,6:38:06 PM,8/20/2026,
908,140.0,gf,3.675,mm,OK,--,6:38:06 PM,8/20/2026,
909,140.6,gf,3.675,mm,OK,--,6:38:06 PM,8/20/2026,
910,141.5,gf,3.675,mm,OK,--,6:38:06 PM,8/20/2026,
911,142.2,gf,3.680,mm,OK,--,6:38:06 PM,8/20/2026,
912,143.0,gf,3.680,mm,OK,--,6:38:06 PM,8/20/2026,
913,143.9,gf,3.680,mm,OK,--,6:38:07 PM,8/20/2026,
914,144.4,gf,3.680,mm,OK,--,6:38:07 PM,8/20/2026,
915,144.9,gf,3.680,mm,OK,--,6:38:07 PM,8/20/2026,
916,145.4,gf,3.680,mm,OK,--,6:38:07 PM,8/20/2026,
917,146.1,gf,3.680,mm,OK,--,6:38:07 PM,8/20/2026,
918,147.0,gf,3.685,mm,OK,--,6:38:07 PM,8/20/2026,
919,147.5,gf,3.685,mm,OK,--,6:38:07 PM,8/20/2026,
920,148.0,gf,3.685,mm,OK,--,6:38:07 PM,8/20/2026,
921,148.8,gf,3.685,mm,OK,--,6:38:07 PM,8/20/2026,
922,149.4,gf,3.685,mm,OK,--,6:38:07 PM,8/20/2026,
923,150.0,gf,3.685,mm,OK,--,6:38:08 PM,8/20/2026,
924,150.7,gf,3.685,mm,OK,--,6:38:08 PM,8/20/2026,
925,151.2,gf,3.690,mm,OK,--,6:38:08 PM,8/20/2026,
926,152.0,gf,3.690,mm,OK,--,6:38:08 PM,8/20/2026,
927,152.9,gf,3.690,mm,OK,--,6:38:08 PM,8/20/2026,
928,153.8,gf,3.690,mm,OK,--,6:38:08 PM,8/20/2026,
929,154.9,gf,3.690,mm,OK,--,6:38:08 PM,8/20/2026,
930,155.8,gf,3.690,mm,OK,--,6:38:08 PM,8/20/2026,
931,157.1,gf,3.695,mm,OK,--,6:38:08 PM,8/20/2026,
932,158.9,gf,3.695,mm,OK,--,6:38:08 PM,8/20/2026,
933,160.8,gf,3.695,mm,OK,--,6:38:09 PM,8/20/2026,
934,162.7,gf,3.700,mm,OK,--,6:38:09 PM,8/20/2026,
935,164.4,gf,3.700,mm,OK,--,6:38:09 PM,8/20/2026,
936,166.3,gf,3.705,mm,OK,--,6:38:09 PM,8/20/2026,
937,168.4,gf,3.705,mm,OK,--,6:38:09 PM,8/20/2026,
938,170.4,gf,3.705,mm,OK,--,6:38:09 PM,8/20/2026,
939,172.5,gf,3.710,mm,OK,--,6:38:09 PM,8/20/2026,
940,174.9,gf,3.710,mm,OK,--,6:38:09 PM,8/20/2026,
941,177.2,gf,3.715,mm,OK,--,6:38:09 PM,8/20/2026,
942,178.9,gf,3.715,mm,OK,--,6:38:09 PM,8/20/2026,
943,180.4,gf,3.720,mm,OK,--,6:38:10 PM,8/20/2026,
944,181.8,gf,3.720,mm,OK,--,6:38:10 PM,8/20/2026,
945,183.2,gf,3.720,mm,OK,--,6:38:10 PM,8/20/2026,
946,184.7,gf,3.720,mm,OK,--,6:38:10 PM,8/20/2026,
947,186.7,gf,3.725,mm,OK,--,6:38:10 PM,8/20/2026,
948,188.5,gf,3.725,mm,OK,--,6:38:10 PM,8/20/2026,
949,189.4,gf,3.725,mm,OK,--,6:38:10 PM,8/20/2026,
950,190.2,gf,3.725,mm,OK,--,6:38:10 PM,8/20/2026,
951,190.4,gf,3.725,mm,OK,--,6:38:10 PM,8/20/2026,
952,190.3,gf,3.730,mm,OK,--,6:38:10 PM,8/20/2026,
953,190.2,gf,3.730,mm,OK,--,6:38:11 PM,8/20/2026,
954,190.0,gf,3.730,mm,OK,--,6:38:11 PM,8/20/2026,
955,189.8,gf,3.730,mm,OK,--,6:38:11 PM,8/20/2026,
956,189.9,gf,3.730,mm,OK,--,6:38:11 PM,8/20/2026,
957,189.9,gf,3.730,mm,OK,--,6:38:11 PM,8/20/2026,
958,189.8,gf,3.730,mm,OK,--,6:38:11 PM,8/20/2026,
959,189.7,gf,3.730,mm,OK,--,6:38:11 PM,8/20/2026,
960,189.7,gf,3.730,mm,OK,--,6:38:11 PM,8/20/2026,
961,189.8,gf,3.730,mm,OK,--,6:38:11 PM,8/20/2026,
962,189.7,gf,3.730,mm,OK,--,6:38:11 PM,8/20/2026,
963,189.7,gf,3.730,mm,OK,--,6:38:12 PM,8/20/2026,
964,189.7,gf,3.730,mm,OK,--,6:38:12 PM,8/20/2026,
965,189.7,gf,3.730,mm,OK,--,6:38:12 PM,8/20/2026,
966,189.7,gf,3.730,mm,OK,--,6:38:12 PM,8/20/2026,
967,189.7,gf,3.730,mm,OK,--,6:38:12 PM,8/20/2026,
968,189.5,gf,3.730,mm,OK,--,6:38:12 PM,8/20/2026,
969,189.4,gf,3.730,mm,OK,--,6:38:12 PM,8/20/2026,
970,189.3,gf,3.730,mm,OK,--,6:38:12 PM,8/20/2026,
971,189.1,gf,3.730,mm,OK,--,6:38:12 PM,8/20/2026,
972,189.0,gf,3.730,mm,OK,--,6:38:12 PM,8/20/2026,
973,188.8,gf,3.730,mm,OK,--,6:38:13 PM,8/20/2026,
974,188.8,gf,3.730,mm,OK,--,6:38:13 PM,8/20/2026,
975,188.4,gf,3.730,mm,OK,--,6:38:13 PM,8/20/2026,
976,188.0,gf,3.725,mm,OK,--,6:38:13 PM,8/20/2026,
977,187.5,gf,3.725,mm,OK,--,6:38:13 PM,8/20/2026,
978,186.6,gf,3.725,mm,OK,--,6:38:13 PM,8/20/2026,
979,185.8,gf,3.725,mm,OK,--,6:38:13 PM,8/20/2026,
980,185.4,gf,3.725,mm,OK,--,6:38:13 PM,8/20/2026,
981,185.1,gf,3.725,mm,OK,--,6:38:13 PM,8/20/2026,
982,184.8,gf,3.725,mm,OK,--,6:38:13 PM,8/20/2026,
983,184.3,gf,3.725,mm,OK,--,6:38:14 PM,8/20/2026,
984,183.5,gf,3.725,mm,OK,--,6:38:14 PM,8/20/2026,
985,182.2,gf,3.720,mm,OK,--,6:38:14 PM,8/20/2026,
986,180.7,gf,3.720,mm,OK,--,6:38:14 PM,8/20/2026,
987,179.6,gf,3.720,mm,OK,--,6:38:14 PM,8/20/2026,
988,179.4,gf,3.720,mm,OK,--,6:38:14 PM,8/20/2026,
989,178.9,gf,3.720,mm,OK,--,6:38:14 PM,8/20/2026,
990,178.4,gf,3.720,mm,OK,--,6:38:14 PM,8/20/2026,
991,177.4,gf,3.720,mm,OK,--,6:38:14 PM,8/20/2026,
992,176.1,gf,3.715,mm,OK,--,6:38:14 PM,8/20/2026,
993,175.1,gf,3.715,mm,OK,--,6:38:15 PM,8/20/2026,
994,174.1,gf,3.715,mm,OK,--,6:38:15 PM,8/20/2026,
995,173.3,gf,3.715,mm,OK,--,6:38:15 PM,8/20/2026,
996,172.7,gf,3.715,mm,OK,--,6:38:15 PM,8/20/2026,
997,172.3,gf,3.715,mm,OK,--,6:38:15 PM,8/20/2026,
998,171.6,gf,3.710,mm,OK,--,6:38:15 PM,8/20/2026,
999,171.2,gf,3.710,mm,OK,--,6:38:15 PM,8/20/2026,
1000,170.6,gf,3.710,mm,OK,--,6:38:15 PM,8/20/2026,
1001,170.2,gf,3.710,mm,OK,--,6:38:15 PM,8/20/2026,
1002,169.6,gf,3.710,mm,OK,--,6:38:15 PM,8/20/2026,
1003,168.7,gf,3.710,mm,OK,--,6:38:16 PM,8/20/2026,
1004,167.6,gf,3.710,mm,OK,--,6:38:16 PM,8/20/2026,
1005,166.8,gf,3.705,mm,OK,--,6:38:16 PM,8/20/2026,
1006,166.2,gf,3.705,mm,OK,--,6:38:16 PM,8/20/2026,
1007,165.7,gf,3.705,mm,OK,--,6:38:16 PM,8/20/2026,
1008,165.2,gf,3.705,mm,OK,--,6:38:16 PM,8/20/2026,
1009,164.8,gf,3.705,mm,OK,--,6:38:16 PM,8/20/2026,
1010,164.4,gf,3.705,mm,OK,--,6:38:16 PM,8/20/2026,
1011,164.1,gf,3.705,mm,OK,--,6:38:16 PM,8/20/2026,
1012,163.8,gf,3.705,mm,OK,--,6:38:16 PM,8/20/2026,
1013,163.5,gf,3.705,mm,OK,--,6:38:17 PM,8/20/2026,
1014,163.0,gf,3.705,mm,OK,--,6:38:17 PM,8/20/2026,
1015,162.7,gf,3.705,mm,OK,--,6:38:17 PM,8/20/2026,
1016,162.4,gf,3.705,mm,OK,--,6:38:17 PM,8/20/2026,
1017,161.9,gf,3.705,mm,OK,--,6:38:17 PM,8/20/2026,
1018,161.5,gf,3.700,mm,OK,--,6:38:17 PM,8/20/2026,
1019,160.8,gf,3.700,mm,OK,--,6:38:17 PM,8/20/2026,
1020,160.1,gf,3.700,mm,OK,--,6:38:17 PM,8/20/2026,
1021,159.4,gf,3.700,mm,OK,--,6:38:17 PM,8/20/2026,
1022,158.8,gf,3.700,mm,OK,--,6:38:17 PM,8/20/2026,
1023,158.1,gf,3.700,mm,OK,--,6:38:18 PM,8/20/2026,
1024,157.5,gf,3.700,mm,OK,--,6:38:18 PM,8/20/2026,
1025,156.9,gf,3.700,mm,OK,--,6:38:18 PM,8/20/2026,
1026,156.3,gf,3.695,mm,OK,--,6:38:18 PM,8/20/2026,
1027,155.7,gf,3.695,mm,OK,--,6:38:18 PM,8/20/2026,
1028,155.1,gf,3.695,mm,OK,--,6:38:18 PM,8/20/2026,
1029,154.5,gf,3.695,mm,OK,--,6:38:18 PM,8/20/2026,
1030,154.2,gf,3.695,mm,OK,--,6:38:18 PM,8/20/2026,
1031,153.9,gf,3.695,mm,OK,--,6:38:18 PM,8/20/2026,
1032,153.6,gf,3.695,mm,OK,--,6:38:18 PM,8/20/2026,
1033,153.1,gf,3.695,mm,OK,--,6:38:19 PM,8/20/2026,
1034,152.6,gf,3.695,mm,OK,--,6:38:19 PM,8/20/2026,
1035,151.8,gf,3.695,mm,OK,--,6:38:19 PM,8/20/2026,
1036,150.8,gf,3.690,mm,OK,--,6:38:19 PM,8/20/2026,
1037,150.0,gf,3.690,mm,OK,--,6:38:19 PM,8/20/2026,
1038,149.2,gf,3.690,mm,OK,--,6:38:19 PM,8/20/2026,
1039,148.7,gf,3.690,mm,OK,--,6:38:19 PM,8/20/2026,
1040,148.1,gf,3.690,mm,OK,--,6:38:19 PM,8/20/2026,
1041,147.4,gf,3.690,mm,OK,--,6:38:19 PM,8/20/2026,
1042,146.8,gf,3.690,mm,OK,--,6:38:19 PM,8/20/2026,
1043,146.0,gf,3.685,mm,OK,--,6:38:20 PM,8/20/2026,
1044,145.4,gf,3.685,mm,OK,--,6:38:20 PM,8/20/2026,
1045,144.8,gf,3.685,mm,OK,--,6:38:20 PM,8/20/2026,
1046,144.1,gf,3.685,mm,OK,--,6:38:20 PM,8/20/2026,
1047,143.3,gf,3.685,mm,OK,--,6:38:20 PM,8/20/2026,
1048,142.2,gf,3.685,mm,OK,--,6:38:20 PM,8/20/2026,
1049,141.3,gf,3.680,mm,OK,--,6:38:20 PM,8/20/2026,
1050,140.7,gf,3.680,mm,OK,--,6:38:20 PM,8/20/2026,
1051,140.3,gf,3.680,mm,OK,--,6:38:20 PM,8/20/2026,
1052,139.8,gf,3.680,mm,OK,--,6:38:20 PM,8/20/2026,
1053,139.4,gf,3.680,mm,OK,--,6:38:21 PM,8/20/2026,
1054,139.0,gf,3.680,mm,OK,--,6:38:21 PM,8/20/2026,
1055,138.5,gf,3.680,mm,OK,--,6:38:21 PM,8/20/2026,
1056,138.2,gf,3.680,mm,OK,--,6:38:21 PM,8/20/2026,
1057,137.8,gf,3.680,mm,OK,--,6:38:21 PM,8/20/2026,
1058,137.4,gf,3.680,mm,OK,--,6:38:21 PM,8/20/2026,
1059,136.9,gf,3.675,mm,OK,--,6:38:21 PM,8/20/2026,
1060,136.3,gf,3.675,mm,OK,--,6:38:21 PM,8/20/2026,
1061,135.8,gf,3.675,mm,OK,--,6:38:21 PM,8/20/2026,
1062,135.3,gf,3.675,mm,OK,--,6:38:21 PM,8/20/2026,
1063,134.9,gf,3.675,mm,OK,--,6:38:22 PM,8/20/2026,
1064,134.3,gf,3.675,mm,OK,--,6:38:22 PM,8/20/2026,
1065,133.7,gf,3.675,mm,OK,--,6:38:22 PM,8/20/2026,
1066,132.9,gf,3.675,mm,OK,--,6:38:22 PM,8/20/2026,
1067,132.3,gf,3.675,mm,OK,--,6:38:22 PM,8/20/2026,
1068,131.2,gf,3.670,mm,OK,--,6:38:22 PM,8/20/2026,
1069,129.9,gf,3.670,mm,OK,--,6:38:22 PM,8/20/2026,
1070,128.5,gf,3.670,mm,OK,--,6:38:22 PM,8/20/2026,
1071,126.9,gf,3.665,mm,OK,--,6:38:22 PM,8/20/2026,
1072,124.4,gf,3.665,mm,OK,--,6:38:22 PM,8/20/2026,
1073,121.4,gf,3.660,mm,OK,--,6:38:23 PM,8/20/2026,
1074,118.4,gf,3.660,mm,OK,--,6:38:23 PM,8/20/2026,
1075,115.8,gf,3.655,mm,OK,--,6:38:23 PM,8/20/2026,
1076,113.1,gf,3.655,mm,OK,--,6:38:23 PM,8/20/2026,
1077,110.5,gf,3.650,mm,OK,--,6:38:23 PM,8/20/2026,
1078,107.8,gf,3.650,mm,OK,--,6:38:23 PM,8/20/2026,
1079,105.5,gf,3.645,mm,OK,--,6:38:23 PM,8/20/2026,
1080,103.6,gf,3.645,mm,OK,--,6:38:23 PM,8/20/2026,
1081,101.9,gf,3.645,mm,OK,--,6:38:23 PM,8/20/2026,
1082,99.9,gf,3.640,mm,OK,--,6:38:23 PM,8/20/2026,
1083,98.2,gf,3.640,mm,OK,--,6:38:24 PM,8/20/2026,
1084,96.8,gf,3.640,mm,OK,--,6:38:24 PM,8/20/2026,
1085,94.3,gf,3.635,mm,OK,--,6:38:24 PM,8/20/2026,
1086,91.3,gf,3.630,mm,OK,--,6:38:24 PM,8/20/2026,
1087,88.9,gf,3.630,mm,OK,--,6:38:24 PM,8/20/2026,
1088,86.5,gf,3.625,mm,OK,--,6:38:24 PM,8/20/2026,
1089,83.1,gf,3.625,mm,OK,--,6:38:24 PM,8/20/2026,
1090,78.5,gf,3.620,mm,OK,--,6:38:24 PM,8/20/2026,
1091,74.7,gf,3.615,mm,OK,--,6:38:24 PM,8/20/2026,
1092,70.9,gf,3.610,mm,OK,--,6:38:24 PM,8/20/2026,
1093,67.7,gf,3.605,mm,OK,--,6:38:25 PM,8/20/2026,
1094,64.3,gf,3.605,mm,OK,--,6:38:25 PM,8/20/2026,
1095,61.7,gf,3.600,mm,OK,--,6:38:25 PM,8/20/2026,
1096,59.7,gf,3.600,mm,OK,--,6:38:25 PM,8/20/2026,
1097,58.0,gf,3.595,mm,OK,--,6:38:25 PM,8/20/2026,
1098,56.0,gf,3.595,mm,OK,--,6:38:25 PM,8/20/2026,
1099,54.4,gf,3.595,mm,OK,--,6:38:25 PM,8/20/2026,
1100,53.2,gf,3.590,mm,OK,--,6:38:25 PM,8/20/2026,
1101,52.4,gf,3.590,mm,OK,--,6:38:25 PM,8/20/2026,
1102,51.5,gf,3.590,mm,OK,--,6:38:25 PM,8/20/2026,
1103,51.7,gf,3.585,mm,OK,--,6:38:26 PM,8/20/2026,
1104,51.7,gf,3.585,mm,OK,--,6:38:26 PM,8/20/2026,
1105,51.6,gf,3.580,mm,OK,--,6:38:26 PM,8/20/2026,
1106,51.6,gf,3.575,mm,OK,--,6:38:26 PM,8/20/2026,
1107,51.6,gf,3.570,mm,OK,--,6:38:26 PM,8/20/2026,
1108,51.6,gf,3.570,mm,OK,--,6:38:26 PM,8/20/2026,
1109,51.6,gf,3.565,mm,OK,--,6:38:26 PM,8/20/2026,
1110,51.5,gf,3.565,mm,OK,--,6:38:26 PM,8/20/2026,
1111,51.5,gf,3.560,mm,OK,--,6:38:26 PM,8/20/2026,
1112,51.4,gf,3.555,mm,OK,--,6:38:26 PM,8/20/2026,
1113,51.5,gf,3.550,mm,OK,--,6:38:27 PM,8/20/2026,
1114,51.5,gf,3.545,mm,OK,--,6:38:27 PM,8/20/2026,
1115,51.4,gf,3.540,mm,OK,--,6:38:27 PM,8/20/2026,
1116,51.3,gf,3.535,mm,OK,--,6:38:27 PM,8/20/2026,
1117,51.4,gf,3.535,mm,OK,--,6:38:27 PM,8/20/2026,
1118,51.4,gf,3.530,mm,OK,--,6:38:27 PM,8/20/2026,
1119,51.3,gf,3.525,mm,OK,--,6:38:27 PM,8/20/2026,
1120,51.4,gf,3.525,mm,OK,--,6:38:27 PM,8/20/2026,
1121,51.3,gf,3.520,mm,OK,--,6:38:27 PM,8/20/2026,
1122,51.3,gf,3.520,mm,OK,--,6:38:27 PM,8/20/2026,
1123,51.3,gf,3.515,mm,OK,--,6:38:28 PM,8/20/2026,
1124,51.3,gf,3.515,mm,OK,--,6:38:28 PM,8/20/2026,
1125,51.3,gf,3.510,mm,OK,--,6:38:28 PM,8/20/2026,
1126,51.3,gf,3.505,mm,OK,--,6:38:28 PM,8/20/2026,
1127,51.3,gf,3.505,mm,OK,--,6:38:28 PM,8/20/2026,
1128,51.2,gf,3.500,mm,OK,--,6:38:28 PM,8/20/2026,
1129,51.2,gf,3.500,mm,OK,--,6:38:28 PM,8/20/2026,
1130,51.2,gf,3.495,mm,OK,--,6:38:28 PM,8/20/2026,
1131,51.1,gf,3.490,mm,OK,--,6:38:28 PM,8/20/2026,
1132,51.0,gf,3.485,mm,OK,--,6:38:28 PM,8/20/2026,
1133,51.1,gf,3.480,mm,OK,--,6:38:29 PM,8/20/2026,
1134,51.1,gf,3.480,mm,OK,--,6:38:29 PM,8/20/2026,
1135,51.1,gf,3.475,mm,OK,--,6:38:29 PM,8/20/2026,
1136,51.1,gf,3.470,mm,OK,--,6:38:29 PM,8/20/2026,
1137,51.1,gf,3.465,mm,OK,--,6:38:29 PM,8/20/2026,
1138,51.1,gf,3.460,mm,OK,--,6:38:29 PM,8/20/2026,
1139,51.1,gf,3.455,mm,OK,--,6:38:29 PM,8/20/2026,
1140,51.1,gf,3.450,mm,OK,--,6:38:29 PM,8/20/2026,
1141,51.1,gf,3.450,mm,OK,--,6:38:29 PM,8/20/2026,
1142,51.1,gf,3.445,mm,OK,--,6:38:29 PM,8/20/2026,
1143,51.0,gf,3.440,mm,OK,--,6:38:30 PM,8/20/2026,
1144,51.0,gf,3.435,mm,OK,--,6:38:30 PM,8/20/2026,
1145,51.0,gf,3.430,mm,OK,--,6:38:30 PM,8/20/2026,
1146,50.9,gf,3.420,mm,OK,--,6:38:30 PM,8/20/2026,
1147,50.9,gf,3.415,mm,OK,--,6:38:30 PM,8/20/2026,
1148,50.9,gf,3.405,mm,OK,--,6:38:30 PM,8/20/2026,
1149,50.9,gf,3.400,mm,OK,--,6:38:30 PM,8/20/2026,
1150,50.9,gf,3.390,mm,OK,--,6:38:30 PM,8/20/2026,
1151,50.7,gf,3.380,mm,OK,--,6:38:30 PM,8/20/2026,
1152,50.8,gf,3.365,mm,OK,--,6:38:30 PM,8/20/2026,
1153,50.8,gf,3.355,mm,OK,--,6:38:31 PM,8/20/2026,
1154,50.8,gf,3.350,mm,OK,--,6:38:31 PM,8/20/2026,
1155,50.8,gf,3.345,mm,OK,--,6:38:31 PM,8/20/2026,
1156,50.8,gf,3.340,mm,OK,--,6:38:31 PM,8/20/2026,
1157,50.8,gf,3.335,mm,OK,--,6:38:31 PM,8/20/2026,
1158,50.7,gf,3.330,mm,OK,--,6:38:31 PM,8/20/2026,
1159,50.7,gf,3.325,mm,OK,--,6:38:31 PM,8/20/2026,
1160,50.7,gf,3.320,mm,OK,--,6:38:31 PM,8/20/2026,
1161,50.6,gf,3.315,mm,OK,--,6:38:31 PM,8/20/2026,
1162,50.6,gf,3.310,mm,OK,--,6:38:31 PM,8/20/2026,
1163,50.6,gf,3.300,mm,OK,--,6:38:32 PM,8/20/2026,
1164,50.6,gf,3.295,mm,OK,--,6:38:32 PM,8/20/2026,
1165,50.6,gf,3.290,mm,OK,--,6:38:32 PM,8/20/2026,
1166,50.5,gf,3.280,mm,OK,--,6:38:32 PM,8/20/2026,
1167,50.5,gf,3.275,mm,OK,--,6:38:32 PM,8/20/2026,
1168,50.5,gf,3.270,mm,OK,--,6:38:32 PM,8/20/2026,
1169,50.5,gf,3.265,mm,OK,--,6:38:32 PM,8/20/2026,
1170,50.4,gf,3.260,mm,OK,--,6:38:32 PM,8/20/2026,
1171,50.4,gf,3.255,mm,OK,--,6:38:32 PM,8/20/2026,
1172,50.4,gf,3.250,mm,OK,--,6:38:32 PM,8/20/2026,
1173,50.4,gf,3.245,mm,OK,--,6:38:33 PM,8/20/2026,
1174,50.4,gf,3.245,mm,OK,--,6:38:33 PM,8/20/2026,
1175,50.4,gf,3.245,mm,OK,--,6:38:33 PM,8/20/2026,
1176,50.4,gf,3.240,mm,OK,--,6:38:33 PM,8/20/2026,
1177,50.4,gf,3.240,mm,OK,--,6:38:33 PM,8/20/2026,
1178,50.4,gf,3.235,mm,OK,--,6:38:33 PM,8/20/2026,
1179,50.4,gf,3.230,mm,OK,--,6:38:33 PM,8/20/2026,
1180,50.3,gf,3.230,mm,OK,--,6:38:33 PM,8/20/2026,
1181,50.3,gf,3.225,mm,OK,--,6:38:33 PM,8/20/2026,
1182,50.3,gf,3.220,mm,OK,--,6:38:33 PM,8/20/2026,
1183,50.3,gf,3.215,mm,OK,--,6:38:34 PM,8/20/2026,
1184,50.3,gf,3.210,mm,OK,--,6:38:34 PM,8/20/2026,
1185,50.2,gf,3.205,mm,OK,--,6:38:34 PM,8/20/2026,
1186,50.2,gf,3.200,mm,OK,--,6:38:34 PM,8/20/2026,
1187,50.2,gf,3.195,mm,OK,--,6:38:34 PM,8/20/2026,
1188,50.2,gf,3.190,mm,OK,--,6:38:34 PM,8/20/2026,
1189,50.1,gf,3.185,mm,OK,--,6:38:34 PM,8/20/2026,
1190,50.1,gf,3.175,mm,OK,--,6:38:34 PM,8/20/2026,
1191,50.1,gf,3.170,mm,OK,--,6:38:34 PM,8/20/2026,
1192,50.0,gf,3.160,mm,OK,--,6:38:34 PM,8/20/2026,
1193,50.0,gf,3.155,mm,OK,--,6:38:35 PM,8/20/2026,
1194,50.0,gf,3.155,mm,OK,--,6:38:35 PM,8/20/2026,
1195,50.0,gf,3.150,mm,OK,--,6:38:35 PM,8/20/2026,
1196,49.9,gf,3.145,mm,OK,--,6:38:35 PM,8/20/2026,
1197,50.0,gf,3.140,mm,OK,--,6:38:35 PM,8/20/2026,
1198,49.9,gf,3.130,mm,OK,--,6:38:35 PM,8/20/2026,
1199,49.9,gf,3.125,mm,OK,--,6:38:35 PM,8/20/2026,
1200,49.9,gf,3.120,mm,OK,--,6:38:35 PM,8/20/2026,
1201,49.9,gf,3.110,mm,OK,--,6:38:35 PM,8/20/2026,
1202,49.8,gf,3.105,mm,OK,--,6:38:35 PM,8/20/2026,
1203,49.8,gf,3.100,mm,OK,--,6:38:36 PM,8/20/2026,
1204,49.8,gf,3.095,mm,OK,--,6:38:36 PM,8/20/2026,
1205,49.8,gf,3.090,mm,OK,--,6:38:36 PM,8/20/2026,
1206,49.8,gf,3.085,mm,OK,--,6:38:36 PM,8/20/2026,
1207,49.7,gf,3.075,mm,OK,--,6:38:36 PM,8/20/2026,
1208,49.7,gf,3.070,mm,OK,--,6:38:36 PM,8/20/2026,
1209,49.7,gf,3.065,mm,OK,--,6:38:36 PM,8/20/2026,
1210,49.6,gf,3.060,mm,OK,--,6:38:36 PM,8/20/2026,
1211,49.7,gf,3.055,mm,OK,--,6:38:36 PM,8/20/2026,
1212,49.7,gf,3.050,mm,OK,--,6:38:36 PM,8/20/2026,
1213,49.7,gf,3.040,mm,OK,--,6:38:37 PM,8/20/2026,
1214,49.5,gf,3.035,mm,OK,--,6:38:37 PM,8/20/2026,
1215,49.6,gf,3.025,mm,OK,--,6:38:37 PM,8/20/2026,
1216,49.6,gf,3.020,mm,OK,--,6:38:37 PM,8/20/2026,
1217,49.6,gf,3.015,mm,OK,--,6:38:37 PM,8/20/2026,
1218,49.6,gf,3.010,mm,OK,--,6:38:37 PM,8/20/2026,
1219,49.5,gf,3.010,mm,OK,--,6:38:37 PM,8/20/2026,
1220,49.5,gf,3.005,mm,OK,--,6:38:37 PM,8/20/2026,
1221,49.5,gf,3.000,mm,OK,--,6:38:37 PM,8/20/2026,
1222,49.5,gf,2.995,mm,OK,--,6:38:37 PM,8/20/2026,
1223,49.5,gf,2.990,mm,OK,--,6:38:38 PM,8/20/2026,
1224,49.5,gf,2.990,mm,OK,--,6:38:38 PM,8/20/2026,
1225,49.5,gf,2.980,mm,OK,--,6:38:38 PM,8/20/2026,
1226,49.5,gf,2.970,mm,OK,--,6:38:38 PM,8/20/2026,
1227,49.5,gf,2.965,mm,OK,--,6:38:38 PM,8/20/2026,
1228,49.3,gf,2.960,mm,OK,--,6:38:38 PM,8/20/2026,
1229,49.4,gf,2.955,mm,OK,--,6:38:38 PM,8/20/2026,
1230,49.4,gf,2.950,mm,OK,--,6:38:38 PM,8/20/2026,
1231,49.4,gf,2.950,mm,OK,--,6:38:38 PM,8/20/2026,
1232,49.4,gf,2.945,mm,OK,--,6:38:38 PM,8/20/2026,
1233,49.4,gf,2.945,mm,OK,--,6:38:39 PM,8/20/2026,
1234,49.3,gf,2.935,mm,OK,--,6:38:39 PM,8/20/2026,
1235,49.4,gf,2.935,mm,OK,--,6:38:39 PM,8/20/2026,
1236,49.3,gf,2.930,mm,OK,--,6:38:39 PM,8/20/2026,
1237,49.3,gf,2.925,mm,OK,--,6:38:39 PM,8/20/2026,
1238,49.3,gf,2.920,mm,OK,--,6:38:39 PM,8/20/2026,
1239,49.3,gf,2.915,mm,OK,--,6:38:39 PM,8/20/2026,
1240,49.3,gf,2.910,mm,OK,--,6:38:39 PM,8/20/2026,
1241,49.2,gf,2.905,mm,OK,--,6:38:39 PM,8/20/2026,
1242,49.2,gf,2.895,mm,OK,--,6:38:39 PM,8/20/2026,
1243,49.2,gf,2.885,mm,OK,--,6:38:40 PM,8/20/2026,
1244,49.2,gf,2.880,mm,OK,--,6:38:40 PM,8/20/2026,
1245,49.1,gf,2.875,mm,OK,--,6:38:40 PM,8/20/2026,
1246,49.1,gf,2.870,mm,OK,--,6:38:40 PM,8/20/2026,
1247,49.1,gf,2.860,mm,OK,--,6:38:40 PM,8/20/2026,
1248,49.1,gf,2.850,mm,OK,--,6:38:40 PM,8/20/2026,
1249,49.0,gf,2.845,mm,OK,--,6:38:40 PM,8/20/2026,
1250,49.0,gf,2.835,mm,OK,--,6:38:40 PM,8/20/2026,
1251,49.0,gf,2.825,mm,OK,--,6:38:40 PM,8/20/2026,
1252,48.9,gf,2.815,mm,OK,--,6:38:40 PM,8/20/2026,
1253,48.8,gf,2.805,mm,OK,--,6:38:41 PM,8/20/2026,
1254,48.7,gf,2.800,mm,OK,--,6:38:41 PM,8/20/2026,
1255,48.7,gf,2.790,mm,OK,--,6:38:41 PM,8/20/2026,
1256,48.7,gf,2.785,mm,OK,--,6:38:41 PM,8/20/2026,
1257,48.7,gf,2.775,mm,OK,--,6:38:41 PM,8/20/2026,
1258,48.7,gf,2.770,mm,OK,--,6:38:41 PM,8/20/2026,
1259,48.7,gf,2.770,mm,OK,--,6:38:41 PM,8/20/2026,
1260,48.7,gf,2.765,mm,OK,--,6:38:41 PM,8/20/2026,
1261,48.7,gf,2.760,mm,OK,--,6:38:41 PM,8/20/2026,
1262,48.6,gf,2.755,mm,OK,--,6:38:41 PM,8/20/2026,
1263,48.6,gf,2.745,mm,OK,--,6:38:42 PM,8/20/2026,
1264,48.6,gf,2.740,mm,OK,--,6:38:42 PM,8/20/2026,
1265,48.5,gf,2.730,mm,OK,--,6:38:42 PM,8/20/2026,
1266,48.5,gf,2.725,mm,OK,--,6:38:42 PM,8/20/2026,
1267,48.5,gf,2.720,mm,OK,--,6:38:42 PM,8/20/2026,
1268,48.5,gf,2.715,mm,OK,--,6:38:42 PM,8/20/2026,
1269,48.5,gf,2.710,mm,OK,--,6:38:42 PM,8/20/2026,
1270,48.5,gf,2.710,mm,OK,--,6:38:42 PM,8/20/2026,
1271,48.5,gf,2.705,mm,OK,--,6:38:42 PM,8/20/2026,
1272,48.5,gf,2.705,mm,OK,--,6:38:42 PM,8/20/2026,
1273,48.4,gf,2.700,mm,OK,--,6:38:43 PM,8/20/2026,
1274,48.4,gf,2.695,mm,OK,--,6:38:43 PM,8/20/2026,
1275,48.4,gf,2.690,mm,OK,--,6:38:43 PM,8/20/2026,
1276,48.4,gf,2.690,mm,OK,--,6:38:43 PM,8/20/2026,
1277,48.4,gf,2.685,mm,OK,--,6:38:43 PM,8/20/2026,
1278,48.4,gf,2.685,mm,OK,--,6:38:43 PM,8/20/2026,
1279,48.4,gf,2.680,mm,OK,--,6:38:43 PM,8/20/2026,
1280,48.4,gf,2.680,mm,OK,--,6:38:43 PM,8/20/2026,
1281,48.4,gf,2.680,mm,OK,--,6:38:43 PM,8/20/2026,
1282,48.4,gf,2.675,mm,OK,--,6:38:43 PM,8/20/2026,
1283,48.4,gf,2.675,mm,OK,--,6:38:44 PM,8/20/2026,
1284,48.3,gf,2.670,mm,OK,--,6:38:44 PM,8/20/2026,
1285,48.3,gf,2.670,mm,OK,--,6:38:44 PM,8/20/2026,
1286,48.3,gf,2.665,mm,OK,--,6:38:44 PM,8/20/2026,
1287,48.3,gf,2.660,mm,OK,--,6:38:44 PM,8/20/2026,
1288,48.3,gf,2.660,mm,OK,--,6:38:44 PM,8/20/2026,
1289,48.3,gf,2.660,mm,OK,--,6:38:44 PM,8/20/2026,
1290,48.3,gf,2.655,mm,OK,--,6:38:44 PM,8/20/2026,
1291,48.2,gf,2.650,mm,OK,--,6:38:44 PM,8/20/2026,
1292,48.2,gf,2.640,mm,OK,--,6:38:45 PM,8/20/2026,
1293,48.2,gf,2.630,mm,OK,--,6:38:45 PM,8/20/2026,
1294,48.1,gf,2.620,mm,OK,--,6:38:45 PM,8/20/2026,
1295,48.1,gf,2.605,mm,OK,--,6:38:45 PM,8/20/2026,
1296,48.0,gf,2.595,mm,OK,--,6:38:45 PM,8/20/2026,
1297,48.0,gf,2.585,mm,OK,--,6:38:45 PM,8/20/2026,
1298,47.9,gf,2.570,mm,OK,--,6:38:45 PM,8/20/2026,
1299,47.8,gf,2.555,mm,OK,--,6:38:45 PM,8/20/2026,
1300,47.8,gf,2.545,mm,OK,--,6:38:45 PM,8/20/2026,
1301,47.8,gf,2.540,mm,OK,--,6:38:45 PM,8/20/2026,
1302,47.8,gf,2.535,mm,OK,--,6:38:45 PM,8/20/2026,
1303,47.8,gf,2.530,mm,OK,--,6:38:46 PM,8/20/2026,
1304,47.7,gf,2.525,mm,OK,--,6:38:46 PM,8/20/2026,
1305,47.7,gf,2.520,mm,OK,--,6:38:46 PM,8/20/2026,
1306,47.7,gf,2.515,mm,OK,--,6:38:46 PM,8/20/2026,
1307,47.7,gf,2.510,mm,OK,--,6:38:46 PM,8/20/2026,
1308,47.7,gf,2.505,mm,OK,--,6:38:46 PM,8/20/2026,
1309,47.7,gf,2.500,mm,OK,--,6:38:46 PM,8/20/2026,
1310,47.6,gf,2.495,mm,OK,--,6:38:46 PM,8/20/2026,
1311,47.6,gf,2.490,mm,OK,--,6:38:46 PM,8/20/2026,
1312,47.6,gf,2.485,mm,OK,--,6:38:47 PM,8/20/2026,
1313,47.6,gf,2.480,mm,OK,--,6:38:47 PM,8/20/2026,
1314,47.6,gf,2.475,mm,OK,--,6:38:47 PM,8/20/2026,
1315,47.5,gf,2.470,mm,OK,--,6:38:47 PM,8/20/2026,
1316,47.5,gf,2.470,mm,OK,--,6:38:47 PM,8/20/2026,
1317,47.5,gf,2.465,mm,OK,--,6:38:47 PM,8/20/2026,
1318,47.5,gf,2.465,mm,OK,--,6:38:47 PM,8/20/2026,
1319,47.5,gf,2.460,mm,OK,--,6:38:47 PM,8/20/2026,
1320,47.5,gf,2.460,mm,OK,--,6:38:47 PM,8/20/2026,
1321,47.4,gf,2.455,mm,OK,--,6:38:47 PM,8/20/2026,
1322,47.4,gf,2.450,mm,OK,--,6:38:47 PM,8/20/2026,
1323,47.4,gf,2.450,mm,OK,--,6:38:48 PM,8/20/2026,
1324,47.4,gf,2.445,mm,OK,--,6:38:48 PM,8/20/2026,
1325,47.4,gf,2.440,mm,OK,--,6:38:48 PM,8/20/2026,
1326,47.3,gf,2.430,mm,OK,--,6:38:48 PM,8/20/2026,
1327,47.3,gf,2.425,mm,OK,--,6:38:48 PM,8/20/2026,
1328,47.3,gf,2.420,mm,OK,--,6:38:48 PM,8/20/2026,
1329,47.2,gf,2.415,mm,OK,--,6:38:48 PM,8/20/2026,
1330,47.2,gf,2.410,mm,OK,--,6:38:48 PM,8/20/2026,
1331,47.2,gf,2.405,mm,OK,--,6:38:48 PM,8/20/2026,
1332,47.2,gf,2.400,mm,OK,--,6:38:48 PM,8/20/2026,
1333,47.2,gf,2.395,mm,OK,--,6:38:49 PM,8/20/2026,
1334,47.1,gf,2.390,mm,OK,--,6:38:49 PM,8/20/2026,
1335,47.1,gf,2.385,mm,OK,--,6:38:49 PM,8/20/2026,
1336,47.1,gf,2.380,mm,OK,--,6:38:49 PM,8/20/2026,
1337,47.1,gf,2.375,mm,OK,--,6:38:49 PM,8/20/2026,
1338,47.1,gf,2.365,mm,OK,--,6:38:49 PM,8/20/2026,
1339,47.1,gf,2.360,mm,OK,--,6:38:49 PM,8/20/2026,
1340,47.0,gf,2.350,mm,OK,--,6:38:49 PM,8/20/2026,
1341,47.0,gf,2.345,mm,OK,--,6:38:49 PM,8/20/2026,
1342,47.0,gf,2.335,mm,OK,--,6:38:49 PM,8/20/2026,
1343,46.9,gf,2.330,mm,OK,--,6:38:50 PM,8/20/2026,
1344,46.9,gf,2.330,mm,OK,--,6:38:50 PM,8/20/2026,
1345,46.9,gf,2.325,mm,OK,--,6:38:50 PM,8/20/2026,
1346,46.9,gf,2.320,mm,OK,--,6:38:50 PM,8/20/2026,
1347,46.8,gf,2.315,mm,OK,--,6:38:50 PM,8/20/2026,
1348,46.8,gf,2.310,mm,OK,--,6:38:50 PM,8/20/2026,
1349,46.8,gf,2.305,mm,OK,--,6:38:50 PM,8/20/2026,
1350,46.7,gf,2.300,mm,OK,--,6:38:50 PM,8/20/2026,
1351,46.7,gf,2.295,mm,OK,--,6:38:50 PM,8/20/2026,
1352,46.7,gf,2.290,mm,OK,--,6:38:50 PM,8/20/2026,
1353,46.7,gf,2.290,mm,OK,--,6:38:51 PM,8/20/2026,
1354,46.7,gf,2.285,mm,OK,--,6:38:51 PM,8/20/2026,
1355,46.7,gf,2.280,mm,OK,--,6:38:51 PM,8/20/2026,
1356,46.7,gf,2.280,mm,OK,--,6:38:51 PM,8/20/2026,
1357,46.6,gf,2.280,mm,OK,--,6:38:51 PM,8/20/2026,
1358,46.6,gf,2.275,mm,OK,--,6:38:51 PM,8/20/2026,
1359,46.6,gf,2.275,mm,OK,--,6:38:51 PM,8/20/2026,
1360,46.6,gf,2.270,mm,OK,--,6:38:51 PM,8/20/2026,
1361,46.6,gf,2.270,mm,OK,--,6:38:51 PM,8/20/2026,
1362,46.6,gf,2.265,mm,OK,--,6:38:51 PM,8/20/2026,
1363,46.6,gf,2.265,mm,OK,--,6:38:52 PM,8/20/2026,
1364,46.6,gf,2.260,mm,OK,--,6:38:52 PM,8/20/2026,
1365,46.6,gf,2.255,mm,OK,--,6:38:52 PM,8/20/2026,
1366,46.6,gf,2.255,mm,OK,--,6:38:52 PM,8/20/2026,
1367,46.6,gf,2.250,mm,OK,--,6:38:52 PM,8/20/2026,
1368,46.6,gf,2.250,mm,OK,--,6:38:52 PM,8/20/2026,
1369,46.6,gf,2.245,mm,OK,--,6:38:52 PM,8/20/2026,
1370,46.6,gf,2.245,mm,OK,--,6:38:52 PM,8/20/2026,
1371,46.6,gf,2.245,mm,OK,--,6:38:52 PM,8/20/2026,
1372,46.6,gf,2.240,mm,OK,--,6:38:52 PM,8/20/2026,
1373,46.6,gf,2.240,mm,OK,--,6:38:53 PM,8/20/2026,
1374,46.6,gf,2.235,mm,OK,--,6:38:53 PM,8/20/2026,
1375,46.5,gf,2.230,mm,OK,--,6:38:53 PM,8/20/2026,
1376,46.5,gf,2.225,mm,OK,--,6:38:53 PM,8/20/2026,
1377,46.5,gf,2.225,mm,OK,--,6:38:53 PM,8/20/2026,
1378,46.5,gf,2.220,mm,OK,--,6:38:53 PM,8/20/2026,
1379,46.5,gf,2.220,mm,OK,--,6:38:53 PM,8/20/2026,
1380,46.5,gf,2.215,mm,OK,--,6:38:53 PM,8/20/2026,
1381,46.5,gf,2.210,mm,OK,--,6:38:53 PM,8/20/2026,
1382,46.4,gf,2.205,mm,OK,--,6:38:53 PM,8/20/2026,
1383,46.4,gf,2.205,mm,OK,--,6:38:54 PM,8/20/2026,
1384,46.4,gf,2.200,mm,OK,--,6:38:54 PM,8/20/2026,
1385,46.4,gf,2.195,mm,OK,--,6:38:54 PM,8/20/2026,
1386,46.4,gf,2.195,mm,OK,--,6:38:54 PM,8/20/2026,
1387,46.4,gf,2.190,mm,OK,--,6:38:54 PM,8/20/2026,
1388,46.4,gf,2.190,mm,OK,--,6:38:54 PM,8/20/2026,
1389,46.4,gf,2.190,mm,OK,--,6:38:54 PM,8/20/2026,
1390,46.3,gf,2.190,mm,OK,--,6:38:54 PM,8/20/2026,
1391,46.3,gf,2.185,mm,OK,--,6:38:54 PM,8/20/2026,
1392,46.3,gf,2.185,mm,OK,--,6:38:54 PM,8/20/2026,
1393,46.3,gf,2.185,mm,OK,--,6:38:55 PM,8/20/2026,
1394,46.3,gf,2.180,mm,OK,--,6:38:55 PM,8/20/2026,
1395,46.3,gf,2.180,mm,OK,--,6:38:55 PM,8/20/2026,
1396,46.3,gf,2.180,mm,OK,--,6:38:55 PM,8/20/2026,
1397,46.3,gf,2.175,mm,OK,--,6:38:55 PM,8/20/2026,
1398,46.3,gf,2.170,mm,OK,--,6:38:55 PM,8/20/2026,
1399,46.2,gf,2.165,mm,OK,--,6:38:55 PM,8/20/2026,
1400,46.2,gf,2.160,mm,OK,--,6:38:55 PM,8/20/2026,
1401,46.2,gf,2.155,mm,OK,--,6:38:55 PM,8/20/2026,
1402,46.2,gf,2.150,mm,OK,--,6:38:55 PM,8/20/2026,
1403,46.1,gf,2.145,mm,OK,--,6:38:56 PM,8/20/2026,
1404,46.1,gf,2.135,mm,OK,--,6:38:56 PM,8/20/2026,
1405,46.0,gf,2.125,mm,OK,--,6:38:56 PM,8/20/2026,
1406,46.0,gf,2.115,mm,OK,--,6:38:56 PM,8/20/2026,
1407,46.0,gf,2.105,mm,OK,--,6:38:56 PM,8/20/2026,
1408,46.0,gf,2.100,mm,OK,--,6:38:56 PM,8/20/2026,
1409,46.0,gf,2.095,mm,OK,--,6:38:56 PM,8/20/2026,
1410,46.0,gf,2.095,mm,OK,--,6:38:56 PM,8/20/2026,
1411,46.0,gf,2.090,mm,OK,--,6:38:56 PM,8/20/2026,
1412,46.0,gf,2.085,mm,OK,--,6:38:56 PM,8/20/2026,
1413,46.0,gf,2.085,mm,OK,--,6:38:57 PM,8/20/2026,
1414,46.0,gf,2.075,mm,OK,--,6:38:57 PM,8/20/2026,
1415,45.9,gf,2.070,mm,OK,--,6:38:57 PM,8/20/2026,
1416,45.9,gf,2.060,mm,OK,--,6:38:57 PM,8/20/2026,
1417,45.9,gf,2.055,mm,OK,--,6:38:57 PM,8/20/2026,
1418,45.8,gf,2.050,mm,OK,--,6:38:57 PM,8/20/2026,
1419,45.8,gf,2.040,mm,OK,--,6:38:57 PM,8/20/2026,
1420,45.7,gf,2.030,mm,OK,--,6:38:57 PM,8/20/2026,
1421,45.7,gf,2.020,mm,OK,--,6:38:57 PM,8/20/2026,
1422,45.6,gf,2.010,mm,OK,--,6:38:57 PM,8/20/2026,
1423,45.6,gf,2.000,mm,OK,--,6:38:58 PM,8/20/2026,
1424,45.6,gf,1.995,mm,OK,--,6:38:58 PM,8/20/2026,
1425,45.6,gf,1.985,mm,OK,--,6:38:58 PM,8/20/2026,
1426,45.6,gf,1.980,mm,OK,--,6:38:58 PM,8/20/2026,
1427,45.6,gf,1.975,mm,OK,--,6:38:58 PM,8/20/2026,
1428,45.6,gf,1.970,mm,OK,--,6:38:58 PM,8/20/2026,
1429,45.5,gf,1.965,mm,OK,--,6:38:58 PM,8/20/2026,
1430,45.5,gf,1.955,mm,OK,--,6:38:58 PM,8/20/2026,
1431,45.5,gf,1.945,mm,OK,--,6:38:58 PM,8/20/2026,
1432,45.5,gf,1.940,mm,OK,--,6:38:58 PM,8/20/2026,
1433,45.5,gf,1.935,mm,OK,--,6:38:59 PM,8/20/2026,
1434,45.4,gf,1.925,mm,OK,--,6:38:59 PM,8/20/2026,
1435,45.4,gf,1.915,mm,OK,--,6:38:59 PM,8/20/2026,
1436,45.3,gf,1.910,mm,OK,--,6:38:59 PM,8/20/2026,
1437,45.2,gf,1.900,mm,OK,--,6:38:59 PM,8/20/2026,
1438,45.2,gf,1.890,mm,OK,--,6:38:59 PM,8/20/2026,
1439,45.2,gf,1.880,mm,OK,--,6:38:59 PM,8/20/2026,
1440,45.2,gf,1.875,mm,OK,--,6:38:59 PM,8/20/2026,
1441,45.2,gf,1.870,mm,OK,--,6:38:59 PM,8/20/2026,
1442,45.2,gf,1.865,mm,OK,--,6:38:59 PM,8/20/2026,
1443,45.2,gf,1.865,mm,OK,--,6:39:00 PM,8/20/2026,
1444,45.1,gf,1.860,mm,OK,--,6:39:00 PM,8/20/2026,
1445,45.1,gf,1.860,mm,OK,--,6:39:00 PM,8/20/2026,
1446,45.1,gf,1.855,mm,OK,--,6:39:00 PM,8/20/2026,
1447,45.1,gf,1.850,mm,OK,--,6:39:00 PM,8/20/2026,
1448,45.1,gf,1.845,mm,OK,--,6:39:00 PM,8/20/2026,
1449,45.1,gf,1.835,mm,OK,--,6:39:00 PM,8/20/2026,
1450,45.0,gf,1.825,mm,OK,--,6:39:00 PM,8/20/2026,
1451,45.0,gf,1.820,mm,OK,--,6:39:00 PM,8/20/2026,
1452,45.0,gf,1.810,mm,OK,--,6:39:00 PM,8/20/2026,
1453,45.0,gf,1.805,mm,OK,--,6:39:01 PM,8/20/2026,
1454,44.9,gf,1.795,mm,OK,--,6:39:01 PM,8/20/2026,
1455,44.9,gf,1.785,mm,OK,--,6:39:01 PM,8/20/2026,
1456,44.7,gf,1.775,mm,OK,--,6:39:01 PM,8/20/2026,
1457,44.8,gf,1.760,mm,OK,--,6:39:01 PM,8/20/2026,
1458,44.7,gf,1.750,mm,OK,--,6:39:01 PM,8/20/2026,
1459,44.7,gf,1.740,mm,OK,--,6:39:01 PM,8/20/2026,
1460,44.7,gf,1.730,mm,OK,--,6:39:01 PM,8/20/2026,
1461,44.5,gf,1.710,mm,OK,--,6:39:01 PM,8/20/2026,
1462,44.5,gf,1.695,mm,OK,--,6:39:01 PM,8/20/2026,
1463,44.5,gf,1.695,mm,OK,--,6:39:02 PM,8/20/2026,
1464,44.4,gf,1.690,mm,OK,--,6:39:02 PM,8/20/2026,
1465,44.3,gf,1.685,mm,OK,--,6:39:02 PM,8/20/2026,
1466,44.2,gf,1.680,mm,OK,--,6:39:02 PM,8/20/2026,
1467,44.2,gf,1.675,mm,OK,--,6:39:02 PM,8/20/2026,
1468,44.0,gf,1.670,mm,OK,--,6:39:02 PM,8/20/2026,
1469,43.9,gf,1.660,mm,OK,--,6:39:02 PM,8/20/2026,
1470,43.7,gf,1.655,mm,OK,--,6:39:02 PM,8/20/2026,
1471,43.6,gf,1.645,mm,OK,--,6:39:02 PM,8/20/2026,
1472,43.5,gf,1.645,mm,OK,--,6:39:02 PM,8/20/2026,
1473,43.5,gf,1.640,mm,OK,--,6:39:03 PM,8/20/2026,
1474,43.3,gf,1.640,mm,OK,--,6:39:03 PM,8/20/2026,
1475,43.4,gf,1.635,mm,OK,--,6:39:03 PM,8/20/2026,
1476,43.2,gf,1.635,mm,OK,--,6:39:03 PM,8/20/2026,
1477,43.2,gf,1.630,mm,OK,--,6:39:03 PM,8/20/2026,
1478,43.1,gf,1.630,mm,OK,--,6:39:03 PM,8/20/2026,
1479,43.1,gf,1.625,mm,OK,--,6:39:03 PM,8/20/2026,
1480,42.9,gf,1.615,mm,OK,--,6:39:03 PM,8/20/2026,
1481,42.8,gf,1.605,mm,OK,--,6:39:03 PM,8/20/2026,
1482,42.6,gf,1.595,mm,OK,--,6:39:03 PM,8/20/2026,
1483,42.4,gf,1.590,mm,OK,--,6:39:04 PM,8/20/2026,
1484,42.3,gf,1.580,mm,OK,--,6:39:04 PM,8/20/2026,
1485,42.2,gf,1.575,mm,OK,--,6:39:04 PM,8/20/2026,
1486,42.1,gf,1.570,mm,OK,--,6:39:04 PM,8/20/2026,
1487,42.0,gf,1.565,mm,OK,--,6:39:04 PM,8/20/2026,
1488,41.9,gf,1.555,mm,OK,--,6:39:04 PM,8/20/2026,
1489,41.8,gf,1.550,mm,OK,--,6:39:04 PM,8/20/2026,
1490,41.5,gf,1.540,mm,OK,--,6:39:04 PM,8/20/2026,
1491,41.5,gf,1.535,mm,OK,--,6:39:04 PM,8/20/2026,
1492,41.3,gf,1.525,mm,OK,--,6:39:04 PM,8/20/2026,
1493,41.3,gf,1.520,mm,OK,--,6:39:05 PM,8/20/2026,
1494,41.2,gf,1.515,mm,OK,--,6:39:05 PM,8/20/2026,
1495,41.2,gf,1.510,mm,OK,--,6:39:05 PM,8/20/2026,
1496,41.1,gf,1.510,mm,OK,--,6:39:05 PM,8/20/2026,
1497,40.9,gf,1.500,mm,OK,--,6:39:05 PM,8/20/2026,
1498,40.7,gf,1.490,mm,OK,--,6:39:05 PM,8/20/2026,
1499,40.5,gf,1.480,mm,OK,--,6:39:05 PM,8/20/2026,
1500,40.4,gf,1.470,mm,OK,--,6:39:05 PM,8/20/2026,
1501,40.2,gf,1.460,mm,OK,--,6:39:05 PM,8/20/2026,
1502,39.9,gf,1.450,mm,OK,--,6:39:05 PM,8/20/2026,
1503,39.9,gf,1.440,mm,OK,--,6:39:06 PM,8/20/2026,
1504,39.8,gf,1.435,mm,OK,--,6:39:06 PM,8/20/2026,
1505,39.7,gf,1.425,mm,OK,--,6:39:06 PM,8/20/2026,
1506,39.7,gf,1.420,mm,OK,--,6:39:06 PM,8/20/2026,
1507,39.7,gf,1.420,mm,OK,--,6:39:06 PM,8/20/2026,
1508,39.5,gf,1.415,mm,OK,--,6:39:06 PM,8/20/2026,
1509,39.3,gf,1.415,mm,OK,--,6:39:06 PM,8/20/2026,
1510,39.3,gf,1.405,mm,OK,--,6:39:06 PM,8/20/2026,
1511,39.5,gf,1.405,mm,OK,--,6:39:06 PM,8/20/2026,
1512,39.2,gf,1.400,mm,OK,--,6:39:06 PM,8/20/2026,
1513,39.2,gf,1.400,mm,OK,--,6:39:07 PM,8/20/2026,
1514,39.0,gf,1.395,mm,OK,--,6:39:07 PM,8/20/2026,
1515,39.0,gf,1.390,mm,OK,--,6:39:07 PM,8/20/2026,
1516,39.0,gf,1.385,mm,OK,--,6:39:07 PM,8/20/2026,
1517,38.9,gf,1.380,mm,OK,--,6:39:07 PM,8/20/2026,
1518,38.6,gf,1.375,mm,OK,--,6:39:07 PM,8/20/2026,
1519,38.6,gf,1.370,mm,OK,--,6:39:07 PM,8/20/2026,
1520,38.6,gf,1.365,mm,OK,--,6:39:07 PM,8/20/2026,
1521,38.6,gf,1.360,mm,OK,--,6:39:07 PM,8/20/2026,
1522,38.6,gf,1.355,mm,OK,--,6:39:07 PM,8/20/2026,
1523,38.5,gf,1.350,mm,OK,--,6:39:08 PM,8/20/2026,
1524,38.4,gf,1.350,mm,OK,--,6:39:08 PM,8/20/2026,
1525,38.1,gf,1.340,mm,OK,--,6:39:08 PM,8/20/2026,
1526,38.2,gf,1.335,mm,OK,--,6:39:08 PM,8/20/2026,
1527,38.2,gf,1.330,mm,OK,--,6:39:08 PM,8/20/2026,
1528,38.0,gf,1.325,mm,OK,--,6:39:08 PM,8/20/2026,
1529,37.9,gf,1.320,mm,OK,--,6:39:08 PM,8/20/2026,
1530,37.8,gf,1.310,mm,OK,--,6:39:08 PM,8/20/2026,
1531,37.8,gf,1.305,mm,OK,--,6:39:08 PM,8/20/2026,
1532,37.8,gf,1.300,mm,OK,--,6:39:08 PM,8/20/2026,
1533,37.8,gf,1.295,mm,OK,--,6:39:09 PM,8/20/2026,
1534,37.8,gf,1.290,mm,OK,--,6:39:09 PM,8/20/2026,
1535,37.8,gf,1.285,mm,OK,--,6:39:09 PM,8/20/2026,
1536,37.7,gf,1.280,mm,OK,--,6:39:09 PM,8/20/2026,
1537,37.6,gf,1.270,mm,OK,--,6:39:09 PM,8/20/2026,
1538,37.6,gf,1.265,mm,OK,--,6:39:09 PM,8/20/2026,
1539,37.4,gf,1.260,mm,OK,--,6:39:09 PM,8/20/2026,
1540,37.4,gf,1.255,mm,OK,--,6:39:09 PM,8/20/2026,
1541,37.5,gf,1.250,mm,OK,--,6:39:09 PM,8/20/2026,
1542,37.6,gf,1.245,mm,OK,--,6:39:09 PM,8/20/2026,
1543,37.6,gf,1.240,mm,OK,--,6:39:10 PM,8/20/2026,
1544,37.6,gf,1.235,mm,OK,--,6:39:10 PM,8/20/2026,
1545,37.4,gf,1.230,mm,OK,--,6:39:10 PM,8/20/2026,
1546,37.3,gf,1.225,mm,OK,--,6:39:10 PM,8/20/2026,
1547,37.4,gf,1.220,mm,OK,--,6:39:10 PM,8/20/2026,
1548,37.4,gf,1.220,mm,OK,--,6:39:10 PM,8/20/2026,
1549,37.4,gf,1.215,mm,OK,--,6:39:10 PM,8/20/2026,
1550,37.3,gf,1.210,mm,OK,--,6:39:10 PM,8/20/2026,
1551,37.2,gf,1.205,mm,OK,--,6:39:10 PM,8/20/2026,
1552,37.1,gf,1.200,mm,OK,--,6:39:10 PM,8/20/2026,
1553,37.0,gf,1.190,mm,OK,--,6:39:11 PM,8/20/2026,
1554,37.1,gf,1.180,mm,OK,--,6:39:11 PM,8/20/2026,
1555,37.1,gf,1.175,mm,OK,--,6:39:11 PM,8/20/2026,
1556,37.1,gf,1.165,mm,OK,--,6:39:11 PM,8/20/2026,
1557,37.0,gf,1.160,mm,OK,--,6:39:11 PM,8/20/2026,
1558,36.9,gf,1.150,mm,OK,--,6:39:11 PM,8/20/2026,
1559,36.7,gf,1.140,mm,OK,--,6:39:11 PM,8/20/2026,
1560,36.8,gf,1.130,mm,OK,--,6:39:11 PM,8/20/2026,
1561,36.7,gf,1.120,mm,OK,--,6:39:11 PM,8/20/2026,
1562,36.6,gf,1.105,mm,OK,--,6:39:11 PM,8/20/2026,
1563,36.7,gf,1.090,mm,OK,--,6:39:12 PM,8/20/2026,
1564,36.6,gf,1.085,mm,OK,--,6:39:12 PM,8/20/2026,
1565,36.4,gf,1.075,mm,OK,--,6:39:12 PM,8/20/2026,
1566,36.4,gf,1.065,mm,OK,--,6:39:12 PM,8/20/2026,
1567,36.3,gf,1.055,mm,OK,--,6:39:12 PM,8/20/2026,
1568,36.3,gf,1.045,mm,OK,--,6:39:12 PM,8/20/2026,
1569,36.4,gf,1.035,mm,OK,--,6:39:12 PM,8/20/2026,
1570,36.2,gf,1.025,mm,OK,--,6:39:12 PM,8/20/2026,
1571,36.2,gf,1.015,mm,OK,--,6:39:12 PM,8/20/2026,
1572,36.3,gf,1.005,mm,OK,--,6:39:12 PM,8/20/2026,
1573,36.1,gf,0.995,mm,OK,--,6:39:13 PM,8/20/2026,
1574,36.0,gf,0.985,mm,OK,--,6:39:13 PM,8/20/2026,
1575,36.1,gf,0.970,mm,OK,--,6:39:13 PM,8/20/2026,
1576,36.1,gf,0.965,mm,OK,--,6:39:13 PM,8/20/2026,
1577,36.0,gf,0.955,mm,OK,--,6:39:13 PM,8/20/2026,
1578,36.0,gf,0.950,mm,OK,--,6:39:13 PM,8/20/2026,
1579,35.9,gf,0.945,mm,OK,--,6:39:13 PM,8/20/2026,
1580,35.9,gf,0.940,mm,OK,--,6:39:13 PM,8/20/2026,
1581,35.9,gf,0.935,mm,OK,--,6:39:13 PM,8/20/2026,
1582,35.8,gf,0.930,mm,OK,--,6:39:13 PM,8/20/2026,
1583,35.8,gf,0.925,mm,OK,--,6:39:14 PM,8/20/2026,
1584,35.8,gf,0.920,mm,OK,--,6:39:14 PM,8/20/2026,
1585,35.6,gf,0.920,mm,OK,--,6:39:14 PM,8/20/2026,
1586,35.5,gf,0.915,mm,OK,--,6:39:14 PM,8/20/2026,
1587,35.5,gf,0.905,mm,OK,--,6:39:14 PM,8/20/2026,
1588,35.6,gf,0.900,mm,OK,--,6:39:14 PM,8/20/2026,
1589,35.6,gf,0.895,mm,OK,--,6:39:14 PM,8/20/2026,
1590,35.3,gf,0.890,mm,OK,--,6:39:14 PM,8/20/2026,
1591,35.2,gf,0.875,mm,OK,--,6:39:14 PM,8/20/2026,
1592,35.4,gf,0.870,mm,OK,--,6:39:14 PM,8/20/2026,
1593,35.4,gf,0.860,mm,OK,--,6:39:15 PM,8/20/2026,
1594,35.4,gf,0.855,mm,OK,--,6:39:15 PM,8/20/2026,
1595,35.4,gf,0.855,mm,OK,--,6:39:15 PM,8/20/2026,
1596,35.2,gf,0.850,mm,OK,--,6:39:15 PM,8/20/2026,
1597,35.1,gf,0.845,mm,OK,--,6:39:15 PM,8/20/2026,
1598,35.1,gf,0.840,mm,OK,--,6:39:15 PM,8/20/2026,
1599,35.1,gf,0.835,mm,OK,--,6:39:15 PM,8/20/2026,
1600,35.1,gf,0.830,mm,OK,--,6:39:15 PM,8/20/2026,
1601,35.1,gf,0.830,mm,OK,--,6:39:15 PM,8/20/2026,
1602,35.0,gf,0.825,mm,OK,--,6:39:15 PM,8/20/2026,
1603,34.9,gf,0.820,mm,OK,--,6:39:16 PM,8/20/2026,
1604,34.9,gf,0.815,mm,OK,--,6:39:16 PM,8/20/2026,
1605,34.9,gf,0.810,mm,OK,--,6:39:16 PM,8/20/2026,
1606,35.0,gf,0.805,mm,OK,--,6:39:16 PM,8/20/2026,
1607,35.0,gf,0.795,mm,OK,--,6:39:16 PM,8/20/2026,
1608,34.9,gf,0.790,mm,OK,--,6:39:16 PM,8/20/2026,
1609,34.8,gf,0.785,mm,OK,--,6:39:16 PM,8/20/2026,
1610,34.7,gf,0.775,mm,OK,--,6:39:16 PM,8/20/2026,
1611,34.8,gf,0.770,mm,OK,--,6:39:16 PM,8/20/2026,
1612,34.7,gf,0.765,mm,OK,--,6:39:16 PM,8/20/2026,
1613,34.7,gf,0.765,mm,OK,--,6:39:17 PM,8/20/2026,
1614,34.7,gf,0.760,mm,OK,--,6:39:17 PM,8/20/2026,
1615,34.6,gf,0.755,mm,OK,--,6:39:17 PM,8/20/2026,
1616,34.6,gf,0.745,mm,OK,--,6:39:17 PM,8/20/2026,
1617,34.7,gf,0.740,mm,OK,--,6:39:17 PM,8/20/2026,
1618,34.6,gf,0.735,mm,OK,--,6:39:17 PM,8/20/2026,
1619,34.6,gf,0.730,mm,OK,--,6:39:17 PM,8/20/2026,
1620,34.7,gf,0.725,mm,OK,--,6:39:17 PM,8/20/2026,
1621,34.6,gf,0.725,mm,OK,--,6:39:17 PM,8/20/2026,
1622,34.4,gf,0.720,mm,OK,--,6:39:17 PM,8/20/2026,
1623,34.5,gf,0.715,mm,OK,--,6:39:18 PM,8/20/2026,
1624,34.4,gf,0.710,mm,OK,--,6:39:18 PM,8/20/2026,
1625,34.4,gf,0.705,mm,OK,--,6:39:18 PM,8/20/2026,
1626,34.3,gf,0.700,mm,OK,--,6:39:18 PM,8/20/2026,
1627,34.4,gf,0.700,mm,OK,--,6:39:18 PM,8/20/2026,
1628,34.0,gf,0.690,mm,OK,--,6:39:18 PM,8/20/2026,
1629,34.3,gf,0.685,mm,OK,--,6:39:18 PM,8/20/2026,
1630,34.5,gf,0.680,mm,OK,--,6:39:18 PM,8/20/2026,
1631,34.5,gf,0.675,mm,OK,--,6:39:18 PM,8/20/2026,
1632,34.4,gf,0.670,mm,OK,--,6:39:18 PM,8/20/2026,
1633,34.3,gf,0.670,mm,OK,--,6:39:19 PM,8/20/2026,
1634,34.3,gf,0.665,mm,OK,--,6:39:19 PM,8/20/2026,
1635,34.3,gf,0.660,mm,OK,--,6:39:19 PM,8/20/2026,
1636,34.1,gf,0.655,mm,OK,--,6:39:19 PM,8/20/2026,
1637,33.9,gf,0.650,mm,OK,--,6:39:19 PM,8/20/2026,
1638,34.1,gf,0.645,mm,OK,--,6:39:19 PM,8/20/2026,
1639,34.1,gf,0.645,mm,OK,--,6:39:19 PM,8/20/2026,
1640,34.1,gf,0.640,mm,OK,--,6:39:19 PM,8/20/2026,
1641,34.2,gf,0.640,mm,OK,--,6:39:19 PM,8/20/2026,
1642,34.1,gf,0.635,mm,OK,--,6:39:19 PM,8/20/2026,
1643,34.2,gf,0.635,mm,OK,--,6:39:20 PM,8/20/2026,
1644,34.2,gf,0.635,mm,OK,--,6:39:20 PM,8/20/2026,
1645,34.2,gf,0.630,mm,OK,--,6:39:20 PM,8/20/2026,
1646,34.1,gf,0.630,mm,OK,--,6:39:20 PM,8/20/2026,
1647,34.2,gf,0.630,mm,OK,--,6:39:20 PM,8/20/2026,
1648,34.2,gf,0.625,mm,OK,--,6:39:20 PM,8/20/2026,
1649,34.1,gf,0.625,mm,OK,--,6:39:20 PM,8/20/2026,
1650,34.2,gf,0.625,mm,OK,--,6:39:20 PM,8/20/2026,
1651,34.1,gf,0.620,mm,OK,--,6:39:20 PM,8/20/2026,
1652,34.1,gf,0.620,mm,OK,--,6:39:20 PM,8/20/2026,
1653,34.1,gf,0.620,mm,OK,--,6:39:21 PM,8/20/2026,
1654,34.0,gf,0.620,mm,OK,--,6:39:21 PM,8/20/2026,
1655,33.8,gf,0.615,mm,OK,--,6:39:21 PM,8/20/2026,
1656,33.9,gf,0.605,mm,OK,--,6:39:21 PM,8/20/2026,
1657,34.0,gf,0.600,mm,OK,--,6:39:21 PM,8/20/2026,
1658,33.9,gf,0.595,mm,OK,--,6:39:21 PM,8/20/2026,
1659,33.7,gf,0.595,mm,OK,--,6:39:21 PM,8/20/2026,
1660,33.9,gf,0.590,mm,OK,--,6:39:21 PM,8/20/2026,
1661,33.8,gf,0.590,mm,OK,--,6:39:21 PM,8/20/2026,
1662,33.8,gf,0.585,mm,OK,--,6:39:21 PM,8/20/2026,
1663,33.9,gf,0.585,mm,OK,--,6:39:22 PM,8/20/2026,
1664,34.1,gf,0.585,mm,OK,--,6:39:22 PM,8/20/2026,
1665,34.2,gf,0.585,mm,OK,--,6:39:22 PM,8/20/2026,
1666,34.2,gf,0.585,mm,OK,--,6:39:22 PM,8/20/2026,
1667,34.2,gf,0.585,mm,OK,--,6:39:22 PM,8/20/2026,
1668,34.0,gf,0.585,mm,OK,--,6:39:22 PM,8/20/2026,
1669,33.9,gf,0.585,mm,OK,--,6:39:22 PM,8/20/2026,
1670,33.8,gf,0.580,mm,OK,--,6:39:22 PM,8/20/2026,
1671,33.9,gf,0.580,mm,OK,--,6:39:22 PM,8/20/2026,
1672,34.0,gf,0.580,mm,OK,--,6:39:22 PM,8/20/2026,
1673,34.1,gf,0.580,mm,OK,--,6:39:23 PM,8/20/2026,
1674,34.1,gf,0.580,mm,OK,--,6:39:23 PM,8/20/2026,
1675,34.0,gf,0.580,mm,OK,--,6:39:23 PM,8/20/2026,
1676,34.1,gf,0.580,mm,OK,--,6:39:23 PM,8/20/2026,
1677,34.0,gf,0.580,mm,OK,--,6:39:23 PM,8/20/2026,
1678,34.0,gf,0.580,mm,OK,--,6:39:23 PM,8/20/2026,
1679,33.9,gf,0.580,mm,OK,--,6:39:23 PM,8/20/2026,
1680,33.9,gf,0.580,mm,OK,--,6:39:23 PM,8/20/2026,
1681,33.4,gf,0.575,mm,OK,--,6:39:23 PM,8/20/2026,
1682,33.5,gf,0.570,mm,OK,--,6:39:23 PM,8/20/2026,
1683,33.6,gf,0.560,mm,OK,--,6:39:24 PM,8/20/2026,
1684,33.6,gf,0.555,mm,OK,--,6:39:24 PM,8/20/2026,
1685,33.6,gf,0.550,mm,OK,--,6:39:24 PM,8/20/2026,
1686,33.6,gf,0.545,mm,OK,--,6:39:24 PM,8/20/2026,
1687,33.6,gf,0.540,mm,OK,--,6:39:24 PM,8/20/2026,
1688,33.8,gf,0.540,mm,OK,--,6:39:24 PM,8/20/2026,
1689,33.3,gf,0.530,mm,OK,--,6:39:24 PM,8/20/2026,
1690,33.3,gf,0.525,mm,OK,--,6:39:24 PM,8/20/2026,
1691,33.1,gf,0.515,mm,OK,--,6:39:24 PM,8/20/2026,
1692,33.3,gf,0.505,mm,OK,--,6:39:24 PM,8/20/2026,
1693,33.3,gf,0.500,mm,OK,--,6:39:25 PM,8/20/2026,
1694,33.4,gf,0.495,mm,OK,--,6:39:25 PM,8/20/2026,
1695,33.3,gf,0.490,mm,OK,--,6:39:25 PM,8/20/2026,
1696,33.1,gf,0.485,mm,OK,--,6:39:25 PM,8/20/2026,
1697,33.1,gf,0.475,mm,OK,--,6:39:25 PM,8/20/2026,
1698,33.1,gf,0.470,mm,OK,--,6:39:25 PM,8/20/2026,
1699,33.1,gf,0.465,mm,OK,--,6:39:25 PM,8/20/2026,
1700,33.1,gf,0.460,mm,OK,--,6:39:25 PM,8/20/2026,
1701,33.0,gf,0.455,mm,OK,--,6:39:25 PM,8/20/2026,
1702,33.0,gf,0.450,mm,OK,--,6:39:25 PM,8/20/2026,
1703,33.0,gf,0.445,mm,OK,--,6:39:26 PM,8/20/2026,
1704,33.1,gf,0.445,mm,OK,--,6:39:26 PM,8/20/2026,
1705,32.8,gf,0.440,mm,OK,--,6:39:26 PM,8/20/2026,
1706,33.0,gf,0.435,mm,OK,--,6:39:26 PM,8/20/2026,
1707,33.0,gf,0.430,mm,OK,--,6:39:26 PM,8/20/2026,
1708,33.0,gf,0.425,mm,OK,--,6:39:26 PM,8/20/2026,
1709,33.0,gf,0.420,mm,OK,--,6:39:26 PM,8/20/2026,
1710,33.0,gf,0.420,mm,OK,--,6:39:26 PM,8/20/2026,
1711,33.0,gf,0.415,mm,OK,--,6:39:26 PM,8/20/2026,
1712,33.0,gf,0.415,mm,OK,--,6:39:26 PM,8/20/2026,
1713,32.9,gf,0.410,mm,OK,--,6:39:27 PM,8/20/2026,
1714,32.9,gf,0.410,mm,OK,--,6:39:27 PM,8/20/2026,
1715,33.0,gf,0.405,mm,OK,--,6:39:27 PM,8/20/2026,
1716,33.0,gf,0.405,mm,OK,--,6:39:27 PM,8/20/2026,
1717,33.0,gf,0.400,mm,OK,--,6:39:27 PM,8/20/2026,
1718,33.0,gf,0.400,mm,OK,--,6:39:27 PM,8/20/2026,
1719,32.9,gf,0.395,mm,OK,--,6:39:27 PM,8/20/2026,
1720,33.0,gf,0.395,mm,OK,--,6:39:27 PM,8/20/2026,
1721,32.9,gf,0.390,mm,OK,--,6:39:27 PM,8/20/2026,
1722,32.9,gf,0.390,mm,OK,--,6:39:27 PM,8/20/2026,
1723,32.9,gf,0.390,mm,OK,--,6:39:28 PM,8/20/2026,
1724,32.9,gf,0.385,mm,OK,--,6:39:28 PM,8/20/2026,
1725,32.9,gf,0.385,mm,OK,--,6:39:28 PM,8/20/2026,
1726,32.8,gf,0.380,mm,OK,--,6:39:28 PM,8/20/2026,
1727,32.6,gf,0.380,mm,OK,--,6:39:28 PM,8/20/2026,
1728,32.6,gf,0.375,mm,OK,--,6:39:28 PM,8/20/2026,
1729,32.5,gf,0.375,mm,OK,--,6:39:28 PM,8/20/2026,
1730,32.6,gf,0.370,mm,OK,--,6:39:28 PM,8/20/2026,
1731,32.6,gf,0.365,mm,OK,--,6:39:28 PM,8/20/2026,
1732,32.5,gf,0.360,mm,OK,--,6:39:28 PM,8/20/2026,
1733,32.6,gf,0.360,mm,OK,--,6:39:29 PM,8/20/2026,
1734,32.3,gf,0.350,mm,OK,--,6:39:29 PM,8/20/2026,
1735,32.5,gf,0.345,mm,OK,--,6:39:29 PM,8/20/2026,
1736,32.6,gf,0.340,mm,OK,--,6:39:29 PM,8/20/2026,
1737,32.6,gf,0.335,mm,OK,--,6:39:29 PM,8/20/2026,
1738,32.4,gf,0.330,mm,OK,--,6:39:29 PM,8/20/2026,
1739,32.2,gf,0.325,mm,OK,--,6:39:29 PM,8/20/2026,
1740,32.3,gf,0.315,mm,OK,--,6:39:29 PM,8/20/2026,
1741,32.4,gf,0.315,mm,OK,--,6:39:29 PM,8/20/2026,
1742,32.4,gf,0.310,mm,OK,--,6:39:29 PM,8/20/2026,
1743,32.5,gf,0.305,mm,OK,--,6:39:30 PM,8/20/2026,
1744,32.5,gf,0.300,mm,OK,--,6:39:30 PM,8/20/2026,
1745,32.6,gf,0.300,mm,OK,--,6:39:30 PM,8/20/2026,
1746,32.6,gf,0.300,mm,OK,--,6:39:30 PM,8/20/2026,
1747,32.4,gf,0.295,mm,OK,--,6:39:30 PM,8/20/2026,
1748,32.3,gf,0.290,mm,OK,--,6:39:30 PM,8/20/2026,
1749,32.2,gf,0.285,mm,OK,--,6:39:30 PM,8/20/2026,
1750,32.3,gf,0.280,mm,OK,--,6:39:30 PM,8/20/2026,
1751,32.0,gf,0.275,mm,OK,--,6:39:30 PM,8/20/2026,
1752,32.0,gf,0.270,mm,OK,--,6:39:30 PM,8/20/2026,
1753,32.1,gf,0.260,mm,OK,--,6:39:31 PM,8/20/2026,
1754,32.2,gf,0.255,mm,OK,--,6:39:31 PM,8/20/2026,
1755,31.9,gf,0.250,mm,OK,--,6:39:31 PM,8/20/2026,
1756,31.8,gf,0.240,mm,OK,--,6:39:31 PM,8/20/2026,
1757,31.8,gf,0.235,mm,OK,--,6:39:31 PM,8/20/2026,
1758,31.9,gf,0.230,mm,OK,--,6:39:31 PM,8/20/2026,
1759,31.9,gf,0.225,mm,OK,--,6:39:31 PM,8/20/2026,
1760,32.1,gf,0.225,mm,OK,--,6:39:31 PM,8/20/2026,
1761,32.2,gf,0.225,mm,OK,--,6:39:31 PM,8/20/2026,
1762,32.2,gf,0.220,mm,OK,--,6:39:31 PM,8/20/2026,
1763,32.3,gf,0.220,mm,OK,--,6:39:32 PM,8/20/2026,
1764,32.2,gf,0.220,mm,OK,--,6:39:32 PM,8/20/2026,
1765,32.2,gf,0.215,mm,OK,--,6:39:32 PM,8/20/2026,
1766,32.2,gf,0.215,mm,OK,--,6:39:32 PM,8/20/2026,
1767,31.9,gf,0.215,mm,OK,--,6:39:32 PM,8/20/2026,
1768,31.9,gf,0.210,mm,OK,--,6:39:32 PM,8/20/2026,
1769,32.0,gf,0.210,mm,OK,--,6:39:32 PM,8/20/2026,
1770,32.0,gf,0.210,mm,OK,--,6:39:32 PM,8/20/2026,
1771,31.9,gf,0.205,mm,OK,--,6:39:32 PM,8/20/2026,
1772,31.8,gf,0.205,mm,OK,--,6:39:32 PM,8/20/2026,
1773,31.9,gf,0.200,mm,OK,--,6:39:33 PM,8/20/2026,
1774,31.9,gf,0.195,mm,OK,--,6:39:33 PM,8/20/2026,
1775,32.0,gf,0.190,mm,OK,--,6:39:33 PM,8/20/2026,
1776,32.1,gf,0.190,mm,OK,--,6:39:33 PM,8/20/2026,
1777,31.9,gf,0.185,mm,OK,--,6:39:33 PM,8/20/2026,
1778,31.9,gf,0.180,mm,OK,--,6:39:33 PM,8/20/2026,
1779,32.1,gf,0.180,mm,OK,--,6:39:33 PM,8/20/2026,
1780,31.9,gf,0.180,mm,OK,--,6:39:33 PM,8/20/2026,
1781,31.9,gf,0.175,mm,OK,--,6:39:33 PM,8/20/2026,
1782,31.8,gf,0.175,mm,OK,--,6:39:33 PM,8/20/2026,
1783,31.1,gf,0.175,mm,OK,--,6:39:34 PM,8/20/2026,
1784,30.0,gf,0.175,mm,OK,--,6:39:34 PM,8/20/2026,
1785,28.7,gf,0.170,mm,OK,--,6:39:34 PM,8/20/2026,
1786,27.3,gf,0.170,mm,OK,--,6:39:34 PM,8/20/2026,
1787,25.1,gf,0.165,mm,OK,--,6:39:34 PM,8/20/2026,
1788,23.0,gf,0.165,mm,OK,--,6:39:34 PM,8/20/2026,
1789,21.4,gf,0.160,mm,OK,--,6:39:34 PM,8/20/2026,
1790,14.2,gf,0.150,mm,OK,--,6:39:34 PM,8/20/2026,
1791,1.2,gf,0.140,mm,OK,--,6:39:34 PM,8/20/2026,
1792,0.1,gf,0.120,mm,OK,--,6:39:34 PM,8/20/2026,
1793,0.0,gf,0.115,mm,OK,--,6:39:35 PM,8/20/2026,
1794,0.0,gf,0.110,mm,OK,--,6:39:35 PM,8/20/2026,
1795,0.1,gf,0.105,mm,OK,--,6:39:35 PM,8/20/2026,
1796,0.1,gf,0.100,mm,OK,--,6:39:35 PM,8/20/2026,
1797,0.0,gf,0.080,mm,OK,--,6:39:35 PM,8/20/2026,
1798,0.0,gf,0.055,mm,OK,--,6:39:35 PM,8/20/2026,
1799,-0.1,gf,0.025,mm,OK,--,6:39:35 PM,8/20/2026,
1800,0.0,gf,-0.005,mm,OK,--,6:39:35 PM,8/20/2026,
1801,0.0,gf,-0.025,mm,OK,--,6:39:35 PM,8/20/2026,
1802,0.0,gf,-0.040,mm,OK,--,6:39:35 PM,8/20/2026,
1803,0.0,gf,-0.045,mm,OK,--,6:39:36 PM,8/20/2026,
1804,0.0,gf,-0.060,mm,OK,--,6:39:36 PM,8/20/2026,
1805,0.1,gf,-0.075,mm,OK,--,6:39:36 PM,8/20/2026,
1806,-0.1,gf,-0.080,mm,OK,--,6:39:36 PM,8/20/2026,
1807,0.0,gf,-0.080,mm,OK,--,6:39:36 PM,8/20/2026,
1808,-0.1,gf,-0.080,mm,OK,--,6:39:36 PM,8/20/2026,
1809,-0.1,gf,-0.080,mm,OK,--,6:39:36 PM,8/20/2026,
1810,-0.1,gf,-0.080,mm,OK,--,6:39:36 PM,8/20/2026,
1811,0.0,gf,-0.080,mm,OK,--,6:39:36 PM,8/20/2026,
1812,0.0,gf,-0.080,mm,OK,--,6:39:36 PM,8/20/2026,
1813,-0.1,gf,-0.080,mm,OK,--,6:39:37 PM,8/20/2026,
1814,-0.1,gf,-0.080,mm,OK,--,6:39:37 PM,8/20/2026,
1815,0.0,gf,-0.080,mm,OK,--,6:39:37 PM,8/20/2026,
1816,0.1,gf,-0.080,mm,OK,--,6:39:37 PM,8/20/2026,
1817,0.0,gf,-0.075,mm,OK,--,6:39:37 PM,8/20/2026,
1818,0.0,gf,-0.075,mm,OK,--,6:39:37 PM,8/20/2026,
1819,0.2,gf,-0.075,mm,OK,--,6:39:37 PM,8/20/2026,
1820,-0.6,gf,-0.070,mm,OK,--,6:39:37 PM,8/20/2026,
1821,-0.2,gf,-0.065,mm,OK,--,6:39:37 PM,8/20/2026,
1822,0.0,gf,-0.060,mm,OK,--,6:39:37 PM,8/20/2026,
1823,0.0,gf,-0.055,mm,OK,--,6:39:38 PM,8/20/2026,
1824,0.1,gf,-0.050,mm,OK,--,6:39:38 PM,8/20/2026,
1825,0.0,gf,-0.040,mm,OK,--,6:39:38 PM,8/20/2026,
1826,0.0,gf,-0.035,mm,OK,--,6:39:38 PM,8/20/2026,
1827,0.0,gf,-0.030,mm,OK,--,6:39:38 PM,8/20/2026,
1828,0.0,gf,-0.025,mm,OK,--,6:39:38 PM,8/20/2026,
1829,0.0,gf,-0.015,mm,OK,--,6:39:38 PM,8/20/2026,
1830,0.0,gf,-0.010,mm,OK,--,6:39:38 PM,8/20/2026,
1831,0.0,gf,0.000,mm,OK,--,6:39:38 PM,8/20/2026,
1832,0.0,gf,0.005,mm,OK,--,6:39:38 PM,8/20/2026,
1833,0.1,gf,0.015,mm,OK,--,6:39:39 PM,8/20/2026,
1834,0.0,gf,0.020,mm,OK,--,6:39:39 PM,8/20/2026,
1835,0.0,gf,0.030,mm,OK,--,6:39:39 PM,8/20/2026,
