Maximum,191.7,@,No.1042,,,,,,
Minimum,-0.1,@,No.1,,,,,,
Average,52.79,,,,,,,,
Data Quantity,2007,,,,,,,,
Number of NG,0,,,,,,,,
No.,Force,Unit,Displacement,Unit,Judge,Position,Time,Date,
1,-0.1,gf,0.000,mm,OK,--,9:07:57 PM,2/5/2026,
2,0.0,gf,0.000,mm,OK,--,9:07:58 PM,2/5/2026,
3,0.0,gf,0.000,mm,OK,--,9:07:58 PM,2/5/2026,
4,0.0,gf,0.005,mm,OK,--,9:07:58 PM,2/5/2026,
5,0.0,gf,0.005,mm,OK,--,9:07:58 PM,2/5/2026,
6,0.0,gf,0.005,mm,OK,--,9:07:58 PM,2/5/2026,
7,0.0,gf,0.010,mm,OK,--,9:07:58 PM,2/5/2026,
8,0.0,gf,0.010,mm,OK,--,9:07:58 PM,2/5/2026,
9,0.0,gf,0.015,mm,OK,--,9:07:58 PM,2/5/2026,
10,0.0,gf,0.020,mm,OK,--,9:07:58 PM,2/5/2026,
11,0.0,gf,0.020,mm,OK,--,9:07:58 PM,2/5/2026,
12,0.0,gf,0.025,mm,OK,--,9:07:59 PM,2/5/2026,
13,0.0,gf,0.030,mm,OK,--,9:07:59 PM,2/5/2026,
14,0.0,gf,0.035,mm,OK,--,9:07:59 PM,2/5/2026,
15,0.0,gf,0.035,mm,OK,--,9:07:59 PM,2/5/2026,
16,0.0,gf,0.045,mm,OK,--,9:07:59 PM,2/5/2026,
17,0.0,gf,0.050,mm,OK,--,9:07:59 PM,2/5/2026,
18,6.4,gf,0.060,mm,OK,--,9:07:59 PM,2/5/2026,
19,14.0,gf,0.065,mm,OK,--,9:07:59 PM,2/5/2026,
20,20.5,gf,0.075,mm,OK,--,9:07:59 PM,2/5/2026,
21,25.2,gf,0.080,mm,OK,--,9:07:59 PM,2/5/2026,
22,28.8,gf,0.080,mm,OK,--,9:08:00 PM,2/5/2026,
23,32.1,gf,0.085,mm,OK,--,9:08:00 PM,2/5/2026,
24,35.4,gf,0.090,mm,OK,--,9:08:00 PM,2/5/2026,
25,39.0,gf,0.090,mm,OK,--,9:08:00 PM,2/5/2026,
26,41.8,gf,0.095,mm,OK,--,9:08:00 PM,2/5/2026,
27,43.9,gf,0.100,mm,OK,--,9:08:00 PM,2/5/2026,
28,44.7,gf,0.100,mm,OK,--,9:08:00 PM,2/5/2026,
29,45.2,gf,0.105,mm,OK,--,9:08:00 PM,2/5/2026,
30,45.7,gf,0.105,mm,OK,--,9:08:00 PM,2/5/2026,
31,46.0,gf,0.110,mm,OK,--,9:08:00 PM,2/5/2026,
32,46.3,gf,0.110,mm,OK,--,9:08:01 PM,2/5/2026,
33,46.8,gf,0.110,mm,OK,--,9:08:01 PM,2/5/2026,
34,47.3,gf,0.115,mm,OK,--,9:08:01 PM,2/5/2026,
35,47.4,gf,0.115,mm,OK,--,9:08:01 PM,2/5/2026,
36,47.6,gf,0.120,mm,OK,--,9:08:01 PM,2/5/2026,
37,47.9,gf,0.120,mm,OK,--,9:08:01 PM,2/5/2026,
38,48.2,gf,0.120,mm,OK,--,9:08:01 PM,2/5/2026,
39,48.3,gf,0.125,mm,OK,--,9:08:01 PM,2/5/2026,
40,48.3,gf,0.125,mm,OK,--,9:08:01 PM,2/5/2026,
41,48.6,gf,0.130,mm,OK,--,9:08:01 PM,2/5/2026,
42,48.9,gf,0.130,mm,OK,--,9:08:02 PM,2/5/2026,
43,49.3,gf,0.135,mm,OK,--,9:08:02 PM,2/5/2026,
44,49.8,gf,0.145,mm,OK,--,9:08:02 PM,2/5/2026,
45,50.1,gf,0.150,mm,OK,--,9:08:02 PM,2/5/2026,
46,50.3,gf,0.160,mm,OK,--,9:08:02 PM,2/5/2026,
47,50.5,gf,0.165,mm,OK,--,9:08:02 PM,2/5/2026,
48,50.7,gf,0.170,mm,OK,--,9:08:02 PM,2/5/2026,
49,50.6,gf,0.170,mm,OK,--,9:08:02 PM,2/5/2026,
50,50.8,gf,0.170,mm,OK,--,9:08:02 PM,2/5/2026,
51,51.1,gf,0.175,mm,OK,--,9:08:02 PM,2/5/2026,
52,51.2,gf,0.175,mm,OK,--,9:08:03 PM,2/5/2026,
53,51.5,gf,0.180,mm,OK,--,9:08:03 PM,2/5/2026,
54,51.6,gf,0.185,mm,OK,--,9:08:03 PM,2/5/2026,
55,51.8,gf,0.185,mm,OK,--,9:08:03 PM,2/5/2026,
56,52.3,gf,0.190,mm,OK,--,9:08:03 PM,2/5/2026,
57,52.1,gf,0.195,mm,OK,--,9:08:03 PM,2/5/2026,
58,52.1,gf,0.195,mm,OK,--,9:08:03 PM,2/5/2026,
59,52.0,gf,0.195,mm,OK,--,9:08:03 PM,2/5/2026,
60,52.3,gf,0.195,mm,OK,--,9:08:03 PM,2/5/2026,
61,52.5,gf,0.200,mm,OK,--,9:08:03 PM,2/5/2026,
62,52.4,gf,0.200,mm,OK,--,9:08:04 PM,2/5/2026,
63,52.4,gf,0.200,mm,OK,--,9:08:04 PM,2/5/2026,
64,52.5,gf,0.205,mm,OK,--,9:08:04 PM,2/5/2026,
65,52.7,gf,0.205,mm,OK,--,9:08:04 PM,2/5/2026,
66,52.6,gf,0.205,mm,OK,--,9:08:04 PM,2/5/2026,
67,52.9,gf,0.210,mm,OK,--,9:08:04 PM,2/5/2026,
68,52.7,gf,0.210,mm,OK,--,9:08:04 PM,2/5/2026,
69,52.7,gf,0.210,mm,OK,--,9:08:04 PM,2/5/2026,
70,53.1,gf,0.215,mm,OK,--,9:08:04 PM,2/5/2026,
71,53.3,gf,0.215,mm,OK,--,9:08:04 PM,2/5/2026,
72,53.6,gf,0.220,mm,OK,--,9:08:05 PM,2/5/2026,
73,54.0,gf,0.225,mm,OK,--,9:08:05 PM,2/5/2026,
74,53.8,gf,0.225,mm,OK,--,9:08:05 PM,2/5/2026,
75,54.1,gf,0.230,mm,OK,--,9:08:05 PM,2/5/2026,
76,54.7,gf,0.235,mm,OK,--,9:08:05 PM,2/5/2026,
77,55.3,gf,0.245,mm,OK,--,9:08:05 PM,2/5/2026,
78,55.5,gf,0.250,mm,OK,--,9:08:05 PM,2/5/2026,
79,55.7,gf,0.260,mm,OK,--,9:08:05 PM,2/5/2026,
80,56.2,gf,0.265,mm,OK,--,9:08:05 PM,2/5/2026,
81,56.9,gf,0.270,mm,OK,--,9:08:05 PM,2/5/2026,
82,57.5,gf,0.280,mm,OK,--,9:08:06 PM,2/5/2026,
83,58.0,gf,0.290,mm,OK,--,9:08:06 PM,2/5/2026,
84,58.2,gf,0.295,mm,OK,--,9:08:06 PM,2/5/2026,
85,58.4,gf,0.300,mm,OK,--,9:08:06 PM,2/5/2026,
86,58.4,gf,0.305,mm,OK,--,9:08:06 PM,2/5/2026,
87,58.6,gf,0.310,mm,OK,--,9:08:06 PM,2/5/2026,
88,58.6,gf,0.310,mm,OK,--,9:08:06 PM,2/5/2026,
89,58.7,gf,0.315,mm,OK,--,9:08:06 PM,2/5/2026,
90,58.7,gf,0.315,mm,OK,--,9:08:06 PM,2/5/2026,
91,58.7,gf,0.315,mm,OK,--,9:08:06 PM,2/5/2026,
92,59.0,gf,0.320,mm,OK,--,9:08:07 PM,2/5/2026,
93,59.3,gf,0.325,mm,OK,--,9:08:07 PM,2/5/2026,
94,59.3,gf,0.330,mm,OK,--,9:08:07 PM,2/5/2026,
95,59.4,gf,0.330,mm,OK,--,9:08:07 PM,2/5/2026,
96,59.4,gf,0.335,mm,OK,--,9:08:07 PM,2/5/2026,
97,59.5,gf,0.340,mm,OK,--,9:08:07 PM,2/5/2026,
98,59.5,gf,0.340,mm,OK,--,9:08:07 PM,2/5/2026,
99,59.6,gf,0.350,mm,OK,--,9:08:07 PM,2/5/2026,
100,59.9,gf,0.355,mm,OK,--,9:08:07 PM,2/5/2026,
101,60.1,gf,0.360,mm,OK,--,9:08:07 PM,2/5/2026,
102,60.0,gf,0.370,mm,OK,--,9:08:08 PM,2/5/2026,
103,60.4,gf,0.375,mm,OK,--,9:08:08 PM,2/5/2026,
104,60.4,gf,0.385,mm,OK,--,9:08:08 PM,2/5/2026,
105,60.5,gf,0.390,mm,OK,--,9:08:08 PM,2/5/2026,
106,60.7,gf,0.395,mm,OK,--,9:08:08 PM,2/5/2026,
107,60.7,gf,0.400,mm,OK,--,9:08:08 PM,2/5/2026,
108,60.8,gf,0.405,mm,OK,--,9:08:08 PM,2/5/2026,
109,60.6,gf,0.410,mm,OK,--,9:08:08 PM,2/5/2026,
110,60.7,gf,0.415,mm,OK,--,9:08:08 PM,2/5/2026,
111,60.6,gf,0.420,mm,OK,--,9:08:08 PM,2/5/2026,
112,60.6,gf,0.420,mm,OK,--,9:08:09 PM,2/5/2026,
113,60.6,gf,0.425,mm,OK,--,9:08:09 PM,2/5/2026,
114,60.4,gf,0.430,mm,OK,--,9:08:09 PM,2/5/2026,
115,60.5,gf,0.435,mm,OK,--,9:08:09 PM,2/5/2026,
116,60.4,gf,0.440,mm,OK,--,9:08:09 PM,2/5/2026,
117,60.5,gf,0.450,mm,OK,--,9:08:09 PM,2/5/2026,
118,60.2,gf,0.455,mm,OK,--,9:08:09 PM,2/5/2026,
119,59.9,gf,0.460,mm,OK,--,9:08:09 PM,2/5/2026,
120,59.9,gf,0.465,mm,OK,--,9:08:09 PM,2/5/2026,
121,59.9,gf,0.465,mm,OK,--,9:08:09 PM,2/5/2026,
122,59.9,gf,0.470,mm,OK,--,9:08:10 PM,2/5/2026,
123,59.9,gf,0.470,mm,OK,--,9:08:10 PM,2/5/2026,
124,59.9,gf,0.475,mm,OK,--,9:08:10 PM,2/5/2026,
125,59.9,gf,0.475,mm,OK,--,9:08:10 PM,2/5/2026,
126,60.0,gf,0.475,mm,OK,--,9:08:10 PM,2/5/2026,
127,59.8,gf,0.480,mm,OK,--,9:08:10 PM,2/5/2026,
128,59.7,gf,0.480,mm,OK,--,9:08:10 PM,2/5/2026,
129,59.8,gf,0.480,mm,OK,--,9:08:10 PM,2/5/2026,
130,59.7,gf,0.480,mm,OK,--,9:08:10 PM,2/5/2026,
131,59.8,gf,0.485,mm,OK,--,9:08:10 PM,2/5/2026,
132,59.9,gf,0.485,mm,OK,--,9:08:11 PM,2/5/2026,
133,60.1,gf,0.485,mm,OK,--,9:08:11 PM,2/5/2026,
134,60.1,gf,0.490,mm,OK,--,9:08:11 PM,2/5/2026,
135,59.9,gf,0.490,mm,OK,--,9:08:11 PM,2/5/2026,
136,60.1,gf,0.495,mm,OK,--,9:08:11 PM,2/5/2026,
137,60.2,gf,0.495,mm,OK,--,9:08:11 PM,2/5/2026,
138,60.1,gf,0.505,mm,OK,--,9:08:11 PM,2/5/2026,
139,59.9,gf,0.510,mm,OK,--,9:08:11 PM,2/5/2026,
140,59.7,gf,0.515,mm,OK,--,9:08:11 PM,2/5/2026,
141,59.6,gf,0.515,mm,OK,--,9:08:11 PM,2/5/2026,
142,59.7,gf,0.520,mm,OK,--,9:08:12 PM,2/5/2026,
143,59.6,gf,0.525,mm,OK,--,9:08:12 PM,2/5/2026,
144,59.6,gf,0.530,mm,OK,--,9:08:12 PM,2/5/2026,
145,59.5,gf,0.530,mm,OK,--,9:08:12 PM,2/5/2026,
146,59.4,gf,0.535,mm,OK,--,9:08:12 PM,2/5/2026,
147,59.4,gf,0.540,mm,OK,--,9:08:12 PM,2/5/2026,
148,59.4,gf,0.540,mm,OK,--,9:08:12 PM,2/5/2026,
149,59.2,gf,0.545,mm,OK,--,9:08:12 PM,2/5/2026,
150,59.2,gf,0.545,mm,OK,--,9:08:12 PM,2/5/2026,
151,59.2,gf,0.550,mm,OK,--,9:08:12 PM,2/5/2026,
152,59.0,gf,0.550,mm,OK,--,9:08:13 PM,2/5/2026,
153,59.1,gf,0.555,mm,OK,--,9:08:13 PM,2/5/2026,
154,59.2,gf,0.555,mm,OK,--,9:08:13 PM,2/5/2026,
155,59.2,gf,0.560,mm,OK,--,9:08:13 PM,2/5/2026,
156,59.2,gf,0.560,mm,OK,--,9:08:13 PM,2/5/2026,
157,59.2,gf,0.565,mm,OK,--,9:08:13 PM,2/5/2026,
158,59.2,gf,0.565,mm,OK,--,9:08:13 PM,2/5/2026,
159,59.3,gf,0.570,mm,OK,--,9:08:13 PM,2/5/2026,
160,59.1,gf,0.575,mm,OK,--,9:08:13 PM,2/5/2026,
161,58.9,gf,0.575,mm,OK,--,9:08:13 PM,2/5/2026,
162,58.9,gf,0.580,mm,OK,--,9:08:14 PM,2/5/2026,
163,58.8,gf,0.585,mm,OK,--,9:08:14 PM,2/5/2026,
164,59.0,gf,0.585,mm,OK,--,9:08:14 PM,2/5/2026,
165,58.9,gf,0.590,mm,OK,--,9:08:14 PM,2/5/2026,
166,58.8,gf,0.595,mm,OK,--,9:08:14 PM,2/5/2026,
167,58.7,gf,0.595,mm,OK,--,9:08:14 PM,2/5/2026,
168,58.7,gf,0.600,mm,OK,--,9:08:14 PM,2/5/2026,
169,58.5,gf,0.605,mm,OK,--,9:08:14 PM,2/5/2026,
170,58.4,gf,0.605,mm,OK,--,9:08:14 PM,2/5/2026,
171,58.8,gf,0.610,mm,OK,--,9:08:14 PM,2/5/2026,
172,58.8,gf,0.615,mm,OK,--,9:08:15 PM,2/5/2026,
173,58.6,gf,0.620,mm,OK,--,9:08:15 PM,2/5/2026,
174,58.5,gf,0.625,mm,OK,--,9:08:15 PM,2/5/2026,
175,58.4,gf,0.630,mm,OK,--,9:08:15 PM,2/5/2026,
176,58.6,gf,0.635,mm,OK,--,9:08:15 PM,2/5/2026,
177,58.2,gf,0.645,mm,OK,--,9:08:15 PM,2/5/2026,
178,58.1,gf,0.650,mm,OK,--,9:08:15 PM,2/5/2026,
179,58.1,gf,0.650,mm,OK,--,9:08:15 PM,2/5/2026,
180,57.8,gf,0.655,mm,OK,--,9:08:15 PM,2/5/2026,
181,58.0,gf,0.660,mm,OK,--,9:08:15 PM,2/5/2026,
182,58.1,gf,0.665,mm,OK,--,9:08:16 PM,2/5/2026,
183,58.0,gf,0.670,mm,OK,--,9:08:16 PM,2/5/2026,
184,58.2,gf,0.675,mm,OK,--,9:08:16 PM,2/5/2026,
185,57.6,gf,0.680,mm,OK,--,9:08:16 PM,2/5/2026,
186,57.2,gf,0.685,mm,OK,--,9:08:16 PM,2/5/2026,
187,57.7,gf,0.690,mm,OK,--,9:08:16 PM,2/5/2026,
188,57.6,gf,0.695,mm,OK,--,9:08:16 PM,2/5/2026,
189,57.4,gf,0.700,mm,OK,--,9:08:16 PM,2/5/2026,
190,57.4,gf,0.705,mm,OK,--,9:08:16 PM,2/5/2026,
191,57.1,gf,0.710,mm,OK,--,9:08:16 PM,2/5/2026,
192,56.9,gf,0.715,mm,OK,--,9:08:17 PM,2/5/2026,
193,57.0,gf,0.720,mm,OK,--,9:08:17 PM,2/5/2026,
194,56.9,gf,0.725,mm,OK,--,9:08:17 PM,2/5/2026,
195,56.9,gf,0.730,mm,OK,--,9:08:17 PM,2/5/2026,
196,57.0,gf,0.735,mm,OK,--,9:08:17 PM,2/5/2026,
197,56.8,gf,0.740,mm,OK,--,9:08:17 PM,2/5/2026,
198,56.7,gf,0.740,mm,OK,--,9:08:17 PM,2/5/2026,
199,56.6,gf,0.745,mm,OK,--,9:08:17 PM,2/5/2026,
200,56.2,gf,0.745,mm,OK,--,9:08:17 PM,2/5/2026,
201,56.1,gf,0.750,mm,OK,--,9:08:17 PM,2/5/2026,
202,56.4,gf,0.750,mm,OK,--,9:08:18 PM,2/5/2026,
203,56.4,gf,0.750,mm,OK,--,9:08:18 PM,2/5/2026,
204,56.4,gf,0.755,mm,OK,--,9:08:18 PM,2/5/2026,
205,56.3,gf,0.760,mm,OK,--,9:08:18 PM,2/5/2026,
206,56.1,gf,0.760,mm,OK,--,9:08:18 PM,2/5/2026,
207,56.1,gf,0.760,mm,OK,--,9:08:18 PM,2/5/2026,
208,56.2,gf,0.765,mm,OK,--,9:08:18 PM,2/5/2026,
209,56.2,gf,0.765,mm,OK,--,9:08:18 PM,2/5/2026,
210,56.0,gf,0.765,mm,OK,--,9:08:18 PM,2/5/2026,
211,56.2,gf,0.765,mm,OK,--,9:08:18 PM,2/5/2026,
212,56.1,gf,0.770,mm,OK,--,9:08:19 PM,2/5/2026,
213,56.3,gf,0.770,mm,OK,--,9:08:19 PM,2/5/2026,
214,56.3,gf,0.775,mm,OK,--,9:08:19 PM,2/5/2026,
215,56.3,gf,0.775,mm,OK,--,9:08:19 PM,2/5/2026,
216,56.3,gf,0.780,mm,OK,--,9:08:19 PM,2/5/2026,
217,56.1,gf,0.785,mm,OK,--,9:08:19 PM,2/5/2026,
218,55.8,gf,0.785,mm,OK,--,9:08:19 PM,2/5/2026,
219,55.5,gf,0.790,mm,OK,--,9:08:19 PM,2/5/2026,
220,55.8,gf,0.790,mm,OK,--,9:08:19 PM,2/5/2026,
221,56.0,gf,0.795,mm,OK,--,9:08:19 PM,2/5/2026,
222,55.8,gf,0.800,mm,OK,--,9:08:20 PM,2/5/2026,
223,55.8,gf,0.800,mm,OK,--,9:08:20 PM,2/5/2026,
224,55.8,gf,0.805,mm,OK,--,9:08:20 PM,2/5/2026,
225,55.7,gf,0.810,mm,OK,--,9:08:20 PM,2/5/2026,
226,55.9,gf,0.815,mm,OK,--,9:08:20 PM,2/5/2026,
227,55.8,gf,0.820,mm,OK,--,9:08:20 PM,2/5/2026,
228,55.6,gf,0.825,mm,OK,--,9:08:20 PM,2/5/2026,
229,55.5,gf,0.830,mm,OK,--,9:08:20 PM,2/5/2026,
230,55.4,gf,0.830,mm,OK,--,9:08:20 PM,2/5/2026,
231,55.3,gf,0.835,mm,OK,--,9:08:20 PM,2/5/2026,
232,55.6,gf,0.840,mm,OK,--,9:08:21 PM,2/5/2026,
233,55.3,gf,0.845,mm,OK,--,9:08:21 PM,2/5/2026,
234,55.1,gf,0.850,mm,OK,--,9:08:21 PM,2/5/2026,
235,54.7,gf,0.850,mm,OK,--,9:08:21 PM,2/5/2026,
236,54.6,gf,0.850,mm,OK,--,9:08:21 PM,2/5/2026,
237,54.6,gf,0.855,mm,OK,--,9:08:21 PM,2/5/2026,
238,54.8,gf,0.855,mm,OK,--,9:08:21 PM,2/5/2026,
239,54.8,gf,0.855,mm,OK,--,9:08:21 PM,2/5/2026,
240,54.9,gf,0.860,mm,OK,--,9:08:21 PM,2/5/2026,
241,55.4,gf,0.860,mm,OK,--,9:08:21 PM,2/5/2026,
242,55.2,gf,0.865,mm,OK,--,9:08:22 PM,2/5/2026,
243,55.0,gf,0.870,mm,OK,--,9:08:22 PM,2/5/2026,
244,54.7,gf,0.875,mm,OK,--,9:08:22 PM,2/5/2026,
245,54.5,gf,0.880,mm,OK,--,9:08:22 PM,2/5/2026,
246,54.8,gf,0.880,mm,OK,--,9:08:22 PM,2/5/2026,
247,54.6,gf,0.885,mm,OK,--,9:08:22 PM,2/5/2026,
248,54.7,gf,0.890,mm,OK,--,9:08:22 PM,2/5/2026,
249,54.4,gf,0.900,mm,OK,--,9:08:22 PM,2/5/2026,
250,54.3,gf,0.905,mm,OK,--,9:08:22 PM,2/5/2026,
251,54.1,gf,0.910,mm,OK,--,9:08:22 PM,2/5/2026,
252,54.0,gf,0.915,mm,OK,--,9:08:23 PM,2/5/2026,
253,54.0,gf,0.920,mm,OK,--,9:08:23 PM,2/5/2026,
254,53.9,gf,0.920,mm,OK,--,9:08:23 PM,2/5/2026,
255,54.0,gf,0.925,mm,OK,--,9:08:23 PM,2/5/2026,
256,53.8,gf,0.930,mm,OK,--,9:08:23 PM,2/5/2026,
257,53.7,gf,0.935,mm,OK,--,9:08:23 PM,2/5/2026,
258,53.7,gf,0.940,mm,OK,--,9:08:23 PM,2/5/2026,
259,53.6,gf,0.940,mm,OK,--,9:08:23 PM,2/5/2026,
260,53.5,gf,0.945,mm,OK,--,9:08:23 PM,2/5/2026,
261,53.5,gf,0.950,mm,OK,--,9:08:23 PM,2/5/2026,
262,53.5,gf,0.950,mm,OK,--,9:08:24 PM,2/5/2026,
263,53.3,gf,0.955,mm,OK,--,9:08:24 PM,2/5/2026,
264,53.4,gf,0.960,mm,OK,--,9:08:24 PM,2/5/2026,
265,53.3,gf,0.965,mm,OK,--,9:08:24 PM,2/5/2026,
266,53.1,gf,0.970,mm,OK,--,9:08:24 PM,2/5/2026,
267,52.9,gf,0.975,mm,OK,--,9:08:24 PM,2/5/2026,
268,52.7,gf,0.975,mm,OK,--,9:08:24 PM,2/5/2026,
269,52.7,gf,0.980,mm,OK,--,9:08:24 PM,2/5/2026,
270,52.5,gf,0.980,mm,OK,--,9:08:24 PM,2/5/2026,
271,52.5,gf,0.985,mm,OK,--,9:08:24 PM,2/5/2026,
272,52.5,gf,0.985,mm,OK,--,9:08:25 PM,2/5/2026,
273,52.5,gf,0.990,mm,OK,--,9:08:25 PM,2/5/2026,
274,52.4,gf,0.990,mm,OK,--,9:08:25 PM,2/5/2026,
275,52.4,gf,0.995,mm,OK,--,9:08:25 PM,2/5/2026,
276,52.3,gf,0.995,mm,OK,--,9:08:25 PM,2/5/2026,
277,52.2,gf,1.000,mm,OK,--,9:08:25 PM,2/5/2026,
278,52.2,gf,1.000,mm,OK,--,9:08:25 PM,2/5/2026,
279,52.2,gf,1.005,mm,OK,--,9:08:25 PM,2/5/2026,
280,52.2,gf,1.010,mm,OK,--,9:08:25 PM,2/5/2026,
281,52.1,gf,1.010,mm,OK,--,9:08:25 PM,2/5/2026,
282,52.2,gf,1.015,mm,OK,--,9:08:26 PM,2/5/2026,
283,52.1,gf,1.015,mm,OK,--,9:08:26 PM,2/5/2026,
284,52.0,gf,1.020,mm,OK,--,9:08:26 PM,2/5/2026,
285,51.9,gf,1.020,mm,OK,--,9:08:26 PM,2/5/2026,
286,51.8,gf,1.025,mm,OK,--,9:08:26 PM,2/5/2026,
287,51.8,gf,1.025,mm,OK,--,9:08:26 PM,2/5/2026,
288,51.8,gf,1.030,mm,OK,--,9:08:26 PM,2/5/2026,
289,51.8,gf,1.030,mm,OK,--,9:08:26 PM,2/5/2026,
290,52.0,gf,1.035,mm,OK,--,9:08:26 PM,2/5/2026,
291,51.9,gf,1.040,mm,OK,--,9:08:26 PM,2/5/2026,
292,51.6,gf,1.045,mm,OK,--,9:08:27 PM,2/5/2026,
293,51.4,gf,1.045,mm,OK,--,9:08:27 PM,2/5/2026,
294,51.4,gf,1.050,mm,OK,--,9:08:27 PM,2/5/2026,
295,51.4,gf,1.055,mm,OK,--,9:08:27 PM,2/5/2026,
296,51.4,gf,1.060,mm,OK,--,9:08:27 PM,2/5/2026,
297,51.2,gf,1.060,mm,OK,--,9:08:27 PM,2/5/2026,
298,51.2,gf,1.065,mm,OK,--,9:08:27 PM,2/5/2026,
299,51.1,gf,1.065,mm,OK,--,9:08:27 PM,2/5/2026,
300,50.8,gf,1.070,mm,OK,--,9:08:27 PM,2/5/2026,
301,50.9,gf,1.070,mm,OK,--,9:08:27 PM,2/5/2026,
302,50.9,gf,1.075,mm,OK,--,9:08:28 PM,2/5/2026,
303,50.8,gf,1.075,mm,OK,--,9:08:28 PM,2/5/2026,
304,50.8,gf,1.080,mm,OK,--,9:08:28 PM,2/5/2026,
305,50.8,gf,1.085,mm,OK,--,9:08:28 PM,2/5/2026,
306,50.8,gf,1.090,mm,OK,--,9:08:28 PM,2/5/2026,
307,50.6,gf,1.095,mm,OK,--,9:08:28 PM,2/5/2026,
308,50.4,gf,1.100,mm,OK,--,9:08:28 PM,2/5/2026,
309,50.3,gf,1.105,mm,OK,--,9:08:28 PM,2/5/2026,
310,50.3,gf,1.110,mm,OK,--,9:08:28 PM,2/5/2026,
311,50.1,gf,1.110,mm,OK,--,9:08:28 PM,2/5/2026,
312,50.0,gf,1.115,mm,OK,--,9:08:29 PM,2/5/2026,
313,50.0,gf,1.115,mm,OK,--,9:08:29 PM,2/5/2026,
314,50.1,gf,1.120,mm,OK,--,9:08:29 PM,2/5/2026,
315,50.1,gf,1.125,mm,OK,--,9:08:29 PM,2/5/2026,
316,50.1,gf,1.125,mm,OK,--,9:08:29 PM,2/5/2026,
317,50.1,gf,1.130,mm,OK,--,9:08:29 PM,2/5/2026,
318,50.0,gf,1.135,mm,OK,--,9:08:29 PM,2/5/2026,
319,50.0,gf,1.140,mm,OK,--,9:08:29 PM,2/5/2026,
320,50.0,gf,1.145,mm,OK,--,9:08:29 PM,2/5/2026,
321,49.8,gf,1.150,mm,OK,--,9:08:29 PM,2/5/2026,
322,49.7,gf,1.150,mm,OK,--,9:08:30 PM,2/5/2026,
323,49.5,gf,1.155,mm,OK,--,9:08:30 PM,2/5/2026,
324,49.4,gf,1.160,mm,OK,--,9:08:30 PM,2/5/2026,
325,49.1,gf,1.160,mm,OK,--,9:08:30 PM,2/5/2026,
326,48.8,gf,1.165,mm,OK,--,9:08:30 PM,2/5/2026,
327,48.8,gf,1.165,mm,OK,--,9:08:30 PM,2/5/2026,
328,48.8,gf,1.165,mm,OK,--,9:08:30 PM,2/5/2026,
329,48.9,gf,1.165,mm,OK,--,9:08:30 PM,2/5/2026,
330,49.0,gf,1.170,mm,OK,--,9:08:30 PM,2/5/2026,
331,48.9,gf,1.170,mm,OK,--,9:08:30 PM,2/5/2026,
332,48.9,gf,1.170,mm,OK,--,9:08:31 PM,2/5/2026,
333,49.0,gf,1.170,mm,OK,--,9:08:31 PM,2/5/2026,
334,48.9,gf,1.175,mm,OK,--,9:08:31 PM,2/5/2026,
335,49.0,gf,1.175,mm,OK,--,9:08:31 PM,2/5/2026,
336,49.0,gf,1.175,mm,OK,--,9:08:31 PM,2/5/2026,
337,49.1,gf,1.180,mm,OK,--,9:08:31 PM,2/5/2026,
338,49.2,gf,1.180,mm,OK,--,9:08:31 PM,2/5/2026,
339,49.5,gf,1.190,mm,OK,--,9:08:31 PM,2/5/2026,
340,49.1,gf,1.195,mm,OK,--,9:08:31 PM,2/5/2026,
341,48.7,gf,1.200,mm,OK,--,9:08:31 PM,2/5/2026,
342,48.6,gf,1.200,mm,OK,--,9:08:32 PM,2/5/2026,
343,48.8,gf,1.205,mm,OK,--,9:08:32 PM,2/5/2026,
344,48.8,gf,1.210,mm,OK,--,9:08:32 PM,2/5/2026,
345,48.4,gf,1.210,mm,OK,--,9:08:32 PM,2/5/2026,
346,48.2,gf,1.215,mm,OK,--,9:08:32 PM,2/5/2026,
347,48.1,gf,1.220,mm,OK,--,9:08:32 PM,2/5/2026,
348,48.0,gf,1.220,mm,OK,--,9:08:32 PM,2/5/2026,
349,47.9,gf,1.220,mm,OK,--,9:08:32 PM,2/5/2026,
350,48.0,gf,1.225,mm,OK,--,9:08:32 PM,2/5/2026,
351,48.4,gf,1.230,mm,OK,--,9:08:32 PM,2/5/2026,
352,48.2,gf,1.235,mm,OK,--,9:08:33 PM,2/5/2026,
353,48.3,gf,1.240,mm,OK,--,9:08:33 PM,2/5/2026,
354,48.2,gf,1.245,mm,OK,--,9:08:33 PM,2/5/2026,
355,48.2,gf,1.250,mm,OK,--,9:08:33 PM,2/5/2026,
356,48.3,gf,1.250,mm,OK,--,9:08:33 PM,2/5/2026,
357,48.0,gf,1.255,mm,OK,--,9:08:33 PM,2/5/2026,
358,48.1,gf,1.255,mm,OK,--,9:08:33 PM,2/5/2026,
359,48.2,gf,1.260,mm,OK,--,9:08:33 PM,2/5/2026,
360,48.2,gf,1.260,mm,OK,--,9:08:33 PM,2/5/2026,
361,48.3,gf,1.265,mm,OK,--,9:08:33 PM,2/5/2026,
362,48.5,gf,1.270,mm,OK,--,9:08:34 PM,2/5/2026,
363,48.2,gf,1.280,mm,OK,--,9:08:34 PM,2/5/2026,
364,47.9,gf,1.285,mm,OK,--,9:08:34 PM,2/5/2026,
365,47.9,gf,1.295,mm,OK,--,9:08:34 PM,2/5/2026,
366,47.7,gf,1.305,mm,OK,--,9:08:34 PM,2/5/2026,
367,47.4,gf,1.310,mm,OK,--,9:08:34 PM,2/5/2026,
368,47.3,gf,1.315,mm,OK,--,9:08:34 PM,2/5/2026,
369,47.0,gf,1.320,mm,OK,--,9:08:34 PM,2/5/2026,
370,46.8,gf,1.325,mm,OK,--,9:08:34 PM,2/5/2026,
371,46.7,gf,1.325,mm,OK,--,9:08:34 PM,2/5/2026,
372,46.7,gf,1.330,mm,OK,--,9:08:35 PM,2/5/2026,
373,46.8,gf,1.330,mm,OK,--,9:08:35 PM,2/5/2026,
374,46.9,gf,1.335,mm,OK,--,9:08:35 PM,2/5/2026,
375,47.0,gf,1.335,mm,OK,--,9:08:35 PM,2/5/2026,
376,46.6,gf,1.340,mm,OK,--,9:08:35 PM,2/5/2026,
377,46.2,gf,1.340,mm,OK,--,9:08:35 PM,2/5/2026,
378,46.3,gf,1.340,mm,OK,--,9:08:35 PM,2/5/2026,
379,46.7,gf,1.345,mm,OK,--,9:08:35 PM,2/5/2026,
380,46.7,gf,1.345,mm,OK,--,9:08:35 PM,2/5/2026,
381,46.6,gf,1.350,mm,OK,--,9:08:35 PM,2/5/2026,
382,46.7,gf,1.350,mm,OK,--,9:08:36 PM,2/5/2026,
383,46.6,gf,1.355,mm,OK,--,9:08:36 PM,2/5/2026,
384,46.5,gf,1.355,mm,OK,--,9:08:36 PM,2/5/2026,
385,46.3,gf,1.355,mm,OK,--,9:08:36 PM,2/5/2026,
386,46.3,gf,1.355,mm,OK,--,9:08:36 PM,2/5/2026,
387,46.4,gf,1.360,mm,OK,--,9:08:36 PM,2/5/2026,
388,46.5,gf,1.360,mm,OK,--,9:08:36 PM,2/5/2026,
389,46.5,gf,1.360,mm,OK,--,9:08:36 PM,2/5/2026,
390,46.4,gf,1.360,mm,OK,--,9:08:36 PM,2/5/2026,
391,46.3,gf,1.365,mm,OK,--,9:08:36 PM,2/5/2026,
392,46.2,gf,1.365,mm,OK,--,9:08:37 PM,2/5/2026,
393,46.3,gf,1.365,mm,OK,--,9:08:37 PM,2/5/2026,
394,46.4,gf,1.370,mm,OK,--,9:08:37 PM,2/5/2026,
395,46.4,gf,1.370,mm,OK,--,9:08:37 PM,2/5/2026,
396,46.4,gf,1.375,mm,OK,--,9:08:37 PM,2/5/2026,
397,46.3,gf,1.375,mm,OK,--,9:08:37 PM,2/5/2026,
398,46.2,gf,1.380,mm,OK,--,9:08:37 PM,2/5/2026,
399,46.1,gf,1.380,mm,OK,--,9:08:37 PM,2/5/2026,
400,46.0,gf,1.385,mm,OK,--,9:08:37 PM,2/5/2026,
401,46.0,gf,1.385,mm,OK,--,9:08:37 PM,2/5/2026,
402,46.0,gf,1.390,mm,OK,--,9:08:38 PM,2/5/2026,
403,45.9,gf,1.390,mm,OK,--,9:08:38 PM,2/5/2026,
404,45.9,gf,1.395,mm,OK,--,9:08:38 PM,2/5/2026,
405,45.8,gf,1.395,mm,OK,--,9:08:38 PM,2/5/2026,
406,45.8,gf,1.400,mm,OK,--,9:08:38 PM,2/5/2026,
407,45.8,gf,1.400,mm,OK,--,9:08:38 PM,2/5/2026,
408,45.9,gf,1.405,mm,OK,--,9:08:38 PM,2/5/2026,
409,45.7,gf,1.410,mm,OK,--,9:08:38 PM,2/5/2026,
410,45.6,gf,1.410,mm,OK,--,9:08:38 PM,2/5/2026,
411,45.7,gf,1.415,mm,OK,--,9:08:38 PM,2/5/2026,
412,45.5,gf,1.415,mm,OK,--,9:08:39 PM,2/5/2026,
413,45.3,gf,1.420,mm,OK,--,9:08:39 PM,2/5/2026,
414,45.3,gf,1.425,mm,OK,--,9:08:39 PM,2/5/2026,
415,45.5,gf,1.425,mm,OK,--,9:08:39 PM,2/5/2026,
416,45.3,gf,1.430,mm,OK,--,9:08:39 PM,2/5/2026,
417,45.2,gf,1.430,mm,OK,--,9:08:39 PM,2/5/2026,
418,45.2,gf,1.435,mm,OK,--,9:08:39 PM,2/5/2026,
419,45.1,gf,1.440,mm,OK,--,9:08:39 PM,2/5/2026,
420,45.1,gf,1.440,mm,OK,--,9:08:39 PM,2/5/2026,
421,45.1,gf,1.445,mm,OK,--,9:08:39 PM,2/5/2026,
422,44.9,gf,1.445,mm,OK,--,9:08:40 PM,2/5/2026,
423,44.9,gf,1.450,mm,OK,--,9:08:40 PM,2/5/2026,
424,44.9,gf,1.455,mm,OK,--,9:08:40 PM,2/5/2026,
425,44.9,gf,1.455,mm,OK,--,9:08:40 PM,2/5/2026,
426,44.9,gf,1.460,mm,OK,--,9:08:40 PM,2/5/2026,
427,44.8,gf,1.460,mm,OK,--,9:08:40 PM,2/5/2026,
428,44.9,gf,1.465,mm,OK,--,9:08:40 PM,2/5/2026,
429,44.9,gf,1.470,mm,OK,--,9:08:40 PM,2/5/2026,
430,44.9,gf,1.475,mm,OK,--,9:08:40 PM,2/5/2026,
431,45.0,gf,1.475,mm,OK,--,9:08:40 PM,2/5/2026,
432,45.0,gf,1.480,mm,OK,--,9:08:41 PM,2/5/2026,
433,45.0,gf,1.485,mm,OK,--,9:08:41 PM,2/5/2026,
434,44.8,gf,1.490,mm,OK,--,9:08:41 PM,2/5/2026,
435,44.8,gf,1.495,mm,OK,--,9:08:41 PM,2/5/2026,
436,44.9,gf,1.495,mm,OK,--,9:08:41 PM,2/5/2026,
437,44.7,gf,1.500,mm,OK,--,9:08:41 PM,2/5/2026,
438,44.8,gf,1.505,mm,OK,--,9:08:41 PM,2/5/2026,
439,44.7,gf,1.510,mm,OK,--,9:08:41 PM,2/5/2026,
440,44.7,gf,1.515,mm,OK,--,9:08:41 PM,2/5/2026,
441,44.5,gf,1.515,mm,OK,--,9:08:41 PM,2/5/2026,
442,44.1,gf,1.520,mm,OK,--,9:08:42 PM,2/5/2026,
443,44.0,gf,1.525,mm,OK,--,9:08:42 PM,2/5/2026,
444,44.0,gf,1.525,mm,OK,--,9:08:42 PM,2/5/2026,
445,44.1,gf,1.530,mm,OK,--,9:08:42 PM,2/5/2026,
446,44.0,gf,1.535,mm,OK,--,9:08:42 PM,2/5/2026,
447,43.7,gf,1.535,mm,OK,--,9:08:42 PM,2/5/2026,
448,43.7,gf,1.540,mm,OK,--,9:08:42 PM,2/5/2026,
449,43.7,gf,1.540,mm,OK,--,9:08:42 PM,2/5/2026,
450,43.8,gf,1.540,mm,OK,--,9:08:42 PM,2/5/2026,
451,43.7,gf,1.545,mm,OK,--,9:08:42 PM,2/5/2026,
452,43.8,gf,1.545,mm,OK,--,9:08:43 PM,2/5/2026,
453,44.1,gf,1.550,mm,OK,--,9:08:43 PM,2/5/2026,
454,43.9,gf,1.550,mm,OK,--,9:08:43 PM,2/5/2026,
455,43.7,gf,1.555,mm,OK,--,9:08:43 PM,2/5/2026,
456,43.6,gf,1.560,mm,OK,--,9:08:43 PM,2/5/2026,
457,43.6,gf,1.560,mm,OK,--,9:08:43 PM,2/5/2026,
458,43.6,gf,1.565,mm,OK,--,9:08:43 PM,2/5/2026,
459,43.5,gf,1.565,mm,OK,--,9:08:43 PM,2/5/2026,
460,43.5,gf,1.570,mm,OK,--,9:08:43 PM,2/5/2026,
461,43.6,gf,1.570,mm,OK,--,9:08:43 PM,2/5/2026,
462,43.4,gf,1.575,mm,OK,--,9:08:44 PM,2/5/2026,
463,43.3,gf,1.575,mm,OK,--,9:08:44 PM,2/5/2026,
464,43.1,gf,1.580,mm,OK,--,9:08:44 PM,2/5/2026,
465,43.1,gf,1.580,mm,OK,--,9:08:44 PM,2/5/2026,
466,43.1,gf,1.580,mm,OK,--,9:08:44 PM,2/5/2026,
467,43.1,gf,1.580,mm,OK,--,9:08:44 PM,2/5/2026,
468,43.1,gf,1.585,mm,OK,--,9:08:44 PM,2/5/2026,
469,43.4,gf,1.585,mm,OK,--,9:08:44 PM,2/5/2026,
470,43.4,gf,1.585,mm,OK,--,9:08:44 PM,2/5/2026,
471,43.4,gf,1.590,mm,OK,--,9:08:44 PM,2/5/2026,
472,43.2,gf,1.590,mm,OK,--,9:08:45 PM,2/5/2026,
473,43.0,gf,1.590,mm,OK,--,9:08:45 PM,2/5/2026,
474,42.9,gf,1.590,mm,OK,--,9:08:45 PM,2/5/2026,
475,42.8,gf,1.595,mm,OK,--,9:08:45 PM,2/5/2026,
476,42.7,gf,1.595,mm,OK,--,9:08:45 PM,2/5/2026,
477,42.8,gf,1.595,mm,OK,--,9:08:45 PM,2/5/2026,
478,42.9,gf,1.595,mm,OK,--,9:08:45 PM,2/5/2026,
479,42.9,gf,1.595,mm,OK,--,9:08:45 PM,2/5/2026,
480,42.9,gf,1.595,mm,OK,--,9:08:45 PM,2/5/2026,
481,42.9,gf,1.600,mm,OK,--,9:08:45 PM,2/5/2026,
482,43.1,gf,1.600,mm,OK,--,9:08:46 PM,2/5/2026,
483,43.1,gf,1.600,mm,OK,--,9:08:46 PM,2/5/2026,
484,43.1,gf,1.605,mm,OK,--,9:08:46 PM,2/5/2026,
485,42.8,gf,1.605,mm,OK,--,9:08:46 PM,2/5/2026,
486,42.8,gf,1.610,mm,OK,--,9:08:46 PM,2/5/2026,
487,42.9,gf,1.610,mm,OK,--,9:08:46 PM,2/5/2026,
488,43.7,gf,1.615,mm,OK,--,9:08:46 PM,2/5/2026,
489,42.9,gf,1.625,mm,OK,--,9:08:46 PM,2/5/2026,
490,42.8,gf,1.630,mm,OK,--,9:08:46 PM,2/5/2026,
491,42.8,gf,1.635,mm,OK,--,9:08:46 PM,2/5/2026,
492,42.6,gf,1.635,mm,OK,--,9:08:47 PM,2/5/2026,
493,42.5,gf,1.640,mm,OK,--,9:08:47 PM,2/5/2026,
494,42.6,gf,1.640,mm,OK,--,9:08:47 PM,2/5/2026,
495,42.8,gf,1.645,mm,OK,--,9:08:47 PM,2/5/2026,
496,42.6,gf,1.645,mm,OK,--,9:08:47 PM,2/5/2026,
497,42.5,gf,1.645,mm,OK,--,9:08:47 PM,2/5/2026,
498,42.8,gf,1.650,mm,OK,--,9:08:47 PM,2/5/2026,
499,42.8,gf,1.655,mm,OK,--,9:08:47 PM,2/5/2026,
500,42.6,gf,1.655,mm,OK,--,9:08:47 PM,2/5/2026,
501,40.0,gf,1.665,mm,OK,--,9:08:47 PM,2/5/2026,
502,41.0,gf,1.670,mm,OK,--,9:08:48 PM,2/5/2026,
503,40.8,gf,1.675,mm,OK,--,9:08:48 PM,2/5/2026,
504,40.6,gf,1.680,mm,OK,--,9:08:48 PM,2/5/2026,
505,40.4,gf,1.685,mm,OK,--,9:08:48 PM,2/5/2026,
506,40.1,gf,1.685,mm,OK,--,9:08:48 PM,2/5/2026,
507,40.2,gf,1.685,mm,OK,--,9:08:48 PM,2/5/2026,
508,40.2,gf,1.685,mm,OK,--,9:08:48 PM,2/5/2026,
509,40.5,gf,1.690,mm,OK,--,9:08:48 PM,2/5/2026,
510,41.0,gf,1.690,mm,OK,--,9:08:48 PM,2/5/2026,
511,40.8,gf,1.695,mm,OK,--,9:08:48 PM,2/5/2026,
512,40.5,gf,1.705,mm,OK,--,9:08:49 PM,2/5/2026,
513,40.2,gf,1.710,mm,OK,--,9:08:49 PM,2/5/2026,
514,40.1,gf,1.715,mm,OK,--,9:08:49 PM,2/5/2026,
515,40.2,gf,1.720,mm,OK,--,9:08:49 PM,2/5/2026,
516,40.1,gf,1.730,mm,OK,--,9:08:49 PM,2/5/2026,
517,40.0,gf,1.735,mm,OK,--,9:08:49 PM,2/5/2026,
518,39.7,gf,1.740,mm,OK,--,9:08:49 PM,2/5/2026,
519,39.5,gf,1.740,mm,OK,--,9:08:49 PM,2/5/2026,
520,39.5,gf,1.745,mm,OK,--,9:08:49 PM,2/5/2026,
521,39.6,gf,1.745,mm,OK,--,9:08:49 PM,2/5/2026,
522,39.8,gf,1.750,mm,OK,--,9:08:50 PM,2/5/2026,
523,39.8,gf,1.750,mm,OK,--,9:08:50 PM,2/5/2026,
524,39.7,gf,1.755,mm,OK,--,9:08:50 PM,2/5/2026,
525,39.5,gf,1.760,mm,OK,--,9:08:50 PM,2/5/2026,
526,39.1,gf,1.760,mm,OK,--,9:08:50 PM,2/5/2026,
527,39.2,gf,1.765,mm,OK,--,9:08:50 PM,2/5/2026,
528,39.1,gf,1.765,mm,OK,--,9:08:50 PM,2/5/2026,
529,39.2,gf,1.765,mm,OK,--,9:08:50 PM,2/5/2026,
530,39.3,gf,1.770,mm,OK,--,9:08:50 PM,2/5/2026,
531,39.0,gf,1.775,mm,OK,--,9:08:50 PM,2/5/2026,
532,39.0,gf,1.775,mm,OK,--,9:08:51 PM,2/5/2026,
533,38.6,gf,1.780,mm,OK,--,9:08:51 PM,2/5/2026,
534,38.2,gf,1.780,mm,OK,--,9:08:51 PM,2/5/2026,
535,38.0,gf,1.780,mm,OK,--,9:08:51 PM,2/5/2026,
536,37.9,gf,1.780,mm,OK,--,9:08:51 PM,2/5/2026,
537,38.1,gf,1.780,mm,OK,--,9:08:51 PM,2/5/2026,
538,38.4,gf,1.780,mm,OK,--,9:08:51 PM,2/5/2026,
539,39.0,gf,1.785,mm,OK,--,9:08:51 PM,2/5/2026,
540,38.8,gf,1.785,mm,OK,--,9:08:51 PM,2/5/2026,
541,38.8,gf,1.790,mm,OK,--,9:08:51 PM,2/5/2026,
542,38.4,gf,1.795,mm,OK,--,9:08:52 PM,2/5/2026,
543,38.4,gf,1.800,mm,OK,--,9:08:52 PM,2/5/2026,
544,38.5,gf,1.805,mm,OK,--,9:08:52 PM,2/5/2026,
545,38.4,gf,1.810,mm,OK,--,9:08:52 PM,2/5/2026,
546,38.2,gf,1.815,mm,OK,--,9:08:52 PM,2/5/2026,
547,38.1,gf,1.825,mm,OK,--,9:08:52 PM,2/5/2026,
548,37.9,gf,1.830,mm,OK,--,9:08:52 PM,2/5/2026,
549,37.9,gf,1.840,mm,OK,--,9:08:52 PM,2/5/2026,
550,37.4,gf,1.840,mm,OK,--,9:08:52 PM,2/5/2026,
551,37.3,gf,1.845,mm,OK,--,9:08:52 PM,2/5/2026,
552,37.4,gf,1.850,mm,OK,--,9:08:53 PM,2/5/2026,
553,37.5,gf,1.850,mm,OK,--,9:08:53 PM,2/5/2026,
554,37.5,gf,1.855,mm,OK,--,9:08:53 PM,2/5/2026,
555,37.2,gf,1.860,mm,OK,--,9:08:53 PM,2/5/2026,
556,37.3,gf,1.865,mm,OK,--,9:08:53 PM,2/5/2026,
557,37.2,gf,1.870,mm,OK,--,9:08:53 PM,2/5/2026,
558,37.2,gf,1.875,mm,OK,--,9:08:53 PM,2/5/2026,
559,37.1,gf,1.880,mm,OK,--,9:08:53 PM,2/5/2026,
560,37.1,gf,1.890,mm,OK,--,9:08:53 PM,2/5/2026,
561,36.8,gf,1.895,mm,OK,--,9:08:53 PM,2/5/2026,
562,36.5,gf,1.905,mm,OK,--,9:08:54 PM,2/5/2026,
563,36.1,gf,1.915,mm,OK,--,9:08:54 PM,2/5/2026,
564,36.0,gf,1.925,mm,OK,--,9:08:54 PM,2/5/2026,
565,36.0,gf,1.930,mm,OK,--,9:08:54 PM,2/5/2026,
566,35.6,gf,1.935,mm,OK,--,9:08:54 PM,2/5/2026,
567,35.5,gf,1.940,mm,OK,--,9:08:54 PM,2/5/2026,
568,35.5,gf,1.945,mm,OK,--,9:08:54 PM,2/5/2026,
569,35.6,gf,1.945,mm,OK,--,9:08:54 PM,2/5/2026,
570,35.7,gf,1.950,mm,OK,--,9:08:54 PM,2/5/2026,
571,35.6,gf,1.955,mm,OK,--,9:08:54 PM,2/5/2026,
572,35.2,gf,1.960,mm,OK,--,9:08:55 PM,2/5/2026,
573,34.9,gf,1.960,mm,OK,--,9:08:55 PM,2/5/2026,
574,34.7,gf,1.960,mm,OK,--,9:08:55 PM,2/5/2026,
575,34.6,gf,1.965,mm,OK,--,9:08:55 PM,2/5/2026,
576,34.1,gf,1.965,mm,OK,--,9:08:55 PM,2/5/2026,
577,34.1,gf,1.965,mm,OK,--,9:08:55 PM,2/5/2026,
578,34.1,gf,1.965,mm,OK,--,9:08:55 PM,2/5/2026,
579,34.5,gf,1.965,mm,OK,--,9:08:55 PM,2/5/2026,
580,34.9,gf,1.965,mm,OK,--,9:08:55 PM,2/5/2026,
581,35.0,gf,1.965,mm,OK,--,9:08:55 PM,2/5/2026,
582,35.2,gf,1.970,mm,OK,--,9:08:56 PM,2/5/2026,
583,35.0,gf,1.970,mm,OK,--,9:08:56 PM,2/5/2026,
584,34.8,gf,1.975,mm,OK,--,9:08:56 PM,2/5/2026,
585,34.8,gf,1.975,mm,OK,--,9:08:56 PM,2/5/2026,
586,34.9,gf,1.980,mm,OK,--,9:08:56 PM,2/5/2026,
587,34.7,gf,1.985,mm,OK,--,9:08:56 PM,2/5/2026,
588,34.7,gf,1.985,mm,OK,--,9:08:56 PM,2/5/2026,
589,34.6,gf,1.990,mm,OK,--,9:08:56 PM,2/5/2026,
590,34.5,gf,1.990,mm,OK,--,9:08:56 PM,2/5/2026,
591,34.5,gf,1.995,mm,OK,--,9:08:56 PM,2/5/2026,
592,34.6,gf,1.995,mm,OK,--,9:08:57 PM,2/5/2026,
593,34.7,gf,2.000,mm,OK,--,9:08:57 PM,2/5/2026,
594,34.6,gf,2.005,mm,OK,--,9:08:57 PM,2/5/2026,
595,34.6,gf,2.010,mm,OK,--,9:08:57 PM,2/5/2026,
596,34.3,gf,2.010,mm,OK,--,9:08:57 PM,2/5/2026,
597,34.4,gf,2.015,mm,OK,--,9:08:57 PM,2/5/2026,
598,34.4,gf,2.020,mm,OK,--,9:08:57 PM,2/5/2026,
599,34.3,gf,2.025,mm,OK,--,9:08:57 PM,2/5/2026,
600,34.2,gf,2.030,mm,OK,--,9:08:57 PM,2/5/2026,
601,34.0,gf,2.035,mm,OK,--,9:08:57 PM,2/5/2026,
602,33.8,gf,2.040,mm,OK,--,9:08:58 PM,2/5/2026,
603,34.0,gf,2.045,mm,OK,--,9:08:58 PM,2/5/2026,
604,33.9,gf,2.050,mm,OK,--,9:08:58 PM,2/5/2026,
605,33.6,gf,2.060,mm,OK,--,9:08:58 PM,2/5/2026,
606,33.5,gf,2.065,mm,OK,--,9:08:58 PM,2/5/2026,
607,33.7,gf,2.075,mm,OK,--,9:08:58 PM,2/5/2026,
608,33.5,gf,2.085,mm,OK,--,9:08:58 PM,2/5/2026,
609,33.3,gf,2.090,mm,OK,--,9:08:58 PM,2/5/2026,
610,33.3,gf,2.095,mm,OK,--,9:08:58 PM,2/5/2026,
611,33.3,gf,2.100,mm,OK,--,9:08:58 PM,2/5/2026,
612,33.1,gf,2.110,mm,OK,--,9:08:59 PM,2/5/2026,
613,33.2,gf,2.115,mm,OK,--,9:08:59 PM,2/5/2026,
614,33.2,gf,2.120,mm,OK,--,9:08:59 PM,2/5/2026,
615,33.0,gf,2.125,mm,OK,--,9:08:59 PM,2/5/2026,
616,32.9,gf,2.130,mm,OK,--,9:08:59 PM,2/5/2026,
617,32.8,gf,2.135,mm,OK,--,9:08:59 PM,2/5/2026,
618,33.0,gf,2.140,mm,OK,--,9:08:59 PM,2/5/2026,
619,32.8,gf,2.140,mm,OK,--,9:08:59 PM,2/5/2026,
620,32.7,gf,2.145,mm,OK,--,9:08:59 PM,2/5/2026,
621,32.5,gf,2.145,mm,OK,--,9:08:59 PM,2/5/2026,
622,32.4,gf,2.145,mm,OK,--,9:09:00 PM,2/5/2026,
623,32.4,gf,2.150,mm,OK,--,9:09:00 PM,2/5/2026,
624,32.7,gf,2.150,mm,OK,--,9:09:00 PM,2/5/2026,
625,32.9,gf,2.150,mm,OK,--,9:09:00 PM,2/5/2026,
626,33.0,gf,2.155,mm,OK,--,9:09:00 PM,2/5/2026,
627,32.8,gf,2.155,mm,OK,--,9:09:00 PM,2/5/2026,
628,32.5,gf,2.160,mm,OK,--,9:09:00 PM,2/5/2026,
629,32.3,gf,2.160,mm,OK,--,9:09:00 PM,2/5/2026,
630,32.8,gf,2.165,mm,OK,--,9:09:00 PM,2/5/2026,
631,33.2,gf,2.165,mm,OK,--,9:09:00 PM,2/5/2026,
632,33.2,gf,2.175,mm,OK,--,9:09:01 PM,2/5/2026,
633,33.1,gf,2.180,mm,OK,--,9:09:01 PM,2/5/2026,
634,33.1,gf,2.185,mm,OK,--,9:09:01 PM,2/5/2026,
635,33.1,gf,2.195,mm,OK,--,9:09:01 PM,2/5/2026,
636,33.0,gf,2.205,mm,OK,--,9:09:01 PM,2/5/2026,
637,33.0,gf,2.215,mm,OK,--,9:09:01 PM,2/5/2026,
638,33.0,gf,2.225,mm,OK,--,9:09:01 PM,2/5/2026,
639,33.2,gf,2.230,mm,OK,--,9:09:01 PM,2/5/2026,
640,33.0,gf,2.235,mm,OK,--,9:09:01 PM,2/5/2026,
641,33.1,gf,2.240,mm,OK,--,9:09:01 PM,2/5/2026,
642,33.1,gf,2.245,mm,OK,--,9:09:02 PM,2/5/2026,
643,33.0,gf,2.250,mm,OK,--,9:09:02 PM,2/5/2026,
644,32.9,gf,2.255,mm,OK,--,9:09:02 PM,2/5/2026,
645,33.1,gf,2.260,mm,OK,--,9:09:02 PM,2/5/2026,
646,33.2,gf,2.260,mm,OK,--,9:09:02 PM,2/5/2026,
647,33.2,gf,2.265,mm,OK,--,9:09:02 PM,2/5/2026,
648,33.3,gf,2.270,mm,OK,--,9:09:02 PM,2/5/2026,
649,33.3,gf,2.270,mm,OK,--,9:09:02 PM,2/5/2026,
650,33.3,gf,2.275,mm,OK,--,9:09:02 PM,2/5/2026,
651,33.4,gf,2.275,mm,OK,--,9:09:02 PM,2/5/2026,
652,33.4,gf,2.280,mm,OK,--,9:09:03 PM,2/5/2026,
653,33.4,gf,2.280,mm,OK,--,9:09:03 PM,2/5/2026,
654,33.5,gf,2.285,mm,OK,--,9:09:03 PM,2/5/2026,
655,33.4,gf,2.290,mm,OK,--,9:09:03 PM,2/5/2026,
656,33.4,gf,2.295,mm,OK,--,9:09:03 PM,2/5/2026,
657,33.4,gf,2.295,mm,OK,--,9:09:03 PM,2/5/2026,
658,33.6,gf,2.300,mm,OK,--,9:09:03 PM,2/5/2026,
659,33.6,gf,2.300,mm,OK,--,9:09:03 PM,2/5/2026,
660,33.6,gf,2.305,mm,OK,--,9:09:03 PM,2/5/2026,
661,33.5,gf,2.310,mm,OK,--,9:09:03 PM,2/5/2026,
662,33.5,gf,2.310,mm,OK,--,9:09:04 PM,2/5/2026,
663,33.6,gf,2.310,mm,OK,--,9:09:04 PM,2/5/2026,
664,33.8,gf,2.315,mm,OK,--,9:09:04 PM,2/5/2026,
665,33.8,gf,2.315,mm,OK,--,9:09:04 PM,2/5/2026,
666,33.8,gf,2.320,mm,OK,--,9:09:04 PM,2/5/2026,
667,34.0,gf,2.325,mm,OK,--,9:09:04 PM,2/5/2026,
668,34.1,gf,2.325,mm,OK,--,9:09:04 PM,2/5/2026,
669,34.2,gf,2.330,mm,OK,--,9:09:04 PM,2/5/2026,
670,34.3,gf,2.335,mm,OK,--,9:09:04 PM,2/5/2026,
671,34.5,gf,2.335,mm,OK,--,9:09:04 PM,2/5/2026,
672,34.6,gf,2.340,mm,OK,--,9:09:05 PM,2/5/2026,
673,34.7,gf,2.345,mm,OK,--,9:09:05 PM,2/5/2026,
674,34.9,gf,2.345,mm,OK,--,9:09:05 PM,2/5/2026,
675,34.9,gf,2.350,mm,OK,--,9:09:05 PM,2/5/2026,
676,34.7,gf,2.355,mm,OK,--,9:09:05 PM,2/5/2026,
677,34.5,gf,2.360,mm,OK,--,9:09:05 PM,2/5/2026,
678,34.8,gf,2.360,mm,OK,--,9:09:05 PM,2/5/2026,
679,34.7,gf,2.365,mm,OK,--,9:09:05 PM,2/5/2026,
680,34.8,gf,2.365,mm,OK,--,9:09:05 PM,2/5/2026,
681,34.7,gf,2.370,mm,OK,--,9:09:05 PM,2/5/2026,
682,34.7,gf,2.370,mm,OK,--,9:09:06 PM,2/5/2026,
683,34.8,gf,2.370,mm,OK,--,9:09:06 PM,2/5/2026,
684,34.8,gf,2.375,mm,OK,--,9:09:06 PM,2/5/2026,
685,34.8,gf,2.375,mm,OK,--,9:09:06 PM,2/5/2026,
686,35.1,gf,2.375,mm,OK,--,9:09:06 PM,2/5/2026,
687,35.1,gf,2.380,mm,OK,--,9:09:06 PM,2/5/2026,
688,35.4,gf,2.385,mm,OK,--,9:09:06 PM,2/5/2026,
689,35.4,gf,2.385,mm,OK,--,9:09:06 PM,2/5/2026,
690,35.3,gf,2.390,mm,OK,--,9:09:06 PM,2/5/2026,
691,35.3,gf,2.395,mm,OK,--,9:09:06 PM,2/5/2026,
692,35.4,gf,2.400,mm,OK,--,9:09:07 PM,2/5/2026,
693,35.6,gf,2.400,mm,OK,--,9:09:07 PM,2/5/2026,
694,35.8,gf,2.405,mm,OK,--,9:09:07 PM,2/5/2026,
695,35.6,gf,2.410,mm,OK,--,9:09:07 PM,2/5/2026,
696,35.6,gf,2.410,mm,OK,--,9:09:07 PM,2/5/2026,
697,35.8,gf,2.415,mm,OK,--,9:09:07 PM,2/5/2026,
698,35.9,gf,2.420,mm,OK,--,9:09:07 PM,2/5/2026,
699,35.9,gf,2.430,mm,OK,--,9:09:07 PM,2/5/2026,
700,36.2,gf,2.435,mm,OK,--,9:09:07 PM,2/5/2026,
701,36.4,gf,2.445,mm,OK,--,9:09:07 PM,2/5/2026,
702,36.3,gf,2.455,mm,OK,--,9:09:08 PM,2/5/2026,
703,36.3,gf,2.460,mm,OK,--,9:09:08 PM,2/5/2026,
704,36.4,gf,2.465,mm,OK,--,9:09:08 PM,2/5/2026,
705,36.7,gf,2.470,mm,OK,--,9:09:08 PM,2/5/2026,
706,36.3,gf,2.475,mm,OK,--,9:09:08 PM,2/5/2026,
707,36.4,gf,2.480,mm,OK,--,9:09:08 PM,2/5/2026,
708,36.3,gf,2.480,mm,OK,--,9:09:08 PM,2/5/2026,
709,36.6,gf,2.485,mm,OK,--,9:09:08 PM,2/5/2026,
710,36.7,gf,2.490,mm,OK,--,9:09:08 PM,2/5/2026,
711,36.8,gf,2.490,mm,OK,--,9:09:08 PM,2/5/2026,
712,37.0,gf,2.495,mm,OK,--,9:09:09 PM,2/5/2026,
713,36.9,gf,2.500,mm,OK,--,9:09:09 PM,2/5/2026,
714,37.0,gf,2.505,mm,OK,--,9:09:09 PM,2/5/2026,
715,37.2,gf,2.510,mm,OK,--,9:09:09 PM,2/5/2026,
716,37.2,gf,2.520,mm,OK,--,9:09:09 PM,2/5/2026,
717,37.2,gf,2.525,mm,OK,--,9:09:09 PM,2/5/2026,
718,37.3,gf,2.530,mm,OK,--,9:09:09 PM,2/5/2026,
719,37.3,gf,2.540,mm,OK,--,9:09:09 PM,2/5/2026,
720,37.6,gf,2.545,mm,OK,--,9:09:09 PM,2/5/2026,
721,37.7,gf,2.550,mm,OK,--,9:09:09 PM,2/5/2026,
722,37.9,gf,2.555,mm,OK,--,9:09:10 PM,2/5/2026,
723,38.0,gf,2.565,mm,OK,--,9:09:10 PM,2/5/2026,
724,38.3,gf,2.570,mm,OK,--,9:09:10 PM,2/5/2026,
725,38.3,gf,2.580,mm,OK,--,9:09:10 PM,2/5/2026,
726,38.1,gf,2.585,mm,OK,--,9:09:10 PM,2/5/2026,
727,38.4,gf,2.595,mm,OK,--,9:09:10 PM,2/5/2026,
728,38.6,gf,2.605,mm,OK,--,9:09:10 PM,2/5/2026,
729,38.5,gf,2.615,mm,OK,--,9:09:10 PM,2/5/2026,
730,38.6,gf,2.620,mm,OK,--,9:09:10 PM,2/5/2026,
731,38.7,gf,2.630,mm,OK,--,9:09:10 PM,2/5/2026,
732,38.7,gf,2.635,mm,OK,--,9:09:11 PM,2/5/2026,
733,38.7,gf,2.645,mm,OK,--,9:09:11 PM,2/5/2026,
734,38.7,gf,2.660,mm,OK,--,9:09:11 PM,2/5/2026,
735,38.6,gf,2.675,mm,OK,--,9:09:11 PM,2/5/2026,
736,38.7,gf,2.695,mm,OK,--,9:09:11 PM,2/5/2026,
737,38.7,gf,2.710,mm,OK,--,9:09:11 PM,2/5/2026,
738,38.5,gf,2.720,mm,OK,--,9:09:11 PM,2/5/2026,
739,38.8,gf,2.730,mm,OK,--,9:09:11 PM,2/5/2026,
740,38.8,gf,2.740,mm,OK,--,9:09:11 PM,2/5/2026,
741,39.1,gf,2.750,mm,OK,--,9:09:11 PM,2/5/2026,
742,39.0,gf,2.760,mm,OK,--,9:09:12 PM,2/5/2026,
743,39.3,gf,2.765,mm,OK,--,9:09:12 PM,2/5/2026,
744,39.2,gf,2.775,mm,OK,--,9:09:12 PM,2/5/2026,
745,39.6,gf,2.785,mm,OK,--,9:09:12 PM,2/5/2026,
746,40.0,gf,2.790,mm,OK,--,9:09:12 PM,2/5/2026,
747,40.3,gf,2.795,mm,OK,--,9:09:12 PM,2/5/2026,
748,40.5,gf,2.805,mm,OK,--,9:09:12 PM,2/5/2026,
749,40.7,gf,2.810,mm,OK,--,9:09:12 PM,2/5/2026,
750,40.9,gf,2.815,mm,OK,--,9:09:12 PM,2/5/2026,
751,41.1,gf,2.820,mm,OK,--,9:09:12 PM,2/5/2026,
752,41.2,gf,2.825,mm,OK,--,9:09:13 PM,2/5/2026,
753,41.2,gf,2.830,mm,OK,--,9:09:13 PM,2/5/2026,
754,41.3,gf,2.830,mm,OK,--,9:09:13 PM,2/5/2026,
755,41.4,gf,2.835,mm,OK,--,9:09:13 PM,2/5/2026,
756,41.4,gf,2.835,mm,OK,--,9:09:13 PM,2/5/2026,
757,41.6,gf,2.840,mm,OK,--,9:09:13 PM,2/5/2026,
758,41.9,gf,2.845,mm,OK,--,9:09:13 PM,2/5/2026,
759,42.5,gf,2.855,mm,OK,--,9:09:13 PM,2/5/2026,
760,42.6,gf,2.865,mm,OK,--,9:09:13 PM,2/5/2026,
761,42.6,gf,2.870,mm,OK,--,9:09:13 PM,2/5/2026,
762,42.6,gf,2.870,mm,OK,--,9:09:14 PM,2/5/2026,
763,42.8,gf,2.875,mm,OK,--,9:09:14 PM,2/5/2026,
764,42.8,gf,2.875,mm,OK,--,9:09:14 PM,2/5/2026,
765,43.0,gf,2.875,mm,OK,--,9:09:14 PM,2/5/2026,
766,43.2,gf,2.880,mm,OK,--,9:09:14 PM,2/5/2026,
767,43.3,gf,2.880,mm,OK,--,9:09:14 PM,2/5/2026,
768,43.5,gf,2.885,mm,OK,--,9:09:14 PM,2/5/2026,
769,43.5,gf,2.890,mm,OK,--,9:09:14 PM,2/5/2026,
770,43.6,gf,2.895,mm,OK,--,9:09:14 PM,2/5/2026,
771,43.7,gf,2.900,mm,OK,--,9:09:14 PM,2/5/2026,
772,43.8,gf,2.900,mm,OK,--,9:09:15 PM,2/5/2026,
773,43.9,gf,2.905,mm,OK,--,9:09:15 PM,2/5/2026,
774,44.1,gf,2.905,mm,OK,--,9:09:15 PM,2/5/2026,
775,44.2,gf,2.910,mm,OK,--,9:09:15 PM,2/5/2026,
776,44.4,gf,2.915,mm,OK,--,9:09:15 PM,2/5/2026,
777,44.5,gf,2.920,mm,OK,--,9:09:15 PM,2/5/2026,
778,44.7,gf,2.925,mm,OK,--,9:09:15 PM,2/5/2026,
779,44.8,gf,2.925,mm,OK,--,9:09:15 PM,2/5/2026,
780,44.9,gf,2.930,mm,OK,--,9:09:15 PM,2/5/2026,
781,45.0,gf,2.935,mm,OK,--,9:09:15 PM,2/5/2026,
782,45.1,gf,2.935,mm,OK,--,9:09:16 PM,2/5/2026,
783,45.2,gf,2.940,mm,OK,--,9:09:16 PM,2/5/2026,
784,45.3,gf,2.940,mm,OK,--,9:09:16 PM,2/5/2026,
785,45.4,gf,2.945,mm,OK,--,9:09:16 PM,2/5/2026,
786,45.5,gf,2.950,mm,OK,--,9:09:16 PM,2/5/2026,
787,45.6,gf,2.950,mm,OK,--,9:09:16 PM,2/5/2026,
788,45.7,gf,2.955,mm,OK,--,9:09:16 PM,2/5/2026,
789,45.8,gf,2.955,mm,OK,--,9:09:16 PM,2/5/2026,
790,45.8,gf,2.960,mm,OK,--,9:09:16 PM,2/5/2026,
791,45.9,gf,2.960,mm,OK,--,9:09:16 PM,2/5/2026,
792,46.0,gf,2.965,mm,OK,--,9:09:17 PM,2/5/2026,
793,46.2,gf,2.965,mm,OK,--,9:09:17 PM,2/5/2026,
794,46.2,gf,2.965,mm,OK,--,9:09:17 PM,2/5/2026,
795,46.3,gf,2.970,mm,OK,--,9:09:17 PM,2/5/2026,
796,46.4,gf,2.970,mm,OK,--,9:09:17 PM,2/5/2026,
797,46.5,gf,2.975,mm,OK,--,9:09:17 PM,2/5/2026,
798,46.6,gf,2.980,mm,OK,--,9:09:17 PM,2/5/2026,
799,46.7,gf,2.985,mm,OK,--,9:09:17 PM,2/5/2026,
800,46.8,gf,2.990,mm,OK,--,9:09:17 PM,2/5/2026,
801,46.9,gf,2.990,mm,OK,--,9:09:17 PM,2/5/2026,
802,47.0,gf,2.995,mm,OK,--,9:09:18 PM,2/5/2026,
803,47.0,gf,2.995,mm,OK,--,9:09:18 PM,2/5/2026,
804,47.1,gf,3.000,mm,OK,--,9:09:18 PM,2/5/2026,
805,47.1,gf,3.000,mm,OK,--,9:09:18 PM,2/5/2026,
806,47.2,gf,3.005,mm,OK,--,9:09:18 PM,2/5/2026,
807,47.1,gf,3.010,mm,OK,--,9:09:18 PM,2/5/2026,
808,47.0,gf,3.010,mm,OK,--,9:09:18 PM,2/5/2026,
809,47.0,gf,3.015,mm,OK,--,9:09:18 PM,2/5/2026,
810,47.0,gf,3.020,mm,OK,--,9:09:18 PM,2/5/2026,
811,47.1,gf,3.020,mm,OK,--,9:09:18 PM,2/5/2026,
812,47.1,gf,3.025,mm,OK,--,9:09:19 PM,2/5/2026,
813,47.2,gf,3.035,mm,OK,--,9:09:19 PM,2/5/2026,
814,47.2,gf,3.040,mm,OK,--,9:09:19 PM,2/5/2026,
815,47.2,gf,3.045,mm,OK,--,9:09:19 PM,2/5/2026,
816,47.2,gf,3.050,mm,OK,--,9:09:19 PM,2/5/2026,
817,47.3,gf,3.055,mm,OK,--,9:09:19 PM,2/5/2026,
818,47.3,gf,3.065,mm,OK,--,9:09:19 PM,2/5/2026,
819,47.4,gf,3.070,mm,OK,--,9:09:19 PM,2/5/2026,
820,47.3,gf,3.080,mm,OK,--,9:09:19 PM,2/5/2026,
821,47.3,gf,3.085,mm,OK,--,9:09:19 PM,2/5/2026,
822,47.3,gf,3.090,mm,OK,--,9:09:20 PM,2/5/2026,
823,47.2,gf,3.095,mm,OK,--,9:09:20 PM,2/5/2026,
824,47.3,gf,3.100,mm,OK,--,9:09:20 PM,2/5/2026,
825,47.3,gf,3.105,mm,OK,--,9:09:20 PM,2/5/2026,
826,47.3,gf,3.110,mm,OK,--,9:09:20 PM,2/5/2026,
827,47.4,gf,3.110,mm,OK,--,9:09:20 PM,2/5/2026,
828,47.4,gf,3.115,mm,OK,--,9:09:20 PM,2/5/2026,
829,47.5,gf,3.120,mm,OK,--,9:09:20 PM,2/5/2026,
830,47.4,gf,3.125,mm,OK,--,9:09:20 PM,2/5/2026,
831,47.5,gf,3.130,mm,OK,--,9:09:20 PM,2/5/2026,
832,47.5,gf,3.130,mm,OK,--,9:09:21 PM,2/5/2026,
833,47.5,gf,3.135,mm,OK,--,9:09:21 PM,2/5/2026,
834,47.5,gf,3.140,mm,OK,--,9:09:21 PM,2/5/2026,
835,47.5,gf,3.145,mm,OK,--,9:09:21 PM,2/5/2026,
836,47.5,gf,3.145,mm,OK,--,9:09:21 PM,2/5/2026,
837,47.6,gf,3.150,mm,OK,--,9:09:21 PM,2/5/2026,
838,47.6,gf,3.155,mm,OK,--,9:09:21 PM,2/5/2026,
839,47.6,gf,3.155,mm,OK,--,9:09:21 PM,2/5/2026,
840,47.7,gf,3.160,mm,OK,--,9:09:21 PM,2/5/2026,
841,47.7,gf,3.165,mm,OK,--,9:09:21 PM,2/5/2026,
842,47.7,gf,3.165,mm,OK,--,9:09:22 PM,2/5/2026,
843,47.8,gf,3.170,mm,OK,--,9:09:22 PM,2/5/2026,
844,47.8,gf,3.175,mm,OK,--,9:09:22 PM,2/5/2026,
845,47.8,gf,3.175,mm,OK,--,9:09:22 PM,2/5/2026,
846,47.8,gf,3.180,mm,OK,--,9:09:22 PM,2/5/2026,
847,47.8,gf,3.185,mm,OK,--,9:09:22 PM,2/5/2026,
848,47.8,gf,3.185,mm,OK,--,9:09:22 PM,2/5/2026,
849,47.8,gf,3.190,mm,OK,--,9:09:22 PM,2/5/2026,
850,47.8,gf,3.190,mm,OK,--,9:09:22 PM,2/5/2026,
851,47.8,gf,3.195,mm,OK,--,9:09:22 PM,2/5/2026,
852,47.8,gf,3.195,mm,OK,--,9:09:23 PM,2/5/2026,
853,47.8,gf,3.200,mm,OK,--,9:09:23 PM,2/5/2026,
854,47.8,gf,3.200,mm,OK,--,9:09:23 PM,2/5/2026,
855,47.7,gf,3.205,mm,OK,--,9:09:23 PM,2/5/2026,
856,47.7,gf,3.205,mm,OK,--,9:09:23 PM,2/5/2026,
857,47.7,gf,3.210,mm,OK,--,9:09:23 PM,2/5/2026,
858,47.8,gf,3.210,mm,OK,--,9:09:23 PM,2/5/2026,
859,47.8,gf,3.215,mm,OK,--,9:09:23 PM,2/5/2026,
860,47.8,gf,3.215,mm,OK,--,9:09:23 PM,2/5/2026,
861,47.8,gf,3.220,mm,OK,--,9:09:23 PM,2/5/2026,
862,47.9,gf,3.220,mm,OK,--,9:09:24 PM,2/5/2026,
863,47.9,gf,3.225,mm,OK,--,9:09:24 PM,2/5/2026,
864,48.0,gf,3.230,mm,OK,--,9:09:24 PM,2/5/2026,
865,48.0,gf,3.230,mm,OK,--,9:09:24 PM,2/5/2026,
866,48.0,gf,3.235,mm,OK,--,9:09:24 PM,2/5/2026,
867,47.9,gf,3.240,mm,OK,--,9:09:24 PM,2/5/2026,
868,48.1,gf,3.245,mm,OK,--,9:09:24 PM,2/5/2026,
869,48.0,gf,3.250,mm,OK,--,9:09:24 PM,2/5/2026,
870,48.1,gf,3.255,mm,OK,--,9:09:24 PM,2/5/2026,
871,48.0,gf,3.260,mm,OK,--,9:09:24 PM,2/5/2026,
872,48.1,gf,3.265,mm,OK,--,9:09:25 PM,2/5/2026,
873,48.2,gf,3.275,mm,OK,--,9:09:25 PM,2/5/2026,
874,48.3,gf,3.280,mm,OK,--,9:09:25 PM,2/5/2026,
875,48.2,gf,3.285,mm,OK,--,9:09:25 PM,2/5/2026,
876,48.1,gf,3.290,mm,OK,--,9:09:25 PM,2/5/2026,
877,48.1,gf,3.295,mm,OK,--,9:09:25 PM,2/5/2026,
878,48.0,gf,3.300,mm,OK,--,9:09:25 PM,2/5/2026,
879,48.0,gf,3.305,mm,OK,--,9:09:25 PM,2/5/2026,
880,48.0,gf,3.310,mm,OK,--,9:09:25 PM,2/5/2026,
881,48.1,gf,3.315,mm,OK,--,9:09:25 PM,2/5/2026,
882,48.1,gf,3.320,mm,OK,--,9:09:26 PM,2/5/2026,
883,48.2,gf,3.320,mm,OK,--,9:09:26 PM,2/5/2026,
884,48.2,gf,3.325,mm,OK,--,9:09:26 PM,2/5/2026,
885,48.2,gf,3.325,mm,OK,--,9:09:26 PM,2/5/2026,
886,48.2,gf,3.330,mm,OK,--,9:09:26 PM,2/5/2026,
887,48.2,gf,3.335,mm,OK,--,9:09:26 PM,2/5/2026,
888,48.2,gf,3.340,mm,OK,--,9:09:26 PM,2/5/2026,
889,48.2,gf,3.340,mm,OK,--,9:09:26 PM,2/5/2026,
890,48.3,gf,3.345,mm,OK,--,9:09:26 PM,2/5/2026,
891,48.3,gf,3.345,mm,OK,--,9:09:26 PM,2/5/2026,
892,48.3,gf,3.350,mm,OK,--,9:09:27 PM,2/5/2026,
893,48.3,gf,3.355,mm,OK,--,9:09:27 PM,2/5/2026,
894,48.3,gf,3.355,mm,OK,--,9:09:27 PM,2/5/2026,
895,48.3,gf,3.360,mm,OK,--,9:09:27 PM,2/5/2026,
896,48.3,gf,3.365,mm,OK,--,9:09:27 PM,2/5/2026,
897,48.3,gf,3.365,mm,OK,--,9:09:27 PM,2/5/2026,
898,48.4,gf,3.365,mm,OK,--,9:09:27 PM,2/5/2026,
899,48.4,gf,3.370,mm,OK,--,9:09:27 PM,2/5/2026,
900,48.5,gf,3.370,mm,OK,--,9:09:27 PM,2/5/2026,
901,48.5,gf,3.375,mm,OK,--,9:09:27 PM,2/5/2026,
902,48.5,gf,3.380,mm,OK,--,9:09:28 PM,2/5/2026,
903,48.5,gf,3.380,mm,OK,--,9:09:28 PM,2/5/2026,
904,48.5,gf,3.385,mm,OK,--,9:09:28 PM,2/5/2026,
905,48.5,gf,3.385,mm,OK,--,9:09:28 PM,2/5/2026,
906,48.5,gf,3.390,mm,OK,--,9:09:28 PM,2/5/2026,
907,48.5,gf,3.395,mm,OK,--,9:09:28 PM,2/5/2026,
908,48.5,gf,3.395,mm,OK,--,9:09:28 PM,2/5/2026,
909,48.6,gf,3.400,mm,OK,--,9:09:28 PM,2/5/2026,
910,48.6,gf,3.410,mm,OK,--,9:09:28 PM,2/5/2026,
911,48.7,gf,3.415,mm,OK,--,9:09:28 PM,2/5/2026,
912,48.7,gf,3.420,mm,OK,--,9:09:29 PM,2/5/2026,
913,48.8,gf,3.425,mm,OK,--,9:09:29 PM,2/5/2026,
914,48.8,gf,3.430,mm,OK,--,9:09:29 PM,2/5/2026,
915,48.6,gf,3.435,mm,OK,--,9:09:29 PM,2/5/2026,
916,48.7,gf,3.440,mm,OK,--,9:09:29 PM,2/5/2026,
917,48.7,gf,3.440,mm,OK,--,9:09:29 PM,2/5/2026,
918,48.8,gf,3.445,mm,OK,--,9:09:29 PM,2/5/2026,
919,48.7,gf,3.450,mm,OK,--,9:09:29 PM,2/5/2026,
920,48.8,gf,3.450,mm,OK,--,9:09:29 PM,2/5/2026,
921,48.8,gf,3.455,mm,OK,--,9:09:29 PM,2/5/2026,
922,48.8,gf,3.460,mm,OK,--,9:09:30 PM,2/5/2026,
923,48.8,gf,3.460,mm,OK,--,9:09:30 PM,2/5/2026,
924,48.8,gf,3.465,mm,OK,--,9:09:30 PM,2/5/2026,
925,48.8,gf,3.470,mm,OK,--,9:09:30 PM,2/5/2026,
926,48.9,gf,3.470,mm,OK,--,9:09:30 PM,2/5/2026,
927,48.9,gf,3.475,mm,OK,--,9:09:30 PM,2/5/2026,
928,48.9,gf,3.480,mm,OK,--,9:09:30 PM,2/5/2026,
929,49.0,gf,3.485,mm,OK,--,9:09:30 PM,2/5/2026,
930,49.0,gf,3.490,mm,OK,--,9:09:30 PM,2/5/2026,
931,49.0,gf,3.495,mm,OK,--,9:09:30 PM,2/5/2026,
932,49.1,gf,3.505,mm,OK,--,9:09:31 PM,2/5/2026,
933,49.2,gf,3.510,mm,OK,--,9:09:31 PM,2/5/2026,
934,49.2,gf,3.520,mm,OK,--,9:09:31 PM,2/5/2026,
935,49.2,gf,3.525,mm,OK,--,9:09:31 PM,2/5/2026,
936,49.3,gf,3.530,mm,OK,--,9:09:31 PM,2/5/2026,
937,49.4,gf,3.535,mm,OK,--,9:09:31 PM,2/5/2026,
938,49.3,gf,3.545,mm,OK,--,9:09:31 PM,2/5/2026,
939,49.3,gf,3.550,mm,OK,--,9:09:31 PM,2/5/2026,
940,49.2,gf,3.555,mm,OK,--,9:09:31 PM,2/5/2026,
941,49.3,gf,3.560,mm,OK,--,9:09:31 PM,2/5/2026,
942,49.3,gf,3.565,mm,OK,--,9:09:32 PM,2/5/2026,
943,49.2,gf,3.570,mm,OK,--,9:09:32 PM,2/5/2026,
944,49.2,gf,3.570,mm,OK,--,9:09:32 PM,2/5/2026,
945,49.3,gf,3.575,mm,OK,--,9:09:32 PM,2/5/2026,
946,49.3,gf,3.580,mm,OK,--,9:09:32 PM,2/5/2026,
947,49.4,gf,3.580,mm,OK,--,9:09:32 PM,2/5/2026,
948,49.4,gf,3.585,mm,OK,--,9:09:32 PM,2/5/2026,
949,49.4,gf,3.590,mm,OK,--,9:09:32 PM,2/5/2026,
950,49.4,gf,3.595,mm,OK,--,9:09:32 PM,2/5/2026,
951,49.3,gf,3.595,mm,OK,--,9:09:32 PM,2/5/2026,
952,49.5,gf,3.600,mm,OK,--,9:09:33 PM,2/5/2026,
953,49.4,gf,3.605,mm,OK,--,9:09:33 PM,2/5/2026,
954,49.4,gf,3.605,mm,OK,--,9:09:33 PM,2/5/2026,
955,49.5,gf,3.610,mm,OK,--,9:09:33 PM,2/5/2026,
956,49.5,gf,3.610,mm,OK,--,9:09:33 PM,2/5/2026,
957,49.6,gf,3.615,mm,OK,--,9:09:33 PM,2/5/2026,
958,49.7,gf,3.625,mm,OK,--,9:09:33 PM,2/5/2026,
959,49.8,gf,3.630,mm,OK,--,9:09:33 PM,2/5/2026,
960,49.8,gf,3.635,mm,OK,--,9:09:33 PM,2/5/2026,
961,49.8,gf,3.645,mm,OK,--,9:09:33 PM,2/5/2026,
962,49.9,gf,3.650,mm,OK,--,9:09:34 PM,2/5/2026,
963,49.9,gf,3.655,mm,OK,--,9:09:34 PM,2/5/2026,
964,49.9,gf,3.660,mm,OK,--,9:09:34 PM,2/5/2026,
965,49.9,gf,3.665,mm,OK,--,9:09:34 PM,2/5/2026,
966,50.0,gf,3.670,mm,OK,--,9:09:34 PM,2/5/2026,
967,49.8,gf,3.675,mm,OK,--,9:09:34 PM,2/5/2026,
968,49.9,gf,3.680,mm,OK,--,9:09:34 PM,2/5/2026,
969,49.9,gf,3.685,mm,OK,--,9:09:34 PM,2/5/2026,
970,50.0,gf,3.685,mm,OK,--,9:09:34 PM,2/5/2026,
971,50.0,gf,3.690,mm,OK,--,9:09:34 PM,2/5/2026,
972,50.0,gf,3.690,mm,OK,--,9:09:35 PM,2/5/2026,
973,50.0,gf,3.695,mm,OK,--,9:09:35 PM,2/5/2026,
974,50.0,gf,3.695,mm,OK,--,9:09:35 PM,2/5/2026,
975,50.0,gf,3.695,mm,OK,--,9:09:35 PM,2/5/2026,
976,50.0,gf,3.700,mm,OK,--,9:09:35 PM,2/5/2026,
977,50.0,gf,3.700,mm,OK,--,9:09:35 PM,2/5/2026,
978,50.0,gf,3.705,mm,OK,--,9:09:35 PM,2/5/2026,
979,50.0,gf,3.705,mm,OK,--,9:09:35 PM,2/5/2026,
980,50.0,gf,3.710,mm,OK,--,9:09:35 PM,2/5/2026,
981,50.0,gf,3.710,mm,OK,--,9:09:35 PM,2/5/2026,
982,50.1,gf,3.715,mm,OK,--,9:09:36 PM,2/5/2026,
983,50.0,gf,3.715,mm,OK,--,9:09:36 PM,2/5/2026,
984,50.0,gf,3.720,mm,OK,--,9:09:36 PM,2/5/2026,
985,50.1,gf,3.720,mm,OK,--,9:09:36 PM,2/5/2026,
986,50.1,gf,3.725,mm,OK,--,9:09:36 PM,2/5/2026,
987,50.1,gf,3.725,mm,OK,--,9:09:36 PM,2/5/2026,
988,50.1,gf,3.725,mm,OK,--,9:09:36 PM,2/5/2026,
989,50.2,gf,3.730,mm,OK,--,9:09:36 PM,2/5/2026,
990,50.2,gf,3.730,mm,OK,--,9:09:36 PM,2/5/2026,
991,50.3,gf,3.735,mm,OK,--,9:09:36 PM,2/5/2026,
992,50.2,gf,3.740,mm,OK,--,9:09:37 PM,2/5/2026,
993,50.9,gf,3.745,mm,OK,--,9:09:37 PM,2/5/2026,
994,54.3,gf,3.750,mm,OK,--,9:09:37 PM,2/5/2026,
995,57.1,gf,3.755,mm,OK,--,9:09:37 PM,2/5/2026,
996,59.9,gf,3.755,mm,OK,--,9:09:37 PM,2/5/2026,
997,62.6,gf,3.760,mm,OK,--,9:09:37 PM,2/5/2026,
998,65.2,gf,3.760,mm,OK,--,9:09:37 PM,2/5/2026,
999,67.5,gf,3.765,mm,OK,--,9:09:37 PM,2/5/2026,
1000,70.0,gf,3.765,mm,OK,--,9:09:37 PM,2/5/2026,
1001,73.2,gf,3.770,mm,OK,--,9:09:37 PM,2/5/2026,
1002,76.1,gf,3.770,mm,OK,--,9:09:38 PM,2/5/2026,
1003,78.3,gf,3.775,mm,OK,--,9:09:38 PM,2/5/2026,
1004,80.7,gf,3.775,mm,OK,--,9:09:38 PM,2/5/2026,
1005,83.0,gf,3.780,mm,OK,--,9:09:38 PM,2/5/2026,
1006,85.1,gf,3.780,mm,OK,--,9:09:38 PM,2/5/2026,
1007,87.1,gf,3.785,mm,OK,--,9:09:38 PM,2/5/2026,
1008,90.4,gf,3.785,mm,OK,--,9:09:38 PM,2/5/2026,
1009,96.6,gf,3.790,mm,OK,--,9:09:38 PM,2/5/2026,
1010,100.4,gf,3.795,mm,OK,--,9:09:38 PM,2/5/2026,
1011,103.5,gf,3.800,mm,OK,--,9:09:38 PM,2/5/2026,
1012,107.5,gf,3.805,mm,OK,--,9:09:39 PM,2/5/2026,
1013,111.9,gf,3.810,mm,OK,--,9:09:39 PM,2/5/2026,
1014,115.9,gf,3.810,mm,OK,--,9:09:39 PM,2/5/2026,
1015,119.3,gf,3.815,mm,OK,--,9:09:39 PM,2/5/2026,
1016,123.0,gf,3.820,mm,OK,--,9:09:39 PM,2/5/2026,
1017,127.4,gf,3.825,mm,OK,--,9:09:39 PM,2/5/2026,
1018,132.3,gf,3.830,mm,OK,--,9:09:39 PM,2/5/2026,
1019,136.2,gf,3.830,mm,OK,--,9:09:39 PM,2/5/2026,
1020,139.9,gf,3.835,mm,OK,--,9:09:39 PM,2/5/2026,
1021,144.0,gf,3.840,mm,OK,--,9:09:39 PM,2/5/2026,
1022,147.6,gf,3.845,mm,OK,--,9:09:40 PM,2/5/2026,
1023,151.1,gf,3.845,mm,OK,--,9:09:40 PM,2/5/2026,
1024,154.6,gf,3.850,mm,OK,--,9:09:40 PM,2/5/2026,
1025,158.2,gf,3.855,mm,OK,--,9:09:40 PM,2/5/2026,
1026,162.0,gf,3.855,mm,OK,--,9:09:40 PM,2/5/2026,
1027,165.3,gf,3.860,mm,OK,--,9:09:40 PM,2/5/2026,
1028,168.9,gf,3.865,mm,OK,--,9:09:40 PM,2/5/2026,
1029,172.4,gf,3.865,mm,OK,--,9:09:40 PM,2/5/2026,
1030,176.0,gf,3.870,mm,OK,--,9:09:40 PM,2/5/2026,
1031,179.2,gf,3.875,mm,OK,--,9:09:40 PM,2/5/2026,
1032,181.8,gf,3.875,mm,OK,--,9:09:41 PM,2/5/2026,
1033,183.8,gf,3.880,mm,OK,--,9:09:41 PM,2/5/2026,
1034,185.4,gf,3.880,mm,OK,--,9:09:41 PM,2/5/2026,
1035,186.7,gf,3.880,mm,OK,--,9:09:41 PM,2/5/2026,
1036,187.6,gf,3.880,mm,OK,--,9:09:41 PM,2/5/2026,
1037,188.8,gf,3.880,mm,OK,--,9:09:41 PM,2/5/2026,
1038,189.5,gf,3.885,mm,OK,--,9:09:41 PM,2/5/2026,
1039,189.9,gf,3.885,mm,OK,--,9:09:41 PM,2/5/2026,
1040,190.2,gf,3.885,mm,OK,--,9:09:41 PM,2/5/2026,
1041,191.1,gf,3.885,mm,OK,--,9:09:41 PM,2/5/2026,
1042,191.7,gf,3.885,mm,OK,--,9:09:42 PM,2/5/2026,
1043,191.7,gf,3.885,mm,OK,--,9:09:42 PM,2/5/2026,
1044,191.7,gf,3.885,mm,OK,--,9:09:42 PM,2/5/2026,
1045,191.7,gf,3.885,mm,OK,--,9:09:42 PM,2/5/2026,
1046,191.5,gf,3.885,mm,OK,--,9:09:42 PM,2/5/2026,
1047,191.5,gf,3.885,mm,OK,--,9:09:42 PM,2/5/2026,
1048,191.4,gf,3.885,mm,OK,--,9:09:42 PM,2/5/2026,
1049,191.4,gf,3.885,mm,OK,--,9:09:42 PM,2/5/2026,
1050,191.4,gf,3.885,mm,OK,--,9:09:42 PM,2/5/2026,
1051,191.4,gf,3.885,mm,OK,--,9:09:42 PM,2/5/2026,
1052,191.4,gf,3.885,mm,OK,--,9:09:43 PM,2/5/2026,
1053,191.3,gf,3.885,mm,OK,--,9:09:43 PM,2/5/2026,
1054,191.3,gf,3.885,mm,OK,--,9:09:43 PM,2/5/2026,
1055,191.3,gf,3.885,mm,OK,--,9:09:43 PM,2/5/2026,
1056,191.3,gf,3.885,mm,OK,--,9:09:43 PM,2/5/2026,
1057,191.3,gf,3.885,mm,OK,--,9:09:43 PM,2/5/2026,
1058,191.3,gf,3.885,mm,OK,--,9:09:43 PM,2/5/2026,
1059,191.1,gf,3.885,mm,OK,--,9:09:43 PM,2/5/2026,
1060,191.2,gf,3.885,mm,OK,--,9:09:43 PM,2/5/2026,
1061,191.1,gf,3.885,mm,OK,--,9:09:43 PM,2/5/2026,
1062,190.9,gf,3.885,mm,OK,--,9:09:44 PM,2/5/2026,
1063,190.8,gf,3.885,mm,OK,--,9:09:44 PM,2/5/2026,
1064,190.6,gf,3.885,mm,OK,--,9:09:44 PM,2/5/2026,
1065,190.5,gf,3.885,mm,OK,--,9:09:44 PM,2/5/2026,
1066,190.4,gf,3.885,mm,OK,--,9:09:44 PM,2/5/2026,
1067,190.4,gf,3.885,mm,OK,--,9:09:44 PM,2/5/2026,
1068,190.3,gf,3.885,mm,OK,--,9:09:44 PM,2/5/2026,
1069,190.2,gf,3.885,mm,OK,--,9:09:44 PM,2/5/2026,
1070,190.1,gf,3.885,mm,OK,--,9:09:44 PM,2/5/2026,
1071,190.1,gf,3.885,mm,OK,--,9:09:44 PM,2/5/2026,
1072,190.1,gf,3.885,mm,OK,--,9:09:45 PM,2/5/2026,
1073,190.0,gf,3.885,mm,OK,--,9:09:45 PM,2/5/2026,
1074,189.9,gf,3.885,mm,OK,--,9:09:45 PM,2/5/2026,
1075,189.9,gf,3.885,mm,OK,--,9:09:45 PM,2/5/2026,
1076,189.9,gf,3.885,mm,OK,--,9:09:45 PM,2/5/2026,
1077,189.9,gf,3.885,mm,OK,--,9:09:45 PM,2/5/2026,
1078,189.6,gf,3.885,mm,OK,--,9:09:45 PM,2/5/2026,
1079,189.0,gf,3.885,mm,OK,--,9:09:45 PM,2/5/2026,
1080,188.5,gf,3.885,mm,OK,--,9:09:45 PM,2/5/2026,
1081,188.0,gf,3.885,mm,OK,--,9:09:45 PM,2/5/2026,
1082,187.6,gf,3.885,mm,OK,--,9:09:46 PM,2/5/2026,
1083,187.2,gf,3.885,mm,OK,--,9:09:46 PM,2/5/2026,
1084,186.7,gf,3.885,mm,OK,--,9:09:46 PM,2/5/2026,
1085,186.2,gf,3.885,mm,OK,--,9:09:46 PM,2/5/2026,
1086,185.8,gf,3.880,mm,OK,--,9:09:46 PM,2/5/2026,
1087,185.3,gf,3.880,mm,OK,--,9:09:46 PM,2/5/2026,
1088,184.8,gf,3.880,mm,OK,--,9:09:46 PM,2/5/2026,
1089,184.4,gf,3.880,mm,OK,--,9:09:46 PM,2/5/2026,
1090,183.9,gf,3.880,mm,OK,--,9:09:46 PM,2/5/2026,
1091,182.8,gf,3.880,mm,OK,--,9:09:46 PM,2/5/2026,
1092,180.9,gf,3.880,mm,OK,--,9:09:47 PM,2/5/2026,
1093,179.0,gf,3.875,mm,OK,--,9:09:47 PM,2/5/2026,
1094,177.0,gf,3.875,mm,OK,--,9:09:47 PM,2/5/2026,
1095,175.9,gf,3.875,mm,OK,--,9:09:47 PM,2/5/2026,
1096,175.0,gf,3.870,mm,OK,--,9:09:47 PM,2/5/2026,
1097,174.3,gf,3.870,mm,OK,--,9:09:47 PM,2/5/2026,
1098,173.8,gf,3.870,mm,OK,--,9:09:47 PM,2/5/2026,
1099,173.1,gf,3.870,mm,OK,--,9:09:47 PM,2/5/2026,
1100,172.4,gf,3.870,mm,OK,--,9:09:47 PM,2/5/2026,
1101,171.8,gf,3.870,mm,OK,--,9:09:47 PM,2/5/2026,
1102,171.2,gf,3.870,mm,OK,--,9:09:48 PM,2/5/2026,
1103,170.7,gf,3.870,mm,OK,--,9:09:48 PM,2/5/2026,
1104,170.3,gf,3.870,mm,OK,--,9:09:48 PM,2/5/2026,
1105,169.8,gf,3.865,mm,OK,--,9:09:48 PM,2/5/2026,
1106,169.3,gf,3.865,mm,OK,--,9:09:48 PM,2/5/2026,
1107,169.1,gf,3.865,mm,OK,--,9:09:48 PM,2/5/2026,
1108,168.9,gf,3.865,mm,OK,--,9:09:48 PM,2/5/2026,
1109,168.6,gf,3.865,mm,OK,--,9:09:48 PM,2/5/2026,
1110,168.3,gf,3.865,mm,OK,--,9:09:48 PM,2/5/2026,
1111,167.8,gf,3.865,mm,OK,--,9:09:48 PM,2/5/2026,
1112,167.3,gf,3.865,mm,OK,--,9:09:49 PM,2/5/2026,
1113,166.8,gf,3.865,mm,OK,--,9:09:49 PM,2/5/2026,
1114,166.2,gf,3.865,mm,OK,--,9:09:49 PM,2/5/2026,
1115,165.7,gf,3.865,mm,OK,--,9:09:49 PM,2/5/2026,
1116,165.4,gf,3.865,mm,OK,--,9:09:49 PM,2/5/2026,
1117,165.2,gf,3.865,mm,OK,--,9:09:49 PM,2/5/2026,
1118,165.0,gf,3.865,mm,OK,--,9:09:49 PM,2/5/2026,
1119,164.6,gf,3.865,mm,OK,--,9:09:49 PM,2/5/2026,
1120,164.2,gf,3.860,mm,OK,--,9:09:49 PM,2/5/2026,
1121,163.5,gf,3.860,mm,OK,--,9:09:49 PM,2/5/2026,
1122,163.1,gf,3.860,mm,OK,--,9:09:50 PM,2/5/2026,
1123,162.5,gf,3.860,mm,OK,--,9:09:50 PM,2/5/2026,
1124,162.2,gf,3.860,mm,OK,--,9:09:50 PM,2/5/2026,
1125,161.9,gf,3.860,mm,OK,--,9:09:50 PM,2/5/2026,
1126,161.7,gf,3.860,mm,OK,--,9:09:50 PM,2/5/2026,
1127,161.3,gf,3.860,mm,OK,--,9:09:50 PM,2/5/2026,
1128,161.0,gf,3.860,mm,OK,--,9:09:50 PM,2/5/2026,
1129,160.7,gf,3.860,mm,OK,--,9:09:50 PM,2/5/2026,
1130,160.3,gf,3.860,mm,OK,--,9:09:50 PM,2/5/2026,
1131,159.9,gf,3.860,mm,OK,--,9:09:50 PM,2/5/2026,
1132,159.4,gf,3.860,mm,OK,--,9:09:51 PM,2/5/2026,
1133,159.0,gf,3.855,mm,OK,--,9:09:51 PM,2/5/2026,
1134,158.7,gf,3.855,mm,OK,--,9:09:51 PM,2/5/2026,
1135,158.5,gf,3.855,mm,OK,--,9:09:51 PM,2/5/2026,
1136,158.3,gf,3.855,mm,OK,--,9:09:51 PM,2/5/2026,
1137,157.9,gf,3.855,mm,OK,--,9:09:51 PM,2/5/2026,
1138,157.6,gf,3.855,mm,OK,--,9:09:51 PM,2/5/2026,
1139,157.1,gf,3.855,mm,OK,--,9:09:51 PM,2/5/2026,
1140,156.7,gf,3.855,mm,OK,--,9:09:51 PM,2/5/2026,
1141,156.3,gf,3.855,mm,OK,--,9:09:51 PM,2/5/2026,
1142,155.7,gf,3.855,mm,OK,--,9:09:52 PM,2/5/2026,
1143,155.2,gf,3.855,mm,OK,--,9:09:52 PM,2/5/2026,
1144,154.8,gf,3.855,mm,OK,--,9:09:52 PM,2/5/2026,
1145,154.4,gf,3.855,mm,OK,--,9:09:52 PM,2/5/2026,
1146,153.9,gf,3.855,mm,OK,--,9:09:52 PM,2/5/2026,
1147,153.4,gf,3.850,mm,OK,--,9:09:52 PM,2/5/2026,
1148,152.9,gf,3.850,mm,OK,--,9:09:52 PM,2/5/2026,
1149,152.3,gf,3.850,mm,OK,--,9:09:52 PM,2/5/2026,
1150,151.9,gf,3.850,mm,OK,--,9:09:52 PM,2/5/2026,
1151,151.5,gf,3.850,mm,OK,--,9:09:52 PM,2/5/2026,
1152,151.3,gf,3.850,mm,OK,--,9:09:53 PM,2/5/2026,
1153,151.0,gf,3.850,mm,OK,--,9:09:53 PM,2/5/2026,
1154,150.8,gf,3.850,mm,OK,--,9:09:53 PM,2/5/2026,
1155,150.4,gf,3.850,mm,OK,--,9:09:53 PM,2/5/2026,
1156,150.0,gf,3.850,mm,OK,--,9:09:53 PM,2/5/2026,
1157,149.7,gf,3.850,mm,OK,--,9:09:53 PM,2/5/2026,
1158,149.3,gf,3.850,mm,OK,--,9:09:53 PM,2/5/2026,
1159,148.9,gf,3.850,mm,OK,--,9:09:53 PM,2/5/2026,
1160,148.5,gf,3.850,mm,OK,--,9:09:53 PM,2/5/2026,
1161,148.2,gf,3.845,mm,OK,--,9:09:53 PM,2/5/2026,
1162,147.8,gf,3.845,mm,OK,--,9:09:54 PM,2/5/2026,
1163,147.4,gf,3.845,mm,OK,--,9:09:54 PM,2/5/2026,
1164,147.0,gf,3.845,mm,OK,--,9:09:54 PM,2/5/2026,
1165,146.6,gf,3.845,mm,OK,--,9:09:54 PM,2/5/2026,
1166,146.1,gf,3.845,mm,OK,--,9:09:54 PM,2/5/2026,
1167,145.4,gf,3.845,mm,OK,--,9:09:54 PM,2/5/2026,
1168,144.8,gf,3.845,mm,OK,--,9:09:54 PM,2/5/2026,
1169,144.1,gf,3.845,mm,OK,--,9:09:54 PM,2/5/2026,
1170,143.3,gf,3.845,mm,OK,--,9:09:54 PM,2/5/2026,
1171,142.3,gf,3.840,mm,OK,--,9:09:54 PM,2/5/2026,
1172,141.5,gf,3.840,mm,OK,--,9:09:55 PM,2/5/2026,
1173,141.2,gf,3.840,mm,OK,--,9:09:55 PM,2/5/2026,
1174,140.6,gf,3.840,mm,OK,--,9:09:55 PM,2/5/2026,
1175,139.8,gf,3.840,mm,OK,--,9:09:55 PM,2/5/2026,
1176,138.9,gf,3.840,mm,OK,--,9:09:55 PM,2/5/2026,
1177,137.9,gf,3.840,mm,OK,--,9:09:55 PM,2/5/2026,
1178,136.8,gf,3.835,mm,OK,--,9:09:55 PM,2/5/2026,
1179,135.7,gf,3.835,mm,OK,--,9:09:55 PM,2/5/2026,
1180,133.7,gf,3.835,mm,OK,--,9:09:55 PM,2/5/2026,
1181,131.9,gf,3.830,mm,OK,--,9:09:55 PM,2/5/2026,
1182,130.5,gf,3.830,mm,OK,--,9:09:56 PM,2/5/2026,
1183,129.4,gf,3.830,mm,OK,--,9:09:56 PM,2/5/2026,
1184,128.3,gf,3.830,mm,OK,--,9:09:56 PM,2/5/2026,
1185,127.2,gf,3.830,mm,OK,--,9:09:56 PM,2/5/2026,
1186,126.0,gf,3.825,mm,OK,--,9:09:56 PM,2/5/2026,
1187,124.8,gf,3.825,mm,OK,--,9:09:56 PM,2/5/2026,
1188,123.3,gf,3.825,mm,OK,--,9:09:56 PM,2/5/2026,
1189,121.7,gf,3.820,mm,OK,--,9:09:56 PM,2/5/2026,
1190,120.4,gf,3.820,mm,OK,--,9:09:56 PM,2/5/2026,
1191,119.2,gf,3.820,mm,OK,--,9:09:56 PM,2/5/2026,
1192,118.0,gf,3.820,mm,OK,--,9:09:57 PM,2/5/2026,
1193,116.6,gf,3.815,mm,OK,--,9:09:57 PM,2/5/2026,
1194,115.5,gf,3.815,mm,OK,--,9:09:57 PM,2/5/2026,
1195,114.9,gf,3.815,mm,OK,--,9:09:57 PM,2/5/2026,
1196,114.4,gf,3.815,mm,OK,--,9:09:57 PM,2/5/2026,
1197,114.0,gf,3.815,mm,OK,--,9:09:57 PM,2/5/2026,
1198,113.7,gf,3.815,mm,OK,--,9:09:57 PM,2/5/2026,
1199,113.4,gf,3.815,mm,OK,--,9:09:57 PM,2/5/2026,
1200,112.9,gf,3.815,mm,OK,--,9:09:57 PM,2/5/2026,
1201,112.2,gf,3.815,mm,OK,--,9:09:57 PM,2/5/2026,
1202,111.6,gf,3.810,mm,OK,--,9:09:58 PM,2/5/2026,
1203,110.9,gf,3.810,mm,OK,--,9:09:58 PM,2/5/2026,
1204,110.3,gf,3.810,mm,OK,--,9:09:58 PM,2/5/2026,
1205,109.5,gf,3.810,mm,OK,--,9:09:58 PM,2/5/2026,
1206,108.7,gf,3.810,mm,OK,--,9:09:58 PM,2/5/2026,
1207,107.8,gf,3.810,mm,OK,--,9:09:58 PM,2/5/2026,
1208,106.5,gf,3.805,mm,OK,--,9:09:58 PM,2/5/2026,
1209,105.2,gf,3.805,mm,OK,--,9:09:58 PM,2/5/2026,
1210,103.7,gf,3.805,mm,OK,--,9:09:58 PM,2/5/2026,
1211,102.1,gf,3.805,mm,OK,--,9:09:58 PM,2/5/2026,
1212,100.7,gf,3.800,mm,OK,--,9:09:59 PM,2/5/2026,
1213,99.1,gf,3.800,mm,OK,--,9:09:59 PM,2/5/2026,
1214,97.2,gf,3.800,mm,OK,--,9:09:59 PM,2/5/2026,
1215,95.4,gf,3.795,mm,OK,--,9:09:59 PM,2/5/2026,
1216,93.9,gf,3.795,mm,OK,--,9:09:59 PM,2/5/2026,
1217,92.6,gf,3.795,mm,OK,--,9:09:59 PM,2/5/2026,
1218,91.3,gf,3.790,mm,OK,--,9:09:59 PM,2/5/2026,
1219,90.2,gf,3.790,mm,OK,--,9:09:59 PM,2/5/2026,
1220,89.0,gf,3.790,mm,OK,--,9:09:59 PM,2/5/2026,
1221,87.4,gf,3.790,mm,OK,--,9:09:59 PM,2/5/2026,
1222,85.9,gf,3.785,mm,OK,--,9:10:00 PM,2/5/2026,
1223,84.3,gf,3.785,mm,OK,--,9:10:00 PM,2/5/2026,
1224,82.8,gf,3.785,mm,OK,--,9:10:00 PM,2/5/2026,
1225,81.4,gf,3.780,mm,OK,--,9:10:00 PM,2/5/2026,
1226,80.1,gf,3.780,mm,OK,--,9:10:00 PM,2/5/2026,
1227,78.9,gf,3.780,mm,OK,--,9:10:00 PM,2/5/2026,
1228,77.7,gf,3.780,mm,OK,--,9:10:00 PM,2/5/2026,
1229,76.5,gf,3.780,mm,OK,--,9:10:00 PM,2/5/2026,
1230,75.0,gf,3.775,mm,OK,--,9:10:00 PM,2/5/2026,
1231,73.5,gf,3.775,mm,OK,--,9:10:00 PM,2/5/2026,
1232,72.2,gf,3.775,mm,OK,--,9:10:01 PM,2/5/2026,
1233,70.0,gf,3.770,mm,OK,--,9:10:01 PM,2/5/2026,
1234,68.1,gf,3.770,mm,OK,--,9:10:01 PM,2/5/2026,
1235,66.8,gf,3.770,mm,OK,--,9:10:01 PM,2/5/2026,
1236,65.6,gf,3.765,mm,OK,--,9:10:01 PM,2/5/2026,
1237,64.6,gf,3.765,mm,OK,--,9:10:01 PM,2/5/2026,
1238,63.3,gf,3.765,mm,OK,--,9:10:01 PM,2/5/2026,
1239,61.5,gf,3.765,mm,OK,--,9:10:01 PM,2/5/2026,
1240,60.1,gf,3.760,mm,OK,--,9:10:01 PM,2/5/2026,
1241,59.0,gf,3.760,mm,OK,--,9:10:01 PM,2/5/2026,
1242,57.7,gf,3.760,mm,OK,--,9:10:02 PM,2/5/2026,
1243,55.9,gf,3.755,mm,OK,--,9:10:02 PM,2/5/2026,
1244,53.9,gf,3.755,mm,OK,--,9:10:02 PM,2/5/2026,
1245,52.2,gf,3.755,mm,OK,--,9:10:02 PM,2/5/2026,
1246,50.7,gf,3.750,mm,OK,--,9:10:02 PM,2/5/2026,
1247,49.5,gf,3.750,mm,OK,--,9:10:02 PM,2/5/2026,
1248,49.5,gf,3.750,mm,OK,--,9:10:02 PM,2/5/2026,
1249,49.5,gf,3.750,mm,OK,--,9:10:02 PM,2/5/2026,
1250,49.5,gf,3.745,mm,OK,--,9:10:02 PM,2/5/2026,
1251,49.4,gf,3.745,mm,OK,--,9:10:02 PM,2/5/2026,
1252,49.3,gf,3.745,mm,OK,--,9:10:03 PM,2/5/2026,
1253,49.4,gf,3.740,mm,OK,--,9:10:03 PM,2/5/2026,
1254,49.3,gf,3.740,mm,OK,--,9:10:03 PM,2/5/2026,
1255,49.3,gf,3.740,mm,OK,--,9:10:03 PM,2/5/2026,
1256,49.2,gf,3.735,mm,OK,--,9:10:03 PM,2/5/2026,
1257,49.2,gf,3.735,mm,OK,--,9:10:03 PM,2/5/2026,
1258,49.1,gf,3.735,mm,OK,--,9:10:03 PM,2/5/2026,
1259,49.0,gf,3.730,mm,OK,--,9:10:03 PM,2/5/2026,
1260,49.0,gf,3.725,mm,OK,--,9:10:03 PM,2/5/2026,
1261,49.0,gf,3.725,mm,OK,--,9:10:03 PM,2/5/2026,
1262,49.0,gf,3.720,mm,OK,--,9:10:04 PM,2/5/2026,
1263,48.9,gf,3.720,mm,OK,--,9:10:04 PM,2/5/2026,
1264,48.8,gf,3.715,mm,OK,--,9:10:04 PM,2/5/2026,
1265,48.9,gf,3.705,mm,OK,--,9:10:04 PM,2/5/2026,
1266,48.8,gf,3.695,mm,OK,--,9:10:04 PM,2/5/2026,
1267,48.8,gf,3.690,mm,OK,--,9:10:04 PM,2/5/2026,
1268,48.6,gf,3.685,mm,OK,--,9:10:04 PM,2/5/2026,
1269,48.6,gf,3.680,mm,OK,--,9:10:04 PM,2/5/2026,
1270,48.6,gf,3.670,mm,OK,--,9:10:04 PM,2/5/2026,
1271,48.5,gf,3.660,mm,OK,--,9:10:04 PM,2/5/2026,
1272,48.5,gf,3.650,mm,OK,--,9:10:05 PM,2/5/2026,
1273,48.6,gf,3.640,mm,OK,--,9:10:05 PM,2/5/2026,
1274,48.5,gf,3.630,mm,OK,--,9:10:05 PM,2/5/2026,
1275,48.4,gf,3.615,mm,OK,--,9:10:05 PM,2/5/2026,
1276,48.3,gf,3.610,mm,OK,--,9:10:05 PM,2/5/2026,
1277,48.2,gf,3.600,mm,OK,--,9:10:05 PM,2/5/2026,
1278,48.3,gf,3.595,mm,OK,--,9:10:05 PM,2/5/2026,
1279,48.3,gf,3.590,mm,OK,--,9:10:05 PM,2/5/2026,
1280,48.3,gf,3.585,mm,OK,--,9:10:05 PM,2/5/2026,
1281,48.2,gf,3.580,mm,OK,--,9:10:05 PM,2/5/2026,
1282,48.1,gf,3.575,mm,OK,--,9:10:06 PM,2/5/2026,
1283,48.1,gf,3.575,mm,OK,--,9:10:06 PM,2/5/2026,
1284,48.1,gf,3.570,mm,OK,--,9:10:06 PM,2/5/2026,
1285,48.1,gf,3.565,mm,OK,--,9:10:06 PM,2/5/2026,
1286,48.1,gf,3.560,mm,OK,--,9:10:06 PM,2/5/2026,
1287,48.1,gf,3.560,mm,OK,--,9:10:06 PM,2/5/2026,
1288,48.1,gf,3.555,mm,OK,--,9:10:06 PM,2/5/2026,
1289,48.1,gf,3.555,mm,OK,--,9:10:06 PM,2/5/2026,
1290,48.1,gf,3.550,mm,OK,--,9:10:06 PM,2/5/2026,
1291,48.0,gf,3.545,mm,OK,--,9:10:06 PM,2/5/2026,
1292,48.1,gf,3.545,mm,OK,--,9:10:07 PM,2/5/2026,
1293,48.0,gf,3.540,mm,OK,--,9:10:07 PM,2/5/2026,
1294,48.0,gf,3.535,mm,OK,--,9:10:07 PM,2/5/2026,
1295,47.9,gf,3.535,mm,OK,--,9:10:07 PM,2/5/2026,
1296,47.9,gf,3.530,mm,OK,--,9:10:07 PM,2/5/2026,
1297,47.9,gf,3.525,mm,OK,--,9:10:07 PM,2/5/2026,
1298,47.9,gf,3.525,mm,OK,--,9:10:07 PM,2/5/2026,
1299,47.9,gf,3.520,mm,OK,--,9:10:07 PM,2/5/2026,
1300,47.9,gf,3.515,mm,OK,--,9:10:07 PM,2/5/2026,
1301,47.9,gf,3.510,mm,OK,--,9:10:07 PM,2/5/2026,
1302,47.8,gf,3.510,mm,OK,--,9:10:08 PM,2/5/2026,
1303,47.8,gf,3.505,mm,OK,--,9:10:08 PM,2/5/2026,
1304,47.7,gf,3.500,mm,OK,--,9:10:08 PM,2/5/2026,
1305,47.7,gf,3.500,mm,OK,--,9:10:08 PM,2/5/2026,
1306,47.8,gf,3.495,mm,OK,--,9:10:08 PM,2/5/2026,
1307,47.8,gf,3.490,mm,OK,--,9:10:08 PM,2/5/2026,
1308,47.9,gf,3.485,mm,OK,--,9:10:08 PM,2/5/2026,
1309,47.8,gf,3.480,mm,OK,--,9:10:08 PM,2/5/2026,
1310,47.8,gf,3.480,mm,OK,--,9:10:08 PM,2/5/2026,
1311,47.8,gf,3.475,mm,OK,--,9:10:08 PM,2/5/2026,
1312,47.8,gf,3.470,mm,OK,--,9:10:09 PM,2/5/2026,
1313,47.7,gf,3.470,mm,OK,--,9:10:09 PM,2/5/2026,
1314,47.7,gf,3.465,mm,OK,--,9:10:09 PM,2/5/2026,
1315,47.7,gf,3.460,mm,OK,--,9:10:09 PM,2/5/2026,
1316,47.7,gf,3.460,mm,OK,--,9:10:09 PM,2/5/2026,
1317,47.7,gf,3.455,mm,OK,--,9:10:09 PM,2/5/2026,
1318,47.7,gf,3.455,mm,OK,--,9:10:09 PM,2/5/2026,
1319,47.8,gf,3.450,mm,OK,--,9:10:09 PM,2/5/2026,
1320,47.7,gf,3.445,mm,OK,--,9:10:09 PM,2/5/2026,
1321,47.7,gf,3.440,mm,OK,--,9:10:09 PM,2/5/2026,
1322,47.7,gf,3.435,mm,OK,--,9:10:10 PM,2/5/2026,
1323,47.6,gf,3.430,mm,OK,--,9:10:10 PM,2/5/2026,
1324,47.6,gf,3.430,mm,OK,--,9:10:10 PM,2/5/2026,
1325,47.6,gf,3.425,mm,OK,--,9:10:10 PM,2/5/2026,
1326,47.6,gf,3.420,mm,OK,--,9:10:10 PM,2/5/2026,
1327,47.5,gf,3.415,mm,OK,--,9:10:10 PM,2/5/2026,
1328,47.4,gf,3.415,mm,OK,--,9:10:10 PM,2/5/2026,
1329,47.4,gf,3.410,mm,OK,--,9:10:10 PM,2/5/2026,
1330,47.4,gf,3.405,mm,OK,--,9:10:10 PM,2/5/2026,
1331,47.4,gf,3.400,mm,OK,--,9:10:10 PM,2/5/2026,
1332,47.4,gf,3.395,mm,OK,--,9:10:11 PM,2/5/2026,
1333,47.4,gf,3.395,mm,OK,--,9:10:11 PM,2/5/2026,
1334,47.4,gf,3.390,mm,OK,--,9:10:11 PM,2/5/2026,
1335,47.3,gf,3.385,mm,OK,--,9:10:11 PM,2/5/2026,
1336,47.4,gf,3.380,mm,OK,--,9:10:11 PM,2/5/2026,
1337,47.3,gf,3.370,mm,OK,--,9:10:11 PM,2/5/2026,
1338,47.3,gf,3.365,mm,OK,--,9:10:11 PM,2/5/2026,
1339,47.3,gf,3.360,mm,OK,--,9:10:11 PM,2/5/2026,
1340,47.3,gf,3.350,mm,OK,--,9:10:11 PM,2/5/2026,
1341,47.3,gf,3.345,mm,OK,--,9:10:11 PM,2/5/2026,
1342,47.1,gf,3.340,mm,OK,--,9:10:12 PM,2/5/2026,
1343,47.2,gf,3.335,mm,OK,--,9:10:12 PM,2/5/2026,
1344,47.2,gf,3.330,mm,OK,--,9:10:12 PM,2/5/2026,
1345,47.2,gf,3.325,mm,OK,--,9:10:12 PM,2/5/2026,
1346,47.1,gf,3.320,mm,OK,--,9:10:12 PM,2/5/2026,
1347,47.1,gf,3.315,mm,OK,--,9:10:12 PM,2/5/2026,
1348,46.9,gf,3.310,mm,OK,--,9:10:12 PM,2/5/2026,
1349,47.0,gf,3.300,mm,OK,--,9:10:12 PM,2/5/2026,
1350,46.9,gf,3.295,mm,OK,--,9:10:12 PM,2/5/2026,
1351,46.9,gf,3.285,mm,OK,--,9:10:12 PM,2/5/2026,
1352,46.9,gf,3.280,mm,OK,--,9:10:13 PM,2/5/2026,
1353,46.9,gf,3.270,mm,OK,--,9:10:13 PM,2/5/2026,
1354,46.8,gf,3.260,mm,OK,--,9:10:13 PM,2/5/2026,
1355,46.7,gf,3.250,mm,OK,--,9:10:13 PM,2/5/2026,
1356,46.7,gf,3.245,mm,OK,--,9:10:13 PM,2/5/2026,
1357,46.7,gf,3.235,mm,OK,--,9:10:13 PM,2/5/2026,
1358,46.7,gf,3.230,mm,OK,--,9:10:13 PM,2/5/2026,
1359,46.6,gf,3.220,mm,OK,--,9:10:13 PM,2/5/2026,
1360,46.5,gf,3.210,mm,OK,--,9:10:13 PM,2/5/2026,
1361,46.4,gf,3.200,mm,OK,--,9:10:13 PM,2/5/2026,
1362,46.6,gf,3.185,mm,OK,--,9:10:14 PM,2/5/2026,
1363,46.6,gf,3.175,mm,OK,--,9:10:14 PM,2/5/2026,
1364,46.6,gf,3.170,mm,OK,--,9:10:14 PM,2/5/2026,
1365,46.6,gf,3.155,mm,OK,--,9:10:14 PM,2/5/2026,
1366,46.4,gf,3.145,mm,OK,--,9:10:14 PM,2/5/2026,
1367,46.3,gf,3.135,mm,OK,--,9:10:14 PM,2/5/2026,
1368,46.3,gf,3.120,mm,OK,--,9:10:14 PM,2/5/2026,
1369,46.2,gf,3.110,mm,OK,--,9:10:14 PM,2/5/2026,
1370,46.1,gf,3.095,mm,OK,--,9:10:14 PM,2/5/2026,
1371,46.3,gf,3.085,mm,OK,--,9:10:14 PM,2/5/2026,
1372,46.1,gf,3.075,mm,OK,--,9:10:15 PM,2/5/2026,
1373,46.1,gf,3.065,mm,OK,--,9:10:15 PM,2/5/2026,
1374,46.0,gf,3.055,mm,OK,--,9:10:15 PM,2/5/2026,
1375,45.9,gf,3.045,mm,OK,--,9:10:15 PM,2/5/2026,
1376,45.9,gf,3.035,mm,OK,--,9:10:15 PM,2/5/2026,
1377,45.7,gf,3.025,mm,OK,--,9:10:15 PM,2/5/2026,
1378,45.6,gf,3.015,mm,OK,--,9:10:15 PM,2/5/2026,
1379,45.1,gf,3.005,mm,OK,--,9:10:15 PM,2/5/2026,
1380,44.7,gf,2.995,mm,OK,--,9:10:15 PM,2/5/2026,
1381,44.1,gf,2.985,mm,OK,--,9:10:15 PM,2/5/2026,
1382,43.3,gf,2.975,mm,OK,--,9:10:16 PM,2/5/2026,
1383,42.6,gf,2.965,mm,OK,--,9:10:16 PM,2/5/2026,
1384,41.9,gf,2.960,mm,OK,--,9:10:16 PM,2/5/2026,
1385,41.2,gf,2.950,mm,OK,--,9:10:16 PM,2/5/2026,
1386,40.6,gf,2.945,mm,OK,--,9:10:16 PM,2/5/2026,
1387,40.1,gf,2.940,mm,OK,--,9:10:16 PM,2/5/2026,
1388,39.5,gf,2.930,mm,OK,--,9:10:16 PM,2/5/2026,
1389,39.1,gf,2.925,mm,OK,--,9:10:16 PM,2/5/2026,
1390,38.7,gf,2.920,mm,OK,--,9:10:16 PM,2/5/2026,
1391,38.1,gf,2.915,mm,OK,--,9:10:16 PM,2/5/2026,
1392,37.7,gf,2.905,mm,OK,--,9:10:17 PM,2/5/2026,
1393,37.3,gf,2.900,mm,OK,--,9:10:17 PM,2/5/2026,
1394,37.0,gf,2.895,mm,OK,--,9:10:17 PM,2/5/2026,
1395,36.5,gf,2.890,mm,OK,--,9:10:17 PM,2/5/2026,
1396,36.1,gf,2.885,mm,OK,--,9:10:17 PM,2/5/2026,
1397,35.1,gf,2.880,mm,OK,--,9:10:17 PM,2/5/2026,
1398,34.4,gf,2.870,mm,OK,--,9:10:17 PM,2/5/2026,
1399,33.6,gf,2.860,mm,OK,--,9:10:17 PM,2/5/2026,
1400,33.0,gf,2.850,mm,OK,--,9:10:17 PM,2/5/2026,
1401,32.1,gf,2.840,mm,OK,--,9:10:17 PM,2/5/2026,
1402,31.2,gf,2.830,mm,OK,--,9:10:18 PM,2/5/2026,
1403,30.8,gf,2.820,mm,OK,--,9:10:18 PM,2/5/2026,
1404,30.3,gf,2.815,mm,OK,--,9:10:18 PM,2/5/2026,
1405,29.6,gf,2.810,mm,OK,--,9:10:18 PM,2/5/2026,
1406,29.3,gf,2.800,mm,OK,--,9:10:18 PM,2/5/2026,
1407,29.0,gf,2.795,mm,OK,--,9:10:18 PM,2/5/2026,
1408,29.0,gf,2.795,mm,OK,--,9:10:18 PM,2/5/2026,
1409,28.7,gf,2.790,mm,OK,--,9:10:18 PM,2/5/2026,
1410,28.6,gf,2.790,mm,OK,--,9:10:18 PM,2/5/2026,
1411,28.2,gf,2.785,mm,OK,--,9:10:18 PM,2/5/2026,
1412,27.8,gf,2.780,mm,OK,--,9:10:19 PM,2/5/2026,
1413,27.6,gf,2.775,mm,OK,--,9:10:19 PM,2/5/2026,
1414,27.3,gf,2.775,mm,OK,--,9:10:19 PM,2/5/2026,
1415,27.3,gf,2.770,mm,OK,--,9:10:19 PM,2/5/2026,
1416,27.1,gf,2.765,mm,OK,--,9:10:19 PM,2/5/2026,
1417,26.9,gf,2.760,mm,OK,--,9:10:19 PM,2/5/2026,
1418,26.7,gf,2.755,mm,OK,--,9:10:19 PM,2/5/2026,
1419,26.5,gf,2.750,mm,OK,--,9:10:19 PM,2/5/2026,
1420,26.1,gf,2.745,mm,OK,--,9:10:19 PM,2/5/2026,
1421,25.9,gf,2.740,mm,OK,--,9:10:19 PM,2/5/2026,
1422,25.6,gf,2.730,mm,OK,--,9:10:20 PM,2/5/2026,
1423,25.5,gf,2.725,mm,OK,--,9:10:20 PM,2/5/2026,
1424,25.5,gf,2.715,mm,OK,--,9:10:20 PM,2/5/2026,
1425,25.6,gf,2.705,mm,OK,--,9:10:20 PM,2/5/2026,
1426,25.5,gf,2.700,mm,OK,--,9:10:20 PM,2/5/2026,
1427,25.4,gf,2.690,mm,OK,--,9:10:20 PM,2/5/2026,
1428,25.5,gf,2.685,mm,OK,--,9:10:20 PM,2/5/2026,
1429,25.3,gf,2.680,mm,OK,--,9:10:20 PM,2/5/2026,
1430,25.3,gf,2.675,mm,OK,--,9:10:20 PM,2/5/2026,
1431,25.4,gf,2.670,mm,OK,--,9:10:20 PM,2/5/2026,
1432,25.2,gf,2.665,mm,OK,--,9:10:21 PM,2/5/2026,
1433,25.1,gf,2.655,mm,OK,--,9:10:21 PM,2/5/2026,
1434,25.0,gf,2.650,mm,OK,--,9:10:21 PM,2/5/2026,
1435,24.8,gf,2.635,mm,OK,--,9:10:21 PM,2/5/2026,
1436,25.0,gf,2.625,mm,OK,--,9:10:21 PM,2/5/2026,
1437,24.7,gf,2.610,mm,OK,--,9:10:21 PM,2/5/2026,
1438,24.6,gf,2.600,mm,OK,--,9:10:21 PM,2/5/2026,
1439,24.4,gf,2.590,mm,OK,--,9:10:21 PM,2/5/2026,
1440,24.2,gf,2.580,mm,OK,--,9:10:21 PM,2/5/2026,
1441,24.2,gf,2.575,mm,OK,--,9:10:21 PM,2/5/2026,
1442,24.2,gf,2.570,mm,OK,--,9:10:22 PM,2/5/2026,
1443,23.9,gf,2.565,mm,OK,--,9:10:22 PM,2/5/2026,
1444,24.0,gf,2.560,mm,OK,--,9:10:22 PM,2/5/2026,
1445,24.1,gf,2.555,mm,OK,--,9:10:22 PM,2/5/2026,
1446,24.0,gf,2.550,mm,OK,--,9:10:22 PM,2/5/2026,
1447,23.7,gf,2.550,mm,OK,--,9:10:22 PM,2/5/2026,
1448,23.5,gf,2.545,mm,OK,--,9:10:22 PM,2/5/2026,
1449,23.7,gf,2.545,mm,OK,--,9:10:22 PM,2/5/2026,
1450,23.7,gf,2.540,mm,OK,--,9:10:22 PM,2/5/2026,
1451,23.6,gf,2.535,mm,OK,--,9:10:22 PM,2/5/2026,
1452,23.5,gf,2.530,mm,OK,--,9:10:23 PM,2/5/2026,
1453,23.2,gf,2.530,mm,OK,--,9:10:23 PM,2/5/2026,
1454,23.1,gf,2.525,mm,OK,--,9:10:23 PM,2/5/2026,
1455,22.9,gf,2.520,mm,OK,--,9:10:23 PM,2/5/2026,
1456,22.8,gf,2.515,mm,OK,--,9:10:23 PM,2/5/2026,
1457,22.6,gf,2.510,mm,OK,--,9:10:23 PM,2/5/2026,
1458,22.5,gf,2.500,mm,OK,--,9:10:23 PM,2/5/2026,
1459,22.3,gf,2.495,mm,OK,--,9:10:23 PM,2/5/2026,
1460,22.0,gf,2.485,mm,OK,--,9:10:23 PM,2/5/2026,
1461,21.9,gf,2.480,mm,OK,--,9:10:23 PM,2/5/2026,
1462,21.7,gf,2.475,mm,OK,--,9:10:24 PM,2/5/2026,
1463,21.4,gf,2.470,mm,OK,--,9:10:24 PM,2/5/2026,
1464,21.1,gf,2.465,mm,OK,--,9:10:24 PM,2/5/2026,
1465,20.9,gf,2.455,mm,OK,--,9:10:24 PM,2/5/2026,
1466,20.9,gf,2.450,mm,OK,--,9:10:24 PM,2/5/2026,
1467,20.6,gf,2.445,mm,OK,--,9:10:24 PM,2/5/2026,
1468,20.1,gf,2.440,mm,OK,--,9:10:24 PM,2/5/2026,
1469,20.2,gf,2.435,mm,OK,--,9:10:24 PM,2/5/2026,
1470,20.0,gf,2.430,mm,OK,--,9:10:24 PM,2/5/2026,
1471,19.8,gf,2.425,mm,OK,--,9:10:24 PM,2/5/2026,
1472,19.4,gf,2.415,mm,OK,--,9:10:25 PM,2/5/2026,
1473,19.2,gf,2.410,mm,OK,--,9:10:25 PM,2/5/2026,
1474,18.8,gf,2.405,mm,OK,--,9:10:25 PM,2/5/2026,
1475,18.7,gf,2.400,mm,OK,--,9:10:25 PM,2/5/2026,
1476,18.4,gf,2.390,mm,OK,--,9:10:25 PM,2/5/2026,
1477,18.4,gf,2.385,mm,OK,--,9:10:25 PM,2/5/2026,
1478,18.1,gf,2.380,mm,OK,--,9:10:25 PM,2/5/2026,
1479,17.9,gf,2.370,mm,OK,--,9:10:25 PM,2/5/2026,
1480,17.8,gf,2.365,mm,OK,--,9:10:25 PM,2/5/2026,
1481,17.7,gf,2.360,mm,OK,--,9:10:25 PM,2/5/2026,
1482,17.5,gf,2.355,mm,OK,--,9:10:26 PM,2/5/2026,
1483,17.6,gf,2.350,mm,OK,--,9:10:26 PM,2/5/2026,
1484,17.6,gf,2.345,mm,OK,--,9:10:26 PM,2/5/2026,
1485,17.6,gf,2.345,mm,OK,--,9:10:26 PM,2/5/2026,
1486,17.5,gf,2.340,mm,OK,--,9:10:26 PM,2/5/2026,
1487,17.5,gf,2.335,mm,OK,--,9:10:26 PM,2/5/2026,
1488,17.3,gf,2.335,mm,OK,--,9:10:26 PM,2/5/2026,
1489,17.1,gf,2.330,mm,OK,--,9:10:26 PM,2/5/2026,
1490,16.8,gf,2.325,mm,OK,--,9:10:26 PM,2/5/2026,
1491,16.9,gf,2.320,mm,OK,--,9:10:26 PM,2/5/2026,
1492,16.6,gf,2.310,mm,OK,--,9:10:27 PM,2/5/2026,
1493,16.7,gf,2.305,mm,OK,--,9:10:27 PM,2/5/2026,
1494,16.7,gf,2.300,mm,OK,--,9:10:27 PM,2/5/2026,
1495,16.9,gf,2.295,mm,OK,--,9:10:27 PM,2/5/2026,
1496,17.2,gf,2.295,mm,OK,--,9:10:27 PM,2/5/2026,
1497,17.2,gf,2.290,mm,OK,--,9:10:27 PM,2/5/2026,
1498,17.0,gf,2.290,mm,OK,--,9:10:27 PM,2/5/2026,
1499,16.9,gf,2.290,mm,OK,--,9:10:27 PM,2/5/2026,
1500,16.6,gf,2.285,mm,OK,--,9:10:27 PM,2/5/2026,
1501,16.6,gf,2.285,mm,OK,--,9:10:27 PM,2/5/2026,
1502,16.5,gf,2.280,mm,OK,--,9:10:28 PM,2/5/2026,
1503,16.5,gf,2.280,mm,OK,--,9:10:28 PM,2/5/2026,
1504,16.7,gf,2.275,mm,OK,--,9:10:28 PM,2/5/2026,
1505,16.5,gf,2.275,mm,OK,--,9:10:28 PM,2/5/2026,
1506,16.5,gf,2.270,mm,OK,--,9:10:28 PM,2/5/2026,
1507,16.3,gf,2.265,mm,OK,--,9:10:28 PM,2/5/2026,
1508,16.2,gf,2.260,mm,OK,--,9:10:28 PM,2/5/2026,
1509,15.8,gf,2.255,mm,OK,--,9:10:28 PM,2/5/2026,
1510,15.5,gf,2.245,mm,OK,--,9:10:28 PM,2/5/2026,
1511,16.0,gf,2.235,mm,OK,--,9:10:28 PM,2/5/2026,
1512,15.9,gf,2.225,mm,OK,--,9:10:29 PM,2/5/2026,
1513,15.8,gf,2.215,mm,OK,--,9:10:29 PM,2/5/2026,
1514,16.0,gf,2.205,mm,OK,--,9:10:29 PM,2/5/2026,
1515,15.9,gf,2.195,mm,OK,--,9:10:29 PM,2/5/2026,
1516,15.7,gf,2.190,mm,OK,--,9:10:29 PM,2/5/2026,
1517,15.5,gf,2.185,mm,OK,--,9:10:29 PM,2/5/2026,
1518,15.6,gf,2.175,mm,OK,--,9:10:29 PM,2/5/2026,
1519,15.7,gf,2.170,mm,OK,--,9:10:29 PM,2/5/2026,
1520,15.8,gf,2.160,mm,OK,--,9:10:29 PM,2/5/2026,
1521,16.0,gf,2.150,mm,OK,--,9:10:29 PM,2/5/2026,
1522,16.2,gf,2.145,mm,OK,--,9:10:30 PM,2/5/2026,
1523,16.0,gf,2.140,mm,OK,--,9:10:30 PM,2/5/2026,
1524,15.7,gf,2.135,mm,OK,--,9:10:30 PM,2/5/2026,
1525,15.7,gf,2.130,mm,OK,--,9:10:30 PM,2/5/2026,
1526,15.4,gf,2.125,mm,OK,--,9:10:30 PM,2/5/2026,
1527,15.6,gf,2.115,mm,OK,--,9:10:30 PM,2/5/2026,
1528,15.6,gf,2.110,mm,OK,--,9:10:30 PM,2/5/2026,
1529,15.6,gf,2.100,mm,OK,--,9:10:30 PM,2/5/2026,
1530,15.6,gf,2.095,mm,OK,--,9:10:30 PM,2/5/2026,
1531,15.4,gf,2.085,mm,OK,--,9:10:30 PM,2/5/2026,
1532,15.5,gf,2.080,mm,OK,--,9:10:31 PM,2/5/2026,
1533,15.4,gf,2.070,mm,OK,--,9:10:31 PM,2/5/2026,
1534,15.3,gf,2.060,mm,OK,--,9:10:31 PM,2/5/2026,
1535,15.5,gf,2.055,mm,OK,--,9:10:31 PM,2/5/2026,
1536,15.6,gf,2.045,mm,OK,--,9:10:31 PM,2/5/2026,
1537,15.6,gf,2.035,mm,OK,--,9:10:31 PM,2/5/2026,
1538,15.8,gf,2.030,mm,OK,--,9:10:31 PM,2/5/2026,
1539,16.1,gf,2.025,mm,OK,--,9:10:31 PM,2/5/2026,
1540,16.1,gf,2.025,mm,OK,--,9:10:31 PM,2/5/2026,
1541,15.9,gf,2.020,mm,OK,--,9:10:31 PM,2/5/2026,
1542,15.8,gf,2.015,mm,OK,--,9:10:32 PM,2/5/2026,
1543,16.1,gf,2.015,mm,OK,--,9:10:32 PM,2/5/2026,
1544,16.0,gf,2.010,mm,OK,--,9:10:32 PM,2/5/2026,
1545,16.2,gf,2.010,mm,OK,--,9:10:32 PM,2/5/2026,
1546,16.3,gf,2.005,mm,OK,--,9:10:32 PM,2/5/2026,
1547,16.0,gf,2.005,mm,OK,--,9:10:32 PM,2/5/2026,
1548,15.9,gf,2.000,mm,OK,--,9:10:32 PM,2/5/2026,
1549,16.0,gf,2.000,mm,OK,--,9:10:32 PM,2/5/2026,
1550,16.1,gf,1.995,mm,OK,--,9:10:32 PM,2/5/2026,
1551,16.1,gf,1.995,mm,OK,--,9:10:32 PM,2/5/2026,
1552,15.8,gf,1.990,mm,OK,--,9:10:33 PM,2/5/2026,
1553,16.0,gf,1.985,mm,OK,--,9:10:33 PM,2/5/2026,
1554,15.6,gf,1.980,mm,OK,--,9:10:33 PM,2/5/2026,
1555,15.9,gf,1.970,mm,OK,--,9:10:33 PM,2/5/2026,
1556,16.2,gf,1.965,mm,OK,--,9:10:33 PM,2/5/2026,
1557,16.5,gf,1.960,mm,OK,--,9:10:33 PM,2/5/2026,
1558,16.6,gf,1.955,mm,OK,--,9:10:33 PM,2/5/2026,
1559,16.5,gf,1.955,mm,OK,--,9:10:33 PM,2/5/2026,
1560,16.7,gf,1.950,mm,OK,--,9:10:33 PM,2/5/2026,
1561,16.6,gf,1.950,mm,OK,--,9:10:33 PM,2/5/2026,
1562,16.2,gf,1.945,mm,OK,--,9:10:34 PM,2/5/2026,
1563,16.4,gf,1.945,mm,OK,--,9:10:34 PM,2/5/2026,
1564,16.6,gf,1.940,mm,OK,--,9:10:34 PM,2/5/2026,
1565,16.8,gf,1.940,mm,OK,--,9:10:34 PM,2/5/2026,
1566,16.5,gf,1.935,mm,OK,--,9:10:34 PM,2/5/2026,
1567,16.5,gf,1.935,mm,OK,--,9:10:34 PM,2/5/2026,
1568,16.4,gf,1.930,mm,OK,--,9:10:34 PM,2/5/2026,
1569,16.2,gf,1.925,mm,OK,--,9:10:34 PM,2/5/2026,
1570,16.4,gf,1.915,mm,OK,--,9:10:34 PM,2/5/2026,
1571,16.5,gf,1.910,mm,OK,--,9:10:34 PM,2/5/2026,
1572,16.8,gf,1.905,mm,OK,--,9:10:35 PM,2/5/2026,
1573,16.8,gf,1.900,mm,OK,--,9:10:35 PM,2/5/2026,
1574,17.2,gf,1.890,mm,OK,--,9:10:35 PM,2/5/2026,
1575,17.4,gf,1.880,mm,OK,--,9:10:35 PM,2/5/2026,
1576,17.5,gf,1.870,mm,OK,--,9:10:35 PM,2/5/2026,
1577,17.7,gf,1.865,mm,OK,--,9:10:35 PM,2/5/2026,
1578,17.9,gf,1.855,mm,OK,--,9:10:35 PM,2/5/2026,
1579,17.7,gf,1.850,mm,OK,--,9:10:35 PM,2/5/2026,
1580,17.9,gf,1.840,mm,OK,--,9:10:35 PM,2/5/2026,
1581,18.2,gf,1.835,mm,OK,--,9:10:35 PM,2/5/2026,
1582,18.3,gf,1.825,mm,OK,--,9:10:36 PM,2/5/2026,
1583,18.4,gf,1.820,mm,OK,--,9:10:36 PM,2/5/2026,
1584,18.6,gf,1.810,mm,OK,--,9:10:36 PM,2/5/2026,
1585,18.7,gf,1.800,mm,OK,--,9:10:36 PM,2/5/2026,
1586,19.1,gf,1.795,mm,OK,--,9:10:36 PM,2/5/2026,
1587,19.4,gf,1.790,mm,OK,--,9:10:36 PM,2/5/2026,
1588,19.4,gf,1.780,mm,OK,--,9:10:36 PM,2/5/2026,
1589,19.6,gf,1.775,mm,OK,--,9:10:36 PM,2/5/2026,
1590,19.9,gf,1.770,mm,OK,--,9:10:36 PM,2/5/2026,
1591,20.3,gf,1.760,mm,OK,--,9:10:36 PM,2/5/2026,
1592,20.4,gf,1.755,mm,OK,--,9:10:37 PM,2/5/2026,
1593,20.3,gf,1.750,mm,OK,--,9:10:37 PM,2/5/2026,
1594,20.3,gf,1.745,mm,OK,--,9:10:37 PM,2/5/2026,
1595,20.4,gf,1.735,mm,OK,--,9:10:37 PM,2/5/2026,
1596,20.6,gf,1.730,mm,OK,--,9:10:37 PM,2/5/2026,
1597,20.9,gf,1.725,mm,OK,--,9:10:37 PM,2/5/2026,
1598,20.7,gf,1.715,mm,OK,--,9:10:37 PM,2/5/2026,
1599,20.9,gf,1.710,mm,OK,--,9:10:37 PM,2/5/2026,
1600,20.9,gf,1.705,mm,OK,--,9:10:37 PM,2/5/2026,
1601,21.1,gf,1.700,mm,OK,--,9:10:37 PM,2/5/2026,
1602,20.9,gf,1.695,mm,OK,--,9:10:38 PM,2/5/2026,
1603,21.2,gf,1.690,mm,OK,--,9:10:38 PM,2/5/2026,
1604,21.5,gf,1.685,mm,OK,--,9:10:38 PM,2/5/2026,
1605,21.3,gf,1.685,mm,OK,--,9:10:38 PM,2/5/2026,
1606,21.2,gf,1.680,mm,OK,--,9:10:38 PM,2/5/2026,
1607,21.5,gf,1.675,mm,OK,--,9:10:38 PM,2/5/2026,
1608,21.6,gf,1.670,mm,OK,--,9:10:38 PM,2/5/2026,
1609,21.6,gf,1.665,mm,OK,--,9:10:38 PM,2/5/2026,
1610,21.6,gf,1.660,mm,OK,--,9:10:38 PM,2/5/2026,
1611,21.5,gf,1.660,mm,OK,--,9:10:38 PM,2/5/2026,
1612,21.7,gf,1.655,mm,OK,--,9:10:39 PM,2/5/2026,
1613,21.5,gf,1.650,mm,OK,--,9:10:39 PM,2/5/2026,
1614,21.9,gf,1.645,mm,OK,--,9:10:39 PM,2/5/2026,
1615,22.1,gf,1.640,mm,OK,--,9:10:39 PM,2/5/2026,
1616,22.3,gf,1.640,mm,OK,--,9:10:39 PM,2/5/2026,
1617,22.5,gf,1.635,mm,OK,--,9:10:39 PM,2/5/2026,
1618,22.6,gf,1.635,mm,OK,--,9:10:39 PM,2/5/2026,
1619,22.8,gf,1.635,mm,OK,--,9:10:39 PM,2/5/2026,
1620,22.6,gf,1.630,mm,OK,--,9:10:39 PM,2/5/2026,
1621,22.6,gf,1.630,mm,OK,--,9:10:39 PM,2/5/2026,
1622,22.5,gf,1.630,mm,OK,--,9:10:40 PM,2/5/2026,
1623,22.2,gf,1.625,mm,OK,--,9:10:40 PM,2/5/2026,
1624,22.2,gf,1.620,mm,OK,--,9:10:40 PM,2/5/2026,
1625,22.1,gf,1.615,mm,OK,--,9:10:40 PM,2/5/2026,
1626,22.2,gf,1.605,mm,OK,--,9:10:40 PM,2/5/2026,
1627,22.1,gf,1.595,mm,OK,--,9:10:40 PM,2/5/2026,
1628,22.5,gf,1.585,mm,OK,--,9:10:40 PM,2/5/2026,
1629,22.9,gf,1.575,mm,OK,--,9:10:40 PM,2/5/2026,
1630,23.3,gf,1.570,mm,OK,--,9:10:40 PM,2/5/2026,
1631,23.3,gf,1.570,mm,OK,--,9:10:40 PM,2/5/2026,
1632,23.3,gf,1.565,mm,OK,--,9:10:41 PM,2/5/2026,
1633,23.4,gf,1.565,mm,OK,--,9:10:41 PM,2/5/2026,
1634,23.0,gf,1.560,mm,OK,--,9:10:41 PM,2/5/2026,
1635,23.4,gf,1.560,mm,OK,--,9:10:41 PM,2/5/2026,
1636,23.4,gf,1.555,mm,OK,--,9:10:41 PM,2/5/2026,
1637,23.4,gf,1.555,mm,OK,--,9:10:41 PM,2/5/2026,
1638,23.3,gf,1.550,mm,OK,--,9:10:41 PM,2/5/2026,
1639,23.8,gf,1.545,mm,OK,--,9:10:41 PM,2/5/2026,
1640,24.0,gf,1.545,mm,OK,--,9:10:41 PM,2/5/2026,
1641,23.9,gf,1.540,mm,OK,--,9:10:41 PM,2/5/2026,
1642,23.8,gf,1.540,mm,OK,--,9:10:42 PM,2/5/2026,
1643,23.9,gf,1.535,mm,OK,--,9:10:42 PM,2/5/2026,
1644,23.9,gf,1.535,mm,OK,--,9:10:42 PM,2/5/2026,
1645,23.5,gf,1.530,mm,OK,--,9:10:42 PM,2/5/2026,
1646,24.1,gf,1.530,mm,OK,--,9:10:42 PM,2/5/2026,
1647,23.6,gf,1.525,mm,OK,--,9:10:42 PM,2/5/2026,
1648,23.6,gf,1.515,mm,OK,--,9:10:42 PM,2/5/2026,
1649,24.4,gf,1.505,mm,OK,--,9:10:42 PM,2/5/2026,
1650,24.9,gf,1.505,mm,OK,--,9:10:42 PM,2/5/2026,
1651,25.1,gf,1.500,mm,OK,--,9:10:42 PM,2/5/2026,
1652,24.7,gf,1.495,mm,OK,--,9:10:43 PM,2/5/2026,
1653,24.4,gf,1.490,mm,OK,--,9:10:43 PM,2/5/2026,
1654,24.6,gf,1.485,mm,OK,--,9:10:43 PM,2/5/2026,
1655,25.3,gf,1.475,mm,OK,--,9:10:43 PM,2/5/2026,
1656,25.6,gf,1.470,mm,OK,--,9:10:43 PM,2/5/2026,
1657,25.3,gf,1.465,mm,OK,--,9:10:43 PM,2/5/2026,
1658,25.8,gf,1.450,mm,OK,--,9:10:43 PM,2/5/2026,
1659,26.3,gf,1.445,mm,OK,--,9:10:43 PM,2/5/2026,
1660,26.4,gf,1.435,mm,OK,--,9:10:43 PM,2/5/2026,
1661,26.7,gf,1.430,mm,OK,--,9:10:43 PM,2/5/2026,
1662,26.8,gf,1.420,mm,OK,--,9:10:44 PM,2/5/2026,
1663,27.0,gf,1.415,mm,OK,--,9:10:44 PM,2/5/2026,
1664,27.4,gf,1.410,mm,OK,--,9:10:44 PM,2/5/2026,
1665,27.4,gf,1.410,mm,OK,--,9:10:44 PM,2/5/2026,
1666,27.0,gf,1.405,mm,OK,--,9:10:44 PM,2/5/2026,
1667,27.3,gf,1.395,mm,OK,--,9:10:44 PM,2/5/2026,
1668,27.4,gf,1.390,mm,OK,--,9:10:44 PM,2/5/2026,
1669,27.5,gf,1.380,mm,OK,--,9:10:44 PM,2/5/2026,
1670,27.8,gf,1.370,mm,OK,--,9:10:44 PM,2/5/2026,
1671,27.9,gf,1.350,mm,OK,--,9:10:44 PM,2/5/2026,
1672,28.8,gf,1.330,mm,OK,--,9:10:45 PM,2/5/2026,
1673,29.3,gf,1.320,mm,OK,--,9:10:45 PM,2/5/2026,
1674,29.5,gf,1.315,mm,OK,--,9:10:45 PM,2/5/2026,
1675,29.4,gf,1.305,mm,OK,--,9:10:45 PM,2/5/2026,
1676,29.6,gf,1.295,mm,OK,--,9:10:45 PM,2/5/2026,
1677,29.9,gf,1.285,mm,OK,--,9:10:45 PM,2/5/2026,
1678,30.1,gf,1.280,mm,OK,--,9:10:45 PM,2/5/2026,
1679,30.2,gf,1.275,mm,OK,--,9:10:45 PM,2/5/2026,
1680,30.0,gf,1.270,mm,OK,--,9:10:45 PM,2/5/2026,
1681,30.3,gf,1.260,mm,OK,--,9:10:45 PM,2/5/2026,
1682,30.2,gf,1.250,mm,OK,--,9:10:46 PM,2/5/2026,
1683,30.6,gf,1.240,mm,OK,--,9:10:46 PM,2/5/2026,
1684,31.1,gf,1.225,mm,OK,--,9:10:46 PM,2/5/2026,
1685,31.3,gf,1.210,mm,OK,--,9:10:46 PM,2/5/2026,
1686,31.6,gf,1.200,mm,OK,--,9:10:46 PM,2/5/2026,
1687,31.8,gf,1.190,mm,OK,--,9:10:46 PM,2/5/2026,
1688,32.0,gf,1.180,mm,OK,--,9:10:46 PM,2/5/2026,
1689,32.1,gf,1.175,mm,OK,--,9:10:46 PM,2/5/2026,
1690,32.2,gf,1.165,mm,OK,--,9:10:46 PM,2/5/2026,
1691,32.4,gf,1.160,mm,OK,--,9:10:46 PM,2/5/2026,
1692,32.7,gf,1.160,mm,OK,--,9:10:47 PM,2/5/2026,
1693,32.7,gf,1.155,mm,OK,--,9:10:47 PM,2/5/2026,
1694,32.6,gf,1.155,mm,OK,--,9:10:47 PM,2/5/2026,
1695,32.6,gf,1.150,mm,OK,--,9:10:47 PM,2/5/2026,
1696,32.7,gf,1.150,mm,OK,--,9:10:47 PM,2/5/2026,
1697,32.8,gf,1.145,mm,OK,--,9:10:47 PM,2/5/2026,
1698,32.8,gf,1.145,mm,OK,--,9:10:47 PM,2/5/2026,
1699,32.8,gf,1.140,mm,OK,--,9:10:47 PM,2/5/2026,
1700,32.9,gf,1.140,mm,OK,--,9:10:47 PM,2/5/2026,
1701,32.9,gf,1.135,mm,OK,--,9:10:47 PM,2/5/2026,
1702,33.0,gf,1.130,mm,OK,--,9:10:48 PM,2/5/2026,
1703,33.0,gf,1.125,mm,OK,--,9:10:48 PM,2/5/2026,
1704,32.9,gf,1.120,mm,OK,--,9:10:48 PM,2/5/2026,
1705,33.1,gf,1.110,mm,OK,--,9:10:48 PM,2/5/2026,
1706,33.4,gf,1.105,mm,OK,--,9:10:48 PM,2/5/2026,
1707,33.5,gf,1.100,mm,OK,--,9:10:48 PM,2/5/2026,
1708,33.7,gf,1.090,mm,OK,--,9:10:48 PM,2/5/2026,
1709,34.0,gf,1.085,mm,OK,--,9:10:48 PM,2/5/2026,
1710,34.1,gf,1.075,mm,OK,--,9:10:48 PM,2/5/2026,
1711,34.3,gf,1.070,mm,OK,--,9:10:48 PM,2/5/2026,
1712,34.4,gf,1.060,mm,OK,--,9:10:49 PM,2/5/2026,
1713,34.4,gf,1.055,mm,OK,--,9:10:49 PM,2/5/2026,
1714,34.5,gf,1.050,mm,OK,--,9:10:49 PM,2/5/2026,
1715,34.4,gf,1.045,mm,OK,--,9:10:49 PM,2/5/2026,
1716,34.3,gf,1.040,mm,OK,--,9:10:49 PM,2/5/2026,
1717,34.5,gf,1.035,mm,OK,--,9:10:49 PM,2/5/2026,
1718,34.6,gf,1.030,mm,OK,--,9:10:49 PM,2/5/2026,
1719,34.7,gf,1.025,mm,OK,--,9:10:49 PM,2/5/2026,
1720,34.8,gf,1.020,mm,OK,--,9:10:49 PM,2/5/2026,
1721,35.3,gf,1.005,mm,OK,--,9:10:49 PM,2/5/2026,
1722,35.6,gf,0.995,mm,OK,--,9:10:50 PM,2/5/2026,
1723,35.7,gf,0.990,mm,OK,--,9:10:50 PM,2/5/2026,
1724,35.7,gf,0.985,mm,OK,--,9:10:50 PM,2/5/2026,
1725,35.7,gf,0.980,mm,OK,--,9:10:50 PM,2/5/2026,
1726,35.8,gf,0.980,mm,OK,--,9:10:50 PM,2/5/2026,
1727,35.8,gf,0.975,mm,OK,--,9:10:50 PM,2/5/2026,
1728,35.7,gf,0.970,mm,OK,--,9:10:50 PM,2/5/2026,
1729,35.9,gf,0.965,mm,OK,--,9:10:50 PM,2/5/2026,
1730,36.1,gf,0.960,mm,OK,--,9:10:50 PM,2/5/2026,
1731,36.5,gf,0.955,mm,OK,--,9:10:50 PM,2/5/2026,
1732,36.6,gf,0.955,mm,OK,--,9:10:51 PM,2/5/2026,
1733,36.7,gf,0.950,mm,OK,--,9:10:51 PM,2/5/2026,
1734,36.8,gf,0.950,mm,OK,--,9:10:51 PM,2/5/2026,
1735,36.6,gf,0.950,mm,OK,--,9:10:51 PM,2/5/2026,
1736,36.4,gf,0.950,mm,OK,--,9:10:51 PM,2/5/2026,
1737,36.4,gf,0.945,mm,OK,--,9:10:51 PM,2/5/2026,
1738,36.3,gf,0.945,mm,OK,--,9:10:51 PM,2/5/2026,
1739,36.2,gf,0.940,mm,OK,--,9:10:51 PM,2/5/2026,
1740,36.5,gf,0.935,mm,OK,--,9:10:51 PM,2/5/2026,
1741,36.7,gf,0.930,mm,OK,--,9:10:51 PM,2/5/2026,
1742,36.8,gf,0.930,mm,OK,--,9:10:52 PM,2/5/2026,
1743,36.9,gf,0.925,mm,OK,--,9:10:52 PM,2/5/2026,
1744,36.8,gf,0.925,mm,OK,--,9:10:52 PM,2/5/2026,
1745,36.9,gf,0.920,mm,OK,--,9:10:52 PM,2/5/2026,
1746,36.8,gf,0.920,mm,OK,--,9:10:52 PM,2/5/2026,
1747,37.0,gf,0.920,mm,OK,--,9:10:52 PM,2/5/2026,
1748,37.1,gf,0.915,mm,OK,--,9:10:52 PM,2/5/2026,
1749,37.1,gf,0.915,mm,OK,--,9:10:52 PM,2/5/2026,
1750,36.8,gf,0.915,mm,OK,--,9:10:52 PM,2/5/2026,
1751,36.7,gf,0.910,mm,OK,--,9:10:52 PM,2/5/2026,
1752,36.9,gf,0.910,mm,OK,--,9:10:53 PM,2/5/2026,
1753,36.9,gf,0.910,mm,OK,--,9:10:53 PM,2/5/2026,
1754,37.1,gf,0.905,mm,OK,--,9:10:53 PM,2/5/2026,
1755,37.0,gf,0.905,mm,OK,--,9:10:53 PM,2/5/2026,
1756,36.8,gf,0.900,mm,OK,--,9:10:53 PM,2/5/2026,
1757,37.0,gf,0.900,mm,OK,--,9:10:53 PM,2/5/2026,
1758,36.8,gf,0.895,mm,OK,--,9:10:53 PM,2/5/2026,
1759,36.9,gf,0.890,mm,OK,--,9:10:53 PM,2/5/2026,
1760,37.2,gf,0.890,mm,OK,--,9:10:53 PM,2/5/2026,
1761,37.4,gf,0.885,mm,OK,--,9:10:53 PM,2/5/2026,
1762,37.2,gf,0.885,mm,OK,--,9:10:54 PM,2/5/2026,
1763,37.3,gf,0.880,mm,OK,--,9:10:54 PM,2/5/2026,
1764,37.5,gf,0.875,mm,OK,--,9:10:54 PM,2/5/2026,
1765,37.3,gf,0.870,mm,OK,--,9:10:54 PM,2/5/2026,
1766,37.5,gf,0.865,mm,OK,--,9:10:54 PM,2/5/2026,
1767,37.7,gf,0.860,mm,OK,--,9:10:54 PM,2/5/2026,
1768,37.9,gf,0.855,mm,OK,--,9:10:54 PM,2/5/2026,
1769,38.0,gf,0.855,mm,OK,--,9:10:54 PM,2/5/2026,
1770,38.2,gf,0.855,mm,OK,--,9:10:54 PM,2/5/2026,
1771,38.2,gf,0.850,mm,OK,--,9:10:54 PM,2/5/2026,
1772,38.2,gf,0.850,mm,OK,--,9:10:55 PM,2/5/2026,
1773,38.3,gf,0.850,mm,OK,--,9:10:55 PM,2/5/2026,
1774,38.3,gf,0.850,mm,OK,--,9:10:55 PM,2/5/2026,
1775,38.4,gf,0.850,mm,OK,--,9:10:55 PM,2/5/2026,
1776,38.1,gf,0.845,mm,OK,--,9:10:55 PM,2/5/2026,
1777,37.9,gf,0.845,mm,OK,--,9:10:55 PM,2/5/2026,
1778,37.9,gf,0.840,mm,OK,--,9:10:55 PM,2/5/2026,
1779,37.9,gf,0.840,mm,OK,--,9:10:55 PM,2/5/2026,
1780,37.8,gf,0.835,mm,OK,--,9:10:55 PM,2/5/2026,
1781,38.0,gf,0.830,mm,OK,--,9:10:55 PM,2/5/2026,
1782,38.2,gf,0.820,mm,OK,--,9:10:56 PM,2/5/2026,
1783,38.4,gf,0.815,mm,OK,--,9:10:56 PM,2/5/2026,
1784,38.5,gf,0.805,mm,OK,--,9:10:56 PM,2/5/2026,
1785,38.5,gf,0.795,mm,OK,--,9:10:56 PM,2/5/2026,
1786,38.7,gf,0.785,mm,OK,--,9:10:56 PM,2/5/2026,
1787,39.0,gf,0.780,mm,OK,--,9:10:56 PM,2/5/2026,
1788,39.1,gf,0.770,mm,OK,--,9:10:56 PM,2/5/2026,
1789,39.2,gf,0.765,mm,OK,--,9:10:56 PM,2/5/2026,
1790,39.4,gf,0.755,mm,OK,--,9:10:56 PM,2/5/2026,
1791,39.6,gf,0.750,mm,OK,--,9:10:56 PM,2/5/2026,
1792,39.8,gf,0.745,mm,OK,--,9:10:57 PM,2/5/2026,
1793,39.6,gf,0.740,mm,OK,--,9:10:57 PM,2/5/2026,
1794,39.9,gf,0.735,mm,OK,--,9:10:57 PM,2/5/2026,
1795,40.2,gf,0.730,mm,OK,--,9:10:57 PM,2/5/2026,
1796,40.5,gf,0.730,mm,OK,--,9:10:57 PM,2/5/2026,
1797,40.6,gf,0.730,mm,OK,--,9:10:57 PM,2/5/2026,
1798,40.5,gf,0.725,mm,OK,--,9:10:57 PM,2/5/2026,
1799,40.5,gf,0.725,mm,OK,--,9:10:57 PM,2/5/2026,
1800,40.5,gf,0.725,mm,OK,--,9:10:57 PM,2/5/2026,
1801,40.3,gf,0.725,mm,OK,--,9:10:57 PM,2/5/2026,
1802,40.3,gf,0.725,mm,OK,--,9:10:58 PM,2/5/2026,
1803,40.2,gf,0.720,mm,OK,--,9:10:58 PM,2/5/2026,
1804,40.2,gf,0.720,mm,OK,--,9:10:58 PM,2/5/2026,
1805,40.1,gf,0.720,mm,OK,--,9:10:58 PM,2/5/2026,
1806,40.1,gf,0.715,mm,OK,--,9:10:58 PM,2/5/2026,
1807,40.4,gf,0.710,mm,OK,--,9:10:58 PM,2/5/2026,
1808,40.4,gf,0.710,mm,OK,--,9:10:58 PM,2/5/2026,
1809,40.4,gf,0.705,mm,OK,--,9:10:58 PM,2/5/2026,
1810,40.4,gf,0.705,mm,OK,--,9:10:58 PM,2/5/2026,
1811,40.6,gf,0.700,mm,OK,--,9:10:58 PM,2/5/2026,
1812,40.5,gf,0.695,mm,OK,--,9:10:59 PM,2/5/2026,
1813,40.5,gf,0.690,mm,OK,--,9:10:59 PM,2/5/2026,
1814,40.6,gf,0.690,mm,OK,--,9:10:59 PM,2/5/2026,
1815,40.7,gf,0.685,mm,OK,--,9:10:59 PM,2/5/2026,
1816,40.8,gf,0.680,mm,OK,--,9:10:59 PM,2/5/2026,
1817,40.9,gf,0.675,mm,OK,--,9:10:59 PM,2/5/2026,
1818,41.2,gf,0.670,mm,OK,--,9:10:59 PM,2/5/2026,
1819,41.2,gf,0.660,mm,OK,--,9:10:59 PM,2/5/2026,
1820,41.5,gf,0.655,mm,OK,--,9:10:59 PM,2/5/2026,
1821,41.7,gf,0.650,mm,OK,--,9:10:59 PM,2/5/2026,
1822,41.9,gf,0.645,mm,OK,--,9:11:00 PM,2/5/2026,
1823,41.9,gf,0.640,mm,OK,--,9:11:00 PM,2/5/2026,
1824,42.0,gf,0.640,mm,OK,--,9:11:00 PM,2/5/2026,
1825,41.9,gf,0.635,mm,OK,--,9:11:00 PM,2/5/2026,
1826,41.9,gf,0.635,mm,OK,--,9:11:00 PM,2/5/2026,
1827,42.0,gf,0.630,mm,OK,--,9:11:00 PM,2/5/2026,
1828,42.1,gf,0.630,mm,OK,--,9:11:00 PM,2/5/2026,
1829,42.0,gf,0.630,mm,OK,--,9:11:00 PM,2/5/2026,
1830,42.1,gf,0.625,mm,OK,--,9:11:00 PM,2/5/2026,
1831,41.9,gf,0.620,mm,OK,--,9:11:00 PM,2/5/2026,
1832,41.9,gf,0.615,mm,OK,--,9:11:01 PM,2/5/2026,
1833,42.2,gf,0.615,mm,OK,--,9:11:01 PM,2/5/2026,
1834,42.3,gf,0.605,mm,OK,--,9:11:01 PM,2/5/2026,
1835,42.6,gf,0.605,mm,OK,--,9:11:01 PM,2/5/2026,
1836,42.6,gf,0.600,mm,OK,--,9:11:01 PM,2/5/2026,
1837,42.6,gf,0.600,mm,OK,--,9:11:01 PM,2/5/2026,
1838,42.5,gf,0.600,mm,OK,--,9:11:01 PM,2/5/2026,
1839,42.6,gf,0.595,mm,OK,--,9:11:01 PM,2/5/2026,
1840,42.6,gf,0.595,mm,OK,--,9:11:01 PM,2/5/2026,
1841,42.6,gf,0.595,mm,OK,--,9:11:01 PM,2/5/2026,
1842,42.6,gf,0.590,mm,OK,--,9:11:02 PM,2/5/2026,
1843,42.6,gf,0.590,mm,OK,--,9:11:02 PM,2/5/2026,
1844,42.6,gf,0.585,mm,OK,--,9:11:02 PM,2/5/2026,
1845,42.5,gf,0.585,mm,OK,--,9:11:02 PM,2/5/2026,
1846,42.5,gf,0.580,mm,OK,--,9:11:02 PM,2/5/2026,
1847,42.6,gf,0.575,mm,OK,--,9:11:02 PM,2/5/2026,
1848,42.7,gf,0.575,mm,OK,--,9:11:02 PM,2/5/2026,
1849,42.6,gf,0.570,mm,OK,--,9:11:02 PM,2/5/2026,
1850,42.6,gf,0.565,mm,OK,--,9:11:02 PM,2/5/2026,
1851,42.7,gf,0.560,mm,OK,--,9:11:02 PM,2/5/2026,
1852,42.9,gf,0.555,mm,OK,--,9:11:03 PM,2/5/2026,
1853,43.2,gf,0.550,mm,OK,--,9:11:03 PM,2/5/2026,
1854,43.4,gf,0.545,mm,OK,--,9:11:03 PM,2/5/2026,
1855,43.8,gf,0.545,mm,OK,--,9:11:03 PM,2/5/2026,
1856,43.8,gf,0.545,mm,OK,--,9:11:03 PM,2/5/2026,
1857,43.9,gf,0.540,mm,OK,--,9:11:03 PM,2/5/2026,
1858,43.7,gf,0.540,mm,OK,--,9:11:03 PM,2/5/2026,
1859,43.4,gf,0.540,mm,OK,--,9:11:03 PM,2/5/2026,
1860,43.6,gf,0.535,mm,OK,--,9:11:03 PM,2/5/2026,
1861,43.7,gf,0.535,mm,OK,--,9:11:03 PM,2/5/2026,
1862,43.8,gf,0.535,mm,OK,--,9:11:04 PM,2/5/2026,
1863,43.9,gf,0.535,mm,OK,--,9:11:04 PM,2/5/2026,
1864,43.7,gf,0.535,mm,OK,--,9:11:04 PM,2/5/2026,
1865,43.4,gf,0.530,mm,OK,--,9:11:04 PM,2/5/2026,
1866,43.4,gf,0.530,mm,OK,--,9:11:04 PM,2/5/2026,
1867,43.3,gf,0.525,mm,OK,--,9:11:04 PM,2/5/2026,
1868,43.4,gf,0.520,mm,OK,--,9:11:04 PM,2/5/2026,
1869,43.8,gf,0.510,mm,OK,--,9:11:04 PM,2/5/2026,
1870,44.0,gf,0.500,mm,OK,--,9:11:04 PM,2/5/2026,
1871,45.0,gf,0.490,mm,OK,--,9:11:04 PM,2/5/2026,
1872,45.5,gf,0.485,mm,OK,--,9:11:05 PM,2/5/2026,
1873,45.2,gf,0.480,mm,OK,--,9:11:05 PM,2/5/2026,
1874,45.3,gf,0.475,mm,OK,--,9:11:05 PM,2/5/2026,
1875,45.3,gf,0.470,mm,OK,--,9:11:05 PM,2/5/2026,
1876,45.3,gf,0.465,mm,OK,--,9:11:05 PM,2/5/2026,
1877,45.5,gf,0.460,mm,OK,--,9:11:05 PM,2/5/2026,
1878,45.7,gf,0.460,mm,OK,--,9:11:05 PM,2/5/2026,
1879,45.9,gf,0.455,mm,OK,--,9:11:05 PM,2/5/2026,
1880,46.1,gf,0.455,mm,OK,--,9:11:05 PM,2/5/2026,
1881,45.7,gf,0.455,mm,OK,--,9:11:05 PM,2/5/2026,
1882,45.9,gf,0.450,mm,OK,--,9:11:06 PM,2/5/2026,
1883,45.8,gf,0.450,mm,OK,--,9:11:06 PM,2/5/2026,
1884,45.8,gf,0.445,mm,OK,--,9:11:06 PM,2/5/2026,
1885,45.8,gf,0.445,mm,OK,--,9:11:06 PM,2/5/2026,
1886,45.7,gf,0.440,mm,OK,--,9:11:06 PM,2/5/2026,
1887,45.7,gf,0.440,mm,OK,--,9:11:06 PM,2/5/2026,
1888,45.7,gf,0.430,mm,OK,--,9:11:06 PM,2/5/2026,
1889,45.9,gf,0.430,mm,OK,--,9:11:06 PM,2/5/2026,
1890,46.0,gf,0.425,mm,OK,--,9:11:06 PM,2/5/2026,
1891,45.8,gf,0.420,mm,OK,--,9:11:06 PM,2/5/2026,
1892,45.8,gf,0.415,mm,OK,--,9:11:07 PM,2/5/2026,
1893,45.9,gf,0.410,mm,OK,--,9:11:07 PM,2/5/2026,
1894,45.7,gf,0.405,mm,OK,--,9:11:07 PM,2/5/2026,
1895,45.7,gf,0.400,mm,OK,--,9:11:07 PM,2/5/2026,
1896,46.0,gf,0.395,mm,OK,--,9:11:07 PM,2/5/2026,
1897,46.0,gf,0.390,mm,OK,--,9:11:07 PM,2/5/2026,
1898,46.1,gf,0.385,mm,OK,--,9:11:07 PM,2/5/2026,
1899,46.1,gf,0.380,mm,OK,--,9:11:07 PM,2/5/2026,
1900,46.1,gf,0.380,mm,OK,--,9:11:07 PM,2/5/2026,
1901,46.0,gf,0.375,mm,OK,--,9:11:07 PM,2/5/2026,
1902,45.8,gf,0.365,mm,OK,--,9:11:08 PM,2/5/2026,
1903,46.0,gf,0.360,mm,OK,--,9:11:08 PM,2/5/2026,
1904,46.0,gf,0.350,mm,OK,--,9:11:08 PM,2/5/2026,
1905,46.0,gf,0.340,mm,OK,--,9:11:08 PM,2/5/2026,
1906,46.0,gf,0.330,mm,OK,--,9:11:08 PM,2/5/2026,
1907,46.2,gf,0.325,mm,OK,--,9:11:08 PM,2/5/2026,
1908,46.1,gf,0.320,mm,OK,--,9:11:08 PM,2/5/2026,
1909,46.0,gf,0.315,mm,OK,--,9:11:08 PM,2/5/2026,
1910,46.0,gf,0.315,mm,OK,--,9:11:08 PM,2/5/2026,
1911,46.0,gf,0.310,mm,OK,--,9:11:08 PM,2/5/2026,
1912,45.8,gf,0.310,mm,OK,--,9:11:09 PM,2/5/2026,
1913,45.9,gf,0.305,mm,OK,--,9:11:09 PM,2/5/2026,
1914,46.0,gf,0.305,mm,OK,--,9:11:09 PM,2/5/2026,
1915,45.9,gf,0.305,mm,OK,--,9:11:09 PM,2/5/2026,
1916,45.8,gf,0.300,mm,OK,--,9:11:09 PM,2/5/2026,
1917,45.8,gf,0.295,mm,OK,--,9:11:09 PM,2/5/2026,
1918,45.6,gf,0.290,mm,OK,--,9:11:09 PM,2/5/2026,
1919,45.6,gf,0.290,mm,OK,--,9:11:09 PM,2/5/2026,
1920,45.9,gf,0.285,mm,OK,--,9:11:09 PM,2/5/2026,
1921,46.1,gf,0.285,mm,OK,--,9:11:09 PM,2/5/2026,
1922,46.1,gf,0.285,mm,OK,--,9:11:10 PM,2/5/2026,
1923,46.1,gf,0.285,mm,OK,--,9:11:10 PM,2/5/2026,
1924,45.9,gf,0.285,mm,OK,--,9:11:10 PM,2/5/2026,
1925,45.7,gf,0.280,mm,OK,--,9:11:10 PM,2/5/2026,
1926,45.4,gf,0.280,mm,OK,--,9:11:10 PM,2/5/2026,
1927,45.3,gf,0.280,mm,OK,--,9:11:10 PM,2/5/2026,
1928,45.2,gf,0.275,mm,OK,--,9:11:10 PM,2/5/2026,
1929,45.0,gf,0.270,mm,OK,--,9:11:10 PM,2/5/2026,
1930,45.1,gf,0.270,mm,OK,--,9:11:10 PM,2/5/2026,
1931,45.0,gf,0.265,mm,OK,--,9:11:10 PM,2/5/2026,
1932,45.0,gf,0.260,mm,OK,--,9:11:11 PM,2/5/2026,
1933,44.5,gf,0.260,mm,OK,--,9:11:11 PM,2/5/2026,
1934,44.2,gf,0.250,mm,OK,--,9:11:11 PM,2/5/2026,
1935,44.2,gf,0.245,mm,OK,--,9:11:11 PM,2/5/2026,
1936,43.6,gf,0.240,mm,OK,--,9:11:11 PM,2/5/2026,
1937,43.2,gf,0.235,mm,OK,--,9:11:11 PM,2/5/2026,
1938,42.8,gf,0.225,mm,OK,--,9:11:11 PM,2/5/2026,
1939,42.8,gf,0.220,mm,OK,--,9:11:11 PM,2/5/2026,
1940,42.7,gf,0.215,mm,OK,--,9:11:11 PM,2/5/2026,
1941,42.6,gf,0.215,mm,OK,--,9:11:11 PM,2/5/2026,
1942,42.2,gf,0.210,mm,OK,--,9:11:12 PM,2/5/2026,
1943,41.9,gf,0.205,mm,OK,--,9:11:12 PM,2/5/2026,
1944,41.9,gf,0.200,mm,OK,--,9:11:12 PM,2/5/2026,
1945,41.7,gf,0.195,mm,OK,--,9:11:12 PM,2/5/2026,
1946,41.7,gf,0.190,mm,OK,--,9:11:12 PM,2/5/2026,
1947,41.7,gf,0.190,mm,OK,--,9:11:12 PM,2/5/2026,
1948,41.4,gf,0.190,mm,OK,--,9:11:12 PM,2/5/2026,
1949,41.2,gf,0.185,mm,OK,--,9:11:12 PM,2/5/2026,
1950,40.8,gf,0.185,mm,OK,--,9:11:12 PM,2/5/2026,
1951,40.7,gf,0.180,mm,OK,--,9:11:12 PM,2/5/2026,
1952,40.5,gf,0.175,mm,OK,--,9:11:13 PM,2/5/2026,
1953,40.2,gf,0.170,mm,OK,--,9:11:13 PM,2/5/2026,
1954,40.0,gf,0.165,mm,OK,--,9:11:13 PM,2/5/2026,
1955,39.8,gf,0.160,mm,OK,--,9:11:13 PM,2/5/2026,
1956,39.9,gf,0.160,mm,OK,--,9:11:13 PM,2/5/2026,
1957,39.6,gf,0.155,mm,OK,--,9:11:13 PM,2/5/2026,
1958,39.5,gf,0.155,mm,OK,--,9:11:13 PM,2/5/2026,
1959,39.1,gf,0.150,mm,OK,--,9:11:13 PM,2/5/2026,
1960,38.7,gf,0.145,mm,OK,--,9:11:13 PM,2/5/2026,
1961,35.2,gf,0.140,mm,OK,--,9:11:13 PM,2/5/2026,
1962,32.8,gf,0.135,mm,OK,--,9:11:14 PM,2/5/2026,
1963,30.5,gf,0.135,mm,OK,--,9:11:14 PM,2/5/2026,
1964,27.8,gf,0.130,mm,OK,--,9:11:14 PM,2/5/2026,
1965,25.8,gf,0.130,mm,OK,--,9:11:14 PM,2/5/2026,
1966,25.4,gf,0.125,mm,OK,--,9:11:14 PM,2/5/2026,
1967,25.8,gf,0.120,mm,OK,--,9:11:14 PM,2/5/2026,
1968,25.2,gf,0.120,mm,OK,--,9:11:14 PM,2/5/2026,
1969,24.7,gf,0.115,mm,OK,--,9:11:14 PM,2/5/2026,
1970,24.5,gf,0.110,mm,OK,--,9:11:14 PM,2/5/2026,
1971,24.6,gf,0.100,mm,OK,--,9:11:14 PM,2/5/2026,
1972,24.2,gf,0.090,mm,OK,--,9:11:15 PM,2/5/2026,
1973,16.3,gf,0.075,mm,OK,--,9:11:15 PM,2/5/2026,
1974,8.3,gf,0.065,mm,OK,--,9:11:15 PM,2/5/2026,
1975,3.3,gf,0.060,mm,OK,--,9:11:15 PM,2/5/2026,
1976,0.5,gf,0.055,mm,OK,--,9:11:15 PM,2/5/2026,
1977,0.0,gf,0.050,mm,OK,--,9:11:15 PM,2/5/2026,
1978,0.0,gf,0.045,mm,OK,--,9:11:15 PM,2/5/2026,
1979,0.0,gf,0.030,mm,OK,--,9:11:15 PM,2/5/2026,
1980,0.0,gf,0.020,mm,OK,--,9:11:15 PM,2/5/2026,
1981,0.1,gf,0.010,mm,OK,--,9:11:15 PM,2/5/2026,
1982,-0.1,gf,0.005,mm,OK,--,9:11:16 PM,2/5/2026,
1983,0.0,gf,-0.005,mm,OK,--,9:11:16 PM,2/5/2026,
1984,0.0,gf,-0.020,mm,OK,--,9:11:16 PM,2/5/2026,
1985,0.0,gf,-0.045,mm,OK,--,9:11:16 PM,2/5/2026,
1986,0.0,gf,-0.060,mm,OK,--,9:11:16 PM,2/5/2026,
1987,0.0,gf,-0.060,mm,OK,--,9:11:16 PM,2/5/2026,
1988,0.1,gf,-0.060,mm,OK,--,9:11:16 PM,2/5/2026,
1989,-0.1,gf,-0.060,mm,OK,--,9:11:16 PM,2/5/2026,
1990,-0.1,gf,-0.060,mm,OK,--,9:11:16 PM,2/5/2026,
1991,0.0,gf,-0.060,mm,OK,--,9:11:16 PM,2/5/2026,
1992,1.8,gf,-0.060,mm,OK,--,9:11:17 PM,2/5/2026,
1993,0.8,gf,-0.060,mm,OK,--,9:11:17 PM,2/5/2026,
1994,-0.1,gf,-0.050,mm,OK,--,9:11:17 PM,2/5/2026,
1995,-0.1,gf,-0.045,mm,OK,--,9:11:17 PM,2/5/2026,
1996,0.1,gf,-0.045,mm,OK,--,9:11:17 PM,2/5/2026,
1997,0.1,gf,-0.040,mm,OK,--,9:11:17 PM,2/5/2026,
1998,0.0,gf,-0.035,mm,OK,--,9:11:17 PM,2/5/2026,
1999,0.0,gf,-0.030,mm,OK,--,9:11:17 PM,2/5/2026,
2000,0.1,gf,-0.025,mm,OK,--,9:11:17 PM,2/5/2026,
2001,0.0,gf,-0.025,mm,OK,--,9:11:17 PM,2/5/2026,
2002,-0.1,gf,-0.020,mm,OK,--,9:11:18 PM,2/5/2026,
2003,0.0,gf,-0.015,mm,OK,--,9:11:18 PM,2/5/2026,
2004,0.0,gf,-0.010,mm,OK,--,9:11:18 PM,2/5/2026,
2005,0.0,gf,-0.005,mm,OK,--,9:11:18 PM,2/5/2026,
2006,-0.1,gf,0.000,mm,OK,--,9:11:18 PM,2/5/2026,
2007,0.0,gf,0.000,mm,OK,--,9:11:18 PM,2/5/2026,
