Maximum,191.5,@,No.935,,,,,,
Minimum,-0.5,@,No.1781,,,,,,
Average,45.68,,,,,,,,
Data Quantity,1801,,,,,,,,
Number of NG,0,,,,,,,,
No.,Force,Unit,Displacement,Unit,Judge,Position,Time,Date,
1,0.0,gf,0.000,mm,OK,--,9:30:41 PM,6/20/2025,
2,0.0,gf,0.000,mm,OK,--,9:30:41 PM,6/20/2025,
3,0.0,gf,0.000,mm,OK,--,9:30:41 PM,6/20/2025,
4,0.0,gf,0.000,mm,OK,--,9:30:42 PM,6/20/2025,
5,0.0,gf,0.000,mm,OK,--,9:30:42 PM,6/20/2025,
6,0.0,gf,0.000,mm,OK,--,9:30:42 PM,6/20/2025,
7,0.0,gf,0.000,mm,OK,--,9:30:42 PM,6/20/2025,
8,0.0,gf,0.000,mm,OK,--,9:30:42 PM,6/20/2025,
9,0.0,gf,0.000,mm,OK,--,9:30:42 PM,6/20/2025,
10,0.0,gf,0.000,mm,OK,--,9:30:42 PM,6/20/2025,
11,0.0,gf,0.000,mm,OK,--,9:30:42 PM,6/20/2025,
12,-0.1,gf,0.000,mm,OK,--,9:30:42 PM,6/20/2025,
13,-0.1,gf,0.000,mm,OK,--,9:30:42 PM,6/20/2025,
14,0.0,gf,0.000,mm,OK,--,9:30:43 PM,6/20/2025,
15,0.0,gf,0.000,mm,OK,--,9:30:43 PM,6/20/2025,
16,0.0,gf,0.000,mm,OK,--,9:30:43 PM,6/20/2025,
17,0.0,gf,0.000,mm,OK,--,9:30:43 PM,6/20/2025,
18,0.0,gf,0.000,mm,OK,--,9:30:43 PM,6/20/2025,
19,-0.1,gf,0.000,mm,OK,--,9:30:43 PM,6/20/2025,
20,0.0,gf,0.005,mm,OK,--,9:30:43 PM,6/20/2025,
21,0.0,gf,0.005,mm,OK,--,9:30:43 PM,6/20/2025,
22,0.0,gf,0.005,mm,OK,--,9:30:43 PM,6/20/2025,
23,0.0,gf,0.010,mm,OK,--,9:30:43 PM,6/20/2025,
24,0.0,gf,0.010,mm,OK,--,9:30:44 PM,6/20/2025,
25,0.0,gf,0.010,mm,OK,--,9:30:44 PM,6/20/2025,
26,0.0,gf,0.015,mm,OK,--,9:30:44 PM,6/20/2025,
27,0.0,gf,0.015,mm,OK,--,9:30:44 PM,6/20/2025,
28,0.0,gf,0.015,mm,OK,--,9:30:44 PM,6/20/2025,
29,-0.1,gf,0.020,mm,OK,--,9:30:44 PM,6/20/2025,
30,0.0,gf,0.025,mm,OK,--,9:30:44 PM,6/20/2025,
31,0.0,gf,0.030,mm,OK,--,9:30:44 PM,6/20/2025,
32,0.0,gf,0.035,mm,OK,--,9:30:44 PM,6/20/2025,
33,0.0,gf,0.040,mm,OK,--,9:30:44 PM,6/20/2025,
34,0.0,gf,0.045,mm,OK,--,9:30:45 PM,6/20/2025,
35,0.0,gf,0.055,mm,OK,--,9:30:45 PM,6/20/2025,
36,0.0,gf,0.060,mm,OK,--,9:30:45 PM,6/20/2025,
37,0.0,gf,0.065,mm,OK,--,9:30:45 PM,6/20/2025,
38,0.4,gf,0.070,mm,OK,--,9:30:45 PM,6/20/2025,
39,4.0,gf,0.070,mm,OK,--,9:30:45 PM,6/20/2025,
40,7.9,gf,0.075,mm,OK,--,9:30:45 PM,6/20/2025,
41,11.9,gf,0.080,mm,OK,--,9:30:45 PM,6/20/2025,
42,15.9,gf,0.085,mm,OK,--,9:30:45 PM,6/20/2025,
43,19.9,gf,0.090,mm,OK,--,9:30:45 PM,6/20/2025,
44,24.1,gf,0.090,mm,OK,--,9:30:46 PM,6/20/2025,
45,28.8,gf,0.095,mm,OK,--,9:30:46 PM,6/20/2025,
46,30.6,gf,0.100,mm,OK,--,9:30:46 PM,6/20/2025,
47,32.8,gf,0.105,mm,OK,--,9:30:46 PM,6/20/2025,
48,34.7,gf,0.110,mm,OK,--,9:30:46 PM,6/20/2025,
49,35.8,gf,0.115,mm,OK,--,9:30:46 PM,6/20/2025,
50,35.4,gf,0.115,mm,OK,--,9:30:46 PM,6/20/2025,
51,35.2,gf,0.120,mm,OK,--,9:30:46 PM,6/20/2025,
52,35.0,gf,0.125,mm,OK,--,9:30:46 PM,6/20/2025,
53,35.0,gf,0.130,mm,OK,--,9:30:46 PM,6/20/2025,
54,34.9,gf,0.130,mm,OK,--,9:30:47 PM,6/20/2025,
55,34.8,gf,0.135,mm,OK,--,9:30:47 PM,6/20/2025,
56,34.8,gf,0.140,mm,OK,--,9:30:47 PM,6/20/2025,
57,34.8,gf,0.145,mm,OK,--,9:30:47 PM,6/20/2025,
58,34.8,gf,0.150,mm,OK,--,9:30:47 PM,6/20/2025,
59,34.9,gf,0.155,mm,OK,--,9:30:47 PM,6/20/2025,
60,34.7,gf,0.160,mm,OK,--,9:30:47 PM,6/20/2025,
61,34.7,gf,0.165,mm,OK,--,9:30:47 PM,6/20/2025,
62,34.7,gf,0.170,mm,OK,--,9:30:47 PM,6/20/2025,
63,34.7,gf,0.175,mm,OK,--,9:30:47 PM,6/20/2025,
64,34.6,gf,0.180,mm,OK,--,9:30:48 PM,6/20/2025,
65,34.6,gf,0.185,mm,OK,--,9:30:48 PM,6/20/2025,
66,34.5,gf,0.190,mm,OK,--,9:30:48 PM,6/20/2025,
67,34.6,gf,0.195,mm,OK,--,9:30:48 PM,6/20/2025,
68,34.5,gf,0.200,mm,OK,--,9:30:48 PM,6/20/2025,
69,34.3,gf,0.205,mm,OK,--,9:30:48 PM,6/20/2025,
70,34.2,gf,0.210,mm,OK,--,9:30:48 PM,6/20/2025,
71,34.1,gf,0.210,mm,OK,--,9:30:48 PM,6/20/2025,
72,34.1,gf,0.215,mm,OK,--,9:30:48 PM,6/20/2025,
73,34.1,gf,0.220,mm,OK,--,9:30:48 PM,6/20/2025,
74,34.1,gf,0.220,mm,OK,--,9:30:49 PM,6/20/2025,
75,34.1,gf,0.225,mm,OK,--,9:30:49 PM,6/20/2025,
76,34.0,gf,0.225,mm,OK,--,9:30:49 PM,6/20/2025,
77,34.0,gf,0.230,mm,OK,--,9:30:49 PM,6/20/2025,
78,34.0,gf,0.230,mm,OK,--,9:30:49 PM,6/20/2025,
79,34.0,gf,0.235,mm,OK,--,9:30:49 PM,6/20/2025,
80,34.0,gf,0.235,mm,OK,--,9:30:49 PM,6/20/2025,
81,34.1,gf,0.240,mm,OK,--,9:30:49 PM,6/20/2025,
82,34.1,gf,0.245,mm,OK,--,9:30:49 PM,6/20/2025,
83,34.1,gf,0.250,mm,OK,--,9:30:49 PM,6/20/2025,
84,33.9,gf,0.255,mm,OK,--,9:30:50 PM,6/20/2025,
85,33.9,gf,0.260,mm,OK,--,9:30:50 PM,6/20/2025,
86,34.0,gf,0.265,mm,OK,--,9:30:50 PM,6/20/2025,
87,34.0,gf,0.265,mm,OK,--,9:30:50 PM,6/20/2025,
88,34.0,gf,0.270,mm,OK,--,9:30:50 PM,6/20/2025,
89,34.1,gf,0.275,mm,OK,--,9:30:50 PM,6/20/2025,
90,34.2,gf,0.280,mm,OK,--,9:30:50 PM,6/20/2025,
91,34.3,gf,0.285,mm,OK,--,9:30:50 PM,6/20/2025,
92,34.3,gf,0.290,mm,OK,--,9:30:50 PM,6/20/2025,
93,34.4,gf,0.290,mm,OK,--,9:30:50 PM,6/20/2025,
94,34.4,gf,0.295,mm,OK,--,9:30:51 PM,6/20/2025,
95,34.3,gf,0.300,mm,OK,--,9:30:51 PM,6/20/2025,
96,34.2,gf,0.305,mm,OK,--,9:30:51 PM,6/20/2025,
97,34.2,gf,0.310,mm,OK,--,9:30:51 PM,6/20/2025,
98,34.2,gf,0.315,mm,OK,--,9:30:51 PM,6/20/2025,
99,34.2,gf,0.315,mm,OK,--,9:30:51 PM,6/20/2025,
100,34.2,gf,0.320,mm,OK,--,9:30:51 PM,6/20/2025,
101,34.3,gf,0.325,mm,OK,--,9:30:51 PM,6/20/2025,
102,34.4,gf,0.330,mm,OK,--,9:30:51 PM,6/20/2025,
103,34.4,gf,0.335,mm,OK,--,9:30:51 PM,6/20/2025,
104,34.5,gf,0.340,mm,OK,--,9:30:52 PM,6/20/2025,
105,34.5,gf,0.345,mm,OK,--,9:30:52 PM,6/20/2025,
106,34.5,gf,0.345,mm,OK,--,9:30:52 PM,6/20/2025,
107,34.5,gf,0.350,mm,OK,--,9:30:52 PM,6/20/2025,
108,34.6,gf,0.355,mm,OK,--,9:30:52 PM,6/20/2025,
109,34.6,gf,0.360,mm,OK,--,9:30:52 PM,6/20/2025,
110,34.5,gf,0.360,mm,OK,--,9:30:52 PM,6/20/2025,
111,34.5,gf,0.365,mm,OK,--,9:30:52 PM,6/20/2025,
112,34.5,gf,0.370,mm,OK,--,9:30:52 PM,6/20/2025,
113,34.5,gf,0.370,mm,OK,--,9:30:52 PM,6/20/2025,
114,34.4,gf,0.380,mm,OK,--,9:30:53 PM,6/20/2025,
115,34.4,gf,0.385,mm,OK,--,9:30:53 PM,6/20/2025,
116,34.5,gf,0.390,mm,OK,--,9:30:53 PM,6/20/2025,
117,34.3,gf,0.395,mm,OK,--,9:30:53 PM,6/20/2025,
118,34.2,gf,0.400,mm,OK,--,9:30:53 PM,6/20/2025,
119,34.3,gf,0.405,mm,OK,--,9:30:53 PM,6/20/2025,
120,34.3,gf,0.410,mm,OK,--,9:30:53 PM,6/20/2025,
121,34.4,gf,0.410,mm,OK,--,9:30:53 PM,6/20/2025,
122,34.4,gf,0.415,mm,OK,--,9:30:53 PM,6/20/2025,
123,34.5,gf,0.420,mm,OK,--,9:30:53 PM,6/20/2025,
124,34.4,gf,0.420,mm,OK,--,9:30:54 PM,6/20/2025,
125,34.5,gf,0.425,mm,OK,--,9:30:54 PM,6/20/2025,
126,34.5,gf,0.430,mm,OK,--,9:30:54 PM,6/20/2025,
127,34.6,gf,0.430,mm,OK,--,9:30:54 PM,6/20/2025,
128,34.5,gf,0.435,mm,OK,--,9:30:54 PM,6/20/2025,
129,34.5,gf,0.435,mm,OK,--,9:30:54 PM,6/20/2025,
130,34.6,gf,0.440,mm,OK,--,9:30:54 PM,6/20/2025,
131,34.6,gf,0.440,mm,OK,--,9:30:54 PM,6/20/2025,
132,34.7,gf,0.445,mm,OK,--,9:30:54 PM,6/20/2025,
133,34.7,gf,0.450,mm,OK,--,9:30:54 PM,6/20/2025,
134,34.8,gf,0.450,mm,OK,--,9:30:55 PM,6/20/2025,
135,34.9,gf,0.455,mm,OK,--,9:30:55 PM,6/20/2025,
136,34.9,gf,0.460,mm,OK,--,9:30:55 PM,6/20/2025,
137,34.9,gf,0.465,mm,OK,--,9:30:55 PM,6/20/2025,
138,34.9,gf,0.470,mm,OK,--,9:30:55 PM,6/20/2025,
139,34.9,gf,0.475,mm,OK,--,9:30:55 PM,6/20/2025,
140,34.8,gf,0.485,mm,OK,--,9:30:55 PM,6/20/2025,
141,34.9,gf,0.490,mm,OK,--,9:30:55 PM,6/20/2025,
142,35.0,gf,0.495,mm,OK,--,9:30:55 PM,6/20/2025,
143,34.9,gf,0.505,mm,OK,--,9:30:55 PM,6/20/2025,
144,34.9,gf,0.515,mm,OK,--,9:30:56 PM,6/20/2025,
145,35.1,gf,0.520,mm,OK,--,9:30:56 PM,6/20/2025,
146,35.1,gf,0.530,mm,OK,--,9:30:56 PM,6/20/2025,
147,35.2,gf,0.540,mm,OK,--,9:30:56 PM,6/20/2025,
148,35.2,gf,0.545,mm,OK,--,9:30:56 PM,6/20/2025,
149,35.3,gf,0.550,mm,OK,--,9:30:56 PM,6/20/2025,
150,35.3,gf,0.555,mm,OK,--,9:30:56 PM,6/20/2025,
151,35.4,gf,0.560,mm,OK,--,9:30:56 PM,6/20/2025,
152,35.4,gf,0.560,mm,OK,--,9:30:56 PM,6/20/2025,
153,35.4,gf,0.565,mm,OK,--,9:30:56 PM,6/20/2025,
154,35.5,gf,0.565,mm,OK,--,9:30:57 PM,6/20/2025,
155,35.5,gf,0.565,mm,OK,--,9:30:57 PM,6/20/2025,
156,35.5,gf,0.565,mm,OK,--,9:30:57 PM,6/20/2025,
157,35.5,gf,0.565,mm,OK,--,9:30:57 PM,6/20/2025,
158,35.6,gf,0.570,mm,OK,--,9:30:57 PM,6/20/2025,
159,35.6,gf,0.570,mm,OK,--,9:30:57 PM,6/20/2025,
160,35.5,gf,0.570,mm,OK,--,9:30:57 PM,6/20/2025,
161,35.5,gf,0.570,mm,OK,--,9:30:57 PM,6/20/2025,
162,35.5,gf,0.575,mm,OK,--,9:30:57 PM,6/20/2025,
163,35.6,gf,0.575,mm,OK,--,9:30:57 PM,6/20/2025,
164,35.6,gf,0.575,mm,OK,--,9:30:58 PM,6/20/2025,
165,35.6,gf,0.575,mm,OK,--,9:30:58 PM,6/20/2025,
166,35.6,gf,0.580,mm,OK,--,9:30:58 PM,6/20/2025,
167,35.6,gf,0.580,mm,OK,--,9:30:58 PM,6/20/2025,
168,35.6,gf,0.585,mm,OK,--,9:30:58 PM,6/20/2025,
169,35.5,gf,0.590,mm,OK,--,9:30:58 PM,6/20/2025,
170,35.6,gf,0.590,mm,OK,--,9:30:58 PM,6/20/2025,
171,35.5,gf,0.595,mm,OK,--,9:30:58 PM,6/20/2025,
172,35.3,gf,0.605,mm,OK,--,9:30:58 PM,6/20/2025,
173,35.3,gf,0.610,mm,OK,--,9:30:58 PM,6/20/2025,
174,35.3,gf,0.615,mm,OK,--,9:30:59 PM,6/20/2025,
175,35.4,gf,0.625,mm,OK,--,9:30:59 PM,6/20/2025,
176,35.6,gf,0.630,mm,OK,--,9:30:59 PM,6/20/2025,
177,35.7,gf,0.635,mm,OK,--,9:30:59 PM,6/20/2025,
178,35.7,gf,0.640,mm,OK,--,9:30:59 PM,6/20/2025,
179,35.6,gf,0.650,mm,OK,--,9:30:59 PM,6/20/2025,
180,35.6,gf,0.650,mm,OK,--,9:30:59 PM,6/20/2025,
181,35.7,gf,0.655,mm,OK,--,9:30:59 PM,6/20/2025,
182,35.7,gf,0.660,mm,OK,--,9:30:59 PM,6/20/2025,
183,35.8,gf,0.660,mm,OK,--,9:30:59 PM,6/20/2025,
184,35.8,gf,0.660,mm,OK,--,9:31:00 PM,6/20/2025,
185,35.9,gf,0.665,mm,OK,--,9:31:00 PM,6/20/2025,
186,36.0,gf,0.665,mm,OK,--,9:31:00 PM,6/20/2025,
187,35.9,gf,0.670,mm,OK,--,9:31:00 PM,6/20/2025,
188,35.9,gf,0.670,mm,OK,--,9:31:00 PM,6/20/2025,
189,35.7,gf,0.680,mm,OK,--,9:31:00 PM,6/20/2025,
190,35.7,gf,0.680,mm,OK,--,9:31:00 PM,6/20/2025,
191,35.7,gf,0.685,mm,OK,--,9:31:00 PM,6/20/2025,
192,35.8,gf,0.690,mm,OK,--,9:31:00 PM,6/20/2025,
193,35.2,gf,0.695,mm,OK,--,9:31:00 PM,6/20/2025,
194,35.0,gf,0.695,mm,OK,--,9:31:01 PM,6/20/2025,
195,35.1,gf,0.700,mm,OK,--,9:31:01 PM,6/20/2025,
196,35.1,gf,0.700,mm,OK,--,9:31:01 PM,6/20/2025,
197,35.1,gf,0.705,mm,OK,--,9:31:01 PM,6/20/2025,
198,35.1,gf,0.710,mm,OK,--,9:31:01 PM,6/20/2025,
199,35.1,gf,0.710,mm,OK,--,9:31:01 PM,6/20/2025,
200,35.1,gf,0.715,mm,OK,--,9:31:01 PM,6/20/2025,
201,35.1,gf,0.720,mm,OK,--,9:31:01 PM,6/20/2025,
202,35.1,gf,0.720,mm,OK,--,9:31:01 PM,6/20/2025,
203,35.1,gf,0.720,mm,OK,--,9:31:01 PM,6/20/2025,
204,35.2,gf,0.725,mm,OK,--,9:31:02 PM,6/20/2025,
205,35.3,gf,0.725,mm,OK,--,9:31:02 PM,6/20/2025,
206,35.2,gf,0.725,mm,OK,--,9:31:02 PM,6/20/2025,
207,35.3,gf,0.730,mm,OK,--,9:31:02 PM,6/20/2025,
208,35.3,gf,0.730,mm,OK,--,9:31:02 PM,6/20/2025,
209,35.3,gf,0.735,mm,OK,--,9:31:02 PM,6/20/2025,
210,35.3,gf,0.735,mm,OK,--,9:31:02 PM,6/20/2025,
211,35.3,gf,0.735,mm,OK,--,9:31:02 PM,6/20/2025,
212,35.3,gf,0.740,mm,OK,--,9:31:02 PM,6/20/2025,
213,35.2,gf,0.745,mm,OK,--,9:31:02 PM,6/20/2025,
214,35.2,gf,0.745,mm,OK,--,9:31:03 PM,6/20/2025,
215,35.1,gf,0.750,mm,OK,--,9:31:03 PM,6/20/2025,
216,35.1,gf,0.755,mm,OK,--,9:31:03 PM,6/20/2025,
217,35.1,gf,0.755,mm,OK,--,9:31:03 PM,6/20/2025,
218,35.1,gf,0.760,mm,OK,--,9:31:03 PM,6/20/2025,
219,35.2,gf,0.765,mm,OK,--,9:31:03 PM,6/20/2025,
220,35.2,gf,0.765,mm,OK,--,9:31:03 PM,6/20/2025,
221,35.2,gf,0.770,mm,OK,--,9:31:03 PM,6/20/2025,
222,35.2,gf,0.775,mm,OK,--,9:31:03 PM,6/20/2025,
223,35.2,gf,0.775,mm,OK,--,9:31:03 PM,6/20/2025,
224,35.2,gf,0.780,mm,OK,--,9:31:04 PM,6/20/2025,
225,35.2,gf,0.780,mm,OK,--,9:31:04 PM,6/20/2025,
226,35.1,gf,0.785,mm,OK,--,9:31:04 PM,6/20/2025,
227,35.1,gf,0.785,mm,OK,--,9:31:04 PM,6/20/2025,
228,35.1,gf,0.790,mm,OK,--,9:31:04 PM,6/20/2025,
229,35.2,gf,0.790,mm,OK,--,9:31:04 PM,6/20/2025,
230,35.2,gf,0.790,mm,OK,--,9:31:04 PM,6/20/2025,
231,35.3,gf,0.795,mm,OK,--,9:31:04 PM,6/20/2025,
232,35.3,gf,0.800,mm,OK,--,9:31:04 PM,6/20/2025,
233,35.3,gf,0.805,mm,OK,--,9:31:04 PM,6/20/2025,
234,35.3,gf,0.805,mm,OK,--,9:31:05 PM,6/20/2025,
235,35.3,gf,0.810,mm,OK,--,9:31:05 PM,6/20/2025,
236,35.3,gf,0.810,mm,OK,--,9:31:05 PM,6/20/2025,
237,35.4,gf,0.815,mm,OK,--,9:31:05 PM,6/20/2025,
238,35.4,gf,0.815,mm,OK,--,9:31:05 PM,6/20/2025,
239,35.4,gf,0.820,mm,OK,--,9:31:05 PM,6/20/2025,
240,35.4,gf,0.820,mm,OK,--,9:31:05 PM,6/20/2025,
241,35.4,gf,0.825,mm,OK,--,9:31:05 PM,6/20/2025,
242,35.4,gf,0.825,mm,OK,--,9:31:05 PM,6/20/2025,
243,35.4,gf,0.830,mm,OK,--,9:31:05 PM,6/20/2025,
244,35.5,gf,0.835,mm,OK,--,9:31:06 PM,6/20/2025,
245,35.5,gf,0.835,mm,OK,--,9:31:06 PM,6/20/2025,
246,35.5,gf,0.840,mm,OK,--,9:31:06 PM,6/20/2025,
247,35.5,gf,0.850,mm,OK,--,9:31:06 PM,6/20/2025,
248,35.5,gf,0.850,mm,OK,--,9:31:06 PM,6/20/2025,
249,35.5,gf,0.855,mm,OK,--,9:31:06 PM,6/20/2025,
250,35.6,gf,0.855,mm,OK,--,9:31:06 PM,6/20/2025,
251,35.6,gf,0.860,mm,OK,--,9:31:06 PM,6/20/2025,
252,35.6,gf,0.860,mm,OK,--,9:31:06 PM,6/20/2025,
253,35.6,gf,0.865,mm,OK,--,9:31:06 PM,6/20/2025,
254,35.5,gf,0.865,mm,OK,--,9:31:07 PM,6/20/2025,
255,35.5,gf,0.870,mm,OK,--,9:31:07 PM,6/20/2025,
256,35.6,gf,0.870,mm,OK,--,9:31:07 PM,6/20/2025,
257,35.6,gf,0.875,mm,OK,--,9:31:07 PM,6/20/2025,
258,35.6,gf,0.875,mm,OK,--,9:31:07 PM,6/20/2025,
259,35.6,gf,0.880,mm,OK,--,9:31:07 PM,6/20/2025,
260,35.6,gf,0.885,mm,OK,--,9:31:07 PM,6/20/2025,
261,35.6,gf,0.885,mm,OK,--,9:31:07 PM,6/20/2025,
262,35.6,gf,0.890,mm,OK,--,9:31:07 PM,6/20/2025,
263,35.7,gf,0.890,mm,OK,--,9:31:07 PM,6/20/2025,
264,35.7,gf,0.890,mm,OK,--,9:31:08 PM,6/20/2025,
265,35.7,gf,0.895,mm,OK,--,9:31:08 PM,6/20/2025,
266,35.6,gf,0.895,mm,OK,--,9:31:08 PM,6/20/2025,
267,35.7,gf,0.895,mm,OK,--,9:31:08 PM,6/20/2025,
268,35.7,gf,0.900,mm,OK,--,9:31:08 PM,6/20/2025,
269,35.7,gf,0.900,mm,OK,--,9:31:08 PM,6/20/2025,
270,35.7,gf,0.905,mm,OK,--,9:31:08 PM,6/20/2025,
271,35.7,gf,0.905,mm,OK,--,9:31:08 PM,6/20/2025,
272,35.6,gf,0.910,mm,OK,--,9:31:08 PM,6/20/2025,
273,35.6,gf,0.910,mm,OK,--,9:31:08 PM,6/20/2025,
274,35.6,gf,0.910,mm,OK,--,9:31:09 PM,6/20/2025,
275,35.6,gf,0.915,mm,OK,--,9:31:09 PM,6/20/2025,
276,35.6,gf,0.915,mm,OK,--,9:31:09 PM,6/20/2025,
277,35.7,gf,0.915,mm,OK,--,9:31:09 PM,6/20/2025,
278,35.7,gf,0.920,mm,OK,--,9:31:09 PM,6/20/2025,
279,35.7,gf,0.920,mm,OK,--,9:31:09 PM,6/20/2025,
280,35.7,gf,0.920,mm,OK,--,9:31:09 PM,6/20/2025,
281,35.7,gf,0.925,mm,OK,--,9:31:09 PM,6/20/2025,
282,35.7,gf,0.925,mm,OK,--,9:31:09 PM,6/20/2025,
283,35.7,gf,0.930,mm,OK,--,9:31:09 PM,6/20/2025,
284,35.7,gf,0.930,mm,OK,--,9:31:10 PM,6/20/2025,
285,35.7,gf,0.935,mm,OK,--,9:31:10 PM,6/20/2025,
286,35.6,gf,0.940,mm,OK,--,9:31:10 PM,6/20/2025,
287,35.7,gf,0.945,mm,OK,--,9:31:10 PM,6/20/2025,
288,35.7,gf,0.950,mm,OK,--,9:31:10 PM,6/20/2025,
289,35.7,gf,0.955,mm,OK,--,9:31:10 PM,6/20/2025,
290,35.7,gf,0.960,mm,OK,--,9:31:10 PM,6/20/2025,
291,35.7,gf,0.965,mm,OK,--,9:31:10 PM,6/20/2025,
292,35.7,gf,0.970,mm,OK,--,9:31:10 PM,6/20/2025,
293,35.7,gf,0.975,mm,OK,--,9:31:10 PM,6/20/2025,
294,35.7,gf,0.975,mm,OK,--,9:31:11 PM,6/20/2025,
295,35.7,gf,0.980,mm,OK,--,9:31:11 PM,6/20/2025,
296,35.8,gf,0.980,mm,OK,--,9:31:11 PM,6/20/2025,
297,35.8,gf,0.985,mm,OK,--,9:31:11 PM,6/20/2025,
298,35.8,gf,0.985,mm,OK,--,9:31:11 PM,6/20/2025,
299,35.8,gf,0.990,mm,OK,--,9:31:11 PM,6/20/2025,
300,35.8,gf,0.990,mm,OK,--,9:31:11 PM,6/20/2025,
301,35.8,gf,0.995,mm,OK,--,9:31:11 PM,6/20/2025,
302,35.8,gf,0.995,mm,OK,--,9:31:11 PM,6/20/2025,
303,35.8,gf,1.000,mm,OK,--,9:31:11 PM,6/20/2025,
304,35.8,gf,1.000,mm,OK,--,9:31:12 PM,6/20/2025,
305,35.8,gf,1.005,mm,OK,--,9:31:12 PM,6/20/2025,
306,35.8,gf,1.005,mm,OK,--,9:31:12 PM,6/20/2025,
307,35.9,gf,1.010,mm,OK,--,9:31:12 PM,6/20/2025,
308,35.9,gf,1.015,mm,OK,--,9:31:12 PM,6/20/2025,
309,35.9,gf,1.015,mm,OK,--,9:31:12 PM,6/20/2025,
310,35.9,gf,1.020,mm,OK,--,9:31:12 PM,6/20/2025,
311,35.8,gf,1.025,mm,OK,--,9:31:12 PM,6/20/2025,
312,35.8,gf,1.030,mm,OK,--,9:31:12 PM,6/20/2025,
313,35.8,gf,1.035,mm,OK,--,9:31:12 PM,6/20/2025,
314,35.9,gf,1.040,mm,OK,--,9:31:13 PM,6/20/2025,
315,35.9,gf,1.045,mm,OK,--,9:31:13 PM,6/20/2025,
316,36.0,gf,1.045,mm,OK,--,9:31:13 PM,6/20/2025,
317,36.1,gf,1.050,mm,OK,--,9:31:13 PM,6/20/2025,
318,35.9,gf,1.055,mm,OK,--,9:31:13 PM,6/20/2025,
319,36.0,gf,1.065,mm,OK,--,9:31:13 PM,6/20/2025,
320,36.0,gf,1.070,mm,OK,--,9:31:13 PM,6/20/2025,
321,36.0,gf,1.075,mm,OK,--,9:31:13 PM,6/20/2025,
322,36.0,gf,1.080,mm,OK,--,9:31:13 PM,6/20/2025,
323,36.2,gf,1.085,mm,OK,--,9:31:13 PM,6/20/2025,
324,36.2,gf,1.090,mm,OK,--,9:31:14 PM,6/20/2025,
325,36.2,gf,1.100,mm,OK,--,9:31:14 PM,6/20/2025,
326,36.2,gf,1.105,mm,OK,--,9:31:14 PM,6/20/2025,
327,36.2,gf,1.110,mm,OK,--,9:31:14 PM,6/20/2025,
328,36.4,gf,1.115,mm,OK,--,9:31:14 PM,6/20/2025,
329,36.5,gf,1.120,mm,OK,--,9:31:14 PM,6/20/2025,
330,36.4,gf,1.125,mm,OK,--,9:31:14 PM,6/20/2025,
331,36.4,gf,1.130,mm,OK,--,9:31:14 PM,6/20/2025,
332,36.4,gf,1.135,mm,OK,--,9:31:14 PM,6/20/2025,
333,36.5,gf,1.135,mm,OK,--,9:31:14 PM,6/20/2025,
334,36.5,gf,1.140,mm,OK,--,9:31:15 PM,6/20/2025,
335,36.5,gf,1.145,mm,OK,--,9:31:15 PM,6/20/2025,
336,36.6,gf,1.150,mm,OK,--,9:31:15 PM,6/20/2025,
337,36.6,gf,1.150,mm,OK,--,9:31:15 PM,6/20/2025,
338,36.8,gf,1.155,mm,OK,--,9:31:15 PM,6/20/2025,
339,36.8,gf,1.155,mm,OK,--,9:31:15 PM,6/20/2025,
340,36.8,gf,1.160,mm,OK,--,9:31:15 PM,6/20/2025,
341,36.7,gf,1.165,mm,OK,--,9:31:15 PM,6/20/2025,
342,36.8,gf,1.165,mm,OK,--,9:31:15 PM,6/20/2025,
343,36.9,gf,1.170,mm,OK,--,9:31:15 PM,6/20/2025,
344,36.8,gf,1.175,mm,OK,--,9:31:16 PM,6/20/2025,
345,36.8,gf,1.180,mm,OK,--,9:31:16 PM,6/20/2025,
346,36.8,gf,1.185,mm,OK,--,9:31:16 PM,6/20/2025,
347,36.8,gf,1.185,mm,OK,--,9:31:16 PM,6/20/2025,
348,36.9,gf,1.190,mm,OK,--,9:31:16 PM,6/20/2025,
349,36.9,gf,1.195,mm,OK,--,9:31:16 PM,6/20/2025,
350,36.8,gf,1.200,mm,OK,--,9:31:16 PM,6/20/2025,
351,36.8,gf,1.205,mm,OK,--,9:31:16 PM,6/20/2025,
352,36.8,gf,1.205,mm,OK,--,9:31:16 PM,6/20/2025,
353,37.0,gf,1.210,mm,OK,--,9:31:16 PM,6/20/2025,
354,36.8,gf,1.210,mm,OK,--,9:31:17 PM,6/20/2025,
355,37.0,gf,1.210,mm,OK,--,9:31:17 PM,6/20/2025,
356,37.0,gf,1.210,mm,OK,--,9:31:17 PM,6/20/2025,
357,37.1,gf,1.210,mm,OK,--,9:31:17 PM,6/20/2025,
358,37.2,gf,1.215,mm,OK,--,9:31:17 PM,6/20/2025,
359,37.1,gf,1.215,mm,OK,--,9:31:17 PM,6/20/2025,
360,37.0,gf,1.215,mm,OK,--,9:31:17 PM,6/20/2025,
361,37.0,gf,1.220,mm,OK,--,9:31:17 PM,6/20/2025,
362,37.0,gf,1.220,mm,OK,--,9:31:17 PM,6/20/2025,
363,36.9,gf,1.225,mm,OK,--,9:31:17 PM,6/20/2025,
364,37.0,gf,1.225,mm,OK,--,9:31:18 PM,6/20/2025,
365,36.9,gf,1.230,mm,OK,--,9:31:18 PM,6/20/2025,
366,37.0,gf,1.235,mm,OK,--,9:31:18 PM,6/20/2025,
367,37.0,gf,1.235,mm,OK,--,9:31:18 PM,6/20/2025,
368,37.0,gf,1.240,mm,OK,--,9:31:18 PM,6/20/2025,
369,37.0,gf,1.240,mm,OK,--,9:31:18 PM,6/20/2025,
370,37.1,gf,1.245,mm,OK,--,9:31:18 PM,6/20/2025,
371,37.0,gf,1.250,mm,OK,--,9:31:18 PM,6/20/2025,
372,36.9,gf,1.250,mm,OK,--,9:31:18 PM,6/20/2025,
373,37.0,gf,1.255,mm,OK,--,9:31:18 PM,6/20/2025,
374,37.1,gf,1.255,mm,OK,--,9:31:19 PM,6/20/2025,
375,37.1,gf,1.255,mm,OK,--,9:31:19 PM,6/20/2025,
376,37.1,gf,1.260,mm,OK,--,9:31:19 PM,6/20/2025,
377,37.1,gf,1.260,mm,OK,--,9:31:19 PM,6/20/2025,
378,37.1,gf,1.265,mm,OK,--,9:31:19 PM,6/20/2025,
379,37.0,gf,1.265,mm,OK,--,9:31:19 PM,6/20/2025,
380,37.1,gf,1.265,mm,OK,--,9:31:19 PM,6/20/2025,
381,37.1,gf,1.270,mm,OK,--,9:31:19 PM,6/20/2025,
382,37.1,gf,1.270,mm,OK,--,9:31:19 PM,6/20/2025,
383,37.2,gf,1.270,mm,OK,--,9:31:19 PM,6/20/2025,
384,37.1,gf,1.270,mm,OK,--,9:31:20 PM,6/20/2025,
385,37.1,gf,1.270,mm,OK,--,9:31:20 PM,6/20/2025,
386,37.1,gf,1.275,mm,OK,--,9:31:20 PM,6/20/2025,
387,37.1,gf,1.275,mm,OK,--,9:31:20 PM,6/20/2025,
388,37.1,gf,1.275,mm,OK,--,9:31:20 PM,6/20/2025,
389,37.1,gf,1.275,mm,OK,--,9:31:20 PM,6/20/2025,
390,37.2,gf,1.275,mm,OK,--,9:31:20 PM,6/20/2025,
391,37.3,gf,1.275,mm,OK,--,9:31:20 PM,6/20/2025,
392,37.3,gf,1.275,mm,OK,--,9:31:20 PM,6/20/2025,
393,37.3,gf,1.275,mm,OK,--,9:31:20 PM,6/20/2025,
394,37.2,gf,1.275,mm,OK,--,9:31:21 PM,6/20/2025,
395,37.1,gf,1.275,mm,OK,--,9:31:21 PM,6/20/2025,
396,37.2,gf,1.280,mm,OK,--,9:31:21 PM,6/20/2025,
397,37.4,gf,1.280,mm,OK,--,9:31:21 PM,6/20/2025,
398,37.3,gf,1.280,mm,OK,--,9:31:21 PM,6/20/2025,
399,37.2,gf,1.280,mm,OK,--,9:31:21 PM,6/20/2025,
400,37.2,gf,1.285,mm,OK,--,9:31:21 PM,6/20/2025,
401,37.2,gf,1.290,mm,OK,--,9:31:21 PM,6/20/2025,
402,37.2,gf,1.290,mm,OK,--,9:31:21 PM,6/20/2025,
403,37.2,gf,1.295,mm,OK,--,9:31:21 PM,6/20/2025,
404,37.2,gf,1.300,mm,OK,--,9:31:22 PM,6/20/2025,
405,37.2,gf,1.305,mm,OK,--,9:31:22 PM,6/20/2025,
406,37.2,gf,1.310,mm,OK,--,9:31:22 PM,6/20/2025,
407,37.2,gf,1.320,mm,OK,--,9:31:22 PM,6/20/2025,
408,36.8,gf,1.325,mm,OK,--,9:31:22 PM,6/20/2025,
409,36.7,gf,1.335,mm,OK,--,9:31:22 PM,6/20/2025,
410,36.7,gf,1.340,mm,OK,--,9:31:22 PM,6/20/2025,
411,36.8,gf,1.345,mm,OK,--,9:31:22 PM,6/20/2025,
412,36.9,gf,1.350,mm,OK,--,9:31:22 PM,6/20/2025,
413,37.0,gf,1.355,mm,OK,--,9:31:22 PM,6/20/2025,
414,37.0,gf,1.360,mm,OK,--,9:31:23 PM,6/20/2025,
415,37.0,gf,1.365,mm,OK,--,9:31:23 PM,6/20/2025,
416,37.0,gf,1.365,mm,OK,--,9:31:23 PM,6/20/2025,
417,37.0,gf,1.370,mm,OK,--,9:31:23 PM,6/20/2025,
418,37.0,gf,1.375,mm,OK,--,9:31:23 PM,6/20/2025,
419,37.0,gf,1.380,mm,OK,--,9:31:23 PM,6/20/2025,
420,37.0,gf,1.390,mm,OK,--,9:31:23 PM,6/20/2025,
421,37.0,gf,1.395,mm,OK,--,9:31:23 PM,6/20/2025,
422,37.0,gf,1.405,mm,OK,--,9:31:23 PM,6/20/2025,
423,37.0,gf,1.415,mm,OK,--,9:31:23 PM,6/20/2025,
424,37.0,gf,1.425,mm,OK,--,9:31:24 PM,6/20/2025,
425,37.1,gf,1.430,mm,OK,--,9:31:24 PM,6/20/2025,
426,37.1,gf,1.440,mm,OK,--,9:31:24 PM,6/20/2025,
427,37.1,gf,1.445,mm,OK,--,9:31:24 PM,6/20/2025,
428,37.1,gf,1.450,mm,OK,--,9:31:24 PM,6/20/2025,
429,36.3,gf,1.460,mm,OK,--,9:31:24 PM,6/20/2025,
430,36.6,gf,1.465,mm,OK,--,9:31:24 PM,6/20/2025,
431,37.0,gf,1.475,mm,OK,--,9:31:24 PM,6/20/2025,
432,37.0,gf,1.485,mm,OK,--,9:31:24 PM,6/20/2025,
433,37.2,gf,1.495,mm,OK,--,9:31:24 PM,6/20/2025,
434,37.2,gf,1.505,mm,OK,--,9:31:25 PM,6/20/2025,
435,37.3,gf,1.515,mm,OK,--,9:31:25 PM,6/20/2025,
436,37.5,gf,1.525,mm,OK,--,9:31:25 PM,6/20/2025,
437,37.5,gf,1.530,mm,OK,--,9:31:25 PM,6/20/2025,
438,37.6,gf,1.535,mm,OK,--,9:31:25 PM,6/20/2025,
439,37.6,gf,1.540,mm,OK,--,9:31:25 PM,6/20/2025,
440,37.6,gf,1.550,mm,OK,--,9:31:25 PM,6/20/2025,
441,37.6,gf,1.555,mm,OK,--,9:31:25 PM,6/20/2025,
442,37.7,gf,1.560,mm,OK,--,9:31:25 PM,6/20/2025,
443,37.7,gf,1.565,mm,OK,--,9:31:25 PM,6/20/2025,
444,37.8,gf,1.570,mm,OK,--,9:31:26 PM,6/20/2025,
445,37.7,gf,1.575,mm,OK,--,9:31:26 PM,6/20/2025,
446,37.8,gf,1.580,mm,OK,--,9:31:26 PM,6/20/2025,
447,37.8,gf,1.585,mm,OK,--,9:31:26 PM,6/20/2025,
448,37.9,gf,1.590,mm,OK,--,9:31:26 PM,6/20/2025,
449,37.9,gf,1.595,mm,OK,--,9:31:26 PM,6/20/2025,
450,37.9,gf,1.600,mm,OK,--,9:31:26 PM,6/20/2025,
451,37.8,gf,1.600,mm,OK,--,9:31:26 PM,6/20/2025,
452,37.9,gf,1.605,mm,OK,--,9:31:26 PM,6/20/2025,
453,37.9,gf,1.610,mm,OK,--,9:31:26 PM,6/20/2025,
454,37.9,gf,1.610,mm,OK,--,9:31:27 PM,6/20/2025,
455,37.9,gf,1.615,mm,OK,--,9:31:27 PM,6/20/2025,
456,37.9,gf,1.615,mm,OK,--,9:31:27 PM,6/20/2025,
457,37.9,gf,1.620,mm,OK,--,9:31:27 PM,6/20/2025,
458,37.9,gf,1.625,mm,OK,--,9:31:27 PM,6/20/2025,
459,37.9,gf,1.625,mm,OK,--,9:31:27 PM,6/20/2025,
460,37.9,gf,1.630,mm,OK,--,9:31:27 PM,6/20/2025,
461,37.9,gf,1.630,mm,OK,--,9:31:27 PM,6/20/2025,
462,38.0,gf,1.635,mm,OK,--,9:31:27 PM,6/20/2025,
463,38.0,gf,1.640,mm,OK,--,9:31:27 PM,6/20/2025,
464,38.0,gf,1.640,mm,OK,--,9:31:28 PM,6/20/2025,
465,38.0,gf,1.645,mm,OK,--,9:31:28 PM,6/20/2025,
466,38.1,gf,1.650,mm,OK,--,9:31:28 PM,6/20/2025,
467,38.1,gf,1.655,mm,OK,--,9:31:28 PM,6/20/2025,
468,38.0,gf,1.660,mm,OK,--,9:31:28 PM,6/20/2025,
469,38.1,gf,1.665,mm,OK,--,9:31:28 PM,6/20/2025,
470,38.2,gf,1.670,mm,OK,--,9:31:28 PM,6/20/2025,
471,38.1,gf,1.675,mm,OK,--,9:31:28 PM,6/20/2025,
472,38.1,gf,1.680,mm,OK,--,9:31:28 PM,6/20/2025,
473,38.0,gf,1.690,mm,OK,--,9:31:28 PM,6/20/2025,
474,38.1,gf,1.695,mm,OK,--,9:31:29 PM,6/20/2025,
475,38.1,gf,1.700,mm,OK,--,9:31:29 PM,6/20/2025,
476,38.1,gf,1.705,mm,OK,--,9:31:29 PM,6/20/2025,
477,38.2,gf,1.710,mm,OK,--,9:31:29 PM,6/20/2025,
478,38.1,gf,1.715,mm,OK,--,9:31:29 PM,6/20/2025,
479,38.2,gf,1.715,mm,OK,--,9:31:29 PM,6/20/2025,
480,38.2,gf,1.720,mm,OK,--,9:31:29 PM,6/20/2025,
481,38.2,gf,1.725,mm,OK,--,9:31:29 PM,6/20/2025,
482,38.2,gf,1.725,mm,OK,--,9:31:29 PM,6/20/2025,
483,38.2,gf,1.730,mm,OK,--,9:31:29 PM,6/20/2025,
484,38.2,gf,1.730,mm,OK,--,9:31:30 PM,6/20/2025,
485,38.2,gf,1.735,mm,OK,--,9:31:30 PM,6/20/2025,
486,38.2,gf,1.735,mm,OK,--,9:31:30 PM,6/20/2025,
487,38.2,gf,1.740,mm,OK,--,9:31:30 PM,6/20/2025,
488,38.2,gf,1.745,mm,OK,--,9:31:30 PM,6/20/2025,
489,38.2,gf,1.745,mm,OK,--,9:31:30 PM,6/20/2025,
490,38.2,gf,1.750,mm,OK,--,9:31:30 PM,6/20/2025,
491,38.2,gf,1.755,mm,OK,--,9:31:30 PM,6/20/2025,
492,38.2,gf,1.760,mm,OK,--,9:31:30 PM,6/20/2025,
493,38.2,gf,1.760,mm,OK,--,9:31:30 PM,6/20/2025,
494,38.2,gf,1.765,mm,OK,--,9:31:31 PM,6/20/2025,
495,38.2,gf,1.765,mm,OK,--,9:31:31 PM,6/20/2025,
496,38.2,gf,1.770,mm,OK,--,9:31:31 PM,6/20/2025,
497,38.3,gf,1.770,mm,OK,--,9:31:31 PM,6/20/2025,
498,38.3,gf,1.775,mm,OK,--,9:31:31 PM,6/20/2025,
499,38.4,gf,1.775,mm,OK,--,9:31:31 PM,6/20/2025,
500,38.2,gf,1.780,mm,OK,--,9:31:31 PM,6/20/2025,
501,38.2,gf,1.780,mm,OK,--,9:31:31 PM,6/20/2025,
502,38.3,gf,1.780,mm,OK,--,9:31:31 PM,6/20/2025,
503,38.4,gf,1.785,mm,OK,--,9:31:31 PM,6/20/2025,
504,38.3,gf,1.785,mm,OK,--,9:31:32 PM,6/20/2025,
505,38.4,gf,1.785,mm,OK,--,9:31:32 PM,6/20/2025,
506,38.5,gf,1.785,mm,OK,--,9:31:32 PM,6/20/2025,
507,38.5,gf,1.785,mm,OK,--,9:31:32 PM,6/20/2025,
508,38.5,gf,1.790,mm,OK,--,9:31:32 PM,6/20/2025,
509,38.5,gf,1.790,mm,OK,--,9:31:32 PM,6/20/2025,
510,38.5,gf,1.790,mm,OK,--,9:31:32 PM,6/20/2025,
511,38.5,gf,1.795,mm,OK,--,9:31:32 PM,6/20/2025,
512,38.5,gf,1.795,mm,OK,--,9:31:32 PM,6/20/2025,
513,38.6,gf,1.795,mm,OK,--,9:31:32 PM,6/20/2025,
514,38.6,gf,1.795,mm,OK,--,9:31:33 PM,6/20/2025,
515,38.6,gf,1.800,mm,OK,--,9:31:33 PM,6/20/2025,
516,38.7,gf,1.800,mm,OK,--,9:31:33 PM,6/20/2025,
517,38.6,gf,1.805,mm,OK,--,9:31:33 PM,6/20/2025,
518,38.6,gf,1.805,mm,OK,--,9:31:33 PM,6/20/2025,
519,38.5,gf,1.810,mm,OK,--,9:31:33 PM,6/20/2025,
520,38.6,gf,1.810,mm,OK,--,9:31:33 PM,6/20/2025,
521,38.6,gf,1.810,mm,OK,--,9:31:33 PM,6/20/2025,
522,38.6,gf,1.810,mm,OK,--,9:31:33 PM,6/20/2025,
523,38.7,gf,1.810,mm,OK,--,9:31:33 PM,6/20/2025,
524,38.8,gf,1.815,mm,OK,--,9:31:34 PM,6/20/2025,
525,38.6,gf,1.815,mm,OK,--,9:31:34 PM,6/20/2025,
526,38.5,gf,1.820,mm,OK,--,9:31:34 PM,6/20/2025,
527,38.6,gf,1.820,mm,OK,--,9:31:34 PM,6/20/2025,
528,38.5,gf,1.820,mm,OK,--,9:31:34 PM,6/20/2025,
529,38.6,gf,1.820,mm,OK,--,9:31:34 PM,6/20/2025,
530,38.6,gf,1.820,mm,OK,--,9:31:34 PM,6/20/2025,
531,38.7,gf,1.820,mm,OK,--,9:31:34 PM,6/20/2025,
532,38.7,gf,1.825,mm,OK,--,9:31:34 PM,6/20/2025,
533,38.7,gf,1.825,mm,OK,--,9:31:34 PM,6/20/2025,
534,38.8,gf,1.825,mm,OK,--,9:31:35 PM,6/20/2025,
535,38.9,gf,1.825,mm,OK,--,9:31:35 PM,6/20/2025,
536,38.9,gf,1.825,mm,OK,--,9:31:35 PM,6/20/2025,
537,38.9,gf,1.830,mm,OK,--,9:31:35 PM,6/20/2025,
538,38.8,gf,1.835,mm,OK,--,9:31:35 PM,6/20/2025,
539,38.8,gf,1.840,mm,OK,--,9:31:35 PM,6/20/2025,
540,38.9,gf,1.840,mm,OK,--,9:31:35 PM,6/20/2025,
541,38.9,gf,1.845,mm,OK,--,9:31:35 PM,6/20/2025,
542,38.8,gf,1.850,mm,OK,--,9:31:35 PM,6/20/2025,
543,38.8,gf,1.850,mm,OK,--,9:31:35 PM,6/20/2025,
544,38.8,gf,1.855,mm,OK,--,9:31:36 PM,6/20/2025,
545,38.8,gf,1.855,mm,OK,--,9:31:36 PM,6/20/2025,
546,38.9,gf,1.860,mm,OK,--,9:31:36 PM,6/20/2025,
547,38.9,gf,1.860,mm,OK,--,9:31:36 PM,6/20/2025,
548,38.9,gf,1.865,mm,OK,--,9:31:36 PM,6/20/2025,
549,38.9,gf,1.865,mm,OK,--,9:31:36 PM,6/20/2025,
550,38.9,gf,1.870,mm,OK,--,9:31:36 PM,6/20/2025,
551,39.0,gf,1.870,mm,OK,--,9:31:36 PM,6/20/2025,
552,39.0,gf,1.875,mm,OK,--,9:31:36 PM,6/20/2025,
553,38.9,gf,1.875,mm,OK,--,9:31:36 PM,6/20/2025,
554,38.9,gf,1.880,mm,OK,--,9:31:37 PM,6/20/2025,
555,39.0,gf,1.885,mm,OK,--,9:31:37 PM,6/20/2025,
556,39.0,gf,1.890,mm,OK,--,9:31:37 PM,6/20/2025,
557,39.1,gf,1.890,mm,OK,--,9:31:37 PM,6/20/2025,
558,39.1,gf,1.895,mm,OK,--,9:31:37 PM,6/20/2025,
559,39.1,gf,1.900,mm,OK,--,9:31:37 PM,6/20/2025,
560,39.1,gf,1.900,mm,OK,--,9:31:37 PM,6/20/2025,
561,39.1,gf,1.910,mm,OK,--,9:31:37 PM,6/20/2025,
562,39.0,gf,1.915,mm,OK,--,9:31:37 PM,6/20/2025,
563,39.0,gf,1.920,mm,OK,--,9:31:37 PM,6/20/2025,
564,39.0,gf,1.925,mm,OK,--,9:31:38 PM,6/20/2025,
565,39.1,gf,1.930,mm,OK,--,9:31:38 PM,6/20/2025,
566,39.1,gf,1.935,mm,OK,--,9:31:38 PM,6/20/2025,
567,39.1,gf,1.935,mm,OK,--,9:31:38 PM,6/20/2025,
568,39.2,gf,1.940,mm,OK,--,9:31:38 PM,6/20/2025,
569,39.1,gf,1.945,mm,OK,--,9:31:38 PM,6/20/2025,
570,39.2,gf,1.950,mm,OK,--,9:31:38 PM,6/20/2025,
571,39.2,gf,1.950,mm,OK,--,9:31:38 PM,6/20/2025,
572,39.2,gf,1.955,mm,OK,--,9:31:38 PM,6/20/2025,
573,39.2,gf,1.960,mm,OK,--,9:31:38 PM,6/20/2025,
574,39.2,gf,1.960,mm,OK,--,9:31:39 PM,6/20/2025,
575,39.2,gf,1.965,mm,OK,--,9:31:39 PM,6/20/2025,
576,39.1,gf,1.965,mm,OK,--,9:31:39 PM,6/20/2025,
577,39.1,gf,1.970,mm,OK,--,9:31:39 PM,6/20/2025,
578,39.2,gf,1.970,mm,OK,--,9:31:39 PM,6/20/2025,
579,39.2,gf,1.975,mm,OK,--,9:31:39 PM,6/20/2025,
580,39.2,gf,1.975,mm,OK,--,9:31:39 PM,6/20/2025,
581,39.2,gf,1.975,mm,OK,--,9:31:39 PM,6/20/2025,
582,39.2,gf,1.980,mm,OK,--,9:31:39 PM,6/20/2025,
583,39.2,gf,1.980,mm,OK,--,9:31:39 PM,6/20/2025,
584,39.2,gf,1.980,mm,OK,--,9:31:40 PM,6/20/2025,
585,39.2,gf,1.985,mm,OK,--,9:31:40 PM,6/20/2025,
586,39.2,gf,1.985,mm,OK,--,9:31:40 PM,6/20/2025,
587,39.3,gf,1.990,mm,OK,--,9:31:40 PM,6/20/2025,
588,39.2,gf,1.990,mm,OK,--,9:31:40 PM,6/20/2025,
589,39.2,gf,1.990,mm,OK,--,9:31:40 PM,6/20/2025,
590,39.2,gf,1.995,mm,OK,--,9:31:40 PM,6/20/2025,
591,39.2,gf,1.995,mm,OK,--,9:31:40 PM,6/20/2025,
592,39.2,gf,1.995,mm,OK,--,9:31:40 PM,6/20/2025,
593,39.2,gf,1.995,mm,OK,--,9:31:40 PM,6/20/2025,
594,39.3,gf,1.995,mm,OK,--,9:31:41 PM,6/20/2025,
595,39.3,gf,2.000,mm,OK,--,9:31:41 PM,6/20/2025,
596,39.3,gf,2.000,mm,OK,--,9:31:41 PM,6/20/2025,
597,39.3,gf,2.000,mm,OK,--,9:31:41 PM,6/20/2025,
598,39.3,gf,2.000,mm,OK,--,9:31:41 PM,6/20/2025,
599,39.3,gf,2.005,mm,OK,--,9:31:41 PM,6/20/2025,
600,39.3,gf,2.005,mm,OK,--,9:31:41 PM,6/20/2025,
601,39.3,gf,2.010,mm,OK,--,9:31:41 PM,6/20/2025,
602,39.4,gf,2.010,mm,OK,--,9:31:41 PM,6/20/2025,
603,39.4,gf,2.015,mm,OK,--,9:31:41 PM,6/20/2025,
604,39.4,gf,2.015,mm,OK,--,9:31:42 PM,6/20/2025,
605,39.4,gf,2.020,mm,OK,--,9:31:42 PM,6/20/2025,
606,39.4,gf,2.025,mm,OK,--,9:31:42 PM,6/20/2025,
607,39.5,gf,2.025,mm,OK,--,9:31:42 PM,6/20/2025,
608,39.6,gf,2.030,mm,OK,--,9:31:42 PM,6/20/2025,
609,39.6,gf,2.035,mm,OK,--,9:31:42 PM,6/20/2025,
610,39.6,gf,2.040,mm,OK,--,9:31:42 PM,6/20/2025,
611,39.7,gf,2.045,mm,OK,--,9:31:42 PM,6/20/2025,
612,39.7,gf,2.050,mm,OK,--,9:31:42 PM,6/20/2025,
613,39.8,gf,2.055,mm,OK,--,9:31:42 PM,6/20/2025,
614,39.8,gf,2.060,mm,OK,--,9:31:43 PM,6/20/2025,
615,39.9,gf,2.065,mm,OK,--,9:31:43 PM,6/20/2025,
616,39.9,gf,2.070,mm,OK,--,9:31:43 PM,6/20/2025,
617,39.9,gf,2.075,mm,OK,--,9:31:43 PM,6/20/2025,
618,39.9,gf,2.080,mm,OK,--,9:31:43 PM,6/20/2025,
619,39.9,gf,2.085,mm,OK,--,9:31:43 PM,6/20/2025,
620,40.0,gf,2.085,mm,OK,--,9:31:43 PM,6/20/2025,
621,40.0,gf,2.090,mm,OK,--,9:31:43 PM,6/20/2025,
622,40.0,gf,2.090,mm,OK,--,9:31:43 PM,6/20/2025,
623,40.0,gf,2.095,mm,OK,--,9:31:43 PM,6/20/2025,
624,40.0,gf,2.100,mm,OK,--,9:31:44 PM,6/20/2025,
625,40.1,gf,2.105,mm,OK,--,9:31:44 PM,6/20/2025,
626,40.1,gf,2.110,mm,OK,--,9:31:44 PM,6/20/2025,
627,40.1,gf,2.120,mm,OK,--,9:31:44 PM,6/20/2025,
628,40.2,gf,2.125,mm,OK,--,9:31:44 PM,6/20/2025,
629,40.2,gf,2.130,mm,OK,--,9:31:44 PM,6/20/2025,
630,40.2,gf,2.135,mm,OK,--,9:31:44 PM,6/20/2025,
631,40.2,gf,2.140,mm,OK,--,9:31:44 PM,6/20/2025,
632,40.2,gf,2.150,mm,OK,--,9:31:44 PM,6/20/2025,
633,40.2,gf,2.155,mm,OK,--,9:31:44 PM,6/20/2025,
634,40.2,gf,2.155,mm,OK,--,9:31:45 PM,6/20/2025,
635,40.2,gf,2.160,mm,OK,--,9:31:45 PM,6/20/2025,
636,40.2,gf,2.160,mm,OK,--,9:31:45 PM,6/20/2025,
637,40.2,gf,2.165,mm,OK,--,9:31:45 PM,6/20/2025,
638,40.2,gf,2.165,mm,OK,--,9:31:45 PM,6/20/2025,
639,40.3,gf,2.165,mm,OK,--,9:31:45 PM,6/20/2025,
640,40.3,gf,2.165,mm,OK,--,9:31:45 PM,6/20/2025,
641,40.3,gf,2.170,mm,OK,--,9:31:45 PM,6/20/2025,
642,40.3,gf,2.170,mm,OK,--,9:31:45 PM,6/20/2025,
643,40.3,gf,2.170,mm,OK,--,9:31:45 PM,6/20/2025,
644,40.3,gf,2.175,mm,OK,--,9:31:46 PM,6/20/2025,
645,40.3,gf,2.175,mm,OK,--,9:31:46 PM,6/20/2025,
646,40.3,gf,2.175,mm,OK,--,9:31:46 PM,6/20/2025,
647,40.3,gf,2.180,mm,OK,--,9:31:46 PM,6/20/2025,
648,40.3,gf,2.180,mm,OK,--,9:31:46 PM,6/20/2025,
649,40.3,gf,2.180,mm,OK,--,9:31:46 PM,6/20/2025,
650,40.3,gf,2.185,mm,OK,--,9:31:46 PM,6/20/2025,
651,40.3,gf,2.185,mm,OK,--,9:31:46 PM,6/20/2025,
652,40.3,gf,2.190,mm,OK,--,9:31:46 PM,6/20/2025,
653,40.3,gf,2.190,mm,OK,--,9:31:46 PM,6/20/2025,
654,40.3,gf,2.195,mm,OK,--,9:31:47 PM,6/20/2025,
655,40.3,gf,2.195,mm,OK,--,9:31:47 PM,6/20/2025,
656,40.3,gf,2.200,mm,OK,--,9:31:47 PM,6/20/2025,
657,40.4,gf,2.205,mm,OK,--,9:31:47 PM,6/20/2025,
658,40.4,gf,2.205,mm,OK,--,9:31:47 PM,6/20/2025,
659,40.4,gf,2.210,mm,OK,--,9:31:47 PM,6/20/2025,
660,40.4,gf,2.215,mm,OK,--,9:31:47 PM,6/20/2025,
661,40.5,gf,2.220,mm,OK,--,9:31:47 PM,6/20/2025,
662,40.5,gf,2.225,mm,OK,--,9:31:47 PM,6/20/2025,
663,40.5,gf,2.230,mm,OK,--,9:31:47 PM,6/20/2025,
664,40.5,gf,2.240,mm,OK,--,9:31:48 PM,6/20/2025,
665,40.5,gf,2.250,mm,OK,--,9:31:48 PM,6/20/2025,
666,40.5,gf,2.255,mm,OK,--,9:31:48 PM,6/20/2025,
667,40.5,gf,2.255,mm,OK,--,9:31:48 PM,6/20/2025,
668,40.6,gf,2.265,mm,OK,--,9:31:48 PM,6/20/2025,
669,40.7,gf,2.280,mm,OK,--,9:31:48 PM,6/20/2025,
670,40.7,gf,2.290,mm,OK,--,9:31:48 PM,6/20/2025,
671,40.8,gf,2.300,mm,OK,--,9:31:48 PM,6/20/2025,
672,40.8,gf,2.310,mm,OK,--,9:31:48 PM,6/20/2025,
673,40.8,gf,2.315,mm,OK,--,9:31:48 PM,6/20/2025,
674,40.8,gf,2.325,mm,OK,--,9:31:49 PM,6/20/2025,
675,40.8,gf,2.335,mm,OK,--,9:31:49 PM,6/20/2025,
676,40.9,gf,2.345,mm,OK,--,9:31:49 PM,6/20/2025,
677,40.9,gf,2.350,mm,OK,--,9:31:49 PM,6/20/2025,
678,41.0,gf,2.360,mm,OK,--,9:31:49 PM,6/20/2025,
679,41.0,gf,2.370,mm,OK,--,9:31:49 PM,6/20/2025,
680,41.0,gf,2.375,mm,OK,--,9:31:49 PM,6/20/2025,
681,41.0,gf,2.380,mm,OK,--,9:31:49 PM,6/20/2025,
682,41.0,gf,2.385,mm,OK,--,9:31:49 PM,6/20/2025,
683,41.0,gf,2.390,mm,OK,--,9:31:49 PM,6/20/2025,
684,41.1,gf,2.395,mm,OK,--,9:31:50 PM,6/20/2025,
685,41.1,gf,2.400,mm,OK,--,9:31:50 PM,6/20/2025,
686,41.1,gf,2.405,mm,OK,--,9:31:50 PM,6/20/2025,
687,41.1,gf,2.410,mm,OK,--,9:31:50 PM,6/20/2025,
688,41.2,gf,2.415,mm,OK,--,9:31:50 PM,6/20/2025,
689,41.2,gf,2.425,mm,OK,--,9:31:50 PM,6/20/2025,
690,41.2,gf,2.430,mm,OK,--,9:31:50 PM,6/20/2025,
691,41.3,gf,2.440,mm,OK,--,9:31:50 PM,6/20/2025,
692,41.3,gf,2.445,mm,OK,--,9:31:50 PM,6/20/2025,
693,41.4,gf,2.450,mm,OK,--,9:31:50 PM,6/20/2025,
694,41.3,gf,2.460,mm,OK,--,9:31:51 PM,6/20/2025,
695,41.4,gf,2.465,mm,OK,--,9:31:51 PM,6/20/2025,
696,41.4,gf,2.465,mm,OK,--,9:31:51 PM,6/20/2025,
697,41.4,gf,2.470,mm,OK,--,9:31:51 PM,6/20/2025,
698,41.4,gf,2.475,mm,OK,--,9:31:51 PM,6/20/2025,
699,41.4,gf,2.480,mm,OK,--,9:31:51 PM,6/20/2025,
700,41.4,gf,2.480,mm,OK,--,9:31:51 PM,6/20/2025,
701,41.4,gf,2.485,mm,OK,--,9:31:51 PM,6/20/2025,
702,41.4,gf,2.485,mm,OK,--,9:31:51 PM,6/20/2025,
703,41.4,gf,2.490,mm,OK,--,9:31:51 PM,6/20/2025,
704,41.4,gf,2.490,mm,OK,--,9:31:52 PM,6/20/2025,
705,41.4,gf,2.495,mm,OK,--,9:31:52 PM,6/20/2025,
706,41.4,gf,2.505,mm,OK,--,9:31:52 PM,6/20/2025,
707,41.4,gf,2.510,mm,OK,--,9:31:52 PM,6/20/2025,
708,41.5,gf,2.515,mm,OK,--,9:31:52 PM,6/20/2025,
709,41.5,gf,2.525,mm,OK,--,9:31:52 PM,6/20/2025,
710,41.5,gf,2.530,mm,OK,--,9:31:52 PM,6/20/2025,
711,41.6,gf,2.535,mm,OK,--,9:31:52 PM,6/20/2025,
712,41.6,gf,2.540,mm,OK,--,9:31:52 PM,6/20/2025,
713,41.6,gf,2.540,mm,OK,--,9:31:52 PM,6/20/2025,
714,41.6,gf,2.545,mm,OK,--,9:31:53 PM,6/20/2025,
715,41.6,gf,2.550,mm,OK,--,9:31:53 PM,6/20/2025,
716,41.5,gf,2.550,mm,OK,--,9:31:53 PM,6/20/2025,
717,41.6,gf,2.555,mm,OK,--,9:31:53 PM,6/20/2025,
718,41.6,gf,2.555,mm,OK,--,9:31:53 PM,6/20/2025,
719,41.6,gf,2.560,mm,OK,--,9:31:53 PM,6/20/2025,
720,41.6,gf,2.560,mm,OK,--,9:31:53 PM,6/20/2025,
721,41.6,gf,2.565,mm,OK,--,9:31:53 PM,6/20/2025,
722,41.6,gf,2.570,mm,OK,--,9:31:53 PM,6/20/2025,
723,41.6,gf,2.570,mm,OK,--,9:31:53 PM,6/20/2025,
724,41.6,gf,2.575,mm,OK,--,9:31:54 PM,6/20/2025,
725,41.7,gf,2.580,mm,OK,--,9:31:54 PM,6/20/2025,
726,41.7,gf,2.585,mm,OK,--,9:31:54 PM,6/20/2025,
727,41.7,gf,2.585,mm,OK,--,9:31:54 PM,6/20/2025,
728,41.7,gf,2.590,mm,OK,--,9:31:54 PM,6/20/2025,
729,41.7,gf,2.595,mm,OK,--,9:31:54 PM,6/20/2025,
730,41.7,gf,2.605,mm,OK,--,9:31:54 PM,6/20/2025,
731,41.8,gf,2.610,mm,OK,--,9:31:54 PM,6/20/2025,
732,41.8,gf,2.615,mm,OK,--,9:31:54 PM,6/20/2025,
733,41.8,gf,2.625,mm,OK,--,9:31:54 PM,6/20/2025,
734,41.8,gf,2.630,mm,OK,--,9:31:55 PM,6/20/2025,
735,41.8,gf,2.635,mm,OK,--,9:31:55 PM,6/20/2025,
736,41.9,gf,2.640,mm,OK,--,9:31:55 PM,6/20/2025,
737,41.9,gf,2.645,mm,OK,--,9:31:55 PM,6/20/2025,
738,41.9,gf,2.650,mm,OK,--,9:31:55 PM,6/20/2025,
739,41.9,gf,2.655,mm,OK,--,9:31:55 PM,6/20/2025,
740,41.9,gf,2.660,mm,OK,--,9:31:55 PM,6/20/2025,
741,41.9,gf,2.660,mm,OK,--,9:31:55 PM,6/20/2025,
742,41.9,gf,2.665,mm,OK,--,9:31:55 PM,6/20/2025,
743,41.9,gf,2.670,mm,OK,--,9:31:55 PM,6/20/2025,
744,42.0,gf,2.675,mm,OK,--,9:31:56 PM,6/20/2025,
745,42.0,gf,2.680,mm,OK,--,9:31:56 PM,6/20/2025,
746,42.0,gf,2.685,mm,OK,--,9:31:56 PM,6/20/2025,
747,42.0,gf,2.690,mm,OK,--,9:31:56 PM,6/20/2025,
748,42.0,gf,2.690,mm,OK,--,9:31:56 PM,6/20/2025,
749,42.0,gf,2.695,mm,OK,--,9:31:56 PM,6/20/2025,
750,42.0,gf,2.700,mm,OK,--,9:31:56 PM,6/20/2025,
751,42.0,gf,2.700,mm,OK,--,9:31:56 PM,6/20/2025,
752,42.0,gf,2.700,mm,OK,--,9:31:56 PM,6/20/2025,
753,42.0,gf,2.705,mm,OK,--,9:31:56 PM,6/20/2025,
754,42.0,gf,2.710,mm,OK,--,9:31:57 PM,6/20/2025,
755,42.0,gf,2.710,mm,OK,--,9:31:57 PM,6/20/2025,
756,42.0,gf,2.715,mm,OK,--,9:31:57 PM,6/20/2025,
757,42.1,gf,2.715,mm,OK,--,9:31:57 PM,6/20/2025,
758,42.1,gf,2.720,mm,OK,--,9:31:57 PM,6/20/2025,
759,42.2,gf,2.730,mm,OK,--,9:31:57 PM,6/20/2025,
760,42.2,gf,2.735,mm,OK,--,9:31:57 PM,6/20/2025,
761,42.2,gf,2.740,mm,OK,--,9:31:57 PM,6/20/2025,
762,42.2,gf,2.745,mm,OK,--,9:31:57 PM,6/20/2025,
763,42.3,gf,2.755,mm,OK,--,9:31:57 PM,6/20/2025,
764,42.3,gf,2.760,mm,OK,--,9:31:58 PM,6/20/2025,
765,42.3,gf,2.770,mm,OK,--,9:31:58 PM,6/20/2025,
766,42.3,gf,2.775,mm,OK,--,9:31:58 PM,6/20/2025,
767,42.3,gf,2.780,mm,OK,--,9:31:58 PM,6/20/2025,
768,42.3,gf,2.785,mm,OK,--,9:31:58 PM,6/20/2025,
769,42.4,gf,2.795,mm,OK,--,9:31:58 PM,6/20/2025,
770,42.4,gf,2.800,mm,OK,--,9:31:58 PM,6/20/2025,
771,42.4,gf,2.805,mm,OK,--,9:31:58 PM,6/20/2025,
772,42.4,gf,2.810,mm,OK,--,9:31:58 PM,6/20/2025,
773,42.4,gf,2.815,mm,OK,--,9:31:58 PM,6/20/2025,
774,42.4,gf,2.820,mm,OK,--,9:31:59 PM,6/20/2025,
775,42.4,gf,2.825,mm,OK,--,9:31:59 PM,6/20/2025,
776,42.4,gf,2.825,mm,OK,--,9:31:59 PM,6/20/2025,
777,42.4,gf,2.830,mm,OK,--,9:31:59 PM,6/20/2025,
778,42.5,gf,2.835,mm,OK,--,9:31:59 PM,6/20/2025,
779,42.5,gf,2.845,mm,OK,--,9:31:59 PM,6/20/2025,
780,42.4,gf,2.850,mm,OK,--,9:31:59 PM,6/20/2025,
781,42.5,gf,2.855,mm,OK,--,9:31:59 PM,6/20/2025,
782,42.5,gf,2.865,mm,OK,--,9:31:59 PM,6/20/2025,
783,42.6,gf,2.870,mm,OK,--,9:31:59 PM,6/20/2025,
784,42.6,gf,2.880,mm,OK,--,9:32:00 PM,6/20/2025,
785,42.7,gf,2.890,mm,OK,--,9:32:00 PM,6/20/2025,
786,42.7,gf,2.900,mm,OK,--,9:32:00 PM,6/20/2025,
787,42.7,gf,2.915,mm,OK,--,9:32:00 PM,6/20/2025,
788,42.7,gf,2.930,mm,OK,--,9:32:00 PM,6/20/2025,
789,42.7,gf,2.940,mm,OK,--,9:32:00 PM,6/20/2025,
790,42.7,gf,2.955,mm,OK,--,9:32:00 PM,6/20/2025,
791,42.8,gf,2.965,mm,OK,--,9:32:00 PM,6/20/2025,
792,42.8,gf,2.975,mm,OK,--,9:32:00 PM,6/20/2025,
793,42.9,gf,2.990,mm,OK,--,9:32:00 PM,6/20/2025,
794,43.0,gf,3.000,mm,OK,--,9:32:01 PM,6/20/2025,
795,42.9,gf,3.015,mm,OK,--,9:32:01 PM,6/20/2025,
796,42.9,gf,3.030,mm,OK,--,9:32:01 PM,6/20/2025,
797,43.0,gf,3.045,mm,OK,--,9:32:01 PM,6/20/2025,
798,43.1,gf,3.060,mm,OK,--,9:32:01 PM,6/20/2025,
799,43.2,gf,3.075,mm,OK,--,9:32:01 PM,6/20/2025,
800,43.2,gf,3.085,mm,OK,--,9:32:01 PM,6/20/2025,
801,43.2,gf,3.100,mm,OK,--,9:32:01 PM,6/20/2025,
802,43.2,gf,3.110,mm,OK,--,9:32:01 PM,6/20/2025,
803,43.3,gf,3.125,mm,OK,--,9:32:01 PM,6/20/2025,
804,43.3,gf,3.135,mm,OK,--,9:32:02 PM,6/20/2025,
805,43.3,gf,3.145,mm,OK,--,9:32:02 PM,6/20/2025,
806,43.4,gf,3.155,mm,OK,--,9:32:02 PM,6/20/2025,
807,43.5,gf,3.165,mm,OK,--,9:32:02 PM,6/20/2025,
808,43.5,gf,3.180,mm,OK,--,9:32:02 PM,6/20/2025,
809,43.5,gf,3.190,mm,OK,--,9:32:02 PM,6/20/2025,
810,43.6,gf,3.200,mm,OK,--,9:32:02 PM,6/20/2025,
811,43.6,gf,3.205,mm,OK,--,9:32:02 PM,6/20/2025,
812,43.6,gf,3.210,mm,OK,--,9:32:02 PM,6/20/2025,
813,43.7,gf,3.220,mm,OK,--,9:32:02 PM,6/20/2025,
814,43.7,gf,3.225,mm,OK,--,9:32:03 PM,6/20/2025,
815,43.7,gf,3.230,mm,OK,--,9:32:03 PM,6/20/2025,
816,43.7,gf,3.230,mm,OK,--,9:32:03 PM,6/20/2025,
817,43.7,gf,3.235,mm,OK,--,9:32:03 PM,6/20/2025,
818,43.7,gf,3.245,mm,OK,--,9:32:03 PM,6/20/2025,
819,43.7,gf,3.250,mm,OK,--,9:32:03 PM,6/20/2025,
820,43.7,gf,3.255,mm,OK,--,9:32:03 PM,6/20/2025,
821,43.7,gf,3.260,mm,OK,--,9:32:03 PM,6/20/2025,
822,43.7,gf,3.265,mm,OK,--,9:32:03 PM,6/20/2025,
823,43.7,gf,3.270,mm,OK,--,9:32:03 PM,6/20/2025,
824,43.7,gf,3.275,mm,OK,--,9:32:04 PM,6/20/2025,
825,43.8,gf,3.280,mm,OK,--,9:32:04 PM,6/20/2025,
826,43.8,gf,3.285,mm,OK,--,9:32:04 PM,6/20/2025,
827,43.8,gf,3.290,mm,OK,--,9:32:04 PM,6/20/2025,
828,43.9,gf,3.295,mm,OK,--,9:32:04 PM,6/20/2025,
829,43.8,gf,3.300,mm,OK,--,9:32:04 PM,6/20/2025,
830,43.9,gf,3.310,mm,OK,--,9:32:04 PM,6/20/2025,
831,43.8,gf,3.315,mm,OK,--,9:32:04 PM,6/20/2025,
832,43.9,gf,3.320,mm,OK,--,9:32:04 PM,6/20/2025,
833,43.9,gf,3.325,mm,OK,--,9:32:04 PM,6/20/2025,
834,43.9,gf,3.330,mm,OK,--,9:32:05 PM,6/20/2025,
835,43.9,gf,3.335,mm,OK,--,9:32:05 PM,6/20/2025,
836,43.9,gf,3.345,mm,OK,--,9:32:05 PM,6/20/2025,
837,43.9,gf,3.350,mm,OK,--,9:32:05 PM,6/20/2025,
838,43.9,gf,3.360,mm,OK,--,9:32:05 PM,6/20/2025,
839,44.0,gf,3.365,mm,OK,--,9:32:05 PM,6/20/2025,
840,44.1,gf,3.370,mm,OK,--,9:32:05 PM,6/20/2025,
841,44.1,gf,3.375,mm,OK,--,9:32:05 PM,6/20/2025,
842,44.1,gf,3.385,mm,OK,--,9:32:05 PM,6/20/2025,
843,44.1,gf,3.390,mm,OK,--,9:32:05 PM,6/20/2025,
844,44.1,gf,3.395,mm,OK,--,9:32:06 PM,6/20/2025,
845,44.1,gf,3.400,mm,OK,--,9:32:06 PM,6/20/2025,
846,44.1,gf,3.405,mm,OK,--,9:32:06 PM,6/20/2025,
847,44.1,gf,3.405,mm,OK,--,9:32:06 PM,6/20/2025,
848,44.1,gf,3.410,mm,OK,--,9:32:06 PM,6/20/2025,
849,44.2,gf,3.415,mm,OK,--,9:32:06 PM,6/20/2025,
850,44.2,gf,3.420,mm,OK,--,9:32:06 PM,6/20/2025,
851,44.2,gf,3.425,mm,OK,--,9:32:06 PM,6/20/2025,
852,44.2,gf,3.430,mm,OK,--,9:32:06 PM,6/20/2025,
853,44.2,gf,3.435,mm,OK,--,9:32:06 PM,6/20/2025,
854,44.2,gf,3.440,mm,OK,--,9:32:07 PM,6/20/2025,
855,44.3,gf,3.440,mm,OK,--,9:32:07 PM,6/20/2025,
856,44.3,gf,3.445,mm,OK,--,9:32:07 PM,6/20/2025,
857,44.3,gf,3.450,mm,OK,--,9:32:07 PM,6/20/2025,
858,44.3,gf,3.455,mm,OK,--,9:32:07 PM,6/20/2025,
859,44.3,gf,3.460,mm,OK,--,9:32:07 PM,6/20/2025,
860,44.3,gf,3.465,mm,OK,--,9:32:07 PM,6/20/2025,
861,44.3,gf,3.470,mm,OK,--,9:32:07 PM,6/20/2025,
862,44.3,gf,3.475,mm,OK,--,9:32:07 PM,6/20/2025,
863,44.4,gf,3.475,mm,OK,--,9:32:07 PM,6/20/2025,
864,44.4,gf,3.480,mm,OK,--,9:32:08 PM,6/20/2025,
865,44.4,gf,3.480,mm,OK,--,9:32:08 PM,6/20/2025,
866,44.4,gf,3.485,mm,OK,--,9:32:08 PM,6/20/2025,
867,44.4,gf,3.485,mm,OK,--,9:32:08 PM,6/20/2025,
868,44.4,gf,3.485,mm,OK,--,9:32:08 PM,6/20/2025,
869,44.3,gf,3.490,mm,OK,--,9:32:08 PM,6/20/2025,
870,44.3,gf,3.490,mm,OK,--,9:32:08 PM,6/20/2025,
871,44.3,gf,3.490,mm,OK,--,9:32:08 PM,6/20/2025,
872,44.3,gf,3.490,mm,OK,--,9:32:08 PM,6/20/2025,
873,44.3,gf,3.490,mm,OK,--,9:32:08 PM,6/20/2025,
874,44.1,gf,3.495,mm,OK,--,9:32:09 PM,6/20/2025,
875,44.3,gf,3.495,mm,OK,--,9:32:09 PM,6/20/2025,
876,44.3,gf,3.495,mm,OK,--,9:32:09 PM,6/20/2025,
877,44.4,gf,3.500,mm,OK,--,9:32:09 PM,6/20/2025,
878,44.4,gf,3.500,mm,OK,--,9:32:09 PM,6/20/2025,
879,44.4,gf,3.505,mm,OK,--,9:32:09 PM,6/20/2025,
880,44.4,gf,3.505,mm,OK,--,9:32:09 PM,6/20/2025,
881,44.4,gf,3.505,mm,OK,--,9:32:09 PM,6/20/2025,
882,44.4,gf,3.510,mm,OK,--,9:32:09 PM,6/20/2025,
883,44.4,gf,3.510,mm,OK,--,9:32:09 PM,6/20/2025,
884,44.4,gf,3.515,mm,OK,--,9:32:10 PM,6/20/2025,
885,44.4,gf,3.515,mm,OK,--,9:32:10 PM,6/20/2025,
886,44.4,gf,3.520,mm,OK,--,9:32:10 PM,6/20/2025,
887,44.4,gf,3.525,mm,OK,--,9:32:10 PM,6/20/2025,
888,44.4,gf,3.525,mm,OK,--,9:32:10 PM,6/20/2025,
889,44.4,gf,3.530,mm,OK,--,9:32:10 PM,6/20/2025,
890,44.4,gf,3.535,mm,OK,--,9:32:10 PM,6/20/2025,
891,44.4,gf,3.540,mm,OK,--,9:32:10 PM,6/20/2025,
892,44.5,gf,3.550,mm,OK,--,9:32:10 PM,6/20/2025,
893,44.6,gf,3.555,mm,OK,--,9:32:10 PM,6/20/2025,
894,44.6,gf,3.560,mm,OK,--,9:32:11 PM,6/20/2025,
895,44.8,gf,3.565,mm,OK,--,9:32:11 PM,6/20/2025,
896,46.9,gf,3.570,mm,OK,--,9:32:11 PM,6/20/2025,
897,49.2,gf,3.575,mm,OK,--,9:32:11 PM,6/20/2025,
898,52.2,gf,3.585,mm,OK,--,9:32:11 PM,6/20/2025,
899,55.3,gf,3.590,mm,OK,--,9:32:11 PM,6/20/2025,
900,58.4,gf,3.595,mm,OK,--,9:32:11 PM,6/20/2025,
901,63.5,gf,3.600,mm,OK,--,9:32:11 PM,6/20/2025,
902,69.9,gf,3.605,mm,OK,--,9:32:11 PM,6/20/2025,
903,76.6,gf,3.615,mm,OK,--,9:32:11 PM,6/20/2025,
904,83.0,gf,3.620,mm,OK,--,9:32:11 PM,6/20/2025,
905,89.5,gf,3.625,mm,OK,--,9:32:12 PM,6/20/2025,
906,96.8,gf,3.635,mm,OK,--,9:32:12 PM,6/20/2025,
907,105.0,gf,3.645,mm,OK,--,9:32:12 PM,6/20/2025,
908,113.8,gf,3.650,mm,OK,--,9:32:12 PM,6/20/2025,
909,121.7,gf,3.660,mm,OK,--,9:32:12 PM,6/20/2025,
910,128.9,gf,3.670,mm,OK,--,9:32:12 PM,6/20/2025,
911,136.1,gf,3.675,mm,OK,--,9:32:12 PM,6/20/2025,
912,144.1,gf,3.685,mm,OK,--,9:32:12 PM,6/20/2025,
913,152.0,gf,3.690,mm,OK,--,9:32:12 PM,6/20/2025,
914,158.9,gf,3.695,mm,OK,--,9:32:13 PM,6/20/2025,
915,164.0,gf,3.700,mm,OK,--,9:32:13 PM,6/20/2025,
916,167.7,gf,3.705,mm,OK,--,9:32:13 PM,6/20/2025,
917,170.6,gf,3.710,mm,OK,--,9:32:13 PM,6/20/2025,
918,173.3,gf,3.710,mm,OK,--,9:32:13 PM,6/20/2025,
919,175.5,gf,3.715,mm,OK,--,9:32:13 PM,6/20/2025,
920,177.4,gf,3.715,mm,OK,--,9:32:13 PM,6/20/2025,
921,178.8,gf,3.715,mm,OK,--,9:32:13 PM,6/20/2025,
922,179.9,gf,3.720,mm,OK,--,9:32:13 PM,6/20/2025,
923,180.8,gf,3.720,mm,OK,--,9:32:13 PM,6/20/2025,
924,181.7,gf,3.720,mm,OK,--,9:32:14 PM,6/20/2025,
925,182.5,gf,3.720,mm,OK,--,9:32:14 PM,6/20/2025,
926,183.1,gf,3.725,mm,OK,--,9:32:14 PM,6/20/2025,
927,184.0,gf,3.725,mm,OK,--,9:32:14 PM,6/20/2025,
928,185.1,gf,3.725,mm,OK,--,9:32:14 PM,6/20/2025,
929,186.8,gf,3.725,mm,OK,--,9:32:14 PM,6/20/2025,
930,188.0,gf,3.730,mm,OK,--,9:32:14 PM,6/20/2025,
931,189.0,gf,3.730,mm,OK,--,9:32:14 PM,6/20/2025,
932,189.8,gf,3.730,mm,OK,--,9:32:14 PM,6/20/2025,
933,190.6,gf,3.730,mm,OK,--,9:32:14 PM,6/20/2025,
934,191.1,gf,3.730,mm,OK,--,9:32:14 PM,6/20/2025,
935,191.5,gf,3.730,mm,OK,--,9:32:15 PM,6/20/2025,
936,191.5,gf,3.730,mm,OK,--,9:32:15 PM,6/20/2025,
937,191.5,gf,3.730,mm,OK,--,9:32:15 PM,6/20/2025,
938,191.5,gf,3.730,mm,OK,--,9:32:15 PM,6/20/2025,
939,191.4,gf,3.730,mm,OK,--,9:32:15 PM,6/20/2025,
940,191.4,gf,3.730,mm,OK,--,9:32:15 PM,6/20/2025,
941,191.4,gf,3.730,mm,OK,--,9:32:15 PM,6/20/2025,
942,191.4,gf,3.730,mm,OK,--,9:32:15 PM,6/20/2025,
943,191.4,gf,3.730,mm,OK,--,9:32:15 PM,6/20/2025,
944,191.4,gf,3.730,mm,OK,--,9:32:15 PM,6/20/2025,
945,191.3,gf,3.730,mm,OK,--,9:32:16 PM,6/20/2025,
946,191.3,gf,3.730,mm,OK,--,9:32:16 PM,6/20/2025,
947,191.3,gf,3.730,mm,OK,--,9:32:16 PM,6/20/2025,
948,191.3,gf,3.730,mm,OK,--,9:32:16 PM,6/20/2025,
949,191.3,gf,3.730,mm,OK,--,9:32:16 PM,6/20/2025,
950,191.1,gf,3.730,mm,OK,--,9:32:16 PM,6/20/2025,
951,190.9,gf,3.730,mm,OK,--,9:32:16 PM,6/20/2025,
952,190.7,gf,3.730,mm,OK,--,9:32:16 PM,6/20/2025,
953,190.5,gf,3.730,mm,OK,--,9:32:16 PM,6/20/2025,
954,190.4,gf,3.730,mm,OK,--,9:32:16 PM,6/20/2025,
955,190.2,gf,3.730,mm,OK,--,9:32:17 PM,6/20/2025,
956,190.0,gf,3.730,mm,OK,--,9:32:17 PM,6/20/2025,
957,189.3,gf,3.730,mm,OK,--,9:32:17 PM,6/20/2025,
958,188.1,gf,3.730,mm,OK,--,9:32:17 PM,6/20/2025,
959,187.3,gf,3.730,mm,OK,--,9:32:17 PM,6/20/2025,
960,186.6,gf,3.730,mm,OK,--,9:32:17 PM,6/20/2025,
961,186.1,gf,3.730,mm,OK,--,9:32:17 PM,6/20/2025,
962,185.9,gf,3.730,mm,OK,--,9:32:17 PM,6/20/2025,
963,185.6,gf,3.730,mm,OK,--,9:32:17 PM,6/20/2025,
964,185.1,gf,3.725,mm,OK,--,9:32:17 PM,6/20/2025,
965,183.9,gf,3.725,mm,OK,--,9:32:18 PM,6/20/2025,
966,182.5,gf,3.725,mm,OK,--,9:32:18 PM,6/20/2025,
967,181.5,gf,3.725,mm,OK,--,9:32:18 PM,6/20/2025,
968,180.0,gf,3.720,mm,OK,--,9:32:18 PM,6/20/2025,
969,177.8,gf,3.720,mm,OK,--,9:32:18 PM,6/20/2025,
970,175.1,gf,3.715,mm,OK,--,9:32:18 PM,6/20/2025,
971,172.8,gf,3.715,mm,OK,--,9:32:18 PM,6/20/2025,
972,171.4,gf,3.715,mm,OK,--,9:32:18 PM,6/20/2025,
973,170.4,gf,3.715,mm,OK,--,9:32:18 PM,6/20/2025,
974,169.7,gf,3.710,mm,OK,--,9:32:19 PM,6/20/2025,
975,169.2,gf,3.710,mm,OK,--,9:32:19 PM,6/20/2025,
976,168.8,gf,3.710,mm,OK,--,9:32:19 PM,6/20/2025,
977,168.0,gf,3.710,mm,OK,--,9:32:19 PM,6/20/2025,
978,167.1,gf,3.710,mm,OK,--,9:32:19 PM,6/20/2025,
979,166.2,gf,3.710,mm,OK,--,9:32:19 PM,6/20/2025,
980,165.5,gf,3.710,mm,OK,--,9:32:19 PM,6/20/2025,
981,165.0,gf,3.710,mm,OK,--,9:32:19 PM,6/20/2025,
982,164.6,gf,3.705,mm,OK,--,9:32:19 PM,6/20/2025,
983,164.2,gf,3.705,mm,OK,--,9:32:19 PM,6/20/2025,
984,163.8,gf,3.705,mm,OK,--,9:32:19 PM,6/20/2025,
985,163.3,gf,3.705,mm,OK,--,9:32:20 PM,6/20/2025,
986,162.7,gf,3.705,mm,OK,--,9:32:20 PM,6/20/2025,
987,161.7,gf,3.705,mm,OK,--,9:32:20 PM,6/20/2025,
988,160.6,gf,3.705,mm,OK,--,9:32:20 PM,6/20/2025,
989,159.9,gf,3.705,mm,OK,--,9:32:20 PM,6/20/2025,
990,159.3,gf,3.700,mm,OK,--,9:32:20 PM,6/20/2025,
991,158.4,gf,3.700,mm,OK,--,9:32:20 PM,6/20/2025,
992,157.8,gf,3.700,mm,OK,--,9:32:20 PM,6/20/2025,
993,157.3,gf,3.700,mm,OK,--,9:32:20 PM,6/20/2025,
994,156.8,gf,3.700,mm,OK,--,9:32:20 PM,6/20/2025,
995,156.0,gf,3.700,mm,OK,--,9:32:21 PM,6/20/2025,
996,155.4,gf,3.700,mm,OK,--,9:32:21 PM,6/20/2025,
997,155.0,gf,3.700,mm,OK,--,9:32:21 PM,6/20/2025,
998,154.6,gf,3.700,mm,OK,--,9:32:21 PM,6/20/2025,
999,154.1,gf,3.695,mm,OK,--,9:32:21 PM,6/20/2025,
1000,153.5,gf,3.695,mm,OK,--,9:32:21 PM,6/20/2025,
1001,153.1,gf,3.695,mm,OK,--,9:32:21 PM,6/20/2025,
1002,153.0,gf,3.695,mm,OK,--,9:32:21 PM,6/20/2025,
1003,152.8,gf,3.695,mm,OK,--,9:32:21 PM,6/20/2025,
1004,152.5,gf,3.695,mm,OK,--,9:32:21 PM,6/20/2025,
1005,152.2,gf,3.695,mm,OK,--,9:32:22 PM,6/20/2025,
1006,151.9,gf,3.695,mm,OK,--,9:32:22 PM,6/20/2025,
1007,151.7,gf,3.695,mm,OK,--,9:32:22 PM,6/20/2025,
1008,151.4,gf,3.695,mm,OK,--,9:32:22 PM,6/20/2025,
1009,151.0,gf,3.695,mm,OK,--,9:32:22 PM,6/20/2025,
1010,150.6,gf,3.695,mm,OK,--,9:32:22 PM,6/20/2025,
1011,150.1,gf,3.695,mm,OK,--,9:32:22 PM,6/20/2025,
1012,149.8,gf,3.695,mm,OK,--,9:32:22 PM,6/20/2025,
1013,149.3,gf,3.695,mm,OK,--,9:32:22 PM,6/20/2025,
1014,149.0,gf,3.690,mm,OK,--,9:32:22 PM,6/20/2025,
1015,148.6,gf,3.690,mm,OK,--,9:32:23 PM,6/20/2025,
1016,148.3,gf,3.690,mm,OK,--,9:32:23 PM,6/20/2025,
1017,147.8,gf,3.690,mm,OK,--,9:32:23 PM,6/20/2025,
1018,147.1,gf,3.690,mm,OK,--,9:32:23 PM,6/20/2025,
1019,146.3,gf,3.690,mm,OK,--,9:32:23 PM,6/20/2025,
1020,145.3,gf,3.690,mm,OK,--,9:32:23 PM,6/20/2025,
1021,144.0,gf,3.690,mm,OK,--,9:32:23 PM,6/20/2025,
1022,142.6,gf,3.685,mm,OK,--,9:32:23 PM,6/20/2025,
1023,140.6,gf,3.685,mm,OK,--,9:32:23 PM,6/20/2025,
1024,137.8,gf,3.680,mm,OK,--,9:32:23 PM,6/20/2025,
1025,135.0,gf,3.680,mm,OK,--,9:32:24 PM,6/20/2025,
1026,132.1,gf,3.675,mm,OK,--,9:32:24 PM,6/20/2025,
1027,129.3,gf,3.675,mm,OK,--,9:32:24 PM,6/20/2025,
1028,126.9,gf,3.670,mm,OK,--,9:32:24 PM,6/20/2025,
1029,124.5,gf,3.670,mm,OK,--,9:32:24 PM,6/20/2025,
1030,122.3,gf,3.665,mm,OK,--,9:32:24 PM,6/20/2025,
1031,120.2,gf,3.665,mm,OK,--,9:32:24 PM,6/20/2025,
1032,118.5,gf,3.665,mm,OK,--,9:32:24 PM,6/20/2025,
1033,116.9,gf,3.660,mm,OK,--,9:32:24 PM,6/20/2025,
1034,115.8,gf,3.660,mm,OK,--,9:32:24 PM,6/20/2025,
1035,115.0,gf,3.660,mm,OK,--,9:32:25 PM,6/20/2025,
1036,114.2,gf,3.660,mm,OK,--,9:32:25 PM,6/20/2025,
1037,113.3,gf,3.660,mm,OK,--,9:32:25 PM,6/20/2025,
1038,112.4,gf,3.655,mm,OK,--,9:32:25 PM,6/20/2025,
1039,111.5,gf,3.655,mm,OK,--,9:32:25 PM,6/20/2025,
1040,110.5,gf,3.655,mm,OK,--,9:32:25 PM,6/20/2025,
1041,109.7,gf,3.655,mm,OK,--,9:32:25 PM,6/20/2025,
1042,109.0,gf,3.655,mm,OK,--,9:32:25 PM,6/20/2025,
1043,108.3,gf,3.655,mm,OK,--,9:32:25 PM,6/20/2025,
1044,107.7,gf,3.650,mm,OK,--,9:32:25 PM,6/20/2025,
1045,106.9,gf,3.650,mm,OK,--,9:32:26 PM,6/20/2025,
1046,106.3,gf,3.650,mm,OK,--,9:32:26 PM,6/20/2025,
1047,105.7,gf,3.650,mm,OK,--,9:32:26 PM,6/20/2025,
1048,105.1,gf,3.650,mm,OK,--,9:32:26 PM,6/20/2025,
1049,104.5,gf,3.650,mm,OK,--,9:32:26 PM,6/20/2025,
1050,103.9,gf,3.650,mm,OK,--,9:32:26 PM,6/20/2025,
1051,103.2,gf,3.650,mm,OK,--,9:32:26 PM,6/20/2025,
1052,102.3,gf,3.645,mm,OK,--,9:32:26 PM,6/20/2025,
1053,101.2,gf,3.645,mm,OK,--,9:32:26 PM,6/20/2025,
1054,100.2,gf,3.645,mm,OK,--,9:32:26 PM,6/20/2025,
1055,99.2,gf,3.645,mm,OK,--,9:32:27 PM,6/20/2025,
1056,97.9,gf,3.640,mm,OK,--,9:32:27 PM,6/20/2025,
1057,96.6,gf,3.640,mm,OK,--,9:32:27 PM,6/20/2025,
1058,94.9,gf,3.640,mm,OK,--,9:32:27 PM,6/20/2025,
1059,92.9,gf,3.635,mm,OK,--,9:32:27 PM,6/20/2025,
1060,90.6,gf,3.635,mm,OK,--,9:32:27 PM,6/20/2025,
1061,88.2,gf,3.630,mm,OK,--,9:32:27 PM,6/20/2025,
1062,85.8,gf,3.630,mm,OK,--,9:32:27 PM,6/20/2025,
1063,83.3,gf,3.625,mm,OK,--,9:32:27 PM,6/20/2025,
1064,81.0,gf,3.625,mm,OK,--,9:32:27 PM,6/20/2025,
1065,78.8,gf,3.625,mm,OK,--,9:32:28 PM,6/20/2025,
1066,76.6,gf,3.620,mm,OK,--,9:32:28 PM,6/20/2025,
1067,74.0,gf,3.620,mm,OK,--,9:32:28 PM,6/20/2025,
1068,71.3,gf,3.615,mm,OK,--,9:32:28 PM,6/20/2025,
1069,68.6,gf,3.610,mm,OK,--,9:32:28 PM,6/20/2025,
1070,65.2,gf,3.610,mm,OK,--,9:32:28 PM,6/20/2025,
1071,60.8,gf,3.605,mm,OK,--,9:32:28 PM,6/20/2025,
1072,56.7,gf,3.600,mm,OK,--,9:32:28 PM,6/20/2025,
1073,52.6,gf,3.595,mm,OK,--,9:32:28 PM,6/20/2025,
1074,49.1,gf,3.590,mm,OK,--,9:32:28 PM,6/20/2025,
1075,46.9,gf,3.585,mm,OK,--,9:32:29 PM,6/20/2025,
1076,45.6,gf,3.580,mm,OK,--,9:32:29 PM,6/20/2025,
1077,44.7,gf,3.580,mm,OK,--,9:32:29 PM,6/20/2025,
1078,44.0,gf,3.575,mm,OK,--,9:32:29 PM,6/20/2025,
1079,43.5,gf,3.575,mm,OK,--,9:32:29 PM,6/20/2025,
1080,43.5,gf,3.570,mm,OK,--,9:32:29 PM,6/20/2025,
1081,43.4,gf,3.565,mm,OK,--,9:32:29 PM,6/20/2025,
1082,43.4,gf,3.565,mm,OK,--,9:32:29 PM,6/20/2025,
1083,43.4,gf,3.560,mm,OK,--,9:32:29 PM,6/20/2025,
1084,43.4,gf,3.555,mm,OK,--,9:32:29 PM,6/20/2025,
1085,43.4,gf,3.555,mm,OK,--,9:32:30 PM,6/20/2025,
1086,43.4,gf,3.550,mm,OK,--,9:32:30 PM,6/20/2025,
1087,43.4,gf,3.545,mm,OK,--,9:32:30 PM,6/20/2025,
1088,43.4,gf,3.545,mm,OK,--,9:32:30 PM,6/20/2025,
1089,43.4,gf,3.540,mm,OK,--,9:32:30 PM,6/20/2025,
1090,43.4,gf,3.535,mm,OK,--,9:32:30 PM,6/20/2025,
1091,43.4,gf,3.535,mm,OK,--,9:32:30 PM,6/20/2025,
1092,43.3,gf,3.530,mm,OK,--,9:32:30 PM,6/20/2025,
1093,43.3,gf,3.525,mm,OK,--,9:32:30 PM,6/20/2025,
1094,43.3,gf,3.525,mm,OK,--,9:32:30 PM,6/20/2025,
1095,43.3,gf,3.520,mm,OK,--,9:32:31 PM,6/20/2025,
1096,43.3,gf,3.515,mm,OK,--,9:32:31 PM,6/20/2025,
1097,43.3,gf,3.510,mm,OK,--,9:32:31 PM,6/20/2025,
1098,43.3,gf,3.510,mm,OK,--,9:32:31 PM,6/20/2025,
1099,43.3,gf,3.505,mm,OK,--,9:32:31 PM,6/20/2025,
1100,43.3,gf,3.500,mm,OK,--,9:32:31 PM,6/20/2025,
1101,43.3,gf,3.495,mm,OK,--,9:32:31 PM,6/20/2025,
1102,43.3,gf,3.490,mm,OK,--,9:32:31 PM,6/20/2025,
1103,43.3,gf,3.485,mm,OK,--,9:32:31 PM,6/20/2025,
1104,43.2,gf,3.480,mm,OK,--,9:32:31 PM,6/20/2025,
1105,43.2,gf,3.475,mm,OK,--,9:32:32 PM,6/20/2025,
1106,43.2,gf,3.470,mm,OK,--,9:32:32 PM,6/20/2025,
1107,43.2,gf,3.465,mm,OK,--,9:32:32 PM,6/20/2025,
1108,43.2,gf,3.460,mm,OK,--,9:32:32 PM,6/20/2025,
1109,43.2,gf,3.460,mm,OK,--,9:32:32 PM,6/20/2025,
1110,43.2,gf,3.455,mm,OK,--,9:32:32 PM,6/20/2025,
1111,43.2,gf,3.455,mm,OK,--,9:32:32 PM,6/20/2025,
1112,43.1,gf,3.450,mm,OK,--,9:32:32 PM,6/20/2025,
1113,43.1,gf,3.450,mm,OK,--,9:32:32 PM,6/20/2025,
1114,43.1,gf,3.450,mm,OK,--,9:32:32 PM,6/20/2025,
1115,43.1,gf,3.445,mm,OK,--,9:32:33 PM,6/20/2025,
1116,43.1,gf,3.445,mm,OK,--,9:32:33 PM,6/20/2025,
1117,43.1,gf,3.440,mm,OK,--,9:32:33 PM,6/20/2025,
1118,43.1,gf,3.435,mm,OK,--,9:32:33 PM,6/20/2025,
1119,43.1,gf,3.435,mm,OK,--,9:32:33 PM,6/20/2025,
1120,43.1,gf,3.430,mm,OK,--,9:32:33 PM,6/20/2025,
1121,43.1,gf,3.425,mm,OK,--,9:32:33 PM,6/20/2025,
1122,43.1,gf,3.420,mm,OK,--,9:32:33 PM,6/20/2025,
1123,43.1,gf,3.420,mm,OK,--,9:32:33 PM,6/20/2025,
1124,43.1,gf,3.415,mm,OK,--,9:32:33 PM,6/20/2025,
1125,43.1,gf,3.410,mm,OK,--,9:32:34 PM,6/20/2025,
1126,43.0,gf,3.405,mm,OK,--,9:32:34 PM,6/20/2025,
1127,43.0,gf,3.400,mm,OK,--,9:32:34 PM,6/20/2025,
1128,43.0,gf,3.395,mm,OK,--,9:32:34 PM,6/20/2025,
1129,43.0,gf,3.390,mm,OK,--,9:32:34 PM,6/20/2025,
1130,43.0,gf,3.385,mm,OK,--,9:32:34 PM,6/20/2025,
1131,43.0,gf,3.385,mm,OK,--,9:32:34 PM,6/20/2025,
1132,43.0,gf,3.380,mm,OK,--,9:32:34 PM,6/20/2025,
1133,43.0,gf,3.375,mm,OK,--,9:32:34 PM,6/20/2025,
1134,43.0,gf,3.370,mm,OK,--,9:32:34 PM,6/20/2025,
1135,42.9,gf,3.365,mm,OK,--,9:32:35 PM,6/20/2025,
1136,42.9,gf,3.360,mm,OK,--,9:32:35 PM,6/20/2025,
1137,42.9,gf,3.355,mm,OK,--,9:32:35 PM,6/20/2025,
1138,42.9,gf,3.350,mm,OK,--,9:32:35 PM,6/20/2025,
1139,42.9,gf,3.340,mm,OK,--,9:32:35 PM,6/20/2025,
1140,42.9,gf,3.335,mm,OK,--,9:32:35 PM,6/20/2025,
1141,42.8,gf,3.330,mm,OK,--,9:32:35 PM,6/20/2025,
1142,42.8,gf,3.320,mm,OK,--,9:32:35 PM,6/20/2025,
1143,42.7,gf,3.310,mm,OK,--,9:32:35 PM,6/20/2025,
1144,42.6,gf,3.295,mm,OK,--,9:32:35 PM,6/20/2025,
1145,42.6,gf,3.280,mm,OK,--,9:32:36 PM,6/20/2025,
1146,42.6,gf,3.275,mm,OK,--,9:32:36 PM,6/20/2025,
1147,42.6,gf,3.270,mm,OK,--,9:32:36 PM,6/20/2025,
1148,42.6,gf,3.265,mm,OK,--,9:32:36 PM,6/20/2025,
1149,42.6,gf,3.260,mm,OK,--,9:32:36 PM,6/20/2025,
1150,42.6,gf,3.255,mm,OK,--,9:32:36 PM,6/20/2025,
1151,42.6,gf,3.255,mm,OK,--,9:32:36 PM,6/20/2025,
1152,42.5,gf,3.250,mm,OK,--,9:32:36 PM,6/20/2025,
1153,42.5,gf,3.245,mm,OK,--,9:32:36 PM,6/20/2025,
1154,42.5,gf,3.240,mm,OK,--,9:32:36 PM,6/20/2025,
1155,42.5,gf,3.240,mm,OK,--,9:32:37 PM,6/20/2025,
1156,42.5,gf,3.240,mm,OK,--,9:32:37 PM,6/20/2025,
1157,42.5,gf,3.235,mm,OK,--,9:32:37 PM,6/20/2025,
1158,42.5,gf,3.230,mm,OK,--,9:32:37 PM,6/20/2025,
1159,42.4,gf,3.225,mm,OK,--,9:32:37 PM,6/20/2025,
1160,42.4,gf,3.220,mm,OK,--,9:32:37 PM,6/20/2025,
1161,42.4,gf,3.215,mm,OK,--,9:32:37 PM,6/20/2025,
1162,42.4,gf,3.210,mm,OK,--,9:32:37 PM,6/20/2025,
1163,42.4,gf,3.200,mm,OK,--,9:32:37 PM,6/20/2025,
1164,42.3,gf,3.190,mm,OK,--,9:32:37 PM,6/20/2025,
1165,42.3,gf,3.175,mm,OK,--,9:32:38 PM,6/20/2025,
1166,42.3,gf,3.165,mm,OK,--,9:32:38 PM,6/20/2025,
1167,42.3,gf,3.160,mm,OK,--,9:32:38 PM,6/20/2025,
1168,42.2,gf,3.155,mm,OK,--,9:32:38 PM,6/20/2025,
1169,42.2,gf,3.145,mm,OK,--,9:32:38 PM,6/20/2025,
1170,42.2,gf,3.135,mm,OK,--,9:32:38 PM,6/20/2025,
1171,42.1,gf,3.125,mm,OK,--,9:32:38 PM,6/20/2025,
1172,42.1,gf,3.110,mm,OK,--,9:32:38 PM,6/20/2025,
1173,42.1,gf,3.100,mm,OK,--,9:32:38 PM,6/20/2025,
1174,42.1,gf,3.095,mm,OK,--,9:32:38 PM,6/20/2025,
1175,42.0,gf,3.085,mm,OK,--,9:32:39 PM,6/20/2025,
1176,42.0,gf,3.075,mm,OK,--,9:32:39 PM,6/20/2025,
1177,41.9,gf,3.065,mm,OK,--,9:32:39 PM,6/20/2025,
1178,41.9,gf,3.055,mm,OK,--,9:32:39 PM,6/20/2025,
1179,41.9,gf,3.050,mm,OK,--,9:32:39 PM,6/20/2025,
1180,41.9,gf,3.040,mm,OK,--,9:32:39 PM,6/20/2025,
1181,41.9,gf,3.035,mm,OK,--,9:32:39 PM,6/20/2025,
1182,41.9,gf,3.025,mm,OK,--,9:32:39 PM,6/20/2025,
1183,41.8,gf,3.015,mm,OK,--,9:32:39 PM,6/20/2025,
1184,41.8,gf,3.005,mm,OK,--,9:32:39 PM,6/20/2025,
1185,41.8,gf,2.995,mm,OK,--,9:32:40 PM,6/20/2025,
1186,41.8,gf,2.985,mm,OK,--,9:32:40 PM,6/20/2025,
1187,41.7,gf,2.975,mm,OK,--,9:32:40 PM,6/20/2025,
1188,41.7,gf,2.970,mm,OK,--,9:32:40 PM,6/20/2025,
1189,41.7,gf,2.965,mm,OK,--,9:32:40 PM,6/20/2025,
1190,41.7,gf,2.955,mm,OK,--,9:32:40 PM,6/20/2025,
1191,41.6,gf,2.955,mm,OK,--,9:32:40 PM,6/20/2025,
1192,41.7,gf,2.950,mm,OK,--,9:32:40 PM,6/20/2025,
1193,41.7,gf,2.945,mm,OK,--,9:32:40 PM,6/20/2025,
1194,41.7,gf,2.940,mm,OK,--,9:32:40 PM,6/20/2025,
1195,41.7,gf,2.935,mm,OK,--,9:32:41 PM,6/20/2025,
1196,41.6,gf,2.930,mm,OK,--,9:32:41 PM,6/20/2025,
1197,41.6,gf,2.925,mm,OK,--,9:32:41 PM,6/20/2025,
1198,41.6,gf,2.920,mm,OK,--,9:32:41 PM,6/20/2025,
1199,41.5,gf,2.915,mm,OK,--,9:32:41 PM,6/20/2025,
1200,41.5,gf,2.910,mm,OK,--,9:32:41 PM,6/20/2025,
1201,41.5,gf,2.905,mm,OK,--,9:32:41 PM,6/20/2025,
1202,41.5,gf,2.900,mm,OK,--,9:32:41 PM,6/20/2025,
1203,41.5,gf,2.895,mm,OK,--,9:32:41 PM,6/20/2025,
1204,41.5,gf,2.890,mm,OK,--,9:32:41 PM,6/20/2025,
1205,41.5,gf,2.885,mm,OK,--,9:32:42 PM,6/20/2025,
1206,41.4,gf,2.875,mm,OK,--,9:32:42 PM,6/20/2025,
1207,41.4,gf,2.865,mm,OK,--,9:32:42 PM,6/20/2025,
1208,41.4,gf,2.855,mm,OK,--,9:32:42 PM,6/20/2025,
1209,41.4,gf,2.850,mm,OK,--,9:32:42 PM,6/20/2025,
1210,41.3,gf,2.845,mm,OK,--,9:32:42 PM,6/20/2025,
1211,41.3,gf,2.835,mm,OK,--,9:32:42 PM,6/20/2025,
1212,41.3,gf,2.830,mm,OK,--,9:32:42 PM,6/20/2025,
1213,41.3,gf,2.825,mm,OK,--,9:32:42 PM,6/20/2025,
1214,41.3,gf,2.815,mm,OK,--,9:32:42 PM,6/20/2025,
1215,41.3,gf,2.810,mm,OK,--,9:32:43 PM,6/20/2025,
1216,41.2,gf,2.805,mm,OK,--,9:32:43 PM,6/20/2025,
1217,41.2,gf,2.795,mm,OK,--,9:32:43 PM,6/20/2025,
1218,41.2,gf,2.790,mm,OK,--,9:32:43 PM,6/20/2025,
1219,41.1,gf,2.785,mm,OK,--,9:32:43 PM,6/20/2025,
1220,41.1,gf,2.780,mm,OK,--,9:32:43 PM,6/20/2025,
1221,41.1,gf,2.775,mm,OK,--,9:32:43 PM,6/20/2025,
1222,41.1,gf,2.765,mm,OK,--,9:32:43 PM,6/20/2025,
1223,41.1,gf,2.760,mm,OK,--,9:32:43 PM,6/20/2025,
1224,41.1,gf,2.755,mm,OK,--,9:32:43 PM,6/20/2025,
1225,41.0,gf,2.750,mm,OK,--,9:32:44 PM,6/20/2025,
1226,41.1,gf,2.745,mm,OK,--,9:32:44 PM,6/20/2025,
1227,41.0,gf,2.745,mm,OK,--,9:32:44 PM,6/20/2025,
1228,41.0,gf,2.740,mm,OK,--,9:32:44 PM,6/20/2025,
1229,41.0,gf,2.735,mm,OK,--,9:32:44 PM,6/20/2025,
1230,41.0,gf,2.730,mm,OK,--,9:32:44 PM,6/20/2025,
1231,41.0,gf,2.720,mm,OK,--,9:32:44 PM,6/20/2025,
1232,41.0,gf,2.715,mm,OK,--,9:32:44 PM,6/20/2025,
1233,41.0,gf,2.705,mm,OK,--,9:32:44 PM,6/20/2025,
1234,41.0,gf,2.695,mm,OK,--,9:32:44 PM,6/20/2025,
1235,40.9,gf,2.685,mm,OK,--,9:32:45 PM,6/20/2025,
1236,40.9,gf,2.680,mm,OK,--,9:32:45 PM,6/20/2025,
1237,40.9,gf,2.675,mm,OK,--,9:32:45 PM,6/20/2025,
1238,40.8,gf,2.665,mm,OK,--,9:32:45 PM,6/20/2025,
1239,40.9,gf,2.660,mm,OK,--,9:32:45 PM,6/20/2025,
1240,40.8,gf,2.655,mm,OK,--,9:32:45 PM,6/20/2025,
1241,40.8,gf,2.650,mm,OK,--,9:32:45 PM,6/20/2025,
1242,40.8,gf,2.645,mm,OK,--,9:32:45 PM,6/20/2025,
1243,40.8,gf,2.635,mm,OK,--,9:32:45 PM,6/20/2025,
1244,40.7,gf,2.630,mm,OK,--,9:32:45 PM,6/20/2025,
1245,40.7,gf,2.625,mm,OK,--,9:32:46 PM,6/20/2025,
1246,40.7,gf,2.620,mm,OK,--,9:32:46 PM,6/20/2025,
1247,40.7,gf,2.610,mm,OK,--,9:32:46 PM,6/20/2025,
1248,40.7,gf,2.605,mm,OK,--,9:32:46 PM,6/20/2025,
1249,40.6,gf,2.600,mm,OK,--,9:32:46 PM,6/20/2025,
1250,40.6,gf,2.595,mm,OK,--,9:32:46 PM,6/20/2025,
1251,40.6,gf,2.590,mm,OK,--,9:32:46 PM,6/20/2025,
1252,40.6,gf,2.580,mm,OK,--,9:32:46 PM,6/20/2025,
1253,40.5,gf,2.575,mm,OK,--,9:32:46 PM,6/20/2025,
1254,40.5,gf,2.570,mm,OK,--,9:32:46 PM,6/20/2025,
1255,40.5,gf,2.565,mm,OK,--,9:32:47 PM,6/20/2025,
1256,40.5,gf,2.560,mm,OK,--,9:32:47 PM,6/20/2025,
1257,40.5,gf,2.550,mm,OK,--,9:32:47 PM,6/20/2025,
1258,40.5,gf,2.545,mm,OK,--,9:32:47 PM,6/20/2025,
1259,40.4,gf,2.540,mm,OK,--,9:32:47 PM,6/20/2025,
1260,40.4,gf,2.530,mm,OK,--,9:32:47 PM,6/20/2025,
1261,40.4,gf,2.520,mm,OK,--,9:32:47 PM,6/20/2025,
1262,40.4,gf,2.510,mm,OK,--,9:32:47 PM,6/20/2025,
1263,40.3,gf,2.500,mm,OK,--,9:32:47 PM,6/20/2025,
1264,40.3,gf,2.490,mm,OK,--,9:32:47 PM,6/20/2025,
1265,40.3,gf,2.480,mm,OK,--,9:32:48 PM,6/20/2025,
1266,40.3,gf,2.470,mm,OK,--,9:32:48 PM,6/20/2025,
1267,40.2,gf,2.470,mm,OK,--,9:32:48 PM,6/20/2025,
1268,40.2,gf,2.465,mm,OK,--,9:32:48 PM,6/20/2025,
1269,40.2,gf,2.460,mm,OK,--,9:32:48 PM,6/20/2025,
1270,40.2,gf,2.450,mm,OK,--,9:32:48 PM,6/20/2025,
1271,40.2,gf,2.445,mm,OK,--,9:32:48 PM,6/20/2025,
1272,40.2,gf,2.440,mm,OK,--,9:32:48 PM,6/20/2025,
1273,40.2,gf,2.440,mm,OK,--,9:32:48 PM,6/20/2025,
1274,40.2,gf,2.435,mm,OK,--,9:32:48 PM,6/20/2025,
1275,40.1,gf,2.435,mm,OK,--,9:32:49 PM,6/20/2025,
1276,40.1,gf,2.430,mm,OK,--,9:32:49 PM,6/20/2025,
1277,40.1,gf,2.425,mm,OK,--,9:32:49 PM,6/20/2025,
1278,40.1,gf,2.420,mm,OK,--,9:32:49 PM,6/20/2025,
1279,40.2,gf,2.420,mm,OK,--,9:32:49 PM,6/20/2025,
1280,40.2,gf,2.415,mm,OK,--,9:32:49 PM,6/20/2025,
1281,40.1,gf,2.410,mm,OK,--,9:32:49 PM,6/20/2025,
1282,40.1,gf,2.400,mm,OK,--,9:32:49 PM,6/20/2025,
1283,40.0,gf,2.390,mm,OK,--,9:32:49 PM,6/20/2025,
1284,40.0,gf,2.380,mm,OK,--,9:32:49 PM,6/20/2025,
1285,39.9,gf,2.375,mm,OK,--,9:32:50 PM,6/20/2025,
1286,39.9,gf,2.365,mm,OK,--,9:32:50 PM,6/20/2025,
1287,39.9,gf,2.360,mm,OK,--,9:32:50 PM,6/20/2025,
1288,39.8,gf,2.350,mm,OK,--,9:32:50 PM,6/20/2025,
1289,39.8,gf,2.345,mm,OK,--,9:32:50 PM,6/20/2025,
1290,39.8,gf,2.340,mm,OK,--,9:32:50 PM,6/20/2025,
1291,39.8,gf,2.330,mm,OK,--,9:32:50 PM,6/20/2025,
1292,39.8,gf,2.325,mm,OK,--,9:32:50 PM,6/20/2025,
1293,39.9,gf,2.315,mm,OK,--,9:32:50 PM,6/20/2025,
1294,39.8,gf,2.310,mm,OK,--,9:32:50 PM,6/20/2025,
1295,39.8,gf,2.305,mm,OK,--,9:32:51 PM,6/20/2025,
1296,39.8,gf,2.305,mm,OK,--,9:32:51 PM,6/20/2025,
1297,39.7,gf,2.300,mm,OK,--,9:32:51 PM,6/20/2025,
1298,39.8,gf,2.295,mm,OK,--,9:32:51 PM,6/20/2025,
1299,39.7,gf,2.290,mm,OK,--,9:32:51 PM,6/20/2025,
1300,39.7,gf,2.285,mm,OK,--,9:32:51 PM,6/20/2025,
1301,39.7,gf,2.285,mm,OK,--,9:32:51 PM,6/20/2025,
1302,39.7,gf,2.280,mm,OK,--,9:32:51 PM,6/20/2025,
1303,39.7,gf,2.275,mm,OK,--,9:32:51 PM,6/20/2025,
1304,39.7,gf,2.275,mm,OK,--,9:32:51 PM,6/20/2025,
1305,39.7,gf,2.270,mm,OK,--,9:32:52 PM,6/20/2025,
1306,39.6,gf,2.265,mm,OK,--,9:32:52 PM,6/20/2025,
1307,39.6,gf,2.265,mm,OK,--,9:32:52 PM,6/20/2025,
1308,39.6,gf,2.260,mm,OK,--,9:32:52 PM,6/20/2025,
1309,39.6,gf,2.255,mm,OK,--,9:32:52 PM,6/20/2025,
1310,39.5,gf,2.255,mm,OK,--,9:32:52 PM,6/20/2025,
1311,39.5,gf,2.250,mm,OK,--,9:32:52 PM,6/20/2025,
1312,39.5,gf,2.245,mm,OK,--,9:32:52 PM,6/20/2025,
1313,39.5,gf,2.240,mm,OK,--,9:32:52 PM,6/20/2025,
1314,39.5,gf,2.235,mm,OK,--,9:32:52 PM,6/20/2025,
1315,39.4,gf,2.230,mm,OK,--,9:32:53 PM,6/20/2025,
1316,39.4,gf,2.220,mm,OK,--,9:32:53 PM,6/20/2025,
1317,39.4,gf,2.215,mm,OK,--,9:32:53 PM,6/20/2025,
1318,39.4,gf,2.210,mm,OK,--,9:32:53 PM,6/20/2025,
1319,39.4,gf,2.205,mm,OK,--,9:32:53 PM,6/20/2025,
1320,39.3,gf,2.195,mm,OK,--,9:32:53 PM,6/20/2025,
1321,39.3,gf,2.185,mm,OK,--,9:32:53 PM,6/20/2025,
1322,39.3,gf,2.170,mm,OK,--,9:32:53 PM,6/20/2025,
1323,39.3,gf,2.155,mm,OK,--,9:32:53 PM,6/20/2025,
1324,39.3,gf,2.145,mm,OK,--,9:32:53 PM,6/20/2025,
1325,39.3,gf,2.140,mm,OK,--,9:32:54 PM,6/20/2025,
1326,39.3,gf,2.135,mm,OK,--,9:32:54 PM,6/20/2025,
1327,39.2,gf,2.125,mm,OK,--,9:32:54 PM,6/20/2025,
1328,39.2,gf,2.120,mm,OK,--,9:32:54 PM,6/20/2025,
1329,39.2,gf,2.115,mm,OK,--,9:32:54 PM,6/20/2025,
1330,39.2,gf,2.105,mm,OK,--,9:32:54 PM,6/20/2025,
1331,39.1,gf,2.095,mm,OK,--,9:32:54 PM,6/20/2025,
1332,39.0,gf,2.090,mm,OK,--,9:32:54 PM,6/20/2025,
1333,38.9,gf,2.080,mm,OK,--,9:32:54 PM,6/20/2025,
1334,38.7,gf,2.075,mm,OK,--,9:32:54 PM,6/20/2025,
1335,38.5,gf,2.070,mm,OK,--,9:32:55 PM,6/20/2025,
1336,38.2,gf,2.065,mm,OK,--,9:32:55 PM,6/20/2025,
1337,38.0,gf,2.060,mm,OK,--,9:32:55 PM,6/20/2025,
1338,37.8,gf,2.050,mm,OK,--,9:32:55 PM,6/20/2025,
1339,37.6,gf,2.045,mm,OK,--,9:32:55 PM,6/20/2025,
1340,37.6,gf,2.035,mm,OK,--,9:32:55 PM,6/20/2025,
1341,37.5,gf,2.030,mm,OK,--,9:32:55 PM,6/20/2025,
1342,37.4,gf,2.025,mm,OK,--,9:32:55 PM,6/20/2025,
1343,37.3,gf,2.015,mm,OK,--,9:32:55 PM,6/20/2025,
1344,37.2,gf,2.010,mm,OK,--,9:32:55 PM,6/20/2025,
1345,37.1,gf,2.005,mm,OK,--,9:32:56 PM,6/20/2025,
1346,36.9,gf,2.000,mm,OK,--,9:32:56 PM,6/20/2025,
1347,37.0,gf,1.995,mm,OK,--,9:32:56 PM,6/20/2025,
1348,37.0,gf,1.990,mm,OK,--,9:32:56 PM,6/20/2025,
1349,37.1,gf,1.985,mm,OK,--,9:32:56 PM,6/20/2025,
1350,36.9,gf,1.980,mm,OK,--,9:32:56 PM,6/20/2025,
1351,36.8,gf,1.980,mm,OK,--,9:32:56 PM,6/20/2025,
1352,36.8,gf,1.975,mm,OK,--,9:32:56 PM,6/20/2025,
1353,36.7,gf,1.970,mm,OK,--,9:32:56 PM,6/20/2025,
1354,36.6,gf,1.970,mm,OK,--,9:32:56 PM,6/20/2025,
1355,36.6,gf,1.965,mm,OK,--,9:32:57 PM,6/20/2025,
1356,36.5,gf,1.965,mm,OK,--,9:32:57 PM,6/20/2025,
1357,36.4,gf,1.960,mm,OK,--,9:32:57 PM,6/20/2025,
1358,36.3,gf,1.955,mm,OK,--,9:32:57 PM,6/20/2025,
1359,36.2,gf,1.950,mm,OK,--,9:32:57 PM,6/20/2025,
1360,36.1,gf,1.945,mm,OK,--,9:32:57 PM,6/20/2025,
1361,36.0,gf,1.945,mm,OK,--,9:32:57 PM,6/20/2025,
1362,35.9,gf,1.940,mm,OK,--,9:32:57 PM,6/20/2025,
1363,35.7,gf,1.935,mm,OK,--,9:32:57 PM,6/20/2025,
1364,35.5,gf,1.930,mm,OK,--,9:32:57 PM,6/20/2025,
1365,35.4,gf,1.920,mm,OK,--,9:32:58 PM,6/20/2025,
1366,35.1,gf,1.915,mm,OK,--,9:32:58 PM,6/20/2025,
1367,34.8,gf,1.905,mm,OK,--,9:32:58 PM,6/20/2025,
1368,34.5,gf,1.895,mm,OK,--,9:32:58 PM,6/20/2025,
1369,34.3,gf,1.890,mm,OK,--,9:32:58 PM,6/20/2025,
1370,34.1,gf,1.880,mm,OK,--,9:32:58 PM,6/20/2025,
1371,34.1,gf,1.875,mm,OK,--,9:32:58 PM,6/20/2025,
1372,34.1,gf,1.870,mm,OK,--,9:32:58 PM,6/20/2025,
1373,34.1,gf,1.865,mm,OK,--,9:32:58 PM,6/20/2025,
1374,34.0,gf,1.865,mm,OK,--,9:32:58 PM,6/20/2025,
1375,34.0,gf,1.860,mm,OK,--,9:32:59 PM,6/20/2025,
1376,34.0,gf,1.855,mm,OK,--,9:32:59 PM,6/20/2025,
1377,34.0,gf,1.855,mm,OK,--,9:32:59 PM,6/20/2025,
1378,34.0,gf,1.850,mm,OK,--,9:32:59 PM,6/20/2025,
1379,34.0,gf,1.850,mm,OK,--,9:32:59 PM,6/20/2025,
1380,34.0,gf,1.845,mm,OK,--,9:32:59 PM,6/20/2025,
1381,33.9,gf,1.840,mm,OK,--,9:32:59 PM,6/20/2025,
1382,33.9,gf,1.840,mm,OK,--,9:32:59 PM,6/20/2025,
1383,33.9,gf,1.835,mm,OK,--,9:32:59 PM,6/20/2025,
1384,33.9,gf,1.835,mm,OK,--,9:32:59 PM,6/20/2025,
1385,33.9,gf,1.830,mm,OK,--,9:33:00 PM,6/20/2025,
1386,33.9,gf,1.830,mm,OK,--,9:33:00 PM,6/20/2025,
1387,33.8,gf,1.825,mm,OK,--,9:33:00 PM,6/20/2025,
1388,33.8,gf,1.820,mm,OK,--,9:33:00 PM,6/20/2025,
1389,33.8,gf,1.815,mm,OK,--,9:33:00 PM,6/20/2025,
1390,33.7,gf,1.810,mm,OK,--,9:33:00 PM,6/20/2025,
1391,33.5,gf,1.805,mm,OK,--,9:33:00 PM,6/20/2025,
1392,33.6,gf,1.800,mm,OK,--,9:33:00 PM,6/20/2025,
1393,33.6,gf,1.795,mm,OK,--,9:33:00 PM,6/20/2025,
1394,33.7,gf,1.790,mm,OK,--,9:33:00 PM,6/20/2025,
1395,33.7,gf,1.780,mm,OK,--,9:33:01 PM,6/20/2025,
1396,33.7,gf,1.770,mm,OK,--,9:33:01 PM,6/20/2025,
1397,33.7,gf,1.760,mm,OK,--,9:33:01 PM,6/20/2025,
1398,33.7,gf,1.745,mm,OK,--,9:33:01 PM,6/20/2025,
1399,33.6,gf,1.730,mm,OK,--,9:33:01 PM,6/20/2025,
1400,33.6,gf,1.725,mm,OK,--,9:33:01 PM,6/20/2025,
1401,33.4,gf,1.715,mm,OK,--,9:33:01 PM,6/20/2025,
1402,33.5,gf,1.710,mm,OK,--,9:33:01 PM,6/20/2025,
1403,33.3,gf,1.705,mm,OK,--,9:33:01 PM,6/20/2025,
1404,33.3,gf,1.705,mm,OK,--,9:33:01 PM,6/20/2025,
1405,33.3,gf,1.700,mm,OK,--,9:33:02 PM,6/20/2025,
1406,33.3,gf,1.695,mm,OK,--,9:33:02 PM,6/20/2025,
1407,33.3,gf,1.690,mm,OK,--,9:33:02 PM,6/20/2025,
1408,33.3,gf,1.690,mm,OK,--,9:33:02 PM,6/20/2025,
1409,33.3,gf,1.685,mm,OK,--,9:33:02 PM,6/20/2025,
1410,33.3,gf,1.680,mm,OK,--,9:33:02 PM,6/20/2025,
1411,33.3,gf,1.680,mm,OK,--,9:33:02 PM,6/20/2025,
1412,33.3,gf,1.675,mm,OK,--,9:33:02 PM,6/20/2025,
1413,33.3,gf,1.670,mm,OK,--,9:33:02 PM,6/20/2025,
1414,33.3,gf,1.665,mm,OK,--,9:33:02 PM,6/20/2025,
1415,33.3,gf,1.665,mm,OK,--,9:33:03 PM,6/20/2025,
1416,33.1,gf,1.660,mm,OK,--,9:33:03 PM,6/20/2025,
1417,33.0,gf,1.655,mm,OK,--,9:33:03 PM,6/20/2025,
1418,33.0,gf,1.650,mm,OK,--,9:33:03 PM,6/20/2025,
1419,32.9,gf,1.645,mm,OK,--,9:33:03 PM,6/20/2025,
1420,32.9,gf,1.635,mm,OK,--,9:33:03 PM,6/20/2025,
1421,32.9,gf,1.630,mm,OK,--,9:33:03 PM,6/20/2025,
1422,32.9,gf,1.625,mm,OK,--,9:33:03 PM,6/20/2025,
1423,32.8,gf,1.620,mm,OK,--,9:33:03 PM,6/20/2025,
1424,32.8,gf,1.610,mm,OK,--,9:33:03 PM,6/20/2025,
1425,32.9,gf,1.600,mm,OK,--,9:33:04 PM,6/20/2025,
1426,32.9,gf,1.585,mm,OK,--,9:33:04 PM,6/20/2025,
1427,32.7,gf,1.575,mm,OK,--,9:33:04 PM,6/20/2025,
1428,32.6,gf,1.560,mm,OK,--,9:33:04 PM,6/20/2025,
1429,32.5,gf,1.550,mm,OK,--,9:33:04 PM,6/20/2025,
1430,32.5,gf,1.540,mm,OK,--,9:33:04 PM,6/20/2025,
1431,32.5,gf,1.525,mm,OK,--,9:33:04 PM,6/20/2025,
1432,32.4,gf,1.515,mm,OK,--,9:33:04 PM,6/20/2025,
1433,32.4,gf,1.510,mm,OK,--,9:33:04 PM,6/20/2025,
1434,32.2,gf,1.500,mm,OK,--,9:33:04 PM,6/20/2025,
1435,32.3,gf,1.490,mm,OK,--,9:33:05 PM,6/20/2025,
1436,32.3,gf,1.475,mm,OK,--,9:33:05 PM,6/20/2025,
1437,32.4,gf,1.470,mm,OK,--,9:33:05 PM,6/20/2025,
1438,32.5,gf,1.465,mm,OK,--,9:33:05 PM,6/20/2025,
1439,32.3,gf,1.465,mm,OK,--,9:33:05 PM,6/20/2025,
1440,32.3,gf,1.460,mm,OK,--,9:33:05 PM,6/20/2025,
1441,32.2,gf,1.455,mm,OK,--,9:33:05 PM,6/20/2025,
1442,32.3,gf,1.445,mm,OK,--,9:33:05 PM,6/20/2025,
1443,32.3,gf,1.440,mm,OK,--,9:33:05 PM,6/20/2025,
1444,32.3,gf,1.435,mm,OK,--,9:33:05 PM,6/20/2025,
1445,32.1,gf,1.430,mm,OK,--,9:33:06 PM,6/20/2025,
1446,32.1,gf,1.420,mm,OK,--,9:33:06 PM,6/20/2025,
1447,32.0,gf,1.405,mm,OK,--,9:33:06 PM,6/20/2025,
1448,32.1,gf,1.395,mm,OK,--,9:33:06 PM,6/20/2025,
1449,32.1,gf,1.385,mm,OK,--,9:33:06 PM,6/20/2025,
1450,32.1,gf,1.375,mm,OK,--,9:33:06 PM,6/20/2025,
1451,32.1,gf,1.365,mm,OK,--,9:33:06 PM,6/20/2025,
1452,32.1,gf,1.355,mm,OK,--,9:33:06 PM,6/20/2025,
1453,32.2,gf,1.350,mm,OK,--,9:33:06 PM,6/20/2025,
1454,32.1,gf,1.340,mm,OK,--,9:33:06 PM,6/20/2025,
1455,32.0,gf,1.330,mm,OK,--,9:33:07 PM,6/20/2025,
1456,32.0,gf,1.325,mm,OK,--,9:33:07 PM,6/20/2025,
1457,31.9,gf,1.315,mm,OK,--,9:33:07 PM,6/20/2025,
1458,31.8,gf,1.305,mm,OK,--,9:33:07 PM,6/20/2025,
1459,31.7,gf,1.295,mm,OK,--,9:33:07 PM,6/20/2025,
1460,31.8,gf,1.285,mm,OK,--,9:33:07 PM,6/20/2025,
1461,31.6,gf,1.275,mm,OK,--,9:33:07 PM,6/20/2025,
1462,31.5,gf,1.265,mm,OK,--,9:33:07 PM,6/20/2025,
1463,31.6,gf,1.260,mm,OK,--,9:33:07 PM,6/20/2025,
1464,31.5,gf,1.255,mm,OK,--,9:33:07 PM,6/20/2025,
1465,31.6,gf,1.250,mm,OK,--,9:33:08 PM,6/20/2025,
1466,31.5,gf,1.250,mm,OK,--,9:33:08 PM,6/20/2025,
1467,31.5,gf,1.245,mm,OK,--,9:33:08 PM,6/20/2025,
1468,31.4,gf,1.240,mm,OK,--,9:33:08 PM,6/20/2025,
1469,31.4,gf,1.235,mm,OK,--,9:33:08 PM,6/20/2025,
1470,31.4,gf,1.235,mm,OK,--,9:33:08 PM,6/20/2025,
1471,31.4,gf,1.230,mm,OK,--,9:33:08 PM,6/20/2025,
1472,31.4,gf,1.225,mm,OK,--,9:33:08 PM,6/20/2025,
1473,31.3,gf,1.220,mm,OK,--,9:33:08 PM,6/20/2025,
1474,31.3,gf,1.215,mm,OK,--,9:33:08 PM,6/20/2025,
1475,31.3,gf,1.210,mm,OK,--,9:33:09 PM,6/20/2025,
1476,31.4,gf,1.205,mm,OK,--,9:33:09 PM,6/20/2025,
1477,31.4,gf,1.200,mm,OK,--,9:33:09 PM,6/20/2025,
1478,31.3,gf,1.195,mm,OK,--,9:33:09 PM,6/20/2025,
1479,31.2,gf,1.190,mm,OK,--,9:33:09 PM,6/20/2025,
1480,31.2,gf,1.185,mm,OK,--,9:33:09 PM,6/20/2025,
1481,31.2,gf,1.180,mm,OK,--,9:33:09 PM,6/20/2025,
1482,31.2,gf,1.170,mm,OK,--,9:33:09 PM,6/20/2025,
1483,31.0,gf,1.165,mm,OK,--,9:33:09 PM,6/20/2025,
1484,31.0,gf,1.160,mm,OK,--,9:33:09 PM,6/20/2025,
1485,31.0,gf,1.150,mm,OK,--,9:33:10 PM,6/20/2025,
1486,30.9,gf,1.145,mm,OK,--,9:33:10 PM,6/20/2025,
1487,30.8,gf,1.135,mm,OK,--,9:33:10 PM,6/20/2025,
1488,30.7,gf,1.130,mm,OK,--,9:33:10 PM,6/20/2025,
1489,30.8,gf,1.130,mm,OK,--,9:33:10 PM,6/20/2025,
1490,30.8,gf,1.125,mm,OK,--,9:33:10 PM,6/20/2025,
1491,30.8,gf,1.120,mm,OK,--,9:33:10 PM,6/20/2025,
1492,30.9,gf,1.115,mm,OK,--,9:33:10 PM,6/20/2025,
1493,31.0,gf,1.110,mm,OK,--,9:33:10 PM,6/20/2025,
1494,30.8,gf,1.100,mm,OK,--,9:33:10 PM,6/20/2025,
1495,30.9,gf,1.090,mm,OK,--,9:33:11 PM,6/20/2025,
1496,31.0,gf,1.085,mm,OK,--,9:33:11 PM,6/20/2025,
1497,30.9,gf,1.080,mm,OK,--,9:33:11 PM,6/20/2025,
1498,30.8,gf,1.075,mm,OK,--,9:33:11 PM,6/20/2025,
1499,30.8,gf,1.070,mm,OK,--,9:33:11 PM,6/20/2025,
1500,30.8,gf,1.070,mm,OK,--,9:33:11 PM,6/20/2025,
1501,30.8,gf,1.065,mm,OK,--,9:33:11 PM,6/20/2025,
1502,30.7,gf,1.060,mm,OK,--,9:33:11 PM,6/20/2025,
1503,30.6,gf,1.055,mm,OK,--,9:33:11 PM,6/20/2025,
1504,30.7,gf,1.050,mm,OK,--,9:33:11 PM,6/20/2025,
1505,30.8,gf,1.045,mm,OK,--,9:33:12 PM,6/20/2025,
1506,30.8,gf,1.045,mm,OK,--,9:33:12 PM,6/20/2025,
1507,30.7,gf,1.040,mm,OK,--,9:33:12 PM,6/20/2025,
1508,30.7,gf,1.040,mm,OK,--,9:33:12 PM,6/20/2025,
1509,30.7,gf,1.035,mm,OK,--,9:33:12 PM,6/20/2025,
1510,30.6,gf,1.035,mm,OK,--,9:33:12 PM,6/20/2025,
1511,30.5,gf,1.030,mm,OK,--,9:33:12 PM,6/20/2025,
1512,30.5,gf,1.030,mm,OK,--,9:33:12 PM,6/20/2025,
1513,30.5,gf,1.025,mm,OK,--,9:33:12 PM,6/20/2025,
1514,30.5,gf,1.025,mm,OK,--,9:33:12 PM,6/20/2025,
1515,30.5,gf,1.020,mm,OK,--,9:33:13 PM,6/20/2025,
1516,30.5,gf,1.015,mm,OK,--,9:33:13 PM,6/20/2025,
1517,30.4,gf,1.010,mm,OK,--,9:33:13 PM,6/20/2025,
1518,30.5,gf,1.005,mm,OK,--,9:33:13 PM,6/20/2025,
1519,30.5,gf,1.000,mm,OK,--,9:33:13 PM,6/20/2025,
1520,30.4,gf,0.995,mm,OK,--,9:33:13 PM,6/20/2025,
1521,30.4,gf,0.990,mm,OK,--,9:33:13 PM,6/20/2025,
1522,30.4,gf,0.985,mm,OK,--,9:33:13 PM,6/20/2025,
1523,30.4,gf,0.980,mm,OK,--,9:33:13 PM,6/20/2025,
1524,30.3,gf,0.980,mm,OK,--,9:33:13 PM,6/20/2025,
1525,30.3,gf,0.975,mm,OK,--,9:33:14 PM,6/20/2025,
1526,30.1,gf,0.970,mm,OK,--,9:33:14 PM,6/20/2025,
1527,30.2,gf,0.965,mm,OK,--,9:33:14 PM,6/20/2025,
1528,30.1,gf,0.960,mm,OK,--,9:33:14 PM,6/20/2025,
1529,30.1,gf,0.955,mm,OK,--,9:33:14 PM,6/20/2025,
1530,30.2,gf,0.950,mm,OK,--,9:33:14 PM,6/20/2025,
1531,30.2,gf,0.940,mm,OK,--,9:33:14 PM,6/20/2025,
1532,30.1,gf,0.935,mm,OK,--,9:33:14 PM,6/20/2025,
1533,30.1,gf,0.925,mm,OK,--,9:33:14 PM,6/20/2025,
1534,30.1,gf,0.925,mm,OK,--,9:33:14 PM,6/20/2025,
1535,30.0,gf,0.920,mm,OK,--,9:33:15 PM,6/20/2025,
1536,30.0,gf,0.915,mm,OK,--,9:33:15 PM,6/20/2025,
1537,30.0,gf,0.910,mm,OK,--,9:33:15 PM,6/20/2025,
1538,30.0,gf,0.905,mm,OK,--,9:33:15 PM,6/20/2025,
1539,30.0,gf,0.900,mm,OK,--,9:33:15 PM,6/20/2025,
1540,30.0,gf,0.895,mm,OK,--,9:33:15 PM,6/20/2025,
1541,29.9,gf,0.895,mm,OK,--,9:33:15 PM,6/20/2025,
1542,29.9,gf,0.890,mm,OK,--,9:33:15 PM,6/20/2025,
1543,29.7,gf,0.885,mm,OK,--,9:33:15 PM,6/20/2025,
1544,29.8,gf,0.880,mm,OK,--,9:33:15 PM,6/20/2025,
1545,29.8,gf,0.875,mm,OK,--,9:33:16 PM,6/20/2025,
1546,29.8,gf,0.870,mm,OK,--,9:33:16 PM,6/20/2025,
1547,29.8,gf,0.865,mm,OK,--,9:33:16 PM,6/20/2025,
1548,29.8,gf,0.860,mm,OK,--,9:33:16 PM,6/20/2025,
1549,29.8,gf,0.855,mm,OK,--,9:33:16 PM,6/20/2025,
1550,29.9,gf,0.850,mm,OK,--,9:33:16 PM,6/20/2025,
1551,29.8,gf,0.845,mm,OK,--,9:33:16 PM,6/20/2025,
1552,29.7,gf,0.845,mm,OK,--,9:33:16 PM,6/20/2025,
1553,29.6,gf,0.840,mm,OK,--,9:33:16 PM,6/20/2025,
1554,29.7,gf,0.835,mm,OK,--,9:33:16 PM,6/20/2025,
1555,29.7,gf,0.835,mm,OK,--,9:33:17 PM,6/20/2025,
1556,29.7,gf,0.830,mm,OK,--,9:33:17 PM,6/20/2025,
1557,29.7,gf,0.825,mm,OK,--,9:33:17 PM,6/20/2025,
1558,29.7,gf,0.825,mm,OK,--,9:33:17 PM,6/20/2025,
1559,29.7,gf,0.820,mm,OK,--,9:33:17 PM,6/20/2025,
1560,29.7,gf,0.820,mm,OK,--,9:33:17 PM,6/20/2025,
1561,29.5,gf,0.815,mm,OK,--,9:33:17 PM,6/20/2025,
1562,29.6,gf,0.810,mm,OK,--,9:33:17 PM,6/20/2025,
1563,29.6,gf,0.805,mm,OK,--,9:33:17 PM,6/20/2025,
1564,29.6,gf,0.800,mm,OK,--,9:33:17 PM,6/20/2025,
1565,29.6,gf,0.795,mm,OK,--,9:33:18 PM,6/20/2025,
1566,29.5,gf,0.795,mm,OK,--,9:33:18 PM,6/20/2025,
1567,29.5,gf,0.790,mm,OK,--,9:33:18 PM,6/20/2025,
1568,29.4,gf,0.790,mm,OK,--,9:33:18 PM,6/20/2025,
1569,29.4,gf,0.785,mm,OK,--,9:33:18 PM,6/20/2025,
1570,29.4,gf,0.780,mm,OK,--,9:33:18 PM,6/20/2025,
1571,29.4,gf,0.775,mm,OK,--,9:33:18 PM,6/20/2025,
1572,29.4,gf,0.775,mm,OK,--,9:33:18 PM,6/20/2025,
1573,29.6,gf,0.770,mm,OK,--,9:33:18 PM,6/20/2025,
1574,29.6,gf,0.765,mm,OK,--,9:33:18 PM,6/20/2025,
1575,29.6,gf,0.765,mm,OK,--,9:33:19 PM,6/20/2025,
1576,29.5,gf,0.760,mm,OK,--,9:33:19 PM,6/20/2025,
1577,29.5,gf,0.760,mm,OK,--,9:33:19 PM,6/20/2025,
1578,29.4,gf,0.755,mm,OK,--,9:33:19 PM,6/20/2025,
1579,29.4,gf,0.755,mm,OK,--,9:33:19 PM,6/20/2025,
1580,29.4,gf,0.750,mm,OK,--,9:33:19 PM,6/20/2025,
1581,29.4,gf,0.750,mm,OK,--,9:33:19 PM,6/20/2025,
1582,29.5,gf,0.745,mm,OK,--,9:33:19 PM,6/20/2025,
1583,29.6,gf,0.740,mm,OK,--,9:33:19 PM,6/20/2025,
1584,29.6,gf,0.735,mm,OK,--,9:33:19 PM,6/20/2025,
1585,29.7,gf,0.735,mm,OK,--,9:33:20 PM,6/20/2025,
1586,29.7,gf,0.730,mm,OK,--,9:33:20 PM,6/20/2025,
1587,29.7,gf,0.730,mm,OK,--,9:33:20 PM,6/20/2025,
1588,29.7,gf,0.730,mm,OK,--,9:33:20 PM,6/20/2025,
1589,29.7,gf,0.725,mm,OK,--,9:33:20 PM,6/20/2025,
1590,29.5,gf,0.725,mm,OK,--,9:33:20 PM,6/20/2025,
1591,29.6,gf,0.720,mm,OK,--,9:33:20 PM,6/20/2025,
1592,29.6,gf,0.715,mm,OK,--,9:33:20 PM,6/20/2025,
1593,29.7,gf,0.710,mm,OK,--,9:33:20 PM,6/20/2025,
1594,29.6,gf,0.710,mm,OK,--,9:33:20 PM,6/20/2025,
1595,29.5,gf,0.705,mm,OK,--,9:33:21 PM,6/20/2025,
1596,29.4,gf,0.700,mm,OK,--,9:33:21 PM,6/20/2025,
1597,29.4,gf,0.700,mm,OK,--,9:33:21 PM,6/20/2025,
1598,29.4,gf,0.695,mm,OK,--,9:33:21 PM,6/20/2025,
1599,29.6,gf,0.690,mm,OK,--,9:33:21 PM,6/20/2025,
1600,29.5,gf,0.685,mm,OK,--,9:33:21 PM,6/20/2025,
1601,29.5,gf,0.685,mm,OK,--,9:33:21 PM,6/20/2025,
1602,29.6,gf,0.680,mm,OK,--,9:33:21 PM,6/20/2025,
1603,29.6,gf,0.675,mm,OK,--,9:33:21 PM,6/20/2025,
1604,29.6,gf,0.670,mm,OK,--,9:33:21 PM,6/20/2025,
1605,29.6,gf,0.665,mm,OK,--,9:33:22 PM,6/20/2025,
1606,29.6,gf,0.660,mm,OK,--,9:33:22 PM,6/20/2025,
1607,29.4,gf,0.660,mm,OK,--,9:33:22 PM,6/20/2025,
1608,29.3,gf,0.650,mm,OK,--,9:33:22 PM,6/20/2025,
1609,29.4,gf,0.645,mm,OK,--,9:33:22 PM,6/20/2025,
1610,29.5,gf,0.640,mm,OK,--,9:33:22 PM,6/20/2025,
1611,29.4,gf,0.640,mm,OK,--,9:33:22 PM,6/20/2025,
1612,29.4,gf,0.635,mm,OK,--,9:33:22 PM,6/20/2025,
1613,29.4,gf,0.630,mm,OK,--,9:33:22 PM,6/20/2025,
1614,29.3,gf,0.630,mm,OK,--,9:33:22 PM,6/20/2025,
1615,29.4,gf,0.625,mm,OK,--,9:33:23 PM,6/20/2025,
1616,29.4,gf,0.625,mm,OK,--,9:33:23 PM,6/20/2025,
1617,29.3,gf,0.620,mm,OK,--,9:33:23 PM,6/20/2025,
1618,29.4,gf,0.620,mm,OK,--,9:33:23 PM,6/20/2025,
1619,29.4,gf,0.615,mm,OK,--,9:33:23 PM,6/20/2025,
1620,29.4,gf,0.610,mm,OK,--,9:33:23 PM,6/20/2025,
1621,29.4,gf,0.610,mm,OK,--,9:33:23 PM,6/20/2025,
1622,29.4,gf,0.610,mm,OK,--,9:33:23 PM,6/20/2025,
1623,29.3,gf,0.605,mm,OK,--,9:33:23 PM,6/20/2025,
1624,29.2,gf,0.605,mm,OK,--,9:33:23 PM,6/20/2025,
1625,29.2,gf,0.600,mm,OK,--,9:33:24 PM,6/20/2025,
1626,29.2,gf,0.600,mm,OK,--,9:33:24 PM,6/20/2025,
1627,29.1,gf,0.595,mm,OK,--,9:33:24 PM,6/20/2025,
1628,29.0,gf,0.595,mm,OK,--,9:33:24 PM,6/20/2025,
1629,29.0,gf,0.590,mm,OK,--,9:33:24 PM,6/20/2025,
1630,29.0,gf,0.585,mm,OK,--,9:33:24 PM,6/20/2025,
1631,29.0,gf,0.580,mm,OK,--,9:33:24 PM,6/20/2025,
1632,29.2,gf,0.575,mm,OK,--,9:33:24 PM,6/20/2025,
1633,29.3,gf,0.570,mm,OK,--,9:33:24 PM,6/20/2025,
1634,29.3,gf,0.565,mm,OK,--,9:33:24 PM,6/20/2025,
1635,29.2,gf,0.560,mm,OK,--,9:33:25 PM,6/20/2025,
1636,29.1,gf,0.555,mm,OK,--,9:33:25 PM,6/20/2025,
1637,29.2,gf,0.550,mm,OK,--,9:33:25 PM,6/20/2025,
1638,29.3,gf,0.545,mm,OK,--,9:33:25 PM,6/20/2025,
1639,29.2,gf,0.545,mm,OK,--,9:33:25 PM,6/20/2025,
1640,29.3,gf,0.540,mm,OK,--,9:33:25 PM,6/20/2025,
1641,29.2,gf,0.535,mm,OK,--,9:33:25 PM,6/20/2025,
1642,29.0,gf,0.535,mm,OK,--,9:33:25 PM,6/20/2025,
1643,28.9,gf,0.525,mm,OK,--,9:33:25 PM,6/20/2025,
1644,29.0,gf,0.520,mm,OK,--,9:33:25 PM,6/20/2025,
1645,28.9,gf,0.510,mm,OK,--,9:33:26 PM,6/20/2025,
1646,29.0,gf,0.505,mm,OK,--,9:33:26 PM,6/20/2025,
1647,28.9,gf,0.500,mm,OK,--,9:33:26 PM,6/20/2025,
1648,28.8,gf,0.495,mm,OK,--,9:33:26 PM,6/20/2025,
1649,28.9,gf,0.490,mm,OK,--,9:33:26 PM,6/20/2025,
1650,28.7,gf,0.490,mm,OK,--,9:33:26 PM,6/20/2025,
1651,28.6,gf,0.480,mm,OK,--,9:33:26 PM,6/20/2025,
1652,28.8,gf,0.470,mm,OK,--,9:33:26 PM,6/20/2025,
1653,28.8,gf,0.465,mm,OK,--,9:33:26 PM,6/20/2025,
1654,28.8,gf,0.460,mm,OK,--,9:33:26 PM,6/20/2025,
1655,28.9,gf,0.455,mm,OK,--,9:33:27 PM,6/20/2025,
1656,28.8,gf,0.450,mm,OK,--,9:33:27 PM,6/20/2025,
1657,28.8,gf,0.445,mm,OK,--,9:33:27 PM,6/20/2025,
1658,28.7,gf,0.445,mm,OK,--,9:33:27 PM,6/20/2025,
1659,28.7,gf,0.440,mm,OK,--,9:33:27 PM,6/20/2025,
1660,28.7,gf,0.430,mm,OK,--,9:33:27 PM,6/20/2025,
1661,28.9,gf,0.425,mm,OK,--,9:33:27 PM,6/20/2025,
1662,28.7,gf,0.415,mm,OK,--,9:33:27 PM,6/20/2025,
1663,28.6,gf,0.410,mm,OK,--,9:33:27 PM,6/20/2025,
1664,28.4,gf,0.410,mm,OK,--,9:33:27 PM,6/20/2025,
1665,28.4,gf,0.405,mm,OK,--,9:33:28 PM,6/20/2025,
1666,28.4,gf,0.400,mm,OK,--,9:33:28 PM,6/20/2025,
1667,28.5,gf,0.400,mm,OK,--,9:33:28 PM,6/20/2025,
1668,28.5,gf,0.395,mm,OK,--,9:33:28 PM,6/20/2025,
1669,28.3,gf,0.390,mm,OK,--,9:33:28 PM,6/20/2025,
1670,28.3,gf,0.385,mm,OK,--,9:33:28 PM,6/20/2025,
1671,28.6,gf,0.380,mm,OK,--,9:33:28 PM,6/20/2025,
1672,28.6,gf,0.375,mm,OK,--,9:33:28 PM,6/20/2025,
1673,28.7,gf,0.370,mm,OK,--,9:33:28 PM,6/20/2025,
1674,28.8,gf,0.365,mm,OK,--,9:33:28 PM,6/20/2025,
1675,28.7,gf,0.360,mm,OK,--,9:33:29 PM,6/20/2025,
1676,28.6,gf,0.355,mm,OK,--,9:33:29 PM,6/20/2025,
1677,28.6,gf,0.350,mm,OK,--,9:33:29 PM,6/20/2025,
1678,28.6,gf,0.350,mm,OK,--,9:33:29 PM,6/20/2025,
1679,28.6,gf,0.345,mm,OK,--,9:33:29 PM,6/20/2025,
1680,28.6,gf,0.345,mm,OK,--,9:33:29 PM,6/20/2025,
1681,28.6,gf,0.345,mm,OK,--,9:33:29 PM,6/20/2025,
1682,28.7,gf,0.340,mm,OK,--,9:33:29 PM,6/20/2025,
1683,28.7,gf,0.340,mm,OK,--,9:33:29 PM,6/20/2025,
1684,28.6,gf,0.335,mm,OK,--,9:33:29 PM,6/20/2025,
1685,28.9,gf,0.335,mm,OK,--,9:33:30 PM,6/20/2025,
1686,28.8,gf,0.330,mm,OK,--,9:33:30 PM,6/20/2025,
1687,28.7,gf,0.325,mm,OK,--,9:33:30 PM,6/20/2025,
1688,28.8,gf,0.320,mm,OK,--,9:33:30 PM,6/20/2025,
1689,28.8,gf,0.315,mm,OK,--,9:33:30 PM,6/20/2025,
1690,28.8,gf,0.310,mm,OK,--,9:33:30 PM,6/20/2025,
1691,28.9,gf,0.305,mm,OK,--,9:33:30 PM,6/20/2025,
1692,29.0,gf,0.295,mm,OK,--,9:33:30 PM,6/20/2025,
1693,29.0,gf,0.290,mm,OK,--,9:33:30 PM,6/20/2025,
1694,29.0,gf,0.285,mm,OK,--,9:33:30 PM,6/20/2025,
1695,29.0,gf,0.285,mm,OK,--,9:33:31 PM,6/20/2025,
1696,29.0,gf,0.280,mm,OK,--,9:33:31 PM,6/20/2025,
1697,28.8,gf,0.280,mm,OK,--,9:33:31 PM,6/20/2025,
1698,28.8,gf,0.275,mm,OK,--,9:33:31 PM,6/20/2025,
1699,28.8,gf,0.270,mm,OK,--,9:33:31 PM,6/20/2025,
1700,28.9,gf,0.270,mm,OK,--,9:33:31 PM,6/20/2025,
1701,29.1,gf,0.265,mm,OK,--,9:33:31 PM,6/20/2025,
1702,28.9,gf,0.265,mm,OK,--,9:33:31 PM,6/20/2025,
1703,28.8,gf,0.265,mm,OK,--,9:33:31 PM,6/20/2025,
1704,28.7,gf,0.265,mm,OK,--,9:33:31 PM,6/20/2025,
1705,28.8,gf,0.260,mm,OK,--,9:33:32 PM,6/20/2025,
1706,28.9,gf,0.255,mm,OK,--,9:33:32 PM,6/20/2025,
1707,29.0,gf,0.255,mm,OK,--,9:33:32 PM,6/20/2025,
1708,28.9,gf,0.250,mm,OK,--,9:33:32 PM,6/20/2025,
1709,28.9,gf,0.245,mm,OK,--,9:33:32 PM,6/20/2025,
1710,29.0,gf,0.240,mm,OK,--,9:33:32 PM,6/20/2025,
1711,29.1,gf,0.235,mm,OK,--,9:33:32 PM,6/20/2025,
1712,29.0,gf,0.230,mm,OK,--,9:33:32 PM,6/20/2025,
1713,29.0,gf,0.225,mm,OK,--,9:33:32 PM,6/20/2025,
1714,28.9,gf,0.220,mm,OK,--,9:33:32 PM,6/20/2025,
1715,29.0,gf,0.220,mm,OK,--,9:33:33 PM,6/20/2025,
1716,29.0,gf,0.215,mm,OK,--,9:33:33 PM,6/20/2025,
1717,29.1,gf,0.215,mm,OK,--,9:33:33 PM,6/20/2025,
1718,29.0,gf,0.210,mm,OK,--,9:33:33 PM,6/20/2025,
1719,28.9,gf,0.210,mm,OK,--,9:33:33 PM,6/20/2025,
1720,28.7,gf,0.205,mm,OK,--,9:33:33 PM,6/20/2025,
1721,28.8,gf,0.200,mm,OK,--,9:33:33 PM,6/20/2025,
1722,28.8,gf,0.195,mm,OK,--,9:33:33 PM,6/20/2025,
1723,28.9,gf,0.190,mm,OK,--,9:33:33 PM,6/20/2025,
1724,28.8,gf,0.185,mm,OK,--,9:33:33 PM,6/20/2025,
1725,28.8,gf,0.180,mm,OK,--,9:33:34 PM,6/20/2025,
1726,28.8,gf,0.175,mm,OK,--,9:33:34 PM,6/20/2025,
1727,28.9,gf,0.170,mm,OK,--,9:33:34 PM,6/20/2025,
1728,28.8,gf,0.165,mm,OK,--,9:33:34 PM,6/20/2025,
1729,28.7,gf,0.160,mm,OK,--,9:33:34 PM,6/20/2025,
1730,28.6,gf,0.155,mm,OK,--,9:33:34 PM,6/20/2025,
1731,28.6,gf,0.155,mm,OK,--,9:33:34 PM,6/20/2025,
1732,28.7,gf,0.150,mm,OK,--,9:33:34 PM,6/20/2025,
1733,28.7,gf,0.145,mm,OK,--,9:33:34 PM,6/20/2025,
1734,28.7,gf,0.145,mm,OK,--,9:33:34 PM,6/20/2025,
1735,28.5,gf,0.140,mm,OK,--,9:33:35 PM,6/20/2025,
1736,28.6,gf,0.130,mm,OK,--,9:33:35 PM,6/20/2025,
1737,28.9,gf,0.125,mm,OK,--,9:33:35 PM,6/20/2025,
1738,28.8,gf,0.120,mm,OK,--,9:33:35 PM,6/20/2025,
1739,28.1,gf,0.115,mm,OK,--,9:33:35 PM,6/20/2025,
1740,25.5,gf,0.115,mm,OK,--,9:33:35 PM,6/20/2025,
1741,24.1,gf,0.110,mm,OK,--,9:33:35 PM,6/20/2025,
1742,23.1,gf,0.110,mm,OK,--,9:33:35 PM,6/20/2025,
1743,24.4,gf,0.110,mm,OK,--,9:33:35 PM,6/20/2025,
1744,24.3,gf,0.110,mm,OK,--,9:33:35 PM,6/20/2025,
1745,24.1,gf,0.110,mm,OK,--,9:33:36 PM,6/20/2025,
1746,23.9,gf,0.105,mm,OK,--,9:33:36 PM,6/20/2025,
1747,23.7,gf,0.105,mm,OK,--,9:33:36 PM,6/20/2025,
1748,23.4,gf,0.105,mm,OK,--,9:33:36 PM,6/20/2025,
1749,23.3,gf,0.105,mm,OK,--,9:33:36 PM,6/20/2025,
1750,23.0,gf,0.105,mm,OK,--,9:33:36 PM,6/20/2025,
1751,22.7,gf,0.105,mm,OK,--,9:33:36 PM,6/20/2025,
1752,22.4,gf,0.100,mm,OK,--,9:33:36 PM,6/20/2025,
1753,21.9,gf,0.100,mm,OK,--,9:33:36 PM,6/20/2025,
1754,21.2,gf,0.100,mm,OK,--,9:33:36 PM,6/20/2025,
1755,20.7,gf,0.100,mm,OK,--,9:33:37 PM,6/20/2025,
1756,20.1,gf,0.100,mm,OK,--,9:33:37 PM,6/20/2025,
1757,19.5,gf,0.095,mm,OK,--,9:33:37 PM,6/20/2025,
1758,19.1,gf,0.095,mm,OK,--,9:33:37 PM,6/20/2025,
1759,18.7,gf,0.095,mm,OK,--,9:33:37 PM,6/20/2025,
1760,18.1,gf,0.090,mm,OK,--,9:33:37 PM,6/20/2025,
1761,17.4,gf,0.090,mm,OK,--,9:33:37 PM,6/20/2025,
1762,14.6,gf,0.085,mm,OK,--,9:33:37 PM,6/20/2025,
1763,10.8,gf,0.080,mm,OK,--,9:33:37 PM,6/20/2025,
1764,5.2,gf,0.075,mm,OK,--,9:33:37 PM,6/20/2025,
1765,0.1,gf,0.065,mm,OK,--,9:33:38 PM,6/20/2025,
1766,0.1,gf,0.050,mm,OK,--,9:33:38 PM,6/20/2025,
1767,0.1,gf,0.045,mm,OK,--,9:33:38 PM,6/20/2025,
1768,0.0,gf,0.035,mm,OK,--,9:33:38 PM,6/20/2025,
1769,0.0,gf,0.025,mm,OK,--,9:33:38 PM,6/20/2025,
1770,0.0,gf,0.015,mm,OK,--,9:33:38 PM,6/20/2025,
1771,0.0,gf,0.000,mm,OK,--,9:33:38 PM,6/20/2025,
1772,0.1,gf,-0.015,mm,OK,--,9:33:38 PM,6/20/2025,
1773,0.0,gf,-0.020,mm,OK,--,9:33:38 PM,6/20/2025,
1774,0.0,gf,-0.030,mm,OK,--,9:33:38 PM,6/20/2025,
1775,0.0,gf,-0.035,mm,OK,--,9:33:39 PM,6/20/2025,
1776,0.1,gf,-0.035,mm,OK,--,9:33:39 PM,6/20/2025,
1777,0.1,gf,-0.035,mm,OK,--,9:33:39 PM,6/20/2025,
1778,0.0,gf,-0.035,mm,OK,--,9:33:39 PM,6/20/2025,
1779,0.0,gf,-0.035,mm,OK,--,9:33:39 PM,6/20/2025,
1780,0.0,gf,-0.035,mm,OK,--,9:33:39 PM,6/20/2025,
1781,-0.5,gf,-0.035,mm,OK,--,9:33:39 PM,6/20/2025,
1782,0.0,gf,-0.035,mm,OK,--,9:33:39 PM,6/20/2025,
1783,0.1,gf,-0.035,mm,OK,--,9:33:39 PM,6/20/2025,
1784,0.1,gf,-0.030,mm,OK,--,9:33:39 PM,6/20/2025,
1785,0.0,gf,-0.030,mm,OK,--,9:33:40 PM,6/20/2025,
1786,0.0,gf,-0.030,mm,OK,--,9:33:40 PM,6/20/2025,
1787,0.0,gf,-0.030,mm,OK,--,9:33:40 PM,6/20/2025,
1788,0.0,gf,-0.030,mm,OK,--,9:33:40 PM,6/20/2025,
1789,0.0,gf,-0.030,mm,OK,--,9:33:40 PM,6/20/2025,
1790,0.0,gf,-0.030,mm,OK,--,9:33:40 PM,6/20/2025,
1791,0.1,gf,-0.030,mm,OK,--,9:33:40 PM,6/20/2025,
1792,0.0,gf,-0.030,mm,OK,--,9:33:40 PM,6/20/2025,
1793,0.0,gf,-0.030,mm,OK,--,9:33:40 PM,6/20/2025,
1794,0.0,gf,-0.030,mm,OK,--,9:33:40 PM,6/20/2025,
1795,0.0,gf,-0.030,mm,OK,--,9:33:41 PM,6/20/2025,
1796,0.1,gf,-0.030,mm,OK,--,9:33:41 PM,6/20/2025,
1797,0.0,gf,-0.030,mm,OK,--,9:33:41 PM,6/20/2025,
1798,0.0,gf,-0.030,mm,OK,--,9:33:41 PM,6/20/2025,
1799,0.0,gf,-0.030,mm,OK,--,9:33:41 PM,6/20/2025,
1800,0.0,gf,-0.030,mm,OK,--,9:33:41 PM,6/20/2025,
1801,0.0,gf,-0.030,mm,OK,--,9:33:41 PM,6/20/2025,
