Maximum,194.7,@,No.967,,,,,,
Minimum,-0.2,@,No.1943,,,,,,
Average,52.81,,,,,,,,
Data Quantity,1955,,,,,,,,
Number of NG,0,,,,,,,,
No.,Force,Unit,Displacement,Unit,Judge,Position,Time,Date,
1,0.0,gf,0.000,mm,OK,--,5:23:30 PM,7/3/2025,
2,-0.1,gf,0.000,mm,OK,--,5:23:30 PM,7/3/2025,
3,0.0,gf,0.000,mm,OK,--,5:23:30 PM,7/3/2025,
4,0.1,gf,0.000,mm,OK,--,5:23:30 PM,7/3/2025,
5,0.0,gf,0.000,mm,OK,--,5:23:31 PM,7/3/2025,
6,0.0,gf,0.000,mm,OK,--,5:23:31 PM,7/3/2025,
7,0.1,gf,0.000,mm,OK,--,5:23:31 PM,7/3/2025,
8,0.0,gf,0.000,mm,OK,--,5:23:31 PM,7/3/2025,
9,0.0,gf,0.000,mm,OK,--,5:23:31 PM,7/3/2025,
10,-0.1,gf,0.000,mm,OK,--,5:23:31 PM,7/3/2025,
11,0.0,gf,0.000,mm,OK,--,5:23:31 PM,7/3/2025,
12,0.1,gf,0.000,mm,OK,--,5:23:31 PM,7/3/2025,
13,-0.1,gf,0.000,mm,OK,--,5:23:31 PM,7/3/2025,
14,0.0,gf,0.000,mm,OK,--,5:23:31 PM,7/3/2025,
15,0.0,gf,0.000,mm,OK,--,5:23:32 PM,7/3/2025,
16,0.0,gf,0.000,mm,OK,--,5:23:32 PM,7/3/2025,
17,0.0,gf,0.000,mm,OK,--,5:23:32 PM,7/3/2025,
18,0.0,gf,0.000,mm,OK,--,5:23:32 PM,7/3/2025,
19,0.0,gf,0.005,mm,OK,--,5:23:32 PM,7/3/2025,
20,0.0,gf,0.005,mm,OK,--,5:23:32 PM,7/3/2025,
21,0.0,gf,0.005,mm,OK,--,5:23:32 PM,7/3/2025,
22,0.0,gf,0.010,mm,OK,--,5:23:32 PM,7/3/2025,
23,0.0,gf,0.010,mm,OK,--,5:23:32 PM,7/3/2025,
24,0.0,gf,0.015,mm,OK,--,5:23:32 PM,7/3/2025,
25,0.0,gf,0.025,mm,OK,--,5:23:33 PM,7/3/2025,
26,0.1,gf,0.030,mm,OK,--,5:23:33 PM,7/3/2025,
27,0.0,gf,0.040,mm,OK,--,5:23:33 PM,7/3/2025,
28,0.0,gf,0.050,mm,OK,--,5:23:33 PM,7/3/2025,
29,0.1,gf,0.065,mm,OK,--,5:23:33 PM,7/3/2025,
30,0.0,gf,0.075,mm,OK,--,5:23:33 PM,7/3/2025,
31,0.0,gf,0.090,mm,OK,--,5:23:33 PM,7/3/2025,
32,0.0,gf,0.100,mm,OK,--,5:23:33 PM,7/3/2025,
33,0.0,gf,0.110,mm,OK,--,5:23:33 PM,7/3/2025,
34,0.0,gf,0.115,mm,OK,--,5:23:33 PM,7/3/2025,
35,0.0,gf,0.125,mm,OK,--,5:23:34 PM,7/3/2025,
36,0.0,gf,0.130,mm,OK,--,5:23:34 PM,7/3/2025,
37,0.0,gf,0.140,mm,OK,--,5:23:34 PM,7/3/2025,
38,0.0,gf,0.145,mm,OK,--,5:23:34 PM,7/3/2025,
39,0.0,gf,0.150,mm,OK,--,5:23:34 PM,7/3/2025,
40,0.0,gf,0.160,mm,OK,--,5:23:34 PM,7/3/2025,
41,0.0,gf,0.165,mm,OK,--,5:23:34 PM,7/3/2025,
42,0.0,gf,0.170,mm,OK,--,5:23:34 PM,7/3/2025,
43,0.0,gf,0.180,mm,OK,--,5:23:34 PM,7/3/2025,
44,0.0,gf,0.185,mm,OK,--,5:23:34 PM,7/3/2025,
45,0.0,gf,0.190,mm,OK,--,5:23:35 PM,7/3/2025,
46,0.1,gf,0.200,mm,OK,--,5:23:35 PM,7/3/2025,
47,0.0,gf,0.215,mm,OK,--,5:23:35 PM,7/3/2025,
48,0.0,gf,0.225,mm,OK,--,5:23:35 PM,7/3/2025,
49,0.0,gf,0.235,mm,OK,--,5:23:35 PM,7/3/2025,
50,0.0,gf,0.245,mm,OK,--,5:23:35 PM,7/3/2025,
51,0.0,gf,0.250,mm,OK,--,5:23:35 PM,7/3/2025,
52,0.0,gf,0.260,mm,OK,--,5:23:35 PM,7/3/2025,
53,0.0,gf,0.265,mm,OK,--,5:23:35 PM,7/3/2025,
54,0.0,gf,0.275,mm,OK,--,5:23:35 PM,7/3/2025,
55,0.0,gf,0.280,mm,OK,--,5:23:36 PM,7/3/2025,
56,0.3,gf,0.285,mm,OK,--,5:23:36 PM,7/3/2025,
57,2.3,gf,0.290,mm,OK,--,5:23:36 PM,7/3/2025,
58,5.4,gf,0.295,mm,OK,--,5:23:36 PM,7/3/2025,
59,9.0,gf,0.300,mm,OK,--,5:23:36 PM,7/3/2025,
60,12.3,gf,0.305,mm,OK,--,5:23:36 PM,7/3/2025,
61,15.9,gf,0.310,mm,OK,--,5:23:36 PM,7/3/2025,
62,19.7,gf,0.315,mm,OK,--,5:23:36 PM,7/3/2025,
63,23.8,gf,0.320,mm,OK,--,5:23:36 PM,7/3/2025,
64,28.6,gf,0.325,mm,OK,--,5:23:36 PM,7/3/2025,
65,30.4,gf,0.330,mm,OK,--,5:23:37 PM,7/3/2025,
66,30.7,gf,0.335,mm,OK,--,5:23:37 PM,7/3/2025,
67,32.8,gf,0.340,mm,OK,--,5:23:37 PM,7/3/2025,
68,34.6,gf,0.345,mm,OK,--,5:23:37 PM,7/3/2025,
69,34.7,gf,0.355,mm,OK,--,5:23:37 PM,7/3/2025,
70,34.8,gf,0.360,mm,OK,--,5:23:37 PM,7/3/2025,
71,34.8,gf,0.365,mm,OK,--,5:23:37 PM,7/3/2025,
72,34.8,gf,0.370,mm,OK,--,5:23:37 PM,7/3/2025,
73,34.9,gf,0.380,mm,OK,--,5:23:37 PM,7/3/2025,
74,34.9,gf,0.385,mm,OK,--,5:23:37 PM,7/3/2025,
75,34.9,gf,0.395,mm,OK,--,5:23:38 PM,7/3/2025,
76,34.9,gf,0.400,mm,OK,--,5:23:38 PM,7/3/2025,
77,34.9,gf,0.410,mm,OK,--,5:23:38 PM,7/3/2025,
78,34.9,gf,0.415,mm,OK,--,5:23:38 PM,7/3/2025,
79,34.9,gf,0.415,mm,OK,--,5:23:38 PM,7/3/2025,
80,35.0,gf,0.420,mm,OK,--,5:23:38 PM,7/3/2025,
81,35.0,gf,0.425,mm,OK,--,5:23:38 PM,7/3/2025,
82,35.0,gf,0.430,mm,OK,--,5:23:38 PM,7/3/2025,
83,35.0,gf,0.435,mm,OK,--,5:23:38 PM,7/3/2025,
84,35.1,gf,0.440,mm,OK,--,5:23:38 PM,7/3/2025,
85,35.1,gf,0.445,mm,OK,--,5:23:39 PM,7/3/2025,
86,35.1,gf,0.450,mm,OK,--,5:23:39 PM,7/3/2025,
87,35.1,gf,0.455,mm,OK,--,5:23:39 PM,7/3/2025,
88,35.1,gf,0.460,mm,OK,--,5:23:39 PM,7/3/2025,
89,35.2,gf,0.465,mm,OK,--,5:23:39 PM,7/3/2025,
90,35.2,gf,0.475,mm,OK,--,5:23:39 PM,7/3/2025,
91,35.2,gf,0.480,mm,OK,--,5:23:39 PM,7/3/2025,
92,35.2,gf,0.485,mm,OK,--,5:23:39 PM,7/3/2025,
93,35.4,gf,0.495,mm,OK,--,5:23:39 PM,7/3/2025,
94,35.4,gf,0.500,mm,OK,--,5:23:39 PM,7/3/2025,
95,35.4,gf,0.505,mm,OK,--,5:23:40 PM,7/3/2025,
96,35.4,gf,0.510,mm,OK,--,5:23:40 PM,7/3/2025,
97,35.5,gf,0.520,mm,OK,--,5:23:40 PM,7/3/2025,
98,35.5,gf,0.525,mm,OK,--,5:23:40 PM,7/3/2025,
99,35.6,gf,0.530,mm,OK,--,5:23:40 PM,7/3/2025,
100,35.5,gf,0.535,mm,OK,--,5:23:40 PM,7/3/2025,
101,35.5,gf,0.540,mm,OK,--,5:23:40 PM,7/3/2025,
102,35.5,gf,0.545,mm,OK,--,5:23:40 PM,7/3/2025,
103,35.6,gf,0.550,mm,OK,--,5:23:40 PM,7/3/2025,
104,35.6,gf,0.555,mm,OK,--,5:23:40 PM,7/3/2025,
105,35.7,gf,0.565,mm,OK,--,5:23:41 PM,7/3/2025,
106,35.7,gf,0.570,mm,OK,--,5:23:41 PM,7/3/2025,
107,35.7,gf,0.575,mm,OK,--,5:23:41 PM,7/3/2025,
108,35.7,gf,0.580,mm,OK,--,5:23:41 PM,7/3/2025,
109,35.8,gf,0.585,mm,OK,--,5:23:41 PM,7/3/2025,
110,35.8,gf,0.590,mm,OK,--,5:23:41 PM,7/3/2025,
111,35.8,gf,0.595,mm,OK,--,5:23:41 PM,7/3/2025,
112,35.8,gf,0.600,mm,OK,--,5:23:41 PM,7/3/2025,
113,36.0,gf,0.610,mm,OK,--,5:23:41 PM,7/3/2025,
114,35.9,gf,0.615,mm,OK,--,5:23:41 PM,7/3/2025,
115,36.0,gf,0.620,mm,OK,--,5:23:42 PM,7/3/2025,
116,36.0,gf,0.630,mm,OK,--,5:23:42 PM,7/3/2025,
117,36.1,gf,0.635,mm,OK,--,5:23:42 PM,7/3/2025,
118,36.1,gf,0.640,mm,OK,--,5:23:42 PM,7/3/2025,
119,36.1,gf,0.645,mm,OK,--,5:23:42 PM,7/3/2025,
120,36.2,gf,0.650,mm,OK,--,5:23:42 PM,7/3/2025,
121,36.2,gf,0.655,mm,OK,--,5:23:42 PM,7/3/2025,
122,36.2,gf,0.655,mm,OK,--,5:23:42 PM,7/3/2025,
123,36.2,gf,0.660,mm,OK,--,5:23:42 PM,7/3/2025,
124,36.2,gf,0.665,mm,OK,--,5:23:42 PM,7/3/2025,
125,36.2,gf,0.670,mm,OK,--,5:23:43 PM,7/3/2025,
126,36.3,gf,0.670,mm,OK,--,5:23:43 PM,7/3/2025,
127,36.3,gf,0.675,mm,OK,--,5:23:43 PM,7/3/2025,
128,36.4,gf,0.680,mm,OK,--,5:23:43 PM,7/3/2025,
129,36.4,gf,0.685,mm,OK,--,5:23:43 PM,7/3/2025,
130,36.4,gf,0.690,mm,OK,--,5:23:43 PM,7/3/2025,
131,36.4,gf,0.695,mm,OK,--,5:23:43 PM,7/3/2025,
132,36.4,gf,0.700,mm,OK,--,5:23:43 PM,7/3/2025,
133,36.5,gf,0.705,mm,OK,--,5:23:43 PM,7/3/2025,
134,36.5,gf,0.710,mm,OK,--,5:23:43 PM,7/3/2025,
135,36.5,gf,0.715,mm,OK,--,5:23:44 PM,7/3/2025,
136,36.4,gf,0.720,mm,OK,--,5:23:44 PM,7/3/2025,
137,36.5,gf,0.725,mm,OK,--,5:23:44 PM,7/3/2025,
138,36.6,gf,0.730,mm,OK,--,5:23:44 PM,7/3/2025,
139,36.6,gf,0.730,mm,OK,--,5:23:44 PM,7/3/2025,
140,36.6,gf,0.735,mm,OK,--,5:23:44 PM,7/3/2025,
141,36.6,gf,0.735,mm,OK,--,5:23:44 PM,7/3/2025,
142,36.6,gf,0.740,mm,OK,--,5:23:44 PM,7/3/2025,
143,36.6,gf,0.745,mm,OK,--,5:23:44 PM,7/3/2025,
144,36.7,gf,0.750,mm,OK,--,5:23:44 PM,7/3/2025,
145,36.7,gf,0.750,mm,OK,--,5:23:45 PM,7/3/2025,
146,36.7,gf,0.755,mm,OK,--,5:23:45 PM,7/3/2025,
147,36.7,gf,0.760,mm,OK,--,5:23:45 PM,7/3/2025,
148,36.7,gf,0.760,mm,OK,--,5:23:45 PM,7/3/2025,
149,36.7,gf,0.765,mm,OK,--,5:23:45 PM,7/3/2025,
150,36.8,gf,0.765,mm,OK,--,5:23:45 PM,7/3/2025,
151,36.8,gf,0.770,mm,OK,--,5:23:45 PM,7/3/2025,
152,36.8,gf,0.775,mm,OK,--,5:23:45 PM,7/3/2025,
153,36.8,gf,0.780,mm,OK,--,5:23:45 PM,7/3/2025,
154,36.8,gf,0.785,mm,OK,--,5:23:45 PM,7/3/2025,
155,36.9,gf,0.795,mm,OK,--,5:23:46 PM,7/3/2025,
156,36.9,gf,0.800,mm,OK,--,5:23:46 PM,7/3/2025,
157,37.0,gf,0.810,mm,OK,--,5:23:46 PM,7/3/2025,
158,37.0,gf,0.815,mm,OK,--,5:23:46 PM,7/3/2025,
159,37.1,gf,0.820,mm,OK,--,5:23:46 PM,7/3/2025,
160,37.1,gf,0.825,mm,OK,--,5:23:46 PM,7/3/2025,
161,37.2,gf,0.830,mm,OK,--,5:23:46 PM,7/3/2025,
162,37.1,gf,0.835,mm,OK,--,5:23:46 PM,7/3/2025,
163,37.1,gf,0.835,mm,OK,--,5:23:46 PM,7/3/2025,
164,37.2,gf,0.835,mm,OK,--,5:23:46 PM,7/3/2025,
165,37.2,gf,0.840,mm,OK,--,5:23:47 PM,7/3/2025,
166,37.2,gf,0.840,mm,OK,--,5:23:47 PM,7/3/2025,
167,37.2,gf,0.845,mm,OK,--,5:23:47 PM,7/3/2025,
168,37.3,gf,0.850,mm,OK,--,5:23:47 PM,7/3/2025,
169,37.3,gf,0.860,mm,OK,--,5:23:47 PM,7/3/2025,
170,37.3,gf,0.865,mm,OK,--,5:23:47 PM,7/3/2025,
171,37.4,gf,0.870,mm,OK,--,5:23:47 PM,7/3/2025,
172,37.4,gf,0.880,mm,OK,--,5:23:47 PM,7/3/2025,
173,37.4,gf,0.885,mm,OK,--,5:23:47 PM,7/3/2025,
174,37.5,gf,0.895,mm,OK,--,5:23:47 PM,7/3/2025,
175,37.5,gf,0.900,mm,OK,--,5:23:48 PM,7/3/2025,
176,37.6,gf,0.905,mm,OK,--,5:23:48 PM,7/3/2025,
177,37.6,gf,0.910,mm,OK,--,5:23:48 PM,7/3/2025,
178,37.6,gf,0.920,mm,OK,--,5:23:48 PM,7/3/2025,
179,37.6,gf,0.925,mm,OK,--,5:23:48 PM,7/3/2025,
180,37.7,gf,0.930,mm,OK,--,5:23:48 PM,7/3/2025,
181,37.7,gf,0.935,mm,OK,--,5:23:48 PM,7/3/2025,
182,37.8,gf,0.945,mm,OK,--,5:23:48 PM,7/3/2025,
183,37.8,gf,0.945,mm,OK,--,5:23:48 PM,7/3/2025,
184,37.8,gf,0.955,mm,OK,--,5:23:48 PM,7/3/2025,
185,37.8,gf,0.960,mm,OK,--,5:23:49 PM,7/3/2025,
186,37.9,gf,0.965,mm,OK,--,5:23:49 PM,7/3/2025,
187,37.9,gf,0.970,mm,OK,--,5:23:49 PM,7/3/2025,
188,38.0,gf,0.980,mm,OK,--,5:23:49 PM,7/3/2025,
189,38.0,gf,0.985,mm,OK,--,5:23:49 PM,7/3/2025,
190,38.1,gf,0.995,mm,OK,--,5:23:49 PM,7/3/2025,
191,38.1,gf,1.000,mm,OK,--,5:23:49 PM,7/3/2025,
192,38.1,gf,1.010,mm,OK,--,5:23:49 PM,7/3/2025,
193,38.2,gf,1.015,mm,OK,--,5:23:49 PM,7/3/2025,
194,38.2,gf,1.025,mm,OK,--,5:23:49 PM,7/3/2025,
195,38.3,gf,1.030,mm,OK,--,5:23:50 PM,7/3/2025,
196,38.2,gf,1.035,mm,OK,--,5:23:50 PM,7/3/2025,
197,38.3,gf,1.045,mm,OK,--,5:23:50 PM,7/3/2025,
198,38.4,gf,1.050,mm,OK,--,5:23:50 PM,7/3/2025,
199,38.4,gf,1.060,mm,OK,--,5:23:50 PM,7/3/2025,
200,38.5,gf,1.065,mm,OK,--,5:23:50 PM,7/3/2025,
201,38.5,gf,1.070,mm,OK,--,5:23:50 PM,7/3/2025,
202,38.5,gf,1.080,mm,OK,--,5:23:50 PM,7/3/2025,
203,38.6,gf,1.085,mm,OK,--,5:23:50 PM,7/3/2025,
204,38.6,gf,1.095,mm,OK,--,5:23:50 PM,7/3/2025,
205,38.6,gf,1.100,mm,OK,--,5:23:51 PM,7/3/2025,
206,38.7,gf,1.105,mm,OK,--,5:23:51 PM,7/3/2025,
207,38.7,gf,1.115,mm,OK,--,5:23:51 PM,7/3/2025,
208,38.8,gf,1.125,mm,OK,--,5:23:51 PM,7/3/2025,
209,38.8,gf,1.135,mm,OK,--,5:23:51 PM,7/3/2025,
210,38.9,gf,1.140,mm,OK,--,5:23:51 PM,7/3/2025,
211,38.9,gf,1.150,mm,OK,--,5:23:51 PM,7/3/2025,
212,39.0,gf,1.155,mm,OK,--,5:23:51 PM,7/3/2025,
213,38.9,gf,1.160,mm,OK,--,5:23:51 PM,7/3/2025,
214,39.0,gf,1.165,mm,OK,--,5:23:51 PM,7/3/2025,
215,39.1,gf,1.175,mm,OK,--,5:23:52 PM,7/3/2025,
216,39.1,gf,1.180,mm,OK,--,5:23:52 PM,7/3/2025,
217,39.1,gf,1.190,mm,OK,--,5:23:52 PM,7/3/2025,
218,39.2,gf,1.195,mm,OK,--,5:23:52 PM,7/3/2025,
219,39.1,gf,1.205,mm,OK,--,5:23:52 PM,7/3/2025,
220,39.3,gf,1.215,mm,OK,--,5:23:52 PM,7/3/2025,
221,39.3,gf,1.220,mm,OK,--,5:23:52 PM,7/3/2025,
222,39.4,gf,1.230,mm,OK,--,5:23:52 PM,7/3/2025,
223,39.5,gf,1.240,mm,OK,--,5:23:52 PM,7/3/2025,
224,39.6,gf,1.250,mm,OK,--,5:23:52 PM,7/3/2025,
225,39.5,gf,1.265,mm,OK,--,5:23:53 PM,7/3/2025,
226,39.6,gf,1.275,mm,OK,--,5:23:53 PM,7/3/2025,
227,39.6,gf,1.285,mm,OK,--,5:23:53 PM,7/3/2025,
228,39.7,gf,1.295,mm,OK,--,5:23:53 PM,7/3/2025,
229,39.7,gf,1.305,mm,OK,--,5:23:53 PM,7/3/2025,
230,39.8,gf,1.315,mm,OK,--,5:23:53 PM,7/3/2025,
231,39.9,gf,1.325,mm,OK,--,5:23:53 PM,7/3/2025,
232,39.9,gf,1.335,mm,OK,--,5:23:53 PM,7/3/2025,
233,39.9,gf,1.340,mm,OK,--,5:23:53 PM,7/3/2025,
234,40.0,gf,1.345,mm,OK,--,5:23:53 PM,7/3/2025,
235,40.0,gf,1.355,mm,OK,--,5:23:54 PM,7/3/2025,
236,40.0,gf,1.360,mm,OK,--,5:23:54 PM,7/3/2025,
237,40.0,gf,1.365,mm,OK,--,5:23:54 PM,7/3/2025,
238,40.1,gf,1.370,mm,OK,--,5:23:54 PM,7/3/2025,
239,40.1,gf,1.375,mm,OK,--,5:23:54 PM,7/3/2025,
240,40.1,gf,1.375,mm,OK,--,5:23:54 PM,7/3/2025,
241,40.2,gf,1.380,mm,OK,--,5:23:54 PM,7/3/2025,
242,40.2,gf,1.385,mm,OK,--,5:23:54 PM,7/3/2025,
243,40.2,gf,1.390,mm,OK,--,5:23:54 PM,7/3/2025,
244,40.2,gf,1.395,mm,OK,--,5:23:54 PM,7/3/2025,
245,40.2,gf,1.395,mm,OK,--,5:23:55 PM,7/3/2025,
246,40.2,gf,1.395,mm,OK,--,5:23:55 PM,7/3/2025,
247,40.2,gf,1.400,mm,OK,--,5:23:55 PM,7/3/2025,
248,40.2,gf,1.400,mm,OK,--,5:23:55 PM,7/3/2025,
249,40.3,gf,1.405,mm,OK,--,5:23:55 PM,7/3/2025,
250,40.3,gf,1.410,mm,OK,--,5:23:55 PM,7/3/2025,
251,40.3,gf,1.415,mm,OK,--,5:23:55 PM,7/3/2025,
252,40.3,gf,1.415,mm,OK,--,5:23:55 PM,7/3/2025,
253,40.4,gf,1.420,mm,OK,--,5:23:55 PM,7/3/2025,
254,40.4,gf,1.425,mm,OK,--,5:23:55 PM,7/3/2025,
255,40.4,gf,1.430,mm,OK,--,5:23:56 PM,7/3/2025,
256,40.5,gf,1.435,mm,OK,--,5:23:56 PM,7/3/2025,
257,40.5,gf,1.440,mm,OK,--,5:23:56 PM,7/3/2025,
258,40.5,gf,1.445,mm,OK,--,5:23:56 PM,7/3/2025,
259,40.5,gf,1.450,mm,OK,--,5:23:56 PM,7/3/2025,
260,40.5,gf,1.455,mm,OK,--,5:23:56 PM,7/3/2025,
261,40.6,gf,1.460,mm,OK,--,5:23:56 PM,7/3/2025,
262,40.6,gf,1.465,mm,OK,--,5:23:56 PM,7/3/2025,
263,40.6,gf,1.465,mm,OK,--,5:23:56 PM,7/3/2025,
264,40.6,gf,1.470,mm,OK,--,5:23:56 PM,7/3/2025,
265,40.7,gf,1.475,mm,OK,--,5:23:57 PM,7/3/2025,
266,40.7,gf,1.480,mm,OK,--,5:23:57 PM,7/3/2025,
267,40.7,gf,1.485,mm,OK,--,5:23:57 PM,7/3/2025,
268,40.7,gf,1.485,mm,OK,--,5:23:57 PM,7/3/2025,
269,40.7,gf,1.490,mm,OK,--,5:23:57 PM,7/3/2025,
270,40.7,gf,1.490,mm,OK,--,5:23:57 PM,7/3/2025,
271,40.8,gf,1.495,mm,OK,--,5:23:57 PM,7/3/2025,
272,40.9,gf,1.500,mm,OK,--,5:23:57 PM,7/3/2025,
273,40.8,gf,1.505,mm,OK,--,5:23:57 PM,7/3/2025,
274,40.8,gf,1.510,mm,OK,--,5:23:57 PM,7/3/2025,
275,40.9,gf,1.510,mm,OK,--,5:23:58 PM,7/3/2025,
276,40.9,gf,1.515,mm,OK,--,5:23:58 PM,7/3/2025,
277,40.9,gf,1.520,mm,OK,--,5:23:58 PM,7/3/2025,
278,40.9,gf,1.520,mm,OK,--,5:23:58 PM,7/3/2025,
279,40.9,gf,1.525,mm,OK,--,5:23:58 PM,7/3/2025,
280,41.0,gf,1.530,mm,OK,--,5:23:58 PM,7/3/2025,
281,41.0,gf,1.530,mm,OK,--,5:23:58 PM,7/3/2025,
282,41.0,gf,1.530,mm,OK,--,5:23:58 PM,7/3/2025,
283,41.0,gf,1.535,mm,OK,--,5:23:58 PM,7/3/2025,
284,41.0,gf,1.535,mm,OK,--,5:23:58 PM,7/3/2025,
285,41.0,gf,1.540,mm,OK,--,5:23:59 PM,7/3/2025,
286,41.0,gf,1.540,mm,OK,--,5:23:59 PM,7/3/2025,
287,41.1,gf,1.545,mm,OK,--,5:23:59 PM,7/3/2025,
288,41.1,gf,1.545,mm,OK,--,5:23:59 PM,7/3/2025,
289,41.1,gf,1.550,mm,OK,--,5:23:59 PM,7/3/2025,
290,41.1,gf,1.550,mm,OK,--,5:23:59 PM,7/3/2025,
291,41.2,gf,1.555,mm,OK,--,5:23:59 PM,7/3/2025,
292,41.1,gf,1.555,mm,OK,--,5:23:59 PM,7/3/2025,
293,41.2,gf,1.560,mm,OK,--,5:23:59 PM,7/3/2025,
294,41.1,gf,1.560,mm,OK,--,5:23:59 PM,7/3/2025,
295,41.2,gf,1.560,mm,OK,--,5:24:00 PM,7/3/2025,
296,41.1,gf,1.565,mm,OK,--,5:24:00 PM,7/3/2025,
297,41.2,gf,1.570,mm,OK,--,5:24:00 PM,7/3/2025,
298,41.2,gf,1.570,mm,OK,--,5:24:00 PM,7/3/2025,
299,41.2,gf,1.575,mm,OK,--,5:24:00 PM,7/3/2025,
300,41.2,gf,1.575,mm,OK,--,5:24:00 PM,7/3/2025,
301,41.3,gf,1.580,mm,OK,--,5:24:00 PM,7/3/2025,
302,41.3,gf,1.580,mm,OK,--,5:24:00 PM,7/3/2025,
303,41.3,gf,1.585,mm,OK,--,5:24:00 PM,7/3/2025,
304,41.3,gf,1.585,mm,OK,--,5:24:00 PM,7/3/2025,
305,41.3,gf,1.585,mm,OK,--,5:24:01 PM,7/3/2025,
306,41.3,gf,1.585,mm,OK,--,5:24:01 PM,7/3/2025,
307,41.4,gf,1.590,mm,OK,--,5:24:01 PM,7/3/2025,
308,41.4,gf,1.590,mm,OK,--,5:24:01 PM,7/3/2025,
309,41.4,gf,1.590,mm,OK,--,5:24:01 PM,7/3/2025,
310,41.4,gf,1.590,mm,OK,--,5:24:01 PM,7/3/2025,
311,41.4,gf,1.595,mm,OK,--,5:24:01 PM,7/3/2025,
312,41.4,gf,1.595,mm,OK,--,5:24:01 PM,7/3/2025,
313,41.4,gf,1.600,mm,OK,--,5:24:01 PM,7/3/2025,
314,41.4,gf,1.600,mm,OK,--,5:24:01 PM,7/3/2025,
315,41.4,gf,1.605,mm,OK,--,5:24:02 PM,7/3/2025,
316,41.4,gf,1.605,mm,OK,--,5:24:02 PM,7/3/2025,
317,41.4,gf,1.610,mm,OK,--,5:24:02 PM,7/3/2025,
318,41.4,gf,1.610,mm,OK,--,5:24:02 PM,7/3/2025,
319,41.5,gf,1.615,mm,OK,--,5:24:02 PM,7/3/2025,
320,41.5,gf,1.620,mm,OK,--,5:24:02 PM,7/3/2025,
321,41.5,gf,1.620,mm,OK,--,5:24:02 PM,7/3/2025,
322,41.5,gf,1.625,mm,OK,--,5:24:02 PM,7/3/2025,
323,41.5,gf,1.630,mm,OK,--,5:24:02 PM,7/3/2025,
324,41.6,gf,1.630,mm,OK,--,5:24:02 PM,7/3/2025,
325,41.5,gf,1.635,mm,OK,--,5:24:03 PM,7/3/2025,
326,41.6,gf,1.635,mm,OK,--,5:24:03 PM,7/3/2025,
327,41.6,gf,1.640,mm,OK,--,5:24:03 PM,7/3/2025,
328,41.6,gf,1.645,mm,OK,--,5:24:03 PM,7/3/2025,
329,41.6,gf,1.645,mm,OK,--,5:24:03 PM,7/3/2025,
330,41.7,gf,1.650,mm,OK,--,5:24:03 PM,7/3/2025,
331,41.7,gf,1.655,mm,OK,--,5:24:03 PM,7/3/2025,
332,41.8,gf,1.660,mm,OK,--,5:24:03 PM,7/3/2025,
333,41.8,gf,1.665,mm,OK,--,5:24:03 PM,7/3/2025,
334,41.8,gf,1.670,mm,OK,--,5:24:03 PM,7/3/2025,
335,41.8,gf,1.675,mm,OK,--,5:24:04 PM,7/3/2025,
336,41.7,gf,1.675,mm,OK,--,5:24:04 PM,7/3/2025,
337,41.8,gf,1.680,mm,OK,--,5:24:04 PM,7/3/2025,
338,41.9,gf,1.685,mm,OK,--,5:24:04 PM,7/3/2025,
339,41.9,gf,1.690,mm,OK,--,5:24:04 PM,7/3/2025,
340,41.9,gf,1.695,mm,OK,--,5:24:04 PM,7/3/2025,
341,41.9,gf,1.695,mm,OK,--,5:24:04 PM,7/3/2025,
342,42.0,gf,1.700,mm,OK,--,5:24:04 PM,7/3/2025,
343,42.0,gf,1.705,mm,OK,--,5:24:04 PM,7/3/2025,
344,42.0,gf,1.710,mm,OK,--,5:24:04 PM,7/3/2025,
345,42.0,gf,1.715,mm,OK,--,5:24:05 PM,7/3/2025,
346,42.0,gf,1.720,mm,OK,--,5:24:05 PM,7/3/2025,
347,42.1,gf,1.720,mm,OK,--,5:24:05 PM,7/3/2025,
348,42.1,gf,1.725,mm,OK,--,5:24:05 PM,7/3/2025,
349,42.1,gf,1.730,mm,OK,--,5:24:05 PM,7/3/2025,
350,42.1,gf,1.730,mm,OK,--,5:24:05 PM,7/3/2025,
351,42.2,gf,1.735,mm,OK,--,5:24:05 PM,7/3/2025,
352,42.2,gf,1.740,mm,OK,--,5:24:05 PM,7/3/2025,
353,42.2,gf,1.745,mm,OK,--,5:24:05 PM,7/3/2025,
354,42.2,gf,1.745,mm,OK,--,5:24:05 PM,7/3/2025,
355,42.2,gf,1.750,mm,OK,--,5:24:06 PM,7/3/2025,
356,42.2,gf,1.755,mm,OK,--,5:24:06 PM,7/3/2025,
357,42.3,gf,1.760,mm,OK,--,5:24:06 PM,7/3/2025,
358,42.3,gf,1.765,mm,OK,--,5:24:06 PM,7/3/2025,
359,42.3,gf,1.765,mm,OK,--,5:24:06 PM,7/3/2025,
360,42.3,gf,1.770,mm,OK,--,5:24:06 PM,7/3/2025,
361,42.3,gf,1.770,mm,OK,--,5:24:06 PM,7/3/2025,
362,42.3,gf,1.775,mm,OK,--,5:24:06 PM,7/3/2025,
363,42.4,gf,1.780,mm,OK,--,5:24:06 PM,7/3/2025,
364,42.4,gf,1.780,mm,OK,--,5:24:06 PM,7/3/2025,
365,42.4,gf,1.780,mm,OK,--,5:24:07 PM,7/3/2025,
366,42.4,gf,1.785,mm,OK,--,5:24:07 PM,7/3/2025,
367,42.4,gf,1.785,mm,OK,--,5:24:07 PM,7/3/2025,
368,42.4,gf,1.785,mm,OK,--,5:24:07 PM,7/3/2025,
369,42.4,gf,1.790,mm,OK,--,5:24:07 PM,7/3/2025,
370,42.4,gf,1.790,mm,OK,--,5:24:07 PM,7/3/2025,
371,42.5,gf,1.790,mm,OK,--,5:24:07 PM,7/3/2025,
372,42.5,gf,1.790,mm,OK,--,5:24:07 PM,7/3/2025,
373,42.5,gf,1.795,mm,OK,--,5:24:07 PM,7/3/2025,
374,42.5,gf,1.795,mm,OK,--,5:24:07 PM,7/3/2025,
375,42.5,gf,1.795,mm,OK,--,5:24:08 PM,7/3/2025,
376,42.5,gf,1.800,mm,OK,--,5:24:08 PM,7/3/2025,
377,42.5,gf,1.800,mm,OK,--,5:24:08 PM,7/3/2025,
378,42.5,gf,1.800,mm,OK,--,5:24:08 PM,7/3/2025,
379,42.5,gf,1.805,mm,OK,--,5:24:08 PM,7/3/2025,
380,42.5,gf,1.805,mm,OK,--,5:24:08 PM,7/3/2025,
381,42.5,gf,1.805,mm,OK,--,5:24:08 PM,7/3/2025,
382,42.5,gf,1.810,mm,OK,--,5:24:08 PM,7/3/2025,
383,42.6,gf,1.810,mm,OK,--,5:24:08 PM,7/3/2025,
384,42.6,gf,1.810,mm,OK,--,5:24:08 PM,7/3/2025,
385,42.6,gf,1.815,mm,OK,--,5:24:09 PM,7/3/2025,
386,42.6,gf,1.815,mm,OK,--,5:24:09 PM,7/3/2025,
387,42.6,gf,1.815,mm,OK,--,5:24:09 PM,7/3/2025,
388,42.6,gf,1.820,mm,OK,--,5:24:09 PM,7/3/2025,
389,42.6,gf,1.820,mm,OK,--,5:24:09 PM,7/3/2025,
390,42.7,gf,1.825,mm,OK,--,5:24:09 PM,7/3/2025,
391,42.7,gf,1.825,mm,OK,--,5:24:09 PM,7/3/2025,
392,42.7,gf,1.825,mm,OK,--,5:24:09 PM,7/3/2025,
393,42.7,gf,1.830,mm,OK,--,5:24:09 PM,7/3/2025,
394,42.7,gf,1.830,mm,OK,--,5:24:09 PM,7/3/2025,
395,42.7,gf,1.830,mm,OK,--,5:24:10 PM,7/3/2025,
396,42.7,gf,1.835,mm,OK,--,5:24:10 PM,7/3/2025,
397,42.7,gf,1.835,mm,OK,--,5:24:10 PM,7/3/2025,
398,42.7,gf,1.840,mm,OK,--,5:24:10 PM,7/3/2025,
399,42.7,gf,1.840,mm,OK,--,5:24:10 PM,7/3/2025,
400,42.7,gf,1.845,mm,OK,--,5:24:10 PM,7/3/2025,
401,42.7,gf,1.845,mm,OK,--,5:24:10 PM,7/3/2025,
402,42.7,gf,1.845,mm,OK,--,5:24:10 PM,7/3/2025,
403,42.7,gf,1.850,mm,OK,--,5:24:10 PM,7/3/2025,
404,42.7,gf,1.850,mm,OK,--,5:24:10 PM,7/3/2025,
405,42.8,gf,1.855,mm,OK,--,5:24:11 PM,7/3/2025,
406,42.8,gf,1.855,mm,OK,--,5:24:11 PM,7/3/2025,
407,42.8,gf,1.860,mm,OK,--,5:24:11 PM,7/3/2025,
408,42.8,gf,1.865,mm,OK,--,5:24:11 PM,7/3/2025,
409,42.9,gf,1.865,mm,OK,--,5:24:11 PM,7/3/2025,
410,42.9,gf,1.870,mm,OK,--,5:24:11 PM,7/3/2025,
411,42.9,gf,1.875,mm,OK,--,5:24:11 PM,7/3/2025,
412,42.9,gf,1.875,mm,OK,--,5:24:11 PM,7/3/2025,
413,42.9,gf,1.880,mm,OK,--,5:24:11 PM,7/3/2025,
414,42.9,gf,1.880,mm,OK,--,5:24:11 PM,7/3/2025,
415,43.0,gf,1.885,mm,OK,--,5:24:12 PM,7/3/2025,
416,43.0,gf,1.890,mm,OK,--,5:24:12 PM,7/3/2025,
417,43.1,gf,1.895,mm,OK,--,5:24:12 PM,7/3/2025,
418,43.1,gf,1.895,mm,OK,--,5:24:12 PM,7/3/2025,
419,43.1,gf,1.900,mm,OK,--,5:24:12 PM,7/3/2025,
420,43.1,gf,1.905,mm,OK,--,5:24:12 PM,7/3/2025,
421,43.1,gf,1.905,mm,OK,--,5:24:12 PM,7/3/2025,
422,43.1,gf,1.910,mm,OK,--,5:24:12 PM,7/3/2025,
423,43.2,gf,1.915,mm,OK,--,5:24:12 PM,7/3/2025,
424,43.2,gf,1.920,mm,OK,--,5:24:12 PM,7/3/2025,
425,43.2,gf,1.920,mm,OK,--,5:24:13 PM,7/3/2025,
426,43.2,gf,1.925,mm,OK,--,5:24:13 PM,7/3/2025,
427,43.2,gf,1.930,mm,OK,--,5:24:13 PM,7/3/2025,
428,43.2,gf,1.930,mm,OK,--,5:24:13 PM,7/3/2025,
429,43.3,gf,1.935,mm,OK,--,5:24:13 PM,7/3/2025,
430,43.3,gf,1.940,mm,OK,--,5:24:13 PM,7/3/2025,
431,43.3,gf,1.940,mm,OK,--,5:24:13 PM,7/3/2025,
432,43.3,gf,1.945,mm,OK,--,5:24:13 PM,7/3/2025,
433,43.3,gf,1.950,mm,OK,--,5:24:13 PM,7/3/2025,
434,43.4,gf,1.955,mm,OK,--,5:24:13 PM,7/3/2025,
435,43.4,gf,1.960,mm,OK,--,5:24:14 PM,7/3/2025,
436,43.4,gf,1.965,mm,OK,--,5:24:14 PM,7/3/2025,
437,43.5,gf,1.970,mm,OK,--,5:24:14 PM,7/3/2025,
438,43.5,gf,1.975,mm,OK,--,5:24:14 PM,7/3/2025,
439,43.5,gf,1.980,mm,OK,--,5:24:14 PM,7/3/2025,
440,43.6,gf,1.990,mm,OK,--,5:24:14 PM,7/3/2025,
441,43.6,gf,1.995,mm,OK,--,5:24:14 PM,7/3/2025,
442,43.6,gf,2.000,mm,OK,--,5:24:14 PM,7/3/2025,
443,43.6,gf,2.000,mm,OK,--,5:24:14 PM,7/3/2025,
444,43.6,gf,2.005,mm,OK,--,5:24:14 PM,7/3/2025,
445,43.6,gf,2.010,mm,OK,--,5:24:15 PM,7/3/2025,
446,43.6,gf,2.015,mm,OK,--,5:24:15 PM,7/3/2025,
447,43.6,gf,2.020,mm,OK,--,5:24:15 PM,7/3/2025,
448,43.7,gf,2.025,mm,OK,--,5:24:15 PM,7/3/2025,
449,43.7,gf,2.025,mm,OK,--,5:24:15 PM,7/3/2025,
450,43.8,gf,2.030,mm,OK,--,5:24:15 PM,7/3/2025,
451,43.8,gf,2.035,mm,OK,--,5:24:15 PM,7/3/2025,
452,43.8,gf,2.035,mm,OK,--,5:24:15 PM,7/3/2025,
453,43.8,gf,2.040,mm,OK,--,5:24:15 PM,7/3/2025,
454,43.8,gf,2.045,mm,OK,--,5:24:15 PM,7/3/2025,
455,43.8,gf,2.045,mm,OK,--,5:24:16 PM,7/3/2025,
456,43.9,gf,2.050,mm,OK,--,5:24:16 PM,7/3/2025,
457,44.0,gf,2.055,mm,OK,--,5:24:16 PM,7/3/2025,
458,43.9,gf,2.060,mm,OK,--,5:24:16 PM,7/3/2025,
459,44.0,gf,2.065,mm,OK,--,5:24:16 PM,7/3/2025,
460,44.0,gf,2.070,mm,OK,--,5:24:16 PM,7/3/2025,
461,44.0,gf,2.075,mm,OK,--,5:24:16 PM,7/3/2025,
462,44.1,gf,2.085,mm,OK,--,5:24:16 PM,7/3/2025,
463,44.1,gf,2.090,mm,OK,--,5:24:16 PM,7/3/2025,
464,44.1,gf,2.095,mm,OK,--,5:24:16 PM,7/3/2025,
465,44.2,gf,2.100,mm,OK,--,5:24:17 PM,7/3/2025,
466,44.2,gf,2.110,mm,OK,--,5:24:17 PM,7/3/2025,
467,44.2,gf,2.115,mm,OK,--,5:24:17 PM,7/3/2025,
468,44.2,gf,2.120,mm,OK,--,5:24:17 PM,7/3/2025,
469,44.3,gf,2.125,mm,OK,--,5:24:17 PM,7/3/2025,
470,44.3,gf,2.130,mm,OK,--,5:24:17 PM,7/3/2025,
471,44.4,gf,2.135,mm,OK,--,5:24:17 PM,7/3/2025,
472,44.4,gf,2.140,mm,OK,--,5:24:17 PM,7/3/2025,
473,44.4,gf,2.145,mm,OK,--,5:24:17 PM,7/3/2025,
474,44.4,gf,2.150,mm,OK,--,5:24:17 PM,7/3/2025,
475,44.4,gf,2.155,mm,OK,--,5:24:18 PM,7/3/2025,
476,44.5,gf,2.160,mm,OK,--,5:24:18 PM,7/3/2025,
477,44.5,gf,2.165,mm,OK,--,5:24:18 PM,7/3/2025,
478,44.5,gf,2.165,mm,OK,--,5:24:18 PM,7/3/2025,
479,44.5,gf,2.170,mm,OK,--,5:24:18 PM,7/3/2025,
480,44.6,gf,2.175,mm,OK,--,5:24:18 PM,7/3/2025,
481,44.6,gf,2.175,mm,OK,--,5:24:18 PM,7/3/2025,
482,44.6,gf,2.180,mm,OK,--,5:24:18 PM,7/3/2025,
483,44.6,gf,2.185,mm,OK,--,5:24:18 PM,7/3/2025,
484,44.6,gf,2.185,mm,OK,--,5:24:18 PM,7/3/2025,
485,44.6,gf,2.190,mm,OK,--,5:24:19 PM,7/3/2025,
486,44.6,gf,2.190,mm,OK,--,5:24:19 PM,7/3/2025,
487,44.6,gf,2.195,mm,OK,--,5:24:19 PM,7/3/2025,
488,44.6,gf,2.195,mm,OK,--,5:24:19 PM,7/3/2025,
489,44.7,gf,2.200,mm,OK,--,5:24:19 PM,7/3/2025,
490,44.7,gf,2.200,mm,OK,--,5:24:19 PM,7/3/2025,
491,44.8,gf,2.205,mm,OK,--,5:24:19 PM,7/3/2025,
492,44.8,gf,2.205,mm,OK,--,5:24:19 PM,7/3/2025,
493,44.7,gf,2.210,mm,OK,--,5:24:19 PM,7/3/2025,
494,44.8,gf,2.210,mm,OK,--,5:24:19 PM,7/3/2025,
495,44.8,gf,2.215,mm,OK,--,5:24:20 PM,7/3/2025,
496,44.8,gf,2.220,mm,OK,--,5:24:20 PM,7/3/2025,
497,44.8,gf,2.220,mm,OK,--,5:24:20 PM,7/3/2025,
498,44.9,gf,2.225,mm,OK,--,5:24:20 PM,7/3/2025,
499,44.9,gf,2.230,mm,OK,--,5:24:20 PM,7/3/2025,
500,44.9,gf,2.230,mm,OK,--,5:24:20 PM,7/3/2025,
501,44.9,gf,2.235,mm,OK,--,5:24:20 PM,7/3/2025,
502,44.9,gf,2.240,mm,OK,--,5:24:20 PM,7/3/2025,
503,45.0,gf,2.240,mm,OK,--,5:24:20 PM,7/3/2025,
504,45.0,gf,2.245,mm,OK,--,5:24:20 PM,7/3/2025,
505,45.0,gf,2.250,mm,OK,--,5:24:21 PM,7/3/2025,
506,45.1,gf,2.250,mm,OK,--,5:24:21 PM,7/3/2025,
507,45.1,gf,2.255,mm,OK,--,5:24:21 PM,7/3/2025,
508,45.1,gf,2.260,mm,OK,--,5:24:21 PM,7/3/2025,
509,45.1,gf,2.260,mm,OK,--,5:24:21 PM,7/3/2025,
510,45.2,gf,2.265,mm,OK,--,5:24:21 PM,7/3/2025,
511,45.2,gf,2.270,mm,OK,--,5:24:21 PM,7/3/2025,
512,45.2,gf,2.275,mm,OK,--,5:24:21 PM,7/3/2025,
513,45.3,gf,2.280,mm,OK,--,5:24:21 PM,7/3/2025,
514,45.3,gf,2.285,mm,OK,--,5:24:21 PM,7/3/2025,
515,45.4,gf,2.285,mm,OK,--,5:24:22 PM,7/3/2025,
516,45.4,gf,2.290,mm,OK,--,5:24:22 PM,7/3/2025,
517,45.4,gf,2.295,mm,OK,--,5:24:22 PM,7/3/2025,
518,45.4,gf,2.300,mm,OK,--,5:24:22 PM,7/3/2025,
519,45.4,gf,2.305,mm,OK,--,5:24:22 PM,7/3/2025,
520,45.4,gf,2.310,mm,OK,--,5:24:22 PM,7/3/2025,
521,45.4,gf,2.315,mm,OK,--,5:24:22 PM,7/3/2025,
522,45.5,gf,2.320,mm,OK,--,5:24:22 PM,7/3/2025,
523,45.5,gf,2.325,mm,OK,--,5:24:22 PM,7/3/2025,
524,45.5,gf,2.330,mm,OK,--,5:24:22 PM,7/3/2025,
525,45.6,gf,2.330,mm,OK,--,5:24:23 PM,7/3/2025,
526,45.6,gf,2.335,mm,OK,--,5:24:23 PM,7/3/2025,
527,45.6,gf,2.340,mm,OK,--,5:24:23 PM,7/3/2025,
528,45.6,gf,2.345,mm,OK,--,5:24:23 PM,7/3/2025,
529,45.6,gf,2.350,mm,OK,--,5:24:23 PM,7/3/2025,
530,45.7,gf,2.355,mm,OK,--,5:24:23 PM,7/3/2025,
531,45.7,gf,2.360,mm,OK,--,5:24:23 PM,7/3/2025,
532,45.7,gf,2.365,mm,OK,--,5:24:23 PM,7/3/2025,
533,45.8,gf,2.370,mm,OK,--,5:24:23 PM,7/3/2025,
534,45.8,gf,2.375,mm,OK,--,5:24:23 PM,7/3/2025,
535,45.8,gf,2.380,mm,OK,--,5:24:24 PM,7/3/2025,
536,45.8,gf,2.385,mm,OK,--,5:24:24 PM,7/3/2025,
537,45.8,gf,2.390,mm,OK,--,5:24:24 PM,7/3/2025,
538,45.9,gf,2.395,mm,OK,--,5:24:24 PM,7/3/2025,
539,45.9,gf,2.400,mm,OK,--,5:24:24 PM,7/3/2025,
540,45.9,gf,2.405,mm,OK,--,5:24:24 PM,7/3/2025,
541,46.0,gf,2.410,mm,OK,--,5:24:24 PM,7/3/2025,
542,46.0,gf,2.415,mm,OK,--,5:24:24 PM,7/3/2025,
543,46.0,gf,2.420,mm,OK,--,5:24:24 PM,7/3/2025,
544,46.1,gf,2.425,mm,OK,--,5:24:24 PM,7/3/2025,
545,46.1,gf,2.430,mm,OK,--,5:24:25 PM,7/3/2025,
546,46.1,gf,2.435,mm,OK,--,5:24:25 PM,7/3/2025,
547,46.2,gf,2.440,mm,OK,--,5:24:25 PM,7/3/2025,
548,46.2,gf,2.445,mm,OK,--,5:24:25 PM,7/3/2025,
549,46.2,gf,2.450,mm,OK,--,5:24:25 PM,7/3/2025,
550,46.3,gf,2.455,mm,OK,--,5:24:25 PM,7/3/2025,
551,46.3,gf,2.460,mm,OK,--,5:24:25 PM,7/3/2025,
552,46.3,gf,2.465,mm,OK,--,5:24:25 PM,7/3/2025,
553,46.4,gf,2.475,mm,OK,--,5:24:25 PM,7/3/2025,
554,46.4,gf,2.480,mm,OK,--,5:24:25 PM,7/3/2025,
555,46.4,gf,2.485,mm,OK,--,5:24:26 PM,7/3/2025,
556,46.5,gf,2.490,mm,OK,--,5:24:26 PM,7/3/2025,
557,46.5,gf,2.495,mm,OK,--,5:24:26 PM,7/3/2025,
558,46.5,gf,2.500,mm,OK,--,5:24:26 PM,7/3/2025,
559,46.5,gf,2.505,mm,OK,--,5:24:26 PM,7/3/2025,
560,46.6,gf,2.510,mm,OK,--,5:24:26 PM,7/3/2025,
561,46.6,gf,2.515,mm,OK,--,5:24:26 PM,7/3/2025,
562,46.7,gf,2.520,mm,OK,--,5:24:26 PM,7/3/2025,
563,46.7,gf,2.525,mm,OK,--,5:24:26 PM,7/3/2025,
564,46.7,gf,2.530,mm,OK,--,5:24:26 PM,7/3/2025,
565,46.7,gf,2.535,mm,OK,--,5:24:27 PM,7/3/2025,
566,46.7,gf,2.540,mm,OK,--,5:24:27 PM,7/3/2025,
567,46.8,gf,2.550,mm,OK,--,5:24:27 PM,7/3/2025,
568,46.8,gf,2.555,mm,OK,--,5:24:27 PM,7/3/2025,
569,46.8,gf,2.560,mm,OK,--,5:24:27 PM,7/3/2025,
570,46.9,gf,2.565,mm,OK,--,5:24:27 PM,7/3/2025,
571,46.9,gf,2.570,mm,OK,--,5:24:27 PM,7/3/2025,
572,47.0,gf,2.575,mm,OK,--,5:24:27 PM,7/3/2025,
573,47.0,gf,2.580,mm,OK,--,5:24:27 PM,7/3/2025,
574,47.0,gf,2.585,mm,OK,--,5:24:27 PM,7/3/2025,
575,47.1,gf,2.590,mm,OK,--,5:24:28 PM,7/3/2025,
576,47.1,gf,2.595,mm,OK,--,5:24:28 PM,7/3/2025,
577,47.1,gf,2.595,mm,OK,--,5:24:28 PM,7/3/2025,
578,47.1,gf,2.600,mm,OK,--,5:24:28 PM,7/3/2025,
579,47.1,gf,2.605,mm,OK,--,5:24:28 PM,7/3/2025,
580,47.1,gf,2.605,mm,OK,--,5:24:28 PM,7/3/2025,
581,47.1,gf,2.610,mm,OK,--,5:24:28 PM,7/3/2025,
582,47.2,gf,2.615,mm,OK,--,5:24:28 PM,7/3/2025,
583,47.2,gf,2.620,mm,OK,--,5:24:28 PM,7/3/2025,
584,47.2,gf,2.625,mm,OK,--,5:24:28 PM,7/3/2025,
585,47.2,gf,2.630,mm,OK,--,5:24:29 PM,7/3/2025,
586,47.3,gf,2.635,mm,OK,--,5:24:29 PM,7/3/2025,
587,47.4,gf,2.645,mm,OK,--,5:24:29 PM,7/3/2025,
588,47.4,gf,2.645,mm,OK,--,5:24:29 PM,7/3/2025,
589,47.3,gf,2.650,mm,OK,--,5:24:29 PM,7/3/2025,
590,47.4,gf,2.650,mm,OK,--,5:24:29 PM,7/3/2025,
591,47.4,gf,2.655,mm,OK,--,5:24:29 PM,7/3/2025,
592,47.4,gf,2.655,mm,OK,--,5:24:29 PM,7/3/2025,
593,47.4,gf,2.660,mm,OK,--,5:24:29 PM,7/3/2025,
594,47.4,gf,2.660,mm,OK,--,5:24:29 PM,7/3/2025,
595,47.4,gf,2.660,mm,OK,--,5:24:30 PM,7/3/2025,
596,47.4,gf,2.665,mm,OK,--,5:24:30 PM,7/3/2025,
597,47.4,gf,2.665,mm,OK,--,5:24:30 PM,7/3/2025,
598,47.5,gf,2.670,mm,OK,--,5:24:30 PM,7/3/2025,
599,47.5,gf,2.675,mm,OK,--,5:24:30 PM,7/3/2025,
600,47.5,gf,2.675,mm,OK,--,5:24:30 PM,7/3/2025,
601,47.5,gf,2.680,mm,OK,--,5:24:30 PM,7/3/2025,
602,47.6,gf,2.680,mm,OK,--,5:24:30 PM,7/3/2025,
603,47.6,gf,2.685,mm,OK,--,5:24:30 PM,7/3/2025,
604,47.6,gf,2.690,mm,OK,--,5:24:30 PM,7/3/2025,
605,47.7,gf,2.695,mm,OK,--,5:24:31 PM,7/3/2025,
606,47.7,gf,2.705,mm,OK,--,5:24:31 PM,7/3/2025,
607,47.7,gf,2.710,mm,OK,--,5:24:31 PM,7/3/2025,
608,47.8,gf,2.715,mm,OK,--,5:24:31 PM,7/3/2025,
609,47.8,gf,2.720,mm,OK,--,5:24:31 PM,7/3/2025,
610,47.8,gf,2.725,mm,OK,--,5:24:31 PM,7/3/2025,
611,47.8,gf,2.725,mm,OK,--,5:24:31 PM,7/3/2025,
612,47.8,gf,2.730,mm,OK,--,5:24:31 PM,7/3/2025,
613,47.9,gf,2.730,mm,OK,--,5:24:31 PM,7/3/2025,
614,48.0,gf,2.735,mm,OK,--,5:24:31 PM,7/3/2025,
615,47.9,gf,2.740,mm,OK,--,5:24:32 PM,7/3/2025,
616,48.1,gf,2.750,mm,OK,--,5:24:32 PM,7/3/2025,
617,48.1,gf,2.760,mm,OK,--,5:24:32 PM,7/3/2025,
618,48.1,gf,2.770,mm,OK,--,5:24:32 PM,7/3/2025,
619,48.1,gf,2.775,mm,OK,--,5:24:32 PM,7/3/2025,
620,48.2,gf,2.785,mm,OK,--,5:24:32 PM,7/3/2025,
621,48.2,gf,2.790,mm,OK,--,5:24:32 PM,7/3/2025,
622,48.3,gf,2.795,mm,OK,--,5:24:32 PM,7/3/2025,
623,48.3,gf,2.800,mm,OK,--,5:24:32 PM,7/3/2025,
624,48.3,gf,2.805,mm,OK,--,5:24:32 PM,7/3/2025,
625,48.3,gf,2.810,mm,OK,--,5:24:33 PM,7/3/2025,
626,48.4,gf,2.815,mm,OK,--,5:24:33 PM,7/3/2025,
627,48.4,gf,2.820,mm,OK,--,5:24:33 PM,7/3/2025,
628,48.4,gf,2.825,mm,OK,--,5:24:33 PM,7/3/2025,
629,48.4,gf,2.830,mm,OK,--,5:24:33 PM,7/3/2025,
630,48.5,gf,2.835,mm,OK,--,5:24:33 PM,7/3/2025,
631,48.5,gf,2.840,mm,OK,--,5:24:33 PM,7/3/2025,
632,48.5,gf,2.840,mm,OK,--,5:24:33 PM,7/3/2025,
633,48.5,gf,2.845,mm,OK,--,5:24:33 PM,7/3/2025,
634,48.5,gf,2.850,mm,OK,--,5:24:33 PM,7/3/2025,
635,48.5,gf,2.850,mm,OK,--,5:24:34 PM,7/3/2025,
636,48.6,gf,2.855,mm,OK,--,5:24:34 PM,7/3/2025,
637,48.6,gf,2.855,mm,OK,--,5:24:34 PM,7/3/2025,
638,48.6,gf,2.855,mm,OK,--,5:24:34 PM,7/3/2025,
639,48.6,gf,2.860,mm,OK,--,5:24:34 PM,7/3/2025,
640,48.6,gf,2.860,mm,OK,--,5:24:34 PM,7/3/2025,
641,48.6,gf,2.860,mm,OK,--,5:24:34 PM,7/3/2025,
642,48.6,gf,2.865,mm,OK,--,5:24:34 PM,7/3/2025,
643,48.7,gf,2.865,mm,OK,--,5:24:34 PM,7/3/2025,
644,48.7,gf,2.870,mm,OK,--,5:24:34 PM,7/3/2025,
645,48.7,gf,2.870,mm,OK,--,5:24:35 PM,7/3/2025,
646,48.7,gf,2.875,mm,OK,--,5:24:35 PM,7/3/2025,
647,48.7,gf,2.875,mm,OK,--,5:24:35 PM,7/3/2025,
648,48.7,gf,2.880,mm,OK,--,5:24:35 PM,7/3/2025,
649,48.9,gf,2.880,mm,OK,--,5:24:35 PM,7/3/2025,
650,48.8,gf,2.885,mm,OK,--,5:24:35 PM,7/3/2025,
651,48.8,gf,2.885,mm,OK,--,5:24:35 PM,7/3/2025,
652,48.7,gf,2.885,mm,OK,--,5:24:35 PM,7/3/2025,
653,48.9,gf,2.885,mm,OK,--,5:24:35 PM,7/3/2025,
654,48.9,gf,2.890,mm,OK,--,5:24:35 PM,7/3/2025,
655,48.9,gf,2.895,mm,OK,--,5:24:36 PM,7/3/2025,
656,48.9,gf,2.900,mm,OK,--,5:24:36 PM,7/3/2025,
657,49.0,gf,2.905,mm,OK,--,5:24:36 PM,7/3/2025,
658,49.0,gf,2.905,mm,OK,--,5:24:36 PM,7/3/2025,
659,49.0,gf,2.910,mm,OK,--,5:24:36 PM,7/3/2025,
660,49.0,gf,2.910,mm,OK,--,5:24:36 PM,7/3/2025,
661,49.0,gf,2.915,mm,OK,--,5:24:36 PM,7/3/2025,
662,49.1,gf,2.915,mm,OK,--,5:24:36 PM,7/3/2025,
663,49.0,gf,2.920,mm,OK,--,5:24:36 PM,7/3/2025,
664,49.1,gf,2.920,mm,OK,--,5:24:36 PM,7/3/2025,
665,49.1,gf,2.925,mm,OK,--,5:24:37 PM,7/3/2025,
666,49.1,gf,2.925,mm,OK,--,5:24:37 PM,7/3/2025,
667,49.1,gf,2.930,mm,OK,--,5:24:37 PM,7/3/2025,
668,49.1,gf,2.930,mm,OK,--,5:24:37 PM,7/3/2025,
669,49.2,gf,2.935,mm,OK,--,5:24:37 PM,7/3/2025,
670,49.3,gf,2.940,mm,OK,--,5:24:37 PM,7/3/2025,
671,49.3,gf,2.945,mm,OK,--,5:24:37 PM,7/3/2025,
672,49.3,gf,2.950,mm,OK,--,5:24:37 PM,7/3/2025,
673,49.3,gf,2.955,mm,OK,--,5:24:37 PM,7/3/2025,
674,49.3,gf,2.960,mm,OK,--,5:24:37 PM,7/3/2025,
675,49.3,gf,2.965,mm,OK,--,5:24:38 PM,7/3/2025,
676,49.4,gf,2.970,mm,OK,--,5:24:38 PM,7/3/2025,
677,49.4,gf,2.975,mm,OK,--,5:24:38 PM,7/3/2025,
678,49.4,gf,2.980,mm,OK,--,5:24:38 PM,7/3/2025,
679,49.4,gf,2.985,mm,OK,--,5:24:38 PM,7/3/2025,
680,49.4,gf,2.985,mm,OK,--,5:24:38 PM,7/3/2025,
681,49.5,gf,2.990,mm,OK,--,5:24:38 PM,7/3/2025,
682,49.5,gf,2.995,mm,OK,--,5:24:38 PM,7/3/2025,
683,49.6,gf,3.000,mm,OK,--,5:24:38 PM,7/3/2025,
684,49.6,gf,3.005,mm,OK,--,5:24:38 PM,7/3/2025,
685,49.7,gf,3.015,mm,OK,--,5:24:39 PM,7/3/2025,
686,49.7,gf,3.025,mm,OK,--,5:24:39 PM,7/3/2025,
687,49.7,gf,3.030,mm,OK,--,5:24:39 PM,7/3/2025,
688,49.8,gf,3.040,mm,OK,--,5:24:39 PM,7/3/2025,
689,49.9,gf,3.050,mm,OK,--,5:24:39 PM,7/3/2025,
690,49.9,gf,3.055,mm,OK,--,5:24:39 PM,7/3/2025,
691,49.9,gf,3.060,mm,OK,--,5:24:39 PM,7/3/2025,
692,49.9,gf,3.060,mm,OK,--,5:24:39 PM,7/3/2025,
693,49.9,gf,3.065,mm,OK,--,5:24:39 PM,7/3/2025,
694,50.0,gf,3.065,mm,OK,--,5:24:39 PM,7/3/2025,
695,49.9,gf,3.070,mm,OK,--,5:24:40 PM,7/3/2025,
696,50.0,gf,3.070,mm,OK,--,5:24:40 PM,7/3/2025,
697,50.0,gf,3.075,mm,OK,--,5:24:40 PM,7/3/2025,
698,50.0,gf,3.075,mm,OK,--,5:24:40 PM,7/3/2025,
699,50.0,gf,3.075,mm,OK,--,5:24:40 PM,7/3/2025,
700,50.0,gf,3.080,mm,OK,--,5:24:40 PM,7/3/2025,
701,50.0,gf,3.080,mm,OK,--,5:24:40 PM,7/3/2025,
702,50.0,gf,3.080,mm,OK,--,5:24:40 PM,7/3/2025,
703,50.0,gf,3.085,mm,OK,--,5:24:40 PM,7/3/2025,
704,50.0,gf,3.085,mm,OK,--,5:24:40 PM,7/3/2025,
705,50.1,gf,3.090,mm,OK,--,5:24:41 PM,7/3/2025,
706,50.1,gf,3.090,mm,OK,--,5:24:41 PM,7/3/2025,
707,50.1,gf,3.095,mm,OK,--,5:24:41 PM,7/3/2025,
708,50.1,gf,3.100,mm,OK,--,5:24:41 PM,7/3/2025,
709,50.1,gf,3.100,mm,OK,--,5:24:41 PM,7/3/2025,
710,50.1,gf,3.105,mm,OK,--,5:24:41 PM,7/3/2025,
711,50.1,gf,3.105,mm,OK,--,5:24:41 PM,7/3/2025,
712,50.1,gf,3.105,mm,OK,--,5:24:41 PM,7/3/2025,
713,50.2,gf,3.110,mm,OK,--,5:24:41 PM,7/3/2025,
714,50.2,gf,3.110,mm,OK,--,5:24:41 PM,7/3/2025,
715,50.2,gf,3.115,mm,OK,--,5:24:42 PM,7/3/2025,
716,50.2,gf,3.115,mm,OK,--,5:24:42 PM,7/3/2025,
717,50.2,gf,3.115,mm,OK,--,5:24:42 PM,7/3/2025,
718,50.2,gf,3.120,mm,OK,--,5:24:42 PM,7/3/2025,
719,50.3,gf,3.125,mm,OK,--,5:24:42 PM,7/3/2025,
720,50.3,gf,3.125,mm,OK,--,5:24:42 PM,7/3/2025,
721,50.3,gf,3.130,mm,OK,--,5:24:42 PM,7/3/2025,
722,50.3,gf,3.135,mm,OK,--,5:24:42 PM,7/3/2025,
723,50.3,gf,3.135,mm,OK,--,5:24:42 PM,7/3/2025,
724,50.4,gf,3.140,mm,OK,--,5:24:42 PM,7/3/2025,
725,50.4,gf,3.145,mm,OK,--,5:24:43 PM,7/3/2025,
726,50.4,gf,3.150,mm,OK,--,5:24:43 PM,7/3/2025,
727,50.5,gf,3.155,mm,OK,--,5:24:43 PM,7/3/2025,
728,50.5,gf,3.160,mm,OK,--,5:24:43 PM,7/3/2025,
729,50.6,gf,3.165,mm,OK,--,5:24:43 PM,7/3/2025,
730,50.6,gf,3.170,mm,OK,--,5:24:43 PM,7/3/2025,
731,50.7,gf,3.175,mm,OK,--,5:24:43 PM,7/3/2025,
732,50.7,gf,3.185,mm,OK,--,5:24:43 PM,7/3/2025,
733,50.7,gf,3.190,mm,OK,--,5:24:43 PM,7/3/2025,
734,50.8,gf,3.200,mm,OK,--,5:24:43 PM,7/3/2025,
735,50.9,gf,3.205,mm,OK,--,5:24:44 PM,7/3/2025,
736,50.9,gf,3.210,mm,OK,--,5:24:44 PM,7/3/2025,
737,50.9,gf,3.215,mm,OK,--,5:24:44 PM,7/3/2025,
738,50.9,gf,3.220,mm,OK,--,5:24:44 PM,7/3/2025,
739,51.0,gf,3.230,mm,OK,--,5:24:44 PM,7/3/2025,
740,51.0,gf,3.235,mm,OK,--,5:24:44 PM,7/3/2025,
741,51.0,gf,3.240,mm,OK,--,5:24:44 PM,7/3/2025,
742,51.0,gf,3.245,mm,OK,--,5:24:44 PM,7/3/2025,
743,51.1,gf,3.250,mm,OK,--,5:24:44 PM,7/3/2025,
744,51.1,gf,3.255,mm,OK,--,5:24:44 PM,7/3/2025,
745,51.2,gf,3.265,mm,OK,--,5:24:45 PM,7/3/2025,
746,51.2,gf,3.270,mm,OK,--,5:24:45 PM,7/3/2025,
747,51.3,gf,3.275,mm,OK,--,5:24:45 PM,7/3/2025,
748,51.2,gf,3.280,mm,OK,--,5:24:45 PM,7/3/2025,
749,51.2,gf,3.280,mm,OK,--,5:24:45 PM,7/3/2025,
750,51.3,gf,3.285,mm,OK,--,5:24:45 PM,7/3/2025,
751,51.3,gf,3.290,mm,OK,--,5:24:45 PM,7/3/2025,
752,51.4,gf,3.295,mm,OK,--,5:24:45 PM,7/3/2025,
753,51.4,gf,3.305,mm,OK,--,5:24:45 PM,7/3/2025,
754,51.4,gf,3.310,mm,OK,--,5:24:45 PM,7/3/2025,
755,51.5,gf,3.315,mm,OK,--,5:24:46 PM,7/3/2025,
756,51.5,gf,3.315,mm,OK,--,5:24:46 PM,7/3/2025,
757,51.5,gf,3.320,mm,OK,--,5:24:46 PM,7/3/2025,
758,51.5,gf,3.325,mm,OK,--,5:24:46 PM,7/3/2025,
759,51.5,gf,3.330,mm,OK,--,5:24:46 PM,7/3/2025,
760,51.6,gf,3.335,mm,OK,--,5:24:46 PM,7/3/2025,
761,51.6,gf,3.340,mm,OK,--,5:24:46 PM,7/3/2025,
762,51.6,gf,3.345,mm,OK,--,5:24:46 PM,7/3/2025,
763,51.6,gf,3.350,mm,OK,--,5:24:46 PM,7/3/2025,
764,51.6,gf,3.355,mm,OK,--,5:24:46 PM,7/3/2025,
765,51.7,gf,3.360,mm,OK,--,5:24:47 PM,7/3/2025,
766,51.7,gf,3.365,mm,OK,--,5:24:47 PM,7/3/2025,
767,51.8,gf,3.375,mm,OK,--,5:24:47 PM,7/3/2025,
768,51.9,gf,3.380,mm,OK,--,5:24:47 PM,7/3/2025,
769,51.9,gf,3.385,mm,OK,--,5:24:47 PM,7/3/2025,
770,51.9,gf,3.390,mm,OK,--,5:24:47 PM,7/3/2025,
771,51.9,gf,3.395,mm,OK,--,5:24:47 PM,7/3/2025,
772,52.0,gf,3.400,mm,OK,--,5:24:47 PM,7/3/2025,
773,52.0,gf,3.405,mm,OK,--,5:24:47 PM,7/3/2025,
774,52.0,gf,3.410,mm,OK,--,5:24:47 PM,7/3/2025,
775,52.0,gf,3.415,mm,OK,--,5:24:48 PM,7/3/2025,
776,52.1,gf,3.415,mm,OK,--,5:24:48 PM,7/3/2025,
777,52.1,gf,3.420,mm,OK,--,5:24:48 PM,7/3/2025,
778,52.1,gf,3.425,mm,OK,--,5:24:48 PM,7/3/2025,
779,52.1,gf,3.430,mm,OK,--,5:24:48 PM,7/3/2025,
780,52.2,gf,3.435,mm,OK,--,5:24:48 PM,7/3/2025,
781,52.2,gf,3.440,mm,OK,--,5:24:48 PM,7/3/2025,
782,52.2,gf,3.440,mm,OK,--,5:24:48 PM,7/3/2025,
783,52.2,gf,3.445,mm,OK,--,5:24:48 PM,7/3/2025,
784,52.2,gf,3.445,mm,OK,--,5:24:48 PM,7/3/2025,
785,52.2,gf,3.445,mm,OK,--,5:24:49 PM,7/3/2025,
786,52.3,gf,3.450,mm,OK,--,5:24:49 PM,7/3/2025,
787,52.3,gf,3.450,mm,OK,--,5:24:49 PM,7/3/2025,
788,52.3,gf,3.455,mm,OK,--,5:24:49 PM,7/3/2025,
789,52.3,gf,3.455,mm,OK,--,5:24:49 PM,7/3/2025,
790,52.3,gf,3.460,mm,OK,--,5:24:49 PM,7/3/2025,
791,52.4,gf,3.460,mm,OK,--,5:24:49 PM,7/3/2025,
792,52.4,gf,3.465,mm,OK,--,5:24:49 PM,7/3/2025,
793,52.4,gf,3.470,mm,OK,--,5:24:49 PM,7/3/2025,
794,52.5,gf,3.475,mm,OK,--,5:24:49 PM,7/3/2025,
795,52.5,gf,3.480,mm,OK,--,5:24:50 PM,7/3/2025,
796,52.5,gf,3.480,mm,OK,--,5:24:50 PM,7/3/2025,
797,52.5,gf,3.485,mm,OK,--,5:24:50 PM,7/3/2025,
798,52.5,gf,3.490,mm,OK,--,5:24:50 PM,7/3/2025,
799,52.6,gf,3.495,mm,OK,--,5:24:50 PM,7/3/2025,
800,52.6,gf,3.500,mm,OK,--,5:24:50 PM,7/3/2025,
801,52.6,gf,3.505,mm,OK,--,5:24:50 PM,7/3/2025,
802,52.7,gf,3.510,mm,OK,--,5:24:50 PM,7/3/2025,
803,52.7,gf,3.515,mm,OK,--,5:24:50 PM,7/3/2025,
804,52.7,gf,3.520,mm,OK,--,5:24:50 PM,7/3/2025,
805,52.7,gf,3.525,mm,OK,--,5:24:51 PM,7/3/2025,
806,52.8,gf,3.530,mm,OK,--,5:24:51 PM,7/3/2025,
807,52.7,gf,3.535,mm,OK,--,5:24:51 PM,7/3/2025,
808,52.8,gf,3.540,mm,OK,--,5:24:51 PM,7/3/2025,
809,52.8,gf,3.545,mm,OK,--,5:24:51 PM,7/3/2025,
810,52.9,gf,3.550,mm,OK,--,5:24:51 PM,7/3/2025,
811,52.9,gf,3.555,mm,OK,--,5:24:51 PM,7/3/2025,
812,52.9,gf,3.560,mm,OK,--,5:24:51 PM,7/3/2025,
813,53.0,gf,3.565,mm,OK,--,5:24:51 PM,7/3/2025,
814,53.0,gf,3.570,mm,OK,--,5:24:51 PM,7/3/2025,
815,53.0,gf,3.575,mm,OK,--,5:24:52 PM,7/3/2025,
816,53.0,gf,3.585,mm,OK,--,5:24:52 PM,7/3/2025,
817,53.1,gf,3.590,mm,OK,--,5:24:52 PM,7/3/2025,
818,53.1,gf,3.595,mm,OK,--,5:24:52 PM,7/3/2025,
819,53.2,gf,3.605,mm,OK,--,5:24:52 PM,7/3/2025,
820,53.2,gf,3.610,mm,OK,--,5:24:52 PM,7/3/2025,
821,53.3,gf,3.615,mm,OK,--,5:24:52 PM,7/3/2025,
822,53.4,gf,3.625,mm,OK,--,5:24:52 PM,7/3/2025,
823,53.4,gf,3.630,mm,OK,--,5:24:52 PM,7/3/2025,
824,53.4,gf,3.635,mm,OK,--,5:24:52 PM,7/3/2025,
825,53.5,gf,3.640,mm,OK,--,5:24:53 PM,7/3/2025,
826,53.5,gf,3.645,mm,OK,--,5:24:53 PM,7/3/2025,
827,53.6,gf,3.650,mm,OK,--,5:24:53 PM,7/3/2025,
828,53.6,gf,3.655,mm,OK,--,5:24:53 PM,7/3/2025,
829,53.6,gf,3.660,mm,OK,--,5:24:53 PM,7/3/2025,
830,53.6,gf,3.665,mm,OK,--,5:24:53 PM,7/3/2025,
831,53.7,gf,3.670,mm,OK,--,5:24:53 PM,7/3/2025,
832,53.7,gf,3.675,mm,OK,--,5:24:53 PM,7/3/2025,
833,53.7,gf,3.680,mm,OK,--,5:24:53 PM,7/3/2025,
834,53.8,gf,3.680,mm,OK,--,5:24:53 PM,7/3/2025,
835,53.8,gf,3.685,mm,OK,--,5:24:54 PM,7/3/2025,
836,53.8,gf,3.690,mm,OK,--,5:24:54 PM,7/3/2025,
837,53.8,gf,3.690,mm,OK,--,5:24:54 PM,7/3/2025,
838,53.8,gf,3.695,mm,OK,--,5:24:54 PM,7/3/2025,
839,53.8,gf,3.700,mm,OK,--,5:24:54 PM,7/3/2025,
840,53.9,gf,3.705,mm,OK,--,5:24:54 PM,7/3/2025,
841,53.9,gf,3.710,mm,OK,--,5:24:54 PM,7/3/2025,
842,54.0,gf,3.715,mm,OK,--,5:24:54 PM,7/3/2025,
843,54.0,gf,3.720,mm,OK,--,5:24:54 PM,7/3/2025,
844,54.0,gf,3.730,mm,OK,--,5:24:54 PM,7/3/2025,
845,54.1,gf,3.735,mm,OK,--,5:24:55 PM,7/3/2025,
846,54.1,gf,3.745,mm,OK,--,5:24:55 PM,7/3/2025,
847,54.2,gf,3.750,mm,OK,--,5:24:55 PM,7/3/2025,
848,54.2,gf,3.755,mm,OK,--,5:24:55 PM,7/3/2025,
849,54.3,gf,3.760,mm,OK,--,5:24:55 PM,7/3/2025,
850,54.3,gf,3.765,mm,OK,--,5:24:55 PM,7/3/2025,
851,54.3,gf,3.770,mm,OK,--,5:24:55 PM,7/3/2025,
852,54.3,gf,3.775,mm,OK,--,5:24:55 PM,7/3/2025,
853,54.3,gf,3.775,mm,OK,--,5:24:55 PM,7/3/2025,
854,54.3,gf,3.775,mm,OK,--,5:24:55 PM,7/3/2025,
855,54.3,gf,3.780,mm,OK,--,5:24:56 PM,7/3/2025,
856,54.4,gf,3.780,mm,OK,--,5:24:56 PM,7/3/2025,
857,54.4,gf,3.785,mm,OK,--,5:24:56 PM,7/3/2025,
858,54.4,gf,3.785,mm,OK,--,5:24:56 PM,7/3/2025,
859,54.4,gf,3.785,mm,OK,--,5:24:56 PM,7/3/2025,
860,54.5,gf,3.790,mm,OK,--,5:24:56 PM,7/3/2025,
861,54.5,gf,3.790,mm,OK,--,5:24:56 PM,7/3/2025,
862,54.5,gf,3.795,mm,OK,--,5:24:56 PM,7/3/2025,
863,54.5,gf,3.795,mm,OK,--,5:24:56 PM,7/3/2025,
864,54.6,gf,3.800,mm,OK,--,5:24:56 PM,7/3/2025,
865,54.6,gf,3.805,mm,OK,--,5:24:57 PM,7/3/2025,
866,54.6,gf,3.810,mm,OK,--,5:24:57 PM,7/3/2025,
867,54.6,gf,3.815,mm,OK,--,5:24:57 PM,7/3/2025,
868,54.6,gf,3.820,mm,OK,--,5:24:57 PM,7/3/2025,
869,54.7,gf,3.825,mm,OK,--,5:24:57 PM,7/3/2025,
870,54.7,gf,3.830,mm,OK,--,5:24:57 PM,7/3/2025,
871,54.7,gf,3.840,mm,OK,--,5:24:57 PM,7/3/2025,
872,54.7,gf,3.845,mm,OK,--,5:24:57 PM,7/3/2025,
873,54.8,gf,3.850,mm,OK,--,5:24:57 PM,7/3/2025,
874,54.8,gf,3.855,mm,OK,--,5:24:57 PM,7/3/2025,
875,54.9,gf,3.860,mm,OK,--,5:24:58 PM,7/3/2025,
876,54.9,gf,3.870,mm,OK,--,5:24:58 PM,7/3/2025,
877,54.9,gf,3.875,mm,OK,--,5:24:58 PM,7/3/2025,
878,55.0,gf,3.880,mm,OK,--,5:24:58 PM,7/3/2025,
879,55.1,gf,3.885,mm,OK,--,5:24:58 PM,7/3/2025,
880,55.1,gf,3.890,mm,OK,--,5:24:58 PM,7/3/2025,
881,55.2,gf,3.895,mm,OK,--,5:24:58 PM,7/3/2025,
882,55.2,gf,3.905,mm,OK,--,5:24:58 PM,7/3/2025,
883,56.0,gf,3.905,mm,OK,--,5:24:58 PM,7/3/2025,
884,57.9,gf,3.910,mm,OK,--,5:24:58 PM,7/3/2025,
885,60.2,gf,3.910,mm,OK,--,5:24:59 PM,7/3/2025,
886,62.4,gf,3.915,mm,OK,--,5:24:59 PM,7/3/2025,
887,64.5,gf,3.915,mm,OK,--,5:24:59 PM,7/3/2025,
888,67.1,gf,3.920,mm,OK,--,5:24:59 PM,7/3/2025,
889,69.5,gf,3.920,mm,OK,--,5:24:59 PM,7/3/2025,
890,71.7,gf,3.925,mm,OK,--,5:24:59 PM,7/3/2025,
891,73.3,gf,3.925,mm,OK,--,5:24:59 PM,7/3/2025,
892,74.8,gf,3.925,mm,OK,--,5:24:59 PM,7/3/2025,
893,76.5,gf,3.930,mm,OK,--,5:24:59 PM,7/3/2025,
894,78.5,gf,3.930,mm,OK,--,5:24:59 PM,7/3/2025,
895,80.5,gf,3.930,mm,OK,--,5:25:00 PM,7/3/2025,
896,82.5,gf,3.935,mm,OK,--,5:25:00 PM,7/3/2025,
897,84.3,gf,3.935,mm,OK,--,5:25:00 PM,7/3/2025,
898,86.0,gf,3.940,mm,OK,--,5:25:00 PM,7/3/2025,
899,88.0,gf,3.940,mm,OK,--,5:25:00 PM,7/3/2025,
900,89.9,gf,3.940,mm,OK,--,5:25:00 PM,7/3/2025,
901,91.6,gf,3.945,mm,OK,--,5:25:00 PM,7/3/2025,
902,93.2,gf,3.945,mm,OK,--,5:25:00 PM,7/3/2025,
903,94.8,gf,3.945,mm,OK,--,5:25:00 PM,7/3/2025,
904,96.3,gf,3.950,mm,OK,--,5:25:00 PM,7/3/2025,
905,97.8,gf,3.950,mm,OK,--,5:25:01 PM,7/3/2025,
906,99.3,gf,3.950,mm,OK,--,5:25:01 PM,7/3/2025,
907,100.7,gf,3.950,mm,OK,--,5:25:01 PM,7/3/2025,
908,102.2,gf,3.955,mm,OK,--,5:25:01 PM,7/3/2025,
909,103.4,gf,3.955,mm,OK,--,5:25:01 PM,7/3/2025,
910,104.8,gf,3.955,mm,OK,--,5:25:01 PM,7/3/2025,
911,106.1,gf,3.955,mm,OK,--,5:25:01 PM,7/3/2025,
912,107.4,gf,3.960,mm,OK,--,5:25:01 PM,7/3/2025,
913,108.6,gf,3.960,mm,OK,--,5:25:01 PM,7/3/2025,
914,109.8,gf,3.960,mm,OK,--,5:25:01 PM,7/3/2025,
915,110.8,gf,3.960,mm,OK,--,5:25:02 PM,7/3/2025,
916,111.9,gf,3.965,mm,OK,--,5:25:02 PM,7/3/2025,
917,113.1,gf,3.965,mm,OK,--,5:25:02 PM,7/3/2025,
918,114.1,gf,3.965,mm,OK,--,5:25:02 PM,7/3/2025,
919,115.3,gf,3.965,mm,OK,--,5:25:02 PM,7/3/2025,
920,116.7,gf,3.970,mm,OK,--,5:25:02 PM,7/3/2025,
921,118.6,gf,3.970,mm,OK,--,5:25:02 PM,7/3/2025,
922,120.5,gf,3.970,mm,OK,--,5:25:02 PM,7/3/2025,
923,122.2,gf,3.975,mm,OK,--,5:25:02 PM,7/3/2025,
924,124.0,gf,3.975,mm,OK,--,5:25:02 PM,7/3/2025,
925,125.9,gf,3.975,mm,OK,--,5:25:03 PM,7/3/2025,
926,127.8,gf,3.980,mm,OK,--,5:25:03 PM,7/3/2025,
927,130.0,gf,3.980,mm,OK,--,5:25:03 PM,7/3/2025,
928,132.2,gf,3.985,mm,OK,--,5:25:03 PM,7/3/2025,
929,134.5,gf,3.985,mm,OK,--,5:25:03 PM,7/3/2025,
930,136.7,gf,3.990,mm,OK,--,5:25:03 PM,7/3/2025,
931,139.3,gf,3.990,mm,OK,--,5:25:03 PM,7/3/2025,
932,141.8,gf,3.995,mm,OK,--,5:25:03 PM,7/3/2025,
933,144.2,gf,3.995,mm,OK,--,5:25:03 PM,7/3/2025,
934,146.3,gf,4.000,mm,OK,--,5:25:03 PM,7/3/2025,
935,148.4,gf,4.000,mm,OK,--,5:25:04 PM,7/3/2025,
936,150.6,gf,4.000,mm,OK,--,5:25:04 PM,7/3/2025,
937,152.7,gf,4.005,mm,OK,--,5:25:04 PM,7/3/2025,
938,155.1,gf,4.005,mm,OK,--,5:25:04 PM,7/3/2025,
939,157.2,gf,4.010,mm,OK,--,5:25:04 PM,7/3/2025,
940,159.1,gf,4.010,mm,OK,--,5:25:04 PM,7/3/2025,
941,160.8,gf,4.010,mm,OK,--,5:25:04 PM,7/3/2025,
942,162.7,gf,4.015,mm,OK,--,5:25:04 PM,7/3/2025,
943,164.5,gf,4.015,mm,OK,--,5:25:04 PM,7/3/2025,
944,166.1,gf,4.020,mm,OK,--,5:25:04 PM,7/3/2025,
945,167.6,gf,4.020,mm,OK,--,5:25:05 PM,7/3/2025,
946,168.7,gf,4.020,mm,OK,--,5:25:05 PM,7/3/2025,
947,169.9,gf,4.020,mm,OK,--,5:25:05 PM,7/3/2025,
948,170.8,gf,4.020,mm,OK,--,5:25:05 PM,7/3/2025,
949,171.9,gf,4.025,mm,OK,--,5:25:05 PM,7/3/2025,
950,173.1,gf,4.025,mm,OK,--,5:25:05 PM,7/3/2025,
951,174.2,gf,4.025,mm,OK,--,5:25:05 PM,7/3/2025,
952,175.5,gf,4.025,mm,OK,--,5:25:05 PM,7/3/2025,
953,176.5,gf,4.030,mm,OK,--,5:25:05 PM,7/3/2025,
954,177.7,gf,4.030,mm,OK,--,5:25:05 PM,7/3/2025,
955,178.8,gf,4.030,mm,OK,--,5:25:06 PM,7/3/2025,
956,180.4,gf,4.030,mm,OK,--,5:25:06 PM,7/3/2025,
957,181.8,gf,4.035,mm,OK,--,5:25:06 PM,7/3/2025,
958,182.9,gf,4.035,mm,OK,--,5:25:06 PM,7/3/2025,
959,184.0,gf,4.035,mm,OK,--,5:25:06 PM,7/3/2025,
960,185.4,gf,4.035,mm,OK,--,5:25:06 PM,7/3/2025,
961,187.4,gf,4.040,mm,OK,--,5:25:06 PM,7/3/2025,
962,188.9,gf,4.040,mm,OK,--,5:25:06 PM,7/3/2025,
963,190.3,gf,4.040,mm,OK,--,5:25:06 PM,7/3/2025,
964,191.7,gf,4.040,mm,OK,--,5:25:06 PM,7/3/2025,
965,193.4,gf,4.045,mm,OK,--,5:25:07 PM,7/3/2025,
966,194.5,gf,4.045,mm,OK,--,5:25:07 PM,7/3/2025,
967,194.7,gf,4.045,mm,OK,--,5:25:07 PM,7/3/2025,
968,194.6,gf,4.045,mm,OK,--,5:25:07 PM,7/3/2025,
969,194.6,gf,4.045,mm,OK,--,5:25:07 PM,7/3/2025,
970,194.4,gf,4.045,mm,OK,--,5:25:07 PM,7/3/2025,
971,194.5,gf,4.045,mm,OK,--,5:25:07 PM,7/3/2025,
972,194.4,gf,4.045,mm,OK,--,5:25:07 PM,7/3/2025,
973,194.4,gf,4.045,mm,OK,--,5:25:07 PM,7/3/2025,
974,194.4,gf,4.045,mm,OK,--,5:25:07 PM,7/3/2025,
975,194.4,gf,4.045,mm,OK,--,5:25:08 PM,7/3/2025,
976,194.4,gf,4.045,mm,OK,--,5:25:08 PM,7/3/2025,
977,194.4,gf,4.045,mm,OK,--,5:25:08 PM,7/3/2025,
978,194.2,gf,4.045,mm,OK,--,5:25:08 PM,7/3/2025,
979,194.2,gf,4.045,mm,OK,--,5:25:08 PM,7/3/2025,
980,194.1,gf,4.045,mm,OK,--,5:25:08 PM,7/3/2025,
981,193.9,gf,4.045,mm,OK,--,5:25:08 PM,7/3/2025,
982,193.7,gf,4.045,mm,OK,--,5:25:08 PM,7/3/2025,
983,193.6,gf,4.045,mm,OK,--,5:25:08 PM,7/3/2025,
984,193.4,gf,4.045,mm,OK,--,5:25:08 PM,7/3/2025,
985,193.0,gf,4.045,mm,OK,--,5:25:09 PM,7/3/2025,
986,192.0,gf,4.045,mm,OK,--,5:25:09 PM,7/3/2025,
987,190.1,gf,4.045,mm,OK,--,5:25:09 PM,7/3/2025,
988,187.4,gf,4.040,mm,OK,--,5:25:09 PM,7/3/2025,
989,185.3,gf,4.040,mm,OK,--,5:25:09 PM,7/3/2025,
990,183.3,gf,4.035,mm,OK,--,5:25:09 PM,7/3/2025,
991,181.1,gf,4.035,mm,OK,--,5:25:09 PM,7/3/2025,
992,179.8,gf,4.035,mm,OK,--,5:25:09 PM,7/3/2025,
993,179.1,gf,4.035,mm,OK,--,5:25:09 PM,7/3/2025,
994,177.6,gf,4.030,mm,OK,--,5:25:09 PM,7/3/2025,
995,176.3,gf,4.030,mm,OK,--,5:25:10 PM,7/3/2025,
996,175.4,gf,4.030,mm,OK,--,5:25:10 PM,7/3/2025,
997,175.0,gf,4.030,mm,OK,--,5:25:10 PM,7/3/2025,
998,174.6,gf,4.030,mm,OK,--,5:25:10 PM,7/3/2025,
999,174.3,gf,4.030,mm,OK,--,5:25:10 PM,7/3/2025,
1000,174.0,gf,4.030,mm,OK,--,5:25:10 PM,7/3/2025,
1001,173.5,gf,4.030,mm,OK,--,5:25:10 PM,7/3/2025,
1002,173.1,gf,4.025,mm,OK,--,5:25:10 PM,7/3/2025,
1003,172.7,gf,4.025,mm,OK,--,5:25:10 PM,7/3/2025,
1004,172.3,gf,4.025,mm,OK,--,5:25:10 PM,7/3/2025,
1005,172.0,gf,4.025,mm,OK,--,5:25:11 PM,7/3/2025,
1006,171.7,gf,4.025,mm,OK,--,5:25:11 PM,7/3/2025,
1007,171.3,gf,4.025,mm,OK,--,5:25:11 PM,7/3/2025,
1008,170.9,gf,4.025,mm,OK,--,5:25:11 PM,7/3/2025,
1009,170.4,gf,4.025,mm,OK,--,5:25:11 PM,7/3/2025,
1010,169.9,gf,4.025,mm,OK,--,5:25:11 PM,7/3/2025,
1011,169.6,gf,4.025,mm,OK,--,5:25:11 PM,7/3/2025,
1012,169.4,gf,4.025,mm,OK,--,5:25:11 PM,7/3/2025,
1013,169.2,gf,4.025,mm,OK,--,5:25:11 PM,7/3/2025,
1014,168.9,gf,4.025,mm,OK,--,5:25:11 PM,7/3/2025,
1015,168.5,gf,4.025,mm,OK,--,5:25:12 PM,7/3/2025,
1016,168.1,gf,4.025,mm,OK,--,5:25:12 PM,7/3/2025,
1017,167.7,gf,4.020,mm,OK,--,5:25:12 PM,7/3/2025,
1018,167.2,gf,4.020,mm,OK,--,5:25:12 PM,7/3/2025,
1019,166.6,gf,4.020,mm,OK,--,5:25:12 PM,7/3/2025,
1020,166.0,gf,4.020,mm,OK,--,5:25:12 PM,7/3/2025,
1021,165.5,gf,4.020,mm,OK,--,5:25:12 PM,7/3/2025,
1022,165.0,gf,4.020,mm,OK,--,5:25:12 PM,7/3/2025,
1023,164.4,gf,4.020,mm,OK,--,5:25:12 PM,7/3/2025,
1024,163.9,gf,4.020,mm,OK,--,5:25:12 PM,7/3/2025,
1025,163.3,gf,4.020,mm,OK,--,5:25:13 PM,7/3/2025,
1026,162.6,gf,4.020,mm,OK,--,5:25:13 PM,7/3/2025,
1027,162.0,gf,4.015,mm,OK,--,5:25:13 PM,7/3/2025,
1028,161.3,gf,4.015,mm,OK,--,5:25:13 PM,7/3/2025,
1029,160.5,gf,4.015,mm,OK,--,5:25:13 PM,7/3/2025,
1030,159.7,gf,4.015,mm,OK,--,5:25:13 PM,7/3/2025,
1031,158.8,gf,4.015,mm,OK,--,5:25:13 PM,7/3/2025,
1032,157.8,gf,4.015,mm,OK,--,5:25:13 PM,7/3/2025,
1033,156.9,gf,4.010,mm,OK,--,5:25:13 PM,7/3/2025,
1034,156.3,gf,4.010,mm,OK,--,5:25:13 PM,7/3/2025,
1035,155.5,gf,4.010,mm,OK,--,5:25:14 PM,7/3/2025,
1036,154.7,gf,4.010,mm,OK,--,5:25:14 PM,7/3/2025,
1037,153.8,gf,4.010,mm,OK,--,5:25:14 PM,7/3/2025,
1038,153.2,gf,4.010,mm,OK,--,5:25:14 PM,7/3/2025,
1039,152.4,gf,4.010,mm,OK,--,5:25:14 PM,7/3/2025,
1040,151.6,gf,4.005,mm,OK,--,5:25:14 PM,7/3/2025,
1041,150.8,gf,4.005,mm,OK,--,5:25:14 PM,7/3/2025,
1042,149.9,gf,4.005,mm,OK,--,5:25:14 PM,7/3/2025,
1043,149.2,gf,4.005,mm,OK,--,5:25:14 PM,7/3/2025,
1044,148.6,gf,4.005,mm,OK,--,5:25:14 PM,7/3/2025,
1045,148.0,gf,4.005,mm,OK,--,5:25:15 PM,7/3/2025,
1046,147.3,gf,4.005,mm,OK,--,5:25:15 PM,7/3/2025,
1047,146.6,gf,4.000,mm,OK,--,5:25:15 PM,7/3/2025,
1048,146.0,gf,4.000,mm,OK,--,5:25:15 PM,7/3/2025,
1049,145.5,gf,4.000,mm,OK,--,5:25:15 PM,7/3/2025,
1050,145.1,gf,4.000,mm,OK,--,5:25:15 PM,7/3/2025,
1051,144.7,gf,4.000,mm,OK,--,5:25:15 PM,7/3/2025,
1052,143.8,gf,4.000,mm,OK,--,5:25:15 PM,7/3/2025,
1053,142.6,gf,4.000,mm,OK,--,5:25:15 PM,7/3/2025,
1054,141.5,gf,3.995,mm,OK,--,5:25:15 PM,7/3/2025,
1055,140.2,gf,3.995,mm,OK,--,5:25:16 PM,7/3/2025,
1056,138.4,gf,3.995,mm,OK,--,5:25:16 PM,7/3/2025,
1057,137.0,gf,3.995,mm,OK,--,5:25:16 PM,7/3/2025,
1058,135.9,gf,3.990,mm,OK,--,5:25:16 PM,7/3/2025,
1059,135.1,gf,3.990,mm,OK,--,5:25:16 PM,7/3/2025,
1060,134.2,gf,3.990,mm,OK,--,5:25:16 PM,7/3/2025,
1061,133.1,gf,3.990,mm,OK,--,5:25:16 PM,7/3/2025,
1062,131.9,gf,3.990,mm,OK,--,5:25:16 PM,7/3/2025,
1063,130.7,gf,3.985,mm,OK,--,5:25:16 PM,7/3/2025,
1064,129.4,gf,3.985,mm,OK,--,5:25:16 PM,7/3/2025,
1065,128.4,gf,3.985,mm,OK,--,5:25:17 PM,7/3/2025,
1066,127.1,gf,3.985,mm,OK,--,5:25:17 PM,7/3/2025,
1067,125.9,gf,3.980,mm,OK,--,5:25:17 PM,7/3/2025,
1068,124.8,gf,3.980,mm,OK,--,5:25:17 PM,7/3/2025,
1069,123.7,gf,3.980,mm,OK,--,5:25:17 PM,7/3/2025,
1070,122.6,gf,3.980,mm,OK,--,5:25:17 PM,7/3/2025,
1071,121.1,gf,3.975,mm,OK,--,5:25:17 PM,7/3/2025,
1072,119.4,gf,3.975,mm,OK,--,5:25:17 PM,7/3/2025,
1073,117.4,gf,3.975,mm,OK,--,5:25:17 PM,7/3/2025,
1074,115.3,gf,3.970,mm,OK,--,5:25:17 PM,7/3/2025,
1075,113.3,gf,3.970,mm,OK,--,5:25:18 PM,7/3/2025,
1076,111.7,gf,3.965,mm,OK,--,5:25:18 PM,7/3/2025,
1077,110.3,gf,3.965,mm,OK,--,5:25:18 PM,7/3/2025,
1078,108.9,gf,3.965,mm,OK,--,5:25:18 PM,7/3/2025,
1079,107.5,gf,3.965,mm,OK,--,5:25:18 PM,7/3/2025,
1080,106.0,gf,3.960,mm,OK,--,5:25:18 PM,7/3/2025,
1081,104.4,gf,3.960,mm,OK,--,5:25:18 PM,7/3/2025,
1082,103.0,gf,3.960,mm,OK,--,5:25:18 PM,7/3/2025,
1083,101.5,gf,3.955,mm,OK,--,5:25:18 PM,7/3/2025,
1084,100.4,gf,3.955,mm,OK,--,5:25:18 PM,7/3/2025,
1085,99.2,gf,3.955,mm,OK,--,5:25:19 PM,7/3/2025,
1086,98.1,gf,3.955,mm,OK,--,5:25:19 PM,7/3/2025,
1087,97.1,gf,3.955,mm,OK,--,5:25:19 PM,7/3/2025,
1088,96.1,gf,3.950,mm,OK,--,5:25:19 PM,7/3/2025,
1089,95.3,gf,3.950,mm,OK,--,5:25:19 PM,7/3/2025,
1090,94.6,gf,3.950,mm,OK,--,5:25:19 PM,7/3/2025,
1091,93.9,gf,3.950,mm,OK,--,5:25:19 PM,7/3/2025,
1092,93.4,gf,3.950,mm,OK,--,5:25:19 PM,7/3/2025,
1093,92.9,gf,3.950,mm,OK,--,5:25:19 PM,7/3/2025,
1094,92.3,gf,3.950,mm,OK,--,5:25:19 PM,7/3/2025,
1095,91.7,gf,3.950,mm,OK,--,5:25:20 PM,7/3/2025,
1096,91.0,gf,3.945,mm,OK,--,5:25:20 PM,7/3/2025,
1097,90.2,gf,3.945,mm,OK,--,5:25:20 PM,7/3/2025,
1098,89.6,gf,3.945,mm,OK,--,5:25:20 PM,7/3/2025,
1099,88.6,gf,3.945,mm,OK,--,5:25:20 PM,7/3/2025,
1100,86.6,gf,3.945,mm,OK,--,5:25:20 PM,7/3/2025,
1101,84.1,gf,3.940,mm,OK,--,5:25:20 PM,7/3/2025,
1102,80.7,gf,3.935,mm,OK,--,5:25:20 PM,7/3/2025,
1103,76.1,gf,3.935,mm,OK,--,5:25:20 PM,7/3/2025,
1104,71.4,gf,3.930,mm,OK,--,5:25:20 PM,7/3/2025,
1105,68.6,gf,3.925,mm,OK,--,5:25:21 PM,7/3/2025,
1106,67.2,gf,3.925,mm,OK,--,5:25:21 PM,7/3/2025,
1107,65.3,gf,3.920,mm,OK,--,5:25:21 PM,7/3/2025,
1108,63.3,gf,3.920,mm,OK,--,5:25:21 PM,7/3/2025,
1109,61.7,gf,3.920,mm,OK,--,5:25:21 PM,7/3/2025,
1110,60.1,gf,3.915,mm,OK,--,5:25:21 PM,7/3/2025,
1111,58.7,gf,3.915,mm,OK,--,5:25:21 PM,7/3/2025,
1112,57.8,gf,3.915,mm,OK,--,5:25:21 PM,7/3/2025,
1113,56.7,gf,3.915,mm,OK,--,5:25:21 PM,7/3/2025,
1114,55.8,gf,3.910,mm,OK,--,5:25:21 PM,7/3/2025,
1115,54.7,gf,3.910,mm,OK,--,5:25:22 PM,7/3/2025,
1116,53.6,gf,3.910,mm,OK,--,5:25:22 PM,7/3/2025,
1117,53.7,gf,3.910,mm,OK,--,5:25:22 PM,7/3/2025,
1118,53.7,gf,3.905,mm,OK,--,5:25:22 PM,7/3/2025,
1119,53.8,gf,3.905,mm,OK,--,5:25:22 PM,7/3/2025,
1120,53.8,gf,3.905,mm,OK,--,5:25:22 PM,7/3/2025,
1121,53.8,gf,3.905,mm,OK,--,5:25:22 PM,7/3/2025,
1122,53.8,gf,3.905,mm,OK,--,5:25:22 PM,7/3/2025,
1123,53.8,gf,3.905,mm,OK,--,5:25:22 PM,7/3/2025,
1124,53.8,gf,3.905,mm,OK,--,5:25:22 PM,7/3/2025,
1125,53.8,gf,3.905,mm,OK,--,5:25:23 PM,7/3/2025,
1126,53.8,gf,3.905,mm,OK,--,5:25:23 PM,7/3/2025,
1127,53.8,gf,3.905,mm,OK,--,5:25:23 PM,7/3/2025,
1128,53.8,gf,3.905,mm,OK,--,5:25:23 PM,7/3/2025,
1129,53.7,gf,3.905,mm,OK,--,5:25:23 PM,7/3/2025,
1130,53.8,gf,3.905,mm,OK,--,5:25:23 PM,7/3/2025,
1131,53.7,gf,3.905,mm,OK,--,5:25:23 PM,7/3/2025,
1132,53.7,gf,3.905,mm,OK,--,5:25:23 PM,7/3/2025,
1133,53.7,gf,3.900,mm,OK,--,5:25:23 PM,7/3/2025,
1134,53.7,gf,3.900,mm,OK,--,5:25:23 PM,7/3/2025,
1135,53.6,gf,3.890,mm,OK,--,5:25:24 PM,7/3/2025,
1136,53.6,gf,3.885,mm,OK,--,5:25:24 PM,7/3/2025,
1137,53.5,gf,3.875,mm,OK,--,5:25:24 PM,7/3/2025,
1138,53.5,gf,3.865,mm,OK,--,5:25:24 PM,7/3/2025,
1139,53.5,gf,3.860,mm,OK,--,5:25:24 PM,7/3/2025,
1140,53.5,gf,3.855,mm,OK,--,5:25:24 PM,7/3/2025,
1141,53.5,gf,3.850,mm,OK,--,5:25:24 PM,7/3/2025,
1142,53.5,gf,3.850,mm,OK,--,5:25:24 PM,7/3/2025,
1143,53.4,gf,3.845,mm,OK,--,5:25:24 PM,7/3/2025,
1144,53.4,gf,3.840,mm,OK,--,5:25:24 PM,7/3/2025,
1145,53.3,gf,3.830,mm,OK,--,5:25:25 PM,7/3/2025,
1146,53.3,gf,3.825,mm,OK,--,5:25:25 PM,7/3/2025,
1147,53.3,gf,3.825,mm,OK,--,5:25:25 PM,7/3/2025,
1148,53.3,gf,3.820,mm,OK,--,5:25:25 PM,7/3/2025,
1149,53.3,gf,3.820,mm,OK,--,5:25:25 PM,7/3/2025,
1150,53.3,gf,3.820,mm,OK,--,5:25:25 PM,7/3/2025,
1151,53.1,gf,3.815,mm,OK,--,5:25:25 PM,7/3/2025,
1152,53.1,gf,3.810,mm,OK,--,5:25:25 PM,7/3/2025,
1153,53.1,gf,3.805,mm,OK,--,5:25:25 PM,7/3/2025,
1154,53.1,gf,3.800,mm,OK,--,5:25:25 PM,7/3/2025,
1155,53.0,gf,3.795,mm,OK,--,5:25:26 PM,7/3/2025,
1156,53.0,gf,3.790,mm,OK,--,5:25:26 PM,7/3/2025,
1157,53.0,gf,3.785,mm,OK,--,5:25:26 PM,7/3/2025,
1158,53.0,gf,3.785,mm,OK,--,5:25:26 PM,7/3/2025,
1159,53.0,gf,3.780,mm,OK,--,5:25:26 PM,7/3/2025,
1160,53.0,gf,3.780,mm,OK,--,5:25:26 PM,7/3/2025,
1161,52.9,gf,3.780,mm,OK,--,5:25:26 PM,7/3/2025,
1162,52.9,gf,3.780,mm,OK,--,5:25:26 PM,7/3/2025,
1163,52.9,gf,3.775,mm,OK,--,5:25:26 PM,7/3/2025,
1164,52.9,gf,3.775,mm,OK,--,5:25:26 PM,7/3/2025,
1165,52.9,gf,3.775,mm,OK,--,5:25:27 PM,7/3/2025,
1166,52.9,gf,3.770,mm,OK,--,5:25:27 PM,7/3/2025,
1167,52.9,gf,3.770,mm,OK,--,5:25:27 PM,7/3/2025,
1168,52.8,gf,3.770,mm,OK,--,5:25:27 PM,7/3/2025,
1169,52.8,gf,3.765,mm,OK,--,5:25:27 PM,7/3/2025,
1170,52.7,gf,3.755,mm,OK,--,5:25:27 PM,7/3/2025,
1171,52.7,gf,3.745,mm,OK,--,5:25:27 PM,7/3/2025,
1172,52.7,gf,3.735,mm,OK,--,5:25:27 PM,7/3/2025,
1173,52.7,gf,3.735,mm,OK,--,5:25:27 PM,7/3/2025,
1174,52.7,gf,3.730,mm,OK,--,5:25:27 PM,7/3/2025,
1175,52.6,gf,3.730,mm,OK,--,5:25:28 PM,7/3/2025,
1176,52.6,gf,3.725,mm,OK,--,5:25:28 PM,7/3/2025,
1177,52.6,gf,3.725,mm,OK,--,5:25:28 PM,7/3/2025,
1178,52.6,gf,3.725,mm,OK,--,5:25:28 PM,7/3/2025,
1179,52.6,gf,3.720,mm,OK,--,5:25:28 PM,7/3/2025,
1180,52.6,gf,3.720,mm,OK,--,5:25:28 PM,7/3/2025,
1181,52.6,gf,3.715,mm,OK,--,5:25:28 PM,7/3/2025,
1182,52.6,gf,3.715,mm,OK,--,5:25:28 PM,7/3/2025,
1183,52.6,gf,3.715,mm,OK,--,5:25:28 PM,7/3/2025,
1184,52.6,gf,3.710,mm,OK,--,5:25:28 PM,7/3/2025,
1185,52.6,gf,3.705,mm,OK,--,5:25:29 PM,7/3/2025,
1186,52.5,gf,3.705,mm,OK,--,5:25:29 PM,7/3/2025,
1187,52.5,gf,3.700,mm,OK,--,5:25:29 PM,7/3/2025,
1188,52.5,gf,3.700,mm,OK,--,5:25:29 PM,7/3/2025,
1189,52.5,gf,3.695,mm,OK,--,5:25:29 PM,7/3/2025,
1190,52.5,gf,3.695,mm,OK,--,5:25:29 PM,7/3/2025,
1191,52.4,gf,3.690,mm,OK,--,5:25:29 PM,7/3/2025,
1192,52.4,gf,3.685,mm,OK,--,5:25:29 PM,7/3/2025,
1193,52.3,gf,3.680,mm,OK,--,5:25:29 PM,7/3/2025,
1194,52.3,gf,3.675,mm,OK,--,5:25:29 PM,7/3/2025,
1195,52.3,gf,3.670,mm,OK,--,5:25:30 PM,7/3/2025,
1196,52.3,gf,3.665,mm,OK,--,5:25:30 PM,7/3/2025,
1197,52.2,gf,3.660,mm,OK,--,5:25:30 PM,7/3/2025,
1198,52.2,gf,3.655,mm,OK,--,5:25:30 PM,7/3/2025,
1199,52.2,gf,3.655,mm,OK,--,5:25:30 PM,7/3/2025,
1200,52.2,gf,3.650,mm,OK,--,5:25:30 PM,7/3/2025,
1201,52.2,gf,3.650,mm,OK,--,5:25:30 PM,7/3/2025,
1202,52.2,gf,3.645,mm,OK,--,5:25:30 PM,7/3/2025,
1203,52.2,gf,3.645,mm,OK,--,5:25:30 PM,7/3/2025,
1204,52.1,gf,3.640,mm,OK,--,5:25:30 PM,7/3/2025,
1205,52.1,gf,3.635,mm,OK,--,5:25:31 PM,7/3/2025,
1206,52.0,gf,3.630,mm,OK,--,5:25:31 PM,7/3/2025,
1207,52.0,gf,3.625,mm,OK,--,5:25:31 PM,7/3/2025,
1208,51.9,gf,3.615,mm,OK,--,5:25:31 PM,7/3/2025,
1209,51.9,gf,3.610,mm,OK,--,5:25:31 PM,7/3/2025,
1210,51.9,gf,3.600,mm,OK,--,5:25:31 PM,7/3/2025,
1211,51.9,gf,3.595,mm,OK,--,5:25:31 PM,7/3/2025,
1212,51.8,gf,3.590,mm,OK,--,5:25:31 PM,7/3/2025,
1213,51.7,gf,3.580,mm,OK,--,5:25:31 PM,7/3/2025,
1214,51.7,gf,3.570,mm,OK,--,5:25:31 PM,7/3/2025,
1215,51.7,gf,3.565,mm,OK,--,5:25:32 PM,7/3/2025,
1216,51.7,gf,3.565,mm,OK,--,5:25:32 PM,7/3/2025,
1217,51.7,gf,3.560,mm,OK,--,5:25:32 PM,7/3/2025,
1218,51.7,gf,3.555,mm,OK,--,5:25:32 PM,7/3/2025,
1219,51.7,gf,3.555,mm,OK,--,5:25:32 PM,7/3/2025,
1220,51.6,gf,3.550,mm,OK,--,5:25:32 PM,7/3/2025,
1221,51.6,gf,3.550,mm,OK,--,5:25:32 PM,7/3/2025,
1222,51.6,gf,3.545,mm,OK,--,5:25:32 PM,7/3/2025,
1223,51.6,gf,3.545,mm,OK,--,5:25:32 PM,7/3/2025,
1224,51.6,gf,3.540,mm,OK,--,5:25:32 PM,7/3/2025,
1225,51.6,gf,3.540,mm,OK,--,5:25:33 PM,7/3/2025,
1226,51.5,gf,3.535,mm,OK,--,5:25:33 PM,7/3/2025,
1227,51.5,gf,3.530,mm,OK,--,5:25:33 PM,7/3/2025,
1228,51.5,gf,3.530,mm,OK,--,5:25:33 PM,7/3/2025,
1229,51.5,gf,3.525,mm,OK,--,5:25:33 PM,7/3/2025,
1230,51.5,gf,3.525,mm,OK,--,5:25:33 PM,7/3/2025,
1231,51.5,gf,3.520,mm,OK,--,5:25:33 PM,7/3/2025,
1232,51.4,gf,3.515,mm,OK,--,5:25:33 PM,7/3/2025,
1233,51.4,gf,3.510,mm,OK,--,5:25:33 PM,7/3/2025,
1234,51.4,gf,3.510,mm,OK,--,5:25:33 PM,7/3/2025,
1235,51.4,gf,3.505,mm,OK,--,5:25:34 PM,7/3/2025,
1236,51.3,gf,3.500,mm,OK,--,5:25:34 PM,7/3/2025,
1237,51.3,gf,3.495,mm,OK,--,5:25:34 PM,7/3/2025,
1238,51.3,gf,3.490,mm,OK,--,5:25:34 PM,7/3/2025,
1239,51.2,gf,3.485,mm,OK,--,5:25:34 PM,7/3/2025,
1240,51.2,gf,3.480,mm,OK,--,5:25:34 PM,7/3/2025,
1241,51.2,gf,3.475,mm,OK,--,5:25:34 PM,7/3/2025,
1242,51.1,gf,3.470,mm,OK,--,5:25:34 PM,7/3/2025,
1243,51.1,gf,3.465,mm,OK,--,5:25:34 PM,7/3/2025,
1244,51.1,gf,3.465,mm,OK,--,5:25:34 PM,7/3/2025,
1245,51.1,gf,3.460,mm,OK,--,5:25:35 PM,7/3/2025,
1246,51.1,gf,3.455,mm,OK,--,5:25:35 PM,7/3/2025,
1247,51.1,gf,3.455,mm,OK,--,5:25:35 PM,7/3/2025,
1248,51.1,gf,3.450,mm,OK,--,5:25:35 PM,7/3/2025,
1249,51.1,gf,3.450,mm,OK,--,5:25:35 PM,7/3/2025,
1250,51.0,gf,3.445,mm,OK,--,5:25:35 PM,7/3/2025,
1251,51.0,gf,3.445,mm,OK,--,5:25:35 PM,7/3/2025,
1252,51.0,gf,3.440,mm,OK,--,5:25:35 PM,7/3/2025,
1253,51.0,gf,3.435,mm,OK,--,5:25:35 PM,7/3/2025,
1254,51.0,gf,3.435,mm,OK,--,5:25:35 PM,7/3/2025,
1255,50.8,gf,3.430,mm,OK,--,5:25:36 PM,7/3/2025,
1256,50.8,gf,3.425,mm,OK,--,5:25:36 PM,7/3/2025,
1257,50.8,gf,3.420,mm,OK,--,5:25:36 PM,7/3/2025,
1258,50.8,gf,3.415,mm,OK,--,5:25:36 PM,7/3/2025,
1259,50.8,gf,3.410,mm,OK,--,5:25:36 PM,7/3/2025,
1260,50.7,gf,3.400,mm,OK,--,5:25:36 PM,7/3/2025,
1261,50.7,gf,3.395,mm,OK,--,5:25:36 PM,7/3/2025,
1262,50.7,gf,3.385,mm,OK,--,5:25:36 PM,7/3/2025,
1263,50.5,gf,3.380,mm,OK,--,5:25:36 PM,7/3/2025,
1264,50.6,gf,3.375,mm,OK,--,5:25:36 PM,7/3/2025,
1265,50.6,gf,3.370,mm,OK,--,5:25:37 PM,7/3/2025,
1266,50.5,gf,3.365,mm,OK,--,5:25:37 PM,7/3/2025,
1267,50.5,gf,3.360,mm,OK,--,5:25:37 PM,7/3/2025,
1268,50.5,gf,3.360,mm,OK,--,5:25:37 PM,7/3/2025,
1269,50.5,gf,3.355,mm,OK,--,5:25:37 PM,7/3/2025,
1270,50.5,gf,3.355,mm,OK,--,5:25:37 PM,7/3/2025,
1271,50.5,gf,3.355,mm,OK,--,5:25:37 PM,7/3/2025,
1272,50.5,gf,3.350,mm,OK,--,5:25:37 PM,7/3/2025,
1273,50.5,gf,3.350,mm,OK,--,5:25:37 PM,7/3/2025,
1274,50.5,gf,3.345,mm,OK,--,5:25:37 PM,7/3/2025,
1275,50.5,gf,3.345,mm,OK,--,5:25:38 PM,7/3/2025,
1276,50.4,gf,3.345,mm,OK,--,5:25:38 PM,7/3/2025,
1277,50.4,gf,3.340,mm,OK,--,5:25:38 PM,7/3/2025,
1278,50.4,gf,3.340,mm,OK,--,5:25:38 PM,7/3/2025,
1279,50.4,gf,3.335,mm,OK,--,5:25:38 PM,7/3/2025,
1280,50.4,gf,3.335,mm,OK,--,5:25:38 PM,7/3/2025,
1281,50.4,gf,3.335,mm,OK,--,5:25:38 PM,7/3/2025,
1282,50.4,gf,3.330,mm,OK,--,5:25:38 PM,7/3/2025,
1283,50.3,gf,3.330,mm,OK,--,5:25:38 PM,7/3/2025,
1284,50.3,gf,3.325,mm,OK,--,5:25:38 PM,7/3/2025,
1285,50.3,gf,3.325,mm,OK,--,5:25:39 PM,7/3/2025,
1286,50.3,gf,3.325,mm,OK,--,5:25:39 PM,7/3/2025,
1287,50.3,gf,3.320,mm,OK,--,5:25:39 PM,7/3/2025,
1288,50.3,gf,3.320,mm,OK,--,5:25:39 PM,7/3/2025,
1289,50.2,gf,3.315,mm,OK,--,5:25:39 PM,7/3/2025,
1290,50.2,gf,3.310,mm,OK,--,5:25:39 PM,7/3/2025,
1291,50.2,gf,3.310,mm,OK,--,5:25:39 PM,7/3/2025,
1292,50.2,gf,3.305,mm,OK,--,5:25:39 PM,7/3/2025,
1293,50.0,gf,3.295,mm,OK,--,5:25:39 PM,7/3/2025,
1294,49.9,gf,3.285,mm,OK,--,5:25:39 PM,7/3/2025,
1295,49.8,gf,3.270,mm,OK,--,5:25:40 PM,7/3/2025,
1296,49.8,gf,3.260,mm,OK,--,5:25:40 PM,7/3/2025,
1297,49.7,gf,3.250,mm,OK,--,5:25:40 PM,7/3/2025,
1298,49.7,gf,3.240,mm,OK,--,5:25:40 PM,7/3/2025,
1299,49.7,gf,3.230,mm,OK,--,5:25:40 PM,7/3/2025,
1300,49.7,gf,3.225,mm,OK,--,5:25:40 PM,7/3/2025,
1301,49.6,gf,3.220,mm,OK,--,5:25:40 PM,7/3/2025,
1302,49.5,gf,3.215,mm,OK,--,5:25:40 PM,7/3/2025,
1303,49.5,gf,3.210,mm,OK,--,5:25:40 PM,7/3/2025,
1304,49.5,gf,3.200,mm,OK,--,5:25:40 PM,7/3/2025,
1305,49.5,gf,3.195,mm,OK,--,5:25:41 PM,7/3/2025,
1306,49.5,gf,3.190,mm,OK,--,5:25:41 PM,7/3/2025,
1307,49.4,gf,3.190,mm,OK,--,5:25:41 PM,7/3/2025,
1308,49.4,gf,3.185,mm,OK,--,5:25:41 PM,7/3/2025,
1309,49.4,gf,3.180,mm,OK,--,5:25:41 PM,7/3/2025,
1310,49.3,gf,3.175,mm,OK,--,5:25:41 PM,7/3/2025,
1311,49.3,gf,3.170,mm,OK,--,5:25:41 PM,7/3/2025,
1312,49.3,gf,3.165,mm,OK,--,5:25:41 PM,7/3/2025,
1313,49.2,gf,3.165,mm,OK,--,5:25:41 PM,7/3/2025,
1314,49.3,gf,3.160,mm,OK,--,5:25:41 PM,7/3/2025,
1315,49.3,gf,3.160,mm,OK,--,5:25:42 PM,7/3/2025,
1316,49.2,gf,3.155,mm,OK,--,5:25:42 PM,7/3/2025,
1317,49.2,gf,3.155,mm,OK,--,5:25:42 PM,7/3/2025,
1318,49.2,gf,3.150,mm,OK,--,5:25:42 PM,7/3/2025,
1319,49.1,gf,3.145,mm,OK,--,5:25:42 PM,7/3/2025,
1320,49.2,gf,3.140,mm,OK,--,5:25:42 PM,7/3/2025,
1321,49.1,gf,3.140,mm,OK,--,5:25:42 PM,7/3/2025,
1322,49.1,gf,3.135,mm,OK,--,5:25:42 PM,7/3/2025,
1323,49.1,gf,3.130,mm,OK,--,5:25:42 PM,7/3/2025,
1324,49.0,gf,3.125,mm,OK,--,5:25:42 PM,7/3/2025,
1325,49.0,gf,3.120,mm,OK,--,5:25:43 PM,7/3/2025,
1326,49.0,gf,3.115,mm,OK,--,5:25:43 PM,7/3/2025,
1327,48.9,gf,3.110,mm,OK,--,5:25:43 PM,7/3/2025,
1328,48.9,gf,3.105,mm,OK,--,5:25:43 PM,7/3/2025,
1329,48.9,gf,3.095,mm,OK,--,5:25:43 PM,7/3/2025,
1330,48.9,gf,3.090,mm,OK,--,5:25:43 PM,7/3/2025,
1331,48.9,gf,3.080,mm,OK,--,5:25:43 PM,7/3/2025,
1332,48.8,gf,3.075,mm,OK,--,5:25:43 PM,7/3/2025,
1333,48.8,gf,3.070,mm,OK,--,5:25:43 PM,7/3/2025,
1334,48.8,gf,3.065,mm,OK,--,5:25:43 PM,7/3/2025,
1335,48.7,gf,3.055,mm,OK,--,5:25:44 PM,7/3/2025,
1336,48.7,gf,3.050,mm,OK,--,5:25:44 PM,7/3/2025,
1337,48.6,gf,3.045,mm,OK,--,5:25:44 PM,7/3/2025,
1338,48.6,gf,3.040,mm,OK,--,5:25:44 PM,7/3/2025,
1339,48.6,gf,3.035,mm,OK,--,5:25:44 PM,7/3/2025,
1340,48.6,gf,3.030,mm,OK,--,5:25:44 PM,7/3/2025,
1341,48.6,gf,3.025,mm,OK,--,5:25:44 PM,7/3/2025,
1342,48.5,gf,3.020,mm,OK,--,5:25:44 PM,7/3/2025,
1343,48.5,gf,3.020,mm,OK,--,5:25:44 PM,7/3/2025,
1344,48.5,gf,3.015,mm,OK,--,5:25:44 PM,7/3/2025,
1345,48.5,gf,3.010,mm,OK,--,5:25:45 PM,7/3/2025,
1346,48.4,gf,3.005,mm,OK,--,5:25:45 PM,7/3/2025,
1347,48.4,gf,3.005,mm,OK,--,5:25:45 PM,7/3/2025,
1348,48.4,gf,3.000,mm,OK,--,5:25:45 PM,7/3/2025,
1349,48.4,gf,2.995,mm,OK,--,5:25:45 PM,7/3/2025,
1350,48.4,gf,2.995,mm,OK,--,5:25:45 PM,7/3/2025,
1351,48.4,gf,2.990,mm,OK,--,5:25:45 PM,7/3/2025,
1352,48.3,gf,2.985,mm,OK,--,5:25:45 PM,7/3/2025,
1353,48.3,gf,2.985,mm,OK,--,5:25:45 PM,7/3/2025,
1354,48.3,gf,2.985,mm,OK,--,5:25:45 PM,7/3/2025,
1355,48.3,gf,2.980,mm,OK,--,5:25:46 PM,7/3/2025,
1356,48.3,gf,2.980,mm,OK,--,5:25:46 PM,7/3/2025,
1357,48.3,gf,2.975,mm,OK,--,5:25:46 PM,7/3/2025,
1358,48.2,gf,2.970,mm,OK,--,5:25:46 PM,7/3/2025,
1359,48.2,gf,2.965,mm,OK,--,5:25:46 PM,7/3/2025,
1360,48.2,gf,2.960,mm,OK,--,5:25:46 PM,7/3/2025,
1361,48.1,gf,2.955,mm,OK,--,5:25:46 PM,7/3/2025,
1362,48.0,gf,2.950,mm,OK,--,5:25:46 PM,7/3/2025,
1363,48.0,gf,2.945,mm,OK,--,5:25:46 PM,7/3/2025,
1364,48.0,gf,2.940,mm,OK,--,5:25:46 PM,7/3/2025,
1365,47.7,gf,2.915,mm,OK,--,5:25:47 PM,7/3/2025,
1366,47.8,gf,2.905,mm,OK,--,5:25:47 PM,7/3/2025,
1367,47.8,gf,2.900,mm,OK,--,5:25:47 PM,7/3/2025,
1368,47.7,gf,2.895,mm,OK,--,5:25:47 PM,7/3/2025,
1369,47.7,gf,2.890,mm,OK,--,5:25:47 PM,7/3/2025,
1370,47.7,gf,2.885,mm,OK,--,5:25:47 PM,7/3/2025,
1371,47.7,gf,2.880,mm,OK,--,5:25:47 PM,7/3/2025,
1372,47.6,gf,2.875,mm,OK,--,5:25:47 PM,7/3/2025,
1373,47.6,gf,2.870,mm,OK,--,5:25:47 PM,7/3/2025,
1374,47.5,gf,2.860,mm,OK,--,5:25:47 PM,7/3/2025,
1375,47.5,gf,2.855,mm,OK,--,5:25:48 PM,7/3/2025,
1376,47.5,gf,2.850,mm,OK,--,5:25:48 PM,7/3/2025,
1377,47.5,gf,2.845,mm,OK,--,5:25:48 PM,7/3/2025,
1378,47.4,gf,2.840,mm,OK,--,5:25:48 PM,7/3/2025,
1379,47.4,gf,2.830,mm,OK,--,5:25:48 PM,7/3/2025,
1380,47.3,gf,2.825,mm,OK,--,5:25:48 PM,7/3/2025,
1381,47.3,gf,2.815,mm,OK,--,5:25:48 PM,7/3/2025,
1382,47.2,gf,2.805,mm,OK,--,5:25:48 PM,7/3/2025,
1383,47.2,gf,2.795,mm,OK,--,5:25:48 PM,7/3/2025,
1384,47.2,gf,2.790,mm,OK,--,5:25:48 PM,7/3/2025,
1385,47.1,gf,2.785,mm,OK,--,5:25:49 PM,7/3/2025,
1386,47.1,gf,2.775,mm,OK,--,5:25:49 PM,7/3/2025,
1387,47.0,gf,2.770,mm,OK,--,5:25:49 PM,7/3/2025,
1388,47.0,gf,2.760,mm,OK,--,5:25:49 PM,7/3/2025,
1389,46.9,gf,2.755,mm,OK,--,5:25:49 PM,7/3/2025,
1390,46.8,gf,2.750,mm,OK,--,5:25:49 PM,7/3/2025,
1391,46.9,gf,2.745,mm,OK,--,5:25:49 PM,7/3/2025,
1392,46.9,gf,2.740,mm,OK,--,5:25:49 PM,7/3/2025,
1393,46.9,gf,2.735,mm,OK,--,5:25:49 PM,7/3/2025,
1394,46.8,gf,2.725,mm,OK,--,5:25:49 PM,7/3/2025,
1395,46.8,gf,2.720,mm,OK,--,5:25:50 PM,7/3/2025,
1396,46.7,gf,2.715,mm,OK,--,5:25:50 PM,7/3/2025,
1397,46.7,gf,2.710,mm,OK,--,5:25:50 PM,7/3/2025,
1398,46.7,gf,2.705,mm,OK,--,5:25:50 PM,7/3/2025,
1399,46.6,gf,2.700,mm,OK,--,5:25:50 PM,7/3/2025,
1400,46.7,gf,2.700,mm,OK,--,5:25:50 PM,7/3/2025,
1401,46.7,gf,2.695,mm,OK,--,5:25:50 PM,7/3/2025,
1402,46.7,gf,2.695,mm,OK,--,5:25:50 PM,7/3/2025,
1403,46.7,gf,2.690,mm,OK,--,5:25:50 PM,7/3/2025,
1404,46.7,gf,2.690,mm,OK,--,5:25:50 PM,7/3/2025,
1405,46.7,gf,2.690,mm,OK,--,5:25:51 PM,7/3/2025,
1406,46.6,gf,2.690,mm,OK,--,5:25:51 PM,7/3/2025,
1407,46.6,gf,2.685,mm,OK,--,5:25:51 PM,7/3/2025,
1408,46.6,gf,2.685,mm,OK,--,5:25:51 PM,7/3/2025,
1409,46.6,gf,2.685,mm,OK,--,5:25:51 PM,7/3/2025,
1410,46.6,gf,2.680,mm,OK,--,5:25:51 PM,7/3/2025,
1411,46.6,gf,2.675,mm,OK,--,5:25:51 PM,7/3/2025,
1412,46.5,gf,2.670,mm,OK,--,5:25:51 PM,7/3/2025,
1413,46.5,gf,2.670,mm,OK,--,5:25:51 PM,7/3/2025,
1414,46.5,gf,2.665,mm,OK,--,5:25:51 PM,7/3/2025,
1415,46.5,gf,2.660,mm,OK,--,5:25:52 PM,7/3/2025,
1416,46.4,gf,2.655,mm,OK,--,5:25:52 PM,7/3/2025,
1417,46.4,gf,2.650,mm,OK,--,5:25:52 PM,7/3/2025,
1418,46.4,gf,2.645,mm,OK,--,5:25:52 PM,7/3/2025,
1419,46.3,gf,2.640,mm,OK,--,5:25:52 PM,7/3/2025,
1420,46.3,gf,2.635,mm,OK,--,5:25:52 PM,7/3/2025,
1421,46.3,gf,2.630,mm,OK,--,5:25:52 PM,7/3/2025,
1422,46.3,gf,2.625,mm,OK,--,5:25:52 PM,7/3/2025,
1423,46.3,gf,2.625,mm,OK,--,5:25:52 PM,7/3/2025,
1424,46.3,gf,2.620,mm,OK,--,5:25:52 PM,7/3/2025,
1425,46.3,gf,2.615,mm,OK,--,5:25:53 PM,7/3/2025,
1426,46.2,gf,2.615,mm,OK,--,5:25:53 PM,7/3/2025,
1427,46.2,gf,2.610,mm,OK,--,5:25:53 PM,7/3/2025,
1428,46.2,gf,2.610,mm,OK,--,5:25:53 PM,7/3/2025,
1429,46.1,gf,2.605,mm,OK,--,5:25:53 PM,7/3/2025,
1430,46.2,gf,2.605,mm,OK,--,5:25:53 PM,7/3/2025,
1431,46.2,gf,2.600,mm,OK,--,5:25:53 PM,7/3/2025,
1432,46.1,gf,2.595,mm,OK,--,5:25:53 PM,7/3/2025,
1433,46.1,gf,2.595,mm,OK,--,5:25:53 PM,7/3/2025,
1434,46.1,gf,2.590,mm,OK,--,5:25:53 PM,7/3/2025,
1435,46.0,gf,2.580,mm,OK,--,5:25:54 PM,7/3/2025,
1436,46.0,gf,2.575,mm,OK,--,5:25:54 PM,7/3/2025,
1437,45.9,gf,2.570,mm,OK,--,5:25:54 PM,7/3/2025,
1438,45.9,gf,2.565,mm,OK,--,5:25:54 PM,7/3/2025,
1439,45.9,gf,2.560,mm,OK,--,5:25:54 PM,7/3/2025,
1440,45.8,gf,2.550,mm,OK,--,5:25:54 PM,7/3/2025,
1441,45.8,gf,2.545,mm,OK,--,5:25:54 PM,7/3/2025,
1442,45.8,gf,2.535,mm,OK,--,5:25:54 PM,7/3/2025,
1443,45.7,gf,2.530,mm,OK,--,5:25:54 PM,7/3/2025,
1444,45.7,gf,2.525,mm,OK,--,5:25:54 PM,7/3/2025,
1445,45.6,gf,2.520,mm,OK,--,5:25:55 PM,7/3/2025,
1446,45.6,gf,2.515,mm,OK,--,5:25:55 PM,7/3/2025,
1447,45.6,gf,2.510,mm,OK,--,5:25:55 PM,7/3/2025,
1448,45.6,gf,2.500,mm,OK,--,5:25:55 PM,7/3/2025,
1449,45.5,gf,2.495,mm,OK,--,5:25:55 PM,7/3/2025,
1450,45.6,gf,2.495,mm,OK,--,5:25:55 PM,7/3/2025,
1451,45.6,gf,2.490,mm,OK,--,5:25:55 PM,7/3/2025,
1452,45.4,gf,2.490,mm,OK,--,5:25:55 PM,7/3/2025,
1453,45.5,gf,2.485,mm,OK,--,5:25:55 PM,7/3/2025,
1454,45.4,gf,2.480,mm,OK,--,5:25:55 PM,7/3/2025,
1455,45.4,gf,2.470,mm,OK,--,5:25:56 PM,7/3/2025,
1456,45.4,gf,2.465,mm,OK,--,5:25:56 PM,7/3/2025,
1457,45.4,gf,2.460,mm,OK,--,5:25:56 PM,7/3/2025,
1458,45.4,gf,2.455,mm,OK,--,5:25:56 PM,7/3/2025,
1459,45.4,gf,2.450,mm,OK,--,5:25:56 PM,7/3/2025,
1460,45.3,gf,2.450,mm,OK,--,5:25:56 PM,7/3/2025,
1461,45.3,gf,2.445,mm,OK,--,5:25:56 PM,7/3/2025,
1462,45.3,gf,2.445,mm,OK,--,5:25:56 PM,7/3/2025,
1463,45.3,gf,2.440,mm,OK,--,5:25:56 PM,7/3/2025,
1464,45.3,gf,2.435,mm,OK,--,5:25:56 PM,7/3/2025,
1465,45.3,gf,2.435,mm,OK,--,5:25:57 PM,7/3/2025,
1466,45.2,gf,2.430,mm,OK,--,5:25:57 PM,7/3/2025,
1467,45.2,gf,2.430,mm,OK,--,5:25:57 PM,7/3/2025,
1468,45.2,gf,2.425,mm,OK,--,5:25:57 PM,7/3/2025,
1469,45.2,gf,2.420,mm,OK,--,5:25:57 PM,7/3/2025,
1470,45.1,gf,2.415,mm,OK,--,5:25:57 PM,7/3/2025,
1471,45.1,gf,2.410,mm,OK,--,5:25:57 PM,7/3/2025,
1472,45.1,gf,2.405,mm,OK,--,5:25:57 PM,7/3/2025,
1473,45.1,gf,2.400,mm,OK,--,5:25:57 PM,7/3/2025,
1474,45.0,gf,2.395,mm,OK,--,5:25:57 PM,7/3/2025,
1475,44.9,gf,2.390,mm,OK,--,5:25:58 PM,7/3/2025,
1476,44.9,gf,2.385,mm,OK,--,5:25:58 PM,7/3/2025,
1477,44.9,gf,2.380,mm,OK,--,5:25:58 PM,7/3/2025,
1478,44.9,gf,2.375,mm,OK,--,5:25:58 PM,7/3/2025,
1479,44.9,gf,2.370,mm,OK,--,5:25:58 PM,7/3/2025,
1480,44.8,gf,2.365,mm,OK,--,5:25:58 PM,7/3/2025,
1481,44.8,gf,2.360,mm,OK,--,5:25:58 PM,7/3/2025,
1482,44.8,gf,2.360,mm,OK,--,5:25:58 PM,7/3/2025,
1483,44.8,gf,2.355,mm,OK,--,5:25:58 PM,7/3/2025,
1484,44.7,gf,2.350,mm,OK,--,5:25:58 PM,7/3/2025,
1485,44.7,gf,2.345,mm,OK,--,5:25:59 PM,7/3/2025,
1486,44.7,gf,2.345,mm,OK,--,5:25:59 PM,7/3/2025,
1487,44.6,gf,2.340,mm,OK,--,5:25:59 PM,7/3/2025,
1488,44.6,gf,2.335,mm,OK,--,5:25:59 PM,7/3/2025,
1489,44.6,gf,2.330,mm,OK,--,5:25:59 PM,7/3/2025,
1490,44.6,gf,2.325,mm,OK,--,5:25:59 PM,7/3/2025,
1491,44.6,gf,2.320,mm,OK,--,5:25:59 PM,7/3/2025,
1492,44.5,gf,2.315,mm,OK,--,5:25:59 PM,7/3/2025,
1493,44.5,gf,2.310,mm,OK,--,5:25:59 PM,7/3/2025,
1494,44.4,gf,2.305,mm,OK,--,5:25:59 PM,7/3/2025,
1495,44.4,gf,2.300,mm,OK,--,5:26:00 PM,7/3/2025,
1496,44.3,gf,2.290,mm,OK,--,5:26:00 PM,7/3/2025,
1497,44.3,gf,2.285,mm,OK,--,5:26:00 PM,7/3/2025,
1498,44.3,gf,2.275,mm,OK,--,5:26:00 PM,7/3/2025,
1499,44.2,gf,2.270,mm,OK,--,5:26:00 PM,7/3/2025,
1500,44.2,gf,2.265,mm,OK,--,5:26:00 PM,7/3/2025,
1501,44.1,gf,2.260,mm,OK,--,5:26:00 PM,7/3/2025,
1502,44.1,gf,2.250,mm,OK,--,5:26:00 PM,7/3/2025,
1503,44.0,gf,2.245,mm,OK,--,5:26:00 PM,7/3/2025,
1504,44.0,gf,2.240,mm,OK,--,5:26:00 PM,7/3/2025,
1505,43.9,gf,2.230,mm,OK,--,5:26:01 PM,7/3/2025,
1506,43.9,gf,2.225,mm,OK,--,5:26:01 PM,7/3/2025,
1507,43.9,gf,2.215,mm,OK,--,5:26:01 PM,7/3/2025,
1508,43.9,gf,2.210,mm,OK,--,5:26:01 PM,7/3/2025,
1509,43.8,gf,2.200,mm,OK,--,5:26:01 PM,7/3/2025,
1510,43.8,gf,2.190,mm,OK,--,5:26:01 PM,7/3/2025,
1511,43.7,gf,2.185,mm,OK,--,5:26:01 PM,7/3/2025,
1512,43.6,gf,2.180,mm,OK,--,5:26:01 PM,7/3/2025,
1513,43.6,gf,2.170,mm,OK,--,5:26:01 PM,7/3/2025,
1514,43.6,gf,2.165,mm,OK,--,5:26:01 PM,7/3/2025,
1515,43.5,gf,2.155,mm,OK,--,5:26:02 PM,7/3/2025,
1516,43.5,gf,2.150,mm,OK,--,5:26:02 PM,7/3/2025,
1517,43.5,gf,2.145,mm,OK,--,5:26:02 PM,7/3/2025,
1518,43.5,gf,2.135,mm,OK,--,5:26:02 PM,7/3/2025,
1519,43.4,gf,2.135,mm,OK,--,5:26:02 PM,7/3/2025,
1520,43.4,gf,2.130,mm,OK,--,5:26:02 PM,7/3/2025,
1521,43.3,gf,2.125,mm,OK,--,5:26:02 PM,7/3/2025,
1522,43.3,gf,2.115,mm,OK,--,5:26:02 PM,7/3/2025,
1523,43.3,gf,2.110,mm,OK,--,5:26:02 PM,7/3/2025,
1524,43.2,gf,2.100,mm,OK,--,5:26:02 PM,7/3/2025,
1525,43.2,gf,2.095,mm,OK,--,5:26:03 PM,7/3/2025,
1526,43.2,gf,2.085,mm,OK,--,5:26:03 PM,7/3/2025,
1527,43.1,gf,2.080,mm,OK,--,5:26:03 PM,7/3/2025,
1528,43.1,gf,2.075,mm,OK,--,5:26:03 PM,7/3/2025,
1529,43.1,gf,2.075,mm,OK,--,5:26:03 PM,7/3/2025,
1530,43.1,gf,2.070,mm,OK,--,5:26:03 PM,7/3/2025,
1531,43.1,gf,2.065,mm,OK,--,5:26:03 PM,7/3/2025,
1532,43.1,gf,2.060,mm,OK,--,5:26:03 PM,7/3/2025,
1533,43.0,gf,2.060,mm,OK,--,5:26:03 PM,7/3/2025,
1534,43.0,gf,2.055,mm,OK,--,5:26:03 PM,7/3/2025,
1535,43.0,gf,2.055,mm,OK,--,5:26:04 PM,7/3/2025,
1536,43.0,gf,2.050,mm,OK,--,5:26:04 PM,7/3/2025,
1537,43.0,gf,2.045,mm,OK,--,5:26:04 PM,7/3/2025,
1538,42.9,gf,2.040,mm,OK,--,5:26:04 PM,7/3/2025,
1539,42.9,gf,2.035,mm,OK,--,5:26:04 PM,7/3/2025,
1540,42.9,gf,2.030,mm,OK,--,5:26:04 PM,7/3/2025,
1541,42.9,gf,2.025,mm,OK,--,5:26:04 PM,7/3/2025,
1542,42.8,gf,2.020,mm,OK,--,5:26:04 PM,7/3/2025,
1543,42.8,gf,2.010,mm,OK,--,5:26:04 PM,7/3/2025,
1544,42.8,gf,2.005,mm,OK,--,5:26:04 PM,7/3/2025,
1545,42.7,gf,2.000,mm,OK,--,5:26:05 PM,7/3/2025,
1546,42.7,gf,1.995,mm,OK,--,5:26:05 PM,7/3/2025,
1547,42.6,gf,1.990,mm,OK,--,5:26:05 PM,7/3/2025,
1548,42.6,gf,1.985,mm,OK,--,5:26:05 PM,7/3/2025,
1549,42.6,gf,1.975,mm,OK,--,5:26:05 PM,7/3/2025,
1550,42.6,gf,1.970,mm,OK,--,5:26:05 PM,7/3/2025,
1551,42.6,gf,1.965,mm,OK,--,5:26:05 PM,7/3/2025,
1552,42.5,gf,1.960,mm,OK,--,5:26:05 PM,7/3/2025,
1553,42.5,gf,1.955,mm,OK,--,5:26:05 PM,7/3/2025,
1554,42.4,gf,1.945,mm,OK,--,5:26:05 PM,7/3/2025,
1555,42.4,gf,1.940,mm,OK,--,5:26:06 PM,7/3/2025,
1556,42.4,gf,1.940,mm,OK,--,5:26:06 PM,7/3/2025,
1557,42.4,gf,1.935,mm,OK,--,5:26:06 PM,7/3/2025,
1558,42.4,gf,1.935,mm,OK,--,5:26:06 PM,7/3/2025,
1559,42.4,gf,1.930,mm,OK,--,5:26:06 PM,7/3/2025,
1560,42.4,gf,1.930,mm,OK,--,5:26:06 PM,7/3/2025,
1561,42.4,gf,1.930,mm,OK,--,5:26:06 PM,7/3/2025,
1562,42.4,gf,1.925,mm,OK,--,5:26:06 PM,7/3/2025,
1563,42.3,gf,1.925,mm,OK,--,5:26:06 PM,7/3/2025,
1564,42.2,gf,1.920,mm,OK,--,5:26:06 PM,7/3/2025,
1565,42.3,gf,1.915,mm,OK,--,5:26:07 PM,7/3/2025,
1566,42.2,gf,1.915,mm,OK,--,5:26:07 PM,7/3/2025,
1567,42.2,gf,1.910,mm,OK,--,5:26:07 PM,7/3/2025,
1568,42.2,gf,1.905,mm,OK,--,5:26:07 PM,7/3/2025,
1569,42.1,gf,1.900,mm,OK,--,5:26:07 PM,7/3/2025,
1570,42.1,gf,1.895,mm,OK,--,5:26:07 PM,7/3/2025,
1571,42.1,gf,1.890,mm,OK,--,5:26:07 PM,7/3/2025,
1572,42.1,gf,1.885,mm,OK,--,5:26:07 PM,7/3/2025,
1573,42.1,gf,1.880,mm,OK,--,5:26:07 PM,7/3/2025,
1574,42.1,gf,1.875,mm,OK,--,5:26:07 PM,7/3/2025,
1575,42.0,gf,1.875,mm,OK,--,5:26:08 PM,7/3/2025,
1576,42.0,gf,1.870,mm,OK,--,5:26:08 PM,7/3/2025,
1577,42.0,gf,1.865,mm,OK,--,5:26:08 PM,7/3/2025,
1578,42.0,gf,1.860,mm,OK,--,5:26:08 PM,7/3/2025,
1579,41.9,gf,1.855,mm,OK,--,5:26:08 PM,7/3/2025,
1580,41.9,gf,1.855,mm,OK,--,5:26:08 PM,7/3/2025,
1581,41.9,gf,1.850,mm,OK,--,5:26:08 PM,7/3/2025,
1582,41.9,gf,1.845,mm,OK,--,5:26:08 PM,7/3/2025,
1583,41.9,gf,1.840,mm,OK,--,5:26:08 PM,7/3/2025,
1584,41.8,gf,1.835,mm,OK,--,5:26:08 PM,7/3/2025,
1585,41.7,gf,1.830,mm,OK,--,5:26:09 PM,7/3/2025,
1586,41.7,gf,1.825,mm,OK,--,5:26:09 PM,7/3/2025,
1587,41.6,gf,1.820,mm,OK,--,5:26:09 PM,7/3/2025,
1588,41.7,gf,1.815,mm,OK,--,5:26:09 PM,7/3/2025,
1589,41.7,gf,1.810,mm,OK,--,5:26:09 PM,7/3/2025,
1590,41.6,gf,1.805,mm,OK,--,5:26:09 PM,7/3/2025,
1591,41.6,gf,1.800,mm,OK,--,5:26:09 PM,7/3/2025,
1592,41.6,gf,1.795,mm,OK,--,5:26:09 PM,7/3/2025,
1593,41.5,gf,1.790,mm,OK,--,5:26:09 PM,7/3/2025,
1594,41.5,gf,1.785,mm,OK,--,5:26:09 PM,7/3/2025,
1595,41.5,gf,1.780,mm,OK,--,5:26:10 PM,7/3/2025,
1596,41.5,gf,1.775,mm,OK,--,5:26:10 PM,7/3/2025,
1597,41.5,gf,1.770,mm,OK,--,5:26:10 PM,7/3/2025,
1598,41.5,gf,1.765,mm,OK,--,5:26:10 PM,7/3/2025,
1599,41.5,gf,1.760,mm,OK,--,5:26:10 PM,7/3/2025,
1600,41.4,gf,1.755,mm,OK,--,5:26:10 PM,7/3/2025,
1601,41.4,gf,1.755,mm,OK,--,5:26:10 PM,7/3/2025,
1602,41.4,gf,1.750,mm,OK,--,5:26:10 PM,7/3/2025,
1603,41.3,gf,1.745,mm,OK,--,5:26:10 PM,7/3/2025,
1604,41.4,gf,1.735,mm,OK,--,5:26:10 PM,7/3/2025,
1605,41.2,gf,1.725,mm,OK,--,5:26:11 PM,7/3/2025,
1606,41.1,gf,1.715,mm,OK,--,5:26:11 PM,7/3/2025,
1607,41.0,gf,1.700,mm,OK,--,5:26:11 PM,7/3/2025,
1608,41.0,gf,1.690,mm,OK,--,5:26:11 PM,7/3/2025,
1609,41.0,gf,1.680,mm,OK,--,5:26:11 PM,7/3/2025,
1610,40.9,gf,1.670,mm,OK,--,5:26:11 PM,7/3/2025,
1611,40.9,gf,1.655,mm,OK,--,5:26:11 PM,7/3/2025,
1612,40.8,gf,1.645,mm,OK,--,5:26:11 PM,7/3/2025,
1613,40.7,gf,1.640,mm,OK,--,5:26:11 PM,7/3/2025,
1614,40.7,gf,1.630,mm,OK,--,5:26:11 PM,7/3/2025,
1615,40.6,gf,1.615,mm,OK,--,5:26:12 PM,7/3/2025,
1616,40.6,gf,1.605,mm,OK,--,5:26:12 PM,7/3/2025,
1617,40.5,gf,1.595,mm,OK,--,5:26:12 PM,7/3/2025,
1618,40.5,gf,1.585,mm,OK,--,5:26:12 PM,7/3/2025,
1619,40.4,gf,1.575,mm,OK,--,5:26:12 PM,7/3/2025,
1620,40.3,gf,1.565,mm,OK,--,5:26:12 PM,7/3/2025,
1621,40.3,gf,1.555,mm,OK,--,5:26:12 PM,7/3/2025,
1622,40.3,gf,1.550,mm,OK,--,5:26:12 PM,7/3/2025,
1623,40.3,gf,1.545,mm,OK,--,5:26:12 PM,7/3/2025,
1624,40.3,gf,1.540,mm,OK,--,5:26:12 PM,7/3/2025,
1625,40.2,gf,1.535,mm,OK,--,5:26:13 PM,7/3/2025,
1626,40.2,gf,1.530,mm,OK,--,5:26:13 PM,7/3/2025,
1627,40.2,gf,1.525,mm,OK,--,5:26:13 PM,7/3/2025,
1628,40.1,gf,1.515,mm,OK,--,5:26:13 PM,7/3/2025,
1629,40.1,gf,1.510,mm,OK,--,5:26:13 PM,7/3/2025,
1630,40.1,gf,1.510,mm,OK,--,5:26:13 PM,7/3/2025,
1631,40.1,gf,1.505,mm,OK,--,5:26:13 PM,7/3/2025,
1632,40.1,gf,1.495,mm,OK,--,5:26:13 PM,7/3/2025,
1633,40.0,gf,1.490,mm,OK,--,5:26:13 PM,7/3/2025,
1634,39.9,gf,1.480,mm,OK,--,5:26:13 PM,7/3/2025,
1635,39.9,gf,1.470,mm,OK,--,5:26:14 PM,7/3/2025,
1636,39.8,gf,1.465,mm,OK,--,5:26:14 PM,7/3/2025,
1637,39.8,gf,1.450,mm,OK,--,5:26:14 PM,7/3/2025,
1638,39.7,gf,1.430,mm,OK,--,5:26:14 PM,7/3/2025,
1639,39.7,gf,1.425,mm,OK,--,5:26:14 PM,7/3/2025,
1640,39.6,gf,1.420,mm,OK,--,5:26:14 PM,7/3/2025,
1641,39.6,gf,1.415,mm,OK,--,5:26:14 PM,7/3/2025,
1642,39.6,gf,1.410,mm,OK,--,5:26:14 PM,7/3/2025,
1643,39.6,gf,1.405,mm,OK,--,5:26:14 PM,7/3/2025,
1644,39.5,gf,1.400,mm,OK,--,5:26:14 PM,7/3/2025,
1645,39.5,gf,1.395,mm,OK,--,5:26:15 PM,7/3/2025,
1646,39.5,gf,1.390,mm,OK,--,5:26:15 PM,7/3/2025,
1647,39.5,gf,1.385,mm,OK,--,5:26:15 PM,7/3/2025,
1648,39.5,gf,1.385,mm,OK,--,5:26:15 PM,7/3/2025,
1649,39.4,gf,1.380,mm,OK,--,5:26:15 PM,7/3/2025,
1650,39.4,gf,1.375,mm,OK,--,5:26:15 PM,7/3/2025,
1651,39.4,gf,1.375,mm,OK,--,5:26:15 PM,7/3/2025,
1652,39.4,gf,1.370,mm,OK,--,5:26:15 PM,7/3/2025,
1653,39.4,gf,1.365,mm,OK,--,5:26:15 PM,7/3/2025,
1654,39.3,gf,1.360,mm,OK,--,5:26:15 PM,7/3/2025,
1655,39.3,gf,1.355,mm,OK,--,5:26:16 PM,7/3/2025,
1656,39.4,gf,1.350,mm,OK,--,5:26:16 PM,7/3/2025,
1657,39.3,gf,1.345,mm,OK,--,5:26:16 PM,7/3/2025,
1658,39.2,gf,1.335,mm,OK,--,5:26:16 PM,7/3/2025,
1659,39.2,gf,1.330,mm,OK,--,5:26:16 PM,7/3/2025,
1660,39.2,gf,1.325,mm,OK,--,5:26:16 PM,7/3/2025,
1661,39.1,gf,1.315,mm,OK,--,5:26:16 PM,7/3/2025,
1662,39.1,gf,1.310,mm,OK,--,5:26:16 PM,7/3/2025,
1663,39.1,gf,1.305,mm,OK,--,5:26:16 PM,7/3/2025,
1664,39.0,gf,1.295,mm,OK,--,5:26:16 PM,7/3/2025,
1665,39.0,gf,1.285,mm,OK,--,5:26:17 PM,7/3/2025,
1666,38.9,gf,1.280,mm,OK,--,5:26:17 PM,7/3/2025,
1667,38.9,gf,1.275,mm,OK,--,5:26:17 PM,7/3/2025,
1668,38.9,gf,1.270,mm,OK,--,5:26:17 PM,7/3/2025,
1669,38.8,gf,1.270,mm,OK,--,5:26:17 PM,7/3/2025,
1670,38.8,gf,1.265,mm,OK,--,5:26:17 PM,7/3/2025,
1671,38.8,gf,1.265,mm,OK,--,5:26:17 PM,7/3/2025,
1672,38.8,gf,1.260,mm,OK,--,5:26:17 PM,7/3/2025,
1673,38.8,gf,1.260,mm,OK,--,5:26:17 PM,7/3/2025,
1674,38.8,gf,1.260,mm,OK,--,5:26:17 PM,7/3/2025,
1675,38.8,gf,1.255,mm,OK,--,5:26:18 PM,7/3/2025,
1676,38.8,gf,1.255,mm,OK,--,5:26:18 PM,7/3/2025,
1677,38.8,gf,1.255,mm,OK,--,5:26:18 PM,7/3/2025,
1678,38.8,gf,1.255,mm,OK,--,5:26:18 PM,7/3/2025,
1679,38.8,gf,1.255,mm,OK,--,5:26:18 PM,7/3/2025,
1680,38.8,gf,1.255,mm,OK,--,5:26:18 PM,7/3/2025,
1681,38.8,gf,1.255,mm,OK,--,5:26:18 PM,7/3/2025,
1682,38.8,gf,1.250,mm,OK,--,5:26:18 PM,7/3/2025,
1683,38.8,gf,1.250,mm,OK,--,5:26:18 PM,7/3/2025,
1684,38.7,gf,1.250,mm,OK,--,5:26:18 PM,7/3/2025,
1685,38.7,gf,1.250,mm,OK,--,5:26:19 PM,7/3/2025,
1686,38.7,gf,1.245,mm,OK,--,5:26:19 PM,7/3/2025,
1687,38.7,gf,1.245,mm,OK,--,5:26:19 PM,7/3/2025,
1688,38.7,gf,1.245,mm,OK,--,5:26:19 PM,7/3/2025,
1689,38.7,gf,1.245,mm,OK,--,5:26:19 PM,7/3/2025,
1690,38.7,gf,1.245,mm,OK,--,5:26:19 PM,7/3/2025,
1691,38.7,gf,1.240,mm,OK,--,5:26:19 PM,7/3/2025,
1692,38.7,gf,1.240,mm,OK,--,5:26:19 PM,7/3/2025,
1693,38.7,gf,1.235,mm,OK,--,5:26:19 PM,7/3/2025,
1694,38.6,gf,1.230,mm,OK,--,5:26:19 PM,7/3/2025,
1695,38.6,gf,1.225,mm,OK,--,5:26:20 PM,7/3/2025,
1696,38.7,gf,1.225,mm,OK,--,5:26:20 PM,7/3/2025,
1697,38.6,gf,1.225,mm,OK,--,5:26:20 PM,7/3/2025,
1698,38.5,gf,1.220,mm,OK,--,5:26:20 PM,7/3/2025,
1699,38.5,gf,1.215,mm,OK,--,5:26:20 PM,7/3/2025,
1700,38.5,gf,1.200,mm,OK,--,5:26:20 PM,7/3/2025,
1701,38.5,gf,1.190,mm,OK,--,5:26:20 PM,7/3/2025,
1702,38.4,gf,1.190,mm,OK,--,5:26:20 PM,7/3/2025,
1703,38.4,gf,1.185,mm,OK,--,5:26:20 PM,7/3/2025,
1704,38.4,gf,1.185,mm,OK,--,5:26:20 PM,7/3/2025,
1705,38.4,gf,1.185,mm,OK,--,5:26:21 PM,7/3/2025,
1706,38.3,gf,1.180,mm,OK,--,5:26:21 PM,7/3/2025,
1707,38.3,gf,1.175,mm,OK,--,5:26:21 PM,7/3/2025,
1708,38.2,gf,1.170,mm,OK,--,5:26:21 PM,7/3/2025,
1709,38.3,gf,1.165,mm,OK,--,5:26:21 PM,7/3/2025,
1710,38.2,gf,1.160,mm,OK,--,5:26:21 PM,7/3/2025,
1711,38.1,gf,1.145,mm,OK,--,5:26:21 PM,7/3/2025,
1712,38.1,gf,1.135,mm,OK,--,5:26:21 PM,7/3/2025,
1713,38.1,gf,1.130,mm,OK,--,5:26:21 PM,7/3/2025,
1714,38.0,gf,1.125,mm,OK,--,5:26:21 PM,7/3/2025,
1715,38.0,gf,1.120,mm,OK,--,5:26:22 PM,7/3/2025,
1716,38.0,gf,1.115,mm,OK,--,5:26:22 PM,7/3/2025,
1717,38.0,gf,1.110,mm,OK,--,5:26:22 PM,7/3/2025,
1718,38.0,gf,1.105,mm,OK,--,5:26:22 PM,7/3/2025,
1719,38.0,gf,1.100,mm,OK,--,5:26:22 PM,7/3/2025,
1720,37.9,gf,1.095,mm,OK,--,5:26:22 PM,7/3/2025,
1721,37.8,gf,1.085,mm,OK,--,5:26:22 PM,7/3/2025,
1722,37.8,gf,1.080,mm,OK,--,5:26:22 PM,7/3/2025,
1723,37.8,gf,1.075,mm,OK,--,5:26:22 PM,7/3/2025,
1724,37.8,gf,1.065,mm,OK,--,5:26:22 PM,7/3/2025,
1725,37.7,gf,1.060,mm,OK,--,5:26:23 PM,7/3/2025,
1726,37.7,gf,1.055,mm,OK,--,5:26:23 PM,7/3/2025,
1727,37.7,gf,1.050,mm,OK,--,5:26:23 PM,7/3/2025,
1728,37.6,gf,1.045,mm,OK,--,5:26:23 PM,7/3/2025,
1729,37.6,gf,1.040,mm,OK,--,5:26:23 PM,7/3/2025,
1730,37.6,gf,1.040,mm,OK,--,5:26:23 PM,7/3/2025,
1731,37.6,gf,1.040,mm,OK,--,5:26:23 PM,7/3/2025,
1732,37.6,gf,1.035,mm,OK,--,5:26:23 PM,7/3/2025,
1733,37.7,gf,1.035,mm,OK,--,5:26:23 PM,7/3/2025,
1734,37.6,gf,1.035,mm,OK,--,5:26:23 PM,7/3/2025,
1735,37.6,gf,1.035,mm,OK,--,5:26:24 PM,7/3/2025,
1736,37.6,gf,1.035,mm,OK,--,5:26:24 PM,7/3/2025,
1737,37.6,gf,1.035,mm,OK,--,5:26:24 PM,7/3/2025,
1738,37.6,gf,1.035,mm,OK,--,5:26:24 PM,7/3/2025,
1739,37.6,gf,1.035,mm,OK,--,5:26:24 PM,7/3/2025,
1740,37.6,gf,1.035,mm,OK,--,5:26:24 PM,7/3/2025,
1741,37.5,gf,1.030,mm,OK,--,5:26:24 PM,7/3/2025,
1742,37.6,gf,1.030,mm,OK,--,5:26:24 PM,7/3/2025,
1743,37.5,gf,1.025,mm,OK,--,5:26:24 PM,7/3/2025,
1744,37.5,gf,1.025,mm,OK,--,5:26:24 PM,7/3/2025,
1745,37.6,gf,1.025,mm,OK,--,5:26:25 PM,7/3/2025,
1746,37.5,gf,1.020,mm,OK,--,5:26:25 PM,7/3/2025,
1747,37.5,gf,1.020,mm,OK,--,5:26:25 PM,7/3/2025,
1748,37.5,gf,1.015,mm,OK,--,5:26:25 PM,7/3/2025,
1749,37.5,gf,1.010,mm,OK,--,5:26:25 PM,7/3/2025,
1750,37.4,gf,1.005,mm,OK,--,5:26:25 PM,7/3/2025,
1751,37.4,gf,1.005,mm,OK,--,5:26:25 PM,7/3/2025,
1752,37.4,gf,1.000,mm,OK,--,5:26:25 PM,7/3/2025,
1753,37.4,gf,1.000,mm,OK,--,5:26:25 PM,7/3/2025,
1754,37.4,gf,1.000,mm,OK,--,5:26:25 PM,7/3/2025,
1755,37.4,gf,1.000,mm,OK,--,5:26:26 PM,7/3/2025,
1756,37.4,gf,1.000,mm,OK,--,5:26:26 PM,7/3/2025,
1757,37.4,gf,0.995,mm,OK,--,5:26:26 PM,7/3/2025,
1758,37.4,gf,0.990,mm,OK,--,5:26:26 PM,7/3/2025,
1759,37.3,gf,0.985,mm,OK,--,5:26:26 PM,7/3/2025,
1760,37.2,gf,0.975,mm,OK,--,5:26:26 PM,7/3/2025,
1761,37.2,gf,0.960,mm,OK,--,5:26:26 PM,7/3/2025,
1762,37.1,gf,0.950,mm,OK,--,5:26:26 PM,7/3/2025,
1763,37.1,gf,0.945,mm,OK,--,5:26:26 PM,7/3/2025,
1764,37.1,gf,0.945,mm,OK,--,5:26:26 PM,7/3/2025,
1765,37.1,gf,0.940,mm,OK,--,5:26:27 PM,7/3/2025,
1766,37.1,gf,0.940,mm,OK,--,5:26:27 PM,7/3/2025,
1767,37.1,gf,0.935,mm,OK,--,5:26:27 PM,7/3/2025,
1768,37.0,gf,0.930,mm,OK,--,5:26:27 PM,7/3/2025,
1769,37.0,gf,0.930,mm,OK,--,5:26:27 PM,7/3/2025,
1770,37.0,gf,0.930,mm,OK,--,5:26:27 PM,7/3/2025,
1771,37.0,gf,0.930,mm,OK,--,5:26:27 PM,7/3/2025,
1772,37.0,gf,0.925,mm,OK,--,5:26:27 PM,7/3/2025,
1773,37.0,gf,0.925,mm,OK,--,5:26:27 PM,7/3/2025,
1774,37.0,gf,0.920,mm,OK,--,5:26:27 PM,7/3/2025,
1775,37.0,gf,0.920,mm,OK,--,5:26:28 PM,7/3/2025,
1776,37.0,gf,0.915,mm,OK,--,5:26:28 PM,7/3/2025,
1777,36.9,gf,0.915,mm,OK,--,5:26:28 PM,7/3/2025,
1778,36.9,gf,0.910,mm,OK,--,5:26:28 PM,7/3/2025,
1779,36.9,gf,0.910,mm,OK,--,5:26:28 PM,7/3/2025,
1780,36.9,gf,0.910,mm,OK,--,5:26:28 PM,7/3/2025,
1781,36.9,gf,0.905,mm,OK,--,5:26:28 PM,7/3/2025,
1782,36.9,gf,0.905,mm,OK,--,5:26:28 PM,7/3/2025,
1783,36.9,gf,0.905,mm,OK,--,5:26:28 PM,7/3/2025,
1784,36.9,gf,0.905,mm,OK,--,5:26:28 PM,7/3/2025,
1785,36.9,gf,0.905,mm,OK,--,5:26:29 PM,7/3/2025,
1786,36.9,gf,0.905,mm,OK,--,5:26:29 PM,7/3/2025,
1787,36.9,gf,0.900,mm,OK,--,5:26:29 PM,7/3/2025,
1788,36.9,gf,0.900,mm,OK,--,5:26:29 PM,7/3/2025,
1789,36.9,gf,0.900,mm,OK,--,5:26:29 PM,7/3/2025,
1790,36.8,gf,0.895,mm,OK,--,5:26:29 PM,7/3/2025,
1791,36.8,gf,0.885,mm,OK,--,5:26:29 PM,7/3/2025,
1792,36.7,gf,0.880,mm,OK,--,5:26:29 PM,7/3/2025,
1793,36.7,gf,0.870,mm,OK,--,5:26:29 PM,7/3/2025,
1794,36.7,gf,0.865,mm,OK,--,5:26:29 PM,7/3/2025,
1795,36.7,gf,0.855,mm,OK,--,5:26:30 PM,7/3/2025,
1796,36.6,gf,0.850,mm,OK,--,5:26:30 PM,7/3/2025,
1797,36.6,gf,0.845,mm,OK,--,5:26:30 PM,7/3/2025,
1798,36.6,gf,0.840,mm,OK,--,5:26:30 PM,7/3/2025,
1799,36.5,gf,0.840,mm,OK,--,5:26:30 PM,7/3/2025,
1800,36.5,gf,0.835,mm,OK,--,5:26:30 PM,7/3/2025,
1801,36.5,gf,0.830,mm,OK,--,5:26:30 PM,7/3/2025,
1802,36.4,gf,0.820,mm,OK,--,5:26:30 PM,7/3/2025,
1803,36.4,gf,0.810,mm,OK,--,5:26:30 PM,7/3/2025,
1804,36.3,gf,0.800,mm,OK,--,5:26:30 PM,7/3/2025,
1805,36.3,gf,0.790,mm,OK,--,5:26:31 PM,7/3/2025,
1806,36.2,gf,0.785,mm,OK,--,5:26:31 PM,7/3/2025,
1807,36.1,gf,0.770,mm,OK,--,5:26:31 PM,7/3/2025,
1808,36.2,gf,0.765,mm,OK,--,5:26:31 PM,7/3/2025,
1809,36.1,gf,0.760,mm,OK,--,5:26:31 PM,7/3/2025,
1810,36.1,gf,0.750,mm,OK,--,5:26:31 PM,7/3/2025,
1811,36.0,gf,0.740,mm,OK,--,5:26:31 PM,7/3/2025,
1812,36.0,gf,0.735,mm,OK,--,5:26:31 PM,7/3/2025,
1813,36.0,gf,0.735,mm,OK,--,5:26:31 PM,7/3/2025,
1814,35.9,gf,0.730,mm,OK,--,5:26:31 PM,7/3/2025,
1815,35.9,gf,0.725,mm,OK,--,5:26:32 PM,7/3/2025,
1816,35.9,gf,0.720,mm,OK,--,5:26:32 PM,7/3/2025,
1817,35.9,gf,0.710,mm,OK,--,5:26:32 PM,7/3/2025,
1818,35.8,gf,0.705,mm,OK,--,5:26:32 PM,7/3/2025,
1819,35.8,gf,0.700,mm,OK,--,5:26:32 PM,7/3/2025,
1820,35.8,gf,0.695,mm,OK,--,5:26:32 PM,7/3/2025,
1821,35.7,gf,0.695,mm,OK,--,5:26:32 PM,7/3/2025,
1822,35.7,gf,0.690,mm,OK,--,5:26:32 PM,7/3/2025,
1823,35.7,gf,0.685,mm,OK,--,5:26:32 PM,7/3/2025,
1824,35.7,gf,0.685,mm,OK,--,5:26:32 PM,7/3/2025,
1825,35.8,gf,0.685,mm,OK,--,5:26:33 PM,7/3/2025,
1826,35.8,gf,0.685,mm,OK,--,5:26:33 PM,7/3/2025,
1827,35.8,gf,0.685,mm,OK,--,5:26:33 PM,7/3/2025,
1828,35.7,gf,0.685,mm,OK,--,5:26:33 PM,7/3/2025,
1829,35.7,gf,0.680,mm,OK,--,5:26:33 PM,7/3/2025,
1830,35.6,gf,0.680,mm,OK,--,5:26:33 PM,7/3/2025,
1831,35.7,gf,0.675,mm,OK,--,5:26:33 PM,7/3/2025,
1832,35.6,gf,0.670,mm,OK,--,5:26:33 PM,7/3/2025,
1833,35.6,gf,0.670,mm,OK,--,5:26:33 PM,7/3/2025,
1834,35.6,gf,0.665,mm,OK,--,5:26:33 PM,7/3/2025,
1835,35.6,gf,0.665,mm,OK,--,5:26:34 PM,7/3/2025,
1836,35.6,gf,0.665,mm,OK,--,5:26:34 PM,7/3/2025,
1837,35.6,gf,0.665,mm,OK,--,5:26:34 PM,7/3/2025,
1838,35.6,gf,0.660,mm,OK,--,5:26:34 PM,7/3/2025,
1839,35.6,gf,0.660,mm,OK,--,5:26:34 PM,7/3/2025,
1840,35.6,gf,0.660,mm,OK,--,5:26:34 PM,7/3/2025,
1841,35.6,gf,0.655,mm,OK,--,5:26:34 PM,7/3/2025,
1842,35.4,gf,0.645,mm,OK,--,5:26:34 PM,7/3/2025,
1843,35.3,gf,0.625,mm,OK,--,5:26:34 PM,7/3/2025,
1844,35.3,gf,0.615,mm,OK,--,5:26:34 PM,7/3/2025,
1845,35.3,gf,0.605,mm,OK,--,5:26:35 PM,7/3/2025,
1846,35.2,gf,0.600,mm,OK,--,5:26:35 PM,7/3/2025,
1847,35.2,gf,0.595,mm,OK,--,5:26:35 PM,7/3/2025,
1848,35.2,gf,0.590,mm,OK,--,5:26:35 PM,7/3/2025,
1849,35.2,gf,0.590,mm,OK,--,5:26:35 PM,7/3/2025,
1850,35.2,gf,0.585,mm,OK,--,5:26:35 PM,7/3/2025,
1851,35.2,gf,0.585,mm,OK,--,5:26:35 PM,7/3/2025,
1852,35.2,gf,0.580,mm,OK,--,5:26:35 PM,7/3/2025,
1853,35.2,gf,0.575,mm,OK,--,5:26:35 PM,7/3/2025,
1854,35.1,gf,0.570,mm,OK,--,5:26:35 PM,7/3/2025,
1855,35.1,gf,0.570,mm,OK,--,5:26:36 PM,7/3/2025,
1856,35.1,gf,0.570,mm,OK,--,5:26:36 PM,7/3/2025,
1857,35.1,gf,0.565,mm,OK,--,5:26:36 PM,7/3/2025,
1858,35.1,gf,0.565,mm,OK,--,5:26:36 PM,7/3/2025,
1859,35.1,gf,0.565,mm,OK,--,5:26:36 PM,7/3/2025,
1860,35.1,gf,0.560,mm,OK,--,5:26:36 PM,7/3/2025,
1861,35.1,gf,0.555,mm,OK,--,5:26:36 PM,7/3/2025,
1862,35.0,gf,0.545,mm,OK,--,5:26:36 PM,7/3/2025,
1863,35.0,gf,0.540,mm,OK,--,5:26:36 PM,7/3/2025,
1864,34.9,gf,0.535,mm,OK,--,5:26:36 PM,7/3/2025,
1865,34.9,gf,0.530,mm,OK,--,5:26:37 PM,7/3/2025,
1866,34.9,gf,0.530,mm,OK,--,5:26:37 PM,7/3/2025,
1867,34.8,gf,0.520,mm,OK,--,5:26:37 PM,7/3/2025,
1868,34.8,gf,0.510,mm,OK,--,5:26:37 PM,7/3/2025,
1869,34.8,gf,0.505,mm,OK,--,5:26:37 PM,7/3/2025,
1870,34.8,gf,0.500,mm,OK,--,5:26:37 PM,7/3/2025,
1871,34.7,gf,0.500,mm,OK,--,5:26:37 PM,7/3/2025,
1872,34.7,gf,0.495,mm,OK,--,5:26:37 PM,7/3/2025,
1873,34.7,gf,0.490,mm,OK,--,5:26:37 PM,7/3/2025,
1874,34.6,gf,0.480,mm,OK,--,5:26:37 PM,7/3/2025,
1875,34.6,gf,0.480,mm,OK,--,5:26:38 PM,7/3/2025,
1876,34.6,gf,0.475,mm,OK,--,5:26:38 PM,7/3/2025,
1877,34.6,gf,0.475,mm,OK,--,5:26:38 PM,7/3/2025,
1878,34.6,gf,0.475,mm,OK,--,5:26:38 PM,7/3/2025,
1879,34.6,gf,0.475,mm,OK,--,5:26:38 PM,7/3/2025,
1880,34.6,gf,0.470,mm,OK,--,5:26:38 PM,7/3/2025,
1881,34.6,gf,0.470,mm,OK,--,5:26:38 PM,7/3/2025,
1882,34.6,gf,0.465,mm,OK,--,5:26:38 PM,7/3/2025,
1883,34.6,gf,0.460,mm,OK,--,5:26:38 PM,7/3/2025,
1884,34.5,gf,0.455,mm,OK,--,5:26:38 PM,7/3/2025,
1885,34.5,gf,0.450,mm,OK,--,5:26:39 PM,7/3/2025,
1886,34.5,gf,0.450,mm,OK,--,5:26:39 PM,7/3/2025,
1887,34.4,gf,0.445,mm,OK,--,5:26:39 PM,7/3/2025,
1888,34.4,gf,0.440,mm,OK,--,5:26:39 PM,7/3/2025,
1889,34.4,gf,0.435,mm,OK,--,5:26:39 PM,7/3/2025,
1890,34.4,gf,0.430,mm,OK,--,5:26:39 PM,7/3/2025,
1891,34.4,gf,0.425,mm,OK,--,5:26:39 PM,7/3/2025,
1892,34.4,gf,0.420,mm,OK,--,5:26:39 PM,7/3/2025,
1893,34.3,gf,0.415,mm,OK,--,5:26:39 PM,7/3/2025,
1894,34.2,gf,0.410,mm,OK,--,5:26:39 PM,7/3/2025,
1895,34.2,gf,0.395,mm,OK,--,5:26:40 PM,7/3/2025,
1896,34.1,gf,0.385,mm,OK,--,5:26:40 PM,7/3/2025,
1897,34.1,gf,0.380,mm,OK,--,5:26:40 PM,7/3/2025,
1898,34.0,gf,0.370,mm,OK,--,5:26:40 PM,7/3/2025,
1899,33.9,gf,0.365,mm,OK,--,5:26:40 PM,7/3/2025,
1900,31.4,gf,0.355,mm,OK,--,5:26:40 PM,7/3/2025,
1901,28.9,gf,0.345,mm,OK,--,5:26:40 PM,7/3/2025,
1902,28.8,gf,0.340,mm,OK,--,5:26:40 PM,7/3/2025,
1903,28.6,gf,0.330,mm,OK,--,5:26:40 PM,7/3/2025,
1904,19.0,gf,0.320,mm,OK,--,5:26:40 PM,7/3/2025,
1905,7.3,gf,0.305,mm,OK,--,5:26:41 PM,7/3/2025,
1906,5.2,gf,0.300,mm,OK,--,5:26:41 PM,7/3/2025,
1907,2.4,gf,0.295,mm,OK,--,5:26:41 PM,7/3/2025,
1908,0.1,gf,0.290,mm,OK,--,5:26:41 PM,7/3/2025,
1909,0.0,gf,0.285,mm,OK,--,5:26:41 PM,7/3/2025,
1910,0.0,gf,0.280,mm,OK,--,5:26:41 PM,7/3/2025,
1911,0.0,gf,0.280,mm,OK,--,5:26:41 PM,7/3/2025,
1912,0.0,gf,0.275,mm,OK,--,5:26:41 PM,7/3/2025,
1913,0.0,gf,0.270,mm,OK,--,5:26:41 PM,7/3/2025,
1914,0.0,gf,0.255,mm,OK,--,5:26:41 PM,7/3/2025,
1915,0.0,gf,0.245,mm,OK,--,5:26:42 PM,7/3/2025,
1916,0.1,gf,0.240,mm,OK,--,5:26:42 PM,7/3/2025,
1917,0.0,gf,0.230,mm,OK,--,5:26:42 PM,7/3/2025,
1918,0.0,gf,0.225,mm,OK,--,5:26:42 PM,7/3/2025,
1919,0.0,gf,0.210,mm,OK,--,5:26:42 PM,7/3/2025,
1920,0.0,gf,0.195,mm,OK,--,5:26:42 PM,7/3/2025,
1921,0.0,gf,0.170,mm,OK,--,5:26:42 PM,7/3/2025,
1922,0.0,gf,0.145,mm,OK,--,5:26:42 PM,7/3/2025,
1923,0.0,gf,0.135,mm,OK,--,5:26:42 PM,7/3/2025,
1924,0.0,gf,0.125,mm,OK,--,5:26:42 PM,7/3/2025,
1925,0.0,gf,0.105,mm,OK,--,5:26:43 PM,7/3/2025,
1926,0.0,gf,0.100,mm,OK,--,5:26:43 PM,7/3/2025,
1927,0.1,gf,0.095,mm,OK,--,5:26:43 PM,7/3/2025,
1928,0.1,gf,0.085,mm,OK,--,5:26:43 PM,7/3/2025,
1929,0.0,gf,0.085,mm,OK,--,5:26:43 PM,7/3/2025,
1930,0.0,gf,0.080,mm,OK,--,5:26:43 PM,7/3/2025,
1931,0.0,gf,0.080,mm,OK,--,5:26:43 PM,7/3/2025,
1932,0.0,gf,0.070,mm,OK,--,5:26:43 PM,7/3/2025,
1933,-0.1,gf,0.065,mm,OK,--,5:26:43 PM,7/3/2025,
1934,0.0,gf,0.050,mm,OK,--,5:26:43 PM,7/3/2025,
1935,0.0,gf,0.040,mm,OK,--,5:26:44 PM,7/3/2025,
1936,0.1,gf,0.030,mm,OK,--,5:26:44 PM,7/3/2025,
1937,0.0,gf,0.030,mm,OK,--,5:26:44 PM,7/3/2025,
1938,0.0,gf,0.030,mm,OK,--,5:26:44 PM,7/3/2025,
1939,0.0,gf,0.030,mm,OK,--,5:26:44 PM,7/3/2025,
1940,-0.1,gf,0.030,mm,OK,--,5:26:44 PM,7/3/2025,
1941,0.1,gf,0.030,mm,OK,--,5:26:44 PM,7/3/2025,
1942,-0.1,gf,0.035,mm,OK,--,5:26:44 PM,7/3/2025,
1943,-0.2,gf,0.040,mm,OK,--,5:26:44 PM,7/3/2025,
1944,0.0,gf,0.040,mm,OK,--,5:26:44 PM,7/3/2025,
1945,0.1,gf,0.045,mm,OK,--,5:26:45 PM,7/3/2025,
1946,0.0,gf,0.045,mm,OK,--,5:26:45 PM,7/3/2025,
1947,0.0,gf,0.050,mm,OK,--,5:26:45 PM,7/3/2025,
1948,0.1,gf,0.050,mm,OK,--,5:26:45 PM,7/3/2025,
1949,0.0,gf,0.050,mm,OK,--,5:26:45 PM,7/3/2025,
1950,-0.1,gf,0.055,mm,OK,--,5:26:45 PM,7/3/2025,
1951,0.0,gf,0.055,mm,OK,--,5:26:45 PM,7/3/2025,
1952,0.1,gf,0.055,mm,OK,--,5:26:45 PM,7/3/2025,
1953,0.1,gf,0.060,mm,OK,--,5:26:45 PM,7/3/2025,
1954,0.0,gf,0.060,mm,OK,--,5:26:45 PM,7/3/2025,
1955,0.0,gf,0.060,mm,OK,--,5:26:46 PM,7/3/2025,
