Maximum,194.3,@,No.1056,,,,,,
Minimum,-0.2,@,No.1975,,,,,,
Average,47.44,,,,,,,,
Data Quantity,2010,,,,,,,,
Number of NG,0,,,,,,,,
No.,Force,Unit,Displacement,Unit,Judge,Position,Time,Date,
1,0.1,gf,0.000,mm,OK,--,7:53:49 PM,2/5/2026,
2,-0.1,gf,0.000,mm,OK,--,7:53:49 PM,2/5/2026,
3,-0.1,gf,0.000,mm,OK,--,7:53:49 PM,2/5/2026,
4,0.1,gf,0.000,mm,OK,--,7:53:49 PM,2/5/2026,
5,0.1,gf,0.000,mm,OK,--,7:53:49 PM,2/5/2026,
6,-0.1,gf,0.000,mm,OK,--,7:53:49 PM,2/5/2026,
7,-0.1,gf,0.000,mm,OK,--,7:53:49 PM,2/5/2026,
8,0.0,gf,0.000,mm,OK,--,7:53:50 PM,2/5/2026,
9,0.1,gf,0.000,mm,OK,--,7:53:50 PM,2/5/2026,
10,0.0,gf,0.000,mm,OK,--,7:53:50 PM,2/5/2026,
11,-0.1,gf,0.000,mm,OK,--,7:53:50 PM,2/5/2026,
12,0.0,gf,0.000,mm,OK,--,7:53:50 PM,2/5/2026,
13,0.0,gf,0.000,mm,OK,--,7:53:50 PM,2/5/2026,
14,0.0,gf,0.000,mm,OK,--,7:53:50 PM,2/5/2026,
15,0.0,gf,0.000,mm,OK,--,7:53:50 PM,2/5/2026,
16,0.0,gf,0.000,mm,OK,--,7:53:50 PM,2/5/2026,
17,0.0,gf,0.000,mm,OK,--,7:53:50 PM,2/5/2026,
18,0.0,gf,0.000,mm,OK,--,7:53:51 PM,2/5/2026,
19,0.1,gf,0.005,mm,OK,--,7:53:51 PM,2/5/2026,
20,0.0,gf,0.005,mm,OK,--,7:53:51 PM,2/5/2026,
21,-0.1,gf,0.005,mm,OK,--,7:53:51 PM,2/5/2026,
22,0.0,gf,0.005,mm,OK,--,7:53:51 PM,2/5/2026,
23,0.0,gf,0.005,mm,OK,--,7:53:51 PM,2/5/2026,
24,0.0,gf,0.005,mm,OK,--,7:53:51 PM,2/5/2026,
25,0.0,gf,0.005,mm,OK,--,7:53:51 PM,2/5/2026,
26,0.0,gf,0.005,mm,OK,--,7:53:51 PM,2/5/2026,
27,0.0,gf,0.005,mm,OK,--,7:53:51 PM,2/5/2026,
28,-0.1,gf,0.005,mm,OK,--,7:53:52 PM,2/5/2026,
29,-0.1,gf,0.010,mm,OK,--,7:53:52 PM,2/5/2026,
30,0.0,gf,0.010,mm,OK,--,7:53:52 PM,2/5/2026,
31,0.0,gf,0.010,mm,OK,--,7:53:52 PM,2/5/2026,
32,-0.1,gf,0.010,mm,OK,--,7:53:52 PM,2/5/2026,
33,0.0,gf,0.010,mm,OK,--,7:53:52 PM,2/5/2026,
34,0.1,gf,0.010,mm,OK,--,7:53:52 PM,2/5/2026,
35,0.0,gf,0.010,mm,OK,--,7:53:52 PM,2/5/2026,
36,0.0,gf,0.010,mm,OK,--,7:53:52 PM,2/5/2026,
37,0.0,gf,0.015,mm,OK,--,7:53:52 PM,2/5/2026,
38,0.0,gf,0.015,mm,OK,--,7:53:53 PM,2/5/2026,
39,0.0,gf,0.015,mm,OK,--,7:53:53 PM,2/5/2026,
40,0.0,gf,0.020,mm,OK,--,7:53:53 PM,2/5/2026,
41,-0.1,gf,0.020,mm,OK,--,7:53:53 PM,2/5/2026,
42,0.0,gf,0.025,mm,OK,--,7:53:53 PM,2/5/2026,
43,0.0,gf,0.025,mm,OK,--,7:53:53 PM,2/5/2026,
44,-0.1,gf,0.030,mm,OK,--,7:53:53 PM,2/5/2026,
45,0.0,gf,0.035,mm,OK,--,7:53:53 PM,2/5/2026,
46,0.0,gf,0.040,mm,OK,--,7:53:53 PM,2/5/2026,
47,0.1,gf,0.045,mm,OK,--,7:53:53 PM,2/5/2026,
48,2.7,gf,0.050,mm,OK,--,7:53:54 PM,2/5/2026,
49,6.9,gf,0.055,mm,OK,--,7:53:54 PM,2/5/2026,
50,11.5,gf,0.060,mm,OK,--,7:53:54 PM,2/5/2026,
51,15.0,gf,0.065,mm,OK,--,7:53:54 PM,2/5/2026,
52,17.7,gf,0.070,mm,OK,--,7:53:54 PM,2/5/2026,
53,20.1,gf,0.070,mm,OK,--,7:53:54 PM,2/5/2026,
54,23.0,gf,0.075,mm,OK,--,7:53:54 PM,2/5/2026,
55,26.4,gf,0.080,mm,OK,--,7:53:54 PM,2/5/2026,
56,30.6,gf,0.080,mm,OK,--,7:53:54 PM,2/5/2026,
57,34.2,gf,0.085,mm,OK,--,7:53:54 PM,2/5/2026,
58,35.9,gf,0.090,mm,OK,--,7:53:55 PM,2/5/2026,
59,37.2,gf,0.100,mm,OK,--,7:53:55 PM,2/5/2026,
60,37.7,gf,0.100,mm,OK,--,7:53:55 PM,2/5/2026,
61,37.7,gf,0.105,mm,OK,--,7:53:55 PM,2/5/2026,
62,37.6,gf,0.110,mm,OK,--,7:53:55 PM,2/5/2026,
63,37.4,gf,0.115,mm,OK,--,7:53:55 PM,2/5/2026,
64,37.4,gf,0.115,mm,OK,--,7:53:55 PM,2/5/2026,
65,37.3,gf,0.120,mm,OK,--,7:53:55 PM,2/5/2026,
66,37.4,gf,0.120,mm,OK,--,7:53:55 PM,2/5/2026,
67,37.7,gf,0.125,mm,OK,--,7:53:55 PM,2/5/2026,
68,37.5,gf,0.130,mm,OK,--,7:53:56 PM,2/5/2026,
69,37.2,gf,0.135,mm,OK,--,7:53:56 PM,2/5/2026,
70,37.0,gf,0.135,mm,OK,--,7:53:56 PM,2/5/2026,
71,37.2,gf,0.140,mm,OK,--,7:53:56 PM,2/5/2026,
72,37.2,gf,0.140,mm,OK,--,7:53:56 PM,2/5/2026,
73,37.3,gf,0.145,mm,OK,--,7:53:56 PM,2/5/2026,
74,37.2,gf,0.150,mm,OK,--,7:53:56 PM,2/5/2026,
75,37.1,gf,0.155,mm,OK,--,7:53:56 PM,2/5/2026,
76,37.2,gf,0.160,mm,OK,--,7:53:56 PM,2/5/2026,
77,37.2,gf,0.165,mm,OK,--,7:53:56 PM,2/5/2026,
78,37.1,gf,0.170,mm,OK,--,7:53:57 PM,2/5/2026,
79,37.2,gf,0.175,mm,OK,--,7:53:57 PM,2/5/2026,
80,37.3,gf,0.180,mm,OK,--,7:53:57 PM,2/5/2026,
81,37.1,gf,0.185,mm,OK,--,7:53:57 PM,2/5/2026,
82,37.2,gf,0.190,mm,OK,--,7:53:57 PM,2/5/2026,
83,36.7,gf,0.195,mm,OK,--,7:53:57 PM,2/5/2026,
84,36.9,gf,0.200,mm,OK,--,7:53:57 PM,2/5/2026,
85,37.2,gf,0.200,mm,OK,--,7:53:57 PM,2/5/2026,
86,37.4,gf,0.210,mm,OK,--,7:53:57 PM,2/5/2026,
87,37.3,gf,0.215,mm,OK,--,7:53:57 PM,2/5/2026,
88,37.1,gf,0.220,mm,OK,--,7:53:58 PM,2/5/2026,
89,37.0,gf,0.225,mm,OK,--,7:53:58 PM,2/5/2026,
90,36.9,gf,0.225,mm,OK,--,7:53:58 PM,2/5/2026,
91,36.9,gf,0.230,mm,OK,--,7:53:58 PM,2/5/2026,
92,37.1,gf,0.230,mm,OK,--,7:53:58 PM,2/5/2026,
93,37.2,gf,0.235,mm,OK,--,7:53:58 PM,2/5/2026,
94,36.9,gf,0.235,mm,OK,--,7:53:58 PM,2/5/2026,
95,37.0,gf,0.240,mm,OK,--,7:53:58 PM,2/5/2026,
96,37.1,gf,0.240,mm,OK,--,7:53:58 PM,2/5/2026,
97,37.0,gf,0.245,mm,OK,--,7:53:58 PM,2/5/2026,
98,36.9,gf,0.245,mm,OK,--,7:53:59 PM,2/5/2026,
99,36.8,gf,0.245,mm,OK,--,7:53:59 PM,2/5/2026,
100,36.9,gf,0.250,mm,OK,--,7:53:59 PM,2/5/2026,
101,36.7,gf,0.250,mm,OK,--,7:53:59 PM,2/5/2026,
102,36.8,gf,0.250,mm,OK,--,7:53:59 PM,2/5/2026,
103,36.7,gf,0.250,mm,OK,--,7:53:59 PM,2/5/2026,
104,37.2,gf,0.255,mm,OK,--,7:53:59 PM,2/5/2026,
105,37.3,gf,0.255,mm,OK,--,7:53:59 PM,2/5/2026,
106,36.8,gf,0.260,mm,OK,--,7:53:59 PM,2/5/2026,
107,36.6,gf,0.260,mm,OK,--,7:53:59 PM,2/5/2026,
108,36.8,gf,0.260,mm,OK,--,7:54:00 PM,2/5/2026,
109,36.8,gf,0.260,mm,OK,--,7:54:00 PM,2/5/2026,
110,37.0,gf,0.260,mm,OK,--,7:54:00 PM,2/5/2026,
111,37.0,gf,0.265,mm,OK,--,7:54:00 PM,2/5/2026,
112,37.2,gf,0.265,mm,OK,--,7:54:00 PM,2/5/2026,
113,37.1,gf,0.270,mm,OK,--,7:54:00 PM,2/5/2026,
114,37.2,gf,0.270,mm,OK,--,7:54:00 PM,2/5/2026,
115,37.4,gf,0.275,mm,OK,--,7:54:00 PM,2/5/2026,
116,37.3,gf,0.280,mm,OK,--,7:54:00 PM,2/5/2026,
117,37.2,gf,0.285,mm,OK,--,7:54:00 PM,2/5/2026,
118,37.5,gf,0.290,mm,OK,--,7:54:01 PM,2/5/2026,
119,37.3,gf,0.295,mm,OK,--,7:54:01 PM,2/5/2026,
120,37.4,gf,0.300,mm,OK,--,7:54:01 PM,2/5/2026,
121,37.5,gf,0.310,mm,OK,--,7:54:01 PM,2/5/2026,
122,37.5,gf,0.315,mm,OK,--,7:54:01 PM,2/5/2026,
123,37.4,gf,0.325,mm,OK,--,7:54:01 PM,2/5/2026,
124,37.5,gf,0.330,mm,OK,--,7:54:01 PM,2/5/2026,
125,37.4,gf,0.335,mm,OK,--,7:54:01 PM,2/5/2026,
126,37.2,gf,0.340,mm,OK,--,7:54:01 PM,2/5/2026,
127,37.5,gf,0.345,mm,OK,--,7:54:01 PM,2/5/2026,
128,37.5,gf,0.350,mm,OK,--,7:54:02 PM,2/5/2026,
129,37.7,gf,0.360,mm,OK,--,7:54:02 PM,2/5/2026,
130,37.5,gf,0.370,mm,OK,--,7:54:02 PM,2/5/2026,
131,37.5,gf,0.380,mm,OK,--,7:54:02 PM,2/5/2026,
132,37.6,gf,0.390,mm,OK,--,7:54:02 PM,2/5/2026,
133,37.6,gf,0.395,mm,OK,--,7:54:02 PM,2/5/2026,
134,37.4,gf,0.400,mm,OK,--,7:54:02 PM,2/5/2026,
135,37.2,gf,0.405,mm,OK,--,7:54:02 PM,2/5/2026,
136,37.2,gf,0.410,mm,OK,--,7:54:02 PM,2/5/2026,
137,37.3,gf,0.410,mm,OK,--,7:54:02 PM,2/5/2026,
138,37.4,gf,0.415,mm,OK,--,7:54:03 PM,2/5/2026,
139,37.3,gf,0.420,mm,OK,--,7:54:03 PM,2/5/2026,
140,37.3,gf,0.425,mm,OK,--,7:54:03 PM,2/5/2026,
141,37.4,gf,0.425,mm,OK,--,7:54:03 PM,2/5/2026,
142,37.4,gf,0.430,mm,OK,--,7:54:03 PM,2/5/2026,
143,37.3,gf,0.430,mm,OK,--,7:54:03 PM,2/5/2026,
144,37.2,gf,0.430,mm,OK,--,7:54:03 PM,2/5/2026,
145,37.3,gf,0.435,mm,OK,--,7:54:03 PM,2/5/2026,
146,37.4,gf,0.440,mm,OK,--,7:54:03 PM,2/5/2026,
147,37.4,gf,0.440,mm,OK,--,7:54:03 PM,2/5/2026,
148,37.2,gf,0.445,mm,OK,--,7:54:04 PM,2/5/2026,
149,37.2,gf,0.445,mm,OK,--,7:54:04 PM,2/5/2026,
150,37.2,gf,0.445,mm,OK,--,7:54:04 PM,2/5/2026,
151,37.5,gf,0.450,mm,OK,--,7:54:04 PM,2/5/2026,
152,37.3,gf,0.455,mm,OK,--,7:54:04 PM,2/5/2026,
153,37.3,gf,0.455,mm,OK,--,7:54:04 PM,2/5/2026,
154,37.3,gf,0.460,mm,OK,--,7:54:04 PM,2/5/2026,
155,37.1,gf,0.460,mm,OK,--,7:54:04 PM,2/5/2026,
156,37.1,gf,0.460,mm,OK,--,7:54:04 PM,2/5/2026,
157,37.3,gf,0.460,mm,OK,--,7:54:04 PM,2/5/2026,
158,37.4,gf,0.465,mm,OK,--,7:54:05 PM,2/5/2026,
159,37.4,gf,0.465,mm,OK,--,7:54:05 PM,2/5/2026,
160,37.4,gf,0.470,mm,OK,--,7:54:05 PM,2/5/2026,
161,37.5,gf,0.475,mm,OK,--,7:54:05 PM,2/5/2026,
162,37.4,gf,0.480,mm,OK,--,7:54:05 PM,2/5/2026,
163,37.5,gf,0.485,mm,OK,--,7:54:05 PM,2/5/2026,
164,37.4,gf,0.490,mm,OK,--,7:54:05 PM,2/5/2026,
165,37.5,gf,0.490,mm,OK,--,7:54:05 PM,2/5/2026,
166,37.5,gf,0.495,mm,OK,--,7:54:05 PM,2/5/2026,
167,37.5,gf,0.500,mm,OK,--,7:54:05 PM,2/5/2026,
168,37.4,gf,0.500,mm,OK,--,7:54:06 PM,2/5/2026,
169,37.5,gf,0.505,mm,OK,--,7:54:06 PM,2/5/2026,
170,37.4,gf,0.510,mm,OK,--,7:54:06 PM,2/5/2026,
171,37.3,gf,0.510,mm,OK,--,7:54:06 PM,2/5/2026,
172,37.4,gf,0.515,mm,OK,--,7:54:06 PM,2/5/2026,
173,37.5,gf,0.515,mm,OK,--,7:54:06 PM,2/5/2026,
174,37.6,gf,0.520,mm,OK,--,7:54:06 PM,2/5/2026,
175,37.7,gf,0.520,mm,OK,--,7:54:06 PM,2/5/2026,
176,37.6,gf,0.525,mm,OK,--,7:54:06 PM,2/5/2026,
177,37.6,gf,0.530,mm,OK,--,7:54:06 PM,2/5/2026,
178,37.6,gf,0.530,mm,OK,--,7:54:07 PM,2/5/2026,
179,37.8,gf,0.535,mm,OK,--,7:54:07 PM,2/5/2026,
180,37.9,gf,0.540,mm,OK,--,7:54:07 PM,2/5/2026,
181,37.9,gf,0.545,mm,OK,--,7:54:07 PM,2/5/2026,
182,37.7,gf,0.550,mm,OK,--,7:54:07 PM,2/5/2026,
183,37.7,gf,0.550,mm,OK,--,7:54:07 PM,2/5/2026,
184,37.7,gf,0.555,mm,OK,--,7:54:07 PM,2/5/2026,
185,37.7,gf,0.555,mm,OK,--,7:54:07 PM,2/5/2026,
186,37.6,gf,0.560,mm,OK,--,7:54:07 PM,2/5/2026,
187,37.6,gf,0.565,mm,OK,--,7:54:07 PM,2/5/2026,
188,37.7,gf,0.565,mm,OK,--,7:54:08 PM,2/5/2026,
189,37.5,gf,0.565,mm,OK,--,7:54:08 PM,2/5/2026,
190,37.4,gf,0.570,mm,OK,--,7:54:08 PM,2/5/2026,
191,37.6,gf,0.570,mm,OK,--,7:54:08 PM,2/5/2026,
192,37.6,gf,0.570,mm,OK,--,7:54:08 PM,2/5/2026,
193,37.7,gf,0.575,mm,OK,--,7:54:08 PM,2/5/2026,
194,37.7,gf,0.575,mm,OK,--,7:54:08 PM,2/5/2026,
195,37.4,gf,0.575,mm,OK,--,7:54:08 PM,2/5/2026,
196,37.4,gf,0.580,mm,OK,--,7:54:08 PM,2/5/2026,
197,37.8,gf,0.580,mm,OK,--,7:54:08 PM,2/5/2026,
198,37.4,gf,0.580,mm,OK,--,7:54:09 PM,2/5/2026,
199,37.3,gf,0.585,mm,OK,--,7:54:09 PM,2/5/2026,
200,37.8,gf,0.585,mm,OK,--,7:54:09 PM,2/5/2026,
201,37.2,gf,0.585,mm,OK,--,7:54:09 PM,2/5/2026,
202,37.6,gf,0.590,mm,OK,--,7:54:09 PM,2/5/2026,
203,37.9,gf,0.590,mm,OK,--,7:54:09 PM,2/5/2026,
204,38.0,gf,0.595,mm,OK,--,7:54:09 PM,2/5/2026,
205,38.0,gf,0.600,mm,OK,--,7:54:09 PM,2/5/2026,
206,38.2,gf,0.605,mm,OK,--,7:54:09 PM,2/5/2026,
207,38.1,gf,0.610,mm,OK,--,7:54:09 PM,2/5/2026,
208,38.0,gf,0.615,mm,OK,--,7:54:10 PM,2/5/2026,
209,38.0,gf,0.620,mm,OK,--,7:54:10 PM,2/5/2026,
210,38.0,gf,0.620,mm,OK,--,7:54:10 PM,2/5/2026,
211,38.0,gf,0.625,mm,OK,--,7:54:10 PM,2/5/2026,
212,38.1,gf,0.625,mm,OK,--,7:54:10 PM,2/5/2026,
213,38.1,gf,0.630,mm,OK,--,7:54:10 PM,2/5/2026,
214,38.1,gf,0.635,mm,OK,--,7:54:10 PM,2/5/2026,
215,38.2,gf,0.635,mm,OK,--,7:54:10 PM,2/5/2026,
216,38.1,gf,0.640,mm,OK,--,7:54:10 PM,2/5/2026,
217,38.1,gf,0.645,mm,OK,--,7:54:10 PM,2/5/2026,
218,38.2,gf,0.650,mm,OK,--,7:54:11 PM,2/5/2026,
219,38.2,gf,0.650,mm,OK,--,7:54:11 PM,2/5/2026,
220,38.4,gf,0.655,mm,OK,--,7:54:11 PM,2/5/2026,
221,38.3,gf,0.660,mm,OK,--,7:54:11 PM,2/5/2026,
222,38.2,gf,0.665,mm,OK,--,7:54:11 PM,2/5/2026,
223,38.2,gf,0.670,mm,OK,--,7:54:11 PM,2/5/2026,
224,38.2,gf,0.680,mm,OK,--,7:54:11 PM,2/5/2026,
225,38.1,gf,0.685,mm,OK,--,7:54:11 PM,2/5/2026,
226,38.3,gf,0.690,mm,OK,--,7:54:11 PM,2/5/2026,
227,38.4,gf,0.695,mm,OK,--,7:54:11 PM,2/5/2026,
228,38.4,gf,0.700,mm,OK,--,7:54:12 PM,2/5/2026,
229,38.5,gf,0.705,mm,OK,--,7:54:12 PM,2/5/2026,
230,38.4,gf,0.715,mm,OK,--,7:54:12 PM,2/5/2026,
231,38.4,gf,0.720,mm,OK,--,7:54:12 PM,2/5/2026,
232,38.1,gf,0.725,mm,OK,--,7:54:12 PM,2/5/2026,
233,38.1,gf,0.725,mm,OK,--,7:54:12 PM,2/5/2026,
234,38.1,gf,0.730,mm,OK,--,7:54:12 PM,2/5/2026,
235,38.0,gf,0.735,mm,OK,--,7:54:12 PM,2/5/2026,
236,38.0,gf,0.735,mm,OK,--,7:54:12 PM,2/5/2026,
237,38.1,gf,0.740,mm,OK,--,7:54:12 PM,2/5/2026,
238,38.1,gf,0.740,mm,OK,--,7:54:13 PM,2/5/2026,
239,38.2,gf,0.745,mm,OK,--,7:54:13 PM,2/5/2026,
240,38.2,gf,0.745,mm,OK,--,7:54:13 PM,2/5/2026,
241,38.1,gf,0.750,mm,OK,--,7:54:13 PM,2/5/2026,
242,38.2,gf,0.750,mm,OK,--,7:54:13 PM,2/5/2026,
243,38.1,gf,0.755,mm,OK,--,7:54:13 PM,2/5/2026,
244,38.1,gf,0.755,mm,OK,--,7:54:13 PM,2/5/2026,
245,38.1,gf,0.760,mm,OK,--,7:54:13 PM,2/5/2026,
246,38.1,gf,0.760,mm,OK,--,7:54:13 PM,2/5/2026,
247,38.1,gf,0.760,mm,OK,--,7:54:13 PM,2/5/2026,
248,38.2,gf,0.765,mm,OK,--,7:54:14 PM,2/5/2026,
249,38.3,gf,0.765,mm,OK,--,7:54:14 PM,2/5/2026,
250,38.3,gf,0.770,mm,OK,--,7:54:14 PM,2/5/2026,
251,38.1,gf,0.770,mm,OK,--,7:54:14 PM,2/5/2026,
252,38.1,gf,0.775,mm,OK,--,7:54:14 PM,2/5/2026,
253,38.0,gf,0.775,mm,OK,--,7:54:14 PM,2/5/2026,
254,38.1,gf,0.775,mm,OK,--,7:54:14 PM,2/5/2026,
255,38.2,gf,0.780,mm,OK,--,7:54:14 PM,2/5/2026,
256,38.1,gf,0.780,mm,OK,--,7:54:14 PM,2/5/2026,
257,38.1,gf,0.780,mm,OK,--,7:54:14 PM,2/5/2026,
258,38.1,gf,0.780,mm,OK,--,7:54:15 PM,2/5/2026,
259,38.1,gf,0.785,mm,OK,--,7:54:15 PM,2/5/2026,
260,38.1,gf,0.785,mm,OK,--,7:54:15 PM,2/5/2026,
261,38.2,gf,0.785,mm,OK,--,7:54:15 PM,2/5/2026,
262,38.3,gf,0.790,mm,OK,--,7:54:15 PM,2/5/2026,
263,38.3,gf,0.790,mm,OK,--,7:54:15 PM,2/5/2026,
264,38.3,gf,0.795,mm,OK,--,7:54:15 PM,2/5/2026,
265,38.3,gf,0.795,mm,OK,--,7:54:15 PM,2/5/2026,
266,38.2,gf,0.800,mm,OK,--,7:54:15 PM,2/5/2026,
267,38.2,gf,0.800,mm,OK,--,7:54:15 PM,2/5/2026,
268,38.2,gf,0.805,mm,OK,--,7:54:16 PM,2/5/2026,
269,38.2,gf,0.805,mm,OK,--,7:54:16 PM,2/5/2026,
270,38.2,gf,0.810,mm,OK,--,7:54:16 PM,2/5/2026,
271,38.2,gf,0.810,mm,OK,--,7:54:16 PM,2/5/2026,
272,38.2,gf,0.815,mm,OK,--,7:54:16 PM,2/5/2026,
273,38.2,gf,0.820,mm,OK,--,7:54:16 PM,2/5/2026,
274,38.2,gf,0.820,mm,OK,--,7:54:16 PM,2/5/2026,
275,38.3,gf,0.825,mm,OK,--,7:54:16 PM,2/5/2026,
276,38.2,gf,0.825,mm,OK,--,7:54:16 PM,2/5/2026,
277,38.0,gf,0.830,mm,OK,--,7:54:16 PM,2/5/2026,
278,37.8,gf,0.830,mm,OK,--,7:54:17 PM,2/5/2026,
279,38.0,gf,0.835,mm,OK,--,7:54:17 PM,2/5/2026,
280,37.8,gf,0.835,mm,OK,--,7:54:17 PM,2/5/2026,
281,37.7,gf,0.835,mm,OK,--,7:54:17 PM,2/5/2026,
282,37.6,gf,0.835,mm,OK,--,7:54:17 PM,2/5/2026,
283,37.7,gf,0.835,mm,OK,--,7:54:17 PM,2/5/2026,
284,37.6,gf,0.835,mm,OK,--,7:54:17 PM,2/5/2026,
285,37.6,gf,0.840,mm,OK,--,7:54:17 PM,2/5/2026,
286,37.7,gf,0.840,mm,OK,--,7:54:17 PM,2/5/2026,
287,37.7,gf,0.840,mm,OK,--,7:54:17 PM,2/5/2026,
288,37.8,gf,0.840,mm,OK,--,7:54:18 PM,2/5/2026,
289,38.1,gf,0.840,mm,OK,--,7:54:18 PM,2/5/2026,
290,38.2,gf,0.840,mm,OK,--,7:54:18 PM,2/5/2026,
291,38.1,gf,0.840,mm,OK,--,7:54:18 PM,2/5/2026,
292,38.2,gf,0.845,mm,OK,--,7:54:18 PM,2/5/2026,
293,38.4,gf,0.845,mm,OK,--,7:54:18 PM,2/5/2026,
294,38.3,gf,0.845,mm,OK,--,7:54:18 PM,2/5/2026,
295,38.3,gf,0.850,mm,OK,--,7:54:18 PM,2/5/2026,
296,38.3,gf,0.850,mm,OK,--,7:54:18 PM,2/5/2026,
297,38.1,gf,0.855,mm,OK,--,7:54:18 PM,2/5/2026,
298,38.1,gf,0.855,mm,OK,--,7:54:19 PM,2/5/2026,
299,38.0,gf,0.855,mm,OK,--,7:54:19 PM,2/5/2026,
300,38.4,gf,0.860,mm,OK,--,7:54:19 PM,2/5/2026,
301,38.3,gf,0.865,mm,OK,--,7:54:19 PM,2/5/2026,
302,38.3,gf,0.865,mm,OK,--,7:54:19 PM,2/5/2026,
303,38.2,gf,0.870,mm,OK,--,7:54:19 PM,2/5/2026,
304,38.2,gf,0.875,mm,OK,--,7:54:19 PM,2/5/2026,
305,38.3,gf,0.880,mm,OK,--,7:54:19 PM,2/5/2026,
306,38.2,gf,0.880,mm,OK,--,7:54:19 PM,2/5/2026,
307,38.2,gf,0.885,mm,OK,--,7:54:19 PM,2/5/2026,
308,38.5,gf,0.890,mm,OK,--,7:54:20 PM,2/5/2026,
309,38.2,gf,0.895,mm,OK,--,7:54:20 PM,2/5/2026,
310,37.8,gf,0.895,mm,OK,--,7:54:20 PM,2/5/2026,
311,37.7,gf,0.895,mm,OK,--,7:54:20 PM,2/5/2026,
312,38.3,gf,0.895,mm,OK,--,7:54:20 PM,2/5/2026,
313,38.7,gf,0.900,mm,OK,--,7:54:20 PM,2/5/2026,
314,38.3,gf,0.905,mm,OK,--,7:54:20 PM,2/5/2026,
315,38.2,gf,0.910,mm,OK,--,7:54:20 PM,2/5/2026,
316,38.2,gf,0.915,mm,OK,--,7:54:20 PM,2/5/2026,
317,38.2,gf,0.920,mm,OK,--,7:54:20 PM,2/5/2026,
318,38.2,gf,0.925,mm,OK,--,7:54:21 PM,2/5/2026,
319,38.2,gf,0.925,mm,OK,--,7:54:21 PM,2/5/2026,
320,38.1,gf,0.930,mm,OK,--,7:54:21 PM,2/5/2026,
321,38.0,gf,0.935,mm,OK,--,7:54:21 PM,2/5/2026,
322,38.2,gf,0.940,mm,OK,--,7:54:21 PM,2/5/2026,
323,38.3,gf,0.945,mm,OK,--,7:54:21 PM,2/5/2026,
324,38.3,gf,0.950,mm,OK,--,7:54:21 PM,2/5/2026,
325,38.2,gf,0.955,mm,OK,--,7:54:21 PM,2/5/2026,
326,38.3,gf,0.960,mm,OK,--,7:54:21 PM,2/5/2026,
327,38.6,gf,0.970,mm,OK,--,7:54:21 PM,2/5/2026,
328,38.6,gf,0.980,mm,OK,--,7:54:22 PM,2/5/2026,
329,38.5,gf,0.995,mm,OK,--,7:54:22 PM,2/5/2026,
330,38.6,gf,1.005,mm,OK,--,7:54:22 PM,2/5/2026,
331,38.6,gf,1.015,mm,OK,--,7:54:22 PM,2/5/2026,
332,38.6,gf,1.025,mm,OK,--,7:54:22 PM,2/5/2026,
333,38.7,gf,1.030,mm,OK,--,7:54:22 PM,2/5/2026,
334,38.9,gf,1.040,mm,OK,--,7:54:22 PM,2/5/2026,
335,38.7,gf,1.055,mm,OK,--,7:54:22 PM,2/5/2026,
336,38.4,gf,1.060,mm,OK,--,7:54:22 PM,2/5/2026,
337,38.5,gf,1.065,mm,OK,--,7:54:22 PM,2/5/2026,
338,38.6,gf,1.065,mm,OK,--,7:54:23 PM,2/5/2026,
339,38.8,gf,1.070,mm,OK,--,7:54:23 PM,2/5/2026,
340,38.6,gf,1.075,mm,OK,--,7:54:23 PM,2/5/2026,
341,38.6,gf,1.080,mm,OK,--,7:54:23 PM,2/5/2026,
342,38.8,gf,1.085,mm,OK,--,7:54:23 PM,2/5/2026,
343,38.7,gf,1.090,mm,OK,--,7:54:23 PM,2/5/2026,
344,38.7,gf,1.095,mm,OK,--,7:54:23 PM,2/5/2026,
345,38.7,gf,1.100,mm,OK,--,7:54:23 PM,2/5/2026,
346,38.9,gf,1.105,mm,OK,--,7:54:23 PM,2/5/2026,
347,39.0,gf,1.115,mm,OK,--,7:54:23 PM,2/5/2026,
348,38.9,gf,1.125,mm,OK,--,7:54:24 PM,2/5/2026,
349,38.8,gf,1.130,mm,OK,--,7:54:24 PM,2/5/2026,
350,38.6,gf,1.135,mm,OK,--,7:54:24 PM,2/5/2026,
351,38.8,gf,1.140,mm,OK,--,7:54:24 PM,2/5/2026,
352,38.5,gf,1.145,mm,OK,--,7:54:24 PM,2/5/2026,
353,38.5,gf,1.145,mm,OK,--,7:54:24 PM,2/5/2026,
354,38.7,gf,1.150,mm,OK,--,7:54:24 PM,2/5/2026,
355,38.7,gf,1.150,mm,OK,--,7:54:24 PM,2/5/2026,
356,38.9,gf,1.155,mm,OK,--,7:54:24 PM,2/5/2026,
357,38.8,gf,1.160,mm,OK,--,7:54:24 PM,2/5/2026,
358,38.6,gf,1.160,mm,OK,--,7:54:25 PM,2/5/2026,
359,38.5,gf,1.160,mm,OK,--,7:54:25 PM,2/5/2026,
360,38.7,gf,1.165,mm,OK,--,7:54:25 PM,2/5/2026,
361,38.9,gf,1.165,mm,OK,--,7:54:25 PM,2/5/2026,
362,38.8,gf,1.170,mm,OK,--,7:54:25 PM,2/5/2026,
363,38.7,gf,1.175,mm,OK,--,7:54:25 PM,2/5/2026,
364,38.6,gf,1.175,mm,OK,--,7:54:25 PM,2/5/2026,
365,38.7,gf,1.180,mm,OK,--,7:54:25 PM,2/5/2026,
366,38.7,gf,1.180,mm,OK,--,7:54:25 PM,2/5/2026,
367,38.8,gf,1.180,mm,OK,--,7:54:25 PM,2/5/2026,
368,38.9,gf,1.185,mm,OK,--,7:54:26 PM,2/5/2026,
369,38.9,gf,1.190,mm,OK,--,7:54:26 PM,2/5/2026,
370,38.9,gf,1.190,mm,OK,--,7:54:26 PM,2/5/2026,
371,38.9,gf,1.195,mm,OK,--,7:54:26 PM,2/5/2026,
372,38.7,gf,1.200,mm,OK,--,7:54:26 PM,2/5/2026,
373,38.6,gf,1.200,mm,OK,--,7:54:26 PM,2/5/2026,
374,38.8,gf,1.205,mm,OK,--,7:54:26 PM,2/5/2026,
375,38.7,gf,1.210,mm,OK,--,7:54:26 PM,2/5/2026,
376,38.6,gf,1.210,mm,OK,--,7:54:26 PM,2/5/2026,
377,38.8,gf,1.215,mm,OK,--,7:54:26 PM,2/5/2026,
378,38.8,gf,1.220,mm,OK,--,7:54:27 PM,2/5/2026,
379,38.8,gf,1.220,mm,OK,--,7:54:27 PM,2/5/2026,
380,38.8,gf,1.225,mm,OK,--,7:54:27 PM,2/5/2026,
381,38.9,gf,1.230,mm,OK,--,7:54:27 PM,2/5/2026,
382,38.9,gf,1.235,mm,OK,--,7:54:27 PM,2/5/2026,
383,38.8,gf,1.240,mm,OK,--,7:54:27 PM,2/5/2026,
384,38.9,gf,1.240,mm,OK,--,7:54:27 PM,2/5/2026,
385,38.7,gf,1.245,mm,OK,--,7:54:27 PM,2/5/2026,
386,38.7,gf,1.250,mm,OK,--,7:54:27 PM,2/5/2026,
387,39.1,gf,1.255,mm,OK,--,7:54:27 PM,2/5/2026,
388,38.9,gf,1.255,mm,OK,--,7:54:28 PM,2/5/2026,
389,38.8,gf,1.260,mm,OK,--,7:54:28 PM,2/5/2026,
390,38.8,gf,1.265,mm,OK,--,7:54:28 PM,2/5/2026,
391,38.8,gf,1.270,mm,OK,--,7:54:28 PM,2/5/2026,
392,38.8,gf,1.270,mm,OK,--,7:54:28 PM,2/5/2026,
393,38.8,gf,1.280,mm,OK,--,7:54:28 PM,2/5/2026,
394,38.5,gf,1.280,mm,OK,--,7:54:28 PM,2/5/2026,
395,38.5,gf,1.285,mm,OK,--,7:54:28 PM,2/5/2026,
396,38.9,gf,1.285,mm,OK,--,7:54:28 PM,2/5/2026,
397,38.9,gf,1.290,mm,OK,--,7:54:28 PM,2/5/2026,
398,38.8,gf,1.295,mm,OK,--,7:54:29 PM,2/5/2026,
399,38.3,gf,1.295,mm,OK,--,7:54:29 PM,2/5/2026,
400,38.2,gf,1.300,mm,OK,--,7:54:29 PM,2/5/2026,
401,38.8,gf,1.300,mm,OK,--,7:54:29 PM,2/5/2026,
402,39.2,gf,1.305,mm,OK,--,7:54:29 PM,2/5/2026,
403,39.0,gf,1.310,mm,OK,--,7:54:29 PM,2/5/2026,
404,38.9,gf,1.315,mm,OK,--,7:54:29 PM,2/5/2026,
405,38.8,gf,1.320,mm,OK,--,7:54:29 PM,2/5/2026,
406,38.9,gf,1.320,mm,OK,--,7:54:29 PM,2/5/2026,
407,39.0,gf,1.325,mm,OK,--,7:54:29 PM,2/5/2026,
408,39.2,gf,1.335,mm,OK,--,7:54:30 PM,2/5/2026,
409,39.0,gf,1.340,mm,OK,--,7:54:30 PM,2/5/2026,
410,39.1,gf,1.350,mm,OK,--,7:54:30 PM,2/5/2026,
411,38.8,gf,1.355,mm,OK,--,7:54:30 PM,2/5/2026,
412,38.8,gf,1.365,mm,OK,--,7:54:30 PM,2/5/2026,
413,38.8,gf,1.365,mm,OK,--,7:54:30 PM,2/5/2026,
414,38.8,gf,1.370,mm,OK,--,7:54:30 PM,2/5/2026,
415,38.8,gf,1.375,mm,OK,--,7:54:30 PM,2/5/2026,
416,38.7,gf,1.380,mm,OK,--,7:54:30 PM,2/5/2026,
417,38.9,gf,1.385,mm,OK,--,7:54:30 PM,2/5/2026,
418,39.0,gf,1.390,mm,OK,--,7:54:31 PM,2/5/2026,
419,39.1,gf,1.395,mm,OK,--,7:54:31 PM,2/5/2026,
420,39.0,gf,1.400,mm,OK,--,7:54:31 PM,2/5/2026,
421,38.8,gf,1.400,mm,OK,--,7:54:31 PM,2/5/2026,
422,38.8,gf,1.405,mm,OK,--,7:54:31 PM,2/5/2026,
423,38.9,gf,1.410,mm,OK,--,7:54:31 PM,2/5/2026,
424,38.8,gf,1.410,mm,OK,--,7:54:31 PM,2/5/2026,
425,38.6,gf,1.410,mm,OK,--,7:54:31 PM,2/5/2026,
426,38.8,gf,1.415,mm,OK,--,7:54:31 PM,2/5/2026,
427,38.8,gf,1.415,mm,OK,--,7:54:31 PM,2/5/2026,
428,38.7,gf,1.415,mm,OK,--,7:54:32 PM,2/5/2026,
429,38.7,gf,1.415,mm,OK,--,7:54:32 PM,2/5/2026,
430,38.8,gf,1.415,mm,OK,--,7:54:32 PM,2/5/2026,
431,39.0,gf,1.420,mm,OK,--,7:54:32 PM,2/5/2026,
432,39.1,gf,1.420,mm,OK,--,7:54:32 PM,2/5/2026,
433,39.3,gf,1.425,mm,OK,--,7:54:32 PM,2/5/2026,
434,39.2,gf,1.425,mm,OK,--,7:54:32 PM,2/5/2026,
435,39.1,gf,1.430,mm,OK,--,7:54:32 PM,2/5/2026,
436,39.2,gf,1.430,mm,OK,--,7:54:32 PM,2/5/2026,
437,39.1,gf,1.430,mm,OK,--,7:54:32 PM,2/5/2026,
438,39.4,gf,1.435,mm,OK,--,7:54:33 PM,2/5/2026,
439,39.5,gf,1.435,mm,OK,--,7:54:33 PM,2/5/2026,
440,39.3,gf,1.440,mm,OK,--,7:54:33 PM,2/5/2026,
441,39.2,gf,1.445,mm,OK,--,7:54:33 PM,2/5/2026,
442,39.3,gf,1.445,mm,OK,--,7:54:33 PM,2/5/2026,
443,39.1,gf,1.450,mm,OK,--,7:54:33 PM,2/5/2026,
444,39.0,gf,1.455,mm,OK,--,7:54:33 PM,2/5/2026,
445,38.9,gf,1.460,mm,OK,--,7:54:33 PM,2/5/2026,
446,38.8,gf,1.460,mm,OK,--,7:54:33 PM,2/5/2026,
447,38.7,gf,1.460,mm,OK,--,7:54:33 PM,2/5/2026,
448,38.7,gf,1.460,mm,OK,--,7:54:34 PM,2/5/2026,
449,38.9,gf,1.460,mm,OK,--,7:54:34 PM,2/5/2026,
450,39.0,gf,1.465,mm,OK,--,7:54:34 PM,2/5/2026,
451,39.1,gf,1.465,mm,OK,--,7:54:34 PM,2/5/2026,
452,39.4,gf,1.465,mm,OK,--,7:54:34 PM,2/5/2026,
453,39.6,gf,1.470,mm,OK,--,7:54:34 PM,2/5/2026,
454,39.4,gf,1.470,mm,OK,--,7:54:34 PM,2/5/2026,
455,39.4,gf,1.475,mm,OK,--,7:54:34 PM,2/5/2026,
456,39.3,gf,1.475,mm,OK,--,7:54:34 PM,2/5/2026,
457,39.3,gf,1.480,mm,OK,--,7:54:34 PM,2/5/2026,
458,39.3,gf,1.485,mm,OK,--,7:54:35 PM,2/5/2026,
459,39.2,gf,1.485,mm,OK,--,7:54:35 PM,2/5/2026,
460,39.3,gf,1.490,mm,OK,--,7:54:35 PM,2/5/2026,
461,39.2,gf,1.490,mm,OK,--,7:54:35 PM,2/5/2026,
462,39.4,gf,1.495,mm,OK,--,7:54:35 PM,2/5/2026,
463,39.3,gf,1.505,mm,OK,--,7:54:35 PM,2/5/2026,
464,39.2,gf,1.505,mm,OK,--,7:54:35 PM,2/5/2026,
465,39.0,gf,1.510,mm,OK,--,7:54:35 PM,2/5/2026,
466,39.1,gf,1.515,mm,OK,--,7:54:35 PM,2/5/2026,
467,39.3,gf,1.520,mm,OK,--,7:54:35 PM,2/5/2026,
468,39.4,gf,1.525,mm,OK,--,7:54:36 PM,2/5/2026,
469,39.4,gf,1.535,mm,OK,--,7:54:36 PM,2/5/2026,
470,39.3,gf,1.540,mm,OK,--,7:54:36 PM,2/5/2026,
471,39.1,gf,1.545,mm,OK,--,7:54:36 PM,2/5/2026,
472,39.2,gf,1.550,mm,OK,--,7:54:36 PM,2/5/2026,
473,39.1,gf,1.550,mm,OK,--,7:54:36 PM,2/5/2026,
474,39.0,gf,1.555,mm,OK,--,7:54:36 PM,2/5/2026,
475,39.1,gf,1.555,mm,OK,--,7:54:36 PM,2/5/2026,
476,39.2,gf,1.555,mm,OK,--,7:54:36 PM,2/5/2026,
477,39.3,gf,1.560,mm,OK,--,7:54:36 PM,2/5/2026,
478,39.3,gf,1.560,mm,OK,--,7:54:37 PM,2/5/2026,
479,39.4,gf,1.560,mm,OK,--,7:54:37 PM,2/5/2026,
480,39.6,gf,1.565,mm,OK,--,7:54:37 PM,2/5/2026,
481,39.7,gf,1.565,mm,OK,--,7:54:37 PM,2/5/2026,
482,39.6,gf,1.570,mm,OK,--,7:54:37 PM,2/5/2026,
483,39.4,gf,1.575,mm,OK,--,7:54:37 PM,2/5/2026,
484,39.5,gf,1.575,mm,OK,--,7:54:37 PM,2/5/2026,
485,39.4,gf,1.580,mm,OK,--,7:54:37 PM,2/5/2026,
486,39.5,gf,1.580,mm,OK,--,7:54:37 PM,2/5/2026,
487,39.6,gf,1.585,mm,OK,--,7:54:37 PM,2/5/2026,
488,39.6,gf,1.590,mm,OK,--,7:54:38 PM,2/5/2026,
489,39.6,gf,1.595,mm,OK,--,7:54:38 PM,2/5/2026,
490,39.6,gf,1.600,mm,OK,--,7:54:38 PM,2/5/2026,
491,39.6,gf,1.600,mm,OK,--,7:54:38 PM,2/5/2026,
492,39.7,gf,1.605,mm,OK,--,7:54:38 PM,2/5/2026,
493,39.8,gf,1.610,mm,OK,--,7:54:38 PM,2/5/2026,
494,39.7,gf,1.615,mm,OK,--,7:54:38 PM,2/5/2026,
495,39.7,gf,1.620,mm,OK,--,7:54:38 PM,2/5/2026,
496,39.6,gf,1.625,mm,OK,--,7:54:38 PM,2/5/2026,
497,39.6,gf,1.630,mm,OK,--,7:54:38 PM,2/5/2026,
498,39.4,gf,1.635,mm,OK,--,7:54:39 PM,2/5/2026,
499,39.8,gf,1.640,mm,OK,--,7:54:39 PM,2/5/2026,
500,39.7,gf,1.645,mm,OK,--,7:54:39 PM,2/5/2026,
501,39.5,gf,1.655,mm,OK,--,7:54:39 PM,2/5/2026,
502,39.6,gf,1.660,mm,OK,--,7:54:39 PM,2/5/2026,
503,39.6,gf,1.665,mm,OK,--,7:54:39 PM,2/5/2026,
504,39.6,gf,1.670,mm,OK,--,7:54:39 PM,2/5/2026,
505,39.5,gf,1.670,mm,OK,--,7:54:39 PM,2/5/2026,
506,39.5,gf,1.670,mm,OK,--,7:54:39 PM,2/5/2026,
507,39.6,gf,1.675,mm,OK,--,7:54:39 PM,2/5/2026,
508,39.5,gf,1.675,mm,OK,--,7:54:40 PM,2/5/2026,
509,39.4,gf,1.675,mm,OK,--,7:54:40 PM,2/5/2026,
510,39.5,gf,1.680,mm,OK,--,7:54:40 PM,2/5/2026,
511,39.6,gf,1.680,mm,OK,--,7:54:40 PM,2/5/2026,
512,39.6,gf,1.680,mm,OK,--,7:54:40 PM,2/5/2026,
513,39.7,gf,1.680,mm,OK,--,7:54:40 PM,2/5/2026,
514,39.7,gf,1.680,mm,OK,--,7:54:40 PM,2/5/2026,
515,39.7,gf,1.685,mm,OK,--,7:54:40 PM,2/5/2026,
516,39.8,gf,1.685,mm,OK,--,7:54:40 PM,2/5/2026,
517,39.6,gf,1.685,mm,OK,--,7:54:40 PM,2/5/2026,
518,39.5,gf,1.685,mm,OK,--,7:54:41 PM,2/5/2026,
519,39.5,gf,1.690,mm,OK,--,7:54:41 PM,2/5/2026,
520,39.7,gf,1.690,mm,OK,--,7:54:41 PM,2/5/2026,
521,39.7,gf,1.690,mm,OK,--,7:54:41 PM,2/5/2026,
522,39.8,gf,1.690,mm,OK,--,7:54:41 PM,2/5/2026,
523,39.9,gf,1.695,mm,OK,--,7:54:41 PM,2/5/2026,
524,39.9,gf,1.695,mm,OK,--,7:54:41 PM,2/5/2026,
525,40.0,gf,1.695,mm,OK,--,7:54:41 PM,2/5/2026,
526,40.0,gf,1.700,mm,OK,--,7:54:41 PM,2/5/2026,
527,40.1,gf,1.700,mm,OK,--,7:54:41 PM,2/5/2026,
528,40.1,gf,1.705,mm,OK,--,7:54:42 PM,2/5/2026,
529,40.2,gf,1.705,mm,OK,--,7:54:42 PM,2/5/2026,
530,40.1,gf,1.710,mm,OK,--,7:54:42 PM,2/5/2026,
531,40.1,gf,1.710,mm,OK,--,7:54:42 PM,2/5/2026,
532,40.2,gf,1.710,mm,OK,--,7:54:42 PM,2/5/2026,
533,40.3,gf,1.715,mm,OK,--,7:54:42 PM,2/5/2026,
534,40.3,gf,1.720,mm,OK,--,7:54:42 PM,2/5/2026,
535,40.6,gf,1.720,mm,OK,--,7:54:42 PM,2/5/2026,
536,40.5,gf,1.725,mm,OK,--,7:54:42 PM,2/5/2026,
537,40.6,gf,1.730,mm,OK,--,7:54:42 PM,2/5/2026,
538,40.5,gf,1.735,mm,OK,--,7:54:43 PM,2/5/2026,
539,40.5,gf,1.735,mm,OK,--,7:54:43 PM,2/5/2026,
540,40.4,gf,1.740,mm,OK,--,7:54:43 PM,2/5/2026,
541,40.1,gf,1.745,mm,OK,--,7:54:43 PM,2/5/2026,
542,40.0,gf,1.750,mm,OK,--,7:54:43 PM,2/5/2026,
543,40.2,gf,1.750,mm,OK,--,7:54:43 PM,2/5/2026,
544,40.1,gf,1.755,mm,OK,--,7:54:43 PM,2/5/2026,
545,40.1,gf,1.760,mm,OK,--,7:54:43 PM,2/5/2026,
546,40.0,gf,1.760,mm,OK,--,7:54:43 PM,2/5/2026,
547,40.1,gf,1.765,mm,OK,--,7:54:43 PM,2/5/2026,
548,40.2,gf,1.770,mm,OK,--,7:54:44 PM,2/5/2026,
549,40.2,gf,1.775,mm,OK,--,7:54:44 PM,2/5/2026,
550,40.1,gf,1.780,mm,OK,--,7:54:44 PM,2/5/2026,
551,40.1,gf,1.785,mm,OK,--,7:54:44 PM,2/5/2026,
552,40.1,gf,1.785,mm,OK,--,7:54:44 PM,2/5/2026,
553,40.1,gf,1.790,mm,OK,--,7:54:44 PM,2/5/2026,
554,40.3,gf,1.790,mm,OK,--,7:54:44 PM,2/5/2026,
555,40.4,gf,1.795,mm,OK,--,7:54:44 PM,2/5/2026,
556,40.3,gf,1.800,mm,OK,--,7:54:44 PM,2/5/2026,
557,40.5,gf,1.805,mm,OK,--,7:54:44 PM,2/5/2026,
558,40.4,gf,1.810,mm,OK,--,7:54:45 PM,2/5/2026,
559,40.4,gf,1.815,mm,OK,--,7:54:45 PM,2/5/2026,
560,40.4,gf,1.820,mm,OK,--,7:54:45 PM,2/5/2026,
561,40.3,gf,1.820,mm,OK,--,7:54:45 PM,2/5/2026,
562,40.3,gf,1.825,mm,OK,--,7:54:45 PM,2/5/2026,
563,40.5,gf,1.830,mm,OK,--,7:54:45 PM,2/5/2026,
564,40.3,gf,1.835,mm,OK,--,7:54:45 PM,2/5/2026,
565,40.4,gf,1.840,mm,OK,--,7:54:45 PM,2/5/2026,
566,40.4,gf,1.845,mm,OK,--,7:54:45 PM,2/5/2026,
567,40.4,gf,1.850,mm,OK,--,7:54:45 PM,2/5/2026,
568,40.3,gf,1.850,mm,OK,--,7:54:46 PM,2/5/2026,
569,40.3,gf,1.855,mm,OK,--,7:54:46 PM,2/5/2026,
570,40.5,gf,1.855,mm,OK,--,7:54:46 PM,2/5/2026,
571,40.6,gf,1.865,mm,OK,--,7:54:46 PM,2/5/2026,
572,40.5,gf,1.870,mm,OK,--,7:54:46 PM,2/5/2026,
573,40.6,gf,1.875,mm,OK,--,7:54:46 PM,2/5/2026,
574,40.4,gf,1.880,mm,OK,--,7:54:46 PM,2/5/2026,
575,40.5,gf,1.880,mm,OK,--,7:54:46 PM,2/5/2026,
576,40.5,gf,1.885,mm,OK,--,7:54:46 PM,2/5/2026,
577,40.5,gf,1.890,mm,OK,--,7:54:46 PM,2/5/2026,
578,40.5,gf,1.890,mm,OK,--,7:54:47 PM,2/5/2026,
579,40.6,gf,1.895,mm,OK,--,7:54:47 PM,2/5/2026,
580,40.5,gf,1.895,mm,OK,--,7:54:47 PM,2/5/2026,
581,40.6,gf,1.900,mm,OK,--,7:54:47 PM,2/5/2026,
582,40.9,gf,1.900,mm,OK,--,7:54:47 PM,2/5/2026,
583,40.8,gf,1.905,mm,OK,--,7:54:47 PM,2/5/2026,
584,40.8,gf,1.910,mm,OK,--,7:54:47 PM,2/5/2026,
585,40.9,gf,1.910,mm,OK,--,7:54:47 PM,2/5/2026,
586,40.8,gf,1.915,mm,OK,--,7:54:47 PM,2/5/2026,
587,40.8,gf,1.920,mm,OK,--,7:54:47 PM,2/5/2026,
588,40.8,gf,1.925,mm,OK,--,7:54:48 PM,2/5/2026,
589,41.0,gf,1.925,mm,OK,--,7:54:48 PM,2/5/2026,
590,41.0,gf,1.935,mm,OK,--,7:54:48 PM,2/5/2026,
591,40.9,gf,1.940,mm,OK,--,7:54:48 PM,2/5/2026,
592,41.0,gf,1.945,mm,OK,--,7:54:48 PM,2/5/2026,
593,40.8,gf,1.955,mm,OK,--,7:54:48 PM,2/5/2026,
594,40.8,gf,1.960,mm,OK,--,7:54:48 PM,2/5/2026,
595,40.7,gf,1.960,mm,OK,--,7:54:48 PM,2/5/2026,
596,40.9,gf,1.965,mm,OK,--,7:54:48 PM,2/5/2026,
597,40.5,gf,1.965,mm,OK,--,7:54:48 PM,2/5/2026,
598,40.8,gf,1.970,mm,OK,--,7:54:49 PM,2/5/2026,
599,41.0,gf,1.970,mm,OK,--,7:54:49 PM,2/5/2026,
600,41.0,gf,1.975,mm,OK,--,7:54:49 PM,2/5/2026,
601,40.8,gf,1.980,mm,OK,--,7:54:49 PM,2/5/2026,
602,40.8,gf,1.990,mm,OK,--,7:54:49 PM,2/5/2026,
603,40.8,gf,1.995,mm,OK,--,7:54:49 PM,2/5/2026,
604,40.9,gf,2.000,mm,OK,--,7:54:49 PM,2/5/2026,
605,40.9,gf,2.005,mm,OK,--,7:54:49 PM,2/5/2026,
606,40.9,gf,2.010,mm,OK,--,7:54:49 PM,2/5/2026,
607,40.9,gf,2.015,mm,OK,--,7:54:49 PM,2/5/2026,
608,40.9,gf,2.020,mm,OK,--,7:54:50 PM,2/5/2026,
609,41.0,gf,2.025,mm,OK,--,7:54:50 PM,2/5/2026,
610,41.0,gf,2.030,mm,OK,--,7:54:50 PM,2/5/2026,
611,41.0,gf,2.035,mm,OK,--,7:54:50 PM,2/5/2026,
612,40.9,gf,2.035,mm,OK,--,7:54:50 PM,2/5/2026,
613,40.9,gf,2.040,mm,OK,--,7:54:50 PM,2/5/2026,
614,40.9,gf,2.040,mm,OK,--,7:54:50 PM,2/5/2026,
615,40.9,gf,2.040,mm,OK,--,7:54:50 PM,2/5/2026,
616,41.0,gf,2.045,mm,OK,--,7:54:50 PM,2/5/2026,
617,41.0,gf,2.050,mm,OK,--,7:54:50 PM,2/5/2026,
618,41.0,gf,2.050,mm,OK,--,7:54:51 PM,2/5/2026,
619,40.9,gf,2.055,mm,OK,--,7:54:51 PM,2/5/2026,
620,41.0,gf,2.055,mm,OK,--,7:54:51 PM,2/5/2026,
621,41.1,gf,2.060,mm,OK,--,7:54:51 PM,2/5/2026,
622,41.1,gf,2.060,mm,OK,--,7:54:51 PM,2/5/2026,
623,41.1,gf,2.065,mm,OK,--,7:54:51 PM,2/5/2026,
624,41.1,gf,2.065,mm,OK,--,7:54:51 PM,2/5/2026,
625,41.1,gf,2.070,mm,OK,--,7:54:51 PM,2/5/2026,
626,41.0,gf,2.075,mm,OK,--,7:54:51 PM,2/5/2026,
627,41.1,gf,2.075,mm,OK,--,7:54:51 PM,2/5/2026,
628,41.0,gf,2.080,mm,OK,--,7:54:52 PM,2/5/2026,
629,41.1,gf,2.080,mm,OK,--,7:54:52 PM,2/5/2026,
630,41.2,gf,2.085,mm,OK,--,7:54:52 PM,2/5/2026,
631,41.2,gf,2.090,mm,OK,--,7:54:52 PM,2/5/2026,
632,40.9,gf,2.090,mm,OK,--,7:54:52 PM,2/5/2026,
633,41.0,gf,2.095,mm,OK,--,7:54:52 PM,2/5/2026,
634,41.0,gf,2.095,mm,OK,--,7:54:52 PM,2/5/2026,
635,41.0,gf,2.100,mm,OK,--,7:54:52 PM,2/5/2026,
636,41.1,gf,2.105,mm,OK,--,7:54:52 PM,2/5/2026,
637,41.1,gf,2.105,mm,OK,--,7:54:52 PM,2/5/2026,
638,40.9,gf,2.105,mm,OK,--,7:54:53 PM,2/5/2026,
639,41.0,gf,2.110,mm,OK,--,7:54:53 PM,2/5/2026,
640,41.2,gf,2.110,mm,OK,--,7:54:53 PM,2/5/2026,
641,41.3,gf,2.115,mm,OK,--,7:54:53 PM,2/5/2026,
642,41.2,gf,2.115,mm,OK,--,7:54:53 PM,2/5/2026,
643,41.5,gf,2.120,mm,OK,--,7:54:53 PM,2/5/2026,
644,41.5,gf,2.125,mm,OK,--,7:54:53 PM,2/5/2026,
645,41.6,gf,2.130,mm,OK,--,7:54:53 PM,2/5/2026,
646,41.5,gf,2.135,mm,OK,--,7:54:53 PM,2/5/2026,
647,41.6,gf,2.145,mm,OK,--,7:54:53 PM,2/5/2026,
648,41.5,gf,2.150,mm,OK,--,7:54:54 PM,2/5/2026,
649,41.5,gf,2.155,mm,OK,--,7:54:54 PM,2/5/2026,
650,41.5,gf,2.160,mm,OK,--,7:54:54 PM,2/5/2026,
651,41.4,gf,2.165,mm,OK,--,7:54:54 PM,2/5/2026,
652,41.5,gf,2.170,mm,OK,--,7:54:54 PM,2/5/2026,
653,41.6,gf,2.170,mm,OK,--,7:54:54 PM,2/5/2026,
654,41.8,gf,2.175,mm,OK,--,7:54:54 PM,2/5/2026,
655,42.0,gf,2.180,mm,OK,--,7:54:54 PM,2/5/2026,
656,42.2,gf,2.185,mm,OK,--,7:54:54 PM,2/5/2026,
657,42.5,gf,2.185,mm,OK,--,7:54:54 PM,2/5/2026,
658,42.7,gf,2.190,mm,OK,--,7:54:55 PM,2/5/2026,
659,42.6,gf,2.195,mm,OK,--,7:54:55 PM,2/5/2026,
660,42.6,gf,2.200,mm,OK,--,7:54:55 PM,2/5/2026,
661,42.4,gf,2.200,mm,OK,--,7:54:55 PM,2/5/2026,
662,42.4,gf,2.205,mm,OK,--,7:54:55 PM,2/5/2026,
663,42.3,gf,2.205,mm,OK,--,7:54:55 PM,2/5/2026,
664,42.2,gf,2.205,mm,OK,--,7:54:55 PM,2/5/2026,
665,42.1,gf,2.210,mm,OK,--,7:54:55 PM,2/5/2026,
666,42.1,gf,2.210,mm,OK,--,7:54:55 PM,2/5/2026,
667,41.9,gf,2.215,mm,OK,--,7:54:55 PM,2/5/2026,
668,41.7,gf,2.220,mm,OK,--,7:54:56 PM,2/5/2026,
669,41.6,gf,2.220,mm,OK,--,7:54:56 PM,2/5/2026,
670,41.6,gf,2.220,mm,OK,--,7:54:56 PM,2/5/2026,
671,41.6,gf,2.225,mm,OK,--,7:54:56 PM,2/5/2026,
672,41.6,gf,2.225,mm,OK,--,7:54:56 PM,2/5/2026,
673,41.6,gf,2.225,mm,OK,--,7:54:56 PM,2/5/2026,
674,41.6,gf,2.230,mm,OK,--,7:54:56 PM,2/5/2026,
675,41.6,gf,2.230,mm,OK,--,7:54:56 PM,2/5/2026,
676,41.7,gf,2.235,mm,OK,--,7:54:56 PM,2/5/2026,
677,41.8,gf,2.235,mm,OK,--,7:54:56 PM,2/5/2026,
678,41.8,gf,2.240,mm,OK,--,7:54:57 PM,2/5/2026,
679,41.9,gf,2.245,mm,OK,--,7:54:57 PM,2/5/2026,
680,42.0,gf,2.250,mm,OK,--,7:54:57 PM,2/5/2026,
681,42.0,gf,2.250,mm,OK,--,7:54:57 PM,2/5/2026,
682,42.0,gf,2.255,mm,OK,--,7:54:57 PM,2/5/2026,
683,42.0,gf,2.260,mm,OK,--,7:54:57 PM,2/5/2026,
684,42.0,gf,2.265,mm,OK,--,7:54:57 PM,2/5/2026,
685,42.1,gf,2.270,mm,OK,--,7:54:57 PM,2/5/2026,
686,42.2,gf,2.275,mm,OK,--,7:54:57 PM,2/5/2026,
687,42.2,gf,2.280,mm,OK,--,7:54:57 PM,2/5/2026,
688,42.1,gf,2.285,mm,OK,--,7:54:58 PM,2/5/2026,
689,41.8,gf,2.295,mm,OK,--,7:54:58 PM,2/5/2026,
690,41.9,gf,2.300,mm,OK,--,7:54:58 PM,2/5/2026,
691,42.0,gf,2.310,mm,OK,--,7:54:58 PM,2/5/2026,
692,42.1,gf,2.320,mm,OK,--,7:54:58 PM,2/5/2026,
693,42.2,gf,2.330,mm,OK,--,7:54:58 PM,2/5/2026,
694,42.2,gf,2.340,mm,OK,--,7:54:58 PM,2/5/2026,
695,42.1,gf,2.350,mm,OK,--,7:54:58 PM,2/5/2026,
696,42.1,gf,2.360,mm,OK,--,7:54:58 PM,2/5/2026,
697,42.0,gf,2.370,mm,OK,--,7:54:58 PM,2/5/2026,
698,42.2,gf,2.380,mm,OK,--,7:54:59 PM,2/5/2026,
699,42.2,gf,2.385,mm,OK,--,7:54:59 PM,2/5/2026,
700,42.3,gf,2.395,mm,OK,--,7:54:59 PM,2/5/2026,
701,42.2,gf,2.400,mm,OK,--,7:54:59 PM,2/5/2026,
702,42.2,gf,2.405,mm,OK,--,7:54:59 PM,2/5/2026,
703,42.3,gf,2.405,mm,OK,--,7:54:59 PM,2/5/2026,
704,42.3,gf,2.410,mm,OK,--,7:54:59 PM,2/5/2026,
705,42.3,gf,2.415,mm,OK,--,7:54:59 PM,2/5/2026,
706,42.3,gf,2.420,mm,OK,--,7:54:59 PM,2/5/2026,
707,42.3,gf,2.425,mm,OK,--,7:54:59 PM,2/5/2026,
708,42.3,gf,2.430,mm,OK,--,7:55:00 PM,2/5/2026,
709,42.3,gf,2.435,mm,OK,--,7:55:00 PM,2/5/2026,
710,42.3,gf,2.440,mm,OK,--,7:55:00 PM,2/5/2026,
711,42.4,gf,2.440,mm,OK,--,7:55:00 PM,2/5/2026,
712,42.4,gf,2.445,mm,OK,--,7:55:00 PM,2/5/2026,
713,42.4,gf,2.450,mm,OK,--,7:55:00 PM,2/5/2026,
714,42.5,gf,2.455,mm,OK,--,7:55:00 PM,2/5/2026,
715,42.5,gf,2.455,mm,OK,--,7:55:00 PM,2/5/2026,
716,42.5,gf,2.460,mm,OK,--,7:55:00 PM,2/5/2026,
717,42.5,gf,2.465,mm,OK,--,7:55:00 PM,2/5/2026,
718,42.5,gf,2.465,mm,OK,--,7:55:01 PM,2/5/2026,
719,42.5,gf,2.470,mm,OK,--,7:55:01 PM,2/5/2026,
720,42.5,gf,2.470,mm,OK,--,7:55:01 PM,2/5/2026,
721,42.5,gf,2.475,mm,OK,--,7:55:01 PM,2/5/2026,
722,42.5,gf,2.475,mm,OK,--,7:55:01 PM,2/5/2026,
723,42.5,gf,2.480,mm,OK,--,7:55:01 PM,2/5/2026,
724,42.5,gf,2.485,mm,OK,--,7:55:01 PM,2/5/2026,
725,42.5,gf,2.485,mm,OK,--,7:55:01 PM,2/5/2026,
726,42.5,gf,2.490,mm,OK,--,7:55:01 PM,2/5/2026,
727,42.6,gf,2.495,mm,OK,--,7:55:01 PM,2/5/2026,
728,42.6,gf,2.495,mm,OK,--,7:55:02 PM,2/5/2026,
729,42.6,gf,2.500,mm,OK,--,7:55:02 PM,2/5/2026,
730,42.5,gf,2.500,mm,OK,--,7:55:02 PM,2/5/2026,
731,42.5,gf,2.505,mm,OK,--,7:55:02 PM,2/5/2026,
732,42.5,gf,2.510,mm,OK,--,7:55:02 PM,2/5/2026,
733,42.6,gf,2.510,mm,OK,--,7:55:02 PM,2/5/2026,
734,42.7,gf,2.515,mm,OK,--,7:55:02 PM,2/5/2026,
735,42.9,gf,2.520,mm,OK,--,7:55:02 PM,2/5/2026,
736,43.1,gf,2.525,mm,OK,--,7:55:02 PM,2/5/2026,
737,43.1,gf,2.525,mm,OK,--,7:55:02 PM,2/5/2026,
738,43.2,gf,2.530,mm,OK,--,7:55:03 PM,2/5/2026,
739,43.2,gf,2.530,mm,OK,--,7:55:03 PM,2/5/2026,
740,43.2,gf,2.535,mm,OK,--,7:55:03 PM,2/5/2026,
741,43.2,gf,2.535,mm,OK,--,7:55:03 PM,2/5/2026,
742,43.0,gf,2.535,mm,OK,--,7:55:03 PM,2/5/2026,
743,43.0,gf,2.540,mm,OK,--,7:55:03 PM,2/5/2026,
744,42.9,gf,2.540,mm,OK,--,7:55:03 PM,2/5/2026,
745,42.9,gf,2.545,mm,OK,--,7:55:03 PM,2/5/2026,
746,42.9,gf,2.545,mm,OK,--,7:55:03 PM,2/5/2026,
747,42.9,gf,2.550,mm,OK,--,7:55:03 PM,2/5/2026,
748,42.9,gf,2.550,mm,OK,--,7:55:04 PM,2/5/2026,
749,42.8,gf,2.555,mm,OK,--,7:55:04 PM,2/5/2026,
750,42.9,gf,2.555,mm,OK,--,7:55:04 PM,2/5/2026,
751,42.9,gf,2.560,mm,OK,--,7:55:04 PM,2/5/2026,
752,42.9,gf,2.560,mm,OK,--,7:55:04 PM,2/5/2026,
753,42.9,gf,2.560,mm,OK,--,7:55:04 PM,2/5/2026,
754,42.9,gf,2.565,mm,OK,--,7:55:04 PM,2/5/2026,
755,42.9,gf,2.565,mm,OK,--,7:55:04 PM,2/5/2026,
756,43.0,gf,2.570,mm,OK,--,7:55:04 PM,2/5/2026,
757,42.9,gf,2.570,mm,OK,--,7:55:04 PM,2/5/2026,
758,42.9,gf,2.575,mm,OK,--,7:55:05 PM,2/5/2026,
759,42.9,gf,2.580,mm,OK,--,7:55:05 PM,2/5/2026,
760,42.9,gf,2.580,mm,OK,--,7:55:05 PM,2/5/2026,
761,42.9,gf,2.585,mm,OK,--,7:55:05 PM,2/5/2026,
762,42.9,gf,2.585,mm,OK,--,7:55:05 PM,2/5/2026,
763,42.9,gf,2.590,mm,OK,--,7:55:05 PM,2/5/2026,
764,43.1,gf,2.590,mm,OK,--,7:55:05 PM,2/5/2026,
765,43.3,gf,2.595,mm,OK,--,7:55:05 PM,2/5/2026,
766,43.5,gf,2.595,mm,OK,--,7:55:05 PM,2/5/2026,
767,43.6,gf,2.600,mm,OK,--,7:55:05 PM,2/5/2026,
768,43.6,gf,2.605,mm,OK,--,7:55:06 PM,2/5/2026,
769,43.4,gf,2.605,mm,OK,--,7:55:06 PM,2/5/2026,
770,43.4,gf,2.610,mm,OK,--,7:55:06 PM,2/5/2026,
771,43.3,gf,2.610,mm,OK,--,7:55:06 PM,2/5/2026,
772,43.3,gf,2.615,mm,OK,--,7:55:06 PM,2/5/2026,
773,43.2,gf,2.615,mm,OK,--,7:55:06 PM,2/5/2026,
774,43.1,gf,2.620,mm,OK,--,7:55:06 PM,2/5/2026,
775,43.0,gf,2.620,mm,OK,--,7:55:06 PM,2/5/2026,
776,43.0,gf,2.620,mm,OK,--,7:55:06 PM,2/5/2026,
777,43.0,gf,2.625,mm,OK,--,7:55:06 PM,2/5/2026,
778,42.9,gf,2.625,mm,OK,--,7:55:07 PM,2/5/2026,
779,42.9,gf,2.630,mm,OK,--,7:55:07 PM,2/5/2026,
780,42.9,gf,2.630,mm,OK,--,7:55:07 PM,2/5/2026,
781,42.9,gf,2.635,mm,OK,--,7:55:07 PM,2/5/2026,
782,43.0,gf,2.640,mm,OK,--,7:55:07 PM,2/5/2026,
783,42.9,gf,2.640,mm,OK,--,7:55:07 PM,2/5/2026,
784,42.9,gf,2.645,mm,OK,--,7:55:07 PM,2/5/2026,
785,42.9,gf,2.645,mm,OK,--,7:55:07 PM,2/5/2026,
786,43.0,gf,2.650,mm,OK,--,7:55:07 PM,2/5/2026,
787,43.0,gf,2.650,mm,OK,--,7:55:07 PM,2/5/2026,
788,43.0,gf,2.655,mm,OK,--,7:55:08 PM,2/5/2026,
789,43.0,gf,2.655,mm,OK,--,7:55:08 PM,2/5/2026,
790,43.0,gf,2.660,mm,OK,--,7:55:08 PM,2/5/2026,
791,42.9,gf,2.665,mm,OK,--,7:55:08 PM,2/5/2026,
792,42.9,gf,2.665,mm,OK,--,7:55:08 PM,2/5/2026,
793,43.0,gf,2.670,mm,OK,--,7:55:08 PM,2/5/2026,
794,43.0,gf,2.670,mm,OK,--,7:55:08 PM,2/5/2026,
795,43.0,gf,2.675,mm,OK,--,7:55:08 PM,2/5/2026,
796,43.1,gf,2.680,mm,OK,--,7:55:08 PM,2/5/2026,
797,43.0,gf,2.680,mm,OK,--,7:55:08 PM,2/5/2026,
798,43.1,gf,2.685,mm,OK,--,7:55:09 PM,2/5/2026,
799,43.1,gf,2.685,mm,OK,--,7:55:09 PM,2/5/2026,
800,43.1,gf,2.685,mm,OK,--,7:55:09 PM,2/5/2026,
801,43.1,gf,2.690,mm,OK,--,7:55:09 PM,2/5/2026,
802,43.1,gf,2.690,mm,OK,--,7:55:09 PM,2/5/2026,
803,43.1,gf,2.690,mm,OK,--,7:55:09 PM,2/5/2026,
804,43.2,gf,2.695,mm,OK,--,7:55:09 PM,2/5/2026,
805,43.4,gf,2.695,mm,OK,--,7:55:09 PM,2/5/2026,
806,43.4,gf,2.695,mm,OK,--,7:55:09 PM,2/5/2026,
807,43.4,gf,2.700,mm,OK,--,7:55:09 PM,2/5/2026,
808,43.5,gf,2.700,mm,OK,--,7:55:10 PM,2/5/2026,
809,43.5,gf,2.700,mm,OK,--,7:55:10 PM,2/5/2026,
810,43.5,gf,2.700,mm,OK,--,7:55:10 PM,2/5/2026,
811,43.5,gf,2.705,mm,OK,--,7:55:10 PM,2/5/2026,
812,43.5,gf,2.705,mm,OK,--,7:55:10 PM,2/5/2026,
813,43.5,gf,2.705,mm,OK,--,7:55:10 PM,2/5/2026,
814,43.5,gf,2.710,mm,OK,--,7:55:10 PM,2/5/2026,
815,43.5,gf,2.710,mm,OK,--,7:55:10 PM,2/5/2026,
816,43.5,gf,2.715,mm,OK,--,7:55:10 PM,2/5/2026,
817,43.4,gf,2.715,mm,OK,--,7:55:10 PM,2/5/2026,
818,43.4,gf,2.715,mm,OK,--,7:55:11 PM,2/5/2026,
819,43.4,gf,2.720,mm,OK,--,7:55:11 PM,2/5/2026,
820,43.4,gf,2.720,mm,OK,--,7:55:11 PM,2/5/2026,
821,43.4,gf,2.725,mm,OK,--,7:55:11 PM,2/5/2026,
822,43.3,gf,2.730,mm,OK,--,7:55:11 PM,2/5/2026,
823,43.3,gf,2.730,mm,OK,--,7:55:11 PM,2/5/2026,
824,43.3,gf,2.735,mm,OK,--,7:55:11 PM,2/5/2026,
825,43.3,gf,2.740,mm,OK,--,7:55:11 PM,2/5/2026,
826,43.3,gf,2.740,mm,OK,--,7:55:11 PM,2/5/2026,
827,43.4,gf,2.745,mm,OK,--,7:55:11 PM,2/5/2026,
828,43.4,gf,2.750,mm,OK,--,7:55:12 PM,2/5/2026,
829,43.4,gf,2.755,mm,OK,--,7:55:12 PM,2/5/2026,
830,43.5,gf,2.760,mm,OK,--,7:55:12 PM,2/5/2026,
831,43.5,gf,2.765,mm,OK,--,7:55:12 PM,2/5/2026,
832,43.6,gf,2.770,mm,OK,--,7:55:12 PM,2/5/2026,
833,43.5,gf,2.780,mm,OK,--,7:55:12 PM,2/5/2026,
834,43.6,gf,2.785,mm,OK,--,7:55:12 PM,2/5/2026,
835,43.5,gf,2.790,mm,OK,--,7:55:12 PM,2/5/2026,
836,43.6,gf,2.800,mm,OK,--,7:55:12 PM,2/5/2026,
837,43.6,gf,2.805,mm,OK,--,7:55:12 PM,2/5/2026,
838,43.7,gf,2.810,mm,OK,--,7:55:13 PM,2/5/2026,
839,43.7,gf,2.815,mm,OK,--,7:55:13 PM,2/5/2026,
840,43.7,gf,2.820,mm,OK,--,7:55:13 PM,2/5/2026,
841,43.7,gf,2.825,mm,OK,--,7:55:13 PM,2/5/2026,
842,43.8,gf,2.830,mm,OK,--,7:55:13 PM,2/5/2026,
843,43.8,gf,2.835,mm,OK,--,7:55:13 PM,2/5/2026,
844,43.8,gf,2.840,mm,OK,--,7:55:13 PM,2/5/2026,
845,43.9,gf,2.845,mm,OK,--,7:55:13 PM,2/5/2026,
846,43.9,gf,2.845,mm,OK,--,7:55:13 PM,2/5/2026,
847,43.9,gf,2.850,mm,OK,--,7:55:13 PM,2/5/2026,
848,43.9,gf,2.855,mm,OK,--,7:55:14 PM,2/5/2026,
849,44.0,gf,2.860,mm,OK,--,7:55:14 PM,2/5/2026,
850,44.0,gf,2.865,mm,OK,--,7:55:14 PM,2/5/2026,
851,44.0,gf,2.870,mm,OK,--,7:55:14 PM,2/5/2026,
852,44.1,gf,2.870,mm,OK,--,7:55:14 PM,2/5/2026,
853,44.1,gf,2.880,mm,OK,--,7:55:14 PM,2/5/2026,
854,43.9,gf,2.890,mm,OK,--,7:55:14 PM,2/5/2026,
855,43.8,gf,2.890,mm,OK,--,7:55:14 PM,2/5/2026,
856,43.8,gf,2.890,mm,OK,--,7:55:14 PM,2/5/2026,
857,43.8,gf,2.890,mm,OK,--,7:55:14 PM,2/5/2026,
858,43.9,gf,2.890,mm,OK,--,7:55:15 PM,2/5/2026,
859,44.0,gf,2.895,mm,OK,--,7:55:15 PM,2/5/2026,
860,44.1,gf,2.905,mm,OK,--,7:55:15 PM,2/5/2026,
861,44.1,gf,2.910,mm,OK,--,7:55:15 PM,2/5/2026,
862,44.1,gf,2.915,mm,OK,--,7:55:15 PM,2/5/2026,
863,44.2,gf,2.925,mm,OK,--,7:55:15 PM,2/5/2026,
864,44.2,gf,2.930,mm,OK,--,7:55:15 PM,2/5/2026,
865,44.3,gf,2.940,mm,OK,--,7:55:15 PM,2/5/2026,
866,44.4,gf,2.950,mm,OK,--,7:55:15 PM,2/5/2026,
867,44.7,gf,2.965,mm,OK,--,7:55:15 PM,2/5/2026,
868,44.6,gf,2.975,mm,OK,--,7:55:16 PM,2/5/2026,
869,44.4,gf,2.990,mm,OK,--,7:55:16 PM,2/5/2026,
870,44.3,gf,3.000,mm,OK,--,7:55:16 PM,2/5/2026,
871,44.4,gf,3.005,mm,OK,--,7:55:16 PM,2/5/2026,
872,44.5,gf,3.015,mm,OK,--,7:55:16 PM,2/5/2026,
873,44.7,gf,3.025,mm,OK,--,7:55:16 PM,2/5/2026,
874,44.7,gf,3.035,mm,OK,--,7:55:16 PM,2/5/2026,
875,44.7,gf,3.040,mm,OK,--,7:55:16 PM,2/5/2026,
876,44.7,gf,3.040,mm,OK,--,7:55:16 PM,2/5/2026,
877,44.7,gf,3.045,mm,OK,--,7:55:16 PM,2/5/2026,
878,44.7,gf,3.050,mm,OK,--,7:55:17 PM,2/5/2026,
879,44.7,gf,3.050,mm,OK,--,7:55:17 PM,2/5/2026,
880,44.7,gf,3.055,mm,OK,--,7:55:17 PM,2/5/2026,
881,44.7,gf,3.060,mm,OK,--,7:55:17 PM,2/5/2026,
882,44.7,gf,3.060,mm,OK,--,7:55:17 PM,2/5/2026,
883,44.9,gf,3.065,mm,OK,--,7:55:17 PM,2/5/2026,
884,44.9,gf,3.070,mm,OK,--,7:55:17 PM,2/5/2026,
885,44.9,gf,3.075,mm,OK,--,7:55:17 PM,2/5/2026,
886,44.9,gf,3.080,mm,OK,--,7:55:17 PM,2/5/2026,
887,44.9,gf,3.090,mm,OK,--,7:55:17 PM,2/5/2026,
888,44.9,gf,3.090,mm,OK,--,7:55:18 PM,2/5/2026,
889,44.9,gf,3.095,mm,OK,--,7:55:18 PM,2/5/2026,
890,45.0,gf,3.100,mm,OK,--,7:55:18 PM,2/5/2026,
891,45.0,gf,3.105,mm,OK,--,7:55:18 PM,2/5/2026,
892,45.0,gf,3.110,mm,OK,--,7:55:18 PM,2/5/2026,
893,45.0,gf,3.110,mm,OK,--,7:55:18 PM,2/5/2026,
894,45.0,gf,3.115,mm,OK,--,7:55:18 PM,2/5/2026,
895,45.0,gf,3.120,mm,OK,--,7:55:18 PM,2/5/2026,
896,45.0,gf,3.125,mm,OK,--,7:55:18 PM,2/5/2026,
897,45.0,gf,3.135,mm,OK,--,7:55:18 PM,2/5/2026,
898,45.0,gf,3.140,mm,OK,--,7:55:19 PM,2/5/2026,
899,45.1,gf,3.140,mm,OK,--,7:55:19 PM,2/5/2026,
900,45.1,gf,3.150,mm,OK,--,7:55:19 PM,2/5/2026,
901,45.1,gf,3.160,mm,OK,--,7:55:19 PM,2/5/2026,
902,45.1,gf,3.165,mm,OK,--,7:55:19 PM,2/5/2026,
903,45.1,gf,3.165,mm,OK,--,7:55:19 PM,2/5/2026,
904,45.1,gf,3.170,mm,OK,--,7:55:19 PM,2/5/2026,
905,45.1,gf,3.170,mm,OK,--,7:55:19 PM,2/5/2026,
906,45.2,gf,3.170,mm,OK,--,7:55:19 PM,2/5/2026,
907,45.2,gf,3.175,mm,OK,--,7:55:19 PM,2/5/2026,
908,45.2,gf,3.180,mm,OK,--,7:55:20 PM,2/5/2026,
909,45.2,gf,3.185,mm,OK,--,7:55:20 PM,2/5/2026,
910,45.2,gf,3.185,mm,OK,--,7:55:20 PM,2/5/2026,
911,45.2,gf,3.190,mm,OK,--,7:55:20 PM,2/5/2026,
912,45.2,gf,3.195,mm,OK,--,7:55:20 PM,2/5/2026,
913,45.2,gf,3.205,mm,OK,--,7:55:20 PM,2/5/2026,
914,45.2,gf,3.215,mm,OK,--,7:55:20 PM,2/5/2026,
915,45.2,gf,3.220,mm,OK,--,7:55:20 PM,2/5/2026,
916,45.3,gf,3.230,mm,OK,--,7:55:20 PM,2/5/2026,
917,45.4,gf,3.240,mm,OK,--,7:55:20 PM,2/5/2026,
918,45.3,gf,3.245,mm,OK,--,7:55:21 PM,2/5/2026,
919,45.3,gf,3.250,mm,OK,--,7:55:21 PM,2/5/2026,
920,45.3,gf,3.255,mm,OK,--,7:55:21 PM,2/5/2026,
921,45.4,gf,3.255,mm,OK,--,7:55:21 PM,2/5/2026,
922,45.3,gf,3.260,mm,OK,--,7:55:21 PM,2/5/2026,
923,45.4,gf,3.260,mm,OK,--,7:55:21 PM,2/5/2026,
924,45.5,gf,3.260,mm,OK,--,7:55:21 PM,2/5/2026,
925,45.5,gf,3.270,mm,OK,--,7:55:21 PM,2/5/2026,
926,45.4,gf,3.280,mm,OK,--,7:55:21 PM,2/5/2026,
927,45.4,gf,3.285,mm,OK,--,7:55:21 PM,2/5/2026,
928,45.4,gf,3.285,mm,OK,--,7:55:22 PM,2/5/2026,
929,45.5,gf,3.290,mm,OK,--,7:55:22 PM,2/5/2026,
930,45.5,gf,3.290,mm,OK,--,7:55:22 PM,2/5/2026,
931,45.5,gf,3.290,mm,OK,--,7:55:22 PM,2/5/2026,
932,45.5,gf,3.295,mm,OK,--,7:55:22 PM,2/5/2026,
933,45.5,gf,3.295,mm,OK,--,7:55:22 PM,2/5/2026,
934,45.6,gf,3.295,mm,OK,--,7:55:22 PM,2/5/2026,
935,45.5,gf,3.300,mm,OK,--,7:55:22 PM,2/5/2026,
936,45.5,gf,3.300,mm,OK,--,7:55:22 PM,2/5/2026,
937,45.6,gf,3.300,mm,OK,--,7:55:22 PM,2/5/2026,
938,45.6,gf,3.305,mm,OK,--,7:55:23 PM,2/5/2026,
939,45.6,gf,3.305,mm,OK,--,7:55:23 PM,2/5/2026,
940,45.6,gf,3.310,mm,OK,--,7:55:23 PM,2/5/2026,
941,45.6,gf,3.315,mm,OK,--,7:55:23 PM,2/5/2026,
942,45.7,gf,3.325,mm,OK,--,7:55:23 PM,2/5/2026,
943,45.6,gf,3.335,mm,OK,--,7:55:23 PM,2/5/2026,
944,45.8,gf,3.350,mm,OK,--,7:55:23 PM,2/5/2026,
945,45.8,gf,3.360,mm,OK,--,7:55:23 PM,2/5/2026,
946,46.2,gf,3.380,mm,OK,--,7:55:23 PM,2/5/2026,
947,46.2,gf,3.395,mm,OK,--,7:55:23 PM,2/5/2026,
948,46.4,gf,3.415,mm,OK,--,7:55:24 PM,2/5/2026,
949,46.2,gf,3.425,mm,OK,--,7:55:24 PM,2/5/2026,
950,46.2,gf,3.440,mm,OK,--,7:55:24 PM,2/5/2026,
951,46.2,gf,3.455,mm,OK,--,7:55:24 PM,2/5/2026,
952,46.2,gf,3.470,mm,OK,--,7:55:24 PM,2/5/2026,
953,46.3,gf,3.485,mm,OK,--,7:55:24 PM,2/5/2026,
954,46.2,gf,3.500,mm,OK,--,7:55:24 PM,2/5/2026,
955,46.3,gf,3.510,mm,OK,--,7:55:24 PM,2/5/2026,
956,46.4,gf,3.525,mm,OK,--,7:55:24 PM,2/5/2026,
957,46.5,gf,3.540,mm,OK,--,7:55:24 PM,2/5/2026,
958,46.6,gf,3.550,mm,OK,--,7:55:25 PM,2/5/2026,
959,46.7,gf,3.555,mm,OK,--,7:55:25 PM,2/5/2026,
960,46.7,gf,3.565,mm,OK,--,7:55:25 PM,2/5/2026,
961,46.7,gf,3.565,mm,OK,--,7:55:25 PM,2/5/2026,
962,46.7,gf,3.570,mm,OK,--,7:55:25 PM,2/5/2026,
963,46.7,gf,3.575,mm,OK,--,7:55:25 PM,2/5/2026,
964,46.7,gf,3.580,mm,OK,--,7:55:25 PM,2/5/2026,
965,46.7,gf,3.580,mm,OK,--,7:55:25 PM,2/5/2026,
966,46.8,gf,3.585,mm,OK,--,7:55:25 PM,2/5/2026,
967,46.8,gf,3.585,mm,OK,--,7:55:25 PM,2/5/2026,
968,46.8,gf,3.585,mm,OK,--,7:55:26 PM,2/5/2026,
969,46.9,gf,3.590,mm,OK,--,7:55:26 PM,2/5/2026,
970,46.9,gf,3.590,mm,OK,--,7:55:26 PM,2/5/2026,
971,46.8,gf,3.595,mm,OK,--,7:55:26 PM,2/5/2026,
972,46.8,gf,3.595,mm,OK,--,7:55:26 PM,2/5/2026,
973,46.9,gf,3.595,mm,OK,--,7:55:26 PM,2/5/2026,
974,46.9,gf,3.600,mm,OK,--,7:55:26 PM,2/5/2026,
975,47.0,gf,3.600,mm,OK,--,7:55:26 PM,2/5/2026,
976,47.0,gf,3.605,mm,OK,--,7:55:26 PM,2/5/2026,
977,47.1,gf,3.605,mm,OK,--,7:55:26 PM,2/5/2026,
978,47.1,gf,3.605,mm,OK,--,7:55:27 PM,2/5/2026,
979,47.1,gf,3.610,mm,OK,--,7:55:27 PM,2/5/2026,
980,47.6,gf,3.610,mm,OK,--,7:55:27 PM,2/5/2026,
981,49.4,gf,3.615,mm,OK,--,7:55:27 PM,2/5/2026,
982,51.8,gf,3.615,mm,OK,--,7:55:27 PM,2/5/2026,
983,54.3,gf,3.620,mm,OK,--,7:55:27 PM,2/5/2026,
984,56.4,gf,3.620,mm,OK,--,7:55:27 PM,2/5/2026,
985,59.0,gf,3.625,mm,OK,--,7:55:27 PM,2/5/2026,
986,62.2,gf,3.630,mm,OK,--,7:55:27 PM,2/5/2026,
987,64.9,gf,3.630,mm,OK,--,7:55:27 PM,2/5/2026,
988,67.3,gf,3.635,mm,OK,--,7:55:28 PM,2/5/2026,
989,69.8,gf,3.635,mm,OK,--,7:55:28 PM,2/5/2026,
990,72.9,gf,3.640,mm,OK,--,7:55:28 PM,2/5/2026,
991,75.6,gf,3.645,mm,OK,--,7:55:28 PM,2/5/2026,
992,77.6,gf,3.645,mm,OK,--,7:55:28 PM,2/5/2026,
993,79.6,gf,3.645,mm,OK,--,7:55:28 PM,2/5/2026,
994,82.3,gf,3.650,mm,OK,--,7:55:28 PM,2/5/2026,
995,85.6,gf,3.655,mm,OK,--,7:55:28 PM,2/5/2026,
996,87.9,gf,3.655,mm,OK,--,7:55:28 PM,2/5/2026,
997,91.0,gf,3.660,mm,OK,--,7:55:28 PM,2/5/2026,
998,94.3,gf,3.660,mm,OK,--,7:55:29 PM,2/5/2026,
999,96.8,gf,3.665,mm,OK,--,7:55:29 PM,2/5/2026,
1000,98.6,gf,3.665,mm,OK,--,7:55:29 PM,2/5/2026,
1001,100.2,gf,3.670,mm,OK,--,7:55:29 PM,2/5/2026,
1002,101.6,gf,3.670,mm,OK,--,7:55:29 PM,2/5/2026,
1003,103.1,gf,3.670,mm,OK,--,7:55:29 PM,2/5/2026,
1004,104.2,gf,3.670,mm,OK,--,7:55:29 PM,2/5/2026,
1005,105.0,gf,3.670,mm,OK,--,7:55:29 PM,2/5/2026,
1006,106.3,gf,3.675,mm,OK,--,7:55:29 PM,2/5/2026,
1007,107.5,gf,3.675,mm,OK,--,7:55:29 PM,2/5/2026,
1008,108.9,gf,3.675,mm,OK,--,7:55:30 PM,2/5/2026,
1009,110.2,gf,3.680,mm,OK,--,7:55:30 PM,2/5/2026,
1010,111.4,gf,3.680,mm,OK,--,7:55:30 PM,2/5/2026,
1011,112.5,gf,3.680,mm,OK,--,7:55:30 PM,2/5/2026,
1012,113.6,gf,3.680,mm,OK,--,7:55:30 PM,2/5/2026,
1013,115.2,gf,3.685,mm,OK,--,7:55:30 PM,2/5/2026,
1014,117.2,gf,3.685,mm,OK,--,7:55:30 PM,2/5/2026,
1015,119.1,gf,3.685,mm,OK,--,7:55:30 PM,2/5/2026,
1016,120.7,gf,3.690,mm,OK,--,7:55:30 PM,2/5/2026,
1017,122.4,gf,3.690,mm,OK,--,7:55:30 PM,2/5/2026,
1018,124.3,gf,3.690,mm,OK,--,7:55:31 PM,2/5/2026,
1019,126.0,gf,3.695,mm,OK,--,7:55:31 PM,2/5/2026,
1020,127.3,gf,3.695,mm,OK,--,7:55:31 PM,2/5/2026,
1021,128.1,gf,3.695,mm,OK,--,7:55:31 PM,2/5/2026,
1022,129.1,gf,3.695,mm,OK,--,7:55:31 PM,2/5/2026,
1023,130.4,gf,3.700,mm,OK,--,7:55:31 PM,2/5/2026,
1024,131.3,gf,3.700,mm,OK,--,7:55:31 PM,2/5/2026,
1025,132.0,gf,3.700,mm,OK,--,7:55:31 PM,2/5/2026,
1026,132.9,gf,3.700,mm,OK,--,7:55:31 PM,2/5/2026,
1027,134.1,gf,3.700,mm,OK,--,7:55:31 PM,2/5/2026,
1028,135.2,gf,3.705,mm,OK,--,7:55:32 PM,2/5/2026,
1029,136.4,gf,3.705,mm,OK,--,7:55:32 PM,2/5/2026,
1030,137.5,gf,3.705,mm,OK,--,7:55:32 PM,2/5/2026,
1031,138.5,gf,3.705,mm,OK,--,7:55:32 PM,2/5/2026,
1032,140.5,gf,3.710,mm,OK,--,7:55:32 PM,2/5/2026,
1033,143.3,gf,3.710,mm,OK,--,7:55:32 PM,2/5/2026,
1034,146.8,gf,3.715,mm,OK,--,7:55:32 PM,2/5/2026,
1035,149.5,gf,3.720,mm,OK,--,7:55:32 PM,2/5/2026,
1036,153.1,gf,3.720,mm,OK,--,7:55:32 PM,2/5/2026,
1037,158.4,gf,3.725,mm,OK,--,7:55:32 PM,2/5/2026,
1038,163.0,gf,3.730,mm,OK,--,7:55:33 PM,2/5/2026,
1039,165.9,gf,3.735,mm,OK,--,7:55:33 PM,2/5/2026,
1040,169.0,gf,3.735,mm,OK,--,7:55:33 PM,2/5/2026,
1041,171.4,gf,3.740,mm,OK,--,7:55:33 PM,2/5/2026,
1042,173.7,gf,3.740,mm,OK,--,7:55:33 PM,2/5/2026,
1043,175.8,gf,3.745,mm,OK,--,7:55:33 PM,2/5/2026,
1044,177.3,gf,3.745,mm,OK,--,7:55:33 PM,2/5/2026,
1045,178.9,gf,3.745,mm,OK,--,7:55:33 PM,2/5/2026,
1046,180.4,gf,3.750,mm,OK,--,7:55:33 PM,2/5/2026,
1047,181.8,gf,3.750,mm,OK,--,7:55:33 PM,2/5/2026,
1048,183.3,gf,3.750,mm,OK,--,7:55:34 PM,2/5/2026,
1049,185.0,gf,3.750,mm,OK,--,7:55:34 PM,2/5/2026,
1050,186.7,gf,3.755,mm,OK,--,7:55:34 PM,2/5/2026,
1051,188.7,gf,3.755,mm,OK,--,7:55:34 PM,2/5/2026,
1052,190.4,gf,3.760,mm,OK,--,7:55:34 PM,2/5/2026,
1053,192.3,gf,3.760,mm,OK,--,7:55:34 PM,2/5/2026,
1054,193.6,gf,3.760,mm,OK,--,7:55:34 PM,2/5/2026,
1055,194.2,gf,3.760,mm,OK,--,7:55:34 PM,2/5/2026,
1056,194.3,gf,3.760,mm,OK,--,7:55:34 PM,2/5/2026,
1057,194.1,gf,3.760,mm,OK,--,7:55:34 PM,2/5/2026,
1058,193.9,gf,3.760,mm,OK,--,7:55:35 PM,2/5/2026,
1059,193.8,gf,3.760,mm,OK,--,7:55:35 PM,2/5/2026,
1060,193.8,gf,3.760,mm,OK,--,7:55:35 PM,2/5/2026,
1061,193.8,gf,3.760,mm,OK,--,7:55:35 PM,2/5/2026,
1062,193.8,gf,3.760,mm,OK,--,7:55:35 PM,2/5/2026,
1063,193.8,gf,3.760,mm,OK,--,7:55:35 PM,2/5/2026,
1064,193.7,gf,3.760,mm,OK,--,7:55:35 PM,2/5/2026,
1065,193.7,gf,3.760,mm,OK,--,7:55:35 PM,2/5/2026,
1066,193.7,gf,3.760,mm,OK,--,7:55:35 PM,2/5/2026,
1067,193.5,gf,3.760,mm,OK,--,7:55:35 PM,2/5/2026,
1068,193.2,gf,3.760,mm,OK,--,7:55:36 PM,2/5/2026,
1069,193.0,gf,3.760,mm,OK,--,7:55:36 PM,2/5/2026,
1070,192.9,gf,3.760,mm,OK,--,7:55:36 PM,2/5/2026,
1071,192.5,gf,3.760,mm,OK,--,7:55:36 PM,2/5/2026,
1072,191.4,gf,3.760,mm,OK,--,7:55:36 PM,2/5/2026,
1073,189.6,gf,3.760,mm,OK,--,7:55:36 PM,2/5/2026,
1074,187.4,gf,3.760,mm,OK,--,7:55:36 PM,2/5/2026,
1075,185.4,gf,3.755,mm,OK,--,7:55:36 PM,2/5/2026,
1076,184.5,gf,3.755,mm,OK,--,7:55:36 PM,2/5/2026,
1077,183.9,gf,3.755,mm,OK,--,7:55:36 PM,2/5/2026,
1078,183.5,gf,3.755,mm,OK,--,7:55:37 PM,2/5/2026,
1079,183.1,gf,3.755,mm,OK,--,7:55:37 PM,2/5/2026,
1080,182.5,gf,3.755,mm,OK,--,7:55:37 PM,2/5/2026,
1081,181.4,gf,3.750,mm,OK,--,7:55:37 PM,2/5/2026,
1082,180.1,gf,3.750,mm,OK,--,7:55:37 PM,2/5/2026,
1083,178.3,gf,3.750,mm,OK,--,7:55:37 PM,2/5/2026,
1084,177.1,gf,3.750,mm,OK,--,7:55:37 PM,2/5/2026,
1085,176.8,gf,3.745,mm,OK,--,7:55:37 PM,2/5/2026,
1086,176.5,gf,3.745,mm,OK,--,7:55:37 PM,2/5/2026,
1087,176.2,gf,3.745,mm,OK,--,7:55:37 PM,2/5/2026,
1088,175.9,gf,3.745,mm,OK,--,7:55:38 PM,2/5/2026,
1089,175.0,gf,3.745,mm,OK,--,7:55:38 PM,2/5/2026,
1090,173.3,gf,3.745,mm,OK,--,7:55:38 PM,2/5/2026,
1091,172.1,gf,3.745,mm,OK,--,7:55:38 PM,2/5/2026,
1092,171.7,gf,3.745,mm,OK,--,7:55:38 PM,2/5/2026,
1093,171.4,gf,3.740,mm,OK,--,7:55:38 PM,2/5/2026,
1094,171.1,gf,3.740,mm,OK,--,7:55:38 PM,2/5/2026,
1095,170.9,gf,3.740,mm,OK,--,7:55:38 PM,2/5/2026,
1096,170.7,gf,3.740,mm,OK,--,7:55:38 PM,2/5/2026,
1097,169.8,gf,3.740,mm,OK,--,7:55:38 PM,2/5/2026,
1098,168.7,gf,3.740,mm,OK,--,7:55:39 PM,2/5/2026,
1099,167.7,gf,3.740,mm,OK,--,7:55:39 PM,2/5/2026,
1100,167.2,gf,3.740,mm,OK,--,7:55:39 PM,2/5/2026,
1101,166.9,gf,3.740,mm,OK,--,7:55:39 PM,2/5/2026,
1102,166.6,gf,3.740,mm,OK,--,7:55:39 PM,2/5/2026,
1103,166.4,gf,3.740,mm,OK,--,7:55:39 PM,2/5/2026,
1104,166.3,gf,3.740,mm,OK,--,7:55:39 PM,2/5/2026,
1105,166.0,gf,3.735,mm,OK,--,7:55:39 PM,2/5/2026,
1106,165.7,gf,3.735,mm,OK,--,7:55:39 PM,2/5/2026,
1107,165.5,gf,3.735,mm,OK,--,7:55:39 PM,2/5/2026,
1108,165.4,gf,3.735,mm,OK,--,7:55:40 PM,2/5/2026,
1109,165.2,gf,3.735,mm,OK,--,7:55:40 PM,2/5/2026,
1110,165.0,gf,3.735,mm,OK,--,7:55:40 PM,2/5/2026,
1111,164.8,gf,3.735,mm,OK,--,7:55:40 PM,2/5/2026,
1112,164.7,gf,3.735,mm,OK,--,7:55:40 PM,2/5/2026,
1113,164.5,gf,3.735,mm,OK,--,7:55:40 PM,2/5/2026,
1114,164.2,gf,3.735,mm,OK,--,7:55:40 PM,2/5/2026,
1115,163.8,gf,3.735,mm,OK,--,7:55:40 PM,2/5/2026,
1116,163.5,gf,3.735,mm,OK,--,7:55:40 PM,2/5/2026,
1117,163.1,gf,3.735,mm,OK,--,7:55:40 PM,2/5/2026,
1118,162.7,gf,3.735,mm,OK,--,7:55:41 PM,2/5/2026,
1119,162.2,gf,3.735,mm,OK,--,7:55:41 PM,2/5/2026,
1120,161.8,gf,3.735,mm,OK,--,7:55:41 PM,2/5/2026,
1121,161.4,gf,3.735,mm,OK,--,7:55:41 PM,2/5/2026,
1122,160.9,gf,3.735,mm,OK,--,7:55:41 PM,2/5/2026,
1123,160.6,gf,3.735,mm,OK,--,7:55:41 PM,2/5/2026,
1124,160.3,gf,3.730,mm,OK,--,7:55:41 PM,2/5/2026,
1125,159.9,gf,3.730,mm,OK,--,7:55:41 PM,2/5/2026,
1126,159.5,gf,3.730,mm,OK,--,7:55:41 PM,2/5/2026,
1127,159.2,gf,3.730,mm,OK,--,7:55:41 PM,2/5/2026,
1128,158.9,gf,3.730,mm,OK,--,7:55:42 PM,2/5/2026,
1129,158.9,gf,3.730,mm,OK,--,7:55:42 PM,2/5/2026,
1130,158.6,gf,3.730,mm,OK,--,7:55:42 PM,2/5/2026,
1131,158.3,gf,3.730,mm,OK,--,7:55:42 PM,2/5/2026,
1132,157.7,gf,3.730,mm,OK,--,7:55:42 PM,2/5/2026,
1133,157.3,gf,3.730,mm,OK,--,7:55:42 PM,2/5/2026,
1134,156.9,gf,3.730,mm,OK,--,7:55:42 PM,2/5/2026,
1135,156.5,gf,3.730,mm,OK,--,7:55:42 PM,2/5/2026,
1136,155.9,gf,3.730,mm,OK,--,7:55:42 PM,2/5/2026,
1137,155.5,gf,3.725,mm,OK,--,7:55:42 PM,2/5/2026,
1138,155.1,gf,3.725,mm,OK,--,7:55:43 PM,2/5/2026,
1139,154.8,gf,3.725,mm,OK,--,7:55:43 PM,2/5/2026,
1140,154.3,gf,3.725,mm,OK,--,7:55:43 PM,2/5/2026,
1141,154.0,gf,3.725,mm,OK,--,7:55:43 PM,2/5/2026,
1142,153.7,gf,3.725,mm,OK,--,7:55:43 PM,2/5/2026,
1143,153.3,gf,3.725,mm,OK,--,7:55:43 PM,2/5/2026,
1144,153.0,gf,3.725,mm,OK,--,7:55:43 PM,2/5/2026,
1145,152.7,gf,3.725,mm,OK,--,7:55:43 PM,2/5/2026,
1146,152.2,gf,3.725,mm,OK,--,7:55:43 PM,2/5/2026,
1147,151.6,gf,3.725,mm,OK,--,7:55:43 PM,2/5/2026,
1148,150.9,gf,3.725,mm,OK,--,7:55:44 PM,2/5/2026,
1149,150.2,gf,3.720,mm,OK,--,7:55:44 PM,2/5/2026,
1150,149.5,gf,3.720,mm,OK,--,7:55:44 PM,2/5/2026,
1151,148.9,gf,3.720,mm,OK,--,7:55:44 PM,2/5/2026,
1152,148.2,gf,3.720,mm,OK,--,7:55:44 PM,2/5/2026,
1153,147.4,gf,3.720,mm,OK,--,7:55:44 PM,2/5/2026,
1154,146.5,gf,3.720,mm,OK,--,7:55:44 PM,2/5/2026,
1155,145.6,gf,3.720,mm,OK,--,7:55:44 PM,2/5/2026,
1156,144.5,gf,3.715,mm,OK,--,7:55:44 PM,2/5/2026,
1157,142.9,gf,3.715,mm,OK,--,7:55:44 PM,2/5/2026,
1158,141.2,gf,3.715,mm,OK,--,7:55:45 PM,2/5/2026,
1159,139.5,gf,3.710,mm,OK,--,7:55:45 PM,2/5/2026,
1160,138.0,gf,3.710,mm,OK,--,7:55:45 PM,2/5/2026,
1161,136.3,gf,3.710,mm,OK,--,7:55:45 PM,2/5/2026,
1162,134.7,gf,3.705,mm,OK,--,7:55:45 PM,2/5/2026,
1163,133.3,gf,3.705,mm,OK,--,7:55:45 PM,2/5/2026,
1164,131.8,gf,3.705,mm,OK,--,7:55:45 PM,2/5/2026,
1165,129.8,gf,3.700,mm,OK,--,7:55:45 PM,2/5/2026,
1166,126.9,gf,3.700,mm,OK,--,7:55:45 PM,2/5/2026,
1167,123.6,gf,3.695,mm,OK,--,7:55:45 PM,2/5/2026,
1168,120.2,gf,3.690,mm,OK,--,7:55:46 PM,2/5/2026,
1169,116.6,gf,3.690,mm,OK,--,7:55:46 PM,2/5/2026,
1170,113.7,gf,3.685,mm,OK,--,7:55:46 PM,2/5/2026,
1171,111.4,gf,3.685,mm,OK,--,7:55:46 PM,2/5/2026,
1172,109.3,gf,3.680,mm,OK,--,7:55:46 PM,2/5/2026,
1173,107.7,gf,3.680,mm,OK,--,7:55:46 PM,2/5/2026,
1174,106.4,gf,3.680,mm,OK,--,7:55:46 PM,2/5/2026,
1175,105.5,gf,3.680,mm,OK,--,7:55:46 PM,2/5/2026,
1176,104.8,gf,3.675,mm,OK,--,7:55:46 PM,2/5/2026,
1177,104.3,gf,3.675,mm,OK,--,7:55:46 PM,2/5/2026,
1178,103.9,gf,3.675,mm,OK,--,7:55:47 PM,2/5/2026,
1179,103.7,gf,3.675,mm,OK,--,7:55:47 PM,2/5/2026,
1180,103.1,gf,3.675,mm,OK,--,7:55:47 PM,2/5/2026,
1181,102.3,gf,3.675,mm,OK,--,7:55:47 PM,2/5/2026,
1182,101.5,gf,3.675,mm,OK,--,7:55:47 PM,2/5/2026,
1183,100.7,gf,3.675,mm,OK,--,7:55:47 PM,2/5/2026,
1184,99.9,gf,3.670,mm,OK,--,7:55:47 PM,2/5/2026,
1185,99.1,gf,3.670,mm,OK,--,7:55:47 PM,2/5/2026,
1186,98.2,gf,3.670,mm,OK,--,7:55:47 PM,2/5/2026,
1187,97.6,gf,3.670,mm,OK,--,7:55:47 PM,2/5/2026,
1188,97.0,gf,3.670,mm,OK,--,7:55:48 PM,2/5/2026,
1189,96.6,gf,3.670,mm,OK,--,7:55:48 PM,2/5/2026,
1190,96.2,gf,3.670,mm,OK,--,7:55:48 PM,2/5/2026,
1191,95.4,gf,3.670,mm,OK,--,7:55:48 PM,2/5/2026,
1192,94.3,gf,3.665,mm,OK,--,7:55:48 PM,2/5/2026,
1193,93.3,gf,3.665,mm,OK,--,7:55:48 PM,2/5/2026,
1194,92.3,gf,3.665,mm,OK,--,7:55:48 PM,2/5/2026,
1195,91.4,gf,3.665,mm,OK,--,7:55:48 PM,2/5/2026,
1196,90.6,gf,3.665,mm,OK,--,7:55:48 PM,2/5/2026,
1197,89.7,gf,3.660,mm,OK,--,7:55:48 PM,2/5/2026,
1198,88.7,gf,3.660,mm,OK,--,7:55:49 PM,2/5/2026,
1199,87.6,gf,3.660,mm,OK,--,7:55:49 PM,2/5/2026,
1200,86.5,gf,3.660,mm,OK,--,7:55:49 PM,2/5/2026,
1201,85.4,gf,3.660,mm,OK,--,7:55:49 PM,2/5/2026,
1202,84.3,gf,3.655,mm,OK,--,7:55:49 PM,2/5/2026,
1203,83.3,gf,3.655,mm,OK,--,7:55:49 PM,2/5/2026,
1204,82.2,gf,3.655,mm,OK,--,7:55:49 PM,2/5/2026,
1205,81.1,gf,3.655,mm,OK,--,7:55:49 PM,2/5/2026,
1206,80.2,gf,3.655,mm,OK,--,7:55:49 PM,2/5/2026,
1207,79.3,gf,3.650,mm,OK,--,7:55:49 PM,2/5/2026,
1208,78.0,gf,3.650,mm,OK,--,7:55:50 PM,2/5/2026,
1209,76.7,gf,3.650,mm,OK,--,7:55:50 PM,2/5/2026,
1210,75.3,gf,3.650,mm,OK,--,7:55:50 PM,2/5/2026,
1211,74.1,gf,3.645,mm,OK,--,7:55:50 PM,2/5/2026,
1212,73.0,gf,3.645,mm,OK,--,7:55:50 PM,2/5/2026,
1213,72.2,gf,3.645,mm,OK,--,7:55:50 PM,2/5/2026,
1214,71.5,gf,3.645,mm,OK,--,7:55:50 PM,2/5/2026,
1215,70.8,gf,3.645,mm,OK,--,7:55:50 PM,2/5/2026,
1216,70.1,gf,3.640,mm,OK,--,7:55:50 PM,2/5/2026,
1217,68.9,gf,3.640,mm,OK,--,7:55:50 PM,2/5/2026,
1218,67.3,gf,3.640,mm,OK,--,7:55:51 PM,2/5/2026,
1219,65.7,gf,3.640,mm,OK,--,7:55:51 PM,2/5/2026,
1220,63.9,gf,3.635,mm,OK,--,7:55:51 PM,2/5/2026,
1221,62.2,gf,3.635,mm,OK,--,7:55:51 PM,2/5/2026,
1222,60.5,gf,3.630,mm,OK,--,7:55:51 PM,2/5/2026,
1223,58.9,gf,3.630,mm,OK,--,7:55:51 PM,2/5/2026,
1224,56.9,gf,3.630,mm,OK,--,7:55:51 PM,2/5/2026,
1225,54.4,gf,3.625,mm,OK,--,7:55:51 PM,2/5/2026,
1226,51.7,gf,3.620,mm,OK,--,7:55:51 PM,2/5/2026,
1227,48.9,gf,3.620,mm,OK,--,7:55:51 PM,2/5/2026,
1228,46.2,gf,3.615,mm,OK,--,7:55:52 PM,2/5/2026,
1229,44.6,gf,3.615,mm,OK,--,7:55:52 PM,2/5/2026,
1230,43.8,gf,3.610,mm,OK,--,7:55:52 PM,2/5/2026,
1231,43.9,gf,3.610,mm,OK,--,7:55:52 PM,2/5/2026,
1232,44.0,gf,3.610,mm,OK,--,7:55:52 PM,2/5/2026,
1233,44.1,gf,3.605,mm,OK,--,7:55:52 PM,2/5/2026,
1234,44.1,gf,3.605,mm,OK,--,7:55:52 PM,2/5/2026,
1235,44.1,gf,3.605,mm,OK,--,7:55:52 PM,2/5/2026,
1236,44.1,gf,3.605,mm,OK,--,7:55:52 PM,2/5/2026,
1237,44.2,gf,3.600,mm,OK,--,7:55:52 PM,2/5/2026,
1238,44.2,gf,3.600,mm,OK,--,7:55:53 PM,2/5/2026,
1239,44.2,gf,3.595,mm,OK,--,7:55:53 PM,2/5/2026,
1240,44.2,gf,3.595,mm,OK,--,7:55:53 PM,2/5/2026,
1241,44.1,gf,3.590,mm,OK,--,7:55:53 PM,2/5/2026,
1242,44.1,gf,3.585,mm,OK,--,7:55:53 PM,2/5/2026,
1243,44.2,gf,3.580,mm,OK,--,7:55:53 PM,2/5/2026,
1244,44.2,gf,3.580,mm,OK,--,7:55:53 PM,2/5/2026,
1245,44.2,gf,3.575,mm,OK,--,7:55:53 PM,2/5/2026,
1246,44.2,gf,3.570,mm,OK,--,7:55:53 PM,2/5/2026,
1247,44.2,gf,3.565,mm,OK,--,7:55:53 PM,2/5/2026,
1248,44.2,gf,3.565,mm,OK,--,7:55:54 PM,2/5/2026,
1249,44.2,gf,3.560,mm,OK,--,7:55:54 PM,2/5/2026,
1250,44.2,gf,3.555,mm,OK,--,7:55:54 PM,2/5/2026,
1251,44.2,gf,3.550,mm,OK,--,7:55:54 PM,2/5/2026,
1252,44.1,gf,3.545,mm,OK,--,7:55:54 PM,2/5/2026,
1253,44.1,gf,3.540,mm,OK,--,7:55:54 PM,2/5/2026,
1254,44.1,gf,3.540,mm,OK,--,7:55:54 PM,2/5/2026,
1255,44.1,gf,3.535,mm,OK,--,7:55:54 PM,2/5/2026,
1256,44.1,gf,3.530,mm,OK,--,7:55:54 PM,2/5/2026,
1257,44.1,gf,3.525,mm,OK,--,7:55:54 PM,2/5/2026,
1258,44.0,gf,3.525,mm,OK,--,7:55:55 PM,2/5/2026,
1259,44.1,gf,3.510,mm,OK,--,7:55:55 PM,2/5/2026,
1260,44.1,gf,3.495,mm,OK,--,7:55:55 PM,2/5/2026,
1261,44.0,gf,3.485,mm,OK,--,7:55:55 PM,2/5/2026,
1262,43.9,gf,3.485,mm,OK,--,7:55:55 PM,2/5/2026,
1263,43.9,gf,3.480,mm,OK,--,7:55:55 PM,2/5/2026,
1264,43.9,gf,3.475,mm,OK,--,7:55:55 PM,2/5/2026,
1265,43.9,gf,3.470,mm,OK,--,7:55:55 PM,2/5/2026,
1266,43.9,gf,3.465,mm,OK,--,7:55:55 PM,2/5/2026,
1267,43.9,gf,3.460,mm,OK,--,7:55:55 PM,2/5/2026,
1268,43.8,gf,3.455,mm,OK,--,7:55:56 PM,2/5/2026,
1269,43.8,gf,3.450,mm,OK,--,7:55:56 PM,2/5/2026,
1270,43.8,gf,3.445,mm,OK,--,7:55:56 PM,2/5/2026,
1271,43.8,gf,3.440,mm,OK,--,7:55:56 PM,2/5/2026,
1272,43.8,gf,3.435,mm,OK,--,7:55:56 PM,2/5/2026,
1273,43.8,gf,3.425,mm,OK,--,7:55:56 PM,2/5/2026,
1274,43.9,gf,3.415,mm,OK,--,7:55:56 PM,2/5/2026,
1275,43.9,gf,3.405,mm,OK,--,7:55:56 PM,2/5/2026,
1276,44.0,gf,3.395,mm,OK,--,7:55:56 PM,2/5/2026,
1277,43.9,gf,3.385,mm,OK,--,7:55:56 PM,2/5/2026,
1278,43.8,gf,3.380,mm,OK,--,7:55:57 PM,2/5/2026,
1279,43.7,gf,3.375,mm,OK,--,7:55:57 PM,2/5/2026,
1280,43.5,gf,3.365,mm,OK,--,7:55:57 PM,2/5/2026,
1281,43.5,gf,3.360,mm,OK,--,7:55:57 PM,2/5/2026,
1282,43.5,gf,3.355,mm,OK,--,7:55:57 PM,2/5/2026,
1283,43.5,gf,3.355,mm,OK,--,7:55:57 PM,2/5/2026,
1284,43.4,gf,3.350,mm,OK,--,7:55:57 PM,2/5/2026,
1285,43.4,gf,3.345,mm,OK,--,7:55:57 PM,2/5/2026,
1286,43.4,gf,3.345,mm,OK,--,7:55:57 PM,2/5/2026,
1287,43.4,gf,3.345,mm,OK,--,7:55:57 PM,2/5/2026,
1288,43.4,gf,3.340,mm,OK,--,7:55:58 PM,2/5/2026,
1289,43.4,gf,3.340,mm,OK,--,7:55:58 PM,2/5/2026,
1290,43.4,gf,3.335,mm,OK,--,7:55:58 PM,2/5/2026,
1291,43.4,gf,3.335,mm,OK,--,7:55:58 PM,2/5/2026,
1292,43.4,gf,3.330,mm,OK,--,7:55:58 PM,2/5/2026,
1293,43.4,gf,3.325,mm,OK,--,7:55:58 PM,2/5/2026,
1294,43.4,gf,3.320,mm,OK,--,7:55:58 PM,2/5/2026,
1295,43.4,gf,3.320,mm,OK,--,7:55:58 PM,2/5/2026,
1296,43.4,gf,3.315,mm,OK,--,7:55:58 PM,2/5/2026,
1297,43.4,gf,3.310,mm,OK,--,7:55:58 PM,2/5/2026,
1298,43.4,gf,3.310,mm,OK,--,7:55:59 PM,2/5/2026,
1299,43.3,gf,3.305,mm,OK,--,7:55:59 PM,2/5/2026,
1300,43.3,gf,3.295,mm,OK,--,7:55:59 PM,2/5/2026,
1301,43.3,gf,3.290,mm,OK,--,7:55:59 PM,2/5/2026,
1302,43.3,gf,3.285,mm,OK,--,7:55:59 PM,2/5/2026,
1303,43.3,gf,3.280,mm,OK,--,7:55:59 PM,2/5/2026,
1304,43.3,gf,3.275,mm,OK,--,7:55:59 PM,2/5/2026,
1305,43.3,gf,3.270,mm,OK,--,7:55:59 PM,2/5/2026,
1306,43.2,gf,3.270,mm,OK,--,7:55:59 PM,2/5/2026,
1307,43.2,gf,3.265,mm,OK,--,7:55:59 PM,2/5/2026,
1308,43.2,gf,3.260,mm,OK,--,7:56:00 PM,2/5/2026,
1309,43.2,gf,3.260,mm,OK,--,7:56:00 PM,2/5/2026,
1310,43.2,gf,3.255,mm,OK,--,7:56:00 PM,2/5/2026,
1311,43.2,gf,3.255,mm,OK,--,7:56:00 PM,2/5/2026,
1312,43.2,gf,3.250,mm,OK,--,7:56:00 PM,2/5/2026,
1313,43.1,gf,3.250,mm,OK,--,7:56:00 PM,2/5/2026,
1314,43.1,gf,3.245,mm,OK,--,7:56:00 PM,2/5/2026,
1315,43.1,gf,3.245,mm,OK,--,7:56:00 PM,2/5/2026,
1316,43.2,gf,3.240,mm,OK,--,7:56:00 PM,2/5/2026,
1317,43.2,gf,3.235,mm,OK,--,7:56:00 PM,2/5/2026,
1318,43.2,gf,3.230,mm,OK,--,7:56:01 PM,2/5/2026,
1319,43.2,gf,3.225,mm,OK,--,7:56:01 PM,2/5/2026,
1320,43.2,gf,3.225,mm,OK,--,7:56:01 PM,2/5/2026,
1321,43.2,gf,3.220,mm,OK,--,7:56:01 PM,2/5/2026,
1322,43.2,gf,3.215,mm,OK,--,7:56:01 PM,2/5/2026,
1323,43.2,gf,3.215,mm,OK,--,7:56:01 PM,2/5/2026,
1324,43.2,gf,3.210,mm,OK,--,7:56:01 PM,2/5/2026,
1325,43.2,gf,3.210,mm,OK,--,7:56:01 PM,2/5/2026,
1326,43.2,gf,3.205,mm,OK,--,7:56:01 PM,2/5/2026,
1327,43.2,gf,3.200,mm,OK,--,7:56:01 PM,2/5/2026,
1328,43.2,gf,3.200,mm,OK,--,7:56:02 PM,2/5/2026,
1329,43.2,gf,3.200,mm,OK,--,7:56:02 PM,2/5/2026,
1330,43.2,gf,3.195,mm,OK,--,7:56:02 PM,2/5/2026,
1331,43.2,gf,3.195,mm,OK,--,7:56:02 PM,2/5/2026,
1332,43.2,gf,3.195,mm,OK,--,7:56:02 PM,2/5/2026,
1333,43.2,gf,3.190,mm,OK,--,7:56:02 PM,2/5/2026,
1334,43.1,gf,3.185,mm,OK,--,7:56:02 PM,2/5/2026,
1335,43.1,gf,3.185,mm,OK,--,7:56:02 PM,2/5/2026,
1336,43.1,gf,3.185,mm,OK,--,7:56:02 PM,2/5/2026,
1337,43.1,gf,3.180,mm,OK,--,7:56:02 PM,2/5/2026,
1338,43.1,gf,3.180,mm,OK,--,7:56:03 PM,2/5/2026,
1339,43.1,gf,3.180,mm,OK,--,7:56:03 PM,2/5/2026,
1340,43.0,gf,3.175,mm,OK,--,7:56:03 PM,2/5/2026,
1341,43.0,gf,3.175,mm,OK,--,7:56:03 PM,2/5/2026,
1342,43.0,gf,3.170,mm,OK,--,7:56:03 PM,2/5/2026,
1343,43.0,gf,3.170,mm,OK,--,7:56:03 PM,2/5/2026,
1344,42.9,gf,3.165,mm,OK,--,7:56:03 PM,2/5/2026,
1345,42.9,gf,3.160,mm,OK,--,7:56:03 PM,2/5/2026,
1346,42.9,gf,3.155,mm,OK,--,7:56:03 PM,2/5/2026,
1347,42.9,gf,3.150,mm,OK,--,7:56:03 PM,2/5/2026,
1348,42.9,gf,3.150,mm,OK,--,7:56:04 PM,2/5/2026,
1349,42.9,gf,3.145,mm,OK,--,7:56:04 PM,2/5/2026,
1350,42.9,gf,3.140,mm,OK,--,7:56:04 PM,2/5/2026,
1351,42.8,gf,3.135,mm,OK,--,7:56:04 PM,2/5/2026,
1352,42.8,gf,3.130,mm,OK,--,7:56:04 PM,2/5/2026,
1353,42.8,gf,3.125,mm,OK,--,7:56:04 PM,2/5/2026,
1354,42.8,gf,3.120,mm,OK,--,7:56:04 PM,2/5/2026,
1355,42.8,gf,3.115,mm,OK,--,7:56:04 PM,2/5/2026,
1356,42.7,gf,3.110,mm,OK,--,7:56:04 PM,2/5/2026,
1357,42.7,gf,3.110,mm,OK,--,7:56:04 PM,2/5/2026,
1358,42.6,gf,3.105,mm,OK,--,7:56:05 PM,2/5/2026,
1359,42.6,gf,3.100,mm,OK,--,7:56:05 PM,2/5/2026,
1360,42.6,gf,3.100,mm,OK,--,7:56:05 PM,2/5/2026,
1361,42.6,gf,3.095,mm,OK,--,7:56:05 PM,2/5/2026,
1362,42.7,gf,3.095,mm,OK,--,7:56:05 PM,2/5/2026,
1363,42.7,gf,3.090,mm,OK,--,7:56:05 PM,2/5/2026,
1364,42.7,gf,3.090,mm,OK,--,7:56:05 PM,2/5/2026,
1365,42.6,gf,3.090,mm,OK,--,7:56:05 PM,2/5/2026,
1366,42.7,gf,3.085,mm,OK,--,7:56:05 PM,2/5/2026,
1367,42.7,gf,3.085,mm,OK,--,7:56:05 PM,2/5/2026,
1368,42.7,gf,3.080,mm,OK,--,7:56:06 PM,2/5/2026,
1369,42.7,gf,3.080,mm,OK,--,7:56:06 PM,2/5/2026,
1370,42.7,gf,3.075,mm,OK,--,7:56:06 PM,2/5/2026,
1371,42.6,gf,3.075,mm,OK,--,7:56:06 PM,2/5/2026,
1372,42.6,gf,3.070,mm,OK,--,7:56:06 PM,2/5/2026,
1373,42.6,gf,3.065,mm,OK,--,7:56:06 PM,2/5/2026,
1374,42.6,gf,3.060,mm,OK,--,7:56:06 PM,2/5/2026,
1375,42.6,gf,3.060,mm,OK,--,7:56:06 PM,2/5/2026,
1376,42.6,gf,3.055,mm,OK,--,7:56:06 PM,2/5/2026,
1377,42.6,gf,3.055,mm,OK,--,7:56:06 PM,2/5/2026,
1378,42.4,gf,3.050,mm,OK,--,7:56:07 PM,2/5/2026,
1379,42.5,gf,3.040,mm,OK,--,7:56:07 PM,2/5/2026,
1380,42.5,gf,3.035,mm,OK,--,7:56:07 PM,2/5/2026,
1381,42.5,gf,3.030,mm,OK,--,7:56:07 PM,2/5/2026,
1382,42.5,gf,3.030,mm,OK,--,7:56:07 PM,2/5/2026,
1383,42.4,gf,3.025,mm,OK,--,7:56:07 PM,2/5/2026,
1384,42.4,gf,3.025,mm,OK,--,7:56:07 PM,2/5/2026,
1385,42.3,gf,3.020,mm,OK,--,7:56:07 PM,2/5/2026,
1386,42.3,gf,3.015,mm,OK,--,7:56:07 PM,2/5/2026,
1387,42.2,gf,3.015,mm,OK,--,7:56:07 PM,2/5/2026,
1388,42.1,gf,3.010,mm,OK,--,7:56:08 PM,2/5/2026,
1389,42.1,gf,3.005,mm,OK,--,7:56:08 PM,2/5/2026,
1390,42.1,gf,3.005,mm,OK,--,7:56:08 PM,2/5/2026,
1391,42.1,gf,3.000,mm,OK,--,7:56:08 PM,2/5/2026,
1392,42.2,gf,2.995,mm,OK,--,7:56:08 PM,2/5/2026,
1393,42.3,gf,2.990,mm,OK,--,7:56:08 PM,2/5/2026,
1394,42.3,gf,2.990,mm,OK,--,7:56:08 PM,2/5/2026,
1395,42.4,gf,2.985,mm,OK,--,7:56:08 PM,2/5/2026,
1396,42.5,gf,2.985,mm,OK,--,7:56:08 PM,2/5/2026,
1397,42.4,gf,2.980,mm,OK,--,7:56:08 PM,2/5/2026,
1398,42.5,gf,2.975,mm,OK,--,7:56:09 PM,2/5/2026,
1399,42.6,gf,2.975,mm,OK,--,7:56:09 PM,2/5/2026,
1400,42.6,gf,2.970,mm,OK,--,7:56:09 PM,2/5/2026,
1401,42.6,gf,2.970,mm,OK,--,7:56:09 PM,2/5/2026,
1402,42.5,gf,2.965,mm,OK,--,7:56:09 PM,2/5/2026,
1403,42.5,gf,2.965,mm,OK,--,7:56:09 PM,2/5/2026,
1404,42.4,gf,2.965,mm,OK,--,7:56:09 PM,2/5/2026,
1405,42.4,gf,2.960,mm,OK,--,7:56:09 PM,2/5/2026,
1406,42.4,gf,2.960,mm,OK,--,7:56:09 PM,2/5/2026,
1407,42.4,gf,2.960,mm,OK,--,7:56:09 PM,2/5/2026,
1408,42.3,gf,2.955,mm,OK,--,7:56:10 PM,2/5/2026,
1409,42.3,gf,2.955,mm,OK,--,7:56:10 PM,2/5/2026,
1410,42.3,gf,2.950,mm,OK,--,7:56:10 PM,2/5/2026,
1411,42.3,gf,2.950,mm,OK,--,7:56:10 PM,2/5/2026,
1412,42.3,gf,2.950,mm,OK,--,7:56:10 PM,2/5/2026,
1413,42.2,gf,2.945,mm,OK,--,7:56:10 PM,2/5/2026,
1414,42.2,gf,2.940,mm,OK,--,7:56:10 PM,2/5/2026,
1415,42.1,gf,2.940,mm,OK,--,7:56:10 PM,2/5/2026,
1416,42.2,gf,2.935,mm,OK,--,7:56:10 PM,2/5/2026,
1417,42.1,gf,2.930,mm,OK,--,7:56:10 PM,2/5/2026,
1418,42.1,gf,2.925,mm,OK,--,7:56:11 PM,2/5/2026,
1419,42.1,gf,2.925,mm,OK,--,7:56:11 PM,2/5/2026,
1420,42.1,gf,2.920,mm,OK,--,7:56:11 PM,2/5/2026,
1421,42.1,gf,2.915,mm,OK,--,7:56:11 PM,2/5/2026,
1422,42.1,gf,2.910,mm,OK,--,7:56:11 PM,2/5/2026,
1423,42.1,gf,2.910,mm,OK,--,7:56:11 PM,2/5/2026,
1424,42.2,gf,2.905,mm,OK,--,7:56:11 PM,2/5/2026,
1425,42.2,gf,2.905,mm,OK,--,7:56:11 PM,2/5/2026,
1426,42.1,gf,2.900,mm,OK,--,7:56:11 PM,2/5/2026,
1427,42.1,gf,2.895,mm,OK,--,7:56:11 PM,2/5/2026,
1428,42.1,gf,2.895,mm,OK,--,7:56:12 PM,2/5/2026,
1429,42.1,gf,2.890,mm,OK,--,7:56:12 PM,2/5/2026,
1430,42.1,gf,2.890,mm,OK,--,7:56:12 PM,2/5/2026,
1431,42.1,gf,2.885,mm,OK,--,7:56:12 PM,2/5/2026,
1432,42.1,gf,2.885,mm,OK,--,7:56:12 PM,2/5/2026,
1433,42.1,gf,2.880,mm,OK,--,7:56:12 PM,2/5/2026,
1434,42.1,gf,2.880,mm,OK,--,7:56:12 PM,2/5/2026,
1435,42.1,gf,2.875,mm,OK,--,7:56:12 PM,2/5/2026,
1436,42.1,gf,2.875,mm,OK,--,7:56:12 PM,2/5/2026,
1437,42.1,gf,2.870,mm,OK,--,7:56:12 PM,2/5/2026,
1438,42.0,gf,2.865,mm,OK,--,7:56:13 PM,2/5/2026,
1439,42.0,gf,2.860,mm,OK,--,7:56:13 PM,2/5/2026,
1440,42.0,gf,2.860,mm,OK,--,7:56:13 PM,2/5/2026,
1441,42.0,gf,2.855,mm,OK,--,7:56:13 PM,2/5/2026,
1442,42.0,gf,2.850,mm,OK,--,7:56:13 PM,2/5/2026,
1443,42.0,gf,2.850,mm,OK,--,7:56:13 PM,2/5/2026,
1444,42.0,gf,2.845,mm,OK,--,7:56:13 PM,2/5/2026,
1445,41.9,gf,2.845,mm,OK,--,7:56:13 PM,2/5/2026,
1446,41.9,gf,2.840,mm,OK,--,7:56:13 PM,2/5/2026,
1447,41.9,gf,2.835,mm,OK,--,7:56:13 PM,2/5/2026,
1448,41.9,gf,2.830,mm,OK,--,7:56:14 PM,2/5/2026,
1449,41.9,gf,2.830,mm,OK,--,7:56:14 PM,2/5/2026,
1450,41.9,gf,2.825,mm,OK,--,7:56:14 PM,2/5/2026,
1451,41.9,gf,2.820,mm,OK,--,7:56:14 PM,2/5/2026,
1452,41.8,gf,2.820,mm,OK,--,7:56:14 PM,2/5/2026,
1453,41.8,gf,2.815,mm,OK,--,7:56:14 PM,2/5/2026,
1454,41.8,gf,2.810,mm,OK,--,7:56:14 PM,2/5/2026,
1455,41.8,gf,2.810,mm,OK,--,7:56:14 PM,2/5/2026,
1456,41.8,gf,2.805,mm,OK,--,7:56:14 PM,2/5/2026,
1457,41.7,gf,2.800,mm,OK,--,7:56:14 PM,2/5/2026,
1458,41.7,gf,2.795,mm,OK,--,7:56:15 PM,2/5/2026,
1459,41.7,gf,2.790,mm,OK,--,7:56:15 PM,2/5/2026,
1460,41.7,gf,2.785,mm,OK,--,7:56:15 PM,2/5/2026,
1461,41.7,gf,2.785,mm,OK,--,7:56:15 PM,2/5/2026,
1462,41.7,gf,2.780,mm,OK,--,7:56:15 PM,2/5/2026,
1463,41.7,gf,2.775,mm,OK,--,7:56:15 PM,2/5/2026,
1464,41.7,gf,2.770,mm,OK,--,7:56:15 PM,2/5/2026,
1465,41.8,gf,2.765,mm,OK,--,7:56:15 PM,2/5/2026,
1466,41.8,gf,2.760,mm,OK,--,7:56:15 PM,2/5/2026,
1467,41.6,gf,2.755,mm,OK,--,7:56:15 PM,2/5/2026,
1468,41.6,gf,2.750,mm,OK,--,7:56:16 PM,2/5/2026,
1469,41.6,gf,2.745,mm,OK,--,7:56:16 PM,2/5/2026,
1470,41.6,gf,2.740,mm,OK,--,7:56:16 PM,2/5/2026,
1471,41.5,gf,2.735,mm,OK,--,7:56:16 PM,2/5/2026,
1472,41.6,gf,2.730,mm,OK,--,7:56:16 PM,2/5/2026,
1473,41.7,gf,2.720,mm,OK,--,7:56:16 PM,2/5/2026,
1474,41.7,gf,2.715,mm,OK,--,7:56:16 PM,2/5/2026,
1475,41.8,gf,2.710,mm,OK,--,7:56:16 PM,2/5/2026,
1476,41.8,gf,2.710,mm,OK,--,7:56:16 PM,2/5/2026,
1477,41.8,gf,2.705,mm,OK,--,7:56:16 PM,2/5/2026,
1478,41.8,gf,2.700,mm,OK,--,7:56:17 PM,2/5/2026,
1479,41.7,gf,2.700,mm,OK,--,7:56:17 PM,2/5/2026,
1480,41.6,gf,2.695,mm,OK,--,7:56:17 PM,2/5/2026,
1481,41.6,gf,2.695,mm,OK,--,7:56:17 PM,2/5/2026,
1482,41.6,gf,2.690,mm,OK,--,7:56:17 PM,2/5/2026,
1483,41.6,gf,2.690,mm,OK,--,7:56:17 PM,2/5/2026,
1484,41.6,gf,2.685,mm,OK,--,7:56:17 PM,2/5/2026,
1485,41.6,gf,2.685,mm,OK,--,7:56:17 PM,2/5/2026,
1486,41.6,gf,2.685,mm,OK,--,7:56:17 PM,2/5/2026,
1487,41.6,gf,2.685,mm,OK,--,7:56:17 PM,2/5/2026,
1488,41.5,gf,2.685,mm,OK,--,7:56:18 PM,2/5/2026,
1489,41.5,gf,2.680,mm,OK,--,7:56:18 PM,2/5/2026,
1490,41.5,gf,2.680,mm,OK,--,7:56:18 PM,2/5/2026,
1491,41.4,gf,2.680,mm,OK,--,7:56:18 PM,2/5/2026,
1492,41.4,gf,2.680,mm,OK,--,7:56:18 PM,2/5/2026,
1493,41.4,gf,2.680,mm,OK,--,7:56:18 PM,2/5/2026,
1494,41.4,gf,2.675,mm,OK,--,7:56:18 PM,2/5/2026,
1495,41.2,gf,2.675,mm,OK,--,7:56:18 PM,2/5/2026,
1496,41.3,gf,2.675,mm,OK,--,7:56:18 PM,2/5/2026,
1497,41.2,gf,2.670,mm,OK,--,7:56:18 PM,2/5/2026,
1498,41.3,gf,2.670,mm,OK,--,7:56:19 PM,2/5/2026,
1499,41.2,gf,2.665,mm,OK,--,7:56:19 PM,2/5/2026,
1500,41.2,gf,2.665,mm,OK,--,7:56:19 PM,2/5/2026,
1501,41.2,gf,2.660,mm,OK,--,7:56:19 PM,2/5/2026,
1502,41.1,gf,2.660,mm,OK,--,7:56:19 PM,2/5/2026,
1503,41.1,gf,2.655,mm,OK,--,7:56:19 PM,2/5/2026,
1504,41.1,gf,2.650,mm,OK,--,7:56:19 PM,2/5/2026,
1505,41.0,gf,2.650,mm,OK,--,7:56:19 PM,2/5/2026,
1506,41.0,gf,2.645,mm,OK,--,7:56:19 PM,2/5/2026,
1507,40.9,gf,2.645,mm,OK,--,7:56:19 PM,2/5/2026,
1508,40.9,gf,2.640,mm,OK,--,7:56:20 PM,2/5/2026,
1509,40.9,gf,2.635,mm,OK,--,7:56:20 PM,2/5/2026,
1510,40.9,gf,2.635,mm,OK,--,7:56:20 PM,2/5/2026,
1511,40.9,gf,2.635,mm,OK,--,7:56:20 PM,2/5/2026,
1512,40.9,gf,2.630,mm,OK,--,7:56:20 PM,2/5/2026,
1513,41.0,gf,2.630,mm,OK,--,7:56:20 PM,2/5/2026,
1514,41.0,gf,2.625,mm,OK,--,7:56:20 PM,2/5/2026,
1515,41.1,gf,2.625,mm,OK,--,7:56:20 PM,2/5/2026,
1516,41.1,gf,2.620,mm,OK,--,7:56:20 PM,2/5/2026,
1517,41.2,gf,2.620,mm,OK,--,7:56:20 PM,2/5/2026,
1518,41.3,gf,2.615,mm,OK,--,7:56:21 PM,2/5/2026,
1519,41.4,gf,2.615,mm,OK,--,7:56:21 PM,2/5/2026,
1520,41.5,gf,2.615,mm,OK,--,7:56:21 PM,2/5/2026,
1521,41.5,gf,2.610,mm,OK,--,7:56:21 PM,2/5/2026,
1522,41.6,gf,2.610,mm,OK,--,7:56:21 PM,2/5/2026,
1523,41.6,gf,2.605,mm,OK,--,7:56:21 PM,2/5/2026,
1524,41.5,gf,2.605,mm,OK,--,7:56:21 PM,2/5/2026,
1525,41.4,gf,2.600,mm,OK,--,7:56:21 PM,2/5/2026,
1526,41.1,gf,2.595,mm,OK,--,7:56:21 PM,2/5/2026,
1527,41.1,gf,2.585,mm,OK,--,7:56:21 PM,2/5/2026,
1528,41.0,gf,2.580,mm,OK,--,7:56:22 PM,2/5/2026,
1529,41.0,gf,2.570,mm,OK,--,7:56:22 PM,2/5/2026,
1530,41.0,gf,2.565,mm,OK,--,7:56:22 PM,2/5/2026,
1531,40.9,gf,2.555,mm,OK,--,7:56:22 PM,2/5/2026,
1532,40.7,gf,2.550,mm,OK,--,7:56:22 PM,2/5/2026,
1533,40.9,gf,2.540,mm,OK,--,7:56:22 PM,2/5/2026,
1534,41.2,gf,2.535,mm,OK,--,7:56:22 PM,2/5/2026,
1535,41.2,gf,2.530,mm,OK,--,7:56:22 PM,2/5/2026,
1536,41.2,gf,2.525,mm,OK,--,7:56:22 PM,2/5/2026,
1537,41.2,gf,2.520,mm,OK,--,7:56:22 PM,2/5/2026,
1538,41.2,gf,2.515,mm,OK,--,7:56:23 PM,2/5/2026,
1539,41.0,gf,2.515,mm,OK,--,7:56:23 PM,2/5/2026,
1540,41.0,gf,2.510,mm,OK,--,7:56:23 PM,2/5/2026,
1541,41.0,gf,2.505,mm,OK,--,7:56:23 PM,2/5/2026,
1542,41.1,gf,2.500,mm,OK,--,7:56:23 PM,2/5/2026,
1543,40.9,gf,2.495,mm,OK,--,7:56:23 PM,2/5/2026,
1544,40.9,gf,2.490,mm,OK,--,7:56:23 PM,2/5/2026,
1545,40.9,gf,2.475,mm,OK,--,7:56:23 PM,2/5/2026,
1546,40.8,gf,2.465,mm,OK,--,7:56:23 PM,2/5/2026,
1547,40.8,gf,2.455,mm,OK,--,7:56:23 PM,2/5/2026,
1548,40.7,gf,2.440,mm,OK,--,7:56:24 PM,2/5/2026,
1549,40.8,gf,2.425,mm,OK,--,7:56:24 PM,2/5/2026,
1550,40.8,gf,2.410,mm,OK,--,7:56:24 PM,2/5/2026,
1551,40.7,gf,2.405,mm,OK,--,7:56:24 PM,2/5/2026,
1552,40.7,gf,2.395,mm,OK,--,7:56:24 PM,2/5/2026,
1553,40.6,gf,2.390,mm,OK,--,7:56:24 PM,2/5/2026,
1554,40.6,gf,2.380,mm,OK,--,7:56:24 PM,2/5/2026,
1555,40.5,gf,2.365,mm,OK,--,7:56:24 PM,2/5/2026,
1556,40.4,gf,2.350,mm,OK,--,7:56:24 PM,2/5/2026,
1557,40.0,gf,2.340,mm,OK,--,7:56:24 PM,2/5/2026,
1558,39.6,gf,2.325,mm,OK,--,7:56:25 PM,2/5/2026,
1559,39.2,gf,2.315,mm,OK,--,7:56:25 PM,2/5/2026,
1560,38.9,gf,2.310,mm,OK,--,7:56:25 PM,2/5/2026,
1561,38.5,gf,2.305,mm,OK,--,7:56:25 PM,2/5/2026,
1562,38.3,gf,2.300,mm,OK,--,7:56:25 PM,2/5/2026,
1563,38.1,gf,2.295,mm,OK,--,7:56:25 PM,2/5/2026,
1564,38.0,gf,2.290,mm,OK,--,7:56:25 PM,2/5/2026,
1565,38.1,gf,2.285,mm,OK,--,7:56:25 PM,2/5/2026,
1566,38.0,gf,2.280,mm,OK,--,7:56:25 PM,2/5/2026,
1567,37.8,gf,2.275,mm,OK,--,7:56:25 PM,2/5/2026,
1568,37.6,gf,2.270,mm,OK,--,7:56:26 PM,2/5/2026,
1569,37.3,gf,2.265,mm,OK,--,7:56:26 PM,2/5/2026,
1570,37.1,gf,2.260,mm,OK,--,7:56:26 PM,2/5/2026,
1571,37.1,gf,2.255,mm,OK,--,7:56:26 PM,2/5/2026,
1572,37.2,gf,2.255,mm,OK,--,7:56:26 PM,2/5/2026,
1573,36.9,gf,2.250,mm,OK,--,7:56:26 PM,2/5/2026,
1574,36.6,gf,2.250,mm,OK,--,7:56:26 PM,2/5/2026,
1575,36.4,gf,2.245,mm,OK,--,7:56:26 PM,2/5/2026,
1576,36.1,gf,2.240,mm,OK,--,7:56:26 PM,2/5/2026,
1577,35.5,gf,2.235,mm,OK,--,7:56:26 PM,2/5/2026,
1578,35.0,gf,2.225,mm,OK,--,7:56:27 PM,2/5/2026,
1579,34.8,gf,2.210,mm,OK,--,7:56:27 PM,2/5/2026,
1580,35.3,gf,2.195,mm,OK,--,7:56:27 PM,2/5/2026,
1581,34.7,gf,2.180,mm,OK,--,7:56:27 PM,2/5/2026,
1582,34.3,gf,2.170,mm,OK,--,7:56:27 PM,2/5/2026,
1583,34.0,gf,2.165,mm,OK,--,7:56:27 PM,2/5/2026,
1584,33.8,gf,2.160,mm,OK,--,7:56:27 PM,2/5/2026,
1585,33.6,gf,2.155,mm,OK,--,7:56:27 PM,2/5/2026,
1586,33.6,gf,2.150,mm,OK,--,7:56:27 PM,2/5/2026,
1587,33.3,gf,2.145,mm,OK,--,7:56:27 PM,2/5/2026,
1588,33.2,gf,2.140,mm,OK,--,7:56:28 PM,2/5/2026,
1589,32.9,gf,2.135,mm,OK,--,7:56:28 PM,2/5/2026,
1590,32.7,gf,2.125,mm,OK,--,7:56:28 PM,2/5/2026,
1591,32.6,gf,2.120,mm,OK,--,7:56:28 PM,2/5/2026,
1592,32.4,gf,2.115,mm,OK,--,7:56:28 PM,2/5/2026,
1593,32.0,gf,2.105,mm,OK,--,7:56:28 PM,2/5/2026,
1594,32.1,gf,2.095,mm,OK,--,7:56:28 PM,2/5/2026,
1595,32.2,gf,2.085,mm,OK,--,7:56:28 PM,2/5/2026,
1596,32.2,gf,2.075,mm,OK,--,7:56:28 PM,2/5/2026,
1597,32.4,gf,2.070,mm,OK,--,7:56:28 PM,2/5/2026,
1598,32.5,gf,2.060,mm,OK,--,7:56:29 PM,2/5/2026,
1599,32.3,gf,2.055,mm,OK,--,7:56:29 PM,2/5/2026,
1600,32.1,gf,2.045,mm,OK,--,7:56:29 PM,2/5/2026,
1601,31.9,gf,2.040,mm,OK,--,7:56:29 PM,2/5/2026,
1602,31.9,gf,2.035,mm,OK,--,7:56:29 PM,2/5/2026,
1603,32.0,gf,2.025,mm,OK,--,7:56:29 PM,2/5/2026,
1604,31.8,gf,2.015,mm,OK,--,7:56:29 PM,2/5/2026,
1605,31.8,gf,2.005,mm,OK,--,7:56:29 PM,2/5/2026,
1606,31.7,gf,1.995,mm,OK,--,7:56:29 PM,2/5/2026,
1607,31.5,gf,1.985,mm,OK,--,7:56:29 PM,2/5/2026,
1608,31.5,gf,1.980,mm,OK,--,7:56:30 PM,2/5/2026,
1609,31.4,gf,1.975,mm,OK,--,7:56:30 PM,2/5/2026,
1610,31.3,gf,1.970,mm,OK,--,7:56:30 PM,2/5/2026,
1611,31.5,gf,1.965,mm,OK,--,7:56:30 PM,2/5/2026,
1612,31.4,gf,1.960,mm,OK,--,7:56:30 PM,2/5/2026,
1613,31.2,gf,1.950,mm,OK,--,7:56:30 PM,2/5/2026,
1614,31.3,gf,1.945,mm,OK,--,7:56:30 PM,2/5/2026,
1615,31.2,gf,1.935,mm,OK,--,7:56:30 PM,2/5/2026,
1616,31.4,gf,1.925,mm,OK,--,7:56:30 PM,2/5/2026,
1617,31.2,gf,1.920,mm,OK,--,7:56:30 PM,2/5/2026,
1618,31.3,gf,1.910,mm,OK,--,7:56:31 PM,2/5/2026,
1619,31.1,gf,1.905,mm,OK,--,7:56:31 PM,2/5/2026,
1620,30.8,gf,1.900,mm,OK,--,7:56:31 PM,2/5/2026,
1621,30.8,gf,1.895,mm,OK,--,7:56:31 PM,2/5/2026,
1622,30.9,gf,1.885,mm,OK,--,7:56:31 PM,2/5/2026,
1623,30.8,gf,1.880,mm,OK,--,7:56:31 PM,2/5/2026,
1624,30.8,gf,1.875,mm,OK,--,7:56:31 PM,2/5/2026,
1625,30.9,gf,1.870,mm,OK,--,7:56:31 PM,2/5/2026,
1626,30.7,gf,1.860,mm,OK,--,7:56:31 PM,2/5/2026,
1627,30.6,gf,1.850,mm,OK,--,7:56:31 PM,2/5/2026,
1628,30.4,gf,1.840,mm,OK,--,7:56:32 PM,2/5/2026,
1629,30.6,gf,1.830,mm,OK,--,7:56:32 PM,2/5/2026,
1630,30.6,gf,1.820,mm,OK,--,7:56:32 PM,2/5/2026,
1631,30.6,gf,1.815,mm,OK,--,7:56:32 PM,2/5/2026,
1632,30.6,gf,1.805,mm,OK,--,7:56:32 PM,2/5/2026,
1633,30.4,gf,1.800,mm,OK,--,7:56:32 PM,2/5/2026,
1634,30.1,gf,1.790,mm,OK,--,7:56:32 PM,2/5/2026,
1635,30.0,gf,1.780,mm,OK,--,7:56:32 PM,2/5/2026,
1636,29.9,gf,1.770,mm,OK,--,7:56:32 PM,2/5/2026,
1637,29.6,gf,1.760,mm,OK,--,7:56:32 PM,2/5/2026,
1638,29.6,gf,1.750,mm,OK,--,7:56:33 PM,2/5/2026,
1639,29.9,gf,1.740,mm,OK,--,7:56:33 PM,2/5/2026,
1640,29.8,gf,1.730,mm,OK,--,7:56:33 PM,2/5/2026,
1641,29.8,gf,1.725,mm,OK,--,7:56:33 PM,2/5/2026,
1642,29.7,gf,1.710,mm,OK,--,7:56:33 PM,2/5/2026,
1643,29.4,gf,1.700,mm,OK,--,7:56:33 PM,2/5/2026,
1644,29.4,gf,1.690,mm,OK,--,7:56:33 PM,2/5/2026,
1645,29.2,gf,1.680,mm,OK,--,7:56:33 PM,2/5/2026,
1646,29.2,gf,1.670,mm,OK,--,7:56:33 PM,2/5/2026,
1647,29.2,gf,1.665,mm,OK,--,7:56:33 PM,2/5/2026,
1648,28.9,gf,1.655,mm,OK,--,7:56:34 PM,2/5/2026,
1649,28.9,gf,1.645,mm,OK,--,7:56:34 PM,2/5/2026,
1650,28.9,gf,1.640,mm,OK,--,7:56:34 PM,2/5/2026,
1651,28.9,gf,1.635,mm,OK,--,7:56:34 PM,2/5/2026,
1652,28.7,gf,1.625,mm,OK,--,7:56:34 PM,2/5/2026,
1653,28.7,gf,1.620,mm,OK,--,7:56:34 PM,2/5/2026,
1654,29.1,gf,1.610,mm,OK,--,7:56:34 PM,2/5/2026,
1655,29.1,gf,1.600,mm,OK,--,7:56:34 PM,2/5/2026,
1656,29.0,gf,1.590,mm,OK,--,7:56:34 PM,2/5/2026,
1657,29.0,gf,1.585,mm,OK,--,7:56:34 PM,2/5/2026,
1658,28.9,gf,1.580,mm,OK,--,7:56:35 PM,2/5/2026,
1659,28.8,gf,1.575,mm,OK,--,7:56:35 PM,2/5/2026,
1660,28.7,gf,1.565,mm,OK,--,7:56:35 PM,2/5/2026,
1661,28.7,gf,1.565,mm,OK,--,7:56:35 PM,2/5/2026,
1662,28.6,gf,1.555,mm,OK,--,7:56:35 PM,2/5/2026,
1663,28.7,gf,1.550,mm,OK,--,7:56:35 PM,2/5/2026,
1664,28.5,gf,1.545,mm,OK,--,7:56:35 PM,2/5/2026,
1665,28.3,gf,1.540,mm,OK,--,7:56:35 PM,2/5/2026,
1666,28.3,gf,1.535,mm,OK,--,7:56:35 PM,2/5/2026,
1667,28.4,gf,1.530,mm,OK,--,7:56:35 PM,2/5/2026,
1668,28.2,gf,1.520,mm,OK,--,7:56:36 PM,2/5/2026,
1669,28.1,gf,1.510,mm,OK,--,7:56:36 PM,2/5/2026,
1670,28.3,gf,1.500,mm,OK,--,7:56:36 PM,2/5/2026,
1671,28.3,gf,1.490,mm,OK,--,7:56:36 PM,2/5/2026,
1672,28.1,gf,1.480,mm,OK,--,7:56:36 PM,2/5/2026,
1673,28.0,gf,1.465,mm,OK,--,7:56:36 PM,2/5/2026,
1674,27.7,gf,1.445,mm,OK,--,7:56:36 PM,2/5/2026,
1675,27.8,gf,1.435,mm,OK,--,7:56:36 PM,2/5/2026,
1676,27.7,gf,1.425,mm,OK,--,7:56:36 PM,2/5/2026,
1677,27.7,gf,1.415,mm,OK,--,7:56:36 PM,2/5/2026,
1678,27.7,gf,1.405,mm,OK,--,7:56:37 PM,2/5/2026,
1679,27.6,gf,1.400,mm,OK,--,7:56:37 PM,2/5/2026,
1680,27.5,gf,1.395,mm,OK,--,7:56:37 PM,2/5/2026,
1681,27.6,gf,1.390,mm,OK,--,7:56:37 PM,2/5/2026,
1682,27.7,gf,1.390,mm,OK,--,7:56:37 PM,2/5/2026,
1683,27.5,gf,1.385,mm,OK,--,7:56:37 PM,2/5/2026,
1684,27.6,gf,1.380,mm,OK,--,7:56:37 PM,2/5/2026,
1685,27.7,gf,1.380,mm,OK,--,7:56:37 PM,2/5/2026,
1686,28.1,gf,1.380,mm,OK,--,7:56:37 PM,2/5/2026,
1687,28.1,gf,1.375,mm,OK,--,7:56:37 PM,2/5/2026,
1688,27.5,gf,1.375,mm,OK,--,7:56:38 PM,2/5/2026,
1689,27.4,gf,1.370,mm,OK,--,7:56:38 PM,2/5/2026,
1690,27.4,gf,1.370,mm,OK,--,7:56:38 PM,2/5/2026,
1691,27.4,gf,1.365,mm,OK,--,7:56:38 PM,2/5/2026,
1692,27.4,gf,1.365,mm,OK,--,7:56:38 PM,2/5/2026,
1693,27.0,gf,1.360,mm,OK,--,7:56:38 PM,2/5/2026,
1694,27.2,gf,1.355,mm,OK,--,7:56:38 PM,2/5/2026,
1695,27.3,gf,1.355,mm,OK,--,7:56:38 PM,2/5/2026,
1696,26.9,gf,1.350,mm,OK,--,7:56:38 PM,2/5/2026,
1697,27.1,gf,1.335,mm,OK,--,7:56:38 PM,2/5/2026,
1698,27.3,gf,1.330,mm,OK,--,7:56:39 PM,2/5/2026,
1699,27.7,gf,1.325,mm,OK,--,7:56:39 PM,2/5/2026,
1700,27.5,gf,1.325,mm,OK,--,7:56:39 PM,2/5/2026,
1701,27.2,gf,1.320,mm,OK,--,7:56:39 PM,2/5/2026,
1702,26.9,gf,1.315,mm,OK,--,7:56:39 PM,2/5/2026,
1703,26.9,gf,1.310,mm,OK,--,7:56:39 PM,2/5/2026,
1704,26.8,gf,1.300,mm,OK,--,7:56:39 PM,2/5/2026,
1705,26.9,gf,1.295,mm,OK,--,7:56:39 PM,2/5/2026,
1706,26.7,gf,1.290,mm,OK,--,7:56:39 PM,2/5/2026,
1707,26.6,gf,1.280,mm,OK,--,7:56:39 PM,2/5/2026,
1708,26.9,gf,1.275,mm,OK,--,7:56:40 PM,2/5/2026,
1709,26.8,gf,1.270,mm,OK,--,7:56:40 PM,2/5/2026,
1710,27.0,gf,1.265,mm,OK,--,7:56:40 PM,2/5/2026,
1711,26.8,gf,1.265,mm,OK,--,7:56:40 PM,2/5/2026,
1712,26.8,gf,1.260,mm,OK,--,7:56:40 PM,2/5/2026,
1713,26.9,gf,1.255,mm,OK,--,7:56:40 PM,2/5/2026,
1714,26.6,gf,1.255,mm,OK,--,7:56:40 PM,2/5/2026,
1715,26.6,gf,1.245,mm,OK,--,7:56:40 PM,2/5/2026,
1716,26.8,gf,1.240,mm,OK,--,7:56:40 PM,2/5/2026,
1717,27.0,gf,1.240,mm,OK,--,7:56:40 PM,2/5/2026,
1718,26.5,gf,1.235,mm,OK,--,7:56:41 PM,2/5/2026,
1719,26.4,gf,1.230,mm,OK,--,7:56:41 PM,2/5/2026,
1720,26.2,gf,1.225,mm,OK,--,7:56:41 PM,2/5/2026,
1721,26.5,gf,1.215,mm,OK,--,7:56:41 PM,2/5/2026,
1722,26.6,gf,1.210,mm,OK,--,7:56:41 PM,2/5/2026,
1723,26.5,gf,1.205,mm,OK,--,7:56:41 PM,2/5/2026,
1724,26.2,gf,1.200,mm,OK,--,7:56:41 PM,2/5/2026,
1725,26.4,gf,1.190,mm,OK,--,7:56:41 PM,2/5/2026,
1726,26.3,gf,1.180,mm,OK,--,7:56:41 PM,2/5/2026,
1727,26.2,gf,1.170,mm,OK,--,7:56:41 PM,2/5/2026,
1728,26.4,gf,1.160,mm,OK,--,7:56:42 PM,2/5/2026,
1729,26.4,gf,1.155,mm,OK,--,7:56:42 PM,2/5/2026,
1730,26.5,gf,1.150,mm,OK,--,7:56:42 PM,2/5/2026,
1731,26.5,gf,1.145,mm,OK,--,7:56:42 PM,2/5/2026,
1732,26.4,gf,1.145,mm,OK,--,7:56:42 PM,2/5/2026,
1733,26.2,gf,1.140,mm,OK,--,7:56:42 PM,2/5/2026,
1734,26.2,gf,1.135,mm,OK,--,7:56:42 PM,2/5/2026,
1735,26.3,gf,1.135,mm,OK,--,7:56:42 PM,2/5/2026,
1736,26.1,gf,1.130,mm,OK,--,7:56:42 PM,2/5/2026,
1737,26.1,gf,1.130,mm,OK,--,7:56:42 PM,2/5/2026,
1738,26.0,gf,1.125,mm,OK,--,7:56:43 PM,2/5/2026,
1739,25.9,gf,1.125,mm,OK,--,7:56:43 PM,2/5/2026,
1740,25.5,gf,1.120,mm,OK,--,7:56:43 PM,2/5/2026,
1741,25.6,gf,1.110,mm,OK,--,7:56:43 PM,2/5/2026,
1742,25.7,gf,1.105,mm,OK,--,7:56:43 PM,2/5/2026,
1743,25.7,gf,1.100,mm,OK,--,7:56:43 PM,2/5/2026,
1744,25.6,gf,1.095,mm,OK,--,7:56:43 PM,2/5/2026,
1745,25.6,gf,1.090,mm,OK,--,7:56:43 PM,2/5/2026,
1746,25.6,gf,1.085,mm,OK,--,7:56:43 PM,2/5/2026,
1747,25.5,gf,1.080,mm,OK,--,7:56:43 PM,2/5/2026,
1748,25.4,gf,1.075,mm,OK,--,7:56:44 PM,2/5/2026,
1749,25.5,gf,1.070,mm,OK,--,7:56:44 PM,2/5/2026,
1750,25.6,gf,1.065,mm,OK,--,7:56:44 PM,2/5/2026,
1751,25.5,gf,1.060,mm,OK,--,7:56:44 PM,2/5/2026,
1752,25.4,gf,1.055,mm,OK,--,7:56:44 PM,2/5/2026,
1753,25.3,gf,1.055,mm,OK,--,7:56:44 PM,2/5/2026,
1754,25.0,gf,1.050,mm,OK,--,7:56:44 PM,2/5/2026,
1755,25.1,gf,1.040,mm,OK,--,7:56:44 PM,2/5/2026,
1756,25.2,gf,1.035,mm,OK,--,7:56:44 PM,2/5/2026,
1757,25.4,gf,1.035,mm,OK,--,7:56:44 PM,2/5/2026,
1758,25.5,gf,1.030,mm,OK,--,7:56:45 PM,2/5/2026,
1759,25.5,gf,1.030,mm,OK,--,7:56:45 PM,2/5/2026,
1760,25.6,gf,1.025,mm,OK,--,7:56:45 PM,2/5/2026,
1761,25.3,gf,1.025,mm,OK,--,7:56:45 PM,2/5/2026,
1762,25.1,gf,1.020,mm,OK,--,7:56:45 PM,2/5/2026,
1763,24.7,gf,1.015,mm,OK,--,7:56:45 PM,2/5/2026,
1764,24.9,gf,1.005,mm,OK,--,7:56:45 PM,2/5/2026,
1765,24.9,gf,1.000,mm,OK,--,7:56:45 PM,2/5/2026,
1766,25.0,gf,0.995,mm,OK,--,7:56:45 PM,2/5/2026,
1767,25.1,gf,0.990,mm,OK,--,7:56:45 PM,2/5/2026,
1768,25.0,gf,0.985,mm,OK,--,7:56:46 PM,2/5/2026,
1769,25.0,gf,0.980,mm,OK,--,7:56:46 PM,2/5/2026,
1770,25.2,gf,0.980,mm,OK,--,7:56:46 PM,2/5/2026,
1771,25.2,gf,0.975,mm,OK,--,7:56:46 PM,2/5/2026,
1772,25.3,gf,0.975,mm,OK,--,7:56:46 PM,2/5/2026,
1773,25.3,gf,0.970,mm,OK,--,7:56:46 PM,2/5/2026,
1774,25.2,gf,0.970,mm,OK,--,7:56:46 PM,2/5/2026,
1775,25.1,gf,0.965,mm,OK,--,7:56:46 PM,2/5/2026,
1776,24.9,gf,0.965,mm,OK,--,7:56:46 PM,2/5/2026,
1777,25.1,gf,0.965,mm,OK,--,7:56:46 PM,2/5/2026,
1778,25.0,gf,0.960,mm,OK,--,7:56:47 PM,2/5/2026,
1779,25.0,gf,0.960,mm,OK,--,7:56:47 PM,2/5/2026,
1780,24.9,gf,0.955,mm,OK,--,7:56:47 PM,2/5/2026,
1781,25.0,gf,0.955,mm,OK,--,7:56:47 PM,2/5/2026,
1782,24.8,gf,0.955,mm,OK,--,7:56:47 PM,2/5/2026,
1783,24.6,gf,0.950,mm,OK,--,7:56:47 PM,2/5/2026,
1784,24.5,gf,0.945,mm,OK,--,7:56:47 PM,2/5/2026,
1785,24.4,gf,0.940,mm,OK,--,7:56:47 PM,2/5/2026,
1786,24.8,gf,0.940,mm,OK,--,7:56:47 PM,2/5/2026,
1787,24.7,gf,0.935,mm,OK,--,7:56:47 PM,2/5/2026,
1788,24.9,gf,0.935,mm,OK,--,7:56:48 PM,2/5/2026,
1789,24.8,gf,0.930,mm,OK,--,7:56:48 PM,2/5/2026,
1790,24.5,gf,0.930,mm,OK,--,7:56:48 PM,2/5/2026,
1791,24.3,gf,0.925,mm,OK,--,7:56:48 PM,2/5/2026,
1792,24.0,gf,0.915,mm,OK,--,7:56:48 PM,2/5/2026,
1793,24.1,gf,0.905,mm,OK,--,7:56:48 PM,2/5/2026,
1794,24.4,gf,0.900,mm,OK,--,7:56:48 PM,2/5/2026,
1795,24.8,gf,0.895,mm,OK,--,7:56:48 PM,2/5/2026,
1796,24.1,gf,0.890,mm,OK,--,7:56:48 PM,2/5/2026,
1797,24.4,gf,0.885,mm,OK,--,7:56:48 PM,2/5/2026,
1798,24.0,gf,0.880,mm,OK,--,7:56:49 PM,2/5/2026,
1799,23.7,gf,0.875,mm,OK,--,7:56:49 PM,2/5/2026,
1800,23.8,gf,0.870,mm,OK,--,7:56:49 PM,2/5/2026,
1801,23.7,gf,0.860,mm,OK,--,7:56:49 PM,2/5/2026,
1802,24.0,gf,0.855,mm,OK,--,7:56:49 PM,2/5/2026,
1803,24.1,gf,0.850,mm,OK,--,7:56:49 PM,2/5/2026,
1804,23.8,gf,0.845,mm,OK,--,7:56:49 PM,2/5/2026,
1805,23.5,gf,0.835,mm,OK,--,7:56:49 PM,2/5/2026,
1806,23.5,gf,0.820,mm,OK,--,7:56:49 PM,2/5/2026,
1807,23.6,gf,0.810,mm,OK,--,7:56:49 PM,2/5/2026,
1808,23.5,gf,0.800,mm,OK,--,7:56:50 PM,2/5/2026,
1809,23.3,gf,0.795,mm,OK,--,7:56:50 PM,2/5/2026,
1810,23.6,gf,0.785,mm,OK,--,7:56:50 PM,2/5/2026,
1811,22.9,gf,0.780,mm,OK,--,7:56:50 PM,2/5/2026,
1812,23.2,gf,0.770,mm,OK,--,7:56:50 PM,2/5/2026,
1813,23.0,gf,0.755,mm,OK,--,7:56:50 PM,2/5/2026,
1814,23.1,gf,0.745,mm,OK,--,7:56:50 PM,2/5/2026,
1815,23.3,gf,0.740,mm,OK,--,7:56:50 PM,2/5/2026,
1816,23.2,gf,0.735,mm,OK,--,7:56:50 PM,2/5/2026,
1817,22.9,gf,0.725,mm,OK,--,7:56:50 PM,2/5/2026,
1818,22.7,gf,0.715,mm,OK,--,7:56:51 PM,2/5/2026,
1819,22.8,gf,0.705,mm,OK,--,7:56:51 PM,2/5/2026,
1820,23.0,gf,0.695,mm,OK,--,7:56:51 PM,2/5/2026,
1821,22.8,gf,0.695,mm,OK,--,7:56:51 PM,2/5/2026,
1822,22.8,gf,0.690,mm,OK,--,7:56:51 PM,2/5/2026,
1823,22.9,gf,0.685,mm,OK,--,7:56:51 PM,2/5/2026,
1824,22.7,gf,0.685,mm,OK,--,7:56:51 PM,2/5/2026,
1825,22.5,gf,0.680,mm,OK,--,7:56:51 PM,2/5/2026,
1826,22.5,gf,0.675,mm,OK,--,7:56:51 PM,2/5/2026,
1827,22.5,gf,0.670,mm,OK,--,7:56:51 PM,2/5/2026,
1828,22.5,gf,0.670,mm,OK,--,7:56:52 PM,2/5/2026,
1829,22.6,gf,0.665,mm,OK,--,7:56:52 PM,2/5/2026,
1830,22.3,gf,0.660,mm,OK,--,7:56:52 PM,2/5/2026,
1831,22.6,gf,0.660,mm,OK,--,7:56:52 PM,2/5/2026,
1832,22.7,gf,0.655,mm,OK,--,7:56:52 PM,2/5/2026,
1833,22.5,gf,0.655,mm,OK,--,7:56:52 PM,2/5/2026,
1834,22.2,gf,0.650,mm,OK,--,7:56:52 PM,2/5/2026,
1835,22.2,gf,0.645,mm,OK,--,7:56:52 PM,2/5/2026,
1836,22.2,gf,0.645,mm,OK,--,7:56:52 PM,2/5/2026,
1837,22.6,gf,0.640,mm,OK,--,7:56:52 PM,2/5/2026,
1838,22.6,gf,0.635,mm,OK,--,7:56:53 PM,2/5/2026,
1839,21.8,gf,0.625,mm,OK,--,7:56:53 PM,2/5/2026,
1840,22.2,gf,0.615,mm,OK,--,7:56:53 PM,2/5/2026,
1841,22.5,gf,0.610,mm,OK,--,7:56:53 PM,2/5/2026,
1842,22.3,gf,0.605,mm,OK,--,7:56:53 PM,2/5/2026,
1843,22.2,gf,0.600,mm,OK,--,7:56:53 PM,2/5/2026,
1844,22.3,gf,0.595,mm,OK,--,7:56:53 PM,2/5/2026,
1845,22.3,gf,0.595,mm,OK,--,7:56:53 PM,2/5/2026,
1846,22.2,gf,0.590,mm,OK,--,7:56:53 PM,2/5/2026,
1847,22.4,gf,0.585,mm,OK,--,7:56:53 PM,2/5/2026,
1848,22.2,gf,0.585,mm,OK,--,7:56:54 PM,2/5/2026,
1849,21.9,gf,0.580,mm,OK,--,7:56:54 PM,2/5/2026,
1850,22.1,gf,0.575,mm,OK,--,7:56:54 PM,2/5/2026,
1851,22.3,gf,0.575,mm,OK,--,7:56:54 PM,2/5/2026,
1852,22.3,gf,0.570,mm,OK,--,7:56:54 PM,2/5/2026,
1853,22.3,gf,0.570,mm,OK,--,7:56:54 PM,2/5/2026,
1854,22.1,gf,0.565,mm,OK,--,7:56:54 PM,2/5/2026,
1855,22.0,gf,0.560,mm,OK,--,7:56:54 PM,2/5/2026,
1856,22.0,gf,0.555,mm,OK,--,7:56:54 PM,2/5/2026,
1857,21.8,gf,0.550,mm,OK,--,7:56:54 PM,2/5/2026,
1858,22.0,gf,0.545,mm,OK,--,7:56:55 PM,2/5/2026,
1859,22.3,gf,0.545,mm,OK,--,7:56:55 PM,2/5/2026,
1860,22.2,gf,0.540,mm,OK,--,7:56:55 PM,2/5/2026,
1861,22.4,gf,0.540,mm,OK,--,7:56:55 PM,2/5/2026,
1862,22.4,gf,0.540,mm,OK,--,7:56:55 PM,2/5/2026,
1863,22.5,gf,0.535,mm,OK,--,7:56:55 PM,2/5/2026,
1864,22.5,gf,0.535,mm,OK,--,7:56:55 PM,2/5/2026,
1865,22.4,gf,0.535,mm,OK,--,7:56:55 PM,2/5/2026,
1866,22.1,gf,0.535,mm,OK,--,7:56:55 PM,2/5/2026,
1867,22.2,gf,0.530,mm,OK,--,7:56:55 PM,2/5/2026,
1868,22.4,gf,0.530,mm,OK,--,7:56:56 PM,2/5/2026,
1869,22.4,gf,0.530,mm,OK,--,7:56:56 PM,2/5/2026,
1870,22.4,gf,0.530,mm,OK,--,7:56:56 PM,2/5/2026,
1871,22.4,gf,0.530,mm,OK,--,7:56:56 PM,2/5/2026,
1872,22.4,gf,0.525,mm,OK,--,7:56:56 PM,2/5/2026,
1873,22.3,gf,0.525,mm,OK,--,7:56:56 PM,2/5/2026,
1874,22.0,gf,0.525,mm,OK,--,7:56:56 PM,2/5/2026,
1875,22.0,gf,0.525,mm,OK,--,7:56:56 PM,2/5/2026,
1876,22.1,gf,0.520,mm,OK,--,7:56:56 PM,2/5/2026,
1877,22.1,gf,0.520,mm,OK,--,7:56:56 PM,2/5/2026,
1878,21.8,gf,0.520,mm,OK,--,7:56:57 PM,2/5/2026,
1879,21.9,gf,0.515,mm,OK,--,7:56:57 PM,2/5/2026,
1880,21.9,gf,0.510,mm,OK,--,7:56:57 PM,2/5/2026,
1881,21.8,gf,0.510,mm,OK,--,7:56:57 PM,2/5/2026,
1882,21.6,gf,0.500,mm,OK,--,7:56:57 PM,2/5/2026,
1883,22.0,gf,0.495,mm,OK,--,7:56:57 PM,2/5/2026,
1884,21.9,gf,0.490,mm,OK,--,7:56:57 PM,2/5/2026,
1885,21.3,gf,0.480,mm,OK,--,7:56:57 PM,2/5/2026,
1886,21.3,gf,0.475,mm,OK,--,7:56:57 PM,2/5/2026,
1887,21.4,gf,0.465,mm,OK,--,7:56:57 PM,2/5/2026,
1888,21.6,gf,0.455,mm,OK,--,7:56:58 PM,2/5/2026,
1889,21.6,gf,0.450,mm,OK,--,7:56:58 PM,2/5/2026,
1890,21.3,gf,0.440,mm,OK,--,7:56:58 PM,2/5/2026,
1891,21.2,gf,0.430,mm,OK,--,7:56:58 PM,2/5/2026,
1892,21.2,gf,0.420,mm,OK,--,7:56:58 PM,2/5/2026,
1893,21.2,gf,0.410,mm,OK,--,7:56:58 PM,2/5/2026,
1894,21.3,gf,0.395,mm,OK,--,7:56:58 PM,2/5/2026,
1895,21.4,gf,0.390,mm,OK,--,7:56:58 PM,2/5/2026,
1896,21.5,gf,0.385,mm,OK,--,7:56:58 PM,2/5/2026,
1897,21.3,gf,0.380,mm,OK,--,7:56:58 PM,2/5/2026,
1898,21.2,gf,0.375,mm,OK,--,7:56:59 PM,2/5/2026,
1899,21.3,gf,0.375,mm,OK,--,7:56:59 PM,2/5/2026,
1900,21.2,gf,0.370,mm,OK,--,7:56:59 PM,2/5/2026,
1901,21.1,gf,0.365,mm,OK,--,7:56:59 PM,2/5/2026,
1902,21.2,gf,0.360,mm,OK,--,7:56:59 PM,2/5/2026,
1903,21.1,gf,0.355,mm,OK,--,7:56:59 PM,2/5/2026,
1904,21.1,gf,0.355,mm,OK,--,7:56:59 PM,2/5/2026,
1905,20.9,gf,0.350,mm,OK,--,7:56:59 PM,2/5/2026,
1906,20.8,gf,0.345,mm,OK,--,7:56:59 PM,2/5/2026,
1907,21.0,gf,0.345,mm,OK,--,7:56:59 PM,2/5/2026,
1908,21.2,gf,0.340,mm,OK,--,7:57:00 PM,2/5/2026,
1909,21.3,gf,0.340,mm,OK,--,7:57:00 PM,2/5/2026,
1910,21.2,gf,0.340,mm,OK,--,7:57:00 PM,2/5/2026,
1911,21.2,gf,0.340,mm,OK,--,7:57:00 PM,2/5/2026,
1912,21.1,gf,0.335,mm,OK,--,7:57:00 PM,2/5/2026,
1913,20.8,gf,0.335,mm,OK,--,7:57:00 PM,2/5/2026,
1914,20.7,gf,0.330,mm,OK,--,7:57:00 PM,2/5/2026,
1915,21.0,gf,0.330,mm,OK,--,7:57:00 PM,2/5/2026,
1916,21.1,gf,0.330,mm,OK,--,7:57:00 PM,2/5/2026,
1917,21.0,gf,0.325,mm,OK,--,7:57:00 PM,2/5/2026,
1918,21.2,gf,0.325,mm,OK,--,7:57:01 PM,2/5/2026,
1919,21.3,gf,0.325,mm,OK,--,7:57:01 PM,2/5/2026,
1920,21.1,gf,0.325,mm,OK,--,7:57:01 PM,2/5/2026,
1921,20.9,gf,0.325,mm,OK,--,7:57:01 PM,2/5/2026,
1922,20.8,gf,0.325,mm,OK,--,7:57:01 PM,2/5/2026,
1923,21.0,gf,0.320,mm,OK,--,7:57:01 PM,2/5/2026,
1924,21.2,gf,0.320,mm,OK,--,7:57:01 PM,2/5/2026,
1925,21.1,gf,0.320,mm,OK,--,7:57:01 PM,2/5/2026,
1926,20.8,gf,0.320,mm,OK,--,7:57:01 PM,2/5/2026,
1927,20.5,gf,0.320,mm,OK,--,7:57:01 PM,2/5/2026,
1928,20.2,gf,0.315,mm,OK,--,7:57:02 PM,2/5/2026,
1929,20.2,gf,0.310,mm,OK,--,7:57:02 PM,2/5/2026,
1930,20.5,gf,0.305,mm,OK,--,7:57:02 PM,2/5/2026,
1931,20.5,gf,0.305,mm,OK,--,7:57:02 PM,2/5/2026,
1932,20.3,gf,0.300,mm,OK,--,7:57:02 PM,2/5/2026,
1933,20.5,gf,0.290,mm,OK,--,7:57:02 PM,2/5/2026,
1934,20.7,gf,0.285,mm,OK,--,7:57:02 PM,2/5/2026,
1935,20.9,gf,0.285,mm,OK,--,7:57:02 PM,2/5/2026,
1936,20.7,gf,0.280,mm,OK,--,7:57:02 PM,2/5/2026,
1937,20.6,gf,0.275,mm,OK,--,7:57:02 PM,2/5/2026,
1938,20.9,gf,0.270,mm,OK,--,7:57:03 PM,2/5/2026,
1939,21.0,gf,0.270,mm,OK,--,7:57:03 PM,2/5/2026,
1940,21.0,gf,0.265,mm,OK,--,7:57:03 PM,2/5/2026,
1941,20.8,gf,0.265,mm,OK,--,7:57:03 PM,2/5/2026,
1942,20.4,gf,0.260,mm,OK,--,7:57:03 PM,2/5/2026,
1943,20.3,gf,0.255,mm,OK,--,7:57:03 PM,2/5/2026,
1944,20.0,gf,0.250,mm,OK,--,7:57:03 PM,2/5/2026,
1945,20.0,gf,0.240,mm,OK,--,7:57:03 PM,2/5/2026,
1946,20.2,gf,0.230,mm,OK,--,7:57:03 PM,2/5/2026,
1947,20.2,gf,0.225,mm,OK,--,7:57:03 PM,2/5/2026,
1948,20.0,gf,0.220,mm,OK,--,7:57:04 PM,2/5/2026,
1949,20.0,gf,0.210,mm,OK,--,7:57:04 PM,2/5/2026,
1950,20.6,gf,0.205,mm,OK,--,7:57:04 PM,2/5/2026,
1951,20.5,gf,0.200,mm,OK,--,7:57:04 PM,2/5/2026,
1952,19.8,gf,0.195,mm,OK,--,7:57:04 PM,2/5/2026,
1953,19.9,gf,0.180,mm,OK,--,7:57:04 PM,2/5/2026,
1954,20.4,gf,0.170,mm,OK,--,7:57:04 PM,2/5/2026,
1955,20.3,gf,0.160,mm,OK,--,7:57:04 PM,2/5/2026,
1956,20.1,gf,0.145,mm,OK,--,7:57:04 PM,2/5/2026,
1957,20.3,gf,0.135,mm,OK,--,7:57:04 PM,2/5/2026,
1958,20.4,gf,0.130,mm,OK,--,7:57:05 PM,2/5/2026,
1959,20.0,gf,0.115,mm,OK,--,7:57:05 PM,2/5/2026,
1960,20.2,gf,0.100,mm,OK,--,7:57:05 PM,2/5/2026,
1961,20.1,gf,0.090,mm,OK,--,7:57:05 PM,2/5/2026,
1962,20.1,gf,0.080,mm,OK,--,7:57:05 PM,2/5/2026,
1963,19.3,gf,0.075,mm,OK,--,7:57:05 PM,2/5/2026,
1964,16.0,gf,0.070,mm,OK,--,7:57:05 PM,2/5/2026,
1965,10.6,gf,0.065,mm,OK,--,7:57:05 PM,2/5/2026,
1966,2.0,gf,0.055,mm,OK,--,7:57:05 PM,2/5/2026,
1967,0.1,gf,0.045,mm,OK,--,7:57:05 PM,2/5/2026,
1968,0.0,gf,0.040,mm,OK,--,7:57:06 PM,2/5/2026,
1969,0.0,gf,0.025,mm,OK,--,7:57:06 PM,2/5/2026,
1970,0.0,gf,0.010,mm,OK,--,7:57:06 PM,2/5/2026,
1971,0.0,gf,-0.005,mm,OK,--,7:57:06 PM,2/5/2026,
1972,-0.1,gf,-0.010,mm,OK,--,7:57:06 PM,2/5/2026,
1973,0.0,gf,-0.015,mm,OK,--,7:57:06 PM,2/5/2026,
1974,0.0,gf,-0.025,mm,OK,--,7:57:06 PM,2/5/2026,
1975,-0.2,gf,-0.045,mm,OK,--,7:57:06 PM,2/5/2026,
1976,-0.1,gf,-0.070,mm,OK,--,7:57:06 PM,2/5/2026,
1977,0.4,gf,-0.075,mm,OK,--,7:57:06 PM,2/5/2026,
1978,0.2,gf,-0.075,mm,OK,--,7:57:07 PM,2/5/2026,
1979,-0.1,gf,-0.075,mm,OK,--,7:57:07 PM,2/5/2026,
1980,0.0,gf,-0.075,mm,OK,--,7:57:07 PM,2/5/2026,
1981,-0.2,gf,-0.075,mm,OK,--,7:57:07 PM,2/5/2026,
1982,0.0,gf,-0.070,mm,OK,--,7:57:07 PM,2/5/2026,
1983,0.0,gf,-0.065,mm,OK,--,7:57:07 PM,2/5/2026,
1984,0.0,gf,-0.065,mm,OK,--,7:57:07 PM,2/5/2026,
1985,0.0,gf,-0.060,mm,OK,--,7:57:07 PM,2/5/2026,
1986,-0.1,gf,-0.060,mm,OK,--,7:57:07 PM,2/5/2026,
1987,0.0,gf,-0.055,mm,OK,--,7:57:07 PM,2/5/2026,
1988,0.1,gf,-0.055,mm,OK,--,7:57:08 PM,2/5/2026,
1989,0.0,gf,-0.055,mm,OK,--,7:57:08 PM,2/5/2026,
1990,0.0,gf,-0.050,mm,OK,--,7:57:08 PM,2/5/2026,
1991,0.0,gf,-0.050,mm,OK,--,7:57:08 PM,2/5/2026,
1992,0.1,gf,-0.050,mm,OK,--,7:57:08 PM,2/5/2026,
1993,0.0,gf,-0.045,mm,OK,--,7:57:08 PM,2/5/2026,
1994,-0.1,gf,-0.045,mm,OK,--,7:57:08 PM,2/5/2026,
1995,-0.2,gf,-0.045,mm,OK,--,7:57:08 PM,2/5/2026,
1996,0.1,gf,-0.045,mm,OK,--,7:57:08 PM,2/5/2026,
1997,-0.1,gf,-0.040,mm,OK,--,7:57:08 PM,2/5/2026,
1998,0.0,gf,-0.040,mm,OK,--,7:57:09 PM,2/5/2026,
1999,0.0,gf,-0.040,mm,OK,--,7:57:09 PM,2/5/2026,
2000,0.0,gf,-0.040,mm,OK,--,7:57:09 PM,2/5/2026,
2001,-0.1,gf,-0.040,mm,OK,--,7:57:09 PM,2/5/2026,
2002,0.0,gf,-0.035,mm,OK,--,7:57:09 PM,2/5/2026,
2003,0.1,gf,-0.035,mm,OK,--,7:57:09 PM,2/5/2026,
2004,0.1,gf,-0.035,mm,OK,--,7:57:09 PM,2/5/2026,
2005,-0.1,gf,-0.035,mm,OK,--,7:57:09 PM,2/5/2026,
2006,0.0,gf,-0.035,mm,OK,--,7:57:09 PM,2/5/2026,
2007,0.0,gf,-0.035,mm,OK,--,7:57:09 PM,2/5/2026,
2008,0.0,gf,-0.030,mm,OK,--,7:57:10 PM,2/5/2026,
2009,0.0,gf,-0.030,mm,OK,--,7:57:10 PM,2/5/2026,
2010,0.1,gf,-0.030,mm,OK,--,7:57:10 PM,2/5/2026,
