Maximum,192.9,@,No.958,,,,,,
Minimum,-0.4,@,No.1954,,,,,,
Average,56.03,,,,,,,,
Data Quantity,1962,,,,,,,,
Number of NG,0,,,,,,,,
No.,Force,Unit,Displacement,Unit,Judge,Position,Time,Date,
1,0.0,gf,0.000,mm,OK,--,9:40:14 AM,1/10/2026,
2,0.1,gf,0.000,mm,OK,--,9:40:14 AM,1/10/2026,
3,0.0,gf,0.000,mm,OK,--,9:40:14 AM,1/10/2026,
4,-0.1,gf,0.000,mm,OK,--,9:40:14 AM,1/10/2026,
5,0.0,gf,0.000,mm,OK,--,9:40:14 AM,1/10/2026,
6,0.0,gf,0.000,mm,OK,--,9:40:14 AM,1/10/2026,
7,0.0,gf,0.000,mm,OK,--,9:40:14 AM,1/10/2026,
8,0.0,gf,0.000,mm,OK,--,9:40:14 AM,1/10/2026,
9,0.0,gf,0.005,mm,OK,--,9:40:15 AM,1/10/2026,
10,0.0,gf,0.005,mm,OK,--,9:40:15 AM,1/10/2026,
11,0.0,gf,0.005,mm,OK,--,9:40:15 AM,1/10/2026,
12,0.0,gf,0.005,mm,OK,--,9:40:15 AM,1/10/2026,
13,0.0,gf,0.005,mm,OK,--,9:40:15 AM,1/10/2026,
14,0.0,gf,0.005,mm,OK,--,9:40:15 AM,1/10/2026,
15,0.0,gf,0.005,mm,OK,--,9:40:15 AM,1/10/2026,
16,0.0,gf,0.010,mm,OK,--,9:40:15 AM,1/10/2026,
17,0.0,gf,0.010,mm,OK,--,9:40:15 AM,1/10/2026,
18,0.0,gf,0.015,mm,OK,--,9:40:15 AM,1/10/2026,
19,0.0,gf,0.020,mm,OK,--,9:40:16 AM,1/10/2026,
20,0.7,gf,0.025,mm,OK,--,9:40:16 AM,1/10/2026,
21,5.5,gf,0.035,mm,OK,--,9:40:16 AM,1/10/2026,
22,9.5,gf,0.040,mm,OK,--,9:40:16 AM,1/10/2026,
23,13.5,gf,0.045,mm,OK,--,9:40:16 AM,1/10/2026,
24,17.1,gf,0.045,mm,OK,--,9:40:16 AM,1/10/2026,
25,20.5,gf,0.050,mm,OK,--,9:40:16 AM,1/10/2026,
26,23.9,gf,0.055,mm,OK,--,9:40:16 AM,1/10/2026,
27,26.7,gf,0.060,mm,OK,--,9:40:16 AM,1/10/2026,
28,29.4,gf,0.060,mm,OK,--,9:40:16 AM,1/10/2026,
29,32.1,gf,0.065,mm,OK,--,9:40:17 AM,1/10/2026,
30,34.6,gf,0.065,mm,OK,--,9:40:17 AM,1/10/2026,
31,37.1,gf,0.070,mm,OK,--,9:40:17 AM,1/10/2026,
32,38.8,gf,0.070,mm,OK,--,9:40:17 AM,1/10/2026,
33,39.1,gf,0.075,mm,OK,--,9:40:17 AM,1/10/2026,
34,39.2,gf,0.080,mm,OK,--,9:40:17 AM,1/10/2026,
35,39.5,gf,0.080,mm,OK,--,9:40:17 AM,1/10/2026,
36,39.9,gf,0.085,mm,OK,--,9:40:17 AM,1/10/2026,
37,40.1,gf,0.085,mm,OK,--,9:40:17 AM,1/10/2026,
38,39.9,gf,0.090,mm,OK,--,9:40:17 AM,1/10/2026,
39,39.6,gf,0.090,mm,OK,--,9:40:18 AM,1/10/2026,
40,39.5,gf,0.095,mm,OK,--,9:40:18 AM,1/10/2026,
41,39.4,gf,0.100,mm,OK,--,9:40:18 AM,1/10/2026,
42,39.2,gf,0.105,mm,OK,--,9:40:18 AM,1/10/2026,
43,39.2,gf,0.110,mm,OK,--,9:40:18 AM,1/10/2026,
44,39.2,gf,0.110,mm,OK,--,9:40:18 AM,1/10/2026,
45,39.2,gf,0.115,mm,OK,--,9:40:18 AM,1/10/2026,
46,39.1,gf,0.120,mm,OK,--,9:40:18 AM,1/10/2026,
47,39.1,gf,0.125,mm,OK,--,9:40:18 AM,1/10/2026,
48,39.1,gf,0.125,mm,OK,--,9:40:18 AM,1/10/2026,
49,39.1,gf,0.130,mm,OK,--,9:40:19 AM,1/10/2026,
50,39.1,gf,0.135,mm,OK,--,9:40:19 AM,1/10/2026,
51,39.1,gf,0.140,mm,OK,--,9:40:19 AM,1/10/2026,
52,39.1,gf,0.140,mm,OK,--,9:40:19 AM,1/10/2026,
53,39.2,gf,0.145,mm,OK,--,9:40:19 AM,1/10/2026,
54,39.2,gf,0.150,mm,OK,--,9:40:19 AM,1/10/2026,
55,39.2,gf,0.155,mm,OK,--,9:40:19 AM,1/10/2026,
56,39.2,gf,0.160,mm,OK,--,9:40:19 AM,1/10/2026,
57,39.1,gf,0.165,mm,OK,--,9:40:19 AM,1/10/2026,
58,39.1,gf,0.170,mm,OK,--,9:40:19 AM,1/10/2026,
59,39.1,gf,0.175,mm,OK,--,9:40:20 AM,1/10/2026,
60,39.1,gf,0.180,mm,OK,--,9:40:20 AM,1/10/2026,
61,39.2,gf,0.190,mm,OK,--,9:40:20 AM,1/10/2026,
62,39.2,gf,0.195,mm,OK,--,9:40:20 AM,1/10/2026,
63,39.2,gf,0.195,mm,OK,--,9:40:20 AM,1/10/2026,
64,39.2,gf,0.200,mm,OK,--,9:40:20 AM,1/10/2026,
65,39.2,gf,0.205,mm,OK,--,9:40:20 AM,1/10/2026,
66,39.2,gf,0.205,mm,OK,--,9:40:20 AM,1/10/2026,
67,39.2,gf,0.210,mm,OK,--,9:40:20 AM,1/10/2026,
68,39.2,gf,0.210,mm,OK,--,9:40:20 AM,1/10/2026,
69,39.2,gf,0.215,mm,OK,--,9:40:21 AM,1/10/2026,
70,39.2,gf,0.220,mm,OK,--,9:40:21 AM,1/10/2026,
71,39.2,gf,0.220,mm,OK,--,9:40:21 AM,1/10/2026,
72,39.2,gf,0.225,mm,OK,--,9:40:21 AM,1/10/2026,
73,39.2,gf,0.225,mm,OK,--,9:40:21 AM,1/10/2026,
74,39.3,gf,0.230,mm,OK,--,9:40:21 AM,1/10/2026,
75,39.4,gf,0.230,mm,OK,--,9:40:21 AM,1/10/2026,
76,39.4,gf,0.235,mm,OK,--,9:40:21 AM,1/10/2026,
77,39.4,gf,0.240,mm,OK,--,9:40:21 AM,1/10/2026,
78,39.4,gf,0.240,mm,OK,--,9:40:21 AM,1/10/2026,
79,39.4,gf,0.245,mm,OK,--,9:40:22 AM,1/10/2026,
80,39.4,gf,0.250,mm,OK,--,9:40:22 AM,1/10/2026,
81,39.4,gf,0.250,mm,OK,--,9:40:22 AM,1/10/2026,
82,39.4,gf,0.255,mm,OK,--,9:40:22 AM,1/10/2026,
83,39.4,gf,0.260,mm,OK,--,9:40:22 AM,1/10/2026,
84,39.4,gf,0.270,mm,OK,--,9:40:22 AM,1/10/2026,
85,39.4,gf,0.275,mm,OK,--,9:40:22 AM,1/10/2026,
86,39.4,gf,0.280,mm,OK,--,9:40:22 AM,1/10/2026,
87,39.5,gf,0.285,mm,OK,--,9:40:22 AM,1/10/2026,
88,39.5,gf,0.290,mm,OK,--,9:40:22 AM,1/10/2026,
89,39.5,gf,0.295,mm,OK,--,9:40:23 AM,1/10/2026,
90,39.4,gf,0.300,mm,OK,--,9:40:23 AM,1/10/2026,
91,39.3,gf,0.305,mm,OK,--,9:40:23 AM,1/10/2026,
92,39.3,gf,0.315,mm,OK,--,9:40:23 AM,1/10/2026,
93,39.2,gf,0.320,mm,OK,--,9:40:23 AM,1/10/2026,
94,39.3,gf,0.325,mm,OK,--,9:40:23 AM,1/10/2026,
95,39.3,gf,0.330,mm,OK,--,9:40:23 AM,1/10/2026,
96,39.2,gf,0.335,mm,OK,--,9:40:23 AM,1/10/2026,
97,39.3,gf,0.340,mm,OK,--,9:40:23 AM,1/10/2026,
98,39.3,gf,0.340,mm,OK,--,9:40:23 AM,1/10/2026,
99,39.3,gf,0.345,mm,OK,--,9:40:24 AM,1/10/2026,
100,39.3,gf,0.350,mm,OK,--,9:40:24 AM,1/10/2026,
101,39.3,gf,0.350,mm,OK,--,9:40:24 AM,1/10/2026,
102,39.3,gf,0.355,mm,OK,--,9:40:24 AM,1/10/2026,
103,39.3,gf,0.360,mm,OK,--,9:40:24 AM,1/10/2026,
104,39.3,gf,0.360,mm,OK,--,9:40:24 AM,1/10/2026,
105,39.4,gf,0.365,mm,OK,--,9:40:24 AM,1/10/2026,
106,39.4,gf,0.370,mm,OK,--,9:40:24 AM,1/10/2026,
107,39.5,gf,0.375,mm,OK,--,9:40:24 AM,1/10/2026,
108,39.6,gf,0.380,mm,OK,--,9:40:24 AM,1/10/2026,
109,39.6,gf,0.385,mm,OK,--,9:40:25 AM,1/10/2026,
110,39.5,gf,0.390,mm,OK,--,9:40:25 AM,1/10/2026,
111,39.7,gf,0.395,mm,OK,--,9:40:25 AM,1/10/2026,
112,39.7,gf,0.400,mm,OK,--,9:40:25 AM,1/10/2026,
113,39.6,gf,0.405,mm,OK,--,9:40:25 AM,1/10/2026,
114,39.6,gf,0.410,mm,OK,--,9:40:25 AM,1/10/2026,
115,39.6,gf,0.415,mm,OK,--,9:40:25 AM,1/10/2026,
116,39.6,gf,0.420,mm,OK,--,9:40:25 AM,1/10/2026,
117,39.6,gf,0.425,mm,OK,--,9:40:25 AM,1/10/2026,
118,39.7,gf,0.430,mm,OK,--,9:40:25 AM,1/10/2026,
119,39.7,gf,0.435,mm,OK,--,9:40:26 AM,1/10/2026,
120,39.6,gf,0.440,mm,OK,--,9:40:26 AM,1/10/2026,
121,39.6,gf,0.445,mm,OK,--,9:40:26 AM,1/10/2026,
122,39.7,gf,0.450,mm,OK,--,9:40:26 AM,1/10/2026,
123,39.7,gf,0.455,mm,OK,--,9:40:26 AM,1/10/2026,
124,39.8,gf,0.460,mm,OK,--,9:40:26 AM,1/10/2026,
125,39.7,gf,0.465,mm,OK,--,9:40:26 AM,1/10/2026,
126,39.7,gf,0.470,mm,OK,--,9:40:26 AM,1/10/2026,
127,39.8,gf,0.475,mm,OK,--,9:40:26 AM,1/10/2026,
128,39.9,gf,0.480,mm,OK,--,9:40:26 AM,1/10/2026,
129,39.9,gf,0.480,mm,OK,--,9:40:27 AM,1/10/2026,
130,39.9,gf,0.485,mm,OK,--,9:40:27 AM,1/10/2026,
131,39.9,gf,0.490,mm,OK,--,9:40:27 AM,1/10/2026,
132,39.9,gf,0.495,mm,OK,--,9:40:27 AM,1/10/2026,
133,40.0,gf,0.495,mm,OK,--,9:40:27 AM,1/10/2026,
134,40.0,gf,0.500,mm,OK,--,9:40:27 AM,1/10/2026,
135,40.0,gf,0.500,mm,OK,--,9:40:27 AM,1/10/2026,
136,40.0,gf,0.505,mm,OK,--,9:40:27 AM,1/10/2026,
137,40.1,gf,0.510,mm,OK,--,9:40:27 AM,1/10/2026,
138,40.1,gf,0.515,mm,OK,--,9:40:27 AM,1/10/2026,
139,40.1,gf,0.520,mm,OK,--,9:40:28 AM,1/10/2026,
140,40.1,gf,0.525,mm,OK,--,9:40:28 AM,1/10/2026,
141,40.1,gf,0.530,mm,OK,--,9:40:28 AM,1/10/2026,
142,40.1,gf,0.535,mm,OK,--,9:40:28 AM,1/10/2026,
143,39.9,gf,0.540,mm,OK,--,9:40:28 AM,1/10/2026,
144,39.8,gf,0.550,mm,OK,--,9:40:28 AM,1/10/2026,
145,39.8,gf,0.555,mm,OK,--,9:40:28 AM,1/10/2026,
146,39.6,gf,0.565,mm,OK,--,9:40:28 AM,1/10/2026,
147,39.8,gf,0.575,mm,OK,--,9:40:28 AM,1/10/2026,
148,39.9,gf,0.585,mm,OK,--,9:40:28 AM,1/10/2026,
149,40.7,gf,0.595,mm,OK,--,9:40:29 AM,1/10/2026,
150,42.8,gf,0.605,mm,OK,--,9:40:29 AM,1/10/2026,
151,43.0,gf,0.610,mm,OK,--,9:40:29 AM,1/10/2026,
152,43.1,gf,0.620,mm,OK,--,9:40:29 AM,1/10/2026,
153,43.3,gf,0.630,mm,OK,--,9:40:29 AM,1/10/2026,
154,43.3,gf,0.640,mm,OK,--,9:40:29 AM,1/10/2026,
155,43.6,gf,0.645,mm,OK,--,9:40:29 AM,1/10/2026,
156,43.9,gf,0.650,mm,OK,--,9:40:29 AM,1/10/2026,
157,44.1,gf,0.655,mm,OK,--,9:40:29 AM,1/10/2026,
158,44.3,gf,0.660,mm,OK,--,9:40:29 AM,1/10/2026,
159,44.4,gf,0.665,mm,OK,--,9:40:30 AM,1/10/2026,
160,44.5,gf,0.670,mm,OK,--,9:40:30 AM,1/10/2026,
161,44.6,gf,0.670,mm,OK,--,9:40:30 AM,1/10/2026,
162,44.7,gf,0.675,mm,OK,--,9:40:30 AM,1/10/2026,
163,44.7,gf,0.680,mm,OK,--,9:40:30 AM,1/10/2026,
164,44.7,gf,0.685,mm,OK,--,9:40:30 AM,1/10/2026,
165,44.7,gf,0.690,mm,OK,--,9:40:30 AM,1/10/2026,
166,44.8,gf,0.695,mm,OK,--,9:40:30 AM,1/10/2026,
167,44.8,gf,0.700,mm,OK,--,9:40:30 AM,1/10/2026,
168,44.8,gf,0.705,mm,OK,--,9:40:30 AM,1/10/2026,
169,44.8,gf,0.710,mm,OK,--,9:40:31 AM,1/10/2026,
170,45.3,gf,0.715,mm,OK,--,9:40:31 AM,1/10/2026,
171,45.4,gf,0.720,mm,OK,--,9:40:31 AM,1/10/2026,
172,45.4,gf,0.725,mm,OK,--,9:40:31 AM,1/10/2026,
173,45.2,gf,0.735,mm,OK,--,9:40:31 AM,1/10/2026,
174,45.0,gf,0.740,mm,OK,--,9:40:31 AM,1/10/2026,
175,44.8,gf,0.745,mm,OK,--,9:40:31 AM,1/10/2026,
176,44.9,gf,0.750,mm,OK,--,9:40:31 AM,1/10/2026,
177,45.2,gf,0.755,mm,OK,--,9:40:31 AM,1/10/2026,
178,45.3,gf,0.760,mm,OK,--,9:40:31 AM,1/10/2026,
179,45.5,gf,0.770,mm,OK,--,9:40:32 AM,1/10/2026,
180,45.5,gf,0.775,mm,OK,--,9:40:32 AM,1/10/2026,
181,45.4,gf,0.780,mm,OK,--,9:40:32 AM,1/10/2026,
182,45.6,gf,0.785,mm,OK,--,9:40:32 AM,1/10/2026,
183,45.7,gf,0.790,mm,OK,--,9:40:32 AM,1/10/2026,
184,45.5,gf,0.795,mm,OK,--,9:40:32 AM,1/10/2026,
185,45.2,gf,0.800,mm,OK,--,9:40:32 AM,1/10/2026,
186,45.2,gf,0.805,mm,OK,--,9:40:32 AM,1/10/2026,
187,45.2,gf,0.815,mm,OK,--,9:40:32 AM,1/10/2026,
188,45.2,gf,0.820,mm,OK,--,9:40:32 AM,1/10/2026,
189,45.4,gf,0.820,mm,OK,--,9:40:33 AM,1/10/2026,
190,45.5,gf,0.825,mm,OK,--,9:40:33 AM,1/10/2026,
191,45.7,gf,0.830,mm,OK,--,9:40:33 AM,1/10/2026,
192,45.7,gf,0.830,mm,OK,--,9:40:33 AM,1/10/2026,
193,45.9,gf,0.835,mm,OK,--,9:40:33 AM,1/10/2026,
194,46.1,gf,0.840,mm,OK,--,9:40:33 AM,1/10/2026,
195,46.2,gf,0.845,mm,OK,--,9:40:33 AM,1/10/2026,
196,46.1,gf,0.845,mm,OK,--,9:40:33 AM,1/10/2026,
197,46.0,gf,0.850,mm,OK,--,9:40:33 AM,1/10/2026,
198,45.8,gf,0.855,mm,OK,--,9:40:33 AM,1/10/2026,
199,45.6,gf,0.860,mm,OK,--,9:40:34 AM,1/10/2026,
200,45.5,gf,0.860,mm,OK,--,9:40:34 AM,1/10/2026,
201,45.4,gf,0.865,mm,OK,--,9:40:34 AM,1/10/2026,
202,45.4,gf,0.865,mm,OK,--,9:40:34 AM,1/10/2026,
203,45.4,gf,0.870,mm,OK,--,9:40:34 AM,1/10/2026,
204,45.4,gf,0.870,mm,OK,--,9:40:34 AM,1/10/2026,
205,45.6,gf,0.875,mm,OK,--,9:40:34 AM,1/10/2026,
206,45.7,gf,0.880,mm,OK,--,9:40:34 AM,1/10/2026,
207,45.9,gf,0.885,mm,OK,--,9:40:34 AM,1/10/2026,
208,45.9,gf,0.885,mm,OK,--,9:40:34 AM,1/10/2026,
209,45.7,gf,0.890,mm,OK,--,9:40:35 AM,1/10/2026,
210,45.7,gf,0.895,mm,OK,--,9:40:35 AM,1/10/2026,
211,45.6,gf,0.895,mm,OK,--,9:40:35 AM,1/10/2026,
212,45.6,gf,0.900,mm,OK,--,9:40:35 AM,1/10/2026,
213,45.7,gf,0.905,mm,OK,--,9:40:35 AM,1/10/2026,
214,45.8,gf,0.905,mm,OK,--,9:40:35 AM,1/10/2026,
215,45.8,gf,0.910,mm,OK,--,9:40:35 AM,1/10/2026,
216,45.9,gf,0.915,mm,OK,--,9:40:35 AM,1/10/2026,
217,45.8,gf,0.920,mm,OK,--,9:40:35 AM,1/10/2026,
218,45.7,gf,0.925,mm,OK,--,9:40:35 AM,1/10/2026,
219,45.7,gf,0.930,mm,OK,--,9:40:36 AM,1/10/2026,
220,45.8,gf,0.935,mm,OK,--,9:40:36 AM,1/10/2026,
221,45.8,gf,0.940,mm,OK,--,9:40:36 AM,1/10/2026,
222,45.8,gf,0.945,mm,OK,--,9:40:36 AM,1/10/2026,
223,46.0,gf,0.950,mm,OK,--,9:40:36 AM,1/10/2026,
224,46.5,gf,0.955,mm,OK,--,9:40:36 AM,1/10/2026,
225,46.6,gf,0.960,mm,OK,--,9:40:36 AM,1/10/2026,
226,46.6,gf,0.965,mm,OK,--,9:40:36 AM,1/10/2026,
227,46.4,gf,0.970,mm,OK,--,9:40:36 AM,1/10/2026,
228,46.2,gf,0.975,mm,OK,--,9:40:36 AM,1/10/2026,
229,46.0,gf,0.980,mm,OK,--,9:40:37 AM,1/10/2026,
230,46.0,gf,0.985,mm,OK,--,9:40:37 AM,1/10/2026,
231,46.1,gf,0.990,mm,OK,--,9:40:37 AM,1/10/2026,
232,46.0,gf,0.995,mm,OK,--,9:40:37 AM,1/10/2026,
233,46.1,gf,1.000,mm,OK,--,9:40:37 AM,1/10/2026,
234,46.2,gf,1.000,mm,OK,--,9:40:37 AM,1/10/2026,
235,46.4,gf,1.005,mm,OK,--,9:40:37 AM,1/10/2026,
236,46.4,gf,1.010,mm,OK,--,9:40:37 AM,1/10/2026,
237,46.5,gf,1.010,mm,OK,--,9:40:37 AM,1/10/2026,
238,46.6,gf,1.015,mm,OK,--,9:40:37 AM,1/10/2026,
239,46.7,gf,1.015,mm,OK,--,9:40:38 AM,1/10/2026,
240,46.8,gf,1.015,mm,OK,--,9:40:38 AM,1/10/2026,
241,46.8,gf,1.020,mm,OK,--,9:40:38 AM,1/10/2026,
242,46.9,gf,1.020,mm,OK,--,9:40:38 AM,1/10/2026,
243,47.0,gf,1.025,mm,OK,--,9:40:38 AM,1/10/2026,
244,47.1,gf,1.030,mm,OK,--,9:40:38 AM,1/10/2026,
245,47.2,gf,1.030,mm,OK,--,9:40:38 AM,1/10/2026,
246,47.4,gf,1.035,mm,OK,--,9:40:38 AM,1/10/2026,
247,47.5,gf,1.035,mm,OK,--,9:40:38 AM,1/10/2026,
248,47.6,gf,1.040,mm,OK,--,9:40:38 AM,1/10/2026,
249,47.5,gf,1.045,mm,OK,--,9:40:39 AM,1/10/2026,
250,47.4,gf,1.045,mm,OK,--,9:40:39 AM,1/10/2026,
251,47.5,gf,1.050,mm,OK,--,9:40:39 AM,1/10/2026,
252,47.5,gf,1.050,mm,OK,--,9:40:39 AM,1/10/2026,
253,47.5,gf,1.055,mm,OK,--,9:40:39 AM,1/10/2026,
254,47.5,gf,1.060,mm,OK,--,9:40:39 AM,1/10/2026,
255,47.4,gf,1.060,mm,OK,--,9:40:39 AM,1/10/2026,
256,47.4,gf,1.065,mm,OK,--,9:40:39 AM,1/10/2026,
257,47.3,gf,1.070,mm,OK,--,9:40:39 AM,1/10/2026,
258,47.2,gf,1.075,mm,OK,--,9:40:39 AM,1/10/2026,
259,47.3,gf,1.075,mm,OK,--,9:40:40 AM,1/10/2026,
260,47.2,gf,1.080,mm,OK,--,9:40:40 AM,1/10/2026,
261,47.3,gf,1.085,mm,OK,--,9:40:40 AM,1/10/2026,
262,47.2,gf,1.085,mm,OK,--,9:40:40 AM,1/10/2026,
263,47.2,gf,1.090,mm,OK,--,9:40:40 AM,1/10/2026,
264,47.3,gf,1.095,mm,OK,--,9:40:40 AM,1/10/2026,
265,47.3,gf,1.100,mm,OK,--,9:40:40 AM,1/10/2026,
266,47.8,gf,1.100,mm,OK,--,9:40:40 AM,1/10/2026,
267,48.0,gf,1.105,mm,OK,--,9:40:40 AM,1/10/2026,
268,48.4,gf,1.105,mm,OK,--,9:40:40 AM,1/10/2026,
269,48.8,gf,1.110,mm,OK,--,9:40:41 AM,1/10/2026,
270,49.4,gf,1.115,mm,OK,--,9:40:41 AM,1/10/2026,
271,50.1,gf,1.120,mm,OK,--,9:40:41 AM,1/10/2026,
272,50.7,gf,1.125,mm,OK,--,9:40:41 AM,1/10/2026,
273,51.2,gf,1.130,mm,OK,--,9:40:41 AM,1/10/2026,
274,51.5,gf,1.135,mm,OK,--,9:40:41 AM,1/10/2026,
275,52.0,gf,1.140,mm,OK,--,9:40:41 AM,1/10/2026,
276,52.3,gf,1.145,mm,OK,--,9:40:41 AM,1/10/2026,
277,52.8,gf,1.150,mm,OK,--,9:40:41 AM,1/10/2026,
278,53.4,gf,1.155,mm,OK,--,9:40:41 AM,1/10/2026,
279,54.0,gf,1.160,mm,OK,--,9:40:42 AM,1/10/2026,
280,54.5,gf,1.165,mm,OK,--,9:40:42 AM,1/10/2026,
281,54.8,gf,1.170,mm,OK,--,9:40:42 AM,1/10/2026,
282,55.4,gf,1.175,mm,OK,--,9:40:42 AM,1/10/2026,
283,55.8,gf,1.180,mm,OK,--,9:40:42 AM,1/10/2026,
284,56.4,gf,1.185,mm,OK,--,9:40:42 AM,1/10/2026,
285,56.9,gf,1.190,mm,OK,--,9:40:42 AM,1/10/2026,
286,57.2,gf,1.195,mm,OK,--,9:40:42 AM,1/10/2026,
287,57.2,gf,1.200,mm,OK,--,9:40:42 AM,1/10/2026,
288,57.6,gf,1.205,mm,OK,--,9:40:42 AM,1/10/2026,
289,57.7,gf,1.210,mm,OK,--,9:40:43 AM,1/10/2026,
290,57.9,gf,1.215,mm,OK,--,9:40:43 AM,1/10/2026,
291,57.8,gf,1.220,mm,OK,--,9:40:43 AM,1/10/2026,
292,57.3,gf,1.220,mm,OK,--,9:40:43 AM,1/10/2026,
293,57.4,gf,1.225,mm,OK,--,9:40:43 AM,1/10/2026,
294,57.7,gf,1.230,mm,OK,--,9:40:43 AM,1/10/2026,
295,57.9,gf,1.235,mm,OK,--,9:40:43 AM,1/10/2026,
296,58.1,gf,1.240,mm,OK,--,9:40:43 AM,1/10/2026,
297,58.2,gf,1.245,mm,OK,--,9:40:43 AM,1/10/2026,
298,58.2,gf,1.245,mm,OK,--,9:40:43 AM,1/10/2026,
299,58.3,gf,1.250,mm,OK,--,9:40:44 AM,1/10/2026,
300,58.3,gf,1.255,mm,OK,--,9:40:44 AM,1/10/2026,
301,58.2,gf,1.260,mm,OK,--,9:40:44 AM,1/10/2026,
302,58.2,gf,1.265,mm,OK,--,9:40:44 AM,1/10/2026,
303,58.4,gf,1.270,mm,OK,--,9:40:44 AM,1/10/2026,
304,58.5,gf,1.275,mm,OK,--,9:40:44 AM,1/10/2026,
305,58.6,gf,1.280,mm,OK,--,9:40:44 AM,1/10/2026,
306,58.7,gf,1.280,mm,OK,--,9:40:44 AM,1/10/2026,
307,58.7,gf,1.285,mm,OK,--,9:40:44 AM,1/10/2026,
308,58.9,gf,1.290,mm,OK,--,9:40:44 AM,1/10/2026,
309,58.9,gf,1.295,mm,OK,--,9:40:45 AM,1/10/2026,
310,59.1,gf,1.295,mm,OK,--,9:40:45 AM,1/10/2026,
311,59.1,gf,1.300,mm,OK,--,9:40:45 AM,1/10/2026,
312,58.9,gf,1.305,mm,OK,--,9:40:45 AM,1/10/2026,
313,59.2,gf,1.310,mm,OK,--,9:40:45 AM,1/10/2026,
314,59.5,gf,1.315,mm,OK,--,9:40:45 AM,1/10/2026,
315,59.3,gf,1.315,mm,OK,--,9:40:45 AM,1/10/2026,
316,59.3,gf,1.320,mm,OK,--,9:40:45 AM,1/10/2026,
317,59.3,gf,1.320,mm,OK,--,9:40:45 AM,1/10/2026,
318,59.1,gf,1.325,mm,OK,--,9:40:45 AM,1/10/2026,
319,59.2,gf,1.330,mm,OK,--,9:40:46 AM,1/10/2026,
320,59.3,gf,1.330,mm,OK,--,9:40:46 AM,1/10/2026,
321,59.2,gf,1.335,mm,OK,--,9:40:46 AM,1/10/2026,
322,59.2,gf,1.335,mm,OK,--,9:40:46 AM,1/10/2026,
323,59.2,gf,1.340,mm,OK,--,9:40:46 AM,1/10/2026,
324,59.3,gf,1.345,mm,OK,--,9:40:46 AM,1/10/2026,
325,59.5,gf,1.345,mm,OK,--,9:40:46 AM,1/10/2026,
326,59.8,gf,1.350,mm,OK,--,9:40:46 AM,1/10/2026,
327,59.9,gf,1.355,mm,OK,--,9:40:46 AM,1/10/2026,
328,59.9,gf,1.355,mm,OK,--,9:40:46 AM,1/10/2026,
329,59.8,gf,1.360,mm,OK,--,9:40:47 AM,1/10/2026,
330,59.5,gf,1.360,mm,OK,--,9:40:47 AM,1/10/2026,
331,59.7,gf,1.365,mm,OK,--,9:40:47 AM,1/10/2026,
332,59.8,gf,1.370,mm,OK,--,9:40:47 AM,1/10/2026,
333,59.8,gf,1.375,mm,OK,--,9:40:47 AM,1/10/2026,
334,59.8,gf,1.380,mm,OK,--,9:40:47 AM,1/10/2026,
335,60.1,gf,1.380,mm,OK,--,9:40:47 AM,1/10/2026,
336,60.2,gf,1.385,mm,OK,--,9:40:47 AM,1/10/2026,
337,60.1,gf,1.390,mm,OK,--,9:40:47 AM,1/10/2026,
338,59.8,gf,1.390,mm,OK,--,9:40:47 AM,1/10/2026,
339,59.8,gf,1.395,mm,OK,--,9:40:48 AM,1/10/2026,
340,60.0,gf,1.395,mm,OK,--,9:40:48 AM,1/10/2026,
341,60.1,gf,1.400,mm,OK,--,9:40:48 AM,1/10/2026,
342,60.2,gf,1.405,mm,OK,--,9:40:48 AM,1/10/2026,
343,60.1,gf,1.405,mm,OK,--,9:40:48 AM,1/10/2026,
344,60.0,gf,1.410,mm,OK,--,9:40:48 AM,1/10/2026,
345,60.3,gf,1.415,mm,OK,--,9:40:48 AM,1/10/2026,
346,60.3,gf,1.420,mm,OK,--,9:40:48 AM,1/10/2026,
347,59.9,gf,1.425,mm,OK,--,9:40:48 AM,1/10/2026,
348,59.8,gf,1.425,mm,OK,--,9:40:48 AM,1/10/2026,
349,60.1,gf,1.430,mm,OK,--,9:40:49 AM,1/10/2026,
350,60.1,gf,1.430,mm,OK,--,9:40:49 AM,1/10/2026,
351,60.2,gf,1.435,mm,OK,--,9:40:49 AM,1/10/2026,
352,60.2,gf,1.435,mm,OK,--,9:40:49 AM,1/10/2026,
353,59.7,gf,1.435,mm,OK,--,9:40:49 AM,1/10/2026,
354,60.0,gf,1.440,mm,OK,--,9:40:49 AM,1/10/2026,
355,60.4,gf,1.440,mm,OK,--,9:40:49 AM,1/10/2026,
356,60.5,gf,1.440,mm,OK,--,9:40:49 AM,1/10/2026,
357,60.2,gf,1.445,mm,OK,--,9:40:49 AM,1/10/2026,
358,60.3,gf,1.445,mm,OK,--,9:40:49 AM,1/10/2026,
359,60.4,gf,1.445,mm,OK,--,9:40:50 AM,1/10/2026,
360,60.3,gf,1.445,mm,OK,--,9:40:50 AM,1/10/2026,
361,60.4,gf,1.450,mm,OK,--,9:40:50 AM,1/10/2026,
362,60.5,gf,1.450,mm,OK,--,9:40:50 AM,1/10/2026,
363,60.4,gf,1.450,mm,OK,--,9:40:50 AM,1/10/2026,
364,60.3,gf,1.455,mm,OK,--,9:40:50 AM,1/10/2026,
365,60.5,gf,1.455,mm,OK,--,9:40:50 AM,1/10/2026,
366,60.7,gf,1.455,mm,OK,--,9:40:50 AM,1/10/2026,
367,60.8,gf,1.455,mm,OK,--,9:40:50 AM,1/10/2026,
368,61.0,gf,1.460,mm,OK,--,9:40:50 AM,1/10/2026,
369,61.0,gf,1.460,mm,OK,--,9:40:51 AM,1/10/2026,
370,61.0,gf,1.460,mm,OK,--,9:40:51 AM,1/10/2026,
371,60.9,gf,1.465,mm,OK,--,9:40:51 AM,1/10/2026,
372,60.7,gf,1.465,mm,OK,--,9:40:51 AM,1/10/2026,
373,60.7,gf,1.470,mm,OK,--,9:40:51 AM,1/10/2026,
374,60.8,gf,1.470,mm,OK,--,9:40:51 AM,1/10/2026,
375,61.0,gf,1.475,mm,OK,--,9:40:51 AM,1/10/2026,
376,60.9,gf,1.480,mm,OK,--,9:40:51 AM,1/10/2026,
377,60.9,gf,1.485,mm,OK,--,9:40:51 AM,1/10/2026,
378,60.7,gf,1.490,mm,OK,--,9:40:51 AM,1/10/2026,
379,60.6,gf,1.495,mm,OK,--,9:40:52 AM,1/10/2026,
380,60.8,gf,1.500,mm,OK,--,9:40:52 AM,1/10/2026,
381,61.2,gf,1.505,mm,OK,--,9:40:52 AM,1/10/2026,
382,61.0,gf,1.510,mm,OK,--,9:40:52 AM,1/10/2026,
383,61.3,gf,1.510,mm,OK,--,9:40:52 AM,1/10/2026,
384,61.3,gf,1.515,mm,OK,--,9:40:52 AM,1/10/2026,
385,61.1,gf,1.520,mm,OK,--,9:40:52 AM,1/10/2026,
386,61.1,gf,1.525,mm,OK,--,9:40:52 AM,1/10/2026,
387,61.1,gf,1.525,mm,OK,--,9:40:52 AM,1/10/2026,
388,60.9,gf,1.530,mm,OK,--,9:40:52 AM,1/10/2026,
389,60.9,gf,1.535,mm,OK,--,9:40:53 AM,1/10/2026,
390,60.8,gf,1.535,mm,OK,--,9:40:53 AM,1/10/2026,
391,60.8,gf,1.540,mm,OK,--,9:40:53 AM,1/10/2026,
392,60.9,gf,1.540,mm,OK,--,9:40:53 AM,1/10/2026,
393,61.0,gf,1.540,mm,OK,--,9:40:53 AM,1/10/2026,
394,61.3,gf,1.540,mm,OK,--,9:40:53 AM,1/10/2026,
395,61.2,gf,1.545,mm,OK,--,9:40:53 AM,1/10/2026,
396,61.2,gf,1.545,mm,OK,--,9:40:53 AM,1/10/2026,
397,61.2,gf,1.550,mm,OK,--,9:40:53 AM,1/10/2026,
398,61.3,gf,1.550,mm,OK,--,9:40:53 AM,1/10/2026,
399,61.6,gf,1.555,mm,OK,--,9:40:54 AM,1/10/2026,
400,61.7,gf,1.555,mm,OK,--,9:40:54 AM,1/10/2026,
401,61.9,gf,1.560,mm,OK,--,9:40:54 AM,1/10/2026,
402,61.8,gf,1.560,mm,OK,--,9:40:54 AM,1/10/2026,
403,61.9,gf,1.565,mm,OK,--,9:40:54 AM,1/10/2026,
404,61.9,gf,1.570,mm,OK,--,9:40:54 AM,1/10/2026,
405,61.6,gf,1.575,mm,OK,--,9:40:54 AM,1/10/2026,
406,61.6,gf,1.575,mm,OK,--,9:40:54 AM,1/10/2026,
407,61.7,gf,1.580,mm,OK,--,9:40:54 AM,1/10/2026,
408,61.5,gf,1.585,mm,OK,--,9:40:54 AM,1/10/2026,
409,61.5,gf,1.590,mm,OK,--,9:40:55 AM,1/10/2026,
410,61.6,gf,1.595,mm,OK,--,9:40:55 AM,1/10/2026,
411,61.6,gf,1.600,mm,OK,--,9:40:55 AM,1/10/2026,
412,61.5,gf,1.600,mm,OK,--,9:40:55 AM,1/10/2026,
413,61.6,gf,1.605,mm,OK,--,9:40:55 AM,1/10/2026,
414,61.6,gf,1.610,mm,OK,--,9:40:55 AM,1/10/2026,
415,61.2,gf,1.615,mm,OK,--,9:40:55 AM,1/10/2026,
416,61.1,gf,1.620,mm,OK,--,9:40:55 AM,1/10/2026,
417,60.5,gf,1.625,mm,OK,--,9:40:55 AM,1/10/2026,
418,60.3,gf,1.630,mm,OK,--,9:40:55 AM,1/10/2026,
419,59.9,gf,1.635,mm,OK,--,9:40:56 AM,1/10/2026,
420,59.4,gf,1.640,mm,OK,--,9:40:56 AM,1/10/2026,
421,59.3,gf,1.645,mm,OK,--,9:40:56 AM,1/10/2026,
422,59.4,gf,1.645,mm,OK,--,9:40:56 AM,1/10/2026,
423,58.9,gf,1.650,mm,OK,--,9:40:56 AM,1/10/2026,
424,58.9,gf,1.655,mm,OK,--,9:40:56 AM,1/10/2026,
425,58.7,gf,1.660,mm,OK,--,9:40:56 AM,1/10/2026,
426,58.6,gf,1.660,mm,OK,--,9:40:56 AM,1/10/2026,
427,58.5,gf,1.665,mm,OK,--,9:40:56 AM,1/10/2026,
428,58.6,gf,1.675,mm,OK,--,9:40:56 AM,1/10/2026,
429,58.0,gf,1.680,mm,OK,--,9:40:57 AM,1/10/2026,
430,57.4,gf,1.685,mm,OK,--,9:40:57 AM,1/10/2026,
431,57.0,gf,1.695,mm,OK,--,9:40:57 AM,1/10/2026,
432,56.9,gf,1.700,mm,OK,--,9:40:57 AM,1/10/2026,
433,56.5,gf,1.705,mm,OK,--,9:40:57 AM,1/10/2026,
434,56.1,gf,1.710,mm,OK,--,9:40:57 AM,1/10/2026,
435,55.9,gf,1.715,mm,OK,--,9:40:57 AM,1/10/2026,
436,55.9,gf,1.720,mm,OK,--,9:40:57 AM,1/10/2026,
437,55.7,gf,1.725,mm,OK,--,9:40:57 AM,1/10/2026,
438,55.6,gf,1.730,mm,OK,--,9:40:57 AM,1/10/2026,
439,55.4,gf,1.735,mm,OK,--,9:40:58 AM,1/10/2026,
440,55.3,gf,1.740,mm,OK,--,9:40:58 AM,1/10/2026,
441,55.3,gf,1.745,mm,OK,--,9:40:58 AM,1/10/2026,
442,55.1,gf,1.750,mm,OK,--,9:40:58 AM,1/10/2026,
443,55.0,gf,1.755,mm,OK,--,9:40:58 AM,1/10/2026,
444,54.8,gf,1.760,mm,OK,--,9:40:58 AM,1/10/2026,
445,54.5,gf,1.760,mm,OK,--,9:40:58 AM,1/10/2026,
446,54.4,gf,1.765,mm,OK,--,9:40:58 AM,1/10/2026,
447,54.2,gf,1.770,mm,OK,--,9:40:58 AM,1/10/2026,
448,54.1,gf,1.770,mm,OK,--,9:40:58 AM,1/10/2026,
449,54.0,gf,1.775,mm,OK,--,9:40:59 AM,1/10/2026,
450,53.8,gf,1.775,mm,OK,--,9:40:59 AM,1/10/2026,
451,53.4,gf,1.780,mm,OK,--,9:40:59 AM,1/10/2026,
452,53.3,gf,1.780,mm,OK,--,9:40:59 AM,1/10/2026,
453,53.0,gf,1.785,mm,OK,--,9:40:59 AM,1/10/2026,
454,52.7,gf,1.790,mm,OK,--,9:40:59 AM,1/10/2026,
455,52.3,gf,1.790,mm,OK,--,9:40:59 AM,1/10/2026,
456,52.1,gf,1.795,mm,OK,--,9:40:59 AM,1/10/2026,
457,51.7,gf,1.795,mm,OK,--,9:40:59 AM,1/10/2026,
458,51.1,gf,1.800,mm,OK,--,9:40:59 AM,1/10/2026,
459,50.4,gf,1.805,mm,OK,--,9:41:00 AM,1/10/2026,
460,49.5,gf,1.810,mm,OK,--,9:41:00 AM,1/10/2026,
461,48.6,gf,1.815,mm,OK,--,9:41:00 AM,1/10/2026,
462,48.0,gf,1.820,mm,OK,--,9:41:00 AM,1/10/2026,
463,47.7,gf,1.825,mm,OK,--,9:41:00 AM,1/10/2026,
464,47.5,gf,1.830,mm,OK,--,9:41:00 AM,1/10/2026,
465,47.4,gf,1.835,mm,OK,--,9:41:00 AM,1/10/2026,
466,33.9,gf,1.840,mm,OK,--,9:41:00 AM,1/10/2026,
467,34.5,gf,1.840,mm,OK,--,9:41:00 AM,1/10/2026,
468,34.7,gf,1.845,mm,OK,--,9:41:00 AM,1/10/2026,
469,34.9,gf,1.850,mm,OK,--,9:41:01 AM,1/10/2026,
470,35.1,gf,1.855,mm,OK,--,9:41:01 AM,1/10/2026,
471,35.2,gf,1.855,mm,OK,--,9:41:01 AM,1/10/2026,
472,35.2,gf,1.860,mm,OK,--,9:41:01 AM,1/10/2026,
473,35.2,gf,1.860,mm,OK,--,9:41:01 AM,1/10/2026,
474,35.4,gf,1.865,mm,OK,--,9:41:01 AM,1/10/2026,
475,35.5,gf,1.865,mm,OK,--,9:41:01 AM,1/10/2026,
476,35.6,gf,1.870,mm,OK,--,9:41:01 AM,1/10/2026,
477,35.7,gf,1.870,mm,OK,--,9:41:01 AM,1/10/2026,
478,35.8,gf,1.875,mm,OK,--,9:41:01 AM,1/10/2026,
479,35.8,gf,1.875,mm,OK,--,9:41:02 AM,1/10/2026,
480,35.9,gf,1.875,mm,OK,--,9:41:02 AM,1/10/2026,
481,36.0,gf,1.880,mm,OK,--,9:41:02 AM,1/10/2026,
482,36.2,gf,1.880,mm,OK,--,9:41:02 AM,1/10/2026,
483,36.2,gf,1.880,mm,OK,--,9:41:02 AM,1/10/2026,
484,36.3,gf,1.885,mm,OK,--,9:41:02 AM,1/10/2026,
485,36.3,gf,1.885,mm,OK,--,9:41:02 AM,1/10/2026,
486,36.3,gf,1.890,mm,OK,--,9:41:02 AM,1/10/2026,
487,36.3,gf,1.890,mm,OK,--,9:41:02 AM,1/10/2026,
488,36.5,gf,1.895,mm,OK,--,9:41:02 AM,1/10/2026,
489,36.5,gf,1.895,mm,OK,--,9:41:03 AM,1/10/2026,
490,36.5,gf,1.900,mm,OK,--,9:41:03 AM,1/10/2026,
491,36.6,gf,1.900,mm,OK,--,9:41:03 AM,1/10/2026,
492,36.7,gf,1.900,mm,OK,--,9:41:03 AM,1/10/2026,
493,36.9,gf,1.900,mm,OK,--,9:41:03 AM,1/10/2026,
494,37.0,gf,1.905,mm,OK,--,9:41:03 AM,1/10/2026,
495,37.1,gf,1.905,mm,OK,--,9:41:03 AM,1/10/2026,
496,37.2,gf,1.905,mm,OK,--,9:41:03 AM,1/10/2026,
497,37.2,gf,1.905,mm,OK,--,9:41:03 AM,1/10/2026,
498,37.2,gf,1.905,mm,OK,--,9:41:03 AM,1/10/2026,
499,37.3,gf,1.905,mm,OK,--,9:41:04 AM,1/10/2026,
500,37.4,gf,1.910,mm,OK,--,9:41:04 AM,1/10/2026,
501,37.4,gf,1.910,mm,OK,--,9:41:04 AM,1/10/2026,
502,37.4,gf,1.910,mm,OK,--,9:41:04 AM,1/10/2026,
503,37.4,gf,1.910,mm,OK,--,9:41:04 AM,1/10/2026,
504,37.2,gf,1.910,mm,OK,--,9:41:04 AM,1/10/2026,
505,37.3,gf,1.910,mm,OK,--,9:41:04 AM,1/10/2026,
506,37.4,gf,1.910,mm,OK,--,9:41:04 AM,1/10/2026,
507,37.5,gf,1.910,mm,OK,--,9:41:04 AM,1/10/2026,
508,37.6,gf,1.910,mm,OK,--,9:41:04 AM,1/10/2026,
509,37.7,gf,1.915,mm,OK,--,9:41:05 AM,1/10/2026,
510,37.6,gf,1.915,mm,OK,--,9:41:05 AM,1/10/2026,
511,37.7,gf,1.915,mm,OK,--,9:41:05 AM,1/10/2026,
512,37.8,gf,1.915,mm,OK,--,9:41:05 AM,1/10/2026,
513,37.8,gf,1.920,mm,OK,--,9:41:05 AM,1/10/2026,
514,37.9,gf,1.920,mm,OK,--,9:41:05 AM,1/10/2026,
515,38.1,gf,1.925,mm,OK,--,9:41:05 AM,1/10/2026,
516,38.2,gf,1.925,mm,OK,--,9:41:05 AM,1/10/2026,
517,38.5,gf,1.930,mm,OK,--,9:41:05 AM,1/10/2026,
518,38.8,gf,1.935,mm,OK,--,9:41:05 AM,1/10/2026,
519,39.1,gf,1.940,mm,OK,--,9:41:06 AM,1/10/2026,
520,39.5,gf,1.945,mm,OK,--,9:41:06 AM,1/10/2026,
521,39.6,gf,1.950,mm,OK,--,9:41:06 AM,1/10/2026,
522,39.8,gf,1.955,mm,OK,--,9:41:06 AM,1/10/2026,
523,40.1,gf,1.960,mm,OK,--,9:41:06 AM,1/10/2026,
524,40.5,gf,1.965,mm,OK,--,9:41:06 AM,1/10/2026,
525,41.0,gf,1.970,mm,OK,--,9:41:06 AM,1/10/2026,
526,41.3,gf,1.975,mm,OK,--,9:41:06 AM,1/10/2026,
527,41.5,gf,1.980,mm,OK,--,9:41:06 AM,1/10/2026,
528,41.7,gf,1.980,mm,OK,--,9:41:06 AM,1/10/2026,
529,42.0,gf,1.985,mm,OK,--,9:41:07 AM,1/10/2026,
530,42.2,gf,1.990,mm,OK,--,9:41:07 AM,1/10/2026,
531,42.5,gf,1.990,mm,OK,--,9:41:07 AM,1/10/2026,
532,42.7,gf,1.995,mm,OK,--,9:41:07 AM,1/10/2026,
533,43.1,gf,2.000,mm,OK,--,9:41:07 AM,1/10/2026,
534,43.3,gf,2.005,mm,OK,--,9:41:07 AM,1/10/2026,
535,43.6,gf,2.010,mm,OK,--,9:41:07 AM,1/10/2026,
536,43.8,gf,2.010,mm,OK,--,9:41:07 AM,1/10/2026,
537,44.0,gf,2.015,mm,OK,--,9:41:07 AM,1/10/2026,
538,44.2,gf,2.020,mm,OK,--,9:41:07 AM,1/10/2026,
539,44.2,gf,2.030,mm,OK,--,9:41:08 AM,1/10/2026,
540,44.2,gf,2.035,mm,OK,--,9:41:08 AM,1/10/2026,
541,44.4,gf,2.045,mm,OK,--,9:41:08 AM,1/10/2026,
542,44.4,gf,2.055,mm,OK,--,9:41:08 AM,1/10/2026,
543,44.6,gf,2.065,mm,OK,--,9:41:08 AM,1/10/2026,
544,44.6,gf,2.070,mm,OK,--,9:41:08 AM,1/10/2026,
545,44.8,gf,2.080,mm,OK,--,9:41:08 AM,1/10/2026,
546,44.9,gf,2.090,mm,OK,--,9:41:08 AM,1/10/2026,
547,45.1,gf,2.100,mm,OK,--,9:41:08 AM,1/10/2026,
548,45.2,gf,2.110,mm,OK,--,9:41:08 AM,1/10/2026,
549,45.2,gf,2.120,mm,OK,--,9:41:09 AM,1/10/2026,
550,45.3,gf,2.125,mm,OK,--,9:41:09 AM,1/10/2026,
551,45.4,gf,2.135,mm,OK,--,9:41:09 AM,1/10/2026,
552,45.4,gf,2.140,mm,OK,--,9:41:09 AM,1/10/2026,
553,45.4,gf,2.145,mm,OK,--,9:41:09 AM,1/10/2026,
554,45.5,gf,2.150,mm,OK,--,9:41:09 AM,1/10/2026,
555,45.5,gf,2.155,mm,OK,--,9:41:09 AM,1/10/2026,
556,45.5,gf,2.160,mm,OK,--,9:41:09 AM,1/10/2026,
557,45.5,gf,2.165,mm,OK,--,9:41:09 AM,1/10/2026,
558,45.5,gf,2.165,mm,OK,--,9:41:09 AM,1/10/2026,
559,45.5,gf,2.170,mm,OK,--,9:41:10 AM,1/10/2026,
560,45.5,gf,2.170,mm,OK,--,9:41:10 AM,1/10/2026,
561,45.5,gf,2.170,mm,OK,--,9:41:10 AM,1/10/2026,
562,45.5,gf,2.175,mm,OK,--,9:41:10 AM,1/10/2026,
563,45.6,gf,2.175,mm,OK,--,9:41:10 AM,1/10/2026,
564,45.6,gf,2.175,mm,OK,--,9:41:10 AM,1/10/2026,
565,45.6,gf,2.180,mm,OK,--,9:41:10 AM,1/10/2026,
566,45.6,gf,2.180,mm,OK,--,9:41:10 AM,1/10/2026,
567,45.6,gf,2.180,mm,OK,--,9:41:10 AM,1/10/2026,
568,45.6,gf,2.180,mm,OK,--,9:41:10 AM,1/10/2026,
569,45.6,gf,2.185,mm,OK,--,9:41:11 AM,1/10/2026,
570,45.7,gf,2.185,mm,OK,--,9:41:11 AM,1/10/2026,
571,45.7,gf,2.190,mm,OK,--,9:41:11 AM,1/10/2026,
572,45.7,gf,2.190,mm,OK,--,9:41:11 AM,1/10/2026,
573,45.7,gf,2.190,mm,OK,--,9:41:11 AM,1/10/2026,
574,45.7,gf,2.195,mm,OK,--,9:41:11 AM,1/10/2026,
575,45.7,gf,2.195,mm,OK,--,9:41:11 AM,1/10/2026,
576,45.7,gf,2.200,mm,OK,--,9:41:11 AM,1/10/2026,
577,45.7,gf,2.205,mm,OK,--,9:41:11 AM,1/10/2026,
578,45.7,gf,2.210,mm,OK,--,9:41:11 AM,1/10/2026,
579,45.8,gf,2.210,mm,OK,--,9:41:12 AM,1/10/2026,
580,45.8,gf,2.220,mm,OK,--,9:41:12 AM,1/10/2026,
581,45.8,gf,2.225,mm,OK,--,9:41:12 AM,1/10/2026,
582,45.9,gf,2.235,mm,OK,--,9:41:12 AM,1/10/2026,
583,45.9,gf,2.245,mm,OK,--,9:41:12 AM,1/10/2026,
584,45.9,gf,2.250,mm,OK,--,9:41:12 AM,1/10/2026,
585,46.0,gf,2.260,mm,OK,--,9:41:12 AM,1/10/2026,
586,45.9,gf,2.270,mm,OK,--,9:41:12 AM,1/10/2026,
587,45.9,gf,2.280,mm,OK,--,9:41:12 AM,1/10/2026,
588,46.0,gf,2.285,mm,OK,--,9:41:12 AM,1/10/2026,
589,46.0,gf,2.295,mm,OK,--,9:41:13 AM,1/10/2026,
590,46.1,gf,2.305,mm,OK,--,9:41:13 AM,1/10/2026,
591,46.2,gf,2.320,mm,OK,--,9:41:13 AM,1/10/2026,
592,46.3,gf,2.330,mm,OK,--,9:41:13 AM,1/10/2026,
593,46.4,gf,2.345,mm,OK,--,9:41:13 AM,1/10/2026,
594,46.4,gf,2.355,mm,OK,--,9:41:13 AM,1/10/2026,
595,46.4,gf,2.360,mm,OK,--,9:41:13 AM,1/10/2026,
596,46.5,gf,2.370,mm,OK,--,9:41:13 AM,1/10/2026,
597,46.5,gf,2.375,mm,OK,--,9:41:13 AM,1/10/2026,
598,46.6,gf,2.385,mm,OK,--,9:41:13 AM,1/10/2026,
599,46.6,gf,2.395,mm,OK,--,9:41:14 AM,1/10/2026,
600,46.6,gf,2.400,mm,OK,--,9:41:14 AM,1/10/2026,
601,46.6,gf,2.405,mm,OK,--,9:41:14 AM,1/10/2026,
602,46.6,gf,2.410,mm,OK,--,9:41:14 AM,1/10/2026,
603,46.7,gf,2.410,mm,OK,--,9:41:14 AM,1/10/2026,
604,46.8,gf,2.415,mm,OK,--,9:41:14 AM,1/10/2026,
605,46.8,gf,2.420,mm,OK,--,9:41:14 AM,1/10/2026,
606,46.8,gf,2.425,mm,OK,--,9:41:14 AM,1/10/2026,
607,46.8,gf,2.430,mm,OK,--,9:41:14 AM,1/10/2026,
608,46.8,gf,2.430,mm,OK,--,9:41:14 AM,1/10/2026,
609,46.8,gf,2.435,mm,OK,--,9:41:15 AM,1/10/2026,
610,46.9,gf,2.440,mm,OK,--,9:41:15 AM,1/10/2026,
611,46.8,gf,2.445,mm,OK,--,9:41:15 AM,1/10/2026,
612,46.8,gf,2.455,mm,OK,--,9:41:15 AM,1/10/2026,
613,46.8,gf,2.460,mm,OK,--,9:41:15 AM,1/10/2026,
614,46.8,gf,2.465,mm,OK,--,9:41:15 AM,1/10/2026,
615,46.9,gf,2.470,mm,OK,--,9:41:15 AM,1/10/2026,
616,46.9,gf,2.475,mm,OK,--,9:41:15 AM,1/10/2026,
617,46.9,gf,2.480,mm,OK,--,9:41:15 AM,1/10/2026,
618,46.9,gf,2.485,mm,OK,--,9:41:15 AM,1/10/2026,
619,47.0,gf,2.495,mm,OK,--,9:41:16 AM,1/10/2026,
620,47.0,gf,2.500,mm,OK,--,9:41:16 AM,1/10/2026,
621,47.0,gf,2.505,mm,OK,--,9:41:16 AM,1/10/2026,
622,47.1,gf,2.505,mm,OK,--,9:41:16 AM,1/10/2026,
623,47.1,gf,2.510,mm,OK,--,9:41:16 AM,1/10/2026,
624,47.1,gf,2.515,mm,OK,--,9:41:16 AM,1/10/2026,
625,47.1,gf,2.515,mm,OK,--,9:41:16 AM,1/10/2026,
626,47.1,gf,2.520,mm,OK,--,9:41:16 AM,1/10/2026,
627,47.1,gf,2.520,mm,OK,--,9:41:16 AM,1/10/2026,
628,47.1,gf,2.520,mm,OK,--,9:41:16 AM,1/10/2026,
629,47.1,gf,2.525,mm,OK,--,9:41:17 AM,1/10/2026,
630,47.1,gf,2.525,mm,OK,--,9:41:17 AM,1/10/2026,
631,47.2,gf,2.525,mm,OK,--,9:41:17 AM,1/10/2026,
632,47.2,gf,2.530,mm,OK,--,9:41:17 AM,1/10/2026,
633,47.2,gf,2.530,mm,OK,--,9:41:17 AM,1/10/2026,
634,47.2,gf,2.535,mm,OK,--,9:41:17 AM,1/10/2026,
635,47.2,gf,2.535,mm,OK,--,9:41:17 AM,1/10/2026,
636,47.3,gf,2.540,mm,OK,--,9:41:17 AM,1/10/2026,
637,47.3,gf,2.540,mm,OK,--,9:41:17 AM,1/10/2026,
638,47.4,gf,2.545,mm,OK,--,9:41:17 AM,1/10/2026,
639,47.4,gf,2.550,mm,OK,--,9:41:18 AM,1/10/2026,
640,47.4,gf,2.555,mm,OK,--,9:41:18 AM,1/10/2026,
641,47.3,gf,2.555,mm,OK,--,9:41:18 AM,1/10/2026,
642,47.4,gf,2.555,mm,OK,--,9:41:18 AM,1/10/2026,
643,47.4,gf,2.555,mm,OK,--,9:41:18 AM,1/10/2026,
644,47.4,gf,2.560,mm,OK,--,9:41:18 AM,1/10/2026,
645,47.4,gf,2.560,mm,OK,--,9:41:18 AM,1/10/2026,
646,47.4,gf,2.560,mm,OK,--,9:41:18 AM,1/10/2026,
647,47.4,gf,2.565,mm,OK,--,9:41:18 AM,1/10/2026,
648,47.4,gf,2.565,mm,OK,--,9:41:18 AM,1/10/2026,
649,47.4,gf,2.570,mm,OK,--,9:41:19 AM,1/10/2026,
650,47.4,gf,2.575,mm,OK,--,9:41:19 AM,1/10/2026,
651,47.4,gf,2.580,mm,OK,--,9:41:19 AM,1/10/2026,
652,47.5,gf,2.585,mm,OK,--,9:41:19 AM,1/10/2026,
653,47.5,gf,2.590,mm,OK,--,9:41:19 AM,1/10/2026,
654,47.5,gf,2.595,mm,OK,--,9:41:19 AM,1/10/2026,
655,47.5,gf,2.600,mm,OK,--,9:41:19 AM,1/10/2026,
656,47.3,gf,2.605,mm,OK,--,9:41:19 AM,1/10/2026,
657,47.4,gf,2.605,mm,OK,--,9:41:19 AM,1/10/2026,
658,47.4,gf,2.610,mm,OK,--,9:41:19 AM,1/10/2026,
659,47.4,gf,2.615,mm,OK,--,9:41:20 AM,1/10/2026,
660,47.4,gf,2.620,mm,OK,--,9:41:20 AM,1/10/2026,
661,47.4,gf,2.625,mm,OK,--,9:41:20 AM,1/10/2026,
662,47.5,gf,2.630,mm,OK,--,9:41:20 AM,1/10/2026,
663,47.5,gf,2.630,mm,OK,--,9:41:20 AM,1/10/2026,
664,47.5,gf,2.635,mm,OK,--,9:41:20 AM,1/10/2026,
665,47.5,gf,2.635,mm,OK,--,9:41:20 AM,1/10/2026,
666,47.5,gf,2.640,mm,OK,--,9:41:20 AM,1/10/2026,
667,47.5,gf,2.640,mm,OK,--,9:41:20 AM,1/10/2026,
668,47.5,gf,2.645,mm,OK,--,9:41:20 AM,1/10/2026,
669,47.5,gf,2.650,mm,OK,--,9:41:21 AM,1/10/2026,
670,47.5,gf,2.650,mm,OK,--,9:41:21 AM,1/10/2026,
671,47.6,gf,2.655,mm,OK,--,9:41:21 AM,1/10/2026,
672,47.7,gf,2.660,mm,OK,--,9:41:21 AM,1/10/2026,
673,47.7,gf,2.665,mm,OK,--,9:41:21 AM,1/10/2026,
674,47.8,gf,2.670,mm,OK,--,9:41:21 AM,1/10/2026,
675,47.8,gf,2.675,mm,OK,--,9:41:21 AM,1/10/2026,
676,47.8,gf,2.680,mm,OK,--,9:41:21 AM,1/10/2026,
677,47.8,gf,2.685,mm,OK,--,9:41:21 AM,1/10/2026,
678,47.7,gf,2.690,mm,OK,--,9:41:21 AM,1/10/2026,
679,47.8,gf,2.695,mm,OK,--,9:41:22 AM,1/10/2026,
680,47.9,gf,2.700,mm,OK,--,9:41:22 AM,1/10/2026,
681,47.9,gf,2.705,mm,OK,--,9:41:22 AM,1/10/2026,
682,47.9,gf,2.710,mm,OK,--,9:41:22 AM,1/10/2026,
683,47.9,gf,2.715,mm,OK,--,9:41:22 AM,1/10/2026,
684,47.9,gf,2.720,mm,OK,--,9:41:22 AM,1/10/2026,
685,48.0,gf,2.730,mm,OK,--,9:41:22 AM,1/10/2026,
686,48.0,gf,2.740,mm,OK,--,9:41:22 AM,1/10/2026,
687,48.1,gf,2.745,mm,OK,--,9:41:22 AM,1/10/2026,
688,48.1,gf,2.755,mm,OK,--,9:41:22 AM,1/10/2026,
689,48.0,gf,2.765,mm,OK,--,9:41:23 AM,1/10/2026,
690,48.0,gf,2.775,mm,OK,--,9:41:23 AM,1/10/2026,
691,48.1,gf,2.780,mm,OK,--,9:41:23 AM,1/10/2026,
692,48.1,gf,2.790,mm,OK,--,9:41:23 AM,1/10/2026,
693,48.2,gf,2.800,mm,OK,--,9:41:23 AM,1/10/2026,
694,48.3,gf,2.805,mm,OK,--,9:41:23 AM,1/10/2026,
695,48.4,gf,2.815,mm,OK,--,9:41:23 AM,1/10/2026,
696,48.4,gf,2.825,mm,OK,--,9:41:23 AM,1/10/2026,
697,48.5,gf,2.830,mm,OK,--,9:41:23 AM,1/10/2026,
698,48.5,gf,2.840,mm,OK,--,9:41:23 AM,1/10/2026,
699,48.6,gf,2.850,mm,OK,--,9:41:24 AM,1/10/2026,
700,48.6,gf,2.860,mm,OK,--,9:41:24 AM,1/10/2026,
701,48.6,gf,2.865,mm,OK,--,9:41:24 AM,1/10/2026,
702,48.6,gf,2.875,mm,OK,--,9:41:24 AM,1/10/2026,
703,48.7,gf,2.885,mm,OK,--,9:41:24 AM,1/10/2026,
704,48.7,gf,2.890,mm,OK,--,9:41:24 AM,1/10/2026,
705,48.7,gf,2.900,mm,OK,--,9:41:24 AM,1/10/2026,
706,48.7,gf,2.905,mm,OK,--,9:41:24 AM,1/10/2026,
707,48.7,gf,2.915,mm,OK,--,9:41:24 AM,1/10/2026,
708,48.8,gf,2.925,mm,OK,--,9:41:24 AM,1/10/2026,
709,48.8,gf,2.930,mm,OK,--,9:41:25 AM,1/10/2026,
710,48.8,gf,2.935,mm,OK,--,9:41:25 AM,1/10/2026,
711,48.9,gf,2.945,mm,OK,--,9:41:25 AM,1/10/2026,
712,49.0,gf,2.955,mm,OK,--,9:41:25 AM,1/10/2026,
713,49.0,gf,2.960,mm,OK,--,9:41:25 AM,1/10/2026,
714,49.0,gf,2.965,mm,OK,--,9:41:25 AM,1/10/2026,
715,49.0,gf,2.970,mm,OK,--,9:41:25 AM,1/10/2026,
716,49.1,gf,2.980,mm,OK,--,9:41:25 AM,1/10/2026,
717,49.1,gf,2.985,mm,OK,--,9:41:25 AM,1/10/2026,
718,49.0,gf,2.995,mm,OK,--,9:41:25 AM,1/10/2026,
719,49.0,gf,3.000,mm,OK,--,9:41:26 AM,1/10/2026,
720,49.0,gf,3.005,mm,OK,--,9:41:26 AM,1/10/2026,
721,49.1,gf,3.010,mm,OK,--,9:41:26 AM,1/10/2026,
722,49.1,gf,3.015,mm,OK,--,9:41:26 AM,1/10/2026,
723,49.1,gf,3.015,mm,OK,--,9:41:26 AM,1/10/2026,
724,49.1,gf,3.020,mm,OK,--,9:41:26 AM,1/10/2026,
725,49.1,gf,3.025,mm,OK,--,9:41:26 AM,1/10/2026,
726,49.2,gf,3.025,mm,OK,--,9:41:26 AM,1/10/2026,
727,49.2,gf,3.030,mm,OK,--,9:41:26 AM,1/10/2026,
728,49.2,gf,3.035,mm,OK,--,9:41:26 AM,1/10/2026,
729,49.3,gf,3.040,mm,OK,--,9:41:27 AM,1/10/2026,
730,49.3,gf,3.040,mm,OK,--,9:41:27 AM,1/10/2026,
731,49.3,gf,3.045,mm,OK,--,9:41:27 AM,1/10/2026,
732,49.3,gf,3.045,mm,OK,--,9:41:27 AM,1/10/2026,
733,49.3,gf,3.050,mm,OK,--,9:41:27 AM,1/10/2026,
734,49.3,gf,3.050,mm,OK,--,9:41:27 AM,1/10/2026,
735,49.3,gf,3.055,mm,OK,--,9:41:27 AM,1/10/2026,
736,49.4,gf,3.055,mm,OK,--,9:41:27 AM,1/10/2026,
737,49.4,gf,3.060,mm,OK,--,9:41:27 AM,1/10/2026,
738,49.4,gf,3.060,mm,OK,--,9:41:27 AM,1/10/2026,
739,49.5,gf,3.065,mm,OK,--,9:41:28 AM,1/10/2026,
740,49.5,gf,3.070,mm,OK,--,9:41:28 AM,1/10/2026,
741,49.4,gf,3.075,mm,OK,--,9:41:28 AM,1/10/2026,
742,49.5,gf,3.075,mm,OK,--,9:41:28 AM,1/10/2026,
743,49.5,gf,3.080,mm,OK,--,9:41:28 AM,1/10/2026,
744,49.6,gf,3.085,mm,OK,--,9:41:28 AM,1/10/2026,
745,49.6,gf,3.090,mm,OK,--,9:41:28 AM,1/10/2026,
746,49.6,gf,3.095,mm,OK,--,9:41:28 AM,1/10/2026,
747,49.6,gf,3.095,mm,OK,--,9:41:28 AM,1/10/2026,
748,49.7,gf,3.100,mm,OK,--,9:41:28 AM,1/10/2026,
749,49.6,gf,3.105,mm,OK,--,9:41:29 AM,1/10/2026,
750,49.7,gf,3.110,mm,OK,--,9:41:29 AM,1/10/2026,
751,49.6,gf,3.115,mm,OK,--,9:41:29 AM,1/10/2026,
752,49.6,gf,3.115,mm,OK,--,9:41:29 AM,1/10/2026,
753,49.6,gf,3.120,mm,OK,--,9:41:29 AM,1/10/2026,
754,49.6,gf,3.125,mm,OK,--,9:41:29 AM,1/10/2026,
755,49.6,gf,3.125,mm,OK,--,9:41:29 AM,1/10/2026,
756,49.6,gf,3.130,mm,OK,--,9:41:29 AM,1/10/2026,
757,49.7,gf,3.135,mm,OK,--,9:41:29 AM,1/10/2026,
758,49.7,gf,3.140,mm,OK,--,9:41:29 AM,1/10/2026,
759,49.7,gf,3.145,mm,OK,--,9:41:30 AM,1/10/2026,
760,49.7,gf,3.145,mm,OK,--,9:41:30 AM,1/10/2026,
761,49.7,gf,3.150,mm,OK,--,9:41:30 AM,1/10/2026,
762,49.7,gf,3.155,mm,OK,--,9:41:30 AM,1/10/2026,
763,49.8,gf,3.155,mm,OK,--,9:41:30 AM,1/10/2026,
764,49.8,gf,3.160,mm,OK,--,9:41:30 AM,1/10/2026,
765,49.8,gf,3.165,mm,OK,--,9:41:30 AM,1/10/2026,
766,49.8,gf,3.165,mm,OK,--,9:41:30 AM,1/10/2026,
767,49.8,gf,3.170,mm,OK,--,9:41:30 AM,1/10/2026,
768,49.8,gf,3.170,mm,OK,--,9:41:30 AM,1/10/2026,
769,49.8,gf,3.175,mm,OK,--,9:41:31 AM,1/10/2026,
770,50.0,gf,3.180,mm,OK,--,9:41:31 AM,1/10/2026,
771,49.9,gf,3.180,mm,OK,--,9:41:31 AM,1/10/2026,
772,49.9,gf,3.185,mm,OK,--,9:41:31 AM,1/10/2026,
773,49.9,gf,3.190,mm,OK,--,9:41:31 AM,1/10/2026,
774,50.0,gf,3.195,mm,OK,--,9:41:31 AM,1/10/2026,
775,50.0,gf,3.195,mm,OK,--,9:41:31 AM,1/10/2026,
776,50.1,gf,3.200,mm,OK,--,9:41:31 AM,1/10/2026,
777,50.0,gf,3.205,mm,OK,--,9:41:31 AM,1/10/2026,
778,50.1,gf,3.210,mm,OK,--,9:41:31 AM,1/10/2026,
779,50.1,gf,3.220,mm,OK,--,9:41:32 AM,1/10/2026,
780,50.1,gf,3.225,mm,OK,--,9:41:32 AM,1/10/2026,
781,50.1,gf,3.230,mm,OK,--,9:41:32 AM,1/10/2026,
782,50.1,gf,3.235,mm,OK,--,9:41:32 AM,1/10/2026,
783,50.1,gf,3.240,mm,OK,--,9:41:32 AM,1/10/2026,
784,50.2,gf,3.240,mm,OK,--,9:41:32 AM,1/10/2026,
785,50.2,gf,3.245,mm,OK,--,9:41:32 AM,1/10/2026,
786,50.2,gf,3.250,mm,OK,--,9:41:32 AM,1/10/2026,
787,50.2,gf,3.255,mm,OK,--,9:41:32 AM,1/10/2026,
788,50.2,gf,3.260,mm,OK,--,9:41:32 AM,1/10/2026,
789,50.2,gf,3.260,mm,OK,--,9:41:33 AM,1/10/2026,
790,50.3,gf,3.265,mm,OK,--,9:41:33 AM,1/10/2026,
791,50.4,gf,3.270,mm,OK,--,9:41:33 AM,1/10/2026,
792,50.4,gf,3.270,mm,OK,--,9:41:33 AM,1/10/2026,
793,50.1,gf,3.275,mm,OK,--,9:41:33 AM,1/10/2026,
794,50.2,gf,3.280,mm,OK,--,9:41:33 AM,1/10/2026,
795,50.2,gf,3.285,mm,OK,--,9:41:33 AM,1/10/2026,
796,50.2,gf,3.285,mm,OK,--,9:41:33 AM,1/10/2026,
797,50.3,gf,3.290,mm,OK,--,9:41:33 AM,1/10/2026,
798,50.2,gf,3.290,mm,OK,--,9:41:33 AM,1/10/2026,
799,50.2,gf,3.295,mm,OK,--,9:41:34 AM,1/10/2026,
800,50.3,gf,3.295,mm,OK,--,9:41:34 AM,1/10/2026,
801,50.3,gf,3.300,mm,OK,--,9:41:34 AM,1/10/2026,
802,50.3,gf,3.300,mm,OK,--,9:41:34 AM,1/10/2026,
803,50.3,gf,3.305,mm,OK,--,9:41:34 AM,1/10/2026,
804,50.4,gf,3.305,mm,OK,--,9:41:34 AM,1/10/2026,
805,50.4,gf,3.310,mm,OK,--,9:41:34 AM,1/10/2026,
806,50.5,gf,3.315,mm,OK,--,9:41:34 AM,1/10/2026,
807,50.5,gf,3.315,mm,OK,--,9:41:34 AM,1/10/2026,
808,50.4,gf,3.320,mm,OK,--,9:41:34 AM,1/10/2026,
809,50.5,gf,3.325,mm,OK,--,9:41:35 AM,1/10/2026,
810,50.5,gf,3.330,mm,OK,--,9:41:35 AM,1/10/2026,
811,50.5,gf,3.330,mm,OK,--,9:41:35 AM,1/10/2026,
812,50.5,gf,3.335,mm,OK,--,9:41:35 AM,1/10/2026,
813,50.5,gf,3.340,mm,OK,--,9:41:35 AM,1/10/2026,
814,50.5,gf,3.345,mm,OK,--,9:41:35 AM,1/10/2026,
815,50.6,gf,3.345,mm,OK,--,9:41:35 AM,1/10/2026,
816,50.6,gf,3.350,mm,OK,--,9:41:35 AM,1/10/2026,
817,50.6,gf,3.350,mm,OK,--,9:41:35 AM,1/10/2026,
818,50.6,gf,3.355,mm,OK,--,9:41:35 AM,1/10/2026,
819,50.6,gf,3.355,mm,OK,--,9:41:36 AM,1/10/2026,
820,50.7,gf,3.360,mm,OK,--,9:41:36 AM,1/10/2026,
821,50.7,gf,3.360,mm,OK,--,9:41:36 AM,1/10/2026,
822,50.7,gf,3.365,mm,OK,--,9:41:36 AM,1/10/2026,
823,50.8,gf,3.365,mm,OK,--,9:41:36 AM,1/10/2026,
824,50.7,gf,3.365,mm,OK,--,9:41:36 AM,1/10/2026,
825,50.7,gf,3.370,mm,OK,--,9:41:36 AM,1/10/2026,
826,50.7,gf,3.370,mm,OK,--,9:41:36 AM,1/10/2026,
827,50.7,gf,3.375,mm,OK,--,9:41:36 AM,1/10/2026,
828,50.7,gf,3.375,mm,OK,--,9:41:36 AM,1/10/2026,
829,50.7,gf,3.380,mm,OK,--,9:41:37 AM,1/10/2026,
830,50.7,gf,3.380,mm,OK,--,9:41:37 AM,1/10/2026,
831,50.7,gf,3.380,mm,OK,--,9:41:37 AM,1/10/2026,
832,50.7,gf,3.385,mm,OK,--,9:41:37 AM,1/10/2026,
833,50.7,gf,3.385,mm,OK,--,9:41:37 AM,1/10/2026,
834,50.7,gf,3.385,mm,OK,--,9:41:37 AM,1/10/2026,
835,50.7,gf,3.385,mm,OK,--,9:41:37 AM,1/10/2026,
836,50.7,gf,3.390,mm,OK,--,9:41:37 AM,1/10/2026,
837,50.7,gf,3.390,mm,OK,--,9:41:37 AM,1/10/2026,
838,50.7,gf,3.390,mm,OK,--,9:41:37 AM,1/10/2026,
839,50.7,gf,3.395,mm,OK,--,9:41:38 AM,1/10/2026,
840,50.7,gf,3.395,mm,OK,--,9:41:38 AM,1/10/2026,
841,50.7,gf,3.395,mm,OK,--,9:41:38 AM,1/10/2026,
842,50.7,gf,3.400,mm,OK,--,9:41:38 AM,1/10/2026,
843,50.7,gf,3.400,mm,OK,--,9:41:38 AM,1/10/2026,
844,50.7,gf,3.400,mm,OK,--,9:41:38 AM,1/10/2026,
845,50.8,gf,3.405,mm,OK,--,9:41:38 AM,1/10/2026,
846,50.8,gf,3.405,mm,OK,--,9:41:38 AM,1/10/2026,
847,50.8,gf,3.405,mm,OK,--,9:41:38 AM,1/10/2026,
848,50.8,gf,3.405,mm,OK,--,9:41:38 AM,1/10/2026,
849,50.8,gf,3.410,mm,OK,--,9:41:39 AM,1/10/2026,
850,50.8,gf,3.410,mm,OK,--,9:41:39 AM,1/10/2026,
851,50.8,gf,3.410,mm,OK,--,9:41:39 AM,1/10/2026,
852,50.9,gf,3.415,mm,OK,--,9:41:39 AM,1/10/2026,
853,50.9,gf,3.415,mm,OK,--,9:41:39 AM,1/10/2026,
854,51.0,gf,3.420,mm,OK,--,9:41:39 AM,1/10/2026,
855,51.0,gf,3.420,mm,OK,--,9:41:39 AM,1/10/2026,
856,51.0,gf,3.420,mm,OK,--,9:41:39 AM,1/10/2026,
857,51.0,gf,3.420,mm,OK,--,9:41:39 AM,1/10/2026,
858,51.0,gf,3.425,mm,OK,--,9:41:39 AM,1/10/2026,
859,51.0,gf,3.425,mm,OK,--,9:41:40 AM,1/10/2026,
860,51.0,gf,3.425,mm,OK,--,9:41:40 AM,1/10/2026,
861,51.0,gf,3.430,mm,OK,--,9:41:40 AM,1/10/2026,
862,51.1,gf,3.430,mm,OK,--,9:41:40 AM,1/10/2026,
863,51.2,gf,3.435,mm,OK,--,9:41:40 AM,1/10/2026,
864,51.2,gf,3.440,mm,OK,--,9:41:40 AM,1/10/2026,
865,51.2,gf,3.440,mm,OK,--,9:41:40 AM,1/10/2026,
866,51.2,gf,3.445,mm,OK,--,9:41:40 AM,1/10/2026,
867,51.3,gf,3.450,mm,OK,--,9:41:40 AM,1/10/2026,
868,51.4,gf,3.455,mm,OK,--,9:41:40 AM,1/10/2026,
869,51.4,gf,3.460,mm,OK,--,9:41:41 AM,1/10/2026,
870,51.4,gf,3.465,mm,OK,--,9:41:41 AM,1/10/2026,
871,51.4,gf,3.470,mm,OK,--,9:41:41 AM,1/10/2026,
872,51.4,gf,3.470,mm,OK,--,9:41:41 AM,1/10/2026,
873,51.4,gf,3.475,mm,OK,--,9:41:41 AM,1/10/2026,
874,51.3,gf,3.480,mm,OK,--,9:41:41 AM,1/10/2026,
875,51.2,gf,3.485,mm,OK,--,9:41:41 AM,1/10/2026,
876,51.3,gf,3.490,mm,OK,--,9:41:41 AM,1/10/2026,
877,51.4,gf,3.495,mm,OK,--,9:41:41 AM,1/10/2026,
878,51.4,gf,3.505,mm,OK,--,9:41:41 AM,1/10/2026,
879,51.6,gf,3.510,mm,OK,--,9:41:42 AM,1/10/2026,
880,51.7,gf,3.520,mm,OK,--,9:41:42 AM,1/10/2026,
881,51.9,gf,3.525,mm,OK,--,9:41:42 AM,1/10/2026,
882,52.0,gf,3.535,mm,OK,--,9:41:42 AM,1/10/2026,
883,52.1,gf,3.540,mm,OK,--,9:41:42 AM,1/10/2026,
884,52.1,gf,3.545,mm,OK,--,9:41:42 AM,1/10/2026,
885,52.2,gf,3.550,mm,OK,--,9:41:42 AM,1/10/2026,
886,52.3,gf,3.555,mm,OK,--,9:41:42 AM,1/10/2026,
887,52.3,gf,3.560,mm,OK,--,9:41:42 AM,1/10/2026,
888,52.3,gf,3.565,mm,OK,--,9:41:42 AM,1/10/2026,
889,52.4,gf,3.570,mm,OK,--,9:41:43 AM,1/10/2026,
890,52.4,gf,3.575,mm,OK,--,9:41:43 AM,1/10/2026,
891,52.5,gf,3.580,mm,OK,--,9:41:43 AM,1/10/2026,
892,52.6,gf,3.585,mm,OK,--,9:41:43 AM,1/10/2026,
893,52.7,gf,3.590,mm,OK,--,9:41:43 AM,1/10/2026,
894,52.7,gf,3.595,mm,OK,--,9:41:43 AM,1/10/2026,
895,52.8,gf,3.595,mm,OK,--,9:41:43 AM,1/10/2026,
896,52.9,gf,3.600,mm,OK,--,9:41:43 AM,1/10/2026,
897,53.2,gf,3.605,mm,OK,--,9:41:43 AM,1/10/2026,
898,54.9,gf,3.610,mm,OK,--,9:41:43 AM,1/10/2026,
899,57.1,gf,3.615,mm,OK,--,9:41:44 AM,1/10/2026,
900,60.2,gf,3.620,mm,OK,--,9:41:44 AM,1/10/2026,
901,63.3,gf,3.625,mm,OK,--,9:41:44 AM,1/10/2026,
902,66.3,gf,3.630,mm,OK,--,9:41:44 AM,1/10/2026,
903,68.9,gf,3.635,mm,OK,--,9:41:44 AM,1/10/2026,
904,71.4,gf,3.635,mm,OK,--,9:41:44 AM,1/10/2026,
905,74.5,gf,3.640,mm,OK,--,9:41:44 AM,1/10/2026,
906,77.7,gf,3.645,mm,OK,--,9:41:44 AM,1/10/2026,
907,80.2,gf,3.650,mm,OK,--,9:41:44 AM,1/10/2026,
908,82.6,gf,3.650,mm,OK,--,9:41:44 AM,1/10/2026,
909,85.5,gf,3.655,mm,OK,--,9:41:45 AM,1/10/2026,
910,88.7,gf,3.660,mm,OK,--,9:41:45 AM,1/10/2026,
911,91.7,gf,3.660,mm,OK,--,9:41:45 AM,1/10/2026,
912,95.0,gf,3.665,mm,OK,--,9:41:45 AM,1/10/2026,
913,98.4,gf,3.670,mm,OK,--,9:41:45 AM,1/10/2026,
914,101.1,gf,3.670,mm,OK,--,9:41:45 AM,1/10/2026,
915,103.6,gf,3.675,mm,OK,--,9:41:45 AM,1/10/2026,
916,106.1,gf,3.675,mm,OK,--,9:41:45 AM,1/10/2026,
917,108.6,gf,3.680,mm,OK,--,9:41:45 AM,1/10/2026,
918,111.4,gf,3.685,mm,OK,--,9:41:45 AM,1/10/2026,
919,114.2,gf,3.685,mm,OK,--,9:41:46 AM,1/10/2026,
920,116.7,gf,3.690,mm,OK,--,9:41:46 AM,1/10/2026,
921,119.1,gf,3.690,mm,OK,--,9:41:46 AM,1/10/2026,
922,121.5,gf,3.695,mm,OK,--,9:41:46 AM,1/10/2026,
923,124.2,gf,3.700,mm,OK,--,9:41:46 AM,1/10/2026,
924,127.5,gf,3.700,mm,OK,--,9:41:46 AM,1/10/2026,
925,130.9,gf,3.705,mm,OK,--,9:41:46 AM,1/10/2026,
926,134.7,gf,3.710,mm,OK,--,9:41:46 AM,1/10/2026,
927,138.8,gf,3.715,mm,OK,--,9:41:46 AM,1/10/2026,
928,143.1,gf,3.720,mm,OK,--,9:41:46 AM,1/10/2026,
929,147.2,gf,3.725,mm,OK,--,9:41:47 AM,1/10/2026,
930,152.2,gf,3.730,mm,OK,--,9:41:47 AM,1/10/2026,
931,157.4,gf,3.735,mm,OK,--,9:41:47 AM,1/10/2026,
932,161.6,gf,3.740,mm,OK,--,9:41:47 AM,1/10/2026,
933,164.7,gf,3.745,mm,OK,--,9:41:47 AM,1/10/2026,
934,167.6,gf,3.750,mm,OK,--,9:41:47 AM,1/10/2026,
935,170.6,gf,3.750,mm,OK,--,9:41:47 AM,1/10/2026,
936,173.1,gf,3.755,mm,OK,--,9:41:47 AM,1/10/2026,
937,174.3,gf,3.760,mm,OK,--,9:41:47 AM,1/10/2026,
938,175.6,gf,3.760,mm,OK,--,9:41:47 AM,1/10/2026,
939,176.6,gf,3.760,mm,OK,--,9:41:48 AM,1/10/2026,
940,177.8,gf,3.760,mm,OK,--,9:41:48 AM,1/10/2026,
941,179.5,gf,3.765,mm,OK,--,9:41:48 AM,1/10/2026,
942,181.0,gf,3.765,mm,OK,--,9:41:48 AM,1/10/2026,
943,182.3,gf,3.765,mm,OK,--,9:41:48 AM,1/10/2026,
944,183.1,gf,3.770,mm,OK,--,9:41:48 AM,1/10/2026,
945,183.7,gf,3.770,mm,OK,--,9:41:48 AM,1/10/2026,
946,184.0,gf,3.770,mm,OK,--,9:41:48 AM,1/10/2026,
947,184.1,gf,3.770,mm,OK,--,9:41:48 AM,1/10/2026,
948,184.5,gf,3.770,mm,OK,--,9:41:48 AM,1/10/2026,
949,185.0,gf,3.770,mm,OK,--,9:41:49 AM,1/10/2026,
950,185.8,gf,3.770,mm,OK,--,9:41:49 AM,1/10/2026,
951,186.8,gf,3.770,mm,OK,--,9:41:49 AM,1/10/2026,
952,187.9,gf,3.775,mm,OK,--,9:41:49 AM,1/10/2026,
953,188.8,gf,3.775,mm,OK,--,9:41:49 AM,1/10/2026,
954,189.9,gf,3.775,mm,OK,--,9:41:49 AM,1/10/2026,
955,190.9,gf,3.775,mm,OK,--,9:41:49 AM,1/10/2026,
956,191.7,gf,3.780,mm,OK,--,9:41:49 AM,1/10/2026,
957,192.6,gf,3.780,mm,OK,--,9:41:49 AM,1/10/2026,
958,192.9,gf,3.780,mm,OK,--,9:41:49 AM,1/10/2026,
959,192.8,gf,3.780,mm,OK,--,9:41:50 AM,1/10/2026,
960,192.8,gf,3.780,mm,OK,--,9:41:50 AM,1/10/2026,
961,192.7,gf,3.780,mm,OK,--,9:41:50 AM,1/10/2026,
962,192.7,gf,3.780,mm,OK,--,9:41:50 AM,1/10/2026,
963,192.6,gf,3.780,mm,OK,--,9:41:50 AM,1/10/2026,
964,192.5,gf,3.780,mm,OK,--,9:41:50 AM,1/10/2026,
965,192.6,gf,3.780,mm,OK,--,9:41:50 AM,1/10/2026,
966,192.5,gf,3.780,mm,OK,--,9:41:50 AM,1/10/2026,
967,192.6,gf,3.780,mm,OK,--,9:41:50 AM,1/10/2026,
968,192.5,gf,3.780,mm,OK,--,9:41:50 AM,1/10/2026,
969,192.5,gf,3.780,mm,OK,--,9:41:51 AM,1/10/2026,
970,192.4,gf,3.780,mm,OK,--,9:41:51 AM,1/10/2026,
971,192.4,gf,3.780,mm,OK,--,9:41:51 AM,1/10/2026,
972,192.4,gf,3.780,mm,OK,--,9:41:51 AM,1/10/2026,
973,192.2,gf,3.780,mm,OK,--,9:41:51 AM,1/10/2026,
974,192.1,gf,3.780,mm,OK,--,9:41:51 AM,1/10/2026,
975,192.0,gf,3.780,mm,OK,--,9:41:51 AM,1/10/2026,
976,191.7,gf,3.780,mm,OK,--,9:41:51 AM,1/10/2026,
977,191.5,gf,3.780,mm,OK,--,9:41:51 AM,1/10/2026,
978,191.4,gf,3.780,mm,OK,--,9:41:51 AM,1/10/2026,
979,191.4,gf,3.780,mm,OK,--,9:41:52 AM,1/10/2026,
980,191.3,gf,3.780,mm,OK,--,9:41:52 AM,1/10/2026,
981,190.9,gf,3.780,mm,OK,--,9:41:52 AM,1/10/2026,
982,189.8,gf,3.780,mm,OK,--,9:41:52 AM,1/10/2026,
983,188.1,gf,3.775,mm,OK,--,9:41:52 AM,1/10/2026,
984,185.5,gf,3.775,mm,OK,--,9:41:52 AM,1/10/2026,
985,182.5,gf,3.770,mm,OK,--,9:41:52 AM,1/10/2026,
986,180.4,gf,3.770,mm,OK,--,9:41:52 AM,1/10/2026,
987,179.3,gf,3.770,mm,OK,--,9:41:52 AM,1/10/2026,
988,178.6,gf,3.770,mm,OK,--,9:41:52 AM,1/10/2026,
989,178.0,gf,3.765,mm,OK,--,9:41:53 AM,1/10/2026,
990,177.5,gf,3.765,mm,OK,--,9:41:53 AM,1/10/2026,
991,177.3,gf,3.765,mm,OK,--,9:41:53 AM,1/10/2026,
992,177.0,gf,3.765,mm,OK,--,9:41:53 AM,1/10/2026,
993,176.8,gf,3.765,mm,OK,--,9:41:53 AM,1/10/2026,
994,176.5,gf,3.765,mm,OK,--,9:41:53 AM,1/10/2026,
995,176.3,gf,3.765,mm,OK,--,9:41:53 AM,1/10/2026,
996,176.1,gf,3.765,mm,OK,--,9:41:53 AM,1/10/2026,
997,175.9,gf,3.765,mm,OK,--,9:41:53 AM,1/10/2026,
998,175.7,gf,3.765,mm,OK,--,9:41:53 AM,1/10/2026,
999,175.6,gf,3.765,mm,OK,--,9:41:54 AM,1/10/2026,
1000,175.5,gf,3.765,mm,OK,--,9:41:54 AM,1/10/2026,
1001,175.4,gf,3.765,mm,OK,--,9:41:54 AM,1/10/2026,
1002,175.3,gf,3.765,mm,OK,--,9:41:54 AM,1/10/2026,
1003,174.9,gf,3.765,mm,OK,--,9:41:54 AM,1/10/2026,
1004,174.4,gf,3.765,mm,OK,--,9:41:54 AM,1/10/2026,
1005,173.9,gf,3.765,mm,OK,--,9:41:54 AM,1/10/2026,
1006,173.5,gf,3.765,mm,OK,--,9:41:54 AM,1/10/2026,
1007,173.0,gf,3.760,mm,OK,--,9:41:54 AM,1/10/2026,
1008,172.7,gf,3.760,mm,OK,--,9:41:54 AM,1/10/2026,
1009,172.2,gf,3.760,mm,OK,--,9:41:55 AM,1/10/2026,
1010,171.9,gf,3.760,mm,OK,--,9:41:55 AM,1/10/2026,
1011,171.7,gf,3.760,mm,OK,--,9:41:55 AM,1/10/2026,
1012,171.5,gf,3.760,mm,OK,--,9:41:55 AM,1/10/2026,
1013,171.3,gf,3.760,mm,OK,--,9:41:55 AM,1/10/2026,
1014,171.2,gf,3.760,mm,OK,--,9:41:55 AM,1/10/2026,
1015,170.9,gf,3.760,mm,OK,--,9:41:55 AM,1/10/2026,
1016,170.6,gf,3.760,mm,OK,--,9:41:55 AM,1/10/2026,
1017,170.3,gf,3.760,mm,OK,--,9:41:55 AM,1/10/2026,
1018,170.0,gf,3.760,mm,OK,--,9:41:55 AM,1/10/2026,
1019,169.5,gf,3.760,mm,OK,--,9:41:56 AM,1/10/2026,
1020,169.1,gf,3.760,mm,OK,--,9:41:56 AM,1/10/2026,
1021,168.6,gf,3.760,mm,OK,--,9:41:56 AM,1/10/2026,
1022,168.2,gf,3.760,mm,OK,--,9:41:56 AM,1/10/2026,
1023,167.6,gf,3.755,mm,OK,--,9:41:56 AM,1/10/2026,
1024,167.2,gf,3.755,mm,OK,--,9:41:56 AM,1/10/2026,
1025,166.7,gf,3.755,mm,OK,--,9:41:56 AM,1/10/2026,
1026,166.3,gf,3.755,mm,OK,--,9:41:56 AM,1/10/2026,
1027,166.2,gf,3.755,mm,OK,--,9:41:56 AM,1/10/2026,
1028,165.9,gf,3.755,mm,OK,--,9:41:56 AM,1/10/2026,
1029,165.5,gf,3.755,mm,OK,--,9:41:57 AM,1/10/2026,
1030,165.2,gf,3.755,mm,OK,--,9:41:57 AM,1/10/2026,
1031,165.0,gf,3.755,mm,OK,--,9:41:57 AM,1/10/2026,
1032,164.5,gf,3.755,mm,OK,--,9:41:57 AM,1/10/2026,
1033,164.0,gf,3.755,mm,OK,--,9:41:57 AM,1/10/2026,
1034,163.6,gf,3.755,mm,OK,--,9:41:57 AM,1/10/2026,
1035,163.3,gf,3.750,mm,OK,--,9:41:57 AM,1/10/2026,
1036,162.9,gf,3.750,mm,OK,--,9:41:57 AM,1/10/2026,
1037,162.4,gf,3.750,mm,OK,--,9:41:57 AM,1/10/2026,
1038,161.9,gf,3.750,mm,OK,--,9:41:57 AM,1/10/2026,
1039,161.4,gf,3.750,mm,OK,--,9:41:58 AM,1/10/2026,
1040,160.8,gf,3.750,mm,OK,--,9:41:58 AM,1/10/2026,
1041,160.3,gf,3.750,mm,OK,--,9:41:58 AM,1/10/2026,
1042,160.0,gf,3.750,mm,OK,--,9:41:58 AM,1/10/2026,
1043,159.7,gf,3.750,mm,OK,--,9:41:58 AM,1/10/2026,
1044,159.3,gf,3.750,mm,OK,--,9:41:58 AM,1/10/2026,
1045,158.8,gf,3.750,mm,OK,--,9:41:58 AM,1/10/2026,
1046,158.3,gf,3.745,mm,OK,--,9:41:58 AM,1/10/2026,
1047,158.1,gf,3.745,mm,OK,--,9:41:58 AM,1/10/2026,
1048,157.8,gf,3.745,mm,OK,--,9:41:58 AM,1/10/2026,
1049,157.4,gf,3.745,mm,OK,--,9:41:59 AM,1/10/2026,
1050,156.9,gf,3.745,mm,OK,--,9:41:59 AM,1/10/2026,
1051,156.4,gf,3.745,mm,OK,--,9:41:59 AM,1/10/2026,
1052,156.0,gf,3.745,mm,OK,--,9:41:59 AM,1/10/2026,
1053,155.5,gf,3.745,mm,OK,--,9:41:59 AM,1/10/2026,
1054,155.0,gf,3.745,mm,OK,--,9:41:59 AM,1/10/2026,
1055,154.7,gf,3.745,mm,OK,--,9:41:59 AM,1/10/2026,
1056,154.3,gf,3.745,mm,OK,--,9:41:59 AM,1/10/2026,
1057,154.0,gf,3.745,mm,OK,--,9:41:59 AM,1/10/2026,
1058,153.8,gf,3.745,mm,OK,--,9:41:59 AM,1/10/2026,
1059,153.6,gf,3.745,mm,OK,--,9:42:00 AM,1/10/2026,
1060,153.4,gf,3.745,mm,OK,--,9:42:00 AM,1/10/2026,
1061,153.1,gf,3.740,mm,OK,--,9:42:00 AM,1/10/2026,
1062,152.9,gf,3.740,mm,OK,--,9:42:00 AM,1/10/2026,
1063,152.7,gf,3.740,mm,OK,--,9:42:00 AM,1/10/2026,
1064,152.2,gf,3.740,mm,OK,--,9:42:00 AM,1/10/2026,
1065,151.9,gf,3.740,mm,OK,--,9:42:00 AM,1/10/2026,
1066,151.3,gf,3.740,mm,OK,--,9:42:00 AM,1/10/2026,
1067,150.9,gf,3.740,mm,OK,--,9:42:00 AM,1/10/2026,
1068,150.3,gf,3.740,mm,OK,--,9:42:00 AM,1/10/2026,
1069,149.7,gf,3.740,mm,OK,--,9:42:01 AM,1/10/2026,
1070,149.1,gf,3.740,mm,OK,--,9:42:01 AM,1/10/2026,
1071,148.7,gf,3.740,mm,OK,--,9:42:01 AM,1/10/2026,
1072,148.2,gf,3.735,mm,OK,--,9:42:01 AM,1/10/2026,
1073,147.7,gf,3.735,mm,OK,--,9:42:01 AM,1/10/2026,
1074,147.4,gf,3.735,mm,OK,--,9:42:01 AM,1/10/2026,
1075,146.9,gf,3.735,mm,OK,--,9:42:01 AM,1/10/2026,
1076,146.7,gf,3.735,mm,OK,--,9:42:01 AM,1/10/2026,
1077,146.5,gf,3.735,mm,OK,--,9:42:01 AM,1/10/2026,
1078,146.2,gf,3.735,mm,OK,--,9:42:01 AM,1/10/2026,
1079,146.1,gf,3.735,mm,OK,--,9:42:02 AM,1/10/2026,
1080,145.8,gf,3.735,mm,OK,--,9:42:02 AM,1/10/2026,
1081,145.4,gf,3.735,mm,OK,--,9:42:02 AM,1/10/2026,
1082,145.0,gf,3.735,mm,OK,--,9:42:02 AM,1/10/2026,
1083,144.7,gf,3.735,mm,OK,--,9:42:02 AM,1/10/2026,
1084,144.4,gf,3.735,mm,OK,--,9:42:02 AM,1/10/2026,
1085,144.2,gf,3.735,mm,OK,--,9:42:02 AM,1/10/2026,
1086,144.0,gf,3.735,mm,OK,--,9:42:02 AM,1/10/2026,
1087,143.8,gf,3.735,mm,OK,--,9:42:02 AM,1/10/2026,
1088,143.6,gf,3.735,mm,OK,--,9:42:02 AM,1/10/2026,
1089,143.5,gf,3.735,mm,OK,--,9:42:03 AM,1/10/2026,
1090,143.3,gf,3.730,mm,OK,--,9:42:03 AM,1/10/2026,
1091,143.2,gf,3.730,mm,OK,--,9:42:03 AM,1/10/2026,
1092,143.1,gf,3.730,mm,OK,--,9:42:03 AM,1/10/2026,
1093,143.0,gf,3.730,mm,OK,--,9:42:03 AM,1/10/2026,
1094,142.8,gf,3.730,mm,OK,--,9:42:03 AM,1/10/2026,
1095,142.7,gf,3.730,mm,OK,--,9:42:03 AM,1/10/2026,
1096,142.5,gf,3.730,mm,OK,--,9:42:03 AM,1/10/2026,
1097,142.4,gf,3.730,mm,OK,--,9:42:03 AM,1/10/2026,
1098,142.3,gf,3.730,mm,OK,--,9:42:03 AM,1/10/2026,
1099,142.0,gf,3.730,mm,OK,--,9:42:04 AM,1/10/2026,
1100,141.2,gf,3.730,mm,OK,--,9:42:04 AM,1/10/2026,
1101,140.6,gf,3.730,mm,OK,--,9:42:04 AM,1/10/2026,
1102,139.8,gf,3.730,mm,OK,--,9:42:04 AM,1/10/2026,
1103,138.9,gf,3.730,mm,OK,--,9:42:04 AM,1/10/2026,
1104,138.2,gf,3.725,mm,OK,--,9:42:04 AM,1/10/2026,
1105,137.6,gf,3.725,mm,OK,--,9:42:04 AM,1/10/2026,
1106,137.0,gf,3.725,mm,OK,--,9:42:04 AM,1/10/2026,
1107,136.4,gf,3.725,mm,OK,--,9:42:04 AM,1/10/2026,
1108,135.9,gf,3.725,mm,OK,--,9:42:04 AM,1/10/2026,
1109,135.1,gf,3.725,mm,OK,--,9:42:05 AM,1/10/2026,
1110,134.5,gf,3.725,mm,OK,--,9:42:05 AM,1/10/2026,
1111,133.7,gf,3.725,mm,OK,--,9:42:05 AM,1/10/2026,
1112,132.9,gf,3.720,mm,OK,--,9:42:05 AM,1/10/2026,
1113,131.8,gf,3.720,mm,OK,--,9:42:05 AM,1/10/2026,
1114,130.3,gf,3.720,mm,OK,--,9:42:05 AM,1/10/2026,
1115,129.2,gf,3.720,mm,OK,--,9:42:05 AM,1/10/2026,
1116,128.3,gf,3.720,mm,OK,--,9:42:05 AM,1/10/2026,
1117,126.3,gf,3.715,mm,OK,--,9:42:05 AM,1/10/2026,
1118,124.2,gf,3.715,mm,OK,--,9:42:05 AM,1/10/2026,
1119,122.9,gf,3.710,mm,OK,--,9:42:06 AM,1/10/2026,
1120,121.7,gf,3.710,mm,OK,--,9:42:06 AM,1/10/2026,
1121,120.7,gf,3.710,mm,OK,--,9:42:06 AM,1/10/2026,
1122,119.7,gf,3.710,mm,OK,--,9:42:06 AM,1/10/2026,
1123,118.7,gf,3.710,mm,OK,--,9:42:06 AM,1/10/2026,
1124,117.7,gf,3.705,mm,OK,--,9:42:06 AM,1/10/2026,
1125,116.7,gf,3.705,mm,OK,--,9:42:06 AM,1/10/2026,
1126,115.3,gf,3.705,mm,OK,--,9:42:06 AM,1/10/2026,
1127,114.2,gf,3.705,mm,OK,--,9:42:06 AM,1/10/2026,
1128,113.1,gf,3.700,mm,OK,--,9:42:06 AM,1/10/2026,
1129,112.0,gf,3.700,mm,OK,--,9:42:07 AM,1/10/2026,
1130,110.9,gf,3.700,mm,OK,--,9:42:07 AM,1/10/2026,
1131,109.7,gf,3.700,mm,OK,--,9:42:07 AM,1/10/2026,
1132,108.7,gf,3.695,mm,OK,--,9:42:07 AM,1/10/2026,
1133,107.2,gf,3.695,mm,OK,--,9:42:07 AM,1/10/2026,
1134,105.7,gf,3.695,mm,OK,--,9:42:07 AM,1/10/2026,
1135,103.8,gf,3.690,mm,OK,--,9:42:07 AM,1/10/2026,
1136,101.7,gf,3.690,mm,OK,--,9:42:07 AM,1/10/2026,
1137,99.4,gf,3.685,mm,OK,--,9:42:07 AM,1/10/2026,
1138,97.9,gf,3.685,mm,OK,--,9:42:07 AM,1/10/2026,
1139,96.2,gf,3.685,mm,OK,--,9:42:08 AM,1/10/2026,
1140,94.1,gf,3.680,mm,OK,--,9:42:08 AM,1/10/2026,
1141,92.2,gf,3.680,mm,OK,--,9:42:08 AM,1/10/2026,
1142,90.9,gf,3.680,mm,OK,--,9:42:08 AM,1/10/2026,
1143,90.1,gf,3.675,mm,OK,--,9:42:08 AM,1/10/2026,
1144,89.7,gf,3.675,mm,OK,--,9:42:08 AM,1/10/2026,
1145,89.5,gf,3.675,mm,OK,--,9:42:08 AM,1/10/2026,
1146,89.4,gf,3.675,mm,OK,--,9:42:08 AM,1/10/2026,
1147,89.2,gf,3.675,mm,OK,--,9:42:08 AM,1/10/2026,
1148,89.0,gf,3.675,mm,OK,--,9:42:08 AM,1/10/2026,
1149,88.8,gf,3.675,mm,OK,--,9:42:09 AM,1/10/2026,
1150,88.4,gf,3.675,mm,OK,--,9:42:09 AM,1/10/2026,
1151,87.9,gf,3.675,mm,OK,--,9:42:09 AM,1/10/2026,
1152,87.2,gf,3.675,mm,OK,--,9:42:09 AM,1/10/2026,
1153,86.5,gf,3.675,mm,OK,--,9:42:09 AM,1/10/2026,
1154,85.5,gf,3.670,mm,OK,--,9:42:09 AM,1/10/2026,
1155,84.9,gf,3.670,mm,OK,--,9:42:09 AM,1/10/2026,
1156,84.3,gf,3.670,mm,OK,--,9:42:09 AM,1/10/2026,
1157,83.4,gf,3.670,mm,OK,--,9:42:09 AM,1/10/2026,
1158,82.1,gf,3.670,mm,OK,--,9:42:09 AM,1/10/2026,
1159,81.0,gf,3.665,mm,OK,--,9:42:10 AM,1/10/2026,
1160,79.6,gf,3.665,mm,OK,--,9:42:10 AM,1/10/2026,
1161,78.2,gf,3.665,mm,OK,--,9:42:10 AM,1/10/2026,
1162,77.1,gf,3.665,mm,OK,--,9:42:10 AM,1/10/2026,
1163,76.0,gf,3.660,mm,OK,--,9:42:10 AM,1/10/2026,
1164,74.2,gf,3.660,mm,OK,--,9:42:10 AM,1/10/2026,
1165,72.4,gf,3.655,mm,OK,--,9:42:10 AM,1/10/2026,
1166,70.3,gf,3.655,mm,OK,--,9:42:10 AM,1/10/2026,
1167,68.3,gf,3.655,mm,OK,--,9:42:10 AM,1/10/2026,
1168,66.9,gf,3.650,mm,OK,--,9:42:10 AM,1/10/2026,
1169,65.5,gf,3.650,mm,OK,--,9:42:11 AM,1/10/2026,
1170,63.7,gf,3.645,mm,OK,--,9:42:11 AM,1/10/2026,
1171,61.3,gf,3.645,mm,OK,--,9:42:11 AM,1/10/2026,
1172,59.3,gf,3.640,mm,OK,--,9:42:11 AM,1/10/2026,
1173,57.7,gf,3.640,mm,OK,--,9:42:11 AM,1/10/2026,
1174,56.5,gf,3.635,mm,OK,--,9:42:11 AM,1/10/2026,
1175,55.7,gf,3.635,mm,OK,--,9:42:11 AM,1/10/2026,
1176,54.4,gf,3.635,mm,OK,--,9:42:11 AM,1/10/2026,
1177,53.4,gf,3.635,mm,OK,--,9:42:11 AM,1/10/2026,
1178,52.7,gf,3.630,mm,OK,--,9:42:11 AM,1/10/2026,
1179,52.1,gf,3.630,mm,OK,--,9:42:12 AM,1/10/2026,
1180,51.6,gf,3.630,mm,OK,--,9:42:12 AM,1/10/2026,
1181,51.1,gf,3.625,mm,OK,--,9:42:12 AM,1/10/2026,
1182,50.5,gf,3.625,mm,OK,--,9:42:12 AM,1/10/2026,
1183,50.1,gf,3.625,mm,OK,--,9:42:12 AM,1/10/2026,
1184,50.0,gf,3.625,mm,OK,--,9:42:12 AM,1/10/2026,
1185,49.7,gf,3.625,mm,OK,--,9:42:12 AM,1/10/2026,
1186,49.3,gf,3.625,mm,OK,--,9:42:12 AM,1/10/2026,
1187,49.0,gf,3.625,mm,OK,--,9:42:12 AM,1/10/2026,
1188,48.6,gf,3.625,mm,OK,--,9:42:12 AM,1/10/2026,
1189,48.4,gf,3.625,mm,OK,--,9:42:13 AM,1/10/2026,
1190,48.3,gf,3.620,mm,OK,--,9:42:13 AM,1/10/2026,
1191,48.3,gf,3.620,mm,OK,--,9:42:13 AM,1/10/2026,
1192,48.4,gf,3.620,mm,OK,--,9:42:13 AM,1/10/2026,
1193,48.2,gf,3.620,mm,OK,--,9:42:13 AM,1/10/2026,
1194,48.3,gf,3.615,mm,OK,--,9:42:13 AM,1/10/2026,
1195,48.3,gf,3.615,mm,OK,--,9:42:13 AM,1/10/2026,
1196,48.3,gf,3.615,mm,OK,--,9:42:13 AM,1/10/2026,
1197,48.3,gf,3.610,mm,OK,--,9:42:13 AM,1/10/2026,
1198,48.3,gf,3.605,mm,OK,--,9:42:13 AM,1/10/2026,
1199,48.3,gf,3.605,mm,OK,--,9:42:14 AM,1/10/2026,
1200,48.3,gf,3.600,mm,OK,--,9:42:14 AM,1/10/2026,
1201,48.2,gf,3.600,mm,OK,--,9:42:14 AM,1/10/2026,
1202,48.2,gf,3.595,mm,OK,--,9:42:14 AM,1/10/2026,
1203,48.2,gf,3.585,mm,OK,--,9:42:14 AM,1/10/2026,
1204,48.1,gf,3.580,mm,OK,--,9:42:14 AM,1/10/2026,
1205,48.1,gf,3.570,mm,OK,--,9:42:14 AM,1/10/2026,
1206,48.1,gf,3.565,mm,OK,--,9:42:14 AM,1/10/2026,
1207,48.1,gf,3.560,mm,OK,--,9:42:14 AM,1/10/2026,
1208,48.0,gf,3.555,mm,OK,--,9:42:14 AM,1/10/2026,
1209,48.0,gf,3.555,mm,OK,--,9:42:15 AM,1/10/2026,
1210,48.0,gf,3.550,mm,OK,--,9:42:15 AM,1/10/2026,
1211,48.0,gf,3.550,mm,OK,--,9:42:15 AM,1/10/2026,
1212,47.9,gf,3.550,mm,OK,--,9:42:15 AM,1/10/2026,
1213,47.9,gf,3.545,mm,OK,--,9:42:15 AM,1/10/2026,
1214,47.9,gf,3.545,mm,OK,--,9:42:15 AM,1/10/2026,
1215,47.8,gf,3.540,mm,OK,--,9:42:15 AM,1/10/2026,
1216,47.8,gf,3.540,mm,OK,--,9:42:15 AM,1/10/2026,
1217,47.8,gf,3.535,mm,OK,--,9:42:15 AM,1/10/2026,
1218,47.8,gf,3.530,mm,OK,--,9:42:15 AM,1/10/2026,
1219,47.8,gf,3.525,mm,OK,--,9:42:16 AM,1/10/2026,
1220,47.8,gf,3.520,mm,OK,--,9:42:16 AM,1/10/2026,
1221,47.8,gf,3.520,mm,OK,--,9:42:16 AM,1/10/2026,
1222,47.8,gf,3.515,mm,OK,--,9:42:16 AM,1/10/2026,
1223,47.8,gf,3.510,mm,OK,--,9:42:16 AM,1/10/2026,
1224,47.8,gf,3.505,mm,OK,--,9:42:16 AM,1/10/2026,
1225,47.7,gf,3.505,mm,OK,--,9:42:16 AM,1/10/2026,
1226,47.7,gf,3.500,mm,OK,--,9:42:16 AM,1/10/2026,
1227,47.7,gf,3.500,mm,OK,--,9:42:16 AM,1/10/2026,
1228,47.7,gf,3.495,mm,OK,--,9:42:16 AM,1/10/2026,
1229,47.7,gf,3.495,mm,OK,--,9:42:17 AM,1/10/2026,
1230,47.7,gf,3.490,mm,OK,--,9:42:17 AM,1/10/2026,
1231,47.7,gf,3.485,mm,OK,--,9:42:17 AM,1/10/2026,
1232,47.6,gf,3.485,mm,OK,--,9:42:17 AM,1/10/2026,
1233,47.6,gf,3.480,mm,OK,--,9:42:17 AM,1/10/2026,
1234,47.6,gf,3.475,mm,OK,--,9:42:17 AM,1/10/2026,
1235,47.5,gf,3.470,mm,OK,--,9:42:17 AM,1/10/2026,
1236,47.5,gf,3.465,mm,OK,--,9:42:17 AM,1/10/2026,
1237,47.6,gf,3.460,mm,OK,--,9:42:17 AM,1/10/2026,
1238,47.7,gf,3.455,mm,OK,--,9:42:17 AM,1/10/2026,
1239,47.7,gf,3.450,mm,OK,--,9:42:18 AM,1/10/2026,
1240,47.7,gf,3.445,mm,OK,--,9:42:18 AM,1/10/2026,
1241,47.7,gf,3.445,mm,OK,--,9:42:18 AM,1/10/2026,
1242,47.6,gf,3.435,mm,OK,--,9:42:18 AM,1/10/2026,
1243,47.5,gf,3.430,mm,OK,--,9:42:18 AM,1/10/2026,
1244,47.5,gf,3.420,mm,OK,--,9:42:18 AM,1/10/2026,
1245,47.5,gf,3.415,mm,OK,--,9:42:18 AM,1/10/2026,
1246,47.5,gf,3.405,mm,OK,--,9:42:18 AM,1/10/2026,
1247,47.5,gf,3.400,mm,OK,--,9:42:18 AM,1/10/2026,
1248,47.5,gf,3.395,mm,OK,--,9:42:18 AM,1/10/2026,
1249,47.5,gf,3.390,mm,OK,--,9:42:19 AM,1/10/2026,
1250,47.4,gf,3.385,mm,OK,--,9:42:19 AM,1/10/2026,
1251,47.7,gf,3.380,mm,OK,--,9:42:19 AM,1/10/2026,
1252,47.6,gf,3.375,mm,OK,--,9:42:19 AM,1/10/2026,
1253,47.6,gf,3.370,mm,OK,--,9:42:19 AM,1/10/2026,
1254,47.5,gf,3.365,mm,OK,--,9:42:19 AM,1/10/2026,
1255,47.5,gf,3.360,mm,OK,--,9:42:19 AM,1/10/2026,
1256,47.4,gf,3.355,mm,OK,--,9:42:19 AM,1/10/2026,
1257,47.4,gf,3.345,mm,OK,--,9:42:19 AM,1/10/2026,
1258,47.4,gf,3.340,mm,OK,--,9:42:19 AM,1/10/2026,
1259,47.4,gf,3.335,mm,OK,--,9:42:20 AM,1/10/2026,
1260,47.4,gf,3.330,mm,OK,--,9:42:20 AM,1/10/2026,
1261,47.3,gf,3.325,mm,OK,--,9:42:20 AM,1/10/2026,
1262,47.3,gf,3.320,mm,OK,--,9:42:20 AM,1/10/2026,
1263,47.3,gf,3.315,mm,OK,--,9:42:20 AM,1/10/2026,
1264,47.2,gf,3.310,mm,OK,--,9:42:20 AM,1/10/2026,
1265,47.2,gf,3.305,mm,OK,--,9:42:20 AM,1/10/2026,
1266,47.2,gf,3.300,mm,OK,--,9:42:20 AM,1/10/2026,
1267,47.2,gf,3.295,mm,OK,--,9:42:20 AM,1/10/2026,
1268,47.2,gf,3.290,mm,OK,--,9:42:20 AM,1/10/2026,
1269,47.1,gf,3.285,mm,OK,--,9:42:21 AM,1/10/2026,
1270,47.1,gf,3.280,mm,OK,--,9:42:21 AM,1/10/2026,
1271,47.1,gf,3.275,mm,OK,--,9:42:21 AM,1/10/2026,
1272,47.1,gf,3.270,mm,OK,--,9:42:21 AM,1/10/2026,
1273,47.1,gf,3.265,mm,OK,--,9:42:21 AM,1/10/2026,
1274,47.1,gf,3.260,mm,OK,--,9:42:21 AM,1/10/2026,
1275,47.0,gf,3.255,mm,OK,--,9:42:21 AM,1/10/2026,
1276,47.0,gf,3.255,mm,OK,--,9:42:21 AM,1/10/2026,
1277,47.2,gf,3.250,mm,OK,--,9:42:21 AM,1/10/2026,
1278,47.1,gf,3.245,mm,OK,--,9:42:21 AM,1/10/2026,
1279,47.1,gf,3.245,mm,OK,--,9:42:22 AM,1/10/2026,
1280,47.0,gf,3.240,mm,OK,--,9:42:22 AM,1/10/2026,
1281,47.0,gf,3.235,mm,OK,--,9:42:22 AM,1/10/2026,
1282,47.1,gf,3.230,mm,OK,--,9:42:22 AM,1/10/2026,
1283,47.1,gf,3.225,mm,OK,--,9:42:22 AM,1/10/2026,
1284,47.1,gf,3.220,mm,OK,--,9:42:22 AM,1/10/2026,
1285,47.0,gf,3.220,mm,OK,--,9:42:22 AM,1/10/2026,
1286,47.0,gf,3.215,mm,OK,--,9:42:22 AM,1/10/2026,
1287,47.0,gf,3.210,mm,OK,--,9:42:22 AM,1/10/2026,
1288,46.9,gf,3.205,mm,OK,--,9:42:22 AM,1/10/2026,
1289,46.9,gf,3.200,mm,OK,--,9:42:23 AM,1/10/2026,
1290,46.9,gf,3.195,mm,OK,--,9:42:23 AM,1/10/2026,
1291,46.9,gf,3.195,mm,OK,--,9:42:23 AM,1/10/2026,
1292,46.9,gf,3.190,mm,OK,--,9:42:23 AM,1/10/2026,
1293,46.9,gf,3.190,mm,OK,--,9:42:23 AM,1/10/2026,
1294,46.9,gf,3.185,mm,OK,--,9:42:23 AM,1/10/2026,
1295,46.8,gf,3.185,mm,OK,--,9:42:23 AM,1/10/2026,
1296,46.8,gf,3.180,mm,OK,--,9:42:23 AM,1/10/2026,
1297,46.8,gf,3.175,mm,OK,--,9:42:23 AM,1/10/2026,
1298,46.8,gf,3.175,mm,OK,--,9:42:23 AM,1/10/2026,
1299,46.8,gf,3.170,mm,OK,--,9:42:24 AM,1/10/2026,
1300,46.7,gf,3.165,mm,OK,--,9:42:24 AM,1/10/2026,
1301,46.9,gf,3.165,mm,OK,--,9:42:24 AM,1/10/2026,
1302,46.9,gf,3.160,mm,OK,--,9:42:24 AM,1/10/2026,
1303,46.9,gf,3.160,mm,OK,--,9:42:24 AM,1/10/2026,
1304,46.8,gf,3.155,mm,OK,--,9:42:24 AM,1/10/2026,
1305,46.8,gf,3.155,mm,OK,--,9:42:24 AM,1/10/2026,
1306,46.8,gf,3.150,mm,OK,--,9:42:24 AM,1/10/2026,
1307,46.8,gf,3.150,mm,OK,--,9:42:24 AM,1/10/2026,
1308,46.7,gf,3.145,mm,OK,--,9:42:24 AM,1/10/2026,
1309,46.7,gf,3.145,mm,OK,--,9:42:25 AM,1/10/2026,
1310,46.7,gf,3.140,mm,OK,--,9:42:25 AM,1/10/2026,
1311,46.8,gf,3.135,mm,OK,--,9:42:25 AM,1/10/2026,
1312,46.8,gf,3.135,mm,OK,--,9:42:25 AM,1/10/2026,
1313,46.8,gf,3.130,mm,OK,--,9:42:25 AM,1/10/2026,
1314,46.8,gf,3.130,mm,OK,--,9:42:25 AM,1/10/2026,
1315,46.8,gf,3.125,mm,OK,--,9:42:25 AM,1/10/2026,
1316,46.8,gf,3.125,mm,OK,--,9:42:25 AM,1/10/2026,
1317,46.7,gf,3.125,mm,OK,--,9:42:25 AM,1/10/2026,
1318,46.6,gf,3.120,mm,OK,--,9:42:25 AM,1/10/2026,
1319,46.6,gf,3.120,mm,OK,--,9:42:26 AM,1/10/2026,
1320,46.5,gf,3.115,mm,OK,--,9:42:26 AM,1/10/2026,
1321,46.6,gf,3.115,mm,OK,--,9:42:26 AM,1/10/2026,
1322,46.5,gf,3.110,mm,OK,--,9:42:26 AM,1/10/2026,
1323,46.5,gf,3.110,mm,OK,--,9:42:26 AM,1/10/2026,
1324,46.5,gf,3.105,mm,OK,--,9:42:26 AM,1/10/2026,
1325,46.4,gf,3.105,mm,OK,--,9:42:26 AM,1/10/2026,
1326,46.5,gf,3.100,mm,OK,--,9:42:26 AM,1/10/2026,
1327,46.5,gf,3.100,mm,OK,--,9:42:26 AM,1/10/2026,
1328,46.5,gf,3.100,mm,OK,--,9:42:26 AM,1/10/2026,
1329,46.5,gf,3.095,mm,OK,--,9:42:27 AM,1/10/2026,
1330,46.5,gf,3.095,mm,OK,--,9:42:27 AM,1/10/2026,
1331,46.4,gf,3.095,mm,OK,--,9:42:27 AM,1/10/2026,
1332,46.4,gf,3.090,mm,OK,--,9:42:27 AM,1/10/2026,
1333,46.4,gf,3.090,mm,OK,--,9:42:27 AM,1/10/2026,
1334,46.4,gf,3.085,mm,OK,--,9:42:27 AM,1/10/2026,
1335,46.4,gf,3.085,mm,OK,--,9:42:27 AM,1/10/2026,
1336,46.4,gf,3.080,mm,OK,--,9:42:27 AM,1/10/2026,
1337,46.4,gf,3.075,mm,OK,--,9:42:27 AM,1/10/2026,
1338,46.3,gf,3.070,mm,OK,--,9:42:27 AM,1/10/2026,
1339,46.3,gf,3.065,mm,OK,--,9:42:28 AM,1/10/2026,
1340,46.3,gf,3.065,mm,OK,--,9:42:28 AM,1/10/2026,
1341,46.3,gf,3.060,mm,OK,--,9:42:28 AM,1/10/2026,
1342,46.3,gf,3.055,mm,OK,--,9:42:28 AM,1/10/2026,
1343,46.3,gf,3.050,mm,OK,--,9:42:28 AM,1/10/2026,
1344,46.3,gf,3.045,mm,OK,--,9:42:28 AM,1/10/2026,
1345,46.2,gf,3.040,mm,OK,--,9:42:28 AM,1/10/2026,
1346,46.2,gf,3.035,mm,OK,--,9:42:28 AM,1/10/2026,
1347,46.2,gf,3.030,mm,OK,--,9:42:28 AM,1/10/2026,
1348,46.1,gf,3.025,mm,OK,--,9:42:28 AM,1/10/2026,
1349,46.3,gf,3.010,mm,OK,--,9:42:29 AM,1/10/2026,
1350,46.4,gf,3.000,mm,OK,--,9:42:29 AM,1/10/2026,
1351,46.3,gf,2.995,mm,OK,--,9:42:29 AM,1/10/2026,
1352,46.2,gf,2.985,mm,OK,--,9:42:29 AM,1/10/2026,
1353,46.2,gf,2.980,mm,OK,--,9:42:29 AM,1/10/2026,
1354,46.2,gf,2.975,mm,OK,--,9:42:29 AM,1/10/2026,
1355,46.1,gf,2.965,mm,OK,--,9:42:29 AM,1/10/2026,
1356,46.1,gf,2.960,mm,OK,--,9:42:29 AM,1/10/2026,
1357,46.1,gf,2.955,mm,OK,--,9:42:29 AM,1/10/2026,
1358,46.1,gf,2.950,mm,OK,--,9:42:29 AM,1/10/2026,
1359,46.0,gf,2.950,mm,OK,--,9:42:30 AM,1/10/2026,
1360,46.0,gf,2.945,mm,OK,--,9:42:30 AM,1/10/2026,
1361,45.9,gf,2.940,mm,OK,--,9:42:30 AM,1/10/2026,
1362,45.9,gf,2.935,mm,OK,--,9:42:30 AM,1/10/2026,
1363,45.9,gf,2.930,mm,OK,--,9:42:30 AM,1/10/2026,
1364,45.9,gf,2.925,mm,OK,--,9:42:30 AM,1/10/2026,
1365,46.0,gf,2.920,mm,OK,--,9:42:30 AM,1/10/2026,
1366,46.1,gf,2.915,mm,OK,--,9:42:30 AM,1/10/2026,
1367,46.0,gf,2.915,mm,OK,--,9:42:30 AM,1/10/2026,
1368,46.0,gf,2.910,mm,OK,--,9:42:30 AM,1/10/2026,
1369,46.0,gf,2.905,mm,OK,--,9:42:31 AM,1/10/2026,
1370,45.9,gf,2.900,mm,OK,--,9:42:31 AM,1/10/2026,
1371,45.9,gf,2.895,mm,OK,--,9:42:31 AM,1/10/2026,
1372,45.9,gf,2.890,mm,OK,--,9:42:31 AM,1/10/2026,
1373,45.8,gf,2.880,mm,OK,--,9:42:31 AM,1/10/2026,
1374,45.8,gf,2.875,mm,OK,--,9:42:31 AM,1/10/2026,
1375,45.8,gf,2.870,mm,OK,--,9:42:31 AM,1/10/2026,
1376,45.7,gf,2.870,mm,OK,--,9:42:31 AM,1/10/2026,
1377,45.7,gf,2.865,mm,OK,--,9:42:31 AM,1/10/2026,
1378,45.7,gf,2.860,mm,OK,--,9:42:31 AM,1/10/2026,
1379,45.7,gf,2.855,mm,OK,--,9:42:32 AM,1/10/2026,
1380,45.7,gf,2.850,mm,OK,--,9:42:32 AM,1/10/2026,
1381,45.7,gf,2.850,mm,OK,--,9:42:32 AM,1/10/2026,
1382,45.6,gf,2.840,mm,OK,--,9:42:32 AM,1/10/2026,
1383,45.8,gf,2.835,mm,OK,--,9:42:32 AM,1/10/2026,
1384,45.8,gf,2.830,mm,OK,--,9:42:32 AM,1/10/2026,
1385,45.7,gf,2.825,mm,OK,--,9:42:32 AM,1/10/2026,
1386,45.7,gf,2.820,mm,OK,--,9:42:32 AM,1/10/2026,
1387,45.6,gf,2.815,mm,OK,--,9:42:32 AM,1/10/2026,
1388,45.6,gf,2.810,mm,OK,--,9:42:32 AM,1/10/2026,
1389,45.5,gf,2.800,mm,OK,--,9:42:33 AM,1/10/2026,
1390,45.5,gf,2.795,mm,OK,--,9:42:33 AM,1/10/2026,
1391,45.5,gf,2.790,mm,OK,--,9:42:33 AM,1/10/2026,
1392,45.5,gf,2.785,mm,OK,--,9:42:33 AM,1/10/2026,
1393,45.4,gf,2.780,mm,OK,--,9:42:33 AM,1/10/2026,
1394,45.4,gf,2.775,mm,OK,--,9:42:33 AM,1/10/2026,
1395,45.4,gf,2.765,mm,OK,--,9:42:33 AM,1/10/2026,
1396,45.3,gf,2.755,mm,OK,--,9:42:33 AM,1/10/2026,
1397,45.3,gf,2.750,mm,OK,--,9:42:33 AM,1/10/2026,
1398,45.3,gf,2.745,mm,OK,--,9:42:33 AM,1/10/2026,
1399,45.2,gf,2.735,mm,OK,--,9:42:34 AM,1/10/2026,
1400,45.2,gf,2.730,mm,OK,--,9:42:34 AM,1/10/2026,
1401,45.2,gf,2.725,mm,OK,--,9:42:34 AM,1/10/2026,
1402,45.3,gf,2.715,mm,OK,--,9:42:34 AM,1/10/2026,
1403,45.2,gf,2.710,mm,OK,--,9:42:34 AM,1/10/2026,
1404,45.1,gf,2.700,mm,OK,--,9:42:34 AM,1/10/2026,
1405,45.1,gf,2.690,mm,OK,--,9:42:34 AM,1/10/2026,
1406,45.1,gf,2.680,mm,OK,--,9:42:34 AM,1/10/2026,
1407,45.0,gf,2.675,mm,OK,--,9:42:34 AM,1/10/2026,
1408,45.0,gf,2.665,mm,OK,--,9:42:34 AM,1/10/2026,
1409,45.2,gf,2.655,mm,OK,--,9:42:35 AM,1/10/2026,
1410,45.2,gf,2.650,mm,OK,--,9:42:35 AM,1/10/2026,
1411,45.1,gf,2.640,mm,OK,--,9:42:35 AM,1/10/2026,
1412,45.0,gf,2.635,mm,OK,--,9:42:35 AM,1/10/2026,
1413,45.0,gf,2.625,mm,OK,--,9:42:35 AM,1/10/2026,
1414,45.0,gf,2.620,mm,OK,--,9:42:35 AM,1/10/2026,
1415,44.9,gf,2.610,mm,OK,--,9:42:35 AM,1/10/2026,
1416,44.9,gf,2.600,mm,OK,--,9:42:35 AM,1/10/2026,
1417,44.9,gf,2.595,mm,OK,--,9:42:35 AM,1/10/2026,
1418,44.8,gf,2.590,mm,OK,--,9:42:35 AM,1/10/2026,
1419,44.8,gf,2.590,mm,OK,--,9:42:36 AM,1/10/2026,
1420,44.8,gf,2.585,mm,OK,--,9:42:36 AM,1/10/2026,
1421,44.7,gf,2.580,mm,OK,--,9:42:36 AM,1/10/2026,
1422,44.7,gf,2.580,mm,OK,--,9:42:36 AM,1/10/2026,
1423,44.7,gf,2.575,mm,OK,--,9:42:36 AM,1/10/2026,
1424,44.8,gf,2.570,mm,OK,--,9:42:36 AM,1/10/2026,
1425,44.7,gf,2.565,mm,OK,--,9:42:36 AM,1/10/2026,
1426,44.7,gf,2.560,mm,OK,--,9:42:36 AM,1/10/2026,
1427,44.7,gf,2.555,mm,OK,--,9:42:36 AM,1/10/2026,
1428,44.7,gf,2.550,mm,OK,--,9:42:36 AM,1/10/2026,
1429,44.7,gf,2.545,mm,OK,--,9:42:37 AM,1/10/2026,
1430,44.7,gf,2.540,mm,OK,--,9:42:37 AM,1/10/2026,
1431,44.6,gf,2.535,mm,OK,--,9:42:37 AM,1/10/2026,
1432,44.6,gf,2.525,mm,OK,--,9:42:37 AM,1/10/2026,
1433,44.5,gf,2.520,mm,OK,--,9:42:37 AM,1/10/2026,
1434,44.5,gf,2.515,mm,OK,--,9:42:37 AM,1/10/2026,
1435,44.4,gf,2.510,mm,OK,--,9:42:37 AM,1/10/2026,
1436,44.3,gf,2.505,mm,OK,--,9:42:37 AM,1/10/2026,
1437,44.3,gf,2.505,mm,OK,--,9:42:37 AM,1/10/2026,
1438,44.2,gf,2.500,mm,OK,--,9:42:37 AM,1/10/2026,
1439,44.3,gf,2.495,mm,OK,--,9:42:38 AM,1/10/2026,
1440,44.3,gf,2.490,mm,OK,--,9:42:38 AM,1/10/2026,
1441,44.4,gf,2.490,mm,OK,--,9:42:38 AM,1/10/2026,
1442,44.3,gf,2.485,mm,OK,--,9:42:38 AM,1/10/2026,
1443,44.4,gf,2.480,mm,OK,--,9:42:38 AM,1/10/2026,
1444,44.4,gf,2.475,mm,OK,--,9:42:38 AM,1/10/2026,
1445,44.4,gf,2.475,mm,OK,--,9:42:38 AM,1/10/2026,
1446,44.4,gf,2.470,mm,OK,--,9:42:38 AM,1/10/2026,
1447,44.4,gf,2.465,mm,OK,--,9:42:38 AM,1/10/2026,
1448,44.4,gf,2.455,mm,OK,--,9:42:38 AM,1/10/2026,
1449,44.4,gf,2.450,mm,OK,--,9:42:39 AM,1/10/2026,
1450,44.3,gf,2.445,mm,OK,--,9:42:39 AM,1/10/2026,
1451,44.3,gf,2.440,mm,OK,--,9:42:39 AM,1/10/2026,
1452,44.3,gf,2.435,mm,OK,--,9:42:39 AM,1/10/2026,
1453,44.3,gf,2.435,mm,OK,--,9:42:39 AM,1/10/2026,
1454,44.3,gf,2.430,mm,OK,--,9:42:39 AM,1/10/2026,
1455,44.2,gf,2.430,mm,OK,--,9:42:39 AM,1/10/2026,
1456,44.2,gf,2.425,mm,OK,--,9:42:39 AM,1/10/2026,
1457,44.2,gf,2.425,mm,OK,--,9:42:39 AM,1/10/2026,
1458,44.2,gf,2.420,mm,OK,--,9:42:39 AM,1/10/2026,
1459,44.2,gf,2.420,mm,OK,--,9:42:40 AM,1/10/2026,
1460,44.2,gf,2.415,mm,OK,--,9:42:40 AM,1/10/2026,
1461,44.2,gf,2.410,mm,OK,--,9:42:40 AM,1/10/2026,
1462,44.2,gf,2.410,mm,OK,--,9:42:40 AM,1/10/2026,
1463,44.1,gf,2.410,mm,OK,--,9:42:40 AM,1/10/2026,
1464,44.2,gf,2.405,mm,OK,--,9:42:40 AM,1/10/2026,
1465,44.1,gf,2.405,mm,OK,--,9:42:40 AM,1/10/2026,
1466,44.1,gf,2.400,mm,OK,--,9:42:40 AM,1/10/2026,
1467,44.1,gf,2.395,mm,OK,--,9:42:40 AM,1/10/2026,
1468,44.1,gf,2.390,mm,OK,--,9:42:40 AM,1/10/2026,
1469,44.1,gf,2.390,mm,OK,--,9:42:41 AM,1/10/2026,
1470,44.1,gf,2.385,mm,OK,--,9:42:41 AM,1/10/2026,
1471,44.0,gf,2.380,mm,OK,--,9:42:41 AM,1/10/2026,
1472,44.0,gf,2.380,mm,OK,--,9:42:41 AM,1/10/2026,
1473,44.0,gf,2.375,mm,OK,--,9:42:41 AM,1/10/2026,
1474,44.0,gf,2.370,mm,OK,--,9:42:41 AM,1/10/2026,
1475,44.0,gf,2.365,mm,OK,--,9:42:41 AM,1/10/2026,
1476,44.0,gf,2.360,mm,OK,--,9:42:41 AM,1/10/2026,
1477,44.0,gf,2.355,mm,OK,--,9:42:41 AM,1/10/2026,
1478,44.0,gf,2.345,mm,OK,--,9:42:41 AM,1/10/2026,
1479,43.9,gf,2.340,mm,OK,--,9:42:42 AM,1/10/2026,
1480,43.8,gf,2.335,mm,OK,--,9:42:42 AM,1/10/2026,
1481,43.8,gf,2.330,mm,OK,--,9:42:42 AM,1/10/2026,
1482,43.9,gf,2.325,mm,OK,--,9:42:42 AM,1/10/2026,
1483,43.9,gf,2.320,mm,OK,--,9:42:42 AM,1/10/2026,
1484,43.9,gf,2.315,mm,OK,--,9:42:42 AM,1/10/2026,
1485,43.8,gf,2.310,mm,OK,--,9:42:42 AM,1/10/2026,
1486,43.9,gf,2.310,mm,OK,--,9:42:42 AM,1/10/2026,
1487,43.9,gf,2.305,mm,OK,--,9:42:42 AM,1/10/2026,
1488,43.9,gf,2.305,mm,OK,--,9:42:42 AM,1/10/2026,
1489,43.8,gf,2.300,mm,OK,--,9:42:43 AM,1/10/2026,
1490,43.8,gf,2.295,mm,OK,--,9:42:43 AM,1/10/2026,
1491,43.8,gf,2.295,mm,OK,--,9:42:43 AM,1/10/2026,
1492,43.8,gf,2.290,mm,OK,--,9:42:43 AM,1/10/2026,
1493,43.7,gf,2.285,mm,OK,--,9:42:43 AM,1/10/2026,
1494,43.7,gf,2.280,mm,OK,--,9:42:43 AM,1/10/2026,
1495,43.7,gf,2.275,mm,OK,--,9:42:43 AM,1/10/2026,
1496,43.6,gf,2.270,mm,OK,--,9:42:43 AM,1/10/2026,
1497,43.6,gf,2.265,mm,OK,--,9:42:43 AM,1/10/2026,
1498,43.6,gf,2.265,mm,OK,--,9:42:43 AM,1/10/2026,
1499,43.6,gf,2.260,mm,OK,--,9:42:44 AM,1/10/2026,
1500,43.6,gf,2.260,mm,OK,--,9:42:44 AM,1/10/2026,
1501,43.6,gf,2.260,mm,OK,--,9:42:44 AM,1/10/2026,
1502,43.5,gf,2.255,mm,OK,--,9:42:44 AM,1/10/2026,
1503,43.5,gf,2.250,mm,OK,--,9:42:44 AM,1/10/2026,
1504,43.5,gf,2.245,mm,OK,--,9:42:44 AM,1/10/2026,
1505,43.5,gf,2.245,mm,OK,--,9:42:44 AM,1/10/2026,
1506,43.5,gf,2.240,mm,OK,--,9:42:44 AM,1/10/2026,
1507,43.4,gf,2.230,mm,OK,--,9:42:44 AM,1/10/2026,
1508,43.4,gf,2.220,mm,OK,--,9:42:44 AM,1/10/2026,
1509,43.4,gf,2.210,mm,OK,--,9:42:45 AM,1/10/2026,
1510,43.4,gf,2.205,mm,OK,--,9:42:45 AM,1/10/2026,
1511,43.4,gf,2.195,mm,OK,--,9:42:45 AM,1/10/2026,
1512,43.3,gf,2.180,mm,OK,--,9:42:45 AM,1/10/2026,
1513,43.2,gf,2.165,mm,OK,--,9:42:45 AM,1/10/2026,
1514,43.2,gf,2.145,mm,OK,--,9:42:45 AM,1/10/2026,
1515,43.2,gf,2.135,mm,OK,--,9:42:45 AM,1/10/2026,
1516,42.6,gf,2.125,mm,OK,--,9:42:45 AM,1/10/2026,
1517,42.1,gf,2.115,mm,OK,--,9:42:45 AM,1/10/2026,
1518,42.1,gf,2.105,mm,OK,--,9:42:45 AM,1/10/2026,
1519,41.8,gf,2.095,mm,OK,--,9:42:46 AM,1/10/2026,
1520,41.8,gf,2.090,mm,OK,--,9:42:46 AM,1/10/2026,
1521,41.7,gf,2.080,mm,OK,--,9:42:46 AM,1/10/2026,
1522,41.5,gf,2.075,mm,OK,--,9:42:46 AM,1/10/2026,
1523,41.4,gf,2.065,mm,OK,--,9:42:46 AM,1/10/2026,
1524,40.9,gf,2.055,mm,OK,--,9:42:46 AM,1/10/2026,
1525,40.7,gf,2.050,mm,OK,--,9:42:46 AM,1/10/2026,
1526,40.5,gf,2.045,mm,OK,--,9:42:46 AM,1/10/2026,
1527,40.4,gf,2.045,mm,OK,--,9:42:46 AM,1/10/2026,
1528,40.3,gf,2.035,mm,OK,--,9:42:46 AM,1/10/2026,
1529,40.4,gf,2.030,mm,OK,--,9:42:47 AM,1/10/2026,
1530,40.2,gf,2.025,mm,OK,--,9:42:47 AM,1/10/2026,
1531,39.8,gf,2.020,mm,OK,--,9:42:47 AM,1/10/2026,
1532,39.2,gf,2.015,mm,OK,--,9:42:47 AM,1/10/2026,
1533,38.7,gf,2.010,mm,OK,--,9:42:47 AM,1/10/2026,
1534,38.2,gf,2.005,mm,OK,--,9:42:47 AM,1/10/2026,
1535,37.8,gf,2.000,mm,OK,--,9:42:47 AM,1/10/2026,
1536,37.4,gf,2.000,mm,OK,--,9:42:47 AM,1/10/2026,
1537,37.0,gf,1.995,mm,OK,--,9:42:47 AM,1/10/2026,
1538,36.8,gf,1.990,mm,OK,--,9:42:47 AM,1/10/2026,
1539,36.6,gf,1.990,mm,OK,--,9:42:48 AM,1/10/2026,
1540,35.9,gf,1.985,mm,OK,--,9:42:48 AM,1/10/2026,
1541,35.6,gf,1.980,mm,OK,--,9:42:48 AM,1/10/2026,
1542,35.4,gf,1.975,mm,OK,--,9:42:48 AM,1/10/2026,
1543,34.7,gf,1.970,mm,OK,--,9:42:48 AM,1/10/2026,
1544,33.2,gf,1.960,mm,OK,--,9:42:48 AM,1/10/2026,
1545,32.4,gf,1.950,mm,OK,--,9:42:48 AM,1/10/2026,
1546,31.7,gf,1.940,mm,OK,--,9:42:48 AM,1/10/2026,
1547,31.2,gf,1.930,mm,OK,--,9:42:48 AM,1/10/2026,
1548,30.4,gf,1.920,mm,OK,--,9:42:48 AM,1/10/2026,
1549,29.7,gf,1.915,mm,OK,--,9:42:49 AM,1/10/2026,
1550,29.4,gf,1.910,mm,OK,--,9:42:49 AM,1/10/2026,
1551,29.1,gf,1.910,mm,OK,--,9:42:49 AM,1/10/2026,
1552,29.2,gf,1.900,mm,OK,--,9:42:49 AM,1/10/2026,
1553,29.3,gf,1.895,mm,OK,--,9:42:49 AM,1/10/2026,
1554,29.4,gf,1.890,mm,OK,--,9:42:49 AM,1/10/2026,
1555,29.4,gf,1.885,mm,OK,--,9:42:49 AM,1/10/2026,
1556,29.4,gf,1.880,mm,OK,--,9:42:49 AM,1/10/2026,
1557,29.7,gf,1.880,mm,OK,--,9:42:49 AM,1/10/2026,
1558,29.2,gf,1.875,mm,OK,--,9:42:49 AM,1/10/2026,
1559,28.1,gf,1.865,mm,OK,--,9:42:50 AM,1/10/2026,
1560,28.1,gf,1.855,mm,OK,--,9:42:50 AM,1/10/2026,
1561,28.0,gf,1.845,mm,OK,--,9:42:50 AM,1/10/2026,
1562,27.6,gf,1.835,mm,OK,--,9:42:50 AM,1/10/2026,
1563,27.2,gf,1.825,mm,OK,--,9:42:50 AM,1/10/2026,
1564,27.1,gf,1.810,mm,OK,--,9:42:50 AM,1/10/2026,
1565,26.6,gf,1.800,mm,OK,--,9:42:50 AM,1/10/2026,
1566,26.4,gf,1.790,mm,OK,--,9:42:50 AM,1/10/2026,
1567,25.9,gf,1.780,mm,OK,--,9:42:50 AM,1/10/2026,
1568,26.0,gf,1.770,mm,OK,--,9:42:50 AM,1/10/2026,
1569,26.0,gf,1.765,mm,OK,--,9:42:51 AM,1/10/2026,
1570,26.1,gf,1.755,mm,OK,--,9:42:51 AM,1/10/2026,
1571,26.0,gf,1.745,mm,OK,--,9:42:51 AM,1/10/2026,
1572,25.9,gf,1.735,mm,OK,--,9:42:51 AM,1/10/2026,
1573,25.4,gf,1.725,mm,OK,--,9:42:51 AM,1/10/2026,
1574,25.2,gf,1.715,mm,OK,--,9:42:51 AM,1/10/2026,
1575,24.9,gf,1.705,mm,OK,--,9:42:51 AM,1/10/2026,
1576,24.5,gf,1.700,mm,OK,--,9:42:51 AM,1/10/2026,
1577,24.6,gf,1.695,mm,OK,--,9:42:51 AM,1/10/2026,
1578,24.8,gf,1.690,mm,OK,--,9:42:51 AM,1/10/2026,
1579,24.7,gf,1.685,mm,OK,--,9:42:52 AM,1/10/2026,
1580,24.4,gf,1.675,mm,OK,--,9:42:52 AM,1/10/2026,
1581,24.2,gf,1.670,mm,OK,--,9:42:52 AM,1/10/2026,
1582,24.4,gf,1.660,mm,OK,--,9:42:52 AM,1/10/2026,
1583,24.6,gf,1.650,mm,OK,--,9:42:52 AM,1/10/2026,
1584,24.6,gf,1.645,mm,OK,--,9:42:52 AM,1/10/2026,
1585,24.6,gf,1.635,mm,OK,--,9:42:52 AM,1/10/2026,
1586,24.9,gf,1.630,mm,OK,--,9:42:52 AM,1/10/2026,
1587,24.6,gf,1.620,mm,OK,--,9:42:52 AM,1/10/2026,
1588,24.1,gf,1.615,mm,OK,--,9:42:52 AM,1/10/2026,
1589,24.2,gf,1.605,mm,OK,--,9:42:53 AM,1/10/2026,
1590,24.1,gf,1.600,mm,OK,--,9:42:53 AM,1/10/2026,
1591,24.0,gf,1.590,mm,OK,--,9:42:53 AM,1/10/2026,
1592,23.9,gf,1.575,mm,OK,--,9:42:53 AM,1/10/2026,
1593,23.6,gf,1.565,mm,OK,--,9:42:53 AM,1/10/2026,
1594,23.4,gf,1.550,mm,OK,--,9:42:53 AM,1/10/2026,
1595,24.0,gf,1.540,mm,OK,--,9:42:53 AM,1/10/2026,
1596,23.7,gf,1.530,mm,OK,--,9:42:53 AM,1/10/2026,
1597,23.4,gf,1.525,mm,OK,--,9:42:53 AM,1/10/2026,
1598,23.4,gf,1.520,mm,OK,--,9:42:53 AM,1/10/2026,
1599,23.4,gf,1.515,mm,OK,--,9:42:54 AM,1/10/2026,
1600,23.2,gf,1.515,mm,OK,--,9:42:54 AM,1/10/2026,
1601,23.5,gf,1.505,mm,OK,--,9:42:54 AM,1/10/2026,
1602,23.4,gf,1.500,mm,OK,--,9:42:54 AM,1/10/2026,
1603,23.6,gf,1.500,mm,OK,--,9:42:54 AM,1/10/2026,
1604,23.7,gf,1.495,mm,OK,--,9:42:54 AM,1/10/2026,
1605,23.8,gf,1.490,mm,OK,--,9:42:54 AM,1/10/2026,
1606,23.8,gf,1.485,mm,OK,--,9:42:54 AM,1/10/2026,
1607,23.7,gf,1.485,mm,OK,--,9:42:54 AM,1/10/2026,
1608,23.6,gf,1.480,mm,OK,--,9:42:54 AM,1/10/2026,
1609,23.7,gf,1.475,mm,OK,--,9:42:55 AM,1/10/2026,
1610,23.7,gf,1.470,mm,OK,--,9:42:55 AM,1/10/2026,
1611,23.6,gf,1.470,mm,OK,--,9:42:55 AM,1/10/2026,
1612,23.8,gf,1.465,mm,OK,--,9:42:55 AM,1/10/2026,
1613,24.0,gf,1.460,mm,OK,--,9:42:55 AM,1/10/2026,
1614,23.9,gf,1.455,mm,OK,--,9:42:55 AM,1/10/2026,
1615,23.7,gf,1.455,mm,OK,--,9:42:55 AM,1/10/2026,
1616,23.4,gf,1.450,mm,OK,--,9:42:55 AM,1/10/2026,
1617,22.9,gf,1.445,mm,OK,--,9:42:55 AM,1/10/2026,
1618,22.7,gf,1.435,mm,OK,--,9:42:55 AM,1/10/2026,
1619,22.6,gf,1.430,mm,OK,--,9:42:56 AM,1/10/2026,
1620,22.4,gf,1.425,mm,OK,--,9:42:56 AM,1/10/2026,
1621,22.5,gf,1.420,mm,OK,--,9:42:56 AM,1/10/2026,
1622,22.4,gf,1.415,mm,OK,--,9:42:56 AM,1/10/2026,
1623,22.7,gf,1.415,mm,OK,--,9:42:56 AM,1/10/2026,
1624,22.7,gf,1.410,mm,OK,--,9:42:56 AM,1/10/2026,
1625,22.6,gf,1.405,mm,OK,--,9:42:56 AM,1/10/2026,
1626,22.6,gf,1.405,mm,OK,--,9:42:56 AM,1/10/2026,
1627,22.5,gf,1.405,mm,OK,--,9:42:56 AM,1/10/2026,
1628,22.7,gf,1.400,mm,OK,--,9:42:56 AM,1/10/2026,
1629,22.7,gf,1.395,mm,OK,--,9:42:57 AM,1/10/2026,
1630,22.6,gf,1.395,mm,OK,--,9:42:57 AM,1/10/2026,
1631,22.8,gf,1.390,mm,OK,--,9:42:57 AM,1/10/2026,
1632,22.9,gf,1.385,mm,OK,--,9:42:57 AM,1/10/2026,
1633,23.0,gf,1.380,mm,OK,--,9:42:57 AM,1/10/2026,
1634,23.3,gf,1.375,mm,OK,--,9:42:57 AM,1/10/2026,
1635,23.3,gf,1.375,mm,OK,--,9:42:57 AM,1/10/2026,
1636,23.0,gf,1.370,mm,OK,--,9:42:57 AM,1/10/2026,
1637,22.9,gf,1.365,mm,OK,--,9:42:57 AM,1/10/2026,
1638,23.0,gf,1.355,mm,OK,--,9:42:57 AM,1/10/2026,
1639,23.4,gf,1.350,mm,OK,--,9:42:58 AM,1/10/2026,
1640,23.4,gf,1.345,mm,OK,--,9:42:58 AM,1/10/2026,
1641,23.7,gf,1.340,mm,OK,--,9:42:58 AM,1/10/2026,
1642,23.8,gf,1.335,mm,OK,--,9:42:58 AM,1/10/2026,
1643,24.0,gf,1.330,mm,OK,--,9:42:58 AM,1/10/2026,
1644,23.8,gf,1.325,mm,OK,--,9:42:58 AM,1/10/2026,
1645,23.7,gf,1.320,mm,OK,--,9:42:58 AM,1/10/2026,
1646,23.9,gf,1.310,mm,OK,--,9:42:58 AM,1/10/2026,
1647,24.0,gf,1.295,mm,OK,--,9:42:58 AM,1/10/2026,
1648,24.2,gf,1.285,mm,OK,--,9:42:58 AM,1/10/2026,
1649,24.3,gf,1.280,mm,OK,--,9:42:59 AM,1/10/2026,
1650,24.2,gf,1.275,mm,OK,--,9:42:59 AM,1/10/2026,
1651,24.2,gf,1.270,mm,OK,--,9:42:59 AM,1/10/2026,
1652,24.3,gf,1.265,mm,OK,--,9:42:59 AM,1/10/2026,
1653,24.1,gf,1.260,mm,OK,--,9:42:59 AM,1/10/2026,
1654,24.2,gf,1.250,mm,OK,--,9:42:59 AM,1/10/2026,
1655,24.4,gf,1.245,mm,OK,--,9:42:59 AM,1/10/2026,
1656,24.8,gf,1.240,mm,OK,--,9:42:59 AM,1/10/2026,
1657,25.6,gf,1.235,mm,OK,--,9:42:59 AM,1/10/2026,
1658,26.4,gf,1.230,mm,OK,--,9:42:59 AM,1/10/2026,
1659,26.8,gf,1.225,mm,OK,--,9:43:00 AM,1/10/2026,
1660,27.2,gf,1.220,mm,OK,--,9:43:00 AM,1/10/2026,
1661,27.9,gf,1.220,mm,OK,--,9:43:00 AM,1/10/2026,
1662,28.4,gf,1.215,mm,OK,--,9:43:00 AM,1/10/2026,
1663,28.6,gf,1.210,mm,OK,--,9:43:00 AM,1/10/2026,
1664,28.9,gf,1.210,mm,OK,--,9:43:00 AM,1/10/2026,
1665,28.9,gf,1.205,mm,OK,--,9:43:00 AM,1/10/2026,
1666,29.2,gf,1.200,mm,OK,--,9:43:00 AM,1/10/2026,
1667,29.5,gf,1.200,mm,OK,--,9:43:00 AM,1/10/2026,
1668,29.9,gf,1.195,mm,OK,--,9:43:00 AM,1/10/2026,
1669,30.6,gf,1.190,mm,OK,--,9:43:01 AM,1/10/2026,
1670,30.9,gf,1.185,mm,OK,--,9:43:01 AM,1/10/2026,
1671,31.0,gf,1.180,mm,OK,--,9:43:01 AM,1/10/2026,
1672,31.1,gf,1.180,mm,OK,--,9:43:01 AM,1/10/2026,
1673,31.4,gf,1.175,mm,OK,--,9:43:01 AM,1/10/2026,
1674,31.6,gf,1.170,mm,OK,--,9:43:01 AM,1/10/2026,
1675,32.0,gf,1.165,mm,OK,--,9:43:01 AM,1/10/2026,
1676,32.6,gf,1.155,mm,OK,--,9:43:01 AM,1/10/2026,
1677,32.8,gf,1.150,mm,OK,--,9:43:01 AM,1/10/2026,
1678,32.9,gf,1.145,mm,OK,--,9:43:01 AM,1/10/2026,
1679,32.9,gf,1.145,mm,OK,--,9:43:02 AM,1/10/2026,
1680,32.8,gf,1.145,mm,OK,--,9:43:02 AM,1/10/2026,
1681,32.8,gf,1.140,mm,OK,--,9:43:02 AM,1/10/2026,
1682,32.8,gf,1.135,mm,OK,--,9:43:02 AM,1/10/2026,
1683,32.8,gf,1.130,mm,OK,--,9:43:02 AM,1/10/2026,
1684,32.8,gf,1.125,mm,OK,--,9:43:02 AM,1/10/2026,
1685,33.0,gf,1.125,mm,OK,--,9:43:02 AM,1/10/2026,
1686,33.0,gf,1.120,mm,OK,--,9:43:02 AM,1/10/2026,
1687,32.9,gf,1.115,mm,OK,--,9:43:02 AM,1/10/2026,
1688,32.8,gf,1.110,mm,OK,--,9:43:02 AM,1/10/2026,
1689,32.9,gf,1.105,mm,OK,--,9:43:03 AM,1/10/2026,
1690,32.8,gf,1.100,mm,OK,--,9:43:03 AM,1/10/2026,
1691,32.7,gf,1.095,mm,OK,--,9:43:03 AM,1/10/2026,
1692,32.7,gf,1.090,mm,OK,--,9:43:03 AM,1/10/2026,
1693,32.9,gf,1.085,mm,OK,--,9:43:03 AM,1/10/2026,
1694,32.9,gf,1.080,mm,OK,--,9:43:03 AM,1/10/2026,
1695,32.8,gf,1.075,mm,OK,--,9:43:03 AM,1/10/2026,
1696,32.9,gf,1.070,mm,OK,--,9:43:03 AM,1/10/2026,
1697,33.0,gf,1.065,mm,OK,--,9:43:03 AM,1/10/2026,
1698,33.0,gf,1.065,mm,OK,--,9:43:03 AM,1/10/2026,
1699,33.0,gf,1.060,mm,OK,--,9:43:04 AM,1/10/2026,
1700,33.1,gf,1.055,mm,OK,--,9:43:04 AM,1/10/2026,
1701,33.1,gf,1.050,mm,OK,--,9:43:04 AM,1/10/2026,
1702,33.1,gf,1.045,mm,OK,--,9:43:04 AM,1/10/2026,
1703,33.1,gf,1.040,mm,OK,--,9:43:04 AM,1/10/2026,
1704,33.1,gf,1.040,mm,OK,--,9:43:04 AM,1/10/2026,
1705,33.2,gf,1.035,mm,OK,--,9:43:04 AM,1/10/2026,
1706,33.4,gf,1.025,mm,OK,--,9:43:04 AM,1/10/2026,
1707,33.3,gf,1.020,mm,OK,--,9:43:04 AM,1/10/2026,
1708,33.2,gf,1.015,mm,OK,--,9:43:04 AM,1/10/2026,
1709,33.1,gf,1.005,mm,OK,--,9:43:05 AM,1/10/2026,
1710,33.1,gf,1.000,mm,OK,--,9:43:05 AM,1/10/2026,
1711,33.2,gf,0.995,mm,OK,--,9:43:05 AM,1/10/2026,
1712,33.2,gf,0.995,mm,OK,--,9:43:05 AM,1/10/2026,
1713,33.2,gf,0.990,mm,OK,--,9:43:05 AM,1/10/2026,
1714,33.1,gf,0.985,mm,OK,--,9:43:05 AM,1/10/2026,
1715,33.2,gf,0.985,mm,OK,--,9:43:05 AM,1/10/2026,
1716,33.2,gf,0.980,mm,OK,--,9:43:05 AM,1/10/2026,
1717,33.2,gf,0.980,mm,OK,--,9:43:05 AM,1/10/2026,
1718,33.2,gf,0.975,mm,OK,--,9:43:05 AM,1/10/2026,
1719,33.3,gf,0.970,mm,OK,--,9:43:06 AM,1/10/2026,
1720,33.2,gf,0.965,mm,OK,--,9:43:06 AM,1/10/2026,
1721,33.4,gf,0.960,mm,OK,--,9:43:06 AM,1/10/2026,
1722,33.3,gf,0.955,mm,OK,--,9:43:06 AM,1/10/2026,
1723,33.3,gf,0.950,mm,OK,--,9:43:06 AM,1/10/2026,
1724,33.4,gf,0.950,mm,OK,--,9:43:06 AM,1/10/2026,
1725,33.3,gf,0.945,mm,OK,--,9:43:06 AM,1/10/2026,
1726,33.4,gf,0.940,mm,OK,--,9:43:06 AM,1/10/2026,
1727,33.5,gf,0.940,mm,OK,--,9:43:06 AM,1/10/2026,
1728,33.4,gf,0.935,mm,OK,--,9:43:06 AM,1/10/2026,
1729,33.4,gf,0.935,mm,OK,--,9:43:07 AM,1/10/2026,
1730,33.5,gf,0.930,mm,OK,--,9:43:07 AM,1/10/2026,
1731,33.5,gf,0.930,mm,OK,--,9:43:07 AM,1/10/2026,
1732,33.5,gf,0.925,mm,OK,--,9:43:07 AM,1/10/2026,
1733,33.7,gf,0.920,mm,OK,--,9:43:07 AM,1/10/2026,
1734,33.6,gf,0.920,mm,OK,--,9:43:07 AM,1/10/2026,
1735,33.6,gf,0.915,mm,OK,--,9:43:07 AM,1/10/2026,
1736,33.6,gf,0.910,mm,OK,--,9:43:07 AM,1/10/2026,
1737,33.5,gf,0.905,mm,OK,--,9:43:07 AM,1/10/2026,
1738,33.6,gf,0.890,mm,OK,--,9:43:07 AM,1/10/2026,
1739,33.8,gf,0.875,mm,OK,--,9:43:08 AM,1/10/2026,
1740,33.9,gf,0.870,mm,OK,--,9:43:08 AM,1/10/2026,
1741,34.0,gf,0.865,mm,OK,--,9:43:08 AM,1/10/2026,
1742,34.0,gf,0.860,mm,OK,--,9:43:08 AM,1/10/2026,
1743,34.0,gf,0.855,mm,OK,--,9:43:08 AM,1/10/2026,
1744,33.9,gf,0.850,mm,OK,--,9:43:08 AM,1/10/2026,
1745,34.2,gf,0.845,mm,OK,--,9:43:08 AM,1/10/2026,
1746,34.1,gf,0.840,mm,OK,--,9:43:08 AM,1/10/2026,
1747,34.0,gf,0.835,mm,OK,--,9:43:08 AM,1/10/2026,
1748,34.0,gf,0.830,mm,OK,--,9:43:08 AM,1/10/2026,
1749,34.0,gf,0.830,mm,OK,--,9:43:09 AM,1/10/2026,
1750,34.0,gf,0.825,mm,OK,--,9:43:09 AM,1/10/2026,
1751,34.1,gf,0.820,mm,OK,--,9:43:09 AM,1/10/2026,
1752,34.2,gf,0.820,mm,OK,--,9:43:09 AM,1/10/2026,
1753,34.2,gf,0.815,mm,OK,--,9:43:09 AM,1/10/2026,
1754,34.2,gf,0.815,mm,OK,--,9:43:09 AM,1/10/2026,
1755,34.2,gf,0.815,mm,OK,--,9:43:09 AM,1/10/2026,
1756,34.2,gf,0.815,mm,OK,--,9:43:09 AM,1/10/2026,
1757,34.1,gf,0.810,mm,OK,--,9:43:09 AM,1/10/2026,
1758,34.1,gf,0.810,mm,OK,--,9:43:09 AM,1/10/2026,
1759,34.1,gf,0.810,mm,OK,--,9:43:10 AM,1/10/2026,
1760,34.0,gf,0.805,mm,OK,--,9:43:10 AM,1/10/2026,
1761,34.1,gf,0.800,mm,OK,--,9:43:10 AM,1/10/2026,
1762,34.0,gf,0.800,mm,OK,--,9:43:10 AM,1/10/2026,
1763,34.1,gf,0.795,mm,OK,--,9:43:10 AM,1/10/2026,
1764,34.1,gf,0.795,mm,OK,--,9:43:10 AM,1/10/2026,
1765,34.2,gf,0.790,mm,OK,--,9:43:10 AM,1/10/2026,
1766,34.2,gf,0.785,mm,OK,--,9:43:10 AM,1/10/2026,
1767,34.3,gf,0.780,mm,OK,--,9:43:10 AM,1/10/2026,
1768,34.4,gf,0.775,mm,OK,--,9:43:10 AM,1/10/2026,
1769,34.4,gf,0.770,mm,OK,--,9:43:11 AM,1/10/2026,
1770,34.5,gf,0.770,mm,OK,--,9:43:11 AM,1/10/2026,
1771,34.5,gf,0.765,mm,OK,--,9:43:11 AM,1/10/2026,
1772,34.7,gf,0.760,mm,OK,--,9:43:11 AM,1/10/2026,
1773,34.7,gf,0.755,mm,OK,--,9:43:11 AM,1/10/2026,
1774,34.7,gf,0.755,mm,OK,--,9:43:11 AM,1/10/2026,
1775,34.6,gf,0.750,mm,OK,--,9:43:11 AM,1/10/2026,
1776,34.7,gf,0.745,mm,OK,--,9:43:11 AM,1/10/2026,
1777,35.0,gf,0.740,mm,OK,--,9:43:11 AM,1/10/2026,
1778,35.2,gf,0.740,mm,OK,--,9:43:11 AM,1/10/2026,
1779,35.3,gf,0.735,mm,OK,--,9:43:12 AM,1/10/2026,
1780,35.3,gf,0.735,mm,OK,--,9:43:12 AM,1/10/2026,
1781,35.4,gf,0.730,mm,OK,--,9:43:12 AM,1/10/2026,
1782,35.5,gf,0.725,mm,OK,--,9:43:12 AM,1/10/2026,
1783,36.0,gf,0.720,mm,OK,--,9:43:12 AM,1/10/2026,
1784,36.8,gf,0.715,mm,OK,--,9:43:12 AM,1/10/2026,
1785,36.3,gf,0.710,mm,OK,--,9:43:12 AM,1/10/2026,
1786,35.9,gf,0.705,mm,OK,--,9:43:12 AM,1/10/2026,
1787,35.6,gf,0.700,mm,OK,--,9:43:12 AM,1/10/2026,
1788,35.2,gf,0.695,mm,OK,--,9:43:12 AM,1/10/2026,
1789,34.9,gf,0.690,mm,OK,--,9:43:13 AM,1/10/2026,
1790,34.6,gf,0.685,mm,OK,--,9:43:13 AM,1/10/2026,
1791,34.6,gf,0.680,mm,OK,--,9:43:13 AM,1/10/2026,
1792,34.6,gf,0.680,mm,OK,--,9:43:13 AM,1/10/2026,
1793,34.4,gf,0.675,mm,OK,--,9:43:13 AM,1/10/2026,
1794,34.2,gf,0.670,mm,OK,--,9:43:13 AM,1/10/2026,
1795,34.1,gf,0.665,mm,OK,--,9:43:13 AM,1/10/2026,
1796,34.3,gf,0.660,mm,OK,--,9:43:13 AM,1/10/2026,
1797,34.3,gf,0.655,mm,OK,--,9:43:13 AM,1/10/2026,
1798,34.3,gf,0.645,mm,OK,--,9:43:13 AM,1/10/2026,
1799,34.2,gf,0.635,mm,OK,--,9:43:14 AM,1/10/2026,
1800,34.1,gf,0.630,mm,OK,--,9:43:14 AM,1/10/2026,
1801,34.1,gf,0.625,mm,OK,--,9:43:14 AM,1/10/2026,
1802,34.1,gf,0.620,mm,OK,--,9:43:14 AM,1/10/2026,
1803,34.2,gf,0.610,mm,OK,--,9:43:14 AM,1/10/2026,
1804,34.3,gf,0.605,mm,OK,--,9:43:14 AM,1/10/2026,
1805,34.2,gf,0.600,mm,OK,--,9:43:14 AM,1/10/2026,
1806,34.2,gf,0.595,mm,OK,--,9:43:14 AM,1/10/2026,
1807,34.2,gf,0.590,mm,OK,--,9:43:14 AM,1/10/2026,
1808,34.1,gf,0.585,mm,OK,--,9:43:14 AM,1/10/2026,
1809,33.9,gf,0.580,mm,OK,--,9:43:15 AM,1/10/2026,
1810,34.0,gf,0.575,mm,OK,--,9:43:15 AM,1/10/2026,
1811,34.0,gf,0.570,mm,OK,--,9:43:15 AM,1/10/2026,
1812,34.0,gf,0.570,mm,OK,--,9:43:15 AM,1/10/2026,
1813,34.1,gf,0.565,mm,OK,--,9:43:15 AM,1/10/2026,
1814,34.1,gf,0.565,mm,OK,--,9:43:15 AM,1/10/2026,
1815,34.1,gf,0.565,mm,OK,--,9:43:15 AM,1/10/2026,
1816,34.0,gf,0.560,mm,OK,--,9:43:15 AM,1/10/2026,
1817,34.0,gf,0.560,mm,OK,--,9:43:15 AM,1/10/2026,
1818,34.1,gf,0.555,mm,OK,--,9:43:15 AM,1/10/2026,
1819,34.0,gf,0.555,mm,OK,--,9:43:16 AM,1/10/2026,
1820,34.0,gf,0.550,mm,OK,--,9:43:16 AM,1/10/2026,
1821,34.2,gf,0.545,mm,OK,--,9:43:16 AM,1/10/2026,
1822,34.2,gf,0.540,mm,OK,--,9:43:16 AM,1/10/2026,
1823,34.2,gf,0.535,mm,OK,--,9:43:16 AM,1/10/2026,
1824,34.3,gf,0.530,mm,OK,--,9:43:16 AM,1/10/2026,
1825,34.4,gf,0.520,mm,OK,--,9:43:16 AM,1/10/2026,
1826,34.4,gf,0.515,mm,OK,--,9:43:16 AM,1/10/2026,
1827,34.3,gf,0.510,mm,OK,--,9:43:16 AM,1/10/2026,
1828,34.3,gf,0.505,mm,OK,--,9:43:16 AM,1/10/2026,
1829,34.3,gf,0.500,mm,OK,--,9:43:17 AM,1/10/2026,
1830,34.2,gf,0.495,mm,OK,--,9:43:17 AM,1/10/2026,
1831,34.2,gf,0.495,mm,OK,--,9:43:17 AM,1/10/2026,
1832,34.1,gf,0.490,mm,OK,--,9:43:17 AM,1/10/2026,
1833,34.1,gf,0.485,mm,OK,--,9:43:17 AM,1/10/2026,
1834,33.9,gf,0.480,mm,OK,--,9:43:17 AM,1/10/2026,
1835,34.0,gf,0.475,mm,OK,--,9:43:17 AM,1/10/2026,
1836,33.9,gf,0.470,mm,OK,--,9:43:17 AM,1/10/2026,
1837,33.8,gf,0.465,mm,OK,--,9:43:17 AM,1/10/2026,
1838,34.0,gf,0.465,mm,OK,--,9:43:17 AM,1/10/2026,
1839,33.7,gf,0.465,mm,OK,--,9:43:18 AM,1/10/2026,
1840,33.7,gf,0.460,mm,OK,--,9:43:18 AM,1/10/2026,
1841,33.8,gf,0.460,mm,OK,--,9:43:18 AM,1/10/2026,
1842,33.8,gf,0.455,mm,OK,--,9:43:18 AM,1/10/2026,
1843,33.8,gf,0.450,mm,OK,--,9:43:18 AM,1/10/2026,
1844,33.8,gf,0.450,mm,OK,--,9:43:18 AM,1/10/2026,
1845,33.8,gf,0.445,mm,OK,--,9:43:18 AM,1/10/2026,
1846,33.8,gf,0.440,mm,OK,--,9:43:18 AM,1/10/2026,
1847,33.9,gf,0.435,mm,OK,--,9:43:18 AM,1/10/2026,
1848,34.0,gf,0.430,mm,OK,--,9:43:18 AM,1/10/2026,
1849,34.0,gf,0.425,mm,OK,--,9:43:19 AM,1/10/2026,
1850,34.0,gf,0.425,mm,OK,--,9:43:19 AM,1/10/2026,
1851,34.0,gf,0.420,mm,OK,--,9:43:19 AM,1/10/2026,
1852,33.9,gf,0.420,mm,OK,--,9:43:19 AM,1/10/2026,
1853,33.9,gf,0.415,mm,OK,--,9:43:19 AM,1/10/2026,
1854,33.9,gf,0.410,mm,OK,--,9:43:19 AM,1/10/2026,
1855,33.9,gf,0.410,mm,OK,--,9:43:19 AM,1/10/2026,
1856,33.9,gf,0.405,mm,OK,--,9:43:19 AM,1/10/2026,
1857,33.8,gf,0.400,mm,OK,--,9:43:19 AM,1/10/2026,
1858,33.8,gf,0.395,mm,OK,--,9:43:19 AM,1/10/2026,
1859,33.7,gf,0.385,mm,OK,--,9:43:20 AM,1/10/2026,
1860,33.7,gf,0.380,mm,OK,--,9:43:20 AM,1/10/2026,
1861,33.8,gf,0.365,mm,OK,--,9:43:20 AM,1/10/2026,
1862,33.8,gf,0.350,mm,OK,--,9:43:20 AM,1/10/2026,
1863,33.8,gf,0.345,mm,OK,--,9:43:20 AM,1/10/2026,
1864,33.7,gf,0.340,mm,OK,--,9:43:20 AM,1/10/2026,
1865,33.7,gf,0.335,mm,OK,--,9:43:20 AM,1/10/2026,
1866,33.7,gf,0.330,mm,OK,--,9:43:20 AM,1/10/2026,
1867,33.7,gf,0.320,mm,OK,--,9:43:20 AM,1/10/2026,
1868,34.0,gf,0.315,mm,OK,--,9:43:20 AM,1/10/2026,
1869,34.0,gf,0.310,mm,OK,--,9:43:21 AM,1/10/2026,
1870,34.0,gf,0.305,mm,OK,--,9:43:21 AM,1/10/2026,
1871,34.0,gf,0.295,mm,OK,--,9:43:21 AM,1/10/2026,
1872,34.0,gf,0.295,mm,OK,--,9:43:21 AM,1/10/2026,
1873,33.9,gf,0.295,mm,OK,--,9:43:21 AM,1/10/2026,
1874,33.8,gf,0.295,mm,OK,--,9:43:21 AM,1/10/2026,
1875,33.8,gf,0.290,mm,OK,--,9:43:21 AM,1/10/2026,
1876,33.8,gf,0.290,mm,OK,--,9:43:21 AM,1/10/2026,
1877,33.7,gf,0.285,mm,OK,--,9:43:21 AM,1/10/2026,
1878,33.6,gf,0.280,mm,OK,--,9:43:21 AM,1/10/2026,
1879,33.7,gf,0.275,mm,OK,--,9:43:22 AM,1/10/2026,
1880,33.7,gf,0.270,mm,OK,--,9:43:22 AM,1/10/2026,
1881,33.6,gf,0.265,mm,OK,--,9:43:22 AM,1/10/2026,
1882,33.6,gf,0.255,mm,OK,--,9:43:22 AM,1/10/2026,
1883,33.6,gf,0.250,mm,OK,--,9:43:22 AM,1/10/2026,
1884,33.6,gf,0.245,mm,OK,--,9:43:22 AM,1/10/2026,
1885,33.6,gf,0.240,mm,OK,--,9:43:22 AM,1/10/2026,
1886,33.6,gf,0.235,mm,OK,--,9:43:22 AM,1/10/2026,
1887,33.5,gf,0.230,mm,OK,--,9:43:22 AM,1/10/2026,
1888,33.5,gf,0.225,mm,OK,--,9:43:22 AM,1/10/2026,
1889,33.5,gf,0.220,mm,OK,--,9:43:23 AM,1/10/2026,
1890,33.4,gf,0.215,mm,OK,--,9:43:23 AM,1/10/2026,
1891,33.4,gf,0.205,mm,OK,--,9:43:23 AM,1/10/2026,
1892,33.5,gf,0.205,mm,OK,--,9:43:23 AM,1/10/2026,
1893,33.4,gf,0.200,mm,OK,--,9:43:23 AM,1/10/2026,
1894,33.4,gf,0.200,mm,OK,--,9:43:23 AM,1/10/2026,
1895,33.4,gf,0.195,mm,OK,--,9:43:23 AM,1/10/2026,
1896,33.4,gf,0.195,mm,OK,--,9:43:23 AM,1/10/2026,
1897,33.4,gf,0.185,mm,OK,--,9:43:23 AM,1/10/2026,
1898,33.5,gf,0.180,mm,OK,--,9:43:23 AM,1/10/2026,
1899,33.4,gf,0.175,mm,OK,--,9:43:24 AM,1/10/2026,
1900,33.3,gf,0.165,mm,OK,--,9:43:24 AM,1/10/2026,
1901,33.3,gf,0.155,mm,OK,--,9:43:24 AM,1/10/2026,
1902,33.2,gf,0.150,mm,OK,--,9:43:24 AM,1/10/2026,
1903,33.3,gf,0.145,mm,OK,--,9:43:24 AM,1/10/2026,
1904,33.2,gf,0.135,mm,OK,--,9:43:24 AM,1/10/2026,
1905,33.4,gf,0.120,mm,OK,--,9:43:24 AM,1/10/2026,
1906,33.4,gf,0.115,mm,OK,--,9:43:24 AM,1/10/2026,
1907,33.4,gf,0.110,mm,OK,--,9:43:24 AM,1/10/2026,
1908,33.3,gf,0.105,mm,OK,--,9:43:24 AM,1/10/2026,
1909,33.3,gf,0.100,mm,OK,--,9:43:25 AM,1/10/2026,
1910,33.5,gf,0.095,mm,OK,--,9:43:25 AM,1/10/2026,
1911,33.2,gf,0.085,mm,OK,--,9:43:25 AM,1/10/2026,
1912,28.2,gf,0.080,mm,OK,--,9:43:25 AM,1/10/2026,
1913,25.4,gf,0.075,mm,OK,--,9:43:25 AM,1/10/2026,
1914,25.3,gf,0.070,mm,OK,--,9:43:25 AM,1/10/2026,
1915,24.5,gf,0.065,mm,OK,--,9:43:25 AM,1/10/2026,
1916,24.9,gf,0.065,mm,OK,--,9:43:25 AM,1/10/2026,
1917,21.6,gf,0.060,mm,OK,--,9:43:25 AM,1/10/2026,
1918,15.8,gf,0.055,mm,OK,--,9:43:25 AM,1/10/2026,
1919,11.0,gf,0.045,mm,OK,--,9:43:26 AM,1/10/2026,
1920,7.6,gf,0.045,mm,OK,--,9:43:26 AM,1/10/2026,
1921,4.2,gf,0.040,mm,OK,--,9:43:26 AM,1/10/2026,
1922,0.5,gf,0.035,mm,OK,--,9:43:26 AM,1/10/2026,
1923,0.0,gf,0.030,mm,OK,--,9:43:26 AM,1/10/2026,
1924,0.0,gf,0.025,mm,OK,--,9:43:26 AM,1/10/2026,
1925,0.1,gf,0.020,mm,OK,--,9:43:26 AM,1/10/2026,
1926,0.0,gf,0.015,mm,OK,--,9:43:26 AM,1/10/2026,
1927,0.0,gf,0.005,mm,OK,--,9:43:26 AM,1/10/2026,
1928,0.0,gf,-0.005,mm,OK,--,9:43:26 AM,1/10/2026,
1929,0.1,gf,-0.010,mm,OK,--,9:43:27 AM,1/10/2026,
1930,0.0,gf,-0.015,mm,OK,--,9:43:27 AM,1/10/2026,
1931,0.0,gf,-0.020,mm,OK,--,9:43:27 AM,1/10/2026,
1932,0.0,gf,-0.025,mm,OK,--,9:43:27 AM,1/10/2026,
1933,0.0,gf,-0.030,mm,OK,--,9:43:27 AM,1/10/2026,
1934,0.0,gf,-0.035,mm,OK,--,9:43:27 AM,1/10/2026,
1935,0.0,gf,-0.045,mm,OK,--,9:43:27 AM,1/10/2026,
1936,0.1,gf,-0.045,mm,OK,--,9:43:27 AM,1/10/2026,
1937,0.0,gf,-0.045,mm,OK,--,9:43:27 AM,1/10/2026,
1938,0.0,gf,-0.045,mm,OK,--,9:43:27 AM,1/10/2026,
1939,0.0,gf,-0.045,mm,OK,--,9:43:28 AM,1/10/2026,
1940,0.1,gf,-0.045,mm,OK,--,9:43:28 AM,1/10/2026,
1941,0.0,gf,-0.045,mm,OK,--,9:43:28 AM,1/10/2026,
1942,0.0,gf,-0.045,mm,OK,--,9:43:28 AM,1/10/2026,
1943,-0.3,gf,-0.045,mm,OK,--,9:43:28 AM,1/10/2026,
1944,0.0,gf,-0.040,mm,OK,--,9:43:28 AM,1/10/2026,
1945,0.1,gf,-0.040,mm,OK,--,9:43:28 AM,1/10/2026,
1946,0.0,gf,-0.040,mm,OK,--,9:43:28 AM,1/10/2026,
1947,0.0,gf,-0.035,mm,OK,--,9:43:28 AM,1/10/2026,
1948,0.0,gf,-0.035,mm,OK,--,9:43:28 AM,1/10/2026,
1949,0.0,gf,-0.035,mm,OK,--,9:43:29 AM,1/10/2026,
1950,0.1,gf,-0.035,mm,OK,--,9:43:29 AM,1/10/2026,
1951,0.0,gf,-0.030,mm,OK,--,9:43:29 AM,1/10/2026,
1952,0.0,gf,-0.030,mm,OK,--,9:43:29 AM,1/10/2026,
1953,0.0,gf,-0.030,mm,OK,--,9:43:29 AM,1/10/2026,
1954,-0.4,gf,-0.030,mm,OK,--,9:43:29 AM,1/10/2026,
1955,0.1,gf,-0.030,mm,OK,--,9:43:29 AM,1/10/2026,
1956,0.3,gf,-0.025,mm,OK,--,9:43:29 AM,1/10/2026,
1957,0.0,gf,-0.025,mm,OK,--,9:43:29 AM,1/10/2026,
1958,0.0,gf,-0.025,mm,OK,--,9:43:29 AM,1/10/2026,
1959,0.0,gf,-0.025,mm,OK,--,9:43:30 AM,1/10/2026,
1960,0.0,gf,-0.025,mm,OK,--,9:43:30 AM,1/10/2026,
1961,0.0,gf,-0.020,mm,OK,--,9:43:30 AM,1/10/2026,
1962,-0.1,gf,-0.020,mm,OK,--,9:43:30 AM,1/10/2026,
