Maximum,205.3,@,No.809,,,,,,
Minimum,-0.2,@,No.21,,,,,,
Average,49.31,,,,,,,,
Data Quantity,1714,,,,,,,,
Number of NG,29,,,,,,,,
No.,Force,Unit,Displacement,Unit,Judge,Position,Time,Date,
1,0.0,gf,0.005,mm,OK,--,6:58:33 PM,8/20/2026,
2,0.0,gf,0.005,mm,OK,--,6:58:33 PM,8/20/2026,
3,0.0,gf,0.005,mm,OK,--,6:58:34 PM,8/20/2026,
4,0.0,gf,0.010,mm,OK,--,6:58:34 PM,8/20/2026,
5,0.0,gf,0.015,mm,OK,--,6:58:34 PM,8/20/2026,
6,0.0,gf,0.015,mm,OK,--,6:58:34 PM,8/20/2026,
7,0.0,gf,0.015,mm,OK,--,6:58:34 PM,8/20/2026,
8,0.0,gf,0.020,mm,OK,--,6:58:34 PM,8/20/2026,
9,0.0,gf,0.020,mm,OK,--,6:58:34 PM,8/20/2026,
10,0.0,gf,0.020,mm,OK,--,6:58:34 PM,8/20/2026,
11,0.0,gf,0.020,mm,OK,--,6:58:34 PM,8/20/2026,
12,0.0,gf,0.020,mm,OK,--,6:58:34 PM,8/20/2026,
13,0.0,gf,0.020,mm,OK,--,6:58:35 PM,8/20/2026,
14,0.0,gf,0.020,mm,OK,--,6:58:35 PM,8/20/2026,
15,0.0,gf,0.020,mm,OK,--,6:58:35 PM,8/20/2026,
16,0.0,gf,0.020,mm,OK,--,6:58:35 PM,8/20/2026,
17,0.0,gf,0.020,mm,OK,--,6:58:35 PM,8/20/2026,
18,0.0,gf,0.020,mm,OK,--,6:58:35 PM,8/20/2026,
19,0.0,gf,0.025,mm,OK,--,6:58:35 PM,8/20/2026,
20,0.1,gf,0.025,mm,OK,--,6:58:35 PM,8/20/2026,
21,-0.2,gf,0.030,mm,OK,--,6:58:35 PM,8/20/2026,
22,0.0,gf,0.030,mm,OK,--,6:58:35 PM,8/20/2026,
23,0.0,gf,0.035,mm,OK,--,6:58:36 PM,8/20/2026,
24,-0.1,gf,0.035,mm,OK,--,6:58:36 PM,8/20/2026,
25,0.0,gf,0.035,mm,OK,--,6:58:36 PM,8/20/2026,
26,0.0,gf,0.035,mm,OK,--,6:58:36 PM,8/20/2026,
27,-0.1,gf,0.035,mm,OK,--,6:58:36 PM,8/20/2026,
28,0.0,gf,0.035,mm,OK,--,6:58:36 PM,8/20/2026,
29,0.0,gf,0.035,mm,OK,--,6:58:36 PM,8/20/2026,
30,0.0,gf,0.040,mm,OK,--,6:58:36 PM,8/20/2026,
31,1.3,gf,0.045,mm,OK,--,6:58:36 PM,8/20/2026,
32,3.3,gf,0.045,mm,OK,--,6:58:36 PM,8/20/2026,
33,5.4,gf,0.050,mm,OK,--,6:58:37 PM,8/20/2026,
34,7.0,gf,0.050,mm,OK,--,6:58:37 PM,8/20/2026,
35,7.7,gf,0.050,mm,OK,--,6:58:37 PM,8/20/2026,
36,8.2,gf,0.050,mm,OK,--,6:58:37 PM,8/20/2026,
37,8.5,gf,0.050,mm,OK,--,6:58:37 PM,8/20/2026,
38,9.0,gf,0.055,mm,OK,--,6:58:37 PM,8/20/2026,
39,9.4,gf,0.055,mm,OK,--,6:58:37 PM,8/20/2026,
40,9.9,gf,0.055,mm,OK,--,6:58:37 PM,8/20/2026,
41,10.5,gf,0.055,mm,OK,--,6:58:37 PM,8/20/2026,
42,11.3,gf,0.055,mm,OK,--,6:58:37 PM,8/20/2026,
43,11.9,gf,0.055,mm,OK,--,6:58:38 PM,8/20/2026,
44,13.1,gf,0.060,mm,OK,--,6:58:38 PM,8/20/2026,
45,15.3,gf,0.060,mm,OK,--,6:58:38 PM,8/20/2026,
46,18.5,gf,0.065,mm,OK,--,6:58:38 PM,8/20/2026,
47,20.9,gf,0.070,mm,OK,--,6:58:38 PM,8/20/2026,
48,22.6,gf,0.070,mm,OK,--,6:58:38 PM,8/20/2026,
49,24.9,gf,0.075,mm,OK,--,6:58:38 PM,8/20/2026,
50,26.2,gf,0.075,mm,OK,--,6:58:38 PM,8/20/2026,
51,27.5,gf,0.075,mm,OK,--,6:58:38 PM,8/20/2026,
52,28.6,gf,0.080,mm,OK,--,6:58:38 PM,8/20/2026,
53,30.1,gf,0.080,mm,OK,--,6:58:39 PM,8/20/2026,
54,31.3,gf,0.085,mm,OK,--,6:58:39 PM,8/20/2026,
55,31.7,gf,0.085,mm,OK,--,6:58:39 PM,8/20/2026,
56,31.4,gf,0.085,mm,OK,--,6:58:39 PM,8/20/2026,
57,32.1,gf,0.090,mm,OK,--,6:58:39 PM,8/20/2026,
58,32.0,gf,0.090,mm,OK,--,6:58:39 PM,8/20/2026,
59,31.8,gf,0.095,mm,OK,--,6:58:39 PM,8/20/2026,
60,31.7,gf,0.100,mm,OK,--,6:58:39 PM,8/20/2026,
61,31.7,gf,0.100,mm,OK,--,6:58:39 PM,8/20/2026,
62,31.7,gf,0.105,mm,OK,--,6:58:39 PM,8/20/2026,
63,31.7,gf,0.110,mm,OK,--,6:58:40 PM,8/20/2026,
64,31.7,gf,0.115,mm,OK,--,6:58:40 PM,8/20/2026,
65,31.7,gf,0.120,mm,OK,--,6:58:40 PM,8/20/2026,
66,31.7,gf,0.125,mm,OK,--,6:58:40 PM,8/20/2026,
67,31.7,gf,0.135,mm,OK,--,6:58:40 PM,8/20/2026,
68,31.7,gf,0.140,mm,OK,--,6:58:40 PM,8/20/2026,
69,31.7,gf,0.145,mm,OK,--,6:58:40 PM,8/20/2026,
70,31.7,gf,0.150,mm,OK,--,6:58:40 PM,8/20/2026,
71,31.7,gf,0.155,mm,OK,--,6:58:40 PM,8/20/2026,
72,31.8,gf,0.160,mm,OK,--,6:58:40 PM,8/20/2026,
73,31.8,gf,0.165,mm,OK,--,6:58:41 PM,8/20/2026,
74,31.8,gf,0.165,mm,OK,--,6:58:41 PM,8/20/2026,
75,31.8,gf,0.170,mm,OK,--,6:58:41 PM,8/20/2026,
76,31.8,gf,0.175,mm,OK,--,6:58:41 PM,8/20/2026,
77,31.8,gf,0.180,mm,OK,--,6:58:41 PM,8/20/2026,
78,31.8,gf,0.180,mm,OK,--,6:58:41 PM,8/20/2026,
79,31.8,gf,0.185,mm,OK,--,6:58:41 PM,8/20/2026,
80,31.9,gf,0.185,mm,OK,--,6:58:41 PM,8/20/2026,
81,31.9,gf,0.190,mm,OK,--,6:58:41 PM,8/20/2026,
82,31.9,gf,0.190,mm,OK,--,6:58:41 PM,8/20/2026,
83,31.9,gf,0.195,mm,OK,--,6:58:42 PM,8/20/2026,
84,31.9,gf,0.195,mm,OK,--,6:58:42 PM,8/20/2026,
85,31.9,gf,0.200,mm,OK,--,6:58:42 PM,8/20/2026,
86,31.9,gf,0.200,mm,OK,--,6:58:42 PM,8/20/2026,
87,32.0,gf,0.205,mm,OK,--,6:58:42 PM,8/20/2026,
88,32.0,gf,0.210,mm,OK,--,6:58:42 PM,8/20/2026,
89,32.0,gf,0.210,mm,OK,--,6:58:42 PM,8/20/2026,
90,32.0,gf,0.215,mm,OK,--,6:58:42 PM,8/20/2026,
91,32.0,gf,0.220,mm,OK,--,6:58:42 PM,8/20/2026,
92,32.0,gf,0.220,mm,OK,--,6:58:42 PM,8/20/2026,
93,32.1,gf,0.225,mm,OK,--,6:58:43 PM,8/20/2026,
94,32.1,gf,0.230,mm,OK,--,6:58:43 PM,8/20/2026,
95,32.1,gf,0.235,mm,OK,--,6:58:43 PM,8/20/2026,
96,32.1,gf,0.235,mm,OK,--,6:58:43 PM,8/20/2026,
97,32.1,gf,0.240,mm,OK,--,6:58:43 PM,8/20/2026,
98,32.1,gf,0.240,mm,OK,--,6:58:43 PM,8/20/2026,
99,32.2,gf,0.245,mm,OK,--,6:58:43 PM,8/20/2026,
100,32.2,gf,0.250,mm,OK,--,6:58:43 PM,8/20/2026,
101,32.2,gf,0.250,mm,OK,--,6:58:43 PM,8/20/2026,
102,32.2,gf,0.255,mm,OK,--,6:58:43 PM,8/20/2026,
103,32.2,gf,0.260,mm,OK,--,6:58:44 PM,8/20/2026,
104,32.2,gf,0.260,mm,OK,--,6:58:44 PM,8/20/2026,
105,32.3,gf,0.265,mm,OK,--,6:58:44 PM,8/20/2026,
106,32.3,gf,0.270,mm,OK,--,6:58:44 PM,8/20/2026,
107,32.3,gf,0.275,mm,OK,--,6:58:44 PM,8/20/2026,
108,32.4,gf,0.275,mm,OK,--,6:58:44 PM,8/20/2026,
109,32.4,gf,0.280,mm,OK,--,6:58:44 PM,8/20/2026,
110,32.4,gf,0.280,mm,OK,--,6:58:44 PM,8/20/2026,
111,32.4,gf,0.285,mm,OK,--,6:58:44 PM,8/20/2026,
112,32.5,gf,0.290,mm,OK,--,6:58:44 PM,8/20/2026,
113,32.5,gf,0.290,mm,OK,--,6:58:45 PM,8/20/2026,
114,32.5,gf,0.295,mm,OK,--,6:58:45 PM,8/20/2026,
115,32.5,gf,0.300,mm,OK,--,6:58:45 PM,8/20/2026,
116,32.6,gf,0.305,mm,OK,--,6:58:45 PM,8/20/2026,
117,32.6,gf,0.310,mm,OK,--,6:58:45 PM,8/20/2026,
118,32.7,gf,0.315,mm,OK,--,6:58:45 PM,8/20/2026,
119,32.7,gf,0.320,mm,OK,--,6:58:45 PM,8/20/2026,
120,32.7,gf,0.330,mm,OK,--,6:58:45 PM,8/20/2026,
121,32.8,gf,0.335,mm,OK,--,6:58:45 PM,8/20/2026,
122,32.9,gf,0.345,mm,OK,--,6:58:45 PM,8/20/2026,
123,32.8,gf,0.350,mm,OK,--,6:58:46 PM,8/20/2026,
124,32.9,gf,0.360,mm,OK,--,6:58:46 PM,8/20/2026,
125,32.9,gf,0.365,mm,OK,--,6:58:46 PM,8/20/2026,
126,32.9,gf,0.370,mm,OK,--,6:58:46 PM,8/20/2026,
127,32.9,gf,0.380,mm,OK,--,6:58:46 PM,8/20/2026,
128,32.9,gf,0.385,mm,OK,--,6:58:46 PM,8/20/2026,
129,32.9,gf,0.390,mm,OK,--,6:58:46 PM,8/20/2026,
130,32.9,gf,0.395,mm,OK,--,6:58:46 PM,8/20/2026,
131,32.9,gf,0.400,mm,OK,--,6:58:46 PM,8/20/2026,
132,32.9,gf,0.400,mm,OK,--,6:58:46 PM,8/20/2026,
133,32.9,gf,0.405,mm,OK,--,6:58:47 PM,8/20/2026,
134,33.0,gf,0.410,mm,OK,--,6:58:47 PM,8/20/2026,
135,33.0,gf,0.415,mm,OK,--,6:58:47 PM,8/20/2026,
136,33.0,gf,0.420,mm,OK,--,6:58:47 PM,8/20/2026,
137,33.0,gf,0.425,mm,OK,--,6:58:47 PM,8/20/2026,
138,33.0,gf,0.425,mm,OK,--,6:58:47 PM,8/20/2026,
139,33.0,gf,0.430,mm,OK,--,6:58:47 PM,8/20/2026,
140,33.0,gf,0.435,mm,OK,--,6:58:47 PM,8/20/2026,
141,33.0,gf,0.440,mm,OK,--,6:58:47 PM,8/20/2026,
142,33.1,gf,0.445,mm,OK,--,6:58:47 PM,8/20/2026,
143,33.1,gf,0.450,mm,OK,--,6:58:48 PM,8/20/2026,
144,33.1,gf,0.455,mm,OK,--,6:58:48 PM,8/20/2026,
145,33.1,gf,0.460,mm,OK,--,6:58:48 PM,8/20/2026,
146,33.1,gf,0.460,mm,OK,--,6:58:48 PM,8/20/2026,
147,33.1,gf,0.465,mm,OK,--,6:58:48 PM,8/20/2026,
148,33.2,gf,0.465,mm,OK,--,6:58:48 PM,8/20/2026,
149,33.2,gf,0.470,mm,OK,--,6:58:48 PM,8/20/2026,
150,33.2,gf,0.475,mm,OK,--,6:58:48 PM,8/20/2026,
151,33.2,gf,0.475,mm,OK,--,6:58:48 PM,8/20/2026,
152,33.2,gf,0.480,mm,OK,--,6:58:48 PM,8/20/2026,
153,33.2,gf,0.485,mm,OK,--,6:58:49 PM,8/20/2026,
154,33.2,gf,0.490,mm,OK,--,6:58:49 PM,8/20/2026,
155,33.2,gf,0.490,mm,OK,--,6:58:49 PM,8/20/2026,
156,33.2,gf,0.495,mm,OK,--,6:58:49 PM,8/20/2026,
157,33.3,gf,0.500,mm,OK,--,6:58:49 PM,8/20/2026,
158,33.3,gf,0.500,mm,OK,--,6:58:49 PM,8/20/2026,
159,33.3,gf,0.505,mm,OK,--,6:58:49 PM,8/20/2026,
160,33.3,gf,0.510,mm,OK,--,6:58:49 PM,8/20/2026,
161,33.3,gf,0.510,mm,OK,--,6:58:49 PM,8/20/2026,
162,33.3,gf,0.515,mm,OK,--,6:58:49 PM,8/20/2026,
163,33.3,gf,0.520,mm,OK,--,6:58:50 PM,8/20/2026,
164,33.3,gf,0.520,mm,OK,--,6:58:50 PM,8/20/2026,
165,33.4,gf,0.525,mm,OK,--,6:58:50 PM,8/20/2026,
166,33.4,gf,0.525,mm,OK,--,6:58:50 PM,8/20/2026,
167,33.4,gf,0.530,mm,OK,--,6:58:50 PM,8/20/2026,
168,33.4,gf,0.530,mm,OK,--,6:58:50 PM,8/20/2026,
169,33.4,gf,0.535,mm,OK,--,6:58:50 PM,8/20/2026,
170,33.4,gf,0.535,mm,OK,--,6:58:50 PM,8/20/2026,
171,33.4,gf,0.540,mm,OK,--,6:58:50 PM,8/20/2026,
172,33.4,gf,0.540,mm,OK,--,6:58:50 PM,8/20/2026,
173,33.4,gf,0.545,mm,OK,--,6:58:51 PM,8/20/2026,
174,33.4,gf,0.545,mm,OK,--,6:58:51 PM,8/20/2026,
175,33.4,gf,0.550,mm,OK,--,6:58:51 PM,8/20/2026,
176,33.4,gf,0.555,mm,OK,--,6:58:51 PM,8/20/2026,
177,33.4,gf,0.560,mm,OK,--,6:58:51 PM,8/20/2026,
178,33.5,gf,0.560,mm,OK,--,6:58:51 PM,8/20/2026,
179,33.5,gf,0.570,mm,OK,--,6:58:51 PM,8/20/2026,
180,33.5,gf,0.575,mm,OK,--,6:58:51 PM,8/20/2026,
181,33.6,gf,0.580,mm,OK,--,6:58:51 PM,8/20/2026,
182,33.6,gf,0.585,mm,OK,--,6:58:51 PM,8/20/2026,
183,33.6,gf,0.595,mm,OK,--,6:58:52 PM,8/20/2026,
184,33.7,gf,0.600,mm,OK,--,6:58:52 PM,8/20/2026,
185,33.7,gf,0.610,mm,OK,--,6:58:52 PM,8/20/2026,
186,33.8,gf,0.615,mm,OK,--,6:58:52 PM,8/20/2026,
187,33.8,gf,0.625,mm,OK,--,6:58:52 PM,8/20/2026,
188,33.9,gf,0.630,mm,OK,--,6:58:52 PM,8/20/2026,
189,34.0,gf,0.635,mm,OK,--,6:58:52 PM,8/20/2026,
190,34.0,gf,0.640,mm,OK,--,6:58:52 PM,8/20/2026,
191,34.0,gf,0.650,mm,OK,--,6:58:52 PM,8/20/2026,
192,34.0,gf,0.660,mm,OK,--,6:58:52 PM,8/20/2026,
193,34.0,gf,0.670,mm,OK,--,6:58:53 PM,8/20/2026,
194,34.1,gf,0.680,mm,OK,--,6:58:53 PM,8/20/2026,
195,34.1,gf,0.690,mm,OK,--,6:58:53 PM,8/20/2026,
196,34.2,gf,0.695,mm,OK,--,6:58:53 PM,8/20/2026,
197,34.2,gf,0.705,mm,OK,--,6:58:53 PM,8/20/2026,
198,34.3,gf,0.710,mm,OK,--,6:58:53 PM,8/20/2026,
199,34.3,gf,0.720,mm,OK,--,6:58:53 PM,8/20/2026,
200,34.4,gf,0.725,mm,OK,--,6:58:53 PM,8/20/2026,
201,34.4,gf,0.730,mm,OK,--,6:58:53 PM,8/20/2026,
202,34.4,gf,0.740,mm,OK,--,6:58:53 PM,8/20/2026,
203,34.5,gf,0.745,mm,OK,--,6:58:54 PM,8/20/2026,
204,34.5,gf,0.750,mm,OK,--,6:58:54 PM,8/20/2026,
205,34.5,gf,0.760,mm,OK,--,6:58:54 PM,8/20/2026,
206,34.6,gf,0.765,mm,OK,--,6:58:54 PM,8/20/2026,
207,34.6,gf,0.770,mm,OK,--,6:58:54 PM,8/20/2026,
208,34.7,gf,0.775,mm,OK,--,6:58:54 PM,8/20/2026,
209,34.7,gf,0.780,mm,OK,--,6:58:54 PM,8/20/2026,
210,34.7,gf,0.785,mm,OK,--,6:58:54 PM,8/20/2026,
211,34.7,gf,0.790,mm,OK,--,6:58:54 PM,8/20/2026,
212,34.7,gf,0.800,mm,OK,--,6:58:54 PM,8/20/2026,
213,34.8,gf,0.805,mm,OK,--,6:58:55 PM,8/20/2026,
214,34.8,gf,0.810,mm,OK,--,6:58:55 PM,8/20/2026,
215,34.8,gf,0.815,mm,OK,--,6:58:55 PM,8/20/2026,
216,34.9,gf,0.820,mm,OK,--,6:58:55 PM,8/20/2026,
217,34.9,gf,0.825,mm,OK,--,6:58:55 PM,8/20/2026,
218,34.9,gf,0.830,mm,OK,--,6:58:55 PM,8/20/2026,
219,34.9,gf,0.835,mm,OK,--,6:58:55 PM,8/20/2026,
220,34.9,gf,0.840,mm,OK,--,6:58:55 PM,8/20/2026,
221,35.0,gf,0.845,mm,OK,--,6:58:55 PM,8/20/2026,
222,35.0,gf,0.855,mm,OK,--,6:58:55 PM,8/20/2026,
223,35.0,gf,0.860,mm,OK,--,6:58:56 PM,8/20/2026,
224,35.0,gf,0.865,mm,OK,--,6:58:56 PM,8/20/2026,
225,35.1,gf,0.875,mm,OK,--,6:58:56 PM,8/20/2026,
226,35.2,gf,0.880,mm,OK,--,6:58:56 PM,8/20/2026,
227,35.2,gf,0.885,mm,OK,--,6:58:56 PM,8/20/2026,
228,35.2,gf,0.890,mm,OK,--,6:58:56 PM,8/20/2026,
229,35.2,gf,0.895,mm,OK,--,6:58:56 PM,8/20/2026,
230,35.2,gf,0.900,mm,OK,--,6:58:56 PM,8/20/2026,
231,35.2,gf,0.905,mm,OK,--,6:58:56 PM,8/20/2026,
232,35.2,gf,0.910,mm,OK,--,6:58:56 PM,8/20/2026,
233,35.3,gf,0.915,mm,OK,--,6:58:57 PM,8/20/2026,
234,35.3,gf,0.920,mm,OK,--,6:58:57 PM,8/20/2026,
235,35.3,gf,0.925,mm,OK,--,6:58:57 PM,8/20/2026,
236,35.3,gf,0.930,mm,OK,--,6:58:57 PM,8/20/2026,
237,35.3,gf,0.930,mm,OK,--,6:58:57 PM,8/20/2026,
238,35.3,gf,0.935,mm,OK,--,6:58:57 PM,8/20/2026,
239,35.3,gf,0.940,mm,OK,--,6:58:57 PM,8/20/2026,
240,35.3,gf,0.940,mm,OK,--,6:58:57 PM,8/20/2026,
241,35.3,gf,0.940,mm,OK,--,6:58:57 PM,8/20/2026,
242,35.3,gf,0.945,mm,OK,--,6:58:57 PM,8/20/2026,
243,35.4,gf,0.945,mm,OK,--,6:58:58 PM,8/20/2026,
244,35.4,gf,0.950,mm,OK,--,6:58:58 PM,8/20/2026,
245,35.4,gf,0.950,mm,OK,--,6:58:58 PM,8/20/2026,
246,35.4,gf,0.955,mm,OK,--,6:58:58 PM,8/20/2026,
247,35.4,gf,0.960,mm,OK,--,6:58:58 PM,8/20/2026,
248,35.5,gf,0.965,mm,OK,--,6:58:58 PM,8/20/2026,
249,35.5,gf,0.970,mm,OK,--,6:58:58 PM,8/20/2026,
250,35.5,gf,0.975,mm,OK,--,6:58:58 PM,8/20/2026,
251,35.5,gf,0.980,mm,OK,--,6:58:58 PM,8/20/2026,
252,35.5,gf,0.985,mm,OK,--,6:58:58 PM,8/20/2026,
253,35.5,gf,0.995,mm,OK,--,6:58:59 PM,8/20/2026,
254,35.5,gf,1.000,mm,OK,--,6:58:59 PM,8/20/2026,
255,35.6,gf,1.010,mm,OK,--,6:58:59 PM,8/20/2026,
256,35.6,gf,1.015,mm,OK,--,6:58:59 PM,8/20/2026,
257,35.6,gf,1.025,mm,OK,--,6:58:59 PM,8/20/2026,
258,35.6,gf,1.030,mm,OK,--,6:58:59 PM,8/20/2026,
259,35.7,gf,1.040,mm,OK,--,6:58:59 PM,8/20/2026,
260,35.7,gf,1.050,mm,OK,--,6:58:59 PM,8/20/2026,
261,35.7,gf,1.055,mm,OK,--,6:58:59 PM,8/20/2026,
262,35.8,gf,1.065,mm,OK,--,6:58:59 PM,8/20/2026,
263,35.9,gf,1.070,mm,OK,--,6:59:00 PM,8/20/2026,
264,35.9,gf,1.075,mm,OK,--,6:59:00 PM,8/20/2026,
265,35.9,gf,1.085,mm,OK,--,6:59:00 PM,8/20/2026,
266,35.9,gf,1.095,mm,OK,--,6:59:00 PM,8/20/2026,
267,35.9,gf,1.095,mm,OK,--,6:59:00 PM,8/20/2026,
268,35.9,gf,1.100,mm,OK,--,6:59:00 PM,8/20/2026,
269,36.0,gf,1.105,mm,OK,--,6:59:00 PM,8/20/2026,
270,35.9,gf,1.105,mm,OK,--,6:59:00 PM,8/20/2026,
271,36.0,gf,1.110,mm,OK,--,6:59:00 PM,8/20/2026,
272,36.0,gf,1.120,mm,OK,--,6:59:00 PM,8/20/2026,
273,36.1,gf,1.125,mm,OK,--,6:59:01 PM,8/20/2026,
274,36.1,gf,1.130,mm,OK,--,6:59:01 PM,8/20/2026,
275,36.1,gf,1.140,mm,OK,--,6:59:01 PM,8/20/2026,
276,36.2,gf,1.140,mm,OK,--,6:59:01 PM,8/20/2026,
277,36.1,gf,1.145,mm,OK,--,6:59:01 PM,8/20/2026,
278,36.2,gf,1.150,mm,OK,--,6:59:01 PM,8/20/2026,
279,36.2,gf,1.155,mm,OK,--,6:59:01 PM,8/20/2026,
280,36.2,gf,1.160,mm,OK,--,6:59:01 PM,8/20/2026,
281,36.3,gf,1.165,mm,OK,--,6:59:01 PM,8/20/2026,
282,36.3,gf,1.170,mm,OK,--,6:59:01 PM,8/20/2026,
283,36.3,gf,1.175,mm,OK,--,6:59:02 PM,8/20/2026,
284,36.3,gf,1.180,mm,OK,--,6:59:02 PM,8/20/2026,
285,36.3,gf,1.180,mm,OK,--,6:59:02 PM,8/20/2026,
286,36.3,gf,1.185,mm,OK,--,6:59:02 PM,8/20/2026,
287,36.3,gf,1.190,mm,OK,--,6:59:02 PM,8/20/2026,
288,36.3,gf,1.190,mm,OK,--,6:59:02 PM,8/20/2026,
289,36.4,gf,1.195,mm,OK,--,6:59:02 PM,8/20/2026,
290,36.4,gf,1.200,mm,OK,--,6:59:02 PM,8/20/2026,
291,36.4,gf,1.205,mm,OK,--,6:59:02 PM,8/20/2026,
292,36.4,gf,1.210,mm,OK,--,6:59:02 PM,8/20/2026,
293,36.4,gf,1.210,mm,OK,--,6:59:03 PM,8/20/2026,
294,36.4,gf,1.215,mm,OK,--,6:59:03 PM,8/20/2026,
295,36.5,gf,1.215,mm,OK,--,6:59:03 PM,8/20/2026,
296,36.5,gf,1.220,mm,OK,--,6:59:03 PM,8/20/2026,
297,36.5,gf,1.225,mm,OK,--,6:59:03 PM,8/20/2026,
298,36.5,gf,1.225,mm,OK,--,6:59:03 PM,8/20/2026,
299,36.5,gf,1.230,mm,OK,--,6:59:03 PM,8/20/2026,
300,36.6,gf,1.235,mm,OK,--,6:59:03 PM,8/20/2026,
301,36.7,gf,1.240,mm,OK,--,6:59:03 PM,8/20/2026,
302,36.7,gf,1.245,mm,OK,--,6:59:03 PM,8/20/2026,
303,36.7,gf,1.250,mm,OK,--,6:59:04 PM,8/20/2026,
304,36.8,gf,1.250,mm,OK,--,6:59:04 PM,8/20/2026,
305,36.8,gf,1.255,mm,OK,--,6:59:04 PM,8/20/2026,
306,36.8,gf,1.260,mm,OK,--,6:59:04 PM,8/20/2026,
307,36.9,gf,1.260,mm,OK,--,6:59:04 PM,8/20/2026,
308,36.9,gf,1.265,mm,OK,--,6:59:04 PM,8/20/2026,
309,36.9,gf,1.270,mm,OK,--,6:59:04 PM,8/20/2026,
310,36.9,gf,1.275,mm,OK,--,6:59:04 PM,8/20/2026,
311,36.9,gf,1.280,mm,OK,--,6:59:04 PM,8/20/2026,
312,37.0,gf,1.285,mm,OK,--,6:59:04 PM,8/20/2026,
313,37.0,gf,1.285,mm,OK,--,6:59:05 PM,8/20/2026,
314,37.0,gf,1.290,mm,OK,--,6:59:05 PM,8/20/2026,
315,37.0,gf,1.295,mm,OK,--,6:59:05 PM,8/20/2026,
316,37.0,gf,1.295,mm,OK,--,6:59:05 PM,8/20/2026,
317,37.0,gf,1.300,mm,OK,--,6:59:05 PM,8/20/2026,
318,37.0,gf,1.305,mm,OK,--,6:59:05 PM,8/20/2026,
319,37.0,gf,1.310,mm,OK,--,6:59:05 PM,8/20/2026,
320,37.0,gf,1.315,mm,OK,--,6:59:05 PM,8/20/2026,
321,37.1,gf,1.320,mm,OK,--,6:59:05 PM,8/20/2026,
322,37.1,gf,1.320,mm,OK,--,6:59:05 PM,8/20/2026,
323,37.0,gf,1.325,mm,OK,--,6:59:06 PM,8/20/2026,
324,37.1,gf,1.325,mm,OK,--,6:59:06 PM,8/20/2026,
325,37.1,gf,1.330,mm,OK,--,6:59:06 PM,8/20/2026,
326,37.1,gf,1.330,mm,OK,--,6:59:06 PM,8/20/2026,
327,37.1,gf,1.335,mm,OK,--,6:59:06 PM,8/20/2026,
328,37.2,gf,1.340,mm,OK,--,6:59:06 PM,8/20/2026,
329,37.2,gf,1.345,mm,OK,--,6:59:06 PM,8/20/2026,
330,37.2,gf,1.350,mm,OK,--,6:59:06 PM,8/20/2026,
331,37.2,gf,1.350,mm,OK,--,6:59:06 PM,8/20/2026,
332,37.2,gf,1.350,mm,OK,--,6:59:06 PM,8/20/2026,
333,37.2,gf,1.355,mm,OK,--,6:59:07 PM,8/20/2026,
334,37.2,gf,1.355,mm,OK,--,6:59:07 PM,8/20/2026,
335,37.2,gf,1.355,mm,OK,--,6:59:07 PM,8/20/2026,
336,37.2,gf,1.360,mm,OK,--,6:59:07 PM,8/20/2026,
337,37.2,gf,1.360,mm,OK,--,6:59:07 PM,8/20/2026,
338,37.3,gf,1.365,mm,OK,--,6:59:07 PM,8/20/2026,
339,37.3,gf,1.365,mm,OK,--,6:59:07 PM,8/20/2026,
340,37.3,gf,1.370,mm,OK,--,6:59:07 PM,8/20/2026,
341,37.3,gf,1.370,mm,OK,--,6:59:07 PM,8/20/2026,
342,37.3,gf,1.375,mm,OK,--,6:59:07 PM,8/20/2026,
343,37.3,gf,1.375,mm,OK,--,6:59:08 PM,8/20/2026,
344,37.3,gf,1.380,mm,OK,--,6:59:08 PM,8/20/2026,
345,37.3,gf,1.385,mm,OK,--,6:59:08 PM,8/20/2026,
346,37.4,gf,1.385,mm,OK,--,6:59:08 PM,8/20/2026,
347,37.4,gf,1.390,mm,OK,--,6:59:08 PM,8/20/2026,
348,37.4,gf,1.395,mm,OK,--,6:59:08 PM,8/20/2026,
349,37.4,gf,1.400,mm,OK,--,6:59:08 PM,8/20/2026,
350,37.4,gf,1.405,mm,OK,--,6:59:08 PM,8/20/2026,
351,37.4,gf,1.410,mm,OK,--,6:59:08 PM,8/20/2026,
352,37.4,gf,1.415,mm,OK,--,6:59:08 PM,8/20/2026,
353,37.4,gf,1.420,mm,OK,--,6:59:09 PM,8/20/2026,
354,37.5,gf,1.425,mm,OK,--,6:59:09 PM,8/20/2026,
355,37.5,gf,1.430,mm,OK,--,6:59:09 PM,8/20/2026,
356,37.6,gf,1.435,mm,OK,--,6:59:09 PM,8/20/2026,
357,37.6,gf,1.445,mm,OK,--,6:59:09 PM,8/20/2026,
358,37.7,gf,1.450,mm,OK,--,6:59:09 PM,8/20/2026,
359,37.7,gf,1.460,mm,OK,--,6:59:09 PM,8/20/2026,
360,37.7,gf,1.465,mm,OK,--,6:59:09 PM,8/20/2026,
361,37.7,gf,1.475,mm,OK,--,6:59:09 PM,8/20/2026,
362,37.8,gf,1.485,mm,OK,--,6:59:09 PM,8/20/2026,
363,37.8,gf,1.495,mm,OK,--,6:59:10 PM,8/20/2026,
364,37.9,gf,1.515,mm,OK,--,6:59:10 PM,8/20/2026,
365,38.0,gf,1.530,mm,OK,--,6:59:10 PM,8/20/2026,
366,38.0,gf,1.540,mm,OK,--,6:59:10 PM,8/20/2026,
367,38.0,gf,1.550,mm,OK,--,6:59:10 PM,8/20/2026,
368,38.1,gf,1.555,mm,OK,--,6:59:10 PM,8/20/2026,
369,38.1,gf,1.560,mm,OK,--,6:59:10 PM,8/20/2026,
370,38.2,gf,1.565,mm,OK,--,6:59:10 PM,8/20/2026,
371,38.2,gf,1.570,mm,OK,--,6:59:10 PM,8/20/2026,
372,38.3,gf,1.575,mm,OK,--,6:59:10 PM,8/20/2026,
373,38.3,gf,1.580,mm,OK,--,6:59:11 PM,8/20/2026,
374,38.3,gf,1.580,mm,OK,--,6:59:11 PM,8/20/2026,
375,38.3,gf,1.585,mm,OK,--,6:59:11 PM,8/20/2026,
376,38.3,gf,1.590,mm,OK,--,6:59:11 PM,8/20/2026,
377,38.3,gf,1.590,mm,OK,--,6:59:11 PM,8/20/2026,
378,38.3,gf,1.595,mm,OK,--,6:59:11 PM,8/20/2026,
379,38.4,gf,1.595,mm,OK,--,6:59:11 PM,8/20/2026,
380,38.4,gf,1.600,mm,OK,--,6:59:11 PM,8/20/2026,
381,38.4,gf,1.600,mm,OK,--,6:59:11 PM,8/20/2026,
382,38.4,gf,1.605,mm,OK,--,6:59:11 PM,8/20/2026,
383,38.4,gf,1.610,mm,OK,--,6:59:12 PM,8/20/2026,
384,38.4,gf,1.615,mm,OK,--,6:59:12 PM,8/20/2026,
385,38.5,gf,1.625,mm,OK,--,6:59:12 PM,8/20/2026,
386,38.5,gf,1.630,mm,OK,--,6:59:12 PM,8/20/2026,
387,38.5,gf,1.635,mm,OK,--,6:59:12 PM,8/20/2026,
388,38.5,gf,1.645,mm,OK,--,6:59:12 PM,8/20/2026,
389,38.6,gf,1.650,mm,OK,--,6:59:12 PM,8/20/2026,
390,38.6,gf,1.655,mm,OK,--,6:59:12 PM,8/20/2026,
391,38.7,gf,1.665,mm,OK,--,6:59:12 PM,8/20/2026,
392,38.7,gf,1.670,mm,OK,--,6:59:12 PM,8/20/2026,
393,38.7,gf,1.675,mm,OK,--,6:59:13 PM,8/20/2026,
394,38.8,gf,1.680,mm,OK,--,6:59:13 PM,8/20/2026,
395,38.8,gf,1.690,mm,OK,--,6:59:13 PM,8/20/2026,
396,38.8,gf,1.695,mm,OK,--,6:59:13 PM,8/20/2026,
397,38.9,gf,1.700,mm,OK,--,6:59:13 PM,8/20/2026,
398,38.9,gf,1.710,mm,OK,--,6:59:13 PM,8/20/2026,
399,38.9,gf,1.715,mm,OK,--,6:59:13 PM,8/20/2026,
400,39.0,gf,1.720,mm,OK,--,6:59:13 PM,8/20/2026,
401,39.0,gf,1.725,mm,OK,--,6:59:13 PM,8/20/2026,
402,39.1,gf,1.735,mm,OK,--,6:59:13 PM,8/20/2026,
403,39.2,gf,1.740,mm,OK,--,6:59:14 PM,8/20/2026,
404,39.2,gf,1.745,mm,OK,--,6:59:14 PM,8/20/2026,
405,39.2,gf,1.755,mm,OK,--,6:59:14 PM,8/20/2026,
406,39.2,gf,1.760,mm,OK,--,6:59:14 PM,8/20/2026,
407,39.2,gf,1.770,mm,OK,--,6:59:14 PM,8/20/2026,
408,39.3,gf,1.780,mm,OK,--,6:59:14 PM,8/20/2026,
409,39.3,gf,1.785,mm,OK,--,6:59:14 PM,8/20/2026,
410,39.3,gf,1.795,mm,OK,--,6:59:14 PM,8/20/2026,
411,39.3,gf,1.805,mm,OK,--,6:59:14 PM,8/20/2026,
412,39.4,gf,1.815,mm,OK,--,6:59:15 PM,8/20/2026,
413,39.4,gf,1.820,mm,OK,--,6:59:15 PM,8/20/2026,
414,39.4,gf,1.825,mm,OK,--,6:59:15 PM,8/20/2026,
415,39.5,gf,1.830,mm,OK,--,6:59:15 PM,8/20/2026,
416,39.5,gf,1.835,mm,OK,--,6:59:15 PM,8/20/2026,
417,39.5,gf,1.840,mm,OK,--,6:59:15 PM,8/20/2026,
418,39.6,gf,1.845,mm,OK,--,6:59:15 PM,8/20/2026,
419,39.6,gf,1.850,mm,OK,--,6:59:15 PM,8/20/2026,
420,39.6,gf,1.850,mm,OK,--,6:59:15 PM,8/20/2026,
421,39.6,gf,1.855,mm,OK,--,6:59:15 PM,8/20/2026,
422,39.6,gf,1.855,mm,OK,--,6:59:15 PM,8/20/2026,
423,39.6,gf,1.860,mm,OK,--,6:59:16 PM,8/20/2026,
424,39.6,gf,1.865,mm,OK,--,6:59:16 PM,8/20/2026,
425,39.7,gf,1.865,mm,OK,--,6:59:16 PM,8/20/2026,
426,39.7,gf,1.870,mm,OK,--,6:59:16 PM,8/20/2026,
427,39.7,gf,1.875,mm,OK,--,6:59:16 PM,8/20/2026,
428,39.7,gf,1.875,mm,OK,--,6:59:16 PM,8/20/2026,
429,39.7,gf,1.880,mm,OK,--,6:59:16 PM,8/20/2026,
430,39.7,gf,1.885,mm,OK,--,6:59:16 PM,8/20/2026,
431,39.7,gf,1.890,mm,OK,--,6:59:16 PM,8/20/2026,
432,39.7,gf,1.895,mm,OK,--,6:59:16 PM,8/20/2026,
433,39.7,gf,1.905,mm,OK,--,6:59:17 PM,8/20/2026,
434,39.7,gf,1.910,mm,OK,--,6:59:17 PM,8/20/2026,
435,39.8,gf,1.915,mm,OK,--,6:59:17 PM,8/20/2026,
436,39.8,gf,1.925,mm,OK,--,6:59:17 PM,8/20/2026,
437,39.8,gf,1.930,mm,OK,--,6:59:17 PM,8/20/2026,
438,39.8,gf,1.935,mm,OK,--,6:59:17 PM,8/20/2026,
439,39.9,gf,1.945,mm,OK,--,6:59:17 PM,8/20/2026,
440,39.9,gf,1.950,mm,OK,--,6:59:17 PM,8/20/2026,
441,39.9,gf,1.960,mm,OK,--,6:59:17 PM,8/20/2026,
442,39.9,gf,1.965,mm,OK,--,6:59:17 PM,8/20/2026,
443,39.9,gf,1.970,mm,OK,--,6:59:18 PM,8/20/2026,
444,40.0,gf,1.975,mm,OK,--,6:59:18 PM,8/20/2026,
445,40.0,gf,1.980,mm,OK,--,6:59:18 PM,8/20/2026,
446,40.1,gf,1.985,mm,OK,--,6:59:18 PM,8/20/2026,
447,40.1,gf,1.990,mm,OK,--,6:59:18 PM,8/20/2026,
448,40.1,gf,1.995,mm,OK,--,6:59:18 PM,8/20/2026,
449,40.1,gf,2.000,mm,OK,--,6:59:18 PM,8/20/2026,
450,40.1,gf,2.005,mm,OK,--,6:59:18 PM,8/20/2026,
451,40.1,gf,2.005,mm,OK,--,6:59:18 PM,8/20/2026,
452,40.2,gf,2.010,mm,OK,--,6:59:18 PM,8/20/2026,
453,40.2,gf,2.010,mm,OK,--,6:59:19 PM,8/20/2026,
454,40.2,gf,2.015,mm,OK,--,6:59:19 PM,8/20/2026,
455,40.2,gf,2.015,mm,OK,--,6:59:19 PM,8/20/2026,
456,40.2,gf,2.020,mm,OK,--,6:59:19 PM,8/20/2026,
457,40.2,gf,2.020,mm,OK,--,6:59:19 PM,8/20/2026,
458,40.2,gf,2.025,mm,OK,--,6:59:19 PM,8/20/2026,
459,40.2,gf,2.025,mm,OK,--,6:59:19 PM,8/20/2026,
460,40.2,gf,2.030,mm,OK,--,6:59:19 PM,8/20/2026,
461,40.2,gf,2.035,mm,OK,--,6:59:19 PM,8/20/2026,
462,40.2,gf,2.040,mm,OK,--,6:59:19 PM,8/20/2026,
463,40.3,gf,2.050,mm,OK,--,6:59:20 PM,8/20/2026,
464,40.4,gf,2.060,mm,OK,--,6:59:20 PM,8/20/2026,
465,40.4,gf,2.070,mm,OK,--,6:59:20 PM,8/20/2026,
466,40.4,gf,2.080,mm,OK,--,6:59:20 PM,8/20/2026,
467,40.4,gf,2.085,mm,OK,--,6:59:20 PM,8/20/2026,
468,40.5,gf,2.095,mm,OK,--,6:59:20 PM,8/20/2026,
469,40.5,gf,2.105,mm,OK,--,6:59:20 PM,8/20/2026,
470,40.5,gf,2.110,mm,OK,--,6:59:20 PM,8/20/2026,
471,40.6,gf,2.115,mm,OK,--,6:59:20 PM,8/20/2026,
472,40.6,gf,2.120,mm,OK,--,6:59:20 PM,8/20/2026,
473,40.6,gf,2.125,mm,OK,--,6:59:21 PM,8/20/2026,
474,40.6,gf,2.130,mm,OK,--,6:59:21 PM,8/20/2026,
475,40.7,gf,2.135,mm,OK,--,6:59:21 PM,8/20/2026,
476,40.7,gf,2.140,mm,OK,--,6:59:21 PM,8/20/2026,
477,40.7,gf,2.140,mm,OK,--,6:59:21 PM,8/20/2026,
478,40.7,gf,2.145,mm,OK,--,6:59:21 PM,8/20/2026,
479,40.7,gf,2.145,mm,OK,--,6:59:21 PM,8/20/2026,
480,40.8,gf,2.150,mm,OK,--,6:59:21 PM,8/20/2026,
481,40.8,gf,2.155,mm,OK,--,6:59:21 PM,8/20/2026,
482,40.8,gf,2.165,mm,OK,--,6:59:21 PM,8/20/2026,
483,40.9,gf,2.170,mm,OK,--,6:59:22 PM,8/20/2026,
484,40.9,gf,2.180,mm,OK,--,6:59:22 PM,8/20/2026,
485,40.9,gf,2.195,mm,OK,--,6:59:22 PM,8/20/2026,
486,40.9,gf,2.200,mm,OK,--,6:59:22 PM,8/20/2026,
487,40.9,gf,2.210,mm,OK,--,6:59:22 PM,8/20/2026,
488,41.0,gf,2.220,mm,OK,--,6:59:22 PM,8/20/2026,
489,41.0,gf,2.230,mm,OK,--,6:59:22 PM,8/20/2026,
490,41.0,gf,2.245,mm,OK,--,6:59:22 PM,8/20/2026,
491,41.1,gf,2.255,mm,OK,--,6:59:22 PM,8/20/2026,
492,41.1,gf,2.265,mm,OK,--,6:59:22 PM,8/20/2026,
493,41.1,gf,2.275,mm,OK,--,6:59:23 PM,8/20/2026,
494,41.1,gf,2.280,mm,OK,--,6:59:23 PM,8/20/2026,
495,41.1,gf,2.290,mm,OK,--,6:59:23 PM,8/20/2026,
496,41.1,gf,2.300,mm,OK,--,6:59:23 PM,8/20/2026,
497,41.2,gf,2.310,mm,OK,--,6:59:23 PM,8/20/2026,
498,41.3,gf,2.325,mm,OK,--,6:59:23 PM,8/20/2026,
499,41.3,gf,2.340,mm,OK,--,6:59:23 PM,8/20/2026,
500,41.4,gf,2.355,mm,OK,--,6:59:23 PM,8/20/2026,
501,41.5,gf,2.375,mm,OK,--,6:59:23 PM,8/20/2026,
502,41.6,gf,2.390,mm,OK,--,6:59:23 PM,8/20/2026,
503,41.6,gf,2.410,mm,OK,--,6:59:24 PM,8/20/2026,
504,41.8,gf,2.435,mm,OK,--,6:59:24 PM,8/20/2026,
505,42.0,gf,2.465,mm,OK,--,6:59:24 PM,8/20/2026,
506,42.1,gf,2.500,mm,OK,--,6:59:24 PM,8/20/2026,
507,42.2,gf,2.525,mm,OK,--,6:59:24 PM,8/20/2026,
508,42.2,gf,2.535,mm,OK,--,6:59:24 PM,8/20/2026,
509,42.3,gf,2.545,mm,OK,--,6:59:24 PM,8/20/2026,
510,42.3,gf,2.560,mm,OK,--,6:59:24 PM,8/20/2026,
511,42.4,gf,2.570,mm,OK,--,6:59:24 PM,8/20/2026,
512,42.4,gf,2.575,mm,OK,--,6:59:24 PM,8/20/2026,
513,42.5,gf,2.580,mm,OK,--,6:59:25 PM,8/20/2026,
514,42.5,gf,2.590,mm,OK,--,6:59:25 PM,8/20/2026,
515,42.5,gf,2.595,mm,OK,--,6:59:25 PM,8/20/2026,
516,42.5,gf,2.600,mm,OK,--,6:59:25 PM,8/20/2026,
517,42.5,gf,2.605,mm,OK,--,6:59:25 PM,8/20/2026,
518,42.6,gf,2.615,mm,OK,--,6:59:25 PM,8/20/2026,
519,42.6,gf,2.620,mm,OK,--,6:59:25 PM,8/20/2026,
520,42.7,gf,2.625,mm,OK,--,6:59:25 PM,8/20/2026,
521,42.7,gf,2.635,mm,OK,--,6:59:25 PM,8/20/2026,
522,42.7,gf,2.640,mm,OK,--,6:59:25 PM,8/20/2026,
523,42.7,gf,2.645,mm,OK,--,6:59:26 PM,8/20/2026,
524,42.7,gf,2.650,mm,OK,--,6:59:26 PM,8/20/2026,
525,42.8,gf,2.660,mm,OK,--,6:59:26 PM,8/20/2026,
526,42.8,gf,2.665,mm,OK,--,6:59:26 PM,8/20/2026,
527,42.8,gf,2.670,mm,OK,--,6:59:26 PM,8/20/2026,
528,42.8,gf,2.675,mm,OK,--,6:59:26 PM,8/20/2026,
529,42.8,gf,2.680,mm,OK,--,6:59:26 PM,8/20/2026,
530,42.9,gf,2.685,mm,OK,--,6:59:26 PM,8/20/2026,
531,42.9,gf,2.685,mm,OK,--,6:59:26 PM,8/20/2026,
532,42.9,gf,2.690,mm,OK,--,6:59:26 PM,8/20/2026,
533,42.9,gf,2.690,mm,OK,--,6:59:27 PM,8/20/2026,
534,42.9,gf,2.695,mm,OK,--,6:59:27 PM,8/20/2026,
535,42.9,gf,2.695,mm,OK,--,6:59:27 PM,8/20/2026,
536,42.9,gf,2.695,mm,OK,--,6:59:27 PM,8/20/2026,
537,42.9,gf,2.700,mm,OK,--,6:59:27 PM,8/20/2026,
538,42.9,gf,2.700,mm,OK,--,6:59:27 PM,8/20/2026,
539,42.9,gf,2.700,mm,OK,--,6:59:27 PM,8/20/2026,
540,42.9,gf,2.705,mm,OK,--,6:59:27 PM,8/20/2026,
541,43.0,gf,2.705,mm,OK,--,6:59:27 PM,8/20/2026,
542,43.0,gf,2.705,mm,OK,--,6:59:27 PM,8/20/2026,
543,43.0,gf,2.710,mm,OK,--,6:59:28 PM,8/20/2026,
544,43.0,gf,2.710,mm,OK,--,6:59:28 PM,8/20/2026,
545,43.0,gf,2.710,mm,OK,--,6:59:28 PM,8/20/2026,
546,43.0,gf,2.715,mm,OK,--,6:59:28 PM,8/20/2026,
547,43.0,gf,2.715,mm,OK,--,6:59:28 PM,8/20/2026,
548,43.0,gf,2.720,mm,OK,--,6:59:28 PM,8/20/2026,
549,43.1,gf,2.720,mm,OK,--,6:59:28 PM,8/20/2026,
550,43.1,gf,2.725,mm,OK,--,6:59:28 PM,8/20/2026,
551,43.1,gf,2.730,mm,OK,--,6:59:28 PM,8/20/2026,
552,43.1,gf,2.735,mm,OK,--,6:59:28 PM,8/20/2026,
553,43.1,gf,2.740,mm,OK,--,6:59:29 PM,8/20/2026,
554,43.3,gf,2.745,mm,OK,--,6:59:29 PM,8/20/2026,
555,43.3,gf,2.750,mm,OK,--,6:59:29 PM,8/20/2026,
556,43.4,gf,2.760,mm,OK,--,6:59:29 PM,8/20/2026,
557,43.4,gf,2.775,mm,OK,--,6:59:29 PM,8/20/2026,
558,43.5,gf,2.785,mm,OK,--,6:59:29 PM,8/20/2026,
559,43.5,gf,2.795,mm,OK,--,6:59:29 PM,8/20/2026,
560,43.6,gf,2.805,mm,OK,--,6:59:29 PM,8/20/2026,
561,43.6,gf,2.815,mm,OK,--,6:59:29 PM,8/20/2026,
562,43.6,gf,2.820,mm,OK,--,6:59:29 PM,8/20/2026,
563,43.6,gf,2.830,mm,OK,--,6:59:30 PM,8/20/2026,
564,43.7,gf,2.840,mm,OK,--,6:59:30 PM,8/20/2026,
565,43.7,gf,2.845,mm,OK,--,6:59:30 PM,8/20/2026,
566,43.8,gf,2.850,mm,OK,--,6:59:30 PM,8/20/2026,
567,43.8,gf,2.860,mm,OK,--,6:59:30 PM,8/20/2026,
568,43.8,gf,2.865,mm,OK,--,6:59:30 PM,8/20/2026,
569,43.9,gf,2.870,mm,OK,--,6:59:30 PM,8/20/2026,
570,43.9,gf,2.875,mm,OK,--,6:59:30 PM,8/20/2026,
571,44.0,gf,2.880,mm,OK,--,6:59:30 PM,8/20/2026,
572,44.0,gf,2.885,mm,OK,--,6:59:30 PM,8/20/2026,
573,44.0,gf,2.885,mm,OK,--,6:59:31 PM,8/20/2026,
574,44.0,gf,2.890,mm,OK,--,6:59:31 PM,8/20/2026,
575,44.1,gf,2.895,mm,OK,--,6:59:31 PM,8/20/2026,
576,44.1,gf,2.900,mm,OK,--,6:59:31 PM,8/20/2026,
577,44.2,gf,2.905,mm,OK,--,6:59:31 PM,8/20/2026,
578,44.2,gf,2.915,mm,OK,--,6:59:31 PM,8/20/2026,
579,44.3,gf,2.920,mm,OK,--,6:59:31 PM,8/20/2026,
580,44.3,gf,2.925,mm,OK,--,6:59:31 PM,8/20/2026,
581,44.3,gf,2.930,mm,OK,--,6:59:31 PM,8/20/2026,
582,44.3,gf,2.935,mm,OK,--,6:59:31 PM,8/20/2026,
583,44.4,gf,2.940,mm,OK,--,6:59:32 PM,8/20/2026,
584,44.5,gf,2.945,mm,OK,--,6:59:32 PM,8/20/2026,
585,44.4,gf,2.950,mm,OK,--,6:59:32 PM,8/20/2026,
586,44.5,gf,2.955,mm,OK,--,6:59:32 PM,8/20/2026,
587,44.5,gf,2.955,mm,OK,--,6:59:32 PM,8/20/2026,
588,44.5,gf,2.960,mm,OK,--,6:59:32 PM,8/20/2026,
589,44.5,gf,2.965,mm,OK,--,6:59:32 PM,8/20/2026,
590,44.5,gf,2.970,mm,OK,--,6:59:32 PM,8/20/2026,
591,44.5,gf,2.975,mm,OK,--,6:59:32 PM,8/20/2026,
592,44.6,gf,2.980,mm,OK,--,6:59:32 PM,8/20/2026,
593,44.6,gf,2.985,mm,OK,--,6:59:33 PM,8/20/2026,
594,44.7,gf,2.995,mm,OK,--,6:59:33 PM,8/20/2026,
595,44.7,gf,3.000,mm,OK,--,6:59:33 PM,8/20/2026,
596,44.7,gf,3.000,mm,OK,--,6:59:33 PM,8/20/2026,
597,44.8,gf,3.005,mm,OK,--,6:59:33 PM,8/20/2026,
598,44.8,gf,3.010,mm,OK,--,6:59:33 PM,8/20/2026,
599,44.8,gf,3.015,mm,OK,--,6:59:33 PM,8/20/2026,
600,44.8,gf,3.020,mm,OK,--,6:59:33 PM,8/20/2026,
601,44.8,gf,3.025,mm,OK,--,6:59:33 PM,8/20/2026,
602,44.9,gf,3.030,mm,OK,--,6:59:33 PM,8/20/2026,
603,44.9,gf,3.035,mm,OK,--,6:59:34 PM,8/20/2026,
604,44.9,gf,3.040,mm,OK,--,6:59:34 PM,8/20/2026,
605,44.9,gf,3.040,mm,OK,--,6:59:34 PM,8/20/2026,
606,44.9,gf,3.045,mm,OK,--,6:59:34 PM,8/20/2026,
607,44.9,gf,3.050,mm,OK,--,6:59:34 PM,8/20/2026,
608,45.0,gf,3.055,mm,OK,--,6:59:34 PM,8/20/2026,
609,45.0,gf,3.065,mm,OK,--,6:59:34 PM,8/20/2026,
610,45.0,gf,3.070,mm,OK,--,6:59:34 PM,8/20/2026,
611,45.0,gf,3.075,mm,OK,--,6:59:34 PM,8/20/2026,
612,45.0,gf,3.080,mm,OK,--,6:59:34 PM,8/20/2026,
613,45.0,gf,3.085,mm,OK,--,6:59:35 PM,8/20/2026,
614,45.0,gf,3.090,mm,OK,--,6:59:35 PM,8/20/2026,
615,45.0,gf,3.100,mm,OK,--,6:59:35 PM,8/20/2026,
616,45.0,gf,3.105,mm,OK,--,6:59:35 PM,8/20/2026,
617,45.0,gf,3.110,mm,OK,--,6:59:35 PM,8/20/2026,
618,45.1,gf,3.115,mm,OK,--,6:59:35 PM,8/20/2026,
619,45.2,gf,3.120,mm,OK,--,6:59:35 PM,8/20/2026,
620,45.1,gf,3.125,mm,OK,--,6:59:35 PM,8/20/2026,
621,45.2,gf,3.130,mm,OK,--,6:59:35 PM,8/20/2026,
622,45.2,gf,3.135,mm,OK,--,6:59:35 PM,8/20/2026,
623,45.3,gf,3.140,mm,OK,--,6:59:36 PM,8/20/2026,
624,45.3,gf,3.140,mm,OK,--,6:59:36 PM,8/20/2026,
625,45.3,gf,3.145,mm,OK,--,6:59:36 PM,8/20/2026,
626,45.3,gf,3.150,mm,OK,--,6:59:36 PM,8/20/2026,
627,45.3,gf,3.150,mm,OK,--,6:59:36 PM,8/20/2026,
628,45.4,gf,3.155,mm,OK,--,6:59:36 PM,8/20/2026,
629,45.4,gf,3.155,mm,OK,--,6:59:36 PM,8/20/2026,
630,45.4,gf,3.160,mm,OK,--,6:59:36 PM,8/20/2026,
631,45.5,gf,3.160,mm,OK,--,6:59:36 PM,8/20/2026,
632,45.4,gf,3.165,mm,OK,--,6:59:36 PM,8/20/2026,
633,45.4,gf,3.165,mm,OK,--,6:59:37 PM,8/20/2026,
634,45.4,gf,3.170,mm,OK,--,6:59:37 PM,8/20/2026,
635,45.4,gf,3.170,mm,OK,--,6:59:37 PM,8/20/2026,
636,45.5,gf,3.175,mm,OK,--,6:59:37 PM,8/20/2026,
637,45.5,gf,3.175,mm,OK,--,6:59:37 PM,8/20/2026,
638,45.5,gf,3.175,mm,OK,--,6:59:37 PM,8/20/2026,
639,45.5,gf,3.180,mm,OK,--,6:59:37 PM,8/20/2026,
640,45.5,gf,3.180,mm,OK,--,6:59:37 PM,8/20/2026,
641,45.5,gf,3.185,mm,OK,--,6:59:37 PM,8/20/2026,
642,45.5,gf,3.185,mm,OK,--,6:59:37 PM,8/20/2026,
643,45.6,gf,3.190,mm,OK,--,6:59:38 PM,8/20/2026,
644,45.6,gf,3.195,mm,OK,--,6:59:38 PM,8/20/2026,
645,45.6,gf,3.200,mm,OK,--,6:59:38 PM,8/20/2026,
646,45.6,gf,3.205,mm,OK,--,6:59:38 PM,8/20/2026,
647,45.6,gf,3.205,mm,OK,--,6:59:38 PM,8/20/2026,
648,45.7,gf,3.210,mm,OK,--,6:59:38 PM,8/20/2026,
649,45.7,gf,3.215,mm,OK,--,6:59:38 PM,8/20/2026,
650,45.7,gf,3.215,mm,OK,--,6:59:38 PM,8/20/2026,
651,45.7,gf,3.220,mm,OK,--,6:59:38 PM,8/20/2026,
652,45.7,gf,3.225,mm,OK,--,6:59:38 PM,8/20/2026,
653,45.7,gf,3.225,mm,OK,--,6:59:39 PM,8/20/2026,
654,45.7,gf,3.230,mm,OK,--,6:59:39 PM,8/20/2026,
655,45.7,gf,3.235,mm,OK,--,6:59:39 PM,8/20/2026,
656,45.8,gf,3.235,mm,OK,--,6:59:39 PM,8/20/2026,
657,45.8,gf,3.240,mm,OK,--,6:59:39 PM,8/20/2026,
658,45.8,gf,3.240,mm,OK,--,6:59:39 PM,8/20/2026,
659,45.8,gf,3.240,mm,OK,--,6:59:39 PM,8/20/2026,
660,45.8,gf,3.245,mm,OK,--,6:59:39 PM,8/20/2026,
661,45.8,gf,3.245,mm,OK,--,6:59:39 PM,8/20/2026,
662,45.9,gf,3.250,mm,OK,--,6:59:39 PM,8/20/2026,
663,45.9,gf,3.250,mm,OK,--,6:59:40 PM,8/20/2026,
664,45.9,gf,3.255,mm,OK,--,6:59:40 PM,8/20/2026,
665,45.9,gf,3.255,mm,OK,--,6:59:40 PM,8/20/2026,
666,45.9,gf,3.255,mm,OK,--,6:59:40 PM,8/20/2026,
667,45.9,gf,3.260,mm,OK,--,6:59:40 PM,8/20/2026,
668,45.9,gf,3.260,mm,OK,--,6:59:40 PM,8/20/2026,
669,45.9,gf,3.260,mm,OK,--,6:59:40 PM,8/20/2026,
670,45.9,gf,3.265,mm,OK,--,6:59:40 PM,8/20/2026,
671,45.9,gf,3.265,mm,OK,--,6:59:40 PM,8/20/2026,
672,45.9,gf,3.265,mm,OK,--,6:59:40 PM,8/20/2026,
673,45.9,gf,3.270,mm,OK,--,6:59:41 PM,8/20/2026,
674,46.0,gf,3.275,mm,OK,--,6:59:41 PM,8/20/2026,
675,46.0,gf,3.275,mm,OK,--,6:59:41 PM,8/20/2026,
676,46.0,gf,3.280,mm,OK,--,6:59:41 PM,8/20/2026,
677,46.0,gf,3.280,mm,OK,--,6:59:41 PM,8/20/2026,
678,46.0,gf,3.285,mm,OK,--,6:59:41 PM,8/20/2026,
679,46.0,gf,3.290,mm,OK,--,6:59:41 PM,8/20/2026,
680,46.0,gf,3.295,mm,OK,--,6:59:41 PM,8/20/2026,
681,46.1,gf,3.300,mm,OK,--,6:59:41 PM,8/20/2026,
682,46.1,gf,3.305,mm,OK,--,6:59:41 PM,8/20/2026,
683,46.1,gf,3.315,mm,OK,--,6:59:42 PM,8/20/2026,
684,46.1,gf,3.320,mm,OK,--,6:59:42 PM,8/20/2026,
685,46.1,gf,3.320,mm,OK,--,6:59:42 PM,8/20/2026,
686,46.1,gf,3.325,mm,OK,--,6:59:42 PM,8/20/2026,
687,46.1,gf,3.330,mm,OK,--,6:59:42 PM,8/20/2026,
688,46.2,gf,3.330,mm,OK,--,6:59:42 PM,8/20/2026,
689,46.2,gf,3.335,mm,OK,--,6:59:42 PM,8/20/2026,
690,46.2,gf,3.335,mm,OK,--,6:59:42 PM,8/20/2026,
691,46.2,gf,3.340,mm,OK,--,6:59:42 PM,8/20/2026,
692,46.2,gf,3.340,mm,OK,--,6:59:42 PM,8/20/2026,
693,46.2,gf,3.340,mm,OK,--,6:59:43 PM,8/20/2026,
694,46.2,gf,3.345,mm,OK,--,6:59:43 PM,8/20/2026,
695,46.2,gf,3.345,mm,OK,--,6:59:43 PM,8/20/2026,
696,46.3,gf,3.350,mm,OK,--,6:59:43 PM,8/20/2026,
697,46.3,gf,3.355,mm,OK,--,6:59:43 PM,8/20/2026,
698,46.3,gf,3.355,mm,OK,--,6:59:43 PM,8/20/2026,
699,46.3,gf,3.360,mm,OK,--,6:59:43 PM,8/20/2026,
700,46.3,gf,3.365,mm,OK,--,6:59:43 PM,8/20/2026,
701,46.3,gf,3.370,mm,OK,--,6:59:43 PM,8/20/2026,
702,46.3,gf,3.375,mm,OK,--,6:59:43 PM,8/20/2026,
703,46.4,gf,3.380,mm,OK,--,6:59:44 PM,8/20/2026,
704,46.4,gf,3.385,mm,OK,--,6:59:44 PM,8/20/2026,
705,46.4,gf,3.385,mm,OK,--,6:59:44 PM,8/20/2026,
706,46.4,gf,3.390,mm,OK,--,6:59:44 PM,8/20/2026,
707,46.4,gf,3.390,mm,OK,--,6:59:44 PM,8/20/2026,
708,46.5,gf,3.395,mm,OK,--,6:59:44 PM,8/20/2026,
709,46.5,gf,3.395,mm,OK,--,6:59:44 PM,8/20/2026,
710,46.5,gf,3.400,mm,OK,--,6:59:44 PM,8/20/2026,
711,46.5,gf,3.405,mm,OK,--,6:59:44 PM,8/20/2026,
712,46.5,gf,3.410,mm,OK,--,6:59:44 PM,8/20/2026,
713,46.5,gf,3.410,mm,OK,--,6:59:45 PM,8/20/2026,
714,46.5,gf,3.415,mm,OK,--,6:59:45 PM,8/20/2026,
715,46.5,gf,3.415,mm,OK,--,6:59:45 PM,8/20/2026,
716,46.5,gf,3.415,mm,OK,--,6:59:45 PM,8/20/2026,
717,46.6,gf,3.420,mm,OK,--,6:59:45 PM,8/20/2026,
718,46.6,gf,3.420,mm,OK,--,6:59:45 PM,8/20/2026,
719,46.6,gf,3.420,mm,OK,--,6:59:45 PM,8/20/2026,
720,46.5,gf,3.425,mm,OK,--,6:59:45 PM,8/20/2026,
721,46.6,gf,3.425,mm,OK,--,6:59:45 PM,8/20/2026,
722,46.6,gf,3.425,mm,OK,--,6:59:45 PM,8/20/2026,
723,46.6,gf,3.425,mm,OK,--,6:59:46 PM,8/20/2026,
724,46.6,gf,3.425,mm,OK,--,6:59:46 PM,8/20/2026,
725,46.6,gf,3.425,mm,OK,--,6:59:46 PM,8/20/2026,
726,46.6,gf,3.430,mm,OK,--,6:59:46 PM,8/20/2026,
727,46.7,gf,3.430,mm,OK,--,6:59:46 PM,8/20/2026,
728,46.7,gf,3.435,mm,OK,--,6:59:46 PM,8/20/2026,
729,46.7,gf,3.440,mm,OK,--,6:59:46 PM,8/20/2026,
730,46.7,gf,3.440,mm,OK,--,6:59:46 PM,8/20/2026,
731,46.7,gf,3.440,mm,OK,--,6:59:46 PM,8/20/2026,
732,46.7,gf,3.445,mm,OK,--,6:59:46 PM,8/20/2026,
733,46.7,gf,3.450,mm,OK,--,6:59:47 PM,8/20/2026,
734,46.7,gf,3.455,mm,OK,--,6:59:47 PM,8/20/2026,
735,46.8,gf,3.460,mm,OK,--,6:59:47 PM,8/20/2026,
736,46.8,gf,3.465,mm,OK,--,6:59:47 PM,8/20/2026,
737,46.9,gf,3.470,mm,OK,--,6:59:47 PM,8/20/2026,
738,46.9,gf,3.485,mm,OK,--,6:59:47 PM,8/20/2026,
739,47.0,gf,3.490,mm,OK,--,6:59:47 PM,8/20/2026,
740,47.0,gf,3.500,mm,OK,--,6:59:47 PM,8/20/2026,
741,47.0,gf,3.515,mm,OK,--,6:59:47 PM,8/20/2026,
742,47.0,gf,3.520,mm,OK,--,6:59:47 PM,8/20/2026,
743,47.1,gf,3.530,mm,OK,--,6:59:48 PM,8/20/2026,
744,47.1,gf,3.540,mm,OK,--,6:59:48 PM,8/20/2026,
745,47.1,gf,3.545,mm,OK,--,6:59:48 PM,8/20/2026,
746,47.2,gf,3.550,mm,OK,--,6:59:48 PM,8/20/2026,
747,47.2,gf,3.555,mm,OK,--,6:59:48 PM,8/20/2026,
748,47.3,gf,3.560,mm,OK,--,6:59:48 PM,8/20/2026,
749,47.3,gf,3.570,mm,OK,--,6:59:48 PM,8/20/2026,
750,47.3,gf,3.575,mm,OK,--,6:59:48 PM,8/20/2026,
751,47.3,gf,3.580,mm,OK,--,6:59:48 PM,8/20/2026,
752,47.4,gf,3.590,mm,OK,--,6:59:48 PM,8/20/2026,
753,47.4,gf,3.600,mm,OK,--,6:59:49 PM,8/20/2026,
754,47.5,gf,3.605,mm,OK,--,6:59:49 PM,8/20/2026,
755,47.4,gf,3.615,mm,OK,--,6:59:49 PM,8/20/2026,
756,47.5,gf,3.625,mm,OK,--,6:59:49 PM,8/20/2026,
757,47.5,gf,3.635,mm,OK,--,6:59:49 PM,8/20/2026,
758,47.6,gf,3.640,mm,OK,--,6:59:49 PM,8/20/2026,
759,47.6,gf,3.650,mm,OK,--,6:59:49 PM,8/20/2026,
760,47.7,gf,3.655,mm,OK,--,6:59:49 PM,8/20/2026,
761,47.8,gf,3.660,mm,OK,--,6:59:49 PM,8/20/2026,
762,48.3,gf,3.670,mm,OK,--,6:59:49 PM,8/20/2026,
763,52.4,gf,3.680,mm,OK,--,6:59:50 PM,8/20/2026,
764,54.2,gf,3.690,mm,OK,--,6:59:50 PM,8/20/2026,
765,64.8,gf,3.700,mm,OK,--,6:59:50 PM,8/20/2026,
766,74.1,gf,3.710,mm,OK,--,6:59:50 PM,8/20/2026,
767,83.8,gf,3.720,mm,OK,--,6:59:50 PM,8/20/2026,
768,91.9,gf,3.730,mm,OK,--,6:59:50 PM,8/20/2026,
769,98.2,gf,3.735,mm,OK,--,6:59:50 PM,8/20/2026,
770,104.4,gf,3.740,mm,OK,--,6:59:50 PM,8/20/2026,
771,110.6,gf,3.745,mm,OK,--,6:59:50 PM,8/20/2026,
772,116.9,gf,3.750,mm,OK,--,6:59:50 PM,8/20/2026,
773,122.9,gf,3.760,mm,OK,--,6:59:51 PM,8/20/2026,
774,128.5,gf,3.765,mm,OK,--,6:59:51 PM,8/20/2026,
775,133.5,gf,3.770,mm,OK,--,6:59:51 PM,8/20/2026,
776,138.7,gf,3.775,mm,OK,--,6:59:51 PM,8/20/2026,
777,143.4,gf,3.780,mm,OK,--,6:59:51 PM,8/20/2026,
778,147.5,gf,3.780,mm,OK,--,6:59:51 PM,8/20/2026,
779,150.2,gf,3.785,mm,OK,--,6:59:51 PM,8/20/2026,
780,153.3,gf,3.790,mm,OK,--,6:59:51 PM,8/20/2026,
781,155.9,gf,3.790,mm,OK,--,6:59:51 PM,8/20/2026,
782,158.3,gf,3.795,mm,OK,--,6:59:51 PM,8/20/2026,
783,160.2,gf,3.795,mm,OK,--,6:59:52 PM,8/20/2026,
784,161.5,gf,3.795,mm,OK,--,6:59:52 PM,8/20/2026,
785,162.6,gf,3.800,mm,OK,--,6:59:52 PM,8/20/2026,
786,163.9,gf,3.800,mm,OK,--,6:59:52 PM,8/20/2026,
787,165.4,gf,3.800,mm,OK,--,6:59:52 PM,8/20/2026,
788,167.3,gf,3.800,mm,OK,--,6:59:52 PM,8/20/2026,
789,169.4,gf,3.805,mm,OK,--,6:59:52 PM,8/20/2026,
790,171.3,gf,3.805,mm,OK,--,6:59:52 PM,8/20/2026,
791,173.1,gf,3.805,mm,OK,--,6:59:52 PM,8/20/2026,
792,175.2,gf,3.810,mm,OK,--,6:59:52 PM,8/20/2026,
793,176.7,gf,3.810,mm,OK,--,6:59:53 PM,8/20/2026,
794,178.3,gf,3.815,mm,OK,--,6:59:53 PM,8/20/2026,
795,180.1,gf,3.815,mm,OK,--,6:59:53 PM,8/20/2026,
796,182.0,gf,3.815,mm,OK,--,6:59:53 PM,8/20/2026,
797,184.0,gf,3.820,mm,OK,--,6:59:53 PM,8/20/2026,
798,185.6,gf,3.820,mm,OK,--,6:59:53 PM,8/20/2026,
799,187.5,gf,3.820,mm,OK,--,6:59:53 PM,8/20/2026,
800,189.6,gf,3.825,mm,OK,--,6:59:53 PM,8/20/2026,
801,191.9,gf,3.825,mm,OK,--,6:59:53 PM,8/20/2026,
802,194.6,gf,3.830,mm,OK,--,6:59:53 PM,8/20/2026,
803,197.2,gf,3.830,mm,OK,--,6:59:54 PM,8/20/2026,
804,199.5,gf,3.830,mm,OK,--,6:59:54 PM,8/20/2026,
805,201.5,gf,3.835,mm,'+NG,--,6:59:54 PM,8/20/2026,
806,203.2,gf,3.835,mm,'+NG,--,6:59:54 PM,8/20/2026,
807,204.3,gf,3.835,mm,'+NG,--,6:59:54 PM,8/20/2026,
808,205.2,gf,3.840,mm,'+NG,--,6:59:54 PM,8/20/2026,
809,205.3,gf,3.840,mm,'+NG,--,6:59:54 PM,8/20/2026,
810,205.2,gf,3.840,mm,'+NG,--,6:59:54 PM,8/20/2026,
811,205.2,gf,3.840,mm,'+NG,--,6:59:54 PM,8/20/2026,
812,205.2,gf,3.840,mm,'+NG,--,6:59:54 PM,8/20/2026,
813,205.1,gf,3.840,mm,'+NG,--,6:59:55 PM,8/20/2026,
814,205.0,gf,3.840,mm,'+NG,--,6:59:55 PM,8/20/2026,
815,205.0,gf,3.840,mm,'+NG,--,6:59:55 PM,8/20/2026,
816,204.9,gf,3.840,mm,'+NG,--,6:59:55 PM,8/20/2026,
817,204.9,gf,3.840,mm,'+NG,--,6:59:55 PM,8/20/2026,
818,204.9,gf,3.840,mm,'+NG,--,6:59:55 PM,8/20/2026,
819,204.9,gf,3.840,mm,'+NG,--,6:59:55 PM,8/20/2026,
820,204.8,gf,3.840,mm,'+NG,--,6:59:55 PM,8/20/2026,
821,204.9,gf,3.840,mm,'+NG,--,6:59:55 PM,8/20/2026,
822,205.0,gf,3.840,mm,'+NG,--,6:59:55 PM,8/20/2026,
823,204.9,gf,3.840,mm,'+NG,--,6:59:56 PM,8/20/2026,
824,204.8,gf,3.840,mm,'+NG,--,6:59:56 PM,8/20/2026,
825,204.8,gf,3.840,mm,'+NG,--,6:59:56 PM,8/20/2026,
826,204.7,gf,3.840,mm,'+NG,--,6:59:56 PM,8/20/2026,
827,204.5,gf,3.840,mm,'+NG,--,6:59:56 PM,8/20/2026,
828,204.5,gf,3.840,mm,'+NG,--,6:59:56 PM,8/20/2026,
829,204.2,gf,3.840,mm,'+NG,--,6:59:56 PM,8/20/2026,
830,204.2,gf,3.840,mm,'+NG,--,6:59:56 PM,8/20/2026,
831,203.8,gf,3.840,mm,'+NG,--,6:59:56 PM,8/20/2026,
832,202.8,gf,3.835,mm,'+NG,--,6:59:56 PM,8/20/2026,
833,201.4,gf,3.835,mm,'+NG,--,6:59:57 PM,8/20/2026,
834,199.2,gf,3.835,mm,OK,--,6:59:57 PM,8/20/2026,
835,195.6,gf,3.830,mm,OK,--,6:59:57 PM,8/20/2026,
836,193.3,gf,3.830,mm,OK,--,6:59:57 PM,8/20/2026,
837,192.7,gf,3.830,mm,OK,--,6:59:57 PM,8/20/2026,
838,191.7,gf,3.825,mm,OK,--,6:59:57 PM,8/20/2026,
839,189.7,gf,3.825,mm,OK,--,6:59:57 PM,8/20/2026,
840,187.5,gf,3.825,mm,OK,--,6:59:57 PM,8/20/2026,
841,185.9,gf,3.820,mm,OK,--,6:59:57 PM,8/20/2026,
842,184.3,gf,3.820,mm,OK,--,6:59:57 PM,8/20/2026,
843,183.0,gf,3.820,mm,OK,--,6:59:58 PM,8/20/2026,
844,182.0,gf,3.820,mm,OK,--,6:59:58 PM,8/20/2026,
845,180.9,gf,3.820,mm,OK,--,6:59:58 PM,8/20/2026,
846,179.4,gf,3.815,mm,OK,--,6:59:58 PM,8/20/2026,
847,177.4,gf,3.815,mm,OK,--,6:59:58 PM,8/20/2026,
848,176.3,gf,3.815,mm,OK,--,6:59:58 PM,8/20/2026,
849,175.5,gf,3.815,mm,OK,--,6:59:58 PM,8/20/2026,
850,174.9,gf,3.815,mm,OK,--,6:59:58 PM,8/20/2026,
851,174.3,gf,3.810,mm,OK,--,6:59:58 PM,8/20/2026,
852,173.0,gf,3.810,mm,OK,--,6:59:58 PM,8/20/2026,
853,171.2,gf,3.810,mm,OK,--,6:59:59 PM,8/20/2026,
854,170.0,gf,3.810,mm,OK,--,6:59:59 PM,8/20/2026,
855,169.2,gf,3.805,mm,OK,--,6:59:59 PM,8/20/2026,
856,168.7,gf,3.805,mm,OK,--,6:59:59 PM,8/20/2026,
857,168.1,gf,3.805,mm,OK,--,6:59:59 PM,8/20/2026,
858,167.6,gf,3.805,mm,OK,--,6:59:59 PM,8/20/2026,
859,166.9,gf,3.805,mm,OK,--,6:59:59 PM,8/20/2026,
860,166.4,gf,3.805,mm,OK,--,6:59:59 PM,8/20/2026,
861,166.1,gf,3.805,mm,OK,--,6:59:59 PM,8/20/2026,
862,165.7,gf,3.805,mm,OK,--,6:59:59 PM,8/20/2026,
863,165.2,gf,3.805,mm,OK,--,7:00:00 PM,8/20/2026,
864,164.4,gf,3.805,mm,OK,--,7:00:00 PM,8/20/2026,
865,163.9,gf,3.800,mm,OK,--,7:00:00 PM,8/20/2026,
866,163.5,gf,3.800,mm,OK,--,7:00:00 PM,8/20/2026,
867,163.5,gf,3.800,mm,OK,--,7:00:00 PM,8/20/2026,
868,163.3,gf,3.800,mm,OK,--,7:00:00 PM,8/20/2026,
869,162.9,gf,3.800,mm,OK,--,7:00:00 PM,8/20/2026,
870,162.4,gf,3.800,mm,OK,--,7:00:00 PM,8/20/2026,
871,162.0,gf,3.800,mm,OK,--,7:00:00 PM,8/20/2026,
872,162.0,gf,3.800,mm,OK,--,7:00:00 PM,8/20/2026,
873,161.9,gf,3.800,mm,OK,--,7:00:01 PM,8/20/2026,
874,161.8,gf,3.800,mm,OK,--,7:00:01 PM,8/20/2026,
875,161.8,gf,3.800,mm,OK,--,7:00:01 PM,8/20/2026,
876,161.8,gf,3.800,mm,OK,--,7:00:01 PM,8/20/2026,
877,161.6,gf,3.800,mm,OK,--,7:00:01 PM,8/20/2026,
878,161.4,gf,3.800,mm,OK,--,7:00:01 PM,8/20/2026,
879,161.2,gf,3.800,mm,OK,--,7:00:01 PM,8/20/2026,
880,161.0,gf,3.800,mm,OK,--,7:00:01 PM,8/20/2026,
881,160.7,gf,3.800,mm,OK,--,7:00:01 PM,8/20/2026,
882,160.3,gf,3.800,mm,OK,--,7:00:01 PM,8/20/2026,
883,160.1,gf,3.800,mm,OK,--,7:00:02 PM,8/20/2026,
884,159.7,gf,3.800,mm,OK,--,7:00:02 PM,8/20/2026,
885,159.3,gf,3.800,mm,OK,--,7:00:02 PM,8/20/2026,
886,159.0,gf,3.800,mm,OK,--,7:00:02 PM,8/20/2026,
887,158.8,gf,3.800,mm,OK,--,7:00:02 PM,8/20/2026,
888,158.5,gf,3.795,mm,OK,--,7:00:02 PM,8/20/2026,
889,158.1,gf,3.795,mm,OK,--,7:00:02 PM,8/20/2026,
890,157.8,gf,3.795,mm,OK,--,7:00:02 PM,8/20/2026,
891,157.5,gf,3.795,mm,OK,--,7:00:02 PM,8/20/2026,
892,157.1,gf,3.795,mm,OK,--,7:00:02 PM,8/20/2026,
893,156.9,gf,3.795,mm,OK,--,7:00:03 PM,8/20/2026,
894,156.6,gf,3.795,mm,OK,--,7:00:03 PM,8/20/2026,
895,156.2,gf,3.795,mm,OK,--,7:00:03 PM,8/20/2026,
896,155.9,gf,3.795,mm,OK,--,7:00:03 PM,8/20/2026,
897,155.6,gf,3.795,mm,OK,--,7:00:03 PM,8/20/2026,
898,155.1,gf,3.795,mm,OK,--,7:00:03 PM,8/20/2026,
899,154.4,gf,3.795,mm,OK,--,7:00:03 PM,8/20/2026,
900,153.5,gf,3.795,mm,OK,--,7:00:03 PM,8/20/2026,
901,152.7,gf,3.790,mm,OK,--,7:00:03 PM,8/20/2026,
902,152.2,gf,3.790,mm,OK,--,7:00:03 PM,8/20/2026,
903,151.8,gf,3.790,mm,OK,--,7:00:04 PM,8/20/2026,
904,151.1,gf,3.790,mm,OK,--,7:00:04 PM,8/20/2026,
905,150.2,gf,3.790,mm,OK,--,7:00:04 PM,8/20/2026,
906,149.4,gf,3.790,mm,OK,--,7:00:04 PM,8/20/2026,
907,148.7,gf,3.790,mm,OK,--,7:00:04 PM,8/20/2026,
908,148.0,gf,3.785,mm,OK,--,7:00:04 PM,8/20/2026,
909,147.4,gf,3.785,mm,OK,--,7:00:04 PM,8/20/2026,
910,146.8,gf,3.785,mm,OK,--,7:00:04 PM,8/20/2026,
911,146.0,gf,3.785,mm,OK,--,7:00:04 PM,8/20/2026,
912,145.5,gf,3.785,mm,OK,--,7:00:04 PM,8/20/2026,
913,144.4,gf,3.785,mm,OK,--,7:00:05 PM,8/20/2026,
914,143.2,gf,3.785,mm,OK,--,7:00:05 PM,8/20/2026,
915,142.1,gf,3.780,mm,OK,--,7:00:05 PM,8/20/2026,
916,141.4,gf,3.780,mm,OK,--,7:00:05 PM,8/20/2026,
917,140.8,gf,3.780,mm,OK,--,7:00:05 PM,8/20/2026,
918,140.2,gf,3.780,mm,OK,--,7:00:05 PM,8/20/2026,
919,139.6,gf,3.780,mm,OK,--,7:00:05 PM,8/20/2026,
920,138.3,gf,3.780,mm,OK,--,7:00:05 PM,8/20/2026,
921,136.6,gf,3.775,mm,OK,--,7:00:05 PM,8/20/2026,
922,134.0,gf,3.775,mm,OK,--,7:00:05 PM,8/20/2026,
923,131.9,gf,3.770,mm,OK,--,7:00:06 PM,8/20/2026,
924,130.1,gf,3.770,mm,OK,--,7:00:06 PM,8/20/2026,
925,127.9,gf,3.770,mm,OK,--,7:00:06 PM,8/20/2026,
926,123.6,gf,3.765,mm,OK,--,7:00:06 PM,8/20/2026,
927,117.7,gf,3.760,mm,OK,--,7:00:06 PM,8/20/2026,
928,113.3,gf,3.755,mm,OK,--,7:00:06 PM,8/20/2026,
929,109.4,gf,3.750,mm,OK,--,7:00:06 PM,8/20/2026,
930,104.5,gf,3.745,mm,OK,--,7:00:06 PM,8/20/2026,
931,98.9,gf,3.740,mm,OK,--,7:00:06 PM,8/20/2026,
932,93.1,gf,3.735,mm,OK,--,7:00:06 PM,8/20/2026,
933,84.1,gf,3.725,mm,OK,--,7:00:07 PM,8/20/2026,
934,75.9,gf,3.720,mm,OK,--,7:00:07 PM,8/20/2026,
935,69.4,gf,3.710,mm,OK,--,7:00:07 PM,8/20/2026,
936,64.5,gf,3.705,mm,OK,--,7:00:07 PM,8/20/2026,
937,60.0,gf,3.705,mm,OK,--,7:00:07 PM,8/20/2026,
938,54.5,gf,3.695,mm,OK,--,7:00:07 PM,8/20/2026,
939,49.7,gf,3.690,mm,OK,--,7:00:07 PM,8/20/2026,
940,45.5,gf,3.685,mm,OK,--,7:00:07 PM,8/20/2026,
941,42.2,gf,3.685,mm,OK,--,7:00:07 PM,8/20/2026,
942,45.3,gf,3.680,mm,OK,--,7:00:07 PM,8/20/2026,
943,45.6,gf,3.675,mm,OK,--,7:00:08 PM,8/20/2026,
944,45.7,gf,3.670,mm,OK,--,7:00:08 PM,8/20/2026,
945,45.7,gf,3.665,mm,OK,--,7:00:08 PM,8/20/2026,
946,45.8,gf,3.660,mm,OK,--,7:00:08 PM,8/20/2026,
947,45.7,gf,3.655,mm,OK,--,7:00:08 PM,8/20/2026,
948,45.7,gf,3.650,mm,OK,--,7:00:08 PM,8/20/2026,
949,45.7,gf,3.645,mm,OK,--,7:00:08 PM,8/20/2026,
950,45.7,gf,3.645,mm,OK,--,7:00:08 PM,8/20/2026,
951,45.7,gf,3.640,mm,OK,--,7:00:08 PM,8/20/2026,
952,45.7,gf,3.635,mm,OK,--,7:00:08 PM,8/20/2026,
953,45.7,gf,3.630,mm,OK,--,7:00:09 PM,8/20/2026,
954,45.7,gf,3.625,mm,OK,--,7:00:09 PM,8/20/2026,
955,45.7,gf,3.625,mm,OK,--,7:00:09 PM,8/20/2026,
956,45.7,gf,3.620,mm,OK,--,7:00:09 PM,8/20/2026,
957,45.7,gf,3.615,mm,OK,--,7:00:09 PM,8/20/2026,
958,45.6,gf,3.615,mm,OK,--,7:00:09 PM,8/20/2026,
959,45.6,gf,3.610,mm,OK,--,7:00:09 PM,8/20/2026,
960,45.6,gf,3.610,mm,OK,--,7:00:09 PM,8/20/2026,
961,45.6,gf,3.605,mm,OK,--,7:00:09 PM,8/20/2026,
962,45.6,gf,3.600,mm,OK,--,7:00:09 PM,8/20/2026,
963,45.6,gf,3.595,mm,OK,--,7:00:10 PM,8/20/2026,
964,45.6,gf,3.595,mm,OK,--,7:00:10 PM,8/20/2026,
965,45.6,gf,3.590,mm,OK,--,7:00:10 PM,8/20/2026,
966,45.6,gf,3.590,mm,OK,--,7:00:10 PM,8/20/2026,
967,45.6,gf,3.585,mm,OK,--,7:00:10 PM,8/20/2026,
968,45.6,gf,3.585,mm,OK,--,7:00:10 PM,8/20/2026,
969,45.6,gf,3.580,mm,OK,--,7:00:10 PM,8/20/2026,
970,45.6,gf,3.575,mm,OK,--,7:00:10 PM,8/20/2026,
971,45.6,gf,3.575,mm,OK,--,7:00:10 PM,8/20/2026,
972,45.6,gf,3.565,mm,OK,--,7:00:10 PM,8/20/2026,
973,45.5,gf,3.560,mm,OK,--,7:00:11 PM,8/20/2026,
974,45.5,gf,3.555,mm,OK,--,7:00:11 PM,8/20/2026,
975,45.5,gf,3.545,mm,OK,--,7:00:11 PM,8/20/2026,
976,45.5,gf,3.535,mm,OK,--,7:00:11 PM,8/20/2026,
977,45.4,gf,3.520,mm,OK,--,7:00:11 PM,8/20/2026,
978,45.4,gf,3.510,mm,OK,--,7:00:11 PM,8/20/2026,
979,45.3,gf,3.505,mm,OK,--,7:00:11 PM,8/20/2026,
980,45.3,gf,3.495,mm,OK,--,7:00:11 PM,8/20/2026,
981,45.3,gf,3.490,mm,OK,--,7:00:11 PM,8/20/2026,
982,45.2,gf,3.485,mm,OK,--,7:00:11 PM,8/20/2026,
983,45.2,gf,3.480,mm,OK,--,7:00:12 PM,8/20/2026,
984,45.2,gf,3.470,mm,OK,--,7:00:12 PM,8/20/2026,
985,45.2,gf,3.465,mm,OK,--,7:00:12 PM,8/20/2026,
986,45.1,gf,3.460,mm,OK,--,7:00:12 PM,8/20/2026,
987,45.1,gf,3.455,mm,OK,--,7:00:12 PM,8/20/2026,
988,45.0,gf,3.445,mm,OK,--,7:00:12 PM,8/20/2026,
989,44.9,gf,3.430,mm,OK,--,7:00:12 PM,8/20/2026,
990,44.9,gf,3.425,mm,OK,--,7:00:12 PM,8/20/2026,
991,44.9,gf,3.420,mm,OK,--,7:00:12 PM,8/20/2026,
992,44.9,gf,3.415,mm,OK,--,7:00:12 PM,8/20/2026,
993,44.8,gf,3.410,mm,OK,--,7:00:13 PM,8/20/2026,
994,44.7,gf,3.405,mm,OK,--,7:00:13 PM,8/20/2026,
995,44.7,gf,3.400,mm,OK,--,7:00:13 PM,8/20/2026,
996,44.7,gf,3.395,mm,OK,--,7:00:13 PM,8/20/2026,
997,44.6,gf,3.390,mm,OK,--,7:00:13 PM,8/20/2026,
998,44.6,gf,3.385,mm,OK,--,7:00:13 PM,8/20/2026,
999,44.6,gf,3.380,mm,OK,--,7:00:13 PM,8/20/2026,
1000,44.6,gf,3.375,mm,OK,--,7:00:13 PM,8/20/2026,
1001,44.5,gf,3.375,mm,OK,--,7:00:13 PM,8/20/2026,
1002,44.5,gf,3.370,mm,OK,--,7:00:13 PM,8/20/2026,
1003,44.5,gf,3.365,mm,OK,--,7:00:14 PM,8/20/2026,
1004,44.4,gf,3.360,mm,OK,--,7:00:14 PM,8/20/2026,
1005,44.4,gf,3.360,mm,OK,--,7:00:14 PM,8/20/2026,
1006,44.4,gf,3.355,mm,OK,--,7:00:14 PM,8/20/2026,
1007,44.3,gf,3.350,mm,OK,--,7:00:14 PM,8/20/2026,
1008,44.3,gf,3.345,mm,OK,--,7:00:14 PM,8/20/2026,
1009,44.3,gf,3.340,mm,OK,--,7:00:14 PM,8/20/2026,
1010,44.3,gf,3.335,mm,OK,--,7:00:14 PM,8/20/2026,
1011,44.2,gf,3.330,mm,OK,--,7:00:14 PM,8/20/2026,
1012,44.2,gf,3.330,mm,OK,--,7:00:14 PM,8/20/2026,
1013,44.1,gf,3.325,mm,OK,--,7:00:15 PM,8/20/2026,
1014,44.1,gf,3.320,mm,OK,--,7:00:15 PM,8/20/2026,
1015,44.1,gf,3.315,mm,OK,--,7:00:15 PM,8/20/2026,
1016,44.1,gf,3.310,mm,OK,--,7:00:15 PM,8/20/2026,
1017,44.1,gf,3.310,mm,OK,--,7:00:15 PM,8/20/2026,
1018,44.1,gf,3.305,mm,OK,--,7:00:15 PM,8/20/2026,
1019,44.1,gf,3.305,mm,OK,--,7:00:15 PM,8/20/2026,
1020,44.0,gf,3.300,mm,OK,--,7:00:15 PM,8/20/2026,
1021,44.0,gf,3.300,mm,OK,--,7:00:15 PM,8/20/2026,
1022,44.0,gf,3.295,mm,OK,--,7:00:15 PM,8/20/2026,
1023,44.1,gf,3.295,mm,OK,--,7:00:16 PM,8/20/2026,
1024,44.0,gf,3.290,mm,OK,--,7:00:16 PM,8/20/2026,
1025,43.9,gf,3.285,mm,OK,--,7:00:16 PM,8/20/2026,
1026,44.0,gf,3.280,mm,OK,--,7:00:16 PM,8/20/2026,
1027,44.0,gf,3.275,mm,OK,--,7:00:16 PM,8/20/2026,
1028,43.9,gf,3.270,mm,OK,--,7:00:16 PM,8/20/2026,
1029,43.9,gf,3.260,mm,OK,--,7:00:16 PM,8/20/2026,
1030,43.9,gf,3.255,mm,OK,--,7:00:16 PM,8/20/2026,
1031,43.9,gf,3.250,mm,OK,--,7:00:16 PM,8/20/2026,
1032,43.8,gf,3.245,mm,OK,--,7:00:16 PM,8/20/2026,
1033,43.8,gf,3.240,mm,OK,--,7:00:17 PM,8/20/2026,
1034,43.8,gf,3.235,mm,OK,--,7:00:17 PM,8/20/2026,
1035,43.8,gf,3.230,mm,OK,--,7:00:17 PM,8/20/2026,
1036,43.7,gf,3.230,mm,OK,--,7:00:17 PM,8/20/2026,
1037,43.8,gf,3.225,mm,OK,--,7:00:17 PM,8/20/2026,
1038,43.8,gf,3.225,mm,OK,--,7:00:17 PM,8/20/2026,
1039,43.7,gf,3.220,mm,OK,--,7:00:17 PM,8/20/2026,
1040,43.7,gf,3.220,mm,OK,--,7:00:17 PM,8/20/2026,
1041,43.7,gf,3.215,mm,OK,--,7:00:17 PM,8/20/2026,
1042,43.7,gf,3.210,mm,OK,--,7:00:17 PM,8/20/2026,
1043,43.7,gf,3.210,mm,OK,--,7:00:18 PM,8/20/2026,
1044,43.6,gf,3.200,mm,OK,--,7:00:18 PM,8/20/2026,
1045,43.6,gf,3.195,mm,OK,--,7:00:18 PM,8/20/2026,
1046,43.6,gf,3.190,mm,OK,--,7:00:18 PM,8/20/2026,
1047,43.5,gf,3.180,mm,OK,--,7:00:18 PM,8/20/2026,
1048,43.5,gf,3.175,mm,OK,--,7:00:18 PM,8/20/2026,
1049,43.4,gf,3.160,mm,OK,--,7:00:18 PM,8/20/2026,
1050,43.5,gf,3.145,mm,OK,--,7:00:18 PM,8/20/2026,
1051,43.4,gf,3.135,mm,OK,--,7:00:18 PM,8/20/2026,
1052,43.5,gf,3.120,mm,OK,--,7:00:18 PM,8/20/2026,
1053,43.4,gf,3.110,mm,OK,--,7:00:19 PM,8/20/2026,
1054,43.4,gf,3.095,mm,OK,--,7:00:19 PM,8/20/2026,
1055,43.3,gf,3.085,mm,OK,--,7:00:19 PM,8/20/2026,
1056,43.3,gf,3.070,mm,OK,--,7:00:19 PM,8/20/2026,
1057,43.3,gf,3.060,mm,OK,--,7:00:19 PM,8/20/2026,
1058,43.3,gf,3.055,mm,OK,--,7:00:19 PM,8/20/2026,
1059,43.3,gf,3.045,mm,OK,--,7:00:19 PM,8/20/2026,
1060,43.3,gf,3.040,mm,OK,--,7:00:19 PM,8/20/2026,
1061,43.3,gf,3.030,mm,OK,--,7:00:19 PM,8/20/2026,
1062,43.3,gf,3.020,mm,OK,--,7:00:19 PM,8/20/2026,
1063,43.2,gf,3.015,mm,OK,--,7:00:20 PM,8/20/2026,
1064,43.1,gf,3.010,mm,OK,--,7:00:20 PM,8/20/2026,
1065,43.1,gf,3.005,mm,OK,--,7:00:20 PM,8/20/2026,
1066,43.1,gf,2.995,mm,OK,--,7:00:20 PM,8/20/2026,
1067,43.0,gf,2.990,mm,OK,--,7:00:20 PM,8/20/2026,
1068,43.0,gf,2.985,mm,OK,--,7:00:20 PM,8/20/2026,
1069,43.0,gf,2.975,mm,OK,--,7:00:20 PM,8/20/2026,
1070,43.0,gf,2.970,mm,OK,--,7:00:20 PM,8/20/2026,
1071,42.9,gf,2.965,mm,OK,--,7:00:20 PM,8/20/2026,
1072,42.8,gf,2.955,mm,OK,--,7:00:20 PM,8/20/2026,
1073,42.8,gf,2.950,mm,OK,--,7:00:21 PM,8/20/2026,
1074,42.8,gf,2.945,mm,OK,--,7:00:21 PM,8/20/2026,
1075,42.7,gf,2.935,mm,OK,--,7:00:21 PM,8/20/2026,
1076,42.7,gf,2.930,mm,OK,--,7:00:21 PM,8/20/2026,
1077,42.7,gf,2.925,mm,OK,--,7:00:21 PM,8/20/2026,
1078,42.7,gf,2.925,mm,OK,--,7:00:21 PM,8/20/2026,
1079,42.6,gf,2.920,mm,OK,--,7:00:21 PM,8/20/2026,
1080,42.6,gf,2.915,mm,OK,--,7:00:21 PM,8/20/2026,
1081,42.6,gf,2.910,mm,OK,--,7:00:21 PM,8/20/2026,
1082,42.6,gf,2.905,mm,OK,--,7:00:21 PM,8/20/2026,
1083,42.6,gf,2.895,mm,OK,--,7:00:22 PM,8/20/2026,
1084,42.5,gf,2.890,mm,OK,--,7:00:22 PM,8/20/2026,
1085,42.5,gf,2.880,mm,OK,--,7:00:22 PM,8/20/2026,
1086,42.5,gf,2.875,mm,OK,--,7:00:22 PM,8/20/2026,
1087,42.5,gf,2.870,mm,OK,--,7:00:22 PM,8/20/2026,
1088,42.4,gf,2.865,mm,OK,--,7:00:22 PM,8/20/2026,
1089,42.4,gf,2.860,mm,OK,--,7:00:22 PM,8/20/2026,
1090,42.4,gf,2.855,mm,OK,--,7:00:22 PM,8/20/2026,
1091,42.4,gf,2.855,mm,OK,--,7:00:22 PM,8/20/2026,
1092,42.4,gf,2.855,mm,OK,--,7:00:22 PM,8/20/2026,
1093,42.4,gf,2.850,mm,OK,--,7:00:23 PM,8/20/2026,
1094,42.4,gf,2.845,mm,OK,--,7:00:23 PM,8/20/2026,
1095,42.4,gf,2.845,mm,OK,--,7:00:23 PM,8/20/2026,
1096,42.4,gf,2.840,mm,OK,--,7:00:23 PM,8/20/2026,
1097,42.4,gf,2.835,mm,OK,--,7:00:23 PM,8/20/2026,
1098,42.4,gf,2.830,mm,OK,--,7:00:23 PM,8/20/2026,
1099,42.4,gf,2.825,mm,OK,--,7:00:23 PM,8/20/2026,
1100,42.4,gf,2.825,mm,OK,--,7:00:23 PM,8/20/2026,
1101,42.3,gf,2.820,mm,OK,--,7:00:23 PM,8/20/2026,
1102,42.3,gf,2.815,mm,OK,--,7:00:23 PM,8/20/2026,
1103,42.3,gf,2.810,mm,OK,--,7:00:24 PM,8/20/2026,
1104,42.3,gf,2.805,mm,OK,--,7:00:24 PM,8/20/2026,
1105,42.3,gf,2.805,mm,OK,--,7:00:24 PM,8/20/2026,
1106,42.3,gf,2.800,mm,OK,--,7:00:24 PM,8/20/2026,
1107,42.2,gf,2.795,mm,OK,--,7:00:24 PM,8/20/2026,
1108,42.2,gf,2.790,mm,OK,--,7:00:24 PM,8/20/2026,
1109,42.2,gf,2.785,mm,OK,--,7:00:24 PM,8/20/2026,
1110,42.2,gf,2.780,mm,OK,--,7:00:24 PM,8/20/2026,
1111,42.2,gf,2.780,mm,OK,--,7:00:24 PM,8/20/2026,
1112,42.2,gf,2.775,mm,OK,--,7:00:24 PM,8/20/2026,
1113,42.1,gf,2.770,mm,OK,--,7:00:25 PM,8/20/2026,
1114,42.1,gf,2.765,mm,OK,--,7:00:25 PM,8/20/2026,
1115,42.1,gf,2.765,mm,OK,--,7:00:25 PM,8/20/2026,
1116,42.1,gf,2.760,mm,OK,--,7:00:25 PM,8/20/2026,
1117,42.1,gf,2.755,mm,OK,--,7:00:25 PM,8/20/2026,
1118,42.0,gf,2.750,mm,OK,--,7:00:25 PM,8/20/2026,
1119,42.0,gf,2.745,mm,OK,--,7:00:25 PM,8/20/2026,
1120,42.0,gf,2.740,mm,OK,--,7:00:25 PM,8/20/2026,
1121,42.0,gf,2.735,mm,OK,--,7:00:25 PM,8/20/2026,
1122,42.0,gf,2.730,mm,OK,--,7:00:25 PM,8/20/2026,
1123,42.0,gf,2.725,mm,OK,--,7:00:26 PM,8/20/2026,
1124,41.9,gf,2.725,mm,OK,--,7:00:26 PM,8/20/2026,
1125,41.9,gf,2.720,mm,OK,--,7:00:26 PM,8/20/2026,
1126,41.9,gf,2.715,mm,OK,--,7:00:26 PM,8/20/2026,
1127,41.9,gf,2.715,mm,OK,--,7:00:26 PM,8/20/2026,
1128,41.9,gf,2.710,mm,OK,--,7:00:26 PM,8/20/2026,
1129,41.8,gf,2.705,mm,OK,--,7:00:26 PM,8/20/2026,
1130,41.8,gf,2.700,mm,OK,--,7:00:26 PM,8/20/2026,
1131,41.8,gf,2.695,mm,OK,--,7:00:26 PM,8/20/2026,
1132,41.8,gf,2.690,mm,OK,--,7:00:26 PM,8/20/2026,
1133,41.7,gf,2.685,mm,OK,--,7:00:27 PM,8/20/2026,
1134,41.7,gf,2.675,mm,OK,--,7:00:27 PM,8/20/2026,
1135,41.7,gf,2.670,mm,OK,--,7:00:27 PM,8/20/2026,
1136,41.7,gf,2.665,mm,OK,--,7:00:27 PM,8/20/2026,
1137,41.6,gf,2.655,mm,OK,--,7:00:27 PM,8/20/2026,
1138,41.6,gf,2.650,mm,OK,--,7:00:27 PM,8/20/2026,
1139,41.5,gf,2.645,mm,OK,--,7:00:27 PM,8/20/2026,
1140,41.5,gf,2.635,mm,OK,--,7:00:27 PM,8/20/2026,
1141,41.5,gf,2.630,mm,OK,--,7:00:27 PM,8/20/2026,
1142,41.4,gf,2.625,mm,OK,--,7:00:27 PM,8/20/2026,
1143,41.4,gf,2.615,mm,OK,--,7:00:28 PM,8/20/2026,
1144,41.4,gf,2.610,mm,OK,--,7:00:28 PM,8/20/2026,
1145,41.4,gf,2.605,mm,OK,--,7:00:28 PM,8/20/2026,
1146,41.4,gf,2.605,mm,OK,--,7:00:28 PM,8/20/2026,
1147,41.3,gf,2.600,mm,OK,--,7:00:28 PM,8/20/2026,
1148,41.3,gf,2.600,mm,OK,--,7:00:28 PM,8/20/2026,
1149,41.3,gf,2.595,mm,OK,--,7:00:28 PM,8/20/2026,
1150,41.3,gf,2.590,mm,OK,--,7:00:28 PM,8/20/2026,
1151,41.3,gf,2.590,mm,OK,--,7:00:28 PM,8/20/2026,
1152,41.3,gf,2.580,mm,OK,--,7:00:28 PM,8/20/2026,
1153,41.2,gf,2.575,mm,OK,--,7:00:29 PM,8/20/2026,
1154,41.2,gf,2.570,mm,OK,--,7:00:29 PM,8/20/2026,
1155,41.2,gf,2.570,mm,OK,--,7:00:29 PM,8/20/2026,
1156,41.2,gf,2.565,mm,OK,--,7:00:29 PM,8/20/2026,
1157,41.2,gf,2.565,mm,OK,--,7:00:29 PM,8/20/2026,
1158,41.2,gf,2.560,mm,OK,--,7:00:29 PM,8/20/2026,
1159,41.2,gf,2.560,mm,OK,--,7:00:29 PM,8/20/2026,
1160,41.2,gf,2.560,mm,OK,--,7:00:29 PM,8/20/2026,
1161,41.2,gf,2.555,mm,OK,--,7:00:29 PM,8/20/2026,
1162,41.2,gf,2.550,mm,OK,--,7:00:29 PM,8/20/2026,
1163,41.2,gf,2.550,mm,OK,--,7:00:30 PM,8/20/2026,
1164,41.2,gf,2.545,mm,OK,--,7:00:30 PM,8/20/2026,
1165,41.2,gf,2.545,mm,OK,--,7:00:30 PM,8/20/2026,
1166,41.1,gf,2.545,mm,OK,--,7:00:30 PM,8/20/2026,
1167,41.1,gf,2.540,mm,OK,--,7:00:30 PM,8/20/2026,
1168,41.1,gf,2.540,mm,OK,--,7:00:30 PM,8/20/2026,
1169,41.1,gf,2.540,mm,OK,--,7:00:30 PM,8/20/2026,
1170,41.1,gf,2.540,mm,OK,--,7:00:30 PM,8/20/2026,
1171,41.1,gf,2.540,mm,OK,--,7:00:30 PM,8/20/2026,
1172,41.1,gf,2.535,mm,OK,--,7:00:30 PM,8/20/2026,
1173,41.1,gf,2.535,mm,OK,--,7:00:31 PM,8/20/2026,
1174,41.1,gf,2.535,mm,OK,--,7:00:31 PM,8/20/2026,
1175,41.1,gf,2.535,mm,OK,--,7:00:31 PM,8/20/2026,
1176,41.1,gf,2.535,mm,OK,--,7:00:31 PM,8/20/2026,
1177,41.1,gf,2.535,mm,OK,--,7:00:31 PM,8/20/2026,
1178,41.1,gf,2.530,mm,OK,--,7:00:31 PM,8/20/2026,
1179,41.1,gf,2.530,mm,OK,--,7:00:31 PM,8/20/2026,
1180,41.1,gf,2.530,mm,OK,--,7:00:31 PM,8/20/2026,
1181,41.1,gf,2.530,mm,OK,--,7:00:31 PM,8/20/2026,
1182,41.0,gf,2.525,mm,OK,--,7:00:31 PM,8/20/2026,
1183,41.0,gf,2.525,mm,OK,--,7:00:32 PM,8/20/2026,
1184,41.0,gf,2.520,mm,OK,--,7:00:32 PM,8/20/2026,
1185,41.0,gf,2.510,mm,OK,--,7:00:32 PM,8/20/2026,
1186,40.9,gf,2.505,mm,OK,--,7:00:32 PM,8/20/2026,
1187,40.9,gf,2.495,mm,OK,--,7:00:32 PM,8/20/2026,
1188,40.9,gf,2.490,mm,OK,--,7:00:32 PM,8/20/2026,
1189,40.9,gf,2.480,mm,OK,--,7:00:32 PM,8/20/2026,
1190,40.8,gf,2.470,mm,OK,--,7:00:32 PM,8/20/2026,
1191,40.6,gf,2.455,mm,OK,--,7:00:32 PM,8/20/2026,
1192,40.6,gf,2.435,mm,OK,--,7:00:32 PM,8/20/2026,
1193,40.5,gf,2.420,mm,OK,--,7:00:33 PM,8/20/2026,
1194,40.4,gf,2.395,mm,OK,--,7:00:33 PM,8/20/2026,
1195,40.3,gf,2.380,mm,OK,--,7:00:33 PM,8/20/2026,
1196,40.3,gf,2.365,mm,OK,--,7:00:33 PM,8/20/2026,
1197,40.2,gf,2.345,mm,OK,--,7:00:33 PM,8/20/2026,
1198,40.1,gf,2.335,mm,OK,--,7:00:33 PM,8/20/2026,
1199,40.0,gf,2.325,mm,OK,--,7:00:33 PM,8/20/2026,
1200,39.9,gf,2.320,mm,OK,--,7:00:33 PM,8/20/2026,
1201,39.9,gf,2.305,mm,OK,--,7:00:33 PM,8/20/2026,
1202,39.9,gf,2.300,mm,OK,--,7:00:33 PM,8/20/2026,
1203,39.8,gf,2.290,mm,OK,--,7:00:34 PM,8/20/2026,
1204,39.8,gf,2.285,mm,OK,--,7:00:34 PM,8/20/2026,
1205,39.8,gf,2.285,mm,OK,--,7:00:34 PM,8/20/2026,
1206,39.8,gf,2.280,mm,OK,--,7:00:34 PM,8/20/2026,
1207,39.7,gf,2.280,mm,OK,--,7:00:34 PM,8/20/2026,
1208,39.7,gf,2.280,mm,OK,--,7:00:34 PM,8/20/2026,
1209,39.7,gf,2.275,mm,OK,--,7:00:34 PM,8/20/2026,
1210,39.6,gf,2.275,mm,OK,--,7:00:34 PM,8/20/2026,
1211,39.6,gf,2.270,mm,OK,--,7:00:34 PM,8/20/2026,
1212,39.6,gf,2.265,mm,OK,--,7:00:34 PM,8/20/2026,
1213,39.6,gf,2.265,mm,OK,--,7:00:35 PM,8/20/2026,
1214,39.6,gf,2.265,mm,OK,--,7:00:35 PM,8/20/2026,
1215,39.6,gf,2.260,mm,OK,--,7:00:35 PM,8/20/2026,
1216,39.6,gf,2.260,mm,OK,--,7:00:35 PM,8/20/2026,
1217,39.6,gf,2.255,mm,OK,--,7:00:35 PM,8/20/2026,
1218,39.6,gf,2.255,mm,OK,--,7:00:35 PM,8/20/2026,
1219,39.5,gf,2.250,mm,OK,--,7:00:35 PM,8/20/2026,
1220,39.5,gf,2.240,mm,OK,--,7:00:35 PM,8/20/2026,
1221,39.4,gf,2.235,mm,OK,--,7:00:35 PM,8/20/2026,
1222,39.4,gf,2.230,mm,OK,--,7:00:35 PM,8/20/2026,
1223,39.4,gf,2.225,mm,OK,--,7:00:36 PM,8/20/2026,
1224,39.4,gf,2.220,mm,OK,--,7:00:36 PM,8/20/2026,
1225,39.3,gf,2.210,mm,OK,--,7:00:36 PM,8/20/2026,
1226,39.3,gf,2.205,mm,OK,--,7:00:36 PM,8/20/2026,
1227,39.3,gf,2.200,mm,OK,--,7:00:36 PM,8/20/2026,
1228,39.2,gf,2.190,mm,OK,--,7:00:36 PM,8/20/2026,
1229,39.1,gf,2.175,mm,OK,--,7:00:36 PM,8/20/2026,
1230,39.0,gf,2.165,mm,OK,--,7:00:36 PM,8/20/2026,
1231,38.9,gf,2.160,mm,OK,--,7:00:36 PM,8/20/2026,
1232,39.0,gf,2.150,mm,OK,--,7:00:36 PM,8/20/2026,
1233,38.9,gf,2.145,mm,OK,--,7:00:37 PM,8/20/2026,
1234,38.9,gf,2.140,mm,OK,--,7:00:37 PM,8/20/2026,
1235,38.8,gf,2.130,mm,OK,--,7:00:37 PM,8/20/2026,
1236,38.8,gf,2.125,mm,OK,--,7:00:37 PM,8/20/2026,
1237,38.7,gf,2.120,mm,OK,--,7:00:37 PM,8/20/2026,
1238,38.7,gf,2.110,mm,OK,--,7:00:37 PM,8/20/2026,
1239,38.7,gf,2.105,mm,OK,--,7:00:37 PM,8/20/2026,
1240,38.7,gf,2.100,mm,OK,--,7:00:37 PM,8/20/2026,
1241,38.6,gf,2.090,mm,OK,--,7:00:37 PM,8/20/2026,
1242,38.6,gf,2.085,mm,OK,--,7:00:37 PM,8/20/2026,
1243,38.6,gf,2.075,mm,OK,--,7:00:38 PM,8/20/2026,
1244,38.6,gf,2.070,mm,OK,--,7:00:38 PM,8/20/2026,
1245,38.6,gf,2.065,mm,OK,--,7:00:38 PM,8/20/2026,
1246,38.6,gf,2.060,mm,OK,--,7:00:38 PM,8/20/2026,
1247,38.5,gf,2.055,mm,OK,--,7:00:38 PM,8/20/2026,
1248,38.5,gf,2.045,mm,OK,--,7:00:38 PM,8/20/2026,
1249,38.5,gf,2.035,mm,OK,--,7:00:38 PM,8/20/2026,
1250,38.5,gf,2.025,mm,OK,--,7:00:38 PM,8/20/2026,
1251,38.4,gf,2.010,mm,OK,--,7:00:38 PM,8/20/2026,
1252,38.3,gf,2.000,mm,OK,--,7:00:38 PM,8/20/2026,
1253,38.3,gf,1.990,mm,OK,--,7:00:39 PM,8/20/2026,
1254,38.3,gf,1.985,mm,OK,--,7:00:39 PM,8/20/2026,
1255,38.3,gf,1.980,mm,OK,--,7:00:39 PM,8/20/2026,
1256,38.3,gf,1.970,mm,OK,--,7:00:39 PM,8/20/2026,
1257,38.3,gf,1.965,mm,OK,--,7:00:39 PM,8/20/2026,
1258,38.3,gf,1.960,mm,OK,--,7:00:39 PM,8/20/2026,
1259,38.3,gf,1.955,mm,OK,--,7:00:39 PM,8/20/2026,
1260,38.3,gf,1.950,mm,OK,--,7:00:39 PM,8/20/2026,
1261,38.2,gf,1.950,mm,OK,--,7:00:39 PM,8/20/2026,
1262,38.2,gf,1.945,mm,OK,--,7:00:39 PM,8/20/2026,
1263,38.2,gf,1.940,mm,OK,--,7:00:40 PM,8/20/2026,
1264,38.1,gf,1.930,mm,OK,--,7:00:40 PM,8/20/2026,
1265,38.1,gf,1.920,mm,OK,--,7:00:40 PM,8/20/2026,
1266,38.0,gf,1.910,mm,OK,--,7:00:40 PM,8/20/2026,
1267,38.0,gf,1.900,mm,OK,--,7:00:40 PM,8/20/2026,
1268,37.9,gf,1.885,mm,OK,--,7:00:40 PM,8/20/2026,
1269,37.9,gf,1.880,mm,OK,--,7:00:40 PM,8/20/2026,
1270,37.9,gf,1.870,mm,OK,--,7:00:40 PM,8/20/2026,
1271,37.8,gf,1.860,mm,OK,--,7:00:40 PM,8/20/2026,
1272,37.8,gf,1.855,mm,OK,--,7:00:40 PM,8/20/2026,
1273,37.8,gf,1.850,mm,OK,--,7:00:41 PM,8/20/2026,
1274,37.7,gf,1.845,mm,OK,--,7:00:41 PM,8/20/2026,
1275,37.7,gf,1.840,mm,OK,--,7:00:41 PM,8/20/2026,
1276,37.6,gf,1.835,mm,OK,--,7:00:41 PM,8/20/2026,
1277,37.6,gf,1.830,mm,OK,--,7:00:41 PM,8/20/2026,
1278,37.6,gf,1.830,mm,OK,--,7:00:41 PM,8/20/2026,
1279,37.6,gf,1.825,mm,OK,--,7:00:41 PM,8/20/2026,
1280,37.6,gf,1.820,mm,OK,--,7:00:41 PM,8/20/2026,
1281,37.5,gf,1.815,mm,OK,--,7:00:41 PM,8/20/2026,
1282,37.5,gf,1.805,mm,OK,--,7:00:41 PM,8/20/2026,
1283,37.5,gf,1.795,mm,OK,--,7:00:42 PM,8/20/2026,
1284,37.4,gf,1.785,mm,OK,--,7:00:42 PM,8/20/2026,
1285,37.4,gf,1.775,mm,OK,--,7:00:42 PM,8/20/2026,
1286,37.3,gf,1.765,mm,OK,--,7:00:42 PM,8/20/2026,
1287,37.3,gf,1.760,mm,OK,--,7:00:42 PM,8/20/2026,
1288,37.3,gf,1.755,mm,OK,--,7:00:42 PM,8/20/2026,
1289,37.2,gf,1.745,mm,OK,--,7:00:42 PM,8/20/2026,
1290,37.2,gf,1.740,mm,OK,--,7:00:42 PM,8/20/2026,
1291,37.1,gf,1.740,mm,OK,--,7:00:42 PM,8/20/2026,
1292,37.1,gf,1.735,mm,OK,--,7:00:42 PM,8/20/2026,
1293,37.1,gf,1.730,mm,OK,--,7:00:43 PM,8/20/2026,
1294,37.1,gf,1.725,mm,OK,--,7:00:43 PM,8/20/2026,
1295,37.1,gf,1.720,mm,OK,--,7:00:43 PM,8/20/2026,
1296,37.1,gf,1.715,mm,OK,--,7:00:43 PM,8/20/2026,
1297,37.1,gf,1.710,mm,OK,--,7:00:43 PM,8/20/2026,
1298,37.1,gf,1.710,mm,OK,--,7:00:43 PM,8/20/2026,
1299,37.1,gf,1.705,mm,OK,--,7:00:43 PM,8/20/2026,
1300,37.0,gf,1.700,mm,OK,--,7:00:43 PM,8/20/2026,
1301,37.0,gf,1.695,mm,OK,--,7:00:43 PM,8/20/2026,
1302,37.0,gf,1.690,mm,OK,--,7:00:43 PM,8/20/2026,
1303,37.0,gf,1.685,mm,OK,--,7:00:44 PM,8/20/2026,
1304,37.0,gf,1.685,mm,OK,--,7:00:44 PM,8/20/2026,
1305,37.0,gf,1.680,mm,OK,--,7:00:44 PM,8/20/2026,
1306,37.0,gf,1.680,mm,OK,--,7:00:44 PM,8/20/2026,
1307,36.9,gf,1.680,mm,OK,--,7:00:44 PM,8/20/2026,
1308,36.9,gf,1.675,mm,OK,--,7:00:44 PM,8/20/2026,
1309,36.9,gf,1.670,mm,OK,--,7:00:44 PM,8/20/2026,
1310,36.9,gf,1.670,mm,OK,--,7:00:44 PM,8/20/2026,
1311,36.9,gf,1.665,mm,OK,--,7:00:44 PM,8/20/2026,
1312,36.9,gf,1.660,mm,OK,--,7:00:44 PM,8/20/2026,
1313,36.8,gf,1.660,mm,OK,--,7:00:45 PM,8/20/2026,
1314,36.8,gf,1.655,mm,OK,--,7:00:45 PM,8/20/2026,
1315,36.8,gf,1.655,mm,OK,--,7:00:45 PM,8/20/2026,
1316,36.8,gf,1.650,mm,OK,--,7:00:45 PM,8/20/2026,
1317,36.8,gf,1.650,mm,OK,--,7:00:45 PM,8/20/2026,
1318,36.8,gf,1.645,mm,OK,--,7:00:45 PM,8/20/2026,
1319,36.8,gf,1.645,mm,OK,--,7:00:45 PM,8/20/2026,
1320,36.8,gf,1.640,mm,OK,--,7:00:45 PM,8/20/2026,
1321,36.7,gf,1.635,mm,OK,--,7:00:45 PM,8/20/2026,
1322,36.7,gf,1.630,mm,OK,--,7:00:45 PM,8/20/2026,
1323,36.7,gf,1.625,mm,OK,--,7:00:46 PM,8/20/2026,
1324,36.7,gf,1.625,mm,OK,--,7:00:46 PM,8/20/2026,
1325,36.7,gf,1.620,mm,OK,--,7:00:46 PM,8/20/2026,
1326,36.7,gf,1.620,mm,OK,--,7:00:46 PM,8/20/2026,
1327,36.7,gf,1.610,mm,OK,--,7:00:46 PM,8/20/2026,
1328,36.7,gf,1.605,mm,OK,--,7:00:46 PM,8/20/2026,
1329,36.6,gf,1.600,mm,OK,--,7:00:46 PM,8/20/2026,
1330,36.6,gf,1.595,mm,OK,--,7:00:46 PM,8/20/2026,
1331,36.6,gf,1.590,mm,OK,--,7:00:46 PM,8/20/2026,
1332,36.6,gf,1.585,mm,OK,--,7:00:46 PM,8/20/2026,
1333,36.6,gf,1.580,mm,OK,--,7:00:47 PM,8/20/2026,
1334,36.6,gf,1.575,mm,OK,--,7:00:47 PM,8/20/2026,
1335,36.6,gf,1.575,mm,OK,--,7:00:47 PM,8/20/2026,
1336,36.6,gf,1.565,mm,OK,--,7:00:47 PM,8/20/2026,
1337,36.5,gf,1.560,mm,OK,--,7:00:47 PM,8/20/2026,
1338,36.5,gf,1.555,mm,OK,--,7:00:47 PM,8/20/2026,
1339,36.5,gf,1.550,mm,OK,--,7:00:47 PM,8/20/2026,
1340,36.5,gf,1.545,mm,OK,--,7:00:47 PM,8/20/2026,
1341,36.5,gf,1.540,mm,OK,--,7:00:47 PM,8/20/2026,
1342,36.5,gf,1.540,mm,OK,--,7:00:47 PM,8/20/2026,
1343,36.5,gf,1.535,mm,OK,--,7:00:48 PM,8/20/2026,
1344,36.5,gf,1.530,mm,OK,--,7:00:48 PM,8/20/2026,
1345,36.5,gf,1.525,mm,OK,--,7:00:48 PM,8/20/2026,
1346,36.4,gf,1.520,mm,OK,--,7:00:48 PM,8/20/2026,
1347,36.4,gf,1.515,mm,OK,--,7:00:48 PM,8/20/2026,
1348,36.4,gf,1.510,mm,OK,--,7:00:48 PM,8/20/2026,
1349,36.4,gf,1.505,mm,OK,--,7:00:48 PM,8/20/2026,
1350,36.4,gf,1.495,mm,OK,--,7:00:48 PM,8/20/2026,
1351,36.3,gf,1.490,mm,OK,--,7:00:48 PM,8/20/2026,
1352,36.3,gf,1.485,mm,OK,--,7:00:48 PM,8/20/2026,
1353,36.3,gf,1.480,mm,OK,--,7:00:49 PM,8/20/2026,
1354,36.2,gf,1.475,mm,OK,--,7:00:49 PM,8/20/2026,
1355,36.2,gf,1.465,mm,OK,--,7:00:49 PM,8/20/2026,
1356,36.2,gf,1.460,mm,OK,--,7:00:49 PM,8/20/2026,
1357,36.1,gf,1.455,mm,OK,--,7:00:49 PM,8/20/2026,
1358,36.1,gf,1.450,mm,OK,--,7:00:49 PM,8/20/2026,
1359,36.1,gf,1.445,mm,OK,--,7:00:49 PM,8/20/2026,
1360,36.1,gf,1.435,mm,OK,--,7:00:49 PM,8/20/2026,
1361,36.0,gf,1.435,mm,OK,--,7:00:49 PM,8/20/2026,
1362,36.0,gf,1.430,mm,OK,--,7:00:49 PM,8/20/2026,
1363,36.0,gf,1.420,mm,OK,--,7:00:50 PM,8/20/2026,
1364,36.0,gf,1.420,mm,OK,--,7:00:50 PM,8/20/2026,
1365,35.9,gf,1.415,mm,OK,--,7:00:50 PM,8/20/2026,
1366,35.9,gf,1.410,mm,OK,--,7:00:50 PM,8/20/2026,
1367,35.9,gf,1.405,mm,OK,--,7:00:50 PM,8/20/2026,
1368,35.9,gf,1.400,mm,OK,--,7:00:50 PM,8/20/2026,
1369,35.8,gf,1.395,mm,OK,--,7:00:50 PM,8/20/2026,
1370,35.8,gf,1.390,mm,OK,--,7:00:50 PM,8/20/2026,
1371,35.8,gf,1.385,mm,OK,--,7:00:50 PM,8/20/2026,
1372,35.8,gf,1.380,mm,OK,--,7:00:50 PM,8/20/2026,
1373,35.8,gf,1.375,mm,OK,--,7:00:51 PM,8/20/2026,
1374,35.8,gf,1.375,mm,OK,--,7:00:51 PM,8/20/2026,
1375,35.8,gf,1.370,mm,OK,--,7:00:51 PM,8/20/2026,
1376,35.7,gf,1.365,mm,OK,--,7:00:51 PM,8/20/2026,
1377,35.7,gf,1.360,mm,OK,--,7:00:51 PM,8/20/2026,
1378,35.7,gf,1.355,mm,OK,--,7:00:51 PM,8/20/2026,
1379,35.7,gf,1.350,mm,OK,--,7:00:51 PM,8/20/2026,
1380,35.7,gf,1.345,mm,OK,--,7:00:51 PM,8/20/2026,
1381,35.7,gf,1.340,mm,OK,--,7:00:51 PM,8/20/2026,
1382,35.7,gf,1.340,mm,OK,--,7:00:51 PM,8/20/2026,
1383,35.7,gf,1.335,mm,OK,--,7:00:52 PM,8/20/2026,
1384,35.6,gf,1.330,mm,OK,--,7:00:52 PM,8/20/2026,
1385,35.6,gf,1.330,mm,OK,--,7:00:52 PM,8/20/2026,
1386,35.6,gf,1.325,mm,OK,--,7:00:52 PM,8/20/2026,
1387,35.6,gf,1.320,mm,OK,--,7:00:52 PM,8/20/2026,
1388,35.6,gf,1.320,mm,OK,--,7:00:52 PM,8/20/2026,
1389,35.6,gf,1.315,mm,OK,--,7:00:52 PM,8/20/2026,
1390,35.6,gf,1.315,mm,OK,--,7:00:52 PM,8/20/2026,
1391,35.6,gf,1.315,mm,OK,--,7:00:52 PM,8/20/2026,
1392,35.6,gf,1.310,mm,OK,--,7:00:52 PM,8/20/2026,
1393,35.5,gf,1.305,mm,OK,--,7:00:53 PM,8/20/2026,
1394,35.5,gf,1.305,mm,OK,--,7:00:53 PM,8/20/2026,
1395,35.5,gf,1.300,mm,OK,--,7:00:53 PM,8/20/2026,
1396,35.5,gf,1.300,mm,OK,--,7:00:53 PM,8/20/2026,
1397,35.5,gf,1.295,mm,OK,--,7:00:53 PM,8/20/2026,
1398,35.4,gf,1.290,mm,OK,--,7:00:53 PM,8/20/2026,
1399,35.4,gf,1.290,mm,OK,--,7:00:53 PM,8/20/2026,
1400,35.4,gf,1.285,mm,OK,--,7:00:53 PM,8/20/2026,
1401,35.4,gf,1.280,mm,OK,--,7:00:53 PM,8/20/2026,
1402,35.3,gf,1.275,mm,OK,--,7:00:53 PM,8/20/2026,
1403,35.2,gf,1.270,mm,OK,--,7:00:54 PM,8/20/2026,
1404,35.3,gf,1.260,mm,OK,--,7:00:54 PM,8/20/2026,
1405,35.2,gf,1.255,mm,OK,--,7:00:54 PM,8/20/2026,
1406,35.2,gf,1.245,mm,OK,--,7:00:54 PM,8/20/2026,
1407,35.2,gf,1.235,mm,OK,--,7:00:54 PM,8/20/2026,
1408,35.1,gf,1.230,mm,OK,--,7:00:54 PM,8/20/2026,
1409,35.0,gf,1.220,mm,OK,--,7:00:54 PM,8/20/2026,
1410,35.1,gf,1.205,mm,OK,--,7:00:54 PM,8/20/2026,
1411,35.0,gf,1.200,mm,OK,--,7:00:54 PM,8/20/2026,
1412,35.0,gf,1.195,mm,OK,--,7:00:54 PM,8/20/2026,
1413,35.0,gf,1.190,mm,OK,--,7:00:55 PM,8/20/2026,
1414,34.9,gf,1.185,mm,OK,--,7:00:55 PM,8/20/2026,
1415,34.9,gf,1.175,mm,OK,--,7:00:55 PM,8/20/2026,
1416,34.9,gf,1.170,mm,OK,--,7:00:55 PM,8/20/2026,
1417,34.8,gf,1.165,mm,OK,--,7:00:55 PM,8/20/2026,
1418,34.8,gf,1.155,mm,OK,--,7:00:55 PM,8/20/2026,
1419,34.8,gf,1.150,mm,OK,--,7:00:55 PM,8/20/2026,
1420,34.8,gf,1.140,mm,OK,--,7:00:55 PM,8/20/2026,
1421,34.8,gf,1.135,mm,OK,--,7:00:55 PM,8/20/2026,
1422,34.8,gf,1.130,mm,OK,--,7:00:55 PM,8/20/2026,
1423,34.6,gf,1.120,mm,OK,--,7:00:56 PM,8/20/2026,
1424,34.6,gf,1.110,mm,OK,--,7:00:56 PM,8/20/2026,
1425,34.5,gf,1.105,mm,OK,--,7:00:56 PM,8/20/2026,
1426,34.5,gf,1.100,mm,OK,--,7:00:56 PM,8/20/2026,
1427,34.5,gf,1.095,mm,OK,--,7:00:56 PM,8/20/2026,
1428,34.5,gf,1.090,mm,OK,--,7:00:56 PM,8/20/2026,
1429,34.4,gf,1.085,mm,OK,--,7:00:56 PM,8/20/2026,
1430,34.4,gf,1.075,mm,OK,--,7:00:56 PM,8/20/2026,
1431,34.4,gf,1.070,mm,OK,--,7:00:56 PM,8/20/2026,
1432,34.4,gf,1.070,mm,OK,--,7:00:56 PM,8/20/2026,
1433,34.4,gf,1.065,mm,OK,--,7:00:57 PM,8/20/2026,
1434,34.4,gf,1.060,mm,OK,--,7:00:57 PM,8/20/2026,
1435,34.3,gf,1.055,mm,OK,--,7:00:57 PM,8/20/2026,
1436,34.3,gf,1.055,mm,OK,--,7:00:57 PM,8/20/2026,
1437,34.3,gf,1.050,mm,OK,--,7:00:57 PM,8/20/2026,
1438,34.3,gf,1.045,mm,OK,--,7:00:57 PM,8/20/2026,
1439,34.3,gf,1.045,mm,OK,--,7:00:57 PM,8/20/2026,
1440,34.3,gf,1.040,mm,OK,--,7:00:57 PM,8/20/2026,
1441,34.2,gf,1.040,mm,OK,--,7:00:57 PM,8/20/2026,
1442,34.2,gf,1.040,mm,OK,--,7:00:57 PM,8/20/2026,
1443,34.2,gf,1.035,mm,OK,--,7:00:58 PM,8/20/2026,
1444,34.2,gf,1.030,mm,OK,--,7:00:58 PM,8/20/2026,
1445,34.2,gf,1.030,mm,OK,--,7:00:58 PM,8/20/2026,
1446,34.2,gf,1.025,mm,OK,--,7:00:58 PM,8/20/2026,
1447,34.2,gf,1.020,mm,OK,--,7:00:58 PM,8/20/2026,
1448,34.2,gf,1.015,mm,OK,--,7:00:58 PM,8/20/2026,
1449,34.2,gf,1.015,mm,OK,--,7:00:58 PM,8/20/2026,
1450,34.2,gf,1.015,mm,OK,--,7:00:58 PM,8/20/2026,
1451,34.1,gf,1.010,mm,OK,--,7:00:58 PM,8/20/2026,
1452,34.1,gf,1.005,mm,OK,--,7:00:58 PM,8/20/2026,
1453,34.1,gf,1.005,mm,OK,--,7:00:59 PM,8/20/2026,
1454,34.1,gf,1.000,mm,OK,--,7:00:59 PM,8/20/2026,
1455,34.1,gf,1.000,mm,OK,--,7:00:59 PM,8/20/2026,
1456,34.1,gf,1.000,mm,OK,--,7:00:59 PM,8/20/2026,
1457,34.0,gf,0.995,mm,OK,--,7:00:59 PM,8/20/2026,
1458,34.0,gf,0.995,mm,OK,--,7:00:59 PM,8/20/2026,
1459,34.0,gf,0.990,mm,OK,--,7:00:59 PM,8/20/2026,
1460,34.0,gf,0.985,mm,OK,--,7:00:59 PM,8/20/2026,
1461,34.0,gf,0.980,mm,OK,--,7:00:59 PM,8/20/2026,
1462,33.9,gf,0.980,mm,OK,--,7:00:59 PM,8/20/2026,
1463,33.9,gf,0.975,mm,OK,--,7:01:00 PM,8/20/2026,
1464,33.9,gf,0.975,mm,OK,--,7:01:00 PM,8/20/2026,
1465,33.9,gf,0.970,mm,OK,--,7:01:00 PM,8/20/2026,
1466,33.9,gf,0.970,mm,OK,--,7:01:00 PM,8/20/2026,
1467,33.8,gf,0.965,mm,OK,--,7:01:00 PM,8/20/2026,
1468,33.7,gf,0.960,mm,OK,--,7:01:00 PM,8/20/2026,
1469,33.7,gf,0.955,mm,OK,--,7:01:00 PM,8/20/2026,
1470,33.8,gf,0.950,mm,OK,--,7:01:00 PM,8/20/2026,
1471,33.7,gf,0.950,mm,OK,--,7:01:00 PM,8/20/2026,
1472,33.7,gf,0.945,mm,OK,--,7:01:00 PM,8/20/2026,
1473,33.7,gf,0.940,mm,OK,--,7:01:01 PM,8/20/2026,
1474,33.7,gf,0.935,mm,OK,--,7:01:01 PM,8/20/2026,
1475,33.7,gf,0.930,mm,OK,--,7:01:01 PM,8/20/2026,
1476,33.7,gf,0.930,mm,OK,--,7:01:01 PM,8/20/2026,
1477,33.7,gf,0.930,mm,OK,--,7:01:01 PM,8/20/2026,
1478,33.7,gf,0.925,mm,OK,--,7:01:01 PM,8/20/2026,
1479,33.6,gf,0.920,mm,OK,--,7:01:01 PM,8/20/2026,
1480,33.6,gf,0.920,mm,OK,--,7:01:01 PM,8/20/2026,
1481,33.6,gf,0.915,mm,OK,--,7:01:01 PM,8/20/2026,
1482,33.6,gf,0.915,mm,OK,--,7:01:01 PM,8/20/2026,
1483,33.6,gf,0.915,mm,OK,--,7:01:02 PM,8/20/2026,
1484,33.6,gf,0.915,mm,OK,--,7:01:02 PM,8/20/2026,
1485,33.6,gf,0.910,mm,OK,--,7:01:02 PM,8/20/2026,
1486,33.6,gf,0.910,mm,OK,--,7:01:02 PM,8/20/2026,
1487,33.6,gf,0.910,mm,OK,--,7:01:02 PM,8/20/2026,
1488,33.5,gf,0.905,mm,OK,--,7:01:02 PM,8/20/2026,
1489,33.5,gf,0.905,mm,OK,--,7:01:02 PM,8/20/2026,
1490,33.5,gf,0.900,mm,OK,--,7:01:02 PM,8/20/2026,
1491,33.5,gf,0.900,mm,OK,--,7:01:02 PM,8/20/2026,
1492,33.5,gf,0.895,mm,OK,--,7:01:02 PM,8/20/2026,
1493,33.5,gf,0.890,mm,OK,--,7:01:03 PM,8/20/2026,
1494,33.5,gf,0.885,mm,OK,--,7:01:03 PM,8/20/2026,
1495,33.5,gf,0.885,mm,OK,--,7:01:03 PM,8/20/2026,
1496,33.5,gf,0.880,mm,OK,--,7:01:03 PM,8/20/2026,
1497,33.5,gf,0.880,mm,OK,--,7:01:03 PM,8/20/2026,
1498,33.5,gf,0.880,mm,OK,--,7:01:03 PM,8/20/2026,
1499,33.5,gf,0.875,mm,OK,--,7:01:03 PM,8/20/2026,
1500,33.5,gf,0.875,mm,OK,--,7:01:03 PM,8/20/2026,
1501,33.5,gf,0.870,mm,OK,--,7:01:03 PM,8/20/2026,
1502,33.5,gf,0.870,mm,OK,--,7:01:03 PM,8/20/2026,
1503,33.4,gf,0.865,mm,OK,--,7:01:04 PM,8/20/2026,
1504,33.4,gf,0.860,mm,OK,--,7:01:04 PM,8/20/2026,
1505,33.4,gf,0.860,mm,OK,--,7:01:04 PM,8/20/2026,
1506,33.4,gf,0.855,mm,OK,--,7:01:04 PM,8/20/2026,
1507,33.4,gf,0.850,mm,OK,--,7:01:04 PM,8/20/2026,
1508,33.4,gf,0.850,mm,OK,--,7:01:04 PM,8/20/2026,
1509,33.3,gf,0.845,mm,OK,--,7:01:04 PM,8/20/2026,
1510,33.3,gf,0.840,mm,OK,--,7:01:04 PM,8/20/2026,
1511,33.3,gf,0.835,mm,OK,--,7:01:04 PM,8/20/2026,
1512,33.3,gf,0.830,mm,OK,--,7:01:04 PM,8/20/2026,
1513,33.3,gf,0.830,mm,OK,--,7:01:05 PM,8/20/2026,
1514,33.3,gf,0.830,mm,OK,--,7:01:05 PM,8/20/2026,
1515,33.3,gf,0.825,mm,OK,--,7:01:05 PM,8/20/2026,
1516,33.3,gf,0.825,mm,OK,--,7:01:05 PM,8/20/2026,
1517,33.2,gf,0.820,mm,OK,--,7:01:05 PM,8/20/2026,
1518,33.2,gf,0.820,mm,OK,--,7:01:05 PM,8/20/2026,
1519,33.2,gf,0.815,mm,OK,--,7:01:05 PM,8/20/2026,
1520,33.2,gf,0.810,mm,OK,--,7:01:05 PM,8/20/2026,
1521,33.2,gf,0.805,mm,OK,--,7:01:05 PM,8/20/2026,
1522,33.1,gf,0.805,mm,OK,--,7:01:05 PM,8/20/2026,
1523,33.0,gf,0.800,mm,OK,--,7:01:06 PM,8/20/2026,
1524,33.0,gf,0.795,mm,OK,--,7:01:06 PM,8/20/2026,
1525,33.0,gf,0.790,mm,OK,--,7:01:06 PM,8/20/2026,
1526,33.0,gf,0.785,mm,OK,--,7:01:06 PM,8/20/2026,
1527,32.9,gf,0.780,mm,OK,--,7:01:06 PM,8/20/2026,
1528,33.0,gf,0.775,mm,OK,--,7:01:06 PM,8/20/2026,
1529,32.9,gf,0.770,mm,OK,--,7:01:06 PM,8/20/2026,
1530,32.9,gf,0.770,mm,OK,--,7:01:06 PM,8/20/2026,
1531,32.9,gf,0.760,mm,OK,--,7:01:06 PM,8/20/2026,
1532,32.9,gf,0.755,mm,OK,--,7:01:06 PM,8/20/2026,
1533,32.9,gf,0.750,mm,OK,--,7:01:07 PM,8/20/2026,
1534,32.9,gf,0.750,mm,OK,--,7:01:07 PM,8/20/2026,
1535,32.9,gf,0.745,mm,OK,--,7:01:07 PM,8/20/2026,
1536,32.9,gf,0.740,mm,OK,--,7:01:07 PM,8/20/2026,
1537,32.9,gf,0.735,mm,OK,--,7:01:07 PM,8/20/2026,
1538,32.9,gf,0.735,mm,OK,--,7:01:07 PM,8/20/2026,
1539,32.9,gf,0.730,mm,OK,--,7:01:07 PM,8/20/2026,
1540,32.8,gf,0.725,mm,OK,--,7:01:07 PM,8/20/2026,
1541,32.8,gf,0.725,mm,OK,--,7:01:07 PM,8/20/2026,
1542,32.8,gf,0.720,mm,OK,--,7:01:07 PM,8/20/2026,
1543,32.8,gf,0.715,mm,OK,--,7:01:08 PM,8/20/2026,
1544,32.8,gf,0.710,mm,OK,--,7:01:08 PM,8/20/2026,
1545,32.8,gf,0.705,mm,OK,--,7:01:08 PM,8/20/2026,
1546,32.7,gf,0.695,mm,OK,--,7:01:08 PM,8/20/2026,
1547,32.7,gf,0.690,mm,OK,--,7:01:08 PM,8/20/2026,
1548,32.7,gf,0.685,mm,OK,--,7:01:08 PM,8/20/2026,
1549,32.7,gf,0.680,mm,OK,--,7:01:08 PM,8/20/2026,
1550,32.7,gf,0.675,mm,OK,--,7:01:08 PM,8/20/2026,
1551,32.6,gf,0.670,mm,OK,--,7:01:08 PM,8/20/2026,
1552,32.6,gf,0.665,mm,OK,--,7:01:08 PM,8/20/2026,
1553,32.6,gf,0.665,mm,OK,--,7:01:09 PM,8/20/2026,
1554,32.6,gf,0.660,mm,OK,--,7:01:09 PM,8/20/2026,
1555,32.6,gf,0.660,mm,OK,--,7:01:09 PM,8/20/2026,
1556,32.6,gf,0.660,mm,OK,--,7:01:09 PM,8/20/2026,
1557,32.6,gf,0.660,mm,OK,--,7:01:09 PM,8/20/2026,
1558,32.6,gf,0.655,mm,OK,--,7:01:09 PM,8/20/2026,
1559,32.5,gf,0.650,mm,OK,--,7:01:09 PM,8/20/2026,
1560,32.5,gf,0.645,mm,OK,--,7:01:09 PM,8/20/2026,
1561,32.5,gf,0.640,mm,OK,--,7:01:09 PM,8/20/2026,
1562,32.5,gf,0.640,mm,OK,--,7:01:09 PM,8/20/2026,
1563,32.5,gf,0.635,mm,OK,--,7:01:10 PM,8/20/2026,
1564,32.5,gf,0.630,mm,OK,--,7:01:10 PM,8/20/2026,
1565,32.5,gf,0.630,mm,OK,--,7:01:10 PM,8/20/2026,
1566,32.5,gf,0.625,mm,OK,--,7:01:10 PM,8/20/2026,
1567,32.4,gf,0.615,mm,OK,--,7:01:10 PM,8/20/2026,
1568,32.4,gf,0.615,mm,OK,--,7:01:10 PM,8/20/2026,
1569,32.5,gf,0.615,mm,OK,--,7:01:10 PM,8/20/2026,
1570,32.5,gf,0.610,mm,OK,--,7:01:10 PM,8/20/2026,
1571,32.4,gf,0.610,mm,OK,--,7:01:10 PM,8/20/2026,
1572,32.4,gf,0.610,mm,OK,--,7:01:10 PM,8/20/2026,
1573,32.4,gf,0.610,mm,OK,--,7:01:11 PM,8/20/2026,
1574,32.4,gf,0.610,mm,OK,--,7:01:11 PM,8/20/2026,
1575,32.4,gf,0.605,mm,OK,--,7:01:11 PM,8/20/2026,
1576,32.4,gf,0.605,mm,OK,--,7:01:11 PM,8/20/2026,
1577,32.4,gf,0.600,mm,OK,--,7:01:11 PM,8/20/2026,
1578,32.4,gf,0.600,mm,OK,--,7:01:11 PM,8/20/2026,
1579,32.4,gf,0.595,mm,OK,--,7:01:11 PM,8/20/2026,
1580,32.4,gf,0.595,mm,OK,--,7:01:11 PM,8/20/2026,
1581,32.4,gf,0.590,mm,OK,--,7:01:11 PM,8/20/2026,
1582,32.3,gf,0.590,mm,OK,--,7:01:11 PM,8/20/2026,
1583,32.3,gf,0.585,mm,OK,--,7:01:12 PM,8/20/2026,
1584,32.3,gf,0.585,mm,OK,--,7:01:12 PM,8/20/2026,
1585,32.3,gf,0.580,mm,OK,--,7:01:12 PM,8/20/2026,
1586,32.3,gf,0.575,mm,OK,--,7:01:12 PM,8/20/2026,
1587,32.3,gf,0.570,mm,OK,--,7:01:12 PM,8/20/2026,
1588,32.3,gf,0.565,mm,OK,--,7:01:12 PM,8/20/2026,
1589,32.3,gf,0.565,mm,OK,--,7:01:12 PM,8/20/2026,
1590,32.3,gf,0.560,mm,OK,--,7:01:12 PM,8/20/2026,
1591,32.3,gf,0.560,mm,OK,--,7:01:12 PM,8/20/2026,
1592,32.3,gf,0.555,mm,OK,--,7:01:12 PM,8/20/2026,
1593,32.3,gf,0.550,mm,OK,--,7:01:13 PM,8/20/2026,
1594,32.2,gf,0.550,mm,OK,--,7:01:13 PM,8/20/2026,
1595,32.2,gf,0.545,mm,OK,--,7:01:13 PM,8/20/2026,
1596,32.2,gf,0.545,mm,OK,--,7:01:13 PM,8/20/2026,
1597,32.2,gf,0.540,mm,OK,--,7:01:13 PM,8/20/2026,
1598,32.2,gf,0.540,mm,OK,--,7:01:13 PM,8/20/2026,
1599,32.2,gf,0.535,mm,OK,--,7:01:13 PM,8/20/2026,
1600,32.2,gf,0.535,mm,OK,--,7:01:13 PM,8/20/2026,
1601,32.2,gf,0.530,mm,OK,--,7:01:13 PM,8/20/2026,
1602,32.1,gf,0.530,mm,OK,--,7:01:13 PM,8/20/2026,
1603,32.1,gf,0.525,mm,OK,--,7:01:14 PM,8/20/2026,
1604,32.1,gf,0.525,mm,OK,--,7:01:14 PM,8/20/2026,
1605,32.1,gf,0.525,mm,OK,--,7:01:14 PM,8/20/2026,
1606,32.1,gf,0.520,mm,OK,--,7:01:14 PM,8/20/2026,
1607,32.1,gf,0.515,mm,OK,--,7:01:14 PM,8/20/2026,
1608,32.0,gf,0.510,mm,OK,--,7:01:14 PM,8/20/2026,
1609,32.0,gf,0.505,mm,OK,--,7:01:14 PM,8/20/2026,
1610,32.0,gf,0.505,mm,OK,--,7:01:14 PM,8/20/2026,
1611,32.0,gf,0.500,mm,OK,--,7:01:14 PM,8/20/2026,
1612,32.0,gf,0.500,mm,OK,--,7:01:14 PM,8/20/2026,
1613,32.0,gf,0.495,mm,OK,--,7:01:15 PM,8/20/2026,
1614,32.0,gf,0.495,mm,OK,--,7:01:15 PM,8/20/2026,
1615,32.0,gf,0.495,mm,OK,--,7:01:15 PM,8/20/2026,
1616,32.0,gf,0.490,mm,OK,--,7:01:15 PM,8/20/2026,
1617,31.9,gf,0.490,mm,OK,--,7:01:15 PM,8/20/2026,
1618,31.9,gf,0.485,mm,OK,--,7:01:15 PM,8/20/2026,
1619,31.9,gf,0.480,mm,OK,--,7:01:15 PM,8/20/2026,
1620,31.9,gf,0.480,mm,OK,--,7:01:15 PM,8/20/2026,
1621,31.9,gf,0.475,mm,OK,--,7:01:15 PM,8/20/2026,
1622,31.9,gf,0.470,mm,OK,--,7:01:15 PM,8/20/2026,
1623,31.9,gf,0.470,mm,OK,--,7:01:16 PM,8/20/2026,
1624,31.8,gf,0.465,mm,OK,--,7:01:16 PM,8/20/2026,
1625,31.8,gf,0.460,mm,OK,--,7:01:16 PM,8/20/2026,
1626,31.8,gf,0.455,mm,OK,--,7:01:16 PM,8/20/2026,
1627,31.8,gf,0.455,mm,OK,--,7:01:16 PM,8/20/2026,
1628,31.8,gf,0.450,mm,OK,--,7:01:16 PM,8/20/2026,
1629,31.8,gf,0.445,mm,OK,--,7:01:16 PM,8/20/2026,
1630,31.7,gf,0.445,mm,OK,--,7:01:16 PM,8/20/2026,
1631,31.7,gf,0.440,mm,OK,--,7:01:16 PM,8/20/2026,
1632,31.7,gf,0.440,mm,OK,--,7:01:16 PM,8/20/2026,
1633,31.7,gf,0.435,mm,OK,--,7:01:17 PM,8/20/2026,
1634,31.7,gf,0.435,mm,OK,--,7:01:17 PM,8/20/2026,
1635,31.7,gf,0.430,mm,OK,--,7:01:17 PM,8/20/2026,
1636,31.7,gf,0.425,mm,OK,--,7:01:17 PM,8/20/2026,
1637,31.7,gf,0.420,mm,OK,--,7:01:17 PM,8/20/2026,
1638,31.6,gf,0.415,mm,OK,--,7:01:17 PM,8/20/2026,
1639,31.6,gf,0.410,mm,OK,--,7:01:17 PM,8/20/2026,
1640,31.6,gf,0.405,mm,OK,--,7:01:17 PM,8/20/2026,
1641,31.5,gf,0.395,mm,OK,--,7:01:17 PM,8/20/2026,
1642,31.4,gf,0.385,mm,OK,--,7:01:17 PM,8/20/2026,
1643,31.4,gf,0.375,mm,OK,--,7:01:18 PM,8/20/2026,
1644,31.3,gf,0.365,mm,OK,--,7:01:18 PM,8/20/2026,
1645,31.3,gf,0.355,mm,OK,--,7:01:18 PM,8/20/2026,
1646,31.2,gf,0.350,mm,OK,--,7:01:18 PM,8/20/2026,
1647,31.2,gf,0.340,mm,OK,--,7:01:18 PM,8/20/2026,
1648,31.2,gf,0.330,mm,OK,--,7:01:18 PM,8/20/2026,
1649,31.1,gf,0.325,mm,OK,--,7:01:18 PM,8/20/2026,
1650,31.1,gf,0.325,mm,OK,--,7:01:18 PM,8/20/2026,
1651,31.1,gf,0.320,mm,OK,--,7:01:18 PM,8/20/2026,
1652,31.1,gf,0.315,mm,OK,--,7:01:18 PM,8/20/2026,
1653,31.0,gf,0.305,mm,OK,--,7:01:19 PM,8/20/2026,
1654,31.0,gf,0.290,mm,OK,--,7:01:19 PM,8/20/2026,
1655,31.0,gf,0.275,mm,OK,--,7:01:19 PM,8/20/2026,
1656,31.0,gf,0.265,mm,OK,--,7:01:19 PM,8/20/2026,
1657,30.8,gf,0.255,mm,OK,--,7:01:19 PM,8/20/2026,
1658,30.9,gf,0.250,mm,OK,--,7:01:19 PM,8/20/2026,
1659,30.8,gf,0.245,mm,OK,--,7:01:19 PM,8/20/2026,
1660,30.7,gf,0.240,mm,OK,--,7:01:19 PM,8/20/2026,
1661,30.7,gf,0.230,mm,OK,--,7:01:19 PM,8/20/2026,
1662,30.6,gf,0.220,mm,OK,--,7:01:19 PM,8/20/2026,
1663,30.6,gf,0.210,mm,OK,--,7:01:20 PM,8/20/2026,
1664,30.6,gf,0.205,mm,OK,--,7:01:20 PM,8/20/2026,
1665,30.5,gf,0.195,mm,OK,--,7:01:20 PM,8/20/2026,
1666,30.5,gf,0.185,mm,OK,--,7:01:20 PM,8/20/2026,
1667,30.4,gf,0.170,mm,OK,--,7:01:20 PM,8/20/2026,
1668,30.3,gf,0.155,mm,OK,--,7:01:20 PM,8/20/2026,
1669,30.3,gf,0.135,mm,OK,--,7:01:20 PM,8/20/2026,
1670,30.3,gf,0.120,mm,OK,--,7:01:20 PM,8/20/2026,
1671,30.2,gf,0.110,mm,OK,--,7:01:20 PM,8/20/2026,
1672,25.5,gf,0.100,mm,OK,--,7:01:20 PM,8/20/2026,
1673,17.9,gf,0.075,mm,OK,--,7:01:21 PM,8/20/2026,
1674,6.2,gf,0.055,mm,OK,--,7:01:21 PM,8/20/2026,
1675,0.1,gf,0.040,mm,OK,--,7:01:21 PM,8/20/2026,
1676,0.0,gf,0.015,mm,OK,--,7:01:21 PM,8/20/2026,
1677,0.0,gf,-0.005,mm,OK,--,7:01:21 PM,8/20/2026,
1678,0.1,gf,-0.030,mm,OK,--,7:01:21 PM,8/20/2026,
1679,0.0,gf,-0.065,mm,OK,--,7:01:21 PM,8/20/2026,
1680,0.0,gf,-0.080,mm,OK,--,7:01:21 PM,8/20/2026,
1681,0.1,gf,-0.085,mm,OK,--,7:01:21 PM,8/20/2026,
1682,0.0,gf,-0.090,mm,OK,--,7:01:21 PM,8/20/2026,
1683,0.0,gf,-0.090,mm,OK,--,7:01:22 PM,8/20/2026,
1684,0.0,gf,-0.090,mm,OK,--,7:01:22 PM,8/20/2026,
1685,0.0,gf,-0.090,mm,OK,--,7:01:22 PM,8/20/2026,
1686,0.0,gf,-0.090,mm,OK,--,7:01:22 PM,8/20/2026,
1687,0.0,gf,-0.090,mm,OK,--,7:01:22 PM,8/20/2026,
1688,0.0,gf,-0.090,mm,OK,--,7:01:22 PM,8/20/2026,
1689,-0.1,gf,-0.090,mm,OK,--,7:01:22 PM,8/20/2026,
1690,-0.2,gf,-0.080,mm,OK,--,7:01:22 PM,8/20/2026,
1691,-0.1,gf,-0.070,mm,OK,--,7:01:22 PM,8/20/2026,
1692,0.0,gf,-0.060,mm,OK,--,7:01:22 PM,8/20/2026,
1693,-0.1,gf,-0.050,mm,OK,--,7:01:23 PM,8/20/2026,
1694,0.0,gf,-0.040,mm,OK,--,7:01:23 PM,8/20/2026,
1695,0.0,gf,-0.030,mm,OK,--,7:01:23 PM,8/20/2026,
1696,0.1,gf,-0.020,mm,OK,--,7:01:23 PM,8/20/2026,
1697,0.1,gf,-0.005,mm,OK,--,7:01:23 PM,8/20/2026,
1698,0.1,gf,0.005,mm,OK,--,7:01:23 PM,8/20/2026,
1699,0.2,gf,0.015,mm,OK,--,7:01:23 PM,8/20/2026,
1700,0.1,gf,0.025,mm,OK,--,7:01:23 PM,8/20/2026,
1701,0.3,gf,0.040,mm,OK,--,7:01:23 PM,8/20/2026,
1702,7.6,gf,0.050,mm,OK,--,7:01:23 PM,8/20/2026,
1703,15.2,gf,0.060,mm,OK,--,7:01:24 PM,8/20/2026,
1704,22.6,gf,0.075,mm,OK,--,7:01:24 PM,8/20/2026,
1705,29.4,gf,0.085,mm,OK,--,7:01:24 PM,8/20/2026,
1706,31.8,gf,0.090,mm,OK,--,7:01:24 PM,8/20/2026,
1707,31.7,gf,0.100,mm,OK,--,7:01:24 PM,8/20/2026,
1708,31.7,gf,0.110,mm,OK,--,7:01:24 PM,8/20/2026,
1709,31.7,gf,0.120,mm,OK,--,7:01:24 PM,8/20/2026,
1710,31.7,gf,0.130,mm,OK,--,7:01:24 PM,8/20/2026,
1711,31.7,gf,0.135,mm,OK,--,7:01:24 PM,8/20/2026,
1712,31.7,gf,0.145,mm,OK,--,7:01:24 PM,8/20/2026,
1713,31.8,gf,0.150,mm,OK,--,7:01:25 PM,8/20/2026,
1714,31.8,gf,0.160,mm,OK,--,7:01:25 PM,8/20/2026,
