Maximum,194.4,@,No.883,,,,,,
Minimum,-0.1,@,No.23,,,,,,
Average,53.36,,,,,,,,
Data Quantity,1763,,,,,,,,
Number of NG,0,,,,,,,,
No.,Force,Unit,Displacement,Unit,Judge,Position,Time,Date,
1,0.0,gf,0.000,mm,OK,--,10:25:00 PM,11/26/2025,
2,0.0,gf,0.000,mm,OK,--,10:25:00 PM,11/26/2025,
3,0.0,gf,0.000,mm,OK,--,10:25:00 PM,11/26/2025,
4,0.0,gf,0.000,mm,OK,--,10:25:01 PM,11/26/2025,
5,0.0,gf,0.000,mm,OK,--,10:25:01 PM,11/26/2025,
6,0.0,gf,0.000,mm,OK,--,10:25:01 PM,11/26/2025,
7,0.0,gf,0.005,mm,OK,--,10:25:01 PM,11/26/2025,
8,0.0,gf,0.005,mm,OK,--,10:25:01 PM,11/26/2025,
9,0.0,gf,0.005,mm,OK,--,10:25:01 PM,11/26/2025,
10,0.0,gf,0.005,mm,OK,--,10:25:01 PM,11/26/2025,
11,0.0,gf,0.010,mm,OK,--,10:25:01 PM,11/26/2025,
12,0.0,gf,0.010,mm,OK,--,10:25:01 PM,11/26/2025,
13,0.0,gf,0.010,mm,OK,--,10:25:01 PM,11/26/2025,
14,0.0,gf,0.010,mm,OK,--,10:25:02 PM,11/26/2025,
15,0.0,gf,0.010,mm,OK,--,10:25:02 PM,11/26/2025,
16,0.0,gf,0.015,mm,OK,--,10:25:02 PM,11/26/2025,
17,0.0,gf,0.015,mm,OK,--,10:25:02 PM,11/26/2025,
18,0.0,gf,0.015,mm,OK,--,10:25:02 PM,11/26/2025,
19,0.0,gf,0.015,mm,OK,--,10:25:02 PM,11/26/2025,
20,0.0,gf,0.015,mm,OK,--,10:25:02 PM,11/26/2025,
21,0.0,gf,0.020,mm,OK,--,10:25:02 PM,11/26/2025,
22,0.1,gf,0.020,mm,OK,--,10:25:02 PM,11/26/2025,
23,-0.1,gf,0.020,mm,OK,--,10:25:02 PM,11/26/2025,
24,-0.1,gf,0.025,mm,OK,--,10:25:03 PM,11/26/2025,
25,0.0,gf,0.025,mm,OK,--,10:25:03 PM,11/26/2025,
26,0.0,gf,0.025,mm,OK,--,10:25:03 PM,11/26/2025,
27,0.0,gf,0.025,mm,OK,--,10:25:03 PM,11/26/2025,
28,0.0,gf,0.030,mm,OK,--,10:25:03 PM,11/26/2025,
29,0.0,gf,0.030,mm,OK,--,10:25:03 PM,11/26/2025,
30,0.0,gf,0.035,mm,OK,--,10:25:03 PM,11/26/2025,
31,0.0,gf,0.035,mm,OK,--,10:25:03 PM,11/26/2025,
32,0.9,gf,0.040,mm,OK,--,10:25:03 PM,11/26/2025,
33,1.6,gf,0.040,mm,OK,--,10:25:03 PM,11/26/2025,
34,3.1,gf,0.040,mm,OK,--,10:25:04 PM,11/26/2025,
35,4.6,gf,0.040,mm,OK,--,10:25:04 PM,11/26/2025,
36,5.6,gf,0.045,mm,OK,--,10:25:04 PM,11/26/2025,
37,6.5,gf,0.045,mm,OK,--,10:25:04 PM,11/26/2025,
38,7.9,gf,0.045,mm,OK,--,10:25:04 PM,11/26/2025,
39,9.9,gf,0.050,mm,OK,--,10:25:04 PM,11/26/2025,
40,12.1,gf,0.050,mm,OK,--,10:25:04 PM,11/26/2025,
41,14.0,gf,0.055,mm,OK,--,10:25:04 PM,11/26/2025,
42,15.3,gf,0.055,mm,OK,--,10:25:04 PM,11/26/2025,
43,16.3,gf,0.055,mm,OK,--,10:25:04 PM,11/26/2025,
44,17.6,gf,0.055,mm,OK,--,10:25:05 PM,11/26/2025,
45,18.9,gf,0.060,mm,OK,--,10:25:05 PM,11/26/2025,
46,20.3,gf,0.060,mm,OK,--,10:25:05 PM,11/26/2025,
47,21.7,gf,0.060,mm,OK,--,10:25:05 PM,11/26/2025,
48,23.3,gf,0.065,mm,OK,--,10:25:05 PM,11/26/2025,
49,24.9,gf,0.065,mm,OK,--,10:25:05 PM,11/26/2025,
50,26.6,gf,0.065,mm,OK,--,10:25:05 PM,11/26/2025,
51,28.6,gf,0.070,mm,OK,--,10:25:05 PM,11/26/2025,
52,30.5,gf,0.070,mm,OK,--,10:25:05 PM,11/26/2025,
53,32.5,gf,0.075,mm,OK,--,10:25:05 PM,11/26/2025,
54,34.5,gf,0.075,mm,OK,--,10:25:06 PM,11/26/2025,
55,36.5,gf,0.075,mm,OK,--,10:25:06 PM,11/26/2025,
56,38.5,gf,0.080,mm,OK,--,10:25:06 PM,11/26/2025,
57,41.0,gf,0.080,mm,OK,--,10:25:06 PM,11/26/2025,
58,43.3,gf,0.085,mm,OK,--,10:25:06 PM,11/26/2025,
59,45.8,gf,0.085,mm,OK,--,10:25:06 PM,11/26/2025,
60,48.7,gf,0.090,mm,OK,--,10:25:06 PM,11/26/2025,
61,50.8,gf,0.095,mm,OK,--,10:25:06 PM,11/26/2025,
62,52.3,gf,0.095,mm,OK,--,10:25:06 PM,11/26/2025,
63,52.8,gf,0.100,mm,OK,--,10:25:06 PM,11/26/2025,
64,52.4,gf,0.100,mm,OK,--,10:25:07 PM,11/26/2025,
65,52.3,gf,0.100,mm,OK,--,10:25:07 PM,11/26/2025,
66,52.5,gf,0.105,mm,OK,--,10:25:07 PM,11/26/2025,
67,52.5,gf,0.110,mm,OK,--,10:25:07 PM,11/26/2025,
68,52.7,gf,0.110,mm,OK,--,10:25:07 PM,11/26/2025,
69,52.6,gf,0.115,mm,OK,--,10:25:07 PM,11/26/2025,
70,52.6,gf,0.115,mm,OK,--,10:25:07 PM,11/26/2025,
71,52.8,gf,0.120,mm,OK,--,10:25:07 PM,11/26/2025,
72,52.7,gf,0.125,mm,OK,--,10:25:07 PM,11/26/2025,
73,52.8,gf,0.125,mm,OK,--,10:25:07 PM,11/26/2025,
74,53.0,gf,0.130,mm,OK,--,10:25:08 PM,11/26/2025,
75,53.1,gf,0.140,mm,OK,--,10:25:08 PM,11/26/2025,
76,53.1,gf,0.145,mm,OK,--,10:25:08 PM,11/26/2025,
77,53.2,gf,0.150,mm,OK,--,10:25:08 PM,11/26/2025,
78,53.3,gf,0.155,mm,OK,--,10:25:08 PM,11/26/2025,
79,53.4,gf,0.165,mm,OK,--,10:25:08 PM,11/26/2025,
80,53.6,gf,0.170,mm,OK,--,10:25:08 PM,11/26/2025,
81,53.8,gf,0.175,mm,OK,--,10:25:08 PM,11/26/2025,
82,53.8,gf,0.180,mm,OK,--,10:25:08 PM,11/26/2025,
83,53.7,gf,0.185,mm,OK,--,10:25:08 PM,11/26/2025,
84,53.8,gf,0.190,mm,OK,--,10:25:09 PM,11/26/2025,
85,53.9,gf,0.195,mm,OK,--,10:25:09 PM,11/26/2025,
86,53.9,gf,0.200,mm,OK,--,10:25:09 PM,11/26/2025,
87,54.1,gf,0.205,mm,OK,--,10:25:09 PM,11/26/2025,
88,54.1,gf,0.210,mm,OK,--,10:25:09 PM,11/26/2025,
89,54.1,gf,0.215,mm,OK,--,10:25:09 PM,11/26/2025,
90,54.2,gf,0.220,mm,OK,--,10:25:09 PM,11/26/2025,
91,54.1,gf,0.225,mm,OK,--,10:25:09 PM,11/26/2025,
92,54.1,gf,0.230,mm,OK,--,10:25:09 PM,11/26/2025,
93,54.2,gf,0.230,mm,OK,--,10:25:09 PM,11/26/2025,
94,54.2,gf,0.235,mm,OK,--,10:25:10 PM,11/26/2025,
95,54.2,gf,0.240,mm,OK,--,10:25:10 PM,11/26/2025,
96,54.1,gf,0.245,mm,OK,--,10:25:10 PM,11/26/2025,
97,54.1,gf,0.250,mm,OK,--,10:25:10 PM,11/26/2025,
98,54.1,gf,0.255,mm,OK,--,10:25:10 PM,11/26/2025,
99,54.1,gf,0.260,mm,OK,--,10:25:10 PM,11/26/2025,
100,54.1,gf,0.260,mm,OK,--,10:25:10 PM,11/26/2025,
101,54.2,gf,0.265,mm,OK,--,10:25:10 PM,11/26/2025,
102,54.2,gf,0.270,mm,OK,--,10:25:10 PM,11/26/2025,
103,54.2,gf,0.280,mm,OK,--,10:25:10 PM,11/26/2025,
104,54.0,gf,0.285,mm,OK,--,10:25:11 PM,11/26/2025,
105,54.1,gf,0.295,mm,OK,--,10:25:11 PM,11/26/2025,
106,54.1,gf,0.300,mm,OK,--,10:25:11 PM,11/26/2025,
107,54.0,gf,0.305,mm,OK,--,10:25:11 PM,11/26/2025,
108,53.9,gf,0.310,mm,OK,--,10:25:11 PM,11/26/2025,
109,53.8,gf,0.315,mm,OK,--,10:25:11 PM,11/26/2025,
110,53.9,gf,0.320,mm,OK,--,10:25:11 PM,11/26/2025,
111,53.9,gf,0.325,mm,OK,--,10:25:11 PM,11/26/2025,
112,53.8,gf,0.330,mm,OK,--,10:25:11 PM,11/26/2025,
113,53.8,gf,0.335,mm,OK,--,10:25:11 PM,11/26/2025,
114,53.6,gf,0.340,mm,OK,--,10:25:12 PM,11/26/2025,
115,53.6,gf,0.345,mm,OK,--,10:25:12 PM,11/26/2025,
116,53.5,gf,0.350,mm,OK,--,10:25:12 PM,11/26/2025,
117,53.6,gf,0.355,mm,OK,--,10:25:12 PM,11/26/2025,
118,53.6,gf,0.355,mm,OK,--,10:25:12 PM,11/26/2025,
119,53.6,gf,0.360,mm,OK,--,10:25:12 PM,11/26/2025,
120,53.6,gf,0.370,mm,OK,--,10:25:12 PM,11/26/2025,
121,53.5,gf,0.375,mm,OK,--,10:25:12 PM,11/26/2025,
122,53.6,gf,0.380,mm,OK,--,10:25:12 PM,11/26/2025,
123,53.5,gf,0.390,mm,OK,--,10:25:12 PM,11/26/2025,
124,53.4,gf,0.395,mm,OK,--,10:25:13 PM,11/26/2025,
125,53.3,gf,0.400,mm,OK,--,10:25:13 PM,11/26/2025,
126,53.2,gf,0.410,mm,OK,--,10:25:13 PM,11/26/2025,
127,53.1,gf,0.415,mm,OK,--,10:25:13 PM,11/26/2025,
128,53.1,gf,0.420,mm,OK,--,10:25:13 PM,11/26/2025,
129,53.0,gf,0.430,mm,OK,--,10:25:13 PM,11/26/2025,
130,52.8,gf,0.440,mm,OK,--,10:25:13 PM,11/26/2025,
131,52.7,gf,0.445,mm,OK,--,10:25:13 PM,11/26/2025,
132,52.6,gf,0.455,mm,OK,--,10:25:13 PM,11/26/2025,
133,52.5,gf,0.460,mm,OK,--,10:25:13 PM,11/26/2025,
134,52.4,gf,0.470,mm,OK,--,10:25:14 PM,11/26/2025,
135,52.3,gf,0.475,mm,OK,--,10:25:14 PM,11/26/2025,
136,52.2,gf,0.485,mm,OK,--,10:25:14 PM,11/26/2025,
137,52.1,gf,0.490,mm,OK,--,10:25:14 PM,11/26/2025,
138,52.0,gf,0.495,mm,OK,--,10:25:14 PM,11/26/2025,
139,52.0,gf,0.500,mm,OK,--,10:25:14 PM,11/26/2025,
140,52.0,gf,0.500,mm,OK,--,10:25:14 PM,11/26/2025,
141,51.9,gf,0.505,mm,OK,--,10:25:14 PM,11/26/2025,
142,52.0,gf,0.510,mm,OK,--,10:25:14 PM,11/26/2025,
143,51.9,gf,0.510,mm,OK,--,10:25:14 PM,11/26/2025,
144,52.0,gf,0.515,mm,OK,--,10:25:15 PM,11/26/2025,
145,51.9,gf,0.520,mm,OK,--,10:25:15 PM,11/26/2025,
146,51.9,gf,0.520,mm,OK,--,10:25:15 PM,11/26/2025,
147,51.7,gf,0.525,mm,OK,--,10:25:15 PM,11/26/2025,
148,51.6,gf,0.525,mm,OK,--,10:25:15 PM,11/26/2025,
149,51.6,gf,0.530,mm,OK,--,10:25:15 PM,11/26/2025,
150,51.6,gf,0.530,mm,OK,--,10:25:15 PM,11/26/2025,
151,51.6,gf,0.535,mm,OK,--,10:25:15 PM,11/26/2025,
152,51.6,gf,0.535,mm,OK,--,10:25:15 PM,11/26/2025,
153,51.6,gf,0.535,mm,OK,--,10:25:15 PM,11/26/2025,
154,51.7,gf,0.540,mm,OK,--,10:25:16 PM,11/26/2025,
155,51.8,gf,0.545,mm,OK,--,10:25:16 PM,11/26/2025,
156,51.7,gf,0.550,mm,OK,--,10:25:16 PM,11/26/2025,
157,51.5,gf,0.555,mm,OK,--,10:25:16 PM,11/26/2025,
158,51.5,gf,0.560,mm,OK,--,10:25:16 PM,11/26/2025,
159,51.5,gf,0.560,mm,OK,--,10:25:16 PM,11/26/2025,
160,51.4,gf,0.565,mm,OK,--,10:25:16 PM,11/26/2025,
161,51.2,gf,0.570,mm,OK,--,10:25:16 PM,11/26/2025,
162,51.4,gf,0.575,mm,OK,--,10:25:16 PM,11/26/2025,
163,51.4,gf,0.575,mm,OK,--,10:25:16 PM,11/26/2025,
164,51.5,gf,0.585,mm,OK,--,10:25:17 PM,11/26/2025,
165,51.3,gf,0.595,mm,OK,--,10:25:17 PM,11/26/2025,
166,51.0,gf,0.600,mm,OK,--,10:25:17 PM,11/26/2025,
167,50.9,gf,0.610,mm,OK,--,10:25:17 PM,11/26/2025,
168,50.8,gf,0.615,mm,OK,--,10:25:17 PM,11/26/2025,
169,50.8,gf,0.625,mm,OK,--,10:25:17 PM,11/26/2025,
170,50.7,gf,0.635,mm,OK,--,10:25:17 PM,11/26/2025,
171,50.6,gf,0.640,mm,OK,--,10:25:17 PM,11/26/2025,
172,50.6,gf,0.650,mm,OK,--,10:25:17 PM,11/26/2025,
173,50.2,gf,0.660,mm,OK,--,10:25:17 PM,11/26/2025,
174,50.1,gf,0.665,mm,OK,--,10:25:18 PM,11/26/2025,
175,50.1,gf,0.675,mm,OK,--,10:25:18 PM,11/26/2025,
176,50.1,gf,0.680,mm,OK,--,10:25:18 PM,11/26/2025,
177,50.1,gf,0.685,mm,OK,--,10:25:18 PM,11/26/2025,
178,50.1,gf,0.695,mm,OK,--,10:25:18 PM,11/26/2025,
179,50.0,gf,0.700,mm,OK,--,10:25:18 PM,11/26/2025,
180,50.0,gf,0.705,mm,OK,--,10:25:18 PM,11/26/2025,
181,49.9,gf,0.715,mm,OK,--,10:25:18 PM,11/26/2025,
182,49.8,gf,0.720,mm,OK,--,10:25:18 PM,11/26/2025,
183,49.6,gf,0.730,mm,OK,--,10:25:18 PM,11/26/2025,
184,49.4,gf,0.735,mm,OK,--,10:25:19 PM,11/26/2025,
185,49.4,gf,0.735,mm,OK,--,10:25:19 PM,11/26/2025,
186,49.5,gf,0.740,mm,OK,--,10:25:19 PM,11/26/2025,
187,49.5,gf,0.745,mm,OK,--,10:25:19 PM,11/26/2025,
188,49.3,gf,0.750,mm,OK,--,10:25:19 PM,11/26/2025,
189,49.3,gf,0.750,mm,OK,--,10:25:19 PM,11/26/2025,
190,49.3,gf,0.755,mm,OK,--,10:25:19 PM,11/26/2025,
191,49.3,gf,0.760,mm,OK,--,10:25:19 PM,11/26/2025,
192,49.1,gf,0.760,mm,OK,--,10:25:19 PM,11/26/2025,
193,49.1,gf,0.765,mm,OK,--,10:25:19 PM,11/26/2025,
194,49.1,gf,0.770,mm,OK,--,10:25:20 PM,11/26/2025,
195,48.9,gf,0.770,mm,OK,--,10:25:20 PM,11/26/2025,
196,49.0,gf,0.775,mm,OK,--,10:25:20 PM,11/26/2025,
197,49.1,gf,0.780,mm,OK,--,10:25:20 PM,11/26/2025,
198,49.0,gf,0.780,mm,OK,--,10:25:20 PM,11/26/2025,
199,48.9,gf,0.785,mm,OK,--,10:25:20 PM,11/26/2025,
200,48.9,gf,0.790,mm,OK,--,10:25:20 PM,11/26/2025,
201,48.9,gf,0.795,mm,OK,--,10:25:20 PM,11/26/2025,
202,48.9,gf,0.795,mm,OK,--,10:25:20 PM,11/26/2025,
203,48.8,gf,0.800,mm,OK,--,10:25:20 PM,11/26/2025,
204,48.8,gf,0.805,mm,OK,--,10:25:21 PM,11/26/2025,
205,48.8,gf,0.805,mm,OK,--,10:25:21 PM,11/26/2025,
206,48.6,gf,0.810,mm,OK,--,10:25:21 PM,11/26/2025,
207,49.0,gf,0.810,mm,OK,--,10:25:21 PM,11/26/2025,
208,49.1,gf,0.815,mm,OK,--,10:25:21 PM,11/26/2025,
209,49.0,gf,0.820,mm,OK,--,10:25:21 PM,11/26/2025,
210,48.9,gf,0.830,mm,OK,--,10:25:21 PM,11/26/2025,
211,48.9,gf,0.835,mm,OK,--,10:25:21 PM,11/26/2025,
212,48.8,gf,0.840,mm,OK,--,10:25:21 PM,11/26/2025,
213,48.7,gf,0.845,mm,OK,--,10:25:21 PM,11/26/2025,
214,48.6,gf,0.850,mm,OK,--,10:25:22 PM,11/26/2025,
215,48.5,gf,0.855,mm,OK,--,10:25:22 PM,11/26/2025,
216,48.5,gf,0.860,mm,OK,--,10:25:22 PM,11/26/2025,
217,48.5,gf,0.865,mm,OK,--,10:25:22 PM,11/26/2025,
218,48.6,gf,0.870,mm,OK,--,10:25:22 PM,11/26/2025,
219,48.7,gf,0.880,mm,OK,--,10:25:22 PM,11/26/2025,
220,48.4,gf,0.885,mm,OK,--,10:25:22 PM,11/26/2025,
221,48.1,gf,0.890,mm,OK,--,10:25:22 PM,11/26/2025,
222,48.1,gf,0.895,mm,OK,--,10:25:22 PM,11/26/2025,
223,48.2,gf,0.895,mm,OK,--,10:25:22 PM,11/26/2025,
224,48.3,gf,0.900,mm,OK,--,10:25:23 PM,11/26/2025,
225,48.0,gf,0.905,mm,OK,--,10:25:23 PM,11/26/2025,
226,48.0,gf,0.910,mm,OK,--,10:25:23 PM,11/26/2025,
227,47.8,gf,0.910,mm,OK,--,10:25:23 PM,11/26/2025,
228,47.8,gf,0.915,mm,OK,--,10:25:23 PM,11/26/2025,
229,48.0,gf,0.920,mm,OK,--,10:25:23 PM,11/26/2025,
230,48.0,gf,0.925,mm,OK,--,10:25:23 PM,11/26/2025,
231,47.9,gf,0.925,mm,OK,--,10:25:23 PM,11/26/2025,
232,47.8,gf,0.930,mm,OK,--,10:25:23 PM,11/26/2025,
233,47.8,gf,0.935,mm,OK,--,10:25:23 PM,11/26/2025,
234,47.8,gf,0.940,mm,OK,--,10:25:24 PM,11/26/2025,
235,47.9,gf,0.940,mm,OK,--,10:25:24 PM,11/26/2025,
236,47.8,gf,0.945,mm,OK,--,10:25:24 PM,11/26/2025,
237,47.8,gf,0.950,mm,OK,--,10:25:24 PM,11/26/2025,
238,47.8,gf,0.960,mm,OK,--,10:25:24 PM,11/26/2025,
239,47.7,gf,0.965,mm,OK,--,10:25:24 PM,11/26/2025,
240,47.6,gf,0.970,mm,OK,--,10:25:24 PM,11/26/2025,
241,47.6,gf,0.975,mm,OK,--,10:25:24 PM,11/26/2025,
242,47.4,gf,0.975,mm,OK,--,10:25:24 PM,11/26/2025,
243,47.4,gf,0.980,mm,OK,--,10:25:24 PM,11/26/2025,
244,47.5,gf,0.985,mm,OK,--,10:25:25 PM,11/26/2025,
245,47.3,gf,0.990,mm,OK,--,10:25:25 PM,11/26/2025,
246,47.2,gf,0.990,mm,OK,--,10:25:25 PM,11/26/2025,
247,47.1,gf,0.995,mm,OK,--,10:25:25 PM,11/26/2025,
248,46.8,gf,0.995,mm,OK,--,10:25:25 PM,11/26/2025,
249,46.9,gf,0.995,mm,OK,--,10:25:25 PM,11/26/2025,
250,47.0,gf,0.995,mm,OK,--,10:25:25 PM,11/26/2025,
251,47.1,gf,1.000,mm,OK,--,10:25:25 PM,11/26/2025,
252,47.1,gf,1.000,mm,OK,--,10:25:25 PM,11/26/2025,
253,47.2,gf,1.005,mm,OK,--,10:25:25 PM,11/26/2025,
254,47.2,gf,1.005,mm,OK,--,10:25:26 PM,11/26/2025,
255,47.1,gf,1.010,mm,OK,--,10:25:26 PM,11/26/2025,
256,46.9,gf,1.010,mm,OK,--,10:25:26 PM,11/26/2025,
257,46.8,gf,1.010,mm,OK,--,10:25:26 PM,11/26/2025,
258,46.9,gf,1.010,mm,OK,--,10:25:26 PM,11/26/2025,
259,46.7,gf,1.015,mm,OK,--,10:25:26 PM,11/26/2025,
260,47.1,gf,1.015,mm,OK,--,10:25:26 PM,11/26/2025,
261,47.1,gf,1.015,mm,OK,--,10:25:26 PM,11/26/2025,
262,47.3,gf,1.020,mm,OK,--,10:25:26 PM,11/26/2025,
263,47.3,gf,1.025,mm,OK,--,10:25:26 PM,11/26/2025,
264,47.3,gf,1.035,mm,OK,--,10:25:27 PM,11/26/2025,
265,47.2,gf,1.040,mm,OK,--,10:25:27 PM,11/26/2025,
266,47.1,gf,1.050,mm,OK,--,10:25:27 PM,11/26/2025,
267,47.2,gf,1.055,mm,OK,--,10:25:27 PM,11/26/2025,
268,47.1,gf,1.065,mm,OK,--,10:25:27 PM,11/26/2025,
269,47.1,gf,1.070,mm,OK,--,10:25:27 PM,11/26/2025,
270,47.1,gf,1.080,mm,OK,--,10:25:27 PM,11/26/2025,
271,47.0,gf,1.085,mm,OK,--,10:25:27 PM,11/26/2025,
272,46.9,gf,1.090,mm,OK,--,10:25:27 PM,11/26/2025,
273,46.9,gf,1.095,mm,OK,--,10:25:27 PM,11/26/2025,
274,46.9,gf,1.100,mm,OK,--,10:25:28 PM,11/26/2025,
275,46.9,gf,1.110,mm,OK,--,10:25:28 PM,11/26/2025,
276,46.9,gf,1.115,mm,OK,--,10:25:28 PM,11/26/2025,
277,46.6,gf,1.120,mm,OK,--,10:25:28 PM,11/26/2025,
278,46.4,gf,1.125,mm,OK,--,10:25:28 PM,11/26/2025,
279,46.5,gf,1.130,mm,OK,--,10:25:28 PM,11/26/2025,
280,46.5,gf,1.135,mm,OK,--,10:25:28 PM,11/26/2025,
281,46.4,gf,1.140,mm,OK,--,10:25:28 PM,11/26/2025,
282,46.4,gf,1.145,mm,OK,--,10:25:28 PM,11/26/2025,
283,46.4,gf,1.150,mm,OK,--,10:25:28 PM,11/26/2025,
284,46.6,gf,1.155,mm,OK,--,10:25:29 PM,11/26/2025,
285,46.6,gf,1.165,mm,OK,--,10:25:29 PM,11/26/2025,
286,46.5,gf,1.170,mm,OK,--,10:25:29 PM,11/26/2025,
287,46.6,gf,1.180,mm,OK,--,10:25:29 PM,11/26/2025,
288,46.6,gf,1.190,mm,OK,--,10:25:29 PM,11/26/2025,
289,46.5,gf,1.200,mm,OK,--,10:25:29 PM,11/26/2025,
290,46.6,gf,1.210,mm,OK,--,10:25:29 PM,11/26/2025,
291,46.4,gf,1.220,mm,OK,--,10:25:29 PM,11/26/2025,
292,46.3,gf,1.230,mm,OK,--,10:25:29 PM,11/26/2025,
293,45.9,gf,1.240,mm,OK,--,10:25:29 PM,11/26/2025,
294,45.9,gf,1.245,mm,OK,--,10:25:30 PM,11/26/2025,
295,45.7,gf,1.255,mm,OK,--,10:25:30 PM,11/26/2025,
296,45.8,gf,1.260,mm,OK,--,10:25:30 PM,11/26/2025,
297,45.7,gf,1.270,mm,OK,--,10:25:30 PM,11/26/2025,
298,45.6,gf,1.275,mm,OK,--,10:25:30 PM,11/26/2025,
299,45.7,gf,1.280,mm,OK,--,10:25:30 PM,11/26/2025,
300,45.6,gf,1.285,mm,OK,--,10:25:30 PM,11/26/2025,
301,45.7,gf,1.295,mm,OK,--,10:25:30 PM,11/26/2025,
302,45.4,gf,1.300,mm,OK,--,10:25:30 PM,11/26/2025,
303,45.4,gf,1.310,mm,OK,--,10:25:30 PM,11/26/2025,
304,45.1,gf,1.315,mm,OK,--,10:25:31 PM,11/26/2025,
305,44.9,gf,1.325,mm,OK,--,10:25:31 PM,11/26/2025,
306,44.8,gf,1.330,mm,OK,--,10:25:31 PM,11/26/2025,
307,44.7,gf,1.335,mm,OK,--,10:25:31 PM,11/26/2025,
308,44.8,gf,1.345,mm,OK,--,10:25:31 PM,11/26/2025,
309,44.8,gf,1.350,mm,OK,--,10:25:31 PM,11/26/2025,
310,44.7,gf,1.360,mm,OK,--,10:25:31 PM,11/26/2025,
311,44.6,gf,1.370,mm,OK,--,10:25:31 PM,11/26/2025,
312,44.3,gf,1.375,mm,OK,--,10:25:31 PM,11/26/2025,
313,44.0,gf,1.385,mm,OK,--,10:25:31 PM,11/26/2025,
314,43.6,gf,1.390,mm,OK,--,10:25:32 PM,11/26/2025,
315,43.6,gf,1.395,mm,OK,--,10:25:32 PM,11/26/2025,
316,43.4,gf,1.400,mm,OK,--,10:25:32 PM,11/26/2025,
317,43.2,gf,1.405,mm,OK,--,10:25:32 PM,11/26/2025,
318,42.5,gf,1.410,mm,OK,--,10:25:32 PM,11/26/2025,
319,42.4,gf,1.415,mm,OK,--,10:25:32 PM,11/26/2025,
320,42.4,gf,1.420,mm,OK,--,10:25:32 PM,11/26/2025,
321,42.9,gf,1.430,mm,OK,--,10:25:32 PM,11/26/2025,
322,42.8,gf,1.435,mm,OK,--,10:25:32 PM,11/26/2025,
323,43.2,gf,1.445,mm,OK,--,10:25:32 PM,11/26/2025,
324,42.6,gf,1.450,mm,OK,--,10:25:33 PM,11/26/2025,
325,42.5,gf,1.460,mm,OK,--,10:25:33 PM,11/26/2025,
326,42.2,gf,1.465,mm,OK,--,10:25:33 PM,11/26/2025,
327,42.2,gf,1.475,mm,OK,--,10:25:33 PM,11/26/2025,
328,42.1,gf,1.485,mm,OK,--,10:25:33 PM,11/26/2025,
329,41.7,gf,1.490,mm,OK,--,10:25:33 PM,11/26/2025,
330,41.6,gf,1.500,mm,OK,--,10:25:33 PM,11/26/2025,
331,41.5,gf,1.505,mm,OK,--,10:25:33 PM,11/26/2025,
332,41.3,gf,1.515,mm,OK,--,10:25:33 PM,11/26/2025,
333,41.0,gf,1.525,mm,OK,--,10:25:33 PM,11/26/2025,
334,40.8,gf,1.535,mm,OK,--,10:25:34 PM,11/26/2025,
335,40.7,gf,1.540,mm,OK,--,10:25:34 PM,11/26/2025,
336,40.8,gf,1.550,mm,OK,--,10:25:34 PM,11/26/2025,
337,40.5,gf,1.560,mm,OK,--,10:25:34 PM,11/26/2025,
338,40.4,gf,1.570,mm,OK,--,10:25:34 PM,11/26/2025,
339,39.7,gf,1.580,mm,OK,--,10:25:34 PM,11/26/2025,
340,39.7,gf,1.585,mm,OK,--,10:25:34 PM,11/26/2025,
341,39.5,gf,1.595,mm,OK,--,10:25:34 PM,11/26/2025,
342,39.0,gf,1.600,mm,OK,--,10:25:34 PM,11/26/2025,
343,38.7,gf,1.605,mm,OK,--,10:25:34 PM,11/26/2025,
344,38.8,gf,1.610,mm,OK,--,10:25:35 PM,11/26/2025,
345,38.6,gf,1.610,mm,OK,--,10:25:35 PM,11/26/2025,
346,38.6,gf,1.615,mm,OK,--,10:25:35 PM,11/26/2025,
347,38.5,gf,1.615,mm,OK,--,10:25:35 PM,11/26/2025,
348,38.4,gf,1.620,mm,OK,--,10:25:35 PM,11/26/2025,
349,38.4,gf,1.620,mm,OK,--,10:25:35 PM,11/26/2025,
350,38.3,gf,1.625,mm,OK,--,10:25:35 PM,11/26/2025,
351,38.1,gf,1.625,mm,OK,--,10:25:35 PM,11/26/2025,
352,38.1,gf,1.630,mm,OK,--,10:25:35 PM,11/26/2025,
353,38.1,gf,1.630,mm,OK,--,10:25:35 PM,11/26/2025,
354,38.1,gf,1.630,mm,OK,--,10:25:36 PM,11/26/2025,
355,38.1,gf,1.635,mm,OK,--,10:25:36 PM,11/26/2025,
356,38.2,gf,1.635,mm,OK,--,10:25:36 PM,11/26/2025,
357,38.6,gf,1.640,mm,OK,--,10:25:36 PM,11/26/2025,
358,38.6,gf,1.640,mm,OK,--,10:25:36 PM,11/26/2025,
359,38.3,gf,1.645,mm,OK,--,10:25:36 PM,11/26/2025,
360,38.3,gf,1.645,mm,OK,--,10:25:36 PM,11/26/2025,
361,38.2,gf,1.650,mm,OK,--,10:25:36 PM,11/26/2025,
362,38.4,gf,1.655,mm,OK,--,10:25:36 PM,11/26/2025,
363,38.4,gf,1.655,mm,OK,--,10:25:36 PM,11/26/2025,
364,38.3,gf,1.660,mm,OK,--,10:25:37 PM,11/26/2025,
365,38.2,gf,1.665,mm,OK,--,10:25:37 PM,11/26/2025,
366,38.2,gf,1.670,mm,OK,--,10:25:37 PM,11/26/2025,
367,38.1,gf,1.675,mm,OK,--,10:25:37 PM,11/26/2025,
368,38.2,gf,1.680,mm,OK,--,10:25:37 PM,11/26/2025,
369,38.0,gf,1.685,mm,OK,--,10:25:37 PM,11/26/2025,
370,38.0,gf,1.690,mm,OK,--,10:25:37 PM,11/26/2025,
371,38.0,gf,1.695,mm,OK,--,10:25:37 PM,11/26/2025,
372,38.0,gf,1.700,mm,OK,--,10:25:37 PM,11/26/2025,
373,38.2,gf,1.710,mm,OK,--,10:25:37 PM,11/26/2025,
374,38.1,gf,1.715,mm,OK,--,10:25:38 PM,11/26/2025,
375,38.1,gf,1.720,mm,OK,--,10:25:38 PM,11/26/2025,
376,37.8,gf,1.725,mm,OK,--,10:25:38 PM,11/26/2025,
377,37.8,gf,1.730,mm,OK,--,10:25:38 PM,11/26/2025,
378,37.8,gf,1.730,mm,OK,--,10:25:38 PM,11/26/2025,
379,37.6,gf,1.735,mm,OK,--,10:25:38 PM,11/26/2025,
380,37.6,gf,1.735,mm,OK,--,10:25:38 PM,11/26/2025,
381,37.8,gf,1.740,mm,OK,--,10:25:38 PM,11/26/2025,
382,37.8,gf,1.745,mm,OK,--,10:25:38 PM,11/26/2025,
383,37.8,gf,1.745,mm,OK,--,10:25:38 PM,11/26/2025,
384,38.0,gf,1.750,mm,OK,--,10:25:39 PM,11/26/2025,
385,38.0,gf,1.755,mm,OK,--,10:25:39 PM,11/26/2025,
386,37.8,gf,1.760,mm,OK,--,10:25:39 PM,11/26/2025,
387,37.9,gf,1.765,mm,OK,--,10:25:39 PM,11/26/2025,
388,37.9,gf,1.765,mm,OK,--,10:25:39 PM,11/26/2025,
389,38.0,gf,1.770,mm,OK,--,10:25:39 PM,11/26/2025,
390,38.0,gf,1.775,mm,OK,--,10:25:39 PM,11/26/2025,
391,38.1,gf,1.775,mm,OK,--,10:25:39 PM,11/26/2025,
392,38.3,gf,1.780,mm,OK,--,10:25:39 PM,11/26/2025,
393,38.4,gf,1.785,mm,OK,--,10:25:39 PM,11/26/2025,
394,38.5,gf,1.790,mm,OK,--,10:25:40 PM,11/26/2025,
395,38.4,gf,1.795,mm,OK,--,10:25:40 PM,11/26/2025,
396,38.4,gf,1.800,mm,OK,--,10:25:40 PM,11/26/2025,
397,38.5,gf,1.805,mm,OK,--,10:25:40 PM,11/26/2025,
398,38.2,gf,1.810,mm,OK,--,10:25:40 PM,11/26/2025,
399,38.4,gf,1.810,mm,OK,--,10:25:40 PM,11/26/2025,
400,38.4,gf,1.815,mm,OK,--,10:25:40 PM,11/26/2025,
401,38.5,gf,1.820,mm,OK,--,10:25:40 PM,11/26/2025,
402,38.6,gf,1.820,mm,OK,--,10:25:40 PM,11/26/2025,
403,38.5,gf,1.825,mm,OK,--,10:25:40 PM,11/26/2025,
404,38.6,gf,1.830,mm,OK,--,10:25:41 PM,11/26/2025,
405,38.5,gf,1.830,mm,OK,--,10:25:41 PM,11/26/2025,
406,38.6,gf,1.835,mm,OK,--,10:25:41 PM,11/26/2025,
407,38.6,gf,1.835,mm,OK,--,10:25:41 PM,11/26/2025,
408,38.8,gf,1.840,mm,OK,--,10:25:41 PM,11/26/2025,
409,38.7,gf,1.845,mm,OK,--,10:25:41 PM,11/26/2025,
410,38.7,gf,1.845,mm,OK,--,10:25:41 PM,11/26/2025,
411,38.7,gf,1.850,mm,OK,--,10:25:41 PM,11/26/2025,
412,38.7,gf,1.850,mm,OK,--,10:25:41 PM,11/26/2025,
413,38.6,gf,1.855,mm,OK,--,10:25:41 PM,11/26/2025,
414,38.7,gf,1.855,mm,OK,--,10:25:42 PM,11/26/2025,
415,38.9,gf,1.860,mm,OK,--,10:25:42 PM,11/26/2025,
416,38.8,gf,1.860,mm,OK,--,10:25:42 PM,11/26/2025,
417,38.8,gf,1.865,mm,OK,--,10:25:42 PM,11/26/2025,
418,38.8,gf,1.870,mm,OK,--,10:25:42 PM,11/26/2025,
419,39.3,gf,1.870,mm,OK,--,10:25:42 PM,11/26/2025,
420,39.4,gf,1.880,mm,OK,--,10:25:42 PM,11/26/2025,
421,39.4,gf,1.885,mm,OK,--,10:25:42 PM,11/26/2025,
422,39.4,gf,1.890,mm,OK,--,10:25:42 PM,11/26/2025,
423,39.3,gf,1.895,mm,OK,--,10:25:42 PM,11/26/2025,
424,39.3,gf,1.895,mm,OK,--,10:25:43 PM,11/26/2025,
425,39.3,gf,1.900,mm,OK,--,10:25:43 PM,11/26/2025,
426,39.4,gf,1.905,mm,OK,--,10:25:43 PM,11/26/2025,
427,39.4,gf,1.905,mm,OK,--,10:25:43 PM,11/26/2025,
428,39.5,gf,1.910,mm,OK,--,10:25:43 PM,11/26/2025,
429,39.5,gf,1.915,mm,OK,--,10:25:43 PM,11/26/2025,
430,39.7,gf,1.920,mm,OK,--,10:25:43 PM,11/26/2025,
431,39.8,gf,1.925,mm,OK,--,10:25:43 PM,11/26/2025,
432,39.8,gf,1.925,mm,OK,--,10:25:43 PM,11/26/2025,
433,40.1,gf,1.935,mm,OK,--,10:25:43 PM,11/26/2025,
434,40.4,gf,1.940,mm,OK,--,10:25:44 PM,11/26/2025,
435,40.3,gf,1.945,mm,OK,--,10:25:44 PM,11/26/2025,
436,40.3,gf,1.955,mm,OK,--,10:25:44 PM,11/26/2025,
437,40.1,gf,1.960,mm,OK,--,10:25:44 PM,11/26/2025,
438,40.1,gf,1.960,mm,OK,--,10:25:44 PM,11/26/2025,
439,40.2,gf,1.965,mm,OK,--,10:25:44 PM,11/26/2025,
440,40.4,gf,1.975,mm,OK,--,10:25:44 PM,11/26/2025,
441,40.4,gf,1.980,mm,OK,--,10:25:44 PM,11/26/2025,
442,40.3,gf,1.985,mm,OK,--,10:25:44 PM,11/26/2025,
443,40.2,gf,1.990,mm,OK,--,10:25:44 PM,11/26/2025,
444,40.2,gf,1.995,mm,OK,--,10:25:45 PM,11/26/2025,
445,40.2,gf,2.000,mm,OK,--,10:25:45 PM,11/26/2025,
446,40.5,gf,2.005,mm,OK,--,10:25:45 PM,11/26/2025,
447,40.7,gf,2.010,mm,OK,--,10:25:45 PM,11/26/2025,
448,40.7,gf,2.020,mm,OK,--,10:25:45 PM,11/26/2025,
449,40.8,gf,2.025,mm,OK,--,10:25:45 PM,11/26/2025,
450,40.7,gf,2.030,mm,OK,--,10:25:45 PM,11/26/2025,
451,40.7,gf,2.035,mm,OK,--,10:25:45 PM,11/26/2025,
452,40.7,gf,2.040,mm,OK,--,10:25:45 PM,11/26/2025,
453,40.9,gf,2.045,mm,OK,--,10:25:45 PM,11/26/2025,
454,41.1,gf,2.050,mm,OK,--,10:25:46 PM,11/26/2025,
455,41.2,gf,2.055,mm,OK,--,10:25:46 PM,11/26/2025,
456,41.1,gf,2.060,mm,OK,--,10:25:46 PM,11/26/2025,
457,41.1,gf,2.060,mm,OK,--,10:25:46 PM,11/26/2025,
458,41.0,gf,2.065,mm,OK,--,10:25:46 PM,11/26/2025,
459,41.0,gf,2.070,mm,OK,--,10:25:46 PM,11/26/2025,
460,41.1,gf,2.070,mm,OK,--,10:25:46 PM,11/26/2025,
461,41.2,gf,2.075,mm,OK,--,10:25:46 PM,11/26/2025,
462,41.3,gf,2.075,mm,OK,--,10:25:46 PM,11/26/2025,
463,41.1,gf,2.080,mm,OK,--,10:25:46 PM,11/26/2025,
464,40.9,gf,2.080,mm,OK,--,10:25:47 PM,11/26/2025,
465,41.0,gf,2.080,mm,OK,--,10:25:47 PM,11/26/2025,
466,41.0,gf,2.080,mm,OK,--,10:25:47 PM,11/26/2025,
467,41.1,gf,2.085,mm,OK,--,10:25:47 PM,11/26/2025,
468,41.1,gf,2.085,mm,OK,--,10:25:47 PM,11/26/2025,
469,41.2,gf,2.085,mm,OK,--,10:25:47 PM,11/26/2025,
470,40.9,gf,2.090,mm,OK,--,10:25:47 PM,11/26/2025,
471,40.8,gf,2.090,mm,OK,--,10:25:47 PM,11/26/2025,
472,41.3,gf,2.090,mm,OK,--,10:25:47 PM,11/26/2025,
473,41.4,gf,2.090,mm,OK,--,10:25:47 PM,11/26/2025,
474,41.5,gf,2.095,mm,OK,--,10:25:48 PM,11/26/2025,
475,41.5,gf,2.095,mm,OK,--,10:25:48 PM,11/26/2025,
476,41.5,gf,2.100,mm,OK,--,10:25:48 PM,11/26/2025,
477,41.6,gf,2.100,mm,OK,--,10:25:48 PM,11/26/2025,
478,41.7,gf,2.105,mm,OK,--,10:25:48 PM,11/26/2025,
479,42.0,gf,2.110,mm,OK,--,10:25:48 PM,11/26/2025,
480,41.9,gf,2.115,mm,OK,--,10:25:48 PM,11/26/2025,
481,41.8,gf,2.120,mm,OK,--,10:25:48 PM,11/26/2025,
482,41.6,gf,2.125,mm,OK,--,10:25:48 PM,11/26/2025,
483,41.6,gf,2.125,mm,OK,--,10:25:48 PM,11/26/2025,
484,41.6,gf,2.130,mm,OK,--,10:25:49 PM,11/26/2025,
485,41.8,gf,2.130,mm,OK,--,10:25:49 PM,11/26/2025,
486,41.9,gf,2.135,mm,OK,--,10:25:49 PM,11/26/2025,
487,42.0,gf,2.140,mm,OK,--,10:25:49 PM,11/26/2025,
488,41.9,gf,2.140,mm,OK,--,10:25:49 PM,11/26/2025,
489,41.9,gf,2.145,mm,OK,--,10:25:49 PM,11/26/2025,
490,41.8,gf,2.145,mm,OK,--,10:25:49 PM,11/26/2025,
491,41.9,gf,2.150,mm,OK,--,10:25:49 PM,11/26/2025,
492,42.0,gf,2.150,mm,OK,--,10:25:49 PM,11/26/2025,
493,42.0,gf,2.155,mm,OK,--,10:25:49 PM,11/26/2025,
494,42.2,gf,2.155,mm,OK,--,10:25:50 PM,11/26/2025,
495,42.3,gf,2.160,mm,OK,--,10:25:50 PM,11/26/2025,
496,42.4,gf,2.165,mm,OK,--,10:25:50 PM,11/26/2025,
497,42.4,gf,2.170,mm,OK,--,10:25:50 PM,11/26/2025,
498,42.8,gf,2.180,mm,OK,--,10:25:50 PM,11/26/2025,
499,42.9,gf,2.195,mm,OK,--,10:25:50 PM,11/26/2025,
500,43.0,gf,2.205,mm,OK,--,10:25:50 PM,11/26/2025,
501,43.2,gf,2.220,mm,OK,--,10:25:50 PM,11/26/2025,
502,43.1,gf,2.235,mm,OK,--,10:25:50 PM,11/26/2025,
503,43.2,gf,2.250,mm,OK,--,10:25:50 PM,11/26/2025,
504,43.4,gf,2.260,mm,OK,--,10:25:51 PM,11/26/2025,
505,43.5,gf,2.270,mm,OK,--,10:25:51 PM,11/26/2025,
506,43.7,gf,2.280,mm,OK,--,10:25:51 PM,11/26/2025,
507,43.8,gf,2.290,mm,OK,--,10:25:51 PM,11/26/2025,
508,43.8,gf,2.300,mm,OK,--,10:25:51 PM,11/26/2025,
509,43.8,gf,2.310,mm,OK,--,10:25:51 PM,11/26/2025,
510,44.2,gf,2.315,mm,OK,--,10:25:51 PM,11/26/2025,
511,44.8,gf,2.325,mm,OK,--,10:25:51 PM,11/26/2025,
512,45.3,gf,2.335,mm,OK,--,10:25:51 PM,11/26/2025,
513,45.7,gf,2.345,mm,OK,--,10:25:51 PM,11/26/2025,
514,46.2,gf,2.355,mm,OK,--,10:25:52 PM,11/26/2025,
515,46.6,gf,2.365,mm,OK,--,10:25:52 PM,11/26/2025,
516,46.9,gf,2.375,mm,OK,--,10:25:52 PM,11/26/2025,
517,47.2,gf,2.380,mm,OK,--,10:25:52 PM,11/26/2025,
518,47.4,gf,2.385,mm,OK,--,10:25:52 PM,11/26/2025,
519,47.6,gf,2.390,mm,OK,--,10:25:52 PM,11/26/2025,
520,47.7,gf,2.395,mm,OK,--,10:25:52 PM,11/26/2025,
521,47.9,gf,2.400,mm,OK,--,10:25:52 PM,11/26/2025,
522,48.1,gf,2.400,mm,OK,--,10:25:52 PM,11/26/2025,
523,48.1,gf,2.405,mm,OK,--,10:25:52 PM,11/26/2025,
524,48.2,gf,2.410,mm,OK,--,10:25:53 PM,11/26/2025,
525,48.3,gf,2.410,mm,OK,--,10:25:53 PM,11/26/2025,
526,48.3,gf,2.415,mm,OK,--,10:25:53 PM,11/26/2025,
527,48.4,gf,2.415,mm,OK,--,10:25:53 PM,11/26/2025,
528,48.4,gf,2.420,mm,OK,--,10:25:53 PM,11/26/2025,
529,48.5,gf,2.420,mm,OK,--,10:25:53 PM,11/26/2025,
530,48.6,gf,2.425,mm,OK,--,10:25:53 PM,11/26/2025,
531,48.8,gf,2.425,mm,OK,--,10:25:53 PM,11/26/2025,
532,48.8,gf,2.430,mm,OK,--,10:25:53 PM,11/26/2025,
533,48.7,gf,2.435,mm,OK,--,10:25:53 PM,11/26/2025,
534,48.6,gf,2.435,mm,OK,--,10:25:54 PM,11/26/2025,
535,48.5,gf,2.440,mm,OK,--,10:25:54 PM,11/26/2025,
536,48.6,gf,2.445,mm,OK,--,10:25:54 PM,11/26/2025,
537,48.7,gf,2.455,mm,OK,--,10:25:54 PM,11/26/2025,
538,48.7,gf,2.460,mm,OK,--,10:25:54 PM,11/26/2025,
539,48.7,gf,2.470,mm,OK,--,10:25:54 PM,11/26/2025,
540,48.8,gf,2.475,mm,OK,--,10:25:54 PM,11/26/2025,
541,48.8,gf,2.485,mm,OK,--,10:25:54 PM,11/26/2025,
542,48.8,gf,2.490,mm,OK,--,10:25:54 PM,11/26/2025,
543,48.8,gf,2.490,mm,OK,--,10:25:54 PM,11/26/2025,
544,48.8,gf,2.495,mm,OK,--,10:25:55 PM,11/26/2025,
545,48.9,gf,2.500,mm,OK,--,10:25:55 PM,11/26/2025,
546,48.9,gf,2.500,mm,OK,--,10:25:55 PM,11/26/2025,
547,48.9,gf,2.505,mm,OK,--,10:25:55 PM,11/26/2025,
548,48.9,gf,2.510,mm,OK,--,10:25:55 PM,11/26/2025,
549,48.9,gf,2.510,mm,OK,--,10:25:55 PM,11/26/2025,
550,48.9,gf,2.515,mm,OK,--,10:25:55 PM,11/26/2025,
551,48.9,gf,2.520,mm,OK,--,10:25:55 PM,11/26/2025,
552,49.0,gf,2.520,mm,OK,--,10:25:55 PM,11/26/2025,
553,49.0,gf,2.525,mm,OK,--,10:25:55 PM,11/26/2025,
554,49.1,gf,2.530,mm,OK,--,10:25:56 PM,11/26/2025,
555,49.2,gf,2.535,mm,OK,--,10:25:56 PM,11/26/2025,
556,49.4,gf,2.540,mm,OK,--,10:25:56 PM,11/26/2025,
557,49.6,gf,2.545,mm,OK,--,10:25:56 PM,11/26/2025,
558,49.7,gf,2.550,mm,OK,--,10:25:56 PM,11/26/2025,
559,49.9,gf,2.555,mm,OK,--,10:25:56 PM,11/26/2025,
560,50.1,gf,2.555,mm,OK,--,10:25:56 PM,11/26/2025,
561,50.2,gf,2.560,mm,OK,--,10:25:56 PM,11/26/2025,
562,50.3,gf,2.565,mm,OK,--,10:25:56 PM,11/26/2025,
563,50.4,gf,2.565,mm,OK,--,10:25:56 PM,11/26/2025,
564,50.5,gf,2.570,mm,OK,--,10:25:57 PM,11/26/2025,
565,50.5,gf,2.570,mm,OK,--,10:25:57 PM,11/26/2025,
566,50.6,gf,2.575,mm,OK,--,10:25:57 PM,11/26/2025,
567,50.7,gf,2.580,mm,OK,--,10:25:57 PM,11/26/2025,
568,50.9,gf,2.580,mm,OK,--,10:25:57 PM,11/26/2025,
569,51.0,gf,2.585,mm,OK,--,10:25:57 PM,11/26/2025,
570,51.1,gf,2.585,mm,OK,--,10:25:57 PM,11/26/2025,
571,51.3,gf,2.590,mm,OK,--,10:25:57 PM,11/26/2025,
572,51.5,gf,2.590,mm,OK,--,10:25:57 PM,11/26/2025,
573,51.3,gf,2.595,mm,OK,--,10:25:57 PM,11/26/2025,
574,51.3,gf,2.600,mm,OK,--,10:25:58 PM,11/26/2025,
575,51.4,gf,2.605,mm,OK,--,10:25:58 PM,11/26/2025,
576,51.4,gf,2.610,mm,OK,--,10:25:58 PM,11/26/2025,
577,51.3,gf,2.615,mm,OK,--,10:25:58 PM,11/26/2025,
578,51.3,gf,2.620,mm,OK,--,10:25:58 PM,11/26/2025,
579,51.3,gf,2.625,mm,OK,--,10:25:58 PM,11/26/2025,
580,51.4,gf,2.630,mm,OK,--,10:25:58 PM,11/26/2025,
581,51.4,gf,2.635,mm,OK,--,10:25:58 PM,11/26/2025,
582,51.4,gf,2.645,mm,OK,--,10:25:58 PM,11/26/2025,
583,51.4,gf,2.650,mm,OK,--,10:25:58 PM,11/26/2025,
584,51.5,gf,2.655,mm,OK,--,10:25:59 PM,11/26/2025,
585,51.5,gf,2.660,mm,OK,--,10:25:59 PM,11/26/2025,
586,51.5,gf,2.670,mm,OK,--,10:25:59 PM,11/26/2025,
587,51.5,gf,2.675,mm,OK,--,10:25:59 PM,11/26/2025,
588,51.6,gf,2.685,mm,OK,--,10:25:59 PM,11/26/2025,
589,51.6,gf,2.690,mm,OK,--,10:25:59 PM,11/26/2025,
590,51.6,gf,2.700,mm,OK,--,10:25:59 PM,11/26/2025,
591,51.6,gf,2.705,mm,OK,--,10:25:59 PM,11/26/2025,
592,51.7,gf,2.715,mm,OK,--,10:25:59 PM,11/26/2025,
593,51.7,gf,2.720,mm,OK,--,10:25:59 PM,11/26/2025,
594,51.7,gf,2.725,mm,OK,--,10:26:00 PM,11/26/2025,
595,51.7,gf,2.730,mm,OK,--,10:26:00 PM,11/26/2025,
596,51.7,gf,2.735,mm,OK,--,10:26:00 PM,11/26/2025,
597,51.8,gf,2.740,mm,OK,--,10:26:00 PM,11/26/2025,
598,51.8,gf,2.745,mm,OK,--,10:26:00 PM,11/26/2025,
599,51.8,gf,2.750,mm,OK,--,10:26:00 PM,11/26/2025,
600,51.8,gf,2.755,mm,OK,--,10:26:00 PM,11/26/2025,
601,51.8,gf,2.755,mm,OK,--,10:26:00 PM,11/26/2025,
602,51.9,gf,2.760,mm,OK,--,10:26:00 PM,11/26/2025,
603,51.9,gf,2.765,mm,OK,--,10:26:00 PM,11/26/2025,
604,51.9,gf,2.770,mm,OK,--,10:26:01 PM,11/26/2025,
605,51.9,gf,2.775,mm,OK,--,10:26:01 PM,11/26/2025,
606,51.9,gf,2.780,mm,OK,--,10:26:01 PM,11/26/2025,
607,51.9,gf,2.785,mm,OK,--,10:26:01 PM,11/26/2025,
608,52.0,gf,2.790,mm,OK,--,10:26:01 PM,11/26/2025,
609,52.0,gf,2.790,mm,OK,--,10:26:01 PM,11/26/2025,
610,52.0,gf,2.795,mm,OK,--,10:26:01 PM,11/26/2025,
611,52.0,gf,2.800,mm,OK,--,10:26:01 PM,11/26/2025,
612,52.0,gf,2.800,mm,OK,--,10:26:01 PM,11/26/2025,
613,52.0,gf,2.805,mm,OK,--,10:26:01 PM,11/26/2025,
614,52.1,gf,2.810,mm,OK,--,10:26:02 PM,11/26/2025,
615,52.1,gf,2.810,mm,OK,--,10:26:02 PM,11/26/2025,
616,52.1,gf,2.815,mm,OK,--,10:26:02 PM,11/26/2025,
617,52.1,gf,2.815,mm,OK,--,10:26:02 PM,11/26/2025,
618,52.1,gf,2.820,mm,OK,--,10:26:02 PM,11/26/2025,
619,52.1,gf,2.820,mm,OK,--,10:26:02 PM,11/26/2025,
620,52.2,gf,2.825,mm,OK,--,10:26:02 PM,11/26/2025,
621,52.2,gf,2.825,mm,OK,--,10:26:02 PM,11/26/2025,
622,52.3,gf,2.830,mm,OK,--,10:26:02 PM,11/26/2025,
623,52.2,gf,2.835,mm,OK,--,10:26:02 PM,11/26/2025,
624,52.3,gf,2.840,mm,OK,--,10:26:03 PM,11/26/2025,
625,52.3,gf,2.845,mm,OK,--,10:26:03 PM,11/26/2025,
626,52.3,gf,2.850,mm,OK,--,10:26:03 PM,11/26/2025,
627,52.4,gf,2.855,mm,OK,--,10:26:03 PM,11/26/2025,
628,52.5,gf,2.865,mm,OK,--,10:26:03 PM,11/26/2025,
629,52.4,gf,2.875,mm,OK,--,10:26:03 PM,11/26/2025,
630,52.5,gf,2.880,mm,OK,--,10:26:03 PM,11/26/2025,
631,52.5,gf,2.885,mm,OK,--,10:26:03 PM,11/26/2025,
632,52.5,gf,2.890,mm,OK,--,10:26:03 PM,11/26/2025,
633,52.5,gf,2.890,mm,OK,--,10:26:03 PM,11/26/2025,
634,52.5,gf,2.895,mm,OK,--,10:26:04 PM,11/26/2025,
635,52.6,gf,2.895,mm,OK,--,10:26:04 PM,11/26/2025,
636,52.6,gf,2.900,mm,OK,--,10:26:04 PM,11/26/2025,
637,52.6,gf,2.905,mm,OK,--,10:26:04 PM,11/26/2025,
638,52.6,gf,2.905,mm,OK,--,10:26:04 PM,11/26/2025,
639,52.6,gf,2.910,mm,OK,--,10:26:04 PM,11/26/2025,
640,52.7,gf,2.915,mm,OK,--,10:26:04 PM,11/26/2025,
641,52.7,gf,2.920,mm,OK,--,10:26:04 PM,11/26/2025,
642,52.7,gf,2.920,mm,OK,--,10:26:04 PM,11/26/2025,
643,52.7,gf,2.925,mm,OK,--,10:26:04 PM,11/26/2025,
644,52.7,gf,2.930,mm,OK,--,10:26:05 PM,11/26/2025,
645,52.7,gf,2.930,mm,OK,--,10:26:05 PM,11/26/2025,
646,52.7,gf,2.935,mm,OK,--,10:26:05 PM,11/26/2025,
647,52.8,gf,2.935,mm,OK,--,10:26:05 PM,11/26/2025,
648,52.8,gf,2.940,mm,OK,--,10:26:05 PM,11/26/2025,
649,52.8,gf,2.945,mm,OK,--,10:26:05 PM,11/26/2025,
650,52.8,gf,2.950,mm,OK,--,10:26:05 PM,11/26/2025,
651,52.8,gf,2.955,mm,OK,--,10:26:05 PM,11/26/2025,
652,52.9,gf,2.955,mm,OK,--,10:26:05 PM,11/26/2025,
653,52.9,gf,2.960,mm,OK,--,10:26:05 PM,11/26/2025,
654,52.9,gf,2.965,mm,OK,--,10:26:06 PM,11/26/2025,
655,52.9,gf,2.970,mm,OK,--,10:26:06 PM,11/26/2025,
656,52.9,gf,2.970,mm,OK,--,10:26:06 PM,11/26/2025,
657,52.9,gf,2.975,mm,OK,--,10:26:06 PM,11/26/2025,
658,53.0,gf,2.980,mm,OK,--,10:26:06 PM,11/26/2025,
659,53.0,gf,2.990,mm,OK,--,10:26:06 PM,11/26/2025,
660,53.0,gf,2.995,mm,OK,--,10:26:06 PM,11/26/2025,
661,53.1,gf,3.000,mm,OK,--,10:26:06 PM,11/26/2025,
662,53.1,gf,3.005,mm,OK,--,10:26:06 PM,11/26/2025,
663,53.2,gf,3.015,mm,OK,--,10:26:06 PM,11/26/2025,
664,53.2,gf,3.025,mm,OK,--,10:26:07 PM,11/26/2025,
665,53.3,gf,3.030,mm,OK,--,10:26:07 PM,11/26/2025,
666,53.2,gf,3.040,mm,OK,--,10:26:07 PM,11/26/2025,
667,53.2,gf,3.045,mm,OK,--,10:26:07 PM,11/26/2025,
668,53.3,gf,3.050,mm,OK,--,10:26:07 PM,11/26/2025,
669,53.3,gf,3.055,mm,OK,--,10:26:07 PM,11/26/2025,
670,53.4,gf,3.060,mm,OK,--,10:26:07 PM,11/26/2025,
671,53.4,gf,3.065,mm,OK,--,10:26:07 PM,11/26/2025,
672,53.4,gf,3.075,mm,OK,--,10:26:07 PM,11/26/2025,
673,53.4,gf,3.075,mm,OK,--,10:26:07 PM,11/26/2025,
674,53.4,gf,3.080,mm,OK,--,10:26:08 PM,11/26/2025,
675,53.4,gf,3.085,mm,OK,--,10:26:08 PM,11/26/2025,
676,53.5,gf,3.090,mm,OK,--,10:26:08 PM,11/26/2025,
677,53.5,gf,3.095,mm,OK,--,10:26:08 PM,11/26/2025,
678,53.6,gf,3.105,mm,OK,--,10:26:08 PM,11/26/2025,
679,53.6,gf,3.110,mm,OK,--,10:26:08 PM,11/26/2025,
680,53.7,gf,3.115,mm,OK,--,10:26:08 PM,11/26/2025,
681,53.7,gf,3.115,mm,OK,--,10:26:08 PM,11/26/2025,
682,53.7,gf,3.120,mm,OK,--,10:26:08 PM,11/26/2025,
683,53.7,gf,3.125,mm,OK,--,10:26:08 PM,11/26/2025,
684,53.7,gf,3.125,mm,OK,--,10:26:09 PM,11/26/2025,
685,53.7,gf,3.130,mm,OK,--,10:26:09 PM,11/26/2025,
686,53.7,gf,3.130,mm,OK,--,10:26:09 PM,11/26/2025,
687,53.8,gf,3.135,mm,OK,--,10:26:09 PM,11/26/2025,
688,53.8,gf,3.135,mm,OK,--,10:26:09 PM,11/26/2025,
689,53.8,gf,3.140,mm,OK,--,10:26:09 PM,11/26/2025,
690,53.8,gf,3.145,mm,OK,--,10:26:09 PM,11/26/2025,
691,53.8,gf,3.145,mm,OK,--,10:26:09 PM,11/26/2025,
692,53.8,gf,3.150,mm,OK,--,10:26:09 PM,11/26/2025,
693,53.8,gf,3.150,mm,OK,--,10:26:09 PM,11/26/2025,
694,53.8,gf,3.155,mm,OK,--,10:26:10 PM,11/26/2025,
695,53.9,gf,3.160,mm,OK,--,10:26:10 PM,11/26/2025,
696,53.9,gf,3.160,mm,OK,--,10:26:10 PM,11/26/2025,
697,54.0,gf,3.165,mm,OK,--,10:26:10 PM,11/26/2025,
698,54.0,gf,3.175,mm,OK,--,10:26:10 PM,11/26/2025,
699,54.1,gf,3.180,mm,OK,--,10:26:10 PM,11/26/2025,
700,54.1,gf,3.185,mm,OK,--,10:26:10 PM,11/26/2025,
701,54.0,gf,3.190,mm,OK,--,10:26:10 PM,11/26/2025,
702,54.0,gf,3.195,mm,OK,--,10:26:10 PM,11/26/2025,
703,54.1,gf,3.195,mm,OK,--,10:26:10 PM,11/26/2025,
704,54.1,gf,3.200,mm,OK,--,10:26:11 PM,11/26/2025,
705,54.1,gf,3.205,mm,OK,--,10:26:11 PM,11/26/2025,
706,54.1,gf,3.205,mm,OK,--,10:26:11 PM,11/26/2025,
707,54.1,gf,3.210,mm,OK,--,10:26:11 PM,11/26/2025,
708,54.1,gf,3.210,mm,OK,--,10:26:11 PM,11/26/2025,
709,54.1,gf,3.215,mm,OK,--,10:26:11 PM,11/26/2025,
710,54.1,gf,3.220,mm,OK,--,10:26:11 PM,11/26/2025,
711,54.2,gf,3.220,mm,OK,--,10:26:11 PM,11/26/2025,
712,54.2,gf,3.225,mm,OK,--,10:26:11 PM,11/26/2025,
713,54.2,gf,3.225,mm,OK,--,10:26:11 PM,11/26/2025,
714,54.2,gf,3.230,mm,OK,--,10:26:12 PM,11/26/2025,
715,54.2,gf,3.235,mm,OK,--,10:26:12 PM,11/26/2025,
716,54.2,gf,3.240,mm,OK,--,10:26:12 PM,11/26/2025,
717,54.2,gf,3.245,mm,OK,--,10:26:12 PM,11/26/2025,
718,54.3,gf,3.250,mm,OK,--,10:26:12 PM,11/26/2025,
719,54.3,gf,3.255,mm,OK,--,10:26:12 PM,11/26/2025,
720,54.3,gf,3.255,mm,OK,--,10:26:12 PM,11/26/2025,
721,54.3,gf,3.260,mm,OK,--,10:26:12 PM,11/26/2025,
722,54.3,gf,3.265,mm,OK,--,10:26:12 PM,11/26/2025,
723,54.3,gf,3.265,mm,OK,--,10:26:12 PM,11/26/2025,
724,54.3,gf,3.270,mm,OK,--,10:26:13 PM,11/26/2025,
725,54.3,gf,3.270,mm,OK,--,10:26:13 PM,11/26/2025,
726,54.3,gf,3.275,mm,OK,--,10:26:13 PM,11/26/2025,
727,54.4,gf,3.275,mm,OK,--,10:26:13 PM,11/26/2025,
728,54.4,gf,3.280,mm,OK,--,10:26:13 PM,11/26/2025,
729,54.4,gf,3.280,mm,OK,--,10:26:13 PM,11/26/2025,
730,54.4,gf,3.280,mm,OK,--,10:26:13 PM,11/26/2025,
731,54.4,gf,3.285,mm,OK,--,10:26:13 PM,11/26/2025,
732,54.4,gf,3.285,mm,OK,--,10:26:13 PM,11/26/2025,
733,54.5,gf,3.290,mm,OK,--,10:26:13 PM,11/26/2025,
734,54.5,gf,3.290,mm,OK,--,10:26:14 PM,11/26/2025,
735,54.5,gf,3.295,mm,OK,--,10:26:14 PM,11/26/2025,
736,54.5,gf,3.295,mm,OK,--,10:26:14 PM,11/26/2025,
737,54.5,gf,3.300,mm,OK,--,10:26:14 PM,11/26/2025,
738,54.5,gf,3.300,mm,OK,--,10:26:14 PM,11/26/2025,
739,54.5,gf,3.305,mm,OK,--,10:26:14 PM,11/26/2025,
740,54.5,gf,3.305,mm,OK,--,10:26:14 PM,11/26/2025,
741,54.5,gf,3.310,mm,OK,--,10:26:14 PM,11/26/2025,
742,54.5,gf,3.310,mm,OK,--,10:26:14 PM,11/26/2025,
743,54.5,gf,3.315,mm,OK,--,10:26:14 PM,11/26/2025,
744,54.5,gf,3.315,mm,OK,--,10:26:15 PM,11/26/2025,
745,54.6,gf,3.315,mm,OK,--,10:26:15 PM,11/26/2025,
746,54.7,gf,3.320,mm,OK,--,10:26:15 PM,11/26/2025,
747,54.8,gf,3.325,mm,OK,--,10:26:15 PM,11/26/2025,
748,54.8,gf,3.330,mm,OK,--,10:26:15 PM,11/26/2025,
749,54.8,gf,3.330,mm,OK,--,10:26:15 PM,11/26/2025,
750,54.7,gf,3.335,mm,OK,--,10:26:15 PM,11/26/2025,
751,54.8,gf,3.335,mm,OK,--,10:26:15 PM,11/26/2025,
752,54.7,gf,3.340,mm,OK,--,10:26:15 PM,11/26/2025,
753,54.8,gf,3.340,mm,OK,--,10:26:15 PM,11/26/2025,
754,54.8,gf,3.345,mm,OK,--,10:26:16 PM,11/26/2025,
755,54.8,gf,3.350,mm,OK,--,10:26:16 PM,11/26/2025,
756,54.8,gf,3.350,mm,OK,--,10:26:16 PM,11/26/2025,
757,54.8,gf,3.355,mm,OK,--,10:26:16 PM,11/26/2025,
758,54.8,gf,3.360,mm,OK,--,10:26:16 PM,11/26/2025,
759,54.8,gf,3.365,mm,OK,--,10:26:16 PM,11/26/2025,
760,54.8,gf,3.365,mm,OK,--,10:26:16 PM,11/26/2025,
761,54.9,gf,3.370,mm,OK,--,10:26:16 PM,11/26/2025,
762,54.9,gf,3.375,mm,OK,--,10:26:16 PM,11/26/2025,
763,54.9,gf,3.380,mm,OK,--,10:26:16 PM,11/26/2025,
764,54.9,gf,3.385,mm,OK,--,10:26:17 PM,11/26/2025,
765,54.9,gf,3.385,mm,OK,--,10:26:17 PM,11/26/2025,
766,55.0,gf,3.390,mm,OK,--,10:26:17 PM,11/26/2025,
767,54.9,gf,3.390,mm,OK,--,10:26:17 PM,11/26/2025,
768,54.9,gf,3.395,mm,OK,--,10:26:17 PM,11/26/2025,
769,54.9,gf,3.395,mm,OK,--,10:26:17 PM,11/26/2025,
770,54.9,gf,3.395,mm,OK,--,10:26:17 PM,11/26/2025,
771,54.9,gf,3.400,mm,OK,--,10:26:17 PM,11/26/2025,
772,55.0,gf,3.400,mm,OK,--,10:26:17 PM,11/26/2025,
773,55.0,gf,3.405,mm,OK,--,10:26:17 PM,11/26/2025,
774,55.0,gf,3.410,mm,OK,--,10:26:18 PM,11/26/2025,
775,55.0,gf,3.415,mm,OK,--,10:26:18 PM,11/26/2025,
776,55.0,gf,3.415,mm,OK,--,10:26:18 PM,11/26/2025,
777,55.0,gf,3.420,mm,OK,--,10:26:18 PM,11/26/2025,
778,55.1,gf,3.420,mm,OK,--,10:26:18 PM,11/26/2025,
779,55.1,gf,3.425,mm,OK,--,10:26:18 PM,11/26/2025,
780,55.1,gf,3.430,mm,OK,--,10:26:18 PM,11/26/2025,
781,55.1,gf,3.430,mm,OK,--,10:26:18 PM,11/26/2025,
782,55.2,gf,3.435,mm,OK,--,10:26:18 PM,11/26/2025,
783,55.2,gf,3.435,mm,OK,--,10:26:18 PM,11/26/2025,
784,55.2,gf,3.435,mm,OK,--,10:26:19 PM,11/26/2025,
785,55.2,gf,3.435,mm,OK,--,10:26:19 PM,11/26/2025,
786,55.2,gf,3.440,mm,OK,--,10:26:19 PM,11/26/2025,
787,55.2,gf,3.440,mm,OK,--,10:26:19 PM,11/26/2025,
788,55.2,gf,3.440,mm,OK,--,10:26:19 PM,11/26/2025,
789,55.2,gf,3.440,mm,OK,--,10:26:19 PM,11/26/2025,
790,55.2,gf,3.440,mm,OK,--,10:26:19 PM,11/26/2025,
791,55.2,gf,3.445,mm,OK,--,10:26:19 PM,11/26/2025,
792,55.2,gf,3.445,mm,OK,--,10:26:19 PM,11/26/2025,
793,55.2,gf,3.445,mm,OK,--,10:26:19 PM,11/26/2025,
794,55.2,gf,3.445,mm,OK,--,10:26:20 PM,11/26/2025,
795,55.2,gf,3.445,mm,OK,--,10:26:20 PM,11/26/2025,
796,55.2,gf,3.450,mm,OK,--,10:26:20 PM,11/26/2025,
797,55.2,gf,3.450,mm,OK,--,10:26:20 PM,11/26/2025,
798,55.2,gf,3.450,mm,OK,--,10:26:20 PM,11/26/2025,
799,55.2,gf,3.450,mm,OK,--,10:26:20 PM,11/26/2025,
800,55.2,gf,3.450,mm,OK,--,10:26:20 PM,11/26/2025,
801,55.3,gf,3.455,mm,OK,--,10:26:20 PM,11/26/2025,
802,55.3,gf,3.455,mm,OK,--,10:26:20 PM,11/26/2025,
803,55.3,gf,3.455,mm,OK,--,10:26:20 PM,11/26/2025,
804,55.3,gf,3.460,mm,OK,--,10:26:21 PM,11/26/2025,
805,55.3,gf,3.465,mm,OK,--,10:26:21 PM,11/26/2025,
806,55.3,gf,3.470,mm,OK,--,10:26:21 PM,11/26/2025,
807,55.4,gf,3.475,mm,OK,--,10:26:21 PM,11/26/2025,
808,55.5,gf,3.485,mm,OK,--,10:26:21 PM,11/26/2025,
809,55.5,gf,3.485,mm,OK,--,10:26:21 PM,11/26/2025,
810,55.6,gf,3.490,mm,OK,--,10:26:21 PM,11/26/2025,
811,55.7,gf,3.500,mm,OK,--,10:26:21 PM,11/26/2025,
812,55.6,gf,3.510,mm,OK,--,10:26:21 PM,11/26/2025,
813,55.6,gf,3.515,mm,OK,--,10:26:21 PM,11/26/2025,
814,55.7,gf,3.525,mm,OK,--,10:26:22 PM,11/26/2025,
815,55.7,gf,3.530,mm,OK,--,10:26:22 PM,11/26/2025,
816,55.7,gf,3.540,mm,OK,--,10:26:22 PM,11/26/2025,
817,55.7,gf,3.545,mm,OK,--,10:26:22 PM,11/26/2025,
818,55.7,gf,3.550,mm,OK,--,10:26:22 PM,11/26/2025,
819,55.8,gf,3.555,mm,OK,--,10:26:22 PM,11/26/2025,
820,55.8,gf,3.560,mm,OK,--,10:26:22 PM,11/26/2025,
821,55.9,gf,3.565,mm,OK,--,10:26:22 PM,11/26/2025,
822,59.9,gf,3.575,mm,OK,--,10:26:22 PM,11/26/2025,
823,68.1,gf,3.585,mm,OK,--,10:26:22 PM,11/26/2025,
824,73.6,gf,3.590,mm,OK,--,10:26:23 PM,11/26/2025,
825,78.2,gf,3.595,mm,OK,--,10:26:23 PM,11/26/2025,
826,83.1,gf,3.600,mm,OK,--,10:26:23 PM,11/26/2025,
827,87.6,gf,3.605,mm,OK,--,10:26:23 PM,11/26/2025,
828,93.9,gf,3.610,mm,OK,--,10:26:23 PM,11/26/2025,
829,100.9,gf,3.620,mm,OK,--,10:26:23 PM,11/26/2025,
830,107.7,gf,3.625,mm,OK,--,10:26:23 PM,11/26/2025,
831,111.5,gf,3.630,mm,OK,--,10:26:23 PM,11/26/2025,
832,116.4,gf,3.635,mm,OK,--,10:26:23 PM,11/26/2025,
833,122.4,gf,3.640,mm,OK,--,10:26:23 PM,11/26/2025,
834,126.9,gf,3.645,mm,OK,--,10:26:24 PM,11/26/2025,
835,129.5,gf,3.645,mm,OK,--,10:26:24 PM,11/26/2025,
836,131.8,gf,3.650,mm,OK,--,10:26:24 PM,11/26/2025,
837,134.4,gf,3.655,mm,OK,--,10:26:24 PM,11/26/2025,
838,136.8,gf,3.655,mm,OK,--,10:26:24 PM,11/26/2025,
839,138.7,gf,3.655,mm,OK,--,10:26:24 PM,11/26/2025,
840,140.3,gf,3.660,mm,OK,--,10:26:24 PM,11/26/2025,
841,141.7,gf,3.660,mm,OK,--,10:26:24 PM,11/26/2025,
842,142.8,gf,3.660,mm,OK,--,10:26:24 PM,11/26/2025,
843,143.4,gf,3.660,mm,OK,--,10:26:24 PM,11/26/2025,
844,144.2,gf,3.665,mm,OK,--,10:26:25 PM,11/26/2025,
845,145.2,gf,3.665,mm,OK,--,10:26:25 PM,11/26/2025,
846,146.0,gf,3.665,mm,OK,--,10:26:25 PM,11/26/2025,
847,146.7,gf,3.665,mm,OK,--,10:26:25 PM,11/26/2025,
848,147.5,gf,3.665,mm,OK,--,10:26:25 PM,11/26/2025,
849,148.2,gf,3.665,mm,OK,--,10:26:25 PM,11/26/2025,
850,148.7,gf,3.670,mm,OK,--,10:26:25 PM,11/26/2025,
851,149.2,gf,3.670,mm,OK,--,10:26:25 PM,11/26/2025,
852,149.7,gf,3.670,mm,OK,--,10:26:25 PM,11/26/2025,
853,150.3,gf,3.670,mm,OK,--,10:26:25 PM,11/26/2025,
854,151.0,gf,3.670,mm,OK,--,10:26:26 PM,11/26/2025,
855,151.6,gf,3.670,mm,OK,--,10:26:26 PM,11/26/2025,
856,152.0,gf,3.670,mm,OK,--,10:26:26 PM,11/26/2025,
857,152.4,gf,3.670,mm,OK,--,10:26:26 PM,11/26/2025,
858,153.0,gf,3.670,mm,OK,--,10:26:26 PM,11/26/2025,
859,153.7,gf,3.675,mm,OK,--,10:26:26 PM,11/26/2025,
860,154.7,gf,3.675,mm,OK,--,10:26:26 PM,11/26/2025,
861,156.6,gf,3.675,mm,OK,--,10:26:26 PM,11/26/2025,
862,158.1,gf,3.675,mm,OK,--,10:26:26 PM,11/26/2025,
863,159.6,gf,3.680,mm,OK,--,10:26:26 PM,11/26/2025,
864,161.2,gf,3.680,mm,OK,--,10:26:27 PM,11/26/2025,
865,162.8,gf,3.680,mm,OK,--,10:26:27 PM,11/26/2025,
866,164.0,gf,3.685,mm,OK,--,10:26:27 PM,11/26/2025,
867,165.5,gf,3.685,mm,OK,--,10:26:27 PM,11/26/2025,
868,167.5,gf,3.685,mm,OK,--,10:26:27 PM,11/26/2025,
869,169.7,gf,3.690,mm,OK,--,10:26:27 PM,11/26/2025,
870,171.4,gf,3.690,mm,OK,--,10:26:27 PM,11/26/2025,
871,173.1,gf,3.690,mm,OK,--,10:26:27 PM,11/26/2025,
872,174.6,gf,3.695,mm,OK,--,10:26:27 PM,11/26/2025,
873,176.0,gf,3.695,mm,OK,--,10:26:27 PM,11/26/2025,
874,177.8,gf,3.695,mm,OK,--,10:26:28 PM,11/26/2025,
875,180.0,gf,3.700,mm,OK,--,10:26:28 PM,11/26/2025,
876,182.4,gf,3.700,mm,OK,--,10:26:28 PM,11/26/2025,
877,185.3,gf,3.705,mm,OK,--,10:26:28 PM,11/26/2025,
878,187.9,gf,3.705,mm,OK,--,10:26:28 PM,11/26/2025,
879,190.3,gf,3.710,mm,OK,--,10:26:28 PM,11/26/2025,
880,192.0,gf,3.710,mm,OK,--,10:26:28 PM,11/26/2025,
881,193.4,gf,3.710,mm,OK,--,10:26:28 PM,11/26/2025,
882,194.3,gf,3.715,mm,OK,--,10:26:28 PM,11/26/2025,
883,194.4,gf,3.715,mm,OK,--,10:26:28 PM,11/26/2025,
884,194.2,gf,3.715,mm,OK,--,10:26:29 PM,11/26/2025,
885,194.1,gf,3.715,mm,OK,--,10:26:29 PM,11/26/2025,
886,194.0,gf,3.715,mm,OK,--,10:26:29 PM,11/26/2025,
887,194.0,gf,3.715,mm,OK,--,10:26:29 PM,11/26/2025,
888,194.0,gf,3.715,mm,OK,--,10:26:29 PM,11/26/2025,
889,194.0,gf,3.715,mm,OK,--,10:26:29 PM,11/26/2025,
890,193.9,gf,3.715,mm,OK,--,10:26:29 PM,11/26/2025,
891,193.9,gf,3.715,mm,OK,--,10:26:29 PM,11/26/2025,
892,193.8,gf,3.715,mm,OK,--,10:26:29 PM,11/26/2025,
893,193.9,gf,3.715,mm,OK,--,10:26:29 PM,11/26/2025,
894,193.5,gf,3.715,mm,OK,--,10:26:30 PM,11/26/2025,
895,193.3,gf,3.715,mm,OK,--,10:26:30 PM,11/26/2025,
896,193.0,gf,3.715,mm,OK,--,10:26:30 PM,11/26/2025,
897,192.9,gf,3.715,mm,OK,--,10:26:30 PM,11/26/2025,
898,192.6,gf,3.715,mm,OK,--,10:26:30 PM,11/26/2025,
899,192.4,gf,3.715,mm,OK,--,10:26:30 PM,11/26/2025,
900,192.2,gf,3.715,mm,OK,--,10:26:30 PM,11/26/2025,
901,191.2,gf,3.710,mm,OK,--,10:26:30 PM,11/26/2025,
902,188.2,gf,3.710,mm,OK,--,10:26:30 PM,11/26/2025,
903,184.3,gf,3.705,mm,OK,--,10:26:30 PM,11/26/2025,
904,181.2,gf,3.705,mm,OK,--,10:26:31 PM,11/26/2025,
905,178.5,gf,3.700,mm,OK,--,10:26:31 PM,11/26/2025,
906,175.4,gf,3.700,mm,OK,--,10:26:31 PM,11/26/2025,
907,173.0,gf,3.695,mm,OK,--,10:26:31 PM,11/26/2025,
908,171.2,gf,3.695,mm,OK,--,10:26:31 PM,11/26/2025,
909,170.2,gf,3.695,mm,OK,--,10:26:31 PM,11/26/2025,
910,169.6,gf,3.690,mm,OK,--,10:26:31 PM,11/26/2025,
911,169.3,gf,3.690,mm,OK,--,10:26:31 PM,11/26/2025,
912,169.2,gf,3.690,mm,OK,--,10:26:31 PM,11/26/2025,
913,168.8,gf,3.690,mm,OK,--,10:26:31 PM,11/26/2025,
914,168.4,gf,3.690,mm,OK,--,10:26:32 PM,11/26/2025,
915,167.7,gf,3.690,mm,OK,--,10:26:32 PM,11/26/2025,
916,166.5,gf,3.690,mm,OK,--,10:26:32 PM,11/26/2025,
917,165.9,gf,3.690,mm,OK,--,10:26:32 PM,11/26/2025,
918,165.7,gf,3.690,mm,OK,--,10:26:32 PM,11/26/2025,
919,165.5,gf,3.690,mm,OK,--,10:26:32 PM,11/26/2025,
920,165.2,gf,3.690,mm,OK,--,10:26:32 PM,11/26/2025,
921,165.0,gf,3.690,mm,OK,--,10:26:32 PM,11/26/2025,
922,164.9,gf,3.690,mm,OK,--,10:26:32 PM,11/26/2025,
923,164.7,gf,3.690,mm,OK,--,10:26:32 PM,11/26/2025,
924,164.7,gf,3.690,mm,OK,--,10:26:33 PM,11/26/2025,
925,164.5,gf,3.685,mm,OK,--,10:26:33 PM,11/26/2025,
926,164.2,gf,3.685,mm,OK,--,10:26:33 PM,11/26/2025,
927,163.9,gf,3.685,mm,OK,--,10:26:33 PM,11/26/2025,
928,163.5,gf,3.685,mm,OK,--,10:26:33 PM,11/26/2025,
929,163.2,gf,3.685,mm,OK,--,10:26:33 PM,11/26/2025,
930,163.1,gf,3.685,mm,OK,--,10:26:33 PM,11/26/2025,
931,162.8,gf,3.685,mm,OK,--,10:26:33 PM,11/26/2025,
932,162.5,gf,3.685,mm,OK,--,10:26:33 PM,11/26/2025,
933,162.1,gf,3.685,mm,OK,--,10:26:33 PM,11/26/2025,
934,161.8,gf,3.685,mm,OK,--,10:26:34 PM,11/26/2025,
935,161.5,gf,3.685,mm,OK,--,10:26:34 PM,11/26/2025,
936,161.3,gf,3.685,mm,OK,--,10:26:34 PM,11/26/2025,
937,160.9,gf,3.685,mm,OK,--,10:26:34 PM,11/26/2025,
938,160.6,gf,3.685,mm,OK,--,10:26:34 PM,11/26/2025,
939,160.2,gf,3.685,mm,OK,--,10:26:34 PM,11/26/2025,
940,160.0,gf,3.685,mm,OK,--,10:26:34 PM,11/26/2025,
941,159.8,gf,3.685,mm,OK,--,10:26:34 PM,11/26/2025,
942,159.5,gf,3.680,mm,OK,--,10:26:34 PM,11/26/2025,
943,159.1,gf,3.680,mm,OK,--,10:26:34 PM,11/26/2025,
944,158.7,gf,3.680,mm,OK,--,10:26:35 PM,11/26/2025,
945,158.4,gf,3.680,mm,OK,--,10:26:35 PM,11/26/2025,
946,158.0,gf,3.680,mm,OK,--,10:26:35 PM,11/26/2025,
947,157.5,gf,3.680,mm,OK,--,10:26:35 PM,11/26/2025,
948,157.0,gf,3.680,mm,OK,--,10:26:35 PM,11/26/2025,
949,156.5,gf,3.680,mm,OK,--,10:26:35 PM,11/26/2025,
950,156.0,gf,3.680,mm,OK,--,10:26:35 PM,11/26/2025,
951,155.8,gf,3.680,mm,OK,--,10:26:35 PM,11/26/2025,
952,155.5,gf,3.680,mm,OK,--,10:26:35 PM,11/26/2025,
953,155.1,gf,3.680,mm,OK,--,10:26:35 PM,11/26/2025,
954,154.8,gf,3.680,mm,OK,--,10:26:36 PM,11/26/2025,
955,154.4,gf,3.680,mm,OK,--,10:26:36 PM,11/26/2025,
956,153.9,gf,3.675,mm,OK,--,10:26:36 PM,11/26/2025,
957,153.3,gf,3.675,mm,OK,--,10:26:36 PM,11/26/2025,
958,152.8,gf,3.675,mm,OK,--,10:26:36 PM,11/26/2025,
959,152.3,gf,3.675,mm,OK,--,10:26:36 PM,11/26/2025,
960,151.9,gf,3.675,mm,OK,--,10:26:36 PM,11/26/2025,
961,151.5,gf,3.675,mm,OK,--,10:26:36 PM,11/26/2025,
962,151.2,gf,3.675,mm,OK,--,10:26:36 PM,11/26/2025,
963,150.8,gf,3.675,mm,OK,--,10:26:36 PM,11/26/2025,
964,150.3,gf,3.675,mm,OK,--,10:26:37 PM,11/26/2025,
965,149.7,gf,3.675,mm,OK,--,10:26:37 PM,11/26/2025,
966,149.2,gf,3.675,mm,OK,--,10:26:37 PM,11/26/2025,
967,148.6,gf,3.670,mm,OK,--,10:26:37 PM,11/26/2025,
968,148.0,gf,3.670,mm,OK,--,10:26:37 PM,11/26/2025,
969,147.3,gf,3.670,mm,OK,--,10:26:37 PM,11/26/2025,
970,146.7,gf,3.670,mm,OK,--,10:26:37 PM,11/26/2025,
971,146.0,gf,3.670,mm,OK,--,10:26:37 PM,11/26/2025,
972,145.4,gf,3.670,mm,OK,--,10:26:37 PM,11/26/2025,
973,145.0,gf,3.670,mm,OK,--,10:26:37 PM,11/26/2025,
974,144.5,gf,3.670,mm,OK,--,10:26:38 PM,11/26/2025,
975,143.9,gf,3.665,mm,OK,--,10:26:38 PM,11/26/2025,
976,143.5,gf,3.665,mm,OK,--,10:26:38 PM,11/26/2025,
977,142.9,gf,3.665,mm,OK,--,10:26:38 PM,11/26/2025,
978,142.3,gf,3.665,mm,OK,--,10:26:38 PM,11/26/2025,
979,141.6,gf,3.665,mm,OK,--,10:26:38 PM,11/26/2025,
980,140.8,gf,3.665,mm,OK,--,10:26:38 PM,11/26/2025,
981,140.0,gf,3.665,mm,OK,--,10:26:38 PM,11/26/2025,
982,139.1,gf,3.665,mm,OK,--,10:26:38 PM,11/26/2025,
983,138.0,gf,3.660,mm,OK,--,10:26:38 PM,11/26/2025,
984,136.6,gf,3.660,mm,OK,--,10:26:39 PM,11/26/2025,
985,134.8,gf,3.660,mm,OK,--,10:26:39 PM,11/26/2025,
986,133.0,gf,3.655,mm,OK,--,10:26:39 PM,11/26/2025,
987,131.1,gf,3.655,mm,OK,--,10:26:39 PM,11/26/2025,
988,128.6,gf,3.650,mm,OK,--,10:26:39 PM,11/26/2025,
989,125.4,gf,3.650,mm,OK,--,10:26:39 PM,11/26/2025,
990,120.2,gf,3.645,mm,OK,--,10:26:39 PM,11/26/2025,
991,113.2,gf,3.635,mm,OK,--,10:26:39 PM,11/26/2025,
992,105.3,gf,3.630,mm,OK,--,10:26:39 PM,11/26/2025,
993,99.1,gf,3.620,mm,OK,--,10:26:39 PM,11/26/2025,
994,93.2,gf,3.615,mm,OK,--,10:26:40 PM,11/26/2025,
995,88.0,gf,3.610,mm,OK,--,10:26:40 PM,11/26/2025,
996,84.4,gf,3.610,mm,OK,--,10:26:40 PM,11/26/2025,
997,81.1,gf,3.605,mm,OK,--,10:26:40 PM,11/26/2025,
998,78.2,gf,3.600,mm,OK,--,10:26:40 PM,11/26/2025,
999,75.9,gf,3.600,mm,OK,--,10:26:40 PM,11/26/2025,
1000,73.5,gf,3.595,mm,OK,--,10:26:40 PM,11/26/2025,
1001,70.8,gf,3.595,mm,OK,--,10:26:40 PM,11/26/2025,
1002,67.2,gf,3.590,mm,OK,--,10:26:40 PM,11/26/2025,
1003,63.9,gf,3.585,mm,OK,--,10:26:40 PM,11/26/2025,
1004,61.4,gf,3.585,mm,OK,--,10:26:41 PM,11/26/2025,
1005,59.4,gf,3.580,mm,OK,--,10:26:41 PM,11/26/2025,
1006,57.8,gf,3.580,mm,OK,--,10:26:41 PM,11/26/2025,
1007,56.7,gf,3.575,mm,OK,--,10:26:41 PM,11/26/2025,
1008,55.8,gf,3.575,mm,OK,--,10:26:41 PM,11/26/2025,
1009,55.2,gf,3.575,mm,OK,--,10:26:41 PM,11/26/2025,
1010,55.1,gf,3.575,mm,OK,--,10:26:41 PM,11/26/2025,
1011,55.1,gf,3.570,mm,OK,--,10:26:41 PM,11/26/2025,
1012,55.1,gf,3.570,mm,OK,--,10:26:41 PM,11/26/2025,
1013,55.1,gf,3.565,mm,OK,--,10:26:41 PM,11/26/2025,
1014,55.1,gf,3.565,mm,OK,--,10:26:42 PM,11/26/2025,
1015,55.1,gf,3.565,mm,OK,--,10:26:42 PM,11/26/2025,
1016,55.1,gf,3.560,mm,OK,--,10:26:42 PM,11/26/2025,
1017,55.1,gf,3.560,mm,OK,--,10:26:42 PM,11/26/2025,
1018,55.1,gf,3.555,mm,OK,--,10:26:42 PM,11/26/2025,
1019,55.1,gf,3.555,mm,OK,--,10:26:42 PM,11/26/2025,
1020,55.1,gf,3.550,mm,OK,--,10:26:42 PM,11/26/2025,
1021,55.1,gf,3.550,mm,OK,--,10:26:42 PM,11/26/2025,
1022,55.0,gf,3.545,mm,OK,--,10:26:42 PM,11/26/2025,
1023,55.0,gf,3.545,mm,OK,--,10:26:42 PM,11/26/2025,
1024,55.0,gf,3.540,mm,OK,--,10:26:43 PM,11/26/2025,
1025,55.0,gf,3.535,mm,OK,--,10:26:43 PM,11/26/2025,
1026,55.0,gf,3.530,mm,OK,--,10:26:43 PM,11/26/2025,
1027,55.0,gf,3.525,mm,OK,--,10:26:43 PM,11/26/2025,
1028,55.0,gf,3.520,mm,OK,--,10:26:43 PM,11/26/2025,
1029,55.0,gf,3.515,mm,OK,--,10:26:43 PM,11/26/2025,
1030,55.0,gf,3.510,mm,OK,--,10:26:43 PM,11/26/2025,
1031,54.9,gf,3.505,mm,OK,--,10:26:43 PM,11/26/2025,
1032,54.8,gf,3.495,mm,OK,--,10:26:43 PM,11/26/2025,
1033,54.7,gf,3.490,mm,OK,--,10:26:43 PM,11/26/2025,
1034,54.7,gf,3.485,mm,OK,--,10:26:44 PM,11/26/2025,
1035,54.7,gf,3.475,mm,OK,--,10:26:44 PM,11/26/2025,
1036,54.7,gf,3.470,mm,OK,--,10:26:44 PM,11/26/2025,
1037,54.7,gf,3.465,mm,OK,--,10:26:44 PM,11/26/2025,
1038,54.7,gf,3.460,mm,OK,--,10:26:44 PM,11/26/2025,
1039,54.6,gf,3.460,mm,OK,--,10:26:44 PM,11/26/2025,
1040,54.7,gf,3.455,mm,OK,--,10:26:44 PM,11/26/2025,
1041,54.6,gf,3.450,mm,OK,--,10:26:44 PM,11/26/2025,
1042,54.6,gf,3.445,mm,OK,--,10:26:44 PM,11/26/2025,
1043,54.6,gf,3.440,mm,OK,--,10:26:44 PM,11/26/2025,
1044,54.6,gf,3.435,mm,OK,--,10:26:45 PM,11/26/2025,
1045,54.5,gf,3.430,mm,OK,--,10:26:45 PM,11/26/2025,
1046,54.4,gf,3.425,mm,OK,--,10:26:45 PM,11/26/2025,
1047,54.4,gf,3.420,mm,OK,--,10:26:45 PM,11/26/2025,
1048,54.4,gf,3.415,mm,OK,--,10:26:45 PM,11/26/2025,
1049,54.4,gf,3.410,mm,OK,--,10:26:45 PM,11/26/2025,
1050,54.4,gf,3.405,mm,OK,--,10:26:45 PM,11/26/2025,
1051,54.4,gf,3.400,mm,OK,--,10:26:45 PM,11/26/2025,
1052,54.4,gf,3.395,mm,OK,--,10:26:45 PM,11/26/2025,
1053,54.4,gf,3.390,mm,OK,--,10:26:45 PM,11/26/2025,
1054,54.4,gf,3.385,mm,OK,--,10:26:46 PM,11/26/2025,
1055,54.3,gf,3.380,mm,OK,--,10:26:46 PM,11/26/2025,
1056,54.2,gf,3.375,mm,OK,--,10:26:46 PM,11/26/2025,
1057,54.2,gf,3.365,mm,OK,--,10:26:46 PM,11/26/2025,
1058,54.2,gf,3.360,mm,OK,--,10:26:46 PM,11/26/2025,
1059,54.1,gf,3.355,mm,OK,--,10:26:46 PM,11/26/2025,
1060,54.0,gf,3.340,mm,OK,--,10:26:46 PM,11/26/2025,
1061,54.0,gf,3.330,mm,OK,--,10:26:46 PM,11/26/2025,
1062,53.9,gf,3.320,mm,OK,--,10:26:46 PM,11/26/2025,
1063,53.8,gf,3.310,mm,OK,--,10:26:46 PM,11/26/2025,
1064,53.8,gf,3.305,mm,OK,--,10:26:47 PM,11/26/2025,
1065,53.8,gf,3.300,mm,OK,--,10:26:47 PM,11/26/2025,
1066,53.7,gf,3.295,mm,OK,--,10:26:47 PM,11/26/2025,
1067,53.6,gf,3.290,mm,OK,--,10:26:47 PM,11/26/2025,
1068,53.6,gf,3.280,mm,OK,--,10:26:47 PM,11/26/2025,
1069,53.6,gf,3.275,mm,OK,--,10:26:47 PM,11/26/2025,
1070,53.5,gf,3.270,mm,OK,--,10:26:47 PM,11/26/2025,
1071,53.5,gf,3.265,mm,OK,--,10:26:47 PM,11/26/2025,
1072,53.5,gf,3.260,mm,OK,--,10:26:47 PM,11/26/2025,
1073,53.5,gf,3.255,mm,OK,--,10:26:47 PM,11/26/2025,
1074,53.5,gf,3.245,mm,OK,--,10:26:48 PM,11/26/2025,
1075,53.5,gf,3.240,mm,OK,--,10:26:48 PM,11/26/2025,
1076,53.5,gf,3.235,mm,OK,--,10:26:48 PM,11/26/2025,
1077,53.4,gf,3.230,mm,OK,--,10:26:48 PM,11/26/2025,
1078,53.4,gf,3.225,mm,OK,--,10:26:48 PM,11/26/2025,
1079,53.4,gf,3.220,mm,OK,--,10:26:48 PM,11/26/2025,
1080,53.4,gf,3.215,mm,OK,--,10:26:48 PM,11/26/2025,
1081,53.3,gf,3.210,mm,OK,--,10:26:48 PM,11/26/2025,
1082,53.3,gf,3.210,mm,OK,--,10:26:48 PM,11/26/2025,
1083,53.3,gf,3.205,mm,OK,--,10:26:48 PM,11/26/2025,
1084,53.3,gf,3.205,mm,OK,--,10:26:49 PM,11/26/2025,
1085,53.3,gf,3.200,mm,OK,--,10:26:49 PM,11/26/2025,
1086,53.3,gf,3.200,mm,OK,--,10:26:49 PM,11/26/2025,
1087,53.3,gf,3.195,mm,OK,--,10:26:49 PM,11/26/2025,
1088,53.2,gf,3.195,mm,OK,--,10:26:49 PM,11/26/2025,
1089,53.2,gf,3.190,mm,OK,--,10:26:49 PM,11/26/2025,
1090,53.2,gf,3.185,mm,OK,--,10:26:49 PM,11/26/2025,
1091,53.2,gf,3.185,mm,OK,--,10:26:49 PM,11/26/2025,
1092,53.1,gf,3.180,mm,OK,--,10:26:49 PM,11/26/2025,
1093,53.1,gf,3.175,mm,OK,--,10:26:49 PM,11/26/2025,
1094,53.1,gf,3.170,mm,OK,--,10:26:50 PM,11/26/2025,
1095,53.0,gf,3.165,mm,OK,--,10:26:50 PM,11/26/2025,
1096,53.0,gf,3.160,mm,OK,--,10:26:50 PM,11/26/2025,
1097,52.9,gf,3.155,mm,OK,--,10:26:50 PM,11/26/2025,
1098,52.9,gf,3.145,mm,OK,--,10:26:50 PM,11/26/2025,
1099,52.9,gf,3.135,mm,OK,--,10:26:50 PM,11/26/2025,
1100,52.8,gf,3.130,mm,OK,--,10:26:50 PM,11/26/2025,
1101,52.7,gf,3.120,mm,OK,--,10:26:50 PM,11/26/2025,
1102,52.7,gf,3.105,mm,OK,--,10:26:50 PM,11/26/2025,
1103,52.7,gf,3.095,mm,OK,--,10:26:50 PM,11/26/2025,
1104,52.6,gf,3.085,mm,OK,--,10:26:51 PM,11/26/2025,
1105,52.6,gf,3.075,mm,OK,--,10:26:51 PM,11/26/2025,
1106,52.4,gf,3.060,mm,OK,--,10:26:51 PM,11/26/2025,
1107,52.4,gf,3.050,mm,OK,--,10:26:51 PM,11/26/2025,
1108,52.3,gf,3.035,mm,OK,--,10:26:51 PM,11/26/2025,
1109,52.2,gf,3.020,mm,OK,--,10:26:51 PM,11/26/2025,
1110,52.2,gf,3.010,mm,OK,--,10:26:51 PM,11/26/2025,
1111,52.1,gf,3.000,mm,OK,--,10:26:51 PM,11/26/2025,
1112,52.1,gf,2.995,mm,OK,--,10:26:51 PM,11/26/2025,
1113,52.1,gf,2.985,mm,OK,--,10:26:51 PM,11/26/2025,
1114,52.1,gf,2.980,mm,OK,--,10:26:52 PM,11/26/2025,
1115,52.0,gf,2.975,mm,OK,--,10:26:52 PM,11/26/2025,
1116,51.9,gf,2.970,mm,OK,--,10:26:52 PM,11/26/2025,
1117,52.0,gf,2.965,mm,OK,--,10:26:52 PM,11/26/2025,
1118,52.0,gf,2.960,mm,OK,--,10:26:52 PM,11/26/2025,
1119,51.9,gf,2.955,mm,OK,--,10:26:52 PM,11/26/2025,
1120,51.9,gf,2.950,mm,OK,--,10:26:52 PM,11/26/2025,
1121,51.9,gf,2.945,mm,OK,--,10:26:52 PM,11/26/2025,
1122,51.9,gf,2.940,mm,OK,--,10:26:52 PM,11/26/2025,
1123,51.9,gf,2.935,mm,OK,--,10:26:52 PM,11/26/2025,
1124,51.9,gf,2.935,mm,OK,--,10:26:53 PM,11/26/2025,
1125,51.9,gf,2.930,mm,OK,--,10:26:53 PM,11/26/2025,
1126,51.9,gf,2.925,mm,OK,--,10:26:53 PM,11/26/2025,
1127,51.9,gf,2.920,mm,OK,--,10:26:53 PM,11/26/2025,
1128,51.8,gf,2.915,mm,OK,--,10:26:53 PM,11/26/2025,
1129,51.8,gf,2.910,mm,OK,--,10:26:53 PM,11/26/2025,
1130,51.8,gf,2.905,mm,OK,--,10:26:53 PM,11/26/2025,
1131,51.7,gf,2.895,mm,OK,--,10:26:53 PM,11/26/2025,
1132,51.7,gf,2.890,mm,OK,--,10:26:53 PM,11/26/2025,
1133,51.7,gf,2.885,mm,OK,--,10:26:53 PM,11/26/2025,
1134,51.7,gf,2.880,mm,OK,--,10:26:54 PM,11/26/2025,
1135,51.7,gf,2.875,mm,OK,--,10:26:54 PM,11/26/2025,
1136,51.6,gf,2.865,mm,OK,--,10:26:54 PM,11/26/2025,
1137,51.6,gf,2.860,mm,OK,--,10:26:54 PM,11/26/2025,
1138,51.6,gf,2.855,mm,OK,--,10:26:54 PM,11/26/2025,
1139,51.5,gf,2.845,mm,OK,--,10:26:54 PM,11/26/2025,
1140,51.5,gf,2.840,mm,OK,--,10:26:54 PM,11/26/2025,
1141,51.4,gf,2.835,mm,OK,--,10:26:54 PM,11/26/2025,
1142,51.3,gf,2.830,mm,OK,--,10:26:54 PM,11/26/2025,
1143,51.3,gf,2.825,mm,OK,--,10:26:54 PM,11/26/2025,
1144,51.3,gf,2.820,mm,OK,--,10:26:55 PM,11/26/2025,
1145,51.4,gf,2.815,mm,OK,--,10:26:55 PM,11/26/2025,
1146,51.3,gf,2.815,mm,OK,--,10:26:55 PM,11/26/2025,
1147,51.3,gf,2.810,mm,OK,--,10:26:55 PM,11/26/2025,
1148,51.2,gf,2.805,mm,OK,--,10:26:55 PM,11/26/2025,
1149,51.3,gf,2.800,mm,OK,--,10:26:55 PM,11/26/2025,
1150,51.2,gf,2.795,mm,OK,--,10:26:55 PM,11/26/2025,
1151,51.2,gf,2.790,mm,OK,--,10:26:55 PM,11/26/2025,
1152,51.2,gf,2.785,mm,OK,--,10:26:55 PM,11/26/2025,
1153,51.2,gf,2.780,mm,OK,--,10:26:55 PM,11/26/2025,
1154,51.1,gf,2.770,mm,OK,--,10:26:56 PM,11/26/2025,
1155,51.1,gf,2.765,mm,OK,--,10:26:56 PM,11/26/2025,
1156,51.1,gf,2.760,mm,OK,--,10:26:56 PM,11/26/2025,
1157,51.1,gf,2.755,mm,OK,--,10:26:56 PM,11/26/2025,
1158,51.0,gf,2.750,mm,OK,--,10:26:56 PM,11/26/2025,
1159,51.0,gf,2.745,mm,OK,--,10:26:56 PM,11/26/2025,
1160,51.0,gf,2.740,mm,OK,--,10:26:56 PM,11/26/2025,
1161,50.9,gf,2.735,mm,OK,--,10:26:56 PM,11/26/2025,
1162,50.9,gf,2.730,mm,OK,--,10:26:56 PM,11/26/2025,
1163,50.9,gf,2.725,mm,OK,--,10:26:56 PM,11/26/2025,
1164,50.9,gf,2.720,mm,OK,--,10:26:57 PM,11/26/2025,
1165,50.8,gf,2.705,mm,OK,--,10:26:57 PM,11/26/2025,
1166,50.8,gf,2.695,mm,OK,--,10:26:57 PM,11/26/2025,
1167,50.7,gf,2.685,mm,OK,--,10:26:57 PM,11/26/2025,
1168,50.7,gf,2.680,mm,OK,--,10:26:57 PM,11/26/2025,
1169,50.6,gf,2.675,mm,OK,--,10:26:57 PM,11/26/2025,
1170,50.6,gf,2.670,mm,OK,--,10:26:57 PM,11/26/2025,
1171,50.6,gf,2.665,mm,OK,--,10:26:57 PM,11/26/2025,
1172,50.6,gf,2.660,mm,OK,--,10:26:57 PM,11/26/2025,
1173,50.6,gf,2.655,mm,OK,--,10:26:57 PM,11/26/2025,
1174,50.6,gf,2.650,mm,OK,--,10:26:58 PM,11/26/2025,
1175,50.5,gf,2.645,mm,OK,--,10:26:58 PM,11/26/2025,
1176,50.5,gf,2.640,mm,OK,--,10:26:58 PM,11/26/2025,
1177,50.5,gf,2.635,mm,OK,--,10:26:58 PM,11/26/2025,
1178,50.3,gf,2.630,mm,OK,--,10:26:58 PM,11/26/2025,
1179,50.2,gf,2.620,mm,OK,--,10:26:58 PM,11/26/2025,
1180,50.1,gf,2.610,mm,OK,--,10:26:58 PM,11/26/2025,
1181,49.9,gf,2.600,mm,OK,--,10:26:58 PM,11/26/2025,
1182,49.7,gf,2.590,mm,OK,--,10:26:58 PM,11/26/2025,
1183,49.5,gf,2.585,mm,OK,--,10:26:58 PM,11/26/2025,
1184,49.3,gf,2.580,mm,OK,--,10:26:59 PM,11/26/2025,
1185,49.2,gf,2.575,mm,OK,--,10:26:59 PM,11/26/2025,
1186,49.0,gf,2.570,mm,OK,--,10:26:59 PM,11/26/2025,
1187,48.7,gf,2.565,mm,OK,--,10:26:59 PM,11/26/2025,
1188,48.4,gf,2.555,mm,OK,--,10:26:59 PM,11/26/2025,
1189,48.1,gf,2.545,mm,OK,--,10:26:59 PM,11/26/2025,
1190,47.3,gf,2.535,mm,OK,--,10:26:59 PM,11/26/2025,
1191,46.5,gf,2.520,mm,OK,--,10:26:59 PM,11/26/2025,
1192,46.1,gf,2.505,mm,OK,--,10:26:59 PM,11/26/2025,
1193,46.1,gf,2.500,mm,OK,--,10:26:59 PM,11/26/2025,
1194,46.2,gf,2.495,mm,OK,--,10:27:00 PM,11/26/2025,
1195,46.0,gf,2.490,mm,OK,--,10:27:00 PM,11/26/2025,
1196,46.0,gf,2.485,mm,OK,--,10:27:00 PM,11/26/2025,
1197,46.0,gf,2.480,mm,OK,--,10:27:00 PM,11/26/2025,
1198,45.9,gf,2.480,mm,OK,--,10:27:00 PM,11/26/2025,
1199,45.7,gf,2.475,mm,OK,--,10:27:00 PM,11/26/2025,
1200,45.7,gf,2.470,mm,OK,--,10:27:00 PM,11/26/2025,
1201,45.6,gf,2.465,mm,OK,--,10:27:00 PM,11/26/2025,
1202,45.6,gf,2.460,mm,OK,--,10:27:00 PM,11/26/2025,
1203,45.5,gf,2.460,mm,OK,--,10:27:00 PM,11/26/2025,
1204,45.4,gf,2.455,mm,OK,--,10:27:01 PM,11/26/2025,
1205,45.3,gf,2.455,mm,OK,--,10:27:01 PM,11/26/2025,
1206,45.1,gf,2.450,mm,OK,--,10:27:01 PM,11/26/2025,
1207,45.0,gf,2.445,mm,OK,--,10:27:01 PM,11/26/2025,
1208,44.9,gf,2.440,mm,OK,--,10:27:01 PM,11/26/2025,
1209,44.8,gf,2.435,mm,OK,--,10:27:01 PM,11/26/2025,
1210,44.7,gf,2.430,mm,OK,--,10:27:01 PM,11/26/2025,
1211,44.6,gf,2.430,mm,OK,--,10:27:01 PM,11/26/2025,
1212,44.4,gf,2.425,mm,OK,--,10:27:01 PM,11/26/2025,
1213,44.4,gf,2.420,mm,OK,--,10:27:01 PM,11/26/2025,
1214,44.4,gf,2.415,mm,OK,--,10:27:02 PM,11/26/2025,
1215,44.3,gf,2.415,mm,OK,--,10:27:02 PM,11/26/2025,
1216,44.3,gf,2.415,mm,OK,--,10:27:02 PM,11/26/2025,
1217,44.2,gf,2.410,mm,OK,--,10:27:02 PM,11/26/2025,
1218,44.2,gf,2.410,mm,OK,--,10:27:02 PM,11/26/2025,
1219,44.1,gf,2.405,mm,OK,--,10:27:02 PM,11/26/2025,
1220,44.0,gf,2.405,mm,OK,--,10:27:02 PM,11/26/2025,
1221,44.0,gf,2.400,mm,OK,--,10:27:02 PM,11/26/2025,
1222,44.0,gf,2.400,mm,OK,--,10:27:02 PM,11/26/2025,
1223,43.8,gf,2.400,mm,OK,--,10:27:02 PM,11/26/2025,
1224,43.6,gf,2.395,mm,OK,--,10:27:03 PM,11/26/2025,
1225,43.4,gf,2.390,mm,OK,--,10:27:03 PM,11/26/2025,
1226,43.2,gf,2.390,mm,OK,--,10:27:03 PM,11/26/2025,
1227,42.8,gf,2.385,mm,OK,--,10:27:03 PM,11/26/2025,
1228,42.4,gf,2.380,mm,OK,--,10:27:03 PM,11/26/2025,
1229,42.0,gf,2.370,mm,OK,--,10:27:03 PM,11/26/2025,
1230,41.7,gf,2.365,mm,OK,--,10:27:03 PM,11/26/2025,
1231,41.4,gf,2.360,mm,OK,--,10:27:03 PM,11/26/2025,
1232,41.0,gf,2.355,mm,OK,--,10:27:03 PM,11/26/2025,
1233,40.6,gf,2.350,mm,OK,--,10:27:03 PM,11/26/2025,
1234,40.1,gf,2.345,mm,OK,--,10:27:04 PM,11/26/2025,
1235,39.5,gf,2.335,mm,OK,--,10:27:04 PM,11/26/2025,
1236,38.7,gf,2.330,mm,OK,--,10:27:04 PM,11/26/2025,
1237,37.8,gf,2.320,mm,OK,--,10:27:04 PM,11/26/2025,
1238,37.3,gf,2.310,mm,OK,--,10:27:04 PM,11/26/2025,
1239,36.7,gf,2.305,mm,OK,--,10:27:04 PM,11/26/2025,
1240,36.2,gf,2.300,mm,OK,--,10:27:04 PM,11/26/2025,
1241,35.7,gf,2.290,mm,OK,--,10:27:04 PM,11/26/2025,
1242,35.1,gf,2.285,mm,OK,--,10:27:04 PM,11/26/2025,
1243,34.4,gf,2.275,mm,OK,--,10:27:04 PM,11/26/2025,
1244,34.0,gf,2.260,mm,OK,--,10:27:05 PM,11/26/2025,
1245,33.8,gf,2.245,mm,OK,--,10:27:05 PM,11/26/2025,
1246,33.6,gf,2.235,mm,OK,--,10:27:05 PM,11/26/2025,
1247,33.3,gf,2.220,mm,OK,--,10:27:05 PM,11/26/2025,
1248,33.1,gf,2.205,mm,OK,--,10:27:05 PM,11/26/2025,
1249,33.0,gf,2.195,mm,OK,--,10:27:05 PM,11/26/2025,
1250,32.7,gf,2.185,mm,OK,--,10:27:05 PM,11/26/2025,
1251,32.3,gf,2.175,mm,OK,--,10:27:05 PM,11/26/2025,
1252,32.2,gf,2.165,mm,OK,--,10:27:05 PM,11/26/2025,
1253,31.9,gf,2.155,mm,OK,--,10:27:05 PM,11/26/2025,
1254,31.6,gf,2.145,mm,OK,--,10:27:06 PM,11/26/2025,
1255,31.0,gf,2.130,mm,OK,--,10:27:06 PM,11/26/2025,
1256,30.3,gf,2.115,mm,OK,--,10:27:06 PM,11/26/2025,
1257,30.2,gf,2.095,mm,OK,--,10:27:06 PM,11/26/2025,
1258,30.2,gf,2.080,mm,OK,--,10:27:06 PM,11/26/2025,
1259,29.7,gf,2.070,mm,OK,--,10:27:06 PM,11/26/2025,
1260,29.4,gf,2.055,mm,OK,--,10:27:06 PM,11/26/2025,
1261,29.1,gf,2.040,mm,OK,--,10:27:06 PM,11/26/2025,
1262,29.0,gf,2.025,mm,OK,--,10:27:06 PM,11/26/2025,
1263,28.7,gf,2.015,mm,OK,--,10:27:06 PM,11/26/2025,
1264,28.2,gf,2.000,mm,OK,--,10:27:07 PM,11/26/2025,
1265,27.8,gf,1.985,mm,OK,--,10:27:07 PM,11/26/2025,
1266,27.6,gf,1.970,mm,OK,--,10:27:07 PM,11/26/2025,
1267,27.5,gf,1.960,mm,OK,--,10:27:07 PM,11/26/2025,
1268,27.3,gf,1.950,mm,OK,--,10:27:07 PM,11/26/2025,
1269,27.2,gf,1.940,mm,OK,--,10:27:07 PM,11/26/2025,
1270,26.5,gf,1.925,mm,OK,--,10:27:07 PM,11/26/2025,
1271,26.2,gf,1.905,mm,OK,--,10:27:07 PM,11/26/2025,
1272,26.2,gf,1.895,mm,OK,--,10:27:07 PM,11/26/2025,
1273,26.1,gf,1.885,mm,OK,--,10:27:07 PM,11/26/2025,
1274,25.8,gf,1.875,mm,OK,--,10:27:08 PM,11/26/2025,
1275,25.5,gf,1.870,mm,OK,--,10:27:08 PM,11/26/2025,
1276,25.5,gf,1.860,mm,OK,--,10:27:08 PM,11/26/2025,
1277,25.3,gf,1.855,mm,OK,--,10:27:08 PM,11/26/2025,
1278,24.4,gf,1.840,mm,OK,--,10:27:08 PM,11/26/2025,
1279,24.5,gf,1.820,mm,OK,--,10:27:08 PM,11/26/2025,
1280,24.4,gf,1.805,mm,OK,--,10:27:08 PM,11/26/2025,
1281,24.4,gf,1.795,mm,OK,--,10:27:08 PM,11/26/2025,
1282,24.2,gf,1.785,mm,OK,--,10:27:08 PM,11/26/2025,
1283,23.8,gf,1.770,mm,OK,--,10:27:08 PM,11/26/2025,
1284,23.6,gf,1.760,mm,OK,--,10:27:09 PM,11/26/2025,
1285,23.6,gf,1.750,mm,OK,--,10:27:09 PM,11/26/2025,
1286,23.2,gf,1.735,mm,OK,--,10:27:09 PM,11/26/2025,
1287,23.1,gf,1.720,mm,OK,--,10:27:09 PM,11/26/2025,
1288,23.3,gf,1.705,mm,OK,--,10:27:09 PM,11/26/2025,
1289,23.5,gf,1.700,mm,OK,--,10:27:09 PM,11/26/2025,
1290,23.7,gf,1.695,mm,OK,--,10:27:09 PM,11/26/2025,
1291,23.7,gf,1.690,mm,OK,--,10:27:09 PM,11/26/2025,
1292,23.9,gf,1.685,mm,OK,--,10:27:09 PM,11/26/2025,
1293,23.9,gf,1.685,mm,OK,--,10:27:09 PM,11/26/2025,
1294,23.7,gf,1.680,mm,OK,--,10:27:10 PM,11/26/2025,
1295,23.7,gf,1.675,mm,OK,--,10:27:10 PM,11/26/2025,
1296,23.9,gf,1.675,mm,OK,--,10:27:10 PM,11/26/2025,
1297,23.9,gf,1.670,mm,OK,--,10:27:10 PM,11/26/2025,
1298,23.9,gf,1.670,mm,OK,--,10:27:10 PM,11/26/2025,
1299,23.9,gf,1.665,mm,OK,--,10:27:10 PM,11/26/2025,
1300,24.0,gf,1.665,mm,OK,--,10:27:10 PM,11/26/2025,
1301,24.0,gf,1.665,mm,OK,--,10:27:10 PM,11/26/2025,
1302,24.0,gf,1.660,mm,OK,--,10:27:10 PM,11/26/2025,
1303,23.8,gf,1.660,mm,OK,--,10:27:10 PM,11/26/2025,
1304,23.8,gf,1.655,mm,OK,--,10:27:11 PM,11/26/2025,
1305,24.1,gf,1.655,mm,OK,--,10:27:11 PM,11/26/2025,
1306,24.1,gf,1.655,mm,OK,--,10:27:11 PM,11/26/2025,
1307,24.1,gf,1.650,mm,OK,--,10:27:11 PM,11/26/2025,
1308,24.1,gf,1.650,mm,OK,--,10:27:11 PM,11/26/2025,
1309,24.1,gf,1.650,mm,OK,--,10:27:11 PM,11/26/2025,
1310,23.9,gf,1.645,mm,OK,--,10:27:11 PM,11/26/2025,
1311,23.8,gf,1.645,mm,OK,--,10:27:11 PM,11/26/2025,
1312,24.0,gf,1.645,mm,OK,--,10:27:11 PM,11/26/2025,
1313,24.2,gf,1.640,mm,OK,--,10:27:11 PM,11/26/2025,
1314,24.3,gf,1.640,mm,OK,--,10:27:12 PM,11/26/2025,
1315,24.2,gf,1.640,mm,OK,--,10:27:12 PM,11/26/2025,
1316,24.2,gf,1.640,mm,OK,--,10:27:12 PM,11/26/2025,
1317,24.2,gf,1.635,mm,OK,--,10:27:12 PM,11/26/2025,
1318,24.1,gf,1.635,mm,OK,--,10:27:12 PM,11/26/2025,
1319,24.1,gf,1.635,mm,OK,--,10:27:12 PM,11/26/2025,
1320,24.2,gf,1.630,mm,OK,--,10:27:12 PM,11/26/2025,
1321,24.1,gf,1.630,mm,OK,--,10:27:12 PM,11/26/2025,
1322,24.2,gf,1.630,mm,OK,--,10:27:12 PM,11/26/2025,
1323,24.2,gf,1.625,mm,OK,--,10:27:12 PM,11/26/2025,
1324,24.4,gf,1.625,mm,OK,--,10:27:13 PM,11/26/2025,
1325,24.3,gf,1.625,mm,OK,--,10:27:13 PM,11/26/2025,
1326,24.3,gf,1.625,mm,OK,--,10:27:13 PM,11/26/2025,
1327,24.3,gf,1.620,mm,OK,--,10:27:13 PM,11/26/2025,
1328,24.3,gf,1.620,mm,OK,--,10:27:13 PM,11/26/2025,
1329,24.4,gf,1.615,mm,OK,--,10:27:13 PM,11/26/2025,
1330,24.5,gf,1.615,mm,OK,--,10:27:13 PM,11/26/2025,
1331,24.8,gf,1.615,mm,OK,--,10:27:13 PM,11/26/2025,
1332,24.6,gf,1.610,mm,OK,--,10:27:13 PM,11/26/2025,
1333,24.4,gf,1.610,mm,OK,--,10:27:13 PM,11/26/2025,
1334,24.5,gf,1.605,mm,OK,--,10:27:14 PM,11/26/2025,
1335,24.6,gf,1.605,mm,OK,--,10:27:14 PM,11/26/2025,
1336,24.8,gf,1.600,mm,OK,--,10:27:14 PM,11/26/2025,
1337,25.0,gf,1.600,mm,OK,--,10:27:14 PM,11/26/2025,
1338,25.1,gf,1.600,mm,OK,--,10:27:14 PM,11/26/2025,
1339,25.1,gf,1.595,mm,OK,--,10:27:14 PM,11/26/2025,
1340,25.0,gf,1.595,mm,OK,--,10:27:14 PM,11/26/2025,
1341,25.4,gf,1.590,mm,OK,--,10:27:14 PM,11/26/2025,
1342,25.3,gf,1.590,mm,OK,--,10:27:14 PM,11/26/2025,
1343,25.1,gf,1.585,mm,OK,--,10:27:14 PM,11/26/2025,
1344,25.1,gf,1.585,mm,OK,--,10:27:15 PM,11/26/2025,
1345,25.1,gf,1.580,mm,OK,--,10:27:15 PM,11/26/2025,
1346,25.1,gf,1.575,mm,OK,--,10:27:15 PM,11/26/2025,
1347,24.8,gf,1.570,mm,OK,--,10:27:15 PM,11/26/2025,
1348,25.4,gf,1.565,mm,OK,--,10:27:15 PM,11/26/2025,
1349,25.9,gf,1.560,mm,OK,--,10:27:15 PM,11/26/2025,
1350,26.1,gf,1.555,mm,OK,--,10:27:15 PM,11/26/2025,
1351,26.1,gf,1.555,mm,OK,--,10:27:15 PM,11/26/2025,
1352,26.1,gf,1.550,mm,OK,--,10:27:15 PM,11/26/2025,
1353,26.1,gf,1.550,mm,OK,--,10:27:15 PM,11/26/2025,
1354,25.9,gf,1.545,mm,OK,--,10:27:16 PM,11/26/2025,
1355,26.1,gf,1.540,mm,OK,--,10:27:16 PM,11/26/2025,
1356,26.2,gf,1.535,mm,OK,--,10:27:16 PM,11/26/2025,
1357,26.4,gf,1.530,mm,OK,--,10:27:16 PM,11/26/2025,
1358,26.6,gf,1.525,mm,OK,--,10:27:16 PM,11/26/2025,
1359,26.6,gf,1.525,mm,OK,--,10:27:16 PM,11/26/2025,
1360,26.7,gf,1.520,mm,OK,--,10:27:16 PM,11/26/2025,
1361,26.7,gf,1.515,mm,OK,--,10:27:16 PM,11/26/2025,
1362,26.6,gf,1.515,mm,OK,--,10:27:16 PM,11/26/2025,
1363,26.8,gf,1.510,mm,OK,--,10:27:16 PM,11/26/2025,
1364,27.1,gf,1.505,mm,OK,--,10:27:17 PM,11/26/2025,
1365,27.1,gf,1.505,mm,OK,--,10:27:17 PM,11/26/2025,
1366,27.3,gf,1.505,mm,OK,--,10:27:17 PM,11/26/2025,
1367,27.1,gf,1.500,mm,OK,--,10:27:17 PM,11/26/2025,
1368,27.0,gf,1.500,mm,OK,--,10:27:17 PM,11/26/2025,
1369,27.0,gf,1.495,mm,OK,--,10:27:17 PM,11/26/2025,
1370,27.2,gf,1.490,mm,OK,--,10:27:17 PM,11/26/2025,
1371,27.3,gf,1.490,mm,OK,--,10:27:17 PM,11/26/2025,
1372,27.4,gf,1.485,mm,OK,--,10:27:17 PM,11/26/2025,
1373,27.6,gf,1.485,mm,OK,--,10:27:17 PM,11/26/2025,
1374,27.7,gf,1.480,mm,OK,--,10:27:18 PM,11/26/2025,
1375,27.5,gf,1.480,mm,OK,--,10:27:18 PM,11/26/2025,
1376,27.7,gf,1.475,mm,OK,--,10:27:18 PM,11/26/2025,
1377,28.1,gf,1.470,mm,OK,--,10:27:18 PM,11/26/2025,
1378,28.3,gf,1.465,mm,OK,--,10:27:18 PM,11/26/2025,
1379,28.5,gf,1.460,mm,OK,--,10:27:18 PM,11/26/2025,
1380,28.6,gf,1.460,mm,OK,--,10:27:18 PM,11/26/2025,
1381,28.9,gf,1.455,mm,OK,--,10:27:18 PM,11/26/2025,
1382,28.9,gf,1.450,mm,OK,--,10:27:18 PM,11/26/2025,
1383,29.1,gf,1.445,mm,OK,--,10:27:18 PM,11/26/2025,
1384,29.1,gf,1.440,mm,OK,--,10:27:19 PM,11/26/2025,
1385,29.2,gf,1.435,mm,OK,--,10:27:19 PM,11/26/2025,
1386,29.2,gf,1.430,mm,OK,--,10:27:19 PM,11/26/2025,
1387,29.3,gf,1.425,mm,OK,--,10:27:19 PM,11/26/2025,
1388,29.8,gf,1.420,mm,OK,--,10:27:19 PM,11/26/2025,
1389,30.0,gf,1.415,mm,OK,--,10:27:19 PM,11/26/2025,
1390,30.0,gf,1.410,mm,OK,--,10:27:19 PM,11/26/2025,
1391,29.9,gf,1.400,mm,OK,--,10:27:19 PM,11/26/2025,
1392,30.5,gf,1.395,mm,OK,--,10:27:19 PM,11/26/2025,
1393,30.9,gf,1.395,mm,OK,--,10:27:19 PM,11/26/2025,
1394,31.1,gf,1.390,mm,OK,--,10:27:20 PM,11/26/2025,
1395,30.9,gf,1.390,mm,OK,--,10:27:20 PM,11/26/2025,
1396,30.7,gf,1.385,mm,OK,--,10:27:20 PM,11/26/2025,
1397,30.6,gf,1.380,mm,OK,--,10:27:20 PM,11/26/2025,
1398,30.7,gf,1.370,mm,OK,--,10:27:20 PM,11/26/2025,
1399,31.1,gf,1.360,mm,OK,--,10:27:20 PM,11/26/2025,
1400,31.3,gf,1.350,mm,OK,--,10:27:20 PM,11/26/2025,
1401,31.8,gf,1.340,mm,OK,--,10:27:20 PM,11/26/2025,
1402,31.9,gf,1.335,mm,OK,--,10:27:20 PM,11/26/2025,
1403,32.0,gf,1.330,mm,OK,--,10:27:20 PM,11/26/2025,
1404,31.8,gf,1.325,mm,OK,--,10:27:21 PM,11/26/2025,
1405,31.6,gf,1.315,mm,OK,--,10:27:21 PM,11/26/2025,
1406,31.8,gf,1.305,mm,OK,--,10:27:21 PM,11/26/2025,
1407,32.0,gf,1.295,mm,OK,--,10:27:21 PM,11/26/2025,
1408,32.3,gf,1.285,mm,OK,--,10:27:21 PM,11/26/2025,
1409,32.5,gf,1.280,mm,OK,--,10:27:21 PM,11/26/2025,
1410,32.5,gf,1.275,mm,OK,--,10:27:21 PM,11/26/2025,
1411,32.8,gf,1.270,mm,OK,--,10:27:21 PM,11/26/2025,
1412,33.1,gf,1.265,mm,OK,--,10:27:21 PM,11/26/2025,
1413,32.8,gf,1.260,mm,OK,--,10:27:21 PM,11/26/2025,
1414,33.0,gf,1.255,mm,OK,--,10:27:22 PM,11/26/2025,
1415,33.4,gf,1.250,mm,OK,--,10:27:22 PM,11/26/2025,
1416,33.2,gf,1.245,mm,OK,--,10:27:22 PM,11/26/2025,
1417,33.4,gf,1.240,mm,OK,--,10:27:22 PM,11/26/2025,
1418,33.4,gf,1.240,mm,OK,--,10:27:22 PM,11/26/2025,
1419,33.5,gf,1.235,mm,OK,--,10:27:22 PM,11/26/2025,
1420,33.5,gf,1.235,mm,OK,--,10:27:22 PM,11/26/2025,
1421,33.4,gf,1.230,mm,OK,--,10:27:22 PM,11/26/2025,
1422,33.6,gf,1.230,mm,OK,--,10:27:22 PM,11/26/2025,
1423,33.8,gf,1.225,mm,OK,--,10:27:22 PM,11/26/2025,
1424,33.7,gf,1.225,mm,OK,--,10:27:23 PM,11/26/2025,
1425,33.5,gf,1.220,mm,OK,--,10:27:23 PM,11/26/2025,
1426,33.5,gf,1.215,mm,OK,--,10:27:23 PM,11/26/2025,
1427,33.6,gf,1.210,mm,OK,--,10:27:23 PM,11/26/2025,
1428,33.6,gf,1.200,mm,OK,--,10:27:23 PM,11/26/2025,
1429,33.7,gf,1.195,mm,OK,--,10:27:23 PM,11/26/2025,
1430,33.9,gf,1.185,mm,OK,--,10:27:23 PM,11/26/2025,
1431,33.6,gf,1.180,mm,OK,--,10:27:23 PM,11/26/2025,
1432,33.9,gf,1.165,mm,OK,--,10:27:23 PM,11/26/2025,
1433,34.1,gf,1.155,mm,OK,--,10:27:23 PM,11/26/2025,
1434,34.2,gf,1.140,mm,OK,--,10:27:24 PM,11/26/2025,
1435,34.4,gf,1.135,mm,OK,--,10:27:24 PM,11/26/2025,
1436,34.2,gf,1.130,mm,OK,--,10:27:24 PM,11/26/2025,
1437,34.6,gf,1.120,mm,OK,--,10:27:24 PM,11/26/2025,
1438,34.7,gf,1.115,mm,OK,--,10:27:24 PM,11/26/2025,
1439,34.9,gf,1.110,mm,OK,--,10:27:24 PM,11/26/2025,
1440,34.9,gf,1.105,mm,OK,--,10:27:24 PM,11/26/2025,
1441,35.0,gf,1.100,mm,OK,--,10:27:24 PM,11/26/2025,
1442,35.1,gf,1.100,mm,OK,--,10:27:24 PM,11/26/2025,
1443,35.2,gf,1.095,mm,OK,--,10:27:24 PM,11/26/2025,
1444,35.2,gf,1.090,mm,OK,--,10:27:25 PM,11/26/2025,
1445,35.3,gf,1.090,mm,OK,--,10:27:25 PM,11/26/2025,
1446,35.4,gf,1.090,mm,OK,--,10:27:25 PM,11/26/2025,
1447,35.4,gf,1.085,mm,OK,--,10:27:25 PM,11/26/2025,
1448,35.4,gf,1.085,mm,OK,--,10:27:25 PM,11/26/2025,
1449,35.3,gf,1.080,mm,OK,--,10:27:25 PM,11/26/2025,
1450,35.3,gf,1.080,mm,OK,--,10:27:25 PM,11/26/2025,
1451,35.3,gf,1.075,mm,OK,--,10:27:25 PM,11/26/2025,
1452,34.9,gf,1.070,mm,OK,--,10:27:25 PM,11/26/2025,
1453,35.1,gf,1.065,mm,OK,--,10:27:25 PM,11/26/2025,
1454,35.2,gf,1.060,mm,OK,--,10:27:26 PM,11/26/2025,
1455,35.6,gf,1.060,mm,OK,--,10:27:26 PM,11/26/2025,
1456,35.7,gf,1.055,mm,OK,--,10:27:26 PM,11/26/2025,
1457,35.8,gf,1.055,mm,OK,--,10:27:26 PM,11/26/2025,
1458,35.9,gf,1.050,mm,OK,--,10:27:26 PM,11/26/2025,
1459,35.6,gf,1.050,mm,OK,--,10:27:26 PM,11/26/2025,
1460,35.6,gf,1.050,mm,OK,--,10:27:26 PM,11/26/2025,
1461,35.5,gf,1.045,mm,OK,--,10:27:26 PM,11/26/2025,
1462,35.5,gf,1.045,mm,OK,--,10:27:26 PM,11/26/2025,
1463,35.7,gf,1.040,mm,OK,--,10:27:26 PM,11/26/2025,
1464,35.9,gf,1.040,mm,OK,--,10:27:27 PM,11/26/2025,
1465,35.9,gf,1.040,mm,OK,--,10:27:27 PM,11/26/2025,
1466,35.6,gf,1.035,mm,OK,--,10:27:27 PM,11/26/2025,
1467,35.6,gf,1.035,mm,OK,--,10:27:27 PM,11/26/2025,
1468,35.7,gf,1.030,mm,OK,--,10:27:27 PM,11/26/2025,
1469,35.8,gf,1.030,mm,OK,--,10:27:27 PM,11/26/2025,
1470,35.8,gf,1.025,mm,OK,--,10:27:27 PM,11/26/2025,
1471,35.8,gf,1.025,mm,OK,--,10:27:27 PM,11/26/2025,
1472,36.0,gf,1.020,mm,OK,--,10:27:27 PM,11/26/2025,
1473,35.9,gf,1.020,mm,OK,--,10:27:27 PM,11/26/2025,
1474,35.8,gf,1.015,mm,OK,--,10:27:28 PM,11/26/2025,
1475,35.9,gf,1.010,mm,OK,--,10:27:28 PM,11/26/2025,
1476,36.1,gf,1.010,mm,OK,--,10:27:28 PM,11/26/2025,
1477,36.1,gf,1.005,mm,OK,--,10:27:28 PM,11/26/2025,
1478,36.2,gf,1.005,mm,OK,--,10:27:28 PM,11/26/2025,
1479,36.2,gf,1.005,mm,OK,--,10:27:28 PM,11/26/2025,
1480,35.0,gf,0.995,mm,OK,--,10:27:28 PM,11/26/2025,
1481,35.5,gf,0.955,mm,OK,--,10:27:28 PM,11/26/2025,
1482,36.6,gf,0.930,mm,OK,--,10:27:28 PM,11/26/2025,
1483,36.7,gf,0.920,mm,OK,--,10:27:28 PM,11/26/2025,
1484,36.8,gf,0.910,mm,OK,--,10:27:29 PM,11/26/2025,
1485,37.0,gf,0.900,mm,OK,--,10:27:29 PM,11/26/2025,
1486,37.3,gf,0.895,mm,OK,--,10:27:29 PM,11/26/2025,
1487,37.7,gf,0.890,mm,OK,--,10:27:29 PM,11/26/2025,
1488,37.9,gf,0.890,mm,OK,--,10:27:29 PM,11/26/2025,
1489,38.3,gf,0.890,mm,OK,--,10:27:29 PM,11/26/2025,
1490,38.2,gf,0.890,mm,OK,--,10:27:29 PM,11/26/2025,
1491,38.2,gf,0.885,mm,OK,--,10:27:29 PM,11/26/2025,
1492,38.0,gf,0.885,mm,OK,--,10:27:29 PM,11/26/2025,
1493,37.9,gf,0.885,mm,OK,--,10:27:29 PM,11/26/2025,
1494,37.8,gf,0.885,mm,OK,--,10:27:30 PM,11/26/2025,
1495,37.7,gf,0.880,mm,OK,--,10:27:30 PM,11/26/2025,
1496,38.1,gf,0.880,mm,OK,--,10:27:30 PM,11/26/2025,
1497,38.0,gf,0.880,mm,OK,--,10:27:30 PM,11/26/2025,
1498,37.9,gf,0.875,mm,OK,--,10:27:30 PM,11/26/2025,
1499,37.7,gf,0.875,mm,OK,--,10:27:30 PM,11/26/2025,
1500,37.9,gf,0.870,mm,OK,--,10:27:30 PM,11/26/2025,
1501,37.9,gf,0.865,mm,OK,--,10:27:30 PM,11/26/2025,
1502,38.0,gf,0.865,mm,OK,--,10:27:30 PM,11/26/2025,
1503,38.0,gf,0.860,mm,OK,--,10:27:30 PM,11/26/2025,
1504,38.2,gf,0.860,mm,OK,--,10:27:31 PM,11/26/2025,
1505,38.1,gf,0.855,mm,OK,--,10:27:31 PM,11/26/2025,
1506,38.0,gf,0.855,mm,OK,--,10:27:31 PM,11/26/2025,
1507,37.9,gf,0.850,mm,OK,--,10:27:31 PM,11/26/2025,
1508,38.1,gf,0.850,mm,OK,--,10:27:31 PM,11/26/2025,
1509,38.1,gf,0.845,mm,OK,--,10:27:31 PM,11/26/2025,
1510,38.1,gf,0.840,mm,OK,--,10:27:31 PM,11/26/2025,
1511,38.3,gf,0.840,mm,OK,--,10:27:31 PM,11/26/2025,
1512,38.5,gf,0.835,mm,OK,--,10:27:31 PM,11/26/2025,
1513,38.5,gf,0.830,mm,OK,--,10:27:31 PM,11/26/2025,
1514,38.5,gf,0.830,mm,OK,--,10:27:32 PM,11/26/2025,
1515,38.6,gf,0.825,mm,OK,--,10:27:32 PM,11/26/2025,
1516,38.6,gf,0.825,mm,OK,--,10:27:32 PM,11/26/2025,
1517,38.6,gf,0.820,mm,OK,--,10:27:32 PM,11/26/2025,
1518,38.5,gf,0.820,mm,OK,--,10:27:32 PM,11/26/2025,
1519,38.6,gf,0.815,mm,OK,--,10:27:32 PM,11/26/2025,
1520,38.7,gf,0.815,mm,OK,--,10:27:32 PM,11/26/2025,
1521,38.7,gf,0.810,mm,OK,--,10:27:32 PM,11/26/2025,
1522,38.8,gf,0.810,mm,OK,--,10:27:32 PM,11/26/2025,
1523,38.8,gf,0.805,mm,OK,--,10:27:32 PM,11/26/2025,
1524,38.8,gf,0.805,mm,OK,--,10:27:33 PM,11/26/2025,
1525,38.9,gf,0.805,mm,OK,--,10:27:33 PM,11/26/2025,
1526,38.8,gf,0.800,mm,OK,--,10:27:33 PM,11/26/2025,
1527,38.8,gf,0.800,mm,OK,--,10:27:33 PM,11/26/2025,
1528,39.1,gf,0.800,mm,OK,--,10:27:33 PM,11/26/2025,
1529,39.0,gf,0.795,mm,OK,--,10:27:33 PM,11/26/2025,
1530,38.9,gf,0.795,mm,OK,--,10:27:33 PM,11/26/2025,
1531,39.0,gf,0.795,mm,OK,--,10:27:33 PM,11/26/2025,
1532,39.0,gf,0.790,mm,OK,--,10:27:33 PM,11/26/2025,
1533,39.1,gf,0.790,mm,OK,--,10:27:33 PM,11/26/2025,
1534,39.0,gf,0.790,mm,OK,--,10:27:34 PM,11/26/2025,
1535,39.0,gf,0.785,mm,OK,--,10:27:34 PM,11/26/2025,
1536,39.0,gf,0.785,mm,OK,--,10:27:34 PM,11/26/2025,
1537,39.0,gf,0.785,mm,OK,--,10:27:34 PM,11/26/2025,
1538,39.0,gf,0.780,mm,OK,--,10:27:34 PM,11/26/2025,
1539,39.2,gf,0.780,mm,OK,--,10:27:34 PM,11/26/2025,
1540,39.1,gf,0.775,mm,OK,--,10:27:34 PM,11/26/2025,
1541,39.1,gf,0.775,mm,OK,--,10:27:34 PM,11/26/2025,
1542,39.0,gf,0.770,mm,OK,--,10:27:34 PM,11/26/2025,
1543,39.1,gf,0.765,mm,OK,--,10:27:34 PM,11/26/2025,
1544,39.2,gf,0.765,mm,OK,--,10:27:35 PM,11/26/2025,
1545,39.3,gf,0.760,mm,OK,--,10:27:35 PM,11/26/2025,
1546,39.4,gf,0.760,mm,OK,--,10:27:35 PM,11/26/2025,
1547,39.5,gf,0.755,mm,OK,--,10:27:35 PM,11/26/2025,
1548,39.4,gf,0.755,mm,OK,--,10:27:35 PM,11/26/2025,
1549,39.4,gf,0.755,mm,OK,--,10:27:35 PM,11/26/2025,
1550,39.3,gf,0.750,mm,OK,--,10:27:35 PM,11/26/2025,
1551,39.3,gf,0.745,mm,OK,--,10:27:35 PM,11/26/2025,
1552,39.4,gf,0.745,mm,OK,--,10:27:35 PM,11/26/2025,
1553,39.3,gf,0.740,mm,OK,--,10:27:35 PM,11/26/2025,
1554,39.8,gf,0.740,mm,OK,--,10:27:36 PM,11/26/2025,
1555,40.0,gf,0.735,mm,OK,--,10:27:36 PM,11/26/2025,
1556,39.9,gf,0.735,mm,OK,--,10:27:36 PM,11/26/2025,
1557,39.8,gf,0.735,mm,OK,--,10:27:36 PM,11/26/2025,
1558,39.5,gf,0.735,mm,OK,--,10:27:36 PM,11/26/2025,
1559,39.6,gf,0.730,mm,OK,--,10:27:36 PM,11/26/2025,
1560,39.4,gf,0.730,mm,OK,--,10:27:36 PM,11/26/2025,
1561,39.5,gf,0.725,mm,OK,--,10:27:36 PM,11/26/2025,
1562,39.7,gf,0.725,mm,OK,--,10:27:36 PM,11/26/2025,
1563,39.6,gf,0.720,mm,OK,--,10:27:36 PM,11/26/2025,
1564,39.6,gf,0.715,mm,OK,--,10:27:37 PM,11/26/2025,
1565,39.8,gf,0.715,mm,OK,--,10:27:37 PM,11/26/2025,
1566,39.8,gf,0.710,mm,OK,--,10:27:37 PM,11/26/2025,
1567,40.0,gf,0.710,mm,OK,--,10:27:37 PM,11/26/2025,
1568,40.1,gf,0.710,mm,OK,--,10:27:37 PM,11/26/2025,
1569,40.1,gf,0.710,mm,OK,--,10:27:37 PM,11/26/2025,
1570,40.1,gf,0.710,mm,OK,--,10:27:37 PM,11/26/2025,
1571,40.0,gf,0.705,mm,OK,--,10:27:37 PM,11/26/2025,
1572,40.1,gf,0.705,mm,OK,--,10:27:37 PM,11/26/2025,
1573,40.0,gf,0.705,mm,OK,--,10:27:37 PM,11/26/2025,
1574,39.6,gf,0.705,mm,OK,--,10:27:38 PM,11/26/2025,
1575,39.6,gf,0.700,mm,OK,--,10:27:38 PM,11/26/2025,
1576,39.8,gf,0.695,mm,OK,--,10:27:38 PM,11/26/2025,
1577,39.9,gf,0.690,mm,OK,--,10:27:38 PM,11/26/2025,
1578,39.9,gf,0.685,mm,OK,--,10:27:38 PM,11/26/2025,
1579,40.1,gf,0.675,mm,OK,--,10:27:38 PM,11/26/2025,
1580,40.2,gf,0.670,mm,OK,--,10:27:38 PM,11/26/2025,
1581,40.3,gf,0.665,mm,OK,--,10:27:38 PM,11/26/2025,
1582,40.5,gf,0.655,mm,OK,--,10:27:38 PM,11/26/2025,
1583,40.6,gf,0.650,mm,OK,--,10:27:38 PM,11/26/2025,
1584,40.6,gf,0.645,mm,OK,--,10:27:39 PM,11/26/2025,
1585,40.7,gf,0.640,mm,OK,--,10:27:39 PM,11/26/2025,
1586,41.2,gf,0.635,mm,OK,--,10:27:39 PM,11/26/2025,
1587,41.0,gf,0.630,mm,OK,--,10:27:39 PM,11/26/2025,
1588,41.0,gf,0.630,mm,OK,--,10:27:39 PM,11/26/2025,
1589,41.1,gf,0.625,mm,OK,--,10:27:39 PM,11/26/2025,
1590,40.9,gf,0.620,mm,OK,--,10:27:39 PM,11/26/2025,
1591,40.6,gf,0.615,mm,OK,--,10:27:39 PM,11/26/2025,
1592,41.1,gf,0.605,mm,OK,--,10:27:39 PM,11/26/2025,
1593,41.5,gf,0.600,mm,OK,--,10:27:39 PM,11/26/2025,
1594,41.6,gf,0.600,mm,OK,--,10:27:40 PM,11/26/2025,
1595,41.6,gf,0.600,mm,OK,--,10:27:40 PM,11/26/2025,
1596,41.5,gf,0.595,mm,OK,--,10:27:40 PM,11/26/2025,
1597,41.5,gf,0.595,mm,OK,--,10:27:40 PM,11/26/2025,
1598,41.6,gf,0.595,mm,OK,--,10:27:40 PM,11/26/2025,
1599,41.5,gf,0.590,mm,OK,--,10:27:40 PM,11/26/2025,
1600,41.6,gf,0.585,mm,OK,--,10:27:40 PM,11/26/2025,
1601,41.7,gf,0.585,mm,OK,--,10:27:40 PM,11/26/2025,
1602,41.6,gf,0.585,mm,OK,--,10:27:40 PM,11/26/2025,
1603,41.6,gf,0.580,mm,OK,--,10:27:40 PM,11/26/2025,
1604,41.7,gf,0.580,mm,OK,--,10:27:41 PM,11/26/2025,
1605,41.8,gf,0.575,mm,OK,--,10:27:41 PM,11/26/2025,
1606,41.7,gf,0.575,mm,OK,--,10:27:41 PM,11/26/2025,
1607,41.4,gf,0.570,mm,OK,--,10:27:41 PM,11/26/2025,
1608,41.7,gf,0.560,mm,OK,--,10:27:41 PM,11/26/2025,
1609,41.9,gf,0.555,mm,OK,--,10:27:41 PM,11/26/2025,
1610,42.1,gf,0.555,mm,OK,--,10:27:41 PM,11/26/2025,
1611,42.2,gf,0.550,mm,OK,--,10:27:41 PM,11/26/2025,
1612,42.2,gf,0.545,mm,OK,--,10:27:41 PM,11/26/2025,
1613,42.1,gf,0.540,mm,OK,--,10:27:41 PM,11/26/2025,
1614,42.0,gf,0.535,mm,OK,--,10:27:42 PM,11/26/2025,
1615,42.0,gf,0.530,mm,OK,--,10:27:42 PM,11/26/2025,
1616,42.2,gf,0.520,mm,OK,--,10:27:42 PM,11/26/2025,
1617,42.3,gf,0.515,mm,OK,--,10:27:42 PM,11/26/2025,
1618,42.4,gf,0.510,mm,OK,--,10:27:42 PM,11/26/2025,
1619,42.6,gf,0.505,mm,OK,--,10:27:42 PM,11/26/2025,
1620,42.5,gf,0.500,mm,OK,--,10:27:42 PM,11/26/2025,
1621,42.6,gf,0.500,mm,OK,--,10:27:42 PM,11/26/2025,
1622,42.7,gf,0.495,mm,OK,--,10:27:42 PM,11/26/2025,
1623,42.7,gf,0.490,mm,OK,--,10:27:42 PM,11/26/2025,
1624,42.9,gf,0.490,mm,OK,--,10:27:43 PM,11/26/2025,
1625,43.1,gf,0.485,mm,OK,--,10:27:43 PM,11/26/2025,
1626,43.1,gf,0.485,mm,OK,--,10:27:43 PM,11/26/2025,
1627,42.9,gf,0.480,mm,OK,--,10:27:43 PM,11/26/2025,
1628,43.1,gf,0.480,mm,OK,--,10:27:43 PM,11/26/2025,
1629,43.1,gf,0.480,mm,OK,--,10:27:43 PM,11/26/2025,
1630,42.6,gf,0.475,mm,OK,--,10:27:43 PM,11/26/2025,
1631,42.8,gf,0.465,mm,OK,--,10:27:43 PM,11/26/2025,
1632,43.0,gf,0.460,mm,OK,--,10:27:43 PM,11/26/2025,
1633,43.0,gf,0.455,mm,OK,--,10:27:43 PM,11/26/2025,
1634,42.7,gf,0.450,mm,OK,--,10:27:44 PM,11/26/2025,
1635,42.8,gf,0.440,mm,OK,--,10:27:44 PM,11/26/2025,
1636,43.3,gf,0.430,mm,OK,--,10:27:44 PM,11/26/2025,
1637,43.3,gf,0.430,mm,OK,--,10:27:44 PM,11/26/2025,
1638,43.3,gf,0.425,mm,OK,--,10:27:44 PM,11/26/2025,
1639,43.2,gf,0.415,mm,OK,--,10:27:44 PM,11/26/2025,
1640,43.4,gf,0.410,mm,OK,--,10:27:44 PM,11/26/2025,
1641,43.4,gf,0.400,mm,OK,--,10:27:44 PM,11/26/2025,
1642,43.7,gf,0.395,mm,OK,--,10:27:44 PM,11/26/2025,
1643,43.9,gf,0.390,mm,OK,--,10:27:44 PM,11/26/2025,
1644,44.1,gf,0.390,mm,OK,--,10:27:45 PM,11/26/2025,
1645,43.9,gf,0.385,mm,OK,--,10:27:45 PM,11/26/2025,
1646,44.0,gf,0.385,mm,OK,--,10:27:45 PM,11/26/2025,
1647,44.2,gf,0.380,mm,OK,--,10:27:45 PM,11/26/2025,
1648,44.2,gf,0.380,mm,OK,--,10:27:45 PM,11/26/2025,
1649,44.2,gf,0.375,mm,OK,--,10:27:45 PM,11/26/2025,
1650,44.2,gf,0.375,mm,OK,--,10:27:45 PM,11/26/2025,
1651,44.0,gf,0.370,mm,OK,--,10:27:45 PM,11/26/2025,
1652,44.1,gf,0.370,mm,OK,--,10:27:45 PM,11/26/2025,
1653,44.3,gf,0.365,mm,OK,--,10:27:45 PM,11/26/2025,
1654,44.5,gf,0.360,mm,OK,--,10:27:46 PM,11/26/2025,
1655,44.4,gf,0.360,mm,OK,--,10:27:46 PM,11/26/2025,
1656,44.4,gf,0.355,mm,OK,--,10:27:46 PM,11/26/2025,
1657,44.6,gf,0.355,mm,OK,--,10:27:46 PM,11/26/2025,
1658,44.6,gf,0.350,mm,OK,--,10:27:46 PM,11/26/2025,
1659,44.5,gf,0.350,mm,OK,--,10:27:46 PM,11/26/2025,
1660,44.4,gf,0.345,mm,OK,--,10:27:46 PM,11/26/2025,
1661,44.4,gf,0.345,mm,OK,--,10:27:46 PM,11/26/2025,
1662,44.4,gf,0.340,mm,OK,--,10:27:46 PM,11/26/2025,
1663,44.4,gf,0.335,mm,OK,--,10:27:46 PM,11/26/2025,
1664,44.5,gf,0.330,mm,OK,--,10:27:47 PM,11/26/2025,
1665,44.6,gf,0.330,mm,OK,--,10:27:47 PM,11/26/2025,
1666,44.2,gf,0.320,mm,OK,--,10:27:47 PM,11/26/2025,
1667,44.2,gf,0.310,mm,OK,--,10:27:47 PM,11/26/2025,
1668,44.2,gf,0.300,mm,OK,--,10:27:47 PM,11/26/2025,
1669,44.4,gf,0.290,mm,OK,--,10:27:47 PM,11/26/2025,
1670,44.7,gf,0.280,mm,OK,--,10:27:47 PM,11/26/2025,
1671,45.0,gf,0.275,mm,OK,--,10:27:47 PM,11/26/2025,
1672,44.9,gf,0.265,mm,OK,--,10:27:47 PM,11/26/2025,
1673,44.9,gf,0.260,mm,OK,--,10:27:47 PM,11/26/2025,
1674,45.0,gf,0.255,mm,OK,--,10:27:48 PM,11/26/2025,
1675,45.2,gf,0.250,mm,OK,--,10:27:48 PM,11/26/2025,
1676,45.2,gf,0.245,mm,OK,--,10:27:48 PM,11/26/2025,
1677,45.3,gf,0.240,mm,OK,--,10:27:48 PM,11/26/2025,
1678,45.5,gf,0.235,mm,OK,--,10:27:48 PM,11/26/2025,
1679,45.6,gf,0.235,mm,OK,--,10:27:48 PM,11/26/2025,
1680,45.5,gf,0.235,mm,OK,--,10:27:48 PM,11/26/2025,
1681,45.2,gf,0.230,mm,OK,--,10:27:48 PM,11/26/2025,
1682,45.3,gf,0.225,mm,OK,--,10:27:48 PM,11/26/2025,
1683,45.4,gf,0.220,mm,OK,--,10:27:48 PM,11/26/2025,
1684,45.6,gf,0.220,mm,OK,--,10:27:49 PM,11/26/2025,
1685,45.3,gf,0.215,mm,OK,--,10:27:49 PM,11/26/2025,
1686,45.2,gf,0.210,mm,OK,--,10:27:49 PM,11/26/2025,
1687,45.2,gf,0.205,mm,OK,--,10:27:49 PM,11/26/2025,
1688,45.1,gf,0.200,mm,OK,--,10:27:49 PM,11/26/2025,
1689,45.3,gf,0.195,mm,OK,--,10:27:49 PM,11/26/2025,
1690,45.3,gf,0.195,mm,OK,--,10:27:49 PM,11/26/2025,
1691,45.2,gf,0.190,mm,OK,--,10:27:49 PM,11/26/2025,
1692,45.2,gf,0.190,mm,OK,--,10:27:49 PM,11/26/2025,
1693,45.2,gf,0.185,mm,OK,--,10:27:49 PM,11/26/2025,
1694,45.1,gf,0.185,mm,OK,--,10:27:50 PM,11/26/2025,
1695,44.8,gf,0.180,mm,OK,--,10:27:50 PM,11/26/2025,
1696,44.8,gf,0.175,mm,OK,--,10:27:50 PM,11/26/2025,
1697,44.8,gf,0.170,mm,OK,--,10:27:50 PM,11/26/2025,
1698,45.0,gf,0.165,mm,OK,--,10:27:50 PM,11/26/2025,
1699,44.9,gf,0.165,mm,OK,--,10:27:50 PM,11/26/2025,
1700,44.9,gf,0.160,mm,OK,--,10:27:50 PM,11/26/2025,
1701,44.6,gf,0.160,mm,OK,--,10:27:50 PM,11/26/2025,
1702,44.4,gf,0.155,mm,OK,--,10:27:50 PM,11/26/2025,
1703,44.3,gf,0.150,mm,OK,--,10:27:50 PM,11/26/2025,
1704,44.3,gf,0.145,mm,OK,--,10:27:51 PM,11/26/2025,
1705,44.3,gf,0.145,mm,OK,--,10:27:51 PM,11/26/2025,
1706,44.1,gf,0.140,mm,OK,--,10:27:51 PM,11/26/2025,
1707,44.2,gf,0.140,mm,OK,--,10:27:51 PM,11/26/2025,
1708,44.0,gf,0.135,mm,OK,--,10:27:51 PM,11/26/2025,
1709,43.8,gf,0.135,mm,OK,--,10:27:51 PM,11/26/2025,
1710,43.1,gf,0.130,mm,OK,--,10:27:51 PM,11/26/2025,
1711,41.8,gf,0.130,mm,OK,--,10:27:51 PM,11/26/2025,
1712,39.4,gf,0.125,mm,OK,--,10:27:51 PM,11/26/2025,
1713,36.2,gf,0.120,mm,OK,--,10:27:51 PM,11/26/2025,
1714,34.0,gf,0.115,mm,OK,--,10:27:52 PM,11/26/2025,
1715,33.5,gf,0.115,mm,OK,--,10:27:52 PM,11/26/2025,
1716,32.7,gf,0.110,mm,OK,--,10:27:52 PM,11/26/2025,
1717,31.3,gf,0.105,mm,OK,--,10:27:52 PM,11/26/2025,
1718,29.4,gf,0.095,mm,OK,--,10:27:52 PM,11/26/2025,
1719,29.0,gf,0.080,mm,OK,--,10:27:52 PM,11/26/2025,
1720,25.3,gf,0.070,mm,OK,--,10:27:52 PM,11/26/2025,
1721,18.0,gf,0.060,mm,OK,--,10:27:52 PM,11/26/2025,
1722,12.4,gf,0.055,mm,OK,--,10:27:52 PM,11/26/2025,
1723,5.6,gf,0.050,mm,OK,--,10:27:52 PM,11/26/2025,
1724,0.0,gf,0.040,mm,OK,--,10:27:53 PM,11/26/2025,
1725,0.1,gf,0.030,mm,OK,--,10:27:53 PM,11/26/2025,
1726,0.0,gf,0.020,mm,OK,--,10:27:53 PM,11/26/2025,
1727,0.1,gf,0.005,mm,OK,--,10:27:53 PM,11/26/2025,
1728,0.1,gf,-0.005,mm,OK,--,10:27:53 PM,11/26/2025,
1729,0.1,gf,-0.015,mm,OK,--,10:27:53 PM,11/26/2025,
1730,0.0,gf,-0.020,mm,OK,--,10:27:53 PM,11/26/2025,
1731,0.0,gf,-0.025,mm,OK,--,10:27:53 PM,11/26/2025,
1732,0.0,gf,-0.030,mm,OK,--,10:27:53 PM,11/26/2025,
1733,0.1,gf,-0.030,mm,OK,--,10:27:53 PM,11/26/2025,
1734,0.1,gf,-0.030,mm,OK,--,10:27:54 PM,11/26/2025,
1735,0.0,gf,-0.030,mm,OK,--,10:27:54 PM,11/26/2025,
1736,0.0,gf,-0.030,mm,OK,--,10:27:54 PM,11/26/2025,
1737,0.0,gf,-0.030,mm,OK,--,10:27:54 PM,11/26/2025,
1738,0.2,gf,-0.030,mm,OK,--,10:27:54 PM,11/26/2025,
1739,0.0,gf,-0.030,mm,OK,--,10:27:54 PM,11/26/2025,
1740,0.0,gf,-0.030,mm,OK,--,10:27:54 PM,11/26/2025,
1741,0.1,gf,-0.030,mm,OK,--,10:27:54 PM,11/26/2025,
1742,0.0,gf,-0.030,mm,OK,--,10:27:54 PM,11/26/2025,
1743,0.0,gf,-0.030,mm,OK,--,10:27:54 PM,11/26/2025,
1744,-0.1,gf,-0.030,mm,OK,--,10:27:55 PM,11/26/2025,
1745,0.1,gf,-0.030,mm,OK,--,10:27:55 PM,11/26/2025,
1746,0.1,gf,-0.030,mm,OK,--,10:27:55 PM,11/26/2025,
1747,0.0,gf,-0.030,mm,OK,--,10:27:55 PM,11/26/2025,
1748,-0.1,gf,-0.030,mm,OK,--,10:27:55 PM,11/26/2025,
1749,0.1,gf,-0.030,mm,OK,--,10:27:55 PM,11/26/2025,
1750,0.8,gf,-0.030,mm,OK,--,10:27:55 PM,11/26/2025,
1751,0.2,gf,-0.025,mm,OK,--,10:27:55 PM,11/26/2025,
1752,0.0,gf,-0.025,mm,OK,--,10:27:55 PM,11/26/2025,
1753,0.0,gf,-0.020,mm,OK,--,10:27:55 PM,11/26/2025,
1754,0.1,gf,-0.020,mm,OK,--,10:27:56 PM,11/26/2025,
1755,0.1,gf,-0.015,mm,OK,--,10:27:56 PM,11/26/2025,
1756,0.1,gf,-0.015,mm,OK,--,10:27:56 PM,11/26/2025,
1757,0.1,gf,-0.010,mm,OK,--,10:27:56 PM,11/26/2025,
1758,0.0,gf,-0.010,mm,OK,--,10:27:56 PM,11/26/2025,
1759,-0.1,gf,-0.005,mm,OK,--,10:27:56 PM,11/26/2025,
1760,-0.1,gf,-0.005,mm,OK,--,10:27:56 PM,11/26/2025,
1761,0.1,gf,-0.005,mm,OK,--,10:27:56 PM,11/26/2025,
1762,0.0,gf,0.000,mm,OK,--,10:27:56 PM,11/26/2025,
1763,0.3,gf,0.000,mm,OK,--,10:27:56 PM,11/26/2025,
