Maximum,191.2,@,No.988,,,,,,
Minimum,-0.1,@,No.3,,,,,,
Average,48.38,,,,,,,,
Data Quantity,1913,,,,,,,,
Number of NG,0,,,,,,,,
No.,Force,Unit,Displacement,Unit,Judge,Position,Time,Date,
1,0.0,gf,0.000,mm,OK,--,9:15:48 PM,2/5/2026,
2,0.0,gf,0.000,mm,OK,--,9:15:48 PM,2/5/2026,
3,-0.1,gf,0.000,mm,OK,--,9:15:48 PM,2/5/2026,
4,0.1,gf,0.000,mm,OK,--,9:15:48 PM,2/5/2026,
5,0.0,gf,0.000,mm,OK,--,9:15:48 PM,2/5/2026,
6,0.0,gf,0.005,mm,OK,--,9:15:49 PM,2/5/2026,
7,0.0,gf,0.005,mm,OK,--,9:15:49 PM,2/5/2026,
8,0.0,gf,0.005,mm,OK,--,9:15:49 PM,2/5/2026,
9,0.0,gf,0.010,mm,OK,--,9:15:49 PM,2/5/2026,
10,0.0,gf,0.010,mm,OK,--,9:15:49 PM,2/5/2026,
11,0.0,gf,0.015,mm,OK,--,9:15:49 PM,2/5/2026,
12,0.0,gf,0.015,mm,OK,--,9:15:49 PM,2/5/2026,
13,0.0,gf,0.020,mm,OK,--,9:15:49 PM,2/5/2026,
14,-0.1,gf,0.025,mm,OK,--,9:15:49 PM,2/5/2026,
15,-0.1,gf,0.025,mm,OK,--,9:15:49 PM,2/5/2026,
16,0.0,gf,0.030,mm,OK,--,9:15:50 PM,2/5/2026,
17,-0.1,gf,0.035,mm,OK,--,9:15:50 PM,2/5/2026,
18,0.0,gf,0.040,mm,OK,--,9:15:50 PM,2/5/2026,
19,0.0,gf,0.045,mm,OK,--,9:15:50 PM,2/5/2026,
20,0.1,gf,0.050,mm,OK,--,9:15:50 PM,2/5/2026,
21,0.0,gf,0.055,mm,OK,--,9:15:50 PM,2/5/2026,
22,0.0,gf,0.060,mm,OK,--,9:15:50 PM,2/5/2026,
23,0.0,gf,0.065,mm,OK,--,9:15:50 PM,2/5/2026,
24,0.0,gf,0.070,mm,OK,--,9:15:50 PM,2/5/2026,
25,-0.1,gf,0.075,mm,OK,--,9:15:50 PM,2/5/2026,
26,-0.1,gf,0.080,mm,OK,--,9:15:51 PM,2/5/2026,
27,0.0,gf,0.085,mm,OK,--,9:15:51 PM,2/5/2026,
28,0.0,gf,0.090,mm,OK,--,9:15:51 PM,2/5/2026,
29,0.0,gf,0.095,mm,OK,--,9:15:51 PM,2/5/2026,
30,0.0,gf,0.100,mm,OK,--,9:15:51 PM,2/5/2026,
31,0.0,gf,0.110,mm,OK,--,9:15:51 PM,2/5/2026,
32,0.0,gf,0.115,mm,OK,--,9:15:51 PM,2/5/2026,
33,0.0,gf,0.125,mm,OK,--,9:15:51 PM,2/5/2026,
34,-0.1,gf,0.135,mm,OK,--,9:15:51 PM,2/5/2026,
35,0.0,gf,0.140,mm,OK,--,9:15:51 PM,2/5/2026,
36,0.0,gf,0.150,mm,OK,--,9:15:52 PM,2/5/2026,
37,0.5,gf,0.155,mm,OK,--,9:15:52 PM,2/5/2026,
38,7.1,gf,0.165,mm,OK,--,9:15:52 PM,2/5/2026,
39,13.4,gf,0.170,mm,OK,--,9:15:52 PM,2/5/2026,
40,18.7,gf,0.175,mm,OK,--,9:15:52 PM,2/5/2026,
41,23.7,gf,0.180,mm,OK,--,9:15:52 PM,2/5/2026,
42,28.9,gf,0.185,mm,OK,--,9:15:52 PM,2/5/2026,
43,33.0,gf,0.190,mm,OK,--,9:15:52 PM,2/5/2026,
44,37.2,gf,0.195,mm,OK,--,9:15:52 PM,2/5/2026,
45,38.5,gf,0.200,mm,OK,--,9:15:52 PM,2/5/2026,
46,38.5,gf,0.210,mm,OK,--,9:15:53 PM,2/5/2026,
47,38.4,gf,0.215,mm,OK,--,9:15:53 PM,2/5/2026,
48,38.4,gf,0.225,mm,OK,--,9:15:53 PM,2/5/2026,
49,38.3,gf,0.230,mm,OK,--,9:15:53 PM,2/5/2026,
50,38.2,gf,0.240,mm,OK,--,9:15:53 PM,2/5/2026,
51,38.2,gf,0.245,mm,OK,--,9:15:53 PM,2/5/2026,
52,38.2,gf,0.255,mm,OK,--,9:15:53 PM,2/5/2026,
53,38.3,gf,0.260,mm,OK,--,9:15:53 PM,2/5/2026,
54,38.2,gf,0.265,mm,OK,--,9:15:53 PM,2/5/2026,
55,38.3,gf,0.275,mm,OK,--,9:15:53 PM,2/5/2026,
56,38.2,gf,0.280,mm,OK,--,9:15:54 PM,2/5/2026,
57,38.2,gf,0.285,mm,OK,--,9:15:54 PM,2/5/2026,
58,38.2,gf,0.290,mm,OK,--,9:15:54 PM,2/5/2026,
59,38.3,gf,0.295,mm,OK,--,9:15:54 PM,2/5/2026,
60,38.3,gf,0.300,mm,OK,--,9:15:54 PM,2/5/2026,
61,38.2,gf,0.305,mm,OK,--,9:15:54 PM,2/5/2026,
62,38.3,gf,0.310,mm,OK,--,9:15:54 PM,2/5/2026,
63,38.2,gf,0.315,mm,OK,--,9:15:54 PM,2/5/2026,
64,38.1,gf,0.320,mm,OK,--,9:15:54 PM,2/5/2026,
65,38.2,gf,0.325,mm,OK,--,9:15:54 PM,2/5/2026,
66,38.1,gf,0.330,mm,OK,--,9:15:55 PM,2/5/2026,
67,38.1,gf,0.335,mm,OK,--,9:15:55 PM,2/5/2026,
68,38.1,gf,0.345,mm,OK,--,9:15:55 PM,2/5/2026,
69,38.1,gf,0.355,mm,OK,--,9:15:55 PM,2/5/2026,
70,38.2,gf,0.365,mm,OK,--,9:15:55 PM,2/5/2026,
71,38.2,gf,0.375,mm,OK,--,9:15:55 PM,2/5/2026,
72,38.2,gf,0.380,mm,OK,--,9:15:55 PM,2/5/2026,
73,38.2,gf,0.385,mm,OK,--,9:15:55 PM,2/5/2026,
74,38.4,gf,0.390,mm,OK,--,9:15:55 PM,2/5/2026,
75,38.3,gf,0.395,mm,OK,--,9:15:55 PM,2/5/2026,
76,38.3,gf,0.400,mm,OK,--,9:15:56 PM,2/5/2026,
77,38.3,gf,0.405,mm,OK,--,9:15:56 PM,2/5/2026,
78,38.3,gf,0.410,mm,OK,--,9:15:56 PM,2/5/2026,
79,38.3,gf,0.410,mm,OK,--,9:15:56 PM,2/5/2026,
80,38.4,gf,0.415,mm,OK,--,9:15:56 PM,2/5/2026,
81,38.4,gf,0.420,mm,OK,--,9:15:56 PM,2/5/2026,
82,38.4,gf,0.425,mm,OK,--,9:15:56 PM,2/5/2026,
83,38.4,gf,0.430,mm,OK,--,9:15:56 PM,2/5/2026,
84,38.5,gf,0.430,mm,OK,--,9:15:56 PM,2/5/2026,
85,38.4,gf,0.435,mm,OK,--,9:15:56 PM,2/5/2026,
86,38.4,gf,0.440,mm,OK,--,9:15:57 PM,2/5/2026,
87,38.5,gf,0.445,mm,OK,--,9:15:57 PM,2/5/2026,
88,38.6,gf,0.450,mm,OK,--,9:15:57 PM,2/5/2026,
89,38.5,gf,0.455,mm,OK,--,9:15:57 PM,2/5/2026,
90,38.4,gf,0.460,mm,OK,--,9:15:57 PM,2/5/2026,
91,38.4,gf,0.465,mm,OK,--,9:15:57 PM,2/5/2026,
92,38.4,gf,0.465,mm,OK,--,9:15:57 PM,2/5/2026,
93,38.4,gf,0.470,mm,OK,--,9:15:57 PM,2/5/2026,
94,38.3,gf,0.470,mm,OK,--,9:15:57 PM,2/5/2026,
95,38.3,gf,0.475,mm,OK,--,9:15:57 PM,2/5/2026,
96,38.4,gf,0.475,mm,OK,--,9:15:58 PM,2/5/2026,
97,38.4,gf,0.475,mm,OK,--,9:15:58 PM,2/5/2026,
98,38.5,gf,0.480,mm,OK,--,9:15:58 PM,2/5/2026,
99,38.5,gf,0.480,mm,OK,--,9:15:58 PM,2/5/2026,
100,38.5,gf,0.485,mm,OK,--,9:15:58 PM,2/5/2026,
101,38.4,gf,0.490,mm,OK,--,9:15:58 PM,2/5/2026,
102,38.5,gf,0.490,mm,OK,--,9:15:58 PM,2/5/2026,
103,38.5,gf,0.495,mm,OK,--,9:15:58 PM,2/5/2026,
104,38.4,gf,0.500,mm,OK,--,9:15:58 PM,2/5/2026,
105,38.5,gf,0.500,mm,OK,--,9:15:58 PM,2/5/2026,
106,38.5,gf,0.505,mm,OK,--,9:15:59 PM,2/5/2026,
107,38.4,gf,0.505,mm,OK,--,9:15:59 PM,2/5/2026,
108,38.4,gf,0.510,mm,OK,--,9:15:59 PM,2/5/2026,
109,38.5,gf,0.510,mm,OK,--,9:15:59 PM,2/5/2026,
110,38.4,gf,0.515,mm,OK,--,9:15:59 PM,2/5/2026,
111,38.4,gf,0.515,mm,OK,--,9:15:59 PM,2/5/2026,
112,38.4,gf,0.520,mm,OK,--,9:15:59 PM,2/5/2026,
113,38.5,gf,0.520,mm,OK,--,9:15:59 PM,2/5/2026,
114,38.5,gf,0.525,mm,OK,--,9:15:59 PM,2/5/2026,
115,38.5,gf,0.525,mm,OK,--,9:15:59 PM,2/5/2026,
116,38.5,gf,0.530,mm,OK,--,9:16:00 PM,2/5/2026,
117,38.4,gf,0.530,mm,OK,--,9:16:00 PM,2/5/2026,
118,38.5,gf,0.535,mm,OK,--,9:16:00 PM,2/5/2026,
119,38.5,gf,0.535,mm,OK,--,9:16:00 PM,2/5/2026,
120,38.4,gf,0.540,mm,OK,--,9:16:00 PM,2/5/2026,
121,38.4,gf,0.540,mm,OK,--,9:16:00 PM,2/5/2026,
122,38.5,gf,0.545,mm,OK,--,9:16:00 PM,2/5/2026,
123,38.5,gf,0.545,mm,OK,--,9:16:00 PM,2/5/2026,
124,38.5,gf,0.550,mm,OK,--,9:16:00 PM,2/5/2026,
125,38.5,gf,0.550,mm,OK,--,9:16:00 PM,2/5/2026,
126,38.5,gf,0.555,mm,OK,--,9:16:01 PM,2/5/2026,
127,38.5,gf,0.555,mm,OK,--,9:16:01 PM,2/5/2026,
128,38.5,gf,0.555,mm,OK,--,9:16:01 PM,2/5/2026,
129,38.4,gf,0.560,mm,OK,--,9:16:01 PM,2/5/2026,
130,38.7,gf,0.560,mm,OK,--,9:16:01 PM,2/5/2026,
131,38.7,gf,0.565,mm,OK,--,9:16:01 PM,2/5/2026,
132,38.6,gf,0.570,mm,OK,--,9:16:01 PM,2/5/2026,
133,38.6,gf,0.575,mm,OK,--,9:16:01 PM,2/5/2026,
134,38.7,gf,0.580,mm,OK,--,9:16:01 PM,2/5/2026,
135,38.7,gf,0.585,mm,OK,--,9:16:01 PM,2/5/2026,
136,38.6,gf,0.585,mm,OK,--,9:16:02 PM,2/5/2026,
137,38.6,gf,0.590,mm,OK,--,9:16:02 PM,2/5/2026,
138,38.8,gf,0.595,mm,OK,--,9:16:02 PM,2/5/2026,
139,38.8,gf,0.605,mm,OK,--,9:16:02 PM,2/5/2026,
140,38.7,gf,0.615,mm,OK,--,9:16:02 PM,2/5/2026,
141,38.7,gf,0.620,mm,OK,--,9:16:02 PM,2/5/2026,
142,38.8,gf,0.625,mm,OK,--,9:16:02 PM,2/5/2026,
143,38.7,gf,0.630,mm,OK,--,9:16:02 PM,2/5/2026,
144,38.7,gf,0.635,mm,OK,--,9:16:02 PM,2/5/2026,
145,38.7,gf,0.640,mm,OK,--,9:16:02 PM,2/5/2026,
146,38.8,gf,0.645,mm,OK,--,9:16:03 PM,2/5/2026,
147,38.7,gf,0.645,mm,OK,--,9:16:03 PM,2/5/2026,
148,38.7,gf,0.650,mm,OK,--,9:16:03 PM,2/5/2026,
149,38.7,gf,0.655,mm,OK,--,9:16:03 PM,2/5/2026,
150,38.7,gf,0.655,mm,OK,--,9:16:03 PM,2/5/2026,
151,38.8,gf,0.660,mm,OK,--,9:16:03 PM,2/5/2026,
152,38.7,gf,0.665,mm,OK,--,9:16:03 PM,2/5/2026,
153,38.8,gf,0.665,mm,OK,--,9:16:03 PM,2/5/2026,
154,38.7,gf,0.670,mm,OK,--,9:16:03 PM,2/5/2026,
155,38.7,gf,0.675,mm,OK,--,9:16:03 PM,2/5/2026,
156,38.8,gf,0.675,mm,OK,--,9:16:04 PM,2/5/2026,
157,38.8,gf,0.680,mm,OK,--,9:16:04 PM,2/5/2026,
158,38.7,gf,0.685,mm,OK,--,9:16:04 PM,2/5/2026,
159,38.9,gf,0.690,mm,OK,--,9:16:04 PM,2/5/2026,
160,38.9,gf,0.700,mm,OK,--,9:16:04 PM,2/5/2026,
161,38.9,gf,0.705,mm,OK,--,9:16:04 PM,2/5/2026,
162,38.9,gf,0.710,mm,OK,--,9:16:04 PM,2/5/2026,
163,39.0,gf,0.715,mm,OK,--,9:16:04 PM,2/5/2026,
164,39.1,gf,0.720,mm,OK,--,9:16:04 PM,2/5/2026,
165,39.0,gf,0.725,mm,OK,--,9:16:04 PM,2/5/2026,
166,38.9,gf,0.730,mm,OK,--,9:16:05 PM,2/5/2026,
167,39.0,gf,0.730,mm,OK,--,9:16:05 PM,2/5/2026,
168,39.1,gf,0.735,mm,OK,--,9:16:05 PM,2/5/2026,
169,39.0,gf,0.740,mm,OK,--,9:16:05 PM,2/5/2026,
170,38.9,gf,0.740,mm,OK,--,9:16:05 PM,2/5/2026,
171,39.1,gf,0.740,mm,OK,--,9:16:05 PM,2/5/2026,
172,39.1,gf,0.745,mm,OK,--,9:16:05 PM,2/5/2026,
173,39.1,gf,0.750,mm,OK,--,9:16:05 PM,2/5/2026,
174,39.0,gf,0.750,mm,OK,--,9:16:05 PM,2/5/2026,
175,39.0,gf,0.750,mm,OK,--,9:16:05 PM,2/5/2026,
176,39.2,gf,0.755,mm,OK,--,9:16:06 PM,2/5/2026,
177,39.3,gf,0.760,mm,OK,--,9:16:06 PM,2/5/2026,
178,39.2,gf,0.765,mm,OK,--,9:16:06 PM,2/5/2026,
179,39.1,gf,0.770,mm,OK,--,9:16:06 PM,2/5/2026,
180,39.5,gf,0.775,mm,OK,--,9:16:06 PM,2/5/2026,
181,39.4,gf,0.790,mm,OK,--,9:16:06 PM,2/5/2026,
182,39.4,gf,0.795,mm,OK,--,9:16:06 PM,2/5/2026,
183,39.4,gf,0.805,mm,OK,--,9:16:06 PM,2/5/2026,
184,39.5,gf,0.815,mm,OK,--,9:16:06 PM,2/5/2026,
185,39.5,gf,0.825,mm,OK,--,9:16:06 PM,2/5/2026,
186,39.5,gf,0.835,mm,OK,--,9:16:07 PM,2/5/2026,
187,39.5,gf,0.845,mm,OK,--,9:16:07 PM,2/5/2026,
188,39.6,gf,0.855,mm,OK,--,9:16:07 PM,2/5/2026,
189,39.7,gf,0.865,mm,OK,--,9:16:07 PM,2/5/2026,
190,39.7,gf,0.880,mm,OK,--,9:16:07 PM,2/5/2026,
191,39.7,gf,0.890,mm,OK,--,9:16:07 PM,2/5/2026,
192,39.8,gf,0.895,mm,OK,--,9:16:07 PM,2/5/2026,
193,39.8,gf,0.910,mm,OK,--,9:16:07 PM,2/5/2026,
194,39.9,gf,0.920,mm,OK,--,9:16:07 PM,2/5/2026,
195,39.9,gf,0.925,mm,OK,--,9:16:07 PM,2/5/2026,
196,40.0,gf,0.930,mm,OK,--,9:16:08 PM,2/5/2026,
197,40.0,gf,0.935,mm,OK,--,9:16:08 PM,2/5/2026,
198,40.0,gf,0.940,mm,OK,--,9:16:08 PM,2/5/2026,
199,39.9,gf,0.945,mm,OK,--,9:16:08 PM,2/5/2026,
200,39.9,gf,0.945,mm,OK,--,9:16:08 PM,2/5/2026,
201,40.1,gf,0.950,mm,OK,--,9:16:08 PM,2/5/2026,
202,40.1,gf,0.955,mm,OK,--,9:16:08 PM,2/5/2026,
203,40.0,gf,0.960,mm,OK,--,9:16:08 PM,2/5/2026,
204,40.1,gf,0.960,mm,OK,--,9:16:08 PM,2/5/2026,
205,40.0,gf,0.965,mm,OK,--,9:16:08 PM,2/5/2026,
206,40.0,gf,0.965,mm,OK,--,9:16:09 PM,2/5/2026,
207,40.1,gf,0.970,mm,OK,--,9:16:09 PM,2/5/2026,
208,40.1,gf,0.970,mm,OK,--,9:16:09 PM,2/5/2026,
209,40.2,gf,0.975,mm,OK,--,9:16:09 PM,2/5/2026,
210,40.2,gf,0.975,mm,OK,--,9:16:09 PM,2/5/2026,
211,40.2,gf,0.980,mm,OK,--,9:16:09 PM,2/5/2026,
212,40.1,gf,0.980,mm,OK,--,9:16:09 PM,2/5/2026,
213,40.1,gf,0.985,mm,OK,--,9:16:09 PM,2/5/2026,
214,40.1,gf,0.985,mm,OK,--,9:16:09 PM,2/5/2026,
215,40.1,gf,0.990,mm,OK,--,9:16:09 PM,2/5/2026,
216,40.2,gf,0.990,mm,OK,--,9:16:10 PM,2/5/2026,
217,40.2,gf,0.995,mm,OK,--,9:16:10 PM,2/5/2026,
218,40.2,gf,0.995,mm,OK,--,9:16:10 PM,2/5/2026,
219,40.2,gf,1.000,mm,OK,--,9:16:10 PM,2/5/2026,
220,40.2,gf,1.000,mm,OK,--,9:16:10 PM,2/5/2026,
221,40.3,gf,1.005,mm,OK,--,9:16:10 PM,2/5/2026,
222,40.3,gf,1.010,mm,OK,--,9:16:10 PM,2/5/2026,
223,40.3,gf,1.010,mm,OK,--,9:16:10 PM,2/5/2026,
224,40.3,gf,1.015,mm,OK,--,9:16:10 PM,2/5/2026,
225,40.3,gf,1.020,mm,OK,--,9:16:10 PM,2/5/2026,
226,40.3,gf,1.025,mm,OK,--,9:16:11 PM,2/5/2026,
227,40.3,gf,1.025,mm,OK,--,9:16:11 PM,2/5/2026,
228,40.3,gf,1.030,mm,OK,--,9:16:11 PM,2/5/2026,
229,40.2,gf,1.035,mm,OK,--,9:16:11 PM,2/5/2026,
230,40.3,gf,1.035,mm,OK,--,9:16:11 PM,2/5/2026,
231,40.2,gf,1.040,mm,OK,--,9:16:11 PM,2/5/2026,
232,40.3,gf,1.040,mm,OK,--,9:16:11 PM,2/5/2026,
233,40.4,gf,1.045,mm,OK,--,9:16:11 PM,2/5/2026,
234,40.4,gf,1.050,mm,OK,--,9:16:11 PM,2/5/2026,
235,40.5,gf,1.050,mm,OK,--,9:16:11 PM,2/5/2026,
236,40.5,gf,1.055,mm,OK,--,9:16:12 PM,2/5/2026,
237,40.4,gf,1.055,mm,OK,--,9:16:12 PM,2/5/2026,
238,40.4,gf,1.060,mm,OK,--,9:16:12 PM,2/5/2026,
239,40.4,gf,1.060,mm,OK,--,9:16:12 PM,2/5/2026,
240,40.5,gf,1.060,mm,OK,--,9:16:12 PM,2/5/2026,
241,40.4,gf,1.065,mm,OK,--,9:16:12 PM,2/5/2026,
242,40.4,gf,1.065,mm,OK,--,9:16:12 PM,2/5/2026,
243,40.4,gf,1.070,mm,OK,--,9:16:12 PM,2/5/2026,
244,40.5,gf,1.070,mm,OK,--,9:16:12 PM,2/5/2026,
245,40.5,gf,1.075,mm,OK,--,9:16:12 PM,2/5/2026,
246,40.5,gf,1.075,mm,OK,--,9:16:13 PM,2/5/2026,
247,40.4,gf,1.080,mm,OK,--,9:16:13 PM,2/5/2026,
248,40.5,gf,1.080,mm,OK,--,9:16:13 PM,2/5/2026,
249,40.5,gf,1.085,mm,OK,--,9:16:13 PM,2/5/2026,
250,40.5,gf,1.085,mm,OK,--,9:16:13 PM,2/5/2026,
251,40.5,gf,1.090,mm,OK,--,9:16:13 PM,2/5/2026,
252,40.5,gf,1.090,mm,OK,--,9:16:13 PM,2/5/2026,
253,40.5,gf,1.095,mm,OK,--,9:16:13 PM,2/5/2026,
254,40.6,gf,1.095,mm,OK,--,9:16:13 PM,2/5/2026,
255,40.6,gf,1.095,mm,OK,--,9:16:13 PM,2/5/2026,
256,40.6,gf,1.100,mm,OK,--,9:16:14 PM,2/5/2026,
257,40.6,gf,1.100,mm,OK,--,9:16:14 PM,2/5/2026,
258,40.6,gf,1.100,mm,OK,--,9:16:14 PM,2/5/2026,
259,40.6,gf,1.105,mm,OK,--,9:16:14 PM,2/5/2026,
260,40.6,gf,1.105,mm,OK,--,9:16:14 PM,2/5/2026,
261,40.6,gf,1.105,mm,OK,--,9:16:14 PM,2/5/2026,
262,40.6,gf,1.110,mm,OK,--,9:16:14 PM,2/5/2026,
263,40.6,gf,1.110,mm,OK,--,9:16:14 PM,2/5/2026,
264,40.7,gf,1.115,mm,OK,--,9:16:14 PM,2/5/2026,
265,40.7,gf,1.115,mm,OK,--,9:16:14 PM,2/5/2026,
266,40.6,gf,1.115,mm,OK,--,9:16:15 PM,2/5/2026,
267,40.6,gf,1.120,mm,OK,--,9:16:15 PM,2/5/2026,
268,40.7,gf,1.120,mm,OK,--,9:16:15 PM,2/5/2026,
269,40.7,gf,1.125,mm,OK,--,9:16:15 PM,2/5/2026,
270,40.7,gf,1.125,mm,OK,--,9:16:15 PM,2/5/2026,
271,40.7,gf,1.125,mm,OK,--,9:16:15 PM,2/5/2026,
272,40.8,gf,1.130,mm,OK,--,9:16:15 PM,2/5/2026,
273,40.8,gf,1.135,mm,OK,--,9:16:15 PM,2/5/2026,
274,40.8,gf,1.135,mm,OK,--,9:16:15 PM,2/5/2026,
275,40.7,gf,1.140,mm,OK,--,9:16:15 PM,2/5/2026,
276,40.7,gf,1.140,mm,OK,--,9:16:16 PM,2/5/2026,
277,40.8,gf,1.145,mm,OK,--,9:16:16 PM,2/5/2026,
278,40.8,gf,1.145,mm,OK,--,9:16:16 PM,2/5/2026,
279,40.8,gf,1.150,mm,OK,--,9:16:16 PM,2/5/2026,
280,40.9,gf,1.155,mm,OK,--,9:16:16 PM,2/5/2026,
281,40.8,gf,1.155,mm,OK,--,9:16:16 PM,2/5/2026,
282,40.9,gf,1.160,mm,OK,--,9:16:16 PM,2/5/2026,
283,40.8,gf,1.160,mm,OK,--,9:16:16 PM,2/5/2026,
284,40.8,gf,1.165,mm,OK,--,9:16:16 PM,2/5/2026,
285,40.8,gf,1.165,mm,OK,--,9:16:16 PM,2/5/2026,
286,40.9,gf,1.165,mm,OK,--,9:16:17 PM,2/5/2026,
287,41.0,gf,1.170,mm,OK,--,9:16:17 PM,2/5/2026,
288,41.0,gf,1.170,mm,OK,--,9:16:17 PM,2/5/2026,
289,40.9,gf,1.170,mm,OK,--,9:16:17 PM,2/5/2026,
290,41.0,gf,1.175,mm,OK,--,9:16:17 PM,2/5/2026,
291,40.9,gf,1.175,mm,OK,--,9:16:17 PM,2/5/2026,
292,40.9,gf,1.175,mm,OK,--,9:16:17 PM,2/5/2026,
293,40.9,gf,1.180,mm,OK,--,9:16:17 PM,2/5/2026,
294,40.9,gf,1.180,mm,OK,--,9:16:17 PM,2/5/2026,
295,41.0,gf,1.185,mm,OK,--,9:16:17 PM,2/5/2026,
296,41.0,gf,1.185,mm,OK,--,9:16:18 PM,2/5/2026,
297,41.0,gf,1.190,mm,OK,--,9:16:18 PM,2/5/2026,
298,41.0,gf,1.195,mm,OK,--,9:16:18 PM,2/5/2026,
299,41.0,gf,1.195,mm,OK,--,9:16:18 PM,2/5/2026,
300,41.0,gf,1.200,mm,OK,--,9:16:18 PM,2/5/2026,
301,41.0,gf,1.205,mm,OK,--,9:16:18 PM,2/5/2026,
302,41.0,gf,1.205,mm,OK,--,9:16:18 PM,2/5/2026,
303,41.0,gf,1.210,mm,OK,--,9:16:18 PM,2/5/2026,
304,41.0,gf,1.210,mm,OK,--,9:16:18 PM,2/5/2026,
305,41.0,gf,1.215,mm,OK,--,9:16:18 PM,2/5/2026,
306,41.0,gf,1.215,mm,OK,--,9:16:19 PM,2/5/2026,
307,41.1,gf,1.220,mm,OK,--,9:16:19 PM,2/5/2026,
308,40.9,gf,1.225,mm,OK,--,9:16:19 PM,2/5/2026,
309,40.9,gf,1.225,mm,OK,--,9:16:19 PM,2/5/2026,
310,40.9,gf,1.230,mm,OK,--,9:16:19 PM,2/5/2026,
311,41.0,gf,1.230,mm,OK,--,9:16:19 PM,2/5/2026,
312,41.0,gf,1.235,mm,OK,--,9:16:19 PM,2/5/2026,
313,41.2,gf,1.235,mm,OK,--,9:16:19 PM,2/5/2026,
314,41.1,gf,1.240,mm,OK,--,9:16:19 PM,2/5/2026,
315,41.1,gf,1.240,mm,OK,--,9:16:19 PM,2/5/2026,
316,41.1,gf,1.245,mm,OK,--,9:16:20 PM,2/5/2026,
317,41.1,gf,1.250,mm,OK,--,9:16:20 PM,2/5/2026,
318,41.1,gf,1.255,mm,OK,--,9:16:20 PM,2/5/2026,
319,41.1,gf,1.260,mm,OK,--,9:16:20 PM,2/5/2026,
320,41.0,gf,1.260,mm,OK,--,9:16:20 PM,2/5/2026,
321,41.0,gf,1.265,mm,OK,--,9:16:20 PM,2/5/2026,
322,41.1,gf,1.265,mm,OK,--,9:16:20 PM,2/5/2026,
323,41.2,gf,1.270,mm,OK,--,9:16:20 PM,2/5/2026,
324,41.0,gf,1.270,mm,OK,--,9:16:20 PM,2/5/2026,
325,41.0,gf,1.275,mm,OK,--,9:16:20 PM,2/5/2026,
326,41.1,gf,1.275,mm,OK,--,9:16:21 PM,2/5/2026,
327,41.1,gf,1.280,mm,OK,--,9:16:21 PM,2/5/2026,
328,41.2,gf,1.280,mm,OK,--,9:16:21 PM,2/5/2026,
329,41.2,gf,1.285,mm,OK,--,9:16:21 PM,2/5/2026,
330,41.1,gf,1.285,mm,OK,--,9:16:21 PM,2/5/2026,
331,41.2,gf,1.285,mm,OK,--,9:16:21 PM,2/5/2026,
332,41.2,gf,1.290,mm,OK,--,9:16:21 PM,2/5/2026,
333,41.1,gf,1.290,mm,OK,--,9:16:21 PM,2/5/2026,
334,41.4,gf,1.290,mm,OK,--,9:16:21 PM,2/5/2026,
335,41.2,gf,1.295,mm,OK,--,9:16:21 PM,2/5/2026,
336,41.2,gf,1.295,mm,OK,--,9:16:22 PM,2/5/2026,
337,41.4,gf,1.295,mm,OK,--,9:16:22 PM,2/5/2026,
338,41.4,gf,1.300,mm,OK,--,9:16:22 PM,2/5/2026,
339,41.5,gf,1.300,mm,OK,--,9:16:22 PM,2/5/2026,
340,41.4,gf,1.305,mm,OK,--,9:16:22 PM,2/5/2026,
341,41.6,gf,1.310,mm,OK,--,9:16:22 PM,2/5/2026,
342,41.5,gf,1.315,mm,OK,--,9:16:22 PM,2/5/2026,
343,41.6,gf,1.320,mm,OK,--,9:16:22 PM,2/5/2026,
344,41.5,gf,1.325,mm,OK,--,9:16:22 PM,2/5/2026,
345,41.5,gf,1.330,mm,OK,--,9:16:22 PM,2/5/2026,
346,41.6,gf,1.335,mm,OK,--,9:16:23 PM,2/5/2026,
347,41.6,gf,1.340,mm,OK,--,9:16:23 PM,2/5/2026,
348,41.6,gf,1.350,mm,OK,--,9:16:23 PM,2/5/2026,
349,41.6,gf,1.355,mm,OK,--,9:16:23 PM,2/5/2026,
350,41.6,gf,1.360,mm,OK,--,9:16:23 PM,2/5/2026,
351,41.6,gf,1.365,mm,OK,--,9:16:23 PM,2/5/2026,
352,41.6,gf,1.365,mm,OK,--,9:16:23 PM,2/5/2026,
353,41.5,gf,1.370,mm,OK,--,9:16:23 PM,2/5/2026,
354,41.5,gf,1.370,mm,OK,--,9:16:23 PM,2/5/2026,
355,41.6,gf,1.370,mm,OK,--,9:16:23 PM,2/5/2026,
356,41.6,gf,1.375,mm,OK,--,9:16:24 PM,2/5/2026,
357,41.6,gf,1.380,mm,OK,--,9:16:24 PM,2/5/2026,
358,41.6,gf,1.380,mm,OK,--,9:16:24 PM,2/5/2026,
359,41.7,gf,1.385,mm,OK,--,9:16:24 PM,2/5/2026,
360,41.6,gf,1.390,mm,OK,--,9:16:24 PM,2/5/2026,
361,41.7,gf,1.390,mm,OK,--,9:16:24 PM,2/5/2026,
362,41.7,gf,1.395,mm,OK,--,9:16:24 PM,2/5/2026,
363,41.7,gf,1.400,mm,OK,--,9:16:24 PM,2/5/2026,
364,41.7,gf,1.400,mm,OK,--,9:16:24 PM,2/5/2026,
365,41.6,gf,1.405,mm,OK,--,9:16:24 PM,2/5/2026,
366,41.5,gf,1.405,mm,OK,--,9:16:25 PM,2/5/2026,
367,41.8,gf,1.410,mm,OK,--,9:16:25 PM,2/5/2026,
368,41.8,gf,1.415,mm,OK,--,9:16:25 PM,2/5/2026,
369,41.8,gf,1.415,mm,OK,--,9:16:25 PM,2/5/2026,
370,41.7,gf,1.420,mm,OK,--,9:16:25 PM,2/5/2026,
371,41.8,gf,1.425,mm,OK,--,9:16:25 PM,2/5/2026,
372,41.8,gf,1.425,mm,OK,--,9:16:25 PM,2/5/2026,
373,41.9,gf,1.430,mm,OK,--,9:16:25 PM,2/5/2026,
374,41.8,gf,1.430,mm,OK,--,9:16:25 PM,2/5/2026,
375,41.8,gf,1.435,mm,OK,--,9:16:25 PM,2/5/2026,
376,41.9,gf,1.435,mm,OK,--,9:16:26 PM,2/5/2026,
377,41.9,gf,1.440,mm,OK,--,9:16:26 PM,2/5/2026,
378,41.9,gf,1.445,mm,OK,--,9:16:26 PM,2/5/2026,
379,41.9,gf,1.445,mm,OK,--,9:16:26 PM,2/5/2026,
380,41.9,gf,1.450,mm,OK,--,9:16:26 PM,2/5/2026,
381,41.9,gf,1.450,mm,OK,--,9:16:26 PM,2/5/2026,
382,41.9,gf,1.455,mm,OK,--,9:16:26 PM,2/5/2026,
383,41.9,gf,1.455,mm,OK,--,9:16:26 PM,2/5/2026,
384,41.9,gf,1.460,mm,OK,--,9:16:26 PM,2/5/2026,
385,41.9,gf,1.460,mm,OK,--,9:16:26 PM,2/5/2026,
386,41.9,gf,1.465,mm,OK,--,9:16:27 PM,2/5/2026,
387,41.9,gf,1.465,mm,OK,--,9:16:27 PM,2/5/2026,
388,41.9,gf,1.470,mm,OK,--,9:16:27 PM,2/5/2026,
389,42.0,gf,1.470,mm,OK,--,9:16:27 PM,2/5/2026,
390,42.0,gf,1.475,mm,OK,--,9:16:27 PM,2/5/2026,
391,42.1,gf,1.475,mm,OK,--,9:16:27 PM,2/5/2026,
392,42.0,gf,1.480,mm,OK,--,9:16:27 PM,2/5/2026,
393,42.0,gf,1.485,mm,OK,--,9:16:27 PM,2/5/2026,
394,42.1,gf,1.485,mm,OK,--,9:16:27 PM,2/5/2026,
395,42.0,gf,1.490,mm,OK,--,9:16:27 PM,2/5/2026,
396,42.0,gf,1.490,mm,OK,--,9:16:28 PM,2/5/2026,
397,42.0,gf,1.490,mm,OK,--,9:16:28 PM,2/5/2026,
398,42.0,gf,1.495,mm,OK,--,9:16:28 PM,2/5/2026,
399,42.0,gf,1.495,mm,OK,--,9:16:28 PM,2/5/2026,
400,42.0,gf,1.495,mm,OK,--,9:16:28 PM,2/5/2026,
401,42.0,gf,1.495,mm,OK,--,9:16:28 PM,2/5/2026,
402,42.0,gf,1.500,mm,OK,--,9:16:28 PM,2/5/2026,
403,42.2,gf,1.500,mm,OK,--,9:16:28 PM,2/5/2026,
404,42.2,gf,1.500,mm,OK,--,9:16:28 PM,2/5/2026,
405,42.2,gf,1.505,mm,OK,--,9:16:28 PM,2/5/2026,
406,42.2,gf,1.510,mm,OK,--,9:16:29 PM,2/5/2026,
407,42.2,gf,1.510,mm,OK,--,9:16:29 PM,2/5/2026,
408,42.2,gf,1.515,mm,OK,--,9:16:29 PM,2/5/2026,
409,42.3,gf,1.520,mm,OK,--,9:16:29 PM,2/5/2026,
410,42.3,gf,1.525,mm,OK,--,9:16:29 PM,2/5/2026,
411,42.4,gf,1.530,mm,OK,--,9:16:29 PM,2/5/2026,
412,42.3,gf,1.535,mm,OK,--,9:16:29 PM,2/5/2026,
413,42.3,gf,1.540,mm,OK,--,9:16:29 PM,2/5/2026,
414,42.3,gf,1.545,mm,OK,--,9:16:29 PM,2/5/2026,
415,42.1,gf,1.545,mm,OK,--,9:16:29 PM,2/5/2026,
416,42.2,gf,1.545,mm,OK,--,9:16:30 PM,2/5/2026,
417,42.2,gf,1.550,mm,OK,--,9:16:30 PM,2/5/2026,
418,42.2,gf,1.550,mm,OK,--,9:16:30 PM,2/5/2026,
419,42.2,gf,1.550,mm,OK,--,9:16:30 PM,2/5/2026,
420,42.5,gf,1.555,mm,OK,--,9:16:30 PM,2/5/2026,
421,42.5,gf,1.555,mm,OK,--,9:16:30 PM,2/5/2026,
422,42.4,gf,1.560,mm,OK,--,9:16:30 PM,2/5/2026,
423,42.4,gf,1.565,mm,OK,--,9:16:30 PM,2/5/2026,
424,42.3,gf,1.570,mm,OK,--,9:16:30 PM,2/5/2026,
425,42.4,gf,1.575,mm,OK,--,9:16:30 PM,2/5/2026,
426,42.4,gf,1.580,mm,OK,--,9:16:31 PM,2/5/2026,
427,42.4,gf,1.580,mm,OK,--,9:16:31 PM,2/5/2026,
428,42.3,gf,1.585,mm,OK,--,9:16:31 PM,2/5/2026,
429,42.3,gf,1.590,mm,OK,--,9:16:31 PM,2/5/2026,
430,42.3,gf,1.590,mm,OK,--,9:16:31 PM,2/5/2026,
431,42.4,gf,1.595,mm,OK,--,9:16:31 PM,2/5/2026,
432,42.3,gf,1.595,mm,OK,--,9:16:31 PM,2/5/2026,
433,42.4,gf,1.600,mm,OK,--,9:16:31 PM,2/5/2026,
434,42.3,gf,1.600,mm,OK,--,9:16:31 PM,2/5/2026,
435,42.4,gf,1.605,mm,OK,--,9:16:31 PM,2/5/2026,
436,42.4,gf,1.605,mm,OK,--,9:16:32 PM,2/5/2026,
437,42.4,gf,1.610,mm,OK,--,9:16:32 PM,2/5/2026,
438,42.5,gf,1.610,mm,OK,--,9:16:32 PM,2/5/2026,
439,42.6,gf,1.615,mm,OK,--,9:16:32 PM,2/5/2026,
440,42.5,gf,1.620,mm,OK,--,9:16:32 PM,2/5/2026,
441,42.5,gf,1.620,mm,OK,--,9:16:32 PM,2/5/2026,
442,42.5,gf,1.625,mm,OK,--,9:16:32 PM,2/5/2026,
443,42.5,gf,1.625,mm,OK,--,9:16:32 PM,2/5/2026,
444,42.6,gf,1.630,mm,OK,--,9:16:32 PM,2/5/2026,
445,42.6,gf,1.635,mm,OK,--,9:16:32 PM,2/5/2026,
446,42.6,gf,1.635,mm,OK,--,9:16:33 PM,2/5/2026,
447,42.7,gf,1.640,mm,OK,--,9:16:33 PM,2/5/2026,
448,42.8,gf,1.645,mm,OK,--,9:16:33 PM,2/5/2026,
449,42.8,gf,1.650,mm,OK,--,9:16:33 PM,2/5/2026,
450,42.7,gf,1.650,mm,OK,--,9:16:33 PM,2/5/2026,
451,42.7,gf,1.655,mm,OK,--,9:16:33 PM,2/5/2026,
452,42.8,gf,1.655,mm,OK,--,9:16:33 PM,2/5/2026,
453,42.8,gf,1.660,mm,OK,--,9:16:33 PM,2/5/2026,
454,42.9,gf,1.665,mm,OK,--,9:16:33 PM,2/5/2026,
455,42.9,gf,1.665,mm,OK,--,9:16:33 PM,2/5/2026,
456,42.8,gf,1.670,mm,OK,--,9:16:34 PM,2/5/2026,
457,42.8,gf,1.670,mm,OK,--,9:16:34 PM,2/5/2026,
458,42.8,gf,1.675,mm,OK,--,9:16:34 PM,2/5/2026,
459,42.8,gf,1.675,mm,OK,--,9:16:34 PM,2/5/2026,
460,42.8,gf,1.675,mm,OK,--,9:16:34 PM,2/5/2026,
461,42.8,gf,1.680,mm,OK,--,9:16:34 PM,2/5/2026,
462,42.9,gf,1.680,mm,OK,--,9:16:34 PM,2/5/2026,
463,42.9,gf,1.680,mm,OK,--,9:16:34 PM,2/5/2026,
464,42.9,gf,1.685,mm,OK,--,9:16:34 PM,2/5/2026,
465,42.9,gf,1.685,mm,OK,--,9:16:34 PM,2/5/2026,
466,42.9,gf,1.685,mm,OK,--,9:16:35 PM,2/5/2026,
467,42.9,gf,1.690,mm,OK,--,9:16:35 PM,2/5/2026,
468,43.0,gf,1.690,mm,OK,--,9:16:35 PM,2/5/2026,
469,43.0,gf,1.690,mm,OK,--,9:16:35 PM,2/5/2026,
470,43.0,gf,1.695,mm,OK,--,9:16:35 PM,2/5/2026,
471,43.0,gf,1.695,mm,OK,--,9:16:35 PM,2/5/2026,
472,43.0,gf,1.695,mm,OK,--,9:16:35 PM,2/5/2026,
473,43.0,gf,1.700,mm,OK,--,9:16:35 PM,2/5/2026,
474,43.0,gf,1.700,mm,OK,--,9:16:35 PM,2/5/2026,
475,43.0,gf,1.705,mm,OK,--,9:16:35 PM,2/5/2026,
476,43.0,gf,1.705,mm,OK,--,9:16:36 PM,2/5/2026,
477,43.0,gf,1.705,mm,OK,--,9:16:36 PM,2/5/2026,
478,43.0,gf,1.710,mm,OK,--,9:16:36 PM,2/5/2026,
479,43.0,gf,1.710,mm,OK,--,9:16:36 PM,2/5/2026,
480,43.0,gf,1.710,mm,OK,--,9:16:36 PM,2/5/2026,
481,42.9,gf,1.715,mm,OK,--,9:16:36 PM,2/5/2026,
482,42.9,gf,1.715,mm,OK,--,9:16:36 PM,2/5/2026,
483,42.9,gf,1.715,mm,OK,--,9:16:36 PM,2/5/2026,
484,42.9,gf,1.715,mm,OK,--,9:16:36 PM,2/5/2026,
485,43.0,gf,1.720,mm,OK,--,9:16:36 PM,2/5/2026,
486,43.0,gf,1.720,mm,OK,--,9:16:37 PM,2/5/2026,
487,43.0,gf,1.720,mm,OK,--,9:16:37 PM,2/5/2026,
488,43.0,gf,1.720,mm,OK,--,9:16:37 PM,2/5/2026,
489,43.0,gf,1.725,mm,OK,--,9:16:37 PM,2/5/2026,
490,43.0,gf,1.725,mm,OK,--,9:16:37 PM,2/5/2026,
491,43.1,gf,1.725,mm,OK,--,9:16:37 PM,2/5/2026,
492,43.0,gf,1.725,mm,OK,--,9:16:37 PM,2/5/2026,
493,43.2,gf,1.730,mm,OK,--,9:16:37 PM,2/5/2026,
494,43.2,gf,1.730,mm,OK,--,9:16:37 PM,2/5/2026,
495,43.2,gf,1.735,mm,OK,--,9:16:37 PM,2/5/2026,
496,43.2,gf,1.735,mm,OK,--,9:16:38 PM,2/5/2026,
497,43.2,gf,1.735,mm,OK,--,9:16:38 PM,2/5/2026,
498,43.3,gf,1.740,mm,OK,--,9:16:38 PM,2/5/2026,
499,43.2,gf,1.740,mm,OK,--,9:16:38 PM,2/5/2026,
500,43.3,gf,1.745,mm,OK,--,9:16:38 PM,2/5/2026,
501,43.3,gf,1.745,mm,OK,--,9:16:38 PM,2/5/2026,
502,43.3,gf,1.750,mm,OK,--,9:16:38 PM,2/5/2026,
503,43.3,gf,1.750,mm,OK,--,9:16:38 PM,2/5/2026,
504,43.2,gf,1.755,mm,OK,--,9:16:38 PM,2/5/2026,
505,43.3,gf,1.760,mm,OK,--,9:16:38 PM,2/5/2026,
506,43.3,gf,1.765,mm,OK,--,9:16:39 PM,2/5/2026,
507,43.2,gf,1.765,mm,OK,--,9:16:39 PM,2/5/2026,
508,43.2,gf,1.770,mm,OK,--,9:16:39 PM,2/5/2026,
509,43.3,gf,1.775,mm,OK,--,9:16:39 PM,2/5/2026,
510,43.3,gf,1.780,mm,OK,--,9:16:39 PM,2/5/2026,
511,43.4,gf,1.785,mm,OK,--,9:16:39 PM,2/5/2026,
512,43.4,gf,1.790,mm,OK,--,9:16:39 PM,2/5/2026,
513,43.5,gf,1.795,mm,OK,--,9:16:39 PM,2/5/2026,
514,43.4,gf,1.805,mm,OK,--,9:16:39 PM,2/5/2026,
515,43.5,gf,1.810,mm,OK,--,9:16:39 PM,2/5/2026,
516,43.5,gf,1.815,mm,OK,--,9:16:40 PM,2/5/2026,
517,43.5,gf,1.820,mm,OK,--,9:16:40 PM,2/5/2026,
518,43.5,gf,1.825,mm,OK,--,9:16:40 PM,2/5/2026,
519,43.5,gf,1.830,mm,OK,--,9:16:40 PM,2/5/2026,
520,43.5,gf,1.830,mm,OK,--,9:16:40 PM,2/5/2026,
521,43.5,gf,1.835,mm,OK,--,9:16:40 PM,2/5/2026,
522,43.5,gf,1.840,mm,OK,--,9:16:40 PM,2/5/2026,
523,43.6,gf,1.840,mm,OK,--,9:16:40 PM,2/5/2026,
524,43.6,gf,1.845,mm,OK,--,9:16:40 PM,2/5/2026,
525,43.7,gf,1.850,mm,OK,--,9:16:40 PM,2/5/2026,
526,43.7,gf,1.855,mm,OK,--,9:16:41 PM,2/5/2026,
527,43.7,gf,1.855,mm,OK,--,9:16:41 PM,2/5/2026,
528,43.7,gf,1.860,mm,OK,--,9:16:41 PM,2/5/2026,
529,43.7,gf,1.865,mm,OK,--,9:16:41 PM,2/5/2026,
530,43.7,gf,1.870,mm,OK,--,9:16:41 PM,2/5/2026,
531,43.8,gf,1.875,mm,OK,--,9:16:41 PM,2/5/2026,
532,43.8,gf,1.880,mm,OK,--,9:16:41 PM,2/5/2026,
533,43.8,gf,1.885,mm,OK,--,9:16:41 PM,2/5/2026,
534,43.7,gf,1.890,mm,OK,--,9:16:41 PM,2/5/2026,
535,43.7,gf,1.895,mm,OK,--,9:16:41 PM,2/5/2026,
536,43.8,gf,1.900,mm,OK,--,9:16:42 PM,2/5/2026,
537,43.9,gf,1.905,mm,OK,--,9:16:42 PM,2/5/2026,
538,43.9,gf,1.915,mm,OK,--,9:16:42 PM,2/5/2026,
539,43.9,gf,1.920,mm,OK,--,9:16:42 PM,2/5/2026,
540,44.0,gf,1.925,mm,OK,--,9:16:42 PM,2/5/2026,
541,44.0,gf,1.930,mm,OK,--,9:16:42 PM,2/5/2026,
542,44.1,gf,1.935,mm,OK,--,9:16:42 PM,2/5/2026,
543,44.1,gf,1.940,mm,OK,--,9:16:42 PM,2/5/2026,
544,44.1,gf,1.945,mm,OK,--,9:16:42 PM,2/5/2026,
545,44.1,gf,1.950,mm,OK,--,9:16:42 PM,2/5/2026,
546,44.2,gf,1.955,mm,OK,--,9:16:43 PM,2/5/2026,
547,44.1,gf,1.955,mm,OK,--,9:16:43 PM,2/5/2026,
548,44.1,gf,1.960,mm,OK,--,9:16:43 PM,2/5/2026,
549,44.1,gf,1.965,mm,OK,--,9:16:43 PM,2/5/2026,
550,44.1,gf,1.970,mm,OK,--,9:16:43 PM,2/5/2026,
551,44.1,gf,1.975,mm,OK,--,9:16:43 PM,2/5/2026,
552,44.2,gf,1.980,mm,OK,--,9:16:43 PM,2/5/2026,
553,44.3,gf,1.985,mm,OK,--,9:16:43 PM,2/5/2026,
554,44.2,gf,1.990,mm,OK,--,9:16:43 PM,2/5/2026,
555,44.3,gf,1.995,mm,OK,--,9:16:43 PM,2/5/2026,
556,44.3,gf,2.000,mm,OK,--,9:16:44 PM,2/5/2026,
557,44.3,gf,2.005,mm,OK,--,9:16:44 PM,2/5/2026,
558,44.3,gf,2.005,mm,OK,--,9:16:44 PM,2/5/2026,
559,44.3,gf,2.010,mm,OK,--,9:16:44 PM,2/5/2026,
560,44.4,gf,2.015,mm,OK,--,9:16:44 PM,2/5/2026,
561,44.5,gf,2.020,mm,OK,--,9:16:44 PM,2/5/2026,
562,44.5,gf,2.020,mm,OK,--,9:16:44 PM,2/5/2026,
563,44.5,gf,2.025,mm,OK,--,9:16:44 PM,2/5/2026,
564,44.5,gf,2.030,mm,OK,--,9:16:44 PM,2/5/2026,
565,44.5,gf,2.035,mm,OK,--,9:16:44 PM,2/5/2026,
566,44.4,gf,2.035,mm,OK,--,9:16:45 PM,2/5/2026,
567,44.4,gf,2.040,mm,OK,--,9:16:45 PM,2/5/2026,
568,44.4,gf,2.040,mm,OK,--,9:16:45 PM,2/5/2026,
569,44.5,gf,2.045,mm,OK,--,9:16:45 PM,2/5/2026,
570,44.5,gf,2.050,mm,OK,--,9:16:45 PM,2/5/2026,
571,44.6,gf,2.050,mm,OK,--,9:16:45 PM,2/5/2026,
572,44.6,gf,2.055,mm,OK,--,9:16:45 PM,2/5/2026,
573,44.6,gf,2.060,mm,OK,--,9:16:45 PM,2/5/2026,
574,44.6,gf,2.060,mm,OK,--,9:16:45 PM,2/5/2026,
575,44.7,gf,2.065,mm,OK,--,9:16:45 PM,2/5/2026,
576,44.7,gf,2.065,mm,OK,--,9:16:46 PM,2/5/2026,
577,44.6,gf,2.065,mm,OK,--,9:16:46 PM,2/5/2026,
578,44.6,gf,2.070,mm,OK,--,9:16:46 PM,2/5/2026,
579,44.6,gf,2.070,mm,OK,--,9:16:46 PM,2/5/2026,
580,44.6,gf,2.070,mm,OK,--,9:16:46 PM,2/5/2026,
581,44.6,gf,2.070,mm,OK,--,9:16:46 PM,2/5/2026,
582,44.6,gf,2.075,mm,OK,--,9:16:46 PM,2/5/2026,
583,44.6,gf,2.075,mm,OK,--,9:16:46 PM,2/5/2026,
584,44.6,gf,2.075,mm,OK,--,9:16:46 PM,2/5/2026,
585,44.7,gf,2.075,mm,OK,--,9:16:46 PM,2/5/2026,
586,44.7,gf,2.080,mm,OK,--,9:16:47 PM,2/5/2026,
587,44.7,gf,2.080,mm,OK,--,9:16:47 PM,2/5/2026,
588,44.7,gf,2.080,mm,OK,--,9:16:47 PM,2/5/2026,
589,44.7,gf,2.080,mm,OK,--,9:16:47 PM,2/5/2026,
590,44.7,gf,2.085,mm,OK,--,9:16:47 PM,2/5/2026,
591,44.7,gf,2.085,mm,OK,--,9:16:47 PM,2/5/2026,
592,44.7,gf,2.085,mm,OK,--,9:16:47 PM,2/5/2026,
593,44.8,gf,2.090,mm,OK,--,9:16:47 PM,2/5/2026,
594,44.8,gf,2.090,mm,OK,--,9:16:47 PM,2/5/2026,
595,44.9,gf,2.095,mm,OK,--,9:16:47 PM,2/5/2026,
596,44.8,gf,2.095,mm,OK,--,9:16:48 PM,2/5/2026,
597,44.8,gf,2.100,mm,OK,--,9:16:48 PM,2/5/2026,
598,44.8,gf,2.105,mm,OK,--,9:16:48 PM,2/5/2026,
599,44.9,gf,2.110,mm,OK,--,9:16:48 PM,2/5/2026,
600,44.9,gf,2.115,mm,OK,--,9:16:48 PM,2/5/2026,
601,44.9,gf,2.115,mm,OK,--,9:16:48 PM,2/5/2026,
602,44.9,gf,2.120,mm,OK,--,9:16:48 PM,2/5/2026,
603,45.0,gf,2.130,mm,OK,--,9:16:48 PM,2/5/2026,
604,45.0,gf,2.135,mm,OK,--,9:16:48 PM,2/5/2026,
605,45.0,gf,2.145,mm,OK,--,9:16:48 PM,2/5/2026,
606,45.0,gf,2.150,mm,OK,--,9:16:49 PM,2/5/2026,
607,45.1,gf,2.160,mm,OK,--,9:16:49 PM,2/5/2026,
608,45.2,gf,2.165,mm,OK,--,9:16:49 PM,2/5/2026,
609,45.2,gf,2.170,mm,OK,--,9:16:49 PM,2/5/2026,
610,45.3,gf,2.170,mm,OK,--,9:16:49 PM,2/5/2026,
611,45.3,gf,2.175,mm,OK,--,9:16:49 PM,2/5/2026,
612,45.3,gf,2.180,mm,OK,--,9:16:49 PM,2/5/2026,
613,45.3,gf,2.180,mm,OK,--,9:16:49 PM,2/5/2026,
614,45.3,gf,2.185,mm,OK,--,9:16:49 PM,2/5/2026,
615,45.3,gf,2.185,mm,OK,--,9:16:49 PM,2/5/2026,
616,45.4,gf,2.195,mm,OK,--,9:16:50 PM,2/5/2026,
617,45.4,gf,2.200,mm,OK,--,9:16:50 PM,2/5/2026,
618,45.5,gf,2.205,mm,OK,--,9:16:50 PM,2/5/2026,
619,45.5,gf,2.210,mm,OK,--,9:16:50 PM,2/5/2026,
620,45.4,gf,2.215,mm,OK,--,9:16:50 PM,2/5/2026,
621,45.4,gf,2.220,mm,OK,--,9:16:50 PM,2/5/2026,
622,45.6,gf,2.225,mm,OK,--,9:16:50 PM,2/5/2026,
623,45.6,gf,2.230,mm,OK,--,9:16:50 PM,2/5/2026,
624,45.7,gf,2.240,mm,OK,--,9:16:50 PM,2/5/2026,
625,45.8,gf,2.245,mm,OK,--,9:16:50 PM,2/5/2026,
626,45.8,gf,2.250,mm,OK,--,9:16:51 PM,2/5/2026,
627,45.9,gf,2.260,mm,OK,--,9:16:51 PM,2/5/2026,
628,45.9,gf,2.265,mm,OK,--,9:16:51 PM,2/5/2026,
629,45.9,gf,2.270,mm,OK,--,9:16:51 PM,2/5/2026,
630,45.9,gf,2.275,mm,OK,--,9:16:51 PM,2/5/2026,
631,46.0,gf,2.285,mm,OK,--,9:16:51 PM,2/5/2026,
632,46.0,gf,2.290,mm,OK,--,9:16:51 PM,2/5/2026,
633,46.0,gf,2.295,mm,OK,--,9:16:51 PM,2/5/2026,
634,46.0,gf,2.305,mm,OK,--,9:16:51 PM,2/5/2026,
635,46.0,gf,2.310,mm,OK,--,9:16:51 PM,2/5/2026,
636,46.1,gf,2.310,mm,OK,--,9:16:52 PM,2/5/2026,
637,46.1,gf,2.315,mm,OK,--,9:16:52 PM,2/5/2026,
638,46.1,gf,2.315,mm,OK,--,9:16:52 PM,2/5/2026,
639,46.1,gf,2.320,mm,OK,--,9:16:52 PM,2/5/2026,
640,46.1,gf,2.320,mm,OK,--,9:16:52 PM,2/5/2026,
641,46.1,gf,2.325,mm,OK,--,9:16:52 PM,2/5/2026,
642,46.1,gf,2.330,mm,OK,--,9:16:52 PM,2/5/2026,
643,46.1,gf,2.335,mm,OK,--,9:16:52 PM,2/5/2026,
644,46.1,gf,2.335,mm,OK,--,9:16:52 PM,2/5/2026,
645,46.1,gf,2.340,mm,OK,--,9:16:52 PM,2/5/2026,
646,46.2,gf,2.345,mm,OK,--,9:16:53 PM,2/5/2026,
647,46.2,gf,2.350,mm,OK,--,9:16:53 PM,2/5/2026,
648,46.2,gf,2.355,mm,OK,--,9:16:53 PM,2/5/2026,
649,46.2,gf,2.355,mm,OK,--,9:16:53 PM,2/5/2026,
650,46.2,gf,2.360,mm,OK,--,9:16:53 PM,2/5/2026,
651,46.2,gf,2.365,mm,OK,--,9:16:53 PM,2/5/2026,
652,46.3,gf,2.370,mm,OK,--,9:16:53 PM,2/5/2026,
653,46.3,gf,2.375,mm,OK,--,9:16:53 PM,2/5/2026,
654,46.3,gf,2.375,mm,OK,--,9:16:53 PM,2/5/2026,
655,46.3,gf,2.380,mm,OK,--,9:16:53 PM,2/5/2026,
656,46.3,gf,2.380,mm,OK,--,9:16:54 PM,2/5/2026,
657,46.3,gf,2.385,mm,OK,--,9:16:54 PM,2/5/2026,
658,46.4,gf,2.385,mm,OK,--,9:16:54 PM,2/5/2026,
659,46.4,gf,2.390,mm,OK,--,9:16:54 PM,2/5/2026,
660,46.4,gf,2.395,mm,OK,--,9:16:54 PM,2/5/2026,
661,46.4,gf,2.395,mm,OK,--,9:16:54 PM,2/5/2026,
662,46.4,gf,2.400,mm,OK,--,9:16:54 PM,2/5/2026,
663,46.4,gf,2.400,mm,OK,--,9:16:54 PM,2/5/2026,
664,46.4,gf,2.405,mm,OK,--,9:16:54 PM,2/5/2026,
665,46.5,gf,2.410,mm,OK,--,9:16:54 PM,2/5/2026,
666,46.5,gf,2.415,mm,OK,--,9:16:55 PM,2/5/2026,
667,46.5,gf,2.425,mm,OK,--,9:16:55 PM,2/5/2026,
668,46.5,gf,2.435,mm,OK,--,9:16:55 PM,2/5/2026,
669,46.5,gf,2.440,mm,OK,--,9:16:55 PM,2/5/2026,
670,46.5,gf,2.445,mm,OK,--,9:16:55 PM,2/5/2026,
671,46.6,gf,2.455,mm,OK,--,9:16:55 PM,2/5/2026,
672,46.6,gf,2.460,mm,OK,--,9:16:55 PM,2/5/2026,
673,46.6,gf,2.465,mm,OK,--,9:16:55 PM,2/5/2026,
674,46.6,gf,2.470,mm,OK,--,9:16:55 PM,2/5/2026,
675,46.6,gf,2.475,mm,OK,--,9:16:55 PM,2/5/2026,
676,46.7,gf,2.480,mm,OK,--,9:16:56 PM,2/5/2026,
677,46.6,gf,2.485,mm,OK,--,9:16:56 PM,2/5/2026,
678,46.6,gf,2.490,mm,OK,--,9:16:56 PM,2/5/2026,
679,46.7,gf,2.495,mm,OK,--,9:16:56 PM,2/5/2026,
680,46.7,gf,2.505,mm,OK,--,9:16:56 PM,2/5/2026,
681,46.7,gf,2.510,mm,OK,--,9:16:56 PM,2/5/2026,
682,46.8,gf,2.520,mm,OK,--,9:16:56 PM,2/5/2026,
683,46.8,gf,2.525,mm,OK,--,9:16:56 PM,2/5/2026,
684,46.8,gf,2.535,mm,OK,--,9:16:56 PM,2/5/2026,
685,46.8,gf,2.540,mm,OK,--,9:16:56 PM,2/5/2026,
686,46.9,gf,2.550,mm,OK,--,9:16:57 PM,2/5/2026,
687,46.9,gf,2.555,mm,OK,--,9:16:57 PM,2/5/2026,
688,47.0,gf,2.560,mm,OK,--,9:16:57 PM,2/5/2026,
689,47.0,gf,2.565,mm,OK,--,9:16:57 PM,2/5/2026,
690,47.0,gf,2.565,mm,OK,--,9:16:57 PM,2/5/2026,
691,47.0,gf,2.570,mm,OK,--,9:16:57 PM,2/5/2026,
692,47.0,gf,2.570,mm,OK,--,9:16:57 PM,2/5/2026,
693,47.0,gf,2.575,mm,OK,--,9:16:57 PM,2/5/2026,
694,47.1,gf,2.580,mm,OK,--,9:16:57 PM,2/5/2026,
695,47.1,gf,2.585,mm,OK,--,9:16:57 PM,2/5/2026,
696,47.1,gf,2.590,mm,OK,--,9:16:58 PM,2/5/2026,
697,47.1,gf,2.600,mm,OK,--,9:16:58 PM,2/5/2026,
698,47.1,gf,2.600,mm,OK,--,9:16:58 PM,2/5/2026,
699,47.1,gf,2.605,mm,OK,--,9:16:58 PM,2/5/2026,
700,47.1,gf,2.610,mm,OK,--,9:16:58 PM,2/5/2026,
701,47.1,gf,2.615,mm,OK,--,9:16:58 PM,2/5/2026,
702,47.2,gf,2.620,mm,OK,--,9:16:58 PM,2/5/2026,
703,47.2,gf,2.620,mm,OK,--,9:16:58 PM,2/5/2026,
704,47.2,gf,2.625,mm,OK,--,9:16:58 PM,2/5/2026,
705,47.2,gf,2.630,mm,OK,--,9:16:58 PM,2/5/2026,
706,47.2,gf,2.635,mm,OK,--,9:16:59 PM,2/5/2026,
707,47.2,gf,2.645,mm,OK,--,9:16:59 PM,2/5/2026,
708,47.3,gf,2.650,mm,OK,--,9:16:59 PM,2/5/2026,
709,47.3,gf,2.660,mm,OK,--,9:16:59 PM,2/5/2026,
710,47.3,gf,2.665,mm,OK,--,9:16:59 PM,2/5/2026,
711,47.3,gf,2.670,mm,OK,--,9:16:59 PM,2/5/2026,
712,47.4,gf,2.675,mm,OK,--,9:16:59 PM,2/5/2026,
713,47.3,gf,2.685,mm,OK,--,9:16:59 PM,2/5/2026,
714,47.4,gf,2.695,mm,OK,--,9:16:59 PM,2/5/2026,
715,47.5,gf,2.705,mm,OK,--,9:16:59 PM,2/5/2026,
716,47.5,gf,2.720,mm,OK,--,9:17:00 PM,2/5/2026,
717,47.5,gf,2.730,mm,OK,--,9:17:00 PM,2/5/2026,
718,47.5,gf,2.740,mm,OK,--,9:17:00 PM,2/5/2026,
719,47.6,gf,2.745,mm,OK,--,9:17:00 PM,2/5/2026,
720,47.6,gf,2.755,mm,OK,--,9:17:00 PM,2/5/2026,
721,47.7,gf,2.765,mm,OK,--,9:17:00 PM,2/5/2026,
722,47.6,gf,2.775,mm,OK,--,9:17:00 PM,2/5/2026,
723,47.6,gf,2.785,mm,OK,--,9:17:00 PM,2/5/2026,
724,47.6,gf,2.790,mm,OK,--,9:17:00 PM,2/5/2026,
725,47.6,gf,2.795,mm,OK,--,9:17:00 PM,2/5/2026,
726,47.7,gf,2.800,mm,OK,--,9:17:01 PM,2/5/2026,
727,47.7,gf,2.805,mm,OK,--,9:17:01 PM,2/5/2026,
728,47.7,gf,2.815,mm,OK,--,9:17:01 PM,2/5/2026,
729,47.7,gf,2.825,mm,OK,--,9:17:01 PM,2/5/2026,
730,47.8,gf,2.835,mm,OK,--,9:17:01 PM,2/5/2026,
731,48.0,gf,2.840,mm,OK,--,9:17:01 PM,2/5/2026,
732,47.9,gf,2.845,mm,OK,--,9:17:01 PM,2/5/2026,
733,47.9,gf,2.855,mm,OK,--,9:17:01 PM,2/5/2026,
734,48.0,gf,2.870,mm,OK,--,9:17:01 PM,2/5/2026,
735,48.0,gf,2.885,mm,OK,--,9:17:01 PM,2/5/2026,
736,48.0,gf,2.900,mm,OK,--,9:17:02 PM,2/5/2026,
737,48.1,gf,2.905,mm,OK,--,9:17:02 PM,2/5/2026,
738,48.1,gf,2.905,mm,OK,--,9:17:02 PM,2/5/2026,
739,48.1,gf,2.910,mm,OK,--,9:17:02 PM,2/5/2026,
740,48.1,gf,2.910,mm,OK,--,9:17:02 PM,2/5/2026,
741,48.1,gf,2.915,mm,OK,--,9:17:02 PM,2/5/2026,
742,48.1,gf,2.915,mm,OK,--,9:17:02 PM,2/5/2026,
743,48.1,gf,2.915,mm,OK,--,9:17:02 PM,2/5/2026,
744,48.1,gf,2.920,mm,OK,--,9:17:02 PM,2/5/2026,
745,48.1,gf,2.925,mm,OK,--,9:17:02 PM,2/5/2026,
746,48.1,gf,2.925,mm,OK,--,9:17:03 PM,2/5/2026,
747,48.1,gf,2.930,mm,OK,--,9:17:03 PM,2/5/2026,
748,48.1,gf,2.930,mm,OK,--,9:17:03 PM,2/5/2026,
749,48.1,gf,2.935,mm,OK,--,9:17:03 PM,2/5/2026,
750,48.2,gf,2.935,mm,OK,--,9:17:03 PM,2/5/2026,
751,48.2,gf,2.935,mm,OK,--,9:17:03 PM,2/5/2026,
752,48.2,gf,2.940,mm,OK,--,9:17:03 PM,2/5/2026,
753,48.2,gf,2.945,mm,OK,--,9:17:03 PM,2/5/2026,
754,48.2,gf,2.945,mm,OK,--,9:17:03 PM,2/5/2026,
755,48.2,gf,2.950,mm,OK,--,9:17:03 PM,2/5/2026,
756,48.2,gf,2.955,mm,OK,--,9:17:04 PM,2/5/2026,
757,48.2,gf,2.960,mm,OK,--,9:17:04 PM,2/5/2026,
758,48.3,gf,2.965,mm,OK,--,9:17:04 PM,2/5/2026,
759,48.4,gf,2.975,mm,OK,--,9:17:04 PM,2/5/2026,
760,48.4,gf,2.985,mm,OK,--,9:17:04 PM,2/5/2026,
761,48.4,gf,2.990,mm,OK,--,9:17:04 PM,2/5/2026,
762,48.5,gf,2.995,mm,OK,--,9:17:04 PM,2/5/2026,
763,48.5,gf,3.000,mm,OK,--,9:17:04 PM,2/5/2026,
764,48.4,gf,3.010,mm,OK,--,9:17:04 PM,2/5/2026,
765,48.5,gf,3.015,mm,OK,--,9:17:04 PM,2/5/2026,
766,48.5,gf,3.020,mm,OK,--,9:17:05 PM,2/5/2026,
767,48.5,gf,3.025,mm,OK,--,9:17:05 PM,2/5/2026,
768,48.5,gf,3.030,mm,OK,--,9:17:05 PM,2/5/2026,
769,48.6,gf,3.035,mm,OK,--,9:17:05 PM,2/5/2026,
770,48.6,gf,3.040,mm,OK,--,9:17:05 PM,2/5/2026,
771,48.7,gf,3.045,mm,OK,--,9:17:05 PM,2/5/2026,
772,48.6,gf,3.055,mm,OK,--,9:17:05 PM,2/5/2026,
773,48.6,gf,3.060,mm,OK,--,9:17:05 PM,2/5/2026,
774,48.6,gf,3.065,mm,OK,--,9:17:05 PM,2/5/2026,
775,48.7,gf,3.070,mm,OK,--,9:17:05 PM,2/5/2026,
776,48.8,gf,3.075,mm,OK,--,9:17:06 PM,2/5/2026,
777,48.8,gf,3.075,mm,OK,--,9:17:06 PM,2/5/2026,
778,48.8,gf,3.080,mm,OK,--,9:17:06 PM,2/5/2026,
779,48.8,gf,3.080,mm,OK,--,9:17:06 PM,2/5/2026,
780,48.8,gf,3.085,mm,OK,--,9:17:06 PM,2/5/2026,
781,48.8,gf,3.090,mm,OK,--,9:17:06 PM,2/5/2026,
782,48.9,gf,3.095,mm,OK,--,9:17:06 PM,2/5/2026,
783,48.9,gf,3.100,mm,OK,--,9:17:06 PM,2/5/2026,
784,48.9,gf,3.100,mm,OK,--,9:17:06 PM,2/5/2026,
785,48.9,gf,3.105,mm,OK,--,9:17:06 PM,2/5/2026,
786,48.9,gf,3.110,mm,OK,--,9:17:07 PM,2/5/2026,
787,48.9,gf,3.110,mm,OK,--,9:17:07 PM,2/5/2026,
788,48.8,gf,3.115,mm,OK,--,9:17:07 PM,2/5/2026,
789,48.9,gf,3.120,mm,OK,--,9:17:07 PM,2/5/2026,
790,48.9,gf,3.120,mm,OK,--,9:17:07 PM,2/5/2026,
791,48.9,gf,3.125,mm,OK,--,9:17:07 PM,2/5/2026,
792,48.9,gf,3.130,mm,OK,--,9:17:07 PM,2/5/2026,
793,48.9,gf,3.130,mm,OK,--,9:17:07 PM,2/5/2026,
794,49.0,gf,3.135,mm,OK,--,9:17:07 PM,2/5/2026,
795,49.0,gf,3.135,mm,OK,--,9:17:07 PM,2/5/2026,
796,49.0,gf,3.140,mm,OK,--,9:17:08 PM,2/5/2026,
797,49.0,gf,3.140,mm,OK,--,9:17:08 PM,2/5/2026,
798,49.1,gf,3.145,mm,OK,--,9:17:08 PM,2/5/2026,
799,49.0,gf,3.150,mm,OK,--,9:17:08 PM,2/5/2026,
800,49.1,gf,3.150,mm,OK,--,9:17:08 PM,2/5/2026,
801,49.1,gf,3.155,mm,OK,--,9:17:08 PM,2/5/2026,
802,49.1,gf,3.160,mm,OK,--,9:17:08 PM,2/5/2026,
803,49.1,gf,3.165,mm,OK,--,9:17:08 PM,2/5/2026,
804,49.1,gf,3.170,mm,OK,--,9:17:08 PM,2/5/2026,
805,49.1,gf,3.180,mm,OK,--,9:17:08 PM,2/5/2026,
806,49.1,gf,3.185,mm,OK,--,9:17:09 PM,2/5/2026,
807,49.1,gf,3.190,mm,OK,--,9:17:09 PM,2/5/2026,
808,49.1,gf,3.190,mm,OK,--,9:17:09 PM,2/5/2026,
809,49.1,gf,3.195,mm,OK,--,9:17:09 PM,2/5/2026,
810,49.1,gf,3.200,mm,OK,--,9:17:09 PM,2/5/2026,
811,49.2,gf,3.205,mm,OK,--,9:17:09 PM,2/5/2026,
812,49.2,gf,3.210,mm,OK,--,9:17:09 PM,2/5/2026,
813,49.3,gf,3.215,mm,OK,--,9:17:09 PM,2/5/2026,
814,49.3,gf,3.215,mm,OK,--,9:17:09 PM,2/5/2026,
815,49.3,gf,3.220,mm,OK,--,9:17:09 PM,2/5/2026,
816,49.3,gf,3.225,mm,OK,--,9:17:10 PM,2/5/2026,
817,49.4,gf,3.230,mm,OK,--,9:17:10 PM,2/5/2026,
818,49.4,gf,3.230,mm,OK,--,9:17:10 PM,2/5/2026,
819,49.4,gf,3.235,mm,OK,--,9:17:10 PM,2/5/2026,
820,49.4,gf,3.240,mm,OK,--,9:17:10 PM,2/5/2026,
821,49.4,gf,3.240,mm,OK,--,9:17:10 PM,2/5/2026,
822,49.5,gf,3.245,mm,OK,--,9:17:10 PM,2/5/2026,
823,49.4,gf,3.250,mm,OK,--,9:17:10 PM,2/5/2026,
824,49.4,gf,3.250,mm,OK,--,9:17:10 PM,2/5/2026,
825,49.4,gf,3.255,mm,OK,--,9:17:10 PM,2/5/2026,
826,49.4,gf,3.255,mm,OK,--,9:17:11 PM,2/5/2026,
827,49.4,gf,3.260,mm,OK,--,9:17:11 PM,2/5/2026,
828,49.4,gf,3.265,mm,OK,--,9:17:11 PM,2/5/2026,
829,49.5,gf,3.265,mm,OK,--,9:17:11 PM,2/5/2026,
830,49.5,gf,3.270,mm,OK,--,9:17:11 PM,2/5/2026,
831,49.5,gf,3.270,mm,OK,--,9:17:11 PM,2/5/2026,
832,49.5,gf,3.270,mm,OK,--,9:17:11 PM,2/5/2026,
833,49.5,gf,3.275,mm,OK,--,9:17:11 PM,2/5/2026,
834,49.5,gf,3.280,mm,OK,--,9:17:11 PM,2/5/2026,
835,49.6,gf,3.280,mm,OK,--,9:17:11 PM,2/5/2026,
836,49.6,gf,3.285,mm,OK,--,9:17:12 PM,2/5/2026,
837,49.6,gf,3.290,mm,OK,--,9:17:12 PM,2/5/2026,
838,49.6,gf,3.295,mm,OK,--,9:17:12 PM,2/5/2026,
839,49.6,gf,3.300,mm,OK,--,9:17:12 PM,2/5/2026,
840,49.7,gf,3.300,mm,OK,--,9:17:12 PM,2/5/2026,
841,49.7,gf,3.310,mm,OK,--,9:17:12 PM,2/5/2026,
842,49.7,gf,3.315,mm,OK,--,9:17:12 PM,2/5/2026,
843,49.8,gf,3.320,mm,OK,--,9:17:12 PM,2/5/2026,
844,49.8,gf,3.325,mm,OK,--,9:17:12 PM,2/5/2026,
845,49.8,gf,3.330,mm,OK,--,9:17:12 PM,2/5/2026,
846,49.9,gf,3.335,mm,OK,--,9:17:13 PM,2/5/2026,
847,49.8,gf,3.340,mm,OK,--,9:17:13 PM,2/5/2026,
848,49.9,gf,3.345,mm,OK,--,9:17:13 PM,2/5/2026,
849,49.9,gf,3.350,mm,OK,--,9:17:13 PM,2/5/2026,
850,49.9,gf,3.355,mm,OK,--,9:17:13 PM,2/5/2026,
851,50.0,gf,3.365,mm,OK,--,9:17:13 PM,2/5/2026,
852,50.0,gf,3.370,mm,OK,--,9:17:13 PM,2/5/2026,
853,50.0,gf,3.380,mm,OK,--,9:17:13 PM,2/5/2026,
854,50.0,gf,3.385,mm,OK,--,9:17:13 PM,2/5/2026,
855,50.1,gf,3.395,mm,OK,--,9:17:13 PM,2/5/2026,
856,50.1,gf,3.400,mm,OK,--,9:17:14 PM,2/5/2026,
857,50.1,gf,3.410,mm,OK,--,9:17:14 PM,2/5/2026,
858,50.1,gf,3.415,mm,OK,--,9:17:14 PM,2/5/2026,
859,50.1,gf,3.425,mm,OK,--,9:17:14 PM,2/5/2026,
860,50.2,gf,3.430,mm,OK,--,9:17:14 PM,2/5/2026,
861,50.2,gf,3.435,mm,OK,--,9:17:14 PM,2/5/2026,
862,50.2,gf,3.445,mm,OK,--,9:17:14 PM,2/5/2026,
863,50.2,gf,3.450,mm,OK,--,9:17:14 PM,2/5/2026,
864,50.3,gf,3.455,mm,OK,--,9:17:14 PM,2/5/2026,
865,50.3,gf,3.460,mm,OK,--,9:17:14 PM,2/5/2026,
866,50.4,gf,3.460,mm,OK,--,9:17:15 PM,2/5/2026,
867,50.4,gf,3.465,mm,OK,--,9:17:15 PM,2/5/2026,
868,50.4,gf,3.470,mm,OK,--,9:17:15 PM,2/5/2026,
869,50.4,gf,3.475,mm,OK,--,9:17:15 PM,2/5/2026,
870,50.4,gf,3.480,mm,OK,--,9:17:15 PM,2/5/2026,
871,50.4,gf,3.485,mm,OK,--,9:17:15 PM,2/5/2026,
872,50.4,gf,3.485,mm,OK,--,9:17:15 PM,2/5/2026,
873,50.4,gf,3.490,mm,OK,--,9:17:15 PM,2/5/2026,
874,50.4,gf,3.495,mm,OK,--,9:17:15 PM,2/5/2026,
875,50.4,gf,3.495,mm,OK,--,9:17:15 PM,2/5/2026,
876,50.4,gf,3.500,mm,OK,--,9:17:16 PM,2/5/2026,
877,50.4,gf,3.500,mm,OK,--,9:17:16 PM,2/5/2026,
878,50.4,gf,3.500,mm,OK,--,9:17:16 PM,2/5/2026,
879,50.4,gf,3.505,mm,OK,--,9:17:16 PM,2/5/2026,
880,50.5,gf,3.505,mm,OK,--,9:17:16 PM,2/5/2026,
881,50.4,gf,3.505,mm,OK,--,9:17:16 PM,2/5/2026,
882,50.5,gf,3.510,mm,OK,--,9:17:16 PM,2/5/2026,
883,50.5,gf,3.510,mm,OK,--,9:17:16 PM,2/5/2026,
884,50.5,gf,3.515,mm,OK,--,9:17:16 PM,2/5/2026,
885,50.5,gf,3.515,mm,OK,--,9:17:16 PM,2/5/2026,
886,50.6,gf,3.520,mm,OK,--,9:17:17 PM,2/5/2026,
887,50.6,gf,3.525,mm,OK,--,9:17:17 PM,2/5/2026,
888,50.7,gf,3.530,mm,OK,--,9:17:17 PM,2/5/2026,
889,50.6,gf,3.535,mm,OK,--,9:17:17 PM,2/5/2026,
890,50.7,gf,3.540,mm,OK,--,9:17:17 PM,2/5/2026,
891,50.8,gf,3.550,mm,OK,--,9:17:17 PM,2/5/2026,
892,50.8,gf,3.555,mm,OK,--,9:17:17 PM,2/5/2026,
893,50.8,gf,3.555,mm,OK,--,9:17:17 PM,2/5/2026,
894,50.8,gf,3.560,mm,OK,--,9:17:17 PM,2/5/2026,
895,50.8,gf,3.560,mm,OK,--,9:17:17 PM,2/5/2026,
896,50.9,gf,3.565,mm,OK,--,9:17:18 PM,2/5/2026,
897,50.9,gf,3.565,mm,OK,--,9:17:18 PM,2/5/2026,
898,50.9,gf,3.570,mm,OK,--,9:17:18 PM,2/5/2026,
899,50.9,gf,3.575,mm,OK,--,9:17:18 PM,2/5/2026,
900,50.9,gf,3.580,mm,OK,--,9:17:18 PM,2/5/2026,
901,51.0,gf,3.585,mm,OK,--,9:17:18 PM,2/5/2026,
902,51.0,gf,3.590,mm,OK,--,9:17:18 PM,2/5/2026,
903,51.1,gf,3.595,mm,OK,--,9:17:18 PM,2/5/2026,
904,51.0,gf,3.600,mm,OK,--,9:17:18 PM,2/5/2026,
905,51.1,gf,3.610,mm,OK,--,9:17:18 PM,2/5/2026,
906,51.2,gf,3.615,mm,OK,--,9:17:19 PM,2/5/2026,
907,51.1,gf,3.615,mm,OK,--,9:17:19 PM,2/5/2026,
908,51.2,gf,3.620,mm,OK,--,9:17:19 PM,2/5/2026,
909,51.2,gf,3.625,mm,OK,--,9:17:19 PM,2/5/2026,
910,51.2,gf,3.630,mm,OK,--,9:17:19 PM,2/5/2026,
911,51.2,gf,3.635,mm,OK,--,9:17:19 PM,2/5/2026,
912,51.2,gf,3.635,mm,OK,--,9:17:19 PM,2/5/2026,
913,51.3,gf,3.635,mm,OK,--,9:17:19 PM,2/5/2026,
914,51.3,gf,3.640,mm,OK,--,9:17:19 PM,2/5/2026,
915,51.3,gf,3.640,mm,OK,--,9:17:19 PM,2/5/2026,
916,51.3,gf,3.645,mm,OK,--,9:17:20 PM,2/5/2026,
917,51.3,gf,3.645,mm,OK,--,9:17:20 PM,2/5/2026,
918,51.3,gf,3.650,mm,OK,--,9:17:20 PM,2/5/2026,
919,51.3,gf,3.655,mm,OK,--,9:17:20 PM,2/5/2026,
920,51.3,gf,3.660,mm,OK,--,9:17:20 PM,2/5/2026,
921,51.3,gf,3.665,mm,OK,--,9:17:20 PM,2/5/2026,
922,51.3,gf,3.670,mm,OK,--,9:17:20 PM,2/5/2026,
923,51.5,gf,3.680,mm,OK,--,9:17:20 PM,2/5/2026,
924,51.4,gf,3.685,mm,OK,--,9:17:20 PM,2/5/2026,
925,51.5,gf,3.695,mm,OK,--,9:17:20 PM,2/5/2026,
926,51.5,gf,3.705,mm,OK,--,9:17:21 PM,2/5/2026,
927,51.5,gf,3.710,mm,OK,--,9:17:21 PM,2/5/2026,
928,51.6,gf,3.715,mm,OK,--,9:17:21 PM,2/5/2026,
929,51.6,gf,3.725,mm,OK,--,9:17:21 PM,2/5/2026,
930,51.8,gf,3.735,mm,OK,--,9:17:21 PM,2/5/2026,
931,51.8,gf,3.740,mm,OK,--,9:17:21 PM,2/5/2026,
932,51.8,gf,3.745,mm,OK,--,9:17:21 PM,2/5/2026,
933,51.9,gf,3.750,mm,OK,--,9:17:21 PM,2/5/2026,
934,51.9,gf,3.755,mm,OK,--,9:17:21 PM,2/5/2026,
935,51.9,gf,3.760,mm,OK,--,9:17:21 PM,2/5/2026,
936,52.0,gf,3.765,mm,OK,--,9:17:22 PM,2/5/2026,
937,52.1,gf,3.770,mm,OK,--,9:17:22 PM,2/5/2026,
938,52.1,gf,3.780,mm,OK,--,9:17:22 PM,2/5/2026,
939,52.2,gf,3.785,mm,OK,--,9:17:22 PM,2/5/2026,
940,52.2,gf,3.790,mm,OK,--,9:17:22 PM,2/5/2026,
941,52.3,gf,3.795,mm,OK,--,9:17:22 PM,2/5/2026,
942,52.3,gf,3.800,mm,OK,--,9:17:22 PM,2/5/2026,
943,52.3,gf,3.805,mm,OK,--,9:17:22 PM,2/5/2026,
944,52.3,gf,3.805,mm,OK,--,9:17:22 PM,2/5/2026,
945,52.3,gf,3.810,mm,OK,--,9:17:22 PM,2/5/2026,
946,52.3,gf,3.815,mm,OK,--,9:17:23 PM,2/5/2026,
947,52.4,gf,3.820,mm,OK,--,9:17:23 PM,2/5/2026,
948,53.7,gf,3.825,mm,OK,--,9:17:23 PM,2/5/2026,
949,57.2,gf,3.830,mm,OK,--,9:17:23 PM,2/5/2026,
950,60.7,gf,3.835,mm,OK,--,9:17:23 PM,2/5/2026,
951,63.3,gf,3.840,mm,OK,--,9:17:23 PM,2/5/2026,
952,65.6,gf,3.840,mm,OK,--,9:17:23 PM,2/5/2026,
953,67.7,gf,3.845,mm,OK,--,9:17:23 PM,2/5/2026,
954,69.8,gf,3.845,mm,OK,--,9:17:23 PM,2/5/2026,
955,72.3,gf,3.850,mm,OK,--,9:17:23 PM,2/5/2026,
956,74.6,gf,3.850,mm,OK,--,9:17:24 PM,2/5/2026,
957,77.3,gf,3.855,mm,OK,--,9:17:24 PM,2/5/2026,
958,80.1,gf,3.855,mm,OK,--,9:17:24 PM,2/5/2026,
959,83.4,gf,3.860,mm,OK,--,9:17:24 PM,2/5/2026,
960,87.3,gf,3.865,mm,OK,--,9:17:24 PM,2/5/2026,
961,91.8,gf,3.865,mm,OK,--,9:17:24 PM,2/5/2026,
962,96.6,gf,3.870,mm,OK,--,9:17:24 PM,2/5/2026,
963,102.5,gf,3.880,mm,OK,--,9:17:24 PM,2/5/2026,
964,109.6,gf,3.885,mm,OK,--,9:17:24 PM,2/5/2026,
965,116.9,gf,3.890,mm,OK,--,9:17:24 PM,2/5/2026,
966,122.4,gf,3.900,mm,OK,--,9:17:25 PM,2/5/2026,
967,127.4,gf,3.900,mm,OK,--,9:17:25 PM,2/5/2026,
968,132.5,gf,3.910,mm,OK,--,9:17:25 PM,2/5/2026,
969,136.5,gf,3.910,mm,OK,--,9:17:25 PM,2/5/2026,
970,141.2,gf,3.915,mm,OK,--,9:17:25 PM,2/5/2026,
971,145.9,gf,3.920,mm,OK,--,9:17:25 PM,2/5/2026,
972,151.1,gf,3.925,mm,OK,--,9:17:25 PM,2/5/2026,
973,156.2,gf,3.930,mm,OK,--,9:17:25 PM,2/5/2026,
974,160.7,gf,3.935,mm,OK,--,9:17:25 PM,2/5/2026,
975,163.8,gf,3.940,mm,OK,--,9:17:25 PM,2/5/2026,
976,167.2,gf,3.940,mm,OK,--,9:17:26 PM,2/5/2026,
977,170.6,gf,3.945,mm,OK,--,9:17:26 PM,2/5/2026,
978,174.4,gf,3.950,mm,OK,--,9:17:26 PM,2/5/2026,
979,178.6,gf,3.950,mm,OK,--,9:17:26 PM,2/5/2026,
980,181.8,gf,3.955,mm,OK,--,9:17:26 PM,2/5/2026,
981,184.2,gf,3.955,mm,OK,--,9:17:26 PM,2/5/2026,
982,186.6,gf,3.960,mm,OK,--,9:17:26 PM,2/5/2026,
983,188.2,gf,3.960,mm,OK,--,9:17:26 PM,2/5/2026,
984,189.0,gf,3.960,mm,OK,--,9:17:26 PM,2/5/2026,
985,189.5,gf,3.960,mm,OK,--,9:17:26 PM,2/5/2026,
986,190.1,gf,3.965,mm,OK,--,9:17:27 PM,2/5/2026,
987,190.7,gf,3.965,mm,OK,--,9:17:27 PM,2/5/2026,
988,191.2,gf,3.965,mm,OK,--,9:17:27 PM,2/5/2026,
989,191.2,gf,3.965,mm,OK,--,9:17:27 PM,2/5/2026,
990,191.2,gf,3.965,mm,OK,--,9:17:27 PM,2/5/2026,
991,191.1,gf,3.965,mm,OK,--,9:17:27 PM,2/5/2026,
992,190.9,gf,3.965,mm,OK,--,9:17:27 PM,2/5/2026,
993,190.9,gf,3.965,mm,OK,--,9:17:27 PM,2/5/2026,
994,190.9,gf,3.965,mm,OK,--,9:17:27 PM,2/5/2026,
995,190.9,gf,3.965,mm,OK,--,9:17:27 PM,2/5/2026,
996,190.9,gf,3.965,mm,OK,--,9:17:28 PM,2/5/2026,
997,190.9,gf,3.965,mm,OK,--,9:17:28 PM,2/5/2026,
998,190.8,gf,3.965,mm,OK,--,9:17:28 PM,2/5/2026,
999,190.9,gf,3.965,mm,OK,--,9:17:28 PM,2/5/2026,
1000,190.8,gf,3.965,mm,OK,--,9:17:28 PM,2/5/2026,
1001,190.8,gf,3.965,mm,OK,--,9:17:28 PM,2/5/2026,
1002,190.8,gf,3.965,mm,OK,--,9:17:28 PM,2/5/2026,
1003,190.8,gf,3.965,mm,OK,--,9:17:28 PM,2/5/2026,
1004,190.8,gf,3.965,mm,OK,--,9:17:28 PM,2/5/2026,
1005,190.7,gf,3.965,mm,OK,--,9:17:28 PM,2/5/2026,
1006,190.7,gf,3.965,mm,OK,--,9:17:29 PM,2/5/2026,
1007,190.6,gf,3.965,mm,OK,--,9:17:29 PM,2/5/2026,
1008,190.4,gf,3.965,mm,OK,--,9:17:29 PM,2/5/2026,
1009,190.2,gf,3.965,mm,OK,--,9:17:29 PM,2/5/2026,
1010,190.2,gf,3.965,mm,OK,--,9:17:29 PM,2/5/2026,
1011,190.1,gf,3.965,mm,OK,--,9:17:29 PM,2/5/2026,
1012,190.1,gf,3.965,mm,OK,--,9:17:29 PM,2/5/2026,
1013,190.0,gf,3.965,mm,OK,--,9:17:29 PM,2/5/2026,
1014,189.9,gf,3.965,mm,OK,--,9:17:29 PM,2/5/2026,
1015,189.7,gf,3.965,mm,OK,--,9:17:29 PM,2/5/2026,
1016,188.1,gf,3.965,mm,OK,--,9:17:30 PM,2/5/2026,
1017,187.5,gf,3.965,mm,OK,--,9:17:30 PM,2/5/2026,
1018,187.1,gf,3.960,mm,OK,--,9:17:30 PM,2/5/2026,
1019,186.3,gf,3.960,mm,OK,--,9:17:30 PM,2/5/2026,
1020,185.7,gf,3.960,mm,OK,--,9:17:30 PM,2/5/2026,
1021,185.6,gf,3.960,mm,OK,--,9:17:30 PM,2/5/2026,
1022,185.4,gf,3.960,mm,OK,--,9:17:30 PM,2/5/2026,
1023,184.7,gf,3.960,mm,OK,--,9:17:30 PM,2/5/2026,
1024,183.6,gf,3.960,mm,OK,--,9:17:30 PM,2/5/2026,
1025,182.4,gf,3.960,mm,OK,--,9:17:30 PM,2/5/2026,
1026,181.5,gf,3.955,mm,OK,--,9:17:31 PM,2/5/2026,
1027,180.7,gf,3.955,mm,OK,--,9:17:31 PM,2/5/2026,
1028,180.4,gf,3.955,mm,OK,--,9:17:31 PM,2/5/2026,
1029,179.8,gf,3.955,mm,OK,--,9:17:31 PM,2/5/2026,
1030,179.4,gf,3.955,mm,OK,--,9:17:31 PM,2/5/2026,
1031,178.4,gf,3.955,mm,OK,--,9:17:31 PM,2/5/2026,
1032,177.4,gf,3.955,mm,OK,--,9:17:31 PM,2/5/2026,
1033,176.4,gf,3.955,mm,OK,--,9:17:31 PM,2/5/2026,
1034,175.3,gf,3.950,mm,OK,--,9:17:31 PM,2/5/2026,
1035,174.5,gf,3.950,mm,OK,--,9:17:31 PM,2/5/2026,
1036,174.1,gf,3.950,mm,OK,--,9:17:32 PM,2/5/2026,
1037,173.8,gf,3.950,mm,OK,--,9:17:32 PM,2/5/2026,
1038,173.2,gf,3.950,mm,OK,--,9:17:32 PM,2/5/2026,
1039,172.6,gf,3.950,mm,OK,--,9:17:32 PM,2/5/2026,
1040,171.9,gf,3.950,mm,OK,--,9:17:32 PM,2/5/2026,
1041,171.2,gf,3.950,mm,OK,--,9:17:32 PM,2/5/2026,
1042,170.5,gf,3.945,mm,OK,--,9:17:32 PM,2/5/2026,
1043,169.6,gf,3.945,mm,OK,--,9:17:32 PM,2/5/2026,
1044,168.7,gf,3.945,mm,OK,--,9:17:32 PM,2/5/2026,
1045,168.0,gf,3.945,mm,OK,--,9:17:32 PM,2/5/2026,
1046,167.2,gf,3.945,mm,OK,--,9:17:33 PM,2/5/2026,
1047,166.6,gf,3.945,mm,OK,--,9:17:33 PM,2/5/2026,
1048,165.7,gf,3.940,mm,OK,--,9:17:33 PM,2/5/2026,
1049,164.9,gf,3.940,mm,OK,--,9:17:33 PM,2/5/2026,
1050,164.2,gf,3.940,mm,OK,--,9:17:33 PM,2/5/2026,
1051,163.6,gf,3.940,mm,OK,--,9:17:33 PM,2/5/2026,
1052,163.1,gf,3.940,mm,OK,--,9:17:33 PM,2/5/2026,
1053,162.8,gf,3.940,mm,OK,--,9:17:33 PM,2/5/2026,
1054,162.6,gf,3.940,mm,OK,--,9:17:33 PM,2/5/2026,
1055,162.5,gf,3.940,mm,OK,--,9:17:33 PM,2/5/2026,
1056,162.2,gf,3.940,mm,OK,--,9:17:34 PM,2/5/2026,
1057,161.9,gf,3.940,mm,OK,--,9:17:34 PM,2/5/2026,
1058,161.6,gf,3.940,mm,OK,--,9:17:34 PM,2/5/2026,
1059,161.0,gf,3.940,mm,OK,--,9:17:34 PM,2/5/2026,
1060,159.9,gf,3.935,mm,OK,--,9:17:34 PM,2/5/2026,
1061,158.8,gf,3.935,mm,OK,--,9:17:34 PM,2/5/2026,
1062,157.9,gf,3.935,mm,OK,--,9:17:34 PM,2/5/2026,
1063,156.9,gf,3.935,mm,OK,--,9:17:34 PM,2/5/2026,
1064,155.9,gf,3.935,mm,OK,--,9:17:34 PM,2/5/2026,
1065,154.9,gf,3.930,mm,OK,--,9:17:34 PM,2/5/2026,
1066,153.8,gf,3.930,mm,OK,--,9:17:35 PM,2/5/2026,
1067,152.7,gf,3.930,mm,OK,--,9:17:35 PM,2/5/2026,
1068,151.3,gf,3.930,mm,OK,--,9:17:35 PM,2/5/2026,
1069,149.6,gf,3.930,mm,OK,--,9:17:35 PM,2/5/2026,
1070,147.1,gf,3.925,mm,OK,--,9:17:35 PM,2/5/2026,
1071,143.8,gf,3.920,mm,OK,--,9:17:35 PM,2/5/2026,
1072,140.7,gf,3.920,mm,OK,--,9:17:35 PM,2/5/2026,
1073,138.1,gf,3.915,mm,OK,--,9:17:35 PM,2/5/2026,
1074,136.3,gf,3.915,mm,OK,--,9:17:35 PM,2/5/2026,
1075,133.9,gf,3.915,mm,OK,--,9:17:35 PM,2/5/2026,
1076,131.4,gf,3.910,mm,OK,--,9:17:36 PM,2/5/2026,
1077,128.9,gf,3.910,mm,OK,--,9:17:36 PM,2/5/2026,
1078,126.4,gf,3.905,mm,OK,--,9:17:36 PM,2/5/2026,
1079,123.5,gf,3.900,mm,OK,--,9:17:36 PM,2/5/2026,
1080,119.9,gf,3.900,mm,OK,--,9:17:36 PM,2/5/2026,
1081,116.8,gf,3.895,mm,OK,--,9:17:36 PM,2/5/2026,
1082,114.2,gf,3.895,mm,OK,--,9:17:36 PM,2/5/2026,
1083,111.8,gf,3.890,mm,OK,--,9:17:36 PM,2/5/2026,
1084,109.7,gf,3.890,mm,OK,--,9:17:36 PM,2/5/2026,
1085,107.9,gf,3.885,mm,OK,--,9:17:36 PM,2/5/2026,
1086,106.6,gf,3.885,mm,OK,--,9:17:37 PM,2/5/2026,
1087,105.3,gf,3.885,mm,OK,--,9:17:37 PM,2/5/2026,
1088,104.2,gf,3.885,mm,OK,--,9:17:37 PM,2/5/2026,
1089,103.3,gf,3.880,mm,OK,--,9:17:37 PM,2/5/2026,
1090,102.1,gf,3.880,mm,OK,--,9:17:37 PM,2/5/2026,
1091,100.5,gf,3.880,mm,OK,--,9:17:37 PM,2/5/2026,
1092,99.2,gf,3.880,mm,OK,--,9:17:37 PM,2/5/2026,
1093,98.0,gf,3.875,mm,OK,--,9:17:37 PM,2/5/2026,
1094,96.6,gf,3.875,mm,OK,--,9:17:37 PM,2/5/2026,
1095,94.8,gf,3.875,mm,OK,--,9:17:37 PM,2/5/2026,
1096,93.2,gf,3.870,mm,OK,--,9:17:38 PM,2/5/2026,
1097,91.1,gf,3.870,mm,OK,--,9:17:38 PM,2/5/2026,
1098,88.8,gf,3.870,mm,OK,--,9:17:38 PM,2/5/2026,
1099,86.6,gf,3.865,mm,OK,--,9:17:38 PM,2/5/2026,
1100,84.9,gf,3.865,mm,OK,--,9:17:38 PM,2/5/2026,
1101,83.4,gf,3.860,mm,OK,--,9:17:38 PM,2/5/2026,
1102,81.7,gf,3.860,mm,OK,--,9:17:38 PM,2/5/2026,
1103,79.8,gf,3.860,mm,OK,--,9:17:38 PM,2/5/2026,
1104,77.9,gf,3.855,mm,OK,--,9:17:38 PM,2/5/2026,
1105,76.0,gf,3.855,mm,OK,--,9:17:38 PM,2/5/2026,
1106,74.4,gf,3.855,mm,OK,--,9:17:39 PM,2/5/2026,
1107,73.0,gf,3.855,mm,OK,--,9:17:39 PM,2/5/2026,
1108,71.7,gf,3.850,mm,OK,--,9:17:39 PM,2/5/2026,
1109,70.4,gf,3.850,mm,OK,--,9:17:39 PM,2/5/2026,
1110,68.8,gf,3.850,mm,OK,--,9:17:39 PM,2/5/2026,
1111,67.0,gf,3.845,mm,OK,--,9:17:39 PM,2/5/2026,
1112,64.8,gf,3.845,mm,OK,--,9:17:39 PM,2/5/2026,
1113,62.3,gf,3.840,mm,OK,--,9:17:39 PM,2/5/2026,
1114,59.1,gf,3.840,mm,OK,--,9:17:39 PM,2/5/2026,
1115,55.6,gf,3.835,mm,OK,--,9:17:39 PM,2/5/2026,
1116,52.3,gf,3.830,mm,OK,--,9:17:40 PM,2/5/2026,
1117,50.8,gf,3.830,mm,OK,--,9:17:40 PM,2/5/2026,
1118,50.8,gf,3.825,mm,OK,--,9:17:40 PM,2/5/2026,
1119,50.8,gf,3.820,mm,OK,--,9:17:40 PM,2/5/2026,
1120,50.8,gf,3.820,mm,OK,--,9:17:40 PM,2/5/2026,
1121,50.8,gf,3.815,mm,OK,--,9:17:40 PM,2/5/2026,
1122,50.8,gf,3.815,mm,OK,--,9:17:40 PM,2/5/2026,
1123,50.8,gf,3.810,mm,OK,--,9:17:40 PM,2/5/2026,
1124,50.8,gf,3.810,mm,OK,--,9:17:40 PM,2/5/2026,
1125,50.8,gf,3.810,mm,OK,--,9:17:40 PM,2/5/2026,
1126,50.8,gf,3.810,mm,OK,--,9:17:41 PM,2/5/2026,
1127,50.8,gf,3.805,mm,OK,--,9:17:41 PM,2/5/2026,
1128,50.8,gf,3.805,mm,OK,--,9:17:41 PM,2/5/2026,
1129,50.8,gf,3.800,mm,OK,--,9:17:41 PM,2/5/2026,
1130,50.8,gf,3.800,mm,OK,--,9:17:41 PM,2/5/2026,
1131,50.8,gf,3.800,mm,OK,--,9:17:41 PM,2/5/2026,
1132,50.8,gf,3.795,mm,OK,--,9:17:41 PM,2/5/2026,
1133,50.8,gf,3.795,mm,OK,--,9:17:41 PM,2/5/2026,
1134,50.7,gf,3.790,mm,OK,--,9:17:41 PM,2/5/2026,
1135,50.7,gf,3.790,mm,OK,--,9:17:41 PM,2/5/2026,
1136,50.7,gf,3.790,mm,OK,--,9:17:42 PM,2/5/2026,
1137,50.7,gf,3.785,mm,OK,--,9:17:42 PM,2/5/2026,
1138,50.6,gf,3.780,mm,OK,--,9:17:42 PM,2/5/2026,
1139,50.6,gf,3.775,mm,OK,--,9:17:42 PM,2/5/2026,
1140,50.6,gf,3.775,mm,OK,--,9:17:42 PM,2/5/2026,
1141,50.6,gf,3.770,mm,OK,--,9:17:42 PM,2/5/2026,
1142,50.6,gf,3.765,mm,OK,--,9:17:42 PM,2/5/2026,
1143,50.6,gf,3.760,mm,OK,--,9:17:42 PM,2/5/2026,
1144,50.5,gf,3.750,mm,OK,--,9:17:42 PM,2/5/2026,
1145,50.6,gf,3.745,mm,OK,--,9:17:42 PM,2/5/2026,
1146,50.5,gf,3.740,mm,OK,--,9:17:43 PM,2/5/2026,
1147,50.5,gf,3.735,mm,OK,--,9:17:43 PM,2/5/2026,
1148,50.4,gf,3.725,mm,OK,--,9:17:43 PM,2/5/2026,
1149,50.5,gf,3.720,mm,OK,--,9:17:43 PM,2/5/2026,
1150,50.3,gf,3.710,mm,OK,--,9:17:43 PM,2/5/2026,
1151,50.4,gf,3.705,mm,OK,--,9:17:43 PM,2/5/2026,
1152,50.3,gf,3.695,mm,OK,--,9:17:43 PM,2/5/2026,
1153,50.4,gf,3.685,mm,OK,--,9:17:43 PM,2/5/2026,
1154,50.3,gf,3.680,mm,OK,--,9:17:43 PM,2/5/2026,
1155,50.3,gf,3.670,mm,OK,--,9:17:43 PM,2/5/2026,
1156,50.3,gf,3.665,mm,OK,--,9:17:44 PM,2/5/2026,
1157,50.2,gf,3.655,mm,OK,--,9:17:44 PM,2/5/2026,
1158,50.2,gf,3.650,mm,OK,--,9:17:44 PM,2/5/2026,
1159,50.1,gf,3.640,mm,OK,--,9:17:44 PM,2/5/2026,
1160,50.1,gf,3.635,mm,OK,--,9:17:44 PM,2/5/2026,
1161,50.1,gf,3.630,mm,OK,--,9:17:44 PM,2/5/2026,
1162,50.1,gf,3.625,mm,OK,--,9:17:44 PM,2/5/2026,
1163,50.1,gf,3.620,mm,OK,--,9:17:44 PM,2/5/2026,
1164,50.1,gf,3.615,mm,OK,--,9:17:44 PM,2/5/2026,
1165,50.1,gf,3.610,mm,OK,--,9:17:44 PM,2/5/2026,
1166,50.1,gf,3.610,mm,OK,--,9:17:45 PM,2/5/2026,
1167,50.1,gf,3.605,mm,OK,--,9:17:45 PM,2/5/2026,
1168,50.1,gf,3.605,mm,OK,--,9:17:45 PM,2/5/2026,
1169,50.1,gf,3.600,mm,OK,--,9:17:45 PM,2/5/2026,
1170,50.1,gf,3.600,mm,OK,--,9:17:45 PM,2/5/2026,
1171,50.1,gf,3.600,mm,OK,--,9:17:45 PM,2/5/2026,
1172,50.0,gf,3.595,mm,OK,--,9:17:45 PM,2/5/2026,
1173,50.0,gf,3.590,mm,OK,--,9:17:45 PM,2/5/2026,
1174,50.0,gf,3.585,mm,OK,--,9:17:45 PM,2/5/2026,
1175,50.0,gf,3.585,mm,OK,--,9:17:45 PM,2/5/2026,
1176,50.0,gf,3.580,mm,OK,--,9:17:46 PM,2/5/2026,
1177,50.0,gf,3.575,mm,OK,--,9:17:46 PM,2/5/2026,
1178,50.0,gf,3.570,mm,OK,--,9:17:46 PM,2/5/2026,
1179,50.0,gf,3.565,mm,OK,--,9:17:46 PM,2/5/2026,
1180,50.0,gf,3.560,mm,OK,--,9:17:46 PM,2/5/2026,
1181,49.9,gf,3.560,mm,OK,--,9:17:46 PM,2/5/2026,
1182,49.9,gf,3.555,mm,OK,--,9:17:46 PM,2/5/2026,
1183,49.8,gf,3.550,mm,OK,--,9:17:46 PM,2/5/2026,
1184,49.9,gf,3.545,mm,OK,--,9:17:46 PM,2/5/2026,
1185,49.9,gf,3.545,mm,OK,--,9:17:46 PM,2/5/2026,
1186,49.8,gf,3.540,mm,OK,--,9:17:47 PM,2/5/2026,
1187,49.8,gf,3.540,mm,OK,--,9:17:47 PM,2/5/2026,
1188,49.8,gf,3.535,mm,OK,--,9:17:47 PM,2/5/2026,
1189,49.8,gf,3.535,mm,OK,--,9:17:47 PM,2/5/2026,
1190,49.8,gf,3.530,mm,OK,--,9:17:47 PM,2/5/2026,
1191,49.8,gf,3.530,mm,OK,--,9:17:47 PM,2/5/2026,
1192,49.8,gf,3.525,mm,OK,--,9:17:47 PM,2/5/2026,
1193,49.8,gf,3.525,mm,OK,--,9:17:47 PM,2/5/2026,
1194,49.8,gf,3.520,mm,OK,--,9:17:47 PM,2/5/2026,
1195,49.8,gf,3.515,mm,OK,--,9:17:47 PM,2/5/2026,
1196,49.8,gf,3.515,mm,OK,--,9:17:48 PM,2/5/2026,
1197,49.8,gf,3.510,mm,OK,--,9:17:48 PM,2/5/2026,
1198,49.8,gf,3.505,mm,OK,--,9:17:48 PM,2/5/2026,
1199,49.7,gf,3.505,mm,OK,--,9:17:48 PM,2/5/2026,
1200,49.7,gf,3.500,mm,OK,--,9:17:48 PM,2/5/2026,
1201,49.7,gf,3.500,mm,OK,--,9:17:48 PM,2/5/2026,
1202,49.7,gf,3.495,mm,OK,--,9:17:48 PM,2/5/2026,
1203,49.7,gf,3.490,mm,OK,--,9:17:48 PM,2/5/2026,
1204,49.7,gf,3.485,mm,OK,--,9:17:48 PM,2/5/2026,
1205,49.7,gf,3.480,mm,OK,--,9:17:48 PM,2/5/2026,
1206,49.6,gf,3.475,mm,OK,--,9:17:49 PM,2/5/2026,
1207,49.6,gf,3.475,mm,OK,--,9:17:49 PM,2/5/2026,
1208,49.6,gf,3.470,mm,OK,--,9:17:49 PM,2/5/2026,
1209,49.6,gf,3.465,mm,OK,--,9:17:49 PM,2/5/2026,
1210,49.5,gf,3.460,mm,OK,--,9:17:49 PM,2/5/2026,
1211,49.5,gf,3.455,mm,OK,--,9:17:49 PM,2/5/2026,
1212,49.4,gf,3.450,mm,OK,--,9:17:49 PM,2/5/2026,
1213,49.4,gf,3.445,mm,OK,--,9:17:49 PM,2/5/2026,
1214,49.4,gf,3.445,mm,OK,--,9:17:49 PM,2/5/2026,
1215,49.4,gf,3.440,mm,OK,--,9:17:49 PM,2/5/2026,
1216,49.4,gf,3.435,mm,OK,--,9:17:50 PM,2/5/2026,
1217,49.4,gf,3.430,mm,OK,--,9:17:50 PM,2/5/2026,
1218,49.4,gf,3.430,mm,OK,--,9:17:50 PM,2/5/2026,
1219,49.4,gf,3.420,mm,OK,--,9:17:50 PM,2/5/2026,
1220,49.4,gf,3.420,mm,OK,--,9:17:50 PM,2/5/2026,
1221,49.3,gf,3.415,mm,OK,--,9:17:50 PM,2/5/2026,
1222,49.3,gf,3.410,mm,OK,--,9:17:50 PM,2/5/2026,
1223,49.2,gf,3.400,mm,OK,--,9:17:50 PM,2/5/2026,
1224,49.3,gf,3.395,mm,OK,--,9:17:50 PM,2/5/2026,
1225,49.3,gf,3.390,mm,OK,--,9:17:50 PM,2/5/2026,
1226,49.2,gf,3.385,mm,OK,--,9:17:51 PM,2/5/2026,
1227,49.2,gf,3.380,mm,OK,--,9:17:51 PM,2/5/2026,
1228,49.2,gf,3.375,mm,OK,--,9:17:51 PM,2/5/2026,
1229,49.1,gf,3.370,mm,OK,--,9:17:51 PM,2/5/2026,
1230,49.1,gf,3.360,mm,OK,--,9:17:51 PM,2/5/2026,
1231,49.1,gf,3.355,mm,OK,--,9:17:51 PM,2/5/2026,
1232,49.0,gf,3.350,mm,OK,--,9:17:51 PM,2/5/2026,
1233,49.1,gf,3.345,mm,OK,--,9:17:51 PM,2/5/2026,
1234,48.9,gf,3.335,mm,OK,--,9:17:51 PM,2/5/2026,
1235,48.9,gf,3.330,mm,OK,--,9:17:51 PM,2/5/2026,
1236,49.0,gf,3.320,mm,OK,--,9:17:52 PM,2/5/2026,
1237,48.9,gf,3.315,mm,OK,--,9:17:52 PM,2/5/2026,
1238,48.9,gf,3.310,mm,OK,--,9:17:52 PM,2/5/2026,
1239,48.9,gf,3.305,mm,OK,--,9:17:52 PM,2/5/2026,
1240,48.8,gf,3.295,mm,OK,--,9:17:52 PM,2/5/2026,
1241,48.8,gf,3.290,mm,OK,--,9:17:52 PM,2/5/2026,
1242,48.7,gf,3.280,mm,OK,--,9:17:52 PM,2/5/2026,
1243,48.7,gf,3.275,mm,OK,--,9:17:52 PM,2/5/2026,
1244,48.7,gf,3.265,mm,OK,--,9:17:52 PM,2/5/2026,
1245,48.7,gf,3.260,mm,OK,--,9:17:52 PM,2/5/2026,
1246,48.7,gf,3.255,mm,OK,--,9:17:53 PM,2/5/2026,
1247,48.7,gf,3.250,mm,OK,--,9:17:53 PM,2/5/2026,
1248,48.7,gf,3.245,mm,OK,--,9:17:53 PM,2/5/2026,
1249,48.7,gf,3.235,mm,OK,--,9:17:53 PM,2/5/2026,
1250,48.6,gf,3.225,mm,OK,--,9:17:53 PM,2/5/2026,
1251,48.5,gf,3.220,mm,OK,--,9:17:53 PM,2/5/2026,
1252,48.5,gf,3.215,mm,OK,--,9:17:53 PM,2/5/2026,
1253,48.4,gf,3.210,mm,OK,--,9:17:53 PM,2/5/2026,
1254,48.3,gf,3.205,mm,OK,--,9:17:53 PM,2/5/2026,
1255,48.3,gf,3.195,mm,OK,--,9:17:53 PM,2/5/2026,
1256,48.4,gf,3.190,mm,OK,--,9:17:54 PM,2/5/2026,
1257,48.3,gf,3.185,mm,OK,--,9:17:54 PM,2/5/2026,
1258,48.4,gf,3.175,mm,OK,--,9:17:54 PM,2/5/2026,
1259,48.4,gf,3.170,mm,OK,--,9:17:54 PM,2/5/2026,
1260,48.4,gf,3.165,mm,OK,--,9:17:54 PM,2/5/2026,
1261,48.3,gf,3.160,mm,OK,--,9:17:54 PM,2/5/2026,
1262,48.3,gf,3.155,mm,OK,--,9:17:54 PM,2/5/2026,
1263,48.3,gf,3.150,mm,OK,--,9:17:54 PM,2/5/2026,
1264,48.2,gf,3.140,mm,OK,--,9:17:54 PM,2/5/2026,
1265,48.1,gf,3.135,mm,OK,--,9:17:54 PM,2/5/2026,
1266,48.1,gf,3.130,mm,OK,--,9:17:55 PM,2/5/2026,
1267,48.1,gf,3.125,mm,OK,--,9:17:55 PM,2/5/2026,
1268,48.0,gf,3.110,mm,OK,--,9:17:55 PM,2/5/2026,
1269,47.9,gf,3.095,mm,OK,--,9:17:55 PM,2/5/2026,
1270,47.9,gf,3.085,mm,OK,--,9:17:55 PM,2/5/2026,
1271,47.8,gf,3.080,mm,OK,--,9:17:55 PM,2/5/2026,
1272,47.8,gf,3.075,mm,OK,--,9:17:55 PM,2/5/2026,
1273,47.8,gf,3.070,mm,OK,--,9:17:55 PM,2/5/2026,
1274,47.8,gf,3.070,mm,OK,--,9:17:55 PM,2/5/2026,
1275,47.8,gf,3.065,mm,OK,--,9:17:55 PM,2/5/2026,
1276,47.8,gf,3.060,mm,OK,--,9:17:56 PM,2/5/2026,
1277,47.9,gf,3.060,mm,OK,--,9:17:56 PM,2/5/2026,
1278,47.9,gf,3.055,mm,OK,--,9:17:56 PM,2/5/2026,
1279,47.9,gf,3.055,mm,OK,--,9:17:56 PM,2/5/2026,
1280,47.9,gf,3.050,mm,OK,--,9:17:56 PM,2/5/2026,
1281,47.8,gf,3.045,mm,OK,--,9:17:56 PM,2/5/2026,
1282,47.8,gf,3.040,mm,OK,--,9:17:56 PM,2/5/2026,
1283,47.8,gf,3.040,mm,OK,--,9:17:56 PM,2/5/2026,
1284,47.8,gf,3.035,mm,OK,--,9:17:56 PM,2/5/2026,
1285,47.7,gf,3.025,mm,OK,--,9:17:56 PM,2/5/2026,
1286,47.7,gf,3.020,mm,OK,--,9:17:57 PM,2/5/2026,
1287,47.7,gf,3.015,mm,OK,--,9:17:57 PM,2/5/2026,
1288,47.7,gf,3.005,mm,OK,--,9:17:57 PM,2/5/2026,
1289,47.6,gf,2.995,mm,OK,--,9:17:57 PM,2/5/2026,
1290,47.5,gf,2.985,mm,OK,--,9:17:57 PM,2/5/2026,
1291,47.5,gf,2.980,mm,OK,--,9:17:57 PM,2/5/2026,
1292,47.5,gf,2.970,mm,OK,--,9:17:57 PM,2/5/2026,
1293,47.4,gf,2.960,mm,OK,--,9:17:57 PM,2/5/2026,
1294,47.4,gf,2.955,mm,OK,--,9:17:57 PM,2/5/2026,
1295,47.4,gf,2.945,mm,OK,--,9:17:57 PM,2/5/2026,
1296,47.4,gf,2.940,mm,OK,--,9:17:58 PM,2/5/2026,
1297,47.4,gf,2.925,mm,OK,--,9:17:58 PM,2/5/2026,
1298,47.3,gf,2.915,mm,OK,--,9:17:58 PM,2/5/2026,
1299,47.3,gf,2.905,mm,OK,--,9:17:58 PM,2/5/2026,
1300,47.2,gf,2.895,mm,OK,--,9:17:58 PM,2/5/2026,
1301,47.2,gf,2.885,mm,OK,--,9:17:58 PM,2/5/2026,
1302,47.2,gf,2.875,mm,OK,--,9:17:58 PM,2/5/2026,
1303,47.2,gf,2.865,mm,OK,--,9:17:58 PM,2/5/2026,
1304,47.1,gf,2.855,mm,OK,--,9:17:58 PM,2/5/2026,
1305,47.1,gf,2.845,mm,OK,--,9:17:58 PM,2/5/2026,
1306,46.9,gf,2.835,mm,OK,--,9:17:59 PM,2/5/2026,
1307,46.9,gf,2.825,mm,OK,--,9:17:59 PM,2/5/2026,
1308,46.9,gf,2.820,mm,OK,--,9:17:59 PM,2/5/2026,
1309,46.9,gf,2.815,mm,OK,--,9:17:59 PM,2/5/2026,
1310,46.9,gf,2.805,mm,OK,--,9:17:59 PM,2/5/2026,
1311,46.8,gf,2.800,mm,OK,--,9:17:59 PM,2/5/2026,
1312,46.7,gf,2.795,mm,OK,--,9:17:59 PM,2/5/2026,
1313,46.7,gf,2.785,mm,OK,--,9:17:59 PM,2/5/2026,
1314,46.7,gf,2.775,mm,OK,--,9:17:59 PM,2/5/2026,
1315,46.7,gf,2.770,mm,OK,--,9:17:59 PM,2/5/2026,
1316,46.7,gf,2.770,mm,OK,--,9:18:00 PM,2/5/2026,
1317,46.6,gf,2.765,mm,OK,--,9:18:00 PM,2/5/2026,
1318,46.6,gf,2.760,mm,OK,--,9:18:00 PM,2/5/2026,
1319,46.6,gf,2.755,mm,OK,--,9:18:00 PM,2/5/2026,
1320,46.6,gf,2.750,mm,OK,--,9:18:00 PM,2/5/2026,
1321,46.6,gf,2.745,mm,OK,--,9:18:00 PM,2/5/2026,
1322,46.6,gf,2.745,mm,OK,--,9:18:00 PM,2/5/2026,
1323,46.5,gf,2.740,mm,OK,--,9:18:00 PM,2/5/2026,
1324,46.5,gf,2.735,mm,OK,--,9:18:00 PM,2/5/2026,
1325,46.5,gf,2.730,mm,OK,--,9:18:00 PM,2/5/2026,
1326,46.4,gf,2.720,mm,OK,--,9:18:01 PM,2/5/2026,
1327,46.4,gf,2.710,mm,OK,--,9:18:01 PM,2/5/2026,
1328,46.4,gf,2.705,mm,OK,--,9:18:01 PM,2/5/2026,
1329,46.3,gf,2.700,mm,OK,--,9:18:01 PM,2/5/2026,
1330,46.3,gf,2.695,mm,OK,--,9:18:01 PM,2/5/2026,
1331,46.2,gf,2.690,mm,OK,--,9:18:01 PM,2/5/2026,
1332,46.2,gf,2.685,mm,OK,--,9:18:01 PM,2/5/2026,
1333,46.2,gf,2.680,mm,OK,--,9:18:01 PM,2/5/2026,
1334,46.2,gf,2.675,mm,OK,--,9:18:01 PM,2/5/2026,
1335,46.2,gf,2.670,mm,OK,--,9:18:01 PM,2/5/2026,
1336,46.2,gf,2.660,mm,OK,--,9:18:02 PM,2/5/2026,
1337,46.2,gf,2.655,mm,OK,--,9:18:02 PM,2/5/2026,
1338,46.1,gf,2.650,mm,OK,--,9:18:02 PM,2/5/2026,
1339,46.1,gf,2.645,mm,OK,--,9:18:02 PM,2/5/2026,
1340,46.1,gf,2.645,mm,OK,--,9:18:02 PM,2/5/2026,
1341,46.1,gf,2.640,mm,OK,--,9:18:02 PM,2/5/2026,
1342,46.1,gf,2.630,mm,OK,--,9:18:02 PM,2/5/2026,
1343,46.1,gf,2.625,mm,OK,--,9:18:02 PM,2/5/2026,
1344,46.0,gf,2.615,mm,OK,--,9:18:02 PM,2/5/2026,
1345,46.0,gf,2.610,mm,OK,--,9:18:02 PM,2/5/2026,
1346,46.0,gf,2.595,mm,OK,--,9:18:03 PM,2/5/2026,
1347,45.9,gf,2.590,mm,OK,--,9:18:03 PM,2/5/2026,
1348,45.8,gf,2.585,mm,OK,--,9:18:03 PM,2/5/2026,
1349,45.8,gf,2.580,mm,OK,--,9:18:03 PM,2/5/2026,
1350,45.8,gf,2.575,mm,OK,--,9:18:03 PM,2/5/2026,
1351,45.8,gf,2.570,mm,OK,--,9:18:03 PM,2/5/2026,
1352,45.8,gf,2.565,mm,OK,--,9:18:03 PM,2/5/2026,
1353,45.7,gf,2.555,mm,OK,--,9:18:03 PM,2/5/2026,
1354,45.7,gf,2.545,mm,OK,--,9:18:03 PM,2/5/2026,
1355,45.7,gf,2.535,mm,OK,--,9:18:03 PM,2/5/2026,
1356,45.7,gf,2.525,mm,OK,--,9:18:04 PM,2/5/2026,
1357,45.7,gf,2.520,mm,OK,--,9:18:04 PM,2/5/2026,
1358,45.6,gf,2.510,mm,OK,--,9:18:04 PM,2/5/2026,
1359,45.6,gf,2.505,mm,OK,--,9:18:04 PM,2/5/2026,
1360,45.5,gf,2.495,mm,OK,--,9:18:04 PM,2/5/2026,
1361,45.5,gf,2.485,mm,OK,--,9:18:04 PM,2/5/2026,
1362,45.5,gf,2.475,mm,OK,--,9:18:04 PM,2/5/2026,
1363,45.4,gf,2.470,mm,OK,--,9:18:04 PM,2/5/2026,
1364,45.4,gf,2.465,mm,OK,--,9:18:04 PM,2/5/2026,
1365,45.3,gf,2.455,mm,OK,--,9:18:04 PM,2/5/2026,
1366,45.3,gf,2.450,mm,OK,--,9:18:05 PM,2/5/2026,
1367,45.3,gf,2.440,mm,OK,--,9:18:05 PM,2/5/2026,
1368,45.2,gf,2.430,mm,OK,--,9:18:05 PM,2/5/2026,
1369,45.2,gf,2.420,mm,OK,--,9:18:05 PM,2/5/2026,
1370,45.1,gf,2.415,mm,OK,--,9:18:05 PM,2/5/2026,
1371,45.1,gf,2.405,mm,OK,--,9:18:05 PM,2/5/2026,
1372,45.0,gf,2.400,mm,OK,--,9:18:05 PM,2/5/2026,
1373,45.0,gf,2.395,mm,OK,--,9:18:05 PM,2/5/2026,
1374,44.9,gf,2.395,mm,OK,--,9:18:05 PM,2/5/2026,
1375,44.8,gf,2.385,mm,OK,--,9:18:05 PM,2/5/2026,
1376,44.8,gf,2.380,mm,OK,--,9:18:06 PM,2/5/2026,
1377,44.7,gf,2.375,mm,OK,--,9:18:06 PM,2/5/2026,
1378,44.7,gf,2.365,mm,OK,--,9:18:06 PM,2/5/2026,
1379,44.7,gf,2.360,mm,OK,--,9:18:06 PM,2/5/2026,
1380,44.7,gf,2.350,mm,OK,--,9:18:06 PM,2/5/2026,
1381,44.7,gf,2.345,mm,OK,--,9:18:06 PM,2/5/2026,
1382,44.6,gf,2.340,mm,OK,--,9:18:06 PM,2/5/2026,
1383,44.6,gf,2.330,mm,OK,--,9:18:06 PM,2/5/2026,
1384,44.6,gf,2.320,mm,OK,--,9:18:06 PM,2/5/2026,
1385,44.6,gf,2.315,mm,OK,--,9:18:06 PM,2/5/2026,
1386,44.5,gf,2.305,mm,OK,--,9:18:07 PM,2/5/2026,
1387,44.5,gf,2.300,mm,OK,--,9:18:07 PM,2/5/2026,
1388,44.4,gf,2.290,mm,OK,--,9:18:07 PM,2/5/2026,
1389,44.2,gf,2.285,mm,OK,--,9:18:07 PM,2/5/2026,
1390,43.9,gf,2.280,mm,OK,--,9:18:07 PM,2/5/2026,
1391,43.7,gf,2.275,mm,OK,--,9:18:07 PM,2/5/2026,
1392,43.5,gf,2.265,mm,OK,--,9:18:07 PM,2/5/2026,
1393,43.2,gf,2.260,mm,OK,--,9:18:07 PM,2/5/2026,
1394,43.1,gf,2.255,mm,OK,--,9:18:07 PM,2/5/2026,
1395,42.8,gf,2.250,mm,OK,--,9:18:07 PM,2/5/2026,
1396,42.6,gf,2.245,mm,OK,--,9:18:08 PM,2/5/2026,
1397,42.4,gf,2.245,mm,OK,--,9:18:08 PM,2/5/2026,
1398,42.3,gf,2.240,mm,OK,--,9:18:08 PM,2/5/2026,
1399,42.0,gf,2.235,mm,OK,--,9:18:08 PM,2/5/2026,
1400,41.8,gf,2.225,mm,OK,--,9:18:08 PM,2/5/2026,
1401,41.6,gf,2.220,mm,OK,--,9:18:08 PM,2/5/2026,
1402,41.5,gf,2.215,mm,OK,--,9:18:08 PM,2/5/2026,
1403,41.3,gf,2.210,mm,OK,--,9:18:08 PM,2/5/2026,
1404,41.2,gf,2.205,mm,OK,--,9:18:08 PM,2/5/2026,
1405,40.9,gf,2.200,mm,OK,--,9:18:08 PM,2/5/2026,
1406,40.6,gf,2.195,mm,OK,--,9:18:09 PM,2/5/2026,
1407,40.3,gf,2.185,mm,OK,--,9:18:09 PM,2/5/2026,
1408,40.0,gf,2.180,mm,OK,--,9:18:09 PM,2/5/2026,
1409,39.8,gf,2.170,mm,OK,--,9:18:09 PM,2/5/2026,
1410,39.4,gf,2.165,mm,OK,--,9:18:09 PM,2/5/2026,
1411,39.2,gf,2.155,mm,OK,--,9:18:09 PM,2/5/2026,
1412,39.1,gf,2.150,mm,OK,--,9:18:09 PM,2/5/2026,
1413,38.8,gf,2.145,mm,OK,--,9:18:09 PM,2/5/2026,
1414,38.8,gf,2.135,mm,OK,--,9:18:09 PM,2/5/2026,
1415,38.8,gf,2.130,mm,OK,--,9:18:09 PM,2/5/2026,
1416,38.7,gf,2.120,mm,OK,--,9:18:10 PM,2/5/2026,
1417,38.6,gf,2.115,mm,OK,--,9:18:10 PM,2/5/2026,
1418,38.6,gf,2.110,mm,OK,--,9:18:10 PM,2/5/2026,
1419,38.5,gf,2.105,mm,OK,--,9:18:10 PM,2/5/2026,
1420,38.4,gf,2.095,mm,OK,--,9:18:10 PM,2/5/2026,
1421,38.2,gf,2.085,mm,OK,--,9:18:10 PM,2/5/2026,
1422,38.2,gf,2.080,mm,OK,--,9:18:10 PM,2/5/2026,
1423,38.2,gf,2.070,mm,OK,--,9:18:10 PM,2/5/2026,
1424,38.1,gf,2.065,mm,OK,--,9:18:10 PM,2/5/2026,
1425,38.1,gf,2.055,mm,OK,--,9:18:10 PM,2/5/2026,
1426,38.2,gf,2.050,mm,OK,--,9:18:11 PM,2/5/2026,
1427,38.1,gf,2.045,mm,OK,--,9:18:11 PM,2/5/2026,
1428,38.1,gf,2.035,mm,OK,--,9:18:11 PM,2/5/2026,
1429,38.0,gf,2.025,mm,OK,--,9:18:11 PM,2/5/2026,
1430,38.0,gf,2.020,mm,OK,--,9:18:11 PM,2/5/2026,
1431,37.9,gf,2.015,mm,OK,--,9:18:11 PM,2/5/2026,
1432,38.0,gf,2.010,mm,OK,--,9:18:11 PM,2/5/2026,
1433,37.8,gf,2.005,mm,OK,--,9:18:11 PM,2/5/2026,
1434,37.9,gf,2.000,mm,OK,--,9:18:11 PM,2/5/2026,
1435,37.8,gf,2.000,mm,OK,--,9:18:11 PM,2/5/2026,
1436,37.6,gf,1.995,mm,OK,--,9:18:12 PM,2/5/2026,
1437,37.7,gf,1.990,mm,OK,--,9:18:12 PM,2/5/2026,
1438,37.7,gf,1.985,mm,OK,--,9:18:12 PM,2/5/2026,
1439,37.7,gf,1.985,mm,OK,--,9:18:12 PM,2/5/2026,
1440,37.8,gf,1.980,mm,OK,--,9:18:12 PM,2/5/2026,
1441,37.7,gf,1.980,mm,OK,--,9:18:12 PM,2/5/2026,
1442,37.5,gf,1.975,mm,OK,--,9:18:12 PM,2/5/2026,
1443,37.5,gf,1.970,mm,OK,--,9:18:12 PM,2/5/2026,
1444,37.5,gf,1.965,mm,OK,--,9:18:12 PM,2/5/2026,
1445,37.5,gf,1.955,mm,OK,--,9:18:12 PM,2/5/2026,
1446,37.5,gf,1.950,mm,OK,--,9:18:13 PM,2/5/2026,
1447,37.4,gf,1.945,mm,OK,--,9:18:13 PM,2/5/2026,
1448,37.4,gf,1.940,mm,OK,--,9:18:13 PM,2/5/2026,
1449,37.5,gf,1.935,mm,OK,--,9:18:13 PM,2/5/2026,
1450,37.4,gf,1.930,mm,OK,--,9:18:13 PM,2/5/2026,
1451,37.4,gf,1.925,mm,OK,--,9:18:13 PM,2/5/2026,
1452,37.4,gf,1.915,mm,OK,--,9:18:13 PM,2/5/2026,
1453,37.3,gf,1.910,mm,OK,--,9:18:13 PM,2/5/2026,
1454,37.3,gf,1.905,mm,OK,--,9:18:13 PM,2/5/2026,
1455,37.2,gf,1.905,mm,OK,--,9:18:13 PM,2/5/2026,
1456,37.1,gf,1.900,mm,OK,--,9:18:14 PM,2/5/2026,
1457,37.1,gf,1.895,mm,OK,--,9:18:14 PM,2/5/2026,
1458,37.1,gf,1.890,mm,OK,--,9:18:14 PM,2/5/2026,
1459,37.0,gf,1.880,mm,OK,--,9:18:14 PM,2/5/2026,
1460,36.9,gf,1.875,mm,OK,--,9:18:14 PM,2/5/2026,
1461,36.7,gf,1.865,mm,OK,--,9:18:14 PM,2/5/2026,
1462,36.9,gf,1.855,mm,OK,--,9:18:14 PM,2/5/2026,
1463,36.9,gf,1.850,mm,OK,--,9:18:14 PM,2/5/2026,
1464,36.7,gf,1.840,mm,OK,--,9:18:14 PM,2/5/2026,
1465,36.7,gf,1.835,mm,OK,--,9:18:14 PM,2/5/2026,
1466,36.6,gf,1.825,mm,OK,--,9:18:15 PM,2/5/2026,
1467,36.7,gf,1.820,mm,OK,--,9:18:15 PM,2/5/2026,
1468,36.6,gf,1.820,mm,OK,--,9:18:15 PM,2/5/2026,
1469,36.5,gf,1.815,mm,OK,--,9:18:15 PM,2/5/2026,
1470,36.4,gf,1.810,mm,OK,--,9:18:15 PM,2/5/2026,
1471,36.5,gf,1.805,mm,OK,--,9:18:15 PM,2/5/2026,
1472,36.3,gf,1.795,mm,OK,--,9:18:15 PM,2/5/2026,
1473,36.4,gf,1.790,mm,OK,--,9:18:15 PM,2/5/2026,
1474,36.3,gf,1.790,mm,OK,--,9:18:15 PM,2/5/2026,
1475,36.3,gf,1.785,mm,OK,--,9:18:15 PM,2/5/2026,
1476,36.3,gf,1.780,mm,OK,--,9:18:16 PM,2/5/2026,
1477,36.1,gf,1.770,mm,OK,--,9:18:16 PM,2/5/2026,
1478,36.2,gf,1.765,mm,OK,--,9:18:16 PM,2/5/2026,
1479,36.2,gf,1.755,mm,OK,--,9:18:16 PM,2/5/2026,
1480,36.1,gf,1.750,mm,OK,--,9:18:16 PM,2/5/2026,
1481,36.1,gf,1.745,mm,OK,--,9:18:16 PM,2/5/2026,
1482,36.1,gf,1.740,mm,OK,--,9:18:16 PM,2/5/2026,
1483,36.0,gf,1.735,mm,OK,--,9:18:16 PM,2/5/2026,
1484,36.0,gf,1.730,mm,OK,--,9:18:16 PM,2/5/2026,
1485,35.9,gf,1.725,mm,OK,--,9:18:16 PM,2/5/2026,
1486,35.9,gf,1.720,mm,OK,--,9:18:17 PM,2/5/2026,
1487,35.8,gf,1.715,mm,OK,--,9:18:17 PM,2/5/2026,
1488,35.8,gf,1.710,mm,OK,--,9:18:17 PM,2/5/2026,
1489,35.9,gf,1.705,mm,OK,--,9:18:17 PM,2/5/2026,
1490,35.8,gf,1.700,mm,OK,--,9:18:17 PM,2/5/2026,
1491,35.9,gf,1.695,mm,OK,--,9:18:17 PM,2/5/2026,
1492,35.8,gf,1.690,mm,OK,--,9:18:17 PM,2/5/2026,
1493,35.7,gf,1.685,mm,OK,--,9:18:17 PM,2/5/2026,
1494,35.6,gf,1.675,mm,OK,--,9:18:17 PM,2/5/2026,
1495,35.6,gf,1.670,mm,OK,--,9:18:17 PM,2/5/2026,
1496,35.5,gf,1.665,mm,OK,--,9:18:18 PM,2/5/2026,
1497,35.5,gf,1.660,mm,OK,--,9:18:18 PM,2/5/2026,
1498,35.6,gf,1.655,mm,OK,--,9:18:18 PM,2/5/2026,
1499,35.5,gf,1.655,mm,OK,--,9:18:18 PM,2/5/2026,
1500,35.4,gf,1.650,mm,OK,--,9:18:18 PM,2/5/2026,
1501,35.4,gf,1.645,mm,OK,--,9:18:18 PM,2/5/2026,
1502,35.4,gf,1.640,mm,OK,--,9:18:18 PM,2/5/2026,
1503,35.3,gf,1.635,mm,OK,--,9:18:18 PM,2/5/2026,
1504,35.3,gf,1.630,mm,OK,--,9:18:18 PM,2/5/2026,
1505,35.3,gf,1.630,mm,OK,--,9:18:18 PM,2/5/2026,
1506,35.2,gf,1.625,mm,OK,--,9:18:19 PM,2/5/2026,
1507,35.1,gf,1.620,mm,OK,--,9:18:19 PM,2/5/2026,
1508,35.1,gf,1.615,mm,OK,--,9:18:19 PM,2/5/2026,
1509,35.1,gf,1.610,mm,OK,--,9:18:19 PM,2/5/2026,
1510,35.1,gf,1.605,mm,OK,--,9:18:19 PM,2/5/2026,
1511,35.1,gf,1.605,mm,OK,--,9:18:19 PM,2/5/2026,
1512,35.1,gf,1.600,mm,OK,--,9:18:19 PM,2/5/2026,
1513,35.1,gf,1.595,mm,OK,--,9:18:19 PM,2/5/2026,
1514,35.1,gf,1.595,mm,OK,--,9:18:19 PM,2/5/2026,
1515,35.0,gf,1.590,mm,OK,--,9:18:19 PM,2/5/2026,
1516,34.9,gf,1.585,mm,OK,--,9:18:20 PM,2/5/2026,
1517,34.8,gf,1.575,mm,OK,--,9:18:20 PM,2/5/2026,
1518,34.9,gf,1.570,mm,OK,--,9:18:20 PM,2/5/2026,
1519,34.8,gf,1.565,mm,OK,--,9:18:20 PM,2/5/2026,
1520,35.0,gf,1.560,mm,OK,--,9:18:20 PM,2/5/2026,
1521,35.0,gf,1.555,mm,OK,--,9:18:20 PM,2/5/2026,
1522,34.8,gf,1.550,mm,OK,--,9:18:20 PM,2/5/2026,
1523,34.8,gf,1.545,mm,OK,--,9:18:20 PM,2/5/2026,
1524,34.7,gf,1.540,mm,OK,--,9:18:20 PM,2/5/2026,
1525,34.7,gf,1.530,mm,OK,--,9:18:20 PM,2/5/2026,
1526,34.7,gf,1.525,mm,OK,--,9:18:21 PM,2/5/2026,
1527,34.5,gf,1.520,mm,OK,--,9:18:21 PM,2/5/2026,
1528,34.5,gf,1.515,mm,OK,--,9:18:21 PM,2/5/2026,
1529,34.5,gf,1.510,mm,OK,--,9:18:21 PM,2/5/2026,
1530,34.3,gf,1.510,mm,OK,--,9:18:21 PM,2/5/2026,
1531,34.3,gf,1.505,mm,OK,--,9:18:21 PM,2/5/2026,
1532,34.2,gf,1.500,mm,OK,--,9:18:21 PM,2/5/2026,
1533,34.2,gf,1.495,mm,OK,--,9:18:21 PM,2/5/2026,
1534,34.2,gf,1.490,mm,OK,--,9:18:21 PM,2/5/2026,
1535,34.2,gf,1.485,mm,OK,--,9:18:21 PM,2/5/2026,
1536,34.3,gf,1.480,mm,OK,--,9:18:22 PM,2/5/2026,
1537,34.1,gf,1.475,mm,OK,--,9:18:22 PM,2/5/2026,
1538,34.0,gf,1.470,mm,OK,--,9:18:22 PM,2/5/2026,
1539,34.1,gf,1.460,mm,OK,--,9:18:22 PM,2/5/2026,
1540,34.1,gf,1.455,mm,OK,--,9:18:22 PM,2/5/2026,
1541,34.0,gf,1.450,mm,OK,--,9:18:22 PM,2/5/2026,
1542,34.1,gf,1.445,mm,OK,--,9:18:22 PM,2/5/2026,
1543,34.1,gf,1.440,mm,OK,--,9:18:22 PM,2/5/2026,
1544,34.1,gf,1.440,mm,OK,--,9:18:22 PM,2/5/2026,
1545,34.0,gf,1.435,mm,OK,--,9:18:22 PM,2/5/2026,
1546,33.8,gf,1.430,mm,OK,--,9:18:23 PM,2/5/2026,
1547,33.8,gf,1.425,mm,OK,--,9:18:23 PM,2/5/2026,
1548,33.8,gf,1.420,mm,OK,--,9:18:23 PM,2/5/2026,
1549,33.8,gf,1.410,mm,OK,--,9:18:23 PM,2/5/2026,
1550,33.7,gf,1.405,mm,OK,--,9:18:23 PM,2/5/2026,
1551,33.7,gf,1.395,mm,OK,--,9:18:23 PM,2/5/2026,
1552,33.5,gf,1.390,mm,OK,--,9:18:23 PM,2/5/2026,
1553,33.5,gf,1.380,mm,OK,--,9:18:23 PM,2/5/2026,
1554,33.6,gf,1.375,mm,OK,--,9:18:23 PM,2/5/2026,
1555,33.7,gf,1.370,mm,OK,--,9:18:23 PM,2/5/2026,
1556,33.6,gf,1.365,mm,OK,--,9:18:24 PM,2/5/2026,
1557,33.5,gf,1.360,mm,OK,--,9:18:24 PM,2/5/2026,
1558,33.5,gf,1.355,mm,OK,--,9:18:24 PM,2/5/2026,
1559,33.4,gf,1.350,mm,OK,--,9:18:24 PM,2/5/2026,
1560,33.4,gf,1.345,mm,OK,--,9:18:24 PM,2/5/2026,
1561,33.3,gf,1.340,mm,OK,--,9:18:24 PM,2/5/2026,
1562,33.3,gf,1.335,mm,OK,--,9:18:24 PM,2/5/2026,
1563,33.3,gf,1.330,mm,OK,--,9:18:24 PM,2/5/2026,
1564,33.1,gf,1.325,mm,OK,--,9:18:24 PM,2/5/2026,
1565,33.3,gf,1.320,mm,OK,--,9:18:24 PM,2/5/2026,
1566,33.2,gf,1.320,mm,OK,--,9:18:25 PM,2/5/2026,
1567,33.2,gf,1.315,mm,OK,--,9:18:25 PM,2/5/2026,
1568,33.1,gf,1.310,mm,OK,--,9:18:25 PM,2/5/2026,
1569,33.1,gf,1.305,mm,OK,--,9:18:25 PM,2/5/2026,
1570,32.9,gf,1.305,mm,OK,--,9:18:25 PM,2/5/2026,
1571,33.0,gf,1.300,mm,OK,--,9:18:25 PM,2/5/2026,
1572,32.9,gf,1.295,mm,OK,--,9:18:25 PM,2/5/2026,
1573,32.9,gf,1.290,mm,OK,--,9:18:25 PM,2/5/2026,
1574,32.9,gf,1.285,mm,OK,--,9:18:25 PM,2/5/2026,
1575,33.0,gf,1.285,mm,OK,--,9:18:25 PM,2/5/2026,
1576,33.0,gf,1.280,mm,OK,--,9:18:25 PM,2/5/2026,
1577,32.9,gf,1.280,mm,OK,--,9:18:26 PM,2/5/2026,
1578,32.8,gf,1.275,mm,OK,--,9:18:26 PM,2/5/2026,
1579,32.7,gf,1.275,mm,OK,--,9:18:26 PM,2/5/2026,
1580,32.8,gf,1.270,mm,OK,--,9:18:26 PM,2/5/2026,
1581,32.7,gf,1.265,mm,OK,--,9:18:26 PM,2/5/2026,
1582,32.5,gf,1.260,mm,OK,--,9:18:26 PM,2/5/2026,
1583,32.6,gf,1.255,mm,OK,--,9:18:26 PM,2/5/2026,
1584,32.8,gf,1.255,mm,OK,--,9:18:26 PM,2/5/2026,
1585,32.6,gf,1.250,mm,OK,--,9:18:26 PM,2/5/2026,
1586,32.7,gf,1.245,mm,OK,--,9:18:26 PM,2/5/2026,
1587,32.7,gf,1.245,mm,OK,--,9:18:27 PM,2/5/2026,
1588,32.7,gf,1.240,mm,OK,--,9:18:27 PM,2/5/2026,
1589,32.5,gf,1.240,mm,OK,--,9:18:27 PM,2/5/2026,
1590,32.5,gf,1.235,mm,OK,--,9:18:27 PM,2/5/2026,
1591,32.4,gf,1.230,mm,OK,--,9:18:27 PM,2/5/2026,
1592,32.5,gf,1.225,mm,OK,--,9:18:27 PM,2/5/2026,
1593,32.4,gf,1.220,mm,OK,--,9:18:27 PM,2/5/2026,
1594,32.5,gf,1.215,mm,OK,--,9:18:27 PM,2/5/2026,
1595,32.6,gf,1.210,mm,OK,--,9:18:27 PM,2/5/2026,
1596,32.7,gf,1.205,mm,OK,--,9:18:28 PM,2/5/2026,
1597,32.4,gf,1.200,mm,OK,--,9:18:28 PM,2/5/2026,
1598,32.3,gf,1.200,mm,OK,--,9:18:28 PM,2/5/2026,
1599,32.3,gf,1.190,mm,OK,--,9:18:28 PM,2/5/2026,
1600,32.3,gf,1.190,mm,OK,--,9:18:28 PM,2/5/2026,
1601,32.2,gf,1.180,mm,OK,--,9:18:28 PM,2/5/2026,
1602,32.1,gf,1.175,mm,OK,--,9:18:28 PM,2/5/2026,
1603,32.0,gf,1.170,mm,OK,--,9:18:28 PM,2/5/2026,
1604,32.1,gf,1.160,mm,OK,--,9:18:28 PM,2/5/2026,
1605,32.3,gf,1.155,mm,OK,--,9:18:28 PM,2/5/2026,
1606,32.3,gf,1.155,mm,OK,--,9:18:28 PM,2/5/2026,
1607,32.2,gf,1.150,mm,OK,--,9:18:29 PM,2/5/2026,
1608,32.2,gf,1.150,mm,OK,--,9:18:29 PM,2/5/2026,
1609,32.1,gf,1.145,mm,OK,--,9:18:29 PM,2/5/2026,
1610,32.1,gf,1.145,mm,OK,--,9:18:29 PM,2/5/2026,
1611,32.2,gf,1.140,mm,OK,--,9:18:29 PM,2/5/2026,
1612,32.4,gf,1.135,mm,OK,--,9:18:29 PM,2/5/2026,
1613,32.4,gf,1.135,mm,OK,--,9:18:29 PM,2/5/2026,
1614,32.2,gf,1.135,mm,OK,--,9:18:29 PM,2/5/2026,
1615,32.1,gf,1.135,mm,OK,--,9:18:29 PM,2/5/2026,
1616,32.1,gf,1.130,mm,OK,--,9:18:30 PM,2/5/2026,
1617,32.1,gf,1.130,mm,OK,--,9:18:30 PM,2/5/2026,
1618,32.1,gf,1.130,mm,OK,--,9:18:30 PM,2/5/2026,
1619,31.9,gf,1.125,mm,OK,--,9:18:30 PM,2/5/2026,
1620,32.0,gf,1.125,mm,OK,--,9:18:30 PM,2/5/2026,
1621,32.0,gf,1.120,mm,OK,--,9:18:30 PM,2/5/2026,
1622,32.1,gf,1.120,mm,OK,--,9:18:30 PM,2/5/2026,
1623,31.9,gf,1.120,mm,OK,--,9:18:30 PM,2/5/2026,
1624,31.8,gf,1.115,mm,OK,--,9:18:30 PM,2/5/2026,
1625,31.9,gf,1.115,mm,OK,--,9:18:30 PM,2/5/2026,
1626,31.8,gf,1.110,mm,OK,--,9:18:30 PM,2/5/2026,
1627,31.7,gf,1.105,mm,OK,--,9:18:31 PM,2/5/2026,
1628,31.7,gf,1.105,mm,OK,--,9:18:31 PM,2/5/2026,
1629,31.7,gf,1.100,mm,OK,--,9:18:31 PM,2/5/2026,
1630,31.7,gf,1.095,mm,OK,--,9:18:31 PM,2/5/2026,
1631,31.5,gf,1.090,mm,OK,--,9:18:31 PM,2/5/2026,
1632,31.6,gf,1.085,mm,OK,--,9:18:31 PM,2/5/2026,
1633,31.7,gf,1.080,mm,OK,--,9:18:31 PM,2/5/2026,
1634,31.6,gf,1.075,mm,OK,--,9:18:31 PM,2/5/2026,
1635,31.6,gf,1.075,mm,OK,--,9:18:31 PM,2/5/2026,
1636,31.5,gf,1.070,mm,OK,--,9:18:31 PM,2/5/2026,
1637,31.5,gf,1.065,mm,OK,--,9:18:32 PM,2/5/2026,
1638,31.5,gf,1.060,mm,OK,--,9:18:32 PM,2/5/2026,
1639,31.3,gf,1.055,mm,OK,--,9:18:32 PM,2/5/2026,
1640,31.3,gf,1.050,mm,OK,--,9:18:32 PM,2/5/2026,
1641,31.3,gf,1.045,mm,OK,--,9:18:32 PM,2/5/2026,
1642,31.4,gf,1.040,mm,OK,--,9:18:32 PM,2/5/2026,
1643,31.3,gf,1.035,mm,OK,--,9:18:32 PM,2/5/2026,
1644,31.3,gf,1.030,mm,OK,--,9:18:32 PM,2/5/2026,
1645,31.3,gf,1.025,mm,OK,--,9:18:32 PM,2/5/2026,
1646,31.4,gf,1.020,mm,OK,--,9:18:32 PM,2/5/2026,
1647,31.3,gf,1.015,mm,OK,--,9:18:33 PM,2/5/2026,
1648,31.2,gf,1.015,mm,OK,--,9:18:33 PM,2/5/2026,
1649,31.3,gf,1.010,mm,OK,--,9:18:33 PM,2/5/2026,
1650,31.2,gf,1.005,mm,OK,--,9:18:33 PM,2/5/2026,
1651,31.1,gf,1.005,mm,OK,--,9:18:33 PM,2/5/2026,
1652,31.3,gf,1.000,mm,OK,--,9:18:33 PM,2/5/2026,
1653,31.2,gf,0.995,mm,OK,--,9:18:33 PM,2/5/2026,
1654,31.1,gf,0.995,mm,OK,--,9:18:33 PM,2/5/2026,
1655,31.1,gf,0.990,mm,OK,--,9:18:33 PM,2/5/2026,
1656,31.0,gf,0.985,mm,OK,--,9:18:33 PM,2/5/2026,
1657,30.9,gf,0.980,mm,OK,--,9:18:34 PM,2/5/2026,
1658,30.8,gf,0.980,mm,OK,--,9:18:34 PM,2/5/2026,
1659,30.8,gf,0.975,mm,OK,--,9:18:34 PM,2/5/2026,
1660,31.0,gf,0.970,mm,OK,--,9:18:34 PM,2/5/2026,
1661,31.0,gf,0.965,mm,OK,--,9:18:34 PM,2/5/2026,
1662,31.0,gf,0.965,mm,OK,--,9:18:34 PM,2/5/2026,
1663,30.9,gf,0.960,mm,OK,--,9:18:34 PM,2/5/2026,
1664,30.9,gf,0.955,mm,OK,--,9:18:34 PM,2/5/2026,
1665,31.0,gf,0.955,mm,OK,--,9:18:34 PM,2/5/2026,
1666,31.0,gf,0.955,mm,OK,--,9:18:34 PM,2/5/2026,
1667,31.0,gf,0.950,mm,OK,--,9:18:35 PM,2/5/2026,
1668,30.8,gf,0.950,mm,OK,--,9:18:35 PM,2/5/2026,
1669,30.8,gf,0.945,mm,OK,--,9:18:35 PM,2/5/2026,
1670,30.7,gf,0.945,mm,OK,--,9:18:35 PM,2/5/2026,
1671,30.7,gf,0.940,mm,OK,--,9:18:35 PM,2/5/2026,
1672,30.8,gf,0.935,mm,OK,--,9:18:35 PM,2/5/2026,
1673,30.8,gf,0.935,mm,OK,--,9:18:35 PM,2/5/2026,
1674,30.8,gf,0.930,mm,OK,--,9:18:35 PM,2/5/2026,
1675,30.7,gf,0.930,mm,OK,--,9:18:35 PM,2/5/2026,
1676,30.8,gf,0.925,mm,OK,--,9:18:35 PM,2/5/2026,
1677,30.7,gf,0.925,mm,OK,--,9:18:36 PM,2/5/2026,
1678,30.5,gf,0.920,mm,OK,--,9:18:36 PM,2/5/2026,
1679,30.5,gf,0.920,mm,OK,--,9:18:36 PM,2/5/2026,
1680,30.6,gf,0.915,mm,OK,--,9:18:36 PM,2/5/2026,
1681,30.6,gf,0.915,mm,OK,--,9:18:36 PM,2/5/2026,
1682,30.7,gf,0.910,mm,OK,--,9:18:36 PM,2/5/2026,
1683,30.6,gf,0.910,mm,OK,--,9:18:36 PM,2/5/2026,
1684,30.6,gf,0.905,mm,OK,--,9:18:36 PM,2/5/2026,
1685,30.6,gf,0.905,mm,OK,--,9:18:36 PM,2/5/2026,
1686,30.7,gf,0.905,mm,OK,--,9:18:36 PM,2/5/2026,
1687,30.7,gf,0.900,mm,OK,--,9:18:37 PM,2/5/2026,
1688,30.6,gf,0.900,mm,OK,--,9:18:37 PM,2/5/2026,
1689,30.5,gf,0.900,mm,OK,--,9:18:37 PM,2/5/2026,
1690,30.5,gf,0.895,mm,OK,--,9:18:37 PM,2/5/2026,
1691,30.5,gf,0.895,mm,OK,--,9:18:37 PM,2/5/2026,
1692,30.5,gf,0.890,mm,OK,--,9:18:37 PM,2/5/2026,
1693,30.5,gf,0.890,mm,OK,--,9:18:37 PM,2/5/2026,
1694,30.3,gf,0.890,mm,OK,--,9:18:37 PM,2/5/2026,
1695,30.3,gf,0.885,mm,OK,--,9:18:37 PM,2/5/2026,
1696,30.5,gf,0.885,mm,OK,--,9:18:37 PM,2/5/2026,
1697,30.5,gf,0.880,mm,OK,--,9:18:38 PM,2/5/2026,
1698,30.5,gf,0.880,mm,OK,--,9:18:38 PM,2/5/2026,
1699,30.5,gf,0.880,mm,OK,--,9:18:38 PM,2/5/2026,
1700,30.5,gf,0.875,mm,OK,--,9:18:38 PM,2/5/2026,
1701,30.4,gf,0.875,mm,OK,--,9:18:38 PM,2/5/2026,
1702,30.1,gf,0.875,mm,OK,--,9:18:38 PM,2/5/2026,
1703,30.3,gf,0.870,mm,OK,--,9:18:38 PM,2/5/2026,
1704,30.3,gf,0.865,mm,OK,--,9:18:38 PM,2/5/2026,
1705,30.3,gf,0.865,mm,OK,--,9:18:38 PM,2/5/2026,
1706,30.4,gf,0.860,mm,OK,--,9:18:38 PM,2/5/2026,
1707,30.5,gf,0.860,mm,OK,--,9:18:39 PM,2/5/2026,
1708,30.4,gf,0.860,mm,OK,--,9:18:39 PM,2/5/2026,
1709,30.5,gf,0.855,mm,OK,--,9:18:39 PM,2/5/2026,
1710,30.5,gf,0.855,mm,OK,--,9:18:39 PM,2/5/2026,
1711,30.4,gf,0.855,mm,OK,--,9:18:39 PM,2/5/2026,
1712,30.2,gf,0.850,mm,OK,--,9:18:39 PM,2/5/2026,
1713,30.1,gf,0.850,mm,OK,--,9:18:39 PM,2/5/2026,
1714,30.0,gf,0.845,mm,OK,--,9:18:39 PM,2/5/2026,
1715,30.1,gf,0.835,mm,OK,--,9:18:39 PM,2/5/2026,
1716,30.1,gf,0.830,mm,OK,--,9:18:39 PM,2/5/2026,
1717,30.0,gf,0.825,mm,OK,--,9:18:40 PM,2/5/2026,
1718,29.9,gf,0.825,mm,OK,--,9:18:40 PM,2/5/2026,
1719,29.9,gf,0.815,mm,OK,--,9:18:40 PM,2/5/2026,
1720,30.0,gf,0.810,mm,OK,--,9:18:40 PM,2/5/2026,
1721,30.2,gf,0.810,mm,OK,--,9:18:40 PM,2/5/2026,
1722,30.5,gf,0.810,mm,OK,--,9:18:40 PM,2/5/2026,
1723,29.9,gf,0.805,mm,OK,--,9:18:40 PM,2/5/2026,
1724,30.2,gf,0.805,mm,OK,--,9:18:40 PM,2/5/2026,
1725,29.9,gf,0.800,mm,OK,--,9:18:40 PM,2/5/2026,
1726,29.8,gf,0.800,mm,OK,--,9:18:40 PM,2/5/2026,
1727,29.8,gf,0.795,mm,OK,--,9:18:41 PM,2/5/2026,
1728,29.9,gf,0.790,mm,OK,--,9:18:41 PM,2/5/2026,
1729,29.8,gf,0.790,mm,OK,--,9:18:41 PM,2/5/2026,
1730,29.8,gf,0.785,mm,OK,--,9:18:41 PM,2/5/2026,
1731,29.6,gf,0.780,mm,OK,--,9:18:41 PM,2/5/2026,
1732,29.5,gf,0.775,mm,OK,--,9:18:41 PM,2/5/2026,
1733,29.5,gf,0.770,mm,OK,--,9:18:41 PM,2/5/2026,
1734,29.5,gf,0.760,mm,OK,--,9:18:41 PM,2/5/2026,
1735,29.7,gf,0.755,mm,OK,--,9:18:41 PM,2/5/2026,
1736,29.8,gf,0.750,mm,OK,--,9:18:41 PM,2/5/2026,
1737,29.7,gf,0.745,mm,OK,--,9:18:42 PM,2/5/2026,
1738,29.6,gf,0.745,mm,OK,--,9:18:42 PM,2/5/2026,
1739,29.7,gf,0.740,mm,OK,--,9:18:42 PM,2/5/2026,
1740,29.7,gf,0.740,mm,OK,--,9:18:42 PM,2/5/2026,
1741,29.5,gf,0.735,mm,OK,--,9:18:42 PM,2/5/2026,
1742,29.3,gf,0.735,mm,OK,--,9:18:42 PM,2/5/2026,
1743,29.3,gf,0.725,mm,OK,--,9:18:42 PM,2/5/2026,
1744,29.3,gf,0.720,mm,OK,--,9:18:42 PM,2/5/2026,
1745,29.3,gf,0.710,mm,OK,--,9:18:42 PM,2/5/2026,
1746,29.2,gf,0.705,mm,OK,--,9:18:42 PM,2/5/2026,
1747,29.1,gf,0.695,mm,OK,--,9:18:43 PM,2/5/2026,
1748,29.1,gf,0.690,mm,OK,--,9:18:43 PM,2/5/2026,
1749,29.1,gf,0.680,mm,OK,--,9:18:43 PM,2/5/2026,
1750,29.1,gf,0.680,mm,OK,--,9:18:43 PM,2/5/2026,
1751,28.9,gf,0.670,mm,OK,--,9:18:43 PM,2/5/2026,
1752,29.0,gf,0.665,mm,OK,--,9:18:43 PM,2/5/2026,
1753,28.9,gf,0.655,mm,OK,--,9:18:43 PM,2/5/2026,
1754,29.0,gf,0.645,mm,OK,--,9:18:43 PM,2/5/2026,
1755,29.1,gf,0.635,mm,OK,--,9:18:43 PM,2/5/2026,
1756,29.3,gf,0.630,mm,OK,--,9:18:43 PM,2/5/2026,
1757,29.3,gf,0.630,mm,OK,--,9:18:44 PM,2/5/2026,
1758,29.3,gf,0.625,mm,OK,--,9:18:44 PM,2/5/2026,
1759,29.1,gf,0.620,mm,OK,--,9:18:44 PM,2/5/2026,
1760,29.1,gf,0.620,mm,OK,--,9:18:44 PM,2/5/2026,
1761,29.2,gf,0.615,mm,OK,--,9:18:44 PM,2/5/2026,
1762,29.1,gf,0.615,mm,OK,--,9:18:44 PM,2/5/2026,
1763,29.1,gf,0.615,mm,OK,--,9:18:44 PM,2/5/2026,
1764,29.1,gf,0.610,mm,OK,--,9:18:44 PM,2/5/2026,
1765,28.9,gf,0.610,mm,OK,--,9:18:44 PM,2/5/2026,
1766,28.9,gf,0.605,mm,OK,--,9:18:44 PM,2/5/2026,
1767,29.2,gf,0.605,mm,OK,--,9:18:45 PM,2/5/2026,
1768,29.2,gf,0.600,mm,OK,--,9:18:45 PM,2/5/2026,
1769,29.0,gf,0.600,mm,OK,--,9:18:45 PM,2/5/2026,
1770,28.9,gf,0.600,mm,OK,--,9:18:45 PM,2/5/2026,
1771,28.6,gf,0.595,mm,OK,--,9:18:45 PM,2/5/2026,
1772,28.5,gf,0.590,mm,OK,--,9:18:45 PM,2/5/2026,
1773,28.5,gf,0.590,mm,OK,--,9:18:45 PM,2/5/2026,
1774,28.5,gf,0.585,mm,OK,--,9:18:45 PM,2/5/2026,
1775,28.5,gf,0.580,mm,OK,--,9:18:45 PM,2/5/2026,
1776,28.4,gf,0.580,mm,OK,--,9:18:45 PM,2/5/2026,
1777,28.2,gf,0.575,mm,OK,--,9:18:46 PM,2/5/2026,
1778,28.3,gf,0.570,mm,OK,--,9:18:46 PM,2/5/2026,
1779,28.4,gf,0.560,mm,OK,--,9:18:46 PM,2/5/2026,
1780,28.4,gf,0.555,mm,OK,--,9:18:46 PM,2/5/2026,
1781,28.2,gf,0.555,mm,OK,--,9:18:46 PM,2/5/2026,
1782,28.2,gf,0.550,mm,OK,--,9:18:46 PM,2/5/2026,
1783,28.3,gf,0.545,mm,OK,--,9:18:46 PM,2/5/2026,
1784,28.1,gf,0.540,mm,OK,--,9:18:46 PM,2/5/2026,
1785,28.1,gf,0.535,mm,OK,--,9:18:46 PM,2/5/2026,
1786,28.1,gf,0.530,mm,OK,--,9:18:46 PM,2/5/2026,
1787,27.9,gf,0.525,mm,OK,--,9:18:47 PM,2/5/2026,
1788,27.9,gf,0.515,mm,OK,--,9:18:47 PM,2/5/2026,
1789,27.9,gf,0.510,mm,OK,--,9:18:47 PM,2/5/2026,
1790,27.9,gf,0.500,mm,OK,--,9:18:47 PM,2/5/2026,
1791,28.0,gf,0.495,mm,OK,--,9:18:47 PM,2/5/2026,
1792,28.0,gf,0.490,mm,OK,--,9:18:47 PM,2/5/2026,
1793,27.9,gf,0.485,mm,OK,--,9:18:47 PM,2/5/2026,
1794,28.1,gf,0.480,mm,OK,--,9:18:47 PM,2/5/2026,
1795,28.1,gf,0.480,mm,OK,--,9:18:47 PM,2/5/2026,
1796,28.0,gf,0.475,mm,OK,--,9:18:47 PM,2/5/2026,
1797,28.1,gf,0.470,mm,OK,--,9:18:48 PM,2/5/2026,
1798,28.3,gf,0.470,mm,OK,--,9:18:48 PM,2/5/2026,
1799,28.4,gf,0.470,mm,OK,--,9:18:48 PM,2/5/2026,
1800,28.1,gf,0.470,mm,OK,--,9:18:48 PM,2/5/2026,
1801,27.9,gf,0.470,mm,OK,--,9:18:48 PM,2/5/2026,
1802,27.8,gf,0.465,mm,OK,--,9:18:48 PM,2/5/2026,
1803,27.9,gf,0.465,mm,OK,--,9:18:48 PM,2/5/2026,
1804,27.9,gf,0.460,mm,OK,--,9:18:48 PM,2/5/2026,
1805,28.1,gf,0.460,mm,OK,--,9:18:48 PM,2/5/2026,
1806,28.2,gf,0.460,mm,OK,--,9:18:48 PM,2/5/2026,
1807,28.1,gf,0.460,mm,OK,--,9:18:49 PM,2/5/2026,
1808,27.6,gf,0.455,mm,OK,--,9:18:49 PM,2/5/2026,
1809,27.5,gf,0.455,mm,OK,--,9:18:49 PM,2/5/2026,
1810,27.6,gf,0.450,mm,OK,--,9:18:49 PM,2/5/2026,
1811,27.6,gf,0.445,mm,OK,--,9:18:49 PM,2/5/2026,
1812,27.5,gf,0.440,mm,OK,--,9:18:49 PM,2/5/2026,
1813,27.5,gf,0.440,mm,OK,--,9:18:49 PM,2/5/2026,
1814,27.5,gf,0.435,mm,OK,--,9:18:49 PM,2/5/2026,
1815,27.3,gf,0.430,mm,OK,--,9:18:49 PM,2/5/2026,
1816,27.3,gf,0.420,mm,OK,--,9:18:49 PM,2/5/2026,
1817,27.5,gf,0.415,mm,OK,--,9:18:50 PM,2/5/2026,
1818,27.5,gf,0.415,mm,OK,--,9:18:50 PM,2/5/2026,
1819,27.5,gf,0.410,mm,OK,--,9:18:50 PM,2/5/2026,
1820,27.3,gf,0.405,mm,OK,--,9:18:50 PM,2/5/2026,
1821,27.3,gf,0.400,mm,OK,--,9:18:50 PM,2/5/2026,
1822,27.2,gf,0.395,mm,OK,--,9:18:50 PM,2/5/2026,
1823,27.1,gf,0.390,mm,OK,--,9:18:50 PM,2/5/2026,
1824,27.1,gf,0.385,mm,OK,--,9:18:50 PM,2/5/2026,
1825,27.1,gf,0.375,mm,OK,--,9:18:50 PM,2/5/2026,
1826,27.0,gf,0.365,mm,OK,--,9:18:50 PM,2/5/2026,
1827,27.0,gf,0.360,mm,OK,--,9:18:51 PM,2/5/2026,
1828,27.0,gf,0.350,mm,OK,--,9:18:51 PM,2/5/2026,
1829,26.6,gf,0.340,mm,OK,--,9:18:51 PM,2/5/2026,
1830,26.7,gf,0.335,mm,OK,--,9:18:51 PM,2/5/2026,
1831,26.8,gf,0.325,mm,OK,--,9:18:51 PM,2/5/2026,
1832,26.8,gf,0.320,mm,OK,--,9:18:51 PM,2/5/2026,
1833,26.9,gf,0.315,mm,OK,--,9:18:51 PM,2/5/2026,
1834,26.9,gf,0.315,mm,OK,--,9:18:51 PM,2/5/2026,
1835,27.1,gf,0.310,mm,OK,--,9:18:51 PM,2/5/2026,
1836,27.0,gf,0.310,mm,OK,--,9:18:51 PM,2/5/2026,
1837,26.7,gf,0.305,mm,OK,--,9:18:52 PM,2/5/2026,
1838,26.5,gf,0.300,mm,OK,--,9:18:52 PM,2/5/2026,
1839,26.5,gf,0.285,mm,OK,--,9:18:52 PM,2/5/2026,
1840,26.9,gf,0.280,mm,OK,--,9:18:52 PM,2/5/2026,
1841,27.0,gf,0.280,mm,OK,--,9:18:52 PM,2/5/2026,
1842,26.7,gf,0.275,mm,OK,--,9:18:52 PM,2/5/2026,
1843,26.5,gf,0.270,mm,OK,--,9:18:52 PM,2/5/2026,
1844,26.6,gf,0.265,mm,OK,--,9:18:52 PM,2/5/2026,
1845,26.5,gf,0.265,mm,OK,--,9:18:52 PM,2/5/2026,
1846,26.5,gf,0.260,mm,OK,--,9:18:52 PM,2/5/2026,
1847,26.5,gf,0.255,mm,OK,--,9:18:53 PM,2/5/2026,
1848,26.5,gf,0.255,mm,OK,--,9:18:53 PM,2/5/2026,
1849,26.4,gf,0.250,mm,OK,--,9:18:53 PM,2/5/2026,
1850,26.4,gf,0.245,mm,OK,--,9:18:53 PM,2/5/2026,
1851,26.3,gf,0.245,mm,OK,--,9:18:53 PM,2/5/2026,
1852,26.4,gf,0.240,mm,OK,--,9:18:53 PM,2/5/2026,
1853,26.4,gf,0.235,mm,OK,--,9:18:53 PM,2/5/2026,
1854,26.2,gf,0.225,mm,OK,--,9:18:53 PM,2/5/2026,
1855,26.2,gf,0.220,mm,OK,--,9:18:53 PM,2/5/2026,
1856,26.1,gf,0.210,mm,OK,--,9:18:53 PM,2/5/2026,
1857,25.7,gf,0.200,mm,OK,--,9:18:54 PM,2/5/2026,
1858,24.6,gf,0.190,mm,OK,--,9:18:54 PM,2/5/2026,
1859,19.2,gf,0.185,mm,OK,--,9:18:54 PM,2/5/2026,
1860,15.2,gf,0.180,mm,OK,--,9:18:54 PM,2/5/2026,
1861,10.6,gf,0.170,mm,OK,--,9:18:54 PM,2/5/2026,
1862,4.0,gf,0.160,mm,OK,--,9:18:54 PM,2/5/2026,
1863,0.1,gf,0.155,mm,OK,--,9:18:54 PM,2/5/2026,
1864,0.0,gf,0.150,mm,OK,--,9:18:54 PM,2/5/2026,
1865,0.0,gf,0.150,mm,OK,--,9:18:54 PM,2/5/2026,
1866,0.0,gf,0.145,mm,OK,--,9:18:54 PM,2/5/2026,
1867,0.1,gf,0.145,mm,OK,--,9:18:55 PM,2/5/2026,
1868,0.1,gf,0.145,mm,OK,--,9:18:55 PM,2/5/2026,
1869,0.1,gf,0.145,mm,OK,--,9:18:55 PM,2/5/2026,
1870,0.0,gf,0.145,mm,OK,--,9:18:55 PM,2/5/2026,
1871,0.1,gf,0.140,mm,OK,--,9:18:55 PM,2/5/2026,
1872,0.0,gf,0.140,mm,OK,--,9:18:55 PM,2/5/2026,
1873,0.0,gf,0.140,mm,OK,--,9:18:55 PM,2/5/2026,
1874,0.0,gf,0.140,mm,OK,--,9:18:55 PM,2/5/2026,
1875,0.0,gf,0.140,mm,OK,--,9:18:55 PM,2/5/2026,
1876,0.0,gf,0.140,mm,OK,--,9:18:55 PM,2/5/2026,
1877,0.0,gf,0.135,mm,OK,--,9:18:56 PM,2/5/2026,
1878,0.1,gf,0.130,mm,OK,--,9:18:56 PM,2/5/2026,
1879,0.0,gf,0.115,mm,OK,--,9:18:56 PM,2/5/2026,
1880,0.0,gf,0.100,mm,OK,--,9:18:56 PM,2/5/2026,
1881,0.0,gf,0.080,mm,OK,--,9:18:56 PM,2/5/2026,
1882,0.0,gf,0.060,mm,OK,--,9:18:56 PM,2/5/2026,
1883,0.0,gf,0.045,mm,OK,--,9:18:56 PM,2/5/2026,
1884,0.0,gf,0.035,mm,OK,--,9:18:56 PM,2/5/2026,
1885,0.0,gf,0.025,mm,OK,--,9:18:56 PM,2/5/2026,
1886,0.0,gf,0.015,mm,OK,--,9:18:56 PM,2/5/2026,
1887,0.0,gf,0.000,mm,OK,--,9:18:57 PM,2/5/2026,
1888,0.0,gf,-0.010,mm,OK,--,9:18:57 PM,2/5/2026,
1889,0.0,gf,-0.025,mm,OK,--,9:18:57 PM,2/5/2026,
1890,0.0,gf,-0.030,mm,OK,--,9:18:57 PM,2/5/2026,
1891,0.1,gf,-0.030,mm,OK,--,9:18:57 PM,2/5/2026,
1892,0.0,gf,-0.030,mm,OK,--,9:18:57 PM,2/5/2026,
1893,0.1,gf,-0.030,mm,OK,--,9:18:57 PM,2/5/2026,
1894,0.0,gf,-0.030,mm,OK,--,9:18:57 PM,2/5/2026,
1895,-0.1,gf,-0.030,mm,OK,--,9:18:57 PM,2/5/2026,
1896,0.0,gf,-0.025,mm,OK,--,9:18:57 PM,2/5/2026,
1897,0.2,gf,-0.020,mm,OK,--,9:18:58 PM,2/5/2026,
1898,0.1,gf,-0.015,mm,OK,--,9:18:58 PM,2/5/2026,
1899,-0.1,gf,-0.010,mm,OK,--,9:18:58 PM,2/5/2026,
1900,0.0,gf,-0.005,mm,OK,--,9:18:58 PM,2/5/2026,
1901,0.0,gf,0.000,mm,OK,--,9:18:58 PM,2/5/2026,
1902,0.0,gf,0.000,mm,OK,--,9:18:58 PM,2/5/2026,
1903,0.0,gf,0.005,mm,OK,--,9:18:58 PM,2/5/2026,
1904,0.1,gf,0.010,mm,OK,--,9:18:58 PM,2/5/2026,
1905,0.0,gf,0.010,mm,OK,--,9:18:58 PM,2/5/2026,
1906,0.0,gf,0.015,mm,OK,--,9:18:58 PM,2/5/2026,
1907,0.0,gf,0.020,mm,OK,--,9:18:59 PM,2/5/2026,
1908,0.1,gf,0.020,mm,OK,--,9:18:59 PM,2/5/2026,
1909,0.0,gf,0.025,mm,OK,--,9:18:59 PM,2/5/2026,
1910,0.0,gf,0.030,mm,OK,--,9:18:59 PM,2/5/2026,
1911,0.1,gf,0.035,mm,OK,--,9:18:59 PM,2/5/2026,
1912,0.0,gf,0.040,mm,OK,--,9:18:59 PM,2/5/2026,
1913,0.0,gf,0.040,mm,OK,--,9:18:59 PM,2/5/2026,
