Maximum,192.1,@,No.1116,,,,,,
Minimum,-0.1,@,No.1,,,,,,
Average,49.34,,,,,,,,
Data Quantity,1937,,,,,,,,
Number of NG,0,,,,,,,,
No.,Force,Unit,Displacement,Unit,Judge,Position,Time,Date,
1,-0.1,gf,0.000,mm,OK,--,8:54:27 PM,8/10/2026,
2,0.0,gf,0.000,mm,OK,--,8:54:27 PM,8/10/2026,
3,0.0,gf,0.005,mm,OK,--,8:54:27 PM,8/10/2026,
4,0.0,gf,0.005,mm,OK,--,8:54:28 PM,8/10/2026,
5,0.0,gf,0.005,mm,OK,--,8:54:28 PM,8/10/2026,
6,0.0,gf,0.005,mm,OK,--,8:54:28 PM,8/10/2026,
7,0.0,gf,0.005,mm,OK,--,8:54:28 PM,8/10/2026,
8,0.0,gf,0.005,mm,OK,--,8:54:28 PM,8/10/2026,
9,0.1,gf,0.005,mm,OK,--,8:54:28 PM,8/10/2026,
10,0.1,gf,0.005,mm,OK,--,8:54:28 PM,8/10/2026,
11,0.0,gf,0.005,mm,OK,--,8:54:28 PM,8/10/2026,
12,0.0,gf,0.005,mm,OK,--,8:54:28 PM,8/10/2026,
13,0.0,gf,0.005,mm,OK,--,8:54:28 PM,8/10/2026,
14,0.0,gf,0.010,mm,OK,--,8:54:29 PM,8/10/2026,
15,0.0,gf,0.010,mm,OK,--,8:54:29 PM,8/10/2026,
16,0.0,gf,0.010,mm,OK,--,8:54:29 PM,8/10/2026,
17,0.0,gf,0.010,mm,OK,--,8:54:29 PM,8/10/2026,
18,0.0,gf,0.015,mm,OK,--,8:54:29 PM,8/10/2026,
19,0.0,gf,0.015,mm,OK,--,8:54:29 PM,8/10/2026,
20,0.0,gf,0.025,mm,OK,--,8:54:29 PM,8/10/2026,
21,0.0,gf,0.035,mm,OK,--,8:54:29 PM,8/10/2026,
22,1.9,gf,0.040,mm,OK,--,8:54:29 PM,8/10/2026,
23,5.1,gf,0.045,mm,OK,--,8:54:29 PM,8/10/2026,
24,6.0,gf,0.050,mm,OK,--,8:54:30 PM,8/10/2026,
25,6.3,gf,0.050,mm,OK,--,8:54:30 PM,8/10/2026,
26,6.5,gf,0.050,mm,OK,--,8:54:30 PM,8/10/2026,
27,6.6,gf,0.050,mm,OK,--,8:54:30 PM,8/10/2026,
28,6.6,gf,0.050,mm,OK,--,8:54:30 PM,8/10/2026,
29,6.8,gf,0.050,mm,OK,--,8:54:30 PM,8/10/2026,
30,6.9,gf,0.050,mm,OK,--,8:54:30 PM,8/10/2026,
31,7.1,gf,0.050,mm,OK,--,8:54:30 PM,8/10/2026,
32,7.6,gf,0.050,mm,OK,--,8:54:30 PM,8/10/2026,
33,8.3,gf,0.050,mm,OK,--,8:54:30 PM,8/10/2026,
34,9.0,gf,0.050,mm,OK,--,8:54:31 PM,8/10/2026,
35,10.1,gf,0.055,mm,OK,--,8:54:31 PM,8/10/2026,
36,11.5,gf,0.055,mm,OK,--,8:54:31 PM,8/10/2026,
37,13.3,gf,0.055,mm,OK,--,8:54:31 PM,8/10/2026,
38,14.6,gf,0.055,mm,OK,--,8:54:31 PM,8/10/2026,
39,16.0,gf,0.060,mm,OK,--,8:54:31 PM,8/10/2026,
40,17.9,gf,0.060,mm,OK,--,8:54:31 PM,8/10/2026,
41,19.8,gf,0.065,mm,OK,--,8:54:31 PM,8/10/2026,
42,22.7,gf,0.065,mm,OK,--,8:54:31 PM,8/10/2026,
43,26.0,gf,0.070,mm,OK,--,8:54:31 PM,8/10/2026,
44,29.4,gf,0.075,mm,OK,--,8:54:32 PM,8/10/2026,
45,30.9,gf,0.075,mm,OK,--,8:54:32 PM,8/10/2026,
46,32.2,gf,0.080,mm,OK,--,8:54:32 PM,8/10/2026,
47,33.2,gf,0.080,mm,OK,--,8:54:32 PM,8/10/2026,
48,33.9,gf,0.080,mm,OK,--,8:54:32 PM,8/10/2026,
49,35.1,gf,0.085,mm,OK,--,8:54:32 PM,8/10/2026,
50,35.6,gf,0.085,mm,OK,--,8:54:32 PM,8/10/2026,
51,36.2,gf,0.085,mm,OK,--,8:54:32 PM,8/10/2026,
52,37.1,gf,0.090,mm,OK,--,8:54:32 PM,8/10/2026,
53,37.8,gf,0.090,mm,OK,--,8:54:32 PM,8/10/2026,
54,38.4,gf,0.090,mm,OK,--,8:54:33 PM,8/10/2026,
55,39.1,gf,0.090,mm,OK,--,8:54:33 PM,8/10/2026,
56,39.8,gf,0.095,mm,OK,--,8:54:33 PM,8/10/2026,
57,37.4,gf,0.095,mm,OK,--,8:54:33 PM,8/10/2026,
58,38.0,gf,0.100,mm,OK,--,8:54:33 PM,8/10/2026,
59,38.4,gf,0.105,mm,OK,--,8:54:33 PM,8/10/2026,
60,38.8,gf,0.105,mm,OK,--,8:54:33 PM,8/10/2026,
61,38.9,gf,0.105,mm,OK,--,8:54:33 PM,8/10/2026,
62,39.0,gf,0.110,mm,OK,--,8:54:33 PM,8/10/2026,
63,38.9,gf,0.110,mm,OK,--,8:54:33 PM,8/10/2026,
64,39.0,gf,0.110,mm,OK,--,8:54:34 PM,8/10/2026,
65,38.9,gf,0.115,mm,OK,--,8:54:34 PM,8/10/2026,
66,38.9,gf,0.115,mm,OK,--,8:54:34 PM,8/10/2026,
67,39.0,gf,0.115,mm,OK,--,8:54:34 PM,8/10/2026,
68,39.0,gf,0.115,mm,OK,--,8:54:34 PM,8/10/2026,
69,39.1,gf,0.115,mm,OK,--,8:54:34 PM,8/10/2026,
70,39.2,gf,0.115,mm,OK,--,8:54:34 PM,8/10/2026,
71,39.1,gf,0.120,mm,OK,--,8:54:34 PM,8/10/2026,
72,39.2,gf,0.120,mm,OK,--,8:54:34 PM,8/10/2026,
73,39.3,gf,0.120,mm,OK,--,8:54:34 PM,8/10/2026,
74,39.2,gf,0.120,mm,OK,--,8:54:35 PM,8/10/2026,
75,39.2,gf,0.125,mm,OK,--,8:54:35 PM,8/10/2026,
76,39.1,gf,0.125,mm,OK,--,8:54:35 PM,8/10/2026,
77,39.0,gf,0.125,mm,OK,--,8:54:35 PM,8/10/2026,
78,39.2,gf,0.125,mm,OK,--,8:54:35 PM,8/10/2026,
79,39.3,gf,0.130,mm,OK,--,8:54:35 PM,8/10/2026,
80,39.2,gf,0.130,mm,OK,--,8:54:35 PM,8/10/2026,
81,39.2,gf,0.130,mm,OK,--,8:54:35 PM,8/10/2026,
82,39.3,gf,0.135,mm,OK,--,8:54:35 PM,8/10/2026,
83,39.3,gf,0.135,mm,OK,--,8:54:35 PM,8/10/2026,
84,39.3,gf,0.135,mm,OK,--,8:54:36 PM,8/10/2026,
85,39.3,gf,0.140,mm,OK,--,8:54:36 PM,8/10/2026,
86,39.3,gf,0.140,mm,OK,--,8:54:36 PM,8/10/2026,
87,39.2,gf,0.140,mm,OK,--,8:54:36 PM,8/10/2026,
88,39.2,gf,0.145,mm,OK,--,8:54:36 PM,8/10/2026,
89,39.2,gf,0.145,mm,OK,--,8:54:36 PM,8/10/2026,
90,39.3,gf,0.150,mm,OK,--,8:54:36 PM,8/10/2026,
91,39.3,gf,0.150,mm,OK,--,8:54:36 PM,8/10/2026,
92,39.3,gf,0.155,mm,OK,--,8:54:36 PM,8/10/2026,
93,39.2,gf,0.155,mm,OK,--,8:54:36 PM,8/10/2026,
94,39.3,gf,0.160,mm,OK,--,8:54:37 PM,8/10/2026,
95,39.3,gf,0.165,mm,OK,--,8:54:37 PM,8/10/2026,
96,39.3,gf,0.165,mm,OK,--,8:54:37 PM,8/10/2026,
97,39.3,gf,0.170,mm,OK,--,8:54:37 PM,8/10/2026,
98,39.4,gf,0.170,mm,OK,--,8:54:37 PM,8/10/2026,
99,39.4,gf,0.175,mm,OK,--,8:54:37 PM,8/10/2026,
100,39.5,gf,0.175,mm,OK,--,8:54:37 PM,8/10/2026,
101,39.5,gf,0.175,mm,OK,--,8:54:37 PM,8/10/2026,
102,39.5,gf,0.175,mm,OK,--,8:54:37 PM,8/10/2026,
103,39.6,gf,0.180,mm,OK,--,8:54:37 PM,8/10/2026,
104,39.6,gf,0.180,mm,OK,--,8:54:38 PM,8/10/2026,
105,39.6,gf,0.185,mm,OK,--,8:54:38 PM,8/10/2026,
106,39.6,gf,0.185,mm,OK,--,8:54:38 PM,8/10/2026,
107,39.5,gf,0.190,mm,OK,--,8:54:38 PM,8/10/2026,
108,39.6,gf,0.190,mm,OK,--,8:54:38 PM,8/10/2026,
109,39.5,gf,0.190,mm,OK,--,8:54:38 PM,8/10/2026,
110,39.5,gf,0.195,mm,OK,--,8:54:38 PM,8/10/2026,
111,39.5,gf,0.195,mm,OK,--,8:54:38 PM,8/10/2026,
112,39.5,gf,0.195,mm,OK,--,8:54:38 PM,8/10/2026,
113,39.6,gf,0.200,mm,OK,--,8:54:38 PM,8/10/2026,
114,39.6,gf,0.200,mm,OK,--,8:54:39 PM,8/10/2026,
115,39.6,gf,0.200,mm,OK,--,8:54:39 PM,8/10/2026,
116,39.6,gf,0.200,mm,OK,--,8:54:39 PM,8/10/2026,
117,39.8,gf,0.205,mm,OK,--,8:54:39 PM,8/10/2026,
118,39.7,gf,0.205,mm,OK,--,8:54:39 PM,8/10/2026,
119,39.9,gf,0.205,mm,OK,--,8:54:39 PM,8/10/2026,
120,39.5,gf,0.210,mm,OK,--,8:54:39 PM,8/10/2026,
121,39.5,gf,0.215,mm,OK,--,8:54:39 PM,8/10/2026,
122,39.5,gf,0.215,mm,OK,--,8:54:39 PM,8/10/2026,
123,39.6,gf,0.220,mm,OK,--,8:54:39 PM,8/10/2026,
124,39.7,gf,0.220,mm,OK,--,8:54:40 PM,8/10/2026,
125,39.6,gf,0.225,mm,OK,--,8:54:40 PM,8/10/2026,
126,39.6,gf,0.230,mm,OK,--,8:54:40 PM,8/10/2026,
127,39.8,gf,0.235,mm,OK,--,8:54:40 PM,8/10/2026,
128,39.8,gf,0.235,mm,OK,--,8:54:40 PM,8/10/2026,
129,40.0,gf,0.235,mm,OK,--,8:54:40 PM,8/10/2026,
130,39.9,gf,0.240,mm,OK,--,8:54:40 PM,8/10/2026,
131,39.8,gf,0.240,mm,OK,--,8:54:40 PM,8/10/2026,
132,40.0,gf,0.240,mm,OK,--,8:54:40 PM,8/10/2026,
133,40.1,gf,0.245,mm,OK,--,8:54:40 PM,8/10/2026,
134,40.0,gf,0.250,mm,OK,--,8:54:41 PM,8/10/2026,
135,40.0,gf,0.250,mm,OK,--,8:54:41 PM,8/10/2026,
136,40.1,gf,0.255,mm,OK,--,8:54:41 PM,8/10/2026,
137,40.1,gf,0.255,mm,OK,--,8:54:41 PM,8/10/2026,
138,40.1,gf,0.260,mm,OK,--,8:54:41 PM,8/10/2026,
139,40.1,gf,0.265,mm,OK,--,8:54:41 PM,8/10/2026,
140,40.1,gf,0.270,mm,OK,--,8:54:41 PM,8/10/2026,
141,40.2,gf,0.275,mm,OK,--,8:54:41 PM,8/10/2026,
142,40.4,gf,0.280,mm,OK,--,8:54:41 PM,8/10/2026,
143,40.3,gf,0.285,mm,OK,--,8:54:41 PM,8/10/2026,
144,40.4,gf,0.290,mm,OK,--,8:54:42 PM,8/10/2026,
145,40.5,gf,0.290,mm,OK,--,8:54:42 PM,8/10/2026,
146,40.5,gf,0.295,mm,OK,--,8:54:42 PM,8/10/2026,
147,40.4,gf,0.300,mm,OK,--,8:54:42 PM,8/10/2026,
148,40.3,gf,0.305,mm,OK,--,8:54:42 PM,8/10/2026,
149,40.3,gf,0.310,mm,OK,--,8:54:42 PM,8/10/2026,
150,40.3,gf,0.310,mm,OK,--,8:54:42 PM,8/10/2026,
151,40.3,gf,0.315,mm,OK,--,8:54:42 PM,8/10/2026,
152,40.2,gf,0.315,mm,OK,--,8:54:42 PM,8/10/2026,
153,40.2,gf,0.320,mm,OK,--,8:54:42 PM,8/10/2026,
154,40.4,gf,0.320,mm,OK,--,8:54:43 PM,8/10/2026,
155,40.4,gf,0.325,mm,OK,--,8:54:43 PM,8/10/2026,
156,40.3,gf,0.330,mm,OK,--,8:54:43 PM,8/10/2026,
157,40.4,gf,0.330,mm,OK,--,8:54:43 PM,8/10/2026,
158,40.3,gf,0.330,mm,OK,--,8:54:43 PM,8/10/2026,
159,40.2,gf,0.335,mm,OK,--,8:54:43 PM,8/10/2026,
160,40.3,gf,0.335,mm,OK,--,8:54:43 PM,8/10/2026,
161,40.3,gf,0.335,mm,OK,--,8:54:43 PM,8/10/2026,
162,40.3,gf,0.340,mm,OK,--,8:54:43 PM,8/10/2026,
163,40.4,gf,0.340,mm,OK,--,8:54:43 PM,8/10/2026,
164,40.4,gf,0.340,mm,OK,--,8:54:44 PM,8/10/2026,
165,40.3,gf,0.345,mm,OK,--,8:54:44 PM,8/10/2026,
166,40.2,gf,0.345,mm,OK,--,8:54:44 PM,8/10/2026,
167,40.3,gf,0.350,mm,OK,--,8:54:44 PM,8/10/2026,
168,40.3,gf,0.350,mm,OK,--,8:54:44 PM,8/10/2026,
169,40.2,gf,0.355,mm,OK,--,8:54:44 PM,8/10/2026,
170,40.2,gf,0.355,mm,OK,--,8:54:44 PM,8/10/2026,
171,40.1,gf,0.360,mm,OK,--,8:54:44 PM,8/10/2026,
172,40.2,gf,0.365,mm,OK,--,8:54:44 PM,8/10/2026,
173,40.2,gf,0.365,mm,OK,--,8:54:44 PM,8/10/2026,
174,40.1,gf,0.370,mm,OK,--,8:54:45 PM,8/10/2026,
175,40.0,gf,0.375,mm,OK,--,8:54:45 PM,8/10/2026,
176,40.1,gf,0.380,mm,OK,--,8:54:45 PM,8/10/2026,
177,40.1,gf,0.385,mm,OK,--,8:54:45 PM,8/10/2026,
178,40.2,gf,0.385,mm,OK,--,8:54:45 PM,8/10/2026,
179,40.3,gf,0.390,mm,OK,--,8:54:45 PM,8/10/2026,
180,40.3,gf,0.395,mm,OK,--,8:54:45 PM,8/10/2026,
181,40.4,gf,0.400,mm,OK,--,8:54:45 PM,8/10/2026,
182,40.4,gf,0.400,mm,OK,--,8:54:45 PM,8/10/2026,
183,40.4,gf,0.405,mm,OK,--,8:54:45 PM,8/10/2026,
184,40.4,gf,0.410,mm,OK,--,8:54:46 PM,8/10/2026,
185,40.4,gf,0.410,mm,OK,--,8:54:46 PM,8/10/2026,
186,40.5,gf,0.415,mm,OK,--,8:54:46 PM,8/10/2026,
187,40.6,gf,0.415,mm,OK,--,8:54:46 PM,8/10/2026,
188,40.6,gf,0.420,mm,OK,--,8:54:46 PM,8/10/2026,
189,40.6,gf,0.420,mm,OK,--,8:54:46 PM,8/10/2026,
190,40.5,gf,0.425,mm,OK,--,8:54:46 PM,8/10/2026,
191,40.6,gf,0.425,mm,OK,--,8:54:46 PM,8/10/2026,
192,40.7,gf,0.430,mm,OK,--,8:54:46 PM,8/10/2026,
193,40.7,gf,0.430,mm,OK,--,8:54:46 PM,8/10/2026,
194,40.7,gf,0.430,mm,OK,--,8:54:47 PM,8/10/2026,
195,40.8,gf,0.435,mm,OK,--,8:54:47 PM,8/10/2026,
196,40.9,gf,0.435,mm,OK,--,8:54:47 PM,8/10/2026,
197,41.0,gf,0.440,mm,OK,--,8:54:47 PM,8/10/2026,
198,40.8,gf,0.440,mm,OK,--,8:54:47 PM,8/10/2026,
199,40.8,gf,0.445,mm,OK,--,8:54:47 PM,8/10/2026,
200,40.8,gf,0.445,mm,OK,--,8:54:47 PM,8/10/2026,
201,41.0,gf,0.450,mm,OK,--,8:54:47 PM,8/10/2026,
202,40.9,gf,0.450,mm,OK,--,8:54:47 PM,8/10/2026,
203,41.0,gf,0.455,mm,OK,--,8:54:47 PM,8/10/2026,
204,41.1,gf,0.455,mm,OK,--,8:54:48 PM,8/10/2026,
205,41.3,gf,0.460,mm,OK,--,8:54:48 PM,8/10/2026,
206,41.0,gf,0.460,mm,OK,--,8:54:48 PM,8/10/2026,
207,40.9,gf,0.465,mm,OK,--,8:54:48 PM,8/10/2026,
208,40.9,gf,0.470,mm,OK,--,8:54:48 PM,8/10/2026,
209,40.9,gf,0.470,mm,OK,--,8:54:48 PM,8/10/2026,
210,40.9,gf,0.475,mm,OK,--,8:54:48 PM,8/10/2026,
211,41.1,gf,0.475,mm,OK,--,8:54:48 PM,8/10/2026,
212,41.0,gf,0.480,mm,OK,--,8:54:48 PM,8/10/2026,
213,40.9,gf,0.490,mm,OK,--,8:54:48 PM,8/10/2026,
214,41.1,gf,0.495,mm,OK,--,8:54:49 PM,8/10/2026,
215,41.1,gf,0.500,mm,OK,--,8:54:49 PM,8/10/2026,
216,41.3,gf,0.505,mm,OK,--,8:54:49 PM,8/10/2026,
217,41.1,gf,0.505,mm,OK,--,8:54:49 PM,8/10/2026,
218,40.7,gf,0.505,mm,OK,--,8:54:49 PM,8/10/2026,
219,41.2,gf,0.510,mm,OK,--,8:54:49 PM,8/10/2026,
220,41.3,gf,0.510,mm,OK,--,8:54:49 PM,8/10/2026,
221,41.3,gf,0.510,mm,OK,--,8:54:49 PM,8/10/2026,
222,41.1,gf,0.515,mm,OK,--,8:54:49 PM,8/10/2026,
223,41.2,gf,0.515,mm,OK,--,8:54:49 PM,8/10/2026,
224,41.4,gf,0.515,mm,OK,--,8:54:50 PM,8/10/2026,
225,41.3,gf,0.515,mm,OK,--,8:54:50 PM,8/10/2026,
226,41.5,gf,0.520,mm,OK,--,8:54:50 PM,8/10/2026,
227,41.1,gf,0.520,mm,OK,--,8:54:50 PM,8/10/2026,
228,41.3,gf,0.520,mm,OK,--,8:54:50 PM,8/10/2026,
229,41.9,gf,0.520,mm,OK,--,8:54:50 PM,8/10/2026,
230,41.6,gf,0.520,mm,OK,--,8:54:50 PM,8/10/2026,
231,41.4,gf,0.525,mm,OK,--,8:54:50 PM,8/10/2026,
232,41.6,gf,0.525,mm,OK,--,8:54:50 PM,8/10/2026,
233,41.5,gf,0.525,mm,OK,--,8:54:50 PM,8/10/2026,
234,41.4,gf,0.530,mm,OK,--,8:54:51 PM,8/10/2026,
235,41.3,gf,0.530,mm,OK,--,8:54:51 PM,8/10/2026,
236,41.4,gf,0.530,mm,OK,--,8:54:51 PM,8/10/2026,
237,41.2,gf,0.530,mm,OK,--,8:54:51 PM,8/10/2026,
238,41.3,gf,0.530,mm,OK,--,8:54:51 PM,8/10/2026,
239,41.9,gf,0.530,mm,OK,--,8:54:51 PM,8/10/2026,
240,41.6,gf,0.535,mm,OK,--,8:54:51 PM,8/10/2026,
241,42.0,gf,0.535,mm,OK,--,8:54:51 PM,8/10/2026,
242,41.5,gf,0.535,mm,OK,--,8:54:51 PM,8/10/2026,
243,41.3,gf,0.535,mm,OK,--,8:54:51 PM,8/10/2026,
244,41.6,gf,0.540,mm,OK,--,8:54:52 PM,8/10/2026,
245,41.6,gf,0.545,mm,OK,--,8:54:52 PM,8/10/2026,
246,41.6,gf,0.545,mm,OK,--,8:54:52 PM,8/10/2026,
247,41.6,gf,0.550,mm,OK,--,8:54:52 PM,8/10/2026,
248,41.6,gf,0.555,mm,OK,--,8:54:52 PM,8/10/2026,
249,41.6,gf,0.560,mm,OK,--,8:54:52 PM,8/10/2026,
250,41.7,gf,0.560,mm,OK,--,8:54:52 PM,8/10/2026,
251,41.6,gf,0.565,mm,OK,--,8:54:52 PM,8/10/2026,
252,42.0,gf,0.565,mm,OK,--,8:54:52 PM,8/10/2026,
253,42.0,gf,0.570,mm,OK,--,8:54:52 PM,8/10/2026,
254,41.7,gf,0.570,mm,OK,--,8:54:53 PM,8/10/2026,
255,42.0,gf,0.570,mm,OK,--,8:54:53 PM,8/10/2026,
256,41.6,gf,0.580,mm,OK,--,8:54:53 PM,8/10/2026,
257,41.7,gf,0.585,mm,OK,--,8:54:53 PM,8/10/2026,
258,41.8,gf,0.585,mm,OK,--,8:54:53 PM,8/10/2026,
259,41.8,gf,0.585,mm,OK,--,8:54:53 PM,8/10/2026,
260,41.7,gf,0.585,mm,OK,--,8:54:53 PM,8/10/2026,
261,41.8,gf,0.590,mm,OK,--,8:54:53 PM,8/10/2026,
262,41.9,gf,0.590,mm,OK,--,8:54:53 PM,8/10/2026,
263,42.0,gf,0.590,mm,OK,--,8:54:53 PM,8/10/2026,
264,42.3,gf,0.590,mm,OK,--,8:54:54 PM,8/10/2026,
265,42.2,gf,0.590,mm,OK,--,8:54:54 PM,8/10/2026,
266,42.3,gf,0.590,mm,OK,--,8:54:54 PM,8/10/2026,
267,42.2,gf,0.590,mm,OK,--,8:54:54 PM,8/10/2026,
268,42.1,gf,0.590,mm,OK,--,8:54:54 PM,8/10/2026,
269,42.2,gf,0.590,mm,OK,--,8:54:54 PM,8/10/2026,
270,42.1,gf,0.595,mm,OK,--,8:54:54 PM,8/10/2026,
271,42.0,gf,0.595,mm,OK,--,8:54:54 PM,8/10/2026,
272,41.9,gf,0.600,mm,OK,--,8:54:54 PM,8/10/2026,
273,41.7,gf,0.600,mm,OK,--,8:54:54 PM,8/10/2026,
274,41.7,gf,0.605,mm,OK,--,8:54:55 PM,8/10/2026,
275,41.8,gf,0.605,mm,OK,--,8:54:55 PM,8/10/2026,
276,42.0,gf,0.605,mm,OK,--,8:54:55 PM,8/10/2026,
277,42.0,gf,0.605,mm,OK,--,8:54:55 PM,8/10/2026,
278,42.0,gf,0.605,mm,OK,--,8:54:55 PM,8/10/2026,
279,42.2,gf,0.605,mm,OK,--,8:54:55 PM,8/10/2026,
280,42.3,gf,0.605,mm,OK,--,8:54:55 PM,8/10/2026,
281,42.3,gf,0.605,mm,OK,--,8:54:55 PM,8/10/2026,
282,42.2,gf,0.605,mm,OK,--,8:54:55 PM,8/10/2026,
283,42.1,gf,0.610,mm,OK,--,8:54:55 PM,8/10/2026,
284,42.2,gf,0.610,mm,OK,--,8:54:56 PM,8/10/2026,
285,42.4,gf,0.610,mm,OK,--,8:54:56 PM,8/10/2026,
286,42.3,gf,0.610,mm,OK,--,8:54:56 PM,8/10/2026,
287,42.1,gf,0.615,mm,OK,--,8:54:56 PM,8/10/2026,
288,42.2,gf,0.615,mm,OK,--,8:54:56 PM,8/10/2026,
289,42.2,gf,0.615,mm,OK,--,8:54:56 PM,8/10/2026,
290,42.1,gf,0.615,mm,OK,--,8:54:56 PM,8/10/2026,
291,42.2,gf,0.615,mm,OK,--,8:54:56 PM,8/10/2026,
292,42.4,gf,0.615,mm,OK,--,8:54:56 PM,8/10/2026,
293,42.3,gf,0.620,mm,OK,--,8:54:56 PM,8/10/2026,
294,42.3,gf,0.620,mm,OK,--,8:54:57 PM,8/10/2026,
295,42.4,gf,0.620,mm,OK,--,8:54:57 PM,8/10/2026,
296,42.4,gf,0.620,mm,OK,--,8:54:57 PM,8/10/2026,
297,42.4,gf,0.620,mm,OK,--,8:54:57 PM,8/10/2026,
298,42.5,gf,0.620,mm,OK,--,8:54:57 PM,8/10/2026,
299,42.5,gf,0.620,mm,OK,--,8:54:57 PM,8/10/2026,
300,42.4,gf,0.625,mm,OK,--,8:54:57 PM,8/10/2026,
301,42.4,gf,0.625,mm,OK,--,8:54:57 PM,8/10/2026,
302,42.4,gf,0.625,mm,OK,--,8:54:57 PM,8/10/2026,
303,42.5,gf,0.625,mm,OK,--,8:54:57 PM,8/10/2026,
304,42.4,gf,0.625,mm,OK,--,8:54:58 PM,8/10/2026,
305,42.3,gf,0.630,mm,OK,--,8:54:58 PM,8/10/2026,
306,42.4,gf,0.630,mm,OK,--,8:54:58 PM,8/10/2026,
307,42.5,gf,0.630,mm,OK,--,8:54:58 PM,8/10/2026,
308,42.5,gf,0.635,mm,OK,--,8:54:58 PM,8/10/2026,
309,42.5,gf,0.635,mm,OK,--,8:54:58 PM,8/10/2026,
310,42.5,gf,0.635,mm,OK,--,8:54:58 PM,8/10/2026,
311,42.5,gf,0.635,mm,OK,--,8:54:58 PM,8/10/2026,
312,42.5,gf,0.640,mm,OK,--,8:54:58 PM,8/10/2026,
313,42.7,gf,0.640,mm,OK,--,8:54:58 PM,8/10/2026,
314,42.4,gf,0.640,mm,OK,--,8:54:59 PM,8/10/2026,
315,42.4,gf,0.645,mm,OK,--,8:54:59 PM,8/10/2026,
316,42.3,gf,0.645,mm,OK,--,8:54:59 PM,8/10/2026,
317,42.2,gf,0.650,mm,OK,--,8:54:59 PM,8/10/2026,
318,42.2,gf,0.655,mm,OK,--,8:54:59 PM,8/10/2026,
319,42.1,gf,0.655,mm,OK,--,8:54:59 PM,8/10/2026,
320,42.2,gf,0.660,mm,OK,--,8:54:59 PM,8/10/2026,
321,42.1,gf,0.665,mm,OK,--,8:54:59 PM,8/10/2026,
322,42.1,gf,0.665,mm,OK,--,8:54:59 PM,8/10/2026,
323,42.2,gf,0.670,mm,OK,--,8:54:59 PM,8/10/2026,
324,42.2,gf,0.670,mm,OK,--,8:55:00 PM,8/10/2026,
325,42.4,gf,0.675,mm,OK,--,8:55:00 PM,8/10/2026,
326,42.4,gf,0.675,mm,OK,--,8:55:00 PM,8/10/2026,
327,42.5,gf,0.675,mm,OK,--,8:55:00 PM,8/10/2026,
328,42.5,gf,0.680,mm,OK,--,8:55:00 PM,8/10/2026,
329,42.5,gf,0.680,mm,OK,--,8:55:00 PM,8/10/2026,
330,42.5,gf,0.680,mm,OK,--,8:55:00 PM,8/10/2026,
331,42.5,gf,0.685,mm,OK,--,8:55:00 PM,8/10/2026,
332,42.3,gf,0.690,mm,OK,--,8:55:00 PM,8/10/2026,
333,42.3,gf,0.695,mm,OK,--,8:55:00 PM,8/10/2026,
334,42.4,gf,0.700,mm,OK,--,8:55:01 PM,8/10/2026,
335,42.4,gf,0.705,mm,OK,--,8:55:01 PM,8/10/2026,
336,42.3,gf,0.710,mm,OK,--,8:55:01 PM,8/10/2026,
337,42.4,gf,0.715,mm,OK,--,8:55:01 PM,8/10/2026,
338,42.5,gf,0.715,mm,OK,--,8:55:01 PM,8/10/2026,
339,42.4,gf,0.725,mm,OK,--,8:55:01 PM,8/10/2026,
340,42.5,gf,0.725,mm,OK,--,8:55:01 PM,8/10/2026,
341,42.5,gf,0.730,mm,OK,--,8:55:01 PM,8/10/2026,
342,42.3,gf,0.735,mm,OK,--,8:55:01 PM,8/10/2026,
343,42.5,gf,0.740,mm,OK,--,8:55:01 PM,8/10/2026,
344,42.6,gf,0.745,mm,OK,--,8:55:02 PM,8/10/2026,
345,42.7,gf,0.750,mm,OK,--,8:55:02 PM,8/10/2026,
346,42.6,gf,0.755,mm,OK,--,8:55:02 PM,8/10/2026,
347,42.7,gf,0.755,mm,OK,--,8:55:02 PM,8/10/2026,
348,42.6,gf,0.755,mm,OK,--,8:55:02 PM,8/10/2026,
349,42.6,gf,0.760,mm,OK,--,8:55:02 PM,8/10/2026,
350,42.7,gf,0.760,mm,OK,--,8:55:02 PM,8/10/2026,
351,42.9,gf,0.760,mm,OK,--,8:55:02 PM,8/10/2026,
352,42.8,gf,0.760,mm,OK,--,8:55:02 PM,8/10/2026,
353,42.9,gf,0.760,mm,OK,--,8:55:02 PM,8/10/2026,
354,42.9,gf,0.760,mm,OK,--,8:55:03 PM,8/10/2026,
355,42.9,gf,0.765,mm,OK,--,8:55:03 PM,8/10/2026,
356,42.9,gf,0.765,mm,OK,--,8:55:03 PM,8/10/2026,
357,42.9,gf,0.765,mm,OK,--,8:55:03 PM,8/10/2026,
358,42.9,gf,0.765,mm,OK,--,8:55:03 PM,8/10/2026,
359,42.9,gf,0.765,mm,OK,--,8:55:03 PM,8/10/2026,
360,43.0,gf,0.765,mm,OK,--,8:55:03 PM,8/10/2026,
361,43.1,gf,0.765,mm,OK,--,8:55:03 PM,8/10/2026,
362,43.1,gf,0.765,mm,OK,--,8:55:03 PM,8/10/2026,
363,43.1,gf,0.765,mm,OK,--,8:55:03 PM,8/10/2026,
364,42.9,gf,0.770,mm,OK,--,8:55:04 PM,8/10/2026,
365,43.0,gf,0.770,mm,OK,--,8:55:04 PM,8/10/2026,
366,43.2,gf,0.770,mm,OK,--,8:55:04 PM,8/10/2026,
367,43.1,gf,0.770,mm,OK,--,8:55:04 PM,8/10/2026,
368,43.1,gf,0.770,mm,OK,--,8:55:04 PM,8/10/2026,
369,43.0,gf,0.770,mm,OK,--,8:55:04 PM,8/10/2026,
370,43.0,gf,0.770,mm,OK,--,8:55:04 PM,8/10/2026,
371,43.0,gf,0.775,mm,OK,--,8:55:04 PM,8/10/2026,
372,43.0,gf,0.775,mm,OK,--,8:55:04 PM,8/10/2026,
373,43.1,gf,0.775,mm,OK,--,8:55:04 PM,8/10/2026,
374,43.1,gf,0.780,mm,OK,--,8:55:05 PM,8/10/2026,
375,43.0,gf,0.780,mm,OK,--,8:55:05 PM,8/10/2026,
376,43.1,gf,0.780,mm,OK,--,8:55:05 PM,8/10/2026,
377,43.0,gf,0.785,mm,OK,--,8:55:05 PM,8/10/2026,
378,43.0,gf,0.785,mm,OK,--,8:55:05 PM,8/10/2026,
379,43.0,gf,0.790,mm,OK,--,8:55:05 PM,8/10/2026,
380,43.1,gf,0.790,mm,OK,--,8:55:05 PM,8/10/2026,
381,42.9,gf,0.795,mm,OK,--,8:55:05 PM,8/10/2026,
382,42.9,gf,0.795,mm,OK,--,8:55:05 PM,8/10/2026,
383,42.9,gf,0.800,mm,OK,--,8:55:05 PM,8/10/2026,
384,42.9,gf,0.800,mm,OK,--,8:55:06 PM,8/10/2026,
385,42.9,gf,0.800,mm,OK,--,8:55:06 PM,8/10/2026,
386,42.9,gf,0.805,mm,OK,--,8:55:06 PM,8/10/2026,
387,42.9,gf,0.805,mm,OK,--,8:55:06 PM,8/10/2026,
388,42.9,gf,0.805,mm,OK,--,8:55:06 PM,8/10/2026,
389,42.9,gf,0.805,mm,OK,--,8:55:06 PM,8/10/2026,
390,43.0,gf,0.805,mm,OK,--,8:55:06 PM,8/10/2026,
391,43.0,gf,0.810,mm,OK,--,8:55:06 PM,8/10/2026,
392,43.0,gf,0.810,mm,OK,--,8:55:06 PM,8/10/2026,
393,42.9,gf,0.810,mm,OK,--,8:55:06 PM,8/10/2026,
394,42.8,gf,0.810,mm,OK,--,8:55:07 PM,8/10/2026,
395,42.8,gf,0.815,mm,OK,--,8:55:07 PM,8/10/2026,
396,42.9,gf,0.815,mm,OK,--,8:55:07 PM,8/10/2026,
397,42.9,gf,0.815,mm,OK,--,8:55:07 PM,8/10/2026,
398,43.0,gf,0.820,mm,OK,--,8:55:07 PM,8/10/2026,
399,42.7,gf,0.820,mm,OK,--,8:55:07 PM,8/10/2026,
400,43.0,gf,0.820,mm,OK,--,8:55:07 PM,8/10/2026,
401,43.0,gf,0.825,mm,OK,--,8:55:07 PM,8/10/2026,
402,43.0,gf,0.825,mm,OK,--,8:55:07 PM,8/10/2026,
403,43.0,gf,0.830,mm,OK,--,8:55:07 PM,8/10/2026,
404,42.8,gf,0.835,mm,OK,--,8:55:08 PM,8/10/2026,
405,42.8,gf,0.840,mm,OK,--,8:55:08 PM,8/10/2026,
406,42.8,gf,0.845,mm,OK,--,8:55:08 PM,8/10/2026,
407,42.7,gf,0.850,mm,OK,--,8:55:08 PM,8/10/2026,
408,42.7,gf,0.855,mm,OK,--,8:55:08 PM,8/10/2026,
409,42.7,gf,0.860,mm,OK,--,8:55:08 PM,8/10/2026,
410,42.7,gf,0.865,mm,OK,--,8:55:08 PM,8/10/2026,
411,42.8,gf,0.870,mm,OK,--,8:55:08 PM,8/10/2026,
412,42.8,gf,0.875,mm,OK,--,8:55:08 PM,8/10/2026,
413,42.9,gf,0.875,mm,OK,--,8:55:08 PM,8/10/2026,
414,42.9,gf,0.880,mm,OK,--,8:55:09 PM,8/10/2026,
415,42.9,gf,0.885,mm,OK,--,8:55:09 PM,8/10/2026,
416,43.0,gf,0.885,mm,OK,--,8:55:09 PM,8/10/2026,
417,42.9,gf,0.890,mm,OK,--,8:55:09 PM,8/10/2026,
418,42.9,gf,0.890,mm,OK,--,8:55:09 PM,8/10/2026,
419,43.0,gf,0.890,mm,OK,--,8:55:09 PM,8/10/2026,
420,43.1,gf,0.895,mm,OK,--,8:55:09 PM,8/10/2026,
421,43.0,gf,0.900,mm,OK,--,8:55:09 PM,8/10/2026,
422,43.1,gf,0.900,mm,OK,--,8:55:09 PM,8/10/2026,
423,43.3,gf,0.905,mm,OK,--,8:55:09 PM,8/10/2026,
424,43.4,gf,0.905,mm,OK,--,8:55:10 PM,8/10/2026,
425,43.3,gf,0.910,mm,OK,--,8:55:10 PM,8/10/2026,
426,43.2,gf,0.910,mm,OK,--,8:55:10 PM,8/10/2026,
427,43.2,gf,0.910,mm,OK,--,8:55:10 PM,8/10/2026,
428,43.0,gf,0.915,mm,OK,--,8:55:10 PM,8/10/2026,
429,43.1,gf,0.915,mm,OK,--,8:55:10 PM,8/10/2026,
430,42.9,gf,0.920,mm,OK,--,8:55:10 PM,8/10/2026,
431,42.7,gf,0.925,mm,OK,--,8:55:10 PM,8/10/2026,
432,42.8,gf,0.930,mm,OK,--,8:55:10 PM,8/10/2026,
433,43.0,gf,0.930,mm,OK,--,8:55:10 PM,8/10/2026,
434,42.9,gf,0.935,mm,OK,--,8:55:11 PM,8/10/2026,
435,42.8,gf,0.940,mm,OK,--,8:55:11 PM,8/10/2026,
436,42.9,gf,0.945,mm,OK,--,8:55:11 PM,8/10/2026,
437,42.8,gf,0.955,mm,OK,--,8:55:11 PM,8/10/2026,
438,42.9,gf,0.960,mm,OK,--,8:55:11 PM,8/10/2026,
439,43.1,gf,0.970,mm,OK,--,8:55:11 PM,8/10/2026,
440,43.1,gf,0.975,mm,OK,--,8:55:11 PM,8/10/2026,
441,43.2,gf,0.985,mm,OK,--,8:55:11 PM,8/10/2026,
442,43.2,gf,0.990,mm,OK,--,8:55:11 PM,8/10/2026,
443,43.3,gf,0.990,mm,OK,--,8:55:11 PM,8/10/2026,
444,43.4,gf,0.995,mm,OK,--,8:55:12 PM,8/10/2026,
445,43.4,gf,1.000,mm,OK,--,8:55:12 PM,8/10/2026,
446,43.4,gf,1.000,mm,OK,--,8:55:12 PM,8/10/2026,
447,43.3,gf,1.005,mm,OK,--,8:55:12 PM,8/10/2026,
448,43.3,gf,1.010,mm,OK,--,8:55:12 PM,8/10/2026,
449,43.5,gf,1.015,mm,OK,--,8:55:12 PM,8/10/2026,
450,43.6,gf,1.020,mm,OK,--,8:55:12 PM,8/10/2026,
451,43.6,gf,1.025,mm,OK,--,8:55:12 PM,8/10/2026,
452,43.5,gf,1.030,mm,OK,--,8:55:12 PM,8/10/2026,
453,43.5,gf,1.035,mm,OK,--,8:55:12 PM,8/10/2026,
454,43.6,gf,1.040,mm,OK,--,8:55:13 PM,8/10/2026,
455,43.6,gf,1.045,mm,OK,--,8:55:13 PM,8/10/2026,
456,43.6,gf,1.050,mm,OK,--,8:55:13 PM,8/10/2026,
457,43.6,gf,1.055,mm,OK,--,8:55:13 PM,8/10/2026,
458,43.5,gf,1.060,mm,OK,--,8:55:13 PM,8/10/2026,
459,43.6,gf,1.065,mm,OK,--,8:55:13 PM,8/10/2026,
460,43.6,gf,1.070,mm,OK,--,8:55:13 PM,8/10/2026,
461,43.6,gf,1.075,mm,OK,--,8:55:13 PM,8/10/2026,
462,43.7,gf,1.075,mm,OK,--,8:55:13 PM,8/10/2026,
463,43.8,gf,1.080,mm,OK,--,8:55:13 PM,8/10/2026,
464,43.8,gf,1.085,mm,OK,--,8:55:14 PM,8/10/2026,
465,43.8,gf,1.085,mm,OK,--,8:55:14 PM,8/10/2026,
466,43.8,gf,1.090,mm,OK,--,8:55:14 PM,8/10/2026,
467,43.8,gf,1.095,mm,OK,--,8:55:14 PM,8/10/2026,
468,43.9,gf,1.095,mm,OK,--,8:55:14 PM,8/10/2026,
469,44.0,gf,1.095,mm,OK,--,8:55:14 PM,8/10/2026,
470,44.1,gf,1.100,mm,OK,--,8:55:14 PM,8/10/2026,
471,44.0,gf,1.105,mm,OK,--,8:55:14 PM,8/10/2026,
472,44.0,gf,1.105,mm,OK,--,8:55:14 PM,8/10/2026,
473,44.1,gf,1.110,mm,OK,--,8:55:14 PM,8/10/2026,
474,44.0,gf,1.110,mm,OK,--,8:55:15 PM,8/10/2026,
475,44.0,gf,1.115,mm,OK,--,8:55:15 PM,8/10/2026,
476,44.0,gf,1.120,mm,OK,--,8:55:15 PM,8/10/2026,
477,44.1,gf,1.120,mm,OK,--,8:55:15 PM,8/10/2026,
478,44.3,gf,1.125,mm,OK,--,8:55:15 PM,8/10/2026,
479,44.1,gf,1.130,mm,OK,--,8:55:15 PM,8/10/2026,
480,44.0,gf,1.135,mm,OK,--,8:55:15 PM,8/10/2026,
481,44.1,gf,1.140,mm,OK,--,8:55:15 PM,8/10/2026,
482,44.0,gf,1.145,mm,OK,--,8:55:15 PM,8/10/2026,
483,44.1,gf,1.145,mm,OK,--,8:55:15 PM,8/10/2026,
484,44.1,gf,1.150,mm,OK,--,8:55:16 PM,8/10/2026,
485,44.0,gf,1.155,mm,OK,--,8:55:16 PM,8/10/2026,
486,44.1,gf,1.155,mm,OK,--,8:55:16 PM,8/10/2026,
487,44.1,gf,1.160,mm,OK,--,8:55:16 PM,8/10/2026,
488,44.0,gf,1.160,mm,OK,--,8:55:16 PM,8/10/2026,
489,44.1,gf,1.165,mm,OK,--,8:55:16 PM,8/10/2026,
490,44.1,gf,1.165,mm,OK,--,8:55:16 PM,8/10/2026,
491,44.1,gf,1.170,mm,OK,--,8:55:16 PM,8/10/2026,
492,44.1,gf,1.175,mm,OK,--,8:55:16 PM,8/10/2026,
493,44.1,gf,1.175,mm,OK,--,8:55:16 PM,8/10/2026,
494,44.1,gf,1.180,mm,OK,--,8:55:17 PM,8/10/2026,
495,44.1,gf,1.185,mm,OK,--,8:55:17 PM,8/10/2026,
496,44.1,gf,1.190,mm,OK,--,8:55:17 PM,8/10/2026,
497,44.1,gf,1.190,mm,OK,--,8:55:17 PM,8/10/2026,
498,44.0,gf,1.195,mm,OK,--,8:55:17 PM,8/10/2026,
499,44.0,gf,1.200,mm,OK,--,8:55:17 PM,8/10/2026,
500,44.0,gf,1.200,mm,OK,--,8:55:17 PM,8/10/2026,
501,44.0,gf,1.205,mm,OK,--,8:55:17 PM,8/10/2026,
502,43.9,gf,1.210,mm,OK,--,8:55:17 PM,8/10/2026,
503,43.8,gf,1.215,mm,OK,--,8:55:17 PM,8/10/2026,
504,44.0,gf,1.220,mm,OK,--,8:55:18 PM,8/10/2026,
505,44.1,gf,1.220,mm,OK,--,8:55:18 PM,8/10/2026,
506,44.3,gf,1.225,mm,OK,--,8:55:18 PM,8/10/2026,
507,44.3,gf,1.230,mm,OK,--,8:55:18 PM,8/10/2026,
508,44.3,gf,1.230,mm,OK,--,8:55:18 PM,8/10/2026,
509,44.2,gf,1.235,mm,OK,--,8:55:18 PM,8/10/2026,
510,44.2,gf,1.240,mm,OK,--,8:55:18 PM,8/10/2026,
511,44.3,gf,1.245,mm,OK,--,8:55:18 PM,8/10/2026,
512,44.3,gf,1.250,mm,OK,--,8:55:18 PM,8/10/2026,
513,44.3,gf,1.250,mm,OK,--,8:55:18 PM,8/10/2026,
514,44.4,gf,1.255,mm,OK,--,8:55:19 PM,8/10/2026,
515,44.4,gf,1.260,mm,OK,--,8:55:19 PM,8/10/2026,
516,44.5,gf,1.260,mm,OK,--,8:55:19 PM,8/10/2026,
517,44.6,gf,1.265,mm,OK,--,8:55:19 PM,8/10/2026,
518,44.6,gf,1.265,mm,OK,--,8:55:19 PM,8/10/2026,
519,44.6,gf,1.265,mm,OK,--,8:55:19 PM,8/10/2026,
520,44.7,gf,1.270,mm,OK,--,8:55:19 PM,8/10/2026,
521,44.6,gf,1.270,mm,OK,--,8:55:19 PM,8/10/2026,
522,44.7,gf,1.275,mm,OK,--,8:55:19 PM,8/10/2026,
523,44.6,gf,1.275,mm,OK,--,8:55:19 PM,8/10/2026,
524,44.5,gf,1.280,mm,OK,--,8:55:20 PM,8/10/2026,
525,44.5,gf,1.285,mm,OK,--,8:55:20 PM,8/10/2026,
526,44.5,gf,1.290,mm,OK,--,8:55:20 PM,8/10/2026,
527,44.5,gf,1.290,mm,OK,--,8:55:20 PM,8/10/2026,
528,44.5,gf,1.295,mm,OK,--,8:55:20 PM,8/10/2026,
529,44.6,gf,1.300,mm,OK,--,8:55:20 PM,8/10/2026,
530,44.6,gf,1.305,mm,OK,--,8:55:20 PM,8/10/2026,
531,44.7,gf,1.310,mm,OK,--,8:55:20 PM,8/10/2026,
532,44.6,gf,1.310,mm,OK,--,8:55:20 PM,8/10/2026,
533,44.7,gf,1.315,mm,OK,--,8:55:20 PM,8/10/2026,
534,44.6,gf,1.320,mm,OK,--,8:55:21 PM,8/10/2026,
535,44.6,gf,1.330,mm,OK,--,8:55:21 PM,8/10/2026,
536,44.7,gf,1.335,mm,OK,--,8:55:21 PM,8/10/2026,
537,44.6,gf,1.340,mm,OK,--,8:55:21 PM,8/10/2026,
538,44.8,gf,1.340,mm,OK,--,8:55:21 PM,8/10/2026,
539,44.8,gf,1.345,mm,OK,--,8:55:21 PM,8/10/2026,
540,44.8,gf,1.350,mm,OK,--,8:55:21 PM,8/10/2026,
541,44.8,gf,1.355,mm,OK,--,8:55:21 PM,8/10/2026,
542,44.8,gf,1.355,mm,OK,--,8:55:21 PM,8/10/2026,
543,44.8,gf,1.360,mm,OK,--,8:55:21 PM,8/10/2026,
544,44.8,gf,1.365,mm,OK,--,8:55:22 PM,8/10/2026,
545,44.9,gf,1.370,mm,OK,--,8:55:22 PM,8/10/2026,
546,45.0,gf,1.375,mm,OK,--,8:55:22 PM,8/10/2026,
547,45.1,gf,1.380,mm,OK,--,8:55:22 PM,8/10/2026,
548,45.3,gf,1.385,mm,OK,--,8:55:22 PM,8/10/2026,
549,45.2,gf,1.390,mm,OK,--,8:55:22 PM,8/10/2026,
550,45.4,gf,1.390,mm,OK,--,8:55:22 PM,8/10/2026,
551,45.4,gf,1.395,mm,OK,--,8:55:22 PM,8/10/2026,
552,45.5,gf,1.400,mm,OK,--,8:55:22 PM,8/10/2026,
553,45.4,gf,1.400,mm,OK,--,8:55:22 PM,8/10/2026,
554,45.2,gf,1.405,mm,OK,--,8:55:23 PM,8/10/2026,
555,45.3,gf,1.405,mm,OK,--,8:55:23 PM,8/10/2026,
556,45.4,gf,1.410,mm,OK,--,8:55:23 PM,8/10/2026,
557,45.5,gf,1.410,mm,OK,--,8:55:23 PM,8/10/2026,
558,45.5,gf,1.410,mm,OK,--,8:55:23 PM,8/10/2026,
559,45.4,gf,1.415,mm,OK,--,8:55:23 PM,8/10/2026,
560,45.5,gf,1.415,mm,OK,--,8:55:23 PM,8/10/2026,
561,45.5,gf,1.415,mm,OK,--,8:55:23 PM,8/10/2026,
562,45.5,gf,1.420,mm,OK,--,8:55:23 PM,8/10/2026,
563,45.4,gf,1.420,mm,OK,--,8:55:23 PM,8/10/2026,
564,45.5,gf,1.425,mm,OK,--,8:55:24 PM,8/10/2026,
565,45.6,gf,1.425,mm,OK,--,8:55:24 PM,8/10/2026,
566,45.7,gf,1.425,mm,OK,--,8:55:24 PM,8/10/2026,
567,45.6,gf,1.430,mm,OK,--,8:55:24 PM,8/10/2026,
568,45.6,gf,1.430,mm,OK,--,8:55:24 PM,8/10/2026,
569,45.6,gf,1.430,mm,OK,--,8:55:24 PM,8/10/2026,
570,45.5,gf,1.435,mm,OK,--,8:55:24 PM,8/10/2026,
571,45.5,gf,1.435,mm,OK,--,8:55:24 PM,8/10/2026,
572,45.6,gf,1.435,mm,OK,--,8:55:24 PM,8/10/2026,
573,45.5,gf,1.440,mm,OK,--,8:55:24 PM,8/10/2026,
574,45.5,gf,1.440,mm,OK,--,8:55:25 PM,8/10/2026,
575,45.5,gf,1.440,mm,OK,--,8:55:25 PM,8/10/2026,
576,45.6,gf,1.445,mm,OK,--,8:55:25 PM,8/10/2026,
577,45.6,gf,1.445,mm,OK,--,8:55:25 PM,8/10/2026,
578,45.7,gf,1.445,mm,OK,--,8:55:25 PM,8/10/2026,
579,45.7,gf,1.450,mm,OK,--,8:55:25 PM,8/10/2026,
580,45.7,gf,1.450,mm,OK,--,8:55:25 PM,8/10/2026,
581,45.9,gf,1.450,mm,OK,--,8:55:25 PM,8/10/2026,
582,45.8,gf,1.455,mm,OK,--,8:55:25 PM,8/10/2026,
583,45.8,gf,1.455,mm,OK,--,8:55:25 PM,8/10/2026,
584,45.8,gf,1.455,mm,OK,--,8:55:26 PM,8/10/2026,
585,45.8,gf,1.455,mm,OK,--,8:55:26 PM,8/10/2026,
586,45.7,gf,1.460,mm,OK,--,8:55:26 PM,8/10/2026,
587,45.7,gf,1.460,mm,OK,--,8:55:26 PM,8/10/2026,
588,45.7,gf,1.465,mm,OK,--,8:55:26 PM,8/10/2026,
589,45.6,gf,1.465,mm,OK,--,8:55:26 PM,8/10/2026,
590,45.7,gf,1.470,mm,OK,--,8:55:26 PM,8/10/2026,
591,45.7,gf,1.470,mm,OK,--,8:55:26 PM,8/10/2026,
592,45.8,gf,1.475,mm,OK,--,8:55:26 PM,8/10/2026,
593,45.5,gf,1.480,mm,OK,--,8:55:26 PM,8/10/2026,
594,45.4,gf,1.485,mm,OK,--,8:55:27 PM,8/10/2026,
595,45.9,gf,1.485,mm,OK,--,8:55:27 PM,8/10/2026,
596,45.5,gf,1.485,mm,OK,--,8:55:27 PM,8/10/2026,
597,45.7,gf,1.485,mm,OK,--,8:55:27 PM,8/10/2026,
598,45.9,gf,1.485,mm,OK,--,8:55:27 PM,8/10/2026,
599,46.2,gf,1.485,mm,OK,--,8:55:27 PM,8/10/2026,
600,46.3,gf,1.485,mm,OK,--,8:55:27 PM,8/10/2026,
601,46.2,gf,1.490,mm,OK,--,8:55:27 PM,8/10/2026,
602,46.1,gf,1.490,mm,OK,--,8:55:27 PM,8/10/2026,
603,46.1,gf,1.490,mm,OK,--,8:55:27 PM,8/10/2026,
604,45.9,gf,1.490,mm,OK,--,8:55:28 PM,8/10/2026,
605,46.0,gf,1.495,mm,OK,--,8:55:28 PM,8/10/2026,
606,46.0,gf,1.495,mm,OK,--,8:55:28 PM,8/10/2026,
607,45.9,gf,1.495,mm,OK,--,8:55:28 PM,8/10/2026,
608,45.8,gf,1.500,mm,OK,--,8:55:28 PM,8/10/2026,
609,45.8,gf,1.505,mm,OK,--,8:55:28 PM,8/10/2026,
610,45.8,gf,1.505,mm,OK,--,8:55:28 PM,8/10/2026,
611,45.7,gf,1.510,mm,OK,--,8:55:28 PM,8/10/2026,
612,45.7,gf,1.510,mm,OK,--,8:55:28 PM,8/10/2026,
613,46.0,gf,1.515,mm,OK,--,8:55:28 PM,8/10/2026,
614,46.0,gf,1.515,mm,OK,--,8:55:29 PM,8/10/2026,
615,45.9,gf,1.520,mm,OK,--,8:55:29 PM,8/10/2026,
616,45.8,gf,1.530,mm,OK,--,8:55:29 PM,8/10/2026,
617,45.9,gf,1.535,mm,OK,--,8:55:29 PM,8/10/2026,
618,46.0,gf,1.540,mm,OK,--,8:55:29 PM,8/10/2026,
619,46.2,gf,1.540,mm,OK,--,8:55:29 PM,8/10/2026,
620,46.3,gf,1.545,mm,OK,--,8:55:29 PM,8/10/2026,
621,46.2,gf,1.545,mm,OK,--,8:55:29 PM,8/10/2026,
622,46.2,gf,1.550,mm,OK,--,8:55:29 PM,8/10/2026,
623,46.1,gf,1.550,mm,OK,--,8:55:29 PM,8/10/2026,
624,46.2,gf,1.555,mm,OK,--,8:55:30 PM,8/10/2026,
625,46.3,gf,1.555,mm,OK,--,8:55:30 PM,8/10/2026,
626,46.4,gf,1.560,mm,OK,--,8:55:30 PM,8/10/2026,
627,46.3,gf,1.560,mm,OK,--,8:55:30 PM,8/10/2026,
628,46.3,gf,1.565,mm,OK,--,8:55:30 PM,8/10/2026,
629,46.3,gf,1.570,mm,OK,--,8:55:30 PM,8/10/2026,
630,46.3,gf,1.570,mm,OK,--,8:55:30 PM,8/10/2026,
631,46.3,gf,1.575,mm,OK,--,8:55:30 PM,8/10/2026,
632,46.3,gf,1.575,mm,OK,--,8:55:30 PM,8/10/2026,
633,46.2,gf,1.580,mm,OK,--,8:55:30 PM,8/10/2026,
634,46.2,gf,1.585,mm,OK,--,8:55:31 PM,8/10/2026,
635,46.3,gf,1.585,mm,OK,--,8:55:31 PM,8/10/2026,
636,46.4,gf,1.590,mm,OK,--,8:55:31 PM,8/10/2026,
637,46.5,gf,1.590,mm,OK,--,8:55:31 PM,8/10/2026,
638,46.4,gf,1.595,mm,OK,--,8:55:31 PM,8/10/2026,
639,46.4,gf,1.595,mm,OK,--,8:55:31 PM,8/10/2026,
640,46.4,gf,1.600,mm,OK,--,8:55:31 PM,8/10/2026,
641,46.3,gf,1.605,mm,OK,--,8:55:31 PM,8/10/2026,
642,46.2,gf,1.610,mm,OK,--,8:55:31 PM,8/10/2026,
643,46.1,gf,1.615,mm,OK,--,8:55:31 PM,8/10/2026,
644,46.0,gf,1.625,mm,OK,--,8:55:32 PM,8/10/2026,
645,46.1,gf,1.630,mm,OK,--,8:55:32 PM,8/10/2026,
646,46.4,gf,1.640,mm,OK,--,8:55:32 PM,8/10/2026,
647,46.4,gf,1.645,mm,OK,--,8:55:32 PM,8/10/2026,
648,46.5,gf,1.650,mm,OK,--,8:55:32 PM,8/10/2026,
649,46.7,gf,1.650,mm,OK,--,8:55:32 PM,8/10/2026,
650,46.3,gf,1.660,mm,OK,--,8:55:32 PM,8/10/2026,
651,46.2,gf,1.670,mm,OK,--,8:55:32 PM,8/10/2026,
652,46.5,gf,1.680,mm,OK,--,8:55:32 PM,8/10/2026,
653,46.4,gf,1.690,mm,OK,--,8:55:32 PM,8/10/2026,
654,46.3,gf,1.700,mm,OK,--,8:55:33 PM,8/10/2026,
655,46.3,gf,1.710,mm,OK,--,8:55:33 PM,8/10/2026,
656,46.6,gf,1.720,mm,OK,--,8:55:33 PM,8/10/2026,
657,46.6,gf,1.730,mm,OK,--,8:55:33 PM,8/10/2026,
658,46.7,gf,1.735,mm,OK,--,8:55:33 PM,8/10/2026,
659,46.7,gf,1.750,mm,OK,--,8:55:33 PM,8/10/2026,
660,46.6,gf,1.765,mm,OK,--,8:55:33 PM,8/10/2026,
661,46.7,gf,1.775,mm,OK,--,8:55:33 PM,8/10/2026,
662,46.9,gf,1.790,mm,OK,--,8:55:33 PM,8/10/2026,
663,47.0,gf,1.795,mm,OK,--,8:55:33 PM,8/10/2026,
664,47.0,gf,1.800,mm,OK,--,8:55:34 PM,8/10/2026,
665,47.2,gf,1.805,mm,OK,--,8:55:34 PM,8/10/2026,
666,47.3,gf,1.810,mm,OK,--,8:55:34 PM,8/10/2026,
667,47.4,gf,1.810,mm,OK,--,8:55:34 PM,8/10/2026,
668,47.3,gf,1.815,mm,OK,--,8:55:34 PM,8/10/2026,
669,47.3,gf,1.820,mm,OK,--,8:55:34 PM,8/10/2026,
670,47.3,gf,1.820,mm,OK,--,8:55:34 PM,8/10/2026,
671,47.2,gf,1.825,mm,OK,--,8:55:34 PM,8/10/2026,
672,47.2,gf,1.830,mm,OK,--,8:55:34 PM,8/10/2026,
673,47.4,gf,1.835,mm,OK,--,8:55:34 PM,8/10/2026,
674,47.3,gf,1.840,mm,OK,--,8:55:35 PM,8/10/2026,
675,47.3,gf,1.845,mm,OK,--,8:55:35 PM,8/10/2026,
676,47.3,gf,1.850,mm,OK,--,8:55:35 PM,8/10/2026,
677,47.2,gf,1.855,mm,OK,--,8:55:35 PM,8/10/2026,
678,46.9,gf,1.860,mm,OK,--,8:55:35 PM,8/10/2026,
679,46.9,gf,1.870,mm,OK,--,8:55:35 PM,8/10/2026,
680,47.0,gf,1.875,mm,OK,--,8:55:35 PM,8/10/2026,
681,46.9,gf,1.880,mm,OK,--,8:55:35 PM,8/10/2026,
682,47.2,gf,1.890,mm,OK,--,8:55:35 PM,8/10/2026,
683,47.3,gf,1.890,mm,OK,--,8:55:35 PM,8/10/2026,
684,47.0,gf,1.895,mm,OK,--,8:55:36 PM,8/10/2026,
685,46.9,gf,1.905,mm,OK,--,8:55:36 PM,8/10/2026,
686,47.0,gf,1.915,mm,OK,--,8:55:36 PM,8/10/2026,
687,47.1,gf,1.925,mm,OK,--,8:55:36 PM,8/10/2026,
688,47.1,gf,1.935,mm,OK,--,8:55:36 PM,8/10/2026,
689,47.3,gf,1.945,mm,OK,--,8:55:36 PM,8/10/2026,
690,47.3,gf,1.950,mm,OK,--,8:55:36 PM,8/10/2026,
691,47.2,gf,1.960,mm,OK,--,8:55:36 PM,8/10/2026,
692,47.1,gf,1.965,mm,OK,--,8:55:36 PM,8/10/2026,
693,47.4,gf,1.970,mm,OK,--,8:55:36 PM,8/10/2026,
694,47.5,gf,1.975,mm,OK,--,8:55:37 PM,8/10/2026,
695,47.5,gf,1.980,mm,OK,--,8:55:37 PM,8/10/2026,
696,47.6,gf,1.980,mm,OK,--,8:55:37 PM,8/10/2026,
697,47.6,gf,1.985,mm,OK,--,8:55:37 PM,8/10/2026,
698,47.4,gf,1.985,mm,OK,--,8:55:37 PM,8/10/2026,
699,47.4,gf,1.990,mm,OK,--,8:55:37 PM,8/10/2026,
700,47.3,gf,1.990,mm,OK,--,8:55:37 PM,8/10/2026,
701,47.3,gf,1.995,mm,OK,--,8:55:37 PM,8/10/2026,
702,47.4,gf,1.995,mm,OK,--,8:55:37 PM,8/10/2026,
703,47.2,gf,2.000,mm,OK,--,8:55:37 PM,8/10/2026,
704,47.2,gf,2.005,mm,OK,--,8:55:38 PM,8/10/2026,
705,47.2,gf,2.010,mm,OK,--,8:55:38 PM,8/10/2026,
706,47.3,gf,2.010,mm,OK,--,8:55:38 PM,8/10/2026,
707,47.3,gf,2.015,mm,OK,--,8:55:38 PM,8/10/2026,
708,47.2,gf,2.015,mm,OK,--,8:55:38 PM,8/10/2026,
709,47.4,gf,2.020,mm,OK,--,8:55:38 PM,8/10/2026,
710,47.3,gf,2.020,mm,OK,--,8:55:38 PM,8/10/2026,
711,47.2,gf,2.025,mm,OK,--,8:55:38 PM,8/10/2026,
712,47.3,gf,2.025,mm,OK,--,8:55:38 PM,8/10/2026,
713,47.2,gf,2.030,mm,OK,--,8:55:38 PM,8/10/2026,
714,47.1,gf,2.030,mm,OK,--,8:55:39 PM,8/10/2026,
715,47.1,gf,2.030,mm,OK,--,8:55:39 PM,8/10/2026,
716,47.3,gf,2.035,mm,OK,--,8:55:39 PM,8/10/2026,
717,47.1,gf,2.035,mm,OK,--,8:55:39 PM,8/10/2026,
718,47.1,gf,2.040,mm,OK,--,8:55:39 PM,8/10/2026,
719,47.1,gf,2.040,mm,OK,--,8:55:39 PM,8/10/2026,
720,47.2,gf,2.040,mm,OK,--,8:55:39 PM,8/10/2026,
721,47.1,gf,2.045,mm,OK,--,8:55:39 PM,8/10/2026,
722,47.1,gf,2.050,mm,OK,--,8:55:39 PM,8/10/2026,
723,47.1,gf,2.050,mm,OK,--,8:55:39 PM,8/10/2026,
724,47.2,gf,2.055,mm,OK,--,8:55:40 PM,8/10/2026,
725,47.2,gf,2.055,mm,OK,--,8:55:40 PM,8/10/2026,
726,47.0,gf,2.060,mm,OK,--,8:55:40 PM,8/10/2026,
727,47.1,gf,2.065,mm,OK,--,8:55:40 PM,8/10/2026,
728,47.1,gf,2.065,mm,OK,--,8:55:40 PM,8/10/2026,
729,47.2,gf,2.070,mm,OK,--,8:55:40 PM,8/10/2026,
730,47.1,gf,2.070,mm,OK,--,8:55:40 PM,8/10/2026,
731,47.2,gf,2.075,mm,OK,--,8:55:40 PM,8/10/2026,
732,47.2,gf,2.075,mm,OK,--,8:55:40 PM,8/10/2026,
733,47.2,gf,2.080,mm,OK,--,8:55:40 PM,8/10/2026,
734,47.2,gf,2.080,mm,OK,--,8:55:41 PM,8/10/2026,
735,47.3,gf,2.080,mm,OK,--,8:55:41 PM,8/10/2026,
736,47.3,gf,2.085,mm,OK,--,8:55:41 PM,8/10/2026,
737,47.3,gf,2.085,mm,OK,--,8:55:41 PM,8/10/2026,
738,47.3,gf,2.090,mm,OK,--,8:55:41 PM,8/10/2026,
739,47.3,gf,2.090,mm,OK,--,8:55:41 PM,8/10/2026,
740,47.4,gf,2.090,mm,OK,--,8:55:41 PM,8/10/2026,
741,47.5,gf,2.095,mm,OK,--,8:55:41 PM,8/10/2026,
742,47.5,gf,2.095,mm,OK,--,8:55:41 PM,8/10/2026,
743,47.5,gf,2.095,mm,OK,--,8:55:41 PM,8/10/2026,
744,47.5,gf,2.100,mm,OK,--,8:55:42 PM,8/10/2026,
745,47.5,gf,2.100,mm,OK,--,8:55:42 PM,8/10/2026,
746,47.5,gf,2.100,mm,OK,--,8:55:42 PM,8/10/2026,
747,47.4,gf,2.105,mm,OK,--,8:55:42 PM,8/10/2026,
748,47.5,gf,2.105,mm,OK,--,8:55:42 PM,8/10/2026,
749,47.5,gf,2.110,mm,OK,--,8:55:42 PM,8/10/2026,
750,47.5,gf,2.110,mm,OK,--,8:55:42 PM,8/10/2026,
751,47.7,gf,2.115,mm,OK,--,8:55:42 PM,8/10/2026,
752,47.7,gf,2.115,mm,OK,--,8:55:42 PM,8/10/2026,
753,47.5,gf,2.120,mm,OK,--,8:55:42 PM,8/10/2026,
754,47.6,gf,2.120,mm,OK,--,8:55:43 PM,8/10/2026,
755,47.6,gf,2.125,mm,OK,--,8:55:43 PM,8/10/2026,
756,47.5,gf,2.125,mm,OK,--,8:55:43 PM,8/10/2026,
757,47.3,gf,2.130,mm,OK,--,8:55:43 PM,8/10/2026,
758,47.2,gf,2.135,mm,OK,--,8:55:43 PM,8/10/2026,
759,47.2,gf,2.140,mm,OK,--,8:55:43 PM,8/10/2026,
760,47.1,gf,2.145,mm,OK,--,8:55:43 PM,8/10/2026,
761,46.9,gf,2.150,mm,OK,--,8:55:43 PM,8/10/2026,
762,46.9,gf,2.155,mm,OK,--,8:55:43 PM,8/10/2026,
763,46.8,gf,2.160,mm,OK,--,8:55:43 PM,8/10/2026,
764,46.7,gf,2.165,mm,OK,--,8:55:44 PM,8/10/2026,
765,46.7,gf,2.170,mm,OK,--,8:55:44 PM,8/10/2026,
766,46.7,gf,2.170,mm,OK,--,8:55:44 PM,8/10/2026,
767,46.6,gf,2.175,mm,OK,--,8:55:44 PM,8/10/2026,
768,46.7,gf,2.180,mm,OK,--,8:55:44 PM,8/10/2026,
769,46.6,gf,2.185,mm,OK,--,8:55:44 PM,8/10/2026,
770,46.6,gf,2.185,mm,OK,--,8:55:44 PM,8/10/2026,
771,46.7,gf,2.190,mm,OK,--,8:55:44 PM,8/10/2026,
772,46.7,gf,2.190,mm,OK,--,8:55:44 PM,8/10/2026,
773,46.7,gf,2.190,mm,OK,--,8:55:44 PM,8/10/2026,
774,46.7,gf,2.190,mm,OK,--,8:55:45 PM,8/10/2026,
775,46.7,gf,2.195,mm,OK,--,8:55:45 PM,8/10/2026,
776,46.7,gf,2.195,mm,OK,--,8:55:45 PM,8/10/2026,
777,46.5,gf,2.200,mm,OK,--,8:55:45 PM,8/10/2026,
778,46.4,gf,2.205,mm,OK,--,8:55:45 PM,8/10/2026,
779,46.4,gf,2.210,mm,OK,--,8:55:45 PM,8/10/2026,
780,46.3,gf,2.215,mm,OK,--,8:55:45 PM,8/10/2026,
781,46.3,gf,2.220,mm,OK,--,8:55:45 PM,8/10/2026,
782,46.3,gf,2.220,mm,OK,--,8:55:45 PM,8/10/2026,
783,46.2,gf,2.225,mm,OK,--,8:55:45 PM,8/10/2026,
784,46.2,gf,2.230,mm,OK,--,8:55:46 PM,8/10/2026,
785,46.1,gf,2.235,mm,OK,--,8:55:46 PM,8/10/2026,
786,46.1,gf,2.240,mm,OK,--,8:55:46 PM,8/10/2026,
787,46.1,gf,2.245,mm,OK,--,8:55:46 PM,8/10/2026,
788,46.1,gf,2.250,mm,OK,--,8:55:46 PM,8/10/2026,
789,46.1,gf,2.250,mm,OK,--,8:55:46 PM,8/10/2026,
790,46.1,gf,2.255,mm,OK,--,8:55:46 PM,8/10/2026,
791,46.1,gf,2.260,mm,OK,--,8:55:46 PM,8/10/2026,
792,46.1,gf,2.260,mm,OK,--,8:55:46 PM,8/10/2026,
793,46.1,gf,2.265,mm,OK,--,8:55:46 PM,8/10/2026,
794,46.1,gf,2.265,mm,OK,--,8:55:47 PM,8/10/2026,
795,46.1,gf,2.270,mm,OK,--,8:55:47 PM,8/10/2026,
796,46.0,gf,2.275,mm,OK,--,8:55:47 PM,8/10/2026,
797,46.0,gf,2.275,mm,OK,--,8:55:47 PM,8/10/2026,
798,46.0,gf,2.280,mm,OK,--,8:55:47 PM,8/10/2026,
799,45.9,gf,2.280,mm,OK,--,8:55:47 PM,8/10/2026,
800,45.9,gf,2.285,mm,OK,--,8:55:47 PM,8/10/2026,
801,45.9,gf,2.285,mm,OK,--,8:55:47 PM,8/10/2026,
802,45.9,gf,2.290,mm,OK,--,8:55:47 PM,8/10/2026,
803,45.9,gf,2.290,mm,OK,--,8:55:47 PM,8/10/2026,
804,45.9,gf,2.295,mm,OK,--,8:55:48 PM,8/10/2026,
805,45.9,gf,2.295,mm,OK,--,8:55:48 PM,8/10/2026,
806,45.9,gf,2.295,mm,OK,--,8:55:48 PM,8/10/2026,
807,45.9,gf,2.300,mm,OK,--,8:55:48 PM,8/10/2026,
808,45.9,gf,2.305,mm,OK,--,8:55:48 PM,8/10/2026,
809,45.9,gf,2.305,mm,OK,--,8:55:48 PM,8/10/2026,
810,45.9,gf,2.310,mm,OK,--,8:55:48 PM,8/10/2026,
811,45.9,gf,2.315,mm,OK,--,8:55:48 PM,8/10/2026,
812,46.0,gf,2.315,mm,OK,--,8:55:48 PM,8/10/2026,
813,46.1,gf,2.320,mm,OK,--,8:55:48 PM,8/10/2026,
814,46.2,gf,2.325,mm,OK,--,8:55:49 PM,8/10/2026,
815,46.2,gf,2.330,mm,OK,--,8:55:49 PM,8/10/2026,
816,46.3,gf,2.335,mm,OK,--,8:55:49 PM,8/10/2026,
817,46.3,gf,2.340,mm,OK,--,8:55:49 PM,8/10/2026,
818,46.3,gf,2.345,mm,OK,--,8:55:49 PM,8/10/2026,
819,46.4,gf,2.350,mm,OK,--,8:55:49 PM,8/10/2026,
820,46.4,gf,2.350,mm,OK,--,8:55:49 PM,8/10/2026,
821,46.4,gf,2.355,mm,OK,--,8:55:49 PM,8/10/2026,
822,46.4,gf,2.360,mm,OK,--,8:55:49 PM,8/10/2026,
823,46.4,gf,2.365,mm,OK,--,8:55:49 PM,8/10/2026,
824,46.4,gf,2.370,mm,OK,--,8:55:50 PM,8/10/2026,
825,46.5,gf,2.370,mm,OK,--,8:55:50 PM,8/10/2026,
826,46.5,gf,2.380,mm,OK,--,8:55:50 PM,8/10/2026,
827,46.5,gf,2.385,mm,OK,--,8:55:50 PM,8/10/2026,
828,46.5,gf,2.395,mm,OK,--,8:55:50 PM,8/10/2026,
829,46.6,gf,2.400,mm,OK,--,8:55:50 PM,8/10/2026,
830,46.6,gf,2.405,mm,OK,--,8:55:50 PM,8/10/2026,
831,46.6,gf,2.410,mm,OK,--,8:55:50 PM,8/10/2026,
832,46.6,gf,2.410,mm,OK,--,8:55:50 PM,8/10/2026,
833,46.6,gf,2.415,mm,OK,--,8:55:50 PM,8/10/2026,
834,46.6,gf,2.415,mm,OK,--,8:55:51 PM,8/10/2026,
835,46.6,gf,2.420,mm,OK,--,8:55:51 PM,8/10/2026,
836,46.6,gf,2.425,mm,OK,--,8:55:51 PM,8/10/2026,
837,46.6,gf,2.430,mm,OK,--,8:55:51 PM,8/10/2026,
838,46.6,gf,2.435,mm,OK,--,8:55:51 PM,8/10/2026,
839,46.6,gf,2.440,mm,OK,--,8:55:51 PM,8/10/2026,
840,46.6,gf,2.450,mm,OK,--,8:55:51 PM,8/10/2026,
841,46.7,gf,2.455,mm,OK,--,8:55:51 PM,8/10/2026,
842,46.7,gf,2.460,mm,OK,--,8:55:51 PM,8/10/2026,
843,46.7,gf,2.465,mm,OK,--,8:55:51 PM,8/10/2026,
844,46.7,gf,2.470,mm,OK,--,8:55:52 PM,8/10/2026,
845,46.7,gf,2.475,mm,OK,--,8:55:52 PM,8/10/2026,
846,46.7,gf,2.480,mm,OK,--,8:55:52 PM,8/10/2026,
847,46.7,gf,2.490,mm,OK,--,8:55:52 PM,8/10/2026,
848,46.8,gf,2.495,mm,OK,--,8:55:52 PM,8/10/2026,
849,46.9,gf,2.500,mm,OK,--,8:55:52 PM,8/10/2026,
850,46.9,gf,2.505,mm,OK,--,8:55:52 PM,8/10/2026,
851,46.9,gf,2.505,mm,OK,--,8:55:52 PM,8/10/2026,
852,46.9,gf,2.510,mm,OK,--,8:55:52 PM,8/10/2026,
853,46.9,gf,2.520,mm,OK,--,8:55:52 PM,8/10/2026,
854,46.9,gf,2.525,mm,OK,--,8:55:53 PM,8/10/2026,
855,47.0,gf,2.530,mm,OK,--,8:55:53 PM,8/10/2026,
856,47.0,gf,2.535,mm,OK,--,8:55:53 PM,8/10/2026,
857,47.0,gf,2.540,mm,OK,--,8:55:53 PM,8/10/2026,
858,47.0,gf,2.545,mm,OK,--,8:55:53 PM,8/10/2026,
859,47.0,gf,2.550,mm,OK,--,8:55:53 PM,8/10/2026,
860,47.0,gf,2.560,mm,OK,--,8:55:53 PM,8/10/2026,
861,47.0,gf,2.565,mm,OK,--,8:55:53 PM,8/10/2026,
862,47.0,gf,2.575,mm,OK,--,8:55:53 PM,8/10/2026,
863,47.0,gf,2.580,mm,OK,--,8:55:53 PM,8/10/2026,
864,47.0,gf,2.585,mm,OK,--,8:55:54 PM,8/10/2026,
865,47.0,gf,2.590,mm,OK,--,8:55:54 PM,8/10/2026,
866,47.0,gf,2.595,mm,OK,--,8:55:54 PM,8/10/2026,
867,47.0,gf,2.600,mm,OK,--,8:55:54 PM,8/10/2026,
868,47.0,gf,2.605,mm,OK,--,8:55:54 PM,8/10/2026,
869,47.0,gf,2.610,mm,OK,--,8:55:54 PM,8/10/2026,
870,47.0,gf,2.610,mm,OK,--,8:55:54 PM,8/10/2026,
871,47.0,gf,2.615,mm,OK,--,8:55:54 PM,8/10/2026,
872,47.0,gf,2.620,mm,OK,--,8:55:54 PM,8/10/2026,
873,47.1,gf,2.625,mm,OK,--,8:55:54 PM,8/10/2026,
874,47.1,gf,2.625,mm,OK,--,8:55:55 PM,8/10/2026,
875,47.1,gf,2.630,mm,OK,--,8:55:55 PM,8/10/2026,
876,47.1,gf,2.630,mm,OK,--,8:55:55 PM,8/10/2026,
877,47.1,gf,2.635,mm,OK,--,8:55:55 PM,8/10/2026,
878,47.1,gf,2.635,mm,OK,--,8:55:55 PM,8/10/2026,
879,47.1,gf,2.635,mm,OK,--,8:55:55 PM,8/10/2026,
880,47.2,gf,2.635,mm,OK,--,8:55:55 PM,8/10/2026,
881,47.2,gf,2.640,mm,OK,--,8:55:55 PM,8/10/2026,
882,47.2,gf,2.640,mm,OK,--,8:55:55 PM,8/10/2026,
883,47.2,gf,2.640,mm,OK,--,8:55:55 PM,8/10/2026,
884,47.2,gf,2.645,mm,OK,--,8:55:56 PM,8/10/2026,
885,47.1,gf,2.645,mm,OK,--,8:55:56 PM,8/10/2026,
886,47.1,gf,2.650,mm,OK,--,8:55:56 PM,8/10/2026,
887,47.1,gf,2.650,mm,OK,--,8:55:56 PM,8/10/2026,
888,47.1,gf,2.655,mm,OK,--,8:55:56 PM,8/10/2026,
889,47.1,gf,2.660,mm,OK,--,8:55:56 PM,8/10/2026,
890,47.1,gf,2.660,mm,OK,--,8:55:56 PM,8/10/2026,
891,47.1,gf,2.665,mm,OK,--,8:55:56 PM,8/10/2026,
892,47.2,gf,2.670,mm,OK,--,8:55:56 PM,8/10/2026,
893,47.2,gf,2.675,mm,OK,--,8:55:56 PM,8/10/2026,
894,47.3,gf,2.675,mm,OK,--,8:55:57 PM,8/10/2026,
895,47.2,gf,2.680,mm,OK,--,8:55:57 PM,8/10/2026,
896,47.3,gf,2.680,mm,OK,--,8:55:57 PM,8/10/2026,
897,47.3,gf,2.685,mm,OK,--,8:55:57 PM,8/10/2026,
898,47.3,gf,2.685,mm,OK,--,8:55:57 PM,8/10/2026,
899,47.3,gf,2.685,mm,OK,--,8:55:57 PM,8/10/2026,
900,47.3,gf,2.690,mm,OK,--,8:55:57 PM,8/10/2026,
901,47.3,gf,2.690,mm,OK,--,8:55:57 PM,8/10/2026,
902,47.3,gf,2.695,mm,OK,--,8:55:57 PM,8/10/2026,
903,47.3,gf,2.695,mm,OK,--,8:55:57 PM,8/10/2026,
904,47.3,gf,2.695,mm,OK,--,8:55:58 PM,8/10/2026,
905,47.3,gf,2.700,mm,OK,--,8:55:58 PM,8/10/2026,
906,47.3,gf,2.700,mm,OK,--,8:55:58 PM,8/10/2026,
907,47.3,gf,2.705,mm,OK,--,8:55:58 PM,8/10/2026,
908,47.3,gf,2.705,mm,OK,--,8:55:58 PM,8/10/2026,
909,47.3,gf,2.710,mm,OK,--,8:55:58 PM,8/10/2026,
910,47.3,gf,2.710,mm,OK,--,8:55:58 PM,8/10/2026,
911,47.3,gf,2.715,mm,OK,--,8:55:58 PM,8/10/2026,
912,47.3,gf,2.715,mm,OK,--,8:55:58 PM,8/10/2026,
913,47.4,gf,2.720,mm,OK,--,8:55:58 PM,8/10/2026,
914,47.4,gf,2.720,mm,OK,--,8:55:59 PM,8/10/2026,
915,47.4,gf,2.725,mm,OK,--,8:55:59 PM,8/10/2026,
916,47.4,gf,2.725,mm,OK,--,8:55:59 PM,8/10/2026,
917,47.4,gf,2.730,mm,OK,--,8:55:59 PM,8/10/2026,
918,47.4,gf,2.730,mm,OK,--,8:55:59 PM,8/10/2026,
919,47.4,gf,2.735,mm,OK,--,8:55:59 PM,8/10/2026,
920,47.4,gf,2.740,mm,OK,--,8:55:59 PM,8/10/2026,
921,47.4,gf,2.740,mm,OK,--,8:55:59 PM,8/10/2026,
922,47.4,gf,2.745,mm,OK,--,8:55:59 PM,8/10/2026,
923,47.4,gf,2.750,mm,OK,--,8:55:59 PM,8/10/2026,
924,47.5,gf,2.755,mm,OK,--,8:56:00 PM,8/10/2026,
925,47.5,gf,2.755,mm,OK,--,8:56:00 PM,8/10/2026,
926,47.5,gf,2.760,mm,OK,--,8:56:00 PM,8/10/2026,
927,47.6,gf,2.765,mm,OK,--,8:56:00 PM,8/10/2026,
928,47.5,gf,2.770,mm,OK,--,8:56:00 PM,8/10/2026,
929,47.5,gf,2.770,mm,OK,--,8:56:00 PM,8/10/2026,
930,47.5,gf,2.775,mm,OK,--,8:56:00 PM,8/10/2026,
931,47.5,gf,2.775,mm,OK,--,8:56:00 PM,8/10/2026,
932,47.6,gf,2.780,mm,OK,--,8:56:00 PM,8/10/2026,
933,47.6,gf,2.780,mm,OK,--,8:56:00 PM,8/10/2026,
934,47.6,gf,2.785,mm,OK,--,8:56:01 PM,8/10/2026,
935,47.5,gf,2.785,mm,OK,--,8:56:01 PM,8/10/2026,
936,47.6,gf,2.790,mm,OK,--,8:56:01 PM,8/10/2026,
937,47.6,gf,2.800,mm,OK,--,8:56:01 PM,8/10/2026,
938,47.5,gf,2.800,mm,OK,--,8:56:01 PM,8/10/2026,
939,47.6,gf,2.805,mm,OK,--,8:56:01 PM,8/10/2026,
940,47.6,gf,2.805,mm,OK,--,8:56:01 PM,8/10/2026,
941,47.7,gf,2.805,mm,OK,--,8:56:01 PM,8/10/2026,
942,47.7,gf,2.810,mm,OK,--,8:56:01 PM,8/10/2026,
943,47.7,gf,2.810,mm,OK,--,8:56:01 PM,8/10/2026,
944,47.7,gf,2.810,mm,OK,--,8:56:02 PM,8/10/2026,
945,47.7,gf,2.810,mm,OK,--,8:56:02 PM,8/10/2026,
946,47.8,gf,2.810,mm,OK,--,8:56:02 PM,8/10/2026,
947,47.8,gf,2.815,mm,OK,--,8:56:02 PM,8/10/2026,
948,47.8,gf,2.815,mm,OK,--,8:56:02 PM,8/10/2026,
949,47.7,gf,2.820,mm,OK,--,8:56:02 PM,8/10/2026,
950,47.7,gf,2.820,mm,OK,--,8:56:02 PM,8/10/2026,
951,47.7,gf,2.825,mm,OK,--,8:56:02 PM,8/10/2026,
952,47.7,gf,2.830,mm,OK,--,8:56:02 PM,8/10/2026,
953,47.7,gf,2.835,mm,OK,--,8:56:02 PM,8/10/2026,
954,47.7,gf,2.835,mm,OK,--,8:56:03 PM,8/10/2026,
955,47.7,gf,2.840,mm,OK,--,8:56:03 PM,8/10/2026,
956,47.7,gf,2.840,mm,OK,--,8:56:03 PM,8/10/2026,
957,47.7,gf,2.845,mm,OK,--,8:56:03 PM,8/10/2026,
958,47.7,gf,2.850,mm,OK,--,8:56:03 PM,8/10/2026,
959,47.7,gf,2.860,mm,OK,--,8:56:03 PM,8/10/2026,
960,47.7,gf,2.865,mm,OK,--,8:56:03 PM,8/10/2026,
961,47.7,gf,2.870,mm,OK,--,8:56:03 PM,8/10/2026,
962,47.8,gf,2.880,mm,OK,--,8:56:03 PM,8/10/2026,
963,47.8,gf,2.890,mm,OK,--,8:56:03 PM,8/10/2026,
964,47.8,gf,2.900,mm,OK,--,8:56:04 PM,8/10/2026,
965,47.7,gf,2.910,mm,OK,--,8:56:04 PM,8/10/2026,
966,47.8,gf,2.925,mm,OK,--,8:56:04 PM,8/10/2026,
967,47.9,gf,2.935,mm,OK,--,8:56:04 PM,8/10/2026,
968,47.9,gf,2.945,mm,OK,--,8:56:04 PM,8/10/2026,
969,47.9,gf,2.955,mm,OK,--,8:56:04 PM,8/10/2026,
970,47.9,gf,2.960,mm,OK,--,8:56:04 PM,8/10/2026,
971,48.0,gf,2.965,mm,OK,--,8:56:04 PM,8/10/2026,
972,48.0,gf,2.975,mm,OK,--,8:56:04 PM,8/10/2026,
973,48.1,gf,2.980,mm,OK,--,8:56:04 PM,8/10/2026,
974,48.1,gf,2.990,mm,OK,--,8:56:05 PM,8/10/2026,
975,48.1,gf,2.995,mm,OK,--,8:56:05 PM,8/10/2026,
976,48.1,gf,3.000,mm,OK,--,8:56:05 PM,8/10/2026,
977,48.0,gf,3.005,mm,OK,--,8:56:05 PM,8/10/2026,
978,48.0,gf,3.010,mm,OK,--,8:56:05 PM,8/10/2026,
979,48.1,gf,3.010,mm,OK,--,8:56:05 PM,8/10/2026,
980,48.1,gf,3.015,mm,OK,--,8:56:05 PM,8/10/2026,
981,48.1,gf,3.020,mm,OK,--,8:56:05 PM,8/10/2026,
982,48.1,gf,3.025,mm,OK,--,8:56:05 PM,8/10/2026,
983,48.1,gf,3.030,mm,OK,--,8:56:05 PM,8/10/2026,
984,48.1,gf,3.030,mm,OK,--,8:56:06 PM,8/10/2026,
985,48.2,gf,3.035,mm,OK,--,8:56:06 PM,8/10/2026,
986,48.2,gf,3.040,mm,OK,--,8:56:06 PM,8/10/2026,
987,48.2,gf,3.045,mm,OK,--,8:56:06 PM,8/10/2026,
988,48.2,gf,3.045,mm,OK,--,8:56:06 PM,8/10/2026,
989,48.2,gf,3.050,mm,OK,--,8:56:06 PM,8/10/2026,
990,48.2,gf,3.055,mm,OK,--,8:56:06 PM,8/10/2026,
991,48.3,gf,3.060,mm,OK,--,8:56:06 PM,8/10/2026,
992,48.3,gf,3.060,mm,OK,--,8:56:06 PM,8/10/2026,
993,48.3,gf,3.065,mm,OK,--,8:56:06 PM,8/10/2026,
994,48.3,gf,3.065,mm,OK,--,8:56:07 PM,8/10/2026,
995,48.4,gf,3.070,mm,OK,--,8:56:07 PM,8/10/2026,
996,48.4,gf,3.075,mm,OK,--,8:56:07 PM,8/10/2026,
997,48.4,gf,3.080,mm,OK,--,8:56:07 PM,8/10/2026,
998,48.4,gf,3.090,mm,OK,--,8:56:07 PM,8/10/2026,
999,48.4,gf,3.100,mm,OK,--,8:56:07 PM,8/10/2026,
1000,48.5,gf,3.110,mm,OK,--,8:56:07 PM,8/10/2026,
1001,48.5,gf,3.115,mm,OK,--,8:56:07 PM,8/10/2026,
1002,48.5,gf,3.125,mm,OK,--,8:56:07 PM,8/10/2026,
1003,48.5,gf,3.130,mm,OK,--,8:56:07 PM,8/10/2026,
1004,48.5,gf,3.140,mm,OK,--,8:56:08 PM,8/10/2026,
1005,48.6,gf,3.150,mm,OK,--,8:56:08 PM,8/10/2026,
1006,48.6,gf,3.160,mm,OK,--,8:56:08 PM,8/10/2026,
1007,48.6,gf,3.170,mm,OK,--,8:56:08 PM,8/10/2026,
1008,48.6,gf,3.175,mm,OK,--,8:56:08 PM,8/10/2026,
1009,48.7,gf,3.180,mm,OK,--,8:56:08 PM,8/10/2026,
1010,48.7,gf,3.180,mm,OK,--,8:56:08 PM,8/10/2026,
1011,48.7,gf,3.180,mm,OK,--,8:56:08 PM,8/10/2026,
1012,48.7,gf,3.180,mm,OK,--,8:56:08 PM,8/10/2026,
1013,48.7,gf,3.185,mm,OK,--,8:56:08 PM,8/10/2026,
1014,48.7,gf,3.185,mm,OK,--,8:56:09 PM,8/10/2026,
1015,48.7,gf,3.190,mm,OK,--,8:56:09 PM,8/10/2026,
1016,48.8,gf,3.195,mm,OK,--,8:56:09 PM,8/10/2026,
1017,48.8,gf,3.195,mm,OK,--,8:56:09 PM,8/10/2026,
1018,48.8,gf,3.200,mm,OK,--,8:56:09 PM,8/10/2026,
1019,48.8,gf,3.205,mm,OK,--,8:56:09 PM,8/10/2026,
1020,48.8,gf,3.205,mm,OK,--,8:56:09 PM,8/10/2026,
1021,48.8,gf,3.210,mm,OK,--,8:56:09 PM,8/10/2026,
1022,48.8,gf,3.210,mm,OK,--,8:56:09 PM,8/10/2026,
1023,48.8,gf,3.215,mm,OK,--,8:56:09 PM,8/10/2026,
1024,48.8,gf,3.220,mm,OK,--,8:56:10 PM,8/10/2026,
1025,48.8,gf,3.220,mm,OK,--,8:56:10 PM,8/10/2026,
1026,48.8,gf,3.225,mm,OK,--,8:56:10 PM,8/10/2026,
1027,48.8,gf,3.230,mm,OK,--,8:56:10 PM,8/10/2026,
1028,48.8,gf,3.230,mm,OK,--,8:56:10 PM,8/10/2026,
1029,48.8,gf,3.235,mm,OK,--,8:56:10 PM,8/10/2026,
1030,48.9,gf,3.240,mm,OK,--,8:56:10 PM,8/10/2026,
1031,48.9,gf,3.240,mm,OK,--,8:56:10 PM,8/10/2026,
1032,48.9,gf,3.245,mm,OK,--,8:56:10 PM,8/10/2026,
1033,48.9,gf,3.250,mm,OK,--,8:56:10 PM,8/10/2026,
1034,48.9,gf,3.255,mm,OK,--,8:56:11 PM,8/10/2026,
1035,48.9,gf,3.260,mm,OK,--,8:56:11 PM,8/10/2026,
1036,49.0,gf,3.260,mm,OK,--,8:56:11 PM,8/10/2026,
1037,49.0,gf,3.265,mm,OK,--,8:56:11 PM,8/10/2026,
1038,49.0,gf,3.270,mm,OK,--,8:56:11 PM,8/10/2026,
1039,49.0,gf,3.275,mm,OK,--,8:56:11 PM,8/10/2026,
1040,49.0,gf,3.275,mm,OK,--,8:56:11 PM,8/10/2026,
1041,49.1,gf,3.285,mm,OK,--,8:56:11 PM,8/10/2026,
1042,49.1,gf,3.300,mm,OK,--,8:56:11 PM,8/10/2026,
1043,49.0,gf,3.310,mm,OK,--,8:56:11 PM,8/10/2026,
1044,49.1,gf,3.320,mm,OK,--,8:56:12 PM,8/10/2026,
1045,49.1,gf,3.325,mm,OK,--,8:56:12 PM,8/10/2026,
1046,49.2,gf,3.335,mm,OK,--,8:56:12 PM,8/10/2026,
1047,49.2,gf,3.345,mm,OK,--,8:56:12 PM,8/10/2026,
1048,49.3,gf,3.350,mm,OK,--,8:56:12 PM,8/10/2026,
1049,49.2,gf,3.355,mm,OK,--,8:56:12 PM,8/10/2026,
1050,49.3,gf,3.360,mm,OK,--,8:56:12 PM,8/10/2026,
1051,49.3,gf,3.370,mm,OK,--,8:56:12 PM,8/10/2026,
1052,49.3,gf,3.375,mm,OK,--,8:56:12 PM,8/10/2026,
1053,49.3,gf,3.385,mm,OK,--,8:56:12 PM,8/10/2026,
1054,49.3,gf,3.395,mm,OK,--,8:56:13 PM,8/10/2026,
1055,49.4,gf,3.405,mm,OK,--,8:56:13 PM,8/10/2026,
1056,49.4,gf,3.410,mm,OK,--,8:56:13 PM,8/10/2026,
1057,49.5,gf,3.415,mm,OK,--,8:56:13 PM,8/10/2026,
1058,49.5,gf,3.425,mm,OK,--,8:56:13 PM,8/10/2026,
1059,49.5,gf,3.435,mm,OK,--,8:56:13 PM,8/10/2026,
1060,49.6,gf,3.440,mm,OK,--,8:56:13 PM,8/10/2026,
1061,49.6,gf,3.450,mm,OK,--,8:56:13 PM,8/10/2026,
1062,49.6,gf,3.455,mm,OK,--,8:56:13 PM,8/10/2026,
1063,49.6,gf,3.455,mm,OK,--,8:56:13 PM,8/10/2026,
1064,49.7,gf,3.460,mm,OK,--,8:56:14 PM,8/10/2026,
1065,49.7,gf,3.465,mm,OK,--,8:56:14 PM,8/10/2026,
1066,51.0,gf,3.465,mm,OK,--,8:56:14 PM,8/10/2026,
1067,54.3,gf,3.470,mm,OK,--,8:56:14 PM,8/10/2026,
1068,57.0,gf,3.475,mm,OK,--,8:56:14 PM,8/10/2026,
1069,59.5,gf,3.475,mm,OK,--,8:56:14 PM,8/10/2026,
1070,62.5,gf,3.480,mm,OK,--,8:56:14 PM,8/10/2026,
1071,65.6,gf,3.480,mm,OK,--,8:56:14 PM,8/10/2026,
1072,68.2,gf,3.485,mm,OK,--,8:56:14 PM,8/10/2026,
1073,71.4,gf,3.485,mm,OK,--,8:56:14 PM,8/10/2026,
1074,74.7,gf,3.490,mm,OK,--,8:56:15 PM,8/10/2026,
1075,78.1,gf,3.495,mm,OK,--,8:56:15 PM,8/10/2026,
1076,81.0,gf,3.495,mm,OK,--,8:56:15 PM,8/10/2026,
1077,83.7,gf,3.500,mm,OK,--,8:56:15 PM,8/10/2026,
1078,86.4,gf,3.500,mm,OK,--,8:56:15 PM,8/10/2026,
1079,89.5,gf,3.505,mm,OK,--,8:56:15 PM,8/10/2026,
1080,93.0,gf,3.510,mm,OK,--,8:56:15 PM,8/10/2026,
1081,96.4,gf,3.510,mm,OK,--,8:56:15 PM,8/10/2026,
1082,100.1,gf,3.515,mm,OK,--,8:56:15 PM,8/10/2026,
1083,103.7,gf,3.520,mm,OK,--,8:56:15 PM,8/10/2026,
1084,107.1,gf,3.525,mm,OK,--,8:56:16 PM,8/10/2026,
1085,110.8,gf,3.525,mm,OK,--,8:56:16 PM,8/10/2026,
1086,114.1,gf,3.530,mm,OK,--,8:56:16 PM,8/10/2026,
1087,117.1,gf,3.535,mm,OK,--,8:56:16 PM,8/10/2026,
1088,120.1,gf,3.535,mm,OK,--,8:56:16 PM,8/10/2026,
1089,123.5,gf,3.540,mm,OK,--,8:56:16 PM,8/10/2026,
1090,127.2,gf,3.545,mm,OK,--,8:56:16 PM,8/10/2026,
1091,130.7,gf,3.545,mm,OK,--,8:56:16 PM,8/10/2026,
1092,134.6,gf,3.550,mm,OK,--,8:56:16 PM,8/10/2026,
1093,138.5,gf,3.555,mm,OK,--,8:56:16 PM,8/10/2026,
1094,142.3,gf,3.560,mm,OK,--,8:56:17 PM,8/10/2026,
1095,145.7,gf,3.560,mm,OK,--,8:56:17 PM,8/10/2026,
1096,148.1,gf,3.565,mm,OK,--,8:56:17 PM,8/10/2026,
1097,150.0,gf,3.565,mm,OK,--,8:56:17 PM,8/10/2026,
1098,152.2,gf,3.570,mm,OK,--,8:56:17 PM,8/10/2026,
1099,154.7,gf,3.570,mm,OK,--,8:56:17 PM,8/10/2026,
1100,157.3,gf,3.575,mm,OK,--,8:56:17 PM,8/10/2026,
1101,161.6,gf,3.575,mm,OK,--,8:56:17 PM,8/10/2026,
1102,166.7,gf,3.580,mm,OK,--,8:56:17 PM,8/10/2026,
1103,171.1,gf,3.585,mm,OK,--,8:56:17 PM,8/10/2026,
1104,174.1,gf,3.590,mm,OK,--,8:56:18 PM,8/10/2026,
1105,176.7,gf,3.590,mm,OK,--,8:56:18 PM,8/10/2026,
1106,179.1,gf,3.595,mm,OK,--,8:56:18 PM,8/10/2026,
1107,181.2,gf,3.595,mm,OK,--,8:56:18 PM,8/10/2026,
1108,183.2,gf,3.600,mm,OK,--,8:56:18 PM,8/10/2026,
1109,185.1,gf,3.600,mm,OK,--,8:56:18 PM,8/10/2026,
1110,187.1,gf,3.600,mm,OK,--,8:56:18 PM,8/10/2026,
1111,188.6,gf,3.605,mm,OK,--,8:56:18 PM,8/10/2026,
1112,189.8,gf,3.605,mm,OK,--,8:56:18 PM,8/10/2026,
1113,190.8,gf,3.605,mm,OK,--,8:56:18 PM,8/10/2026,
1114,191.5,gf,3.605,mm,OK,--,8:56:19 PM,8/10/2026,
1115,192.0,gf,3.610,mm,OK,--,8:56:19 PM,8/10/2026,
1116,192.1,gf,3.610,mm,OK,--,8:56:19 PM,8/10/2026,
1117,192.1,gf,3.610,mm,OK,--,8:56:19 PM,8/10/2026,
1118,192.0,gf,3.610,mm,OK,--,8:56:19 PM,8/10/2026,
1119,191.9,gf,3.610,mm,OK,--,8:56:19 PM,8/10/2026,
1120,191.9,gf,3.610,mm,OK,--,8:56:19 PM,8/10/2026,
1121,191.8,gf,3.610,mm,OK,--,8:56:19 PM,8/10/2026,
1122,191.7,gf,3.610,mm,OK,--,8:56:19 PM,8/10/2026,
1123,191.6,gf,3.610,mm,OK,--,8:56:19 PM,8/10/2026,
1124,191.6,gf,3.610,mm,OK,--,8:56:20 PM,8/10/2026,
1125,191.5,gf,3.610,mm,OK,--,8:56:20 PM,8/10/2026,
1126,191.5,gf,3.610,mm,OK,--,8:56:20 PM,8/10/2026,
1127,191.5,gf,3.610,mm,OK,--,8:56:20 PM,8/10/2026,
1128,191.5,gf,3.610,mm,OK,--,8:56:20 PM,8/10/2026,
1129,191.5,gf,3.610,mm,OK,--,8:56:20 PM,8/10/2026,
1130,191.6,gf,3.610,mm,OK,--,8:56:20 PM,8/10/2026,
1131,191.5,gf,3.610,mm,OK,--,8:56:20 PM,8/10/2026,
1132,191.4,gf,3.610,mm,OK,--,8:56:20 PM,8/10/2026,
1133,191.3,gf,3.610,mm,OK,--,8:56:20 PM,8/10/2026,
1134,191.3,gf,3.610,mm,OK,--,8:56:21 PM,8/10/2026,
1135,191.2,gf,3.610,mm,OK,--,8:56:21 PM,8/10/2026,
1136,191.2,gf,3.610,mm,OK,--,8:56:21 PM,8/10/2026,
1137,191.2,gf,3.610,mm,OK,--,8:56:21 PM,8/10/2026,
1138,191.0,gf,3.610,mm,OK,--,8:56:21 PM,8/10/2026,
1139,190.8,gf,3.610,mm,OK,--,8:56:21 PM,8/10/2026,
1140,190.6,gf,3.610,mm,OK,--,8:56:21 PM,8/10/2026,
1141,190.4,gf,3.610,mm,OK,--,8:56:21 PM,8/10/2026,
1142,190.0,gf,3.610,mm,OK,--,8:56:21 PM,8/10/2026,
1143,189.0,gf,3.605,mm,OK,--,8:56:21 PM,8/10/2026,
1144,185.9,gf,3.605,mm,OK,--,8:56:22 PM,8/10/2026,
1145,183.3,gf,3.600,mm,OK,--,8:56:22 PM,8/10/2026,
1146,181.4,gf,3.600,mm,OK,--,8:56:22 PM,8/10/2026,
1147,180.6,gf,3.600,mm,OK,--,8:56:22 PM,8/10/2026,
1148,179.6,gf,3.600,mm,OK,--,8:56:22 PM,8/10/2026,
1149,178.3,gf,3.595,mm,OK,--,8:56:22 PM,8/10/2026,
1150,177.6,gf,3.595,mm,OK,--,8:56:22 PM,8/10/2026,
1151,177.2,gf,3.595,mm,OK,--,8:56:22 PM,8/10/2026,
1152,176.6,gf,3.595,mm,OK,--,8:56:22 PM,8/10/2026,
1153,176.1,gf,3.595,mm,OK,--,8:56:22 PM,8/10/2026,
1154,175.3,gf,3.595,mm,OK,--,8:56:23 PM,8/10/2026,
1155,173.3,gf,3.590,mm,OK,--,8:56:23 PM,8/10/2026,
1156,170.7,gf,3.590,mm,OK,--,8:56:23 PM,8/10/2026,
1157,169.1,gf,3.590,mm,OK,--,8:56:23 PM,8/10/2026,
1158,168.0,gf,3.585,mm,OK,--,8:56:23 PM,8/10/2026,
1159,167.4,gf,3.585,mm,OK,--,8:56:23 PM,8/10/2026,
1160,167.1,gf,3.585,mm,OK,--,8:56:23 PM,8/10/2026,
1161,166.8,gf,3.585,mm,OK,--,8:56:23 PM,8/10/2026,
1162,166.3,gf,3.585,mm,OK,--,8:56:23 PM,8/10/2026,
1163,165.6,gf,3.585,mm,OK,--,8:56:23 PM,8/10/2026,
1164,165.1,gf,3.585,mm,OK,--,8:56:24 PM,8/10/2026,
1165,164.7,gf,3.585,mm,OK,--,8:56:24 PM,8/10/2026,
1166,164.3,gf,3.585,mm,OK,--,8:56:24 PM,8/10/2026,
1167,163.8,gf,3.585,mm,OK,--,8:56:24 PM,8/10/2026,
1168,163.4,gf,3.585,mm,OK,--,8:56:24 PM,8/10/2026,
1169,163.1,gf,3.580,mm,OK,--,8:56:24 PM,8/10/2026,
1170,162.8,gf,3.580,mm,OK,--,8:56:24 PM,8/10/2026,
1171,162.3,gf,3.580,mm,OK,--,8:56:24 PM,8/10/2026,
1172,161.6,gf,3.580,mm,OK,--,8:56:24 PM,8/10/2026,
1173,160.8,gf,3.580,mm,OK,--,8:56:24 PM,8/10/2026,
1174,160.2,gf,3.580,mm,OK,--,8:56:25 PM,8/10/2026,
1175,159.7,gf,3.580,mm,OK,--,8:56:25 PM,8/10/2026,
1176,159.0,gf,3.580,mm,OK,--,8:56:25 PM,8/10/2026,
1177,158.4,gf,3.580,mm,OK,--,8:56:25 PM,8/10/2026,
1178,158.2,gf,3.580,mm,OK,--,8:56:25 PM,8/10/2026,
1179,158.1,gf,3.575,mm,OK,--,8:56:25 PM,8/10/2026,
1180,157.6,gf,3.575,mm,OK,--,8:56:25 PM,8/10/2026,
1181,157.4,gf,3.575,mm,OK,--,8:56:25 PM,8/10/2026,
1182,157.0,gf,3.575,mm,OK,--,8:56:25 PM,8/10/2026,
1183,156.8,gf,3.575,mm,OK,--,8:56:25 PM,8/10/2026,
1184,156.4,gf,3.575,mm,OK,--,8:56:26 PM,8/10/2026,
1185,156.2,gf,3.575,mm,OK,--,8:56:26 PM,8/10/2026,
1186,155.9,gf,3.575,mm,OK,--,8:56:26 PM,8/10/2026,
1187,155.6,gf,3.575,mm,OK,--,8:56:26 PM,8/10/2026,
1188,155.1,gf,3.575,mm,OK,--,8:56:26 PM,8/10/2026,
1189,154.6,gf,3.575,mm,OK,--,8:56:26 PM,8/10/2026,
1190,154.1,gf,3.575,mm,OK,--,8:56:26 PM,8/10/2026,
1191,153.7,gf,3.575,mm,OK,--,8:56:26 PM,8/10/2026,
1192,153.3,gf,3.575,mm,OK,--,8:56:26 PM,8/10/2026,
1193,153.0,gf,3.575,mm,OK,--,8:56:26 PM,8/10/2026,
1194,152.9,gf,3.575,mm,OK,--,8:56:27 PM,8/10/2026,
1195,152.3,gf,3.570,mm,OK,--,8:56:27 PM,8/10/2026,
1196,151.3,gf,3.570,mm,OK,--,8:56:27 PM,8/10/2026,
1197,150.6,gf,3.570,mm,OK,--,8:56:27 PM,8/10/2026,
1198,149.8,gf,3.570,mm,OK,--,8:56:27 PM,8/10/2026,
1199,149.0,gf,3.570,mm,OK,--,8:56:27 PM,8/10/2026,
1200,148.1,gf,3.570,mm,OK,--,8:56:27 PM,8/10/2026,
1201,147.6,gf,3.570,mm,OK,--,8:56:27 PM,8/10/2026,
1202,147.1,gf,3.565,mm,OK,--,8:56:27 PM,8/10/2026,
1203,146.4,gf,3.565,mm,OK,--,8:56:27 PM,8/10/2026,
1204,145.7,gf,3.565,mm,OK,--,8:56:28 PM,8/10/2026,
1205,145.1,gf,3.565,mm,OK,--,8:56:28 PM,8/10/2026,
1206,144.4,gf,3.565,mm,OK,--,8:56:28 PM,8/10/2026,
1207,143.7,gf,3.565,mm,OK,--,8:56:28 PM,8/10/2026,
1208,143.0,gf,3.565,mm,OK,--,8:56:28 PM,8/10/2026,
1209,142.5,gf,3.565,mm,OK,--,8:56:28 PM,8/10/2026,
1210,141.9,gf,3.565,mm,OK,--,8:56:28 PM,8/10/2026,
1211,141.2,gf,3.560,mm,OK,--,8:56:28 PM,8/10/2026,
1212,140.6,gf,3.560,mm,OK,--,8:56:28 PM,8/10/2026,
1213,139.8,gf,3.560,mm,OK,--,8:56:28 PM,8/10/2026,
1214,138.9,gf,3.560,mm,OK,--,8:56:29 PM,8/10/2026,
1215,138.0,gf,3.560,mm,OK,--,8:56:29 PM,8/10/2026,
1216,137.2,gf,3.560,mm,OK,--,8:56:29 PM,8/10/2026,
1217,136.3,gf,3.555,mm,OK,--,8:56:29 PM,8/10/2026,
1218,135.3,gf,3.555,mm,OK,--,8:56:29 PM,8/10/2026,
1219,134.2,gf,3.555,mm,OK,--,8:56:29 PM,8/10/2026,
1220,133.0,gf,3.555,mm,OK,--,8:56:29 PM,8/10/2026,
1221,131.4,gf,3.550,mm,OK,--,8:56:29 PM,8/10/2026,
1222,129.4,gf,3.550,mm,OK,--,8:56:29 PM,8/10/2026,
1223,126.9,gf,3.550,mm,OK,--,8:56:29 PM,8/10/2026,
1224,124.3,gf,3.545,mm,OK,--,8:56:30 PM,8/10/2026,
1225,121.7,gf,3.545,mm,OK,--,8:56:30 PM,8/10/2026,
1226,118.7,gf,3.540,mm,OK,--,8:56:30 PM,8/10/2026,
1227,115.3,gf,3.535,mm,OK,--,8:56:30 PM,8/10/2026,
1228,111.4,gf,3.530,mm,OK,--,8:56:30 PM,8/10/2026,
1229,106.5,gf,3.530,mm,OK,--,8:56:30 PM,8/10/2026,
1230,101.5,gf,3.520,mm,OK,--,8:56:30 PM,8/10/2026,
1231,95.9,gf,3.515,mm,OK,--,8:56:30 PM,8/10/2026,
1232,90.1,gf,3.510,mm,OK,--,8:56:30 PM,8/10/2026,
1233,83.5,gf,3.505,mm,OK,--,8:56:30 PM,8/10/2026,
1234,76.4,gf,3.495,mm,OK,--,8:56:31 PM,8/10/2026,
1235,71.3,gf,3.495,mm,OK,--,8:56:31 PM,8/10/2026,
1236,66.8,gf,3.490,mm,OK,--,8:56:31 PM,8/10/2026,
1237,62.2,gf,3.485,mm,OK,--,8:56:31 PM,8/10/2026,
1238,58.2,gf,3.480,mm,OK,--,8:56:31 PM,8/10/2026,
1239,54.0,gf,3.475,mm,OK,--,8:56:31 PM,8/10/2026,
1240,50.4,gf,3.470,mm,OK,--,8:56:31 PM,8/10/2026,
1241,48.1,gf,3.470,mm,OK,--,8:56:31 PM,8/10/2026,
1242,47.6,gf,3.465,mm,OK,--,8:56:31 PM,8/10/2026,
1243,47.6,gf,3.465,mm,OK,--,8:56:31 PM,8/10/2026,
1244,47.6,gf,3.465,mm,OK,--,8:56:32 PM,8/10/2026,
1245,47.6,gf,3.460,mm,OK,--,8:56:32 PM,8/10/2026,
1246,47.6,gf,3.460,mm,OK,--,8:56:32 PM,8/10/2026,
1247,47.6,gf,3.455,mm,OK,--,8:56:32 PM,8/10/2026,
1248,47.5,gf,3.450,mm,OK,--,8:56:32 PM,8/10/2026,
1249,47.5,gf,3.450,mm,OK,--,8:56:32 PM,8/10/2026,
1250,47.5,gf,3.445,mm,OK,--,8:56:32 PM,8/10/2026,
1251,47.5,gf,3.440,mm,OK,--,8:56:32 PM,8/10/2026,
1252,47.4,gf,3.435,mm,OK,--,8:56:32 PM,8/10/2026,
1253,47.4,gf,3.435,mm,OK,--,8:56:32 PM,8/10/2026,
1254,47.4,gf,3.430,mm,OK,--,8:56:33 PM,8/10/2026,
1255,47.4,gf,3.430,mm,OK,--,8:56:33 PM,8/10/2026,
1256,47.4,gf,3.425,mm,OK,--,8:56:33 PM,8/10/2026,
1257,47.4,gf,3.420,mm,OK,--,8:56:33 PM,8/10/2026,
1258,47.3,gf,3.415,mm,OK,--,8:56:33 PM,8/10/2026,
1259,47.3,gf,3.410,mm,OK,--,8:56:33 PM,8/10/2026,
1260,47.3,gf,3.405,mm,OK,--,8:56:33 PM,8/10/2026,
1261,47.2,gf,3.400,mm,OK,--,8:56:33 PM,8/10/2026,
1262,47.2,gf,3.395,mm,OK,--,8:56:33 PM,8/10/2026,
1263,47.2,gf,3.390,mm,OK,--,8:56:33 PM,8/10/2026,
1264,47.2,gf,3.385,mm,OK,--,8:56:34 PM,8/10/2026,
1265,47.1,gf,3.380,mm,OK,--,8:56:34 PM,8/10/2026,
1266,47.2,gf,3.375,mm,OK,--,8:56:34 PM,8/10/2026,
1267,47.1,gf,3.370,mm,OK,--,8:56:34 PM,8/10/2026,
1268,47.1,gf,3.365,mm,OK,--,8:56:34 PM,8/10/2026,
1269,47.1,gf,3.360,mm,OK,--,8:56:34 PM,8/10/2026,
1270,47.1,gf,3.350,mm,OK,--,8:56:34 PM,8/10/2026,
1271,47.1,gf,3.345,mm,OK,--,8:56:34 PM,8/10/2026,
1272,47.1,gf,3.335,mm,OK,--,8:56:34 PM,8/10/2026,
1273,47.1,gf,3.320,mm,OK,--,8:56:34 PM,8/10/2026,
1274,47.0,gf,3.310,mm,OK,--,8:56:35 PM,8/10/2026,
1275,47.0,gf,3.300,mm,OK,--,8:56:35 PM,8/10/2026,
1276,46.9,gf,3.295,mm,OK,--,8:56:35 PM,8/10/2026,
1277,46.9,gf,3.295,mm,OK,--,8:56:35 PM,8/10/2026,
1278,46.9,gf,3.295,mm,OK,--,8:56:35 PM,8/10/2026,
1279,46.9,gf,3.290,mm,OK,--,8:56:35 PM,8/10/2026,
1280,46.9,gf,3.285,mm,OK,--,8:56:35 PM,8/10/2026,
1281,46.9,gf,3.280,mm,OK,--,8:56:35 PM,8/10/2026,
1282,46.9,gf,3.270,mm,OK,--,8:56:35 PM,8/10/2026,
1283,46.9,gf,3.265,mm,OK,--,8:56:35 PM,8/10/2026,
1284,46.8,gf,3.260,mm,OK,--,8:56:36 PM,8/10/2026,
1285,46.8,gf,3.255,mm,OK,--,8:56:36 PM,8/10/2026,
1286,46.8,gf,3.255,mm,OK,--,8:56:36 PM,8/10/2026,
1287,46.8,gf,3.250,mm,OK,--,8:56:36 PM,8/10/2026,
1288,46.8,gf,3.245,mm,OK,--,8:56:36 PM,8/10/2026,
1289,46.8,gf,3.245,mm,OK,--,8:56:36 PM,8/10/2026,
1290,46.8,gf,3.240,mm,OK,--,8:56:36 PM,8/10/2026,
1291,46.7,gf,3.235,mm,OK,--,8:56:36 PM,8/10/2026,
1292,46.7,gf,3.225,mm,OK,--,8:56:36 PM,8/10/2026,
1293,46.7,gf,3.215,mm,OK,--,8:56:36 PM,8/10/2026,
1294,46.6,gf,3.205,mm,OK,--,8:56:37 PM,8/10/2026,
1295,46.6,gf,3.195,mm,OK,--,8:56:37 PM,8/10/2026,
1296,46.5,gf,3.190,mm,OK,--,8:56:37 PM,8/10/2026,
1297,46.6,gf,3.180,mm,OK,--,8:56:37 PM,8/10/2026,
1298,46.5,gf,3.175,mm,OK,--,8:56:37 PM,8/10/2026,
1299,46.5,gf,3.165,mm,OK,--,8:56:37 PM,8/10/2026,
1300,46.5,gf,3.155,mm,OK,--,8:56:37 PM,8/10/2026,
1301,46.4,gf,3.145,mm,OK,--,8:56:37 PM,8/10/2026,
1302,46.4,gf,3.130,mm,OK,--,8:56:37 PM,8/10/2026,
1303,46.3,gf,3.120,mm,OK,--,8:56:37 PM,8/10/2026,
1304,46.3,gf,3.110,mm,OK,--,8:56:38 PM,8/10/2026,
1305,46.3,gf,3.100,mm,OK,--,8:56:38 PM,8/10/2026,
1306,46.3,gf,3.090,mm,OK,--,8:56:38 PM,8/10/2026,
1307,46.2,gf,3.085,mm,OK,--,8:56:38 PM,8/10/2026,
1308,46.2,gf,3.070,mm,OK,--,8:56:38 PM,8/10/2026,
1309,46.2,gf,3.065,mm,OK,--,8:56:38 PM,8/10/2026,
1310,46.2,gf,3.055,mm,OK,--,8:56:38 PM,8/10/2026,
1311,46.1,gf,3.045,mm,OK,--,8:56:38 PM,8/10/2026,
1312,46.2,gf,3.030,mm,OK,--,8:56:38 PM,8/10/2026,
1313,46.2,gf,3.020,mm,OK,--,8:56:38 PM,8/10/2026,
1314,46.1,gf,3.010,mm,OK,--,8:56:39 PM,8/10/2026,
1315,46.1,gf,3.005,mm,OK,--,8:56:39 PM,8/10/2026,
1316,46.0,gf,2.995,mm,OK,--,8:56:39 PM,8/10/2026,
1317,46.0,gf,2.990,mm,OK,--,8:56:39 PM,8/10/2026,
1318,45.9,gf,2.985,mm,OK,--,8:56:39 PM,8/10/2026,
1319,45.9,gf,2.980,mm,OK,--,8:56:39 PM,8/10/2026,
1320,45.9,gf,2.975,mm,OK,--,8:56:39 PM,8/10/2026,
1321,45.9,gf,2.970,mm,OK,--,8:56:39 PM,8/10/2026,
1322,45.9,gf,2.965,mm,OK,--,8:56:39 PM,8/10/2026,
1323,45.9,gf,2.960,mm,OK,--,8:56:39 PM,8/10/2026,
1324,45.9,gf,2.955,mm,OK,--,8:56:40 PM,8/10/2026,
1325,45.9,gf,2.950,mm,OK,--,8:56:40 PM,8/10/2026,
1326,45.9,gf,2.945,mm,OK,--,8:56:40 PM,8/10/2026,
1327,45.9,gf,2.940,mm,OK,--,8:56:40 PM,8/10/2026,
1328,45.9,gf,2.935,mm,OK,--,8:56:40 PM,8/10/2026,
1329,45.9,gf,2.930,mm,OK,--,8:56:40 PM,8/10/2026,
1330,45.8,gf,2.925,mm,OK,--,8:56:40 PM,8/10/2026,
1331,45.8,gf,2.920,mm,OK,--,8:56:40 PM,8/10/2026,
1332,45.8,gf,2.915,mm,OK,--,8:56:40 PM,8/10/2026,
1333,45.8,gf,2.915,mm,OK,--,8:56:40 PM,8/10/2026,
1334,45.8,gf,2.910,mm,OK,--,8:56:41 PM,8/10/2026,
1335,45.8,gf,2.910,mm,OK,--,8:56:41 PM,8/10/2026,
1336,45.8,gf,2.910,mm,OK,--,8:56:41 PM,8/10/2026,
1337,45.8,gf,2.905,mm,OK,--,8:56:41 PM,8/10/2026,
1338,45.8,gf,2.900,mm,OK,--,8:56:41 PM,8/10/2026,
1339,45.7,gf,2.895,mm,OK,--,8:56:41 PM,8/10/2026,
1340,45.7,gf,2.890,mm,OK,--,8:56:41 PM,8/10/2026,
1341,45.7,gf,2.885,mm,OK,--,8:56:41 PM,8/10/2026,
1342,45.7,gf,2.880,mm,OK,--,8:56:41 PM,8/10/2026,
1343,45.7,gf,2.875,mm,OK,--,8:56:41 PM,8/10/2026,
1344,45.7,gf,2.870,mm,OK,--,8:56:42 PM,8/10/2026,
1345,45.7,gf,2.865,mm,OK,--,8:56:42 PM,8/10/2026,
1346,45.6,gf,2.855,mm,OK,--,8:56:42 PM,8/10/2026,
1347,45.6,gf,2.845,mm,OK,--,8:56:42 PM,8/10/2026,
1348,45.6,gf,2.830,mm,OK,--,8:56:42 PM,8/10/2026,
1349,45.5,gf,2.825,mm,OK,--,8:56:42 PM,8/10/2026,
1350,45.5,gf,2.820,mm,OK,--,8:56:42 PM,8/10/2026,
1351,45.4,gf,2.810,mm,OK,--,8:56:42 PM,8/10/2026,
1352,45.4,gf,2.800,mm,OK,--,8:56:42 PM,8/10/2026,
1353,45.4,gf,2.790,mm,OK,--,8:56:42 PM,8/10/2026,
1354,45.3,gf,2.780,mm,OK,--,8:56:43 PM,8/10/2026,
1355,45.2,gf,2.770,mm,OK,--,8:56:43 PM,8/10/2026,
1356,45.2,gf,2.755,mm,OK,--,8:56:43 PM,8/10/2026,
1357,45.2,gf,2.740,mm,OK,--,8:56:43 PM,8/10/2026,
1358,45.1,gf,2.725,mm,OK,--,8:56:43 PM,8/10/2026,
1359,45.0,gf,2.715,mm,OK,--,8:56:43 PM,8/10/2026,
1360,45.0,gf,2.700,mm,OK,--,8:56:43 PM,8/10/2026,
1361,45.0,gf,2.685,mm,OK,--,8:56:43 PM,8/10/2026,
1362,44.9,gf,2.665,mm,OK,--,8:56:43 PM,8/10/2026,
1363,44.9,gf,2.655,mm,OK,--,8:56:43 PM,8/10/2026,
1364,44.9,gf,2.645,mm,OK,--,8:56:44 PM,8/10/2026,
1365,44.8,gf,2.635,mm,OK,--,8:56:44 PM,8/10/2026,
1366,44.8,gf,2.625,mm,OK,--,8:56:44 PM,8/10/2026,
1367,44.8,gf,2.620,mm,OK,--,8:56:44 PM,8/10/2026,
1368,44.7,gf,2.615,mm,OK,--,8:56:44 PM,8/10/2026,
1369,44.7,gf,2.610,mm,OK,--,8:56:44 PM,8/10/2026,
1370,44.7,gf,2.600,mm,OK,--,8:56:44 PM,8/10/2026,
1371,44.6,gf,2.595,mm,OK,--,8:56:44 PM,8/10/2026,
1372,44.6,gf,2.590,mm,OK,--,8:56:44 PM,8/10/2026,
1373,44.6,gf,2.585,mm,OK,--,8:56:44 PM,8/10/2026,
1374,44.6,gf,2.580,mm,OK,--,8:56:45 PM,8/10/2026,
1375,44.6,gf,2.575,mm,OK,--,8:56:45 PM,8/10/2026,
1376,44.6,gf,2.570,mm,OK,--,8:56:45 PM,8/10/2026,
1377,44.5,gf,2.560,mm,OK,--,8:56:45 PM,8/10/2026,
1378,44.5,gf,2.555,mm,OK,--,8:56:45 PM,8/10/2026,
1379,44.4,gf,2.555,mm,OK,--,8:56:45 PM,8/10/2026,
1380,44.4,gf,2.550,mm,OK,--,8:56:45 PM,8/10/2026,
1381,44.4,gf,2.545,mm,OK,--,8:56:45 PM,8/10/2026,
1382,44.4,gf,2.545,mm,OK,--,8:56:45 PM,8/10/2026,
1383,44.4,gf,2.540,mm,OK,--,8:56:45 PM,8/10/2026,
1384,44.4,gf,2.540,mm,OK,--,8:56:46 PM,8/10/2026,
1385,44.3,gf,2.535,mm,OK,--,8:56:46 PM,8/10/2026,
1386,44.3,gf,2.535,mm,OK,--,8:56:46 PM,8/10/2026,
1387,44.3,gf,2.530,mm,OK,--,8:56:46 PM,8/10/2026,
1388,44.3,gf,2.530,mm,OK,--,8:56:46 PM,8/10/2026,
1389,44.3,gf,2.530,mm,OK,--,8:56:46 PM,8/10/2026,
1390,44.3,gf,2.530,mm,OK,--,8:56:46 PM,8/10/2026,
1391,44.3,gf,2.525,mm,OK,--,8:56:46 PM,8/10/2026,
1392,44.3,gf,2.525,mm,OK,--,8:56:46 PM,8/10/2026,
1393,44.3,gf,2.520,mm,OK,--,8:56:46 PM,8/10/2026,
1394,44.3,gf,2.515,mm,OK,--,8:56:47 PM,8/10/2026,
1395,44.3,gf,2.510,mm,OK,--,8:56:47 PM,8/10/2026,
1396,44.3,gf,2.505,mm,OK,--,8:56:47 PM,8/10/2026,
1397,44.3,gf,2.495,mm,OK,--,8:56:47 PM,8/10/2026,
1398,44.3,gf,2.485,mm,OK,--,8:56:47 PM,8/10/2026,
1399,44.2,gf,2.475,mm,OK,--,8:56:47 PM,8/10/2026,
1400,44.2,gf,2.470,mm,OK,--,8:56:47 PM,8/10/2026,
1401,44.1,gf,2.465,mm,OK,--,8:56:47 PM,8/10/2026,
1402,44.1,gf,2.455,mm,OK,--,8:56:47 PM,8/10/2026,
1403,44.1,gf,2.450,mm,OK,--,8:56:47 PM,8/10/2026,
1404,44.0,gf,2.440,mm,OK,--,8:56:48 PM,8/10/2026,
1405,44.0,gf,2.435,mm,OK,--,8:56:48 PM,8/10/2026,
1406,43.9,gf,2.420,mm,OK,--,8:56:48 PM,8/10/2026,
1407,43.9,gf,2.410,mm,OK,--,8:56:48 PM,8/10/2026,
1408,43.9,gf,2.405,mm,OK,--,8:56:48 PM,8/10/2026,
1409,43.8,gf,2.395,mm,OK,--,8:56:48 PM,8/10/2026,
1410,43.8,gf,2.390,mm,OK,--,8:56:48 PM,8/10/2026,
1411,43.8,gf,2.380,mm,OK,--,8:56:48 PM,8/10/2026,
1412,43.8,gf,2.375,mm,OK,--,8:56:48 PM,8/10/2026,
1413,43.7,gf,2.370,mm,OK,--,8:56:48 PM,8/10/2026,
1414,43.7,gf,2.360,mm,OK,--,8:56:49 PM,8/10/2026,
1415,43.7,gf,2.350,mm,OK,--,8:56:49 PM,8/10/2026,
1416,43.6,gf,2.340,mm,OK,--,8:56:49 PM,8/10/2026,
1417,43.5,gf,2.335,mm,OK,--,8:56:49 PM,8/10/2026,
1418,43.5,gf,2.325,mm,OK,--,8:56:49 PM,8/10/2026,
1419,43.4,gf,2.320,mm,OK,--,8:56:49 PM,8/10/2026,
1420,43.4,gf,2.315,mm,OK,--,8:56:49 PM,8/10/2026,
1421,43.3,gf,2.310,mm,OK,--,8:56:49 PM,8/10/2026,
1422,43.3,gf,2.305,mm,OK,--,8:56:49 PM,8/10/2026,
1423,43.1,gf,2.305,mm,OK,--,8:56:49 PM,8/10/2026,
1424,43.0,gf,2.300,mm,OK,--,8:56:50 PM,8/10/2026,
1425,42.9,gf,2.300,mm,OK,--,8:56:50 PM,8/10/2026,
1426,42.7,gf,2.295,mm,OK,--,8:56:50 PM,8/10/2026,
1427,42.7,gf,2.295,mm,OK,--,8:56:50 PM,8/10/2026,
1428,42.6,gf,2.290,mm,OK,--,8:56:50 PM,8/10/2026,
1429,42.4,gf,2.290,mm,OK,--,8:56:50 PM,8/10/2026,
1430,42.4,gf,2.285,mm,OK,--,8:56:50 PM,8/10/2026,
1431,42.4,gf,2.285,mm,OK,--,8:56:50 PM,8/10/2026,
1432,42.3,gf,2.280,mm,OK,--,8:56:50 PM,8/10/2026,
1433,42.2,gf,2.275,mm,OK,--,8:56:50 PM,8/10/2026,
1434,42.0,gf,2.275,mm,OK,--,8:56:51 PM,8/10/2026,
1435,41.9,gf,2.270,mm,OK,--,8:56:51 PM,8/10/2026,
1436,41.7,gf,2.260,mm,OK,--,8:56:51 PM,8/10/2026,
1437,41.5,gf,2.260,mm,OK,--,8:56:51 PM,8/10/2026,
1438,41.4,gf,2.255,mm,OK,--,8:56:51 PM,8/10/2026,
1439,41.2,gf,2.250,mm,OK,--,8:56:51 PM,8/10/2026,
1440,41.0,gf,2.240,mm,OK,--,8:56:51 PM,8/10/2026,
1441,40.8,gf,2.235,mm,OK,--,8:56:51 PM,8/10/2026,
1442,40.7,gf,2.235,mm,OK,--,8:56:51 PM,8/10/2026,
1443,40.6,gf,2.230,mm,OK,--,8:56:51 PM,8/10/2026,
1444,40.3,gf,2.220,mm,OK,--,8:56:52 PM,8/10/2026,
1445,39.9,gf,2.210,mm,OK,--,8:56:52 PM,8/10/2026,
1446,39.5,gf,2.195,mm,OK,--,8:56:52 PM,8/10/2026,
1447,39.1,gf,2.185,mm,OK,--,8:56:52 PM,8/10/2026,
1448,38.8,gf,2.175,mm,OK,--,8:56:52 PM,8/10/2026,
1449,38.4,gf,2.165,mm,OK,--,8:56:52 PM,8/10/2026,
1450,38.2,gf,2.155,mm,OK,--,8:56:52 PM,8/10/2026,
1451,37.9,gf,2.145,mm,OK,--,8:56:52 PM,8/10/2026,
1452,37.6,gf,2.140,mm,OK,--,8:56:52 PM,8/10/2026,
1453,37.5,gf,2.130,mm,OK,--,8:56:52 PM,8/10/2026,
1454,37.4,gf,2.115,mm,OK,--,8:56:53 PM,8/10/2026,
1455,37.3,gf,2.100,mm,OK,--,8:56:53 PM,8/10/2026,
1456,37.2,gf,2.095,mm,OK,--,8:56:53 PM,8/10/2026,
1457,37.1,gf,2.085,mm,OK,--,8:56:53 PM,8/10/2026,
1458,37.1,gf,2.070,mm,OK,--,8:56:53 PM,8/10/2026,
1459,36.9,gf,2.060,mm,OK,--,8:56:53 PM,8/10/2026,
1460,36.7,gf,2.050,mm,OK,--,8:56:53 PM,8/10/2026,
1461,36.8,gf,2.035,mm,OK,--,8:56:53 PM,8/10/2026,
1462,36.7,gf,2.020,mm,OK,--,8:56:53 PM,8/10/2026,
1463,36.4,gf,2.005,mm,OK,--,8:56:53 PM,8/10/2026,
1464,36.3,gf,1.995,mm,OK,--,8:56:54 PM,8/10/2026,
1465,36.3,gf,1.985,mm,OK,--,8:56:54 PM,8/10/2026,
1466,36.2,gf,1.975,mm,OK,--,8:56:54 PM,8/10/2026,
1467,36.1,gf,1.965,mm,OK,--,8:56:54 PM,8/10/2026,
1468,35.9,gf,1.950,mm,OK,--,8:56:54 PM,8/10/2026,
1469,35.9,gf,1.935,mm,OK,--,8:56:54 PM,8/10/2026,
1470,35.8,gf,1.925,mm,OK,--,8:56:54 PM,8/10/2026,
1471,35.7,gf,1.915,mm,OK,--,8:56:54 PM,8/10/2026,
1472,35.5,gf,1.910,mm,OK,--,8:56:54 PM,8/10/2026,
1473,35.5,gf,1.905,mm,OK,--,8:56:54 PM,8/10/2026,
1474,35.5,gf,1.900,mm,OK,--,8:56:55 PM,8/10/2026,
1475,35.5,gf,1.895,mm,OK,--,8:56:55 PM,8/10/2026,
1476,35.4,gf,1.890,mm,OK,--,8:56:55 PM,8/10/2026,
1477,35.4,gf,1.885,mm,OK,--,8:56:55 PM,8/10/2026,
1478,35.5,gf,1.880,mm,OK,--,8:56:55 PM,8/10/2026,
1479,35.4,gf,1.875,mm,OK,--,8:56:55 PM,8/10/2026,
1480,35.3,gf,1.875,mm,OK,--,8:56:55 PM,8/10/2026,
1481,35.3,gf,1.870,mm,OK,--,8:56:55 PM,8/10/2026,
1482,35.3,gf,1.865,mm,OK,--,8:56:55 PM,8/10/2026,
1483,35.3,gf,1.860,mm,OK,--,8:56:55 PM,8/10/2026,
1484,35.3,gf,1.855,mm,OK,--,8:56:56 PM,8/10/2026,
1485,35.2,gf,1.850,mm,OK,--,8:56:56 PM,8/10/2026,
1486,35.3,gf,1.840,mm,OK,--,8:56:56 PM,8/10/2026,
1487,35.3,gf,1.835,mm,OK,--,8:56:56 PM,8/10/2026,
1488,35.2,gf,1.825,mm,OK,--,8:56:56 PM,8/10/2026,
1489,35.2,gf,1.815,mm,OK,--,8:56:56 PM,8/10/2026,
1490,35.1,gf,1.810,mm,OK,--,8:56:56 PM,8/10/2026,
1491,34.9,gf,1.805,mm,OK,--,8:56:56 PM,8/10/2026,
1492,35.0,gf,1.800,mm,OK,--,8:56:56 PM,8/10/2026,
1493,34.8,gf,1.795,mm,OK,--,8:56:56 PM,8/10/2026,
1494,34.7,gf,1.790,mm,OK,--,8:56:57 PM,8/10/2026,
1495,34.7,gf,1.790,mm,OK,--,8:56:57 PM,8/10/2026,
1496,34.8,gf,1.785,mm,OK,--,8:56:57 PM,8/10/2026,
1497,34.7,gf,1.785,mm,OK,--,8:56:57 PM,8/10/2026,
1498,34.7,gf,1.780,mm,OK,--,8:56:57 PM,8/10/2026,
1499,34.9,gf,1.775,mm,OK,--,8:56:57 PM,8/10/2026,
1500,35.0,gf,1.775,mm,OK,--,8:56:57 PM,8/10/2026,
1501,35.0,gf,1.770,mm,OK,--,8:56:57 PM,8/10/2026,
1502,34.8,gf,1.770,mm,OK,--,8:56:57 PM,8/10/2026,
1503,34.9,gf,1.765,mm,OK,--,8:56:57 PM,8/10/2026,
1504,34.9,gf,1.760,mm,OK,--,8:56:58 PM,8/10/2026,
1505,34.9,gf,1.755,mm,OK,--,8:56:58 PM,8/10/2026,
1506,34.9,gf,1.755,mm,OK,--,8:56:58 PM,8/10/2026,
1507,34.9,gf,1.750,mm,OK,--,8:56:58 PM,8/10/2026,
1508,34.8,gf,1.745,mm,OK,--,8:56:58 PM,8/10/2026,
1509,34.8,gf,1.740,mm,OK,--,8:56:58 PM,8/10/2026,
1510,34.8,gf,1.735,mm,OK,--,8:56:58 PM,8/10/2026,
1511,34.7,gf,1.735,mm,OK,--,8:56:58 PM,8/10/2026,
1512,34.7,gf,1.725,mm,OK,--,8:56:58 PM,8/10/2026,
1513,34.7,gf,1.720,mm,OK,--,8:56:58 PM,8/10/2026,
1514,34.8,gf,1.715,mm,OK,--,8:56:59 PM,8/10/2026,
1515,34.7,gf,1.710,mm,OK,--,8:56:59 PM,8/10/2026,
1516,34.7,gf,1.705,mm,OK,--,8:56:59 PM,8/10/2026,
1517,34.7,gf,1.700,mm,OK,--,8:56:59 PM,8/10/2026,
1518,34.6,gf,1.690,mm,OK,--,8:56:59 PM,8/10/2026,
1519,34.6,gf,1.685,mm,OK,--,8:56:59 PM,8/10/2026,
1520,34.7,gf,1.680,mm,OK,--,8:56:59 PM,8/10/2026,
1521,34.7,gf,1.675,mm,OK,--,8:56:59 PM,8/10/2026,
1522,34.6,gf,1.670,mm,OK,--,8:56:59 PM,8/10/2026,
1523,34.6,gf,1.665,mm,OK,--,8:56:59 PM,8/10/2026,
1524,34.5,gf,1.660,mm,OK,--,8:57:00 PM,8/10/2026,
1525,34.5,gf,1.655,mm,OK,--,8:57:00 PM,8/10/2026,
1526,34.5,gf,1.650,mm,OK,--,8:57:00 PM,8/10/2026,
1527,34.4,gf,1.645,mm,OK,--,8:57:00 PM,8/10/2026,
1528,34.4,gf,1.635,mm,OK,--,8:57:00 PM,8/10/2026,
1529,34.6,gf,1.630,mm,OK,--,8:57:00 PM,8/10/2026,
1530,34.5,gf,1.625,mm,OK,--,8:57:00 PM,8/10/2026,
1531,34.5,gf,1.620,mm,OK,--,8:57:00 PM,8/10/2026,
1532,34.5,gf,1.615,mm,OK,--,8:57:00 PM,8/10/2026,
1533,34.4,gf,1.610,mm,OK,--,8:57:00 PM,8/10/2026,
1534,34.5,gf,1.610,mm,OK,--,8:57:01 PM,8/10/2026,
1535,34.4,gf,1.605,mm,OK,--,8:57:01 PM,8/10/2026,
1536,34.5,gf,1.600,mm,OK,--,8:57:01 PM,8/10/2026,
1537,34.4,gf,1.600,mm,OK,--,8:57:01 PM,8/10/2026,
1538,34.4,gf,1.595,mm,OK,--,8:57:01 PM,8/10/2026,
1539,34.4,gf,1.590,mm,OK,--,8:57:01 PM,8/10/2026,
1540,34.3,gf,1.590,mm,OK,--,8:57:01 PM,8/10/2026,
1541,34.2,gf,1.585,mm,OK,--,8:57:01 PM,8/10/2026,
1542,34.2,gf,1.585,mm,OK,--,8:57:01 PM,8/10/2026,
1543,34.2,gf,1.580,mm,OK,--,8:57:01 PM,8/10/2026,
1544,34.2,gf,1.575,mm,OK,--,8:57:02 PM,8/10/2026,
1545,34.3,gf,1.570,mm,OK,--,8:57:02 PM,8/10/2026,
1546,34.3,gf,1.560,mm,OK,--,8:57:02 PM,8/10/2026,
1547,34.2,gf,1.555,mm,OK,--,8:57:02 PM,8/10/2026,
1548,34.1,gf,1.550,mm,OK,--,8:57:02 PM,8/10/2026,
1549,34.0,gf,1.545,mm,OK,--,8:57:02 PM,8/10/2026,
1550,33.9,gf,1.540,mm,OK,--,8:57:02 PM,8/10/2026,
1551,33.9,gf,1.535,mm,OK,--,8:57:02 PM,8/10/2026,
1552,34.0,gf,1.530,mm,OK,--,8:57:02 PM,8/10/2026,
1553,33.8,gf,1.525,mm,OK,--,8:57:02 PM,8/10/2026,
1554,34.0,gf,1.520,mm,OK,--,8:57:03 PM,8/10/2026,
1555,33.9,gf,1.515,mm,OK,--,8:57:03 PM,8/10/2026,
1556,33.9,gf,1.510,mm,OK,--,8:57:03 PM,8/10/2026,
1557,33.8,gf,1.510,mm,OK,--,8:57:03 PM,8/10/2026,
1558,33.7,gf,1.505,mm,OK,--,8:57:03 PM,8/10/2026,
1559,33.7,gf,1.505,mm,OK,--,8:57:03 PM,8/10/2026,
1560,33.9,gf,1.500,mm,OK,--,8:57:03 PM,8/10/2026,
1561,33.8,gf,1.495,mm,OK,--,8:57:03 PM,8/10/2026,
1562,34.0,gf,1.490,mm,OK,--,8:57:03 PM,8/10/2026,
1563,34.0,gf,1.485,mm,OK,--,8:57:03 PM,8/10/2026,
1564,33.9,gf,1.485,mm,OK,--,8:57:04 PM,8/10/2026,
1565,33.8,gf,1.480,mm,OK,--,8:57:04 PM,8/10/2026,
1566,33.9,gf,1.475,mm,OK,--,8:57:04 PM,8/10/2026,
1567,34.0,gf,1.470,mm,OK,--,8:57:04 PM,8/10/2026,
1568,33.9,gf,1.460,mm,OK,--,8:57:04 PM,8/10/2026,
1569,33.8,gf,1.455,mm,OK,--,8:57:04 PM,8/10/2026,
1570,33.7,gf,1.450,mm,OK,--,8:57:04 PM,8/10/2026,
1571,33.7,gf,1.445,mm,OK,--,8:57:04 PM,8/10/2026,
1572,33.7,gf,1.435,mm,OK,--,8:57:04 PM,8/10/2026,
1573,33.8,gf,1.430,mm,OK,--,8:57:04 PM,8/10/2026,
1574,33.8,gf,1.425,mm,OK,--,8:57:05 PM,8/10/2026,
1575,33.7,gf,1.420,mm,OK,--,8:57:05 PM,8/10/2026,
1576,33.8,gf,1.420,mm,OK,--,8:57:05 PM,8/10/2026,
1577,33.8,gf,1.415,mm,OK,--,8:57:05 PM,8/10/2026,
1578,33.9,gf,1.410,mm,OK,--,8:57:05 PM,8/10/2026,
1579,33.7,gf,1.405,mm,OK,--,8:57:05 PM,8/10/2026,
1580,33.7,gf,1.400,mm,OK,--,8:57:05 PM,8/10/2026,
1581,33.6,gf,1.400,mm,OK,--,8:57:05 PM,8/10/2026,
1582,33.7,gf,1.395,mm,OK,--,8:57:05 PM,8/10/2026,
1583,33.7,gf,1.395,mm,OK,--,8:57:05 PM,8/10/2026,
1584,33.7,gf,1.390,mm,OK,--,8:57:06 PM,8/10/2026,
1585,33.6,gf,1.390,mm,OK,--,8:57:06 PM,8/10/2026,
1586,33.7,gf,1.385,mm,OK,--,8:57:06 PM,8/10/2026,
1587,33.7,gf,1.375,mm,OK,--,8:57:06 PM,8/10/2026,
1588,33.7,gf,1.370,mm,OK,--,8:57:06 PM,8/10/2026,
1589,33.6,gf,1.360,mm,OK,--,8:57:06 PM,8/10/2026,
1590,33.7,gf,1.355,mm,OK,--,8:57:06 PM,8/10/2026,
1591,33.8,gf,1.350,mm,OK,--,8:57:06 PM,8/10/2026,
1592,33.8,gf,1.345,mm,OK,--,8:57:06 PM,8/10/2026,
1593,33.7,gf,1.340,mm,OK,--,8:57:06 PM,8/10/2026,
1594,33.7,gf,1.335,mm,OK,--,8:57:07 PM,8/10/2026,
1595,33.6,gf,1.335,mm,OK,--,8:57:07 PM,8/10/2026,
1596,33.5,gf,1.330,mm,OK,--,8:57:07 PM,8/10/2026,
1597,33.5,gf,1.330,mm,OK,--,8:57:07 PM,8/10/2026,
1598,33.6,gf,1.325,mm,OK,--,8:57:07 PM,8/10/2026,
1599,33.6,gf,1.320,mm,OK,--,8:57:07 PM,8/10/2026,
1600,33.5,gf,1.315,mm,OK,--,8:57:07 PM,8/10/2026,
1601,33.4,gf,1.310,mm,OK,--,8:57:07 PM,8/10/2026,
1602,33.6,gf,1.310,mm,OK,--,8:57:07 PM,8/10/2026,
1603,33.5,gf,1.305,mm,OK,--,8:57:07 PM,8/10/2026,
1604,33.4,gf,1.305,mm,OK,--,8:57:08 PM,8/10/2026,
1605,33.5,gf,1.300,mm,OK,--,8:57:08 PM,8/10/2026,
1606,33.5,gf,1.300,mm,OK,--,8:57:08 PM,8/10/2026,
1607,33.3,gf,1.300,mm,OK,--,8:57:08 PM,8/10/2026,
1608,33.2,gf,1.295,mm,OK,--,8:57:08 PM,8/10/2026,
1609,33.3,gf,1.295,mm,OK,--,8:57:08 PM,8/10/2026,
1610,33.2,gf,1.290,mm,OK,--,8:57:08 PM,8/10/2026,
1611,33.2,gf,1.290,mm,OK,--,8:57:08 PM,8/10/2026,
1612,33.2,gf,1.285,mm,OK,--,8:57:08 PM,8/10/2026,
1613,33.1,gf,1.285,mm,OK,--,8:57:08 PM,8/10/2026,
1614,33.0,gf,1.280,mm,OK,--,8:57:09 PM,8/10/2026,
1615,33.3,gf,1.275,mm,OK,--,8:57:09 PM,8/10/2026,
1616,33.3,gf,1.270,mm,OK,--,8:57:09 PM,8/10/2026,
1617,33.3,gf,1.265,mm,OK,--,8:57:09 PM,8/10/2026,
1618,33.2,gf,1.260,mm,OK,--,8:57:09 PM,8/10/2026,
1619,33.1,gf,1.260,mm,OK,--,8:57:09 PM,8/10/2026,
1620,33.1,gf,1.260,mm,OK,--,8:57:09 PM,8/10/2026,
1621,33.1,gf,1.255,mm,OK,--,8:57:09 PM,8/10/2026,
1622,33.0,gf,1.255,mm,OK,--,8:57:09 PM,8/10/2026,
1623,33.2,gf,1.250,mm,OK,--,8:57:09 PM,8/10/2026,
1624,33.1,gf,1.245,mm,OK,--,8:57:10 PM,8/10/2026,
1625,33.2,gf,1.245,mm,OK,--,8:57:10 PM,8/10/2026,
1626,33.1,gf,1.240,mm,OK,--,8:57:10 PM,8/10/2026,
1627,33.1,gf,1.235,mm,OK,--,8:57:10 PM,8/10/2026,
1628,33.3,gf,1.230,mm,OK,--,8:57:10 PM,8/10/2026,
1629,33.2,gf,1.230,mm,OK,--,8:57:10 PM,8/10/2026,
1630,33.2,gf,1.225,mm,OK,--,8:57:10 PM,8/10/2026,
1631,33.4,gf,1.220,mm,OK,--,8:57:10 PM,8/10/2026,
1632,33.4,gf,1.215,mm,OK,--,8:57:10 PM,8/10/2026,
1633,33.3,gf,1.215,mm,OK,--,8:57:10 PM,8/10/2026,
1634,33.2,gf,1.210,mm,OK,--,8:57:11 PM,8/10/2026,
1635,33.2,gf,1.210,mm,OK,--,8:57:11 PM,8/10/2026,
1636,33.2,gf,1.210,mm,OK,--,8:57:11 PM,8/10/2026,
1637,33.0,gf,1.205,mm,OK,--,8:57:11 PM,8/10/2026,
1638,33.1,gf,1.205,mm,OK,--,8:57:11 PM,8/10/2026,
1639,33.1,gf,1.205,mm,OK,--,8:57:11 PM,8/10/2026,
1640,33.0,gf,1.200,mm,OK,--,8:57:11 PM,8/10/2026,
1641,33.0,gf,1.200,mm,OK,--,8:57:11 PM,8/10/2026,
1642,33.1,gf,1.200,mm,OK,--,8:57:11 PM,8/10/2026,
1643,33.1,gf,1.195,mm,OK,--,8:57:11 PM,8/10/2026,
1644,33.0,gf,1.195,mm,OK,--,8:57:12 PM,8/10/2026,
1645,33.0,gf,1.190,mm,OK,--,8:57:12 PM,8/10/2026,
1646,33.0,gf,1.190,mm,OK,--,8:57:12 PM,8/10/2026,
1647,33.0,gf,1.185,mm,OK,--,8:57:12 PM,8/10/2026,
1648,33.1,gf,1.185,mm,OK,--,8:57:12 PM,8/10/2026,
1649,33.1,gf,1.180,mm,OK,--,8:57:12 PM,8/10/2026,
1650,33.1,gf,1.180,mm,OK,--,8:57:12 PM,8/10/2026,
1651,33.0,gf,1.175,mm,OK,--,8:57:12 PM,8/10/2026,
1652,33.0,gf,1.170,mm,OK,--,8:57:12 PM,8/10/2026,
1653,33.0,gf,1.170,mm,OK,--,8:57:12 PM,8/10/2026,
1654,33.0,gf,1.165,mm,OK,--,8:57:13 PM,8/10/2026,
1655,32.9,gf,1.160,mm,OK,--,8:57:13 PM,8/10/2026,
1656,32.9,gf,1.160,mm,OK,--,8:57:13 PM,8/10/2026,
1657,32.8,gf,1.155,mm,OK,--,8:57:13 PM,8/10/2026,
1658,32.8,gf,1.155,mm,OK,--,8:57:13 PM,8/10/2026,
1659,32.8,gf,1.150,mm,OK,--,8:57:13 PM,8/10/2026,
1660,32.9,gf,1.150,mm,OK,--,8:57:13 PM,8/10/2026,
1661,32.8,gf,1.145,mm,OK,--,8:57:13 PM,8/10/2026,
1662,32.8,gf,1.145,mm,OK,--,8:57:13 PM,8/10/2026,
1663,32.7,gf,1.140,mm,OK,--,8:57:13 PM,8/10/2026,
1664,32.8,gf,1.140,mm,OK,--,8:57:14 PM,8/10/2026,
1665,32.7,gf,1.140,mm,OK,--,8:57:14 PM,8/10/2026,
1666,32.8,gf,1.135,mm,OK,--,8:57:14 PM,8/10/2026,
1667,32.8,gf,1.135,mm,OK,--,8:57:14 PM,8/10/2026,
1668,32.8,gf,1.130,mm,OK,--,8:57:14 PM,8/10/2026,
1669,32.8,gf,1.130,mm,OK,--,8:57:14 PM,8/10/2026,
1670,32.8,gf,1.125,mm,OK,--,8:57:14 PM,8/10/2026,
1671,32.9,gf,1.125,mm,OK,--,8:57:14 PM,8/10/2026,
1672,32.8,gf,1.120,mm,OK,--,8:57:14 PM,8/10/2026,
1673,32.8,gf,1.120,mm,OK,--,8:57:14 PM,8/10/2026,
1674,32.9,gf,1.115,mm,OK,--,8:57:15 PM,8/10/2026,
1675,32.8,gf,1.115,mm,OK,--,8:57:15 PM,8/10/2026,
1676,32.7,gf,1.110,mm,OK,--,8:57:15 PM,8/10/2026,
1677,32.7,gf,1.105,mm,OK,--,8:57:15 PM,8/10/2026,
1678,32.7,gf,1.100,mm,OK,--,8:57:15 PM,8/10/2026,
1679,32.6,gf,1.095,mm,OK,--,8:57:15 PM,8/10/2026,
1680,32.6,gf,1.095,mm,OK,--,8:57:15 PM,8/10/2026,
1681,32.5,gf,1.090,mm,OK,--,8:57:15 PM,8/10/2026,
1682,32.6,gf,1.085,mm,OK,--,8:57:15 PM,8/10/2026,
1683,32.6,gf,1.080,mm,OK,--,8:57:15 PM,8/10/2026,
1684,32.4,gf,1.080,mm,OK,--,8:57:16 PM,8/10/2026,
1685,32.3,gf,1.075,mm,OK,--,8:57:16 PM,8/10/2026,
1686,32.4,gf,1.070,mm,OK,--,8:57:16 PM,8/10/2026,
1687,32.4,gf,1.060,mm,OK,--,8:57:16 PM,8/10/2026,
1688,32.4,gf,1.050,mm,OK,--,8:57:16 PM,8/10/2026,
1689,32.5,gf,1.045,mm,OK,--,8:57:16 PM,8/10/2026,
1690,32.4,gf,1.040,mm,OK,--,8:57:16 PM,8/10/2026,
1691,32.4,gf,1.035,mm,OK,--,8:57:16 PM,8/10/2026,
1692,32.3,gf,1.030,mm,OK,--,8:57:16 PM,8/10/2026,
1693,32.2,gf,1.025,mm,OK,--,8:57:16 PM,8/10/2026,
1694,32.1,gf,1.025,mm,OK,--,8:57:17 PM,8/10/2026,
1695,32.1,gf,1.015,mm,OK,--,8:57:17 PM,8/10/2026,
1696,32.1,gf,1.015,mm,OK,--,8:57:17 PM,8/10/2026,
1697,32.1,gf,1.010,mm,OK,--,8:57:17 PM,8/10/2026,
1698,32.0,gf,1.005,mm,OK,--,8:57:17 PM,8/10/2026,
1699,32.0,gf,1.000,mm,OK,--,8:57:17 PM,8/10/2026,
1700,31.9,gf,1.000,mm,OK,--,8:57:17 PM,8/10/2026,
1701,32.0,gf,0.995,mm,OK,--,8:57:17 PM,8/10/2026,
1702,32.1,gf,0.990,mm,OK,--,8:57:17 PM,8/10/2026,
1703,32.1,gf,0.985,mm,OK,--,8:57:17 PM,8/10/2026,
1704,32.3,gf,0.980,mm,OK,--,8:57:18 PM,8/10/2026,
1705,32.3,gf,0.975,mm,OK,--,8:57:18 PM,8/10/2026,
1706,32.2,gf,0.970,mm,OK,--,8:57:18 PM,8/10/2026,
1707,32.3,gf,0.960,mm,OK,--,8:57:18 PM,8/10/2026,
1708,32.2,gf,0.960,mm,OK,--,8:57:18 PM,8/10/2026,
1709,32.1,gf,0.955,mm,OK,--,8:57:18 PM,8/10/2026,
1710,32.2,gf,0.950,mm,OK,--,8:57:18 PM,8/10/2026,
1711,32.4,gf,0.935,mm,OK,--,8:57:18 PM,8/10/2026,
1712,32.5,gf,0.925,mm,OK,--,8:57:18 PM,8/10/2026,
1713,32.3,gf,0.915,mm,OK,--,8:57:18 PM,8/10/2026,
1714,32.2,gf,0.905,mm,OK,--,8:57:19 PM,8/10/2026,
1715,32.3,gf,0.900,mm,OK,--,8:57:19 PM,8/10/2026,
1716,32.2,gf,0.890,mm,OK,--,8:57:19 PM,8/10/2026,
1717,32.1,gf,0.885,mm,OK,--,8:57:19 PM,8/10/2026,
1718,32.0,gf,0.880,mm,OK,--,8:57:19 PM,8/10/2026,
1719,31.8,gf,0.875,mm,OK,--,8:57:19 PM,8/10/2026,
1720,31.9,gf,0.870,mm,OK,--,8:57:19 PM,8/10/2026,
1721,31.9,gf,0.865,mm,OK,--,8:57:19 PM,8/10/2026,
1722,31.9,gf,0.855,mm,OK,--,8:57:19 PM,8/10/2026,
1723,31.8,gf,0.855,mm,OK,--,8:57:19 PM,8/10/2026,
1724,31.8,gf,0.850,mm,OK,--,8:57:20 PM,8/10/2026,
1725,31.8,gf,0.845,mm,OK,--,8:57:20 PM,8/10/2026,
1726,31.7,gf,0.845,mm,OK,--,8:57:20 PM,8/10/2026,
1727,31.6,gf,0.840,mm,OK,--,8:57:20 PM,8/10/2026,
1728,31.6,gf,0.835,mm,OK,--,8:57:20 PM,8/10/2026,
1729,31.6,gf,0.835,mm,OK,--,8:57:20 PM,8/10/2026,
1730,31.6,gf,0.830,mm,OK,--,8:57:20 PM,8/10/2026,
1731,31.5,gf,0.825,mm,OK,--,8:57:20 PM,8/10/2026,
1732,31.4,gf,0.820,mm,OK,--,8:57:20 PM,8/10/2026,
1733,31.5,gf,0.815,mm,OK,--,8:57:20 PM,8/10/2026,
1734,31.4,gf,0.810,mm,OK,--,8:57:21 PM,8/10/2026,
1735,31.4,gf,0.800,mm,OK,--,8:57:21 PM,8/10/2026,
1736,31.4,gf,0.790,mm,OK,--,8:57:21 PM,8/10/2026,
1737,31.3,gf,0.785,mm,OK,--,8:57:21 PM,8/10/2026,
1738,31.2,gf,0.775,mm,OK,--,8:57:21 PM,8/10/2026,
1739,31.0,gf,0.770,mm,OK,--,8:57:21 PM,8/10/2026,
1740,31.0,gf,0.765,mm,OK,--,8:57:21 PM,8/10/2026,
1741,30.9,gf,0.765,mm,OK,--,8:57:21 PM,8/10/2026,
1742,30.9,gf,0.760,mm,OK,--,8:57:21 PM,8/10/2026,
1743,31.0,gf,0.755,mm,OK,--,8:57:21 PM,8/10/2026,
1744,30.9,gf,0.750,mm,OK,--,8:57:22 PM,8/10/2026,
1745,30.9,gf,0.750,mm,OK,--,8:57:22 PM,8/10/2026,
1746,30.9,gf,0.745,mm,OK,--,8:57:22 PM,8/10/2026,
1747,30.9,gf,0.740,mm,OK,--,8:57:22 PM,8/10/2026,
1748,30.7,gf,0.740,mm,OK,--,8:57:22 PM,8/10/2026,
1749,30.7,gf,0.735,mm,OK,--,8:57:22 PM,8/10/2026,
1750,30.7,gf,0.735,mm,OK,--,8:57:22 PM,8/10/2026,
1751,30.6,gf,0.735,mm,OK,--,8:57:22 PM,8/10/2026,
1752,30.6,gf,0.730,mm,OK,--,8:57:22 PM,8/10/2026,
1753,30.6,gf,0.730,mm,OK,--,8:57:22 PM,8/10/2026,
1754,30.6,gf,0.725,mm,OK,--,8:57:23 PM,8/10/2026,
1755,30.5,gf,0.720,mm,OK,--,8:57:23 PM,8/10/2026,
1756,30.5,gf,0.720,mm,OK,--,8:57:23 PM,8/10/2026,
1757,30.6,gf,0.715,mm,OK,--,8:57:23 PM,8/10/2026,
1758,30.7,gf,0.710,mm,OK,--,8:57:23 PM,8/10/2026,
1759,30.5,gf,0.705,mm,OK,--,8:57:23 PM,8/10/2026,
1760,30.5,gf,0.700,mm,OK,--,8:57:23 PM,8/10/2026,
1761,30.6,gf,0.695,mm,OK,--,8:57:23 PM,8/10/2026,
1762,30.6,gf,0.695,mm,OK,--,8:57:23 PM,8/10/2026,
1763,30.5,gf,0.690,mm,OK,--,8:57:23 PM,8/10/2026,
1764,30.5,gf,0.685,mm,OK,--,8:57:24 PM,8/10/2026,
1765,30.5,gf,0.680,mm,OK,--,8:57:24 PM,8/10/2026,
1766,30.6,gf,0.675,mm,OK,--,8:57:24 PM,8/10/2026,
1767,30.6,gf,0.670,mm,OK,--,8:57:24 PM,8/10/2026,
1768,30.7,gf,0.660,mm,OK,--,8:57:24 PM,8/10/2026,
1769,30.6,gf,0.655,mm,OK,--,8:57:24 PM,8/10/2026,
1770,30.7,gf,0.645,mm,OK,--,8:57:24 PM,8/10/2026,
1771,30.7,gf,0.640,mm,OK,--,8:57:24 PM,8/10/2026,
1772,30.7,gf,0.635,mm,OK,--,8:57:24 PM,8/10/2026,
1773,30.6,gf,0.635,mm,OK,--,8:57:24 PM,8/10/2026,
1774,30.6,gf,0.630,mm,OK,--,8:57:25 PM,8/10/2026,
1775,30.6,gf,0.625,mm,OK,--,8:57:25 PM,8/10/2026,
1776,30.6,gf,0.615,mm,OK,--,8:57:25 PM,8/10/2026,
1777,30.6,gf,0.605,mm,OK,--,8:57:25 PM,8/10/2026,
1778,30.6,gf,0.595,mm,OK,--,8:57:25 PM,8/10/2026,
1779,30.5,gf,0.585,mm,OK,--,8:57:25 PM,8/10/2026,
1780,30.4,gf,0.570,mm,OK,--,8:57:25 PM,8/10/2026,
1781,30.3,gf,0.560,mm,OK,--,8:57:25 PM,8/10/2026,
1782,30.4,gf,0.550,mm,OK,--,8:57:25 PM,8/10/2026,
1783,30.3,gf,0.545,mm,OK,--,8:57:25 PM,8/10/2026,
1784,30.2,gf,0.540,mm,OK,--,8:57:26 PM,8/10/2026,
1785,30.2,gf,0.540,mm,OK,--,8:57:26 PM,8/10/2026,
1786,30.2,gf,0.535,mm,OK,--,8:57:26 PM,8/10/2026,
1787,30.1,gf,0.530,mm,OK,--,8:57:26 PM,8/10/2026,
1788,30.1,gf,0.530,mm,OK,--,8:57:26 PM,8/10/2026,
1789,30.0,gf,0.525,mm,OK,--,8:57:26 PM,8/10/2026,
1790,30.0,gf,0.520,mm,OK,--,8:57:26 PM,8/10/2026,
1791,29.9,gf,0.515,mm,OK,--,8:57:26 PM,8/10/2026,
1792,29.9,gf,0.510,mm,OK,--,8:57:26 PM,8/10/2026,
1793,29.8,gf,0.505,mm,OK,--,8:57:26 PM,8/10/2026,
1794,29.8,gf,0.500,mm,OK,--,8:57:27 PM,8/10/2026,
1795,29.8,gf,0.495,mm,OK,--,8:57:27 PM,8/10/2026,
1796,29.7,gf,0.490,mm,OK,--,8:57:27 PM,8/10/2026,
1797,29.6,gf,0.485,mm,OK,--,8:57:27 PM,8/10/2026,
1798,29.8,gf,0.480,mm,OK,--,8:57:27 PM,8/10/2026,
1799,29.7,gf,0.475,mm,OK,--,8:57:27 PM,8/10/2026,
1800,29.7,gf,0.475,mm,OK,--,8:57:27 PM,8/10/2026,
1801,29.7,gf,0.470,mm,OK,--,8:57:27 PM,8/10/2026,
1802,29.7,gf,0.465,mm,OK,--,8:57:27 PM,8/10/2026,
1803,29.7,gf,0.465,mm,OK,--,8:57:27 PM,8/10/2026,
1804,29.7,gf,0.460,mm,OK,--,8:57:28 PM,8/10/2026,
1805,29.6,gf,0.455,mm,OK,--,8:57:28 PM,8/10/2026,
1806,29.8,gf,0.455,mm,OK,--,8:57:28 PM,8/10/2026,
1807,29.7,gf,0.450,mm,OK,--,8:57:28 PM,8/10/2026,
1808,29.7,gf,0.445,mm,OK,--,8:57:28 PM,8/10/2026,
1809,29.7,gf,0.440,mm,OK,--,8:57:28 PM,8/10/2026,
1810,29.8,gf,0.440,mm,OK,--,8:57:28 PM,8/10/2026,
1811,29.8,gf,0.435,mm,OK,--,8:57:28 PM,8/10/2026,
1812,29.7,gf,0.435,mm,OK,--,8:57:28 PM,8/10/2026,
1813,29.6,gf,0.430,mm,OK,--,8:57:28 PM,8/10/2026,
1814,29.8,gf,0.425,mm,OK,--,8:57:29 PM,8/10/2026,
1815,29.8,gf,0.420,mm,OK,--,8:57:29 PM,8/10/2026,
1816,29.7,gf,0.415,mm,OK,--,8:57:29 PM,8/10/2026,
1817,29.7,gf,0.415,mm,OK,--,8:57:29 PM,8/10/2026,
1818,29.7,gf,0.410,mm,OK,--,8:57:29 PM,8/10/2026,
1819,29.7,gf,0.410,mm,OK,--,8:57:29 PM,8/10/2026,
1820,29.8,gf,0.405,mm,OK,--,8:57:29 PM,8/10/2026,
1821,29.7,gf,0.405,mm,OK,--,8:57:29 PM,8/10/2026,
1822,29.6,gf,0.405,mm,OK,--,8:57:29 PM,8/10/2026,
1823,29.8,gf,0.400,mm,OK,--,8:57:29 PM,8/10/2026,
1824,29.8,gf,0.400,mm,OK,--,8:57:30 PM,8/10/2026,
1825,29.8,gf,0.395,mm,OK,--,8:57:30 PM,8/10/2026,
1826,29.7,gf,0.395,mm,OK,--,8:57:30 PM,8/10/2026,
1827,29.8,gf,0.390,mm,OK,--,8:57:30 PM,8/10/2026,
1828,29.6,gf,0.390,mm,OK,--,8:57:30 PM,8/10/2026,
1829,29.7,gf,0.385,mm,OK,--,8:57:30 PM,8/10/2026,
1830,29.7,gf,0.385,mm,OK,--,8:57:30 PM,8/10/2026,
1831,29.6,gf,0.380,mm,OK,--,8:57:30 PM,8/10/2026,
1832,30.0,gf,0.370,mm,OK,--,8:57:30 PM,8/10/2026,
1833,30.0,gf,0.360,mm,OK,--,8:57:30 PM,8/10/2026,
1834,29.9,gf,0.350,mm,OK,--,8:57:31 PM,8/10/2026,
1835,29.9,gf,0.335,mm,OK,--,8:57:31 PM,8/10/2026,
1836,29.6,gf,0.330,mm,OK,--,8:57:31 PM,8/10/2026,
1837,29.6,gf,0.325,mm,OK,--,8:57:31 PM,8/10/2026,
1838,29.5,gf,0.320,mm,OK,--,8:57:31 PM,8/10/2026,
1839,29.3,gf,0.315,mm,OK,--,8:57:31 PM,8/10/2026,
1840,29.4,gf,0.310,mm,OK,--,8:57:31 PM,8/10/2026,
1841,29.4,gf,0.305,mm,OK,--,8:57:31 PM,8/10/2026,
1842,29.2,gf,0.300,mm,OK,--,8:57:31 PM,8/10/2026,
1843,29.1,gf,0.295,mm,OK,--,8:57:31 PM,8/10/2026,
1844,29.0,gf,0.295,mm,OK,--,8:57:32 PM,8/10/2026,
1845,29.0,gf,0.290,mm,OK,--,8:57:32 PM,8/10/2026,
1846,29.0,gf,0.290,mm,OK,--,8:57:32 PM,8/10/2026,
1847,28.8,gf,0.285,mm,OK,--,8:57:32 PM,8/10/2026,
1848,28.8,gf,0.280,mm,OK,--,8:57:32 PM,8/10/2026,
1849,28.8,gf,0.280,mm,OK,--,8:57:32 PM,8/10/2026,
1850,28.8,gf,0.275,mm,OK,--,8:57:32 PM,8/10/2026,
1851,28.9,gf,0.270,mm,OK,--,8:57:32 PM,8/10/2026,
1852,28.8,gf,0.265,mm,OK,--,8:57:32 PM,8/10/2026,
1853,28.8,gf,0.260,mm,OK,--,8:57:32 PM,8/10/2026,
1854,29.0,gf,0.255,mm,OK,--,8:57:33 PM,8/10/2026,
1855,28.9,gf,0.250,mm,OK,--,8:57:33 PM,8/10/2026,
1856,28.9,gf,0.245,mm,OK,--,8:57:33 PM,8/10/2026,
1857,28.9,gf,0.245,mm,OK,--,8:57:33 PM,8/10/2026,
1858,28.8,gf,0.240,mm,OK,--,8:57:33 PM,8/10/2026,
1859,29.0,gf,0.230,mm,OK,--,8:57:33 PM,8/10/2026,
1860,29.0,gf,0.225,mm,OK,--,8:57:33 PM,8/10/2026,
1861,29.1,gf,0.220,mm,OK,--,8:57:33 PM,8/10/2026,
1862,28.9,gf,0.220,mm,OK,--,8:57:33 PM,8/10/2026,
1863,29.0,gf,0.215,mm,OK,--,8:57:33 PM,8/10/2026,
1864,29.0,gf,0.215,mm,OK,--,8:57:34 PM,8/10/2026,
1865,29.0,gf,0.215,mm,OK,--,8:57:34 PM,8/10/2026,
1866,28.9,gf,0.210,mm,OK,--,8:57:34 PM,8/10/2026,
1867,28.9,gf,0.210,mm,OK,--,8:57:34 PM,8/10/2026,
1868,28.7,gf,0.210,mm,OK,--,8:57:34 PM,8/10/2026,
1869,28.7,gf,0.210,mm,OK,--,8:57:34 PM,8/10/2026,
1870,28.7,gf,0.205,mm,OK,--,8:57:34 PM,8/10/2026,
1871,28.9,gf,0.195,mm,OK,--,8:57:34 PM,8/10/2026,
1872,29.0,gf,0.190,mm,OK,--,8:57:34 PM,8/10/2026,
1873,28.9,gf,0.185,mm,OK,--,8:57:34 PM,8/10/2026,
1874,28.9,gf,0.180,mm,OK,--,8:57:35 PM,8/10/2026,
1875,28.9,gf,0.175,mm,OK,--,8:57:35 PM,8/10/2026,
1876,28.9,gf,0.175,mm,OK,--,8:57:35 PM,8/10/2026,
1877,28.9,gf,0.170,mm,OK,--,8:57:35 PM,8/10/2026,
1878,29.0,gf,0.160,mm,OK,--,8:57:35 PM,8/10/2026,
1879,29.1,gf,0.160,mm,OK,--,8:57:35 PM,8/10/2026,
1880,29.0,gf,0.160,mm,OK,--,8:57:35 PM,8/10/2026,
1881,28.8,gf,0.155,mm,OK,--,8:57:35 PM,8/10/2026,
1882,28.8,gf,0.155,mm,OK,--,8:57:35 PM,8/10/2026,
1883,28.9,gf,0.155,mm,OK,--,8:57:35 PM,8/10/2026,
1884,28.9,gf,0.155,mm,OK,--,8:57:36 PM,8/10/2026,
1885,28.8,gf,0.155,mm,OK,--,8:57:36 PM,8/10/2026,
1886,28.4,gf,0.150,mm,OK,--,8:57:36 PM,8/10/2026,
1887,28.8,gf,0.145,mm,OK,--,8:57:36 PM,8/10/2026,
1888,29.0,gf,0.140,mm,OK,--,8:57:36 PM,8/10/2026,
1889,29.1,gf,0.135,mm,OK,--,8:57:36 PM,8/10/2026,
1890,29.1,gf,0.135,mm,OK,--,8:57:36 PM,8/10/2026,
1891,29.1,gf,0.130,mm,OK,--,8:57:36 PM,8/10/2026,
1892,29.0,gf,0.130,mm,OK,--,8:57:36 PM,8/10/2026,
1893,28.9,gf,0.125,mm,OK,--,8:57:36 PM,8/10/2026,
1894,29.1,gf,0.120,mm,OK,--,8:57:37 PM,8/10/2026,
1895,29.0,gf,0.115,mm,OK,--,8:57:37 PM,8/10/2026,
1896,29.1,gf,0.115,mm,OK,--,8:57:37 PM,8/10/2026,
1897,29.0,gf,0.110,mm,OK,--,8:57:37 PM,8/10/2026,
1898,29.0,gf,0.105,mm,OK,--,8:57:37 PM,8/10/2026,
1899,28.2,gf,0.100,mm,OK,--,8:57:37 PM,8/10/2026,
1900,24.3,gf,0.090,mm,OK,--,8:57:37 PM,8/10/2026,
1901,22.8,gf,0.085,mm,OK,--,8:57:37 PM,8/10/2026,
1902,21.5,gf,0.080,mm,OK,--,8:57:37 PM,8/10/2026,
1903,19.8,gf,0.080,mm,OK,--,8:57:37 PM,8/10/2026,
1904,19.0,gf,0.075,mm,OK,--,8:57:38 PM,8/10/2026,
1905,18.4,gf,0.070,mm,OK,--,8:57:38 PM,8/10/2026,
1906,15.6,gf,0.060,mm,OK,--,8:57:38 PM,8/10/2026,
1907,7.4,gf,0.050,mm,OK,--,8:57:38 PM,8/10/2026,
1908,3.4,gf,0.045,mm,OK,--,8:57:38 PM,8/10/2026,
1909,0.1,gf,0.035,mm,OK,--,8:57:38 PM,8/10/2026,
1910,0.0,gf,0.025,mm,OK,--,8:57:38 PM,8/10/2026,
1911,0.0,gf,0.015,mm,OK,--,8:57:38 PM,8/10/2026,
1912,0.0,gf,0.005,mm,OK,--,8:57:38 PM,8/10/2026,
1913,0.0,gf,-0.005,mm,OK,--,8:57:38 PM,8/10/2026,
1914,0.0,gf,-0.025,mm,OK,--,8:57:39 PM,8/10/2026,
1915,0.1,gf,-0.040,mm,OK,--,8:57:39 PM,8/10/2026,
1916,0.1,gf,-0.050,mm,OK,--,8:57:39 PM,8/10/2026,
1917,0.0,gf,-0.065,mm,OK,--,8:57:39 PM,8/10/2026,
1918,-0.1,gf,-0.065,mm,OK,--,8:57:39 PM,8/10/2026,
1919,0.1,gf,-0.065,mm,OK,--,8:57:39 PM,8/10/2026,
1920,0.1,gf,-0.065,mm,OK,--,8:57:39 PM,8/10/2026,
1921,0.0,gf,-0.065,mm,OK,--,8:57:39 PM,8/10/2026,
1922,0.0,gf,-0.065,mm,OK,--,8:57:39 PM,8/10/2026,
1923,-0.1,gf,-0.055,mm,OK,--,8:57:39 PM,8/10/2026,
1924,-0.1,gf,-0.050,mm,OK,--,8:57:40 PM,8/10/2026,
1925,0.0,gf,-0.045,mm,OK,--,8:57:40 PM,8/10/2026,
1926,-0.1,gf,-0.040,mm,OK,--,8:57:40 PM,8/10/2026,
1927,0.0,gf,-0.035,mm,OK,--,8:57:40 PM,8/10/2026,
1928,0.0,gf,-0.030,mm,OK,--,8:57:40 PM,8/10/2026,
1929,0.2,gf,-0.025,mm,OK,--,8:57:40 PM,8/10/2026,
1930,0.1,gf,-0.020,mm,OK,--,8:57:40 PM,8/10/2026,
1931,0.0,gf,-0.010,mm,OK,--,8:57:40 PM,8/10/2026,
1932,0.0,gf,-0.005,mm,OK,--,8:57:40 PM,8/10/2026,
1933,0.0,gf,0.000,mm,OK,--,8:57:40 PM,8/10/2026,
1934,0.0,gf,0.005,mm,OK,--,8:57:41 PM,8/10/2026,
1935,0.0,gf,0.010,mm,OK,--,8:57:41 PM,8/10/2026,
1936,0.0,gf,0.015,mm,OK,--,8:57:41 PM,8/10/2026,
1937,0.1,gf,0.025,mm,OK,--,8:57:41 PM,8/10/2026,
