Maximum,218.2,@,No.1005,,,,,,
Minimum,-0.1,@,No.12,,,,,,
Average,53.47,,,,,,,,
Data Quantity,1936,,,,,,,,
Number of NG,27,,,,,,,,
No.,Force,Unit,Displacement,Unit,Judge,Position,Time,Date,
1,0.1,gf,0.000,mm,OK,--,9:36:31 PM,7/10/2026,
2,0.1,gf,0.000,mm,OK,--,9:36:31 PM,7/10/2026,
3,0.0,gf,0.000,mm,OK,--,9:36:31 PM,7/10/2026,
4,0.0,gf,0.000,mm,OK,--,9:36:31 PM,7/10/2026,
5,0.0,gf,0.005,mm,OK,--,9:36:31 PM,7/10/2026,
6,0.0,gf,0.005,mm,OK,--,9:36:31 PM,7/10/2026,
7,0.0,gf,0.005,mm,OK,--,9:36:31 PM,7/10/2026,
8,0.0,gf,0.010,mm,OK,--,9:36:31 PM,7/10/2026,
9,0.0,gf,0.025,mm,OK,--,9:36:31 PM,7/10/2026,
10,0.0,gf,0.045,mm,OK,--,9:36:31 PM,7/10/2026,
11,0.0,gf,0.055,mm,OK,--,9:36:32 PM,7/10/2026,
12,-0.1,gf,0.055,mm,OK,--,9:36:32 PM,7/10/2026,
13,0.0,gf,0.060,mm,OK,--,9:36:32 PM,7/10/2026,
14,0.0,gf,0.060,mm,OK,--,9:36:32 PM,7/10/2026,
15,0.0,gf,0.060,mm,OK,--,9:36:32 PM,7/10/2026,
16,0.0,gf,0.060,mm,OK,--,9:36:32 PM,7/10/2026,
17,0.0,gf,0.065,mm,OK,--,9:36:32 PM,7/10/2026,
18,0.0,gf,0.070,mm,OK,--,9:36:32 PM,7/10/2026,
19,0.0,gf,0.075,mm,OK,--,9:36:32 PM,7/10/2026,
20,0.0,gf,0.080,mm,OK,--,9:36:32 PM,7/10/2026,
21,0.1,gf,0.085,mm,OK,--,9:36:33 PM,7/10/2026,
22,0.0,gf,0.085,mm,OK,--,9:36:33 PM,7/10/2026,
23,0.0,gf,0.090,mm,OK,--,9:36:33 PM,7/10/2026,
24,0.0,gf,0.095,mm,OK,--,9:36:33 PM,7/10/2026,
25,0.0,gf,0.095,mm,OK,--,9:36:33 PM,7/10/2026,
26,0.0,gf,0.095,mm,OK,--,9:36:33 PM,7/10/2026,
27,0.0,gf,0.100,mm,OK,--,9:36:33 PM,7/10/2026,
28,3.8,gf,0.105,mm,OK,--,9:36:33 PM,7/10/2026,
29,6.6,gf,0.110,mm,OK,--,9:36:33 PM,7/10/2026,
30,10.5,gf,0.115,mm,OK,--,9:36:33 PM,7/10/2026,
31,13.3,gf,0.120,mm,OK,--,9:36:34 PM,7/10/2026,
32,14.7,gf,0.120,mm,OK,--,9:36:34 PM,7/10/2026,
33,16.7,gf,0.120,mm,OK,--,9:36:34 PM,7/10/2026,
34,19.1,gf,0.125,mm,OK,--,9:36:34 PM,7/10/2026,
35,20.8,gf,0.125,mm,OK,--,9:36:34 PM,7/10/2026,
36,21.9,gf,0.125,mm,OK,--,9:36:34 PM,7/10/2026,
37,23.0,gf,0.130,mm,OK,--,9:36:34 PM,7/10/2026,
38,24.5,gf,0.130,mm,OK,--,9:36:34 PM,7/10/2026,
39,26.1,gf,0.130,mm,OK,--,9:36:34 PM,7/10/2026,
40,27.4,gf,0.135,mm,OK,--,9:36:34 PM,7/10/2026,
41,28.8,gf,0.135,mm,OK,--,9:36:35 PM,7/10/2026,
42,29.9,gf,0.140,mm,OK,--,9:36:35 PM,7/10/2026,
43,31.4,gf,0.140,mm,OK,--,9:36:35 PM,7/10/2026,
44,32.5,gf,0.145,mm,OK,--,9:36:35 PM,7/10/2026,
45,33.2,gf,0.145,mm,OK,--,9:36:35 PM,7/10/2026,
46,33.6,gf,0.145,mm,OK,--,9:36:35 PM,7/10/2026,
47,34.0,gf,0.150,mm,OK,--,9:36:35 PM,7/10/2026,
48,34.6,gf,0.150,mm,OK,--,9:36:35 PM,7/10/2026,
49,35.1,gf,0.150,mm,OK,--,9:36:35 PM,7/10/2026,
50,35.8,gf,0.155,mm,OK,--,9:36:35 PM,7/10/2026,
51,36.3,gf,0.160,mm,OK,--,9:36:36 PM,7/10/2026,
52,36.3,gf,0.160,mm,OK,--,9:36:36 PM,7/10/2026,
53,35.9,gf,0.165,mm,OK,--,9:36:36 PM,7/10/2026,
54,37.7,gf,0.170,mm,OK,--,9:36:36 PM,7/10/2026,
55,38.1,gf,0.170,mm,OK,--,9:36:36 PM,7/10/2026,
56,38.3,gf,0.175,mm,OK,--,9:36:36 PM,7/10/2026,
57,38.4,gf,0.180,mm,OK,--,9:36:36 PM,7/10/2026,
58,38.5,gf,0.180,mm,OK,--,9:36:36 PM,7/10/2026,
59,38.4,gf,0.185,mm,OK,--,9:36:36 PM,7/10/2026,
60,38.6,gf,0.185,mm,OK,--,9:36:36 PM,7/10/2026,
61,38.7,gf,0.190,mm,OK,--,9:36:37 PM,7/10/2026,
62,38.6,gf,0.195,mm,OK,--,9:36:37 PM,7/10/2026,
63,38.7,gf,0.200,mm,OK,--,9:36:37 PM,7/10/2026,
64,38.7,gf,0.205,mm,OK,--,9:36:37 PM,7/10/2026,
65,38.7,gf,0.210,mm,OK,--,9:36:37 PM,7/10/2026,
66,38.8,gf,0.215,mm,OK,--,9:36:37 PM,7/10/2026,
67,38.7,gf,0.225,mm,OK,--,9:36:37 PM,7/10/2026,
68,38.7,gf,0.230,mm,OK,--,9:36:37 PM,7/10/2026,
69,38.8,gf,0.235,mm,OK,--,9:36:37 PM,7/10/2026,
70,38.8,gf,0.240,mm,OK,--,9:36:37 PM,7/10/2026,
71,38.8,gf,0.245,mm,OK,--,9:36:38 PM,7/10/2026,
72,38.8,gf,0.250,mm,OK,--,9:36:38 PM,7/10/2026,
73,38.8,gf,0.255,mm,OK,--,9:36:38 PM,7/10/2026,
74,38.8,gf,0.260,mm,OK,--,9:36:38 PM,7/10/2026,
75,38.9,gf,0.265,mm,OK,--,9:36:38 PM,7/10/2026,
76,38.9,gf,0.270,mm,OK,--,9:36:38 PM,7/10/2026,
77,38.8,gf,0.270,mm,OK,--,9:36:38 PM,7/10/2026,
78,38.8,gf,0.275,mm,OK,--,9:36:38 PM,7/10/2026,
79,38.9,gf,0.275,mm,OK,--,9:36:38 PM,7/10/2026,
80,38.8,gf,0.285,mm,OK,--,9:36:38 PM,7/10/2026,
81,38.9,gf,0.290,mm,OK,--,9:36:39 PM,7/10/2026,
82,38.8,gf,0.295,mm,OK,--,9:36:39 PM,7/10/2026,
83,38.9,gf,0.300,mm,OK,--,9:36:39 PM,7/10/2026,
84,38.9,gf,0.305,mm,OK,--,9:36:39 PM,7/10/2026,
85,38.9,gf,0.310,mm,OK,--,9:36:39 PM,7/10/2026,
86,38.9,gf,0.315,mm,OK,--,9:36:39 PM,7/10/2026,
87,39.0,gf,0.320,mm,OK,--,9:36:39 PM,7/10/2026,
88,38.8,gf,0.325,mm,OK,--,9:36:39 PM,7/10/2026,
89,38.8,gf,0.330,mm,OK,--,9:36:39 PM,7/10/2026,
90,38.9,gf,0.335,mm,OK,--,9:36:39 PM,7/10/2026,
91,39.0,gf,0.340,mm,OK,--,9:36:40 PM,7/10/2026,
92,39.1,gf,0.340,mm,OK,--,9:36:40 PM,7/10/2026,
93,39.1,gf,0.345,mm,OK,--,9:36:40 PM,7/10/2026,
94,39.0,gf,0.350,mm,OK,--,9:36:40 PM,7/10/2026,
95,39.1,gf,0.350,mm,OK,--,9:36:40 PM,7/10/2026,
96,39.1,gf,0.355,mm,OK,--,9:36:40 PM,7/10/2026,
97,39.0,gf,0.360,mm,OK,--,9:36:40 PM,7/10/2026,
98,39.0,gf,0.360,mm,OK,--,9:36:40 PM,7/10/2026,
99,39.0,gf,0.365,mm,OK,--,9:36:40 PM,7/10/2026,
100,39.0,gf,0.365,mm,OK,--,9:36:40 PM,7/10/2026,
101,39.1,gf,0.370,mm,OK,--,9:36:41 PM,7/10/2026,
102,39.1,gf,0.370,mm,OK,--,9:36:41 PM,7/10/2026,
103,39.1,gf,0.375,mm,OK,--,9:36:41 PM,7/10/2026,
104,39.1,gf,0.380,mm,OK,--,9:36:41 PM,7/10/2026,
105,39.2,gf,0.380,mm,OK,--,9:36:41 PM,7/10/2026,
106,39.2,gf,0.385,mm,OK,--,9:36:41 PM,7/10/2026,
107,39.3,gf,0.390,mm,OK,--,9:36:41 PM,7/10/2026,
108,39.3,gf,0.390,mm,OK,--,9:36:41 PM,7/10/2026,
109,39.4,gf,0.395,mm,OK,--,9:36:41 PM,7/10/2026,
110,39.4,gf,0.400,mm,OK,--,9:36:41 PM,7/10/2026,
111,39.4,gf,0.405,mm,OK,--,9:36:42 PM,7/10/2026,
112,39.4,gf,0.405,mm,OK,--,9:36:42 PM,7/10/2026,
113,39.4,gf,0.410,mm,OK,--,9:36:42 PM,7/10/2026,
114,39.5,gf,0.410,mm,OK,--,9:36:42 PM,7/10/2026,
115,39.6,gf,0.410,mm,OK,--,9:36:42 PM,7/10/2026,
116,39.5,gf,0.410,mm,OK,--,9:36:42 PM,7/10/2026,
117,39.5,gf,0.415,mm,OK,--,9:36:42 PM,7/10/2026,
118,39.5,gf,0.415,mm,OK,--,9:36:42 PM,7/10/2026,
119,39.6,gf,0.415,mm,OK,--,9:36:42 PM,7/10/2026,
120,39.6,gf,0.420,mm,OK,--,9:36:42 PM,7/10/2026,
121,39.5,gf,0.425,mm,OK,--,9:36:43 PM,7/10/2026,
122,39.4,gf,0.430,mm,OK,--,9:36:43 PM,7/10/2026,
123,39.5,gf,0.430,mm,OK,--,9:36:43 PM,7/10/2026,
124,39.6,gf,0.435,mm,OK,--,9:36:43 PM,7/10/2026,
125,39.6,gf,0.435,mm,OK,--,9:36:43 PM,7/10/2026,
126,39.6,gf,0.435,mm,OK,--,9:36:43 PM,7/10/2026,
127,39.7,gf,0.440,mm,OK,--,9:36:43 PM,7/10/2026,
128,39.7,gf,0.445,mm,OK,--,9:36:43 PM,7/10/2026,
129,39.7,gf,0.450,mm,OK,--,9:36:43 PM,7/10/2026,
130,39.8,gf,0.455,mm,OK,--,9:36:43 PM,7/10/2026,
131,39.9,gf,0.460,mm,OK,--,9:36:44 PM,7/10/2026,
132,40.0,gf,0.465,mm,OK,--,9:36:44 PM,7/10/2026,
133,40.0,gf,0.470,mm,OK,--,9:36:44 PM,7/10/2026,
134,39.9,gf,0.475,mm,OK,--,9:36:44 PM,7/10/2026,
135,40.0,gf,0.480,mm,OK,--,9:36:44 PM,7/10/2026,
136,40.0,gf,0.485,mm,OK,--,9:36:44 PM,7/10/2026,
137,40.1,gf,0.485,mm,OK,--,9:36:44 PM,7/10/2026,
138,39.9,gf,0.495,mm,OK,--,9:36:44 PM,7/10/2026,
139,39.7,gf,0.500,mm,OK,--,9:36:44 PM,7/10/2026,
140,39.7,gf,0.510,mm,OK,--,9:36:44 PM,7/10/2026,
141,39.7,gf,0.515,mm,OK,--,9:36:45 PM,7/10/2026,
142,39.8,gf,0.515,mm,OK,--,9:36:45 PM,7/10/2026,
143,39.9,gf,0.520,mm,OK,--,9:36:45 PM,7/10/2026,
144,39.9,gf,0.520,mm,OK,--,9:36:45 PM,7/10/2026,
145,40.1,gf,0.520,mm,OK,--,9:36:45 PM,7/10/2026,
146,40.0,gf,0.520,mm,OK,--,9:36:45 PM,7/10/2026,
147,40.1,gf,0.525,mm,OK,--,9:36:45 PM,7/10/2026,
148,40.1,gf,0.530,mm,OK,--,9:36:45 PM,7/10/2026,
149,40.0,gf,0.530,mm,OK,--,9:36:45 PM,7/10/2026,
150,40.0,gf,0.535,mm,OK,--,9:36:45 PM,7/10/2026,
151,40.1,gf,0.540,mm,OK,--,9:36:46 PM,7/10/2026,
152,40.1,gf,0.540,mm,OK,--,9:36:46 PM,7/10/2026,
153,40.1,gf,0.550,mm,OK,--,9:36:46 PM,7/10/2026,
154,40.0,gf,0.555,mm,OK,--,9:36:46 PM,7/10/2026,
155,40.1,gf,0.565,mm,OK,--,9:36:46 PM,7/10/2026,
156,40.1,gf,0.565,mm,OK,--,9:36:46 PM,7/10/2026,
157,40.2,gf,0.570,mm,OK,--,9:36:46 PM,7/10/2026,
158,40.1,gf,0.575,mm,OK,--,9:36:46 PM,7/10/2026,
159,39.9,gf,0.585,mm,OK,--,9:36:46 PM,7/10/2026,
160,39.8,gf,0.595,mm,OK,--,9:36:46 PM,7/10/2026,
161,40.0,gf,0.600,mm,OK,--,9:36:47 PM,7/10/2026,
162,39.9,gf,0.605,mm,OK,--,9:36:47 PM,7/10/2026,
163,39.9,gf,0.610,mm,OK,--,9:36:47 PM,7/10/2026,
164,39.9,gf,0.615,mm,OK,--,9:36:47 PM,7/10/2026,
165,40.0,gf,0.620,mm,OK,--,9:36:47 PM,7/10/2026,
166,40.1,gf,0.625,mm,OK,--,9:36:47 PM,7/10/2026,
167,40.2,gf,0.630,mm,OK,--,9:36:47 PM,7/10/2026,
168,40.1,gf,0.635,mm,OK,--,9:36:47 PM,7/10/2026,
169,40.1,gf,0.645,mm,OK,--,9:36:47 PM,7/10/2026,
170,40.1,gf,0.655,mm,OK,--,9:36:47 PM,7/10/2026,
171,40.2,gf,0.660,mm,OK,--,9:36:48 PM,7/10/2026,
172,40.3,gf,0.670,mm,OK,--,9:36:48 PM,7/10/2026,
173,40.4,gf,0.675,mm,OK,--,9:36:48 PM,7/10/2026,
174,40.4,gf,0.680,mm,OK,--,9:36:48 PM,7/10/2026,
175,40.5,gf,0.685,mm,OK,--,9:36:48 PM,7/10/2026,
176,40.6,gf,0.695,mm,OK,--,9:36:48 PM,7/10/2026,
177,40.6,gf,0.700,mm,OK,--,9:36:48 PM,7/10/2026,
178,40.7,gf,0.705,mm,OK,--,9:36:48 PM,7/10/2026,
179,40.7,gf,0.710,mm,OK,--,9:36:48 PM,7/10/2026,
180,40.7,gf,0.715,mm,OK,--,9:36:48 PM,7/10/2026,
181,40.8,gf,0.720,mm,OK,--,9:36:49 PM,7/10/2026,
182,40.9,gf,0.720,mm,OK,--,9:36:49 PM,7/10/2026,
183,40.9,gf,0.725,mm,OK,--,9:36:49 PM,7/10/2026,
184,41.0,gf,0.725,mm,OK,--,9:36:49 PM,7/10/2026,
185,41.0,gf,0.730,mm,OK,--,9:36:49 PM,7/10/2026,
186,41.1,gf,0.730,mm,OK,--,9:36:49 PM,7/10/2026,
187,41.1,gf,0.735,mm,OK,--,9:36:49 PM,7/10/2026,
188,41.2,gf,0.735,mm,OK,--,9:36:49 PM,7/10/2026,
189,41.2,gf,0.740,mm,OK,--,9:36:49 PM,7/10/2026,
190,41.2,gf,0.740,mm,OK,--,9:36:49 PM,7/10/2026,
191,41.3,gf,0.740,mm,OK,--,9:36:50 PM,7/10/2026,
192,41.4,gf,0.740,mm,OK,--,9:36:50 PM,7/10/2026,
193,41.4,gf,0.745,mm,OK,--,9:36:50 PM,7/10/2026,
194,41.3,gf,0.745,mm,OK,--,9:36:50 PM,7/10/2026,
195,41.3,gf,0.745,mm,OK,--,9:36:50 PM,7/10/2026,
196,41.3,gf,0.745,mm,OK,--,9:36:50 PM,7/10/2026,
197,41.4,gf,0.750,mm,OK,--,9:36:50 PM,7/10/2026,
198,41.4,gf,0.750,mm,OK,--,9:36:50 PM,7/10/2026,
199,41.4,gf,0.750,mm,OK,--,9:36:50 PM,7/10/2026,
200,41.4,gf,0.750,mm,OK,--,9:36:50 PM,7/10/2026,
201,41.4,gf,0.750,mm,OK,--,9:36:51 PM,7/10/2026,
202,41.6,gf,0.755,mm,OK,--,9:36:51 PM,7/10/2026,
203,41.6,gf,0.755,mm,OK,--,9:36:51 PM,7/10/2026,
204,41.6,gf,0.755,mm,OK,--,9:36:51 PM,7/10/2026,
205,41.6,gf,0.760,mm,OK,--,9:36:51 PM,7/10/2026,
206,41.6,gf,0.760,mm,OK,--,9:36:51 PM,7/10/2026,
207,41.6,gf,0.765,mm,OK,--,9:36:51 PM,7/10/2026,
208,41.4,gf,0.770,mm,OK,--,9:36:51 PM,7/10/2026,
209,41.4,gf,0.775,mm,OK,--,9:36:51 PM,7/10/2026,
210,41.4,gf,0.780,mm,OK,--,9:36:51 PM,7/10/2026,
211,41.5,gf,0.790,mm,OK,--,9:36:52 PM,7/10/2026,
212,41.5,gf,0.795,mm,OK,--,9:36:52 PM,7/10/2026,
213,41.6,gf,0.800,mm,OK,--,9:36:52 PM,7/10/2026,
214,41.7,gf,0.805,mm,OK,--,9:36:52 PM,7/10/2026,
215,41.6,gf,0.810,mm,OK,--,9:36:52 PM,7/10/2026,
216,41.6,gf,0.815,mm,OK,--,9:36:52 PM,7/10/2026,
217,41.5,gf,0.825,mm,OK,--,9:36:52 PM,7/10/2026,
218,41.4,gf,0.835,mm,OK,--,9:36:52 PM,7/10/2026,
219,41.5,gf,0.840,mm,OK,--,9:36:52 PM,7/10/2026,
220,41.6,gf,0.840,mm,OK,--,9:36:52 PM,7/10/2026,
221,41.7,gf,0.845,mm,OK,--,9:36:53 PM,7/10/2026,
222,41.7,gf,0.850,mm,OK,--,9:36:53 PM,7/10/2026,
223,41.7,gf,0.850,mm,OK,--,9:36:53 PM,7/10/2026,
224,41.8,gf,0.855,mm,OK,--,9:36:53 PM,7/10/2026,
225,42.0,gf,0.855,mm,OK,--,9:36:53 PM,7/10/2026,
226,42.1,gf,0.855,mm,OK,--,9:36:53 PM,7/10/2026,
227,42.1,gf,0.855,mm,OK,--,9:36:53 PM,7/10/2026,
228,42.1,gf,0.860,mm,OK,--,9:36:53 PM,7/10/2026,
229,42.3,gf,0.860,mm,OK,--,9:36:53 PM,7/10/2026,
230,42.2,gf,0.860,mm,OK,--,9:36:53 PM,7/10/2026,
231,42.0,gf,0.865,mm,OK,--,9:36:54 PM,7/10/2026,
232,41.9,gf,0.870,mm,OK,--,9:36:54 PM,7/10/2026,
233,42.0,gf,0.870,mm,OK,--,9:36:54 PM,7/10/2026,
234,42.1,gf,0.875,mm,OK,--,9:36:54 PM,7/10/2026,
235,42.2,gf,0.875,mm,OK,--,9:36:54 PM,7/10/2026,
236,42.2,gf,0.875,mm,OK,--,9:36:54 PM,7/10/2026,
237,42.1,gf,0.880,mm,OK,--,9:36:54 PM,7/10/2026,
238,42.2,gf,0.880,mm,OK,--,9:36:54 PM,7/10/2026,
239,42.2,gf,0.885,mm,OK,--,9:36:54 PM,7/10/2026,
240,42.3,gf,0.885,mm,OK,--,9:36:54 PM,7/10/2026,
241,42.3,gf,0.885,mm,OK,--,9:36:55 PM,7/10/2026,
242,42.3,gf,0.890,mm,OK,--,9:36:55 PM,7/10/2026,
243,42.4,gf,0.890,mm,OK,--,9:36:55 PM,7/10/2026,
244,42.4,gf,0.895,mm,OK,--,9:36:55 PM,7/10/2026,
245,42.2,gf,0.895,mm,OK,--,9:36:55 PM,7/10/2026,
246,42.2,gf,0.900,mm,OK,--,9:36:55 PM,7/10/2026,
247,42.3,gf,0.900,mm,OK,--,9:36:55 PM,7/10/2026,
248,42.2,gf,0.905,mm,OK,--,9:36:55 PM,7/10/2026,
249,42.3,gf,0.905,mm,OK,--,9:36:55 PM,7/10/2026,
250,42.1,gf,0.910,mm,OK,--,9:36:55 PM,7/10/2026,
251,42.1,gf,0.915,mm,OK,--,9:36:56 PM,7/10/2026,
252,42.1,gf,0.915,mm,OK,--,9:36:56 PM,7/10/2026,
253,42.1,gf,0.920,mm,OK,--,9:36:56 PM,7/10/2026,
254,42.0,gf,0.925,mm,OK,--,9:36:56 PM,7/10/2026,
255,42.2,gf,0.930,mm,OK,--,9:36:56 PM,7/10/2026,
256,42.2,gf,0.935,mm,OK,--,9:36:56 PM,7/10/2026,
257,42.2,gf,0.940,mm,OK,--,9:36:56 PM,7/10/2026,
258,42.3,gf,0.945,mm,OK,--,9:36:56 PM,7/10/2026,
259,42.3,gf,0.950,mm,OK,--,9:36:56 PM,7/10/2026,
260,42.1,gf,0.955,mm,OK,--,9:36:56 PM,7/10/2026,
261,42.2,gf,0.960,mm,OK,--,9:36:57 PM,7/10/2026,
262,42.1,gf,0.970,mm,OK,--,9:36:57 PM,7/10/2026,
263,42.2,gf,0.975,mm,OK,--,9:36:57 PM,7/10/2026,
264,42.3,gf,0.985,mm,OK,--,9:36:57 PM,7/10/2026,
265,42.3,gf,0.990,mm,OK,--,9:36:57 PM,7/10/2026,
266,42.3,gf,0.995,mm,OK,--,9:36:57 PM,7/10/2026,
267,42.5,gf,1.000,mm,OK,--,9:36:57 PM,7/10/2026,
268,42.4,gf,1.010,mm,OK,--,9:36:57 PM,7/10/2026,
269,42.5,gf,1.015,mm,OK,--,9:36:57 PM,7/10/2026,
270,42.5,gf,1.020,mm,OK,--,9:36:57 PM,7/10/2026,
271,42.5,gf,1.025,mm,OK,--,9:36:58 PM,7/10/2026,
272,42.5,gf,1.030,mm,OK,--,9:36:58 PM,7/10/2026,
273,42.4,gf,1.035,mm,OK,--,9:36:58 PM,7/10/2026,
274,42.6,gf,1.035,mm,OK,--,9:36:58 PM,7/10/2026,
275,42.7,gf,1.040,mm,OK,--,9:36:58 PM,7/10/2026,
276,42.7,gf,1.045,mm,OK,--,9:36:58 PM,7/10/2026,
277,42.6,gf,1.050,mm,OK,--,9:36:58 PM,7/10/2026,
278,42.5,gf,1.055,mm,OK,--,9:36:58 PM,7/10/2026,
279,42.5,gf,1.065,mm,OK,--,9:36:58 PM,7/10/2026,
280,42.5,gf,1.070,mm,OK,--,9:36:58 PM,7/10/2026,
281,42.5,gf,1.080,mm,OK,--,9:36:59 PM,7/10/2026,
282,42.6,gf,1.090,mm,OK,--,9:36:59 PM,7/10/2026,
283,42.6,gf,1.100,mm,OK,--,9:36:59 PM,7/10/2026,
284,42.7,gf,1.105,mm,OK,--,9:36:59 PM,7/10/2026,
285,42.8,gf,1.115,mm,OK,--,9:36:59 PM,7/10/2026,
286,42.7,gf,1.125,mm,OK,--,9:36:59 PM,7/10/2026,
287,42.7,gf,1.135,mm,OK,--,9:36:59 PM,7/10/2026,
288,42.7,gf,1.140,mm,OK,--,9:36:59 PM,7/10/2026,
289,42.7,gf,1.150,mm,OK,--,9:36:59 PM,7/10/2026,
290,42.8,gf,1.160,mm,OK,--,9:36:59 PM,7/10/2026,
291,43.0,gf,1.170,mm,OK,--,9:37:00 PM,7/10/2026,
292,43.0,gf,1.180,mm,OK,--,9:37:00 PM,7/10/2026,
293,43.2,gf,1.185,mm,OK,--,9:37:00 PM,7/10/2026,
294,43.3,gf,1.190,mm,OK,--,9:37:00 PM,7/10/2026,
295,43.4,gf,1.195,mm,OK,--,9:37:00 PM,7/10/2026,
296,43.5,gf,1.200,mm,OK,--,9:37:00 PM,7/10/2026,
297,43.5,gf,1.200,mm,OK,--,9:37:00 PM,7/10/2026,
298,43.6,gf,1.205,mm,OK,--,9:37:00 PM,7/10/2026,
299,43.6,gf,1.205,mm,OK,--,9:37:00 PM,7/10/2026,
300,43.6,gf,1.210,mm,OK,--,9:37:00 PM,7/10/2026,
301,43.6,gf,1.210,mm,OK,--,9:37:01 PM,7/10/2026,
302,43.5,gf,1.215,mm,OK,--,9:37:01 PM,7/10/2026,
303,43.6,gf,1.215,mm,OK,--,9:37:01 PM,7/10/2026,
304,43.6,gf,1.220,mm,OK,--,9:37:01 PM,7/10/2026,
305,43.8,gf,1.220,mm,OK,--,9:37:01 PM,7/10/2026,
306,43.8,gf,1.220,mm,OK,--,9:37:01 PM,7/10/2026,
307,43.9,gf,1.220,mm,OK,--,9:37:01 PM,7/10/2026,
308,44.0,gf,1.220,mm,OK,--,9:37:01 PM,7/10/2026,
309,44.0,gf,1.220,mm,OK,--,9:37:01 PM,7/10/2026,
310,44.2,gf,1.220,mm,OK,--,9:37:01 PM,7/10/2026,
311,44.2,gf,1.220,mm,OK,--,9:37:02 PM,7/10/2026,
312,43.9,gf,1.225,mm,OK,--,9:37:02 PM,7/10/2026,
313,43.7,gf,1.225,mm,OK,--,9:37:02 PM,7/10/2026,
314,43.7,gf,1.230,mm,OK,--,9:37:02 PM,7/10/2026,
315,43.4,gf,1.230,mm,OK,--,9:37:02 PM,7/10/2026,
316,43.4,gf,1.235,mm,OK,--,9:37:02 PM,7/10/2026,
317,43.5,gf,1.235,mm,OK,--,9:37:02 PM,7/10/2026,
318,43.5,gf,1.240,mm,OK,--,9:37:02 PM,7/10/2026,
319,43.6,gf,1.240,mm,OK,--,9:37:02 PM,7/10/2026,
320,43.6,gf,1.240,mm,OK,--,9:37:02 PM,7/10/2026,
321,43.7,gf,1.245,mm,OK,--,9:37:03 PM,7/10/2026,
322,43.8,gf,1.245,mm,OK,--,9:37:03 PM,7/10/2026,
323,43.7,gf,1.245,mm,OK,--,9:37:03 PM,7/10/2026,
324,43.6,gf,1.250,mm,OK,--,9:37:03 PM,7/10/2026,
325,43.6,gf,1.250,mm,OK,--,9:37:03 PM,7/10/2026,
326,43.5,gf,1.255,mm,OK,--,9:37:03 PM,7/10/2026,
327,43.6,gf,1.255,mm,OK,--,9:37:03 PM,7/10/2026,
328,43.6,gf,1.260,mm,OK,--,9:37:03 PM,7/10/2026,
329,43.5,gf,1.265,mm,OK,--,9:37:03 PM,7/10/2026,
330,43.4,gf,1.270,mm,OK,--,9:37:03 PM,7/10/2026,
331,43.4,gf,1.275,mm,OK,--,9:37:04 PM,7/10/2026,
332,43.5,gf,1.280,mm,OK,--,9:37:04 PM,7/10/2026,
333,43.6,gf,1.285,mm,OK,--,9:37:04 PM,7/10/2026,
334,43.6,gf,1.290,mm,OK,--,9:37:04 PM,7/10/2026,
335,43.6,gf,1.295,mm,OK,--,9:37:04 PM,7/10/2026,
336,43.5,gf,1.300,mm,OK,--,9:37:04 PM,7/10/2026,
337,43.7,gf,1.305,mm,OK,--,9:37:04 PM,7/10/2026,
338,43.7,gf,1.310,mm,OK,--,9:37:04 PM,7/10/2026,
339,43.8,gf,1.315,mm,OK,--,9:37:04 PM,7/10/2026,
340,43.8,gf,1.320,mm,OK,--,9:37:04 PM,7/10/2026,
341,43.8,gf,1.330,mm,OK,--,9:37:05 PM,7/10/2026,
342,43.9,gf,1.335,mm,OK,--,9:37:05 PM,7/10/2026,
343,43.8,gf,1.340,mm,OK,--,9:37:05 PM,7/10/2026,
344,43.9,gf,1.345,mm,OK,--,9:37:05 PM,7/10/2026,
345,43.9,gf,1.355,mm,OK,--,9:37:05 PM,7/10/2026,
346,43.8,gf,1.365,mm,OK,--,9:37:05 PM,7/10/2026,
347,43.8,gf,1.375,mm,OK,--,9:37:05 PM,7/10/2026,
348,43.8,gf,1.385,mm,OK,--,9:37:05 PM,7/10/2026,
349,43.9,gf,1.390,mm,OK,--,9:37:05 PM,7/10/2026,
350,44.1,gf,1.395,mm,OK,--,9:37:05 PM,7/10/2026,
351,44.2,gf,1.395,mm,OK,--,9:37:06 PM,7/10/2026,
352,44.4,gf,1.400,mm,OK,--,9:37:06 PM,7/10/2026,
353,44.4,gf,1.400,mm,OK,--,9:37:06 PM,7/10/2026,
354,44.4,gf,1.400,mm,OK,--,9:37:06 PM,7/10/2026,
355,44.3,gf,1.405,mm,OK,--,9:37:06 PM,7/10/2026,
356,44.4,gf,1.410,mm,OK,--,9:37:06 PM,7/10/2026,
357,44.5,gf,1.415,mm,OK,--,9:37:06 PM,7/10/2026,
358,44.5,gf,1.415,mm,OK,--,9:37:06 PM,7/10/2026,
359,44.6,gf,1.420,mm,OK,--,9:37:06 PM,7/10/2026,
360,44.5,gf,1.420,mm,OK,--,9:37:06 PM,7/10/2026,
361,44.6,gf,1.425,mm,OK,--,9:37:07 PM,7/10/2026,
362,44.6,gf,1.430,mm,OK,--,9:37:07 PM,7/10/2026,
363,44.6,gf,1.430,mm,OK,--,9:37:07 PM,7/10/2026,
364,44.6,gf,1.435,mm,OK,--,9:37:07 PM,7/10/2026,
365,44.7,gf,1.440,mm,OK,--,9:37:07 PM,7/10/2026,
366,44.9,gf,1.440,mm,OK,--,9:37:07 PM,7/10/2026,
367,44.9,gf,1.440,mm,OK,--,9:37:07 PM,7/10/2026,
368,44.9,gf,1.445,mm,OK,--,9:37:07 PM,7/10/2026,
369,44.8,gf,1.450,mm,OK,--,9:37:07 PM,7/10/2026,
370,44.9,gf,1.450,mm,OK,--,9:37:07 PM,7/10/2026,
371,45.1,gf,1.455,mm,OK,--,9:37:08 PM,7/10/2026,
372,45.0,gf,1.455,mm,OK,--,9:37:08 PM,7/10/2026,
373,44.9,gf,1.460,mm,OK,--,9:37:08 PM,7/10/2026,
374,44.9,gf,1.465,mm,OK,--,9:37:08 PM,7/10/2026,
375,44.9,gf,1.465,mm,OK,--,9:37:08 PM,7/10/2026,
376,45.0,gf,1.470,mm,OK,--,9:37:08 PM,7/10/2026,
377,45.0,gf,1.475,mm,OK,--,9:37:08 PM,7/10/2026,
378,45.0,gf,1.475,mm,OK,--,9:37:08 PM,7/10/2026,
379,45.2,gf,1.475,mm,OK,--,9:37:08 PM,7/10/2026,
380,45.2,gf,1.480,mm,OK,--,9:37:08 PM,7/10/2026,
381,45.1,gf,1.480,mm,OK,--,9:37:09 PM,7/10/2026,
382,45.1,gf,1.485,mm,OK,--,9:37:09 PM,7/10/2026,
383,45.1,gf,1.485,mm,OK,--,9:37:09 PM,7/10/2026,
384,45.0,gf,1.485,mm,OK,--,9:37:09 PM,7/10/2026,
385,45.1,gf,1.490,mm,OK,--,9:37:09 PM,7/10/2026,
386,45.2,gf,1.490,mm,OK,--,9:37:09 PM,7/10/2026,
387,45.2,gf,1.490,mm,OK,--,9:37:09 PM,7/10/2026,
388,45.2,gf,1.490,mm,OK,--,9:37:09 PM,7/10/2026,
389,45.2,gf,1.495,mm,OK,--,9:37:09 PM,7/10/2026,
390,45.2,gf,1.495,mm,OK,--,9:37:09 PM,7/10/2026,
391,45.3,gf,1.495,mm,OK,--,9:37:10 PM,7/10/2026,
392,45.2,gf,1.500,mm,OK,--,9:37:10 PM,7/10/2026,
393,45.1,gf,1.500,mm,OK,--,9:37:10 PM,7/10/2026,
394,45.0,gf,1.505,mm,OK,--,9:37:10 PM,7/10/2026,
395,45.0,gf,1.505,mm,OK,--,9:37:10 PM,7/10/2026,
396,45.1,gf,1.510,mm,OK,--,9:37:10 PM,7/10/2026,
397,45.0,gf,1.515,mm,OK,--,9:37:10 PM,7/10/2026,
398,45.0,gf,1.515,mm,OK,--,9:37:10 PM,7/10/2026,
399,45.1,gf,1.520,mm,OK,--,9:37:10 PM,7/10/2026,
400,45.1,gf,1.525,mm,OK,--,9:37:10 PM,7/10/2026,
401,45.1,gf,1.525,mm,OK,--,9:37:11 PM,7/10/2026,
402,45.2,gf,1.530,mm,OK,--,9:37:11 PM,7/10/2026,
403,45.3,gf,1.530,mm,OK,--,9:37:11 PM,7/10/2026,
404,45.3,gf,1.535,mm,OK,--,9:37:11 PM,7/10/2026,
405,45.2,gf,1.535,mm,OK,--,9:37:11 PM,7/10/2026,
406,45.3,gf,1.540,mm,OK,--,9:37:11 PM,7/10/2026,
407,45.3,gf,1.540,mm,OK,--,9:37:11 PM,7/10/2026,
408,45.3,gf,1.545,mm,OK,--,9:37:11 PM,7/10/2026,
409,45.4,gf,1.545,mm,OK,--,9:37:11 PM,7/10/2026,
410,45.3,gf,1.550,mm,OK,--,9:37:11 PM,7/10/2026,
411,45.3,gf,1.555,mm,OK,--,9:37:12 PM,7/10/2026,
412,45.0,gf,1.555,mm,OK,--,9:37:12 PM,7/10/2026,
413,45.4,gf,1.555,mm,OK,--,9:37:12 PM,7/10/2026,
414,45.5,gf,1.555,mm,OK,--,9:37:12 PM,7/10/2026,
415,45.5,gf,1.560,mm,OK,--,9:37:12 PM,7/10/2026,
416,45.4,gf,1.560,mm,OK,--,9:37:12 PM,7/10/2026,
417,45.4,gf,1.565,mm,OK,--,9:37:12 PM,7/10/2026,
418,45.3,gf,1.570,mm,OK,--,9:37:12 PM,7/10/2026,
419,45.5,gf,1.570,mm,OK,--,9:37:12 PM,7/10/2026,
420,45.4,gf,1.575,mm,OK,--,9:37:12 PM,7/10/2026,
421,45.2,gf,1.580,mm,OK,--,9:37:13 PM,7/10/2026,
422,45.1,gf,1.590,mm,OK,--,9:37:13 PM,7/10/2026,
423,45.2,gf,1.600,mm,OK,--,9:37:13 PM,7/10/2026,
424,45.2,gf,1.610,mm,OK,--,9:37:13 PM,7/10/2026,
425,45.2,gf,1.620,mm,OK,--,9:37:13 PM,7/10/2026,
426,45.3,gf,1.625,mm,OK,--,9:37:13 PM,7/10/2026,
427,45.4,gf,1.635,mm,OK,--,9:37:13 PM,7/10/2026,
428,45.5,gf,1.645,mm,OK,--,9:37:13 PM,7/10/2026,
429,45.7,gf,1.655,mm,OK,--,9:37:13 PM,7/10/2026,
430,45.6,gf,1.660,mm,OK,--,9:37:13 PM,7/10/2026,
431,45.6,gf,1.675,mm,OK,--,9:37:14 PM,7/10/2026,
432,45.6,gf,1.685,mm,OK,--,9:37:14 PM,7/10/2026,
433,45.8,gf,1.695,mm,OK,--,9:37:14 PM,7/10/2026,
434,46.0,gf,1.700,mm,OK,--,9:37:14 PM,7/10/2026,
435,46.0,gf,1.705,mm,OK,--,9:37:14 PM,7/10/2026,
436,46.0,gf,1.715,mm,OK,--,9:37:14 PM,7/10/2026,
437,46.2,gf,1.715,mm,OK,--,9:37:14 PM,7/10/2026,
438,46.3,gf,1.720,mm,OK,--,9:37:14 PM,7/10/2026,
439,46.3,gf,1.725,mm,OK,--,9:37:14 PM,7/10/2026,
440,46.3,gf,1.725,mm,OK,--,9:37:14 PM,7/10/2026,
441,46.5,gf,1.730,mm,OK,--,9:37:15 PM,7/10/2026,
442,46.4,gf,1.730,mm,OK,--,9:37:15 PM,7/10/2026,
443,46.3,gf,1.735,mm,OK,--,9:37:15 PM,7/10/2026,
444,46.5,gf,1.740,mm,OK,--,9:37:15 PM,7/10/2026,
445,46.7,gf,1.740,mm,OK,--,9:37:15 PM,7/10/2026,
446,46.8,gf,1.740,mm,OK,--,9:37:15 PM,7/10/2026,
447,46.9,gf,1.745,mm,OK,--,9:37:15 PM,7/10/2026,
448,46.8,gf,1.745,mm,OK,--,9:37:15 PM,7/10/2026,
449,47.0,gf,1.745,mm,OK,--,9:37:15 PM,7/10/2026,
450,47.1,gf,1.745,mm,OK,--,9:37:15 PM,7/10/2026,
451,47.1,gf,1.745,mm,OK,--,9:37:16 PM,7/10/2026,
452,47.0,gf,1.745,mm,OK,--,9:37:16 PM,7/10/2026,
453,47.1,gf,1.750,mm,OK,--,9:37:16 PM,7/10/2026,
454,47.2,gf,1.750,mm,OK,--,9:37:16 PM,7/10/2026,
455,47.5,gf,1.750,mm,OK,--,9:37:16 PM,7/10/2026,
456,46.8,gf,1.750,mm,OK,--,9:37:16 PM,7/10/2026,
457,46.9,gf,1.750,mm,OK,--,9:37:16 PM,7/10/2026,
458,47.1,gf,1.750,mm,OK,--,9:37:16 PM,7/10/2026,
459,47.2,gf,1.750,mm,OK,--,9:37:16 PM,7/10/2026,
460,47.2,gf,1.755,mm,OK,--,9:37:16 PM,7/10/2026,
461,47.2,gf,1.755,mm,OK,--,9:37:17 PM,7/10/2026,
462,47.2,gf,1.755,mm,OK,--,9:37:17 PM,7/10/2026,
463,46.9,gf,1.755,mm,OK,--,9:37:17 PM,7/10/2026,
464,46.8,gf,1.755,mm,OK,--,9:37:17 PM,7/10/2026,
465,46.7,gf,1.760,mm,OK,--,9:37:17 PM,7/10/2026,
466,46.7,gf,1.760,mm,OK,--,9:37:17 PM,7/10/2026,
467,46.8,gf,1.760,mm,OK,--,9:37:17 PM,7/10/2026,
468,46.9,gf,1.765,mm,OK,--,9:37:17 PM,7/10/2026,
469,46.9,gf,1.765,mm,OK,--,9:37:17 PM,7/10/2026,
470,46.8,gf,1.765,mm,OK,--,9:37:17 PM,7/10/2026,
471,46.8,gf,1.770,mm,OK,--,9:37:18 PM,7/10/2026,
472,46.7,gf,1.770,mm,OK,--,9:37:18 PM,7/10/2026,
473,46.8,gf,1.770,mm,OK,--,9:37:18 PM,7/10/2026,
474,46.8,gf,1.775,mm,OK,--,9:37:18 PM,7/10/2026,
475,46.9,gf,1.775,mm,OK,--,9:37:18 PM,7/10/2026,
476,46.7,gf,1.775,mm,OK,--,9:37:18 PM,7/10/2026,
477,47.0,gf,1.775,mm,OK,--,9:37:18 PM,7/10/2026,
478,47.3,gf,1.775,mm,OK,--,9:37:18 PM,7/10/2026,
479,46.8,gf,1.775,mm,OK,--,9:37:18 PM,7/10/2026,
480,46.7,gf,1.780,mm,OK,--,9:37:18 PM,7/10/2026,
481,46.8,gf,1.780,mm,OK,--,9:37:19 PM,7/10/2026,
482,46.6,gf,1.785,mm,OK,--,9:37:19 PM,7/10/2026,
483,46.5,gf,1.785,mm,OK,--,9:37:19 PM,7/10/2026,
484,46.5,gf,1.790,mm,OK,--,9:37:19 PM,7/10/2026,
485,46.5,gf,1.790,mm,OK,--,9:37:19 PM,7/10/2026,
486,46.5,gf,1.795,mm,OK,--,9:37:19 PM,7/10/2026,
487,46.6,gf,1.800,mm,OK,--,9:37:19 PM,7/10/2026,
488,46.7,gf,1.800,mm,OK,--,9:37:19 PM,7/10/2026,
489,46.5,gf,1.805,mm,OK,--,9:37:19 PM,7/10/2026,
490,46.3,gf,1.810,mm,OK,--,9:37:19 PM,7/10/2026,
491,46.3,gf,1.815,mm,OK,--,9:37:20 PM,7/10/2026,
492,46.5,gf,1.820,mm,OK,--,9:37:20 PM,7/10/2026,
493,46.4,gf,1.830,mm,OK,--,9:37:20 PM,7/10/2026,
494,46.6,gf,1.830,mm,OK,--,9:37:20 PM,7/10/2026,
495,46.8,gf,1.835,mm,OK,--,9:37:20 PM,7/10/2026,
496,46.7,gf,1.835,mm,OK,--,9:37:20 PM,7/10/2026,
497,46.8,gf,1.840,mm,OK,--,9:37:20 PM,7/10/2026,
498,46.9,gf,1.840,mm,OK,--,9:37:20 PM,7/10/2026,
499,46.8,gf,1.845,mm,OK,--,9:37:20 PM,7/10/2026,
500,46.6,gf,1.850,mm,OK,--,9:37:20 PM,7/10/2026,
501,46.4,gf,1.855,mm,OK,--,9:37:21 PM,7/10/2026,
502,46.3,gf,1.865,mm,OK,--,9:37:21 PM,7/10/2026,
503,46.3,gf,1.880,mm,OK,--,9:37:21 PM,7/10/2026,
504,46.4,gf,1.890,mm,OK,--,9:37:21 PM,7/10/2026,
505,46.4,gf,1.900,mm,OK,--,9:37:21 PM,7/10/2026,
506,46.5,gf,1.910,mm,OK,--,9:37:21 PM,7/10/2026,
507,46.6,gf,1.920,mm,OK,--,9:37:21 PM,7/10/2026,
508,46.6,gf,1.930,mm,OK,--,9:37:21 PM,7/10/2026,
509,46.7,gf,1.940,mm,OK,--,9:37:21 PM,7/10/2026,
510,46.8,gf,1.945,mm,OK,--,9:37:21 PM,7/10/2026,
511,46.9,gf,1.950,mm,OK,--,9:37:22 PM,7/10/2026,
512,47.0,gf,1.955,mm,OK,--,9:37:22 PM,7/10/2026,
513,47.2,gf,1.960,mm,OK,--,9:37:22 PM,7/10/2026,
514,47.0,gf,1.965,mm,OK,--,9:37:22 PM,7/10/2026,
515,47.1,gf,1.970,mm,OK,--,9:37:22 PM,7/10/2026,
516,47.3,gf,1.970,mm,OK,--,9:37:22 PM,7/10/2026,
517,47.4,gf,1.975,mm,OK,--,9:37:22 PM,7/10/2026,
518,47.6,gf,1.975,mm,OK,--,9:37:22 PM,7/10/2026,
519,47.4,gf,1.980,mm,OK,--,9:37:22 PM,7/10/2026,
520,47.5,gf,1.980,mm,OK,--,9:37:22 PM,7/10/2026,
521,47.5,gf,1.985,mm,OK,--,9:37:23 PM,7/10/2026,
522,47.3,gf,1.985,mm,OK,--,9:37:23 PM,7/10/2026,
523,47.5,gf,1.990,mm,OK,--,9:37:23 PM,7/10/2026,
524,47.4,gf,1.990,mm,OK,--,9:37:23 PM,7/10/2026,
525,47.7,gf,1.995,mm,OK,--,9:37:23 PM,7/10/2026,
526,47.5,gf,1.995,mm,OK,--,9:37:23 PM,7/10/2026,
527,47.3,gf,1.995,mm,OK,--,9:37:23 PM,7/10/2026,
528,47.6,gf,1.995,mm,OK,--,9:37:23 PM,7/10/2026,
529,47.4,gf,2.000,mm,OK,--,9:37:23 PM,7/10/2026,
530,47.2,gf,2.005,mm,OK,--,9:37:23 PM,7/10/2026,
531,47.1,gf,2.010,mm,OK,--,9:37:24 PM,7/10/2026,
532,47.1,gf,2.015,mm,OK,--,9:37:24 PM,7/10/2026,
533,47.2,gf,2.015,mm,OK,--,9:37:24 PM,7/10/2026,
534,47.6,gf,2.020,mm,OK,--,9:37:24 PM,7/10/2026,
535,47.7,gf,2.020,mm,OK,--,9:37:24 PM,7/10/2026,
536,47.9,gf,2.020,mm,OK,--,9:37:24 PM,7/10/2026,
537,47.4,gf,2.020,mm,OK,--,9:37:24 PM,7/10/2026,
538,47.3,gf,2.025,mm,OK,--,9:37:24 PM,7/10/2026,
539,47.1,gf,2.030,mm,OK,--,9:37:24 PM,7/10/2026,
540,47.0,gf,2.035,mm,OK,--,9:37:24 PM,7/10/2026,
541,47.1,gf,2.040,mm,OK,--,9:37:25 PM,7/10/2026,
542,47.1,gf,2.045,mm,OK,--,9:37:25 PM,7/10/2026,
543,47.0,gf,2.050,mm,OK,--,9:37:25 PM,7/10/2026,
544,46.9,gf,2.060,mm,OK,--,9:37:25 PM,7/10/2026,
545,46.9,gf,2.070,mm,OK,--,9:37:25 PM,7/10/2026,
546,47.2,gf,2.075,mm,OK,--,9:37:25 PM,7/10/2026,
547,47.4,gf,2.080,mm,OK,--,9:37:25 PM,7/10/2026,
548,47.4,gf,2.080,mm,OK,--,9:37:25 PM,7/10/2026,
549,47.3,gf,2.085,mm,OK,--,9:37:25 PM,7/10/2026,
550,47.3,gf,2.090,mm,OK,--,9:37:25 PM,7/10/2026,
551,47.3,gf,2.095,mm,OK,--,9:37:26 PM,7/10/2026,
552,47.2,gf,2.100,mm,OK,--,9:37:26 PM,7/10/2026,
553,47.2,gf,2.110,mm,OK,--,9:37:26 PM,7/10/2026,
554,47.2,gf,2.115,mm,OK,--,9:37:26 PM,7/10/2026,
555,47.0,gf,2.120,mm,OK,--,9:37:26 PM,7/10/2026,
556,46.8,gf,2.125,mm,OK,--,9:37:26 PM,7/10/2026,
557,46.8,gf,2.135,mm,OK,--,9:37:26 PM,7/10/2026,
558,46.8,gf,2.145,mm,OK,--,9:37:26 PM,7/10/2026,
559,47.0,gf,2.155,mm,OK,--,9:37:26 PM,7/10/2026,
560,47.0,gf,2.160,mm,OK,--,9:37:26 PM,7/10/2026,
561,46.9,gf,2.170,mm,OK,--,9:37:27 PM,7/10/2026,
562,46.9,gf,2.180,mm,OK,--,9:37:27 PM,7/10/2026,
563,47.0,gf,2.190,mm,OK,--,9:37:27 PM,7/10/2026,
564,47.1,gf,2.195,mm,OK,--,9:37:27 PM,7/10/2026,
565,47.1,gf,2.200,mm,OK,--,9:37:27 PM,7/10/2026,
566,46.9,gf,2.205,mm,OK,--,9:37:27 PM,7/10/2026,
567,46.8,gf,2.210,mm,OK,--,9:37:27 PM,7/10/2026,
568,46.5,gf,2.220,mm,OK,--,9:37:27 PM,7/10/2026,
569,46.2,gf,2.230,mm,OK,--,9:37:27 PM,7/10/2026,
570,46.2,gf,2.240,mm,OK,--,9:37:27 PM,7/10/2026,
571,46.2,gf,2.250,mm,OK,--,9:37:28 PM,7/10/2026,
572,46.2,gf,2.255,mm,OK,--,9:37:28 PM,7/10/2026,
573,46.1,gf,2.260,mm,OK,--,9:37:28 PM,7/10/2026,
574,46.0,gf,2.265,mm,OK,--,9:37:28 PM,7/10/2026,
575,45.9,gf,2.270,mm,OK,--,9:37:28 PM,7/10/2026,
576,45.7,gf,2.280,mm,OK,--,9:37:28 PM,7/10/2026,
577,45.7,gf,2.285,mm,OK,--,9:37:28 PM,7/10/2026,
578,45.5,gf,2.290,mm,OK,--,9:37:28 PM,7/10/2026,
579,45.5,gf,2.295,mm,OK,--,9:37:28 PM,7/10/2026,
580,45.4,gf,2.300,mm,OK,--,9:37:28 PM,7/10/2026,
581,45.3,gf,2.310,mm,OK,--,9:37:29 PM,7/10/2026,
582,45.3,gf,2.315,mm,OK,--,9:37:29 PM,7/10/2026,
583,45.2,gf,2.320,mm,OK,--,9:37:29 PM,7/10/2026,
584,45.0,gf,2.325,mm,OK,--,9:37:29 PM,7/10/2026,
585,45.0,gf,2.335,mm,OK,--,9:37:29 PM,7/10/2026,
586,44.9,gf,2.340,mm,OK,--,9:37:29 PM,7/10/2026,
587,44.9,gf,2.345,mm,OK,--,9:37:29 PM,7/10/2026,
588,44.8,gf,2.350,mm,OK,--,9:37:29 PM,7/10/2026,
589,44.7,gf,2.355,mm,OK,--,9:37:29 PM,7/10/2026,
590,44.8,gf,2.360,mm,OK,--,9:37:29 PM,7/10/2026,
591,44.7,gf,2.365,mm,OK,--,9:37:30 PM,7/10/2026,
592,44.8,gf,2.370,mm,OK,--,9:37:30 PM,7/10/2026,
593,44.7,gf,2.370,mm,OK,--,9:37:30 PM,7/10/2026,
594,44.7,gf,2.375,mm,OK,--,9:37:30 PM,7/10/2026,
595,44.7,gf,2.380,mm,OK,--,9:37:30 PM,7/10/2026,
596,44.7,gf,2.385,mm,OK,--,9:37:30 PM,7/10/2026,
597,44.7,gf,2.390,mm,OK,--,9:37:30 PM,7/10/2026,
598,44.7,gf,2.395,mm,OK,--,9:37:30 PM,7/10/2026,
599,44.7,gf,2.400,mm,OK,--,9:37:30 PM,7/10/2026,
600,44.8,gf,2.405,mm,OK,--,9:37:30 PM,7/10/2026,
601,44.8,gf,2.410,mm,OK,--,9:37:31 PM,7/10/2026,
602,44.8,gf,2.415,mm,OK,--,9:37:31 PM,7/10/2026,
603,44.8,gf,2.415,mm,OK,--,9:37:31 PM,7/10/2026,
604,44.8,gf,2.420,mm,OK,--,9:37:31 PM,7/10/2026,
605,44.8,gf,2.420,mm,OK,--,9:37:31 PM,7/10/2026,
606,44.8,gf,2.425,mm,OK,--,9:37:31 PM,7/10/2026,
607,44.8,gf,2.430,mm,OK,--,9:37:31 PM,7/10/2026,
608,44.8,gf,2.430,mm,OK,--,9:37:31 PM,7/10/2026,
609,44.8,gf,2.435,mm,OK,--,9:37:31 PM,7/10/2026,
610,44.8,gf,2.440,mm,OK,--,9:37:31 PM,7/10/2026,
611,44.9,gf,2.445,mm,OK,--,9:37:32 PM,7/10/2026,
612,44.9,gf,2.455,mm,OK,--,9:37:32 PM,7/10/2026,
613,44.9,gf,2.460,mm,OK,--,9:37:32 PM,7/10/2026,
614,44.9,gf,2.470,mm,OK,--,9:37:32 PM,7/10/2026,
615,45.0,gf,2.475,mm,OK,--,9:37:32 PM,7/10/2026,
616,45.0,gf,2.485,mm,OK,--,9:37:32 PM,7/10/2026,
617,45.0,gf,2.490,mm,OK,--,9:37:32 PM,7/10/2026,
618,45.0,gf,2.495,mm,OK,--,9:37:32 PM,7/10/2026,
619,45.0,gf,2.495,mm,OK,--,9:37:32 PM,7/10/2026,
620,45.0,gf,2.500,mm,OK,--,9:37:32 PM,7/10/2026,
621,45.0,gf,2.505,mm,OK,--,9:37:33 PM,7/10/2026,
622,45.1,gf,2.510,mm,OK,--,9:37:33 PM,7/10/2026,
623,45.1,gf,2.515,mm,OK,--,9:37:33 PM,7/10/2026,
624,45.1,gf,2.520,mm,OK,--,9:37:33 PM,7/10/2026,
625,45.1,gf,2.525,mm,OK,--,9:37:33 PM,7/10/2026,
626,45.1,gf,2.530,mm,OK,--,9:37:33 PM,7/10/2026,
627,45.1,gf,2.540,mm,OK,--,9:37:33 PM,7/10/2026,
628,45.1,gf,2.545,mm,OK,--,9:37:33 PM,7/10/2026,
629,45.2,gf,2.555,mm,OK,--,9:37:33 PM,7/10/2026,
630,45.2,gf,2.560,mm,OK,--,9:37:33 PM,7/10/2026,
631,45.2,gf,2.565,mm,OK,--,9:37:34 PM,7/10/2026,
632,45.2,gf,2.570,mm,OK,--,9:37:34 PM,7/10/2026,
633,45.2,gf,2.570,mm,OK,--,9:37:34 PM,7/10/2026,
634,45.2,gf,2.575,mm,OK,--,9:37:34 PM,7/10/2026,
635,45.3,gf,2.575,mm,OK,--,9:37:34 PM,7/10/2026,
636,45.3,gf,2.580,mm,OK,--,9:37:34 PM,7/10/2026,
637,45.3,gf,2.585,mm,OK,--,9:37:34 PM,7/10/2026,
638,45.3,gf,2.585,mm,OK,--,9:37:34 PM,7/10/2026,
639,45.3,gf,2.590,mm,OK,--,9:37:34 PM,7/10/2026,
640,45.3,gf,2.590,mm,OK,--,9:37:34 PM,7/10/2026,
641,45.3,gf,2.595,mm,OK,--,9:37:35 PM,7/10/2026,
642,45.3,gf,2.595,mm,OK,--,9:37:35 PM,7/10/2026,
643,45.4,gf,2.600,mm,OK,--,9:37:35 PM,7/10/2026,
644,45.4,gf,2.600,mm,OK,--,9:37:35 PM,7/10/2026,
645,45.4,gf,2.605,mm,OK,--,9:37:35 PM,7/10/2026,
646,45.5,gf,2.610,mm,OK,--,9:37:35 PM,7/10/2026,
647,45.4,gf,2.615,mm,OK,--,9:37:35 PM,7/10/2026,
648,45.4,gf,2.615,mm,OK,--,9:37:35 PM,7/10/2026,
649,45.4,gf,2.615,mm,OK,--,9:37:35 PM,7/10/2026,
650,45.4,gf,2.620,mm,OK,--,9:37:35 PM,7/10/2026,
651,45.5,gf,2.620,mm,OK,--,9:37:36 PM,7/10/2026,
652,45.5,gf,2.630,mm,OK,--,9:37:36 PM,7/10/2026,
653,45.5,gf,2.640,mm,OK,--,9:37:36 PM,7/10/2026,
654,45.6,gf,2.650,mm,OK,--,9:37:36 PM,7/10/2026,
655,45.5,gf,2.655,mm,OK,--,9:37:36 PM,7/10/2026,
656,45.6,gf,2.660,mm,OK,--,9:37:36 PM,7/10/2026,
657,45.6,gf,2.660,mm,OK,--,9:37:36 PM,7/10/2026,
658,45.6,gf,2.665,mm,OK,--,9:37:36 PM,7/10/2026,
659,45.6,gf,2.665,mm,OK,--,9:37:36 PM,7/10/2026,
660,45.6,gf,2.670,mm,OK,--,9:37:36 PM,7/10/2026,
661,45.6,gf,2.670,mm,OK,--,9:37:37 PM,7/10/2026,
662,45.6,gf,2.675,mm,OK,--,9:37:37 PM,7/10/2026,
663,45.6,gf,2.675,mm,OK,--,9:37:37 PM,7/10/2026,
664,45.6,gf,2.680,mm,OK,--,9:37:37 PM,7/10/2026,
665,45.6,gf,2.680,mm,OK,--,9:37:37 PM,7/10/2026,
666,45.6,gf,2.680,mm,OK,--,9:37:37 PM,7/10/2026,
667,45.6,gf,2.680,mm,OK,--,9:37:37 PM,7/10/2026,
668,45.6,gf,2.685,mm,OK,--,9:37:37 PM,7/10/2026,
669,45.7,gf,2.690,mm,OK,--,9:37:37 PM,7/10/2026,
670,45.7,gf,2.695,mm,OK,--,9:37:37 PM,7/10/2026,
671,45.7,gf,2.695,mm,OK,--,9:37:38 PM,7/10/2026,
672,45.7,gf,2.700,mm,OK,--,9:37:38 PM,7/10/2026,
673,45.7,gf,2.710,mm,OK,--,9:37:38 PM,7/10/2026,
674,45.7,gf,2.720,mm,OK,--,9:37:38 PM,7/10/2026,
675,45.8,gf,2.730,mm,OK,--,9:37:38 PM,7/10/2026,
676,45.9,gf,2.740,mm,OK,--,9:37:38 PM,7/10/2026,
677,45.9,gf,2.750,mm,OK,--,9:37:38 PM,7/10/2026,
678,45.9,gf,2.760,mm,OK,--,9:37:38 PM,7/10/2026,
679,46.0,gf,2.775,mm,OK,--,9:37:38 PM,7/10/2026,
680,46.1,gf,2.785,mm,OK,--,9:37:38 PM,7/10/2026,
681,46.1,gf,2.795,mm,OK,--,9:37:39 PM,7/10/2026,
682,46.1,gf,2.810,mm,OK,--,9:37:39 PM,7/10/2026,
683,46.1,gf,2.820,mm,OK,--,9:37:39 PM,7/10/2026,
684,46.2,gf,2.830,mm,OK,--,9:37:39 PM,7/10/2026,
685,46.1,gf,2.840,mm,OK,--,9:37:39 PM,7/10/2026,
686,46.2,gf,2.850,mm,OK,--,9:37:39 PM,7/10/2026,
687,46.3,gf,2.855,mm,OK,--,9:37:39 PM,7/10/2026,
688,46.3,gf,2.865,mm,OK,--,9:37:39 PM,7/10/2026,
689,46.4,gf,2.870,mm,OK,--,9:37:39 PM,7/10/2026,
690,46.3,gf,2.875,mm,OK,--,9:37:39 PM,7/10/2026,
691,46.4,gf,2.875,mm,OK,--,9:37:40 PM,7/10/2026,
692,46.4,gf,2.880,mm,OK,--,9:37:40 PM,7/10/2026,
693,46.3,gf,2.885,mm,OK,--,9:37:40 PM,7/10/2026,
694,46.4,gf,2.885,mm,OK,--,9:37:40 PM,7/10/2026,
695,46.4,gf,2.890,mm,OK,--,9:37:40 PM,7/10/2026,
696,46.4,gf,2.895,mm,OK,--,9:37:40 PM,7/10/2026,
697,46.4,gf,2.895,mm,OK,--,9:37:40 PM,7/10/2026,
698,46.5,gf,2.900,mm,OK,--,9:37:40 PM,7/10/2026,
699,46.5,gf,2.900,mm,OK,--,9:37:40 PM,7/10/2026,
700,46.5,gf,2.905,mm,OK,--,9:37:40 PM,7/10/2026,
701,46.5,gf,2.905,mm,OK,--,9:37:41 PM,7/10/2026,
702,46.5,gf,2.905,mm,OK,--,9:37:41 PM,7/10/2026,
703,46.6,gf,2.910,mm,OK,--,9:37:41 PM,7/10/2026,
704,46.5,gf,2.910,mm,OK,--,9:37:41 PM,7/10/2026,
705,46.6,gf,2.915,mm,OK,--,9:37:41 PM,7/10/2026,
706,46.5,gf,2.915,mm,OK,--,9:37:41 PM,7/10/2026,
707,46.5,gf,2.920,mm,OK,--,9:37:41 PM,7/10/2026,
708,46.5,gf,2.920,mm,OK,--,9:37:41 PM,7/10/2026,
709,46.5,gf,2.925,mm,OK,--,9:37:41 PM,7/10/2026,
710,46.6,gf,2.930,mm,OK,--,9:37:41 PM,7/10/2026,
711,46.6,gf,2.935,mm,OK,--,9:37:42 PM,7/10/2026,
712,46.7,gf,2.935,mm,OK,--,9:37:42 PM,7/10/2026,
713,46.6,gf,2.940,mm,OK,--,9:37:42 PM,7/10/2026,
714,46.7,gf,2.945,mm,OK,--,9:37:42 PM,7/10/2026,
715,46.7,gf,2.945,mm,OK,--,9:37:42 PM,7/10/2026,
716,46.5,gf,2.950,mm,OK,--,9:37:42 PM,7/10/2026,
717,46.6,gf,2.955,mm,OK,--,9:37:42 PM,7/10/2026,
718,46.6,gf,2.960,mm,OK,--,9:37:42 PM,7/10/2026,
719,46.7,gf,2.970,mm,OK,--,9:37:42 PM,7/10/2026,
720,46.7,gf,2.980,mm,OK,--,9:37:42 PM,7/10/2026,
721,46.7,gf,2.990,mm,OK,--,9:37:43 PM,7/10/2026,
722,46.8,gf,2.995,mm,OK,--,9:37:43 PM,7/10/2026,
723,46.8,gf,3.000,mm,OK,--,9:37:43 PM,7/10/2026,
724,46.9,gf,3.005,mm,OK,--,9:37:43 PM,7/10/2026,
725,46.8,gf,3.005,mm,OK,--,9:37:43 PM,7/10/2026,
726,46.9,gf,3.010,mm,OK,--,9:37:43 PM,7/10/2026,
727,46.9,gf,3.010,mm,OK,--,9:37:43 PM,7/10/2026,
728,46.9,gf,3.015,mm,OK,--,9:37:43 PM,7/10/2026,
729,46.8,gf,3.020,mm,OK,--,9:37:43 PM,7/10/2026,
730,46.8,gf,3.020,mm,OK,--,9:37:43 PM,7/10/2026,
731,46.8,gf,3.025,mm,OK,--,9:37:44 PM,7/10/2026,
732,46.9,gf,3.030,mm,OK,--,9:37:44 PM,7/10/2026,
733,46.9,gf,3.035,mm,OK,--,9:37:44 PM,7/10/2026,
734,46.9,gf,3.040,mm,OK,--,9:37:44 PM,7/10/2026,
735,47.0,gf,3.045,mm,OK,--,9:37:44 PM,7/10/2026,
736,47.0,gf,3.050,mm,OK,--,9:37:44 PM,7/10/2026,
737,46.9,gf,3.050,mm,OK,--,9:37:44 PM,7/10/2026,
738,46.9,gf,3.055,mm,OK,--,9:37:44 PM,7/10/2026,
739,47.0,gf,3.060,mm,OK,--,9:37:44 PM,7/10/2026,
740,46.9,gf,3.060,mm,OK,--,9:37:44 PM,7/10/2026,
741,47.0,gf,3.065,mm,OK,--,9:37:45 PM,7/10/2026,
742,47.1,gf,3.075,mm,OK,--,9:37:45 PM,7/10/2026,
743,47.1,gf,3.080,mm,OK,--,9:37:45 PM,7/10/2026,
744,47.0,gf,3.085,mm,OK,--,9:37:45 PM,7/10/2026,
745,47.1,gf,3.095,mm,OK,--,9:37:45 PM,7/10/2026,
746,47.1,gf,3.100,mm,OK,--,9:37:45 PM,7/10/2026,
747,47.2,gf,3.105,mm,OK,--,9:37:45 PM,7/10/2026,
748,47.1,gf,3.110,mm,OK,--,9:37:45 PM,7/10/2026,
749,47.1,gf,3.120,mm,OK,--,9:37:45 PM,7/10/2026,
750,47.1,gf,3.125,mm,OK,--,9:37:45 PM,7/10/2026,
751,47.1,gf,3.125,mm,OK,--,9:37:46 PM,7/10/2026,
752,47.2,gf,3.130,mm,OK,--,9:37:46 PM,7/10/2026,
753,47.2,gf,3.135,mm,OK,--,9:37:46 PM,7/10/2026,
754,47.2,gf,3.140,mm,OK,--,9:37:46 PM,7/10/2026,
755,47.3,gf,3.140,mm,OK,--,9:37:46 PM,7/10/2026,
756,47.3,gf,3.145,mm,OK,--,9:37:46 PM,7/10/2026,
757,47.3,gf,3.145,mm,OK,--,9:37:46 PM,7/10/2026,
758,47.3,gf,3.150,mm,OK,--,9:37:46 PM,7/10/2026,
759,47.3,gf,3.155,mm,OK,--,9:37:46 PM,7/10/2026,
760,47.3,gf,3.160,mm,OK,--,9:37:46 PM,7/10/2026,
761,47.3,gf,3.165,mm,OK,--,9:37:47 PM,7/10/2026,
762,47.3,gf,3.170,mm,OK,--,9:37:47 PM,7/10/2026,
763,47.4,gf,3.175,mm,OK,--,9:37:47 PM,7/10/2026,
764,47.3,gf,3.180,mm,OK,--,9:37:47 PM,7/10/2026,
765,47.4,gf,3.180,mm,OK,--,9:37:47 PM,7/10/2026,
766,47.4,gf,3.185,mm,OK,--,9:37:47 PM,7/10/2026,
767,47.4,gf,3.190,mm,OK,--,9:37:47 PM,7/10/2026,
768,47.4,gf,3.195,mm,OK,--,9:37:47 PM,7/10/2026,
769,47.4,gf,3.195,mm,OK,--,9:37:47 PM,7/10/2026,
770,47.4,gf,3.200,mm,OK,--,9:37:47 PM,7/10/2026,
771,47.5,gf,3.200,mm,OK,--,9:37:48 PM,7/10/2026,
772,47.5,gf,3.205,mm,OK,--,9:37:48 PM,7/10/2026,
773,47.5,gf,3.210,mm,OK,--,9:37:48 PM,7/10/2026,
774,47.5,gf,3.215,mm,OK,--,9:37:48 PM,7/10/2026,
775,47.5,gf,3.220,mm,OK,--,9:37:48 PM,7/10/2026,
776,47.5,gf,3.220,mm,OK,--,9:37:48 PM,7/10/2026,
777,47.6,gf,3.225,mm,OK,--,9:37:48 PM,7/10/2026,
778,47.5,gf,3.230,mm,OK,--,9:37:48 PM,7/10/2026,
779,47.6,gf,3.235,mm,OK,--,9:37:48 PM,7/10/2026,
780,47.6,gf,3.240,mm,OK,--,9:37:48 PM,7/10/2026,
781,47.5,gf,3.245,mm,OK,--,9:37:49 PM,7/10/2026,
782,47.6,gf,3.250,mm,OK,--,9:37:49 PM,7/10/2026,
783,47.6,gf,3.255,mm,OK,--,9:37:49 PM,7/10/2026,
784,47.7,gf,3.260,mm,OK,--,9:37:49 PM,7/10/2026,
785,47.7,gf,3.265,mm,OK,--,9:37:49 PM,7/10/2026,
786,47.7,gf,3.270,mm,OK,--,9:37:49 PM,7/10/2026,
787,47.7,gf,3.275,mm,OK,--,9:37:49 PM,7/10/2026,
788,47.7,gf,3.280,mm,OK,--,9:37:49 PM,7/10/2026,
789,47.7,gf,3.285,mm,OK,--,9:37:49 PM,7/10/2026,
790,47.7,gf,3.290,mm,OK,--,9:37:49 PM,7/10/2026,
791,47.7,gf,3.295,mm,OK,--,9:37:50 PM,7/10/2026,
792,47.8,gf,3.295,mm,OK,--,9:37:50 PM,7/10/2026,
793,47.8,gf,3.300,mm,OK,--,9:37:50 PM,7/10/2026,
794,47.8,gf,3.305,mm,OK,--,9:37:50 PM,7/10/2026,
795,47.8,gf,3.310,mm,OK,--,9:37:50 PM,7/10/2026,
796,47.8,gf,3.310,mm,OK,--,9:37:50 PM,7/10/2026,
797,47.8,gf,3.315,mm,OK,--,9:37:50 PM,7/10/2026,
798,47.8,gf,3.320,mm,OK,--,9:37:50 PM,7/10/2026,
799,47.8,gf,3.325,mm,OK,--,9:37:50 PM,7/10/2026,
800,47.9,gf,3.330,mm,OK,--,9:37:50 PM,7/10/2026,
801,47.9,gf,3.330,mm,OK,--,9:37:51 PM,7/10/2026,
802,47.9,gf,3.335,mm,OK,--,9:37:51 PM,7/10/2026,
803,47.9,gf,3.345,mm,OK,--,9:37:51 PM,7/10/2026,
804,47.9,gf,3.350,mm,OK,--,9:37:51 PM,7/10/2026,
805,48.0,gf,3.355,mm,OK,--,9:37:51 PM,7/10/2026,
806,48.0,gf,3.360,mm,OK,--,9:37:51 PM,7/10/2026,
807,48.0,gf,3.365,mm,OK,--,9:37:51 PM,7/10/2026,
808,48.0,gf,3.365,mm,OK,--,9:37:51 PM,7/10/2026,
809,48.0,gf,3.370,mm,OK,--,9:37:51 PM,7/10/2026,
810,48.0,gf,3.375,mm,OK,--,9:37:51 PM,7/10/2026,
811,48.0,gf,3.380,mm,OK,--,9:37:52 PM,7/10/2026,
812,48.0,gf,3.380,mm,OK,--,9:37:52 PM,7/10/2026,
813,48.0,gf,3.385,mm,OK,--,9:37:52 PM,7/10/2026,
814,48.0,gf,3.385,mm,OK,--,9:37:52 PM,7/10/2026,
815,48.1,gf,3.385,mm,OK,--,9:37:52 PM,7/10/2026,
816,48.1,gf,3.390,mm,OK,--,9:37:52 PM,7/10/2026,
817,48.1,gf,3.395,mm,OK,--,9:37:52 PM,7/10/2026,
818,48.1,gf,3.400,mm,OK,--,9:37:52 PM,7/10/2026,
819,48.1,gf,3.400,mm,OK,--,9:37:52 PM,7/10/2026,
820,48.1,gf,3.405,mm,OK,--,9:37:52 PM,7/10/2026,
821,48.1,gf,3.405,mm,OK,--,9:37:53 PM,7/10/2026,
822,48.1,gf,3.405,mm,OK,--,9:37:53 PM,7/10/2026,
823,48.1,gf,3.405,mm,OK,--,9:37:53 PM,7/10/2026,
824,48.1,gf,3.405,mm,OK,--,9:37:53 PM,7/10/2026,
825,48.1,gf,3.410,mm,OK,--,9:37:53 PM,7/10/2026,
826,48.1,gf,3.410,mm,OK,--,9:37:53 PM,7/10/2026,
827,48.1,gf,3.410,mm,OK,--,9:37:53 PM,7/10/2026,
828,48.1,gf,3.415,mm,OK,--,9:37:53 PM,7/10/2026,
829,48.1,gf,3.415,mm,OK,--,9:37:53 PM,7/10/2026,
830,48.1,gf,3.415,mm,OK,--,9:37:53 PM,7/10/2026,
831,48.2,gf,3.415,mm,OK,--,9:37:54 PM,7/10/2026,
832,48.2,gf,3.420,mm,OK,--,9:37:54 PM,7/10/2026,
833,48.2,gf,3.420,mm,OK,--,9:37:54 PM,7/10/2026,
834,48.2,gf,3.420,mm,OK,--,9:37:54 PM,7/10/2026,
835,48.2,gf,3.420,mm,OK,--,9:37:54 PM,7/10/2026,
836,48.2,gf,3.420,mm,OK,--,9:37:54 PM,7/10/2026,
837,48.2,gf,3.420,mm,OK,--,9:37:54 PM,7/10/2026,
838,48.2,gf,3.420,mm,OK,--,9:37:54 PM,7/10/2026,
839,48.2,gf,3.420,mm,OK,--,9:37:54 PM,7/10/2026,
840,48.0,gf,3.420,mm,OK,--,9:37:54 PM,7/10/2026,
841,48.1,gf,3.420,mm,OK,--,9:37:55 PM,7/10/2026,
842,48.2,gf,3.420,mm,OK,--,9:37:55 PM,7/10/2026,
843,48.2,gf,3.425,mm,OK,--,9:37:55 PM,7/10/2026,
844,48.3,gf,3.425,mm,OK,--,9:37:55 PM,7/10/2026,
845,48.3,gf,3.430,mm,OK,--,9:37:55 PM,7/10/2026,
846,48.3,gf,3.435,mm,OK,--,9:37:55 PM,7/10/2026,
847,48.2,gf,3.440,mm,OK,--,9:37:55 PM,7/10/2026,
848,48.2,gf,3.440,mm,OK,--,9:37:55 PM,7/10/2026,
849,48.3,gf,3.445,mm,OK,--,9:37:55 PM,7/10/2026,
850,48.3,gf,3.450,mm,OK,--,9:37:55 PM,7/10/2026,
851,48.3,gf,3.450,mm,OK,--,9:37:56 PM,7/10/2026,
852,48.3,gf,3.450,mm,OK,--,9:37:56 PM,7/10/2026,
853,48.3,gf,3.455,mm,OK,--,9:37:56 PM,7/10/2026,
854,48.3,gf,3.455,mm,OK,--,9:37:56 PM,7/10/2026,
855,48.3,gf,3.455,mm,OK,--,9:37:56 PM,7/10/2026,
856,48.3,gf,3.460,mm,OK,--,9:37:56 PM,7/10/2026,
857,48.3,gf,3.460,mm,OK,--,9:37:56 PM,7/10/2026,
858,48.3,gf,3.465,mm,OK,--,9:37:56 PM,7/10/2026,
859,48.3,gf,3.470,mm,OK,--,9:37:56 PM,7/10/2026,
860,48.3,gf,3.475,mm,OK,--,9:37:56 PM,7/10/2026,
861,48.3,gf,3.485,mm,OK,--,9:37:57 PM,7/10/2026,
862,48.4,gf,3.495,mm,OK,--,9:37:57 PM,7/10/2026,
863,48.5,gf,3.505,mm,OK,--,9:37:57 PM,7/10/2026,
864,48.5,gf,3.505,mm,OK,--,9:37:57 PM,7/10/2026,
865,48.5,gf,3.510,mm,OK,--,9:37:57 PM,7/10/2026,
866,48.5,gf,3.510,mm,OK,--,9:37:57 PM,7/10/2026,
867,48.5,gf,3.515,mm,OK,--,9:37:57 PM,7/10/2026,
868,48.5,gf,3.515,mm,OK,--,9:37:57 PM,7/10/2026,
869,48.6,gf,3.515,mm,OK,--,9:37:57 PM,7/10/2026,
870,48.5,gf,3.520,mm,OK,--,9:37:57 PM,7/10/2026,
871,48.6,gf,3.525,mm,OK,--,9:37:58 PM,7/10/2026,
872,48.5,gf,3.530,mm,OK,--,9:37:58 PM,7/10/2026,
873,48.7,gf,3.540,mm,OK,--,9:37:58 PM,7/10/2026,
874,48.5,gf,3.550,mm,OK,--,9:37:58 PM,7/10/2026,
875,53.5,gf,3.560,mm,OK,--,9:37:58 PM,7/10/2026,
876,61.6,gf,3.570,mm,OK,--,9:37:58 PM,7/10/2026,
877,66.6,gf,3.575,mm,OK,--,9:37:58 PM,7/10/2026,
878,69.7,gf,3.580,mm,OK,--,9:37:58 PM,7/10/2026,
879,72.2,gf,3.580,mm,OK,--,9:37:58 PM,7/10/2026,
880,74.8,gf,3.585,mm,OK,--,9:37:58 PM,7/10/2026,
881,77.7,gf,3.585,mm,OK,--,9:37:59 PM,7/10/2026,
882,80.7,gf,3.590,mm,OK,--,9:37:59 PM,7/10/2026,
883,84.0,gf,3.595,mm,OK,--,9:37:59 PM,7/10/2026,
884,87.0,gf,3.595,mm,OK,--,9:37:59 PM,7/10/2026,
885,89.9,gf,3.600,mm,OK,--,9:37:59 PM,7/10/2026,
886,92.4,gf,3.605,mm,OK,--,9:37:59 PM,7/10/2026,
887,94.7,gf,3.605,mm,OK,--,9:37:59 PM,7/10/2026,
888,97.4,gf,3.610,mm,OK,--,9:37:59 PM,7/10/2026,
889,98.9,gf,3.610,mm,OK,--,9:37:59 PM,7/10/2026,
890,100.5,gf,3.610,mm,OK,--,9:37:59 PM,7/10/2026,
891,102.1,gf,3.615,mm,OK,--,9:38:00 PM,7/10/2026,
892,103.7,gf,3.615,mm,OK,--,9:38:00 PM,7/10/2026,
893,104.7,gf,3.615,mm,OK,--,9:38:00 PM,7/10/2026,
894,105.2,gf,3.615,mm,OK,--,9:38:00 PM,7/10/2026,
895,105.7,gf,3.615,mm,OK,--,9:38:00 PM,7/10/2026,
896,106.4,gf,3.615,mm,OK,--,9:38:00 PM,7/10/2026,
897,107.0,gf,3.620,mm,OK,--,9:38:00 PM,7/10/2026,
898,107.7,gf,3.620,mm,OK,--,9:38:00 PM,7/10/2026,
899,108.4,gf,3.620,mm,OK,--,9:38:00 PM,7/10/2026,
900,109.2,gf,3.620,mm,OK,--,9:38:00 PM,7/10/2026,
901,110.3,gf,3.620,mm,OK,--,9:38:01 PM,7/10/2026,
902,111.1,gf,3.620,mm,OK,--,9:38:01 PM,7/10/2026,
903,112.5,gf,3.625,mm,OK,--,9:38:01 PM,7/10/2026,
904,113.6,gf,3.625,mm,OK,--,9:38:01 PM,7/10/2026,
905,114.5,gf,3.625,mm,OK,--,9:38:01 PM,7/10/2026,
906,115.3,gf,3.625,mm,OK,--,9:38:01 PM,7/10/2026,
907,116.3,gf,3.630,mm,OK,--,9:38:01 PM,7/10/2026,
908,117.4,gf,3.630,mm,OK,--,9:38:01 PM,7/10/2026,
909,119.0,gf,3.630,mm,OK,--,9:38:01 PM,7/10/2026,
910,120.9,gf,3.630,mm,OK,--,9:38:01 PM,7/10/2026,
911,123.0,gf,3.635,mm,OK,--,9:38:02 PM,7/10/2026,
912,124.7,gf,3.635,mm,OK,--,9:38:02 PM,7/10/2026,
913,126.2,gf,3.635,mm,OK,--,9:38:02 PM,7/10/2026,
914,127.2,gf,3.640,mm,OK,--,9:38:02 PM,7/10/2026,
915,128.0,gf,3.640,mm,OK,--,9:38:02 PM,7/10/2026,
916,129.1,gf,3.640,mm,OK,--,9:38:02 PM,7/10/2026,
917,130.3,gf,3.640,mm,OK,--,9:38:02 PM,7/10/2026,
918,131.5,gf,3.640,mm,OK,--,9:38:02 PM,7/10/2026,
919,132.7,gf,3.645,mm,OK,--,9:38:02 PM,7/10/2026,
920,133.9,gf,3.645,mm,OK,--,9:38:02 PM,7/10/2026,
921,135.1,gf,3.645,mm,OK,--,9:38:03 PM,7/10/2026,
922,136.4,gf,3.645,mm,OK,--,9:38:03 PM,7/10/2026,
923,137.9,gf,3.650,mm,OK,--,9:38:03 PM,7/10/2026,
924,139.7,gf,3.650,mm,OK,--,9:38:03 PM,7/10/2026,
925,141.4,gf,3.650,mm,OK,--,9:38:03 PM,7/10/2026,
926,143.0,gf,3.655,mm,OK,--,9:38:03 PM,7/10/2026,
927,144.0,gf,3.655,mm,OK,--,9:38:03 PM,7/10/2026,
928,144.7,gf,3.655,mm,OK,--,9:38:03 PM,7/10/2026,
929,145.5,gf,3.655,mm,OK,--,9:38:03 PM,7/10/2026,
930,146.2,gf,3.655,mm,OK,--,9:38:03 PM,7/10/2026,
931,147.0,gf,3.660,mm,OK,--,9:38:04 PM,7/10/2026,
932,147.5,gf,3.660,mm,OK,--,9:38:04 PM,7/10/2026,
933,148.0,gf,3.660,mm,OK,--,9:38:04 PM,7/10/2026,
934,148.7,gf,3.660,mm,OK,--,9:38:04 PM,7/10/2026,
935,149.4,gf,3.660,mm,OK,--,9:38:04 PM,7/10/2026,
936,150.3,gf,3.660,mm,OK,--,9:38:04 PM,7/10/2026,
937,150.9,gf,3.660,mm,OK,--,9:38:04 PM,7/10/2026,
938,151.3,gf,3.660,mm,OK,--,9:38:04 PM,7/10/2026,
939,151.6,gf,3.660,mm,OK,--,9:38:04 PM,7/10/2026,
940,151.8,gf,3.665,mm,OK,--,9:38:04 PM,7/10/2026,
941,151.9,gf,3.665,mm,OK,--,9:38:05 PM,7/10/2026,
942,152.1,gf,3.665,mm,OK,--,9:38:05 PM,7/10/2026,
943,152.1,gf,3.665,mm,OK,--,9:38:05 PM,7/10/2026,
944,152.2,gf,3.665,mm,OK,--,9:38:05 PM,7/10/2026,
945,152.3,gf,3.665,mm,OK,--,9:38:05 PM,7/10/2026,
946,152.3,gf,3.665,mm,OK,--,9:38:05 PM,7/10/2026,
947,152.5,gf,3.665,mm,OK,--,9:38:05 PM,7/10/2026,
948,152.8,gf,3.665,mm,OK,--,9:38:05 PM,7/10/2026,
949,153.0,gf,3.665,mm,OK,--,9:38:05 PM,7/10/2026,
950,153.3,gf,3.665,mm,OK,--,9:38:05 PM,7/10/2026,
951,153.6,gf,3.665,mm,OK,--,9:38:06 PM,7/10/2026,
952,153.9,gf,3.665,mm,OK,--,9:38:06 PM,7/10/2026,
953,154.1,gf,3.665,mm,OK,--,9:38:06 PM,7/10/2026,
954,154.5,gf,3.665,mm,OK,--,9:38:06 PM,7/10/2026,
955,154.9,gf,3.665,mm,OK,--,9:38:06 PM,7/10/2026,
956,155.3,gf,3.665,mm,OK,--,9:38:06 PM,7/10/2026,
957,155.5,gf,3.665,mm,OK,--,9:38:06 PM,7/10/2026,
958,155.8,gf,3.665,mm,OK,--,9:38:06 PM,7/10/2026,
959,156.0,gf,3.665,mm,OK,--,9:38:06 PM,7/10/2026,
960,156.3,gf,3.665,mm,OK,--,9:38:06 PM,7/10/2026,
961,156.5,gf,3.670,mm,OK,--,9:38:07 PM,7/10/2026,
962,156.8,gf,3.670,mm,OK,--,9:38:07 PM,7/10/2026,
963,157.0,gf,3.670,mm,OK,--,9:38:07 PM,7/10/2026,
964,157.3,gf,3.670,mm,OK,--,9:38:07 PM,7/10/2026,
965,157.7,gf,3.670,mm,OK,--,9:38:07 PM,7/10/2026,
966,157.9,gf,3.670,mm,OK,--,9:38:07 PM,7/10/2026,
967,158.1,gf,3.670,mm,OK,--,9:38:07 PM,7/10/2026,
968,158.4,gf,3.670,mm,OK,--,9:38:07 PM,7/10/2026,
969,158.7,gf,3.670,mm,OK,--,9:38:07 PM,7/10/2026,
970,159.0,gf,3.670,mm,OK,--,9:38:07 PM,7/10/2026,
971,159.4,gf,3.670,mm,OK,--,9:38:08 PM,7/10/2026,
972,159.7,gf,3.670,mm,OK,--,9:38:08 PM,7/10/2026,
973,159.9,gf,3.670,mm,OK,--,9:38:08 PM,7/10/2026,
974,160.2,gf,3.670,mm,OK,--,9:38:08 PM,7/10/2026,
975,160.6,gf,3.670,mm,OK,--,9:38:08 PM,7/10/2026,
976,160.9,gf,3.670,mm,OK,--,9:38:08 PM,7/10/2026,
977,161.2,gf,3.675,mm,OK,--,9:38:08 PM,7/10/2026,
978,161.4,gf,3.675,mm,OK,--,9:38:08 PM,7/10/2026,
979,161.6,gf,3.675,mm,OK,--,9:38:08 PM,7/10/2026,
980,161.9,gf,3.675,mm,OK,--,9:38:08 PM,7/10/2026,
981,162.2,gf,3.675,mm,OK,--,9:38:09 PM,7/10/2026,
982,162.6,gf,3.675,mm,OK,--,9:38:09 PM,7/10/2026,
983,162.8,gf,3.675,mm,OK,--,9:38:09 PM,7/10/2026,
984,163.1,gf,3.675,mm,OK,--,9:38:09 PM,7/10/2026,
985,163.4,gf,3.675,mm,OK,--,9:38:09 PM,7/10/2026,
986,163.5,gf,3.675,mm,OK,--,9:38:09 PM,7/10/2026,
987,163.7,gf,3.675,mm,OK,--,9:38:09 PM,7/10/2026,
988,163.9,gf,3.675,mm,OK,--,9:38:09 PM,7/10/2026,
989,164.2,gf,3.675,mm,OK,--,9:38:09 PM,7/10/2026,
990,164.7,gf,3.675,mm,OK,--,9:38:09 PM,7/10/2026,
991,165.2,gf,3.675,mm,OK,--,9:38:10 PM,7/10/2026,
992,165.8,gf,3.675,mm,OK,--,9:38:10 PM,7/10/2026,
993,166.7,gf,3.680,mm,OK,--,9:38:10 PM,7/10/2026,
994,167.8,gf,3.680,mm,OK,--,9:38:10 PM,7/10/2026,
995,169.4,gf,3.680,mm,OK,--,9:38:10 PM,7/10/2026,
996,171.9,gf,3.685,mm,OK,--,9:38:10 PM,7/10/2026,
997,174.3,gf,3.685,mm,OK,--,9:38:10 PM,7/10/2026,
998,177.2,gf,3.690,mm,OK,--,9:38:10 PM,7/10/2026,
999,182.0,gf,3.695,mm,OK,--,9:38:10 PM,7/10/2026,
1000,189.2,gf,3.700,mm,OK,--,9:38:10 PM,7/10/2026,
1001,200.3,gf,3.710,mm,'+NG,--,9:38:11 PM,7/10/2026,
1002,208.8,gf,3.720,mm,'+NG,--,9:38:11 PM,7/10/2026,
1003,214.4,gf,3.725,mm,'+NG,--,9:38:11 PM,7/10/2026,
1004,217.7,gf,3.730,mm,'+NG,--,9:38:11 PM,7/10/2026,
1005,218.2,gf,3.730,mm,'+NG,--,9:38:11 PM,7/10/2026,
1006,217.8,gf,3.730,mm,'+NG,--,9:38:11 PM,7/10/2026,
1007,217.6,gf,3.730,mm,'+NG,--,9:38:11 PM,7/10/2026,
1008,217.7,gf,3.730,mm,'+NG,--,9:38:11 PM,7/10/2026,
1009,217.7,gf,3.730,mm,'+NG,--,9:38:11 PM,7/10/2026,
1010,217.7,gf,3.730,mm,'+NG,--,9:38:11 PM,7/10/2026,
1011,217.6,gf,3.730,mm,'+NG,--,9:38:12 PM,7/10/2026,
1012,217.5,gf,3.730,mm,'+NG,--,9:38:12 PM,7/10/2026,
1013,217.4,gf,3.730,mm,'+NG,--,9:38:12 PM,7/10/2026,
1014,217.2,gf,3.730,mm,'+NG,--,9:38:12 PM,7/10/2026,
1015,217.1,gf,3.730,mm,'+NG,--,9:38:12 PM,7/10/2026,
1016,216.9,gf,3.730,mm,'+NG,--,9:38:12 PM,7/10/2026,
1017,216.5,gf,3.730,mm,'+NG,--,9:38:12 PM,7/10/2026,
1018,216.3,gf,3.730,mm,'+NG,--,9:38:12 PM,7/10/2026,
1019,216.1,gf,3.730,mm,'+NG,--,9:38:12 PM,7/10/2026,
1020,215.7,gf,3.730,mm,'+NG,--,9:38:12 PM,7/10/2026,
1021,212.8,gf,3.725,mm,'+NG,--,9:38:13 PM,7/10/2026,
1022,208.8,gf,3.720,mm,'+NG,--,9:38:13 PM,7/10/2026,
1023,206.0,gf,3.720,mm,'+NG,--,9:38:13 PM,7/10/2026,
1024,204.1,gf,3.720,mm,'+NG,--,9:38:13 PM,7/10/2026,
1025,203.0,gf,3.715,mm,'+NG,--,9:38:13 PM,7/10/2026,
1026,202.0,gf,3.715,mm,'+NG,--,9:38:13 PM,7/10/2026,
1027,201.0,gf,3.715,mm,'+NG,--,9:38:13 PM,7/10/2026,
1028,199.9,gf,3.715,mm,OK,--,9:38:13 PM,7/10/2026,
1029,198.8,gf,3.715,mm,OK,--,9:38:13 PM,7/10/2026,
1030,197.4,gf,3.710,mm,OK,--,9:38:13 PM,7/10/2026,
1031,196.5,gf,3.710,mm,OK,--,9:38:14 PM,7/10/2026,
1032,195.9,gf,3.710,mm,OK,--,9:38:14 PM,7/10/2026,
1033,195.5,gf,3.710,mm,OK,--,9:38:14 PM,7/10/2026,
1034,195.0,gf,3.710,mm,OK,--,9:38:14 PM,7/10/2026,
1035,194.2,gf,3.710,mm,OK,--,9:38:14 PM,7/10/2026,
1036,192.9,gf,3.710,mm,OK,--,9:38:14 PM,7/10/2026,
1037,191.5,gf,3.705,mm,OK,--,9:38:14 PM,7/10/2026,
1038,190.7,gf,3.705,mm,OK,--,9:38:14 PM,7/10/2026,
1039,189.9,gf,3.705,mm,OK,--,9:38:14 PM,7/10/2026,
1040,189.2,gf,3.705,mm,OK,--,9:38:14 PM,7/10/2026,
1041,188.6,gf,3.705,mm,OK,--,9:38:15 PM,7/10/2026,
1042,188.0,gf,3.705,mm,OK,--,9:38:15 PM,7/10/2026,
1043,187.1,gf,3.700,mm,OK,--,9:38:15 PM,7/10/2026,
1044,186.2,gf,3.700,mm,OK,--,9:38:15 PM,7/10/2026,
1045,185.4,gf,3.700,mm,OK,--,9:38:15 PM,7/10/2026,
1046,184.9,gf,3.700,mm,OK,--,9:38:15 PM,7/10/2026,
1047,184.2,gf,3.700,mm,OK,--,9:38:15 PM,7/10/2026,
1048,183.7,gf,3.700,mm,OK,--,9:38:15 PM,7/10/2026,
1049,183.1,gf,3.700,mm,OK,--,9:38:15 PM,7/10/2026,
1050,182.3,gf,3.700,mm,OK,--,9:38:15 PM,7/10/2026,
1051,181.7,gf,3.695,mm,OK,--,9:38:16 PM,7/10/2026,
1052,180.9,gf,3.695,mm,OK,--,9:38:16 PM,7/10/2026,
1053,180.1,gf,3.695,mm,OK,--,9:38:16 PM,7/10/2026,
1054,179.0,gf,3.695,mm,OK,--,9:38:16 PM,7/10/2026,
1055,178.1,gf,3.695,mm,OK,--,9:38:16 PM,7/10/2026,
1056,177.4,gf,3.695,mm,OK,--,9:38:16 PM,7/10/2026,
1057,176.7,gf,3.690,mm,OK,--,9:38:16 PM,7/10/2026,
1058,176.1,gf,3.690,mm,OK,--,9:38:16 PM,7/10/2026,
1059,175.6,gf,3.690,mm,OK,--,9:38:16 PM,7/10/2026,
1060,175.1,gf,3.690,mm,OK,--,9:38:16 PM,7/10/2026,
1061,174.5,gf,3.690,mm,OK,--,9:38:17 PM,7/10/2026,
1062,173.8,gf,3.690,mm,OK,--,9:38:17 PM,7/10/2026,
1063,172.8,gf,3.690,mm,OK,--,9:38:17 PM,7/10/2026,
1064,171.9,gf,3.685,mm,OK,--,9:38:17 PM,7/10/2026,
1065,171.1,gf,3.685,mm,OK,--,9:38:17 PM,7/10/2026,
1066,170.3,gf,3.685,mm,OK,--,9:38:17 PM,7/10/2026,
1067,169.6,gf,3.685,mm,OK,--,9:38:17 PM,7/10/2026,
1068,169.0,gf,3.685,mm,OK,--,9:38:17 PM,7/10/2026,
1069,168.5,gf,3.685,mm,OK,--,9:38:17 PM,7/10/2026,
1070,168.1,gf,3.685,mm,OK,--,9:38:17 PM,7/10/2026,
1071,168.1,gf,3.685,mm,OK,--,9:38:18 PM,7/10/2026,
1072,168.0,gf,3.685,mm,OK,--,9:38:18 PM,7/10/2026,
1073,167.9,gf,3.685,mm,OK,--,9:38:18 PM,7/10/2026,
1074,167.4,gf,3.685,mm,OK,--,9:38:18 PM,7/10/2026,
1075,167.0,gf,3.680,mm,OK,--,9:38:18 PM,7/10/2026,
1076,166.8,gf,3.680,mm,OK,--,9:38:18 PM,7/10/2026,
1077,166.6,gf,3.680,mm,OK,--,9:38:18 PM,7/10/2026,
1078,166.3,gf,3.680,mm,OK,--,9:38:18 PM,7/10/2026,
1079,166.1,gf,3.680,mm,OK,--,9:38:18 PM,7/10/2026,
1080,165.9,gf,3.680,mm,OK,--,9:38:18 PM,7/10/2026,
1081,165.7,gf,3.680,mm,OK,--,9:38:19 PM,7/10/2026,
1082,165.6,gf,3.680,mm,OK,--,9:38:19 PM,7/10/2026,
1083,165.5,gf,3.680,mm,OK,--,9:38:19 PM,7/10/2026,
1084,165.2,gf,3.680,mm,OK,--,9:38:19 PM,7/10/2026,
1085,165.0,gf,3.680,mm,OK,--,9:38:19 PM,7/10/2026,
1086,164.7,gf,3.680,mm,OK,--,9:38:19 PM,7/10/2026,
1087,164.4,gf,3.680,mm,OK,--,9:38:19 PM,7/10/2026,
1088,163.4,gf,3.680,mm,OK,--,9:38:19 PM,7/10/2026,
1089,162.4,gf,3.680,mm,OK,--,9:38:19 PM,7/10/2026,
1090,161.5,gf,3.675,mm,OK,--,9:38:19 PM,7/10/2026,
1091,160.4,gf,3.675,mm,OK,--,9:38:20 PM,7/10/2026,
1092,159.6,gf,3.675,mm,OK,--,9:38:20 PM,7/10/2026,
1093,158.5,gf,3.675,mm,OK,--,9:38:20 PM,7/10/2026,
1094,155.6,gf,3.670,mm,OK,--,9:38:20 PM,7/10/2026,
1095,152.2,gf,3.665,mm,OK,--,9:38:20 PM,7/10/2026,
1096,148.9,gf,3.665,mm,OK,--,9:38:20 PM,7/10/2026,
1097,145.9,gf,3.660,mm,OK,--,9:38:20 PM,7/10/2026,
1098,143.7,gf,3.660,mm,OK,--,9:38:20 PM,7/10/2026,
1099,142.1,gf,3.660,mm,OK,--,9:38:20 PM,7/10/2026,
1100,140.4,gf,3.655,mm,OK,--,9:38:20 PM,7/10/2026,
1101,138.6,gf,3.655,mm,OK,--,9:38:21 PM,7/10/2026,
1102,136.7,gf,3.650,mm,OK,--,9:38:21 PM,7/10/2026,
1103,134.8,gf,3.650,mm,OK,--,9:38:21 PM,7/10/2026,
1104,133.3,gf,3.650,mm,OK,--,9:38:21 PM,7/10/2026,
1105,132.0,gf,3.650,mm,OK,--,9:38:21 PM,7/10/2026,
1106,130.5,gf,3.645,mm,OK,--,9:38:21 PM,7/10/2026,
1107,129.0,gf,3.645,mm,OK,--,9:38:21 PM,7/10/2026,
1108,127.1,gf,3.645,mm,OK,--,9:38:21 PM,7/10/2026,
1109,125.0,gf,3.640,mm,OK,--,9:38:21 PM,7/10/2026,
1110,122.6,gf,3.640,mm,OK,--,9:38:21 PM,7/10/2026,
1111,120.2,gf,3.635,mm,OK,--,9:38:22 PM,7/10/2026,
1112,116.7,gf,3.635,mm,OK,--,9:38:22 PM,7/10/2026,
1113,110.6,gf,3.625,mm,OK,--,9:38:22 PM,7/10/2026,
1114,104.2,gf,3.620,mm,OK,--,9:38:22 PM,7/10/2026,
1115,99.6,gf,3.615,mm,OK,--,9:38:22 PM,7/10/2026,
1116,94.8,gf,3.610,mm,OK,--,9:38:22 PM,7/10/2026,
1117,90.3,gf,3.605,mm,OK,--,9:38:22 PM,7/10/2026,
1118,86.9,gf,3.605,mm,OK,--,9:38:22 PM,7/10/2026,
1119,84.0,gf,3.600,mm,OK,--,9:38:22 PM,7/10/2026,
1120,82.2,gf,3.600,mm,OK,--,9:38:22 PM,7/10/2026,
1121,80.6,gf,3.595,mm,OK,--,9:38:23 PM,7/10/2026,
1122,79.0,gf,3.595,mm,OK,--,9:38:23 PM,7/10/2026,
1123,77.1,gf,3.595,mm,OK,--,9:38:23 PM,7/10/2026,
1124,74.5,gf,3.590,mm,OK,--,9:38:23 PM,7/10/2026,
1125,71.5,gf,3.585,mm,OK,--,9:38:23 PM,7/10/2026,
1126,68.2,gf,3.585,mm,OK,--,9:38:23 PM,7/10/2026,
1127,64.9,gf,3.580,mm,OK,--,9:38:23 PM,7/10/2026,
1128,60.8,gf,3.575,mm,OK,--,9:38:23 PM,7/10/2026,
1129,56.3,gf,3.570,mm,OK,--,9:38:23 PM,7/10/2026,
1130,52.4,gf,3.565,mm,OK,--,9:38:23 PM,7/10/2026,
1131,48.8,gf,3.565,mm,OK,--,9:38:24 PM,7/10/2026,
1132,48.2,gf,3.560,mm,OK,--,9:38:24 PM,7/10/2026,
1133,48.1,gf,3.550,mm,OK,--,9:38:24 PM,7/10/2026,
1134,48.1,gf,3.550,mm,OK,--,9:38:24 PM,7/10/2026,
1135,48.1,gf,3.545,mm,OK,--,9:38:24 PM,7/10/2026,
1136,48.0,gf,3.540,mm,OK,--,9:38:24 PM,7/10/2026,
1137,47.9,gf,3.540,mm,OK,--,9:38:24 PM,7/10/2026,
1138,48.0,gf,3.535,mm,OK,--,9:38:24 PM,7/10/2026,
1139,48.0,gf,3.530,mm,OK,--,9:38:24 PM,7/10/2026,
1140,47.9,gf,3.530,mm,OK,--,9:38:24 PM,7/10/2026,
1141,47.9,gf,3.525,mm,OK,--,9:38:25 PM,7/10/2026,
1142,47.9,gf,3.525,mm,OK,--,9:38:25 PM,7/10/2026,
1143,48.0,gf,3.520,mm,OK,--,9:38:25 PM,7/10/2026,
1144,47.9,gf,3.520,mm,OK,--,9:38:25 PM,7/10/2026,
1145,47.9,gf,3.515,mm,OK,--,9:38:25 PM,7/10/2026,
1146,47.9,gf,3.510,mm,OK,--,9:38:25 PM,7/10/2026,
1147,47.9,gf,3.505,mm,OK,--,9:38:25 PM,7/10/2026,
1148,47.9,gf,3.495,mm,OK,--,9:38:25 PM,7/10/2026,
1149,47.8,gf,3.490,mm,OK,--,9:38:25 PM,7/10/2026,
1150,47.8,gf,3.490,mm,OK,--,9:38:25 PM,7/10/2026,
1151,47.7,gf,3.485,mm,OK,--,9:38:26 PM,7/10/2026,
1152,47.7,gf,3.480,mm,OK,--,9:38:26 PM,7/10/2026,
1153,47.8,gf,3.475,mm,OK,--,9:38:26 PM,7/10/2026,
1154,47.7,gf,3.470,mm,OK,--,9:38:26 PM,7/10/2026,
1155,47.7,gf,3.460,mm,OK,--,9:38:26 PM,7/10/2026,
1156,47.6,gf,3.455,mm,OK,--,9:38:26 PM,7/10/2026,
1157,47.6,gf,3.455,mm,OK,--,9:38:26 PM,7/10/2026,
1158,47.6,gf,3.455,mm,OK,--,9:38:26 PM,7/10/2026,
1159,47.6,gf,3.450,mm,OK,--,9:38:26 PM,7/10/2026,
1160,47.6,gf,3.450,mm,OK,--,9:38:26 PM,7/10/2026,
1161,47.6,gf,3.450,mm,OK,--,9:38:27 PM,7/10/2026,
1162,47.6,gf,3.450,mm,OK,--,9:38:27 PM,7/10/2026,
1163,47.7,gf,3.445,mm,OK,--,9:38:27 PM,7/10/2026,
1164,47.6,gf,3.445,mm,OK,--,9:38:27 PM,7/10/2026,
1165,47.6,gf,3.440,mm,OK,--,9:38:27 PM,7/10/2026,
1166,47.6,gf,3.435,mm,OK,--,9:38:27 PM,7/10/2026,
1167,47.6,gf,3.430,mm,OK,--,9:38:27 PM,7/10/2026,
1168,47.5,gf,3.430,mm,OK,--,9:38:27 PM,7/10/2026,
1169,47.5,gf,3.425,mm,OK,--,9:38:27 PM,7/10/2026,
1170,47.5,gf,3.420,mm,OK,--,9:38:27 PM,7/10/2026,
1171,47.5,gf,3.420,mm,OK,--,9:38:28 PM,7/10/2026,
1172,47.5,gf,3.415,mm,OK,--,9:38:28 PM,7/10/2026,
1173,47.5,gf,3.410,mm,OK,--,9:38:28 PM,7/10/2026,
1174,47.4,gf,3.405,mm,OK,--,9:38:28 PM,7/10/2026,
1175,47.5,gf,3.400,mm,OK,--,9:38:28 PM,7/10/2026,
1176,47.4,gf,3.390,mm,OK,--,9:38:28 PM,7/10/2026,
1177,47.4,gf,3.380,mm,OK,--,9:38:28 PM,7/10/2026,
1178,47.4,gf,3.375,mm,OK,--,9:38:28 PM,7/10/2026,
1179,47.4,gf,3.360,mm,OK,--,9:38:28 PM,7/10/2026,
1180,47.4,gf,3.355,mm,OK,--,9:38:28 PM,7/10/2026,
1181,47.3,gf,3.345,mm,OK,--,9:38:29 PM,7/10/2026,
1182,47.3,gf,3.340,mm,OK,--,9:38:29 PM,7/10/2026,
1183,47.3,gf,3.335,mm,OK,--,9:38:29 PM,7/10/2026,
1184,47.2,gf,3.330,mm,OK,--,9:38:29 PM,7/10/2026,
1185,47.2,gf,3.325,mm,OK,--,9:38:29 PM,7/10/2026,
1186,47.2,gf,3.325,mm,OK,--,9:38:29 PM,7/10/2026,
1187,47.2,gf,3.320,mm,OK,--,9:38:29 PM,7/10/2026,
1188,47.2,gf,3.315,mm,OK,--,9:38:29 PM,7/10/2026,
1189,47.2,gf,3.305,mm,OK,--,9:38:29 PM,7/10/2026,
1190,47.2,gf,3.295,mm,OK,--,9:38:29 PM,7/10/2026,
1191,47.1,gf,3.285,mm,OK,--,9:38:30 PM,7/10/2026,
1192,47.1,gf,3.270,mm,OK,--,9:38:30 PM,7/10/2026,
1193,47.1,gf,3.260,mm,OK,--,9:38:30 PM,7/10/2026,
1194,47.0,gf,3.255,mm,OK,--,9:38:30 PM,7/10/2026,
1195,47.0,gf,3.250,mm,OK,--,9:38:30 PM,7/10/2026,
1196,47.0,gf,3.245,mm,OK,--,9:38:30 PM,7/10/2026,
1197,47.0,gf,3.240,mm,OK,--,9:38:30 PM,7/10/2026,
1198,46.9,gf,3.230,mm,OK,--,9:38:30 PM,7/10/2026,
1199,46.9,gf,3.225,mm,OK,--,9:38:30 PM,7/10/2026,
1200,46.9,gf,3.215,mm,OK,--,9:38:30 PM,7/10/2026,
1201,46.9,gf,3.210,mm,OK,--,9:38:31 PM,7/10/2026,
1202,46.9,gf,3.205,mm,OK,--,9:38:31 PM,7/10/2026,
1203,46.9,gf,3.195,mm,OK,--,9:38:31 PM,7/10/2026,
1204,46.8,gf,3.185,mm,OK,--,9:38:31 PM,7/10/2026,
1205,46.8,gf,3.175,mm,OK,--,9:38:31 PM,7/10/2026,
1206,46.8,gf,3.165,mm,OK,--,9:38:31 PM,7/10/2026,
1207,46.8,gf,3.160,mm,OK,--,9:38:31 PM,7/10/2026,
1208,46.7,gf,3.155,mm,OK,--,9:38:31 PM,7/10/2026,
1209,46.7,gf,3.150,mm,OK,--,9:38:31 PM,7/10/2026,
1210,46.7,gf,3.145,mm,OK,--,9:38:31 PM,7/10/2026,
1211,46.7,gf,3.135,mm,OK,--,9:38:32 PM,7/10/2026,
1212,46.6,gf,3.130,mm,OK,--,9:38:32 PM,7/10/2026,
1213,46.7,gf,3.120,mm,OK,--,9:38:32 PM,7/10/2026,
1214,46.6,gf,3.115,mm,OK,--,9:38:32 PM,7/10/2026,
1215,46.6,gf,3.105,mm,OK,--,9:38:32 PM,7/10/2026,
1216,46.6,gf,3.100,mm,OK,--,9:38:32 PM,7/10/2026,
1217,46.6,gf,3.095,mm,OK,--,9:38:32 PM,7/10/2026,
1218,46.5,gf,3.085,mm,OK,--,9:38:32 PM,7/10/2026,
1219,46.5,gf,3.080,mm,OK,--,9:38:32 PM,7/10/2026,
1220,46.5,gf,3.075,mm,OK,--,9:38:32 PM,7/10/2026,
1221,46.5,gf,3.070,mm,OK,--,9:38:33 PM,7/10/2026,
1222,46.5,gf,3.065,mm,OK,--,9:38:33 PM,7/10/2026,
1223,46.5,gf,3.060,mm,OK,--,9:38:33 PM,7/10/2026,
1224,46.4,gf,3.055,mm,OK,--,9:38:33 PM,7/10/2026,
1225,46.4,gf,3.055,mm,OK,--,9:38:33 PM,7/10/2026,
1226,46.4,gf,3.050,mm,OK,--,9:38:33 PM,7/10/2026,
1227,46.4,gf,3.045,mm,OK,--,9:38:33 PM,7/10/2026,
1228,46.3,gf,3.035,mm,OK,--,9:38:33 PM,7/10/2026,
1229,46.4,gf,3.030,mm,OK,--,9:38:33 PM,7/10/2026,
1230,46.4,gf,3.025,mm,OK,--,9:38:33 PM,7/10/2026,
1231,46.3,gf,3.020,mm,OK,--,9:38:34 PM,7/10/2026,
1232,46.3,gf,3.015,mm,OK,--,9:38:34 PM,7/10/2026,
1233,46.3,gf,3.010,mm,OK,--,9:38:34 PM,7/10/2026,
1234,46.3,gf,3.005,mm,OK,--,9:38:34 PM,7/10/2026,
1235,46.4,gf,3.000,mm,OK,--,9:38:34 PM,7/10/2026,
1236,46.3,gf,2.995,mm,OK,--,9:38:34 PM,7/10/2026,
1237,46.2,gf,2.995,mm,OK,--,9:38:34 PM,7/10/2026,
1238,46.2,gf,2.990,mm,OK,--,9:38:34 PM,7/10/2026,
1239,46.3,gf,2.990,mm,OK,--,9:38:34 PM,7/10/2026,
1240,46.2,gf,2.985,mm,OK,--,9:38:34 PM,7/10/2026,
1241,46.2,gf,2.985,mm,OK,--,9:38:35 PM,7/10/2026,
1242,46.2,gf,2.980,mm,OK,--,9:38:35 PM,7/10/2026,
1243,46.2,gf,2.980,mm,OK,--,9:38:35 PM,7/10/2026,
1244,46.2,gf,2.975,mm,OK,--,9:38:35 PM,7/10/2026,
1245,46.2,gf,2.965,mm,OK,--,9:38:35 PM,7/10/2026,
1246,46.2,gf,2.960,mm,OK,--,9:38:35 PM,7/10/2026,
1247,46.1,gf,2.955,mm,OK,--,9:38:35 PM,7/10/2026,
1248,46.1,gf,2.950,mm,OK,--,9:38:35 PM,7/10/2026,
1249,46.1,gf,2.945,mm,OK,--,9:38:35 PM,7/10/2026,
1250,46.1,gf,2.940,mm,OK,--,9:38:35 PM,7/10/2026,
1251,46.1,gf,2.935,mm,OK,--,9:38:36 PM,7/10/2026,
1252,46.1,gf,2.930,mm,OK,--,9:38:36 PM,7/10/2026,
1253,46.0,gf,2.925,mm,OK,--,9:38:36 PM,7/10/2026,
1254,46.0,gf,2.920,mm,OK,--,9:38:36 PM,7/10/2026,
1255,46.0,gf,2.915,mm,OK,--,9:38:36 PM,7/10/2026,
1256,46.0,gf,2.910,mm,OK,--,9:38:36 PM,7/10/2026,
1257,46.0,gf,2.900,mm,OK,--,9:38:36 PM,7/10/2026,
1258,46.0,gf,2.895,mm,OK,--,9:38:36 PM,7/10/2026,
1259,45.9,gf,2.885,mm,OK,--,9:38:36 PM,7/10/2026,
1260,45.9,gf,2.880,mm,OK,--,9:38:36 PM,7/10/2026,
1261,45.9,gf,2.870,mm,OK,--,9:38:37 PM,7/10/2026,
1262,45.9,gf,2.860,mm,OK,--,9:38:37 PM,7/10/2026,
1263,45.8,gf,2.850,mm,OK,--,9:38:37 PM,7/10/2026,
1264,45.8,gf,2.845,mm,OK,--,9:38:37 PM,7/10/2026,
1265,45.8,gf,2.835,mm,OK,--,9:38:37 PM,7/10/2026,
1266,45.7,gf,2.830,mm,OK,--,9:38:37 PM,7/10/2026,
1267,45.7,gf,2.825,mm,OK,--,9:38:37 PM,7/10/2026,
1268,45.6,gf,2.815,mm,OK,--,9:38:37 PM,7/10/2026,
1269,45.6,gf,2.805,mm,OK,--,9:38:37 PM,7/10/2026,
1270,45.5,gf,2.800,mm,OK,--,9:38:37 PM,7/10/2026,
1271,45.4,gf,2.795,mm,OK,--,9:38:38 PM,7/10/2026,
1272,45.4,gf,2.785,mm,OK,--,9:38:38 PM,7/10/2026,
1273,45.4,gf,2.780,mm,OK,--,9:38:38 PM,7/10/2026,
1274,45.4,gf,2.775,mm,OK,--,9:38:38 PM,7/10/2026,
1275,45.3,gf,2.770,mm,OK,--,9:38:38 PM,7/10/2026,
1276,45.3,gf,2.765,mm,OK,--,9:38:38 PM,7/10/2026,
1277,45.2,gf,2.760,mm,OK,--,9:38:38 PM,7/10/2026,
1278,45.2,gf,2.755,mm,OK,--,9:38:38 PM,7/10/2026,
1279,45.3,gf,2.750,mm,OK,--,9:38:38 PM,7/10/2026,
1280,45.3,gf,2.750,mm,OK,--,9:38:38 PM,7/10/2026,
1281,45.2,gf,2.745,mm,OK,--,9:38:39 PM,7/10/2026,
1282,45.2,gf,2.745,mm,OK,--,9:38:39 PM,7/10/2026,
1283,45.2,gf,2.745,mm,OK,--,9:38:39 PM,7/10/2026,
1284,45.2,gf,2.740,mm,OK,--,9:38:39 PM,7/10/2026,
1285,45.2,gf,2.740,mm,OK,--,9:38:39 PM,7/10/2026,
1286,45.2,gf,2.735,mm,OK,--,9:38:39 PM,7/10/2026,
1287,45.2,gf,2.735,mm,OK,--,9:38:39 PM,7/10/2026,
1288,45.2,gf,2.730,mm,OK,--,9:38:39 PM,7/10/2026,
1289,45.2,gf,2.730,mm,OK,--,9:38:39 PM,7/10/2026,
1290,45.2,gf,2.725,mm,OK,--,9:38:39 PM,7/10/2026,
1291,45.2,gf,2.725,mm,OK,--,9:38:40 PM,7/10/2026,
1292,45.1,gf,2.720,mm,OK,--,9:38:40 PM,7/10/2026,
1293,45.1,gf,2.715,mm,OK,--,9:38:40 PM,7/10/2026,
1294,45.1,gf,2.710,mm,OK,--,9:38:40 PM,7/10/2026,
1295,45.1,gf,2.705,mm,OK,--,9:38:40 PM,7/10/2026,
1296,45.1,gf,2.700,mm,OK,--,9:38:40 PM,7/10/2026,
1297,45.1,gf,2.700,mm,OK,--,9:38:40 PM,7/10/2026,
1298,45.1,gf,2.695,mm,OK,--,9:38:40 PM,7/10/2026,
1299,45.1,gf,2.695,mm,OK,--,9:38:40 PM,7/10/2026,
1300,45.1,gf,2.690,mm,OK,--,9:38:40 PM,7/10/2026,
1301,45.1,gf,2.685,mm,OK,--,9:38:41 PM,7/10/2026,
1302,45.1,gf,2.680,mm,OK,--,9:38:41 PM,7/10/2026,
1303,45.1,gf,2.675,mm,OK,--,9:38:41 PM,7/10/2026,
1304,45.1,gf,2.675,mm,OK,--,9:38:41 PM,7/10/2026,
1305,45.1,gf,2.670,mm,OK,--,9:38:41 PM,7/10/2026,
1306,45.0,gf,2.665,mm,OK,--,9:38:41 PM,7/10/2026,
1307,45.0,gf,2.660,mm,OK,--,9:38:41 PM,7/10/2026,
1308,45.0,gf,2.660,mm,OK,--,9:38:41 PM,7/10/2026,
1309,45.0,gf,2.655,mm,OK,--,9:38:41 PM,7/10/2026,
1310,45.0,gf,2.650,mm,OK,--,9:38:41 PM,7/10/2026,
1311,45.0,gf,2.645,mm,OK,--,9:38:42 PM,7/10/2026,
1312,44.9,gf,2.640,mm,OK,--,9:38:42 PM,7/10/2026,
1313,44.9,gf,2.635,mm,OK,--,9:38:42 PM,7/10/2026,
1314,44.9,gf,2.630,mm,OK,--,9:38:42 PM,7/10/2026,
1315,44.9,gf,2.625,mm,OK,--,9:38:42 PM,7/10/2026,
1316,44.9,gf,2.620,mm,OK,--,9:38:42 PM,7/10/2026,
1317,44.9,gf,2.615,mm,OK,--,9:38:42 PM,7/10/2026,
1318,44.9,gf,2.610,mm,OK,--,9:38:42 PM,7/10/2026,
1319,44.8,gf,2.605,mm,OK,--,9:38:42 PM,7/10/2026,
1320,44.8,gf,2.600,mm,OK,--,9:38:42 PM,7/10/2026,
1321,44.8,gf,2.595,mm,OK,--,9:38:43 PM,7/10/2026,
1322,44.7,gf,2.590,mm,OK,--,9:38:43 PM,7/10/2026,
1323,44.7,gf,2.585,mm,OK,--,9:38:43 PM,7/10/2026,
1324,44.7,gf,2.575,mm,OK,--,9:38:43 PM,7/10/2026,
1325,44.7,gf,2.570,mm,OK,--,9:38:43 PM,7/10/2026,
1326,44.6,gf,2.565,mm,OK,--,9:38:43 PM,7/10/2026,
1327,44.6,gf,2.560,mm,OK,--,9:38:43 PM,7/10/2026,
1328,44.5,gf,2.545,mm,OK,--,9:38:43 PM,7/10/2026,
1329,44.5,gf,2.540,mm,OK,--,9:38:43 PM,7/10/2026,
1330,44.5,gf,2.535,mm,OK,--,9:38:43 PM,7/10/2026,
1331,44.4,gf,2.530,mm,OK,--,9:38:44 PM,7/10/2026,
1332,44.4,gf,2.525,mm,OK,--,9:38:44 PM,7/10/2026,
1333,44.5,gf,2.525,mm,OK,--,9:38:44 PM,7/10/2026,
1334,44.4,gf,2.520,mm,OK,--,9:38:44 PM,7/10/2026,
1335,44.4,gf,2.515,mm,OK,--,9:38:44 PM,7/10/2026,
1336,44.4,gf,2.510,mm,OK,--,9:38:44 PM,7/10/2026,
1337,44.3,gf,2.505,mm,OK,--,9:38:44 PM,7/10/2026,
1338,44.3,gf,2.500,mm,OK,--,9:38:44 PM,7/10/2026,
1339,44.3,gf,2.495,mm,OK,--,9:38:44 PM,7/10/2026,
1340,44.3,gf,2.490,mm,OK,--,9:38:44 PM,7/10/2026,
1341,44.3,gf,2.485,mm,OK,--,9:38:45 PM,7/10/2026,
1342,44.2,gf,2.480,mm,OK,--,9:38:45 PM,7/10/2026,
1343,44.2,gf,2.475,mm,OK,--,9:38:45 PM,7/10/2026,
1344,44.3,gf,2.475,mm,OK,--,9:38:45 PM,7/10/2026,
1345,44.3,gf,2.470,mm,OK,--,9:38:45 PM,7/10/2026,
1346,44.2,gf,2.465,mm,OK,--,9:38:45 PM,7/10/2026,
1347,44.2,gf,2.465,mm,OK,--,9:38:45 PM,7/10/2026,
1348,44.2,gf,2.460,mm,OK,--,9:38:45 PM,7/10/2026,
1349,44.2,gf,2.460,mm,OK,--,9:38:45 PM,7/10/2026,
1350,44.2,gf,2.455,mm,OK,--,9:38:45 PM,7/10/2026,
1351,44.2,gf,2.450,mm,OK,--,9:38:46 PM,7/10/2026,
1352,44.2,gf,2.445,mm,OK,--,9:38:46 PM,7/10/2026,
1353,44.2,gf,2.445,mm,OK,--,9:38:46 PM,7/10/2026,
1354,44.2,gf,2.440,mm,OK,--,9:38:46 PM,7/10/2026,
1355,44.2,gf,2.435,mm,OK,--,9:38:46 PM,7/10/2026,
1356,44.2,gf,2.430,mm,OK,--,9:38:46 PM,7/10/2026,
1357,44.2,gf,2.425,mm,OK,--,9:38:46 PM,7/10/2026,
1358,44.0,gf,2.415,mm,OK,--,9:38:46 PM,7/10/2026,
1359,44.0,gf,2.405,mm,OK,--,9:38:46 PM,7/10/2026,
1360,43.8,gf,2.390,mm,OK,--,9:38:46 PM,7/10/2026,
1361,43.5,gf,2.370,mm,OK,--,9:38:47 PM,7/10/2026,
1362,43.3,gf,2.355,mm,OK,--,9:38:47 PM,7/10/2026,
1363,43.0,gf,2.340,mm,OK,--,9:38:47 PM,7/10/2026,
1364,42.5,gf,2.330,mm,OK,--,9:38:47 PM,7/10/2026,
1365,42.2,gf,2.315,mm,OK,--,9:38:47 PM,7/10/2026,
1366,41.8,gf,2.305,mm,OK,--,9:38:47 PM,7/10/2026,
1367,41.5,gf,2.295,mm,OK,--,9:38:47 PM,7/10/2026,
1368,41.2,gf,2.280,mm,OK,--,9:38:47 PM,7/10/2026,
1369,40.8,gf,2.275,mm,OK,--,9:38:47 PM,7/10/2026,
1370,40.5,gf,2.265,mm,OK,--,9:38:47 PM,7/10/2026,
1371,40.2,gf,2.260,mm,OK,--,9:38:48 PM,7/10/2026,
1372,40.0,gf,2.250,mm,OK,--,9:38:48 PM,7/10/2026,
1373,39.6,gf,2.235,mm,OK,--,9:38:48 PM,7/10/2026,
1374,39.2,gf,2.225,mm,OK,--,9:38:48 PM,7/10/2026,
1375,38.8,gf,2.215,mm,OK,--,9:38:48 PM,7/10/2026,
1376,38.5,gf,2.205,mm,OK,--,9:38:48 PM,7/10/2026,
1377,38.2,gf,2.200,mm,OK,--,9:38:48 PM,7/10/2026,
1378,38.0,gf,2.195,mm,OK,--,9:38:48 PM,7/10/2026,
1379,37.8,gf,2.185,mm,OK,--,9:38:48 PM,7/10/2026,
1380,37.4,gf,2.175,mm,OK,--,9:38:48 PM,7/10/2026,
1381,37.2,gf,2.170,mm,OK,--,9:38:49 PM,7/10/2026,
1382,37.1,gf,2.165,mm,OK,--,9:38:49 PM,7/10/2026,
1383,37.0,gf,2.160,mm,OK,--,9:38:49 PM,7/10/2026,
1384,37.0,gf,2.155,mm,OK,--,9:38:49 PM,7/10/2026,
1385,37.0,gf,2.150,mm,OK,--,9:38:49 PM,7/10/2026,
1386,37.0,gf,2.145,mm,OK,--,9:38:49 PM,7/10/2026,
1387,37.0,gf,2.140,mm,OK,--,9:38:49 PM,7/10/2026,
1388,37.1,gf,2.135,mm,OK,--,9:38:49 PM,7/10/2026,
1389,37.0,gf,2.130,mm,OK,--,9:38:49 PM,7/10/2026,
1390,37.0,gf,2.125,mm,OK,--,9:38:49 PM,7/10/2026,
1391,37.1,gf,2.120,mm,OK,--,9:38:50 PM,7/10/2026,
1392,37.1,gf,2.110,mm,OK,--,9:38:50 PM,7/10/2026,
1393,37.1,gf,2.100,mm,OK,--,9:38:50 PM,7/10/2026,
1394,36.9,gf,2.095,mm,OK,--,9:38:50 PM,7/10/2026,
1395,36.8,gf,2.085,mm,OK,--,9:38:50 PM,7/10/2026,
1396,36.8,gf,2.075,mm,OK,--,9:38:50 PM,7/10/2026,
1397,36.8,gf,2.060,mm,OK,--,9:38:50 PM,7/10/2026,
1398,36.8,gf,2.045,mm,OK,--,9:38:50 PM,7/10/2026,
1399,36.7,gf,2.035,mm,OK,--,9:38:50 PM,7/10/2026,
1400,36.6,gf,2.025,mm,OK,--,9:38:50 PM,7/10/2026,
1401,36.5,gf,2.015,mm,OK,--,9:38:51 PM,7/10/2026,
1402,36.3,gf,2.005,mm,OK,--,9:38:51 PM,7/10/2026,
1403,36.2,gf,2.000,mm,OK,--,9:38:51 PM,7/10/2026,
1404,36.4,gf,1.985,mm,OK,--,9:38:51 PM,7/10/2026,
1405,36.3,gf,1.970,mm,OK,--,9:38:51 PM,7/10/2026,
1406,36.1,gf,1.960,mm,OK,--,9:38:51 PM,7/10/2026,
1407,36.1,gf,1.950,mm,OK,--,9:38:51 PM,7/10/2026,
1408,36.2,gf,1.945,mm,OK,--,9:38:51 PM,7/10/2026,
1409,36.2,gf,1.935,mm,OK,--,9:38:51 PM,7/10/2026,
1410,36.1,gf,1.930,mm,OK,--,9:38:51 PM,7/10/2026,
1411,36.1,gf,1.920,mm,OK,--,9:38:52 PM,7/10/2026,
1412,36.0,gf,1.910,mm,OK,--,9:38:52 PM,7/10/2026,
1413,36.1,gf,1.900,mm,OK,--,9:38:52 PM,7/10/2026,
1414,36.2,gf,1.885,mm,OK,--,9:38:52 PM,7/10/2026,
1415,36.1,gf,1.875,mm,OK,--,9:38:52 PM,7/10/2026,
1416,35.8,gf,1.865,mm,OK,--,9:38:52 PM,7/10/2026,
1417,35.8,gf,1.855,mm,OK,--,9:38:52 PM,7/10/2026,
1418,35.7,gf,1.845,mm,OK,--,9:38:52 PM,7/10/2026,
1419,35.5,gf,1.840,mm,OK,--,9:38:52 PM,7/10/2026,
1420,35.4,gf,1.835,mm,OK,--,9:38:52 PM,7/10/2026,
1421,35.3,gf,1.830,mm,OK,--,9:38:53 PM,7/10/2026,
1422,35.6,gf,1.820,mm,OK,--,9:38:53 PM,7/10/2026,
1423,35.6,gf,1.810,mm,OK,--,9:38:53 PM,7/10/2026,
1424,35.5,gf,1.800,mm,OK,--,9:38:53 PM,7/10/2026,
1425,35.3,gf,1.795,mm,OK,--,9:38:53 PM,7/10/2026,
1426,35.2,gf,1.790,mm,OK,--,9:38:53 PM,7/10/2026,
1427,35.3,gf,1.785,mm,OK,--,9:38:53 PM,7/10/2026,
1428,35.2,gf,1.775,mm,OK,--,9:38:53 PM,7/10/2026,
1429,35.2,gf,1.765,mm,OK,--,9:38:53 PM,7/10/2026,
1430,35.0,gf,1.755,mm,OK,--,9:38:53 PM,7/10/2026,
1431,35.0,gf,1.750,mm,OK,--,9:38:54 PM,7/10/2026,
1432,34.9,gf,1.745,mm,OK,--,9:38:54 PM,7/10/2026,
1433,34.9,gf,1.735,mm,OK,--,9:38:54 PM,7/10/2026,
1434,34.8,gf,1.735,mm,OK,--,9:38:54 PM,7/10/2026,
1435,34.7,gf,1.730,mm,OK,--,9:38:54 PM,7/10/2026,
1436,34.7,gf,1.730,mm,OK,--,9:38:54 PM,7/10/2026,
1437,34.7,gf,1.725,mm,OK,--,9:38:54 PM,7/10/2026,
1438,34.7,gf,1.720,mm,OK,--,9:38:54 PM,7/10/2026,
1439,34.7,gf,1.715,mm,OK,--,9:38:54 PM,7/10/2026,
1440,34.7,gf,1.710,mm,OK,--,9:38:54 PM,7/10/2026,
1441,34.6,gf,1.710,mm,OK,--,9:38:55 PM,7/10/2026,
1442,34.6,gf,1.705,mm,OK,--,9:38:55 PM,7/10/2026,
1443,34.4,gf,1.700,mm,OK,--,9:38:55 PM,7/10/2026,
1444,34.5,gf,1.695,mm,OK,--,9:38:55 PM,7/10/2026,
1445,34.4,gf,1.695,mm,OK,--,9:38:55 PM,7/10/2026,
1446,34.2,gf,1.690,mm,OK,--,9:38:55 PM,7/10/2026,
1447,34.4,gf,1.685,mm,OK,--,9:38:55 PM,7/10/2026,
1448,34.7,gf,1.660,mm,OK,--,9:38:55 PM,7/10/2026,
1449,34.4,gf,1.655,mm,OK,--,9:38:55 PM,7/10/2026,
1450,34.2,gf,1.650,mm,OK,--,9:38:55 PM,7/10/2026,
1451,34.3,gf,1.645,mm,OK,--,9:38:56 PM,7/10/2026,
1452,34.3,gf,1.640,mm,OK,--,9:38:56 PM,7/10/2026,
1453,34.3,gf,1.635,mm,OK,--,9:38:56 PM,7/10/2026,
1454,34.2,gf,1.630,mm,OK,--,9:38:56 PM,7/10/2026,
1455,34.4,gf,1.615,mm,OK,--,9:38:56 PM,7/10/2026,
1456,34.3,gf,1.605,mm,OK,--,9:38:56 PM,7/10/2026,
1457,34.0,gf,1.605,mm,OK,--,9:38:56 PM,7/10/2026,
1458,34.1,gf,1.600,mm,OK,--,9:38:56 PM,7/10/2026,
1459,34.0,gf,1.590,mm,OK,--,9:38:56 PM,7/10/2026,
1460,34.1,gf,1.585,mm,OK,--,9:38:56 PM,7/10/2026,
1461,34.0,gf,1.580,mm,OK,--,9:38:57 PM,7/10/2026,
1462,33.9,gf,1.570,mm,OK,--,9:38:57 PM,7/10/2026,
1463,33.8,gf,1.570,mm,OK,--,9:38:57 PM,7/10/2026,
1464,33.9,gf,1.565,mm,OK,--,9:38:57 PM,7/10/2026,
1465,33.9,gf,1.560,mm,OK,--,9:38:57 PM,7/10/2026,
1466,34.0,gf,1.550,mm,OK,--,9:38:57 PM,7/10/2026,
1467,33.8,gf,1.545,mm,OK,--,9:38:57 PM,7/10/2026,
1468,33.8,gf,1.540,mm,OK,--,9:38:57 PM,7/10/2026,
1469,33.9,gf,1.535,mm,OK,--,9:38:57 PM,7/10/2026,
1470,33.8,gf,1.530,mm,OK,--,9:38:57 PM,7/10/2026,
1471,33.7,gf,1.525,mm,OK,--,9:38:58 PM,7/10/2026,
1472,33.6,gf,1.520,mm,OK,--,9:38:58 PM,7/10/2026,
1473,33.7,gf,1.515,mm,OK,--,9:38:58 PM,7/10/2026,
1474,33.7,gf,1.510,mm,OK,--,9:38:58 PM,7/10/2026,
1475,33.7,gf,1.505,mm,OK,--,9:38:58 PM,7/10/2026,
1476,33.7,gf,1.500,mm,OK,--,9:38:58 PM,7/10/2026,
1477,33.7,gf,1.495,mm,OK,--,9:38:58 PM,7/10/2026,
1478,33.5,gf,1.490,mm,OK,--,9:38:58 PM,7/10/2026,
1479,33.4,gf,1.485,mm,OK,--,9:38:58 PM,7/10/2026,
1480,33.5,gf,1.480,mm,OK,--,9:38:58 PM,7/10/2026,
1481,33.4,gf,1.475,mm,OK,--,9:38:59 PM,7/10/2026,
1482,33.3,gf,1.470,mm,OK,--,9:38:59 PM,7/10/2026,
1483,33.4,gf,1.465,mm,OK,--,9:38:59 PM,7/10/2026,
1484,33.3,gf,1.465,mm,OK,--,9:38:59 PM,7/10/2026,
1485,33.2,gf,1.460,mm,OK,--,9:38:59 PM,7/10/2026,
1486,33.1,gf,1.455,mm,OK,--,9:38:59 PM,7/10/2026,
1487,33.0,gf,1.455,mm,OK,--,9:38:59 PM,7/10/2026,
1488,33.0,gf,1.450,mm,OK,--,9:38:59 PM,7/10/2026,
1489,33.0,gf,1.450,mm,OK,--,9:38:59 PM,7/10/2026,
1490,32.9,gf,1.450,mm,OK,--,9:38:59 PM,7/10/2026,
1491,32.9,gf,1.445,mm,OK,--,9:39:00 PM,7/10/2026,
1492,33.0,gf,1.445,mm,OK,--,9:39:00 PM,7/10/2026,
1493,32.9,gf,1.445,mm,OK,--,9:39:00 PM,7/10/2026,
1494,32.8,gf,1.440,mm,OK,--,9:39:00 PM,7/10/2026,
1495,32.8,gf,1.440,mm,OK,--,9:39:00 PM,7/10/2026,
1496,32.9,gf,1.440,mm,OK,--,9:39:00 PM,7/10/2026,
1497,32.9,gf,1.440,mm,OK,--,9:39:00 PM,7/10/2026,
1498,32.7,gf,1.435,mm,OK,--,9:39:00 PM,7/10/2026,
1499,32.8,gf,1.435,mm,OK,--,9:39:00 PM,7/10/2026,
1500,32.8,gf,1.435,mm,OK,--,9:39:00 PM,7/10/2026,
1501,32.8,gf,1.430,mm,OK,--,9:39:01 PM,7/10/2026,
1502,32.8,gf,1.430,mm,OK,--,9:39:01 PM,7/10/2026,
1503,32.8,gf,1.425,mm,OK,--,9:39:01 PM,7/10/2026,
1504,32.8,gf,1.425,mm,OK,--,9:39:01 PM,7/10/2026,
1505,32.7,gf,1.420,mm,OK,--,9:39:01 PM,7/10/2026,
1506,32.8,gf,1.420,mm,OK,--,9:39:01 PM,7/10/2026,
1507,32.7,gf,1.415,mm,OK,--,9:39:01 PM,7/10/2026,
1508,32.6,gf,1.415,mm,OK,--,9:39:01 PM,7/10/2026,
1509,32.6,gf,1.415,mm,OK,--,9:39:01 PM,7/10/2026,
1510,32.8,gf,1.410,mm,OK,--,9:39:01 PM,7/10/2026,
1511,33.2,gf,1.400,mm,OK,--,9:39:02 PM,7/10/2026,
1512,33.3,gf,1.390,mm,OK,--,9:39:02 PM,7/10/2026,
1513,33.3,gf,1.380,mm,OK,--,9:39:02 PM,7/10/2026,
1514,33.3,gf,1.370,mm,OK,--,9:39:02 PM,7/10/2026,
1515,33.2,gf,1.360,mm,OK,--,9:39:02 PM,7/10/2026,
1516,33.1,gf,1.355,mm,OK,--,9:39:02 PM,7/10/2026,
1517,33.0,gf,1.355,mm,OK,--,9:39:02 PM,7/10/2026,
1518,32.9,gf,1.350,mm,OK,--,9:39:02 PM,7/10/2026,
1519,33.1,gf,1.340,mm,OK,--,9:39:02 PM,7/10/2026,
1520,33.0,gf,1.335,mm,OK,--,9:39:02 PM,7/10/2026,
1521,33.1,gf,1.325,mm,OK,--,9:39:03 PM,7/10/2026,
1522,33.1,gf,1.315,mm,OK,--,9:39:03 PM,7/10/2026,
1523,33.0,gf,1.310,mm,OK,--,9:39:03 PM,7/10/2026,
1524,33.0,gf,1.300,mm,OK,--,9:39:03 PM,7/10/2026,
1525,33.1,gf,1.290,mm,OK,--,9:39:03 PM,7/10/2026,
1526,33.1,gf,1.275,mm,OK,--,9:39:03 PM,7/10/2026,
1527,33.0,gf,1.265,mm,OK,--,9:39:03 PM,7/10/2026,
1528,32.9,gf,1.260,mm,OK,--,9:39:03 PM,7/10/2026,
1529,32.8,gf,1.255,mm,OK,--,9:39:03 PM,7/10/2026,
1530,32.6,gf,1.250,mm,OK,--,9:39:03 PM,7/10/2026,
1531,32.8,gf,1.245,mm,OK,--,9:39:04 PM,7/10/2026,
1532,32.7,gf,1.240,mm,OK,--,9:39:04 PM,7/10/2026,
1533,32.7,gf,1.240,mm,OK,--,9:39:04 PM,7/10/2026,
1534,32.7,gf,1.235,mm,OK,--,9:39:04 PM,7/10/2026,
1535,32.6,gf,1.235,mm,OK,--,9:39:04 PM,7/10/2026,
1536,32.6,gf,1.230,mm,OK,--,9:39:04 PM,7/10/2026,
1537,32.7,gf,1.230,mm,OK,--,9:39:04 PM,7/10/2026,
1538,32.6,gf,1.230,mm,OK,--,9:39:04 PM,7/10/2026,
1539,32.5,gf,1.230,mm,OK,--,9:39:04 PM,7/10/2026,
1540,32.6,gf,1.225,mm,OK,--,9:39:04 PM,7/10/2026,
1541,32.7,gf,1.220,mm,OK,--,9:39:05 PM,7/10/2026,
1542,32.6,gf,1.215,mm,OK,--,9:39:05 PM,7/10/2026,
1543,32.6,gf,1.215,mm,OK,--,9:39:05 PM,7/10/2026,
1544,32.5,gf,1.210,mm,OK,--,9:39:05 PM,7/10/2026,
1545,32.6,gf,1.205,mm,OK,--,9:39:05 PM,7/10/2026,
1546,32.7,gf,1.200,mm,OK,--,9:39:05 PM,7/10/2026,
1547,32.6,gf,1.195,mm,OK,--,9:39:05 PM,7/10/2026,
1548,32.5,gf,1.190,mm,OK,--,9:39:05 PM,7/10/2026,
1549,32.5,gf,1.190,mm,OK,--,9:39:05 PM,7/10/2026,
1550,32.4,gf,1.185,mm,OK,--,9:39:05 PM,7/10/2026,
1551,32.4,gf,1.185,mm,OK,--,9:39:06 PM,7/10/2026,
1552,32.5,gf,1.180,mm,OK,--,9:39:06 PM,7/10/2026,
1553,32.4,gf,1.175,mm,OK,--,9:39:06 PM,7/10/2026,
1554,32.4,gf,1.170,mm,OK,--,9:39:06 PM,7/10/2026,
1555,32.3,gf,1.170,mm,OK,--,9:39:06 PM,7/10/2026,
1556,32.3,gf,1.165,mm,OK,--,9:39:06 PM,7/10/2026,
1557,32.3,gf,1.160,mm,OK,--,9:39:06 PM,7/10/2026,
1558,32.2,gf,1.160,mm,OK,--,9:39:06 PM,7/10/2026,
1559,32.1,gf,1.160,mm,OK,--,9:39:06 PM,7/10/2026,
1560,32.4,gf,1.150,mm,OK,--,9:39:06 PM,7/10/2026,
1561,32.3,gf,1.150,mm,OK,--,9:39:07 PM,7/10/2026,
1562,32.4,gf,1.140,mm,OK,--,9:39:07 PM,7/10/2026,
1563,32.4,gf,1.135,mm,OK,--,9:39:07 PM,7/10/2026,
1564,32.4,gf,1.135,mm,OK,--,9:39:07 PM,7/10/2026,
1565,32.3,gf,1.130,mm,OK,--,9:39:07 PM,7/10/2026,
1566,32.4,gf,1.125,mm,OK,--,9:39:07 PM,7/10/2026,
1567,32.6,gf,1.115,mm,OK,--,9:39:07 PM,7/10/2026,
1568,32.5,gf,1.110,mm,OK,--,9:39:07 PM,7/10/2026,
1569,32.5,gf,1.105,mm,OK,--,9:39:07 PM,7/10/2026,
1570,32.6,gf,1.100,mm,OK,--,9:39:07 PM,7/10/2026,
1571,32.5,gf,1.095,mm,OK,--,9:39:08 PM,7/10/2026,
1572,32.4,gf,1.090,mm,OK,--,9:39:08 PM,7/10/2026,
1573,32.2,gf,1.085,mm,OK,--,9:39:08 PM,7/10/2026,
1574,32.2,gf,1.085,mm,OK,--,9:39:08 PM,7/10/2026,
1575,32.1,gf,1.080,mm,OK,--,9:39:08 PM,7/10/2026,
1576,32.1,gf,1.075,mm,OK,--,9:39:08 PM,7/10/2026,
1577,32.1,gf,1.075,mm,OK,--,9:39:08 PM,7/10/2026,
1578,32.1,gf,1.070,mm,OK,--,9:39:08 PM,7/10/2026,
1579,32.1,gf,1.070,mm,OK,--,9:39:08 PM,7/10/2026,
1580,32.1,gf,1.065,mm,OK,--,9:39:08 PM,7/10/2026,
1581,32.0,gf,1.060,mm,OK,--,9:39:09 PM,7/10/2026,
1582,32.0,gf,1.060,mm,OK,--,9:39:09 PM,7/10/2026,
1583,32.0,gf,1.055,mm,OK,--,9:39:09 PM,7/10/2026,
1584,32.0,gf,1.050,mm,OK,--,9:39:09 PM,7/10/2026,
1585,32.0,gf,1.050,mm,OK,--,9:39:09 PM,7/10/2026,
1586,32.0,gf,1.045,mm,OK,--,9:39:09 PM,7/10/2026,
1587,31.9,gf,1.045,mm,OK,--,9:39:09 PM,7/10/2026,
1588,31.9,gf,1.040,mm,OK,--,9:39:09 PM,7/10/2026,
1589,31.9,gf,1.040,mm,OK,--,9:39:09 PM,7/10/2026,
1590,31.9,gf,1.040,mm,OK,--,9:39:09 PM,7/10/2026,
1591,31.8,gf,1.035,mm,OK,--,9:39:10 PM,7/10/2026,
1592,31.8,gf,1.035,mm,OK,--,9:39:10 PM,7/10/2026,
1593,31.8,gf,1.030,mm,OK,--,9:39:10 PM,7/10/2026,
1594,31.8,gf,1.030,mm,OK,--,9:39:10 PM,7/10/2026,
1595,31.8,gf,1.025,mm,OK,--,9:39:10 PM,7/10/2026,
1596,31.7,gf,1.025,mm,OK,--,9:39:10 PM,7/10/2026,
1597,31.7,gf,1.025,mm,OK,--,9:39:10 PM,7/10/2026,
1598,31.7,gf,1.020,mm,OK,--,9:39:10 PM,7/10/2026,
1599,31.8,gf,1.020,mm,OK,--,9:39:10 PM,7/10/2026,
1600,31.9,gf,1.015,mm,OK,--,9:39:10 PM,7/10/2026,
1601,31.9,gf,1.010,mm,OK,--,9:39:11 PM,7/10/2026,
1602,32.0,gf,1.005,mm,OK,--,9:39:11 PM,7/10/2026,
1603,32.0,gf,1.000,mm,OK,--,9:39:11 PM,7/10/2026,
1604,32.0,gf,1.000,mm,OK,--,9:39:11 PM,7/10/2026,
1605,31.9,gf,0.995,mm,OK,--,9:39:11 PM,7/10/2026,
1606,31.9,gf,0.995,mm,OK,--,9:39:11 PM,7/10/2026,
1607,31.9,gf,0.995,mm,OK,--,9:39:11 PM,7/10/2026,
1608,31.9,gf,0.990,mm,OK,--,9:39:11 PM,7/10/2026,
1609,31.8,gf,0.990,mm,OK,--,9:39:11 PM,7/10/2026,
1610,31.7,gf,0.985,mm,OK,--,9:39:11 PM,7/10/2026,
1611,31.8,gf,0.980,mm,OK,--,9:39:12 PM,7/10/2026,
1612,31.8,gf,0.980,mm,OK,--,9:39:12 PM,7/10/2026,
1613,31.7,gf,0.975,mm,OK,--,9:39:12 PM,7/10/2026,
1614,31.7,gf,0.970,mm,OK,--,9:39:12 PM,7/10/2026,
1615,31.6,gf,0.965,mm,OK,--,9:39:12 PM,7/10/2026,
1616,31.6,gf,0.960,mm,OK,--,9:39:12 PM,7/10/2026,
1617,31.7,gf,0.955,mm,OK,--,9:39:12 PM,7/10/2026,
1618,31.7,gf,0.950,mm,OK,--,9:39:12 PM,7/10/2026,
1619,31.7,gf,0.945,mm,OK,--,9:39:12 PM,7/10/2026,
1620,31.8,gf,0.940,mm,OK,--,9:39:12 PM,7/10/2026,
1621,32.0,gf,0.930,mm,OK,--,9:39:13 PM,7/10/2026,
1622,32.0,gf,0.925,mm,OK,--,9:39:13 PM,7/10/2026,
1623,31.9,gf,0.925,mm,OK,--,9:39:13 PM,7/10/2026,
1624,31.8,gf,0.920,mm,OK,--,9:39:13 PM,7/10/2026,
1625,31.8,gf,0.920,mm,OK,--,9:39:13 PM,7/10/2026,
1626,31.7,gf,0.920,mm,OK,--,9:39:13 PM,7/10/2026,
1627,31.6,gf,0.915,mm,OK,--,9:39:13 PM,7/10/2026,
1628,31.7,gf,0.915,mm,OK,--,9:39:13 PM,7/10/2026,
1629,31.9,gf,0.905,mm,OK,--,9:39:13 PM,7/10/2026,
1630,32.1,gf,0.900,mm,OK,--,9:39:13 PM,7/10/2026,
1631,32.1,gf,0.895,mm,OK,--,9:39:14 PM,7/10/2026,
1632,31.9,gf,0.890,mm,OK,--,9:39:14 PM,7/10/2026,
1633,31.8,gf,0.885,mm,OK,--,9:39:14 PM,7/10/2026,
1634,31.7,gf,0.880,mm,OK,--,9:39:14 PM,7/10/2026,
1635,31.7,gf,0.875,mm,OK,--,9:39:14 PM,7/10/2026,
1636,31.7,gf,0.875,mm,OK,--,9:39:14 PM,7/10/2026,
1637,31.7,gf,0.870,mm,OK,--,9:39:14 PM,7/10/2026,
1638,31.6,gf,0.870,mm,OK,--,9:39:14 PM,7/10/2026,
1639,31.5,gf,0.865,mm,OK,--,9:39:14 PM,7/10/2026,
1640,31.6,gf,0.860,mm,OK,--,9:39:14 PM,7/10/2026,
1641,31.6,gf,0.855,mm,OK,--,9:39:15 PM,7/10/2026,
1642,31.6,gf,0.855,mm,OK,--,9:39:15 PM,7/10/2026,
1643,31.6,gf,0.850,mm,OK,--,9:39:15 PM,7/10/2026,
1644,31.6,gf,0.845,mm,OK,--,9:39:15 PM,7/10/2026,
1645,31.7,gf,0.840,mm,OK,--,9:39:15 PM,7/10/2026,
1646,31.7,gf,0.835,mm,OK,--,9:39:15 PM,7/10/2026,
1647,31.6,gf,0.830,mm,OK,--,9:39:15 PM,7/10/2026,
1648,31.6,gf,0.830,mm,OK,--,9:39:15 PM,7/10/2026,
1649,31.6,gf,0.825,mm,OK,--,9:39:15 PM,7/10/2026,
1650,31.5,gf,0.825,mm,OK,--,9:39:15 PM,7/10/2026,
1651,31.5,gf,0.820,mm,OK,--,9:39:16 PM,7/10/2026,
1652,31.5,gf,0.820,mm,OK,--,9:39:16 PM,7/10/2026,
1653,31.6,gf,0.815,mm,OK,--,9:39:16 PM,7/10/2026,
1654,31.4,gf,0.815,mm,OK,--,9:39:16 PM,7/10/2026,
1655,31.5,gf,0.810,mm,OK,--,9:39:16 PM,7/10/2026,
1656,31.5,gf,0.810,mm,OK,--,9:39:16 PM,7/10/2026,
1657,31.5,gf,0.805,mm,OK,--,9:39:16 PM,7/10/2026,
1658,31.5,gf,0.800,mm,OK,--,9:39:16 PM,7/10/2026,
1659,31.5,gf,0.800,mm,OK,--,9:39:16 PM,7/10/2026,
1660,31.5,gf,0.795,mm,OK,--,9:39:16 PM,7/10/2026,
1661,31.4,gf,0.790,mm,OK,--,9:39:17 PM,7/10/2026,
1662,31.4,gf,0.785,mm,OK,--,9:39:17 PM,7/10/2026,
1663,31.3,gf,0.780,mm,OK,--,9:39:17 PM,7/10/2026,
1664,31.2,gf,0.775,mm,OK,--,9:39:17 PM,7/10/2026,
1665,31.1,gf,0.770,mm,OK,--,9:39:17 PM,7/10/2026,
1666,31.1,gf,0.765,mm,OK,--,9:39:17 PM,7/10/2026,
1667,31.2,gf,0.760,mm,OK,--,9:39:17 PM,7/10/2026,
1668,31.1,gf,0.755,mm,OK,--,9:39:17 PM,7/10/2026,
1669,31.0,gf,0.750,mm,OK,--,9:39:17 PM,7/10/2026,
1670,31.0,gf,0.745,mm,OK,--,9:39:17 PM,7/10/2026,
1671,30.9,gf,0.740,mm,OK,--,9:39:18 PM,7/10/2026,
1672,30.9,gf,0.740,mm,OK,--,9:39:18 PM,7/10/2026,
1673,30.9,gf,0.735,mm,OK,--,9:39:18 PM,7/10/2026,
1674,30.8,gf,0.735,mm,OK,--,9:39:18 PM,7/10/2026,
1675,30.8,gf,0.730,mm,OK,--,9:39:18 PM,7/10/2026,
1676,30.8,gf,0.730,mm,OK,--,9:39:18 PM,7/10/2026,
1677,30.8,gf,0.725,mm,OK,--,9:39:18 PM,7/10/2026,
1678,30.7,gf,0.725,mm,OK,--,9:39:18 PM,7/10/2026,
1679,30.7,gf,0.725,mm,OK,--,9:39:18 PM,7/10/2026,
1680,30.7,gf,0.720,mm,OK,--,9:39:18 PM,7/10/2026,
1681,30.6,gf,0.720,mm,OK,--,9:39:19 PM,7/10/2026,
1682,30.6,gf,0.720,mm,OK,--,9:39:19 PM,7/10/2026,
1683,30.5,gf,0.720,mm,OK,--,9:39:19 PM,7/10/2026,
1684,30.6,gf,0.715,mm,OK,--,9:39:19 PM,7/10/2026,
1685,30.6,gf,0.715,mm,OK,--,9:39:19 PM,7/10/2026,
1686,30.6,gf,0.715,mm,OK,--,9:39:19 PM,7/10/2026,
1687,30.5,gf,0.715,mm,OK,--,9:39:19 PM,7/10/2026,
1688,30.5,gf,0.710,mm,OK,--,9:39:19 PM,7/10/2026,
1689,30.4,gf,0.710,mm,OK,--,9:39:19 PM,7/10/2026,
1690,30.4,gf,0.710,mm,OK,--,9:39:19 PM,7/10/2026,
1691,30.4,gf,0.705,mm,OK,--,9:39:20 PM,7/10/2026,
1692,30.5,gf,0.700,mm,OK,--,9:39:20 PM,7/10/2026,
1693,30.5,gf,0.695,mm,OK,--,9:39:20 PM,7/10/2026,
1694,30.5,gf,0.695,mm,OK,--,9:39:20 PM,7/10/2026,
1695,30.5,gf,0.690,mm,OK,--,9:39:20 PM,7/10/2026,
1696,30.5,gf,0.685,mm,OK,--,9:39:20 PM,7/10/2026,
1697,30.5,gf,0.680,mm,OK,--,9:39:20 PM,7/10/2026,
1698,30.4,gf,0.680,mm,OK,--,9:39:20 PM,7/10/2026,
1699,30.3,gf,0.675,mm,OK,--,9:39:20 PM,7/10/2026,
1700,30.4,gf,0.670,mm,OK,--,9:39:20 PM,7/10/2026,
1701,30.4,gf,0.665,mm,OK,--,9:39:21 PM,7/10/2026,
1702,30.4,gf,0.660,mm,OK,--,9:39:21 PM,7/10/2026,
1703,30.4,gf,0.655,mm,OK,--,9:39:21 PM,7/10/2026,
1704,30.4,gf,0.650,mm,OK,--,9:39:21 PM,7/10/2026,
1705,30.3,gf,0.650,mm,OK,--,9:39:21 PM,7/10/2026,
1706,30.2,gf,0.645,mm,OK,--,9:39:21 PM,7/10/2026,
1707,30.2,gf,0.640,mm,OK,--,9:39:21 PM,7/10/2026,
1708,30.3,gf,0.635,mm,OK,--,9:39:21 PM,7/10/2026,
1709,30.3,gf,0.630,mm,OK,--,9:39:21 PM,7/10/2026,
1710,30.2,gf,0.630,mm,OK,--,9:39:21 PM,7/10/2026,
1711,30.2,gf,0.625,mm,OK,--,9:39:22 PM,7/10/2026,
1712,30.2,gf,0.620,mm,OK,--,9:39:22 PM,7/10/2026,
1713,30.2,gf,0.620,mm,OK,--,9:39:22 PM,7/10/2026,
1714,30.2,gf,0.620,mm,OK,--,9:39:22 PM,7/10/2026,
1715,30.2,gf,0.615,mm,OK,--,9:39:22 PM,7/10/2026,
1716,30.4,gf,0.610,mm,OK,--,9:39:22 PM,7/10/2026,
1717,30.5,gf,0.605,mm,OK,--,9:39:22 PM,7/10/2026,
1718,30.4,gf,0.600,mm,OK,--,9:39:22 PM,7/10/2026,
1719,30.4,gf,0.595,mm,OK,--,9:39:22 PM,7/10/2026,
1720,30.4,gf,0.590,mm,OK,--,9:39:22 PM,7/10/2026,
1721,30.3,gf,0.590,mm,OK,--,9:39:23 PM,7/10/2026,
1722,30.3,gf,0.585,mm,OK,--,9:39:23 PM,7/10/2026,
1723,30.3,gf,0.580,mm,OK,--,9:39:23 PM,7/10/2026,
1724,30.3,gf,0.575,mm,OK,--,9:39:23 PM,7/10/2026,
1725,30.3,gf,0.570,mm,OK,--,9:39:23 PM,7/10/2026,
1726,30.2,gf,0.565,mm,OK,--,9:39:23 PM,7/10/2026,
1727,30.3,gf,0.560,mm,OK,--,9:39:23 PM,7/10/2026,
1728,30.3,gf,0.555,mm,OK,--,9:39:23 PM,7/10/2026,
1729,30.3,gf,0.550,mm,OK,--,9:39:23 PM,7/10/2026,
1730,30.1,gf,0.545,mm,OK,--,9:39:23 PM,7/10/2026,
1731,30.3,gf,0.540,mm,OK,--,9:39:24 PM,7/10/2026,
1732,30.2,gf,0.535,mm,OK,--,9:39:24 PM,7/10/2026,
1733,30.2,gf,0.530,mm,OK,--,9:39:24 PM,7/10/2026,
1734,30.2,gf,0.525,mm,OK,--,9:39:24 PM,7/10/2026,
1735,30.1,gf,0.520,mm,OK,--,9:39:24 PM,7/10/2026,
1736,30.2,gf,0.515,mm,OK,--,9:39:24 PM,7/10/2026,
1737,30.0,gf,0.515,mm,OK,--,9:39:24 PM,7/10/2026,
1738,30.0,gf,0.510,mm,OK,--,9:39:24 PM,7/10/2026,
1739,30.1,gf,0.505,mm,OK,--,9:39:24 PM,7/10/2026,
1740,29.9,gf,0.505,mm,OK,--,9:39:24 PM,7/10/2026,
1741,30.0,gf,0.495,mm,OK,--,9:39:25 PM,7/10/2026,
1742,29.9,gf,0.495,mm,OK,--,9:39:25 PM,7/10/2026,
1743,29.9,gf,0.490,mm,OK,--,9:39:25 PM,7/10/2026,
1744,29.7,gf,0.490,mm,OK,--,9:39:25 PM,7/10/2026,
1745,29.7,gf,0.490,mm,OK,--,9:39:25 PM,7/10/2026,
1746,29.7,gf,0.485,mm,OK,--,9:39:25 PM,7/10/2026,
1747,29.6,gf,0.485,mm,OK,--,9:39:25 PM,7/10/2026,
1748,29.5,gf,0.485,mm,OK,--,9:39:25 PM,7/10/2026,
1749,29.5,gf,0.480,mm,OK,--,9:39:25 PM,7/10/2026,
1750,29.5,gf,0.480,mm,OK,--,9:39:25 PM,7/10/2026,
1751,29.4,gf,0.480,mm,OK,--,9:39:26 PM,7/10/2026,
1752,29.4,gf,0.475,mm,OK,--,9:39:26 PM,7/10/2026,
1753,29.5,gf,0.475,mm,OK,--,9:39:26 PM,7/10/2026,
1754,29.4,gf,0.475,mm,OK,--,9:39:26 PM,7/10/2026,
1755,29.3,gf,0.475,mm,OK,--,9:39:26 PM,7/10/2026,
1756,29.3,gf,0.470,mm,OK,--,9:39:26 PM,7/10/2026,
1757,29.3,gf,0.470,mm,OK,--,9:39:26 PM,7/10/2026,
1758,29.2,gf,0.470,mm,OK,--,9:39:26 PM,7/10/2026,
1759,29.3,gf,0.465,mm,OK,--,9:39:26 PM,7/10/2026,
1760,29.3,gf,0.465,mm,OK,--,9:39:26 PM,7/10/2026,
1761,29.2,gf,0.465,mm,OK,--,9:39:27 PM,7/10/2026,
1762,29.1,gf,0.465,mm,OK,--,9:39:27 PM,7/10/2026,
1763,29.2,gf,0.460,mm,OK,--,9:39:27 PM,7/10/2026,
1764,29.1,gf,0.460,mm,OK,--,9:39:27 PM,7/10/2026,
1765,29.2,gf,0.455,mm,OK,--,9:39:27 PM,7/10/2026,
1766,29.3,gf,0.455,mm,OK,--,9:39:27 PM,7/10/2026,
1767,29.2,gf,0.450,mm,OK,--,9:39:27 PM,7/10/2026,
1768,29.2,gf,0.450,mm,OK,--,9:39:27 PM,7/10/2026,
1769,29.2,gf,0.450,mm,OK,--,9:39:27 PM,7/10/2026,
1770,29.2,gf,0.445,mm,OK,--,9:39:27 PM,7/10/2026,
1771,29.2,gf,0.445,mm,OK,--,9:39:28 PM,7/10/2026,
1772,29.1,gf,0.445,mm,OK,--,9:39:28 PM,7/10/2026,
1773,29.2,gf,0.440,mm,OK,--,9:39:28 PM,7/10/2026,
1774,29.2,gf,0.440,mm,OK,--,9:39:28 PM,7/10/2026,
1775,29.0,gf,0.440,mm,OK,--,9:39:28 PM,7/10/2026,
1776,29.0,gf,0.440,mm,OK,--,9:39:28 PM,7/10/2026,
1777,29.0,gf,0.435,mm,OK,--,9:39:28 PM,7/10/2026,
1778,29.0,gf,0.435,mm,OK,--,9:39:28 PM,7/10/2026,
1779,29.0,gf,0.435,mm,OK,--,9:39:28 PM,7/10/2026,
1780,28.9,gf,0.435,mm,OK,--,9:39:28 PM,7/10/2026,
1781,29.0,gf,0.430,mm,OK,--,9:39:29 PM,7/10/2026,
1782,29.0,gf,0.430,mm,OK,--,9:39:29 PM,7/10/2026,
1783,29.0,gf,0.430,mm,OK,--,9:39:29 PM,7/10/2026,
1784,28.9,gf,0.430,mm,OK,--,9:39:29 PM,7/10/2026,
1785,28.9,gf,0.425,mm,OK,--,9:39:29 PM,7/10/2026,
1786,28.9,gf,0.425,mm,OK,--,9:39:29 PM,7/10/2026,
1787,28.9,gf,0.425,mm,OK,--,9:39:29 PM,7/10/2026,
1788,28.8,gf,0.425,mm,OK,--,9:39:29 PM,7/10/2026,
1789,29.0,gf,0.420,mm,OK,--,9:39:29 PM,7/10/2026,
1790,29.0,gf,0.420,mm,OK,--,9:39:29 PM,7/10/2026,
1791,28.9,gf,0.415,mm,OK,--,9:39:30 PM,7/10/2026,
1792,28.9,gf,0.415,mm,OK,--,9:39:30 PM,7/10/2026,
1793,28.9,gf,0.410,mm,OK,--,9:39:30 PM,7/10/2026,
1794,28.9,gf,0.405,mm,OK,--,9:39:30 PM,7/10/2026,
1795,29.0,gf,0.405,mm,OK,--,9:39:30 PM,7/10/2026,
1796,29.0,gf,0.400,mm,OK,--,9:39:30 PM,7/10/2026,
1797,29.1,gf,0.395,mm,OK,--,9:39:30 PM,7/10/2026,
1798,29.0,gf,0.390,mm,OK,--,9:39:30 PM,7/10/2026,
1799,28.9,gf,0.390,mm,OK,--,9:39:30 PM,7/10/2026,
1800,28.9,gf,0.385,mm,OK,--,9:39:30 PM,7/10/2026,
1801,28.9,gf,0.385,mm,OK,--,9:39:31 PM,7/10/2026,
1802,28.9,gf,0.385,mm,OK,--,9:39:31 PM,7/10/2026,
1803,28.8,gf,0.385,mm,OK,--,9:39:31 PM,7/10/2026,
1804,28.9,gf,0.380,mm,OK,--,9:39:31 PM,7/10/2026,
1805,28.9,gf,0.380,mm,OK,--,9:39:31 PM,7/10/2026,
1806,28.9,gf,0.380,mm,OK,--,9:39:31 PM,7/10/2026,
1807,28.9,gf,0.375,mm,OK,--,9:39:31 PM,7/10/2026,
1808,28.9,gf,0.375,mm,OK,--,9:39:31 PM,7/10/2026,
1809,29.0,gf,0.370,mm,OK,--,9:39:31 PM,7/10/2026,
1810,29.0,gf,0.370,mm,OK,--,9:39:31 PM,7/10/2026,
1811,29.0,gf,0.370,mm,OK,--,9:39:32 PM,7/10/2026,
1812,29.1,gf,0.365,mm,OK,--,9:39:32 PM,7/10/2026,
1813,29.1,gf,0.365,mm,OK,--,9:39:32 PM,7/10/2026,
1814,29.0,gf,0.360,mm,OK,--,9:39:32 PM,7/10/2026,
1815,29.0,gf,0.360,mm,OK,--,9:39:32 PM,7/10/2026,
1816,29.0,gf,0.360,mm,OK,--,9:39:32 PM,7/10/2026,
1817,28.9,gf,0.360,mm,OK,--,9:39:32 PM,7/10/2026,
1818,28.9,gf,0.355,mm,OK,--,9:39:32 PM,7/10/2026,
1819,28.8,gf,0.355,mm,OK,--,9:39:32 PM,7/10/2026,
1820,29.0,gf,0.350,mm,OK,--,9:39:32 PM,7/10/2026,
1821,29.1,gf,0.350,mm,OK,--,9:39:33 PM,7/10/2026,
1822,29.1,gf,0.345,mm,OK,--,9:39:33 PM,7/10/2026,
1823,29.0,gf,0.340,mm,OK,--,9:39:33 PM,7/10/2026,
1824,28.9,gf,0.340,mm,OK,--,9:39:33 PM,7/10/2026,
1825,28.8,gf,0.335,mm,OK,--,9:39:33 PM,7/10/2026,
1826,28.7,gf,0.335,mm,OK,--,9:39:33 PM,7/10/2026,
1827,28.6,gf,0.330,mm,OK,--,9:39:33 PM,7/10/2026,
1828,28.8,gf,0.330,mm,OK,--,9:39:33 PM,7/10/2026,
1829,28.8,gf,0.325,mm,OK,--,9:39:33 PM,7/10/2026,
1830,28.8,gf,0.320,mm,OK,--,9:39:33 PM,7/10/2026,
1831,28.9,gf,0.320,mm,OK,--,9:39:34 PM,7/10/2026,
1832,28.9,gf,0.315,mm,OK,--,9:39:34 PM,7/10/2026,
1833,28.9,gf,0.315,mm,OK,--,9:39:34 PM,7/10/2026,
1834,28.9,gf,0.315,mm,OK,--,9:39:34 PM,7/10/2026,
1835,28.8,gf,0.310,mm,OK,--,9:39:34 PM,7/10/2026,
1836,28.8,gf,0.305,mm,OK,--,9:39:34 PM,7/10/2026,
1837,28.8,gf,0.305,mm,OK,--,9:39:34 PM,7/10/2026,
1838,28.7,gf,0.300,mm,OK,--,9:39:34 PM,7/10/2026,
1839,28.7,gf,0.300,mm,OK,--,9:39:34 PM,7/10/2026,
1840,28.8,gf,0.295,mm,OK,--,9:39:34 PM,7/10/2026,
1841,28.8,gf,0.295,mm,OK,--,9:39:35 PM,7/10/2026,
1842,28.7,gf,0.290,mm,OK,--,9:39:35 PM,7/10/2026,
1843,28.8,gf,0.285,mm,OK,--,9:39:35 PM,7/10/2026,
1844,29.0,gf,0.280,mm,OK,--,9:39:35 PM,7/10/2026,
1845,28.9,gf,0.275,mm,OK,--,9:39:35 PM,7/10/2026,
1846,28.8,gf,0.270,mm,OK,--,9:39:35 PM,7/10/2026,
1847,28.8,gf,0.265,mm,OK,--,9:39:35 PM,7/10/2026,
1848,28.8,gf,0.260,mm,OK,--,9:39:35 PM,7/10/2026,
1849,28.8,gf,0.260,mm,OK,--,9:39:35 PM,7/10/2026,
1850,28.7,gf,0.255,mm,OK,--,9:39:35 PM,7/10/2026,
1851,28.6,gf,0.255,mm,OK,--,9:39:36 PM,7/10/2026,
1852,28.5,gf,0.250,mm,OK,--,9:39:36 PM,7/10/2026,
1853,28.6,gf,0.250,mm,OK,--,9:39:36 PM,7/10/2026,
1854,28.6,gf,0.250,mm,OK,--,9:39:36 PM,7/10/2026,
1855,28.4,gf,0.245,mm,OK,--,9:39:36 PM,7/10/2026,
1856,28.5,gf,0.245,mm,OK,--,9:39:36 PM,7/10/2026,
1857,28.5,gf,0.245,mm,OK,--,9:39:36 PM,7/10/2026,
1858,28.4,gf,0.240,mm,OK,--,9:39:36 PM,7/10/2026,
1859,28.3,gf,0.240,mm,OK,--,9:39:36 PM,7/10/2026,
1860,28.4,gf,0.235,mm,OK,--,9:39:36 PM,7/10/2026,
1861,28.4,gf,0.230,mm,OK,--,9:39:37 PM,7/10/2026,
1862,28.5,gf,0.225,mm,OK,--,9:39:37 PM,7/10/2026,
1863,28.4,gf,0.215,mm,OK,--,9:39:37 PM,7/10/2026,
1864,28.4,gf,0.210,mm,OK,--,9:39:37 PM,7/10/2026,
1865,28.3,gf,0.205,mm,OK,--,9:39:37 PM,7/10/2026,
1866,28.3,gf,0.205,mm,OK,--,9:39:37 PM,7/10/2026,
1867,28.2,gf,0.200,mm,OK,--,9:39:37 PM,7/10/2026,
1868,28.1,gf,0.200,mm,OK,--,9:39:37 PM,7/10/2026,
1869,28.1,gf,0.195,mm,OK,--,9:39:37 PM,7/10/2026,
1870,28.2,gf,0.195,mm,OK,--,9:39:37 PM,7/10/2026,
1871,28.2,gf,0.190,mm,OK,--,9:39:38 PM,7/10/2026,
1872,28.1,gf,0.190,mm,OK,--,9:39:38 PM,7/10/2026,
1873,28.0,gf,0.185,mm,OK,--,9:39:38 PM,7/10/2026,
1874,28.1,gf,0.180,mm,OK,--,9:39:38 PM,7/10/2026,
1875,28.1,gf,0.180,mm,OK,--,9:39:38 PM,7/10/2026,
1876,28.0,gf,0.175,mm,OK,--,9:39:38 PM,7/10/2026,
1877,28.0,gf,0.175,mm,OK,--,9:39:38 PM,7/10/2026,
1878,28.0,gf,0.170,mm,OK,--,9:39:38 PM,7/10/2026,
1879,27.9,gf,0.170,mm,OK,--,9:39:38 PM,7/10/2026,
1880,27.8,gf,0.165,mm,OK,--,9:39:38 PM,7/10/2026,
1881,26.3,gf,0.160,mm,OK,--,9:39:39 PM,7/10/2026,
1882,25.0,gf,0.160,mm,OK,--,9:39:39 PM,7/10/2026,
1883,22.1,gf,0.155,mm,OK,--,9:39:39 PM,7/10/2026,
1884,19.6,gf,0.150,mm,OK,--,9:39:39 PM,7/10/2026,
1885,17.7,gf,0.145,mm,OK,--,9:39:39 PM,7/10/2026,
1886,18.3,gf,0.140,mm,OK,--,9:39:39 PM,7/10/2026,
1887,17.7,gf,0.140,mm,OK,--,9:39:39 PM,7/10/2026,
1888,17.2,gf,0.135,mm,OK,--,9:39:39 PM,7/10/2026,
1889,17.1,gf,0.130,mm,OK,--,9:39:39 PM,7/10/2026,
1890,16.6,gf,0.130,mm,OK,--,9:39:39 PM,7/10/2026,
1891,17.0,gf,0.130,mm,OK,--,9:39:40 PM,7/10/2026,
1892,16.7,gf,0.125,mm,OK,--,9:39:40 PM,7/10/2026,
1893,14.7,gf,0.125,mm,OK,--,9:39:40 PM,7/10/2026,
1894,11.1,gf,0.120,mm,OK,--,9:39:40 PM,7/10/2026,
1895,7.8,gf,0.115,mm,OK,--,9:39:40 PM,7/10/2026,
1896,3.0,gf,0.110,mm,OK,--,9:39:40 PM,7/10/2026,
1897,0.0,gf,0.100,mm,OK,--,9:39:40 PM,7/10/2026,
1898,0.0,gf,0.090,mm,OK,--,9:39:40 PM,7/10/2026,
1899,0.1,gf,0.075,mm,OK,--,9:39:40 PM,7/10/2026,
1900,0.0,gf,0.060,mm,OK,--,9:39:40 PM,7/10/2026,
1901,0.0,gf,0.045,mm,OK,--,9:39:41 PM,7/10/2026,
1902,0.1,gf,0.040,mm,OK,--,9:39:41 PM,7/10/2026,
1903,0.0,gf,0.025,mm,OK,--,9:39:41 PM,7/10/2026,
1904,0.0,gf,0.010,mm,OK,--,9:39:41 PM,7/10/2026,
1905,0.0,gf,-0.005,mm,OK,--,9:39:41 PM,7/10/2026,
1906,0.2,gf,-0.010,mm,OK,--,9:39:41 PM,7/10/2026,
1907,0.0,gf,-0.010,mm,OK,--,9:39:41 PM,7/10/2026,
1908,0.0,gf,-0.015,mm,OK,--,9:39:41 PM,7/10/2026,
1909,0.0,gf,-0.020,mm,OK,--,9:39:41 PM,7/10/2026,
1910,0.0,gf,-0.025,mm,OK,--,9:39:41 PM,7/10/2026,
1911,0.0,gf,-0.035,mm,OK,--,9:39:42 PM,7/10/2026,
1912,0.0,gf,-0.035,mm,OK,--,9:39:42 PM,7/10/2026,
1913,-0.1,gf,-0.035,mm,OK,--,9:39:42 PM,7/10/2026,
1914,0.0,gf,-0.035,mm,OK,--,9:39:42 PM,7/10/2026,
1915,0.1,gf,-0.035,mm,OK,--,9:39:42 PM,7/10/2026,
1916,0.0,gf,-0.035,mm,OK,--,9:39:42 PM,7/10/2026,
1917,0.0,gf,-0.035,mm,OK,--,9:39:42 PM,7/10/2026,
1918,0.1,gf,-0.035,mm,OK,--,9:39:42 PM,7/10/2026,
1919,0.0,gf,-0.035,mm,OK,--,9:39:42 PM,7/10/2026,
1920,0.0,gf,-0.030,mm,OK,--,9:39:42 PM,7/10/2026,
1921,0.0,gf,-0.025,mm,OK,--,9:39:43 PM,7/10/2026,
1922,0.0,gf,-0.020,mm,OK,--,9:39:43 PM,7/10/2026,
1923,0.0,gf,-0.015,mm,OK,--,9:39:43 PM,7/10/2026,
1924,0.0,gf,-0.010,mm,OK,--,9:39:43 PM,7/10/2026,
1925,0.0,gf,-0.005,mm,OK,--,9:39:43 PM,7/10/2026,
1926,0.0,gf,0.000,mm,OK,--,9:39:43 PM,7/10/2026,
1927,0.0,gf,0.010,mm,OK,--,9:39:43 PM,7/10/2026,
1928,0.1,gf,0.015,mm,OK,--,9:39:43 PM,7/10/2026,
1929,0.0,gf,0.025,mm,OK,--,9:39:43 PM,7/10/2026,
1930,0.3,gf,0.030,mm,OK,--,9:39:43 PM,7/10/2026,
1931,0.0,gf,0.040,mm,OK,--,9:39:44 PM,7/10/2026,
1932,0.0,gf,0.050,mm,OK,--,9:39:44 PM,7/10/2026,
1933,0.0,gf,0.060,mm,OK,--,9:39:44 PM,7/10/2026,
1934,-0.1,gf,0.070,mm,OK,--,9:39:44 PM,7/10/2026,
1935,0.0,gf,0.080,mm,OK,--,9:39:44 PM,7/10/2026,
1936,0.0,gf,0.095,mm,OK,--,9:39:44 PM,7/10/2026,
