Maximum,191.6,@,No.893,,,,,,
Minimum,-0.1,@,No.16,,,,,,
Average,48.53,,,,,,,,
Data Quantity,1687,,,,,,,,
Number of NG,0,,,,,,,,
No.,Force,Unit,Displacement,Unit,Judge,Position,Time,Date,
1,0.0,gf,0.000,mm,OK,--,9:38:57 PM,2/5/2026,
2,0.1,gf,0.000,mm,OK,--,9:38:57 PM,2/5/2026,
3,0.0,gf,0.000,mm,OK,--,9:38:57 PM,2/5/2026,
4,0.1,gf,0.000,mm,OK,--,9:38:57 PM,2/5/2026,
5,0.0,gf,0.000,mm,OK,--,9:38:57 PM,2/5/2026,
6,0.0,gf,0.000,mm,OK,--,9:38:57 PM,2/5/2026,
7,0.0,gf,0.000,mm,OK,--,9:38:57 PM,2/5/2026,
8,0.0,gf,0.000,mm,OK,--,9:38:57 PM,2/5/2026,
9,0.0,gf,0.005,mm,OK,--,9:38:58 PM,2/5/2026,
10,0.0,gf,0.005,mm,OK,--,9:38:58 PM,2/5/2026,
11,0.1,gf,0.010,mm,OK,--,9:38:58 PM,2/5/2026,
12,0.0,gf,0.010,mm,OK,--,9:38:58 PM,2/5/2026,
13,0.0,gf,0.015,mm,OK,--,9:38:58 PM,2/5/2026,
14,0.0,gf,0.020,mm,OK,--,9:38:58 PM,2/5/2026,
15,0.0,gf,0.025,mm,OK,--,9:38:58 PM,2/5/2026,
16,-0.1,gf,0.035,mm,OK,--,9:38:58 PM,2/5/2026,
17,-0.1,gf,0.040,mm,OK,--,9:38:58 PM,2/5/2026,
18,0.0,gf,0.045,mm,OK,--,9:38:58 PM,2/5/2026,
19,0.0,gf,0.050,mm,OK,--,9:38:59 PM,2/5/2026,
20,-0.1,gf,0.050,mm,OK,--,9:38:59 PM,2/5/2026,
21,0.0,gf,0.055,mm,OK,--,9:38:59 PM,2/5/2026,
22,0.1,gf,0.055,mm,OK,--,9:38:59 PM,2/5/2026,
23,0.0,gf,0.055,mm,OK,--,9:38:59 PM,2/5/2026,
24,-0.1,gf,0.060,mm,OK,--,9:38:59 PM,2/5/2026,
25,0.0,gf,0.065,mm,OK,--,9:38:59 PM,2/5/2026,
26,0.0,gf,0.065,mm,OK,--,9:38:59 PM,2/5/2026,
27,-0.1,gf,0.065,mm,OK,--,9:38:59 PM,2/5/2026,
28,0.0,gf,0.070,mm,OK,--,9:38:59 PM,2/5/2026,
29,0.0,gf,0.075,mm,OK,--,9:39:00 PM,2/5/2026,
30,0.0,gf,0.080,mm,OK,--,9:39:00 PM,2/5/2026,
31,0.0,gf,0.080,mm,OK,--,9:39:00 PM,2/5/2026,
32,0.0,gf,0.085,mm,OK,--,9:39:00 PM,2/5/2026,
33,0.1,gf,0.085,mm,OK,--,9:39:00 PM,2/5/2026,
34,0.0,gf,0.090,mm,OK,--,9:39:00 PM,2/5/2026,
35,0.0,gf,0.095,mm,OK,--,9:39:00 PM,2/5/2026,
36,3.0,gf,0.100,mm,OK,--,9:39:00 PM,2/5/2026,
37,6.7,gf,0.105,mm,OK,--,9:39:00 PM,2/5/2026,
38,9.4,gf,0.105,mm,OK,--,9:39:00 PM,2/5/2026,
39,11.2,gf,0.110,mm,OK,--,9:39:01 PM,2/5/2026,
40,13.2,gf,0.110,mm,OK,--,9:39:01 PM,2/5/2026,
41,14.5,gf,0.110,mm,OK,--,9:39:01 PM,2/5/2026,
42,15.9,gf,0.115,mm,OK,--,9:39:01 PM,2/5/2026,
43,17.5,gf,0.115,mm,OK,--,9:39:01 PM,2/5/2026,
44,18.8,gf,0.115,mm,OK,--,9:39:01 PM,2/5/2026,
45,19.8,gf,0.115,mm,OK,--,9:39:01 PM,2/5/2026,
46,21.1,gf,0.120,mm,OK,--,9:39:01 PM,2/5/2026,
47,22.7,gf,0.120,mm,OK,--,9:39:01 PM,2/5/2026,
48,24.2,gf,0.125,mm,OK,--,9:39:01 PM,2/5/2026,
49,26.3,gf,0.125,mm,OK,--,9:39:02 PM,2/5/2026,
50,29.1,gf,0.130,mm,OK,--,9:39:02 PM,2/5/2026,
51,31.0,gf,0.130,mm,OK,--,9:39:02 PM,2/5/2026,
52,32.8,gf,0.130,mm,OK,--,9:39:02 PM,2/5/2026,
53,34.2,gf,0.135,mm,OK,--,9:39:02 PM,2/5/2026,
54,35.5,gf,0.135,mm,OK,--,9:39:02 PM,2/5/2026,
55,37.0,gf,0.135,mm,OK,--,9:39:02 PM,2/5/2026,
56,38.1,gf,0.140,mm,OK,--,9:39:02 PM,2/5/2026,
57,38.9,gf,0.140,mm,OK,--,9:39:02 PM,2/5/2026,
58,38.8,gf,0.140,mm,OK,--,9:39:02 PM,2/5/2026,
59,39.0,gf,0.140,mm,OK,--,9:39:03 PM,2/5/2026,
60,39.3,gf,0.145,mm,OK,--,9:39:03 PM,2/5/2026,
61,39.7,gf,0.145,mm,OK,--,9:39:03 PM,2/5/2026,
62,40.2,gf,0.150,mm,OK,--,9:39:03 PM,2/5/2026,
63,40.6,gf,0.150,mm,OK,--,9:39:03 PM,2/5/2026,
64,41.0,gf,0.150,mm,OK,--,9:39:03 PM,2/5/2026,
65,41.4,gf,0.155,mm,OK,--,9:39:03 PM,2/5/2026,
66,41.5,gf,0.155,mm,OK,--,9:39:03 PM,2/5/2026,
67,41.5,gf,0.155,mm,OK,--,9:39:03 PM,2/5/2026,
68,41.7,gf,0.160,mm,OK,--,9:39:03 PM,2/5/2026,
69,41.3,gf,0.160,mm,OK,--,9:39:04 PM,2/5/2026,
70,41.1,gf,0.165,mm,OK,--,9:39:04 PM,2/5/2026,
71,40.8,gf,0.165,mm,OK,--,9:39:04 PM,2/5/2026,
72,40.7,gf,0.165,mm,OK,--,9:39:04 PM,2/5/2026,
73,40.8,gf,0.170,mm,OK,--,9:39:04 PM,2/5/2026,
74,40.8,gf,0.170,mm,OK,--,9:39:04 PM,2/5/2026,
75,41.0,gf,0.175,mm,OK,--,9:39:04 PM,2/5/2026,
76,41.1,gf,0.180,mm,OK,--,9:39:04 PM,2/5/2026,
77,41.1,gf,0.185,mm,OK,--,9:39:04 PM,2/5/2026,
78,40.9,gf,0.190,mm,OK,--,9:39:04 PM,2/5/2026,
79,41.0,gf,0.195,mm,OK,--,9:39:05 PM,2/5/2026,
80,40.9,gf,0.200,mm,OK,--,9:39:05 PM,2/5/2026,
81,40.6,gf,0.210,mm,OK,--,9:39:05 PM,2/5/2026,
82,40.6,gf,0.220,mm,OK,--,9:39:05 PM,2/5/2026,
83,40.4,gf,0.225,mm,OK,--,9:39:05 PM,2/5/2026,
84,40.4,gf,0.235,mm,OK,--,9:39:05 PM,2/5/2026,
85,40.3,gf,0.240,mm,OK,--,9:39:05 PM,2/5/2026,
86,40.2,gf,0.250,mm,OK,--,9:39:05 PM,2/5/2026,
87,40.1,gf,0.260,mm,OK,--,9:39:05 PM,2/5/2026,
88,40.0,gf,0.265,mm,OK,--,9:39:05 PM,2/5/2026,
89,40.0,gf,0.275,mm,OK,--,9:39:06 PM,2/5/2026,
90,40.1,gf,0.285,mm,OK,--,9:39:06 PM,2/5/2026,
91,39.7,gf,0.295,mm,OK,--,9:39:06 PM,2/5/2026,
92,39.9,gf,0.305,mm,OK,--,9:39:06 PM,2/5/2026,
93,39.7,gf,0.310,mm,OK,--,9:39:06 PM,2/5/2026,
94,40.0,gf,0.320,mm,OK,--,9:39:06 PM,2/5/2026,
95,40.2,gf,0.335,mm,OK,--,9:39:06 PM,2/5/2026,
96,40.1,gf,0.345,mm,OK,--,9:39:06 PM,2/5/2026,
97,39.5,gf,0.355,mm,OK,--,9:39:06 PM,2/5/2026,
98,39.5,gf,0.360,mm,OK,--,9:39:06 PM,2/5/2026,
99,39.7,gf,0.370,mm,OK,--,9:39:07 PM,2/5/2026,
100,39.4,gf,0.375,mm,OK,--,9:39:07 PM,2/5/2026,
101,39.6,gf,0.380,mm,OK,--,9:39:07 PM,2/5/2026,
102,39.6,gf,0.385,mm,OK,--,9:39:07 PM,2/5/2026,
103,39.5,gf,0.395,mm,OK,--,9:39:07 PM,2/5/2026,
104,39.7,gf,0.400,mm,OK,--,9:39:07 PM,2/5/2026,
105,39.9,gf,0.405,mm,OK,--,9:39:07 PM,2/5/2026,
106,39.8,gf,0.410,mm,OK,--,9:39:07 PM,2/5/2026,
107,39.6,gf,0.415,mm,OK,--,9:39:07 PM,2/5/2026,
108,39.6,gf,0.420,mm,OK,--,9:39:07 PM,2/5/2026,
109,39.6,gf,0.425,mm,OK,--,9:39:08 PM,2/5/2026,
110,39.7,gf,0.430,mm,OK,--,9:39:08 PM,2/5/2026,
111,39.7,gf,0.435,mm,OK,--,9:39:08 PM,2/5/2026,
112,39.7,gf,0.440,mm,OK,--,9:39:08 PM,2/5/2026,
113,39.9,gf,0.445,mm,OK,--,9:39:08 PM,2/5/2026,
114,39.8,gf,0.450,mm,OK,--,9:39:08 PM,2/5/2026,
115,39.9,gf,0.455,mm,OK,--,9:39:08 PM,2/5/2026,
116,39.9,gf,0.460,mm,OK,--,9:39:08 PM,2/5/2026,
117,39.7,gf,0.465,mm,OK,--,9:39:08 PM,2/5/2026,
118,39.8,gf,0.470,mm,OK,--,9:39:08 PM,2/5/2026,
119,39.8,gf,0.470,mm,OK,--,9:39:09 PM,2/5/2026,
120,39.8,gf,0.475,mm,OK,--,9:39:09 PM,2/5/2026,
121,39.8,gf,0.480,mm,OK,--,9:39:09 PM,2/5/2026,
122,39.8,gf,0.480,mm,OK,--,9:39:09 PM,2/5/2026,
123,39.9,gf,0.485,mm,OK,--,9:39:09 PM,2/5/2026,
124,39.9,gf,0.485,mm,OK,--,9:39:09 PM,2/5/2026,
125,40.3,gf,0.490,mm,OK,--,9:39:09 PM,2/5/2026,
126,40.2,gf,0.495,mm,OK,--,9:39:09 PM,2/5/2026,
127,40.2,gf,0.495,mm,OK,--,9:39:09 PM,2/5/2026,
128,40.4,gf,0.500,mm,OK,--,9:39:09 PM,2/5/2026,
129,40.1,gf,0.505,mm,OK,--,9:39:10 PM,2/5/2026,
130,40.2,gf,0.510,mm,OK,--,9:39:10 PM,2/5/2026,
131,40.5,gf,0.515,mm,OK,--,9:39:10 PM,2/5/2026,
132,40.6,gf,0.520,mm,OK,--,9:39:10 PM,2/5/2026,
133,40.6,gf,0.525,mm,OK,--,9:39:10 PM,2/5/2026,
134,40.6,gf,0.535,mm,OK,--,9:39:10 PM,2/5/2026,
135,40.8,gf,0.540,mm,OK,--,9:39:10 PM,2/5/2026,
136,40.8,gf,0.545,mm,OK,--,9:39:10 PM,2/5/2026,
137,40.8,gf,0.555,mm,OK,--,9:39:10 PM,2/5/2026,
138,40.7,gf,0.560,mm,OK,--,9:39:10 PM,2/5/2026,
139,40.5,gf,0.565,mm,OK,--,9:39:11 PM,2/5/2026,
140,40.6,gf,0.570,mm,OK,--,9:39:11 PM,2/5/2026,
141,40.6,gf,0.575,mm,OK,--,9:39:11 PM,2/5/2026,
142,40.2,gf,0.580,mm,OK,--,9:39:11 PM,2/5/2026,
143,40.2,gf,0.580,mm,OK,--,9:39:11 PM,2/5/2026,
144,40.7,gf,0.585,mm,OK,--,9:39:11 PM,2/5/2026,
145,40.9,gf,0.590,mm,OK,--,9:39:11 PM,2/5/2026,
146,40.6,gf,0.595,mm,OK,--,9:39:11 PM,2/5/2026,
147,40.5,gf,0.595,mm,OK,--,9:39:11 PM,2/5/2026,
148,40.9,gf,0.600,mm,OK,--,9:39:11 PM,2/5/2026,
149,41.1,gf,0.605,mm,OK,--,9:39:12 PM,2/5/2026,
150,40.9,gf,0.610,mm,OK,--,9:39:12 PM,2/5/2026,
151,40.9,gf,0.615,mm,OK,--,9:39:12 PM,2/5/2026,
152,41.2,gf,0.615,mm,OK,--,9:39:12 PM,2/5/2026,
153,41.3,gf,0.620,mm,OK,--,9:39:12 PM,2/5/2026,
154,41.2,gf,0.625,mm,OK,--,9:39:12 PM,2/5/2026,
155,41.2,gf,0.630,mm,OK,--,9:39:12 PM,2/5/2026,
156,41.4,gf,0.640,mm,OK,--,9:39:12 PM,2/5/2026,
157,41.7,gf,0.645,mm,OK,--,9:39:12 PM,2/5/2026,
158,41.8,gf,0.655,mm,OK,--,9:39:12 PM,2/5/2026,
159,41.5,gf,0.660,mm,OK,--,9:39:13 PM,2/5/2026,
160,41.4,gf,0.665,mm,OK,--,9:39:13 PM,2/5/2026,
161,41.2,gf,0.670,mm,OK,--,9:39:13 PM,2/5/2026,
162,41.1,gf,0.675,mm,OK,--,9:39:13 PM,2/5/2026,
163,41.2,gf,0.680,mm,OK,--,9:39:13 PM,2/5/2026,
164,41.2,gf,0.685,mm,OK,--,9:39:13 PM,2/5/2026,
165,41.3,gf,0.690,mm,OK,--,9:39:13 PM,2/5/2026,
166,41.3,gf,0.695,mm,OK,--,9:39:13 PM,2/5/2026,
167,41.3,gf,0.700,mm,OK,--,9:39:13 PM,2/5/2026,
168,41.4,gf,0.705,mm,OK,--,9:39:13 PM,2/5/2026,
169,41.3,gf,0.710,mm,OK,--,9:39:14 PM,2/5/2026,
170,41.3,gf,0.715,mm,OK,--,9:39:14 PM,2/5/2026,
171,41.6,gf,0.720,mm,OK,--,9:39:14 PM,2/5/2026,
172,41.5,gf,0.725,mm,OK,--,9:39:14 PM,2/5/2026,
173,40.9,gf,0.725,mm,OK,--,9:39:14 PM,2/5/2026,
174,41.2,gf,0.730,mm,OK,--,9:39:14 PM,2/5/2026,
175,41.5,gf,0.735,mm,OK,--,9:39:14 PM,2/5/2026,
176,41.3,gf,0.735,mm,OK,--,9:39:14 PM,2/5/2026,
177,41.9,gf,0.745,mm,OK,--,9:39:14 PM,2/5/2026,
178,41.6,gf,0.750,mm,OK,--,9:39:14 PM,2/5/2026,
179,41.1,gf,0.755,mm,OK,--,9:39:15 PM,2/5/2026,
180,41.0,gf,0.755,mm,OK,--,9:39:15 PM,2/5/2026,
181,40.7,gf,0.755,mm,OK,--,9:39:15 PM,2/5/2026,
182,40.6,gf,0.760,mm,OK,--,9:39:15 PM,2/5/2026,
183,40.5,gf,0.760,mm,OK,--,9:39:15 PM,2/5/2026,
184,40.7,gf,0.760,mm,OK,--,9:39:15 PM,2/5/2026,
185,41.3,gf,0.760,mm,OK,--,9:39:15 PM,2/5/2026,
186,41.7,gf,0.765,mm,OK,--,9:39:15 PM,2/5/2026,
187,41.9,gf,0.770,mm,OK,--,9:39:15 PM,2/5/2026,
188,41.9,gf,0.780,mm,OK,--,9:39:15 PM,2/5/2026,
189,41.2,gf,0.780,mm,OK,--,9:39:16 PM,2/5/2026,
190,40.9,gf,0.785,mm,OK,--,9:39:16 PM,2/5/2026,
191,41.0,gf,0.785,mm,OK,--,9:39:16 PM,2/5/2026,
192,41.1,gf,0.790,mm,OK,--,9:39:16 PM,2/5/2026,
193,41.2,gf,0.790,mm,OK,--,9:39:16 PM,2/5/2026,
194,42.3,gf,0.795,mm,OK,--,9:39:16 PM,2/5/2026,
195,42.3,gf,0.805,mm,OK,--,9:39:16 PM,2/5/2026,
196,41.9,gf,0.810,mm,OK,--,9:39:16 PM,2/5/2026,
197,41.7,gf,0.820,mm,OK,--,9:39:16 PM,2/5/2026,
198,41.9,gf,0.825,mm,OK,--,9:39:16 PM,2/5/2026,
199,41.7,gf,0.830,mm,OK,--,9:39:17 PM,2/5/2026,
200,41.4,gf,0.835,mm,OK,--,9:39:17 PM,2/5/2026,
201,41.0,gf,0.835,mm,OK,--,9:39:17 PM,2/5/2026,
202,41.0,gf,0.840,mm,OK,--,9:39:17 PM,2/5/2026,
203,41.0,gf,0.840,mm,OK,--,9:39:17 PM,2/5/2026,
204,40.7,gf,0.845,mm,OK,--,9:39:17 PM,2/5/2026,
205,40.9,gf,0.845,mm,OK,--,9:39:17 PM,2/5/2026,
206,41.8,gf,0.845,mm,OK,--,9:39:17 PM,2/5/2026,
207,41.4,gf,0.850,mm,OK,--,9:39:17 PM,2/5/2026,
208,41.4,gf,0.855,mm,OK,--,9:39:17 PM,2/5/2026,
209,41.7,gf,0.860,mm,OK,--,9:39:18 PM,2/5/2026,
210,41.6,gf,0.860,mm,OK,--,9:39:18 PM,2/5/2026,
211,41.7,gf,0.865,mm,OK,--,9:39:18 PM,2/5/2026,
212,41.5,gf,0.870,mm,OK,--,9:39:18 PM,2/5/2026,
213,41.2,gf,0.870,mm,OK,--,9:39:18 PM,2/5/2026,
214,41.4,gf,0.875,mm,OK,--,9:39:18 PM,2/5/2026,
215,41.3,gf,0.875,mm,OK,--,9:39:18 PM,2/5/2026,
216,41.1,gf,0.875,mm,OK,--,9:39:18 PM,2/5/2026,
217,41.2,gf,0.880,mm,OK,--,9:39:18 PM,2/5/2026,
218,41.1,gf,0.880,mm,OK,--,9:39:18 PM,2/5/2026,
219,41.3,gf,0.880,mm,OK,--,9:39:19 PM,2/5/2026,
220,41.5,gf,0.885,mm,OK,--,9:39:19 PM,2/5/2026,
221,41.6,gf,0.885,mm,OK,--,9:39:19 PM,2/5/2026,
222,41.5,gf,0.890,mm,OK,--,9:39:19 PM,2/5/2026,
223,41.5,gf,0.890,mm,OK,--,9:39:19 PM,2/5/2026,
224,41.3,gf,0.895,mm,OK,--,9:39:19 PM,2/5/2026,
225,40.9,gf,0.895,mm,OK,--,9:39:19 PM,2/5/2026,
226,40.7,gf,0.895,mm,OK,--,9:39:19 PM,2/5/2026,
227,41.0,gf,0.895,mm,OK,--,9:39:19 PM,2/5/2026,
228,41.0,gf,0.895,mm,OK,--,9:39:19 PM,2/5/2026,
229,40.7,gf,0.895,mm,OK,--,9:39:20 PM,2/5/2026,
230,41.1,gf,0.900,mm,OK,--,9:39:20 PM,2/5/2026,
231,41.6,gf,0.900,mm,OK,--,9:39:20 PM,2/5/2026,
232,42.0,gf,0.905,mm,OK,--,9:39:20 PM,2/5/2026,
233,42.1,gf,0.905,mm,OK,--,9:39:20 PM,2/5/2026,
234,42.1,gf,0.910,mm,OK,--,9:39:20 PM,2/5/2026,
235,42.0,gf,0.915,mm,OK,--,9:39:20 PM,2/5/2026,
236,42.0,gf,0.920,mm,OK,--,9:39:20 PM,2/5/2026,
237,41.9,gf,0.925,mm,OK,--,9:39:20 PM,2/5/2026,
238,41.8,gf,0.930,mm,OK,--,9:39:20 PM,2/5/2026,
239,41.8,gf,0.935,mm,OK,--,9:39:21 PM,2/5/2026,
240,42.1,gf,0.940,mm,OK,--,9:39:21 PM,2/5/2026,
241,41.9,gf,0.945,mm,OK,--,9:39:21 PM,2/5/2026,
242,42.0,gf,0.950,mm,OK,--,9:39:21 PM,2/5/2026,
243,41.8,gf,0.955,mm,OK,--,9:39:21 PM,2/5/2026,
244,41.5,gf,0.955,mm,OK,--,9:39:21 PM,2/5/2026,
245,41.4,gf,0.960,mm,OK,--,9:39:21 PM,2/5/2026,
246,41.3,gf,0.960,mm,OK,--,9:39:21 PM,2/5/2026,
247,41.5,gf,0.965,mm,OK,--,9:39:21 PM,2/5/2026,
248,41.3,gf,0.965,mm,OK,--,9:39:21 PM,2/5/2026,
249,41.4,gf,0.965,mm,OK,--,9:39:22 PM,2/5/2026,
250,41.6,gf,0.970,mm,OK,--,9:39:22 PM,2/5/2026,
251,41.7,gf,0.970,mm,OK,--,9:39:22 PM,2/5/2026,
252,41.1,gf,0.975,mm,OK,--,9:39:22 PM,2/5/2026,
253,41.2,gf,0.975,mm,OK,--,9:39:22 PM,2/5/2026,
254,41.4,gf,0.975,mm,OK,--,9:39:22 PM,2/5/2026,
255,41.5,gf,0.980,mm,OK,--,9:39:22 PM,2/5/2026,
256,41.4,gf,0.980,mm,OK,--,9:39:22 PM,2/5/2026,
257,41.4,gf,0.980,mm,OK,--,9:39:22 PM,2/5/2026,
258,41.4,gf,0.985,mm,OK,--,9:39:22 PM,2/5/2026,
259,41.1,gf,0.985,mm,OK,--,9:39:23 PM,2/5/2026,
260,41.0,gf,0.985,mm,OK,--,9:39:23 PM,2/5/2026,
261,41.1,gf,0.985,mm,OK,--,9:39:23 PM,2/5/2026,
262,41.2,gf,0.985,mm,OK,--,9:39:23 PM,2/5/2026,
263,41.2,gf,0.985,mm,OK,--,9:39:23 PM,2/5/2026,
264,41.2,gf,0.985,mm,OK,--,9:39:23 PM,2/5/2026,
265,41.7,gf,0.990,mm,OK,--,9:39:23 PM,2/5/2026,
266,41.8,gf,0.990,mm,OK,--,9:39:23 PM,2/5/2026,
267,41.8,gf,0.995,mm,OK,--,9:39:23 PM,2/5/2026,
268,41.8,gf,0.995,mm,OK,--,9:39:23 PM,2/5/2026,
269,41.6,gf,1.000,mm,OK,--,9:39:24 PM,2/5/2026,
270,41.5,gf,1.000,mm,OK,--,9:39:24 PM,2/5/2026,
271,41.9,gf,1.000,mm,OK,--,9:39:24 PM,2/5/2026,
272,42.2,gf,1.005,mm,OK,--,9:39:24 PM,2/5/2026,
273,42.6,gf,1.010,mm,OK,--,9:39:24 PM,2/5/2026,
274,43.1,gf,1.020,mm,OK,--,9:39:24 PM,2/5/2026,
275,42.9,gf,1.030,mm,OK,--,9:39:24 PM,2/5/2026,
276,42.9,gf,1.040,mm,OK,--,9:39:24 PM,2/5/2026,
277,42.6,gf,1.050,mm,OK,--,9:39:24 PM,2/5/2026,
278,42.5,gf,1.060,mm,OK,--,9:39:24 PM,2/5/2026,
279,42.0,gf,1.065,mm,OK,--,9:39:25 PM,2/5/2026,
280,41.9,gf,1.070,mm,OK,--,9:39:25 PM,2/5/2026,
281,41.7,gf,1.070,mm,OK,--,9:39:25 PM,2/5/2026,
282,41.6,gf,1.075,mm,OK,--,9:39:25 PM,2/5/2026,
283,41.6,gf,1.075,mm,OK,--,9:39:25 PM,2/5/2026,
284,41.5,gf,1.075,mm,OK,--,9:39:25 PM,2/5/2026,
285,41.6,gf,1.080,mm,OK,--,9:39:25 PM,2/5/2026,
286,42.2,gf,1.080,mm,OK,--,9:39:25 PM,2/5/2026,
287,42.5,gf,1.085,mm,OK,--,9:39:25 PM,2/5/2026,
288,42.6,gf,1.095,mm,OK,--,9:39:25 PM,2/5/2026,
289,42.7,gf,1.100,mm,OK,--,9:39:26 PM,2/5/2026,
290,42.5,gf,1.105,mm,OK,--,9:39:26 PM,2/5/2026,
291,42.6,gf,1.115,mm,OK,--,9:39:26 PM,2/5/2026,
292,42.8,gf,1.125,mm,OK,--,9:39:26 PM,2/5/2026,
293,42.7,gf,1.130,mm,OK,--,9:39:26 PM,2/5/2026,
294,42.6,gf,1.140,mm,OK,--,9:39:26 PM,2/5/2026,
295,42.1,gf,1.145,mm,OK,--,9:39:26 PM,2/5/2026,
296,42.4,gf,1.145,mm,OK,--,9:39:26 PM,2/5/2026,
297,42.7,gf,1.150,mm,OK,--,9:39:26 PM,2/5/2026,
298,42.9,gf,1.160,mm,OK,--,9:39:26 PM,2/5/2026,
299,43.0,gf,1.165,mm,OK,--,9:39:27 PM,2/5/2026,
300,42.9,gf,1.175,mm,OK,--,9:39:27 PM,2/5/2026,
301,43.0,gf,1.185,mm,OK,--,9:39:27 PM,2/5/2026,
302,43.1,gf,1.195,mm,OK,--,9:39:27 PM,2/5/2026,
303,43.3,gf,1.205,mm,OK,--,9:39:27 PM,2/5/2026,
304,43.1,gf,1.220,mm,OK,--,9:39:27 PM,2/5/2026,
305,43.0,gf,1.230,mm,OK,--,9:39:27 PM,2/5/2026,
306,42.9,gf,1.235,mm,OK,--,9:39:27 PM,2/5/2026,
307,43.1,gf,1.245,mm,OK,--,9:39:27 PM,2/5/2026,
308,43.1,gf,1.250,mm,OK,--,9:39:27 PM,2/5/2026,
309,43.0,gf,1.260,mm,OK,--,9:39:28 PM,2/5/2026,
310,43.0,gf,1.265,mm,OK,--,9:39:28 PM,2/5/2026,
311,43.2,gf,1.275,mm,OK,--,9:39:28 PM,2/5/2026,
312,43.4,gf,1.280,mm,OK,--,9:39:28 PM,2/5/2026,
313,43.3,gf,1.290,mm,OK,--,9:39:28 PM,2/5/2026,
314,43.3,gf,1.300,mm,OK,--,9:39:28 PM,2/5/2026,
315,43.4,gf,1.305,mm,OK,--,9:39:28 PM,2/5/2026,
316,43.5,gf,1.315,mm,OK,--,9:39:28 PM,2/5/2026,
317,43.1,gf,1.325,mm,OK,--,9:39:28 PM,2/5/2026,
318,42.9,gf,1.330,mm,OK,--,9:39:28 PM,2/5/2026,
319,43.0,gf,1.335,mm,OK,--,9:39:29 PM,2/5/2026,
320,42.9,gf,1.340,mm,OK,--,9:39:29 PM,2/5/2026,
321,42.9,gf,1.345,mm,OK,--,9:39:29 PM,2/5/2026,
322,42.8,gf,1.350,mm,OK,--,9:39:29 PM,2/5/2026,
323,43.2,gf,1.360,mm,OK,--,9:39:29 PM,2/5/2026,
324,43.4,gf,1.365,mm,OK,--,9:39:29 PM,2/5/2026,
325,43.2,gf,1.375,mm,OK,--,9:39:29 PM,2/5/2026,
326,43.1,gf,1.380,mm,OK,--,9:39:29 PM,2/5/2026,
327,43.1,gf,1.385,mm,OK,--,9:39:29 PM,2/5/2026,
328,43.0,gf,1.390,mm,OK,--,9:39:29 PM,2/5/2026,
329,43.0,gf,1.395,mm,OK,--,9:39:30 PM,2/5/2026,
330,43.0,gf,1.400,mm,OK,--,9:39:30 PM,2/5/2026,
331,43.2,gf,1.405,mm,OK,--,9:39:30 PM,2/5/2026,
332,43.3,gf,1.410,mm,OK,--,9:39:30 PM,2/5/2026,
333,43.1,gf,1.415,mm,OK,--,9:39:30 PM,2/5/2026,
334,43.1,gf,1.420,mm,OK,--,9:39:30 PM,2/5/2026,
335,43.1,gf,1.420,mm,OK,--,9:39:30 PM,2/5/2026,
336,43.1,gf,1.425,mm,OK,--,9:39:30 PM,2/5/2026,
337,43.2,gf,1.430,mm,OK,--,9:39:30 PM,2/5/2026,
338,43.2,gf,1.435,mm,OK,--,9:39:30 PM,2/5/2026,
339,43.3,gf,1.445,mm,OK,--,9:39:31 PM,2/5/2026,
340,43.1,gf,1.450,mm,OK,--,9:39:31 PM,2/5/2026,
341,43.2,gf,1.455,mm,OK,--,9:39:31 PM,2/5/2026,
342,43.2,gf,1.460,mm,OK,--,9:39:31 PM,2/5/2026,
343,43.4,gf,1.470,mm,OK,--,9:39:31 PM,2/5/2026,
344,43.3,gf,1.475,mm,OK,--,9:39:31 PM,2/5/2026,
345,43.3,gf,1.485,mm,OK,--,9:39:31 PM,2/5/2026,
346,43.0,gf,1.490,mm,OK,--,9:39:31 PM,2/5/2026,
347,42.9,gf,1.495,mm,OK,--,9:39:31 PM,2/5/2026,
348,43.0,gf,1.500,mm,OK,--,9:39:31 PM,2/5/2026,
349,43.0,gf,1.505,mm,OK,--,9:39:32 PM,2/5/2026,
350,42.8,gf,1.505,mm,OK,--,9:39:32 PM,2/5/2026,
351,43.2,gf,1.510,mm,OK,--,9:39:32 PM,2/5/2026,
352,43.4,gf,1.515,mm,OK,--,9:39:32 PM,2/5/2026,
353,43.7,gf,1.525,mm,OK,--,9:39:32 PM,2/5/2026,
354,43.5,gf,1.530,mm,OK,--,9:39:32 PM,2/5/2026,
355,43.5,gf,1.540,mm,OK,--,9:39:32 PM,2/5/2026,
356,43.4,gf,1.545,mm,OK,--,9:39:32 PM,2/5/2026,
357,43.3,gf,1.550,mm,OK,--,9:39:32 PM,2/5/2026,
358,43.2,gf,1.555,mm,OK,--,9:39:32 PM,2/5/2026,
359,43.3,gf,1.560,mm,OK,--,9:39:33 PM,2/5/2026,
360,43.3,gf,1.565,mm,OK,--,9:39:33 PM,2/5/2026,
361,43.2,gf,1.570,mm,OK,--,9:39:33 PM,2/5/2026,
362,43.3,gf,1.575,mm,OK,--,9:39:33 PM,2/5/2026,
363,43.5,gf,1.585,mm,OK,--,9:39:33 PM,2/5/2026,
364,43.3,gf,1.590,mm,OK,--,9:39:33 PM,2/5/2026,
365,43.2,gf,1.590,mm,OK,--,9:39:33 PM,2/5/2026,
366,43.2,gf,1.595,mm,OK,--,9:39:33 PM,2/5/2026,
367,43.4,gf,1.600,mm,OK,--,9:39:33 PM,2/5/2026,
368,43.5,gf,1.605,mm,OK,--,9:39:33 PM,2/5/2026,
369,43.3,gf,1.605,mm,OK,--,9:39:34 PM,2/5/2026,
370,43.2,gf,1.610,mm,OK,--,9:39:34 PM,2/5/2026,
371,43.3,gf,1.610,mm,OK,--,9:39:34 PM,2/5/2026,
372,43.7,gf,1.615,mm,OK,--,9:39:34 PM,2/5/2026,
373,43.6,gf,1.620,mm,OK,--,9:39:34 PM,2/5/2026,
374,43.6,gf,1.625,mm,OK,--,9:39:34 PM,2/5/2026,
375,43.7,gf,1.630,mm,OK,--,9:39:34 PM,2/5/2026,
376,43.8,gf,1.635,mm,OK,--,9:39:34 PM,2/5/2026,
377,43.8,gf,1.645,mm,OK,--,9:39:34 PM,2/5/2026,
378,43.6,gf,1.650,mm,OK,--,9:39:34 PM,2/5/2026,
379,43.8,gf,1.655,mm,OK,--,9:39:35 PM,2/5/2026,
380,43.8,gf,1.660,mm,OK,--,9:39:35 PM,2/5/2026,
381,43.8,gf,1.665,mm,OK,--,9:39:35 PM,2/5/2026,
382,43.7,gf,1.670,mm,OK,--,9:39:35 PM,2/5/2026,
383,43.6,gf,1.675,mm,OK,--,9:39:35 PM,2/5/2026,
384,43.6,gf,1.680,mm,OK,--,9:39:35 PM,2/5/2026,
385,43.5,gf,1.685,mm,OK,--,9:39:35 PM,2/5/2026,
386,43.5,gf,1.685,mm,OK,--,9:39:35 PM,2/5/2026,
387,43.5,gf,1.690,mm,OK,--,9:39:35 PM,2/5/2026,
388,43.7,gf,1.690,mm,OK,--,9:39:35 PM,2/5/2026,
389,43.9,gf,1.695,mm,OK,--,9:39:36 PM,2/5/2026,
390,43.8,gf,1.700,mm,OK,--,9:39:36 PM,2/5/2026,
391,43.6,gf,1.705,mm,OK,--,9:39:36 PM,2/5/2026,
392,43.6,gf,1.710,mm,OK,--,9:39:36 PM,2/5/2026,
393,43.6,gf,1.710,mm,OK,--,9:39:36 PM,2/5/2026,
394,43.7,gf,1.715,mm,OK,--,9:39:36 PM,2/5/2026,
395,43.7,gf,1.715,mm,OK,--,9:39:36 PM,2/5/2026,
396,43.8,gf,1.720,mm,OK,--,9:39:36 PM,2/5/2026,
397,43.6,gf,1.720,mm,OK,--,9:39:36 PM,2/5/2026,
398,43.6,gf,1.725,mm,OK,--,9:39:36 PM,2/5/2026,
399,43.7,gf,1.725,mm,OK,--,9:39:37 PM,2/5/2026,
400,43.8,gf,1.730,mm,OK,--,9:39:37 PM,2/5/2026,
401,43.8,gf,1.730,mm,OK,--,9:39:37 PM,2/5/2026,
402,43.8,gf,1.735,mm,OK,--,9:39:37 PM,2/5/2026,
403,43.7,gf,1.735,mm,OK,--,9:39:37 PM,2/5/2026,
404,43.7,gf,1.740,mm,OK,--,9:39:37 PM,2/5/2026,
405,43.5,gf,1.740,mm,OK,--,9:39:37 PM,2/5/2026,
406,43.7,gf,1.745,mm,OK,--,9:39:37 PM,2/5/2026,
407,44.1,gf,1.745,mm,OK,--,9:39:37 PM,2/5/2026,
408,44.1,gf,1.750,mm,OK,--,9:39:37 PM,2/5/2026,
409,44.1,gf,1.755,mm,OK,--,9:39:38 PM,2/5/2026,
410,44.0,gf,1.755,mm,OK,--,9:39:38 PM,2/5/2026,
411,44.0,gf,1.760,mm,OK,--,9:39:38 PM,2/5/2026,
412,44.1,gf,1.765,mm,OK,--,9:39:38 PM,2/5/2026,
413,44.1,gf,1.765,mm,OK,--,9:39:38 PM,2/5/2026,
414,44.1,gf,1.770,mm,OK,--,9:39:38 PM,2/5/2026,
415,44.0,gf,1.775,mm,OK,--,9:39:38 PM,2/5/2026,
416,43.9,gf,1.775,mm,OK,--,9:39:38 PM,2/5/2026,
417,44.0,gf,1.780,mm,OK,--,9:39:38 PM,2/5/2026,
418,44.0,gf,1.780,mm,OK,--,9:39:38 PM,2/5/2026,
419,44.1,gf,1.785,mm,OK,--,9:39:39 PM,2/5/2026,
420,44.0,gf,1.785,mm,OK,--,9:39:39 PM,2/5/2026,
421,44.0,gf,1.785,mm,OK,--,9:39:39 PM,2/5/2026,
422,44.2,gf,1.790,mm,OK,--,9:39:39 PM,2/5/2026,
423,44.4,gf,1.790,mm,OK,--,9:39:39 PM,2/5/2026,
424,44.6,gf,1.795,mm,OK,--,9:39:39 PM,2/5/2026,
425,44.6,gf,1.800,mm,OK,--,9:39:39 PM,2/5/2026,
426,44.6,gf,1.805,mm,OK,--,9:39:39 PM,2/5/2026,
427,44.6,gf,1.810,mm,OK,--,9:39:39 PM,2/5/2026,
428,44.6,gf,1.815,mm,OK,--,9:39:39 PM,2/5/2026,
429,44.7,gf,1.820,mm,OK,--,9:39:40 PM,2/5/2026,
430,44.7,gf,1.825,mm,OK,--,9:39:40 PM,2/5/2026,
431,44.8,gf,1.830,mm,OK,--,9:39:40 PM,2/5/2026,
432,44.6,gf,1.835,mm,OK,--,9:39:40 PM,2/5/2026,
433,44.5,gf,1.835,mm,OK,--,9:39:40 PM,2/5/2026,
434,44.5,gf,1.840,mm,OK,--,9:39:40 PM,2/5/2026,
435,44.6,gf,1.840,mm,OK,--,9:39:40 PM,2/5/2026,
436,44.7,gf,1.845,mm,OK,--,9:39:40 PM,2/5/2026,
437,44.8,gf,1.850,mm,OK,--,9:39:40 PM,2/5/2026,
438,44.8,gf,1.855,mm,OK,--,9:39:40 PM,2/5/2026,
439,44.9,gf,1.860,mm,OK,--,9:39:41 PM,2/5/2026,
440,44.8,gf,1.865,mm,OK,--,9:39:41 PM,2/5/2026,
441,44.8,gf,1.870,mm,OK,--,9:39:41 PM,2/5/2026,
442,44.8,gf,1.875,mm,OK,--,9:39:41 PM,2/5/2026,
443,44.8,gf,1.875,mm,OK,--,9:39:41 PM,2/5/2026,
444,44.7,gf,1.880,mm,OK,--,9:39:41 PM,2/5/2026,
445,44.7,gf,1.885,mm,OK,--,9:39:41 PM,2/5/2026,
446,44.7,gf,1.885,mm,OK,--,9:39:41 PM,2/5/2026,
447,44.7,gf,1.890,mm,OK,--,9:39:41 PM,2/5/2026,
448,44.9,gf,1.890,mm,OK,--,9:39:41 PM,2/5/2026,
449,44.9,gf,1.895,mm,OK,--,9:39:42 PM,2/5/2026,
450,44.8,gf,1.895,mm,OK,--,9:39:42 PM,2/5/2026,
451,44.7,gf,1.900,mm,OK,--,9:39:42 PM,2/5/2026,
452,44.6,gf,1.900,mm,OK,--,9:39:42 PM,2/5/2026,
453,44.7,gf,1.905,mm,OK,--,9:39:42 PM,2/5/2026,
454,44.7,gf,1.905,mm,OK,--,9:39:42 PM,2/5/2026,
455,44.7,gf,1.910,mm,OK,--,9:39:42 PM,2/5/2026,
456,44.7,gf,1.910,mm,OK,--,9:39:42 PM,2/5/2026,
457,44.6,gf,1.910,mm,OK,--,9:39:42 PM,2/5/2026,
458,44.6,gf,1.915,mm,OK,--,9:39:42 PM,2/5/2026,
459,44.7,gf,1.915,mm,OK,--,9:39:43 PM,2/5/2026,
460,44.7,gf,1.915,mm,OK,--,9:39:43 PM,2/5/2026,
461,44.8,gf,1.915,mm,OK,--,9:39:43 PM,2/5/2026,
462,44.9,gf,1.920,mm,OK,--,9:39:43 PM,2/5/2026,
463,44.9,gf,1.920,mm,OK,--,9:39:43 PM,2/5/2026,
464,44.8,gf,1.925,mm,OK,--,9:39:43 PM,2/5/2026,
465,44.8,gf,1.925,mm,OK,--,9:39:43 PM,2/5/2026,
466,44.9,gf,1.925,mm,OK,--,9:39:43 PM,2/5/2026,
467,44.9,gf,1.930,mm,OK,--,9:39:43 PM,2/5/2026,
468,44.9,gf,1.930,mm,OK,--,9:39:43 PM,2/5/2026,
469,45.0,gf,1.935,mm,OK,--,9:39:44 PM,2/5/2026,
470,45.1,gf,1.935,mm,OK,--,9:39:44 PM,2/5/2026,
471,45.1,gf,1.940,mm,OK,--,9:39:44 PM,2/5/2026,
472,45.1,gf,1.940,mm,OK,--,9:39:44 PM,2/5/2026,
473,45.1,gf,1.945,mm,OK,--,9:39:44 PM,2/5/2026,
474,45.0,gf,1.945,mm,OK,--,9:39:44 PM,2/5/2026,
475,45.0,gf,1.950,mm,OK,--,9:39:44 PM,2/5/2026,
476,45.1,gf,1.950,mm,OK,--,9:39:44 PM,2/5/2026,
477,45.1,gf,1.955,mm,OK,--,9:39:44 PM,2/5/2026,
478,45.1,gf,1.955,mm,OK,--,9:39:44 PM,2/5/2026,
479,45.2,gf,1.960,mm,OK,--,9:39:45 PM,2/5/2026,
480,45.1,gf,1.960,mm,OK,--,9:39:45 PM,2/5/2026,
481,45.1,gf,1.965,mm,OK,--,9:39:45 PM,2/5/2026,
482,45.1,gf,1.965,mm,OK,--,9:39:45 PM,2/5/2026,
483,45.2,gf,1.970,mm,OK,--,9:39:45 PM,2/5/2026,
484,45.3,gf,1.970,mm,OK,--,9:39:45 PM,2/5/2026,
485,45.3,gf,1.975,mm,OK,--,9:39:45 PM,2/5/2026,
486,45.3,gf,1.975,mm,OK,--,9:39:45 PM,2/5/2026,
487,45.3,gf,1.980,mm,OK,--,9:39:45 PM,2/5/2026,
488,45.4,gf,1.980,mm,OK,--,9:39:45 PM,2/5/2026,
489,45.4,gf,1.985,mm,OK,--,9:39:46 PM,2/5/2026,
490,45.4,gf,1.985,mm,OK,--,9:39:46 PM,2/5/2026,
491,45.4,gf,1.985,mm,OK,--,9:39:46 PM,2/5/2026,
492,45.4,gf,1.990,mm,OK,--,9:39:46 PM,2/5/2026,
493,45.4,gf,1.990,mm,OK,--,9:39:46 PM,2/5/2026,
494,45.4,gf,1.995,mm,OK,--,9:39:46 PM,2/5/2026,
495,45.4,gf,2.000,mm,OK,--,9:39:46 PM,2/5/2026,
496,45.4,gf,2.000,mm,OK,--,9:39:46 PM,2/5/2026,
497,45.4,gf,2.005,mm,OK,--,9:39:46 PM,2/5/2026,
498,45.3,gf,2.005,mm,OK,--,9:39:46 PM,2/5/2026,
499,45.4,gf,2.005,mm,OK,--,9:39:47 PM,2/5/2026,
500,45.4,gf,2.010,mm,OK,--,9:39:47 PM,2/5/2026,
501,45.4,gf,2.010,mm,OK,--,9:39:47 PM,2/5/2026,
502,45.4,gf,2.010,mm,OK,--,9:39:47 PM,2/5/2026,
503,45.5,gf,2.015,mm,OK,--,9:39:47 PM,2/5/2026,
504,45.4,gf,2.015,mm,OK,--,9:39:47 PM,2/5/2026,
505,45.5,gf,2.020,mm,OK,--,9:39:47 PM,2/5/2026,
506,45.5,gf,2.020,mm,OK,--,9:39:47 PM,2/5/2026,
507,45.8,gf,2.025,mm,OK,--,9:39:47 PM,2/5/2026,
508,45.6,gf,2.030,mm,OK,--,9:39:47 PM,2/5/2026,
509,45.3,gf,2.030,mm,OK,--,9:39:48 PM,2/5/2026,
510,45.5,gf,2.030,mm,OK,--,9:39:48 PM,2/5/2026,
511,45.5,gf,2.030,mm,OK,--,9:39:48 PM,2/5/2026,
512,45.5,gf,2.035,mm,OK,--,9:39:48 PM,2/5/2026,
513,45.5,gf,2.035,mm,OK,--,9:39:48 PM,2/5/2026,
514,45.8,gf,2.035,mm,OK,--,9:39:48 PM,2/5/2026,
515,46.0,gf,2.045,mm,OK,--,9:39:48 PM,2/5/2026,
516,45.8,gf,2.045,mm,OK,--,9:39:48 PM,2/5/2026,
517,45.7,gf,2.050,mm,OK,--,9:39:48 PM,2/5/2026,
518,45.7,gf,2.050,mm,OK,--,9:39:48 PM,2/5/2026,
519,45.8,gf,2.055,mm,OK,--,9:39:49 PM,2/5/2026,
520,45.8,gf,2.055,mm,OK,--,9:39:49 PM,2/5/2026,
521,45.8,gf,2.060,mm,OK,--,9:39:49 PM,2/5/2026,
522,45.7,gf,2.060,mm,OK,--,9:39:49 PM,2/5/2026,
523,45.9,gf,2.065,mm,OK,--,9:39:49 PM,2/5/2026,
524,45.7,gf,2.065,mm,OK,--,9:39:49 PM,2/5/2026,
525,45.6,gf,2.065,mm,OK,--,9:39:49 PM,2/5/2026,
526,45.8,gf,2.070,mm,OK,--,9:39:49 PM,2/5/2026,
527,45.8,gf,2.070,mm,OK,--,9:39:49 PM,2/5/2026,
528,45.8,gf,2.070,mm,OK,--,9:39:49 PM,2/5/2026,
529,45.8,gf,2.070,mm,OK,--,9:39:50 PM,2/5/2026,
530,45.9,gf,2.075,mm,OK,--,9:39:50 PM,2/5/2026,
531,45.9,gf,2.075,mm,OK,--,9:39:50 PM,2/5/2026,
532,45.9,gf,2.075,mm,OK,--,9:39:50 PM,2/5/2026,
533,45.8,gf,2.080,mm,OK,--,9:39:50 PM,2/5/2026,
534,46.1,gf,2.080,mm,OK,--,9:39:50 PM,2/5/2026,
535,46.1,gf,2.085,mm,OK,--,9:39:50 PM,2/5/2026,
536,46.1,gf,2.085,mm,OK,--,9:39:50 PM,2/5/2026,
537,46.1,gf,2.090,mm,OK,--,9:39:50 PM,2/5/2026,
538,46.1,gf,2.090,mm,OK,--,9:39:50 PM,2/5/2026,
539,46.1,gf,2.090,mm,OK,--,9:39:51 PM,2/5/2026,
540,46.2,gf,2.095,mm,OK,--,9:39:51 PM,2/5/2026,
541,46.1,gf,2.095,mm,OK,--,9:39:51 PM,2/5/2026,
542,46.1,gf,2.100,mm,OK,--,9:39:51 PM,2/5/2026,
543,46.1,gf,2.100,mm,OK,--,9:39:51 PM,2/5/2026,
544,46.1,gf,2.105,mm,OK,--,9:39:51 PM,2/5/2026,
545,46.1,gf,2.105,mm,OK,--,9:39:51 PM,2/5/2026,
546,46.2,gf,2.110,mm,OK,--,9:39:51 PM,2/5/2026,
547,46.1,gf,2.110,mm,OK,--,9:39:51 PM,2/5/2026,
548,46.0,gf,2.110,mm,OK,--,9:39:51 PM,2/5/2026,
549,46.1,gf,2.110,mm,OK,--,9:39:52 PM,2/5/2026,
550,46.1,gf,2.115,mm,OK,--,9:39:52 PM,2/5/2026,
551,46.2,gf,2.115,mm,OK,--,9:39:52 PM,2/5/2026,
552,46.2,gf,2.115,mm,OK,--,9:39:52 PM,2/5/2026,
553,46.2,gf,2.120,mm,OK,--,9:39:52 PM,2/5/2026,
554,46.2,gf,2.120,mm,OK,--,9:39:52 PM,2/5/2026,
555,46.2,gf,2.125,mm,OK,--,9:39:52 PM,2/5/2026,
556,46.3,gf,2.125,mm,OK,--,9:39:52 PM,2/5/2026,
557,46.3,gf,2.130,mm,OK,--,9:39:52 PM,2/5/2026,
558,46.3,gf,2.130,mm,OK,--,9:39:52 PM,2/5/2026,
559,46.4,gf,2.135,mm,OK,--,9:39:53 PM,2/5/2026,
560,46.4,gf,2.140,mm,OK,--,9:39:53 PM,2/5/2026,
561,46.5,gf,2.145,mm,OK,--,9:39:53 PM,2/5/2026,
562,46.5,gf,2.150,mm,OK,--,9:39:53 PM,2/5/2026,
563,46.5,gf,2.150,mm,OK,--,9:39:53 PM,2/5/2026,
564,46.5,gf,2.155,mm,OK,--,9:39:53 PM,2/5/2026,
565,46.5,gf,2.160,mm,OK,--,9:39:53 PM,2/5/2026,
566,46.7,gf,2.165,mm,OK,--,9:39:53 PM,2/5/2026,
567,46.7,gf,2.170,mm,OK,--,9:39:53 PM,2/5/2026,
568,46.9,gf,2.175,mm,OK,--,9:39:53 PM,2/5/2026,
569,46.9,gf,2.185,mm,OK,--,9:39:54 PM,2/5/2026,
570,47.0,gf,2.195,mm,OK,--,9:39:54 PM,2/5/2026,
571,47.0,gf,2.205,mm,OK,--,9:39:54 PM,2/5/2026,
572,46.9,gf,2.210,mm,OK,--,9:39:54 PM,2/5/2026,
573,46.9,gf,2.220,mm,OK,--,9:39:54 PM,2/5/2026,
574,46.9,gf,2.225,mm,OK,--,9:39:54 PM,2/5/2026,
575,46.9,gf,2.230,mm,OK,--,9:39:54 PM,2/5/2026,
576,47.0,gf,2.235,mm,OK,--,9:39:54 PM,2/5/2026,
577,47.1,gf,2.240,mm,OK,--,9:39:54 PM,2/5/2026,
578,47.1,gf,2.245,mm,OK,--,9:39:54 PM,2/5/2026,
579,47.1,gf,2.250,mm,OK,--,9:39:55 PM,2/5/2026,
580,47.1,gf,2.250,mm,OK,--,9:39:55 PM,2/5/2026,
581,47.2,gf,2.255,mm,OK,--,9:39:55 PM,2/5/2026,
582,47.2,gf,2.260,mm,OK,--,9:39:55 PM,2/5/2026,
583,47.2,gf,2.265,mm,OK,--,9:39:55 PM,2/5/2026,
584,47.2,gf,2.270,mm,OK,--,9:39:55 PM,2/5/2026,
585,47.2,gf,2.270,mm,OK,--,9:39:55 PM,2/5/2026,
586,47.1,gf,2.275,mm,OK,--,9:39:55 PM,2/5/2026,
587,47.1,gf,2.275,mm,OK,--,9:39:55 PM,2/5/2026,
588,47.2,gf,2.275,mm,OK,--,9:39:55 PM,2/5/2026,
589,47.2,gf,2.280,mm,OK,--,9:39:56 PM,2/5/2026,
590,47.3,gf,2.285,mm,OK,--,9:39:56 PM,2/5/2026,
591,47.3,gf,2.285,mm,OK,--,9:39:56 PM,2/5/2026,
592,47.3,gf,2.290,mm,OK,--,9:39:56 PM,2/5/2026,
593,47.4,gf,2.295,mm,OK,--,9:39:56 PM,2/5/2026,
594,47.3,gf,2.295,mm,OK,--,9:39:56 PM,2/5/2026,
595,47.4,gf,2.300,mm,OK,--,9:39:56 PM,2/5/2026,
596,47.4,gf,2.300,mm,OK,--,9:39:56 PM,2/5/2026,
597,47.5,gf,2.305,mm,OK,--,9:39:56 PM,2/5/2026,
598,47.5,gf,2.310,mm,OK,--,9:39:56 PM,2/5/2026,
599,47.5,gf,2.315,mm,OK,--,9:39:57 PM,2/5/2026,
600,47.6,gf,2.320,mm,OK,--,9:39:57 PM,2/5/2026,
601,47.6,gf,2.325,mm,OK,--,9:39:57 PM,2/5/2026,
602,47.6,gf,2.330,mm,OK,--,9:39:57 PM,2/5/2026,
603,47.5,gf,2.335,mm,OK,--,9:39:57 PM,2/5/2026,
604,47.6,gf,2.340,mm,OK,--,9:39:57 PM,2/5/2026,
605,47.6,gf,2.345,mm,OK,--,9:39:57 PM,2/5/2026,
606,47.5,gf,2.350,mm,OK,--,9:39:57 PM,2/5/2026,
607,47.5,gf,2.360,mm,OK,--,9:39:57 PM,2/5/2026,
608,47.6,gf,2.365,mm,OK,--,9:39:57 PM,2/5/2026,
609,47.6,gf,2.370,mm,OK,--,9:39:58 PM,2/5/2026,
610,47.7,gf,2.380,mm,OK,--,9:39:58 PM,2/5/2026,
611,47.7,gf,2.385,mm,OK,--,9:39:58 PM,2/5/2026,
612,47.8,gf,2.395,mm,OK,--,9:39:58 PM,2/5/2026,
613,47.7,gf,2.400,mm,OK,--,9:39:58 PM,2/5/2026,
614,47.8,gf,2.410,mm,OK,--,9:39:58 PM,2/5/2026,
615,47.9,gf,2.420,mm,OK,--,9:39:58 PM,2/5/2026,
616,47.9,gf,2.425,mm,OK,--,9:39:58 PM,2/5/2026,
617,47.9,gf,2.435,mm,OK,--,9:39:58 PM,2/5/2026,
618,47.9,gf,2.440,mm,OK,--,9:39:58 PM,2/5/2026,
619,47.9,gf,2.445,mm,OK,--,9:39:59 PM,2/5/2026,
620,47.9,gf,2.455,mm,OK,--,9:39:59 PM,2/5/2026,
621,48.0,gf,2.460,mm,OK,--,9:39:59 PM,2/5/2026,
622,48.1,gf,2.470,mm,OK,--,9:39:59 PM,2/5/2026,
623,48.1,gf,2.475,mm,OK,--,9:39:59 PM,2/5/2026,
624,48.2,gf,2.485,mm,OK,--,9:39:59 PM,2/5/2026,
625,48.2,gf,2.490,mm,OK,--,9:39:59 PM,2/5/2026,
626,48.3,gf,2.495,mm,OK,--,9:39:59 PM,2/5/2026,
627,48.4,gf,2.500,mm,OK,--,9:39:59 PM,2/5/2026,
628,48.4,gf,2.505,mm,OK,--,9:39:59 PM,2/5/2026,
629,48.4,gf,2.510,mm,OK,--,9:40:00 PM,2/5/2026,
630,48.4,gf,2.510,mm,OK,--,9:40:00 PM,2/5/2026,
631,48.4,gf,2.515,mm,OK,--,9:40:00 PM,2/5/2026,
632,48.4,gf,2.520,mm,OK,--,9:40:00 PM,2/5/2026,
633,48.5,gf,2.525,mm,OK,--,9:40:00 PM,2/5/2026,
634,48.5,gf,2.525,mm,OK,--,9:40:00 PM,2/5/2026,
635,48.5,gf,2.530,mm,OK,--,9:40:00 PM,2/5/2026,
636,48.5,gf,2.535,mm,OK,--,9:40:00 PM,2/5/2026,
637,48.5,gf,2.540,mm,OK,--,9:40:00 PM,2/5/2026,
638,48.5,gf,2.540,mm,OK,--,9:40:00 PM,2/5/2026,
639,48.5,gf,2.545,mm,OK,--,9:40:00 PM,2/5/2026,
640,48.5,gf,2.550,mm,OK,--,9:40:01 PM,2/5/2026,
641,48.5,gf,2.550,mm,OK,--,9:40:01 PM,2/5/2026,
642,48.5,gf,2.550,mm,OK,--,9:40:01 PM,2/5/2026,
643,48.5,gf,2.555,mm,OK,--,9:40:01 PM,2/5/2026,
644,48.5,gf,2.555,mm,OK,--,9:40:01 PM,2/5/2026,
645,48.6,gf,2.560,mm,OK,--,9:40:01 PM,2/5/2026,
646,48.5,gf,2.560,mm,OK,--,9:40:01 PM,2/5/2026,
647,48.5,gf,2.560,mm,OK,--,9:40:01 PM,2/5/2026,
648,48.6,gf,2.565,mm,OK,--,9:40:01 PM,2/5/2026,
649,48.6,gf,2.565,mm,OK,--,9:40:02 PM,2/5/2026,
650,48.6,gf,2.570,mm,OK,--,9:40:02 PM,2/5/2026,
651,48.6,gf,2.570,mm,OK,--,9:40:02 PM,2/5/2026,
652,48.6,gf,2.575,mm,OK,--,9:40:02 PM,2/5/2026,
653,48.7,gf,2.580,mm,OK,--,9:40:02 PM,2/5/2026,
654,48.6,gf,2.580,mm,OK,--,9:40:02 PM,2/5/2026,
655,48.6,gf,2.585,mm,OK,--,9:40:02 PM,2/5/2026,
656,48.6,gf,2.590,mm,OK,--,9:40:02 PM,2/5/2026,
657,48.7,gf,2.590,mm,OK,--,9:40:02 PM,2/5/2026,
658,48.7,gf,2.595,mm,OK,--,9:40:02 PM,2/5/2026,
659,48.7,gf,2.600,mm,OK,--,9:40:03 PM,2/5/2026,
660,48.7,gf,2.605,mm,OK,--,9:40:03 PM,2/5/2026,
661,48.7,gf,2.610,mm,OK,--,9:40:03 PM,2/5/2026,
662,48.8,gf,2.620,mm,OK,--,9:40:03 PM,2/5/2026,
663,48.8,gf,2.625,mm,OK,--,9:40:03 PM,2/5/2026,
664,48.8,gf,2.630,mm,OK,--,9:40:03 PM,2/5/2026,
665,48.8,gf,2.635,mm,OK,--,9:40:03 PM,2/5/2026,
666,48.8,gf,2.635,mm,OK,--,9:40:03 PM,2/5/2026,
667,48.8,gf,2.640,mm,OK,--,9:40:03 PM,2/5/2026,
668,48.9,gf,2.645,mm,OK,--,9:40:03 PM,2/5/2026,
669,48.9,gf,2.650,mm,OK,--,9:40:04 PM,2/5/2026,
670,48.9,gf,2.655,mm,OK,--,9:40:04 PM,2/5/2026,
671,48.9,gf,2.660,mm,OK,--,9:40:04 PM,2/5/2026,
672,49.0,gf,2.665,mm,OK,--,9:40:04 PM,2/5/2026,
673,49.0,gf,2.670,mm,OK,--,9:40:04 PM,2/5/2026,
674,49.1,gf,2.675,mm,OK,--,9:40:04 PM,2/5/2026,
675,49.0,gf,2.680,mm,OK,--,9:40:04 PM,2/5/2026,
676,49.1,gf,2.685,mm,OK,--,9:40:04 PM,2/5/2026,
677,49.1,gf,2.690,mm,OK,--,9:40:04 PM,2/5/2026,
678,49.1,gf,2.695,mm,OK,--,9:40:04 PM,2/5/2026,
679,49.1,gf,2.700,mm,OK,--,9:40:05 PM,2/5/2026,
680,49.1,gf,2.705,mm,OK,--,9:40:05 PM,2/5/2026,
681,49.1,gf,2.705,mm,OK,--,9:40:05 PM,2/5/2026,
682,49.1,gf,2.710,mm,OK,--,9:40:05 PM,2/5/2026,
683,49.1,gf,2.710,mm,OK,--,9:40:05 PM,2/5/2026,
684,49.1,gf,2.710,mm,OK,--,9:40:05 PM,2/5/2026,
685,49.1,gf,2.715,mm,OK,--,9:40:05 PM,2/5/2026,
686,49.1,gf,2.715,mm,OK,--,9:40:05 PM,2/5/2026,
687,49.1,gf,2.720,mm,OK,--,9:40:05 PM,2/5/2026,
688,49.2,gf,2.720,mm,OK,--,9:40:05 PM,2/5/2026,
689,49.2,gf,2.720,mm,OK,--,9:40:06 PM,2/5/2026,
690,49.2,gf,2.725,mm,OK,--,9:40:06 PM,2/5/2026,
691,49.2,gf,2.725,mm,OK,--,9:40:06 PM,2/5/2026,
692,49.2,gf,2.730,mm,OK,--,9:40:06 PM,2/5/2026,
693,49.2,gf,2.730,mm,OK,--,9:40:06 PM,2/5/2026,
694,49.2,gf,2.730,mm,OK,--,9:40:06 PM,2/5/2026,
695,49.2,gf,2.730,mm,OK,--,9:40:06 PM,2/5/2026,
696,49.2,gf,2.735,mm,OK,--,9:40:06 PM,2/5/2026,
697,49.2,gf,2.735,mm,OK,--,9:40:06 PM,2/5/2026,
698,49.2,gf,2.735,mm,OK,--,9:40:06 PM,2/5/2026,
699,49.2,gf,2.735,mm,OK,--,9:40:06 PM,2/5/2026,
700,49.2,gf,2.740,mm,OK,--,9:40:07 PM,2/5/2026,
701,49.2,gf,2.740,mm,OK,--,9:40:07 PM,2/5/2026,
702,49.2,gf,2.740,mm,OK,--,9:40:07 PM,2/5/2026,
703,49.2,gf,2.740,mm,OK,--,9:40:07 PM,2/5/2026,
704,49.3,gf,2.745,mm,OK,--,9:40:07 PM,2/5/2026,
705,49.4,gf,2.745,mm,OK,--,9:40:07 PM,2/5/2026,
706,49.3,gf,2.745,mm,OK,--,9:40:07 PM,2/5/2026,
707,49.4,gf,2.750,mm,OK,--,9:40:07 PM,2/5/2026,
708,49.4,gf,2.755,mm,OK,--,9:40:07 PM,2/5/2026,
709,49.5,gf,2.760,mm,OK,--,9:40:07 PM,2/5/2026,
710,49.4,gf,2.765,mm,OK,--,9:40:08 PM,2/5/2026,
711,49.4,gf,2.770,mm,OK,--,9:40:08 PM,2/5/2026,
712,49.5,gf,2.775,mm,OK,--,9:40:08 PM,2/5/2026,
713,49.4,gf,2.780,mm,OK,--,9:40:08 PM,2/5/2026,
714,49.5,gf,2.785,mm,OK,--,9:40:08 PM,2/5/2026,
715,49.5,gf,2.790,mm,OK,--,9:40:08 PM,2/5/2026,
716,49.5,gf,2.795,mm,OK,--,9:40:08 PM,2/5/2026,
717,49.5,gf,2.800,mm,OK,--,9:40:08 PM,2/5/2026,
718,49.6,gf,2.805,mm,OK,--,9:40:08 PM,2/5/2026,
719,49.6,gf,2.805,mm,OK,--,9:40:08 PM,2/5/2026,
720,49.6,gf,2.810,mm,OK,--,9:40:09 PM,2/5/2026,
721,49.6,gf,2.810,mm,OK,--,9:40:09 PM,2/5/2026,
722,49.6,gf,2.815,mm,OK,--,9:40:09 PM,2/5/2026,
723,49.6,gf,2.815,mm,OK,--,9:40:09 PM,2/5/2026,
724,49.6,gf,2.820,mm,OK,--,9:40:09 PM,2/5/2026,
725,49.6,gf,2.825,mm,OK,--,9:40:09 PM,2/5/2026,
726,49.6,gf,2.825,mm,OK,--,9:40:09 PM,2/5/2026,
727,49.6,gf,2.830,mm,OK,--,9:40:09 PM,2/5/2026,
728,49.6,gf,2.830,mm,OK,--,9:40:09 PM,2/5/2026,
729,49.6,gf,2.835,mm,OK,--,9:40:10 PM,2/5/2026,
730,49.6,gf,2.840,mm,OK,--,9:40:10 PM,2/5/2026,
731,49.6,gf,2.840,mm,OK,--,9:40:10 PM,2/5/2026,
732,49.6,gf,2.845,mm,OK,--,9:40:10 PM,2/5/2026,
733,49.6,gf,2.845,mm,OK,--,9:40:10 PM,2/5/2026,
734,49.6,gf,2.850,mm,OK,--,9:40:10 PM,2/5/2026,
735,49.7,gf,2.850,mm,OK,--,9:40:10 PM,2/5/2026,
736,49.7,gf,2.855,mm,OK,--,9:40:10 PM,2/5/2026,
737,49.8,gf,2.860,mm,OK,--,9:40:10 PM,2/5/2026,
738,49.8,gf,2.865,mm,OK,--,9:40:10 PM,2/5/2026,
739,49.8,gf,2.865,mm,OK,--,9:40:10 PM,2/5/2026,
740,49.8,gf,2.870,mm,OK,--,9:40:11 PM,2/5/2026,
741,49.9,gf,2.875,mm,OK,--,9:40:11 PM,2/5/2026,
742,49.9,gf,2.880,mm,OK,--,9:40:11 PM,2/5/2026,
743,49.9,gf,2.885,mm,OK,--,9:40:11 PM,2/5/2026,
744,49.9,gf,2.890,mm,OK,--,9:40:11 PM,2/5/2026,
745,49.9,gf,2.890,mm,OK,--,9:40:11 PM,2/5/2026,
746,49.9,gf,2.895,mm,OK,--,9:40:11 PM,2/5/2026,
747,49.9,gf,2.900,mm,OK,--,9:40:11 PM,2/5/2026,
748,49.9,gf,2.905,mm,OK,--,9:40:11 PM,2/5/2026,
749,49.9,gf,2.910,mm,OK,--,9:40:11 PM,2/5/2026,
750,50.0,gf,2.910,mm,OK,--,9:40:12 PM,2/5/2026,
751,50.0,gf,2.915,mm,OK,--,9:40:12 PM,2/5/2026,
752,50.1,gf,2.925,mm,OK,--,9:40:12 PM,2/5/2026,
753,50.1,gf,2.930,mm,OK,--,9:40:12 PM,2/5/2026,
754,50.2,gf,2.935,mm,OK,--,9:40:12 PM,2/5/2026,
755,50.2,gf,2.940,mm,OK,--,9:40:12 PM,2/5/2026,
756,50.2,gf,2.945,mm,OK,--,9:40:12 PM,2/5/2026,
757,50.2,gf,2.950,mm,OK,--,9:40:12 PM,2/5/2026,
758,50.2,gf,2.955,mm,OK,--,9:40:12 PM,2/5/2026,
759,50.2,gf,2.960,mm,OK,--,9:40:12 PM,2/5/2026,
760,50.3,gf,2.965,mm,OK,--,9:40:13 PM,2/5/2026,
761,50.3,gf,2.970,mm,OK,--,9:40:13 PM,2/5/2026,
762,50.3,gf,2.975,mm,OK,--,9:40:13 PM,2/5/2026,
763,50.3,gf,2.975,mm,OK,--,9:40:13 PM,2/5/2026,
764,50.2,gf,2.980,mm,OK,--,9:40:13 PM,2/5/2026,
765,50.2,gf,2.980,mm,OK,--,9:40:13 PM,2/5/2026,
766,50.2,gf,2.985,mm,OK,--,9:40:13 PM,2/5/2026,
767,50.2,gf,2.985,mm,OK,--,9:40:13 PM,2/5/2026,
768,50.2,gf,2.990,mm,OK,--,9:40:13 PM,2/5/2026,
769,50.2,gf,2.990,mm,OK,--,9:40:13 PM,2/5/2026,
770,50.3,gf,2.995,mm,OK,--,9:40:14 PM,2/5/2026,
771,50.4,gf,2.995,mm,OK,--,9:40:14 PM,2/5/2026,
772,50.4,gf,3.000,mm,OK,--,9:40:14 PM,2/5/2026,
773,50.5,gf,3.010,mm,OK,--,9:40:14 PM,2/5/2026,
774,50.5,gf,3.015,mm,OK,--,9:40:14 PM,2/5/2026,
775,50.5,gf,3.025,mm,OK,--,9:40:14 PM,2/5/2026,
776,50.5,gf,3.030,mm,OK,--,9:40:14 PM,2/5/2026,
777,50.6,gf,3.035,mm,OK,--,9:40:14 PM,2/5/2026,
778,50.6,gf,3.040,mm,OK,--,9:40:14 PM,2/5/2026,
779,50.7,gf,3.045,mm,OK,--,9:40:14 PM,2/5/2026,
780,50.7,gf,3.050,mm,OK,--,9:40:15 PM,2/5/2026,
781,50.7,gf,3.055,mm,OK,--,9:40:15 PM,2/5/2026,
782,50.7,gf,3.060,mm,OK,--,9:40:15 PM,2/5/2026,
783,50.7,gf,3.065,mm,OK,--,9:40:15 PM,2/5/2026,
784,50.7,gf,3.065,mm,OK,--,9:40:15 PM,2/5/2026,
785,50.7,gf,3.070,mm,OK,--,9:40:15 PM,2/5/2026,
786,50.8,gf,3.075,mm,OK,--,9:40:15 PM,2/5/2026,
787,50.8,gf,3.080,mm,OK,--,9:40:15 PM,2/5/2026,
788,50.8,gf,3.085,mm,OK,--,9:40:15 PM,2/5/2026,
789,50.9,gf,3.090,mm,OK,--,9:40:15 PM,2/5/2026,
790,50.8,gf,3.090,mm,OK,--,9:40:16 PM,2/5/2026,
791,50.8,gf,3.095,mm,OK,--,9:40:16 PM,2/5/2026,
792,50.8,gf,3.100,mm,OK,--,9:40:16 PM,2/5/2026,
793,50.8,gf,3.105,mm,OK,--,9:40:16 PM,2/5/2026,
794,50.8,gf,3.110,mm,OK,--,9:40:16 PM,2/5/2026,
795,50.9,gf,3.110,mm,OK,--,9:40:16 PM,2/5/2026,
796,50.9,gf,3.115,mm,OK,--,9:40:16 PM,2/5/2026,
797,50.9,gf,3.120,mm,OK,--,9:40:16 PM,2/5/2026,
798,50.9,gf,3.125,mm,OK,--,9:40:16 PM,2/5/2026,
799,51.0,gf,3.130,mm,OK,--,9:40:16 PM,2/5/2026,
800,51.0,gf,3.130,mm,OK,--,9:40:17 PM,2/5/2026,
801,51.0,gf,3.135,mm,OK,--,9:40:17 PM,2/5/2026,
802,51.1,gf,3.140,mm,OK,--,9:40:17 PM,2/5/2026,
803,51.2,gf,3.145,mm,OK,--,9:40:17 PM,2/5/2026,
804,53.8,gf,3.175,mm,OK,--,9:40:17 PM,2/5/2026,
805,66.2,gf,3.185,mm,OK,--,9:40:17 PM,2/5/2026,
806,68.6,gf,3.190,mm,OK,--,9:40:17 PM,2/5/2026,
807,72.4,gf,3.195,mm,OK,--,9:40:17 PM,2/5/2026,
808,75.6,gf,3.195,mm,OK,--,9:40:17 PM,2/5/2026,
809,78.2,gf,3.200,mm,OK,--,9:40:17 PM,2/5/2026,
810,81.2,gf,3.205,mm,OK,--,9:40:18 PM,2/5/2026,
811,84.3,gf,3.205,mm,OK,--,9:40:18 PM,2/5/2026,
812,87.1,gf,3.210,mm,OK,--,9:40:18 PM,2/5/2026,
813,89.8,gf,3.210,mm,OK,--,9:40:18 PM,2/5/2026,
814,92.1,gf,3.215,mm,OK,--,9:40:18 PM,2/5/2026,
815,93.0,gf,3.215,mm,OK,--,9:40:18 PM,2/5/2026,
816,93.4,gf,3.215,mm,OK,--,9:40:18 PM,2/5/2026,
817,94.0,gf,3.215,mm,OK,--,9:40:18 PM,2/5/2026,
818,95.2,gf,3.220,mm,OK,--,9:40:18 PM,2/5/2026,
819,97.0,gf,3.220,mm,OK,--,9:40:18 PM,2/5/2026,
820,99.8,gf,3.225,mm,OK,--,9:40:19 PM,2/5/2026,
821,102.6,gf,3.225,mm,OK,--,9:40:19 PM,2/5/2026,
822,105.1,gf,3.230,mm,OK,--,9:40:19 PM,2/5/2026,
823,106.9,gf,3.230,mm,OK,--,9:40:19 PM,2/5/2026,
824,108.4,gf,3.230,mm,OK,--,9:40:19 PM,2/5/2026,
825,109.8,gf,3.235,mm,OK,--,9:40:19 PM,2/5/2026,
826,111.2,gf,3.235,mm,OK,--,9:40:19 PM,2/5/2026,
827,112.4,gf,3.235,mm,OK,--,9:40:19 PM,2/5/2026,
828,113.5,gf,3.235,mm,OK,--,9:40:19 PM,2/5/2026,
829,114.5,gf,3.240,mm,OK,--,9:40:19 PM,2/5/2026,
830,115.5,gf,3.240,mm,OK,--,9:40:20 PM,2/5/2026,
831,116.5,gf,3.240,mm,OK,--,9:40:20 PM,2/5/2026,
832,117.8,gf,3.240,mm,OK,--,9:40:20 PM,2/5/2026,
833,118.8,gf,3.245,mm,OK,--,9:40:20 PM,2/5/2026,
834,119.8,gf,3.245,mm,OK,--,9:40:20 PM,2/5/2026,
835,121.0,gf,3.245,mm,OK,--,9:40:20 PM,2/5/2026,
836,122.2,gf,3.245,mm,OK,--,9:40:20 PM,2/5/2026,
837,123.5,gf,3.250,mm,OK,--,9:40:20 PM,2/5/2026,
838,124.7,gf,3.250,mm,OK,--,9:40:20 PM,2/5/2026,
839,126.3,gf,3.250,mm,OK,--,9:40:20 PM,2/5/2026,
840,127.8,gf,3.255,mm,OK,--,9:40:21 PM,2/5/2026,
841,129.1,gf,3.255,mm,OK,--,9:40:21 PM,2/5/2026,
842,130.5,gf,3.255,mm,OK,--,9:40:21 PM,2/5/2026,
843,131.7,gf,3.255,mm,OK,--,9:40:21 PM,2/5/2026,
844,132.9,gf,3.260,mm,OK,--,9:40:21 PM,2/5/2026,
845,134.2,gf,3.260,mm,OK,--,9:40:21 PM,2/5/2026,
846,135.2,gf,3.260,mm,OK,--,9:40:21 PM,2/5/2026,
847,136.3,gf,3.265,mm,OK,--,9:40:21 PM,2/5/2026,
848,137.5,gf,3.265,mm,OK,--,9:40:21 PM,2/5/2026,
849,139.1,gf,3.265,mm,OK,--,9:40:21 PM,2/5/2026,
850,141.0,gf,3.265,mm,OK,--,9:40:22 PM,2/5/2026,
851,142.9,gf,3.270,mm,OK,--,9:40:22 PM,2/5/2026,
852,144.3,gf,3.270,mm,OK,--,9:40:22 PM,2/5/2026,
853,145.6,gf,3.270,mm,OK,--,9:40:22 PM,2/5/2026,
854,147.1,gf,3.275,mm,OK,--,9:40:22 PM,2/5/2026,
855,148.8,gf,3.275,mm,OK,--,9:40:22 PM,2/5/2026,
856,150.5,gf,3.280,mm,OK,--,9:40:22 PM,2/5/2026,
857,152.4,gf,3.280,mm,OK,--,9:40:22 PM,2/5/2026,
858,154.3,gf,3.280,mm,OK,--,9:40:22 PM,2/5/2026,
859,156.3,gf,3.285,mm,OK,--,9:40:22 PM,2/5/2026,
860,158.1,gf,3.285,mm,OK,--,9:40:23 PM,2/5/2026,
861,159.6,gf,3.285,mm,OK,--,9:40:23 PM,2/5/2026,
862,160.9,gf,3.290,mm,OK,--,9:40:23 PM,2/5/2026,
863,162.3,gf,3.290,mm,OK,--,9:40:23 PM,2/5/2026,
864,163.6,gf,3.290,mm,OK,--,9:40:23 PM,2/5/2026,
865,164.8,gf,3.290,mm,OK,--,9:40:23 PM,2/5/2026,
866,166.3,gf,3.295,mm,OK,--,9:40:23 PM,2/5/2026,
867,167.7,gf,3.295,mm,OK,--,9:40:23 PM,2/5/2026,
868,169.0,gf,3.295,mm,OK,--,9:40:23 PM,2/5/2026,
869,170.2,gf,3.300,mm,OK,--,9:40:23 PM,2/5/2026,
870,171.4,gf,3.300,mm,OK,--,9:40:24 PM,2/5/2026,
871,172.4,gf,3.300,mm,OK,--,9:40:24 PM,2/5/2026,
872,173.6,gf,3.300,mm,OK,--,9:40:24 PM,2/5/2026,
873,175.0,gf,3.305,mm,OK,--,9:40:24 PM,2/5/2026,
874,176.4,gf,3.305,mm,OK,--,9:40:24 PM,2/5/2026,
875,177.7,gf,3.305,mm,OK,--,9:40:24 PM,2/5/2026,
876,179.1,gf,3.305,mm,OK,--,9:40:24 PM,2/5/2026,
877,179.9,gf,3.310,mm,OK,--,9:40:24 PM,2/5/2026,
878,180.7,gf,3.310,mm,OK,--,9:40:24 PM,2/5/2026,
879,181.5,gf,3.310,mm,OK,--,9:40:24 PM,2/5/2026,
880,182.2,gf,3.310,mm,OK,--,9:40:25 PM,2/5/2026,
881,183.0,gf,3.310,mm,OK,--,9:40:25 PM,2/5/2026,
882,183.9,gf,3.310,mm,OK,--,9:40:25 PM,2/5/2026,
883,184.8,gf,3.315,mm,OK,--,9:40:25 PM,2/5/2026,
884,185.6,gf,3.315,mm,OK,--,9:40:25 PM,2/5/2026,
885,186.5,gf,3.315,mm,OK,--,9:40:25 PM,2/5/2026,
886,187.4,gf,3.315,mm,OK,--,9:40:25 PM,2/5/2026,
887,188.2,gf,3.315,mm,OK,--,9:40:25 PM,2/5/2026,
888,189.0,gf,3.320,mm,OK,--,9:40:25 PM,2/5/2026,
889,189.8,gf,3.320,mm,OK,--,9:40:25 PM,2/5/2026,
890,190.6,gf,3.320,mm,OK,--,9:40:26 PM,2/5/2026,
891,191.2,gf,3.320,mm,OK,--,9:40:26 PM,2/5/2026,
892,191.4,gf,3.320,mm,OK,--,9:40:26 PM,2/5/2026,
893,191.6,gf,3.320,mm,OK,--,9:40:26 PM,2/5/2026,
894,191.6,gf,3.320,mm,OK,--,9:40:26 PM,2/5/2026,
895,191.5,gf,3.320,mm,OK,--,9:40:26 PM,2/5/2026,
896,191.5,gf,3.320,mm,OK,--,9:40:26 PM,2/5/2026,
897,191.3,gf,3.320,mm,OK,--,9:40:26 PM,2/5/2026,
898,191.3,gf,3.320,mm,OK,--,9:40:26 PM,2/5/2026,
899,191.1,gf,3.320,mm,OK,--,9:40:26 PM,2/5/2026,
900,191.2,gf,3.320,mm,OK,--,9:40:27 PM,2/5/2026,
901,191.1,gf,3.320,mm,OK,--,9:40:27 PM,2/5/2026,
902,191.1,gf,3.320,mm,OK,--,9:40:27 PM,2/5/2026,
903,191.0,gf,3.320,mm,OK,--,9:40:27 PM,2/5/2026,
904,191.0,gf,3.320,mm,OK,--,9:40:27 PM,2/5/2026,
905,191.0,gf,3.320,mm,OK,--,9:40:27 PM,2/5/2026,
906,190.9,gf,3.320,mm,OK,--,9:40:27 PM,2/5/2026,
907,190.9,gf,3.320,mm,OK,--,9:40:27 PM,2/5/2026,
908,190.8,gf,3.320,mm,OK,--,9:40:27 PM,2/5/2026,
909,190.8,gf,3.320,mm,OK,--,9:40:27 PM,2/5/2026,
910,190.6,gf,3.320,mm,OK,--,9:40:28 PM,2/5/2026,
911,190.5,gf,3.320,mm,OK,--,9:40:28 PM,2/5/2026,
912,190.5,gf,3.320,mm,OK,--,9:40:28 PM,2/5/2026,
913,190.3,gf,3.320,mm,OK,--,9:40:28 PM,2/5/2026,
914,190.1,gf,3.320,mm,OK,--,9:40:28 PM,2/5/2026,
915,189.9,gf,3.320,mm,OK,--,9:40:28 PM,2/5/2026,
916,189.7,gf,3.320,mm,OK,--,9:40:28 PM,2/5/2026,
917,189.4,gf,3.320,mm,OK,--,9:40:28 PM,2/5/2026,
918,189.1,gf,3.320,mm,OK,--,9:40:28 PM,2/5/2026,
919,188.7,gf,3.320,mm,OK,--,9:40:28 PM,2/5/2026,
920,188.0,gf,3.320,mm,OK,--,9:40:29 PM,2/5/2026,
921,186.9,gf,3.320,mm,OK,--,9:40:29 PM,2/5/2026,
922,185.1,gf,3.315,mm,OK,--,9:40:29 PM,2/5/2026,
923,184.2,gf,3.315,mm,OK,--,9:40:29 PM,2/5/2026,
924,183.5,gf,3.315,mm,OK,--,9:40:29 PM,2/5/2026,
925,182.5,gf,3.315,mm,OK,--,9:40:29 PM,2/5/2026,
926,181.4,gf,3.315,mm,OK,--,9:40:29 PM,2/5/2026,
927,179.8,gf,3.310,mm,OK,--,9:40:29 PM,2/5/2026,
928,177.6,gf,3.310,mm,OK,--,9:40:29 PM,2/5/2026,
929,175.1,gf,3.310,mm,OK,--,9:40:29 PM,2/5/2026,
930,173.5,gf,3.305,mm,OK,--,9:40:30 PM,2/5/2026,
931,170.8,gf,3.305,mm,OK,--,9:40:30 PM,2/5/2026,
932,168.8,gf,3.300,mm,OK,--,9:40:30 PM,2/5/2026,
933,167.6,gf,3.300,mm,OK,--,9:40:30 PM,2/5/2026,
934,166.9,gf,3.300,mm,OK,--,9:40:30 PM,2/5/2026,
935,166.0,gf,3.300,mm,OK,--,9:40:30 PM,2/5/2026,
936,165.2,gf,3.300,mm,OK,--,9:40:30 PM,2/5/2026,
937,164.7,gf,3.295,mm,OK,--,9:40:30 PM,2/5/2026,
938,164.5,gf,3.295,mm,OK,--,9:40:30 PM,2/5/2026,
939,164.3,gf,3.295,mm,OK,--,9:40:30 PM,2/5/2026,
940,163.8,gf,3.295,mm,OK,--,9:40:31 PM,2/5/2026,
941,162.8,gf,3.295,mm,OK,--,9:40:31 PM,2/5/2026,
942,160.6,gf,3.295,mm,OK,--,9:40:31 PM,2/5/2026,
943,158.3,gf,3.290,mm,OK,--,9:40:31 PM,2/5/2026,
944,156.3,gf,3.290,mm,OK,--,9:40:31 PM,2/5/2026,
945,154.2,gf,3.285,mm,OK,--,9:40:31 PM,2/5/2026,
946,152.4,gf,3.285,mm,OK,--,9:40:31 PM,2/5/2026,
947,151.2,gf,3.285,mm,OK,--,9:40:31 PM,2/5/2026,
948,149.7,gf,3.285,mm,OK,--,9:40:31 PM,2/5/2026,
949,147.1,gf,3.280,mm,OK,--,9:40:31 PM,2/5/2026,
950,144.0,gf,3.280,mm,OK,--,9:40:32 PM,2/5/2026,
951,141.5,gf,3.275,mm,OK,--,9:40:32 PM,2/5/2026,
952,139.3,gf,3.270,mm,OK,--,9:40:32 PM,2/5/2026,
953,136.5,gf,3.270,mm,OK,--,9:40:32 PM,2/5/2026,
954,132.9,gf,3.265,mm,OK,--,9:40:32 PM,2/5/2026,
955,128.6,gf,3.260,mm,OK,--,9:40:32 PM,2/5/2026,
956,123.7,gf,3.255,mm,OK,--,9:40:32 PM,2/5/2026,
957,118.4,gf,3.250,mm,OK,--,9:40:32 PM,2/5/2026,
958,112.1,gf,3.245,mm,OK,--,9:40:32 PM,2/5/2026,
959,102.6,gf,3.235,mm,OK,--,9:40:32 PM,2/5/2026,
960,92.2,gf,3.225,mm,OK,--,9:40:33 PM,2/5/2026,
961,84.6,gf,3.215,mm,OK,--,9:40:33 PM,2/5/2026,
962,75.9,gf,3.205,mm,OK,--,9:40:33 PM,2/5/2026,
963,64.9,gf,3.195,mm,OK,--,9:40:33 PM,2/5/2026,
964,57.6,gf,3.185,mm,OK,--,9:40:33 PM,2/5/2026,
965,52.5,gf,3.180,mm,OK,--,9:40:33 PM,2/5/2026,
966,49.9,gf,3.175,mm,OK,--,9:40:33 PM,2/5/2026,
967,50.0,gf,3.170,mm,OK,--,9:40:33 PM,2/5/2026,
968,50.0,gf,3.165,mm,OK,--,9:40:33 PM,2/5/2026,
969,49.9,gf,3.160,mm,OK,--,9:40:33 PM,2/5/2026,
970,49.9,gf,3.155,mm,OK,--,9:40:34 PM,2/5/2026,
971,49.8,gf,3.150,mm,OK,--,9:40:34 PM,2/5/2026,
972,49.7,gf,3.140,mm,OK,--,9:40:34 PM,2/5/2026,
973,49.6,gf,3.130,mm,OK,--,9:40:34 PM,2/5/2026,
974,49.5,gf,3.125,mm,OK,--,9:40:34 PM,2/5/2026,
975,49.4,gf,3.120,mm,OK,--,9:40:34 PM,2/5/2026,
976,49.4,gf,3.115,mm,OK,--,9:40:34 PM,2/5/2026,
977,49.4,gf,3.110,mm,OK,--,9:40:34 PM,2/5/2026,
978,49.3,gf,3.105,mm,OK,--,9:40:34 PM,2/5/2026,
979,49.3,gf,3.105,mm,OK,--,9:40:34 PM,2/5/2026,
980,49.2,gf,3.100,mm,OK,--,9:40:35 PM,2/5/2026,
981,49.2,gf,3.095,mm,OK,--,9:40:35 PM,2/5/2026,
982,49.2,gf,3.095,mm,OK,--,9:40:35 PM,2/5/2026,
983,49.1,gf,3.090,mm,OK,--,9:40:35 PM,2/5/2026,
984,49.1,gf,3.090,mm,OK,--,9:40:35 PM,2/5/2026,
985,49.1,gf,3.085,mm,OK,--,9:40:35 PM,2/5/2026,
986,49.0,gf,3.080,mm,OK,--,9:40:35 PM,2/5/2026,
987,49.0,gf,3.075,mm,OK,--,9:40:35 PM,2/5/2026,
988,49.0,gf,3.075,mm,OK,--,9:40:35 PM,2/5/2026,
989,48.9,gf,3.070,mm,OK,--,9:40:35 PM,2/5/2026,
990,48.9,gf,3.065,mm,OK,--,9:40:36 PM,2/5/2026,
991,48.9,gf,3.060,mm,OK,--,9:40:36 PM,2/5/2026,
992,48.9,gf,3.055,mm,OK,--,9:40:36 PM,2/5/2026,
993,48.9,gf,3.050,mm,OK,--,9:40:36 PM,2/5/2026,
994,48.8,gf,3.045,mm,OK,--,9:40:36 PM,2/5/2026,
995,48.8,gf,3.040,mm,OK,--,9:40:36 PM,2/5/2026,
996,48.8,gf,3.030,mm,OK,--,9:40:36 PM,2/5/2026,
997,48.8,gf,3.025,mm,OK,--,9:40:36 PM,2/5/2026,
998,48.7,gf,3.015,mm,OK,--,9:40:36 PM,2/5/2026,
999,48.7,gf,3.010,mm,OK,--,9:40:36 PM,2/5/2026,
1000,48.8,gf,3.005,mm,OK,--,9:40:37 PM,2/5/2026,
1001,48.7,gf,3.005,mm,OK,--,9:40:37 PM,2/5/2026,
1002,48.7,gf,3.000,mm,OK,--,9:40:37 PM,2/5/2026,
1003,48.7,gf,3.000,mm,OK,--,9:40:37 PM,2/5/2026,
1004,48.7,gf,2.995,mm,OK,--,9:40:37 PM,2/5/2026,
1005,48.7,gf,2.990,mm,OK,--,9:40:37 PM,2/5/2026,
1006,48.6,gf,2.990,mm,OK,--,9:40:37 PM,2/5/2026,
1007,48.6,gf,2.985,mm,OK,--,9:40:37 PM,2/5/2026,
1008,48.7,gf,2.985,mm,OK,--,9:40:37 PM,2/5/2026,
1009,48.7,gf,2.985,mm,OK,--,9:40:37 PM,2/5/2026,
1010,48.7,gf,2.980,mm,OK,--,9:40:38 PM,2/5/2026,
1011,48.6,gf,2.980,mm,OK,--,9:40:38 PM,2/5/2026,
1012,48.6,gf,2.975,mm,OK,--,9:40:38 PM,2/5/2026,
1013,48.6,gf,2.975,mm,OK,--,9:40:38 PM,2/5/2026,
1014,48.5,gf,2.970,mm,OK,--,9:40:38 PM,2/5/2026,
1015,48.5,gf,2.965,mm,OK,--,9:40:38 PM,2/5/2026,
1016,48.5,gf,2.960,mm,OK,--,9:40:38 PM,2/5/2026,
1017,48.5,gf,2.955,mm,OK,--,9:40:38 PM,2/5/2026,
1018,48.4,gf,2.950,mm,OK,--,9:40:38 PM,2/5/2026,
1019,48.4,gf,2.950,mm,OK,--,9:40:38 PM,2/5/2026,
1020,48.4,gf,2.945,mm,OK,--,9:40:39 PM,2/5/2026,
1021,48.3,gf,2.940,mm,OK,--,9:40:39 PM,2/5/2026,
1022,48.3,gf,2.935,mm,OK,--,9:40:39 PM,2/5/2026,
1023,48.3,gf,2.930,mm,OK,--,9:40:39 PM,2/5/2026,
1024,48.2,gf,2.925,mm,OK,--,9:40:39 PM,2/5/2026,
1025,48.2,gf,2.920,mm,OK,--,9:40:39 PM,2/5/2026,
1026,48.2,gf,2.910,mm,OK,--,9:40:39 PM,2/5/2026,
1027,48.2,gf,2.905,mm,OK,--,9:40:39 PM,2/5/2026,
1028,48.1,gf,2.900,mm,OK,--,9:40:39 PM,2/5/2026,
1029,48.0,gf,2.895,mm,OK,--,9:40:39 PM,2/5/2026,
1030,48.0,gf,2.890,mm,OK,--,9:40:40 PM,2/5/2026,
1031,48.0,gf,2.885,mm,OK,--,9:40:40 PM,2/5/2026,
1032,48.0,gf,2.880,mm,OK,--,9:40:40 PM,2/5/2026,
1033,48.0,gf,2.875,mm,OK,--,9:40:40 PM,2/5/2026,
1034,48.0,gf,2.875,mm,OK,--,9:40:40 PM,2/5/2026,
1035,48.0,gf,2.870,mm,OK,--,9:40:40 PM,2/5/2026,
1036,48.0,gf,2.870,mm,OK,--,9:40:40 PM,2/5/2026,
1037,47.9,gf,2.870,mm,OK,--,9:40:40 PM,2/5/2026,
1038,47.8,gf,2.865,mm,OK,--,9:40:40 PM,2/5/2026,
1039,47.8,gf,2.865,mm,OK,--,9:40:40 PM,2/5/2026,
1040,47.8,gf,2.860,mm,OK,--,9:40:41 PM,2/5/2026,
1041,47.8,gf,2.855,mm,OK,--,9:40:41 PM,2/5/2026,
1042,47.8,gf,2.855,mm,OK,--,9:40:41 PM,2/5/2026,
1043,47.8,gf,2.850,mm,OK,--,9:40:41 PM,2/5/2026,
1044,47.7,gf,2.850,mm,OK,--,9:40:41 PM,2/5/2026,
1045,47.7,gf,2.845,mm,OK,--,9:40:41 PM,2/5/2026,
1046,47.6,gf,2.840,mm,OK,--,9:40:41 PM,2/5/2026,
1047,47.6,gf,2.835,mm,OK,--,9:40:41 PM,2/5/2026,
1048,47.5,gf,2.830,mm,OK,--,9:40:41 PM,2/5/2026,
1049,47.5,gf,2.825,mm,OK,--,9:40:41 PM,2/5/2026,
1050,47.6,gf,2.815,mm,OK,--,9:40:42 PM,2/5/2026,
1051,47.5,gf,2.810,mm,OK,--,9:40:42 PM,2/5/2026,
1052,47.5,gf,2.800,mm,OK,--,9:40:42 PM,2/5/2026,
1053,47.5,gf,2.795,mm,OK,--,9:40:42 PM,2/5/2026,
1054,47.4,gf,2.785,mm,OK,--,9:40:42 PM,2/5/2026,
1055,47.4,gf,2.780,mm,OK,--,9:40:42 PM,2/5/2026,
1056,47.4,gf,2.770,mm,OK,--,9:40:42 PM,2/5/2026,
1057,47.3,gf,2.765,mm,OK,--,9:40:42 PM,2/5/2026,
1058,47.3,gf,2.755,mm,OK,--,9:40:42 PM,2/5/2026,
1059,47.2,gf,2.745,mm,OK,--,9:40:42 PM,2/5/2026,
1060,47.2,gf,2.740,mm,OK,--,9:40:43 PM,2/5/2026,
1061,47.1,gf,2.735,mm,OK,--,9:40:43 PM,2/5/2026,
1062,47.0,gf,2.725,mm,OK,--,9:40:43 PM,2/5/2026,
1063,47.0,gf,2.715,mm,OK,--,9:40:43 PM,2/5/2026,
1064,46.9,gf,2.705,mm,OK,--,9:40:43 PM,2/5/2026,
1065,46.9,gf,2.700,mm,OK,--,9:40:43 PM,2/5/2026,
1066,46.9,gf,2.690,mm,OK,--,9:40:43 PM,2/5/2026,
1067,46.9,gf,2.680,mm,OK,--,9:40:43 PM,2/5/2026,
1068,46.8,gf,2.670,mm,OK,--,9:40:43 PM,2/5/2026,
1069,46.8,gf,2.665,mm,OK,--,9:40:43 PM,2/5/2026,
1070,46.7,gf,2.655,mm,OK,--,9:40:44 PM,2/5/2026,
1071,46.7,gf,2.645,mm,OK,--,9:40:44 PM,2/5/2026,
1072,46.6,gf,2.635,mm,OK,--,9:40:44 PM,2/5/2026,
1073,46.6,gf,2.625,mm,OK,--,9:40:44 PM,2/5/2026,
1074,46.5,gf,2.615,mm,OK,--,9:40:44 PM,2/5/2026,
1075,46.6,gf,2.605,mm,OK,--,9:40:44 PM,2/5/2026,
1076,46.5,gf,2.590,mm,OK,--,9:40:44 PM,2/5/2026,
1077,46.4,gf,2.575,mm,OK,--,9:40:44 PM,2/5/2026,
1078,46.4,gf,2.565,mm,OK,--,9:40:44 PM,2/5/2026,
1079,46.4,gf,2.550,mm,OK,--,9:40:44 PM,2/5/2026,
1080,46.3,gf,2.540,mm,OK,--,9:40:45 PM,2/5/2026,
1081,46.3,gf,2.530,mm,OK,--,9:40:45 PM,2/5/2026,
1082,46.2,gf,2.525,mm,OK,--,9:40:45 PM,2/5/2026,
1083,46.2,gf,2.520,mm,OK,--,9:40:45 PM,2/5/2026,
1084,46.2,gf,2.510,mm,OK,--,9:40:45 PM,2/5/2026,
1085,46.2,gf,2.505,mm,OK,--,9:40:45 PM,2/5/2026,
1086,46.2,gf,2.500,mm,OK,--,9:40:45 PM,2/5/2026,
1087,46.2,gf,2.495,mm,OK,--,9:40:45 PM,2/5/2026,
1088,46.1,gf,2.485,mm,OK,--,9:40:45 PM,2/5/2026,
1089,46.0,gf,2.480,mm,OK,--,9:40:45 PM,2/5/2026,
1090,45.8,gf,2.475,mm,OK,--,9:40:46 PM,2/5/2026,
1091,45.7,gf,2.465,mm,OK,--,9:40:46 PM,2/5/2026,
1092,45.6,gf,2.460,mm,OK,--,9:40:46 PM,2/5/2026,
1093,45.6,gf,2.450,mm,OK,--,9:40:46 PM,2/5/2026,
1094,45.6,gf,2.445,mm,OK,--,9:40:46 PM,2/5/2026,
1095,45.5,gf,2.440,mm,OK,--,9:40:46 PM,2/5/2026,
1096,45.5,gf,2.435,mm,OK,--,9:40:46 PM,2/5/2026,
1097,45.5,gf,2.430,mm,OK,--,9:40:46 PM,2/5/2026,
1098,45.4,gf,2.425,mm,OK,--,9:40:46 PM,2/5/2026,
1099,45.4,gf,2.420,mm,OK,--,9:40:46 PM,2/5/2026,
1100,45.4,gf,2.415,mm,OK,--,9:40:47 PM,2/5/2026,
1101,45.4,gf,2.415,mm,OK,--,9:40:47 PM,2/5/2026,
1102,45.4,gf,2.410,mm,OK,--,9:40:47 PM,2/5/2026,
1103,45.4,gf,2.405,mm,OK,--,9:40:47 PM,2/5/2026,
1104,45.4,gf,2.400,mm,OK,--,9:40:47 PM,2/5/2026,
1105,45.3,gf,2.400,mm,OK,--,9:40:47 PM,2/5/2026,
1106,45.3,gf,2.395,mm,OK,--,9:40:47 PM,2/5/2026,
1107,45.3,gf,2.390,mm,OK,--,9:40:47 PM,2/5/2026,
1108,45.4,gf,2.385,mm,OK,--,9:40:47 PM,2/5/2026,
1109,45.4,gf,2.380,mm,OK,--,9:40:47 PM,2/5/2026,
1110,45.4,gf,2.375,mm,OK,--,9:40:48 PM,2/5/2026,
1111,45.4,gf,2.370,mm,OK,--,9:40:48 PM,2/5/2026,
1112,45.4,gf,2.370,mm,OK,--,9:40:48 PM,2/5/2026,
1113,45.4,gf,2.365,mm,OK,--,9:40:48 PM,2/5/2026,
1114,45.3,gf,2.360,mm,OK,--,9:40:48 PM,2/5/2026,
1115,45.3,gf,2.360,mm,OK,--,9:40:48 PM,2/5/2026,
1116,45.3,gf,2.355,mm,OK,--,9:40:48 PM,2/5/2026,
1117,45.3,gf,2.355,mm,OK,--,9:40:48 PM,2/5/2026,
1118,45.3,gf,2.350,mm,OK,--,9:40:48 PM,2/5/2026,
1119,45.2,gf,2.350,mm,OK,--,9:40:48 PM,2/5/2026,
1120,45.3,gf,2.345,mm,OK,--,9:40:49 PM,2/5/2026,
1121,45.2,gf,2.345,mm,OK,--,9:40:49 PM,2/5/2026,
1122,45.1,gf,2.345,mm,OK,--,9:40:49 PM,2/5/2026,
1123,45.1,gf,2.340,mm,OK,--,9:40:49 PM,2/5/2026,
1124,45.0,gf,2.335,mm,OK,--,9:40:49 PM,2/5/2026,
1125,45.0,gf,2.335,mm,OK,--,9:40:49 PM,2/5/2026,
1126,44.9,gf,2.330,mm,OK,--,9:40:49 PM,2/5/2026,
1127,44.9,gf,2.330,mm,OK,--,9:40:49 PM,2/5/2026,
1128,44.9,gf,2.325,mm,OK,--,9:40:49 PM,2/5/2026,
1129,44.9,gf,2.325,mm,OK,--,9:40:49 PM,2/5/2026,
1130,44.7,gf,2.325,mm,OK,--,9:40:50 PM,2/5/2026,
1131,44.5,gf,2.320,mm,OK,--,9:40:50 PM,2/5/2026,
1132,44.5,gf,2.310,mm,OK,--,9:40:50 PM,2/5/2026,
1133,44.4,gf,2.305,mm,OK,--,9:40:50 PM,2/5/2026,
1134,44.4,gf,2.305,mm,OK,--,9:40:50 PM,2/5/2026,
1135,44.3,gf,2.300,mm,OK,--,9:40:50 PM,2/5/2026,
1136,44.2,gf,2.295,mm,OK,--,9:40:50 PM,2/5/2026,
1137,44.2,gf,2.295,mm,OK,--,9:40:50 PM,2/5/2026,
1138,44.1,gf,2.290,mm,OK,--,9:40:50 PM,2/5/2026,
1139,44.0,gf,2.285,mm,OK,--,9:40:50 PM,2/5/2026,
1140,44.0,gf,2.285,mm,OK,--,9:40:51 PM,2/5/2026,
1141,44.0,gf,2.280,mm,OK,--,9:40:51 PM,2/5/2026,
1142,43.9,gf,2.280,mm,OK,--,9:40:51 PM,2/5/2026,
1143,43.9,gf,2.275,mm,OK,--,9:40:51 PM,2/5/2026,
1144,43.8,gf,2.275,mm,OK,--,9:40:51 PM,2/5/2026,
1145,43.8,gf,2.270,mm,OK,--,9:40:51 PM,2/5/2026,
1146,43.7,gf,2.270,mm,OK,--,9:40:51 PM,2/5/2026,
1147,43.6,gf,2.265,mm,OK,--,9:40:51 PM,2/5/2026,
1148,43.7,gf,2.265,mm,OK,--,9:40:51 PM,2/5/2026,
1149,43.6,gf,2.265,mm,OK,--,9:40:51 PM,2/5/2026,
1150,43.6,gf,2.260,mm,OK,--,9:40:52 PM,2/5/2026,
1151,43.5,gf,2.260,mm,OK,--,9:40:52 PM,2/5/2026,
1152,43.4,gf,2.255,mm,OK,--,9:40:52 PM,2/5/2026,
1153,43.3,gf,2.255,mm,OK,--,9:40:52 PM,2/5/2026,
1154,43.2,gf,2.250,mm,OK,--,9:40:52 PM,2/5/2026,
1155,43.2,gf,2.245,mm,OK,--,9:40:52 PM,2/5/2026,
1156,43.1,gf,2.240,mm,OK,--,9:40:52 PM,2/5/2026,
1157,43.1,gf,2.235,mm,OK,--,9:40:52 PM,2/5/2026,
1158,43.1,gf,2.235,mm,OK,--,9:40:52 PM,2/5/2026,
1159,43.0,gf,2.230,mm,OK,--,9:40:52 PM,2/5/2026,
1160,42.9,gf,2.230,mm,OK,--,9:40:53 PM,2/5/2026,
1161,42.7,gf,2.225,mm,OK,--,9:40:53 PM,2/5/2026,
1162,42.6,gf,2.215,mm,OK,--,9:40:53 PM,2/5/2026,
1163,42.6,gf,2.210,mm,OK,--,9:40:53 PM,2/5/2026,
1164,42.5,gf,2.205,mm,OK,--,9:40:53 PM,2/5/2026,
1165,42.6,gf,2.205,mm,OK,--,9:40:53 PM,2/5/2026,
1166,42.5,gf,2.200,mm,OK,--,9:40:53 PM,2/5/2026,
1167,42.4,gf,2.195,mm,OK,--,9:40:53 PM,2/5/2026,
1168,42.4,gf,2.195,mm,OK,--,9:40:53 PM,2/5/2026,
1169,42.3,gf,2.190,mm,OK,--,9:40:53 PM,2/5/2026,
1170,42.3,gf,2.190,mm,OK,--,9:40:54 PM,2/5/2026,
1171,42.1,gf,2.185,mm,OK,--,9:40:54 PM,2/5/2026,
1172,41.9,gf,2.180,mm,OK,--,9:40:54 PM,2/5/2026,
1173,41.8,gf,2.175,mm,OK,--,9:40:54 PM,2/5/2026,
1174,41.7,gf,2.170,mm,OK,--,9:40:54 PM,2/5/2026,
1175,41.3,gf,2.160,mm,OK,--,9:40:54 PM,2/5/2026,
1176,41.2,gf,2.150,mm,OK,--,9:40:54 PM,2/5/2026,
1177,41.1,gf,2.140,mm,OK,--,9:40:54 PM,2/5/2026,
1178,40.8,gf,2.125,mm,OK,--,9:40:54 PM,2/5/2026,
1179,40.7,gf,2.115,mm,OK,--,9:40:54 PM,2/5/2026,
1180,40.8,gf,2.110,mm,OK,--,9:40:55 PM,2/5/2026,
1181,40.7,gf,2.105,mm,OK,--,9:40:55 PM,2/5/2026,
1182,40.4,gf,2.100,mm,OK,--,9:40:55 PM,2/5/2026,
1183,40.4,gf,2.095,mm,OK,--,9:40:55 PM,2/5/2026,
1184,40.4,gf,2.090,mm,OK,--,9:40:55 PM,2/5/2026,
1185,40.3,gf,2.085,mm,OK,--,9:40:55 PM,2/5/2026,
1186,40.0,gf,2.080,mm,OK,--,9:40:55 PM,2/5/2026,
1187,39.6,gf,2.070,mm,OK,--,9:40:55 PM,2/5/2026,
1188,39.8,gf,2.060,mm,OK,--,9:40:55 PM,2/5/2026,
1189,39.5,gf,2.055,mm,OK,--,9:40:55 PM,2/5/2026,
1190,39.5,gf,2.050,mm,OK,--,9:40:56 PM,2/5/2026,
1191,39.5,gf,2.040,mm,OK,--,9:40:56 PM,2/5/2026,
1192,39.6,gf,2.040,mm,OK,--,9:40:56 PM,2/5/2026,
1193,39.5,gf,2.035,mm,OK,--,9:40:56 PM,2/5/2026,
1194,39.4,gf,2.030,mm,OK,--,9:40:56 PM,2/5/2026,
1195,39.5,gf,2.030,mm,OK,--,9:40:56 PM,2/5/2026,
1196,39.3,gf,2.030,mm,OK,--,9:40:56 PM,2/5/2026,
1197,39.2,gf,2.025,mm,OK,--,9:40:56 PM,2/5/2026,
1198,39.2,gf,2.020,mm,OK,--,9:40:56 PM,2/5/2026,
1199,39.2,gf,2.015,mm,OK,--,9:40:56 PM,2/5/2026,
1200,39.2,gf,2.015,mm,OK,--,9:40:57 PM,2/5/2026,
1201,39.1,gf,2.010,mm,OK,--,9:40:57 PM,2/5/2026,
1202,39.0,gf,2.010,mm,OK,--,9:40:57 PM,2/5/2026,
1203,38.8,gf,2.005,mm,OK,--,9:40:57 PM,2/5/2026,
1204,38.7,gf,2.000,mm,OK,--,9:40:57 PM,2/5/2026,
1205,38.6,gf,1.995,mm,OK,--,9:40:57 PM,2/5/2026,
1206,38.5,gf,1.985,mm,OK,--,9:40:57 PM,2/5/2026,
1207,38.3,gf,1.980,mm,OK,--,9:40:57 PM,2/5/2026,
1208,38.3,gf,1.975,mm,OK,--,9:40:57 PM,2/5/2026,
1209,38.3,gf,1.970,mm,OK,--,9:40:57 PM,2/5/2026,
1210,38.2,gf,1.965,mm,OK,--,9:40:58 PM,2/5/2026,
1211,38.0,gf,1.960,mm,OK,--,9:40:58 PM,2/5/2026,
1212,38.0,gf,1.955,mm,OK,--,9:40:58 PM,2/5/2026,
1213,38.0,gf,1.950,mm,OK,--,9:40:58 PM,2/5/2026,
1214,37.9,gf,1.950,mm,OK,--,9:40:58 PM,2/5/2026,
1215,38.1,gf,1.945,mm,OK,--,9:40:58 PM,2/5/2026,
1216,38.1,gf,1.945,mm,OK,--,9:40:58 PM,2/5/2026,
1217,37.9,gf,1.940,mm,OK,--,9:40:58 PM,2/5/2026,
1218,37.7,gf,1.940,mm,OK,--,9:40:58 PM,2/5/2026,
1219,37.8,gf,1.935,mm,OK,--,9:40:58 PM,2/5/2026,
1220,37.7,gf,1.935,mm,OK,--,9:40:59 PM,2/5/2026,
1221,37.2,gf,1.930,mm,OK,--,9:40:59 PM,2/5/2026,
1222,36.7,gf,1.920,mm,OK,--,9:40:59 PM,2/5/2026,
1223,36.8,gf,1.910,mm,OK,--,9:40:59 PM,2/5/2026,
1224,36.9,gf,1.905,mm,OK,--,9:40:59 PM,2/5/2026,
1225,36.5,gf,1.895,mm,OK,--,9:40:59 PM,2/5/2026,
1226,36.3,gf,1.885,mm,OK,--,9:40:59 PM,2/5/2026,
1227,36.2,gf,1.875,mm,OK,--,9:40:59 PM,2/5/2026,
1228,35.9,gf,1.865,mm,OK,--,9:40:59 PM,2/5/2026,
1229,35.8,gf,1.855,mm,OK,--,9:40:59 PM,2/5/2026,
1230,35.7,gf,1.845,mm,OK,--,9:41:00 PM,2/5/2026,
1231,35.3,gf,1.840,mm,OK,--,9:41:00 PM,2/5/2026,
1232,35.3,gf,1.830,mm,OK,--,9:41:00 PM,2/5/2026,
1233,35.3,gf,1.820,mm,OK,--,9:41:00 PM,2/5/2026,
1234,34.5,gf,1.810,mm,OK,--,9:41:00 PM,2/5/2026,
1235,34.4,gf,1.795,mm,OK,--,9:41:00 PM,2/5/2026,
1236,34.0,gf,1.780,mm,OK,--,9:41:00 PM,2/5/2026,
1237,33.6,gf,1.770,mm,OK,--,9:41:00 PM,2/5/2026,
1238,33.3,gf,1.755,mm,OK,--,9:41:00 PM,2/5/2026,
1239,33.8,gf,1.745,mm,OK,--,9:41:00 PM,2/5/2026,
1240,33.7,gf,1.740,mm,OK,--,9:41:01 PM,2/5/2026,
1241,34.1,gf,1.735,mm,OK,--,9:41:01 PM,2/5/2026,
1242,33.9,gf,1.730,mm,OK,--,9:41:01 PM,2/5/2026,
1243,34.1,gf,1.730,mm,OK,--,9:41:01 PM,2/5/2026,
1244,34.3,gf,1.730,mm,OK,--,9:41:01 PM,2/5/2026,
1245,34.2,gf,1.730,mm,OK,--,9:41:01 PM,2/5/2026,
1246,34.3,gf,1.725,mm,OK,--,9:41:01 PM,2/5/2026,
1247,34.2,gf,1.725,mm,OK,--,9:41:01 PM,2/5/2026,
1248,34.1,gf,1.725,mm,OK,--,9:41:01 PM,2/5/2026,
1249,34.1,gf,1.725,mm,OK,--,9:41:01 PM,2/5/2026,
1250,33.9,gf,1.725,mm,OK,--,9:41:02 PM,2/5/2026,
1251,33.4,gf,1.720,mm,OK,--,9:41:02 PM,2/5/2026,
1252,33.7,gf,1.720,mm,OK,--,9:41:02 PM,2/5/2026,
1253,32.9,gf,1.715,mm,OK,--,9:41:02 PM,2/5/2026,
1254,31.5,gf,1.705,mm,OK,--,9:41:02 PM,2/5/2026,
1255,31.7,gf,1.685,mm,OK,--,9:41:02 PM,2/5/2026,
1256,32.6,gf,1.675,mm,OK,--,9:41:02 PM,2/5/2026,
1257,32.1,gf,1.660,mm,OK,--,9:41:02 PM,2/5/2026,
1258,32.1,gf,1.645,mm,OK,--,9:41:02 PM,2/5/2026,
1259,32.3,gf,1.635,mm,OK,--,9:41:02 PM,2/5/2026,
1260,32.3,gf,1.625,mm,OK,--,9:41:03 PM,2/5/2026,
1261,32.5,gf,1.615,mm,OK,--,9:41:03 PM,2/5/2026,
1262,32.1,gf,1.605,mm,OK,--,9:41:03 PM,2/5/2026,
1263,32.3,gf,1.595,mm,OK,--,9:41:03 PM,2/5/2026,
1264,32.4,gf,1.590,mm,OK,--,9:41:03 PM,2/5/2026,
1265,32.0,gf,1.580,mm,OK,--,9:41:03 PM,2/5/2026,
1266,31.7,gf,1.570,mm,OK,--,9:41:03 PM,2/5/2026,
1267,31.2,gf,1.550,mm,OK,--,9:41:03 PM,2/5/2026,
1268,32.1,gf,1.545,mm,OK,--,9:41:03 PM,2/5/2026,
1269,32.2,gf,1.535,mm,OK,--,9:41:03 PM,2/5/2026,
1270,32.2,gf,1.530,mm,OK,--,9:41:04 PM,2/5/2026,
1271,31.8,gf,1.525,mm,OK,--,9:41:04 PM,2/5/2026,
1272,31.5,gf,1.515,mm,OK,--,9:41:04 PM,2/5/2026,
1273,31.5,gf,1.505,mm,OK,--,9:41:04 PM,2/5/2026,
1274,31.3,gf,1.495,mm,OK,--,9:41:04 PM,2/5/2026,
1275,31.2,gf,1.485,mm,OK,--,9:41:04 PM,2/5/2026,
1276,31.2,gf,1.470,mm,OK,--,9:41:04 PM,2/5/2026,
1277,31.0,gf,1.460,mm,OK,--,9:41:04 PM,2/5/2026,
1278,31.1,gf,1.450,mm,OK,--,9:41:04 PM,2/5/2026,
1279,31.7,gf,1.440,mm,OK,--,9:41:04 PM,2/5/2026,
1280,32.1,gf,1.440,mm,OK,--,9:41:05 PM,2/5/2026,
1281,31.6,gf,1.435,mm,OK,--,9:41:05 PM,2/5/2026,
1282,31.3,gf,1.425,mm,OK,--,9:41:05 PM,2/5/2026,
1283,31.3,gf,1.420,mm,OK,--,9:41:05 PM,2/5/2026,
1284,31.2,gf,1.410,mm,OK,--,9:41:05 PM,2/5/2026,
1285,30.8,gf,1.400,mm,OK,--,9:41:05 PM,2/5/2026,
1286,31.4,gf,1.395,mm,OK,--,9:41:05 PM,2/5/2026,
1287,31.6,gf,1.390,mm,OK,--,9:41:05 PM,2/5/2026,
1288,31.5,gf,1.385,mm,OK,--,9:41:05 PM,2/5/2026,
1289,31.1,gf,1.380,mm,OK,--,9:41:05 PM,2/5/2026,
1290,30.7,gf,1.375,mm,OK,--,9:41:06 PM,2/5/2026,
1291,30.6,gf,1.365,mm,OK,--,9:41:06 PM,2/5/2026,
1292,31.0,gf,1.355,mm,OK,--,9:41:06 PM,2/5/2026,
1293,30.9,gf,1.350,mm,OK,--,9:41:06 PM,2/5/2026,
1294,31.2,gf,1.345,mm,OK,--,9:41:06 PM,2/5/2026,
1295,31.3,gf,1.340,mm,OK,--,9:41:06 PM,2/5/2026,
1296,29.9,gf,1.335,mm,OK,--,9:41:06 PM,2/5/2026,
1297,30.6,gf,1.320,mm,OK,--,9:41:06 PM,2/5/2026,
1298,31.0,gf,1.315,mm,OK,--,9:41:06 PM,2/5/2026,
1299,30.8,gf,1.310,mm,OK,--,9:41:06 PM,2/5/2026,
1300,31.6,gf,1.305,mm,OK,--,9:41:07 PM,2/5/2026,
1301,32.1,gf,1.305,mm,OK,--,9:41:07 PM,2/5/2026,
1302,32.4,gf,1.305,mm,OK,--,9:41:07 PM,2/5/2026,
1303,32.3,gf,1.305,mm,OK,--,9:41:07 PM,2/5/2026,
1304,32.2,gf,1.305,mm,OK,--,9:41:07 PM,2/5/2026,
1305,32.2,gf,1.305,mm,OK,--,9:41:07 PM,2/5/2026,
1306,32.5,gf,1.305,mm,OK,--,9:41:07 PM,2/5/2026,
1307,32.4,gf,1.305,mm,OK,--,9:41:07 PM,2/5/2026,
1308,32.3,gf,1.300,mm,OK,--,9:41:07 PM,2/5/2026,
1309,32.0,gf,1.300,mm,OK,--,9:41:07 PM,2/5/2026,
1310,31.5,gf,1.300,mm,OK,--,9:41:08 PM,2/5/2026,
1311,30.8,gf,1.300,mm,OK,--,9:41:08 PM,2/5/2026,
1312,30.5,gf,1.295,mm,OK,--,9:41:08 PM,2/5/2026,
1313,30.1,gf,1.290,mm,OK,--,9:41:08 PM,2/5/2026,
1314,30.3,gf,1.285,mm,OK,--,9:41:08 PM,2/5/2026,
1315,30.5,gf,1.280,mm,OK,--,9:41:08 PM,2/5/2026,
1316,30.7,gf,1.275,mm,OK,--,9:41:08 PM,2/5/2026,
1317,30.6,gf,1.270,mm,OK,--,9:41:08 PM,2/5/2026,
1318,30.5,gf,1.265,mm,OK,--,9:41:08 PM,2/5/2026,
1319,29.8,gf,1.255,mm,OK,--,9:41:08 PM,2/5/2026,
1320,29.7,gf,1.245,mm,OK,--,9:41:09 PM,2/5/2026,
1321,29.7,gf,1.230,mm,OK,--,9:41:09 PM,2/5/2026,
1322,29.7,gf,1.220,mm,OK,--,9:41:09 PM,2/5/2026,
1323,29.5,gf,1.205,mm,OK,--,9:41:09 PM,2/5/2026,
1324,29.8,gf,1.195,mm,OK,--,9:41:09 PM,2/5/2026,
1325,30.2,gf,1.190,mm,OK,--,9:41:09 PM,2/5/2026,
1326,29.9,gf,1.180,mm,OK,--,9:41:09 PM,2/5/2026,
1327,30.2,gf,1.175,mm,OK,--,9:41:09 PM,2/5/2026,
1328,30.3,gf,1.170,mm,OK,--,9:41:09 PM,2/5/2026,
1329,30.4,gf,1.165,mm,OK,--,9:41:09 PM,2/5/2026,
1330,30.0,gf,1.160,mm,OK,--,9:41:10 PM,2/5/2026,
1331,30.1,gf,1.155,mm,OK,--,9:41:10 PM,2/5/2026,
1332,30.2,gf,1.150,mm,OK,--,9:41:10 PM,2/5/2026,
1333,30.6,gf,1.150,mm,OK,--,9:41:10 PM,2/5/2026,
1334,30.5,gf,1.145,mm,OK,--,9:41:10 PM,2/5/2026,
1335,30.2,gf,1.145,mm,OK,--,9:41:10 PM,2/5/2026,
1336,30.3,gf,1.140,mm,OK,--,9:41:10 PM,2/5/2026,
1337,30.4,gf,1.135,mm,OK,--,9:41:10 PM,2/5/2026,
1338,30.6,gf,1.135,mm,OK,--,9:41:10 PM,2/5/2026,
1339,30.0,gf,1.130,mm,OK,--,9:41:10 PM,2/5/2026,
1340,29.2,gf,1.125,mm,OK,--,9:41:11 PM,2/5/2026,
1341,30.0,gf,1.120,mm,OK,--,9:41:11 PM,2/5/2026,
1342,30.3,gf,1.115,mm,OK,--,9:41:11 PM,2/5/2026,
1343,29.8,gf,1.115,mm,OK,--,9:41:11 PM,2/5/2026,
1344,29.9,gf,1.110,mm,OK,--,9:41:11 PM,2/5/2026,
1345,30.1,gf,1.105,mm,OK,--,9:41:11 PM,2/5/2026,
1346,30.3,gf,1.105,mm,OK,--,9:41:11 PM,2/5/2026,
1347,30.0,gf,1.100,mm,OK,--,9:41:11 PM,2/5/2026,
1348,30.0,gf,1.100,mm,OK,--,9:41:11 PM,2/5/2026,
1349,30.3,gf,1.095,mm,OK,--,9:41:11 PM,2/5/2026,
1350,29.8,gf,1.095,mm,OK,--,9:41:12 PM,2/5/2026,
1351,29.9,gf,1.090,mm,OK,--,9:41:12 PM,2/5/2026,
1352,30.0,gf,1.090,mm,OK,--,9:41:12 PM,2/5/2026,
1353,29.9,gf,1.085,mm,OK,--,9:41:12 PM,2/5/2026,
1354,29.7,gf,1.080,mm,OK,--,9:41:12 PM,2/5/2026,
1355,29.1,gf,1.075,mm,OK,--,9:41:12 PM,2/5/2026,
1356,29.6,gf,1.070,mm,OK,--,9:41:12 PM,2/5/2026,
1357,28.9,gf,1.065,mm,OK,--,9:41:12 PM,2/5/2026,
1358,28.7,gf,1.055,mm,OK,--,9:41:12 PM,2/5/2026,
1359,28.9,gf,1.050,mm,OK,--,9:41:12 PM,2/5/2026,
1360,29.1,gf,1.045,mm,OK,--,9:41:13 PM,2/5/2026,
1361,29.1,gf,1.035,mm,OK,--,9:41:13 PM,2/5/2026,
1362,29.6,gf,1.035,mm,OK,--,9:41:13 PM,2/5/2026,
1363,29.7,gf,1.030,mm,OK,--,9:41:13 PM,2/5/2026,
1364,29.5,gf,1.025,mm,OK,--,9:41:13 PM,2/5/2026,
1365,29.5,gf,1.025,mm,OK,--,9:41:13 PM,2/5/2026,
1366,29.4,gf,1.020,mm,OK,--,9:41:13 PM,2/5/2026,
1367,29.3,gf,1.015,mm,OK,--,9:41:13 PM,2/5/2026,
1368,29.3,gf,1.015,mm,OK,--,9:41:13 PM,2/5/2026,
1369,29.2,gf,1.010,mm,OK,--,9:41:13 PM,2/5/2026,
1370,29.1,gf,1.005,mm,OK,--,9:41:14 PM,2/5/2026,
1371,28.9,gf,1.000,mm,OK,--,9:41:14 PM,2/5/2026,
1372,29.1,gf,0.995,mm,OK,--,9:41:14 PM,2/5/2026,
1373,29.2,gf,0.990,mm,OK,--,9:41:14 PM,2/5/2026,
1374,29.3,gf,0.985,mm,OK,--,9:41:14 PM,2/5/2026,
1375,29.4,gf,0.985,mm,OK,--,9:41:14 PM,2/5/2026,
1376,29.7,gf,0.980,mm,OK,--,9:41:14 PM,2/5/2026,
1377,29.5,gf,0.980,mm,OK,--,9:41:14 PM,2/5/2026,
1378,29.4,gf,0.975,mm,OK,--,9:41:14 PM,2/5/2026,
1379,29.6,gf,0.975,mm,OK,--,9:41:14 PM,2/5/2026,
1380,29.7,gf,0.970,mm,OK,--,9:41:15 PM,2/5/2026,
1381,29.7,gf,0.970,mm,OK,--,9:41:15 PM,2/5/2026,
1382,29.8,gf,0.970,mm,OK,--,9:41:15 PM,2/5/2026,
1383,30.1,gf,0.970,mm,OK,--,9:41:15 PM,2/5/2026,
1384,30.2,gf,0.970,mm,OK,--,9:41:15 PM,2/5/2026,
1385,29.9,gf,0.965,mm,OK,--,9:41:15 PM,2/5/2026,
1386,29.8,gf,0.965,mm,OK,--,9:41:15 PM,2/5/2026,
1387,30.0,gf,0.965,mm,OK,--,9:41:15 PM,2/5/2026,
1388,30.0,gf,0.965,mm,OK,--,9:41:15 PM,2/5/2026,
1389,30.0,gf,0.965,mm,OK,--,9:41:15 PM,2/5/2026,
1390,30.0,gf,0.965,mm,OK,--,9:41:16 PM,2/5/2026,
1391,30.2,gf,0.965,mm,OK,--,9:41:16 PM,2/5/2026,
1392,29.9,gf,0.965,mm,OK,--,9:41:16 PM,2/5/2026,
1393,29.5,gf,0.960,mm,OK,--,9:41:16 PM,2/5/2026,
1394,29.5,gf,0.960,mm,OK,--,9:41:16 PM,2/5/2026,
1395,29.5,gf,0.960,mm,OK,--,9:41:16 PM,2/5/2026,
1396,29.5,gf,0.960,mm,OK,--,9:41:16 PM,2/5/2026,
1397,29.5,gf,0.955,mm,OK,--,9:41:16 PM,2/5/2026,
1398,29.4,gf,0.955,mm,OK,--,9:41:16 PM,2/5/2026,
1399,29.4,gf,0.955,mm,OK,--,9:41:16 PM,2/5/2026,
1400,29.2,gf,0.950,mm,OK,--,9:41:17 PM,2/5/2026,
1401,29.1,gf,0.950,mm,OK,--,9:41:17 PM,2/5/2026,
1402,29.2,gf,0.950,mm,OK,--,9:41:17 PM,2/5/2026,
1403,29.3,gf,0.945,mm,OK,--,9:41:17 PM,2/5/2026,
1404,29.3,gf,0.945,mm,OK,--,9:41:17 PM,2/5/2026,
1405,29.4,gf,0.945,mm,OK,--,9:41:17 PM,2/5/2026,
1406,29.3,gf,0.940,mm,OK,--,9:41:17 PM,2/5/2026,
1407,29.0,gf,0.940,mm,OK,--,9:41:17 PM,2/5/2026,
1408,28.8,gf,0.935,mm,OK,--,9:41:17 PM,2/5/2026,
1409,28.9,gf,0.935,mm,OK,--,9:41:17 PM,2/5/2026,
1410,29.3,gf,0.935,mm,OK,--,9:41:18 PM,2/5/2026,
1411,29.3,gf,0.930,mm,OK,--,9:41:18 PM,2/5/2026,
1412,29.4,gf,0.930,mm,OK,--,9:41:18 PM,2/5/2026,
1413,29.6,gf,0.930,mm,OK,--,9:41:18 PM,2/5/2026,
1414,29.6,gf,0.930,mm,OK,--,9:41:18 PM,2/5/2026,
1415,29.1,gf,0.925,mm,OK,--,9:41:18 PM,2/5/2026,
1416,28.9,gf,0.925,mm,OK,--,9:41:18 PM,2/5/2026,
1417,29.1,gf,0.920,mm,OK,--,9:41:18 PM,2/5/2026,
1418,29.4,gf,0.920,mm,OK,--,9:41:18 PM,2/5/2026,
1419,29.3,gf,0.920,mm,OK,--,9:41:18 PM,2/5/2026,
1420,28.9,gf,0.915,mm,OK,--,9:41:19 PM,2/5/2026,
1421,29.1,gf,0.915,mm,OK,--,9:41:19 PM,2/5/2026,
1422,29.3,gf,0.915,mm,OK,--,9:41:19 PM,2/5/2026,
1423,29.1,gf,0.910,mm,OK,--,9:41:19 PM,2/5/2026,
1424,28.9,gf,0.910,mm,OK,--,9:41:19 PM,2/5/2026,
1425,29.0,gf,0.905,mm,OK,--,9:41:19 PM,2/5/2026,
1426,29.1,gf,0.905,mm,OK,--,9:41:19 PM,2/5/2026,
1427,29.0,gf,0.905,mm,OK,--,9:41:19 PM,2/5/2026,
1428,29.2,gf,0.900,mm,OK,--,9:41:19 PM,2/5/2026,
1429,29.4,gf,0.900,mm,OK,--,9:41:19 PM,2/5/2026,
1430,29.4,gf,0.900,mm,OK,--,9:41:20 PM,2/5/2026,
1431,29.1,gf,0.900,mm,OK,--,9:41:20 PM,2/5/2026,
1432,29.1,gf,0.895,mm,OK,--,9:41:20 PM,2/5/2026,
1433,29.4,gf,0.895,mm,OK,--,9:41:20 PM,2/5/2026,
1434,29.5,gf,0.895,mm,OK,--,9:41:20 PM,2/5/2026,
1435,29.6,gf,0.895,mm,OK,--,9:41:20 PM,2/5/2026,
1436,29.7,gf,0.895,mm,OK,--,9:41:20 PM,2/5/2026,
1437,29.8,gf,0.895,mm,OK,--,9:41:20 PM,2/5/2026,
1438,29.6,gf,0.895,mm,OK,--,9:41:20 PM,2/5/2026,
1439,29.6,gf,0.895,mm,OK,--,9:41:20 PM,2/5/2026,
1440,29.7,gf,0.890,mm,OK,--,9:41:21 PM,2/5/2026,
1441,29.7,gf,0.890,mm,OK,--,9:41:21 PM,2/5/2026,
1442,29.7,gf,0.890,mm,OK,--,9:41:21 PM,2/5/2026,
1443,29.5,gf,0.890,mm,OK,--,9:41:21 PM,2/5/2026,
1444,29.3,gf,0.890,mm,OK,--,9:41:21 PM,2/5/2026,
1445,29.0,gf,0.890,mm,OK,--,9:41:21 PM,2/5/2026,
1446,29.0,gf,0.890,mm,OK,--,9:41:21 PM,2/5/2026,
1447,29.0,gf,0.885,mm,OK,--,9:41:21 PM,2/5/2026,
1448,29.0,gf,0.885,mm,OK,--,9:41:21 PM,2/5/2026,
1449,28.7,gf,0.885,mm,OK,--,9:41:21 PM,2/5/2026,
1450,28.9,gf,0.880,mm,OK,--,9:41:22 PM,2/5/2026,
1451,28.9,gf,0.880,mm,OK,--,9:41:22 PM,2/5/2026,
1452,28.4,gf,0.880,mm,OK,--,9:41:22 PM,2/5/2026,
1453,28.3,gf,0.875,mm,OK,--,9:41:22 PM,2/5/2026,
1454,28.4,gf,0.870,mm,OK,--,9:41:22 PM,2/5/2026,
1455,28.0,gf,0.865,mm,OK,--,9:41:22 PM,2/5/2026,
1456,28.1,gf,0.860,mm,OK,--,9:41:22 PM,2/5/2026,
1457,28.3,gf,0.855,mm,OK,--,9:41:22 PM,2/5/2026,
1458,28.0,gf,0.850,mm,OK,--,9:41:22 PM,2/5/2026,
1459,28.1,gf,0.845,mm,OK,--,9:41:22 PM,2/5/2026,
1460,28.0,gf,0.840,mm,OK,--,9:41:23 PM,2/5/2026,
1461,27.7,gf,0.835,mm,OK,--,9:41:23 PM,2/5/2026,
1462,27.8,gf,0.825,mm,OK,--,9:41:23 PM,2/5/2026,
1463,27.7,gf,0.820,mm,OK,--,9:41:23 PM,2/5/2026,
1464,27.5,gf,0.810,mm,OK,--,9:41:23 PM,2/5/2026,
1465,27.4,gf,0.805,mm,OK,--,9:41:23 PM,2/5/2026,
1466,27.4,gf,0.795,mm,OK,--,9:41:23 PM,2/5/2026,
1467,27.5,gf,0.785,mm,OK,--,9:41:23 PM,2/5/2026,
1468,27.5,gf,0.775,mm,OK,--,9:41:23 PM,2/5/2026,
1469,27.8,gf,0.765,mm,OK,--,9:41:23 PM,2/5/2026,
1470,27.8,gf,0.760,mm,OK,--,9:41:24 PM,2/5/2026,
1471,27.6,gf,0.755,mm,OK,--,9:41:24 PM,2/5/2026,
1472,27.6,gf,0.750,mm,OK,--,9:41:24 PM,2/5/2026,
1473,27.8,gf,0.745,mm,OK,--,9:41:24 PM,2/5/2026,
1474,27.9,gf,0.740,mm,OK,--,9:41:24 PM,2/5/2026,
1475,27.9,gf,0.735,mm,OK,--,9:41:24 PM,2/5/2026,
1476,27.6,gf,0.730,mm,OK,--,9:41:24 PM,2/5/2026,
1477,27.0,gf,0.725,mm,OK,--,9:41:24 PM,2/5/2026,
1478,26.9,gf,0.715,mm,OK,--,9:41:24 PM,2/5/2026,
1479,27.1,gf,0.705,mm,OK,--,9:41:24 PM,2/5/2026,
1480,27.3,gf,0.695,mm,OK,--,9:41:25 PM,2/5/2026,
1481,27.6,gf,0.690,mm,OK,--,9:41:25 PM,2/5/2026,
1482,27.8,gf,0.685,mm,OK,--,9:41:25 PM,2/5/2026,
1483,28.1,gf,0.680,mm,OK,--,9:41:25 PM,2/5/2026,
1484,27.9,gf,0.680,mm,OK,--,9:41:25 PM,2/5/2026,
1485,27.9,gf,0.675,mm,OK,--,9:41:25 PM,2/5/2026,
1486,28.2,gf,0.675,mm,OK,--,9:41:25 PM,2/5/2026,
1487,28.3,gf,0.670,mm,OK,--,9:41:25 PM,2/5/2026,
1488,28.2,gf,0.670,mm,OK,--,9:41:25 PM,2/5/2026,
1489,28.3,gf,0.670,mm,OK,--,9:41:25 PM,2/5/2026,
1490,28.3,gf,0.670,mm,OK,--,9:41:26 PM,2/5/2026,
1491,27.7,gf,0.665,mm,OK,--,9:41:26 PM,2/5/2026,
1492,27.0,gf,0.665,mm,OK,--,9:41:26 PM,2/5/2026,
1493,27.3,gf,0.660,mm,OK,--,9:41:26 PM,2/5/2026,
1494,27.4,gf,0.660,mm,OK,--,9:41:26 PM,2/5/2026,
1495,27.8,gf,0.655,mm,OK,--,9:41:26 PM,2/5/2026,
1496,28.0,gf,0.655,mm,OK,--,9:41:26 PM,2/5/2026,
1497,28.2,gf,0.655,mm,OK,--,9:41:26 PM,2/5/2026,
1498,28.2,gf,0.655,mm,OK,--,9:41:26 PM,2/5/2026,
1499,28.0,gf,0.650,mm,OK,--,9:41:26 PM,2/5/2026,
1500,27.6,gf,0.650,mm,OK,--,9:41:27 PM,2/5/2026,
1501,27.4,gf,0.650,mm,OK,--,9:41:27 PM,2/5/2026,
1502,27.4,gf,0.645,mm,OK,--,9:41:27 PM,2/5/2026,
1503,26.9,gf,0.645,mm,OK,--,9:41:27 PM,2/5/2026,
1504,27.1,gf,0.640,mm,OK,--,9:41:27 PM,2/5/2026,
1505,27.5,gf,0.640,mm,OK,--,9:41:27 PM,2/5/2026,
1506,27.5,gf,0.635,mm,OK,--,9:41:27 PM,2/5/2026,
1507,27.2,gf,0.630,mm,OK,--,9:41:27 PM,2/5/2026,
1508,26.9,gf,0.630,mm,OK,--,9:41:27 PM,2/5/2026,
1509,27.1,gf,0.625,mm,OK,--,9:41:27 PM,2/5/2026,
1510,27.4,gf,0.620,mm,OK,--,9:41:28 PM,2/5/2026,
1511,27.2,gf,0.620,mm,OK,--,9:41:28 PM,2/5/2026,
1512,26.9,gf,0.615,mm,OK,--,9:41:28 PM,2/5/2026,
1513,26.8,gf,0.610,mm,OK,--,9:41:28 PM,2/5/2026,
1514,26.8,gf,0.605,mm,OK,--,9:41:28 PM,2/5/2026,
1515,26.7,gf,0.600,mm,OK,--,9:41:28 PM,2/5/2026,
1516,26.0,gf,0.595,mm,OK,--,9:41:28 PM,2/5/2026,
1517,26.6,gf,0.585,mm,OK,--,9:41:28 PM,2/5/2026,
1518,26.9,gf,0.580,mm,OK,--,9:41:28 PM,2/5/2026,
1519,26.9,gf,0.575,mm,OK,--,9:41:28 PM,2/5/2026,
1520,26.9,gf,0.575,mm,OK,--,9:41:29 PM,2/5/2026,
1521,26.9,gf,0.570,mm,OK,--,9:41:29 PM,2/5/2026,
1522,27.0,gf,0.565,mm,OK,--,9:41:29 PM,2/5/2026,
1523,27.2,gf,0.565,mm,OK,--,9:41:29 PM,2/5/2026,
1524,26.8,gf,0.560,mm,OK,--,9:41:29 PM,2/5/2026,
1525,27.3,gf,0.555,mm,OK,--,9:41:29 PM,2/5/2026,
1526,27.8,gf,0.555,mm,OK,--,9:41:29 PM,2/5/2026,
1527,27.8,gf,0.555,mm,OK,--,9:41:29 PM,2/5/2026,
1528,27.6,gf,0.550,mm,OK,--,9:41:29 PM,2/5/2026,
1529,27.8,gf,0.550,mm,OK,--,9:41:29 PM,2/5/2026,
1530,28.1,gf,0.550,mm,OK,--,9:41:30 PM,2/5/2026,
1531,27.8,gf,0.550,mm,OK,--,9:41:30 PM,2/5/2026,
1532,27.7,gf,0.550,mm,OK,--,9:41:30 PM,2/5/2026,
1533,27.8,gf,0.550,mm,OK,--,9:41:30 PM,2/5/2026,
1534,27.8,gf,0.550,mm,OK,--,9:41:30 PM,2/5/2026,
1535,27.8,gf,0.545,mm,OK,--,9:41:30 PM,2/5/2026,
1536,27.8,gf,0.545,mm,OK,--,9:41:30 PM,2/5/2026,
1537,28.0,gf,0.545,mm,OK,--,9:41:30 PM,2/5/2026,
1538,28.1,gf,0.545,mm,OK,--,9:41:30 PM,2/5/2026,
1539,28.0,gf,0.545,mm,OK,--,9:41:30 PM,2/5/2026,
1540,27.6,gf,0.545,mm,OK,--,9:41:31 PM,2/5/2026,
1541,27.2,gf,0.545,mm,OK,--,9:41:31 PM,2/5/2026,
1542,26.7,gf,0.540,mm,OK,--,9:41:31 PM,2/5/2026,
1543,26.7,gf,0.540,mm,OK,--,9:41:31 PM,2/5/2026,
1544,26.9,gf,0.535,mm,OK,--,9:41:31 PM,2/5/2026,
1545,26.7,gf,0.535,mm,OK,--,9:41:31 PM,2/5/2026,
1546,26.4,gf,0.530,mm,OK,--,9:41:31 PM,2/5/2026,
1547,26.5,gf,0.530,mm,OK,--,9:41:31 PM,2/5/2026,
1548,26.3,gf,0.525,mm,OK,--,9:41:31 PM,2/5/2026,
1549,25.8,gf,0.520,mm,OK,--,9:41:31 PM,2/5/2026,
1550,25.5,gf,0.510,mm,OK,--,9:41:32 PM,2/5/2026,
1551,25.9,gf,0.505,mm,OK,--,9:41:32 PM,2/5/2026,
1552,26.2,gf,0.500,mm,OK,--,9:41:32 PM,2/5/2026,
1553,26.5,gf,0.495,mm,OK,--,9:41:32 PM,2/5/2026,
1554,26.8,gf,0.495,mm,OK,--,9:41:32 PM,2/5/2026,
1555,27.0,gf,0.495,mm,OK,--,9:41:32 PM,2/5/2026,
1556,27.0,gf,0.490,mm,OK,--,9:41:32 PM,2/5/2026,
1557,27.1,gf,0.490,mm,OK,--,9:41:32 PM,2/5/2026,
1558,26.9,gf,0.490,mm,OK,--,9:41:32 PM,2/5/2026,
1559,26.4,gf,0.485,mm,OK,--,9:41:32 PM,2/5/2026,
1560,26.0,gf,0.480,mm,OK,--,9:41:33 PM,2/5/2026,
1561,26.2,gf,0.480,mm,OK,--,9:41:33 PM,2/5/2026,
1562,25.5,gf,0.475,mm,OK,--,9:41:33 PM,2/5/2026,
1563,26.0,gf,0.470,mm,OK,--,9:41:33 PM,2/5/2026,
1564,26.4,gf,0.465,mm,OK,--,9:41:33 PM,2/5/2026,
1565,26.3,gf,0.465,mm,OK,--,9:41:33 PM,2/5/2026,
1566,25.9,gf,0.460,mm,OK,--,9:41:33 PM,2/5/2026,
1567,26.0,gf,0.455,mm,OK,--,9:41:33 PM,2/5/2026,
1568,26.1,gf,0.450,mm,OK,--,9:41:33 PM,2/5/2026,
1569,26.1,gf,0.445,mm,OK,--,9:41:33 PM,2/5/2026,
1570,26.0,gf,0.440,mm,OK,--,9:41:34 PM,2/5/2026,
1571,25.9,gf,0.435,mm,OK,--,9:41:34 PM,2/5/2026,
1572,25.0,gf,0.430,mm,OK,--,9:41:34 PM,2/5/2026,
1573,25.3,gf,0.425,mm,OK,--,9:41:34 PM,2/5/2026,
1574,25.6,gf,0.415,mm,OK,--,9:41:34 PM,2/5/2026,
1575,26.0,gf,0.410,mm,OK,--,9:41:34 PM,2/5/2026,
1576,26.0,gf,0.410,mm,OK,--,9:41:34 PM,2/5/2026,
1577,26.0,gf,0.405,mm,OK,--,9:41:34 PM,2/5/2026,
1578,25.8,gf,0.400,mm,OK,--,9:41:34 PM,2/5/2026,
1579,25.5,gf,0.395,mm,OK,--,9:41:34 PM,2/5/2026,
1580,25.3,gf,0.390,mm,OK,--,9:41:35 PM,2/5/2026,
1581,25.8,gf,0.385,mm,OK,--,9:41:35 PM,2/5/2026,
1582,26.0,gf,0.380,mm,OK,--,9:41:35 PM,2/5/2026,
1583,25.9,gf,0.380,mm,OK,--,9:41:35 PM,2/5/2026,
1584,25.9,gf,0.375,mm,OK,--,9:41:35 PM,2/5/2026,
1585,25.8,gf,0.370,mm,OK,--,9:41:35 PM,2/5/2026,
1586,26.0,gf,0.370,mm,OK,--,9:41:35 PM,2/5/2026,
1587,25.7,gf,0.365,mm,OK,--,9:41:35 PM,2/5/2026,
1588,25.2,gf,0.360,mm,OK,--,9:41:35 PM,2/5/2026,
1589,25.5,gf,0.355,mm,OK,--,9:41:35 PM,2/5/2026,
1590,26.1,gf,0.355,mm,OK,--,9:41:36 PM,2/5/2026,
1591,26.3,gf,0.350,mm,OK,--,9:41:36 PM,2/5/2026,
1592,26.6,gf,0.350,mm,OK,--,9:41:36 PM,2/5/2026,
1593,26.6,gf,0.350,mm,OK,--,9:41:36 PM,2/5/2026,
1594,26.6,gf,0.350,mm,OK,--,9:41:36 PM,2/5/2026,
1595,25.7,gf,0.345,mm,OK,--,9:41:36 PM,2/5/2026,
1596,25.4,gf,0.345,mm,OK,--,9:41:36 PM,2/5/2026,
1597,25.3,gf,0.340,mm,OK,--,9:41:36 PM,2/5/2026,
1598,25.3,gf,0.335,mm,OK,--,9:41:36 PM,2/5/2026,
1599,25.4,gf,0.335,mm,OK,--,9:41:36 PM,2/5/2026,
1600,25.0,gf,0.330,mm,OK,--,9:41:37 PM,2/5/2026,
1601,25.4,gf,0.325,mm,OK,--,9:41:37 PM,2/5/2026,
1602,25.6,gf,0.320,mm,OK,--,9:41:37 PM,2/5/2026,
1603,25.0,gf,0.315,mm,OK,--,9:41:37 PM,2/5/2026,
1604,24.8,gf,0.310,mm,OK,--,9:41:37 PM,2/5/2026,
1605,25.1,gf,0.305,mm,OK,--,9:41:37 PM,2/5/2026,
1606,25.4,gf,0.305,mm,OK,--,9:41:37 PM,2/5/2026,
1607,25.4,gf,0.300,mm,OK,--,9:41:37 PM,2/5/2026,
1608,25.4,gf,0.295,mm,OK,--,9:41:37 PM,2/5/2026,
1609,25.5,gf,0.295,mm,OK,--,9:41:37 PM,2/5/2026,
1610,24.5,gf,0.285,mm,OK,--,9:41:38 PM,2/5/2026,
1611,24.7,gf,0.280,mm,OK,--,9:41:38 PM,2/5/2026,
1612,24.3,gf,0.275,mm,OK,--,9:41:38 PM,2/5/2026,
1613,24.6,gf,0.265,mm,OK,--,9:41:38 PM,2/5/2026,
1614,25.3,gf,0.260,mm,OK,--,9:41:38 PM,2/5/2026,
1615,25.6,gf,0.260,mm,OK,--,9:41:38 PM,2/5/2026,
1616,25.6,gf,0.255,mm,OK,--,9:41:38 PM,2/5/2026,
1617,25.8,gf,0.255,mm,OK,--,9:41:38 PM,2/5/2026,
1618,25.9,gf,0.250,mm,OK,--,9:41:38 PM,2/5/2026,
1619,25.8,gf,0.250,mm,OK,--,9:41:38 PM,2/5/2026,
1620,25.6,gf,0.250,mm,OK,--,9:41:39 PM,2/5/2026,
1621,24.9,gf,0.245,mm,OK,--,9:41:39 PM,2/5/2026,
1622,24.6,gf,0.240,mm,OK,--,9:41:39 PM,2/5/2026,
1623,24.0,gf,0.230,mm,OK,--,9:41:39 PM,2/5/2026,
1624,24.4,gf,0.225,mm,OK,--,9:41:39 PM,2/5/2026,
1625,25.2,gf,0.215,mm,OK,--,9:41:39 PM,2/5/2026,
1626,25.0,gf,0.210,mm,OK,--,9:41:39 PM,2/5/2026,
1627,24.9,gf,0.200,mm,OK,--,9:41:39 PM,2/5/2026,
1628,25.5,gf,0.195,mm,OK,--,9:41:39 PM,2/5/2026,
1629,25.2,gf,0.190,mm,OK,--,9:41:39 PM,2/5/2026,
1630,25.4,gf,0.180,mm,OK,--,9:41:40 PM,2/5/2026,
1631,25.9,gf,0.180,mm,OK,--,9:41:40 PM,2/5/2026,
1632,26.3,gf,0.175,mm,OK,--,9:41:40 PM,2/5/2026,
1633,26.1,gf,0.175,mm,OK,--,9:41:40 PM,2/5/2026,
1634,26.0,gf,0.170,mm,OK,--,9:41:40 PM,2/5/2026,
1635,26.1,gf,0.170,mm,OK,--,9:41:40 PM,2/5/2026,
1636,25.3,gf,0.165,mm,OK,--,9:41:40 PM,2/5/2026,
1637,25.3,gf,0.160,mm,OK,--,9:41:40 PM,2/5/2026,
1638,25.1,gf,0.155,mm,OK,--,9:41:40 PM,2/5/2026,
1639,25.1,gf,0.150,mm,OK,--,9:41:40 PM,2/5/2026,
1640,25.0,gf,0.145,mm,OK,--,9:41:41 PM,2/5/2026,
1641,24.7,gf,0.140,mm,OK,--,9:41:41 PM,2/5/2026,
1642,22.3,gf,0.130,mm,OK,--,9:41:41 PM,2/5/2026,
1643,13.9,gf,0.120,mm,OK,--,9:41:41 PM,2/5/2026,
1644,4.1,gf,0.105,mm,OK,--,9:41:41 PM,2/5/2026,
1645,0.0,gf,0.095,mm,OK,--,9:41:41 PM,2/5/2026,
1646,0.0,gf,0.085,mm,OK,--,9:41:41 PM,2/5/2026,
1647,0.0,gf,0.075,mm,OK,--,9:41:41 PM,2/5/2026,
1648,0.0,gf,0.060,mm,OK,--,9:41:41 PM,2/5/2026,
1649,0.0,gf,0.045,mm,OK,--,9:41:41 PM,2/5/2026,
1650,0.1,gf,0.040,mm,OK,--,9:41:42 PM,2/5/2026,
1651,0.0,gf,0.035,mm,OK,--,9:41:42 PM,2/5/2026,
1652,0.0,gf,0.025,mm,OK,--,9:41:42 PM,2/5/2026,
1653,0.1,gf,0.020,mm,OK,--,9:41:42 PM,2/5/2026,
1654,0.0,gf,0.005,mm,OK,--,9:41:42 PM,2/5/2026,
1655,-0.1,gf,0.000,mm,OK,--,9:41:42 PM,2/5/2026,
1656,0.0,gf,-0.005,mm,OK,--,9:41:42 PM,2/5/2026,
1657,0.0,gf,-0.010,mm,OK,--,9:41:42 PM,2/5/2026,
1658,-0.1,gf,-0.015,mm,OK,--,9:41:42 PM,2/5/2026,
1659,0.0,gf,-0.020,mm,OK,--,9:41:42 PM,2/5/2026,
1660,0.0,gf,-0.025,mm,OK,--,9:41:43 PM,2/5/2026,
1661,-0.1,gf,-0.030,mm,OK,--,9:41:43 PM,2/5/2026,
1662,0.1,gf,-0.030,mm,OK,--,9:41:43 PM,2/5/2026,
1663,-0.1,gf,-0.030,mm,OK,--,9:41:43 PM,2/5/2026,
1664,0.0,gf,-0.030,mm,OK,--,9:41:43 PM,2/5/2026,
1665,0.0,gf,-0.030,mm,OK,--,9:41:43 PM,2/5/2026,
1666,-0.1,gf,-0.030,mm,OK,--,9:41:43 PM,2/5/2026,
1667,-0.1,gf,-0.030,mm,OK,--,9:41:43 PM,2/5/2026,
1668,0.4,gf,-0.030,mm,OK,--,9:41:43 PM,2/5/2026,
1669,0.1,gf,-0.025,mm,OK,--,9:41:43 PM,2/5/2026,
1670,-0.1,gf,-0.025,mm,OK,--,9:41:44 PM,2/5/2026,
1671,0.0,gf,-0.020,mm,OK,--,9:41:44 PM,2/5/2026,
1672,0.0,gf,-0.015,mm,OK,--,9:41:44 PM,2/5/2026,
1673,0.0,gf,-0.010,mm,OK,--,9:41:44 PM,2/5/2026,
1674,0.0,gf,-0.010,mm,OK,--,9:41:44 PM,2/5/2026,
1675,0.1,gf,-0.005,mm,OK,--,9:41:44 PM,2/5/2026,
1676,0.0,gf,0.000,mm,OK,--,9:41:44 PM,2/5/2026,
1677,0.0,gf,0.000,mm,OK,--,9:41:44 PM,2/5/2026,
1678,0.0,gf,0.005,mm,OK,--,9:41:44 PM,2/5/2026,
1679,0.1,gf,0.010,mm,OK,--,9:41:44 PM,2/5/2026,
1680,-0.1,gf,0.015,mm,OK,--,9:41:45 PM,2/5/2026,
1681,-0.1,gf,0.015,mm,OK,--,9:41:45 PM,2/5/2026,
1682,-0.1,gf,0.020,mm,OK,--,9:41:45 PM,2/5/2026,
1683,0.0,gf,0.025,mm,OK,--,9:41:45 PM,2/5/2026,
1684,0.0,gf,0.030,mm,OK,--,9:41:45 PM,2/5/2026,
1685,0.0,gf,0.030,mm,OK,--,9:41:45 PM,2/5/2026,
1686,0.0,gf,0.035,mm,OK,--,9:41:45 PM,2/5/2026,
1687,0.1,gf,0.040,mm,OK,--,9:41:45 PM,2/5/2026,
