Maximum,190.4,@,No.1014,,,,,,
Minimum,-0.4,@,No.1,,,,,,
Average,52.77,,,,,,,,
Data Quantity,1919,,,,,,,,
Number of NG,0,,,,,,,,
No.,Force,Unit,Displacement,Unit,Judge,Position,Time,Date,
1,-0.4,gf,0.000,mm,OK,--,10:57:05 PM,7/10/2026,
2,-0.1,gf,0.000,mm,OK,--,10:57:05 PM,7/10/2026,
3,0.0,gf,0.000,mm,OK,--,10:57:05 PM,7/10/2026,
4,0.0,gf,0.000,mm,OK,--,10:57:05 PM,7/10/2026,
5,0.0,gf,0.000,mm,OK,--,10:57:05 PM,7/10/2026,
6,0.0,gf,0.000,mm,OK,--,10:57:05 PM,7/10/2026,
7,0.1,gf,0.000,mm,OK,--,10:57:05 PM,7/10/2026,
8,0.0,gf,0.005,mm,OK,--,10:57:05 PM,7/10/2026,
9,0.0,gf,0.010,mm,OK,--,10:57:06 PM,7/10/2026,
10,0.0,gf,0.010,mm,OK,--,10:57:06 PM,7/10/2026,
11,0.0,gf,0.010,mm,OK,--,10:57:06 PM,7/10/2026,
12,0.0,gf,0.010,mm,OK,--,10:57:06 PM,7/10/2026,
13,0.1,gf,0.010,mm,OK,--,10:57:06 PM,7/10/2026,
14,0.0,gf,0.010,mm,OK,--,10:57:06 PM,7/10/2026,
15,0.0,gf,0.010,mm,OK,--,10:57:06 PM,7/10/2026,
16,0.0,gf,0.010,mm,OK,--,10:57:06 PM,7/10/2026,
17,0.0,gf,0.010,mm,OK,--,10:57:06 PM,7/10/2026,
18,0.0,gf,0.015,mm,OK,--,10:57:06 PM,7/10/2026,
19,0.0,gf,0.015,mm,OK,--,10:57:07 PM,7/10/2026,
20,0.0,gf,0.015,mm,OK,--,10:57:07 PM,7/10/2026,
21,-0.1,gf,0.015,mm,OK,--,10:57:07 PM,7/10/2026,
22,0.0,gf,0.020,mm,OK,--,10:57:07 PM,7/10/2026,
23,2.8,gf,0.025,mm,OK,--,10:57:07 PM,7/10/2026,
24,3.9,gf,0.025,mm,OK,--,10:57:07 PM,7/10/2026,
25,4.3,gf,0.025,mm,OK,--,10:57:07 PM,7/10/2026,
26,4.8,gf,0.025,mm,OK,--,10:57:07 PM,7/10/2026,
27,6.1,gf,0.030,mm,OK,--,10:57:07 PM,7/10/2026,
28,7.3,gf,0.030,mm,OK,--,10:57:07 PM,7/10/2026,
29,8.8,gf,0.030,mm,OK,--,10:57:08 PM,7/10/2026,
30,10.8,gf,0.035,mm,OK,--,10:57:08 PM,7/10/2026,
31,12.9,gf,0.035,mm,OK,--,10:57:08 PM,7/10/2026,
32,14.8,gf,0.040,mm,OK,--,10:57:08 PM,7/10/2026,
33,16.4,gf,0.040,mm,OK,--,10:57:08 PM,7/10/2026,
34,18.1,gf,0.045,mm,OK,--,10:57:08 PM,7/10/2026,
35,20.0,gf,0.050,mm,OK,--,10:57:08 PM,7/10/2026,
36,22.2,gf,0.050,mm,OK,--,10:57:08 PM,7/10/2026,
37,24.8,gf,0.055,mm,OK,--,10:57:08 PM,7/10/2026,
38,27.1,gf,0.060,mm,OK,--,10:57:08 PM,7/10/2026,
39,29.5,gf,0.065,mm,OK,--,10:57:09 PM,7/10/2026,
40,31.1,gf,0.065,mm,OK,--,10:57:09 PM,7/10/2026,
41,32.6,gf,0.070,mm,OK,--,10:57:09 PM,7/10/2026,
42,33.8,gf,0.075,mm,OK,--,10:57:09 PM,7/10/2026,
43,34.8,gf,0.080,mm,OK,--,10:57:09 PM,7/10/2026,
44,35.9,gf,0.080,mm,OK,--,10:57:09 PM,7/10/2026,
45,37.0,gf,0.085,mm,OK,--,10:57:09 PM,7/10/2026,
46,37.9,gf,0.090,mm,OK,--,10:57:09 PM,7/10/2026,
47,38.6,gf,0.095,mm,OK,--,10:57:09 PM,7/10/2026,
48,39.1,gf,0.100,mm,OK,--,10:57:09 PM,7/10/2026,
49,39.0,gf,0.100,mm,OK,--,10:57:10 PM,7/10/2026,
50,38.8,gf,0.105,mm,OK,--,10:57:10 PM,7/10/2026,
51,38.9,gf,0.105,mm,OK,--,10:57:10 PM,7/10/2026,
52,39.0,gf,0.105,mm,OK,--,10:57:10 PM,7/10/2026,
53,39.1,gf,0.110,mm,OK,--,10:57:10 PM,7/10/2026,
54,39.1,gf,0.110,mm,OK,--,10:57:10 PM,7/10/2026,
55,39.1,gf,0.110,mm,OK,--,10:57:10 PM,7/10/2026,
56,39.2,gf,0.115,mm,OK,--,10:57:10 PM,7/10/2026,
57,39.3,gf,0.115,mm,OK,--,10:57:10 PM,7/10/2026,
58,39.0,gf,0.125,mm,OK,--,10:57:10 PM,7/10/2026,
59,38.9,gf,0.130,mm,OK,--,10:57:11 PM,7/10/2026,
60,38.8,gf,0.135,mm,OK,--,10:57:11 PM,7/10/2026,
61,38.8,gf,0.140,mm,OK,--,10:57:11 PM,7/10/2026,
62,38.8,gf,0.145,mm,OK,--,10:57:11 PM,7/10/2026,
63,38.8,gf,0.145,mm,OK,--,10:57:11 PM,7/10/2026,
64,38.8,gf,0.150,mm,OK,--,10:57:11 PM,7/10/2026,
65,38.8,gf,0.155,mm,OK,--,10:57:11 PM,7/10/2026,
66,38.7,gf,0.160,mm,OK,--,10:57:11 PM,7/10/2026,
67,38.6,gf,0.165,mm,OK,--,10:57:11 PM,7/10/2026,
68,38.6,gf,0.170,mm,OK,--,10:57:11 PM,7/10/2026,
69,38.5,gf,0.175,mm,OK,--,10:57:12 PM,7/10/2026,
70,38.5,gf,0.180,mm,OK,--,10:57:12 PM,7/10/2026,
71,38.3,gf,0.185,mm,OK,--,10:57:12 PM,7/10/2026,
72,38.3,gf,0.190,mm,OK,--,10:57:12 PM,7/10/2026,
73,38.2,gf,0.195,mm,OK,--,10:57:12 PM,7/10/2026,
74,38.1,gf,0.200,mm,OK,--,10:57:12 PM,7/10/2026,
75,38.0,gf,0.205,mm,OK,--,10:57:12 PM,7/10/2026,
76,38.2,gf,0.210,mm,OK,--,10:57:12 PM,7/10/2026,
77,38.2,gf,0.220,mm,OK,--,10:57:12 PM,7/10/2026,
78,38.2,gf,0.225,mm,OK,--,10:57:12 PM,7/10/2026,
79,38.2,gf,0.235,mm,OK,--,10:57:13 PM,7/10/2026,
80,38.2,gf,0.240,mm,OK,--,10:57:13 PM,7/10/2026,
81,38.2,gf,0.245,mm,OK,--,10:57:13 PM,7/10/2026,
82,38.2,gf,0.255,mm,OK,--,10:57:13 PM,7/10/2026,
83,38.0,gf,0.265,mm,OK,--,10:57:13 PM,7/10/2026,
84,38.1,gf,0.270,mm,OK,--,10:57:13 PM,7/10/2026,
85,38.2,gf,0.280,mm,OK,--,10:57:13 PM,7/10/2026,
86,38.3,gf,0.280,mm,OK,--,10:57:13 PM,7/10/2026,
87,38.3,gf,0.285,mm,OK,--,10:57:13 PM,7/10/2026,
88,38.3,gf,0.295,mm,OK,--,10:57:13 PM,7/10/2026,
89,38.4,gf,0.300,mm,OK,--,10:57:14 PM,7/10/2026,
90,38.5,gf,0.300,mm,OK,--,10:57:14 PM,7/10/2026,
91,38.7,gf,0.305,mm,OK,--,10:57:14 PM,7/10/2026,
92,38.7,gf,0.310,mm,OK,--,10:57:14 PM,7/10/2026,
93,38.8,gf,0.315,mm,OK,--,10:57:14 PM,7/10/2026,
94,38.8,gf,0.315,mm,OK,--,10:57:14 PM,7/10/2026,
95,38.8,gf,0.320,mm,OK,--,10:57:14 PM,7/10/2026,
96,38.9,gf,0.325,mm,OK,--,10:57:14 PM,7/10/2026,
97,38.9,gf,0.325,mm,OK,--,10:57:14 PM,7/10/2026,
98,38.9,gf,0.330,mm,OK,--,10:57:14 PM,7/10/2026,
99,38.9,gf,0.335,mm,OK,--,10:57:15 PM,7/10/2026,
100,38.9,gf,0.335,mm,OK,--,10:57:15 PM,7/10/2026,
101,39.1,gf,0.340,mm,OK,--,10:57:15 PM,7/10/2026,
102,39.0,gf,0.345,mm,OK,--,10:57:15 PM,7/10/2026,
103,39.0,gf,0.350,mm,OK,--,10:57:15 PM,7/10/2026,
104,38.9,gf,0.350,mm,OK,--,10:57:15 PM,7/10/2026,
105,38.8,gf,0.355,mm,OK,--,10:57:15 PM,7/10/2026,
106,38.8,gf,0.355,mm,OK,--,10:57:15 PM,7/10/2026,
107,38.9,gf,0.355,mm,OK,--,10:57:15 PM,7/10/2026,
108,39.0,gf,0.355,mm,OK,--,10:57:15 PM,7/10/2026,
109,38.9,gf,0.355,mm,OK,--,10:57:16 PM,7/10/2026,
110,39.2,gf,0.360,mm,OK,--,10:57:16 PM,7/10/2026,
111,39.2,gf,0.360,mm,OK,--,10:57:16 PM,7/10/2026,
112,39.1,gf,0.360,mm,OK,--,10:57:16 PM,7/10/2026,
113,39.1,gf,0.365,mm,OK,--,10:57:16 PM,7/10/2026,
114,39.1,gf,0.365,mm,OK,--,10:57:16 PM,7/10/2026,
115,39.0,gf,0.370,mm,OK,--,10:57:16 PM,7/10/2026,
116,39.0,gf,0.370,mm,OK,--,10:57:16 PM,7/10/2026,
117,39.0,gf,0.375,mm,OK,--,10:57:16 PM,7/10/2026,
118,38.9,gf,0.380,mm,OK,--,10:57:16 PM,7/10/2026,
119,38.9,gf,0.380,mm,OK,--,10:57:17 PM,7/10/2026,
120,38.9,gf,0.385,mm,OK,--,10:57:17 PM,7/10/2026,
121,39.0,gf,0.390,mm,OK,--,10:57:17 PM,7/10/2026,
122,38.9,gf,0.395,mm,OK,--,10:57:17 PM,7/10/2026,
123,38.9,gf,0.400,mm,OK,--,10:57:17 PM,7/10/2026,
124,38.9,gf,0.405,mm,OK,--,10:57:17 PM,7/10/2026,
125,38.8,gf,0.415,mm,OK,--,10:57:17 PM,7/10/2026,
126,38.8,gf,0.420,mm,OK,--,10:57:17 PM,7/10/2026,
127,39.0,gf,0.425,mm,OK,--,10:57:17 PM,7/10/2026,
128,39.0,gf,0.430,mm,OK,--,10:57:17 PM,7/10/2026,
129,39.0,gf,0.435,mm,OK,--,10:57:18 PM,7/10/2026,
130,39.0,gf,0.440,mm,OK,--,10:57:18 PM,7/10/2026,
131,39.1,gf,0.440,mm,OK,--,10:57:18 PM,7/10/2026,
132,39.2,gf,0.445,mm,OK,--,10:57:18 PM,7/10/2026,
133,39.2,gf,0.450,mm,OK,--,10:57:18 PM,7/10/2026,
134,39.2,gf,0.450,mm,OK,--,10:57:18 PM,7/10/2026,
135,39.3,gf,0.455,mm,OK,--,10:57:18 PM,7/10/2026,
136,39.4,gf,0.455,mm,OK,--,10:57:18 PM,7/10/2026,
137,39.4,gf,0.460,mm,OK,--,10:57:18 PM,7/10/2026,
138,39.4,gf,0.465,mm,OK,--,10:57:18 PM,7/10/2026,
139,39.3,gf,0.465,mm,OK,--,10:57:19 PM,7/10/2026,
140,39.3,gf,0.470,mm,OK,--,10:57:19 PM,7/10/2026,
141,39.3,gf,0.475,mm,OK,--,10:57:19 PM,7/10/2026,
142,39.3,gf,0.475,mm,OK,--,10:57:19 PM,7/10/2026,
143,39.3,gf,0.480,mm,OK,--,10:57:19 PM,7/10/2026,
144,39.3,gf,0.485,mm,OK,--,10:57:19 PM,7/10/2026,
145,39.3,gf,0.485,mm,OK,--,10:57:19 PM,7/10/2026,
146,39.4,gf,0.490,mm,OK,--,10:57:19 PM,7/10/2026,
147,39.4,gf,0.495,mm,OK,--,10:57:19 PM,7/10/2026,
148,39.4,gf,0.495,mm,OK,--,10:57:19 PM,7/10/2026,
149,39.5,gf,0.500,mm,OK,--,10:57:20 PM,7/10/2026,
150,39.3,gf,0.505,mm,OK,--,10:57:20 PM,7/10/2026,
151,39.4,gf,0.510,mm,OK,--,10:57:20 PM,7/10/2026,
152,39.3,gf,0.515,mm,OK,--,10:57:20 PM,7/10/2026,
153,39.3,gf,0.520,mm,OK,--,10:57:20 PM,7/10/2026,
154,39.4,gf,0.520,mm,OK,--,10:57:20 PM,7/10/2026,
155,39.5,gf,0.525,mm,OK,--,10:57:20 PM,7/10/2026,
156,39.6,gf,0.530,mm,OK,--,10:57:20 PM,7/10/2026,
157,39.6,gf,0.535,mm,OK,--,10:57:20 PM,7/10/2026,
158,39.7,gf,0.540,mm,OK,--,10:57:20 PM,7/10/2026,
159,39.8,gf,0.540,mm,OK,--,10:57:21 PM,7/10/2026,
160,39.9,gf,0.545,mm,OK,--,10:57:21 PM,7/10/2026,
161,39.9,gf,0.550,mm,OK,--,10:57:21 PM,7/10/2026,
162,39.8,gf,0.550,mm,OK,--,10:57:21 PM,7/10/2026,
163,39.9,gf,0.555,mm,OK,--,10:57:21 PM,7/10/2026,
164,40.0,gf,0.560,mm,OK,--,10:57:21 PM,7/10/2026,
165,40.0,gf,0.560,mm,OK,--,10:57:21 PM,7/10/2026,
166,40.1,gf,0.565,mm,OK,--,10:57:21 PM,7/10/2026,
167,40.1,gf,0.565,mm,OK,--,10:57:21 PM,7/10/2026,
168,40.1,gf,0.570,mm,OK,--,10:57:21 PM,7/10/2026,
169,40.1,gf,0.575,mm,OK,--,10:57:22 PM,7/10/2026,
170,40.1,gf,0.575,mm,OK,--,10:57:22 PM,7/10/2026,
171,40.1,gf,0.580,mm,OK,--,10:57:22 PM,7/10/2026,
172,40.1,gf,0.580,mm,OK,--,10:57:22 PM,7/10/2026,
173,40.1,gf,0.585,mm,OK,--,10:57:22 PM,7/10/2026,
174,40.1,gf,0.585,mm,OK,--,10:57:22 PM,7/10/2026,
175,40.1,gf,0.590,mm,OK,--,10:57:22 PM,7/10/2026,
176,40.1,gf,0.595,mm,OK,--,10:57:22 PM,7/10/2026,
177,40.1,gf,0.595,mm,OK,--,10:57:22 PM,7/10/2026,
178,40.0,gf,0.600,mm,OK,--,10:57:22 PM,7/10/2026,
179,40.0,gf,0.605,mm,OK,--,10:57:23 PM,7/10/2026,
180,39.9,gf,0.605,mm,OK,--,10:57:23 PM,7/10/2026,
181,40.0,gf,0.610,mm,OK,--,10:57:23 PM,7/10/2026,
182,40.1,gf,0.610,mm,OK,--,10:57:23 PM,7/10/2026,
183,40.0,gf,0.615,mm,OK,--,10:57:23 PM,7/10/2026,
184,40.1,gf,0.615,mm,OK,--,10:57:23 PM,7/10/2026,
185,39.9,gf,0.620,mm,OK,--,10:57:23 PM,7/10/2026,
186,40.0,gf,0.625,mm,OK,--,10:57:23 PM,7/10/2026,
187,39.9,gf,0.630,mm,OK,--,10:57:23 PM,7/10/2026,
188,40.0,gf,0.630,mm,OK,--,10:57:23 PM,7/10/2026,
189,40.0,gf,0.635,mm,OK,--,10:57:24 PM,7/10/2026,
190,40.1,gf,0.640,mm,OK,--,10:57:24 PM,7/10/2026,
191,40.2,gf,0.640,mm,OK,--,10:57:24 PM,7/10/2026,
192,40.1,gf,0.645,mm,OK,--,10:57:24 PM,7/10/2026,
193,40.0,gf,0.650,mm,OK,--,10:57:24 PM,7/10/2026,
194,40.0,gf,0.655,mm,OK,--,10:57:24 PM,7/10/2026,
195,40.1,gf,0.660,mm,OK,--,10:57:24 PM,7/10/2026,
196,40.1,gf,0.660,mm,OK,--,10:57:24 PM,7/10/2026,
197,40.1,gf,0.665,mm,OK,--,10:57:24 PM,7/10/2026,
198,40.2,gf,0.665,mm,OK,--,10:57:24 PM,7/10/2026,
199,40.2,gf,0.670,mm,OK,--,10:57:25 PM,7/10/2026,
200,40.2,gf,0.670,mm,OK,--,10:57:25 PM,7/10/2026,
201,40.2,gf,0.675,mm,OK,--,10:57:25 PM,7/10/2026,
202,40.4,gf,0.680,mm,OK,--,10:57:25 PM,7/10/2026,
203,40.3,gf,0.680,mm,OK,--,10:57:25 PM,7/10/2026,
204,40.3,gf,0.685,mm,OK,--,10:57:25 PM,7/10/2026,
205,40.3,gf,0.690,mm,OK,--,10:57:25 PM,7/10/2026,
206,40.3,gf,0.695,mm,OK,--,10:57:25 PM,7/10/2026,
207,40.3,gf,0.695,mm,OK,--,10:57:25 PM,7/10/2026,
208,40.4,gf,0.700,mm,OK,--,10:57:25 PM,7/10/2026,
209,40.3,gf,0.700,mm,OK,--,10:57:26 PM,7/10/2026,
210,40.3,gf,0.705,mm,OK,--,10:57:26 PM,7/10/2026,
211,40.2,gf,0.710,mm,OK,--,10:57:26 PM,7/10/2026,
212,40.3,gf,0.710,mm,OK,--,10:57:26 PM,7/10/2026,
213,40.3,gf,0.715,mm,OK,--,10:57:26 PM,7/10/2026,
214,40.2,gf,0.715,mm,OK,--,10:57:26 PM,7/10/2026,
215,40.3,gf,0.715,mm,OK,--,10:57:26 PM,7/10/2026,
216,40.5,gf,0.715,mm,OK,--,10:57:26 PM,7/10/2026,
217,40.5,gf,0.715,mm,OK,--,10:57:26 PM,7/10/2026,
218,40.4,gf,0.715,mm,OK,--,10:57:26 PM,7/10/2026,
219,40.5,gf,0.720,mm,OK,--,10:57:27 PM,7/10/2026,
220,40.6,gf,0.720,mm,OK,--,10:57:27 PM,7/10/2026,
221,40.4,gf,0.720,mm,OK,--,10:57:27 PM,7/10/2026,
222,40.4,gf,0.725,mm,OK,--,10:57:27 PM,7/10/2026,
223,40.3,gf,0.725,mm,OK,--,10:57:27 PM,7/10/2026,
224,40.2,gf,0.730,mm,OK,--,10:57:27 PM,7/10/2026,
225,40.2,gf,0.735,mm,OK,--,10:57:27 PM,7/10/2026,
226,40.3,gf,0.735,mm,OK,--,10:57:27 PM,7/10/2026,
227,40.3,gf,0.740,mm,OK,--,10:57:27 PM,7/10/2026,
228,40.4,gf,0.745,mm,OK,--,10:57:27 PM,7/10/2026,
229,40.5,gf,0.750,mm,OK,--,10:57:28 PM,7/10/2026,
230,40.5,gf,0.755,mm,OK,--,10:57:28 PM,7/10/2026,
231,40.6,gf,0.755,mm,OK,--,10:57:28 PM,7/10/2026,
232,40.8,gf,0.755,mm,OK,--,10:57:28 PM,7/10/2026,
233,40.9,gf,0.760,mm,OK,--,10:57:28 PM,7/10/2026,
234,40.8,gf,0.765,mm,OK,--,10:57:28 PM,7/10/2026,
235,40.7,gf,0.765,mm,OK,--,10:57:28 PM,7/10/2026,
236,40.9,gf,0.770,mm,OK,--,10:57:28 PM,7/10/2026,
237,40.8,gf,0.770,mm,OK,--,10:57:28 PM,7/10/2026,
238,40.7,gf,0.775,mm,OK,--,10:57:28 PM,7/10/2026,
239,40.7,gf,0.775,mm,OK,--,10:57:29 PM,7/10/2026,
240,40.7,gf,0.780,mm,OK,--,10:57:29 PM,7/10/2026,
241,40.8,gf,0.780,mm,OK,--,10:57:29 PM,7/10/2026,
242,40.7,gf,0.785,mm,OK,--,10:57:29 PM,7/10/2026,
243,40.7,gf,0.785,mm,OK,--,10:57:29 PM,7/10/2026,
244,40.7,gf,0.785,mm,OK,--,10:57:29 PM,7/10/2026,
245,40.7,gf,0.790,mm,OK,--,10:57:29 PM,7/10/2026,
246,40.6,gf,0.790,mm,OK,--,10:57:29 PM,7/10/2026,
247,40.7,gf,0.795,mm,OK,--,10:57:29 PM,7/10/2026,
248,40.7,gf,0.795,mm,OK,--,10:57:29 PM,7/10/2026,
249,40.7,gf,0.795,mm,OK,--,10:57:30 PM,7/10/2026,
250,40.7,gf,0.800,mm,OK,--,10:57:30 PM,7/10/2026,
251,40.7,gf,0.800,mm,OK,--,10:57:30 PM,7/10/2026,
252,40.6,gf,0.805,mm,OK,--,10:57:30 PM,7/10/2026,
253,40.6,gf,0.805,mm,OK,--,10:57:30 PM,7/10/2026,
254,40.6,gf,0.810,mm,OK,--,10:57:30 PM,7/10/2026,
255,40.6,gf,0.810,mm,OK,--,10:57:30 PM,7/10/2026,
256,40.7,gf,0.810,mm,OK,--,10:57:30 PM,7/10/2026,
257,40.6,gf,0.815,mm,OK,--,10:57:30 PM,7/10/2026,
258,40.8,gf,0.815,mm,OK,--,10:57:30 PM,7/10/2026,
259,40.8,gf,0.815,mm,OK,--,10:57:31 PM,7/10/2026,
260,40.8,gf,0.820,mm,OK,--,10:57:31 PM,7/10/2026,
261,40.8,gf,0.820,mm,OK,--,10:57:31 PM,7/10/2026,
262,40.8,gf,0.825,mm,OK,--,10:57:31 PM,7/10/2026,
263,40.8,gf,0.830,mm,OK,--,10:57:31 PM,7/10/2026,
264,40.8,gf,0.835,mm,OK,--,10:57:31 PM,7/10/2026,
265,40.7,gf,0.840,mm,OK,--,10:57:31 PM,7/10/2026,
266,40.6,gf,0.845,mm,OK,--,10:57:31 PM,7/10/2026,
267,40.6,gf,0.855,mm,OK,--,10:57:31 PM,7/10/2026,
268,40.6,gf,0.860,mm,OK,--,10:57:31 PM,7/10/2026,
269,40.6,gf,0.865,mm,OK,--,10:57:32 PM,7/10/2026,
270,40.8,gf,0.865,mm,OK,--,10:57:32 PM,7/10/2026,
271,40.8,gf,0.870,mm,OK,--,10:57:32 PM,7/10/2026,
272,40.8,gf,0.875,mm,OK,--,10:57:32 PM,7/10/2026,
273,40.8,gf,0.880,mm,OK,--,10:57:32 PM,7/10/2026,
274,40.7,gf,0.885,mm,OK,--,10:57:32 PM,7/10/2026,
275,40.8,gf,0.885,mm,OK,--,10:57:32 PM,7/10/2026,
276,40.9,gf,0.890,mm,OK,--,10:57:32 PM,7/10/2026,
277,40.9,gf,0.890,mm,OK,--,10:57:32 PM,7/10/2026,
278,40.9,gf,0.895,mm,OK,--,10:57:32 PM,7/10/2026,
279,40.9,gf,0.900,mm,OK,--,10:57:33 PM,7/10/2026,
280,40.9,gf,0.900,mm,OK,--,10:57:33 PM,7/10/2026,
281,40.9,gf,0.905,mm,OK,--,10:57:33 PM,7/10/2026,
282,40.9,gf,0.910,mm,OK,--,10:57:33 PM,7/10/2026,
283,40.8,gf,0.910,mm,OK,--,10:57:33 PM,7/10/2026,
284,40.8,gf,0.915,mm,OK,--,10:57:33 PM,7/10/2026,
285,40.9,gf,0.915,mm,OK,--,10:57:33 PM,7/10/2026,
286,40.9,gf,0.920,mm,OK,--,10:57:33 PM,7/10/2026,
287,41.0,gf,0.920,mm,OK,--,10:57:33 PM,7/10/2026,
288,40.8,gf,0.925,mm,OK,--,10:57:33 PM,7/10/2026,
289,40.7,gf,0.930,mm,OK,--,10:57:34 PM,7/10/2026,
290,40.5,gf,0.930,mm,OK,--,10:57:34 PM,7/10/2026,
291,40.7,gf,0.930,mm,OK,--,10:57:34 PM,7/10/2026,
292,40.9,gf,0.930,mm,OK,--,10:57:34 PM,7/10/2026,
293,41.1,gf,0.935,mm,OK,--,10:57:34 PM,7/10/2026,
294,41.1,gf,0.935,mm,OK,--,10:57:34 PM,7/10/2026,
295,41.0,gf,0.940,mm,OK,--,10:57:34 PM,7/10/2026,
296,40.8,gf,0.945,mm,OK,--,10:57:34 PM,7/10/2026,
297,40.9,gf,0.955,mm,OK,--,10:57:34 PM,7/10/2026,
298,40.9,gf,0.965,mm,OK,--,10:57:34 PM,7/10/2026,
299,40.8,gf,0.970,mm,OK,--,10:57:35 PM,7/10/2026,
300,40.8,gf,0.980,mm,OK,--,10:57:35 PM,7/10/2026,
301,40.7,gf,0.985,mm,OK,--,10:57:35 PM,7/10/2026,
302,40.7,gf,0.990,mm,OK,--,10:57:35 PM,7/10/2026,
303,40.8,gf,0.995,mm,OK,--,10:57:35 PM,7/10/2026,
304,40.8,gf,1.000,mm,OK,--,10:57:35 PM,7/10/2026,
305,40.8,gf,1.005,mm,OK,--,10:57:35 PM,7/10/2026,
306,40.9,gf,1.010,mm,OK,--,10:57:35 PM,7/10/2026,
307,40.9,gf,1.020,mm,OK,--,10:57:35 PM,7/10/2026,
308,40.7,gf,1.025,mm,OK,--,10:57:35 PM,7/10/2026,
309,40.8,gf,1.035,mm,OK,--,10:57:36 PM,7/10/2026,
310,40.8,gf,1.040,mm,OK,--,10:57:36 PM,7/10/2026,
311,41.0,gf,1.040,mm,OK,--,10:57:36 PM,7/10/2026,
312,41.0,gf,1.045,mm,OK,--,10:57:36 PM,7/10/2026,
313,41.1,gf,1.050,mm,OK,--,10:57:36 PM,7/10/2026,
314,41.2,gf,1.055,mm,OK,--,10:57:36 PM,7/10/2026,
315,41.3,gf,1.060,mm,OK,--,10:57:36 PM,7/10/2026,
316,41.2,gf,1.065,mm,OK,--,10:57:36 PM,7/10/2026,
317,41.1,gf,1.070,mm,OK,--,10:57:36 PM,7/10/2026,
318,41.3,gf,1.075,mm,OK,--,10:57:36 PM,7/10/2026,
319,41.2,gf,1.080,mm,OK,--,10:57:37 PM,7/10/2026,
320,41.3,gf,1.085,mm,OK,--,10:57:37 PM,7/10/2026,
321,41.4,gf,1.090,mm,OK,--,10:57:37 PM,7/10/2026,
322,41.3,gf,1.095,mm,OK,--,10:57:37 PM,7/10/2026,
323,41.4,gf,1.100,mm,OK,--,10:57:37 PM,7/10/2026,
324,41.5,gf,1.100,mm,OK,--,10:57:37 PM,7/10/2026,
325,41.6,gf,1.105,mm,OK,--,10:57:37 PM,7/10/2026,
326,41.6,gf,1.110,mm,OK,--,10:57:37 PM,7/10/2026,
327,41.6,gf,1.110,mm,OK,--,10:57:37 PM,7/10/2026,
328,41.6,gf,1.115,mm,OK,--,10:57:37 PM,7/10/2026,
329,41.6,gf,1.115,mm,OK,--,10:57:38 PM,7/10/2026,
330,41.7,gf,1.120,mm,OK,--,10:57:38 PM,7/10/2026,
331,41.7,gf,1.120,mm,OK,--,10:57:38 PM,7/10/2026,
332,41.7,gf,1.120,mm,OK,--,10:57:38 PM,7/10/2026,
333,41.9,gf,1.120,mm,OK,--,10:57:38 PM,7/10/2026,
334,42.0,gf,1.120,mm,OK,--,10:57:38 PM,7/10/2026,
335,42.0,gf,1.125,mm,OK,--,10:57:38 PM,7/10/2026,
336,42.0,gf,1.125,mm,OK,--,10:57:38 PM,7/10/2026,
337,42.0,gf,1.130,mm,OK,--,10:57:38 PM,7/10/2026,
338,42.0,gf,1.130,mm,OK,--,10:57:38 PM,7/10/2026,
339,41.9,gf,1.135,mm,OK,--,10:57:39 PM,7/10/2026,
340,41.8,gf,1.140,mm,OK,--,10:57:39 PM,7/10/2026,
341,41.8,gf,1.145,mm,OK,--,10:57:39 PM,7/10/2026,
342,41.8,gf,1.145,mm,OK,--,10:57:39 PM,7/10/2026,
343,41.8,gf,1.150,mm,OK,--,10:57:39 PM,7/10/2026,
344,41.8,gf,1.150,mm,OK,--,10:57:39 PM,7/10/2026,
345,41.9,gf,1.150,mm,OK,--,10:57:39 PM,7/10/2026,
346,42.0,gf,1.155,mm,OK,--,10:57:39 PM,7/10/2026,
347,42.0,gf,1.155,mm,OK,--,10:57:39 PM,7/10/2026,
348,42.0,gf,1.155,mm,OK,--,10:57:39 PM,7/10/2026,
349,42.0,gf,1.160,mm,OK,--,10:57:40 PM,7/10/2026,
350,42.0,gf,1.160,mm,OK,--,10:57:40 PM,7/10/2026,
351,42.0,gf,1.165,mm,OK,--,10:57:40 PM,7/10/2026,
352,41.9,gf,1.165,mm,OK,--,10:57:40 PM,7/10/2026,
353,41.7,gf,1.165,mm,OK,--,10:57:40 PM,7/10/2026,
354,41.6,gf,1.165,mm,OK,--,10:57:40 PM,7/10/2026,
355,41.7,gf,1.165,mm,OK,--,10:57:40 PM,7/10/2026,
356,41.9,gf,1.170,mm,OK,--,10:57:40 PM,7/10/2026,
357,41.9,gf,1.170,mm,OK,--,10:57:40 PM,7/10/2026,
358,42.0,gf,1.170,mm,OK,--,10:57:40 PM,7/10/2026,
359,42.0,gf,1.170,mm,OK,--,10:57:41 PM,7/10/2026,
360,42.2,gf,1.170,mm,OK,--,10:57:41 PM,7/10/2026,
361,42.1,gf,1.175,mm,OK,--,10:57:41 PM,7/10/2026,
362,42.0,gf,1.175,mm,OK,--,10:57:41 PM,7/10/2026,
363,41.9,gf,1.180,mm,OK,--,10:57:41 PM,7/10/2026,
364,41.9,gf,1.185,mm,OK,--,10:57:41 PM,7/10/2026,
365,41.9,gf,1.185,mm,OK,--,10:57:41 PM,7/10/2026,
366,41.8,gf,1.195,mm,OK,--,10:57:41 PM,7/10/2026,
367,41.9,gf,1.200,mm,OK,--,10:57:41 PM,7/10/2026,
368,42.0,gf,1.205,mm,OK,--,10:57:41 PM,7/10/2026,
369,42.1,gf,1.210,mm,OK,--,10:57:42 PM,7/10/2026,
370,42.2,gf,1.215,mm,OK,--,10:57:42 PM,7/10/2026,
371,42.2,gf,1.220,mm,OK,--,10:57:42 PM,7/10/2026,
372,42.2,gf,1.225,mm,OK,--,10:57:42 PM,7/10/2026,
373,42.3,gf,1.230,mm,OK,--,10:57:42 PM,7/10/2026,
374,42.3,gf,1.230,mm,OK,--,10:57:42 PM,7/10/2026,
375,42.3,gf,1.235,mm,OK,--,10:57:42 PM,7/10/2026,
376,42.4,gf,1.240,mm,OK,--,10:57:42 PM,7/10/2026,
377,42.4,gf,1.245,mm,OK,--,10:57:42 PM,7/10/2026,
378,42.2,gf,1.250,mm,OK,--,10:57:42 PM,7/10/2026,
379,42.1,gf,1.260,mm,OK,--,10:57:43 PM,7/10/2026,
380,42.0,gf,1.270,mm,OK,--,10:57:43 PM,7/10/2026,
381,42.0,gf,1.275,mm,OK,--,10:57:43 PM,7/10/2026,
382,42.0,gf,1.280,mm,OK,--,10:57:43 PM,7/10/2026,
383,42.1,gf,1.290,mm,OK,--,10:57:43 PM,7/10/2026,
384,42.1,gf,1.295,mm,OK,--,10:57:43 PM,7/10/2026,
385,42.2,gf,1.300,mm,OK,--,10:57:43 PM,7/10/2026,
386,42.2,gf,1.305,mm,OK,--,10:57:43 PM,7/10/2026,
387,42.1,gf,1.310,mm,OK,--,10:57:43 PM,7/10/2026,
388,42.1,gf,1.320,mm,OK,--,10:57:43 PM,7/10/2026,
389,42.1,gf,1.330,mm,OK,--,10:57:44 PM,7/10/2026,
390,42.1,gf,1.335,mm,OK,--,10:57:44 PM,7/10/2026,
391,42.2,gf,1.345,mm,OK,--,10:57:44 PM,7/10/2026,
392,42.3,gf,1.350,mm,OK,--,10:57:44 PM,7/10/2026,
393,42.3,gf,1.355,mm,OK,--,10:57:44 PM,7/10/2026,
394,42.3,gf,1.365,mm,OK,--,10:57:44 PM,7/10/2026,
395,42.2,gf,1.375,mm,OK,--,10:57:44 PM,7/10/2026,
396,42.3,gf,1.385,mm,OK,--,10:57:44 PM,7/10/2026,
397,42.4,gf,1.395,mm,OK,--,10:57:44 PM,7/10/2026,
398,42.4,gf,1.400,mm,OK,--,10:57:44 PM,7/10/2026,
399,42.3,gf,1.405,mm,OK,--,10:57:45 PM,7/10/2026,
400,42.4,gf,1.410,mm,OK,--,10:57:45 PM,7/10/2026,
401,42.4,gf,1.410,mm,OK,--,10:57:45 PM,7/10/2026,
402,42.5,gf,1.415,mm,OK,--,10:57:45 PM,7/10/2026,
403,42.6,gf,1.415,mm,OK,--,10:57:45 PM,7/10/2026,
404,42.5,gf,1.420,mm,OK,--,10:57:45 PM,7/10/2026,
405,42.6,gf,1.420,mm,OK,--,10:57:45 PM,7/10/2026,
406,42.6,gf,1.425,mm,OK,--,10:57:45 PM,7/10/2026,
407,42.5,gf,1.430,mm,OK,--,10:57:45 PM,7/10/2026,
408,42.5,gf,1.440,mm,OK,--,10:57:45 PM,7/10/2026,
409,42.5,gf,1.445,mm,OK,--,10:57:46 PM,7/10/2026,
410,42.3,gf,1.455,mm,OK,--,10:57:46 PM,7/10/2026,
411,42.3,gf,1.465,mm,OK,--,10:57:46 PM,7/10/2026,
412,42.2,gf,1.475,mm,OK,--,10:57:46 PM,7/10/2026,
413,42.2,gf,1.490,mm,OK,--,10:57:46 PM,7/10/2026,
414,42.2,gf,1.500,mm,OK,--,10:57:46 PM,7/10/2026,
415,42.4,gf,1.510,mm,OK,--,10:57:46 PM,7/10/2026,
416,42.4,gf,1.515,mm,OK,--,10:57:46 PM,7/10/2026,
417,42.3,gf,1.525,mm,OK,--,10:57:46 PM,7/10/2026,
418,42.3,gf,1.530,mm,OK,--,10:57:46 PM,7/10/2026,
419,42.3,gf,1.535,mm,OK,--,10:57:47 PM,7/10/2026,
420,42.4,gf,1.540,mm,OK,--,10:57:47 PM,7/10/2026,
421,42.4,gf,1.545,mm,OK,--,10:57:47 PM,7/10/2026,
422,42.3,gf,1.550,mm,OK,--,10:57:47 PM,7/10/2026,
423,42.3,gf,1.555,mm,OK,--,10:57:47 PM,7/10/2026,
424,42.3,gf,1.555,mm,OK,--,10:57:47 PM,7/10/2026,
425,42.4,gf,1.560,mm,OK,--,10:57:47 PM,7/10/2026,
426,42.4,gf,1.565,mm,OK,--,10:57:47 PM,7/10/2026,
427,42.5,gf,1.565,mm,OK,--,10:57:47 PM,7/10/2026,
428,42.4,gf,1.570,mm,OK,--,10:57:47 PM,7/10/2026,
429,42.5,gf,1.575,mm,OK,--,10:57:48 PM,7/10/2026,
430,42.5,gf,1.575,mm,OK,--,10:57:48 PM,7/10/2026,
431,42.5,gf,1.580,mm,OK,--,10:57:48 PM,7/10/2026,
432,42.6,gf,1.580,mm,OK,--,10:57:48 PM,7/10/2026,
433,42.7,gf,1.585,mm,OK,--,10:57:48 PM,7/10/2026,
434,42.7,gf,1.585,mm,OK,--,10:57:48 PM,7/10/2026,
435,42.7,gf,1.590,mm,OK,--,10:57:48 PM,7/10/2026,
436,42.7,gf,1.595,mm,OK,--,10:57:48 PM,7/10/2026,
437,42.9,gf,1.595,mm,OK,--,10:57:48 PM,7/10/2026,
438,42.8,gf,1.600,mm,OK,--,10:57:48 PM,7/10/2026,
439,42.7,gf,1.605,mm,OK,--,10:57:49 PM,7/10/2026,
440,42.8,gf,1.605,mm,OK,--,10:57:49 PM,7/10/2026,
441,42.7,gf,1.610,mm,OK,--,10:57:49 PM,7/10/2026,
442,42.7,gf,1.615,mm,OK,--,10:57:49 PM,7/10/2026,
443,42.8,gf,1.620,mm,OK,--,10:57:49 PM,7/10/2026,
444,42.7,gf,1.625,mm,OK,--,10:57:49 PM,7/10/2026,
445,42.7,gf,1.630,mm,OK,--,10:57:49 PM,7/10/2026,
446,42.7,gf,1.635,mm,OK,--,10:57:49 PM,7/10/2026,
447,42.7,gf,1.640,mm,OK,--,10:57:49 PM,7/10/2026,
448,42.8,gf,1.645,mm,OK,--,10:57:49 PM,7/10/2026,
449,42.9,gf,1.645,mm,OK,--,10:57:50 PM,7/10/2026,
450,42.9,gf,1.650,mm,OK,--,10:57:50 PM,7/10/2026,
451,42.8,gf,1.660,mm,OK,--,10:57:50 PM,7/10/2026,
452,42.8,gf,1.660,mm,OK,--,10:57:50 PM,7/10/2026,
453,42.8,gf,1.665,mm,OK,--,10:57:50 PM,7/10/2026,
454,42.8,gf,1.665,mm,OK,--,10:57:50 PM,7/10/2026,
455,42.8,gf,1.670,mm,OK,--,10:57:50 PM,7/10/2026,
456,43.0,gf,1.670,mm,OK,--,10:57:50 PM,7/10/2026,
457,42.9,gf,1.675,mm,OK,--,10:57:50 PM,7/10/2026,
458,42.9,gf,1.675,mm,OK,--,10:57:50 PM,7/10/2026,
459,43.0,gf,1.680,mm,OK,--,10:57:51 PM,7/10/2026,
460,43.0,gf,1.680,mm,OK,--,10:57:51 PM,7/10/2026,
461,42.9,gf,1.685,mm,OK,--,10:57:51 PM,7/10/2026,
462,42.9,gf,1.690,mm,OK,--,10:57:51 PM,7/10/2026,
463,42.9,gf,1.690,mm,OK,--,10:57:51 PM,7/10/2026,
464,42.9,gf,1.695,mm,OK,--,10:57:51 PM,7/10/2026,
465,43.0,gf,1.695,mm,OK,--,10:57:51 PM,7/10/2026,
466,43.0,gf,1.695,mm,OK,--,10:57:51 PM,7/10/2026,
467,43.0,gf,1.700,mm,OK,--,10:57:51 PM,7/10/2026,
468,43.0,gf,1.700,mm,OK,--,10:57:51 PM,7/10/2026,
469,43.0,gf,1.705,mm,OK,--,10:57:52 PM,7/10/2026,
470,43.0,gf,1.705,mm,OK,--,10:57:52 PM,7/10/2026,
471,43.0,gf,1.705,mm,OK,--,10:57:52 PM,7/10/2026,
472,43.0,gf,1.710,mm,OK,--,10:57:52 PM,7/10/2026,
473,43.0,gf,1.710,mm,OK,--,10:57:52 PM,7/10/2026,
474,43.1,gf,1.715,mm,OK,--,10:57:52 PM,7/10/2026,
475,43.1,gf,1.715,mm,OK,--,10:57:52 PM,7/10/2026,
476,43.0,gf,1.720,mm,OK,--,10:57:52 PM,7/10/2026,
477,43.1,gf,1.720,mm,OK,--,10:57:52 PM,7/10/2026,
478,43.1,gf,1.725,mm,OK,--,10:57:52 PM,7/10/2026,
479,43.1,gf,1.725,mm,OK,--,10:57:53 PM,7/10/2026,
480,43.1,gf,1.730,mm,OK,--,10:57:53 PM,7/10/2026,
481,43.1,gf,1.735,mm,OK,--,10:57:53 PM,7/10/2026,
482,43.0,gf,1.740,mm,OK,--,10:57:53 PM,7/10/2026,
483,43.0,gf,1.740,mm,OK,--,10:57:53 PM,7/10/2026,
484,42.9,gf,1.745,mm,OK,--,10:57:53 PM,7/10/2026,
485,42.9,gf,1.750,mm,OK,--,10:57:53 PM,7/10/2026,
486,43.0,gf,1.750,mm,OK,--,10:57:53 PM,7/10/2026,
487,43.0,gf,1.755,mm,OK,--,10:57:53 PM,7/10/2026,
488,43.2,gf,1.760,mm,OK,--,10:57:53 PM,7/10/2026,
489,43.2,gf,1.765,mm,OK,--,10:57:54 PM,7/10/2026,
490,43.1,gf,1.765,mm,OK,--,10:57:54 PM,7/10/2026,
491,43.1,gf,1.770,mm,OK,--,10:57:54 PM,7/10/2026,
492,43.1,gf,1.775,mm,OK,--,10:57:54 PM,7/10/2026,
493,43.0,gf,1.780,mm,OK,--,10:57:54 PM,7/10/2026,
494,43.1,gf,1.785,mm,OK,--,10:57:54 PM,7/10/2026,
495,43.1,gf,1.785,mm,OK,--,10:57:54 PM,7/10/2026,
496,43.1,gf,1.790,mm,OK,--,10:57:54 PM,7/10/2026,
497,43.1,gf,1.795,mm,OK,--,10:57:54 PM,7/10/2026,
498,43.2,gf,1.795,mm,OK,--,10:57:54 PM,7/10/2026,
499,43.1,gf,1.800,mm,OK,--,10:57:55 PM,7/10/2026,
500,43.1,gf,1.805,mm,OK,--,10:57:55 PM,7/10/2026,
501,43.1,gf,1.805,mm,OK,--,10:57:55 PM,7/10/2026,
502,43.1,gf,1.810,mm,OK,--,10:57:55 PM,7/10/2026,
503,43.1,gf,1.810,mm,OK,--,10:57:55 PM,7/10/2026,
504,43.1,gf,1.810,mm,OK,--,10:57:55 PM,7/10/2026,
505,43.3,gf,1.815,mm,OK,--,10:57:55 PM,7/10/2026,
506,43.3,gf,1.815,mm,OK,--,10:57:55 PM,7/10/2026,
507,43.2,gf,1.820,mm,OK,--,10:57:55 PM,7/10/2026,
508,43.2,gf,1.825,mm,OK,--,10:57:55 PM,7/10/2026,
509,43.3,gf,1.830,mm,OK,--,10:57:56 PM,7/10/2026,
510,43.2,gf,1.830,mm,OK,--,10:57:56 PM,7/10/2026,
511,43.3,gf,1.835,mm,OK,--,10:57:56 PM,7/10/2026,
512,43.2,gf,1.840,mm,OK,--,10:57:56 PM,7/10/2026,
513,43.2,gf,1.845,mm,OK,--,10:57:56 PM,7/10/2026,
514,43.2,gf,1.850,mm,OK,--,10:57:56 PM,7/10/2026,
515,43.2,gf,1.855,mm,OK,--,10:57:56 PM,7/10/2026,
516,43.3,gf,1.860,mm,OK,--,10:57:56 PM,7/10/2026,
517,43.3,gf,1.870,mm,OK,--,10:57:56 PM,7/10/2026,
518,43.2,gf,1.880,mm,OK,--,10:57:56 PM,7/10/2026,
519,43.3,gf,1.890,mm,OK,--,10:57:57 PM,7/10/2026,
520,43.3,gf,1.900,mm,OK,--,10:57:57 PM,7/10/2026,
521,43.4,gf,1.905,mm,OK,--,10:57:57 PM,7/10/2026,
522,43.5,gf,1.915,mm,OK,--,10:57:57 PM,7/10/2026,
523,43.6,gf,1.920,mm,OK,--,10:57:57 PM,7/10/2026,
524,43.6,gf,1.930,mm,OK,--,10:57:57 PM,7/10/2026,
525,43.6,gf,1.935,mm,OK,--,10:57:57 PM,7/10/2026,
526,43.7,gf,1.940,mm,OK,--,10:57:57 PM,7/10/2026,
527,43.7,gf,1.945,mm,OK,--,10:57:57 PM,7/10/2026,
528,43.7,gf,1.950,mm,OK,--,10:57:57 PM,7/10/2026,
529,43.7,gf,1.955,mm,OK,--,10:57:58 PM,7/10/2026,
530,43.7,gf,1.960,mm,OK,--,10:57:58 PM,7/10/2026,
531,43.7,gf,1.960,mm,OK,--,10:57:58 PM,7/10/2026,
532,43.6,gf,1.965,mm,OK,--,10:57:58 PM,7/10/2026,
533,43.6,gf,1.965,mm,OK,--,10:57:58 PM,7/10/2026,
534,43.8,gf,1.965,mm,OK,--,10:57:58 PM,7/10/2026,
535,43.8,gf,1.970,mm,OK,--,10:57:58 PM,7/10/2026,
536,43.8,gf,1.970,mm,OK,--,10:57:58 PM,7/10/2026,
537,43.7,gf,1.975,mm,OK,--,10:57:58 PM,7/10/2026,
538,43.7,gf,1.975,mm,OK,--,10:57:58 PM,7/10/2026,
539,43.7,gf,1.975,mm,OK,--,10:57:59 PM,7/10/2026,
540,43.8,gf,1.980,mm,OK,--,10:57:59 PM,7/10/2026,
541,43.9,gf,1.980,mm,OK,--,10:57:59 PM,7/10/2026,
542,43.9,gf,1.985,mm,OK,--,10:57:59 PM,7/10/2026,
543,43.9,gf,1.990,mm,OK,--,10:57:59 PM,7/10/2026,
544,43.9,gf,1.990,mm,OK,--,10:57:59 PM,7/10/2026,
545,44.0,gf,1.990,mm,OK,--,10:57:59 PM,7/10/2026,
546,44.0,gf,1.995,mm,OK,--,10:57:59 PM,7/10/2026,
547,44.1,gf,1.995,mm,OK,--,10:57:59 PM,7/10/2026,
548,44.1,gf,2.000,mm,OK,--,10:57:59 PM,7/10/2026,
549,44.2,gf,2.000,mm,OK,--,10:58:00 PM,7/10/2026,
550,44.2,gf,2.005,mm,OK,--,10:58:00 PM,7/10/2026,
551,44.2,gf,2.005,mm,OK,--,10:58:00 PM,7/10/2026,
552,44.2,gf,2.010,mm,OK,--,10:58:00 PM,7/10/2026,
553,44.2,gf,2.010,mm,OK,--,10:58:00 PM,7/10/2026,
554,44.2,gf,2.015,mm,OK,--,10:58:00 PM,7/10/2026,
555,44.2,gf,2.020,mm,OK,--,10:58:00 PM,7/10/2026,
556,44.2,gf,2.020,mm,OK,--,10:58:00 PM,7/10/2026,
557,44.3,gf,2.025,mm,OK,--,10:58:00 PM,7/10/2026,
558,44.3,gf,2.030,mm,OK,--,10:58:00 PM,7/10/2026,
559,44.3,gf,2.035,mm,OK,--,10:58:01 PM,7/10/2026,
560,44.3,gf,2.040,mm,OK,--,10:58:01 PM,7/10/2026,
561,44.3,gf,2.040,mm,OK,--,10:58:01 PM,7/10/2026,
562,44.3,gf,2.045,mm,OK,--,10:58:01 PM,7/10/2026,
563,44.3,gf,2.050,mm,OK,--,10:58:01 PM,7/10/2026,
564,44.4,gf,2.055,mm,OK,--,10:58:01 PM,7/10/2026,
565,44.5,gf,2.055,mm,OK,--,10:58:01 PM,7/10/2026,
566,44.6,gf,2.060,mm,OK,--,10:58:01 PM,7/10/2026,
567,44.6,gf,2.065,mm,OK,--,10:58:01 PM,7/10/2026,
568,44.7,gf,2.070,mm,OK,--,10:58:01 PM,7/10/2026,
569,44.7,gf,2.070,mm,OK,--,10:58:02 PM,7/10/2026,
570,44.7,gf,2.075,mm,OK,--,10:58:02 PM,7/10/2026,
571,44.8,gf,2.080,mm,OK,--,10:58:02 PM,7/10/2026,
572,44.8,gf,2.080,mm,OK,--,10:58:02 PM,7/10/2026,
573,44.7,gf,2.085,mm,OK,--,10:58:02 PM,7/10/2026,
574,44.7,gf,2.090,mm,OK,--,10:58:02 PM,7/10/2026,
575,44.7,gf,2.095,mm,OK,--,10:58:02 PM,7/10/2026,
576,44.8,gf,2.095,mm,OK,--,10:58:02 PM,7/10/2026,
577,44.8,gf,2.100,mm,OK,--,10:58:02 PM,7/10/2026,
578,44.9,gf,2.105,mm,OK,--,10:58:02 PM,7/10/2026,
579,44.8,gf,2.105,mm,OK,--,10:58:03 PM,7/10/2026,
580,44.9,gf,2.110,mm,OK,--,10:58:03 PM,7/10/2026,
581,44.8,gf,2.115,mm,OK,--,10:58:03 PM,7/10/2026,
582,44.9,gf,2.120,mm,OK,--,10:58:03 PM,7/10/2026,
583,45.0,gf,2.125,mm,OK,--,10:58:03 PM,7/10/2026,
584,45.0,gf,2.130,mm,OK,--,10:58:03 PM,7/10/2026,
585,45.0,gf,2.135,mm,OK,--,10:58:03 PM,7/10/2026,
586,45.0,gf,2.140,mm,OK,--,10:58:03 PM,7/10/2026,
587,45.0,gf,2.145,mm,OK,--,10:58:03 PM,7/10/2026,
588,45.0,gf,2.150,mm,OK,--,10:58:03 PM,7/10/2026,
589,45.0,gf,2.160,mm,OK,--,10:58:04 PM,7/10/2026,
590,45.1,gf,2.165,mm,OK,--,10:58:04 PM,7/10/2026,
591,45.2,gf,2.175,mm,OK,--,10:58:04 PM,7/10/2026,
592,45.3,gf,2.180,mm,OK,--,10:58:04 PM,7/10/2026,
593,45.4,gf,2.190,mm,OK,--,10:58:04 PM,7/10/2026,
594,45.5,gf,2.200,mm,OK,--,10:58:04 PM,7/10/2026,
595,45.5,gf,2.205,mm,OK,--,10:58:04 PM,7/10/2026,
596,45.6,gf,2.210,mm,OK,--,10:58:04 PM,7/10/2026,
597,45.6,gf,2.215,mm,OK,--,10:58:04 PM,7/10/2026,
598,45.6,gf,2.220,mm,OK,--,10:58:04 PM,7/10/2026,
599,45.7,gf,2.225,mm,OK,--,10:58:05 PM,7/10/2026,
600,45.6,gf,2.230,mm,OK,--,10:58:05 PM,7/10/2026,
601,45.6,gf,2.230,mm,OK,--,10:58:05 PM,7/10/2026,
602,45.7,gf,2.235,mm,OK,--,10:58:05 PM,7/10/2026,
603,45.7,gf,2.235,mm,OK,--,10:58:05 PM,7/10/2026,
604,45.7,gf,2.240,mm,OK,--,10:58:05 PM,7/10/2026,
605,45.7,gf,2.245,mm,OK,--,10:58:05 PM,7/10/2026,
606,45.7,gf,2.245,mm,OK,--,10:58:05 PM,7/10/2026,
607,45.7,gf,2.250,mm,OK,--,10:58:05 PM,7/10/2026,
608,45.7,gf,2.250,mm,OK,--,10:58:05 PM,7/10/2026,
609,45.7,gf,2.255,mm,OK,--,10:58:06 PM,7/10/2026,
610,45.7,gf,2.260,mm,OK,--,10:58:06 PM,7/10/2026,
611,45.7,gf,2.260,mm,OK,--,10:58:06 PM,7/10/2026,
612,45.7,gf,2.265,mm,OK,--,10:58:06 PM,7/10/2026,
613,45.8,gf,2.270,mm,OK,--,10:58:06 PM,7/10/2026,
614,45.8,gf,2.275,mm,OK,--,10:58:06 PM,7/10/2026,
615,45.8,gf,2.280,mm,OK,--,10:58:06 PM,7/10/2026,
616,45.8,gf,2.285,mm,OK,--,10:58:06 PM,7/10/2026,
617,45.8,gf,2.290,mm,OK,--,10:58:06 PM,7/10/2026,
618,45.8,gf,2.290,mm,OK,--,10:58:06 PM,7/10/2026,
619,45.8,gf,2.295,mm,OK,--,10:58:07 PM,7/10/2026,
620,45.8,gf,2.305,mm,OK,--,10:58:07 PM,7/10/2026,
621,45.9,gf,2.310,mm,OK,--,10:58:07 PM,7/10/2026,
622,45.9,gf,2.315,mm,OK,--,10:58:07 PM,7/10/2026,
623,46.0,gf,2.325,mm,OK,--,10:58:07 PM,7/10/2026,
624,46.1,gf,2.335,mm,OK,--,10:58:07 PM,7/10/2026,
625,46.1,gf,2.345,mm,OK,--,10:58:07 PM,7/10/2026,
626,46.1,gf,2.355,mm,OK,--,10:58:07 PM,7/10/2026,
627,46.1,gf,2.370,mm,OK,--,10:58:07 PM,7/10/2026,
628,46.1,gf,2.375,mm,OK,--,10:58:07 PM,7/10/2026,
629,46.1,gf,2.380,mm,OK,--,10:58:08 PM,7/10/2026,
630,46.2,gf,2.385,mm,OK,--,10:58:08 PM,7/10/2026,
631,46.2,gf,2.390,mm,OK,--,10:58:08 PM,7/10/2026,
632,46.2,gf,2.395,mm,OK,--,10:58:08 PM,7/10/2026,
633,46.2,gf,2.400,mm,OK,--,10:58:08 PM,7/10/2026,
634,46.2,gf,2.400,mm,OK,--,10:58:08 PM,7/10/2026,
635,46.2,gf,2.405,mm,OK,--,10:58:08 PM,7/10/2026,
636,46.2,gf,2.410,mm,OK,--,10:58:08 PM,7/10/2026,
637,46.2,gf,2.415,mm,OK,--,10:58:08 PM,7/10/2026,
638,46.3,gf,2.415,mm,OK,--,10:58:08 PM,7/10/2026,
639,46.2,gf,2.420,mm,OK,--,10:58:09 PM,7/10/2026,
640,46.3,gf,2.425,mm,OK,--,10:58:09 PM,7/10/2026,
641,46.3,gf,2.430,mm,OK,--,10:58:09 PM,7/10/2026,
642,46.3,gf,2.435,mm,OK,--,10:58:09 PM,7/10/2026,
643,46.3,gf,2.440,mm,OK,--,10:58:09 PM,7/10/2026,
644,46.3,gf,2.445,mm,OK,--,10:58:09 PM,7/10/2026,
645,46.3,gf,2.450,mm,OK,--,10:58:09 PM,7/10/2026,
646,46.3,gf,2.450,mm,OK,--,10:58:09 PM,7/10/2026,
647,46.3,gf,2.455,mm,OK,--,10:58:09 PM,7/10/2026,
648,46.3,gf,2.455,mm,OK,--,10:58:09 PM,7/10/2026,
649,46.3,gf,2.455,mm,OK,--,10:58:10 PM,7/10/2026,
650,46.4,gf,2.460,mm,OK,--,10:58:10 PM,7/10/2026,
651,46.4,gf,2.460,mm,OK,--,10:58:10 PM,7/10/2026,
652,46.4,gf,2.465,mm,OK,--,10:58:10 PM,7/10/2026,
653,46.4,gf,2.465,mm,OK,--,10:58:10 PM,7/10/2026,
654,46.4,gf,2.470,mm,OK,--,10:58:10 PM,7/10/2026,
655,46.4,gf,2.470,mm,OK,--,10:58:10 PM,7/10/2026,
656,46.4,gf,2.475,mm,OK,--,10:58:10 PM,7/10/2026,
657,46.4,gf,2.475,mm,OK,--,10:58:10 PM,7/10/2026,
658,46.4,gf,2.480,mm,OK,--,10:58:10 PM,7/10/2026,
659,46.4,gf,2.485,mm,OK,--,10:58:11 PM,7/10/2026,
660,46.5,gf,2.490,mm,OK,--,10:58:11 PM,7/10/2026,
661,46.5,gf,2.495,mm,OK,--,10:58:11 PM,7/10/2026,
662,46.5,gf,2.495,mm,OK,--,10:58:11 PM,7/10/2026,
663,46.5,gf,2.500,mm,OK,--,10:58:11 PM,7/10/2026,
664,46.5,gf,2.505,mm,OK,--,10:58:11 PM,7/10/2026,
665,46.5,gf,2.510,mm,OK,--,10:58:11 PM,7/10/2026,
666,46.6,gf,2.515,mm,OK,--,10:58:11 PM,7/10/2026,
667,46.6,gf,2.520,mm,OK,--,10:58:11 PM,7/10/2026,
668,46.6,gf,2.520,mm,OK,--,10:58:11 PM,7/10/2026,
669,46.6,gf,2.525,mm,OK,--,10:58:12 PM,7/10/2026,
670,46.6,gf,2.525,mm,OK,--,10:58:12 PM,7/10/2026,
671,46.6,gf,2.530,mm,OK,--,10:58:12 PM,7/10/2026,
672,46.6,gf,2.530,mm,OK,--,10:58:12 PM,7/10/2026,
673,46.6,gf,2.535,mm,OK,--,10:58:12 PM,7/10/2026,
674,46.6,gf,2.540,mm,OK,--,10:58:12 PM,7/10/2026,
675,46.6,gf,2.540,mm,OK,--,10:58:12 PM,7/10/2026,
676,46.7,gf,2.545,mm,OK,--,10:58:12 PM,7/10/2026,
677,46.7,gf,2.545,mm,OK,--,10:58:12 PM,7/10/2026,
678,46.7,gf,2.550,mm,OK,--,10:58:12 PM,7/10/2026,
679,46.6,gf,2.550,mm,OK,--,10:58:13 PM,7/10/2026,
680,46.7,gf,2.555,mm,OK,--,10:58:13 PM,7/10/2026,
681,46.7,gf,2.555,mm,OK,--,10:58:13 PM,7/10/2026,
682,46.7,gf,2.560,mm,OK,--,10:58:13 PM,7/10/2026,
683,46.7,gf,2.560,mm,OK,--,10:58:13 PM,7/10/2026,
684,46.7,gf,2.565,mm,OK,--,10:58:13 PM,7/10/2026,
685,46.7,gf,2.565,mm,OK,--,10:58:13 PM,7/10/2026,
686,46.7,gf,2.570,mm,OK,--,10:58:13 PM,7/10/2026,
687,46.8,gf,2.575,mm,OK,--,10:58:13 PM,7/10/2026,
688,46.8,gf,2.580,mm,OK,--,10:58:13 PM,7/10/2026,
689,46.8,gf,2.585,mm,OK,--,10:58:14 PM,7/10/2026,
690,46.8,gf,2.590,mm,OK,--,10:58:14 PM,7/10/2026,
691,46.8,gf,2.595,mm,OK,--,10:58:14 PM,7/10/2026,
692,46.8,gf,2.600,mm,OK,--,10:58:14 PM,7/10/2026,
693,46.8,gf,2.600,mm,OK,--,10:58:14 PM,7/10/2026,
694,46.9,gf,2.605,mm,OK,--,10:58:14 PM,7/10/2026,
695,46.9,gf,2.610,mm,OK,--,10:58:14 PM,7/10/2026,
696,46.9,gf,2.615,mm,OK,--,10:58:14 PM,7/10/2026,
697,46.9,gf,2.620,mm,OK,--,10:58:14 PM,7/10/2026,
698,46.9,gf,2.625,mm,OK,--,10:58:14 PM,7/10/2026,
699,46.9,gf,2.630,mm,OK,--,10:58:15 PM,7/10/2026,
700,47.0,gf,2.635,mm,OK,--,10:58:15 PM,7/10/2026,
701,47.0,gf,2.635,mm,OK,--,10:58:15 PM,7/10/2026,
702,47.0,gf,2.640,mm,OK,--,10:58:15 PM,7/10/2026,
703,47.0,gf,2.650,mm,OK,--,10:58:15 PM,7/10/2026,
704,47.1,gf,2.655,mm,OK,--,10:58:15 PM,7/10/2026,
705,47.1,gf,2.665,mm,OK,--,10:58:15 PM,7/10/2026,
706,47.1,gf,2.670,mm,OK,--,10:58:15 PM,7/10/2026,
707,47.2,gf,2.675,mm,OK,--,10:58:15 PM,7/10/2026,
708,47.2,gf,2.685,mm,OK,--,10:58:15 PM,7/10/2026,
709,47.2,gf,2.690,mm,OK,--,10:58:16 PM,7/10/2026,
710,47.2,gf,2.700,mm,OK,--,10:58:16 PM,7/10/2026,
711,47.2,gf,2.710,mm,OK,--,10:58:16 PM,7/10/2026,
712,47.3,gf,2.715,mm,OK,--,10:58:16 PM,7/10/2026,
713,47.3,gf,2.725,mm,OK,--,10:58:16 PM,7/10/2026,
714,47.3,gf,2.735,mm,OK,--,10:58:16 PM,7/10/2026,
715,47.4,gf,2.740,mm,OK,--,10:58:16 PM,7/10/2026,
716,47.4,gf,2.750,mm,OK,--,10:58:16 PM,7/10/2026,
717,47.4,gf,2.760,mm,OK,--,10:58:16 PM,7/10/2026,
718,47.5,gf,2.765,mm,OK,--,10:58:16 PM,7/10/2026,
719,47.5,gf,2.770,mm,OK,--,10:58:17 PM,7/10/2026,
720,47.5,gf,2.780,mm,OK,--,10:58:17 PM,7/10/2026,
721,47.5,gf,2.785,mm,OK,--,10:58:17 PM,7/10/2026,
722,47.6,gf,2.795,mm,OK,--,10:58:17 PM,7/10/2026,
723,47.6,gf,2.800,mm,OK,--,10:58:17 PM,7/10/2026,
724,47.7,gf,2.810,mm,OK,--,10:58:17 PM,7/10/2026,
725,47.7,gf,2.820,mm,OK,--,10:58:17 PM,7/10/2026,
726,47.7,gf,2.825,mm,OK,--,10:58:17 PM,7/10/2026,
727,47.8,gf,2.835,mm,OK,--,10:58:17 PM,7/10/2026,
728,47.8,gf,2.840,mm,OK,--,10:58:17 PM,7/10/2026,
729,47.8,gf,2.845,mm,OK,--,10:58:18 PM,7/10/2026,
730,47.8,gf,2.850,mm,OK,--,10:58:18 PM,7/10/2026,
731,47.9,gf,2.860,mm,OK,--,10:58:18 PM,7/10/2026,
732,47.9,gf,2.865,mm,OK,--,10:58:18 PM,7/10/2026,
733,47.9,gf,2.875,mm,OK,--,10:58:18 PM,7/10/2026,
734,47.9,gf,2.880,mm,OK,--,10:58:18 PM,7/10/2026,
735,48.0,gf,2.890,mm,OK,--,10:58:18 PM,7/10/2026,
736,48.0,gf,2.895,mm,OK,--,10:58:18 PM,7/10/2026,
737,48.0,gf,2.900,mm,OK,--,10:58:18 PM,7/10/2026,
738,48.0,gf,2.905,mm,OK,--,10:58:18 PM,7/10/2026,
739,48.1,gf,2.915,mm,OK,--,10:58:19 PM,7/10/2026,
740,48.1,gf,2.920,mm,OK,--,10:58:19 PM,7/10/2026,
741,48.2,gf,2.930,mm,OK,--,10:58:19 PM,7/10/2026,
742,48.2,gf,2.935,mm,OK,--,10:58:19 PM,7/10/2026,
743,48.2,gf,2.945,mm,OK,--,10:58:19 PM,7/10/2026,
744,48.3,gf,2.955,mm,OK,--,10:58:19 PM,7/10/2026,
745,48.3,gf,2.970,mm,OK,--,10:58:19 PM,7/10/2026,
746,48.4,gf,2.980,mm,OK,--,10:58:19 PM,7/10/2026,
747,48.4,gf,2.990,mm,OK,--,10:58:19 PM,7/10/2026,
748,48.4,gf,2.995,mm,OK,--,10:58:19 PM,7/10/2026,
749,48.5,gf,3.005,mm,OK,--,10:58:20 PM,7/10/2026,
750,48.4,gf,3.010,mm,OK,--,10:58:20 PM,7/10/2026,
751,48.5,gf,3.015,mm,OK,--,10:58:20 PM,7/10/2026,
752,48.5,gf,3.020,mm,OK,--,10:58:20 PM,7/10/2026,
753,48.5,gf,3.025,mm,OK,--,10:58:20 PM,7/10/2026,
754,48.6,gf,3.030,mm,OK,--,10:58:20 PM,7/10/2026,
755,48.5,gf,3.030,mm,OK,--,10:58:20 PM,7/10/2026,
756,48.6,gf,3.035,mm,OK,--,10:58:20 PM,7/10/2026,
757,48.6,gf,3.040,mm,OK,--,10:58:20 PM,7/10/2026,
758,48.6,gf,3.045,mm,OK,--,10:58:20 PM,7/10/2026,
759,48.6,gf,3.050,mm,OK,--,10:58:21 PM,7/10/2026,
760,48.6,gf,3.055,mm,OK,--,10:58:21 PM,7/10/2026,
761,48.6,gf,3.055,mm,OK,--,10:58:21 PM,7/10/2026,
762,48.6,gf,3.060,mm,OK,--,10:58:21 PM,7/10/2026,
763,48.6,gf,3.065,mm,OK,--,10:58:21 PM,7/10/2026,
764,48.6,gf,3.065,mm,OK,--,10:58:21 PM,7/10/2026,
765,48.7,gf,3.075,mm,OK,--,10:58:21 PM,7/10/2026,
766,48.8,gf,3.085,mm,OK,--,10:58:21 PM,7/10/2026,
767,48.8,gf,3.090,mm,OK,--,10:58:21 PM,7/10/2026,
768,48.8,gf,3.095,mm,OK,--,10:58:21 PM,7/10/2026,
769,48.8,gf,3.100,mm,OK,--,10:58:22 PM,7/10/2026,
770,48.8,gf,3.100,mm,OK,--,10:58:22 PM,7/10/2026,
771,48.8,gf,3.105,mm,OK,--,10:58:22 PM,7/10/2026,
772,48.9,gf,3.110,mm,OK,--,10:58:22 PM,7/10/2026,
773,48.8,gf,3.110,mm,OK,--,10:58:22 PM,7/10/2026,
774,48.8,gf,3.115,mm,OK,--,10:58:22 PM,7/10/2026,
775,48.9,gf,3.120,mm,OK,--,10:58:22 PM,7/10/2026,
776,48.9,gf,3.120,mm,OK,--,10:58:22 PM,7/10/2026,
777,48.9,gf,3.125,mm,OK,--,10:58:22 PM,7/10/2026,
778,49.0,gf,3.135,mm,OK,--,10:58:22 PM,7/10/2026,
779,48.9,gf,3.140,mm,OK,--,10:58:23 PM,7/10/2026,
780,49.0,gf,3.145,mm,OK,--,10:58:23 PM,7/10/2026,
781,49.0,gf,3.145,mm,OK,--,10:58:23 PM,7/10/2026,
782,49.0,gf,3.150,mm,OK,--,10:58:23 PM,7/10/2026,
783,49.0,gf,3.155,mm,OK,--,10:58:23 PM,7/10/2026,
784,49.0,gf,3.160,mm,OK,--,10:58:23 PM,7/10/2026,
785,49.0,gf,3.160,mm,OK,--,10:58:23 PM,7/10/2026,
786,49.1,gf,3.165,mm,OK,--,10:58:23 PM,7/10/2026,
787,49.1,gf,3.165,mm,OK,--,10:58:23 PM,7/10/2026,
788,49.1,gf,3.170,mm,OK,--,10:58:23 PM,7/10/2026,
789,49.1,gf,3.175,mm,OK,--,10:58:24 PM,7/10/2026,
790,49.1,gf,3.185,mm,OK,--,10:58:24 PM,7/10/2026,
791,49.1,gf,3.190,mm,OK,--,10:58:24 PM,7/10/2026,
792,49.1,gf,3.195,mm,OK,--,10:58:24 PM,7/10/2026,
793,49.1,gf,3.200,mm,OK,--,10:58:24 PM,7/10/2026,
794,49.2,gf,3.200,mm,OK,--,10:58:24 PM,7/10/2026,
795,49.2,gf,3.205,mm,OK,--,10:58:24 PM,7/10/2026,
796,49.2,gf,3.210,mm,OK,--,10:58:24 PM,7/10/2026,
797,49.2,gf,3.215,mm,OK,--,10:58:24 PM,7/10/2026,
798,49.2,gf,3.220,mm,OK,--,10:58:24 PM,7/10/2026,
799,49.2,gf,3.220,mm,OK,--,10:58:25 PM,7/10/2026,
800,49.2,gf,3.225,mm,OK,--,10:58:25 PM,7/10/2026,
801,49.2,gf,3.230,mm,OK,--,10:58:25 PM,7/10/2026,
802,49.3,gf,3.230,mm,OK,--,10:58:25 PM,7/10/2026,
803,49.3,gf,3.235,mm,OK,--,10:58:25 PM,7/10/2026,
804,49.3,gf,3.240,mm,OK,--,10:58:25 PM,7/10/2026,
805,49.3,gf,3.240,mm,OK,--,10:58:25 PM,7/10/2026,
806,49.4,gf,3.245,mm,OK,--,10:58:25 PM,7/10/2026,
807,49.4,gf,3.250,mm,OK,--,10:58:25 PM,7/10/2026,
808,49.4,gf,3.255,mm,OK,--,10:58:25 PM,7/10/2026,
809,49.4,gf,3.255,mm,OK,--,10:58:26 PM,7/10/2026,
810,49.4,gf,3.260,mm,OK,--,10:58:26 PM,7/10/2026,
811,49.4,gf,3.265,mm,OK,--,10:58:26 PM,7/10/2026,
812,49.5,gf,3.270,mm,OK,--,10:58:26 PM,7/10/2026,
813,49.5,gf,3.270,mm,OK,--,10:58:26 PM,7/10/2026,
814,49.5,gf,3.275,mm,OK,--,10:58:26 PM,7/10/2026,
815,49.5,gf,3.280,mm,OK,--,10:58:26 PM,7/10/2026,
816,49.6,gf,3.280,mm,OK,--,10:58:26 PM,7/10/2026,
817,49.6,gf,3.285,mm,OK,--,10:58:26 PM,7/10/2026,
818,49.8,gf,3.290,mm,OK,--,10:58:26 PM,7/10/2026,
819,50.1,gf,3.295,mm,OK,--,10:58:27 PM,7/10/2026,
820,50.6,gf,3.295,mm,OK,--,10:58:27 PM,7/10/2026,
821,51.4,gf,3.300,mm,OK,--,10:58:27 PM,7/10/2026,
822,52.2,gf,3.305,mm,OK,--,10:58:27 PM,7/10/2026,
823,53.0,gf,3.310,mm,OK,--,10:58:27 PM,7/10/2026,
824,53.5,gf,3.315,mm,OK,--,10:58:27 PM,7/10/2026,
825,54.1,gf,3.320,mm,OK,--,10:58:27 PM,7/10/2026,
826,54.7,gf,3.325,mm,OK,--,10:58:27 PM,7/10/2026,
827,55.3,gf,3.325,mm,OK,--,10:58:27 PM,7/10/2026,
828,56.0,gf,3.330,mm,OK,--,10:58:27 PM,7/10/2026,
829,56.6,gf,3.335,mm,OK,--,10:58:28 PM,7/10/2026,
830,56.9,gf,3.335,mm,OK,--,10:58:28 PM,7/10/2026,
831,57.4,gf,3.340,mm,OK,--,10:58:28 PM,7/10/2026,
832,58.0,gf,3.340,mm,OK,--,10:58:28 PM,7/10/2026,
833,58.4,gf,3.345,mm,OK,--,10:58:28 PM,7/10/2026,
834,59.0,gf,3.345,mm,OK,--,10:58:28 PM,7/10/2026,
835,59.5,gf,3.345,mm,OK,--,10:58:28 PM,7/10/2026,
836,60.0,gf,3.350,mm,OK,--,10:58:28 PM,7/10/2026,
837,60.4,gf,3.350,mm,OK,--,10:58:28 PM,7/10/2026,
838,61.2,gf,3.355,mm,OK,--,10:58:28 PM,7/10/2026,
839,62.3,gf,3.360,mm,OK,--,10:58:29 PM,7/10/2026,
840,63.1,gf,3.360,mm,OK,--,10:58:29 PM,7/10/2026,
841,63.5,gf,3.365,mm,OK,--,10:58:29 PM,7/10/2026,
842,64.0,gf,3.365,mm,OK,--,10:58:29 PM,7/10/2026,
843,64.5,gf,3.370,mm,OK,--,10:58:29 PM,7/10/2026,
844,65.2,gf,3.370,mm,OK,--,10:58:29 PM,7/10/2026,
845,65.7,gf,3.375,mm,OK,--,10:58:29 PM,7/10/2026,
846,66.1,gf,3.375,mm,OK,--,10:58:29 PM,7/10/2026,
847,66.5,gf,3.375,mm,OK,--,10:58:29 PM,7/10/2026,
848,67.0,gf,3.380,mm,OK,--,10:58:29 PM,7/10/2026,
849,67.4,gf,3.380,mm,OK,--,10:58:30 PM,7/10/2026,
850,67.9,gf,3.380,mm,OK,--,10:58:30 PM,7/10/2026,
851,68.4,gf,3.385,mm,OK,--,10:58:30 PM,7/10/2026,
852,68.7,gf,3.385,mm,OK,--,10:58:30 PM,7/10/2026,
853,69.2,gf,3.385,mm,OK,--,10:58:30 PM,7/10/2026,
854,70.1,gf,3.390,mm,OK,--,10:58:30 PM,7/10/2026,
855,71.2,gf,3.390,mm,OK,--,10:58:30 PM,7/10/2026,
856,71.9,gf,3.395,mm,OK,--,10:58:30 PM,7/10/2026,
857,72.2,gf,3.395,mm,OK,--,10:58:30 PM,7/10/2026,
858,72.5,gf,3.395,mm,OK,--,10:58:30 PM,7/10/2026,
859,73.0,gf,3.400,mm,OK,--,10:58:31 PM,7/10/2026,
860,73.8,gf,3.400,mm,OK,--,10:58:31 PM,7/10/2026,
861,74.6,gf,3.405,mm,OK,--,10:58:31 PM,7/10/2026,
862,75.3,gf,3.405,mm,OK,--,10:58:31 PM,7/10/2026,
863,76.1,gf,3.405,mm,OK,--,10:58:31 PM,7/10/2026,
864,76.9,gf,3.410,mm,OK,--,10:58:31 PM,7/10/2026,
865,77.3,gf,3.410,mm,OK,--,10:58:31 PM,7/10/2026,
866,78.1,gf,3.415,mm,OK,--,10:58:31 PM,7/10/2026,
867,79.0,gf,3.415,mm,OK,--,10:58:31 PM,7/10/2026,
868,79.8,gf,3.420,mm,OK,--,10:58:31 PM,7/10/2026,
869,80.9,gf,3.420,mm,OK,--,10:58:32 PM,7/10/2026,
870,82.1,gf,3.425,mm,OK,--,10:58:32 PM,7/10/2026,
871,83.0,gf,3.425,mm,OK,--,10:58:32 PM,7/10/2026,
872,83.8,gf,3.430,mm,OK,--,10:58:32 PM,7/10/2026,
873,84.7,gf,3.430,mm,OK,--,10:58:32 PM,7/10/2026,
874,85.6,gf,3.435,mm,OK,--,10:58:32 PM,7/10/2026,
875,86.6,gf,3.440,mm,OK,--,10:58:32 PM,7/10/2026,
876,87.5,gf,3.440,mm,OK,--,10:58:32 PM,7/10/2026,
877,88.0,gf,3.440,mm,OK,--,10:58:32 PM,7/10/2026,
878,88.4,gf,3.445,mm,OK,--,10:58:32 PM,7/10/2026,
879,88.9,gf,3.445,mm,OK,--,10:58:33 PM,7/10/2026,
880,89.3,gf,3.450,mm,OK,--,10:58:33 PM,7/10/2026,
881,89.9,gf,3.450,mm,OK,--,10:58:33 PM,7/10/2026,
882,90.8,gf,3.450,mm,OK,--,10:58:33 PM,7/10/2026,
883,91.4,gf,3.455,mm,OK,--,10:58:33 PM,7/10/2026,
884,92.0,gf,3.455,mm,OK,--,10:58:33 PM,7/10/2026,
885,92.5,gf,3.460,mm,OK,--,10:58:33 PM,7/10/2026,
886,93.0,gf,3.460,mm,OK,--,10:58:33 PM,7/10/2026,
887,93.5,gf,3.460,mm,OK,--,10:58:33 PM,7/10/2026,
888,94.4,gf,3.465,mm,OK,--,10:58:33 PM,7/10/2026,
889,95.6,gf,3.465,mm,OK,--,10:58:34 PM,7/10/2026,
890,96.3,gf,3.470,mm,OK,--,10:58:34 PM,7/10/2026,
891,96.8,gf,3.470,mm,OK,--,10:58:34 PM,7/10/2026,
892,97.1,gf,3.475,mm,OK,--,10:58:34 PM,7/10/2026,
893,97.7,gf,3.475,mm,OK,--,10:58:34 PM,7/10/2026,
894,98.4,gf,3.475,mm,OK,--,10:58:34 PM,7/10/2026,
895,99.1,gf,3.480,mm,OK,--,10:58:34 PM,7/10/2026,
896,99.7,gf,3.480,mm,OK,--,10:58:34 PM,7/10/2026,
897,100.3,gf,3.480,mm,OK,--,10:58:34 PM,7/10/2026,
898,100.9,gf,3.485,mm,OK,--,10:58:34 PM,7/10/2026,
899,101.4,gf,3.485,mm,OK,--,10:58:35 PM,7/10/2026,
900,102.3,gf,3.490,mm,OK,--,10:58:35 PM,7/10/2026,
901,103.3,gf,3.490,mm,OK,--,10:58:35 PM,7/10/2026,
902,104.1,gf,3.495,mm,OK,--,10:58:35 PM,7/10/2026,
903,104.7,gf,3.495,mm,OK,--,10:58:35 PM,7/10/2026,
904,104.9,gf,3.495,mm,OK,--,10:58:35 PM,7/10/2026,
905,105.3,gf,3.495,mm,OK,--,10:58:35 PM,7/10/2026,
906,105.9,gf,3.500,mm,OK,--,10:58:35 PM,7/10/2026,
907,106.7,gf,3.500,mm,OK,--,10:58:35 PM,7/10/2026,
908,107.5,gf,3.505,mm,OK,--,10:58:35 PM,7/10/2026,
909,108.4,gf,3.505,mm,OK,--,10:58:36 PM,7/10/2026,
910,109.2,gf,3.505,mm,OK,--,10:58:36 PM,7/10/2026,
911,109.7,gf,3.510,mm,OK,--,10:58:36 PM,7/10/2026,
912,110.2,gf,3.510,mm,OK,--,10:58:36 PM,7/10/2026,
913,110.7,gf,3.510,mm,OK,--,10:58:36 PM,7/10/2026,
914,111.3,gf,3.515,mm,OK,--,10:58:36 PM,7/10/2026,
915,112.0,gf,3.515,mm,OK,--,10:58:36 PM,7/10/2026,
916,113.0,gf,3.520,mm,OK,--,10:58:36 PM,7/10/2026,
917,113.7,gf,3.520,mm,OK,--,10:58:36 PM,7/10/2026,
918,114.2,gf,3.520,mm,OK,--,10:58:36 PM,7/10/2026,
919,114.4,gf,3.525,mm,OK,--,10:58:37 PM,7/10/2026,
920,114.6,gf,3.525,mm,OK,--,10:58:37 PM,7/10/2026,
921,115.0,gf,3.525,mm,OK,--,10:58:37 PM,7/10/2026,
922,115.2,gf,3.525,mm,OK,--,10:58:37 PM,7/10/2026,
923,115.3,gf,3.525,mm,OK,--,10:58:37 PM,7/10/2026,
924,115.5,gf,3.530,mm,OK,--,10:58:37 PM,7/10/2026,
925,115.7,gf,3.530,mm,OK,--,10:58:37 PM,7/10/2026,
926,116.0,gf,3.530,mm,OK,--,10:58:37 PM,7/10/2026,
927,116.3,gf,3.530,mm,OK,--,10:58:37 PM,7/10/2026,
928,116.6,gf,3.535,mm,OK,--,10:58:37 PM,7/10/2026,
929,116.9,gf,3.535,mm,OK,--,10:58:38 PM,7/10/2026,
930,117.1,gf,3.535,mm,OK,--,10:58:38 PM,7/10/2026,
931,117.5,gf,3.535,mm,OK,--,10:58:38 PM,7/10/2026,
932,118.0,gf,3.535,mm,OK,--,10:58:38 PM,7/10/2026,
933,118.4,gf,3.540,mm,OK,--,10:58:38 PM,7/10/2026,
934,118.6,gf,3.540,mm,OK,--,10:58:38 PM,7/10/2026,
935,118.7,gf,3.540,mm,OK,--,10:58:38 PM,7/10/2026,
936,119.1,gf,3.540,mm,OK,--,10:58:38 PM,7/10/2026,
937,119.5,gf,3.540,mm,OK,--,10:58:38 PM,7/10/2026,
938,120.1,gf,3.545,mm,OK,--,10:58:38 PM,7/10/2026,
939,120.5,gf,3.545,mm,OK,--,10:58:39 PM,7/10/2026,
940,121.0,gf,3.545,mm,OK,--,10:58:39 PM,7/10/2026,
941,121.6,gf,3.545,mm,OK,--,10:58:39 PM,7/10/2026,
942,122.3,gf,3.550,mm,OK,--,10:58:39 PM,7/10/2026,
943,123.0,gf,3.550,mm,OK,--,10:58:39 PM,7/10/2026,
944,123.8,gf,3.550,mm,OK,--,10:58:39 PM,7/10/2026,
945,124.6,gf,3.555,mm,OK,--,10:58:39 PM,7/10/2026,
946,125.3,gf,3.555,mm,OK,--,10:58:39 PM,7/10/2026,
947,126.0,gf,3.555,mm,OK,--,10:58:39 PM,7/10/2026,
948,126.7,gf,3.560,mm,OK,--,10:58:39 PM,7/10/2026,
949,127.3,gf,3.560,mm,OK,--,10:58:40 PM,7/10/2026,
950,127.9,gf,3.560,mm,OK,--,10:58:40 PM,7/10/2026,
951,128.2,gf,3.565,mm,OK,--,10:58:40 PM,7/10/2026,
952,128.5,gf,3.565,mm,OK,--,10:58:40 PM,7/10/2026,
953,128.8,gf,3.565,mm,OK,--,10:58:40 PM,7/10/2026,
954,129.3,gf,3.565,mm,OK,--,10:58:40 PM,7/10/2026,
955,129.5,gf,3.570,mm,OK,--,10:58:40 PM,7/10/2026,
956,129.6,gf,3.570,mm,OK,--,10:58:40 PM,7/10/2026,
957,129.7,gf,3.570,mm,OK,--,10:58:40 PM,7/10/2026,
958,130.0,gf,3.570,mm,OK,--,10:58:40 PM,7/10/2026,
959,130.3,gf,3.570,mm,OK,--,10:58:41 PM,7/10/2026,
960,130.9,gf,3.570,mm,OK,--,10:58:41 PM,7/10/2026,
961,131.6,gf,3.575,mm,OK,--,10:58:41 PM,7/10/2026,
962,132.2,gf,3.575,mm,OK,--,10:58:41 PM,7/10/2026,
963,133.0,gf,3.575,mm,OK,--,10:58:41 PM,7/10/2026,
964,133.7,gf,3.580,mm,OK,--,10:58:41 PM,7/10/2026,
965,134.3,gf,3.580,mm,OK,--,10:58:41 PM,7/10/2026,
966,134.9,gf,3.580,mm,OK,--,10:58:41 PM,7/10/2026,
967,135.6,gf,3.585,mm,OK,--,10:58:41 PM,7/10/2026,
968,136.6,gf,3.585,mm,OK,--,10:58:41 PM,7/10/2026,
969,137.7,gf,3.585,mm,OK,--,10:58:42 PM,7/10/2026,
970,138.9,gf,3.590,mm,OK,--,10:58:42 PM,7/10/2026,
971,140.0,gf,3.590,mm,OK,--,10:58:42 PM,7/10/2026,
972,141.3,gf,3.595,mm,OK,--,10:58:42 PM,7/10/2026,
973,142.8,gf,3.600,mm,OK,--,10:58:42 PM,7/10/2026,
974,144.4,gf,3.600,mm,OK,--,10:58:42 PM,7/10/2026,
975,146.3,gf,3.605,mm,OK,--,10:58:42 PM,7/10/2026,
976,148.1,gf,3.610,mm,OK,--,10:58:42 PM,7/10/2026,
977,149.3,gf,3.610,mm,OK,--,10:58:42 PM,7/10/2026,
978,150.6,gf,3.615,mm,OK,--,10:58:42 PM,7/10/2026,
979,152.3,gf,3.620,mm,OK,--,10:58:43 PM,7/10/2026,
980,154.4,gf,3.625,mm,OK,--,10:58:43 PM,7/10/2026,
981,156.1,gf,3.625,mm,OK,--,10:58:43 PM,7/10/2026,
982,157.8,gf,3.630,mm,OK,--,10:58:43 PM,7/10/2026,
983,159.2,gf,3.635,mm,OK,--,10:58:43 PM,7/10/2026,
984,160.7,gf,3.640,mm,OK,--,10:58:43 PM,7/10/2026,
985,162.0,gf,3.640,mm,OK,--,10:58:43 PM,7/10/2026,
986,163.3,gf,3.645,mm,OK,--,10:58:43 PM,7/10/2026,
987,164.4,gf,3.645,mm,OK,--,10:58:43 PM,7/10/2026,
988,165.6,gf,3.650,mm,OK,--,10:58:43 PM,7/10/2026,
989,167.3,gf,3.655,mm,OK,--,10:58:44 PM,7/10/2026,
990,168.9,gf,3.655,mm,OK,--,10:58:44 PM,7/10/2026,
991,170.5,gf,3.660,mm,OK,--,10:58:44 PM,7/10/2026,
992,171.7,gf,3.660,mm,OK,--,10:58:44 PM,7/10/2026,
993,172.6,gf,3.665,mm,OK,--,10:58:44 PM,7/10/2026,
994,173.4,gf,3.665,mm,OK,--,10:58:44 PM,7/10/2026,
995,174.2,gf,3.670,mm,OK,--,10:58:44 PM,7/10/2026,
996,175.1,gf,3.670,mm,OK,--,10:58:44 PM,7/10/2026,
997,175.8,gf,3.675,mm,OK,--,10:58:44 PM,7/10/2026,
998,176.5,gf,3.675,mm,OK,--,10:58:44 PM,7/10/2026,
999,177.3,gf,3.675,mm,OK,--,10:58:45 PM,7/10/2026,
1000,178.1,gf,3.680,mm,OK,--,10:58:45 PM,7/10/2026,
1001,179.1,gf,3.680,mm,OK,--,10:58:45 PM,7/10/2026,
1002,180.4,gf,3.685,mm,OK,--,10:58:45 PM,7/10/2026,
1003,181.8,gf,3.685,mm,OK,--,10:58:45 PM,7/10/2026,
1004,183.7,gf,3.690,mm,OK,--,10:58:45 PM,7/10/2026,
1005,185.2,gf,3.695,mm,OK,--,10:58:45 PM,7/10/2026,
1006,186.7,gf,3.695,mm,OK,--,10:58:45 PM,7/10/2026,
1007,188.0,gf,3.700,mm,OK,--,10:58:45 PM,7/10/2026,
1008,188.7,gf,3.700,mm,OK,--,10:58:45 PM,7/10/2026,
1009,188.8,gf,3.700,mm,OK,--,10:58:46 PM,7/10/2026,
1010,189.1,gf,3.705,mm,OK,--,10:58:46 PM,7/10/2026,
1011,189.3,gf,3.705,mm,OK,--,10:58:46 PM,7/10/2026,
1012,189.7,gf,3.705,mm,OK,--,10:58:46 PM,7/10/2026,
1013,190.3,gf,3.705,mm,OK,--,10:58:46 PM,7/10/2026,
1014,190.4,gf,3.710,mm,OK,--,10:58:46 PM,7/10/2026,
1015,190.3,gf,3.710,mm,OK,--,10:58:46 PM,7/10/2026,
1016,189.8,gf,3.710,mm,OK,--,10:58:46 PM,7/10/2026,
1017,189.5,gf,3.710,mm,OK,--,10:58:46 PM,7/10/2026,
1018,189.1,gf,3.710,mm,OK,--,10:58:46 PM,7/10/2026,
1019,188.6,gf,3.710,mm,OK,--,10:58:47 PM,7/10/2026,
1020,188.2,gf,3.710,mm,OK,--,10:58:47 PM,7/10/2026,
1021,187.9,gf,3.710,mm,OK,--,10:58:47 PM,7/10/2026,
1022,187.7,gf,3.710,mm,OK,--,10:58:47 PM,7/10/2026,
1023,187.4,gf,3.710,mm,OK,--,10:58:47 PM,7/10/2026,
1024,187.1,gf,3.710,mm,OK,--,10:58:47 PM,7/10/2026,
1025,186.9,gf,3.710,mm,OK,--,10:58:47 PM,7/10/2026,
1026,186.7,gf,3.710,mm,OK,--,10:58:47 PM,7/10/2026,
1027,186.5,gf,3.710,mm,OK,--,10:58:47 PM,7/10/2026,
1028,186.4,gf,3.710,mm,OK,--,10:58:47 PM,7/10/2026,
1029,186.2,gf,3.710,mm,OK,--,10:58:48 PM,7/10/2026,
1030,186.0,gf,3.710,mm,OK,--,10:58:48 PM,7/10/2026,
1031,185.8,gf,3.710,mm,OK,--,10:58:48 PM,7/10/2026,
1032,185.7,gf,3.710,mm,OK,--,10:58:48 PM,7/10/2026,
1033,185.5,gf,3.710,mm,OK,--,10:58:48 PM,7/10/2026,
1034,185.1,gf,3.710,mm,OK,--,10:58:48 PM,7/10/2026,
1035,184.9,gf,3.710,mm,OK,--,10:58:48 PM,7/10/2026,
1036,184.7,gf,3.710,mm,OK,--,10:58:48 PM,7/10/2026,
1037,184.4,gf,3.710,mm,OK,--,10:58:48 PM,7/10/2026,
1038,184.1,gf,3.710,mm,OK,--,10:58:48 PM,7/10/2026,
1039,183.9,gf,3.710,mm,OK,--,10:58:49 PM,7/10/2026,
1040,183.5,gf,3.710,mm,OK,--,10:58:49 PM,7/10/2026,
1041,182.8,gf,3.710,mm,OK,--,10:58:49 PM,7/10/2026,
1042,182.5,gf,3.710,mm,OK,--,10:58:49 PM,7/10/2026,
1043,182.4,gf,3.710,mm,OK,--,10:58:49 PM,7/10/2026,
1044,182.3,gf,3.710,mm,OK,--,10:58:49 PM,7/10/2026,
1045,182.2,gf,3.710,mm,OK,--,10:58:49 PM,7/10/2026,
1046,182.1,gf,3.710,mm,OK,--,10:58:49 PM,7/10/2026,
1047,181.7,gf,3.710,mm,OK,--,10:58:49 PM,7/10/2026,
1048,180.9,gf,3.705,mm,OK,--,10:58:49 PM,7/10/2026,
1049,180.1,gf,3.705,mm,OK,--,10:58:50 PM,7/10/2026,
1050,179.0,gf,3.705,mm,OK,--,10:58:50 PM,7/10/2026,
1051,177.4,gf,3.705,mm,OK,--,10:58:50 PM,7/10/2026,
1052,175.9,gf,3.700,mm,OK,--,10:58:50 PM,7/10/2026,
1053,174.4,gf,3.700,mm,OK,--,10:58:50 PM,7/10/2026,
1054,173.5,gf,3.700,mm,OK,--,10:58:50 PM,7/10/2026,
1055,172.9,gf,3.695,mm,OK,--,10:58:50 PM,7/10/2026,
1056,172.0,gf,3.695,mm,OK,--,10:58:50 PM,7/10/2026,
1057,171.0,gf,3.695,mm,OK,--,10:58:50 PM,7/10/2026,
1058,170.1,gf,3.695,mm,OK,--,10:58:50 PM,7/10/2026,
1059,169.5,gf,3.690,mm,OK,--,10:58:51 PM,7/10/2026,
1060,168.9,gf,3.690,mm,OK,--,10:58:51 PM,7/10/2026,
1061,168.5,gf,3.690,mm,OK,--,10:58:51 PM,7/10/2026,
1062,168.0,gf,3.690,mm,OK,--,10:58:51 PM,7/10/2026,
1063,167.8,gf,3.690,mm,OK,--,10:58:51 PM,7/10/2026,
1064,167.5,gf,3.690,mm,OK,--,10:58:51 PM,7/10/2026,
1065,167.1,gf,3.690,mm,OK,--,10:58:51 PM,7/10/2026,
1066,166.4,gf,3.690,mm,OK,--,10:58:51 PM,7/10/2026,
1067,165.6,gf,3.685,mm,OK,--,10:58:51 PM,7/10/2026,
1068,164.8,gf,3.685,mm,OK,--,10:58:51 PM,7/10/2026,
1069,164.0,gf,3.685,mm,OK,--,10:58:52 PM,7/10/2026,
1070,163.3,gf,3.685,mm,OK,--,10:58:52 PM,7/10/2026,
1071,162.5,gf,3.685,mm,OK,--,10:58:52 PM,7/10/2026,
1072,161.7,gf,3.680,mm,OK,--,10:58:52 PM,7/10/2026,
1073,160.8,gf,3.680,mm,OK,--,10:58:52 PM,7/10/2026,
1074,159.9,gf,3.680,mm,OK,--,10:58:52 PM,7/10/2026,
1075,158.9,gf,3.680,mm,OK,--,10:58:52 PM,7/10/2026,
1076,157.8,gf,3.675,mm,OK,--,10:58:52 PM,7/10/2026,
1077,156.9,gf,3.675,mm,OK,--,10:58:52 PM,7/10/2026,
1078,156.2,gf,3.675,mm,OK,--,10:58:52 PM,7/10/2026,
1079,155.7,gf,3.675,mm,OK,--,10:58:53 PM,7/10/2026,
1080,155.3,gf,3.675,mm,OK,--,10:58:53 PM,7/10/2026,
1081,154.9,gf,3.675,mm,OK,--,10:58:53 PM,7/10/2026,
1082,154.6,gf,3.670,mm,OK,--,10:58:53 PM,7/10/2026,
1083,154.2,gf,3.670,mm,OK,--,10:58:53 PM,7/10/2026,
1084,153.6,gf,3.670,mm,OK,--,10:58:53 PM,7/10/2026,
1085,152.8,gf,3.670,mm,OK,--,10:58:53 PM,7/10/2026,
1086,151.9,gf,3.670,mm,OK,--,10:58:53 PM,7/10/2026,
1087,150.9,gf,3.665,mm,OK,--,10:58:53 PM,7/10/2026,
1088,149.8,gf,3.665,mm,OK,--,10:58:53 PM,7/10/2026,
1089,149.0,gf,3.665,mm,OK,--,10:58:54 PM,7/10/2026,
1090,148.3,gf,3.665,mm,OK,--,10:58:54 PM,7/10/2026,
1091,147.8,gf,3.660,mm,OK,--,10:58:54 PM,7/10/2026,
1092,147.3,gf,3.660,mm,OK,--,10:58:54 PM,7/10/2026,
1093,146.7,gf,3.660,mm,OK,--,10:58:54 PM,7/10/2026,
1094,145.9,gf,3.660,mm,OK,--,10:58:54 PM,7/10/2026,
1095,145.2,gf,3.660,mm,OK,--,10:58:54 PM,7/10/2026,
1096,144.4,gf,3.655,mm,OK,--,10:58:54 PM,7/10/2026,
1097,143.5,gf,3.655,mm,OK,--,10:58:54 PM,7/10/2026,
1098,142.7,gf,3.655,mm,OK,--,10:58:54 PM,7/10/2026,
1099,141.7,gf,3.655,mm,OK,--,10:58:55 PM,7/10/2026,
1100,140.5,gf,3.650,mm,OK,--,10:58:55 PM,7/10/2026,
1101,139.5,gf,3.650,mm,OK,--,10:58:55 PM,7/10/2026,
1102,138.6,gf,3.650,mm,OK,--,10:58:55 PM,7/10/2026,
1103,137.8,gf,3.650,mm,OK,--,10:58:55 PM,7/10/2026,
1104,136.5,gf,3.645,mm,OK,--,10:58:55 PM,7/10/2026,
1105,134.7,gf,3.645,mm,OK,--,10:58:55 PM,7/10/2026,
1106,133.1,gf,3.640,mm,OK,--,10:58:55 PM,7/10/2026,
1107,131.1,gf,3.640,mm,OK,--,10:58:55 PM,7/10/2026,
1108,128.6,gf,3.635,mm,OK,--,10:58:55 PM,7/10/2026,
1109,126.7,gf,3.630,mm,OK,--,10:58:56 PM,7/10/2026,
1110,124.4,gf,3.625,mm,OK,--,10:58:56 PM,7/10/2026,
1111,122.2,gf,3.625,mm,OK,--,10:58:56 PM,7/10/2026,
1112,120.1,gf,3.620,mm,OK,--,10:58:56 PM,7/10/2026,
1113,117.8,gf,3.615,mm,OK,--,10:58:56 PM,7/10/2026,
1114,114.8,gf,3.610,mm,OK,--,10:58:56 PM,7/10/2026,
1115,111.1,gf,3.605,mm,OK,--,10:58:56 PM,7/10/2026,
1116,107.1,gf,3.595,mm,OK,--,10:58:56 PM,7/10/2026,
1117,103.5,gf,3.590,mm,OK,--,10:58:56 PM,7/10/2026,
1118,99.6,gf,3.580,mm,OK,--,10:58:56 PM,7/10/2026,
1119,95.9,gf,3.575,mm,OK,--,10:58:57 PM,7/10/2026,
1120,93.0,gf,3.565,mm,OK,--,10:58:57 PM,7/10/2026,
1121,91.0,gf,3.560,mm,OK,--,10:58:57 PM,7/10/2026,
1122,90.0,gf,3.560,mm,OK,--,10:58:57 PM,7/10/2026,
1123,89.4,gf,3.555,mm,OK,--,10:58:57 PM,7/10/2026,
1124,88.7,gf,3.555,mm,OK,--,10:58:57 PM,7/10/2026,
1125,88.5,gf,3.550,mm,OK,--,10:58:57 PM,7/10/2026,
1126,88.3,gf,3.550,mm,OK,--,10:58:57 PM,7/10/2026,
1127,87.9,gf,3.550,mm,OK,--,10:58:57 PM,7/10/2026,
1128,87.2,gf,3.545,mm,OK,--,10:58:57 PM,7/10/2026,
1129,86.1,gf,3.545,mm,OK,--,10:58:58 PM,7/10/2026,
1130,84.6,gf,3.540,mm,OK,--,10:58:58 PM,7/10/2026,
1131,83.4,gf,3.535,mm,OK,--,10:58:58 PM,7/10/2026,
1132,82.8,gf,3.535,mm,OK,--,10:58:58 PM,7/10/2026,
1133,82.2,gf,3.535,mm,OK,--,10:58:58 PM,7/10/2026,
1134,81.5,gf,3.530,mm,OK,--,10:58:58 PM,7/10/2026,
1135,81.0,gf,3.530,mm,OK,--,10:58:58 PM,7/10/2026,
1136,80.5,gf,3.525,mm,OK,--,10:58:58 PM,7/10/2026,
1137,80.1,gf,3.525,mm,OK,--,10:58:58 PM,7/10/2026,
1138,79.7,gf,3.525,mm,OK,--,10:58:58 PM,7/10/2026,
1139,79.0,gf,3.520,mm,OK,--,10:58:59 PM,7/10/2026,
1140,78.1,gf,3.520,mm,OK,--,10:58:59 PM,7/10/2026,
1141,76.8,gf,3.515,mm,OK,--,10:58:59 PM,7/10/2026,
1142,75.5,gf,3.515,mm,OK,--,10:58:59 PM,7/10/2026,
1143,74.2,gf,3.510,mm,OK,--,10:58:59 PM,7/10/2026,
1144,72.2,gf,3.505,mm,OK,--,10:58:59 PM,7/10/2026,
1145,70.0,gf,3.500,mm,OK,--,10:58:59 PM,7/10/2026,
1146,68.8,gf,3.495,mm,OK,--,10:58:59 PM,7/10/2026,
1147,67.6,gf,3.490,mm,OK,--,10:58:59 PM,7/10/2026,
1148,66.8,gf,3.485,mm,OK,--,10:58:59 PM,7/10/2026,
1149,65.9,gf,3.485,mm,OK,--,10:59:00 PM,7/10/2026,
1150,64.6,gf,3.480,mm,OK,--,10:59:00 PM,7/10/2026,
1151,63.0,gf,3.475,mm,OK,--,10:59:00 PM,7/10/2026,
1152,63.0,gf,3.470,mm,OK,--,10:59:00 PM,7/10/2026,
1153,63.3,gf,3.470,mm,OK,--,10:59:00 PM,7/10/2026,
1154,63.4,gf,3.470,mm,OK,--,10:59:00 PM,7/10/2026,
1155,63.7,gf,3.470,mm,OK,--,10:59:00 PM,7/10/2026,
1156,63.7,gf,3.470,mm,OK,--,10:59:00 PM,7/10/2026,
1157,63.7,gf,3.470,mm,OK,--,10:59:00 PM,7/10/2026,
1158,63.4,gf,3.465,mm,OK,--,10:59:00 PM,7/10/2026,
1159,62.3,gf,3.465,mm,OK,--,10:59:01 PM,7/10/2026,
1160,60.2,gf,3.460,mm,OK,--,10:59:01 PM,7/10/2026,
1161,58.9,gf,3.455,mm,OK,--,10:59:01 PM,7/10/2026,
1162,58.3,gf,3.450,mm,OK,--,10:59:01 PM,7/10/2026,
1163,57.7,gf,3.445,mm,OK,--,10:59:01 PM,7/10/2026,
1164,56.4,gf,3.440,mm,OK,--,10:59:01 PM,7/10/2026,
1165,55.0,gf,3.435,mm,OK,--,10:59:01 PM,7/10/2026,
1166,53.8,gf,3.430,mm,OK,--,10:59:01 PM,7/10/2026,
1167,53.0,gf,3.425,mm,OK,--,10:59:01 PM,7/10/2026,
1168,52.5,gf,3.420,mm,OK,--,10:59:01 PM,7/10/2026,
1169,52.1,gf,3.420,mm,OK,--,10:59:02 PM,7/10/2026,
1170,52.0,gf,3.415,mm,OK,--,10:59:02 PM,7/10/2026,
1171,51.7,gf,3.415,mm,OK,--,10:59:02 PM,7/10/2026,
1172,51.1,gf,3.410,mm,OK,--,10:59:02 PM,7/10/2026,
1173,50.6,gf,3.405,mm,OK,--,10:59:02 PM,7/10/2026,
1174,49.9,gf,3.400,mm,OK,--,10:59:02 PM,7/10/2026,
1175,49.1,gf,3.390,mm,OK,--,10:59:02 PM,7/10/2026,
1176,48.8,gf,3.380,mm,OK,--,10:59:02 PM,7/10/2026,
1177,48.8,gf,3.370,mm,OK,--,10:59:02 PM,7/10/2026,
1178,48.7,gf,3.365,mm,OK,--,10:59:02 PM,7/10/2026,
1179,48.7,gf,3.360,mm,OK,--,10:59:03 PM,7/10/2026,
1180,48.7,gf,3.355,mm,OK,--,10:59:03 PM,7/10/2026,
1181,48.7,gf,3.350,mm,OK,--,10:59:03 PM,7/10/2026,
1182,48.7,gf,3.345,mm,OK,--,10:59:03 PM,7/10/2026,
1183,48.7,gf,3.345,mm,OK,--,10:59:03 PM,7/10/2026,
1184,48.7,gf,3.340,mm,OK,--,10:59:03 PM,7/10/2026,
1185,48.6,gf,3.330,mm,OK,--,10:59:03 PM,7/10/2026,
1186,48.6,gf,3.325,mm,OK,--,10:59:03 PM,7/10/2026,
1187,48.6,gf,3.320,mm,OK,--,10:59:03 PM,7/10/2026,
1188,48.6,gf,3.315,mm,OK,--,10:59:03 PM,7/10/2026,
1189,48.5,gf,3.310,mm,OK,--,10:59:04 PM,7/10/2026,
1190,48.5,gf,3.305,mm,OK,--,10:59:04 PM,7/10/2026,
1191,48.5,gf,3.300,mm,OK,--,10:59:04 PM,7/10/2026,
1192,48.5,gf,3.295,mm,OK,--,10:59:04 PM,7/10/2026,
1193,48.5,gf,3.290,mm,OK,--,10:59:04 PM,7/10/2026,
1194,48.4,gf,3.285,mm,OK,--,10:59:04 PM,7/10/2026,
1195,48.4,gf,3.275,mm,OK,--,10:59:04 PM,7/10/2026,
1196,48.3,gf,3.270,mm,OK,--,10:59:04 PM,7/10/2026,
1197,48.2,gf,3.260,mm,OK,--,10:59:04 PM,7/10/2026,
1198,48.2,gf,3.255,mm,OK,--,10:59:04 PM,7/10/2026,
1199,48.2,gf,3.245,mm,OK,--,10:59:05 PM,7/10/2026,
1200,48.2,gf,3.240,mm,OK,--,10:59:05 PM,7/10/2026,
1201,48.2,gf,3.235,mm,OK,--,10:59:05 PM,7/10/2026,
1202,48.2,gf,3.230,mm,OK,--,10:59:05 PM,7/10/2026,
1203,48.2,gf,3.225,mm,OK,--,10:59:05 PM,7/10/2026,
1204,48.2,gf,3.220,mm,OK,--,10:59:05 PM,7/10/2026,
1205,48.1,gf,3.215,mm,OK,--,10:59:05 PM,7/10/2026,
1206,48.1,gf,3.210,mm,OK,--,10:59:05 PM,7/10/2026,
1207,48.1,gf,3.205,mm,OK,--,10:59:05 PM,7/10/2026,
1208,48.1,gf,3.200,mm,OK,--,10:59:05 PM,7/10/2026,
1209,48.1,gf,3.195,mm,OK,--,10:59:06 PM,7/10/2026,
1210,48.1,gf,3.190,mm,OK,--,10:59:06 PM,7/10/2026,
1211,48.0,gf,3.185,mm,OK,--,10:59:06 PM,7/10/2026,
1212,48.0,gf,3.180,mm,OK,--,10:59:06 PM,7/10/2026,
1213,47.9,gf,3.175,mm,OK,--,10:59:06 PM,7/10/2026,
1214,47.9,gf,3.170,mm,OK,--,10:59:06 PM,7/10/2026,
1215,47.9,gf,3.160,mm,OK,--,10:59:06 PM,7/10/2026,
1216,47.9,gf,3.155,mm,OK,--,10:59:06 PM,7/10/2026,
1217,47.9,gf,3.150,mm,OK,--,10:59:06 PM,7/10/2026,
1218,47.8,gf,3.140,mm,OK,--,10:59:06 PM,7/10/2026,
1219,47.8,gf,3.135,mm,OK,--,10:59:07 PM,7/10/2026,
1220,47.8,gf,3.125,mm,OK,--,10:59:07 PM,7/10/2026,
1221,47.7,gf,3.120,mm,OK,--,10:59:07 PM,7/10/2026,
1222,47.7,gf,3.110,mm,OK,--,10:59:07 PM,7/10/2026,
1223,47.6,gf,3.105,mm,OK,--,10:59:07 PM,7/10/2026,
1224,47.7,gf,3.100,mm,OK,--,10:59:07 PM,7/10/2026,
1225,47.7,gf,3.095,mm,OK,--,10:59:07 PM,7/10/2026,
1226,47.6,gf,3.095,mm,OK,--,10:59:07 PM,7/10/2026,
1227,47.6,gf,3.090,mm,OK,--,10:59:07 PM,7/10/2026,
1228,47.6,gf,3.085,mm,OK,--,10:59:07 PM,7/10/2026,
1229,47.6,gf,3.080,mm,OK,--,10:59:08 PM,7/10/2026,
1230,47.6,gf,3.075,mm,OK,--,10:59:08 PM,7/10/2026,
1231,47.6,gf,3.075,mm,OK,--,10:59:08 PM,7/10/2026,
1232,47.6,gf,3.070,mm,OK,--,10:59:08 PM,7/10/2026,
1233,47.5,gf,3.065,mm,OK,--,10:59:08 PM,7/10/2026,
1234,47.5,gf,3.060,mm,OK,--,10:59:08 PM,7/10/2026,
1235,47.5,gf,3.055,mm,OK,--,10:59:08 PM,7/10/2026,
1236,47.5,gf,3.050,mm,OK,--,10:59:08 PM,7/10/2026,
1237,47.5,gf,3.045,mm,OK,--,10:59:08 PM,7/10/2026,
1238,47.4,gf,3.040,mm,OK,--,10:59:08 PM,7/10/2026,
1239,47.4,gf,3.035,mm,OK,--,10:59:09 PM,7/10/2026,
1240,47.4,gf,3.030,mm,OK,--,10:59:09 PM,7/10/2026,
1241,47.4,gf,3.025,mm,OK,--,10:59:09 PM,7/10/2026,
1242,47.4,gf,3.020,mm,OK,--,10:59:09 PM,7/10/2026,
1243,47.3,gf,3.015,mm,OK,--,10:59:09 PM,7/10/2026,
1244,47.3,gf,3.010,mm,OK,--,10:59:09 PM,7/10/2026,
1245,47.3,gf,3.010,mm,OK,--,10:59:09 PM,7/10/2026,
1246,47.3,gf,3.005,mm,OK,--,10:59:09 PM,7/10/2026,
1247,47.3,gf,3.000,mm,OK,--,10:59:09 PM,7/10/2026,
1248,47.3,gf,2.995,mm,OK,--,10:59:09 PM,7/10/2026,
1249,47.2,gf,2.990,mm,OK,--,10:59:10 PM,7/10/2026,
1250,47.1,gf,2.980,mm,OK,--,10:59:10 PM,7/10/2026,
1251,47.1,gf,2.975,mm,OK,--,10:59:10 PM,7/10/2026,
1252,47.1,gf,2.965,mm,OK,--,10:59:10 PM,7/10/2026,
1253,47.0,gf,2.960,mm,OK,--,10:59:10 PM,7/10/2026,
1254,47.1,gf,2.960,mm,OK,--,10:59:10 PM,7/10/2026,
1255,47.1,gf,2.955,mm,OK,--,10:59:10 PM,7/10/2026,
1256,47.1,gf,2.950,mm,OK,--,10:59:10 PM,7/10/2026,
1257,47.0,gf,2.950,mm,OK,--,10:59:10 PM,7/10/2026,
1258,47.0,gf,2.945,mm,OK,--,10:59:10 PM,7/10/2026,
1259,47.0,gf,2.940,mm,OK,--,10:59:11 PM,7/10/2026,
1260,47.0,gf,2.935,mm,OK,--,10:59:11 PM,7/10/2026,
1261,46.9,gf,2.930,mm,OK,--,10:59:11 PM,7/10/2026,
1262,46.9,gf,2.930,mm,OK,--,10:59:11 PM,7/10/2026,
1263,46.9,gf,2.925,mm,OK,--,10:59:11 PM,7/10/2026,
1264,46.9,gf,2.920,mm,OK,--,10:59:11 PM,7/10/2026,
1265,46.9,gf,2.920,mm,OK,--,10:59:11 PM,7/10/2026,
1266,46.9,gf,2.915,mm,OK,--,10:59:11 PM,7/10/2026,
1267,46.9,gf,2.915,mm,OK,--,10:59:11 PM,7/10/2026,
1268,46.9,gf,2.910,mm,OK,--,10:59:11 PM,7/10/2026,
1269,46.9,gf,2.905,mm,OK,--,10:59:12 PM,7/10/2026,
1270,46.9,gf,2.900,mm,OK,--,10:59:12 PM,7/10/2026,
1271,46.8,gf,2.895,mm,OK,--,10:59:12 PM,7/10/2026,
1272,46.8,gf,2.890,mm,OK,--,10:59:12 PM,7/10/2026,
1273,46.8,gf,2.885,mm,OK,--,10:59:12 PM,7/10/2026,
1274,46.7,gf,2.875,mm,OK,--,10:59:12 PM,7/10/2026,
1275,46.7,gf,2.870,mm,OK,--,10:59:12 PM,7/10/2026,
1276,46.7,gf,2.860,mm,OK,--,10:59:12 PM,7/10/2026,
1277,46.7,gf,2.850,mm,OK,--,10:59:12 PM,7/10/2026,
1278,46.7,gf,2.840,mm,OK,--,10:59:12 PM,7/10/2026,
1279,46.6,gf,2.835,mm,OK,--,10:59:13 PM,7/10/2026,
1280,46.6,gf,2.830,mm,OK,--,10:59:13 PM,7/10/2026,
1281,46.6,gf,2.825,mm,OK,--,10:59:13 PM,7/10/2026,
1282,46.6,gf,2.820,mm,OK,--,10:59:13 PM,7/10/2026,
1283,46.5,gf,2.815,mm,OK,--,10:59:13 PM,7/10/2026,
1284,46.5,gf,2.805,mm,OK,--,10:59:13 PM,7/10/2026,
1285,46.5,gf,2.800,mm,OK,--,10:59:13 PM,7/10/2026,
1286,46.5,gf,2.795,mm,OK,--,10:59:13 PM,7/10/2026,
1287,46.4,gf,2.790,mm,OK,--,10:59:13 PM,7/10/2026,
1288,46.4,gf,2.785,mm,OK,--,10:59:13 PM,7/10/2026,
1289,46.3,gf,2.780,mm,OK,--,10:59:14 PM,7/10/2026,
1290,46.3,gf,2.775,mm,OK,--,10:59:14 PM,7/10/2026,
1291,46.3,gf,2.765,mm,OK,--,10:59:14 PM,7/10/2026,
1292,46.3,gf,2.755,mm,OK,--,10:59:14 PM,7/10/2026,
1293,46.3,gf,2.750,mm,OK,--,10:59:14 PM,7/10/2026,
1294,46.3,gf,2.740,mm,OK,--,10:59:14 PM,7/10/2026,
1295,46.2,gf,2.735,mm,OK,--,10:59:14 PM,7/10/2026,
1296,46.2,gf,2.730,mm,OK,--,10:59:14 PM,7/10/2026,
1297,46.2,gf,2.725,mm,OK,--,10:59:14 PM,7/10/2026,
1298,46.2,gf,2.720,mm,OK,--,10:59:14 PM,7/10/2026,
1299,46.2,gf,2.715,mm,OK,--,10:59:15 PM,7/10/2026,
1300,46.1,gf,2.710,mm,OK,--,10:59:15 PM,7/10/2026,
1301,46.1,gf,2.705,mm,OK,--,10:59:15 PM,7/10/2026,
1302,46.1,gf,2.700,mm,OK,--,10:59:15 PM,7/10/2026,
1303,46.1,gf,2.690,mm,OK,--,10:59:15 PM,7/10/2026,
1304,46.1,gf,2.685,mm,OK,--,10:59:15 PM,7/10/2026,
1305,46.1,gf,2.680,mm,OK,--,10:59:15 PM,7/10/2026,
1306,46.0,gf,2.675,mm,OK,--,10:59:15 PM,7/10/2026,
1307,46.0,gf,2.675,mm,OK,--,10:59:15 PM,7/10/2026,
1308,46.0,gf,2.670,mm,OK,--,10:59:15 PM,7/10/2026,
1309,46.0,gf,2.670,mm,OK,--,10:59:16 PM,7/10/2026,
1310,46.0,gf,2.665,mm,OK,--,10:59:16 PM,7/10/2026,
1311,46.0,gf,2.660,mm,OK,--,10:59:16 PM,7/10/2026,
1312,46.0,gf,2.655,mm,OK,--,10:59:16 PM,7/10/2026,
1313,45.8,gf,2.650,mm,OK,--,10:59:16 PM,7/10/2026,
1314,45.9,gf,2.640,mm,OK,--,10:59:16 PM,7/10/2026,
1315,45.8,gf,2.635,mm,OK,--,10:59:16 PM,7/10/2026,
1316,45.8,gf,2.630,mm,OK,--,10:59:16 PM,7/10/2026,
1317,45.8,gf,2.625,mm,OK,--,10:59:16 PM,7/10/2026,
1318,45.9,gf,2.620,mm,OK,--,10:59:16 PM,7/10/2026,
1319,45.8,gf,2.620,mm,OK,--,10:59:17 PM,7/10/2026,
1320,45.8,gf,2.615,mm,OK,--,10:59:17 PM,7/10/2026,
1321,45.8,gf,2.610,mm,OK,--,10:59:17 PM,7/10/2026,
1322,45.8,gf,2.610,mm,OK,--,10:59:17 PM,7/10/2026,
1323,45.8,gf,2.605,mm,OK,--,10:59:17 PM,7/10/2026,
1324,45.8,gf,2.600,mm,OK,--,10:59:17 PM,7/10/2026,
1325,45.8,gf,2.600,mm,OK,--,10:59:17 PM,7/10/2026,
1326,45.8,gf,2.595,mm,OK,--,10:59:17 PM,7/10/2026,
1327,45.8,gf,2.590,mm,OK,--,10:59:17 PM,7/10/2026,
1328,45.8,gf,2.585,mm,OK,--,10:59:17 PM,7/10/2026,
1329,45.8,gf,2.580,mm,OK,--,10:59:18 PM,7/10/2026,
1330,45.8,gf,2.575,mm,OK,--,10:59:18 PM,7/10/2026,
1331,45.7,gf,2.570,mm,OK,--,10:59:18 PM,7/10/2026,
1332,45.7,gf,2.565,mm,OK,--,10:59:18 PM,7/10/2026,
1333,45.7,gf,2.560,mm,OK,--,10:59:18 PM,7/10/2026,
1334,45.7,gf,2.560,mm,OK,--,10:59:18 PM,7/10/2026,
1335,45.7,gf,2.550,mm,OK,--,10:59:18 PM,7/10/2026,
1336,45.7,gf,2.545,mm,OK,--,10:59:18 PM,7/10/2026,
1337,45.7,gf,2.540,mm,OK,--,10:59:18 PM,7/10/2026,
1338,45.5,gf,2.530,mm,OK,--,10:59:18 PM,7/10/2026,
1339,45.5,gf,2.510,mm,OK,--,10:59:19 PM,7/10/2026,
1340,45.5,gf,2.495,mm,OK,--,10:59:19 PM,7/10/2026,
1341,45.4,gf,2.485,mm,OK,--,10:59:19 PM,7/10/2026,
1342,45.4,gf,2.475,mm,OK,--,10:59:19 PM,7/10/2026,
1343,45.3,gf,2.465,mm,OK,--,10:59:19 PM,7/10/2026,
1344,45.3,gf,2.460,mm,OK,--,10:59:19 PM,7/10/2026,
1345,45.2,gf,2.455,mm,OK,--,10:59:19 PM,7/10/2026,
1346,45.2,gf,2.450,mm,OK,--,10:59:19 PM,7/10/2026,
1347,45.2,gf,2.440,mm,OK,--,10:59:19 PM,7/10/2026,
1348,45.2,gf,2.440,mm,OK,--,10:59:19 PM,7/10/2026,
1349,45.2,gf,2.435,mm,OK,--,10:59:20 PM,7/10/2026,
1350,45.2,gf,2.425,mm,OK,--,10:59:20 PM,7/10/2026,
1351,45.2,gf,2.420,mm,OK,--,10:59:20 PM,7/10/2026,
1352,45.1,gf,2.415,mm,OK,--,10:59:20 PM,7/10/2026,
1353,45.1,gf,2.405,mm,OK,--,10:59:20 PM,7/10/2026,
1354,45.0,gf,2.400,mm,OK,--,10:59:20 PM,7/10/2026,
1355,45.0,gf,2.390,mm,OK,--,10:59:20 PM,7/10/2026,
1356,44.9,gf,2.385,mm,OK,--,10:59:20 PM,7/10/2026,
1357,44.8,gf,2.375,mm,OK,--,10:59:20 PM,7/10/2026,
1358,44.7,gf,2.370,mm,OK,--,10:59:20 PM,7/10/2026,
1359,44.5,gf,2.360,mm,OK,--,10:59:21 PM,7/10/2026,
1360,44.4,gf,2.355,mm,OK,--,10:59:21 PM,7/10/2026,
1361,44.3,gf,2.350,mm,OK,--,10:59:21 PM,7/10/2026,
1362,44.2,gf,2.345,mm,OK,--,10:59:21 PM,7/10/2026,
1363,44.0,gf,2.340,mm,OK,--,10:59:21 PM,7/10/2026,
1364,44.0,gf,2.335,mm,OK,--,10:59:21 PM,7/10/2026,
1365,43.8,gf,2.330,mm,OK,--,10:59:21 PM,7/10/2026,
1366,43.7,gf,2.325,mm,OK,--,10:59:21 PM,7/10/2026,
1367,43.5,gf,2.310,mm,OK,--,10:59:21 PM,7/10/2026,
1368,43.3,gf,2.300,mm,OK,--,10:59:21 PM,7/10/2026,
1369,43.0,gf,2.290,mm,OK,--,10:59:22 PM,7/10/2026,
1370,42.7,gf,2.280,mm,OK,--,10:59:22 PM,7/10/2026,
1371,42.5,gf,2.270,mm,OK,--,10:59:22 PM,7/10/2026,
1372,42.3,gf,2.260,mm,OK,--,10:59:22 PM,7/10/2026,
1373,42.1,gf,2.245,mm,OK,--,10:59:22 PM,7/10/2026,
1374,41.9,gf,2.235,mm,OK,--,10:59:22 PM,7/10/2026,
1375,41.7,gf,2.225,mm,OK,--,10:59:22 PM,7/10/2026,
1376,41.6,gf,2.215,mm,OK,--,10:59:22 PM,7/10/2026,
1377,41.4,gf,2.205,mm,OK,--,10:59:22 PM,7/10/2026,
1378,40.9,gf,2.190,mm,OK,--,10:59:22 PM,7/10/2026,
1379,40.6,gf,2.175,mm,OK,--,10:59:23 PM,7/10/2026,
1380,40.3,gf,2.165,mm,OK,--,10:59:23 PM,7/10/2026,
1381,39.9,gf,2.155,mm,OK,--,10:59:23 PM,7/10/2026,
1382,39.7,gf,2.140,mm,OK,--,10:59:23 PM,7/10/2026,
1383,39.5,gf,2.125,mm,OK,--,10:59:23 PM,7/10/2026,
1384,39.2,gf,2.115,mm,OK,--,10:59:23 PM,7/10/2026,
1385,39.0,gf,2.100,mm,OK,--,10:59:23 PM,7/10/2026,
1386,38.8,gf,2.090,mm,OK,--,10:59:23 PM,7/10/2026,
1387,38.7,gf,2.085,mm,OK,--,10:59:23 PM,7/10/2026,
1388,38.5,gf,2.080,mm,OK,--,10:59:23 PM,7/10/2026,
1389,38.4,gf,2.075,mm,OK,--,10:59:24 PM,7/10/2026,
1390,38.2,gf,2.065,mm,OK,--,10:59:24 PM,7/10/2026,
1391,38.1,gf,2.060,mm,OK,--,10:59:24 PM,7/10/2026,
1392,38.0,gf,2.055,mm,OK,--,10:59:24 PM,7/10/2026,
1393,37.9,gf,2.050,mm,OK,--,10:59:24 PM,7/10/2026,
1394,37.8,gf,2.050,mm,OK,--,10:59:24 PM,7/10/2026,
1395,37.6,gf,2.045,mm,OK,--,10:59:24 PM,7/10/2026,
1396,37.6,gf,2.045,mm,OK,--,10:59:24 PM,7/10/2026,
1397,37.6,gf,2.040,mm,OK,--,10:59:24 PM,7/10/2026,
1398,37.5,gf,2.035,mm,OK,--,10:59:24 PM,7/10/2026,
1399,37.5,gf,2.030,mm,OK,--,10:59:25 PM,7/10/2026,
1400,37.4,gf,2.025,mm,OK,--,10:59:25 PM,7/10/2026,
1401,37.3,gf,2.020,mm,OK,--,10:59:25 PM,7/10/2026,
1402,37.2,gf,2.010,mm,OK,--,10:59:25 PM,7/10/2026,
1403,37.2,gf,2.005,mm,OK,--,10:59:25 PM,7/10/2026,
1404,37.2,gf,2.000,mm,OK,--,10:59:25 PM,7/10/2026,
1405,37.1,gf,1.995,mm,OK,--,10:59:25 PM,7/10/2026,
1406,37.0,gf,1.995,mm,OK,--,10:59:25 PM,7/10/2026,
1407,36.9,gf,1.990,mm,OK,--,10:59:25 PM,7/10/2026,
1408,36.9,gf,1.990,mm,OK,--,10:59:25 PM,7/10/2026,
1409,36.7,gf,1.985,mm,OK,--,10:59:26 PM,7/10/2026,
1410,36.7,gf,1.980,mm,OK,--,10:59:26 PM,7/10/2026,
1411,36.6,gf,1.975,mm,OK,--,10:59:26 PM,7/10/2026,
1412,36.5,gf,1.975,mm,OK,--,10:59:26 PM,7/10/2026,
1413,36.5,gf,1.970,mm,OK,--,10:59:26 PM,7/10/2026,
1414,36.4,gf,1.965,mm,OK,--,10:59:26 PM,7/10/2026,
1415,36.2,gf,1.955,mm,OK,--,10:59:26 PM,7/10/2026,
1416,36.2,gf,1.950,mm,OK,--,10:59:26 PM,7/10/2026,
1417,36.2,gf,1.945,mm,OK,--,10:59:26 PM,7/10/2026,
1418,36.0,gf,1.940,mm,OK,--,10:59:26 PM,7/10/2026,
1419,35.9,gf,1.935,mm,OK,--,10:59:26 PM,7/10/2026,
1420,35.7,gf,1.925,mm,OK,--,10:59:27 PM,7/10/2026,
1421,35.7,gf,1.920,mm,OK,--,10:59:27 PM,7/10/2026,
1422,35.6,gf,1.915,mm,OK,--,10:59:27 PM,7/10/2026,
1423,35.4,gf,1.910,mm,OK,--,10:59:27 PM,7/10/2026,
1424,35.3,gf,1.900,mm,OK,--,10:59:27 PM,7/10/2026,
1425,35.3,gf,1.895,mm,OK,--,10:59:27 PM,7/10/2026,
1426,35.2,gf,1.890,mm,OK,--,10:59:27 PM,7/10/2026,
1427,35.1,gf,1.885,mm,OK,--,10:59:27 PM,7/10/2026,
1428,35.0,gf,1.880,mm,OK,--,10:59:27 PM,7/10/2026,
1429,34.9,gf,1.875,mm,OK,--,10:59:28 PM,7/10/2026,
1430,34.7,gf,1.865,mm,OK,--,10:59:28 PM,7/10/2026,
1431,34.5,gf,1.855,mm,OK,--,10:59:28 PM,7/10/2026,
1432,34.7,gf,1.840,mm,OK,--,10:59:28 PM,7/10/2026,
1433,34.7,gf,1.830,mm,OK,--,10:59:28 PM,7/10/2026,
1434,34.6,gf,1.825,mm,OK,--,10:59:28 PM,7/10/2026,
1435,34.6,gf,1.820,mm,OK,--,10:59:28 PM,7/10/2026,
1436,34.4,gf,1.815,mm,OK,--,10:59:28 PM,7/10/2026,
1437,34.3,gf,1.810,mm,OK,--,10:59:28 PM,7/10/2026,
1438,34.3,gf,1.805,mm,OK,--,10:59:28 PM,7/10/2026,
1439,34.3,gf,1.800,mm,OK,--,10:59:28 PM,7/10/2026,
1440,34.3,gf,1.795,mm,OK,--,10:59:29 PM,7/10/2026,
1441,34.3,gf,1.790,mm,OK,--,10:59:29 PM,7/10/2026,
1442,34.2,gf,1.790,mm,OK,--,10:59:29 PM,7/10/2026,
1443,34.1,gf,1.785,mm,OK,--,10:59:29 PM,7/10/2026,
1444,34.2,gf,1.785,mm,OK,--,10:59:29 PM,7/10/2026,
1445,34.0,gf,1.780,mm,OK,--,10:59:29 PM,7/10/2026,
1446,33.9,gf,1.775,mm,OK,--,10:59:29 PM,7/10/2026,
1447,33.9,gf,1.770,mm,OK,--,10:59:29 PM,7/10/2026,
1448,33.9,gf,1.765,mm,OK,--,10:59:29 PM,7/10/2026,
1449,34.0,gf,1.755,mm,OK,--,10:59:29 PM,7/10/2026,
1450,34.1,gf,1.750,mm,OK,--,10:59:30 PM,7/10/2026,
1451,34.1,gf,1.745,mm,OK,--,10:59:30 PM,7/10/2026,
1452,34.0,gf,1.745,mm,OK,--,10:59:30 PM,7/10/2026,
1453,33.9,gf,1.740,mm,OK,--,10:59:30 PM,7/10/2026,
1454,34.0,gf,1.740,mm,OK,--,10:59:30 PM,7/10/2026,
1455,34.0,gf,1.740,mm,OK,--,10:59:30 PM,7/10/2026,
1456,33.8,gf,1.735,mm,OK,--,10:59:30 PM,7/10/2026,
1457,33.7,gf,1.735,mm,OK,--,10:59:30 PM,7/10/2026,
1458,33.7,gf,1.730,mm,OK,--,10:59:30 PM,7/10/2026,
1459,33.7,gf,1.725,mm,OK,--,10:59:30 PM,7/10/2026,
1460,33.8,gf,1.720,mm,OK,--,10:59:31 PM,7/10/2026,
1461,33.7,gf,1.715,mm,OK,--,10:59:31 PM,7/10/2026,
1462,33.6,gf,1.710,mm,OK,--,10:59:31 PM,7/10/2026,
1463,33.6,gf,1.710,mm,OK,--,10:59:31 PM,7/10/2026,
1464,33.5,gf,1.705,mm,OK,--,10:59:31 PM,7/10/2026,
1465,33.4,gf,1.700,mm,OK,--,10:59:31 PM,7/10/2026,
1466,33.4,gf,1.700,mm,OK,--,10:59:31 PM,7/10/2026,
1467,33.4,gf,1.695,mm,OK,--,10:59:31 PM,7/10/2026,
1468,33.3,gf,1.695,mm,OK,--,10:59:31 PM,7/10/2026,
1469,33.2,gf,1.690,mm,OK,--,10:59:31 PM,7/10/2026,
1470,33.3,gf,1.690,mm,OK,--,10:59:32 PM,7/10/2026,
1471,33.3,gf,1.685,mm,OK,--,10:59:32 PM,7/10/2026,
1472,33.2,gf,1.685,mm,OK,--,10:59:32 PM,7/10/2026,
1473,33.2,gf,1.680,mm,OK,--,10:59:32 PM,7/10/2026,
1474,33.1,gf,1.680,mm,OK,--,10:59:32 PM,7/10/2026,
1475,33.1,gf,1.680,mm,OK,--,10:59:32 PM,7/10/2026,
1476,33.1,gf,1.675,mm,OK,--,10:59:32 PM,7/10/2026,
1477,33.0,gf,1.670,mm,OK,--,10:59:32 PM,7/10/2026,
1478,33.0,gf,1.665,mm,OK,--,10:59:32 PM,7/10/2026,
1479,33.2,gf,1.660,mm,OK,--,10:59:32 PM,7/10/2026,
1480,33.2,gf,1.655,mm,OK,--,10:59:33 PM,7/10/2026,
1481,33.2,gf,1.655,mm,OK,--,10:59:33 PM,7/10/2026,
1482,33.1,gf,1.650,mm,OK,--,10:59:33 PM,7/10/2026,
1483,33.0,gf,1.650,mm,OK,--,10:59:33 PM,7/10/2026,
1484,33.0,gf,1.645,mm,OK,--,10:59:33 PM,7/10/2026,
1485,33.1,gf,1.640,mm,OK,--,10:59:33 PM,7/10/2026,
1486,33.0,gf,1.635,mm,OK,--,10:59:33 PM,7/10/2026,
1487,33.0,gf,1.630,mm,OK,--,10:59:33 PM,7/10/2026,
1488,33.1,gf,1.625,mm,OK,--,10:59:33 PM,7/10/2026,
1489,33.0,gf,1.625,mm,OK,--,10:59:33 PM,7/10/2026,
1490,32.9,gf,1.620,mm,OK,--,10:59:34 PM,7/10/2026,
1491,33.0,gf,1.615,mm,OK,--,10:59:34 PM,7/10/2026,
1492,33.0,gf,1.615,mm,OK,--,10:59:34 PM,7/10/2026,
1493,32.9,gf,1.610,mm,OK,--,10:59:34 PM,7/10/2026,
1494,32.7,gf,1.610,mm,OK,--,10:59:34 PM,7/10/2026,
1495,32.6,gf,1.605,mm,OK,--,10:59:34 PM,7/10/2026,
1496,32.7,gf,1.605,mm,OK,--,10:59:34 PM,7/10/2026,
1497,32.6,gf,1.600,mm,OK,--,10:59:34 PM,7/10/2026,
1498,32.6,gf,1.595,mm,OK,--,10:59:34 PM,7/10/2026,
1499,32.8,gf,1.590,mm,OK,--,10:59:34 PM,7/10/2026,
1500,32.8,gf,1.585,mm,OK,--,10:59:35 PM,7/10/2026,
1501,32.9,gf,1.580,mm,OK,--,10:59:35 PM,7/10/2026,
1502,32.8,gf,1.580,mm,OK,--,10:59:35 PM,7/10/2026,
1503,32.7,gf,1.575,mm,OK,--,10:59:35 PM,7/10/2026,
1504,32.8,gf,1.570,mm,OK,--,10:59:35 PM,7/10/2026,
1505,32.9,gf,1.565,mm,OK,--,10:59:35 PM,7/10/2026,
1506,32.9,gf,1.565,mm,OK,--,10:59:35 PM,7/10/2026,
1507,32.6,gf,1.560,mm,OK,--,10:59:35 PM,7/10/2026,
1508,32.6,gf,1.560,mm,OK,--,10:59:35 PM,7/10/2026,
1509,32.6,gf,1.555,mm,OK,--,10:59:36 PM,7/10/2026,
1510,32.7,gf,1.555,mm,OK,--,10:59:36 PM,7/10/2026,
1511,32.7,gf,1.555,mm,OK,--,10:59:36 PM,7/10/2026,
1512,32.3,gf,1.555,mm,OK,--,10:59:36 PM,7/10/2026,
1513,32.3,gf,1.550,mm,OK,--,10:59:36 PM,7/10/2026,
1514,32.6,gf,1.550,mm,OK,--,10:59:36 PM,7/10/2026,
1515,32.6,gf,1.550,mm,OK,--,10:59:36 PM,7/10/2026,
1516,32.5,gf,1.545,mm,OK,--,10:59:36 PM,7/10/2026,
1517,32.4,gf,1.545,mm,OK,--,10:59:36 PM,7/10/2026,
1518,32.4,gf,1.545,mm,OK,--,10:59:36 PM,7/10/2026,
1519,32.2,gf,1.545,mm,OK,--,10:59:36 PM,7/10/2026,
1520,32.0,gf,1.545,mm,OK,--,10:59:37 PM,7/10/2026,
1521,32.2,gf,1.535,mm,OK,--,10:59:37 PM,7/10/2026,
1522,32.2,gf,1.530,mm,OK,--,10:59:37 PM,7/10/2026,
1523,32.2,gf,1.525,mm,OK,--,10:59:37 PM,7/10/2026,
1524,32.3,gf,1.515,mm,OK,--,10:59:37 PM,7/10/2026,
1525,32.2,gf,1.515,mm,OK,--,10:59:37 PM,7/10/2026,
1526,32.1,gf,1.505,mm,OK,--,10:59:37 PM,7/10/2026,
1527,32.1,gf,1.500,mm,OK,--,10:59:37 PM,7/10/2026,
1528,32.0,gf,1.495,mm,OK,--,10:59:37 PM,7/10/2026,
1529,32.0,gf,1.485,mm,OK,--,10:59:37 PM,7/10/2026,
1530,32.2,gf,1.475,mm,OK,--,10:59:38 PM,7/10/2026,
1531,32.3,gf,1.465,mm,OK,--,10:59:38 PM,7/10/2026,
1532,32.3,gf,1.455,mm,OK,--,10:59:38 PM,7/10/2026,
1533,32.3,gf,1.445,mm,OK,--,10:59:38 PM,7/10/2026,
1534,32.1,gf,1.440,mm,OK,--,10:59:38 PM,7/10/2026,
1535,32.0,gf,1.430,mm,OK,--,10:59:38 PM,7/10/2026,
1536,31.8,gf,1.425,mm,OK,--,10:59:38 PM,7/10/2026,
1537,31.8,gf,1.415,mm,OK,--,10:59:38 PM,7/10/2026,
1538,31.7,gf,1.400,mm,OK,--,10:59:38 PM,7/10/2026,
1539,31.6,gf,1.390,mm,OK,--,10:59:38 PM,7/10/2026,
1540,31.5,gf,1.380,mm,OK,--,10:59:39 PM,7/10/2026,
1541,31.3,gf,1.375,mm,OK,--,10:59:39 PM,7/10/2026,
1542,31.2,gf,1.365,mm,OK,--,10:59:39 PM,7/10/2026,
1543,31.1,gf,1.360,mm,OK,--,10:59:39 PM,7/10/2026,
1544,30.8,gf,1.360,mm,OK,--,10:59:39 PM,7/10/2026,
1545,31.0,gf,1.355,mm,OK,--,10:59:39 PM,7/10/2026,
1546,30.7,gf,1.350,mm,OK,--,10:59:39 PM,7/10/2026,
1547,30.8,gf,1.345,mm,OK,--,10:59:39 PM,7/10/2026,
1548,30.8,gf,1.340,mm,OK,--,10:59:39 PM,7/10/2026,
1549,30.9,gf,1.335,mm,OK,--,10:59:39 PM,7/10/2026,
1550,30.9,gf,1.325,mm,OK,--,10:59:40 PM,7/10/2026,
1551,31.0,gf,1.315,mm,OK,--,10:59:40 PM,7/10/2026,
1552,31.1,gf,1.295,mm,OK,--,10:59:40 PM,7/10/2026,
1553,31.1,gf,1.280,mm,OK,--,10:59:40 PM,7/10/2026,
1554,31.2,gf,1.265,mm,OK,--,10:59:40 PM,7/10/2026,
1555,31.1,gf,1.250,mm,OK,--,10:59:40 PM,7/10/2026,
1556,30.9,gf,1.240,mm,OK,--,10:59:40 PM,7/10/2026,
1557,30.8,gf,1.235,mm,OK,--,10:59:40 PM,7/10/2026,
1558,30.7,gf,1.230,mm,OK,--,10:59:40 PM,7/10/2026,
1559,30.3,gf,1.225,mm,OK,--,10:59:40 PM,7/10/2026,
1560,30.3,gf,1.220,mm,OK,--,10:59:41 PM,7/10/2026,
1561,30.4,gf,1.215,mm,OK,--,10:59:41 PM,7/10/2026,
1562,30.3,gf,1.210,mm,OK,--,10:59:41 PM,7/10/2026,
1563,30.3,gf,1.210,mm,OK,--,10:59:41 PM,7/10/2026,
1564,30.1,gf,1.205,mm,OK,--,10:59:41 PM,7/10/2026,
1565,30.1,gf,1.200,mm,OK,--,10:59:41 PM,7/10/2026,
1566,30.1,gf,1.200,mm,OK,--,10:59:41 PM,7/10/2026,
1567,30.1,gf,1.195,mm,OK,--,10:59:41 PM,7/10/2026,
1568,30.2,gf,1.185,mm,OK,--,10:59:41 PM,7/10/2026,
1569,30.5,gf,1.175,mm,OK,--,10:59:41 PM,7/10/2026,
1570,30.5,gf,1.170,mm,OK,--,10:59:42 PM,7/10/2026,
1571,30.3,gf,1.160,mm,OK,--,10:59:42 PM,7/10/2026,
1572,30.2,gf,1.160,mm,OK,--,10:59:42 PM,7/10/2026,
1573,30.2,gf,1.155,mm,OK,--,10:59:42 PM,7/10/2026,
1574,30.0,gf,1.150,mm,OK,--,10:59:42 PM,7/10/2026,
1575,30.0,gf,1.145,mm,OK,--,10:59:42 PM,7/10/2026,
1576,29.9,gf,1.145,mm,OK,--,10:59:42 PM,7/10/2026,
1577,29.6,gf,1.140,mm,OK,--,10:59:42 PM,7/10/2026,
1578,29.7,gf,1.135,mm,OK,--,10:59:42 PM,7/10/2026,
1579,29.7,gf,1.130,mm,OK,--,10:59:42 PM,7/10/2026,
1580,29.7,gf,1.130,mm,OK,--,10:59:43 PM,7/10/2026,
1581,29.6,gf,1.125,mm,OK,--,10:59:43 PM,7/10/2026,
1582,29.6,gf,1.125,mm,OK,--,10:59:43 PM,7/10/2026,
1583,29.5,gf,1.120,mm,OK,--,10:59:43 PM,7/10/2026,
1584,29.6,gf,1.120,mm,OK,--,10:59:43 PM,7/10/2026,
1585,29.6,gf,1.120,mm,OK,--,10:59:43 PM,7/10/2026,
1586,29.3,gf,1.115,mm,OK,--,10:59:43 PM,7/10/2026,
1587,29.5,gf,1.115,mm,OK,--,10:59:43 PM,7/10/2026,
1588,29.5,gf,1.110,mm,OK,--,10:59:43 PM,7/10/2026,
1589,29.6,gf,1.105,mm,OK,--,10:59:43 PM,7/10/2026,
1590,29.5,gf,1.100,mm,OK,--,10:59:44 PM,7/10/2026,
1591,29.5,gf,1.095,mm,OK,--,10:59:44 PM,7/10/2026,
1592,29.5,gf,1.090,mm,OK,--,10:59:44 PM,7/10/2026,
1593,29.5,gf,1.085,mm,OK,--,10:59:44 PM,7/10/2026,
1594,29.4,gf,1.085,mm,OK,--,10:59:44 PM,7/10/2026,
1595,29.3,gf,1.080,mm,OK,--,10:59:44 PM,7/10/2026,
1596,29.2,gf,1.080,mm,OK,--,10:59:44 PM,7/10/2026,
1597,29.3,gf,1.075,mm,OK,--,10:59:44 PM,7/10/2026,
1598,29.5,gf,1.070,mm,OK,--,10:59:44 PM,7/10/2026,
1599,29.4,gf,1.065,mm,OK,--,10:59:44 PM,7/10/2026,
1600,29.4,gf,1.060,mm,OK,--,10:59:45 PM,7/10/2026,
1601,29.4,gf,1.055,mm,OK,--,10:59:45 PM,7/10/2026,
1602,29.4,gf,1.055,mm,OK,--,10:59:45 PM,7/10/2026,
1603,29.3,gf,1.055,mm,OK,--,10:59:45 PM,7/10/2026,
1604,29.3,gf,1.050,mm,OK,--,10:59:45 PM,7/10/2026,
1605,29.4,gf,1.045,mm,OK,--,10:59:45 PM,7/10/2026,
1606,29.3,gf,1.045,mm,OK,--,10:59:45 PM,7/10/2026,
1607,29.4,gf,1.040,mm,OK,--,10:59:45 PM,7/10/2026,
1608,29.5,gf,1.035,mm,OK,--,10:59:45 PM,7/10/2026,
1609,29.5,gf,1.030,mm,OK,--,10:59:45 PM,7/10/2026,
1610,29.5,gf,1.025,mm,OK,--,10:59:46 PM,7/10/2026,
1611,29.6,gf,1.025,mm,OK,--,10:59:46 PM,7/10/2026,
1612,29.5,gf,1.020,mm,OK,--,10:59:46 PM,7/10/2026,
1613,29.3,gf,1.015,mm,OK,--,10:59:46 PM,7/10/2026,
1614,29.2,gf,1.010,mm,OK,--,10:59:46 PM,7/10/2026,
1615,29.3,gf,1.005,mm,OK,--,10:59:46 PM,7/10/2026,
1616,29.5,gf,1.000,mm,OK,--,10:59:46 PM,7/10/2026,
1617,29.7,gf,0.990,mm,OK,--,10:59:46 PM,7/10/2026,
1618,29.7,gf,0.975,mm,OK,--,10:59:46 PM,7/10/2026,
1619,29.6,gf,0.970,mm,OK,--,10:59:46 PM,7/10/2026,
1620,29.4,gf,0.965,mm,OK,--,10:59:47 PM,7/10/2026,
1621,29.3,gf,0.960,mm,OK,--,10:59:47 PM,7/10/2026,
1622,29.3,gf,0.955,mm,OK,--,10:59:47 PM,7/10/2026,
1623,29.3,gf,0.955,mm,OK,--,10:59:47 PM,7/10/2026,
1624,29.1,gf,0.950,mm,OK,--,10:59:47 PM,7/10/2026,
1625,29.1,gf,0.950,mm,OK,--,10:59:47 PM,7/10/2026,
1626,29.1,gf,0.950,mm,OK,--,10:59:47 PM,7/10/2026,
1627,29.0,gf,0.945,mm,OK,--,10:59:47 PM,7/10/2026,
1628,29.0,gf,0.945,mm,OK,--,10:59:47 PM,7/10/2026,
1629,28.9,gf,0.940,mm,OK,--,10:59:47 PM,7/10/2026,
1630,29.0,gf,0.940,mm,OK,--,10:59:48 PM,7/10/2026,
1631,28.8,gf,0.940,mm,OK,--,10:59:48 PM,7/10/2026,
1632,28.8,gf,0.935,mm,OK,--,10:59:48 PM,7/10/2026,
1633,28.8,gf,0.935,mm,OK,--,10:59:48 PM,7/10/2026,
1634,28.8,gf,0.930,mm,OK,--,10:59:48 PM,7/10/2026,
1635,28.8,gf,0.925,mm,OK,--,10:59:48 PM,7/10/2026,
1636,28.8,gf,0.925,mm,OK,--,10:59:48 PM,7/10/2026,
1637,28.8,gf,0.920,mm,OK,--,10:59:48 PM,7/10/2026,
1638,29.0,gf,0.915,mm,OK,--,10:59:48 PM,7/10/2026,
1639,28.9,gf,0.915,mm,OK,--,10:59:48 PM,7/10/2026,
1640,28.6,gf,0.915,mm,OK,--,10:59:49 PM,7/10/2026,
1641,28.7,gf,0.910,mm,OK,--,10:59:49 PM,7/10/2026,
1642,28.7,gf,0.910,mm,OK,--,10:59:49 PM,7/10/2026,
1643,28.7,gf,0.910,mm,OK,--,10:59:49 PM,7/10/2026,
1644,28.6,gf,0.905,mm,OK,--,10:59:49 PM,7/10/2026,
1645,28.4,gf,0.905,mm,OK,--,10:59:49 PM,7/10/2026,
1646,28.3,gf,0.900,mm,OK,--,10:59:49 PM,7/10/2026,
1647,28.5,gf,0.895,mm,OK,--,10:59:49 PM,7/10/2026,
1648,28.6,gf,0.895,mm,OK,--,10:59:49 PM,7/10/2026,
1649,28.6,gf,0.890,mm,OK,--,10:59:49 PM,7/10/2026,
1650,28.7,gf,0.885,mm,OK,--,10:59:50 PM,7/10/2026,
1651,28.7,gf,0.885,mm,OK,--,10:59:50 PM,7/10/2026,
1652,28.7,gf,0.880,mm,OK,--,10:59:50 PM,7/10/2026,
1653,28.6,gf,0.875,mm,OK,--,10:59:50 PM,7/10/2026,
1654,28.6,gf,0.870,mm,OK,--,10:59:50 PM,7/10/2026,
1655,28.8,gf,0.865,mm,OK,--,10:59:50 PM,7/10/2026,
1656,28.8,gf,0.855,mm,OK,--,10:59:50 PM,7/10/2026,
1657,28.6,gf,0.855,mm,OK,--,10:59:50 PM,7/10/2026,
1658,28.6,gf,0.850,mm,OK,--,10:59:50 PM,7/10/2026,
1659,28.4,gf,0.850,mm,OK,--,10:59:50 PM,7/10/2026,
1660,28.2,gf,0.850,mm,OK,--,10:59:51 PM,7/10/2026,
1661,28.2,gf,0.845,mm,OK,--,10:59:51 PM,7/10/2026,
1662,28.2,gf,0.840,mm,OK,--,10:59:51 PM,7/10/2026,
1663,28.4,gf,0.835,mm,OK,--,10:59:51 PM,7/10/2026,
1664,28.4,gf,0.830,mm,OK,--,10:59:51 PM,7/10/2026,
1665,28.4,gf,0.830,mm,OK,--,10:59:51 PM,7/10/2026,
1666,28.3,gf,0.825,mm,OK,--,10:59:51 PM,7/10/2026,
1667,28.3,gf,0.825,mm,OK,--,10:59:51 PM,7/10/2026,
1668,28.3,gf,0.825,mm,OK,--,10:59:51 PM,7/10/2026,
1669,28.1,gf,0.820,mm,OK,--,10:59:51 PM,7/10/2026,
1670,28.1,gf,0.815,mm,OK,--,10:59:52 PM,7/10/2026,
1671,28.1,gf,0.815,mm,OK,--,10:59:52 PM,7/10/2026,
1672,28.5,gf,0.805,mm,OK,--,10:59:52 PM,7/10/2026,
1673,28.4,gf,0.795,mm,OK,--,10:59:52 PM,7/10/2026,
1674,28.4,gf,0.790,mm,OK,--,10:59:52 PM,7/10/2026,
1675,28.3,gf,0.785,mm,OK,--,10:59:52 PM,7/10/2026,
1676,28.2,gf,0.785,mm,OK,--,10:59:52 PM,7/10/2026,
1677,28.1,gf,0.780,mm,OK,--,10:59:52 PM,7/10/2026,
1678,28.1,gf,0.775,mm,OK,--,10:59:52 PM,7/10/2026,
1679,28.1,gf,0.770,mm,OK,--,10:59:52 PM,7/10/2026,
1680,27.8,gf,0.765,mm,OK,--,10:59:53 PM,7/10/2026,
1681,27.8,gf,0.760,mm,OK,--,10:59:53 PM,7/10/2026,
1682,27.9,gf,0.755,mm,OK,--,10:59:53 PM,7/10/2026,
1683,27.9,gf,0.750,mm,OK,--,10:59:53 PM,7/10/2026,
1684,27.7,gf,0.745,mm,OK,--,10:59:53 PM,7/10/2026,
1685,27.8,gf,0.745,mm,OK,--,10:59:53 PM,7/10/2026,
1686,27.7,gf,0.740,mm,OK,--,10:59:53 PM,7/10/2026,
1687,27.6,gf,0.735,mm,OK,--,10:59:53 PM,7/10/2026,
1688,27.6,gf,0.735,mm,OK,--,10:59:53 PM,7/10/2026,
1689,27.7,gf,0.730,mm,OK,--,10:59:53 PM,7/10/2026,
1690,27.8,gf,0.720,mm,OK,--,10:59:54 PM,7/10/2026,
1691,27.9,gf,0.715,mm,OK,--,10:59:54 PM,7/10/2026,
1692,28.0,gf,0.705,mm,OK,--,10:59:54 PM,7/10/2026,
1693,27.9,gf,0.695,mm,OK,--,10:59:54 PM,7/10/2026,
1694,27.9,gf,0.690,mm,OK,--,10:59:54 PM,7/10/2026,
1695,27.8,gf,0.685,mm,OK,--,10:59:54 PM,7/10/2026,
1696,27.8,gf,0.680,mm,OK,--,10:59:54 PM,7/10/2026,
1697,27.8,gf,0.680,mm,OK,--,10:59:54 PM,7/10/2026,
1698,27.8,gf,0.675,mm,OK,--,10:59:54 PM,7/10/2026,
1699,27.7,gf,0.675,mm,OK,--,10:59:54 PM,7/10/2026,
1700,27.6,gf,0.670,mm,OK,--,10:59:55 PM,7/10/2026,
1701,27.7,gf,0.665,mm,OK,--,10:59:55 PM,7/10/2026,
1702,27.8,gf,0.660,mm,OK,--,10:59:55 PM,7/10/2026,
1703,27.9,gf,0.650,mm,OK,--,10:59:55 PM,7/10/2026,
1704,27.8,gf,0.645,mm,OK,--,10:59:55 PM,7/10/2026,
1705,28.0,gf,0.630,mm,OK,--,10:59:55 PM,7/10/2026,
1706,27.8,gf,0.620,mm,OK,--,10:59:55 PM,7/10/2026,
1707,27.7,gf,0.610,mm,OK,--,10:59:55 PM,7/10/2026,
1708,27.6,gf,0.605,mm,OK,--,10:59:55 PM,7/10/2026,
1709,27.3,gf,0.600,mm,OK,--,10:59:55 PM,7/10/2026,
1710,27.1,gf,0.595,mm,OK,--,10:59:56 PM,7/10/2026,
1711,27.1,gf,0.590,mm,OK,--,10:59:56 PM,7/10/2026,
1712,27.2,gf,0.585,mm,OK,--,10:59:56 PM,7/10/2026,
1713,27.1,gf,0.580,mm,OK,--,10:59:56 PM,7/10/2026,
1714,27.0,gf,0.580,mm,OK,--,10:59:56 PM,7/10/2026,
1715,27.0,gf,0.575,mm,OK,--,10:59:56 PM,7/10/2026,
1716,26.8,gf,0.575,mm,OK,--,10:59:56 PM,7/10/2026,
1717,26.7,gf,0.570,mm,OK,--,10:59:56 PM,7/10/2026,
1718,26.9,gf,0.560,mm,OK,--,10:59:56 PM,7/10/2026,
1719,26.9,gf,0.555,mm,OK,--,10:59:56 PM,7/10/2026,
1720,27.1,gf,0.545,mm,OK,--,10:59:57 PM,7/10/2026,
1721,27.0,gf,0.540,mm,OK,--,10:59:57 PM,7/10/2026,
1722,27.0,gf,0.530,mm,OK,--,10:59:57 PM,7/10/2026,
1723,27.0,gf,0.525,mm,OK,--,10:59:57 PM,7/10/2026,
1724,26.9,gf,0.525,mm,OK,--,10:59:57 PM,7/10/2026,
1725,26.6,gf,0.520,mm,OK,--,10:59:57 PM,7/10/2026,
1726,26.7,gf,0.515,mm,OK,--,10:59:57 PM,7/10/2026,
1727,26.7,gf,0.515,mm,OK,--,10:59:57 PM,7/10/2026,
1728,26.5,gf,0.510,mm,OK,--,10:59:57 PM,7/10/2026,
1729,26.6,gf,0.510,mm,OK,--,10:59:57 PM,7/10/2026,
1730,26.6,gf,0.500,mm,OK,--,10:59:58 PM,7/10/2026,
1731,26.8,gf,0.490,mm,OK,--,10:59:58 PM,7/10/2026,
1732,26.9,gf,0.480,mm,OK,--,10:59:58 PM,7/10/2026,
1733,26.9,gf,0.475,mm,OK,--,10:59:58 PM,7/10/2026,
1734,26.9,gf,0.460,mm,OK,--,10:59:58 PM,7/10/2026,
1735,26.9,gf,0.455,mm,OK,--,10:59:58 PM,7/10/2026,
1736,26.9,gf,0.445,mm,OK,--,10:59:58 PM,7/10/2026,
1737,27.0,gf,0.440,mm,OK,--,10:59:58 PM,7/10/2026,
1738,26.8,gf,0.430,mm,OK,--,10:59:58 PM,7/10/2026,
1739,26.8,gf,0.420,mm,OK,--,10:59:58 PM,7/10/2026,
1740,26.8,gf,0.410,mm,OK,--,10:59:59 PM,7/10/2026,
1741,26.7,gf,0.405,mm,OK,--,10:59:59 PM,7/10/2026,
1742,26.6,gf,0.400,mm,OK,--,10:59:59 PM,7/10/2026,
1743,26.6,gf,0.395,mm,OK,--,10:59:59 PM,7/10/2026,
1744,26.5,gf,0.390,mm,OK,--,10:59:59 PM,7/10/2026,
1745,26.5,gf,0.390,mm,OK,--,10:59:59 PM,7/10/2026,
1746,26.4,gf,0.390,mm,OK,--,10:59:59 PM,7/10/2026,
1747,26.3,gf,0.390,mm,OK,--,10:59:59 PM,7/10/2026,
1748,26.1,gf,0.385,mm,OK,--,10:59:59 PM,7/10/2026,
1749,26.1,gf,0.385,mm,OK,--,10:59:59 PM,7/10/2026,
1750,26.2,gf,0.385,mm,OK,--,11:00:00 PM,7/10/2026,
1751,26.1,gf,0.380,mm,OK,--,11:00:00 PM,7/10/2026,
1752,26.1,gf,0.380,mm,OK,--,11:00:00 PM,7/10/2026,
1753,26.2,gf,0.375,mm,OK,--,11:00:00 PM,7/10/2026,
1754,26.1,gf,0.375,mm,OK,--,11:00:00 PM,7/10/2026,
1755,26.1,gf,0.375,mm,OK,--,11:00:00 PM,7/10/2026,
1756,26.4,gf,0.370,mm,OK,--,11:00:00 PM,7/10/2026,
1757,26.5,gf,0.370,mm,OK,--,11:00:00 PM,7/10/2026,
1758,26.2,gf,0.370,mm,OK,--,11:00:00 PM,7/10/2026,
1759,26.0,gf,0.365,mm,OK,--,11:00:00 PM,7/10/2026,
1760,26.1,gf,0.365,mm,OK,--,11:00:01 PM,7/10/2026,
1761,26.1,gf,0.365,mm,OK,--,11:00:01 PM,7/10/2026,
1762,26.2,gf,0.365,mm,OK,--,11:00:01 PM,7/10/2026,
1763,26.3,gf,0.365,mm,OK,--,11:00:01 PM,7/10/2026,
1764,26.3,gf,0.360,mm,OK,--,11:00:01 PM,7/10/2026,
1765,26.2,gf,0.360,mm,OK,--,11:00:01 PM,7/10/2026,
1766,26.2,gf,0.360,mm,OK,--,11:00:01 PM,7/10/2026,
1767,26.2,gf,0.360,mm,OK,--,11:00:01 PM,7/10/2026,
1768,26.0,gf,0.360,mm,OK,--,11:00:01 PM,7/10/2026,
1769,25.7,gf,0.360,mm,OK,--,11:00:01 PM,7/10/2026,
1770,25.8,gf,0.355,mm,OK,--,11:00:02 PM,7/10/2026,
1771,26.0,gf,0.355,mm,OK,--,11:00:02 PM,7/10/2026,
1772,25.8,gf,0.350,mm,OK,--,11:00:02 PM,7/10/2026,
1773,26.3,gf,0.345,mm,OK,--,11:00:02 PM,7/10/2026,
1774,26.3,gf,0.345,mm,OK,--,11:00:02 PM,7/10/2026,
1775,26.3,gf,0.340,mm,OK,--,11:00:02 PM,7/10/2026,
1776,26.2,gf,0.340,mm,OK,--,11:00:02 PM,7/10/2026,
1777,26.2,gf,0.340,mm,OK,--,11:00:02 PM,7/10/2026,
1778,26.2,gf,0.340,mm,OK,--,11:00:02 PM,7/10/2026,
1779,25.9,gf,0.335,mm,OK,--,11:00:02 PM,7/10/2026,
1780,26.0,gf,0.335,mm,OK,--,11:00:03 PM,7/10/2026,
1781,25.9,gf,0.335,mm,OK,--,11:00:03 PM,7/10/2026,
1782,25.9,gf,0.330,mm,OK,--,11:00:03 PM,7/10/2026,
1783,25.8,gf,0.330,mm,OK,--,11:00:03 PM,7/10/2026,
1784,25.8,gf,0.330,mm,OK,--,11:00:03 PM,7/10/2026,
1785,25.7,gf,0.325,mm,OK,--,11:00:03 PM,7/10/2026,
1786,25.8,gf,0.325,mm,OK,--,11:00:03 PM,7/10/2026,
1787,25.8,gf,0.325,mm,OK,--,11:00:03 PM,7/10/2026,
1788,25.8,gf,0.325,mm,OK,--,11:00:03 PM,7/10/2026,
1789,25.5,gf,0.320,mm,OK,--,11:00:03 PM,7/10/2026,
1790,25.7,gf,0.320,mm,OK,--,11:00:04 PM,7/10/2026,
1791,25.8,gf,0.320,mm,OK,--,11:00:04 PM,7/10/2026,
1792,25.8,gf,0.315,mm,OK,--,11:00:04 PM,7/10/2026,
1793,25.7,gf,0.315,mm,OK,--,11:00:04 PM,7/10/2026,
1794,25.5,gf,0.315,mm,OK,--,11:00:04 PM,7/10/2026,
1795,25.6,gf,0.310,mm,OK,--,11:00:04 PM,7/10/2026,
1796,25.7,gf,0.305,mm,OK,--,11:00:04 PM,7/10/2026,
1797,25.9,gf,0.305,mm,OK,--,11:00:04 PM,7/10/2026,
1798,25.8,gf,0.300,mm,OK,--,11:00:04 PM,7/10/2026,
1799,26.0,gf,0.295,mm,OK,--,11:00:04 PM,7/10/2026,
1800,26.1,gf,0.290,mm,OK,--,11:00:05 PM,7/10/2026,
1801,26.0,gf,0.290,mm,OK,--,11:00:05 PM,7/10/2026,
1802,26.0,gf,0.285,mm,OK,--,11:00:05 PM,7/10/2026,
1803,25.9,gf,0.285,mm,OK,--,11:00:05 PM,7/10/2026,
1804,25.9,gf,0.280,mm,OK,--,11:00:05 PM,7/10/2026,
1805,25.8,gf,0.280,mm,OK,--,11:00:05 PM,7/10/2026,
1806,25.7,gf,0.275,mm,OK,--,11:00:05 PM,7/10/2026,
1807,25.5,gf,0.275,mm,OK,--,11:00:05 PM,7/10/2026,
1808,25.5,gf,0.270,mm,OK,--,11:00:05 PM,7/10/2026,
1809,25.7,gf,0.265,mm,OK,--,11:00:05 PM,7/10/2026,
1810,25.8,gf,0.265,mm,OK,--,11:00:06 PM,7/10/2026,
1811,25.9,gf,0.260,mm,OK,--,11:00:06 PM,7/10/2026,
1812,25.8,gf,0.260,mm,OK,--,11:00:06 PM,7/10/2026,
1813,25.7,gf,0.260,mm,OK,--,11:00:06 PM,7/10/2026,
1814,25.7,gf,0.260,mm,OK,--,11:00:06 PM,7/10/2026,
1815,25.8,gf,0.260,mm,OK,--,11:00:06 PM,7/10/2026,
1816,25.7,gf,0.255,mm,OK,--,11:00:06 PM,7/10/2026,
1817,25.7,gf,0.255,mm,OK,--,11:00:06 PM,7/10/2026,
1818,25.6,gf,0.255,mm,OK,--,11:00:06 PM,7/10/2026,
1819,25.5,gf,0.255,mm,OK,--,11:00:06 PM,7/10/2026,
1820,25.5,gf,0.255,mm,OK,--,11:00:07 PM,7/10/2026,
1821,25.5,gf,0.255,mm,OK,--,11:00:07 PM,7/10/2026,
1822,25.5,gf,0.250,mm,OK,--,11:00:07 PM,7/10/2026,
1823,25.6,gf,0.250,mm,OK,--,11:00:07 PM,7/10/2026,
1824,25.5,gf,0.250,mm,OK,--,11:00:07 PM,7/10/2026,
1825,25.6,gf,0.250,mm,OK,--,11:00:07 PM,7/10/2026,
1826,25.7,gf,0.250,mm,OK,--,11:00:07 PM,7/10/2026,
1827,25.6,gf,0.250,mm,OK,--,11:00:07 PM,7/10/2026,
1828,25.6,gf,0.250,mm,OK,--,11:00:07 PM,7/10/2026,
1829,25.6,gf,0.250,mm,OK,--,11:00:07 PM,7/10/2026,
1830,25.1,gf,0.245,mm,OK,--,11:00:08 PM,7/10/2026,
1831,25.3,gf,0.245,mm,OK,--,11:00:08 PM,7/10/2026,
1832,25.4,gf,0.240,mm,OK,--,11:00:08 PM,7/10/2026,
1833,25.6,gf,0.240,mm,OK,--,11:00:08 PM,7/10/2026,
1834,25.5,gf,0.240,mm,OK,--,11:00:08 PM,7/10/2026,
1835,25.5,gf,0.235,mm,OK,--,11:00:08 PM,7/10/2026,
1836,25.6,gf,0.235,mm,OK,--,11:00:08 PM,7/10/2026,
1837,25.6,gf,0.235,mm,OK,--,11:00:08 PM,7/10/2026,
1838,25.6,gf,0.230,mm,OK,--,11:00:08 PM,7/10/2026,
1839,25.6,gf,0.230,mm,OK,--,11:00:08 PM,7/10/2026,
1840,25.6,gf,0.230,mm,OK,--,11:00:09 PM,7/10/2026,
1841,25.2,gf,0.230,mm,OK,--,11:00:09 PM,7/10/2026,
1842,25.3,gf,0.225,mm,OK,--,11:00:09 PM,7/10/2026,
1843,25.5,gf,0.225,mm,OK,--,11:00:09 PM,7/10/2026,
1844,25.4,gf,0.225,mm,OK,--,11:00:09 PM,7/10/2026,
1845,25.2,gf,0.225,mm,OK,--,11:00:09 PM,7/10/2026,
1846,25.1,gf,0.220,mm,OK,--,11:00:09 PM,7/10/2026,
1847,25.4,gf,0.220,mm,OK,--,11:00:09 PM,7/10/2026,
1848,25.5,gf,0.215,mm,OK,--,11:00:09 PM,7/10/2026,
1849,25.4,gf,0.215,mm,OK,--,11:00:09 PM,7/10/2026,
1850,25.3,gf,0.215,mm,OK,--,11:00:10 PM,7/10/2026,
1851,25.1,gf,0.210,mm,OK,--,11:00:10 PM,7/10/2026,
1852,25.2,gf,0.205,mm,OK,--,11:00:10 PM,7/10/2026,
1853,25.4,gf,0.205,mm,OK,--,11:00:10 PM,7/10/2026,
1854,25.2,gf,0.200,mm,OK,--,11:00:10 PM,7/10/2026,
1855,25.3,gf,0.200,mm,OK,--,11:00:10 PM,7/10/2026,
1856,25.4,gf,0.195,mm,OK,--,11:00:10 PM,7/10/2026,
1857,25.5,gf,0.195,mm,OK,--,11:00:10 PM,7/10/2026,
1858,25.2,gf,0.195,mm,OK,--,11:00:10 PM,7/10/2026,
1859,25.3,gf,0.190,mm,OK,--,11:00:10 PM,7/10/2026,
1860,25.3,gf,0.185,mm,OK,--,11:00:11 PM,7/10/2026,
1861,25.4,gf,0.185,mm,OK,--,11:00:11 PM,7/10/2026,
1862,25.2,gf,0.180,mm,OK,--,11:00:11 PM,7/10/2026,
1863,25.3,gf,0.180,mm,OK,--,11:00:11 PM,7/10/2026,
1864,25.4,gf,0.175,mm,OK,--,11:00:11 PM,7/10/2026,
1865,25.2,gf,0.175,mm,OK,--,11:00:11 PM,7/10/2026,
1866,25.3,gf,0.170,mm,OK,--,11:00:11 PM,7/10/2026,
1867,25.1,gf,0.170,mm,OK,--,11:00:11 PM,7/10/2026,
1868,25.1,gf,0.165,mm,OK,--,11:00:11 PM,7/10/2026,
1869,25.2,gf,0.160,mm,OK,--,11:00:11 PM,7/10/2026,
1870,25.2,gf,0.155,mm,OK,--,11:00:12 PM,7/10/2026,
1871,25.2,gf,0.150,mm,OK,--,11:00:12 PM,7/10/2026,
1872,25.1,gf,0.140,mm,OK,--,11:00:12 PM,7/10/2026,
1873,25.1,gf,0.135,mm,OK,--,11:00:12 PM,7/10/2026,
1874,25.0,gf,0.130,mm,OK,--,11:00:12 PM,7/10/2026,
1875,24.7,gf,0.130,mm,OK,--,11:00:12 PM,7/10/2026,
1876,24.3,gf,0.125,mm,OK,--,11:00:12 PM,7/10/2026,
1877,24.1,gf,0.120,mm,OK,--,11:00:12 PM,7/10/2026,
1878,23.7,gf,0.115,mm,OK,--,11:00:12 PM,7/10/2026,
1879,23.1,gf,0.110,mm,OK,--,11:00:12 PM,7/10/2026,
1880,22.6,gf,0.105,mm,OK,--,11:00:13 PM,7/10/2026,
1881,21.8,gf,0.100,mm,OK,--,11:00:13 PM,7/10/2026,
1882,20.5,gf,0.095,mm,OK,--,11:00:13 PM,7/10/2026,
1883,19.0,gf,0.090,mm,OK,--,11:00:13 PM,7/10/2026,
1884,17.4,gf,0.085,mm,OK,--,11:00:13 PM,7/10/2026,
1885,15.9,gf,0.080,mm,OK,--,11:00:13 PM,7/10/2026,
1886,14.5,gf,0.075,mm,OK,--,11:00:13 PM,7/10/2026,
1887,13.5,gf,0.075,mm,OK,--,11:00:13 PM,7/10/2026,
1888,12.0,gf,0.070,mm,OK,--,11:00:13 PM,7/10/2026,
1889,4.8,gf,0.055,mm,OK,--,11:00:13 PM,7/10/2026,
1890,0.1,gf,0.030,mm,OK,--,11:00:14 PM,7/10/2026,
1891,0.1,gf,0.015,mm,OK,--,11:00:14 PM,7/10/2026,
1892,0.0,gf,-0.005,mm,OK,--,11:00:14 PM,7/10/2026,
1893,-0.1,gf,-0.030,mm,OK,--,11:00:14 PM,7/10/2026,
1894,0.0,gf,-0.040,mm,OK,--,11:00:14 PM,7/10/2026,
1895,0.0,gf,-0.045,mm,OK,--,11:00:14 PM,7/10/2026,
1896,0.0,gf,-0.045,mm,OK,--,11:00:14 PM,7/10/2026,
1897,0.1,gf,-0.055,mm,OK,--,11:00:14 PM,7/10/2026,
1898,0.0,gf,-0.055,mm,OK,--,11:00:14 PM,7/10/2026,
1899,0.1,gf,-0.055,mm,OK,--,11:00:14 PM,7/10/2026,
1900,0.0,gf,-0.055,mm,OK,--,11:00:15 PM,7/10/2026,
1901,0.1,gf,-0.055,mm,OK,--,11:00:15 PM,7/10/2026,
1902,0.0,gf,-0.055,mm,OK,--,11:00:15 PM,7/10/2026,
1903,0.1,gf,-0.055,mm,OK,--,11:00:15 PM,7/10/2026,
1904,0.0,gf,-0.055,mm,OK,--,11:00:15 PM,7/10/2026,
1905,0.8,gf,-0.055,mm,OK,--,11:00:15 PM,7/10/2026,
1906,0.2,gf,-0.050,mm,OK,--,11:00:15 PM,7/10/2026,
1907,0.1,gf,-0.040,mm,OK,--,11:00:15 PM,7/10/2026,
1908,0.0,gf,-0.035,mm,OK,--,11:00:15 PM,7/10/2026,
1909,0.0,gf,-0.025,mm,OK,--,11:00:15 PM,7/10/2026,
1910,0.0,gf,-0.020,mm,OK,--,11:00:16 PM,7/10/2026,
1911,0.0,gf,-0.010,mm,OK,--,11:00:16 PM,7/10/2026,
1912,0.0,gf,-0.005,mm,OK,--,11:00:16 PM,7/10/2026,
1913,0.0,gf,0.005,mm,OK,--,11:00:16 PM,7/10/2026,
1914,0.0,gf,0.015,mm,OK,--,11:00:16 PM,7/10/2026,
1915,0.0,gf,0.025,mm,OK,--,11:00:16 PM,7/10/2026,
1916,1.7,gf,0.035,mm,OK,--,11:00:16 PM,7/10/2026,
1917,10.6,gf,0.045,mm,OK,--,11:00:16 PM,7/10/2026,
1918,17.0,gf,0.055,mm,OK,--,11:00:16 PM,7/10/2026,
1919,22.7,gf,0.065,mm,OK,--,11:00:16 PM,7/10/2026,
