Maximum,195.2,@,No.1019,,,,,,
Minimum,-0.2,@,No.1917,,,,,,
Average,41.23,,,,,,,,
Data Quantity,1934,,,,,,,,
Number of NG,0,,,,,,,,
No.,Force,Unit,Displacement,Unit,Judge,Position,Time,Date,
1,-0.1,gf,0.000,mm,OK,--,8:43:14 PM,7/10/2026,
2,0.0,gf,0.000,mm,OK,--,8:43:14 PM,7/10/2026,
3,0.0,gf,0.000,mm,OK,--,8:43:14 PM,7/10/2026,
4,0.0,gf,0.000,mm,OK,--,8:43:14 PM,7/10/2026,
5,0.0,gf,0.000,mm,OK,--,8:43:14 PM,7/10/2026,
6,0.0,gf,0.000,mm,OK,--,8:43:14 PM,7/10/2026,
7,0.0,gf,0.000,mm,OK,--,8:43:14 PM,7/10/2026,
8,0.0,gf,0.000,mm,OK,--,8:43:14 PM,7/10/2026,
9,0.0,gf,0.000,mm,OK,--,8:43:14 PM,7/10/2026,
10,0.0,gf,0.000,mm,OK,--,8:43:15 PM,7/10/2026,
11,0.0,gf,0.000,mm,OK,--,8:43:15 PM,7/10/2026,
12,0.0,gf,0.000,mm,OK,--,8:43:15 PM,7/10/2026,
13,0.0,gf,0.000,mm,OK,--,8:43:15 PM,7/10/2026,
14,0.0,gf,0.000,mm,OK,--,8:43:15 PM,7/10/2026,
15,0.0,gf,0.000,mm,OK,--,8:43:15 PM,7/10/2026,
16,0.0,gf,0.000,mm,OK,--,8:43:15 PM,7/10/2026,
17,0.0,gf,0.005,mm,OK,--,8:43:15 PM,7/10/2026,
18,0.0,gf,0.005,mm,OK,--,8:43:15 PM,7/10/2026,
19,0.0,gf,0.005,mm,OK,--,8:43:15 PM,7/10/2026,
20,0.0,gf,0.005,mm,OK,--,8:43:16 PM,7/10/2026,
21,0.0,gf,0.005,mm,OK,--,8:43:16 PM,7/10/2026,
22,0.1,gf,0.005,mm,OK,--,8:43:16 PM,7/10/2026,
23,0.0,gf,0.010,mm,OK,--,8:43:16 PM,7/10/2026,
24,0.0,gf,0.010,mm,OK,--,8:43:16 PM,7/10/2026,
25,0.0,gf,0.010,mm,OK,--,8:43:16 PM,7/10/2026,
26,0.1,gf,0.010,mm,OK,--,8:43:16 PM,7/10/2026,
27,0.0,gf,0.010,mm,OK,--,8:43:16 PM,7/10/2026,
28,0.0,gf,0.010,mm,OK,--,8:43:16 PM,7/10/2026,
29,0.1,gf,0.010,mm,OK,--,8:43:16 PM,7/10/2026,
30,0.1,gf,0.015,mm,OK,--,8:43:17 PM,7/10/2026,
31,0.0,gf,0.015,mm,OK,--,8:43:17 PM,7/10/2026,
32,0.0,gf,0.015,mm,OK,--,8:43:17 PM,7/10/2026,
33,0.0,gf,0.015,mm,OK,--,8:43:17 PM,7/10/2026,
34,0.0,gf,0.015,mm,OK,--,8:43:17 PM,7/10/2026,
35,0.0,gf,0.015,mm,OK,--,8:43:17 PM,7/10/2026,
36,0.1,gf,0.020,mm,OK,--,8:43:17 PM,7/10/2026,
37,0.0,gf,0.020,mm,OK,--,8:43:17 PM,7/10/2026,
38,0.0,gf,0.025,mm,OK,--,8:43:17 PM,7/10/2026,
39,0.0,gf,0.030,mm,OK,--,8:43:17 PM,7/10/2026,
40,0.0,gf,0.030,mm,OK,--,8:43:18 PM,7/10/2026,
41,0.4,gf,0.035,mm,OK,--,8:43:18 PM,7/10/2026,
42,2.9,gf,0.040,mm,OK,--,8:43:18 PM,7/10/2026,
43,6.8,gf,0.045,mm,OK,--,8:43:18 PM,7/10/2026,
44,10.9,gf,0.050,mm,OK,--,8:43:18 PM,7/10/2026,
45,11.8,gf,0.050,mm,OK,--,8:43:18 PM,7/10/2026,
46,13.9,gf,0.055,mm,OK,--,8:43:18 PM,7/10/2026,
47,17.1,gf,0.060,mm,OK,--,8:43:18 PM,7/10/2026,
48,20.3,gf,0.060,mm,OK,--,8:43:18 PM,7/10/2026,
49,22.5,gf,0.065,mm,OK,--,8:43:18 PM,7/10/2026,
50,24.4,gf,0.070,mm,OK,--,8:43:19 PM,7/10/2026,
51,23.7,gf,0.070,mm,OK,--,8:43:19 PM,7/10/2026,
52,24.1,gf,0.075,mm,OK,--,8:43:19 PM,7/10/2026,
53,23.7,gf,0.080,mm,OK,--,8:43:19 PM,7/10/2026,
54,23.6,gf,0.080,mm,OK,--,8:43:19 PM,7/10/2026,
55,23.4,gf,0.085,mm,OK,--,8:43:19 PM,7/10/2026,
56,23.3,gf,0.085,mm,OK,--,8:43:19 PM,7/10/2026,
57,23.3,gf,0.090,mm,OK,--,8:43:19 PM,7/10/2026,
58,23.2,gf,0.095,mm,OK,--,8:43:19 PM,7/10/2026,
59,23.3,gf,0.095,mm,OK,--,8:43:19 PM,7/10/2026,
60,23.2,gf,0.100,mm,OK,--,8:43:20 PM,7/10/2026,
61,23.2,gf,0.105,mm,OK,--,8:43:20 PM,7/10/2026,
62,23.2,gf,0.105,mm,OK,--,8:43:20 PM,7/10/2026,
63,23.2,gf,0.110,mm,OK,--,8:43:20 PM,7/10/2026,
64,23.2,gf,0.115,mm,OK,--,8:43:20 PM,7/10/2026,
65,23.2,gf,0.115,mm,OK,--,8:43:20 PM,7/10/2026,
66,23.3,gf,0.120,mm,OK,--,8:43:20 PM,7/10/2026,
67,23.3,gf,0.125,mm,OK,--,8:43:20 PM,7/10/2026,
68,23.2,gf,0.130,mm,OK,--,8:43:20 PM,7/10/2026,
69,23.2,gf,0.135,mm,OK,--,8:43:20 PM,7/10/2026,
70,23.2,gf,0.135,mm,OK,--,8:43:21 PM,7/10/2026,
71,23.2,gf,0.140,mm,OK,--,8:43:21 PM,7/10/2026,
72,23.2,gf,0.145,mm,OK,--,8:43:21 PM,7/10/2026,
73,23.2,gf,0.145,mm,OK,--,8:43:21 PM,7/10/2026,
74,23.2,gf,0.150,mm,OK,--,8:43:21 PM,7/10/2026,
75,23.2,gf,0.150,mm,OK,--,8:43:21 PM,7/10/2026,
76,23.3,gf,0.155,mm,OK,--,8:43:21 PM,7/10/2026,
77,23.3,gf,0.160,mm,OK,--,8:43:21 PM,7/10/2026,
78,23.3,gf,0.160,mm,OK,--,8:43:21 PM,7/10/2026,
79,23.3,gf,0.165,mm,OK,--,8:43:21 PM,7/10/2026,
80,23.3,gf,0.170,mm,OK,--,8:43:22 PM,7/10/2026,
81,23.2,gf,0.170,mm,OK,--,8:43:22 PM,7/10/2026,
82,23.3,gf,0.175,mm,OK,--,8:43:22 PM,7/10/2026,
83,23.2,gf,0.180,mm,OK,--,8:43:22 PM,7/10/2026,
84,23.3,gf,0.180,mm,OK,--,8:43:22 PM,7/10/2026,
85,23.3,gf,0.180,mm,OK,--,8:43:22 PM,7/10/2026,
86,23.3,gf,0.185,mm,OK,--,8:43:22 PM,7/10/2026,
87,23.4,gf,0.185,mm,OK,--,8:43:22 PM,7/10/2026,
88,23.3,gf,0.190,mm,OK,--,8:43:22 PM,7/10/2026,
89,23.2,gf,0.190,mm,OK,--,8:43:22 PM,7/10/2026,
90,23.3,gf,0.195,mm,OK,--,8:43:23 PM,7/10/2026,
91,23.4,gf,0.195,mm,OK,--,8:43:23 PM,7/10/2026,
92,23.3,gf,0.195,mm,OK,--,8:43:23 PM,7/10/2026,
93,23.4,gf,0.195,mm,OK,--,8:43:23 PM,7/10/2026,
94,23.3,gf,0.195,mm,OK,--,8:43:23 PM,7/10/2026,
95,23.2,gf,0.195,mm,OK,--,8:43:23 PM,7/10/2026,
96,23.4,gf,0.200,mm,OK,--,8:43:23 PM,7/10/2026,
97,23.4,gf,0.200,mm,OK,--,8:43:23 PM,7/10/2026,
98,23.4,gf,0.200,mm,OK,--,8:43:23 PM,7/10/2026,
99,23.4,gf,0.200,mm,OK,--,8:43:23 PM,7/10/2026,
100,23.4,gf,0.200,mm,OK,--,8:43:24 PM,7/10/2026,
101,23.6,gf,0.200,mm,OK,--,8:43:24 PM,7/10/2026,
102,23.3,gf,0.200,mm,OK,--,8:43:24 PM,7/10/2026,
103,23.4,gf,0.205,mm,OK,--,8:43:24 PM,7/10/2026,
104,23.4,gf,0.205,mm,OK,--,8:43:24 PM,7/10/2026,
105,23.4,gf,0.205,mm,OK,--,8:43:24 PM,7/10/2026,
106,23.5,gf,0.205,mm,OK,--,8:43:24 PM,7/10/2026,
107,23.4,gf,0.205,mm,OK,--,8:43:24 PM,7/10/2026,
108,23.5,gf,0.205,mm,OK,--,8:43:24 PM,7/10/2026,
109,23.5,gf,0.210,mm,OK,--,8:43:24 PM,7/10/2026,
110,23.5,gf,0.210,mm,OK,--,8:43:25 PM,7/10/2026,
111,23.4,gf,0.215,mm,OK,--,8:43:25 PM,7/10/2026,
112,23.5,gf,0.215,mm,OK,--,8:43:25 PM,7/10/2026,
113,23.5,gf,0.220,mm,OK,--,8:43:25 PM,7/10/2026,
114,23.4,gf,0.225,mm,OK,--,8:43:25 PM,7/10/2026,
115,23.4,gf,0.230,mm,OK,--,8:43:25 PM,7/10/2026,
116,23.5,gf,0.235,mm,OK,--,8:43:25 PM,7/10/2026,
117,23.4,gf,0.235,mm,OK,--,8:43:25 PM,7/10/2026,
118,23.4,gf,0.240,mm,OK,--,8:43:25 PM,7/10/2026,
119,23.5,gf,0.240,mm,OK,--,8:43:25 PM,7/10/2026,
120,23.4,gf,0.245,mm,OK,--,8:43:26 PM,7/10/2026,
121,23.5,gf,0.245,mm,OK,--,8:43:26 PM,7/10/2026,
122,23.4,gf,0.245,mm,OK,--,8:43:26 PM,7/10/2026,
123,23.5,gf,0.245,mm,OK,--,8:43:26 PM,7/10/2026,
124,23.6,gf,0.245,mm,OK,--,8:43:26 PM,7/10/2026,
125,23.6,gf,0.250,mm,OK,--,8:43:26 PM,7/10/2026,
126,23.6,gf,0.250,mm,OK,--,8:43:26 PM,7/10/2026,
127,23.6,gf,0.255,mm,OK,--,8:43:26 PM,7/10/2026,
128,23.6,gf,0.255,mm,OK,--,8:43:26 PM,7/10/2026,
129,23.5,gf,0.255,mm,OK,--,8:43:26 PM,7/10/2026,
130,23.6,gf,0.260,mm,OK,--,8:43:27 PM,7/10/2026,
131,23.6,gf,0.260,mm,OK,--,8:43:27 PM,7/10/2026,
132,23.6,gf,0.260,mm,OK,--,8:43:27 PM,7/10/2026,
133,23.6,gf,0.265,mm,OK,--,8:43:27 PM,7/10/2026,
134,23.5,gf,0.270,mm,OK,--,8:43:27 PM,7/10/2026,
135,23.6,gf,0.270,mm,OK,--,8:43:27 PM,7/10/2026,
136,23.6,gf,0.275,mm,OK,--,8:43:27 PM,7/10/2026,
137,23.5,gf,0.280,mm,OK,--,8:43:27 PM,7/10/2026,
138,23.5,gf,0.280,mm,OK,--,8:43:27 PM,7/10/2026,
139,23.5,gf,0.285,mm,OK,--,8:43:27 PM,7/10/2026,
140,23.5,gf,0.290,mm,OK,--,8:43:28 PM,7/10/2026,
141,23.5,gf,0.290,mm,OK,--,8:43:28 PM,7/10/2026,
142,23.6,gf,0.295,mm,OK,--,8:43:28 PM,7/10/2026,
143,23.6,gf,0.295,mm,OK,--,8:43:28 PM,7/10/2026,
144,23.6,gf,0.300,mm,OK,--,8:43:28 PM,7/10/2026,
145,23.7,gf,0.300,mm,OK,--,8:43:28 PM,7/10/2026,
146,23.7,gf,0.305,mm,OK,--,8:43:28 PM,7/10/2026,
147,23.7,gf,0.305,mm,OK,--,8:43:28 PM,7/10/2026,
148,23.7,gf,0.310,mm,OK,--,8:43:28 PM,7/10/2026,
149,23.7,gf,0.315,mm,OK,--,8:43:28 PM,7/10/2026,
150,23.7,gf,0.315,mm,OK,--,8:43:29 PM,7/10/2026,
151,23.7,gf,0.320,mm,OK,--,8:43:29 PM,7/10/2026,
152,23.7,gf,0.320,mm,OK,--,8:43:29 PM,7/10/2026,
153,23.8,gf,0.325,mm,OK,--,8:43:29 PM,7/10/2026,
154,23.8,gf,0.330,mm,OK,--,8:43:29 PM,7/10/2026,
155,23.9,gf,0.335,mm,OK,--,8:43:29 PM,7/10/2026,
156,23.8,gf,0.340,mm,OK,--,8:43:29 PM,7/10/2026,
157,23.9,gf,0.340,mm,OK,--,8:43:29 PM,7/10/2026,
158,23.9,gf,0.340,mm,OK,--,8:43:29 PM,7/10/2026,
159,23.9,gf,0.345,mm,OK,--,8:43:29 PM,7/10/2026,
160,24.0,gf,0.345,mm,OK,--,8:43:30 PM,7/10/2026,
161,24.0,gf,0.350,mm,OK,--,8:43:30 PM,7/10/2026,
162,24.1,gf,0.350,mm,OK,--,8:43:30 PM,7/10/2026,
163,24.1,gf,0.355,mm,OK,--,8:43:30 PM,7/10/2026,
164,24.1,gf,0.360,mm,OK,--,8:43:30 PM,7/10/2026,
165,24.0,gf,0.365,mm,OK,--,8:43:30 PM,7/10/2026,
166,24.1,gf,0.365,mm,OK,--,8:43:30 PM,7/10/2026,
167,24.1,gf,0.370,mm,OK,--,8:43:30 PM,7/10/2026,
168,24.0,gf,0.375,mm,OK,--,8:43:30 PM,7/10/2026,
169,24.1,gf,0.375,mm,OK,--,8:43:30 PM,7/10/2026,
170,24.1,gf,0.375,mm,OK,--,8:43:31 PM,7/10/2026,
171,24.1,gf,0.380,mm,OK,--,8:43:31 PM,7/10/2026,
172,24.2,gf,0.385,mm,OK,--,8:43:31 PM,7/10/2026,
173,23.9,gf,0.385,mm,OK,--,8:43:31 PM,7/10/2026,
174,24.0,gf,0.385,mm,OK,--,8:43:31 PM,7/10/2026,
175,24.0,gf,0.390,mm,OK,--,8:43:31 PM,7/10/2026,
176,24.2,gf,0.390,mm,OK,--,8:43:31 PM,7/10/2026,
177,24.2,gf,0.395,mm,OK,--,8:43:31 PM,7/10/2026,
178,24.1,gf,0.400,mm,OK,--,8:43:31 PM,7/10/2026,
179,24.3,gf,0.400,mm,OK,--,8:43:31 PM,7/10/2026,
180,24.2,gf,0.405,mm,OK,--,8:43:32 PM,7/10/2026,
181,24.2,gf,0.410,mm,OK,--,8:43:32 PM,7/10/2026,
182,24.2,gf,0.410,mm,OK,--,8:43:32 PM,7/10/2026,
183,24.1,gf,0.415,mm,OK,--,8:43:32 PM,7/10/2026,
184,24.2,gf,0.415,mm,OK,--,8:43:32 PM,7/10/2026,
185,24.3,gf,0.415,mm,OK,--,8:43:32 PM,7/10/2026,
186,24.3,gf,0.415,mm,OK,--,8:43:32 PM,7/10/2026,
187,24.3,gf,0.420,mm,OK,--,8:43:32 PM,7/10/2026,
188,24.4,gf,0.420,mm,OK,--,8:43:32 PM,7/10/2026,
189,24.1,gf,0.420,mm,OK,--,8:43:32 PM,7/10/2026,
190,24.1,gf,0.420,mm,OK,--,8:43:33 PM,7/10/2026,
191,24.2,gf,0.420,mm,OK,--,8:43:33 PM,7/10/2026,
192,24.2,gf,0.425,mm,OK,--,8:43:33 PM,7/10/2026,
193,24.3,gf,0.425,mm,OK,--,8:43:33 PM,7/10/2026,
194,24.4,gf,0.425,mm,OK,--,8:43:33 PM,7/10/2026,
195,24.2,gf,0.425,mm,OK,--,8:43:33 PM,7/10/2026,
196,24.3,gf,0.425,mm,OK,--,8:43:33 PM,7/10/2026,
197,24.4,gf,0.425,mm,OK,--,8:43:33 PM,7/10/2026,
198,24.5,gf,0.430,mm,OK,--,8:43:33 PM,7/10/2026,
199,24.3,gf,0.430,mm,OK,--,8:43:33 PM,7/10/2026,
200,24.3,gf,0.435,mm,OK,--,8:43:34 PM,7/10/2026,
201,24.2,gf,0.435,mm,OK,--,8:43:34 PM,7/10/2026,
202,24.3,gf,0.435,mm,OK,--,8:43:34 PM,7/10/2026,
203,24.4,gf,0.435,mm,OK,--,8:43:34 PM,7/10/2026,
204,24.4,gf,0.435,mm,OK,--,8:43:34 PM,7/10/2026,
205,24.4,gf,0.435,mm,OK,--,8:43:34 PM,7/10/2026,
206,24.7,gf,0.440,mm,OK,--,8:43:34 PM,7/10/2026,
207,24.6,gf,0.445,mm,OK,--,8:43:34 PM,7/10/2026,
208,24.4,gf,0.455,mm,OK,--,8:43:34 PM,7/10/2026,
209,24.4,gf,0.460,mm,OK,--,8:43:34 PM,7/10/2026,
210,24.1,gf,0.465,mm,OK,--,8:43:35 PM,7/10/2026,
211,24.3,gf,0.465,mm,OK,--,8:43:35 PM,7/10/2026,
212,24.4,gf,0.465,mm,OK,--,8:43:35 PM,7/10/2026,
213,24.5,gf,0.470,mm,OK,--,8:43:35 PM,7/10/2026,
214,24.5,gf,0.470,mm,OK,--,8:43:35 PM,7/10/2026,
215,24.5,gf,0.475,mm,OK,--,8:43:35 PM,7/10/2026,
216,24.5,gf,0.475,mm,OK,--,8:43:35 PM,7/10/2026,
217,24.4,gf,0.480,mm,OK,--,8:43:35 PM,7/10/2026,
218,24.4,gf,0.480,mm,OK,--,8:43:35 PM,7/10/2026,
219,24.5,gf,0.480,mm,OK,--,8:43:35 PM,7/10/2026,
220,24.5,gf,0.480,mm,OK,--,8:43:36 PM,7/10/2026,
221,24.5,gf,0.485,mm,OK,--,8:43:36 PM,7/10/2026,
222,24.5,gf,0.485,mm,OK,--,8:43:36 PM,7/10/2026,
223,24.5,gf,0.485,mm,OK,--,8:43:36 PM,7/10/2026,
224,24.6,gf,0.485,mm,OK,--,8:43:36 PM,7/10/2026,
225,24.7,gf,0.490,mm,OK,--,8:43:36 PM,7/10/2026,
226,24.5,gf,0.500,mm,OK,--,8:43:36 PM,7/10/2026,
227,24.5,gf,0.510,mm,OK,--,8:43:36 PM,7/10/2026,
228,24.4,gf,0.515,mm,OK,--,8:43:36 PM,7/10/2026,
229,24.5,gf,0.520,mm,OK,--,8:43:36 PM,7/10/2026,
230,24.5,gf,0.530,mm,OK,--,8:43:37 PM,7/10/2026,
231,24.6,gf,0.535,mm,OK,--,8:43:37 PM,7/10/2026,
232,24.6,gf,0.540,mm,OK,--,8:43:37 PM,7/10/2026,
233,24.6,gf,0.545,mm,OK,--,8:43:37 PM,7/10/2026,
234,24.6,gf,0.550,mm,OK,--,8:43:37 PM,7/10/2026,
235,24.6,gf,0.555,mm,OK,--,8:43:37 PM,7/10/2026,
236,24.7,gf,0.560,mm,OK,--,8:43:37 PM,7/10/2026,
237,24.7,gf,0.565,mm,OK,--,8:43:37 PM,7/10/2026,
238,24.7,gf,0.580,mm,OK,--,8:43:37 PM,7/10/2026,
239,24.7,gf,0.590,mm,OK,--,8:43:37 PM,7/10/2026,
240,24.9,gf,0.600,mm,OK,--,8:43:38 PM,7/10/2026,
241,24.8,gf,0.610,mm,OK,--,8:43:38 PM,7/10/2026,
242,24.9,gf,0.625,mm,OK,--,8:43:38 PM,7/10/2026,
243,24.9,gf,0.635,mm,OK,--,8:43:38 PM,7/10/2026,
244,24.9,gf,0.655,mm,OK,--,8:43:38 PM,7/10/2026,
245,24.9,gf,0.670,mm,OK,--,8:43:38 PM,7/10/2026,
246,25.0,gf,0.680,mm,OK,--,8:43:38 PM,7/10/2026,
247,25.0,gf,0.685,mm,OK,--,8:43:38 PM,7/10/2026,
248,25.1,gf,0.695,mm,OK,--,8:43:38 PM,7/10/2026,
249,25.1,gf,0.705,mm,OK,--,8:43:38 PM,7/10/2026,
250,25.1,gf,0.715,mm,OK,--,8:43:39 PM,7/10/2026,
251,25.1,gf,0.725,mm,OK,--,8:43:39 PM,7/10/2026,
252,25.1,gf,0.730,mm,OK,--,8:43:39 PM,7/10/2026,
253,25.1,gf,0.735,mm,OK,--,8:43:39 PM,7/10/2026,
254,25.1,gf,0.740,mm,OK,--,8:43:39 PM,7/10/2026,
255,25.2,gf,0.745,mm,OK,--,8:43:39 PM,7/10/2026,
256,25.1,gf,0.750,mm,OK,--,8:43:39 PM,7/10/2026,
257,25.2,gf,0.755,mm,OK,--,8:43:39 PM,7/10/2026,
258,25.1,gf,0.760,mm,OK,--,8:43:39 PM,7/10/2026,
259,25.1,gf,0.765,mm,OK,--,8:43:39 PM,7/10/2026,
260,25.2,gf,0.770,mm,OK,--,8:43:40 PM,7/10/2026,
261,25.2,gf,0.775,mm,OK,--,8:43:40 PM,7/10/2026,
262,25.2,gf,0.785,mm,OK,--,8:43:40 PM,7/10/2026,
263,25.2,gf,0.790,mm,OK,--,8:43:40 PM,7/10/2026,
264,25.2,gf,0.795,mm,OK,--,8:43:40 PM,7/10/2026,
265,25.2,gf,0.800,mm,OK,--,8:43:40 PM,7/10/2026,
266,25.3,gf,0.810,mm,OK,--,8:43:40 PM,7/10/2026,
267,25.2,gf,0.820,mm,OK,--,8:43:40 PM,7/10/2026,
268,25.2,gf,0.825,mm,OK,--,8:43:40 PM,7/10/2026,
269,25.2,gf,0.830,mm,OK,--,8:43:40 PM,7/10/2026,
270,25.3,gf,0.835,mm,OK,--,8:43:41 PM,7/10/2026,
271,25.3,gf,0.840,mm,OK,--,8:43:41 PM,7/10/2026,
272,25.2,gf,0.845,mm,OK,--,8:43:41 PM,7/10/2026,
273,25.3,gf,0.845,mm,OK,--,8:43:41 PM,7/10/2026,
274,25.3,gf,0.850,mm,OK,--,8:43:41 PM,7/10/2026,
275,25.3,gf,0.855,mm,OK,--,8:43:41 PM,7/10/2026,
276,25.3,gf,0.865,mm,OK,--,8:43:41 PM,7/10/2026,
277,25.4,gf,0.870,mm,OK,--,8:43:41 PM,7/10/2026,
278,25.4,gf,0.880,mm,OK,--,8:43:41 PM,7/10/2026,
279,25.4,gf,0.890,mm,OK,--,8:43:41 PM,7/10/2026,
280,25.4,gf,0.900,mm,OK,--,8:43:42 PM,7/10/2026,
281,25.5,gf,0.910,mm,OK,--,8:43:42 PM,7/10/2026,
282,25.5,gf,0.915,mm,OK,--,8:43:42 PM,7/10/2026,
283,25.6,gf,0.920,mm,OK,--,8:43:42 PM,7/10/2026,
284,25.6,gf,0.930,mm,OK,--,8:43:42 PM,7/10/2026,
285,25.6,gf,0.935,mm,OK,--,8:43:42 PM,7/10/2026,
286,25.6,gf,0.940,mm,OK,--,8:43:42 PM,7/10/2026,
287,25.6,gf,0.945,mm,OK,--,8:43:42 PM,7/10/2026,
288,25.6,gf,0.950,mm,OK,--,8:43:42 PM,7/10/2026,
289,25.7,gf,0.955,mm,OK,--,8:43:42 PM,7/10/2026,
290,25.6,gf,0.960,mm,OK,--,8:43:43 PM,7/10/2026,
291,25.6,gf,0.960,mm,OK,--,8:43:43 PM,7/10/2026,
292,25.5,gf,0.965,mm,OK,--,8:43:43 PM,7/10/2026,
293,25.6,gf,0.965,mm,OK,--,8:43:43 PM,7/10/2026,
294,25.7,gf,0.970,mm,OK,--,8:43:43 PM,7/10/2026,
295,25.7,gf,0.975,mm,OK,--,8:43:43 PM,7/10/2026,
296,25.7,gf,0.980,mm,OK,--,8:43:43 PM,7/10/2026,
297,25.6,gf,0.985,mm,OK,--,8:43:43 PM,7/10/2026,
298,25.7,gf,0.990,mm,OK,--,8:43:43 PM,7/10/2026,
299,25.8,gf,0.995,mm,OK,--,8:43:43 PM,7/10/2026,
300,25.7,gf,0.995,mm,OK,--,8:43:44 PM,7/10/2026,
301,25.8,gf,1.000,mm,OK,--,8:43:44 PM,7/10/2026,
302,25.8,gf,1.005,mm,OK,--,8:43:44 PM,7/10/2026,
303,25.8,gf,1.005,mm,OK,--,8:43:44 PM,7/10/2026,
304,25.9,gf,1.010,mm,OK,--,8:43:44 PM,7/10/2026,
305,25.9,gf,1.015,mm,OK,--,8:43:44 PM,7/10/2026,
306,25.9,gf,1.025,mm,OK,--,8:43:44 PM,7/10/2026,
307,25.9,gf,1.030,mm,OK,--,8:43:44 PM,7/10/2026,
308,25.9,gf,1.035,mm,OK,--,8:43:44 PM,7/10/2026,
309,26.0,gf,1.040,mm,OK,--,8:43:44 PM,7/10/2026,
310,25.9,gf,1.050,mm,OK,--,8:43:45 PM,7/10/2026,
311,25.9,gf,1.055,mm,OK,--,8:43:45 PM,7/10/2026,
312,25.9,gf,1.065,mm,OK,--,8:43:45 PM,7/10/2026,
313,25.9,gf,1.070,mm,OK,--,8:43:45 PM,7/10/2026,
314,25.9,gf,1.080,mm,OK,--,8:43:45 PM,7/10/2026,
315,25.9,gf,1.085,mm,OK,--,8:43:45 PM,7/10/2026,
316,25.9,gf,1.095,mm,OK,--,8:43:45 PM,7/10/2026,
317,25.9,gf,1.100,mm,OK,--,8:43:45 PM,7/10/2026,
318,25.9,gf,1.105,mm,OK,--,8:43:45 PM,7/10/2026,
319,25.9,gf,1.115,mm,OK,--,8:43:45 PM,7/10/2026,
320,25.9,gf,1.120,mm,OK,--,8:43:46 PM,7/10/2026,
321,25.9,gf,1.130,mm,OK,--,8:43:46 PM,7/10/2026,
322,25.9,gf,1.135,mm,OK,--,8:43:46 PM,7/10/2026,
323,25.9,gf,1.145,mm,OK,--,8:43:46 PM,7/10/2026,
324,26.0,gf,1.150,mm,OK,--,8:43:46 PM,7/10/2026,
325,26.0,gf,1.155,mm,OK,--,8:43:46 PM,7/10/2026,
326,26.0,gf,1.165,mm,OK,--,8:43:46 PM,7/10/2026,
327,26.0,gf,1.170,mm,OK,--,8:43:46 PM,7/10/2026,
328,26.0,gf,1.180,mm,OK,--,8:43:46 PM,7/10/2026,
329,26.0,gf,1.185,mm,OK,--,8:43:46 PM,7/10/2026,
330,26.0,gf,1.195,mm,OK,--,8:43:47 PM,7/10/2026,
331,26.0,gf,1.200,mm,OK,--,8:43:47 PM,7/10/2026,
332,26.0,gf,1.205,mm,OK,--,8:43:47 PM,7/10/2026,
333,26.0,gf,1.215,mm,OK,--,8:43:47 PM,7/10/2026,
334,26.0,gf,1.220,mm,OK,--,8:43:47 PM,7/10/2026,
335,26.0,gf,1.230,mm,OK,--,8:43:47 PM,7/10/2026,
336,26.0,gf,1.240,mm,OK,--,8:43:47 PM,7/10/2026,
337,26.0,gf,1.250,mm,OK,--,8:43:47 PM,7/10/2026,
338,26.0,gf,1.255,mm,OK,--,8:43:47 PM,7/10/2026,
339,26.1,gf,1.265,mm,OK,--,8:43:47 PM,7/10/2026,
340,26.1,gf,1.270,mm,OK,--,8:43:48 PM,7/10/2026,
341,26.1,gf,1.275,mm,OK,--,8:43:48 PM,7/10/2026,
342,26.1,gf,1.280,mm,OK,--,8:43:48 PM,7/10/2026,
343,26.1,gf,1.285,mm,OK,--,8:43:48 PM,7/10/2026,
344,26.1,gf,1.290,mm,OK,--,8:43:48 PM,7/10/2026,
345,26.1,gf,1.295,mm,OK,--,8:43:48 PM,7/10/2026,
346,26.1,gf,1.300,mm,OK,--,8:43:48 PM,7/10/2026,
347,26.2,gf,1.305,mm,OK,--,8:43:48 PM,7/10/2026,
348,26.1,gf,1.315,mm,OK,--,8:43:48 PM,7/10/2026,
349,26.2,gf,1.320,mm,OK,--,8:43:48 PM,7/10/2026,
350,26.2,gf,1.325,mm,OK,--,8:43:49 PM,7/10/2026,
351,26.2,gf,1.335,mm,OK,--,8:43:49 PM,7/10/2026,
352,26.2,gf,1.340,mm,OK,--,8:43:49 PM,7/10/2026,
353,26.2,gf,1.345,mm,OK,--,8:43:49 PM,7/10/2026,
354,26.2,gf,1.350,mm,OK,--,8:43:49 PM,7/10/2026,
355,26.2,gf,1.355,mm,OK,--,8:43:49 PM,7/10/2026,
356,26.2,gf,1.360,mm,OK,--,8:43:49 PM,7/10/2026,
357,26.2,gf,1.365,mm,OK,--,8:43:49 PM,7/10/2026,
358,26.2,gf,1.370,mm,OK,--,8:43:49 PM,7/10/2026,
359,26.2,gf,1.375,mm,OK,--,8:43:49 PM,7/10/2026,
360,26.2,gf,1.380,mm,OK,--,8:43:50 PM,7/10/2026,
361,26.2,gf,1.380,mm,OK,--,8:43:50 PM,7/10/2026,
362,26.2,gf,1.385,mm,OK,--,8:43:50 PM,7/10/2026,
363,26.2,gf,1.385,mm,OK,--,8:43:50 PM,7/10/2026,
364,26.2,gf,1.390,mm,OK,--,8:43:50 PM,7/10/2026,
365,26.2,gf,1.395,mm,OK,--,8:43:50 PM,7/10/2026,
366,26.3,gf,1.395,mm,OK,--,8:43:50 PM,7/10/2026,
367,26.3,gf,1.400,mm,OK,--,8:43:50 PM,7/10/2026,
368,26.3,gf,1.410,mm,OK,--,8:43:50 PM,7/10/2026,
369,26.3,gf,1.415,mm,OK,--,8:43:50 PM,7/10/2026,
370,26.3,gf,1.420,mm,OK,--,8:43:51 PM,7/10/2026,
371,26.3,gf,1.425,mm,OK,--,8:43:51 PM,7/10/2026,
372,26.3,gf,1.425,mm,OK,--,8:43:51 PM,7/10/2026,
373,26.3,gf,1.430,mm,OK,--,8:43:51 PM,7/10/2026,
374,26.3,gf,1.430,mm,OK,--,8:43:51 PM,7/10/2026,
375,26.4,gf,1.435,mm,OK,--,8:43:51 PM,7/10/2026,
376,26.4,gf,1.440,mm,OK,--,8:43:51 PM,7/10/2026,
377,26.4,gf,1.445,mm,OK,--,8:43:51 PM,7/10/2026,
378,26.4,gf,1.450,mm,OK,--,8:43:51 PM,7/10/2026,
379,26.4,gf,1.455,mm,OK,--,8:43:51 PM,7/10/2026,
380,26.4,gf,1.460,mm,OK,--,8:43:52 PM,7/10/2026,
381,26.4,gf,1.465,mm,OK,--,8:43:52 PM,7/10/2026,
382,26.4,gf,1.470,mm,OK,--,8:43:52 PM,7/10/2026,
383,26.4,gf,1.475,mm,OK,--,8:43:52 PM,7/10/2026,
384,26.4,gf,1.485,mm,OK,--,8:43:52 PM,7/10/2026,
385,26.5,gf,1.490,mm,OK,--,8:43:52 PM,7/10/2026,
386,26.5,gf,1.495,mm,OK,--,8:43:52 PM,7/10/2026,
387,26.5,gf,1.500,mm,OK,--,8:43:52 PM,7/10/2026,
388,26.5,gf,1.505,mm,OK,--,8:43:52 PM,7/10/2026,
389,26.5,gf,1.510,mm,OK,--,8:43:52 PM,7/10/2026,
390,26.5,gf,1.515,mm,OK,--,8:43:53 PM,7/10/2026,
391,26.5,gf,1.520,mm,OK,--,8:43:53 PM,7/10/2026,
392,26.5,gf,1.525,mm,OK,--,8:43:53 PM,7/10/2026,
393,26.5,gf,1.530,mm,OK,--,8:43:53 PM,7/10/2026,
394,26.5,gf,1.535,mm,OK,--,8:43:53 PM,7/10/2026,
395,26.5,gf,1.540,mm,OK,--,8:43:53 PM,7/10/2026,
396,26.4,gf,1.545,mm,OK,--,8:43:53 PM,7/10/2026,
397,26.3,gf,1.550,mm,OK,--,8:43:53 PM,7/10/2026,
398,26.4,gf,1.550,mm,OK,--,8:43:53 PM,7/10/2026,
399,26.5,gf,1.555,mm,OK,--,8:43:53 PM,7/10/2026,
400,26.5,gf,1.560,mm,OK,--,8:43:54 PM,7/10/2026,
401,26.6,gf,1.565,mm,OK,--,8:43:54 PM,7/10/2026,
402,26.6,gf,1.565,mm,OK,--,8:43:54 PM,7/10/2026,
403,26.6,gf,1.570,mm,OK,--,8:43:54 PM,7/10/2026,
404,26.6,gf,1.575,mm,OK,--,8:43:54 PM,7/10/2026,
405,26.5,gf,1.575,mm,OK,--,8:43:54 PM,7/10/2026,
406,26.5,gf,1.575,mm,OK,--,8:43:54 PM,7/10/2026,
407,26.6,gf,1.580,mm,OK,--,8:43:54 PM,7/10/2026,
408,26.6,gf,1.585,mm,OK,--,8:43:54 PM,7/10/2026,
409,26.6,gf,1.590,mm,OK,--,8:43:54 PM,7/10/2026,
410,26.6,gf,1.590,mm,OK,--,8:43:55 PM,7/10/2026,
411,26.6,gf,1.595,mm,OK,--,8:43:55 PM,7/10/2026,
412,26.6,gf,1.600,mm,OK,--,8:43:55 PM,7/10/2026,
413,26.6,gf,1.605,mm,OK,--,8:43:55 PM,7/10/2026,
414,26.6,gf,1.610,mm,OK,--,8:43:55 PM,7/10/2026,
415,26.6,gf,1.610,mm,OK,--,8:43:55 PM,7/10/2026,
416,26.7,gf,1.615,mm,OK,--,8:43:55 PM,7/10/2026,
417,26.7,gf,1.625,mm,OK,--,8:43:55 PM,7/10/2026,
418,26.7,gf,1.630,mm,OK,--,8:43:55 PM,7/10/2026,
419,26.8,gf,1.635,mm,OK,--,8:43:55 PM,7/10/2026,
420,26.8,gf,1.640,mm,OK,--,8:43:56 PM,7/10/2026,
421,26.7,gf,1.645,mm,OK,--,8:43:56 PM,7/10/2026,
422,26.8,gf,1.650,mm,OK,--,8:43:56 PM,7/10/2026,
423,26.8,gf,1.655,mm,OK,--,8:43:56 PM,7/10/2026,
424,26.8,gf,1.660,mm,OK,--,8:43:56 PM,7/10/2026,
425,26.8,gf,1.660,mm,OK,--,8:43:56 PM,7/10/2026,
426,26.8,gf,1.665,mm,OK,--,8:43:56 PM,7/10/2026,
427,26.8,gf,1.670,mm,OK,--,8:43:56 PM,7/10/2026,
428,26.8,gf,1.675,mm,OK,--,8:43:56 PM,7/10/2026,
429,26.8,gf,1.680,mm,OK,--,8:43:56 PM,7/10/2026,
430,26.7,gf,1.680,mm,OK,--,8:43:57 PM,7/10/2026,
431,26.9,gf,1.685,mm,OK,--,8:43:57 PM,7/10/2026,
432,26.9,gf,1.685,mm,OK,--,8:43:57 PM,7/10/2026,
433,26.9,gf,1.690,mm,OK,--,8:43:57 PM,7/10/2026,
434,26.9,gf,1.690,mm,OK,--,8:43:57 PM,7/10/2026,
435,26.9,gf,1.695,mm,OK,--,8:43:57 PM,7/10/2026,
436,26.9,gf,1.695,mm,OK,--,8:43:57 PM,7/10/2026,
437,26.9,gf,1.695,mm,OK,--,8:43:57 PM,7/10/2026,
438,26.9,gf,1.695,mm,OK,--,8:43:57 PM,7/10/2026,
439,26.9,gf,1.700,mm,OK,--,8:43:57 PM,7/10/2026,
440,27.0,gf,1.700,mm,OK,--,8:43:58 PM,7/10/2026,
441,27.0,gf,1.705,mm,OK,--,8:43:58 PM,7/10/2026,
442,27.0,gf,1.710,mm,OK,--,8:43:58 PM,7/10/2026,
443,27.0,gf,1.710,mm,OK,--,8:43:58 PM,7/10/2026,
444,27.0,gf,1.715,mm,OK,--,8:43:58 PM,7/10/2026,
445,27.0,gf,1.720,mm,OK,--,8:43:58 PM,7/10/2026,
446,27.0,gf,1.725,mm,OK,--,8:43:58 PM,7/10/2026,
447,27.0,gf,1.730,mm,OK,--,8:43:58 PM,7/10/2026,
448,27.0,gf,1.735,mm,OK,--,8:43:58 PM,7/10/2026,
449,26.9,gf,1.740,mm,OK,--,8:43:58 PM,7/10/2026,
450,27.0,gf,1.745,mm,OK,--,8:43:59 PM,7/10/2026,
451,26.9,gf,1.745,mm,OK,--,8:43:59 PM,7/10/2026,
452,26.9,gf,1.750,mm,OK,--,8:43:59 PM,7/10/2026,
453,26.9,gf,1.750,mm,OK,--,8:43:59 PM,7/10/2026,
454,27.0,gf,1.755,mm,OK,--,8:43:59 PM,7/10/2026,
455,27.0,gf,1.760,mm,OK,--,8:43:59 PM,7/10/2026,
456,27.0,gf,1.765,mm,OK,--,8:43:59 PM,7/10/2026,
457,27.0,gf,1.765,mm,OK,--,8:43:59 PM,7/10/2026,
458,27.1,gf,1.770,mm,OK,--,8:43:59 PM,7/10/2026,
459,27.1,gf,1.775,mm,OK,--,8:43:59 PM,7/10/2026,
460,27.1,gf,1.785,mm,OK,--,8:44:00 PM,7/10/2026,
461,27.1,gf,1.790,mm,OK,--,8:44:00 PM,7/10/2026,
462,27.1,gf,1.800,mm,OK,--,8:44:00 PM,7/10/2026,
463,27.1,gf,1.810,mm,OK,--,8:44:00 PM,7/10/2026,
464,27.1,gf,1.815,mm,OK,--,8:44:00 PM,7/10/2026,
465,27.1,gf,1.820,mm,OK,--,8:44:00 PM,7/10/2026,
466,27.2,gf,1.825,mm,OK,--,8:44:00 PM,7/10/2026,
467,27.2,gf,1.830,mm,OK,--,8:44:00 PM,7/10/2026,
468,27.2,gf,1.835,mm,OK,--,8:44:00 PM,7/10/2026,
469,27.2,gf,1.840,mm,OK,--,8:44:00 PM,7/10/2026,
470,27.2,gf,1.845,mm,OK,--,8:44:01 PM,7/10/2026,
471,27.3,gf,1.855,mm,OK,--,8:44:01 PM,7/10/2026,
472,27.3,gf,1.860,mm,OK,--,8:44:01 PM,7/10/2026,
473,27.3,gf,1.860,mm,OK,--,8:44:01 PM,7/10/2026,
474,27.3,gf,1.865,mm,OK,--,8:44:01 PM,7/10/2026,
475,27.3,gf,1.875,mm,OK,--,8:44:01 PM,7/10/2026,
476,27.4,gf,1.880,mm,OK,--,8:44:01 PM,7/10/2026,
477,27.4,gf,1.885,mm,OK,--,8:44:01 PM,7/10/2026,
478,27.5,gf,1.890,mm,OK,--,8:44:01 PM,7/10/2026,
479,27.4,gf,1.895,mm,OK,--,8:44:01 PM,7/10/2026,
480,27.5,gf,1.905,mm,OK,--,8:44:02 PM,7/10/2026,
481,27.5,gf,1.905,mm,OK,--,8:44:02 PM,7/10/2026,
482,27.6,gf,1.910,mm,OK,--,8:44:02 PM,7/10/2026,
483,27.6,gf,1.915,mm,OK,--,8:44:02 PM,7/10/2026,
484,27.6,gf,1.920,mm,OK,--,8:44:02 PM,7/10/2026,
485,27.6,gf,1.925,mm,OK,--,8:44:02 PM,7/10/2026,
486,27.6,gf,1.930,mm,OK,--,8:44:02 PM,7/10/2026,
487,27.6,gf,1.930,mm,OK,--,8:44:02 PM,7/10/2026,
488,27.6,gf,1.935,mm,OK,--,8:44:02 PM,7/10/2026,
489,27.6,gf,1.940,mm,OK,--,8:44:02 PM,7/10/2026,
490,27.6,gf,1.940,mm,OK,--,8:44:03 PM,7/10/2026,
491,27.6,gf,1.945,mm,OK,--,8:44:03 PM,7/10/2026,
492,27.6,gf,1.950,mm,OK,--,8:44:03 PM,7/10/2026,
493,27.6,gf,1.955,mm,OK,--,8:44:03 PM,7/10/2026,
494,27.6,gf,1.960,mm,OK,--,8:44:03 PM,7/10/2026,
495,27.6,gf,1.965,mm,OK,--,8:44:03 PM,7/10/2026,
496,27.6,gf,1.970,mm,OK,--,8:44:03 PM,7/10/2026,
497,27.7,gf,1.975,mm,OK,--,8:44:03 PM,7/10/2026,
498,27.7,gf,1.980,mm,OK,--,8:44:03 PM,7/10/2026,
499,27.7,gf,1.990,mm,OK,--,8:44:03 PM,7/10/2026,
500,27.7,gf,1.995,mm,OK,--,8:44:04 PM,7/10/2026,
501,27.7,gf,2.000,mm,OK,--,8:44:04 PM,7/10/2026,
502,27.7,gf,2.005,mm,OK,--,8:44:04 PM,7/10/2026,
503,27.8,gf,2.005,mm,OK,--,8:44:04 PM,7/10/2026,
504,27.8,gf,2.010,mm,OK,--,8:44:04 PM,7/10/2026,
505,27.9,gf,2.015,mm,OK,--,8:44:04 PM,7/10/2026,
506,27.9,gf,2.020,mm,OK,--,8:44:04 PM,7/10/2026,
507,27.9,gf,2.025,mm,OK,--,8:44:04 PM,7/10/2026,
508,27.8,gf,2.025,mm,OK,--,8:44:04 PM,7/10/2026,
509,27.9,gf,2.030,mm,OK,--,8:44:04 PM,7/10/2026,
510,27.9,gf,2.030,mm,OK,--,8:44:05 PM,7/10/2026,
511,27.9,gf,2.035,mm,OK,--,8:44:05 PM,7/10/2026,
512,28.0,gf,2.035,mm,OK,--,8:44:05 PM,7/10/2026,
513,28.0,gf,2.040,mm,OK,--,8:44:05 PM,7/10/2026,
514,28.0,gf,2.045,mm,OK,--,8:44:05 PM,7/10/2026,
515,28.0,gf,2.045,mm,OK,--,8:44:05 PM,7/10/2026,
516,28.0,gf,2.050,mm,OK,--,8:44:05 PM,7/10/2026,
517,28.1,gf,2.055,mm,OK,--,8:44:05 PM,7/10/2026,
518,28.1,gf,2.060,mm,OK,--,8:44:05 PM,7/10/2026,
519,28.1,gf,2.060,mm,OK,--,8:44:05 PM,7/10/2026,
520,28.2,gf,2.065,mm,OK,--,8:44:06 PM,7/10/2026,
521,28.2,gf,2.070,mm,OK,--,8:44:06 PM,7/10/2026,
522,28.2,gf,2.070,mm,OK,--,8:44:06 PM,7/10/2026,
523,28.2,gf,2.075,mm,OK,--,8:44:06 PM,7/10/2026,
524,28.2,gf,2.080,mm,OK,--,8:44:06 PM,7/10/2026,
525,28.2,gf,2.080,mm,OK,--,8:44:06 PM,7/10/2026,
526,28.2,gf,2.085,mm,OK,--,8:44:06 PM,7/10/2026,
527,28.3,gf,2.085,mm,OK,--,8:44:06 PM,7/10/2026,
528,28.2,gf,2.090,mm,OK,--,8:44:06 PM,7/10/2026,
529,28.3,gf,2.090,mm,OK,--,8:44:06 PM,7/10/2026,
530,28.2,gf,2.095,mm,OK,--,8:44:07 PM,7/10/2026,
531,28.3,gf,2.100,mm,OK,--,8:44:07 PM,7/10/2026,
532,28.3,gf,2.105,mm,OK,--,8:44:07 PM,7/10/2026,
533,28.3,gf,2.105,mm,OK,--,8:44:07 PM,7/10/2026,
534,28.3,gf,2.110,mm,OK,--,8:44:07 PM,7/10/2026,
535,28.3,gf,2.110,mm,OK,--,8:44:07 PM,7/10/2026,
536,28.4,gf,2.115,mm,OK,--,8:44:07 PM,7/10/2026,
537,28.4,gf,2.115,mm,OK,--,8:44:07 PM,7/10/2026,
538,28.4,gf,2.120,mm,OK,--,8:44:07 PM,7/10/2026,
539,28.5,gf,2.125,mm,OK,--,8:44:07 PM,7/10/2026,
540,28.5,gf,2.130,mm,OK,--,8:44:08 PM,7/10/2026,
541,28.6,gf,2.135,mm,OK,--,8:44:08 PM,7/10/2026,
542,28.6,gf,2.140,mm,OK,--,8:44:08 PM,7/10/2026,
543,28.6,gf,2.145,mm,OK,--,8:44:08 PM,7/10/2026,
544,28.7,gf,2.150,mm,OK,--,8:44:08 PM,7/10/2026,
545,28.7,gf,2.150,mm,OK,--,8:44:08 PM,7/10/2026,
546,28.7,gf,2.150,mm,OK,--,8:44:08 PM,7/10/2026,
547,28.8,gf,2.155,mm,OK,--,8:44:08 PM,7/10/2026,
548,28.8,gf,2.160,mm,OK,--,8:44:08 PM,7/10/2026,
549,28.9,gf,2.160,mm,OK,--,8:44:08 PM,7/10/2026,
550,28.9,gf,2.165,mm,OK,--,8:44:09 PM,7/10/2026,
551,28.9,gf,2.170,mm,OK,--,8:44:09 PM,7/10/2026,
552,28.9,gf,2.175,mm,OK,--,8:44:09 PM,7/10/2026,
553,28.9,gf,2.180,mm,OK,--,8:44:09 PM,7/10/2026,
554,28.9,gf,2.180,mm,OK,--,8:44:09 PM,7/10/2026,
555,28.9,gf,2.185,mm,OK,--,8:44:09 PM,7/10/2026,
556,29.1,gf,2.190,mm,OK,--,8:44:09 PM,7/10/2026,
557,29.1,gf,2.190,mm,OK,--,8:44:09 PM,7/10/2026,
558,29.1,gf,2.195,mm,OK,--,8:44:09 PM,7/10/2026,
559,29.1,gf,2.200,mm,OK,--,8:44:09 PM,7/10/2026,
560,29.2,gf,2.200,mm,OK,--,8:44:10 PM,7/10/2026,
561,29.2,gf,2.205,mm,OK,--,8:44:10 PM,7/10/2026,
562,29.2,gf,2.205,mm,OK,--,8:44:10 PM,7/10/2026,
563,29.2,gf,2.205,mm,OK,--,8:44:10 PM,7/10/2026,
564,29.2,gf,2.210,mm,OK,--,8:44:10 PM,7/10/2026,
565,29.3,gf,2.210,mm,OK,--,8:44:10 PM,7/10/2026,
566,29.3,gf,2.210,mm,OK,--,8:44:10 PM,7/10/2026,
567,29.4,gf,2.215,mm,OK,--,8:44:10 PM,7/10/2026,
568,29.4,gf,2.215,mm,OK,--,8:44:10 PM,7/10/2026,
569,29.4,gf,2.220,mm,OK,--,8:44:10 PM,7/10/2026,
570,29.5,gf,2.220,mm,OK,--,8:44:11 PM,7/10/2026,
571,29.5,gf,2.225,mm,OK,--,8:44:11 PM,7/10/2026,
572,29.5,gf,2.230,mm,OK,--,8:44:11 PM,7/10/2026,
573,29.5,gf,2.230,mm,OK,--,8:44:11 PM,7/10/2026,
574,29.5,gf,2.235,mm,OK,--,8:44:11 PM,7/10/2026,
575,29.5,gf,2.240,mm,OK,--,8:44:11 PM,7/10/2026,
576,29.5,gf,2.245,mm,OK,--,8:44:11 PM,7/10/2026,
577,29.5,gf,2.245,mm,OK,--,8:44:11 PM,7/10/2026,
578,29.5,gf,2.250,mm,OK,--,8:44:11 PM,7/10/2026,
579,29.5,gf,2.250,mm,OK,--,8:44:11 PM,7/10/2026,
580,29.5,gf,2.255,mm,OK,--,8:44:12 PM,7/10/2026,
581,29.6,gf,2.260,mm,OK,--,8:44:12 PM,7/10/2026,
582,29.6,gf,2.265,mm,OK,--,8:44:12 PM,7/10/2026,
583,29.6,gf,2.270,mm,OK,--,8:44:12 PM,7/10/2026,
584,29.6,gf,2.275,mm,OK,--,8:44:12 PM,7/10/2026,
585,29.6,gf,2.280,mm,OK,--,8:44:12 PM,7/10/2026,
586,29.8,gf,2.285,mm,OK,--,8:44:12 PM,7/10/2026,
587,29.7,gf,2.295,mm,OK,--,8:44:12 PM,7/10/2026,
588,29.7,gf,2.300,mm,OK,--,8:44:12 PM,7/10/2026,
589,29.8,gf,2.305,mm,OK,--,8:44:12 PM,7/10/2026,
590,29.7,gf,2.310,mm,OK,--,8:44:13 PM,7/10/2026,
591,29.7,gf,2.315,mm,OK,--,8:44:13 PM,7/10/2026,
592,29.7,gf,2.315,mm,OK,--,8:44:13 PM,7/10/2026,
593,29.8,gf,2.320,mm,OK,--,8:44:13 PM,7/10/2026,
594,29.8,gf,2.325,mm,OK,--,8:44:13 PM,7/10/2026,
595,29.9,gf,2.330,mm,OK,--,8:44:13 PM,7/10/2026,
596,29.9,gf,2.335,mm,OK,--,8:44:13 PM,7/10/2026,
597,30.0,gf,2.340,mm,OK,--,8:44:13 PM,7/10/2026,
598,29.9,gf,2.345,mm,OK,--,8:44:13 PM,7/10/2026,
599,30.0,gf,2.355,mm,OK,--,8:44:13 PM,7/10/2026,
600,30.0,gf,2.355,mm,OK,--,8:44:14 PM,7/10/2026,
601,30.0,gf,2.360,mm,OK,--,8:44:14 PM,7/10/2026,
602,30.0,gf,2.365,mm,OK,--,8:44:14 PM,7/10/2026,
603,30.0,gf,2.365,mm,OK,--,8:44:14 PM,7/10/2026,
604,30.0,gf,2.370,mm,OK,--,8:44:14 PM,7/10/2026,
605,30.0,gf,2.375,mm,OK,--,8:44:14 PM,7/10/2026,
606,30.0,gf,2.385,mm,OK,--,8:44:14 PM,7/10/2026,
607,30.0,gf,2.390,mm,OK,--,8:44:14 PM,7/10/2026,
608,30.0,gf,2.395,mm,OK,--,8:44:14 PM,7/10/2026,
609,30.0,gf,2.400,mm,OK,--,8:44:14 PM,7/10/2026,
610,30.0,gf,2.405,mm,OK,--,8:44:15 PM,7/10/2026,
611,30.0,gf,2.410,mm,OK,--,8:44:15 PM,7/10/2026,
612,30.0,gf,2.415,mm,OK,--,8:44:15 PM,7/10/2026,
613,30.0,gf,2.415,mm,OK,--,8:44:15 PM,7/10/2026,
614,30.0,gf,2.420,mm,OK,--,8:44:15 PM,7/10/2026,
615,30.0,gf,2.420,mm,OK,--,8:44:15 PM,7/10/2026,
616,30.0,gf,2.425,mm,OK,--,8:44:15 PM,7/10/2026,
617,30.1,gf,2.425,mm,OK,--,8:44:15 PM,7/10/2026,
618,30.1,gf,2.430,mm,OK,--,8:44:15 PM,7/10/2026,
619,30.1,gf,2.435,mm,OK,--,8:44:15 PM,7/10/2026,
620,30.1,gf,2.440,mm,OK,--,8:44:16 PM,7/10/2026,
621,30.1,gf,2.450,mm,OK,--,8:44:16 PM,7/10/2026,
622,30.1,gf,2.455,mm,OK,--,8:44:16 PM,7/10/2026,
623,30.1,gf,2.455,mm,OK,--,8:44:16 PM,7/10/2026,
624,30.1,gf,2.460,mm,OK,--,8:44:16 PM,7/10/2026,
625,30.1,gf,2.460,mm,OK,--,8:44:16 PM,7/10/2026,
626,30.1,gf,2.465,mm,OK,--,8:44:16 PM,7/10/2026,
627,30.1,gf,2.470,mm,OK,--,8:44:16 PM,7/10/2026,
628,30.1,gf,2.470,mm,OK,--,8:44:16 PM,7/10/2026,
629,30.1,gf,2.475,mm,OK,--,8:44:16 PM,7/10/2026,
630,30.1,gf,2.475,mm,OK,--,8:44:17 PM,7/10/2026,
631,30.1,gf,2.480,mm,OK,--,8:44:17 PM,7/10/2026,
632,30.1,gf,2.485,mm,OK,--,8:44:17 PM,7/10/2026,
633,30.1,gf,2.485,mm,OK,--,8:44:17 PM,7/10/2026,
634,30.1,gf,2.490,mm,OK,--,8:44:17 PM,7/10/2026,
635,30.1,gf,2.495,mm,OK,--,8:44:17 PM,7/10/2026,
636,30.1,gf,2.495,mm,OK,--,8:44:17 PM,7/10/2026,
637,30.1,gf,2.500,mm,OK,--,8:44:17 PM,7/10/2026,
638,30.2,gf,2.505,mm,OK,--,8:44:17 PM,7/10/2026,
639,30.2,gf,2.510,mm,OK,--,8:44:17 PM,7/10/2026,
640,30.1,gf,2.515,mm,OK,--,8:44:18 PM,7/10/2026,
641,30.1,gf,2.515,mm,OK,--,8:44:18 PM,7/10/2026,
642,30.1,gf,2.520,mm,OK,--,8:44:18 PM,7/10/2026,
643,30.1,gf,2.520,mm,OK,--,8:44:18 PM,7/10/2026,
644,30.1,gf,2.525,mm,OK,--,8:44:18 PM,7/10/2026,
645,30.2,gf,2.530,mm,OK,--,8:44:18 PM,7/10/2026,
646,30.2,gf,2.530,mm,OK,--,8:44:18 PM,7/10/2026,
647,30.2,gf,2.535,mm,OK,--,8:44:18 PM,7/10/2026,
648,30.2,gf,2.540,mm,OK,--,8:44:18 PM,7/10/2026,
649,30.2,gf,2.545,mm,OK,--,8:44:18 PM,7/10/2026,
650,30.2,gf,2.550,mm,OK,--,8:44:19 PM,7/10/2026,
651,30.2,gf,2.560,mm,OK,--,8:44:19 PM,7/10/2026,
652,30.2,gf,2.565,mm,OK,--,8:44:19 PM,7/10/2026,
653,30.2,gf,2.570,mm,OK,--,8:44:19 PM,7/10/2026,
654,30.2,gf,2.575,mm,OK,--,8:44:19 PM,7/10/2026,
655,30.2,gf,2.580,mm,OK,--,8:44:19 PM,7/10/2026,
656,30.1,gf,2.585,mm,OK,--,8:44:19 PM,7/10/2026,
657,30.2,gf,2.590,mm,OK,--,8:44:19 PM,7/10/2026,
658,30.2,gf,2.595,mm,OK,--,8:44:19 PM,7/10/2026,
659,30.2,gf,2.600,mm,OK,--,8:44:19 PM,7/10/2026,
660,30.2,gf,2.605,mm,OK,--,8:44:20 PM,7/10/2026,
661,30.2,gf,2.610,mm,OK,--,8:44:20 PM,7/10/2026,
662,30.2,gf,2.615,mm,OK,--,8:44:20 PM,7/10/2026,
663,30.2,gf,2.615,mm,OK,--,8:44:20 PM,7/10/2026,
664,30.2,gf,2.620,mm,OK,--,8:44:20 PM,7/10/2026,
665,30.3,gf,2.625,mm,OK,--,8:44:20 PM,7/10/2026,
666,30.3,gf,2.630,mm,OK,--,8:44:20 PM,7/10/2026,
667,30.3,gf,2.635,mm,OK,--,8:44:20 PM,7/10/2026,
668,30.3,gf,2.640,mm,OK,--,8:44:20 PM,7/10/2026,
669,30.3,gf,2.645,mm,OK,--,8:44:20 PM,7/10/2026,
670,30.3,gf,2.650,mm,OK,--,8:44:21 PM,7/10/2026,
671,30.4,gf,2.660,mm,OK,--,8:44:21 PM,7/10/2026,
672,30.4,gf,2.665,mm,OK,--,8:44:21 PM,7/10/2026,
673,30.4,gf,2.675,mm,OK,--,8:44:21 PM,7/10/2026,
674,30.4,gf,2.685,mm,OK,--,8:44:21 PM,7/10/2026,
675,30.4,gf,2.690,mm,OK,--,8:44:21 PM,7/10/2026,
676,30.4,gf,2.700,mm,OK,--,8:44:21 PM,7/10/2026,
677,30.4,gf,2.710,mm,OK,--,8:44:21 PM,7/10/2026,
678,30.5,gf,2.720,mm,OK,--,8:44:21 PM,7/10/2026,
679,30.5,gf,2.740,mm,OK,--,8:44:21 PM,7/10/2026,
680,30.5,gf,2.755,mm,OK,--,8:44:22 PM,7/10/2026,
681,30.5,gf,2.770,mm,OK,--,8:44:22 PM,7/10/2026,
682,30.6,gf,2.785,mm,OK,--,8:44:22 PM,7/10/2026,
683,30.6,gf,2.800,mm,OK,--,8:44:22 PM,7/10/2026,
684,30.6,gf,2.810,mm,OK,--,8:44:22 PM,7/10/2026,
685,30.7,gf,2.820,mm,OK,--,8:44:22 PM,7/10/2026,
686,30.7,gf,2.830,mm,OK,--,8:44:22 PM,7/10/2026,
687,30.7,gf,2.840,mm,OK,--,8:44:22 PM,7/10/2026,
688,30.8,gf,2.845,mm,OK,--,8:44:22 PM,7/10/2026,
689,30.8,gf,2.855,mm,OK,--,8:44:22 PM,7/10/2026,
690,30.9,gf,2.860,mm,OK,--,8:44:23 PM,7/10/2026,
691,30.9,gf,2.865,mm,OK,--,8:44:23 PM,7/10/2026,
692,30.8,gf,2.875,mm,OK,--,8:44:23 PM,7/10/2026,
693,30.8,gf,2.880,mm,OK,--,8:44:23 PM,7/10/2026,
694,30.8,gf,2.885,mm,OK,--,8:44:23 PM,7/10/2026,
695,30.9,gf,2.890,mm,OK,--,8:44:23 PM,7/10/2026,
696,30.8,gf,2.895,mm,OK,--,8:44:23 PM,7/10/2026,
697,30.9,gf,2.895,mm,OK,--,8:44:23 PM,7/10/2026,
698,30.9,gf,2.900,mm,OK,--,8:44:23 PM,7/10/2026,
699,30.9,gf,2.900,mm,OK,--,8:44:23 PM,7/10/2026,
700,30.9,gf,2.905,mm,OK,--,8:44:24 PM,7/10/2026,
701,30.9,gf,2.910,mm,OK,--,8:44:24 PM,7/10/2026,
702,30.9,gf,2.920,mm,OK,--,8:44:24 PM,7/10/2026,
703,30.9,gf,2.925,mm,OK,--,8:44:24 PM,7/10/2026,
704,30.9,gf,2.930,mm,OK,--,8:44:24 PM,7/10/2026,
705,30.9,gf,2.935,mm,OK,--,8:44:24 PM,7/10/2026,
706,30.9,gf,2.940,mm,OK,--,8:44:24 PM,7/10/2026,
707,30.9,gf,2.945,mm,OK,--,8:44:24 PM,7/10/2026,
708,30.9,gf,2.950,mm,OK,--,8:44:24 PM,7/10/2026,
709,30.9,gf,2.955,mm,OK,--,8:44:24 PM,7/10/2026,
710,31.0,gf,2.960,mm,OK,--,8:44:25 PM,7/10/2026,
711,31.0,gf,2.965,mm,OK,--,8:44:25 PM,7/10/2026,
712,31.0,gf,2.970,mm,OK,--,8:44:25 PM,7/10/2026,
713,31.0,gf,2.975,mm,OK,--,8:44:25 PM,7/10/2026,
714,31.0,gf,2.980,mm,OK,--,8:44:25 PM,7/10/2026,
715,31.0,gf,2.985,mm,OK,--,8:44:25 PM,7/10/2026,
716,31.0,gf,2.990,mm,OK,--,8:44:25 PM,7/10/2026,
717,31.0,gf,2.995,mm,OK,--,8:44:25 PM,7/10/2026,
718,31.0,gf,2.995,mm,OK,--,8:44:25 PM,7/10/2026,
719,31.0,gf,3.000,mm,OK,--,8:44:25 PM,7/10/2026,
720,31.0,gf,3.005,mm,OK,--,8:44:26 PM,7/10/2026,
721,31.0,gf,3.005,mm,OK,--,8:44:26 PM,7/10/2026,
722,31.1,gf,3.010,mm,OK,--,8:44:26 PM,7/10/2026,
723,31.1,gf,3.010,mm,OK,--,8:44:26 PM,7/10/2026,
724,31.1,gf,3.015,mm,OK,--,8:44:26 PM,7/10/2026,
725,31.1,gf,3.015,mm,OK,--,8:44:26 PM,7/10/2026,
726,31.1,gf,3.015,mm,OK,--,8:44:26 PM,7/10/2026,
727,31.1,gf,3.020,mm,OK,--,8:44:26 PM,7/10/2026,
728,31.1,gf,3.020,mm,OK,--,8:44:26 PM,7/10/2026,
729,31.1,gf,3.020,mm,OK,--,8:44:26 PM,7/10/2026,
730,31.2,gf,3.025,mm,OK,--,8:44:27 PM,7/10/2026,
731,31.2,gf,3.025,mm,OK,--,8:44:27 PM,7/10/2026,
732,31.2,gf,3.025,mm,OK,--,8:44:27 PM,7/10/2026,
733,31.2,gf,3.030,mm,OK,--,8:44:27 PM,7/10/2026,
734,31.2,gf,3.030,mm,OK,--,8:44:27 PM,7/10/2026,
735,31.2,gf,3.035,mm,OK,--,8:44:27 PM,7/10/2026,
736,31.2,gf,3.040,mm,OK,--,8:44:27 PM,7/10/2026,
737,31.2,gf,3.045,mm,OK,--,8:44:27 PM,7/10/2026,
738,31.2,gf,3.055,mm,OK,--,8:44:27 PM,7/10/2026,
739,31.2,gf,3.060,mm,OK,--,8:44:27 PM,7/10/2026,
740,31.2,gf,3.065,mm,OK,--,8:44:28 PM,7/10/2026,
741,31.2,gf,3.070,mm,OK,--,8:44:28 PM,7/10/2026,
742,31.2,gf,3.075,mm,OK,--,8:44:28 PM,7/10/2026,
743,31.2,gf,3.080,mm,OK,--,8:44:28 PM,7/10/2026,
744,31.2,gf,3.085,mm,OK,--,8:44:28 PM,7/10/2026,
745,31.3,gf,3.090,mm,OK,--,8:44:28 PM,7/10/2026,
746,31.3,gf,3.095,mm,OK,--,8:44:28 PM,7/10/2026,
747,31.3,gf,3.100,mm,OK,--,8:44:28 PM,7/10/2026,
748,31.3,gf,3.100,mm,OK,--,8:44:28 PM,7/10/2026,
749,31.3,gf,3.105,mm,OK,--,8:44:28 PM,7/10/2026,
750,31.3,gf,3.105,mm,OK,--,8:44:29 PM,7/10/2026,
751,31.3,gf,3.110,mm,OK,--,8:44:29 PM,7/10/2026,
752,31.3,gf,3.115,mm,OK,--,8:44:29 PM,7/10/2026,
753,31.4,gf,3.120,mm,OK,--,8:44:29 PM,7/10/2026,
754,31.4,gf,3.120,mm,OK,--,8:44:29 PM,7/10/2026,
755,31.4,gf,3.125,mm,OK,--,8:44:29 PM,7/10/2026,
756,31.4,gf,3.130,mm,OK,--,8:44:29 PM,7/10/2026,
757,31.4,gf,3.135,mm,OK,--,8:44:29 PM,7/10/2026,
758,31.4,gf,3.140,mm,OK,--,8:44:29 PM,7/10/2026,
759,31.4,gf,3.145,mm,OK,--,8:44:29 PM,7/10/2026,
760,31.5,gf,3.155,mm,OK,--,8:44:30 PM,7/10/2026,
761,31.5,gf,3.160,mm,OK,--,8:44:30 PM,7/10/2026,
762,31.5,gf,3.165,mm,OK,--,8:44:30 PM,7/10/2026,
763,31.5,gf,3.170,mm,OK,--,8:44:30 PM,7/10/2026,
764,31.5,gf,3.175,mm,OK,--,8:44:30 PM,7/10/2026,
765,31.5,gf,3.180,mm,OK,--,8:44:30 PM,7/10/2026,
766,31.5,gf,3.185,mm,OK,--,8:44:30 PM,7/10/2026,
767,31.5,gf,3.185,mm,OK,--,8:44:30 PM,7/10/2026,
768,31.6,gf,3.195,mm,OK,--,8:44:30 PM,7/10/2026,
769,31.6,gf,3.200,mm,OK,--,8:44:30 PM,7/10/2026,
770,31.6,gf,3.205,mm,OK,--,8:44:31 PM,7/10/2026,
771,31.6,gf,3.215,mm,OK,--,8:44:31 PM,7/10/2026,
772,31.6,gf,3.220,mm,OK,--,8:44:31 PM,7/10/2026,
773,31.6,gf,3.225,mm,OK,--,8:44:31 PM,7/10/2026,
774,31.7,gf,3.235,mm,OK,--,8:44:31 PM,7/10/2026,
775,31.7,gf,3.245,mm,OK,--,8:44:31 PM,7/10/2026,
776,31.7,gf,3.250,mm,OK,--,8:44:31 PM,7/10/2026,
777,31.7,gf,3.255,mm,OK,--,8:44:31 PM,7/10/2026,
778,31.7,gf,3.265,mm,OK,--,8:44:31 PM,7/10/2026,
779,31.8,gf,3.270,mm,OK,--,8:44:31 PM,7/10/2026,
780,31.8,gf,3.280,mm,OK,--,8:44:32 PM,7/10/2026,
781,31.8,gf,3.285,mm,OK,--,8:44:32 PM,7/10/2026,
782,31.8,gf,3.290,mm,OK,--,8:44:32 PM,7/10/2026,
783,31.8,gf,3.295,mm,OK,--,8:44:32 PM,7/10/2026,
784,31.8,gf,3.300,mm,OK,--,8:44:32 PM,7/10/2026,
785,31.8,gf,3.305,mm,OK,--,8:44:32 PM,7/10/2026,
786,31.9,gf,3.310,mm,OK,--,8:44:32 PM,7/10/2026,
787,31.9,gf,3.315,mm,OK,--,8:44:32 PM,7/10/2026,
788,31.9,gf,3.315,mm,OK,--,8:44:32 PM,7/10/2026,
789,31.9,gf,3.320,mm,OK,--,8:44:32 PM,7/10/2026,
790,31.9,gf,3.320,mm,OK,--,8:44:33 PM,7/10/2026,
791,31.9,gf,3.325,mm,OK,--,8:44:33 PM,7/10/2026,
792,31.9,gf,3.325,mm,OK,--,8:44:33 PM,7/10/2026,
793,31.9,gf,3.325,mm,OK,--,8:44:33 PM,7/10/2026,
794,31.9,gf,3.330,mm,OK,--,8:44:33 PM,7/10/2026,
795,31.9,gf,3.330,mm,OK,--,8:44:33 PM,7/10/2026,
796,31.9,gf,3.330,mm,OK,--,8:44:33 PM,7/10/2026,
797,31.9,gf,3.335,mm,OK,--,8:44:33 PM,7/10/2026,
798,32.0,gf,3.335,mm,OK,--,8:44:33 PM,7/10/2026,
799,32.0,gf,3.340,mm,OK,--,8:44:33 PM,7/10/2026,
800,32.0,gf,3.345,mm,OK,--,8:44:34 PM,7/10/2026,
801,32.0,gf,3.350,mm,OK,--,8:44:34 PM,7/10/2026,
802,32.0,gf,3.355,mm,OK,--,8:44:34 PM,7/10/2026,
803,32.0,gf,3.360,mm,OK,--,8:44:34 PM,7/10/2026,
804,32.0,gf,3.365,mm,OK,--,8:44:34 PM,7/10/2026,
805,32.0,gf,3.370,mm,OK,--,8:44:34 PM,7/10/2026,
806,32.0,gf,3.375,mm,OK,--,8:44:34 PM,7/10/2026,
807,32.1,gf,3.380,mm,OK,--,8:44:34 PM,7/10/2026,
808,32.1,gf,3.390,mm,OK,--,8:44:34 PM,7/10/2026,
809,32.1,gf,3.395,mm,OK,--,8:44:34 PM,7/10/2026,
810,32.1,gf,3.400,mm,OK,--,8:44:35 PM,7/10/2026,
811,32.1,gf,3.405,mm,OK,--,8:44:35 PM,7/10/2026,
812,32.1,gf,3.405,mm,OK,--,8:44:35 PM,7/10/2026,
813,32.2,gf,3.410,mm,OK,--,8:44:35 PM,7/10/2026,
814,32.2,gf,3.415,mm,OK,--,8:44:35 PM,7/10/2026,
815,32.2,gf,3.415,mm,OK,--,8:44:35 PM,7/10/2026,
816,32.2,gf,3.420,mm,OK,--,8:44:35 PM,7/10/2026,
817,32.2,gf,3.425,mm,OK,--,8:44:35 PM,7/10/2026,
818,32.2,gf,3.425,mm,OK,--,8:44:35 PM,7/10/2026,
819,32.2,gf,3.425,mm,OK,--,8:44:35 PM,7/10/2026,
820,32.2,gf,3.430,mm,OK,--,8:44:36 PM,7/10/2026,
821,32.2,gf,3.430,mm,OK,--,8:44:36 PM,7/10/2026,
822,32.3,gf,3.435,mm,OK,--,8:44:36 PM,7/10/2026,
823,32.3,gf,3.440,mm,OK,--,8:44:36 PM,7/10/2026,
824,32.3,gf,3.445,mm,OK,--,8:44:36 PM,7/10/2026,
825,32.3,gf,3.450,mm,OK,--,8:44:36 PM,7/10/2026,
826,32.3,gf,3.455,mm,OK,--,8:44:36 PM,7/10/2026,
827,32.3,gf,3.460,mm,OK,--,8:44:36 PM,7/10/2026,
828,32.3,gf,3.465,mm,OK,--,8:44:36 PM,7/10/2026,
829,32.3,gf,3.465,mm,OK,--,8:44:36 PM,7/10/2026,
830,32.3,gf,3.470,mm,OK,--,8:44:37 PM,7/10/2026,
831,32.3,gf,3.475,mm,OK,--,8:44:37 PM,7/10/2026,
832,32.3,gf,3.480,mm,OK,--,8:44:37 PM,7/10/2026,
833,32.3,gf,3.485,mm,OK,--,8:44:37 PM,7/10/2026,
834,32.3,gf,3.485,mm,OK,--,8:44:37 PM,7/10/2026,
835,32.3,gf,3.490,mm,OK,--,8:44:37 PM,7/10/2026,
836,32.3,gf,3.495,mm,OK,--,8:44:37 PM,7/10/2026,
837,32.3,gf,3.500,mm,OK,--,8:44:37 PM,7/10/2026,
838,32.4,gf,3.505,mm,OK,--,8:44:37 PM,7/10/2026,
839,32.4,gf,3.510,mm,OK,--,8:44:37 PM,7/10/2026,
840,32.4,gf,3.515,mm,OK,--,8:44:38 PM,7/10/2026,
841,32.5,gf,3.520,mm,OK,--,8:44:38 PM,7/10/2026,
842,32.5,gf,3.525,mm,OK,--,8:44:38 PM,7/10/2026,
843,32.5,gf,3.525,mm,OK,--,8:44:38 PM,7/10/2026,
844,32.5,gf,3.530,mm,OK,--,8:44:38 PM,7/10/2026,
845,32.5,gf,3.535,mm,OK,--,8:44:38 PM,7/10/2026,
846,32.5,gf,3.535,mm,OK,--,8:44:38 PM,7/10/2026,
847,32.5,gf,3.540,mm,OK,--,8:44:38 PM,7/10/2026,
848,32.5,gf,3.540,mm,OK,--,8:44:38 PM,7/10/2026,
849,32.5,gf,3.545,mm,OK,--,8:44:38 PM,7/10/2026,
850,32.5,gf,3.545,mm,OK,--,8:44:39 PM,7/10/2026,
851,32.5,gf,3.545,mm,OK,--,8:44:39 PM,7/10/2026,
852,32.5,gf,3.550,mm,OK,--,8:44:39 PM,7/10/2026,
853,32.5,gf,3.550,mm,OK,--,8:44:39 PM,7/10/2026,
854,32.6,gf,3.555,mm,OK,--,8:44:39 PM,7/10/2026,
855,32.6,gf,3.560,mm,OK,--,8:44:39 PM,7/10/2026,
856,32.6,gf,3.560,mm,OK,--,8:44:39 PM,7/10/2026,
857,32.6,gf,3.565,mm,OK,--,8:44:39 PM,7/10/2026,
858,32.6,gf,3.570,mm,OK,--,8:44:39 PM,7/10/2026,
859,32.6,gf,3.575,mm,OK,--,8:44:39 PM,7/10/2026,
860,32.6,gf,3.575,mm,OK,--,8:44:40 PM,7/10/2026,
861,32.6,gf,3.580,mm,OK,--,8:44:40 PM,7/10/2026,
862,32.6,gf,3.585,mm,OK,--,8:44:40 PM,7/10/2026,
863,32.6,gf,3.590,mm,OK,--,8:44:40 PM,7/10/2026,
864,32.7,gf,3.600,mm,OK,--,8:44:40 PM,7/10/2026,
865,32.7,gf,3.605,mm,OK,--,8:44:40 PM,7/10/2026,
866,32.7,gf,3.610,mm,OK,--,8:44:40 PM,7/10/2026,
867,32.7,gf,3.615,mm,OK,--,8:44:40 PM,7/10/2026,
868,32.7,gf,3.620,mm,OK,--,8:44:40 PM,7/10/2026,
869,32.7,gf,3.630,mm,OK,--,8:44:40 PM,7/10/2026,
870,32.7,gf,3.635,mm,OK,--,8:44:41 PM,7/10/2026,
871,32.8,gf,3.640,mm,OK,--,8:44:41 PM,7/10/2026,
872,33.2,gf,3.645,mm,OK,--,8:44:41 PM,7/10/2026,
873,37.2,gf,3.650,mm,OK,--,8:44:41 PM,7/10/2026,
874,39.9,gf,3.655,mm,OK,--,8:44:41 PM,7/10/2026,
875,42.5,gf,3.655,mm,OK,--,8:44:41 PM,7/10/2026,
876,45.3,gf,3.660,mm,OK,--,8:44:41 PM,7/10/2026,
877,47.8,gf,3.660,mm,OK,--,8:44:41 PM,7/10/2026,
878,50.1,gf,3.665,mm,OK,--,8:44:41 PM,7/10/2026,
879,52.2,gf,3.665,mm,OK,--,8:44:41 PM,7/10/2026,
880,54.0,gf,3.670,mm,OK,--,8:44:42 PM,7/10/2026,
881,55.9,gf,3.670,mm,OK,--,8:44:42 PM,7/10/2026,
882,57.7,gf,3.675,mm,OK,--,8:44:42 PM,7/10/2026,
883,59.3,gf,3.675,mm,OK,--,8:44:42 PM,7/10/2026,
884,60.8,gf,3.675,mm,OK,--,8:44:42 PM,7/10/2026,
885,61.9,gf,3.680,mm,OK,--,8:44:42 PM,7/10/2026,
886,62.9,gf,3.680,mm,OK,--,8:44:42 PM,7/10/2026,
887,63.8,gf,3.680,mm,OK,--,8:44:42 PM,7/10/2026,
888,65.2,gf,3.680,mm,OK,--,8:44:42 PM,7/10/2026,
889,66.5,gf,3.685,mm,OK,--,8:44:42 PM,7/10/2026,
890,67.6,gf,3.685,mm,OK,--,8:44:43 PM,7/10/2026,
891,68.6,gf,3.685,mm,OK,--,8:44:43 PM,7/10/2026,
892,69.1,gf,3.685,mm,OK,--,8:44:43 PM,7/10/2026,
893,69.6,gf,3.685,mm,OK,--,8:44:43 PM,7/10/2026,
894,70.0,gf,3.685,mm,OK,--,8:44:43 PM,7/10/2026,
895,70.2,gf,3.685,mm,OK,--,8:44:43 PM,7/10/2026,
896,70.7,gf,3.690,mm,OK,--,8:44:43 PM,7/10/2026,
897,70.9,gf,3.690,mm,OK,--,8:44:43 PM,7/10/2026,
898,71.0,gf,3.690,mm,OK,--,8:44:43 PM,7/10/2026,
899,71.2,gf,3.690,mm,OK,--,8:44:43 PM,7/10/2026,
900,71.9,gf,3.690,mm,OK,--,8:44:44 PM,7/10/2026,
901,72.5,gf,3.690,mm,OK,--,8:44:44 PM,7/10/2026,
902,73.2,gf,3.690,mm,OK,--,8:44:44 PM,7/10/2026,
903,73.7,gf,3.690,mm,OK,--,8:44:44 PM,7/10/2026,
904,74.1,gf,3.690,mm,OK,--,8:44:44 PM,7/10/2026,
905,74.5,gf,3.690,mm,OK,--,8:44:44 PM,7/10/2026,
906,74.7,gf,3.695,mm,OK,--,8:44:44 PM,7/10/2026,
907,75.0,gf,3.695,mm,OK,--,8:44:44 PM,7/10/2026,
908,75.4,gf,3.695,mm,OK,--,8:44:44 PM,7/10/2026,
909,75.9,gf,3.695,mm,OK,--,8:44:44 PM,7/10/2026,
910,76.4,gf,3.695,mm,OK,--,8:44:45 PM,7/10/2026,
911,76.8,gf,3.695,mm,OK,--,8:44:45 PM,7/10/2026,
912,77.1,gf,3.695,mm,OK,--,8:44:45 PM,7/10/2026,
913,77.4,gf,3.695,mm,OK,--,8:44:45 PM,7/10/2026,
914,77.8,gf,3.695,mm,OK,--,8:44:45 PM,7/10/2026,
915,78.2,gf,3.695,mm,OK,--,8:44:45 PM,7/10/2026,
916,78.7,gf,3.700,mm,OK,--,8:44:45 PM,7/10/2026,
917,79.2,gf,3.700,mm,OK,--,8:44:45 PM,7/10/2026,
918,79.8,gf,3.700,mm,OK,--,8:44:45 PM,7/10/2026,
919,80.2,gf,3.700,mm,OK,--,8:44:45 PM,7/10/2026,
920,80.6,gf,3.700,mm,OK,--,8:44:46 PM,7/10/2026,
921,81.0,gf,3.700,mm,OK,--,8:44:46 PM,7/10/2026,
922,81.1,gf,3.700,mm,OK,--,8:44:46 PM,7/10/2026,
923,81.4,gf,3.700,mm,OK,--,8:44:46 PM,7/10/2026,
924,81.9,gf,3.700,mm,OK,--,8:44:46 PM,7/10/2026,
925,82.2,gf,3.700,mm,OK,--,8:44:46 PM,7/10/2026,
926,82.6,gf,3.700,mm,OK,--,8:44:46 PM,7/10/2026,
927,83.0,gf,3.700,mm,OK,--,8:44:46 PM,7/10/2026,
928,83.2,gf,3.705,mm,OK,--,8:44:46 PM,7/10/2026,
929,83.6,gf,3.705,mm,OK,--,8:44:46 PM,7/10/2026,
930,83.9,gf,3.705,mm,OK,--,8:44:47 PM,7/10/2026,
931,84.3,gf,3.705,mm,OK,--,8:44:47 PM,7/10/2026,
932,84.7,gf,3.705,mm,OK,--,8:44:47 PM,7/10/2026,
933,85.0,gf,3.705,mm,OK,--,8:44:47 PM,7/10/2026,
934,85.4,gf,3.705,mm,OK,--,8:44:47 PM,7/10/2026,
935,86.0,gf,3.705,mm,OK,--,8:44:47 PM,7/10/2026,
936,86.5,gf,3.705,mm,OK,--,8:44:47 PM,7/10/2026,
937,87.0,gf,3.705,mm,OK,--,8:44:47 PM,7/10/2026,
938,87.6,gf,3.705,mm,OK,--,8:44:47 PM,7/10/2026,
939,88.2,gf,3.710,mm,OK,--,8:44:47 PM,7/10/2026,
940,88.6,gf,3.710,mm,OK,--,8:44:48 PM,7/10/2026,
941,89.2,gf,3.710,mm,OK,--,8:44:48 PM,7/10/2026,
942,89.7,gf,3.710,mm,OK,--,8:44:48 PM,7/10/2026,
943,90.1,gf,3.710,mm,OK,--,8:44:48 PM,7/10/2026,
944,90.6,gf,3.710,mm,OK,--,8:44:48 PM,7/10/2026,
945,90.9,gf,3.710,mm,OK,--,8:44:48 PM,7/10/2026,
946,91.2,gf,3.710,mm,OK,--,8:44:48 PM,7/10/2026,
947,91.6,gf,3.710,mm,OK,--,8:44:48 PM,7/10/2026,
948,92.0,gf,3.710,mm,OK,--,8:44:48 PM,7/10/2026,
949,92.5,gf,3.715,mm,OK,--,8:44:48 PM,7/10/2026,
950,93.1,gf,3.715,mm,OK,--,8:44:49 PM,7/10/2026,
951,93.7,gf,3.715,mm,OK,--,8:44:49 PM,7/10/2026,
952,94.3,gf,3.715,mm,OK,--,8:44:49 PM,7/10/2026,
953,95.0,gf,3.715,mm,OK,--,8:44:49 PM,7/10/2026,
954,95.8,gf,3.715,mm,OK,--,8:44:49 PM,7/10/2026,
955,96.4,gf,3.715,mm,OK,--,8:44:49 PM,7/10/2026,
956,97.0,gf,3.720,mm,OK,--,8:44:49 PM,7/10/2026,
957,97.5,gf,3.720,mm,OK,--,8:44:49 PM,7/10/2026,
958,98.1,gf,3.720,mm,OK,--,8:44:49 PM,7/10/2026,
959,98.7,gf,3.720,mm,OK,--,8:44:49 PM,7/10/2026,
960,99.8,gf,3.720,mm,OK,--,8:44:50 PM,7/10/2026,
961,100.7,gf,3.720,mm,OK,--,8:44:50 PM,7/10/2026,
962,101.4,gf,3.720,mm,OK,--,8:44:50 PM,7/10/2026,
963,102.0,gf,3.725,mm,OK,--,8:44:50 PM,7/10/2026,
964,102.8,gf,3.725,mm,OK,--,8:44:50 PM,7/10/2026,
965,103.7,gf,3.725,mm,OK,--,8:44:50 PM,7/10/2026,
966,104.5,gf,3.725,mm,OK,--,8:44:50 PM,7/10/2026,
967,105.3,gf,3.725,mm,OK,--,8:44:50 PM,7/10/2026,
968,106.0,gf,3.725,mm,OK,--,8:44:50 PM,7/10/2026,
969,106.9,gf,3.730,mm,OK,--,8:44:50 PM,7/10/2026,
970,107.9,gf,3.730,mm,OK,--,8:44:51 PM,7/10/2026,
971,109.0,gf,3.730,mm,OK,--,8:44:51 PM,7/10/2026,
972,110.0,gf,3.730,mm,OK,--,8:44:51 PM,7/10/2026,
973,110.9,gf,3.730,mm,OK,--,8:44:51 PM,7/10/2026,
974,112.1,gf,3.735,mm,OK,--,8:44:51 PM,7/10/2026,
975,113.1,gf,3.735,mm,OK,--,8:44:51 PM,7/10/2026,
976,113.9,gf,3.735,mm,OK,--,8:44:51 PM,7/10/2026,
977,114.7,gf,3.735,mm,OK,--,8:44:51 PM,7/10/2026,
978,115.5,gf,3.735,mm,OK,--,8:44:51 PM,7/10/2026,
979,116.7,gf,3.740,mm,OK,--,8:44:51 PM,7/10/2026,
980,117.9,gf,3.740,mm,OK,--,8:44:52 PM,7/10/2026,
981,118.9,gf,3.740,mm,OK,--,8:44:52 PM,7/10/2026,
982,120.0,gf,3.740,mm,OK,--,8:44:52 PM,7/10/2026,
983,121.4,gf,3.745,mm,OK,--,8:44:52 PM,7/10/2026,
984,122.8,gf,3.745,mm,OK,--,8:44:52 PM,7/10/2026,
985,124.3,gf,3.745,mm,OK,--,8:44:52 PM,7/10/2026,
986,125.5,gf,3.745,mm,OK,--,8:44:52 PM,7/10/2026,
987,126.9,gf,3.750,mm,OK,--,8:44:52 PM,7/10/2026,
988,128.3,gf,3.750,mm,OK,--,8:44:52 PM,7/10/2026,
989,129.6,gf,3.750,mm,OK,--,8:44:52 PM,7/10/2026,
990,131.2,gf,3.755,mm,OK,--,8:44:53 PM,7/10/2026,
991,133.3,gf,3.755,mm,OK,--,8:44:53 PM,7/10/2026,
992,135.4,gf,3.755,mm,OK,--,8:44:53 PM,7/10/2026,
993,137.5,gf,3.760,mm,OK,--,8:44:53 PM,7/10/2026,
994,139.4,gf,3.760,mm,OK,--,8:44:53 PM,7/10/2026,
995,141.5,gf,3.765,mm,OK,--,8:44:53 PM,7/10/2026,
996,144.0,gf,3.765,mm,OK,--,8:44:53 PM,7/10/2026,
997,146.7,gf,3.770,mm,OK,--,8:44:53 PM,7/10/2026,
998,149.5,gf,3.770,mm,OK,--,8:44:53 PM,7/10/2026,
999,152.7,gf,3.775,mm,OK,--,8:44:53 PM,7/10/2026,
1000,155.5,gf,3.780,mm,OK,--,8:44:54 PM,7/10/2026,
1001,158.1,gf,3.780,mm,OK,--,8:44:54 PM,7/10/2026,
1002,160.9,gf,3.785,mm,OK,--,8:44:54 PM,7/10/2026,
1003,163.6,gf,3.785,mm,OK,--,8:44:54 PM,7/10/2026,
1004,166.1,gf,3.790,mm,OK,--,8:44:54 PM,7/10/2026,
1005,168.3,gf,3.790,mm,OK,--,8:44:54 PM,7/10/2026,
1006,171.1,gf,3.795,mm,OK,--,8:44:54 PM,7/10/2026,
1007,174.8,gf,3.800,mm,OK,--,8:44:54 PM,7/10/2026,
1008,177.4,gf,3.800,mm,OK,--,8:44:54 PM,7/10/2026,
1009,179.2,gf,3.805,mm,OK,--,8:44:54 PM,7/10/2026,
1010,181.0,gf,3.805,mm,OK,--,8:44:55 PM,7/10/2026,
1011,183.2,gf,3.805,mm,OK,--,8:44:55 PM,7/10/2026,
1012,185.7,gf,3.810,mm,OK,--,8:44:55 PM,7/10/2026,
1013,187.4,gf,3.810,mm,OK,--,8:44:55 PM,7/10/2026,
1014,189.1,gf,3.815,mm,OK,--,8:44:55 PM,7/10/2026,
1015,191.1,gf,3.815,mm,OK,--,8:44:55 PM,7/10/2026,
1016,193.1,gf,3.815,mm,OK,--,8:44:55 PM,7/10/2026,
1017,194.4,gf,3.820,mm,OK,--,8:44:55 PM,7/10/2026,
1018,195.1,gf,3.820,mm,OK,--,8:44:55 PM,7/10/2026,
1019,195.2,gf,3.820,mm,OK,--,8:44:55 PM,7/10/2026,
1020,195.2,gf,3.820,mm,OK,--,8:44:56 PM,7/10/2026,
1021,195.1,gf,3.820,mm,OK,--,8:44:56 PM,7/10/2026,
1022,195.0,gf,3.820,mm,OK,--,8:44:56 PM,7/10/2026,
1023,194.9,gf,3.820,mm,OK,--,8:44:56 PM,7/10/2026,
1024,194.9,gf,3.820,mm,OK,--,8:44:56 PM,7/10/2026,
1025,194.8,gf,3.820,mm,OK,--,8:44:56 PM,7/10/2026,
1026,194.8,gf,3.820,mm,OK,--,8:44:56 PM,7/10/2026,
1027,194.8,gf,3.820,mm,OK,--,8:44:56 PM,7/10/2026,
1028,194.7,gf,3.820,mm,OK,--,8:44:56 PM,7/10/2026,
1029,194.7,gf,3.820,mm,OK,--,8:44:56 PM,7/10/2026,
1030,194.7,gf,3.820,mm,OK,--,8:44:57 PM,7/10/2026,
1031,194.6,gf,3.820,mm,OK,--,8:44:57 PM,7/10/2026,
1032,194.5,gf,3.820,mm,OK,--,8:44:57 PM,7/10/2026,
1033,194.5,gf,3.820,mm,OK,--,8:44:57 PM,7/10/2026,
1034,194.4,gf,3.820,mm,OK,--,8:44:57 PM,7/10/2026,
1035,194.2,gf,3.820,mm,OK,--,8:44:57 PM,7/10/2026,
1036,194.2,gf,3.820,mm,OK,--,8:44:57 PM,7/10/2026,
1037,194.1,gf,3.820,mm,OK,--,8:44:57 PM,7/10/2026,
1038,194.1,gf,3.820,mm,OK,--,8:44:57 PM,7/10/2026,
1039,193.9,gf,3.820,mm,OK,--,8:44:57 PM,7/10/2026,
1040,193.7,gf,3.820,mm,OK,--,8:44:58 PM,7/10/2026,
1041,193.8,gf,3.820,mm,OK,--,8:44:58 PM,7/10/2026,
1042,193.8,gf,3.820,mm,OK,--,8:44:58 PM,7/10/2026,
1043,193.6,gf,3.820,mm,OK,--,8:44:58 PM,7/10/2026,
1044,193.3,gf,3.820,mm,OK,--,8:44:58 PM,7/10/2026,
1045,193.2,gf,3.820,mm,OK,--,8:44:58 PM,7/10/2026,
1046,192.6,gf,3.820,mm,OK,--,8:44:58 PM,7/10/2026,
1047,191.1,gf,3.815,mm,OK,--,8:44:58 PM,7/10/2026,
1048,188.9,gf,3.815,mm,OK,--,8:44:58 PM,7/10/2026,
1049,186.6,gf,3.815,mm,OK,--,8:44:58 PM,7/10/2026,
1050,185.0,gf,3.810,mm,OK,--,8:44:59 PM,7/10/2026,
1051,184.0,gf,3.810,mm,OK,--,8:44:59 PM,7/10/2026,
1052,182.6,gf,3.810,mm,OK,--,8:44:59 PM,7/10/2026,
1053,181.5,gf,3.810,mm,OK,--,8:44:59 PM,7/10/2026,
1054,181.1,gf,3.810,mm,OK,--,8:44:59 PM,7/10/2026,
1055,180.8,gf,3.805,mm,OK,--,8:44:59 PM,7/10/2026,
1056,180.3,gf,3.805,mm,OK,--,8:44:59 PM,7/10/2026,
1057,179.7,gf,3.805,mm,OK,--,8:44:59 PM,7/10/2026,
1058,178.9,gf,3.805,mm,OK,--,8:44:59 PM,7/10/2026,
1059,178.3,gf,3.805,mm,OK,--,8:44:59 PM,7/10/2026,
1060,177.8,gf,3.805,mm,OK,--,8:45:00 PM,7/10/2026,
1061,177.5,gf,3.805,mm,OK,--,8:45:00 PM,7/10/2026,
1062,177.4,gf,3.805,mm,OK,--,8:45:00 PM,7/10/2026,
1063,177.2,gf,3.805,mm,OK,--,8:45:00 PM,7/10/2026,
1064,177.0,gf,3.805,mm,OK,--,8:45:00 PM,7/10/2026,
1065,176.5,gf,3.805,mm,OK,--,8:45:00 PM,7/10/2026,
1066,175.6,gf,3.805,mm,OK,--,8:45:00 PM,7/10/2026,
1067,174.7,gf,3.800,mm,OK,--,8:45:00 PM,7/10/2026,
1068,174.0,gf,3.800,mm,OK,--,8:45:00 PM,7/10/2026,
1069,173.2,gf,3.800,mm,OK,--,8:45:00 PM,7/10/2026,
1070,172.8,gf,3.800,mm,OK,--,8:45:01 PM,7/10/2026,
1071,172.7,gf,3.800,mm,OK,--,8:45:01 PM,7/10/2026,
1072,172.5,gf,3.800,mm,OK,--,8:45:01 PM,7/10/2026,
1073,172.2,gf,3.800,mm,OK,--,8:45:01 PM,7/10/2026,
1074,171.9,gf,3.800,mm,OK,--,8:45:01 PM,7/10/2026,
1075,171.7,gf,3.800,mm,OK,--,8:45:01 PM,7/10/2026,
1076,171.4,gf,3.800,mm,OK,--,8:45:01 PM,7/10/2026,
1077,171.0,gf,3.800,mm,OK,--,8:45:01 PM,7/10/2026,
1078,170.7,gf,3.800,mm,OK,--,8:45:01 PM,7/10/2026,
1079,170.3,gf,3.795,mm,OK,--,8:45:01 PM,7/10/2026,
1080,169.9,gf,3.795,mm,OK,--,8:45:02 PM,7/10/2026,
1081,169.4,gf,3.795,mm,OK,--,8:45:02 PM,7/10/2026,
1082,168.7,gf,3.795,mm,OK,--,8:45:02 PM,7/10/2026,
1083,167.7,gf,3.795,mm,OK,--,8:45:02 PM,7/10/2026,
1084,167.1,gf,3.795,mm,OK,--,8:45:02 PM,7/10/2026,
1085,166.8,gf,3.795,mm,OK,--,8:45:02 PM,7/10/2026,
1086,166.5,gf,3.795,mm,OK,--,8:45:02 PM,7/10/2026,
1087,166.3,gf,3.795,mm,OK,--,8:45:02 PM,7/10/2026,
1088,166.1,gf,3.795,mm,OK,--,8:45:02 PM,7/10/2026,
1089,165.9,gf,3.795,mm,OK,--,8:45:02 PM,7/10/2026,
1090,165.6,gf,3.795,mm,OK,--,8:45:03 PM,7/10/2026,
1091,165.1,gf,3.790,mm,OK,--,8:45:03 PM,7/10/2026,
1092,164.7,gf,3.790,mm,OK,--,8:45:03 PM,7/10/2026,
1093,164.0,gf,3.790,mm,OK,--,8:45:03 PM,7/10/2026,
1094,163.5,gf,3.790,mm,OK,--,8:45:03 PM,7/10/2026,
1095,162.6,gf,3.790,mm,OK,--,8:45:03 PM,7/10/2026,
1096,162.0,gf,3.790,mm,OK,--,8:45:03 PM,7/10/2026,
1097,161.7,gf,3.790,mm,OK,--,8:45:03 PM,7/10/2026,
1098,161.4,gf,3.790,mm,OK,--,8:45:03 PM,7/10/2026,
1099,160.7,gf,3.790,mm,OK,--,8:45:03 PM,7/10/2026,
1100,159.2,gf,3.785,mm,OK,--,8:45:04 PM,7/10/2026,
1101,158.3,gf,3.785,mm,OK,--,8:45:04 PM,7/10/2026,
1102,157.9,gf,3.785,mm,OK,--,8:45:04 PM,7/10/2026,
1103,157.7,gf,3.785,mm,OK,--,8:45:04 PM,7/10/2026,
1104,157.2,gf,3.785,mm,OK,--,8:45:04 PM,7/10/2026,
1105,157.1,gf,3.785,mm,OK,--,8:45:04 PM,7/10/2026,
1106,156.9,gf,3.785,mm,OK,--,8:45:04 PM,7/10/2026,
1107,156.6,gf,3.785,mm,OK,--,8:45:04 PM,7/10/2026,
1108,156.5,gf,3.785,mm,OK,--,8:45:04 PM,7/10/2026,
1109,156.3,gf,3.785,mm,OK,--,8:45:04 PM,7/10/2026,
1110,156.1,gf,3.785,mm,OK,--,8:45:05 PM,7/10/2026,
1111,156.0,gf,3.785,mm,OK,--,8:45:05 PM,7/10/2026,
1112,155.8,gf,3.785,mm,OK,--,8:45:05 PM,7/10/2026,
1113,155.3,gf,3.785,mm,OK,--,8:45:05 PM,7/10/2026,
1114,154.7,gf,3.780,mm,OK,--,8:45:05 PM,7/10/2026,
1115,154.2,gf,3.780,mm,OK,--,8:45:05 PM,7/10/2026,
1116,153.8,gf,3.780,mm,OK,--,8:45:05 PM,7/10/2026,
1117,153.4,gf,3.780,mm,OK,--,8:45:05 PM,7/10/2026,
1118,152.9,gf,3.780,mm,OK,--,8:45:05 PM,7/10/2026,
1119,152.5,gf,3.780,mm,OK,--,8:45:05 PM,7/10/2026,
1120,151.9,gf,3.780,mm,OK,--,8:45:06 PM,7/10/2026,
1121,151.2,gf,3.780,mm,OK,--,8:45:06 PM,7/10/2026,
1122,150.5,gf,3.780,mm,OK,--,8:45:06 PM,7/10/2026,
1123,149.6,gf,3.775,mm,OK,--,8:45:06 PM,7/10/2026,
1124,148.8,gf,3.775,mm,OK,--,8:45:06 PM,7/10/2026,
1125,147.8,gf,3.775,mm,OK,--,8:45:06 PM,7/10/2026,
1126,146.7,gf,3.775,mm,OK,--,8:45:06 PM,7/10/2026,
1127,145.1,gf,3.770,mm,OK,--,8:45:06 PM,7/10/2026,
1128,143.8,gf,3.770,mm,OK,--,8:45:06 PM,7/10/2026,
1129,142.5,gf,3.770,mm,OK,--,8:45:06 PM,7/10/2026,
1130,141.2,gf,3.770,mm,OK,--,8:45:07 PM,7/10/2026,
1131,140.1,gf,3.765,mm,OK,--,8:45:07 PM,7/10/2026,
1132,139.2,gf,3.765,mm,OK,--,8:45:07 PM,7/10/2026,
1133,138.0,gf,3.765,mm,OK,--,8:45:07 PM,7/10/2026,
1134,136.5,gf,3.765,mm,OK,--,8:45:07 PM,7/10/2026,
1135,134.9,gf,3.760,mm,OK,--,8:45:07 PM,7/10/2026,
1136,133.4,gf,3.760,mm,OK,--,8:45:07 PM,7/10/2026,
1137,132.2,gf,3.760,mm,OK,--,8:45:07 PM,7/10/2026,
1138,131.2,gf,3.760,mm,OK,--,8:45:07 PM,7/10/2026,
1139,130.2,gf,3.755,mm,OK,--,8:45:07 PM,7/10/2026,
1140,129.2,gf,3.755,mm,OK,--,8:45:08 PM,7/10/2026,
1141,128.0,gf,3.755,mm,OK,--,8:45:08 PM,7/10/2026,
1142,126.6,gf,3.755,mm,OK,--,8:45:08 PM,7/10/2026,
1143,125.2,gf,3.750,mm,OK,--,8:45:08 PM,7/10/2026,
1144,124.0,gf,3.750,mm,OK,--,8:45:08 PM,7/10/2026,
1145,123.0,gf,3.750,mm,OK,--,8:45:08 PM,7/10/2026,
1146,122.3,gf,3.750,mm,OK,--,8:45:08 PM,7/10/2026,
1147,121.6,gf,3.750,mm,OK,--,8:45:08 PM,7/10/2026,
1148,120.9,gf,3.750,mm,OK,--,8:45:08 PM,7/10/2026,
1149,120.1,gf,3.745,mm,OK,--,8:45:08 PM,7/10/2026,
1150,119.2,gf,3.745,mm,OK,--,8:45:09 PM,7/10/2026,
1151,118.2,gf,3.745,mm,OK,--,8:45:09 PM,7/10/2026,
1152,116.8,gf,3.745,mm,OK,--,8:45:09 PM,7/10/2026,
1153,115.4,gf,3.740,mm,OK,--,8:45:09 PM,7/10/2026,
1154,113.6,gf,3.740,mm,OK,--,8:45:09 PM,7/10/2026,
1155,112.0,gf,3.740,mm,OK,--,8:45:09 PM,7/10/2026,
1156,110.7,gf,3.740,mm,OK,--,8:45:09 PM,7/10/2026,
1157,109.3,gf,3.735,mm,OK,--,8:45:09 PM,7/10/2026,
1158,107.9,gf,3.735,mm,OK,--,8:45:09 PM,7/10/2026,
1159,106.4,gf,3.735,mm,OK,--,8:45:09 PM,7/10/2026,
1160,104.8,gf,3.730,mm,OK,--,8:45:10 PM,7/10/2026,
1161,103.5,gf,3.730,mm,OK,--,8:45:10 PM,7/10/2026,
1162,102.2,gf,3.730,mm,OK,--,8:45:10 PM,7/10/2026,
1163,101.0,gf,3.730,mm,OK,--,8:45:10 PM,7/10/2026,
1164,99.7,gf,3.725,mm,OK,--,8:45:10 PM,7/10/2026,
1165,98.2,gf,3.725,mm,OK,--,8:45:10 PM,7/10/2026,
1166,96.7,gf,3.725,mm,OK,--,8:45:10 PM,7/10/2026,
1167,95.3,gf,3.720,mm,OK,--,8:45:10 PM,7/10/2026,
1168,94.1,gf,3.720,mm,OK,--,8:45:10 PM,7/10/2026,
1169,92.8,gf,3.720,mm,OK,--,8:45:10 PM,7/10/2026,
1170,91.2,gf,3.720,mm,OK,--,8:45:11 PM,7/10/2026,
1171,89.5,gf,3.715,mm,OK,--,8:45:11 PM,7/10/2026,
1172,86.7,gf,3.715,mm,OK,--,8:45:11 PM,7/10/2026,
1173,83.9,gf,3.710,mm,OK,--,8:45:11 PM,7/10/2026,
1174,81.0,gf,3.705,mm,OK,--,8:45:11 PM,7/10/2026,
1175,77.5,gf,3.705,mm,OK,--,8:45:11 PM,7/10/2026,
1176,74.6,gf,3.700,mm,OK,--,8:45:11 PM,7/10/2026,
1177,71.7,gf,3.695,mm,OK,--,8:45:11 PM,7/10/2026,
1178,69.2,gf,3.695,mm,OK,--,8:45:11 PM,7/10/2026,
1179,66.7,gf,3.690,mm,OK,--,8:45:11 PM,7/10/2026,
1180,64.3,gf,3.690,mm,OK,--,8:45:12 PM,7/10/2026,
1181,62.2,gf,3.685,mm,OK,--,8:45:12 PM,7/10/2026,
1182,60.8,gf,3.685,mm,OK,--,8:45:12 PM,7/10/2026,
1183,59.5,gf,3.685,mm,OK,--,8:45:12 PM,7/10/2026,
1184,58.3,gf,3.685,mm,OK,--,8:45:12 PM,7/10/2026,
1185,57.0,gf,3.680,mm,OK,--,8:45:12 PM,7/10/2026,
1186,55.5,gf,3.680,mm,OK,--,8:45:12 PM,7/10/2026,
1187,53.8,gf,3.680,mm,OK,--,8:45:12 PM,7/10/2026,
1188,52.0,gf,3.675,mm,OK,--,8:45:12 PM,7/10/2026,
1189,49.8,gf,3.675,mm,OK,--,8:45:12 PM,7/10/2026,
1190,47.0,gf,3.670,mm,OK,--,8:45:13 PM,7/10/2026,
1191,44.5,gf,3.670,mm,OK,--,8:45:13 PM,7/10/2026,
1192,42.2,gf,3.665,mm,OK,--,8:45:13 PM,7/10/2026,
1193,40.0,gf,3.665,mm,OK,--,8:45:13 PM,7/10/2026,
1194,37.6,gf,3.660,mm,OK,--,8:45:13 PM,7/10/2026,
1195,35.0,gf,3.655,mm,OK,--,8:45:13 PM,7/10/2026,
1196,32.3,gf,3.655,mm,OK,--,8:45:13 PM,7/10/2026,
1197,32.1,gf,3.650,mm,OK,--,8:45:13 PM,7/10/2026,
1198,32.1,gf,3.645,mm,OK,--,8:45:13 PM,7/10/2026,
1199,32.2,gf,3.645,mm,OK,--,8:45:13 PM,7/10/2026,
1200,32.1,gf,3.640,mm,OK,--,8:45:14 PM,7/10/2026,
1201,32.1,gf,3.635,mm,OK,--,8:45:14 PM,7/10/2026,
1202,32.1,gf,3.630,mm,OK,--,8:45:14 PM,7/10/2026,
1203,32.1,gf,3.625,mm,OK,--,8:45:14 PM,7/10/2026,
1204,32.1,gf,3.620,mm,OK,--,8:45:14 PM,7/10/2026,
1205,32.1,gf,3.615,mm,OK,--,8:45:14 PM,7/10/2026,
1206,32.0,gf,3.605,mm,OK,--,8:45:14 PM,7/10/2026,
1207,32.0,gf,3.600,mm,OK,--,8:45:14 PM,7/10/2026,
1208,32.0,gf,3.590,mm,OK,--,8:45:14 PM,7/10/2026,
1209,31.9,gf,3.585,mm,OK,--,8:45:14 PM,7/10/2026,
1210,31.9,gf,3.580,mm,OK,--,8:45:15 PM,7/10/2026,
1211,31.9,gf,3.570,mm,OK,--,8:45:15 PM,7/10/2026,
1212,31.9,gf,3.565,mm,OK,--,8:45:15 PM,7/10/2026,
1213,31.9,gf,3.555,mm,OK,--,8:45:15 PM,7/10/2026,
1214,31.8,gf,3.545,mm,OK,--,8:45:15 PM,7/10/2026,
1215,31.8,gf,3.540,mm,OK,--,8:45:15 PM,7/10/2026,
1216,31.8,gf,3.530,mm,OK,--,8:45:15 PM,7/10/2026,
1217,31.8,gf,3.520,mm,OK,--,8:45:15 PM,7/10/2026,
1218,31.8,gf,3.515,mm,OK,--,8:45:15 PM,7/10/2026,
1219,31.7,gf,3.505,mm,OK,--,8:45:15 PM,7/10/2026,
1220,31.7,gf,3.500,mm,OK,--,8:45:16 PM,7/10/2026,
1221,31.7,gf,3.490,mm,OK,--,8:45:16 PM,7/10/2026,
1222,31.7,gf,3.485,mm,OK,--,8:45:16 PM,7/10/2026,
1223,31.7,gf,3.475,mm,OK,--,8:45:16 PM,7/10/2026,
1224,31.7,gf,3.470,mm,OK,--,8:45:16 PM,7/10/2026,
1225,31.6,gf,3.460,mm,OK,--,8:45:16 PM,7/10/2026,
1226,31.6,gf,3.455,mm,OK,--,8:45:16 PM,7/10/2026,
1227,31.6,gf,3.450,mm,OK,--,8:45:16 PM,7/10/2026,
1228,31.6,gf,3.440,mm,OK,--,8:45:16 PM,7/10/2026,
1229,31.6,gf,3.435,mm,OK,--,8:45:16 PM,7/10/2026,
1230,31.6,gf,3.430,mm,OK,--,8:45:17 PM,7/10/2026,
1231,31.5,gf,3.425,mm,OK,--,8:45:17 PM,7/10/2026,
1232,31.5,gf,3.425,mm,OK,--,8:45:17 PM,7/10/2026,
1233,31.5,gf,3.420,mm,OK,--,8:45:17 PM,7/10/2026,
1234,31.5,gf,3.415,mm,OK,--,8:45:17 PM,7/10/2026,
1235,31.5,gf,3.410,mm,OK,--,8:45:17 PM,7/10/2026,
1236,31.5,gf,3.400,mm,OK,--,8:45:17 PM,7/10/2026,
1237,31.5,gf,3.390,mm,OK,--,8:45:17 PM,7/10/2026,
1238,31.4,gf,3.380,mm,OK,--,8:45:17 PM,7/10/2026,
1239,31.3,gf,3.370,mm,OK,--,8:45:17 PM,7/10/2026,
1240,31.4,gf,3.360,mm,OK,--,8:45:18 PM,7/10/2026,
1241,31.3,gf,3.350,mm,OK,--,8:45:18 PM,7/10/2026,
1242,31.3,gf,3.345,mm,OK,--,8:45:18 PM,7/10/2026,
1243,31.3,gf,3.330,mm,OK,--,8:45:18 PM,7/10/2026,
1244,31.3,gf,3.315,mm,OK,--,8:45:18 PM,7/10/2026,
1245,31.2,gf,3.305,mm,OK,--,8:45:18 PM,7/10/2026,
1246,31.1,gf,3.290,mm,OK,--,8:45:18 PM,7/10/2026,
1247,31.1,gf,3.275,mm,OK,--,8:45:18 PM,7/10/2026,
1248,31.0,gf,3.255,mm,OK,--,8:45:18 PM,7/10/2026,
1249,31.0,gf,3.235,mm,OK,--,8:45:18 PM,7/10/2026,
1250,30.9,gf,3.210,mm,OK,--,8:45:19 PM,7/10/2026,
1251,30.9,gf,3.190,mm,OK,--,8:45:19 PM,7/10/2026,
1252,30.8,gf,3.170,mm,OK,--,8:45:19 PM,7/10/2026,
1253,30.8,gf,3.160,mm,OK,--,8:45:19 PM,7/10/2026,
1254,30.8,gf,3.150,mm,OK,--,8:45:19 PM,7/10/2026,
1255,30.7,gf,3.140,mm,OK,--,8:45:19 PM,7/10/2026,
1256,30.7,gf,3.130,mm,OK,--,8:45:19 PM,7/10/2026,
1257,30.7,gf,3.120,mm,OK,--,8:45:19 PM,7/10/2026,
1258,30.7,gf,3.110,mm,OK,--,8:45:19 PM,7/10/2026,
1259,30.6,gf,3.100,mm,OK,--,8:45:19 PM,7/10/2026,
1260,30.6,gf,3.090,mm,OK,--,8:45:20 PM,7/10/2026,
1261,30.6,gf,3.085,mm,OK,--,8:45:20 PM,7/10/2026,
1262,30.6,gf,3.075,mm,OK,--,8:45:20 PM,7/10/2026,
1263,30.5,gf,3.065,mm,OK,--,8:45:20 PM,7/10/2026,
1264,30.5,gf,3.055,mm,OK,--,8:45:20 PM,7/10/2026,
1265,30.4,gf,3.045,mm,OK,--,8:45:20 PM,7/10/2026,
1266,30.4,gf,3.040,mm,OK,--,8:45:20 PM,7/10/2026,
1267,30.4,gf,3.035,mm,OK,--,8:45:20 PM,7/10/2026,
1268,30.4,gf,3.030,mm,OK,--,8:45:20 PM,7/10/2026,
1269,30.3,gf,3.020,mm,OK,--,8:45:20 PM,7/10/2026,
1270,30.3,gf,3.015,mm,OK,--,8:45:21 PM,7/10/2026,
1271,30.3,gf,3.010,mm,OK,--,8:45:21 PM,7/10/2026,
1272,30.2,gf,3.000,mm,OK,--,8:45:21 PM,7/10/2026,
1273,30.3,gf,2.995,mm,OK,--,8:45:21 PM,7/10/2026,
1274,30.2,gf,2.990,mm,OK,--,8:45:21 PM,7/10/2026,
1275,30.2,gf,2.985,mm,OK,--,8:45:21 PM,7/10/2026,
1276,30.2,gf,2.980,mm,OK,--,8:45:21 PM,7/10/2026,
1277,30.2,gf,2.970,mm,OK,--,8:45:21 PM,7/10/2026,
1278,30.1,gf,2.965,mm,OK,--,8:45:21 PM,7/10/2026,
1279,30.1,gf,2.960,mm,OK,--,8:45:21 PM,7/10/2026,
1280,30.1,gf,2.950,mm,OK,--,8:45:22 PM,7/10/2026,
1281,30.0,gf,2.945,mm,OK,--,8:45:22 PM,7/10/2026,
1282,30.0,gf,2.935,mm,OK,--,8:45:22 PM,7/10/2026,
1283,30.0,gf,2.930,mm,OK,--,8:45:22 PM,7/10/2026,
1284,30.0,gf,2.925,mm,OK,--,8:45:22 PM,7/10/2026,
1285,30.0,gf,2.920,mm,OK,--,8:45:22 PM,7/10/2026,
1286,30.0,gf,2.915,mm,OK,--,8:45:22 PM,7/10/2026,
1287,30.0,gf,2.915,mm,OK,--,8:45:22 PM,7/10/2026,
1288,30.0,gf,2.910,mm,OK,--,8:45:22 PM,7/10/2026,
1289,29.9,gf,2.905,mm,OK,--,8:45:22 PM,7/10/2026,
1290,29.9,gf,2.900,mm,OK,--,8:45:23 PM,7/10/2026,
1291,29.9,gf,2.900,mm,OK,--,8:45:23 PM,7/10/2026,
1292,29.9,gf,2.895,mm,OK,--,8:45:23 PM,7/10/2026,
1293,29.8,gf,2.895,mm,OK,--,8:45:23 PM,7/10/2026,
1294,29.8,gf,2.890,mm,OK,--,8:45:23 PM,7/10/2026,
1295,29.8,gf,2.890,mm,OK,--,8:45:23 PM,7/10/2026,
1296,29.8,gf,2.885,mm,OK,--,8:45:23 PM,7/10/2026,
1297,29.8,gf,2.880,mm,OK,--,8:45:23 PM,7/10/2026,
1298,29.7,gf,2.875,mm,OK,--,8:45:23 PM,7/10/2026,
1299,29.7,gf,2.870,mm,OK,--,8:45:23 PM,7/10/2026,
1300,29.6,gf,2.865,mm,OK,--,8:45:24 PM,7/10/2026,
1301,29.7,gf,2.860,mm,OK,--,8:45:24 PM,7/10/2026,
1302,29.7,gf,2.855,mm,OK,--,8:45:24 PM,7/10/2026,
1303,29.7,gf,2.850,mm,OK,--,8:45:24 PM,7/10/2026,
1304,29.7,gf,2.845,mm,OK,--,8:45:24 PM,7/10/2026,
1305,29.7,gf,2.845,mm,OK,--,8:45:24 PM,7/10/2026,
1306,29.7,gf,2.840,mm,OK,--,8:45:24 PM,7/10/2026,
1307,29.7,gf,2.840,mm,OK,--,8:45:24 PM,7/10/2026,
1308,29.7,gf,2.835,mm,OK,--,8:45:24 PM,7/10/2026,
1309,29.6,gf,2.830,mm,OK,--,8:45:24 PM,7/10/2026,
1310,29.6,gf,2.830,mm,OK,--,8:45:25 PM,7/10/2026,
1311,29.6,gf,2.825,mm,OK,--,8:45:25 PM,7/10/2026,
1312,29.6,gf,2.815,mm,OK,--,8:45:25 PM,7/10/2026,
1313,29.6,gf,2.810,mm,OK,--,8:45:25 PM,7/10/2026,
1314,29.5,gf,2.800,mm,OK,--,8:45:25 PM,7/10/2026,
1315,29.4,gf,2.795,mm,OK,--,8:45:25 PM,7/10/2026,
1316,29.4,gf,2.785,mm,OK,--,8:45:25 PM,7/10/2026,
1317,29.4,gf,2.780,mm,OK,--,8:45:25 PM,7/10/2026,
1318,29.4,gf,2.775,mm,OK,--,8:45:25 PM,7/10/2026,
1319,29.4,gf,2.770,mm,OK,--,8:45:25 PM,7/10/2026,
1320,29.3,gf,2.765,mm,OK,--,8:45:26 PM,7/10/2026,
1321,29.3,gf,2.760,mm,OK,--,8:45:26 PM,7/10/2026,
1322,29.3,gf,2.755,mm,OK,--,8:45:26 PM,7/10/2026,
1323,29.2,gf,2.750,mm,OK,--,8:45:26 PM,7/10/2026,
1324,29.2,gf,2.745,mm,OK,--,8:45:26 PM,7/10/2026,
1325,29.2,gf,2.735,mm,OK,--,8:45:26 PM,7/10/2026,
1326,29.2,gf,2.730,mm,OK,--,8:45:26 PM,7/10/2026,
1327,29.2,gf,2.725,mm,OK,--,8:45:26 PM,7/10/2026,
1328,29.2,gf,2.715,mm,OK,--,8:45:26 PM,7/10/2026,
1329,29.2,gf,2.710,mm,OK,--,8:45:26 PM,7/10/2026,
1330,29.2,gf,2.700,mm,OK,--,8:45:27 PM,7/10/2026,
1331,29.2,gf,2.695,mm,OK,--,8:45:27 PM,7/10/2026,
1332,29.1,gf,2.690,mm,OK,--,8:45:27 PM,7/10/2026,
1333,29.1,gf,2.685,mm,OK,--,8:45:27 PM,7/10/2026,
1334,29.1,gf,2.675,mm,OK,--,8:45:27 PM,7/10/2026,
1335,29.0,gf,2.670,mm,OK,--,8:45:27 PM,7/10/2026,
1336,29.0,gf,2.660,mm,OK,--,8:45:27 PM,7/10/2026,
1337,29.0,gf,2.650,mm,OK,--,8:45:27 PM,7/10/2026,
1338,28.9,gf,2.640,mm,OK,--,8:45:27 PM,7/10/2026,
1339,28.9,gf,2.630,mm,OK,--,8:45:27 PM,7/10/2026,
1340,28.9,gf,2.625,mm,OK,--,8:45:28 PM,7/10/2026,
1341,28.8,gf,2.620,mm,OK,--,8:45:28 PM,7/10/2026,
1342,28.8,gf,2.615,mm,OK,--,8:45:28 PM,7/10/2026,
1343,28.8,gf,2.610,mm,OK,--,8:45:28 PM,7/10/2026,
1344,28.7,gf,2.605,mm,OK,--,8:45:28 PM,7/10/2026,
1345,28.7,gf,2.595,mm,OK,--,8:45:28 PM,7/10/2026,
1346,28.7,gf,2.590,mm,OK,--,8:45:28 PM,7/10/2026,
1347,28.7,gf,2.585,mm,OK,--,8:45:28 PM,7/10/2026,
1348,28.6,gf,2.585,mm,OK,--,8:45:28 PM,7/10/2026,
1349,28.6,gf,2.580,mm,OK,--,8:45:28 PM,7/10/2026,
1350,28.6,gf,2.575,mm,OK,--,8:45:29 PM,7/10/2026,
1351,28.6,gf,2.570,mm,OK,--,8:45:29 PM,7/10/2026,
1352,28.6,gf,2.565,mm,OK,--,8:45:29 PM,7/10/2026,
1353,28.6,gf,2.560,mm,OK,--,8:45:29 PM,7/10/2026,
1354,28.6,gf,2.555,mm,OK,--,8:45:29 PM,7/10/2026,
1355,28.5,gf,2.545,mm,OK,--,8:45:29 PM,7/10/2026,
1356,28.5,gf,2.540,mm,OK,--,8:45:29 PM,7/10/2026,
1357,28.4,gf,2.535,mm,OK,--,8:45:29 PM,7/10/2026,
1358,28.4,gf,2.530,mm,OK,--,8:45:29 PM,7/10/2026,
1359,28.3,gf,2.525,mm,OK,--,8:45:29 PM,7/10/2026,
1360,28.4,gf,2.520,mm,OK,--,8:45:30 PM,7/10/2026,
1361,28.4,gf,2.510,mm,OK,--,8:45:30 PM,7/10/2026,
1362,28.4,gf,2.505,mm,OK,--,8:45:30 PM,7/10/2026,
1363,28.3,gf,2.500,mm,OK,--,8:45:30 PM,7/10/2026,
1364,28.3,gf,2.495,mm,OK,--,8:45:30 PM,7/10/2026,
1365,28.3,gf,2.490,mm,OK,--,8:45:30 PM,7/10/2026,
1366,28.3,gf,2.485,mm,OK,--,8:45:30 PM,7/10/2026,
1367,28.3,gf,2.475,mm,OK,--,8:45:30 PM,7/10/2026,
1368,28.3,gf,2.470,mm,OK,--,8:45:30 PM,7/10/2026,
1369,28.2,gf,2.465,mm,OK,--,8:45:30 PM,7/10/2026,
1370,28.2,gf,2.455,mm,OK,--,8:45:31 PM,7/10/2026,
1371,28.2,gf,2.445,mm,OK,--,8:45:31 PM,7/10/2026,
1372,28.2,gf,2.435,mm,OK,--,8:45:31 PM,7/10/2026,
1373,28.2,gf,2.430,mm,OK,--,8:45:31 PM,7/10/2026,
1374,28.1,gf,2.420,mm,OK,--,8:45:31 PM,7/10/2026,
1375,28.1,gf,2.410,mm,OK,--,8:45:31 PM,7/10/2026,
1376,28.0,gf,2.400,mm,OK,--,8:45:31 PM,7/10/2026,
1377,28.0,gf,2.395,mm,OK,--,8:45:31 PM,7/10/2026,
1378,27.9,gf,2.385,mm,OK,--,8:45:31 PM,7/10/2026,
1379,27.9,gf,2.375,mm,OK,--,8:45:31 PM,7/10/2026,
1380,27.9,gf,2.370,mm,OK,--,8:45:32 PM,7/10/2026,
1381,27.9,gf,2.365,mm,OK,--,8:45:32 PM,7/10/2026,
1382,27.9,gf,2.360,mm,OK,--,8:45:32 PM,7/10/2026,
1383,27.9,gf,2.355,mm,OK,--,8:45:32 PM,7/10/2026,
1384,27.9,gf,2.355,mm,OK,--,8:45:32 PM,7/10/2026,
1385,27.9,gf,2.350,mm,OK,--,8:45:32 PM,7/10/2026,
1386,27.9,gf,2.340,mm,OK,--,8:45:32 PM,7/10/2026,
1387,27.9,gf,2.335,mm,OK,--,8:45:32 PM,7/10/2026,
1388,27.8,gf,2.330,mm,OK,--,8:45:32 PM,7/10/2026,
1389,27.8,gf,2.325,mm,OK,--,8:45:32 PM,7/10/2026,
1390,27.8,gf,2.320,mm,OK,--,8:45:33 PM,7/10/2026,
1391,27.8,gf,2.310,mm,OK,--,8:45:33 PM,7/10/2026,
1392,27.8,gf,2.305,mm,OK,--,8:45:33 PM,7/10/2026,
1393,27.8,gf,2.295,mm,OK,--,8:45:33 PM,7/10/2026,
1394,27.7,gf,2.290,mm,OK,--,8:45:33 PM,7/10/2026,
1395,27.7,gf,2.280,mm,OK,--,8:45:33 PM,7/10/2026,
1396,27.7,gf,2.270,mm,OK,--,8:45:33 PM,7/10/2026,
1397,27.7,gf,2.265,mm,OK,--,8:45:33 PM,7/10/2026,
1398,27.6,gf,2.260,mm,OK,--,8:45:33 PM,7/10/2026,
1399,27.6,gf,2.250,mm,OK,--,8:45:33 PM,7/10/2026,
1400,27.6,gf,2.245,mm,OK,--,8:45:34 PM,7/10/2026,
1401,27.6,gf,2.240,mm,OK,--,8:45:34 PM,7/10/2026,
1402,27.6,gf,2.235,mm,OK,--,8:45:34 PM,7/10/2026,
1403,27.5,gf,2.235,mm,OK,--,8:45:34 PM,7/10/2026,
1404,27.5,gf,2.225,mm,OK,--,8:45:34 PM,7/10/2026,
1405,27.4,gf,2.220,mm,OK,--,8:45:34 PM,7/10/2026,
1406,27.3,gf,2.210,mm,OK,--,8:45:34 PM,7/10/2026,
1407,27.2,gf,2.195,mm,OK,--,8:45:34 PM,7/10/2026,
1408,27.1,gf,2.180,mm,OK,--,8:45:34 PM,7/10/2026,
1409,27.1,gf,2.170,mm,OK,--,8:45:34 PM,7/10/2026,
1410,27.1,gf,2.165,mm,OK,--,8:45:35 PM,7/10/2026,
1411,27.0,gf,2.155,mm,OK,--,8:45:35 PM,7/10/2026,
1412,26.9,gf,2.145,mm,OK,--,8:45:35 PM,7/10/2026,
1413,26.7,gf,2.135,mm,OK,--,8:45:35 PM,7/10/2026,
1414,26.6,gf,2.130,mm,OK,--,8:45:35 PM,7/10/2026,
1415,26.4,gf,2.120,mm,OK,--,8:45:35 PM,7/10/2026,
1416,26.2,gf,2.115,mm,OK,--,8:45:35 PM,7/10/2026,
1417,25.9,gf,2.105,mm,OK,--,8:45:35 PM,7/10/2026,
1418,25.6,gf,2.090,mm,OK,--,8:45:35 PM,7/10/2026,
1419,25.3,gf,2.070,mm,OK,--,8:45:35 PM,7/10/2026,
1420,25.1,gf,2.055,mm,OK,--,8:45:36 PM,7/10/2026,
1421,25.0,gf,2.050,mm,OK,--,8:45:36 PM,7/10/2026,
1422,25.0,gf,2.040,mm,OK,--,8:45:36 PM,7/10/2026,
1423,24.9,gf,2.030,mm,OK,--,8:45:36 PM,7/10/2026,
1424,24.9,gf,2.025,mm,OK,--,8:45:36 PM,7/10/2026,
1425,24.8,gf,2.020,mm,OK,--,8:45:36 PM,7/10/2026,
1426,24.8,gf,2.015,mm,OK,--,8:45:36 PM,7/10/2026,
1427,24.7,gf,2.005,mm,OK,--,8:45:36 PM,7/10/2026,
1428,24.7,gf,2.000,mm,OK,--,8:45:36 PM,7/10/2026,
1429,24.7,gf,1.995,mm,OK,--,8:45:36 PM,7/10/2026,
1430,24.7,gf,1.990,mm,OK,--,8:45:37 PM,7/10/2026,
1431,24.7,gf,1.990,mm,OK,--,8:45:37 PM,7/10/2026,
1432,24.6,gf,1.985,mm,OK,--,8:45:37 PM,7/10/2026,
1433,24.6,gf,1.985,mm,OK,--,8:45:37 PM,7/10/2026,
1434,24.6,gf,1.980,mm,OK,--,8:45:37 PM,7/10/2026,
1435,24.6,gf,1.975,mm,OK,--,8:45:37 PM,7/10/2026,
1436,24.5,gf,1.970,mm,OK,--,8:45:37 PM,7/10/2026,
1437,24.5,gf,1.965,mm,OK,--,8:45:37 PM,7/10/2026,
1438,24.5,gf,1.965,mm,OK,--,8:45:37 PM,7/10/2026,
1439,24.5,gf,1.960,mm,OK,--,8:45:37 PM,7/10/2026,
1440,24.4,gf,1.955,mm,OK,--,8:45:38 PM,7/10/2026,
1441,24.4,gf,1.950,mm,OK,--,8:45:38 PM,7/10/2026,
1442,24.4,gf,1.945,mm,OK,--,8:45:38 PM,7/10/2026,
1443,24.4,gf,1.945,mm,OK,--,8:45:38 PM,7/10/2026,
1444,24.4,gf,1.940,mm,OK,--,8:45:38 PM,7/10/2026,
1445,24.4,gf,1.935,mm,OK,--,8:45:38 PM,7/10/2026,
1446,24.3,gf,1.935,mm,OK,--,8:45:38 PM,7/10/2026,
1447,24.3,gf,1.930,mm,OK,--,8:45:38 PM,7/10/2026,
1448,24.3,gf,1.925,mm,OK,--,8:45:38 PM,7/10/2026,
1449,24.3,gf,1.925,mm,OK,--,8:45:38 PM,7/10/2026,
1450,24.3,gf,1.920,mm,OK,--,8:45:39 PM,7/10/2026,
1451,24.3,gf,1.920,mm,OK,--,8:45:39 PM,7/10/2026,
1452,24.2,gf,1.915,mm,OK,--,8:45:39 PM,7/10/2026,
1453,24.2,gf,1.910,mm,OK,--,8:45:39 PM,7/10/2026,
1454,24.1,gf,1.905,mm,OK,--,8:45:39 PM,7/10/2026,
1455,24.1,gf,1.905,mm,OK,--,8:45:39 PM,7/10/2026,
1456,24.1,gf,1.900,mm,OK,--,8:45:39 PM,7/10/2026,
1457,24.1,gf,1.895,mm,OK,--,8:45:39 PM,7/10/2026,
1458,24.1,gf,1.890,mm,OK,--,8:45:39 PM,7/10/2026,
1459,24.1,gf,1.890,mm,OK,--,8:45:39 PM,7/10/2026,
1460,24.1,gf,1.885,mm,OK,--,8:45:40 PM,7/10/2026,
1461,24.1,gf,1.885,mm,OK,--,8:45:40 PM,7/10/2026,
1462,24.1,gf,1.880,mm,OK,--,8:45:40 PM,7/10/2026,
1463,24.1,gf,1.880,mm,OK,--,8:45:40 PM,7/10/2026,
1464,24.0,gf,1.875,mm,OK,--,8:45:40 PM,7/10/2026,
1465,24.0,gf,1.870,mm,OK,--,8:45:40 PM,7/10/2026,
1466,23.9,gf,1.865,mm,OK,--,8:45:40 PM,7/10/2026,
1467,23.9,gf,1.860,mm,OK,--,8:45:40 PM,7/10/2026,
1468,23.9,gf,1.855,mm,OK,--,8:45:40 PM,7/10/2026,
1469,23.9,gf,1.850,mm,OK,--,8:45:40 PM,7/10/2026,
1470,23.9,gf,1.845,mm,OK,--,8:45:41 PM,7/10/2026,
1471,23.9,gf,1.840,mm,OK,--,8:45:41 PM,7/10/2026,
1472,23.9,gf,1.840,mm,OK,--,8:45:41 PM,7/10/2026,
1473,23.8,gf,1.835,mm,OK,--,8:45:41 PM,7/10/2026,
1474,23.8,gf,1.830,mm,OK,--,8:45:41 PM,7/10/2026,
1475,23.6,gf,1.825,mm,OK,--,8:45:41 PM,7/10/2026,
1476,23.7,gf,1.815,mm,OK,--,8:45:41 PM,7/10/2026,
1477,23.7,gf,1.805,mm,OK,--,8:45:41 PM,7/10/2026,
1478,23.6,gf,1.795,mm,OK,--,8:45:41 PM,7/10/2026,
1479,23.6,gf,1.790,mm,OK,--,8:45:41 PM,7/10/2026,
1480,23.6,gf,1.780,mm,OK,--,8:45:42 PM,7/10/2026,
1481,23.6,gf,1.775,mm,OK,--,8:45:42 PM,7/10/2026,
1482,23.5,gf,1.765,mm,OK,--,8:45:42 PM,7/10/2026,
1483,23.5,gf,1.760,mm,OK,--,8:45:42 PM,7/10/2026,
1484,23.5,gf,1.750,mm,OK,--,8:45:42 PM,7/10/2026,
1485,23.4,gf,1.745,mm,OK,--,8:45:42 PM,7/10/2026,
1486,23.4,gf,1.740,mm,OK,--,8:45:42 PM,7/10/2026,
1487,23.4,gf,1.735,mm,OK,--,8:45:42 PM,7/10/2026,
1488,23.2,gf,1.730,mm,OK,--,8:45:42 PM,7/10/2026,
1489,23.2,gf,1.720,mm,OK,--,8:45:42 PM,7/10/2026,
1490,23.2,gf,1.710,mm,OK,--,8:45:43 PM,7/10/2026,
1491,23.2,gf,1.700,mm,OK,--,8:45:43 PM,7/10/2026,
1492,23.1,gf,1.690,mm,OK,--,8:45:43 PM,7/10/2026,
1493,23.1,gf,1.685,mm,OK,--,8:45:43 PM,7/10/2026,
1494,23.0,gf,1.680,mm,OK,--,8:45:43 PM,7/10/2026,
1495,23.0,gf,1.670,mm,OK,--,8:45:43 PM,7/10/2026,
1496,23.0,gf,1.665,mm,OK,--,8:45:43 PM,7/10/2026,
1497,23.0,gf,1.665,mm,OK,--,8:45:43 PM,7/10/2026,
1498,22.9,gf,1.660,mm,OK,--,8:45:43 PM,7/10/2026,
1499,22.9,gf,1.655,mm,OK,--,8:45:43 PM,7/10/2026,
1500,22.8,gf,1.650,mm,OK,--,8:45:44 PM,7/10/2026,
1501,22.9,gf,1.645,mm,OK,--,8:45:44 PM,7/10/2026,
1502,22.8,gf,1.645,mm,OK,--,8:45:44 PM,7/10/2026,
1503,22.7,gf,1.640,mm,OK,--,8:45:44 PM,7/10/2026,
1504,22.7,gf,1.630,mm,OK,--,8:45:44 PM,7/10/2026,
1505,22.7,gf,1.625,mm,OK,--,8:45:44 PM,7/10/2026,
1506,22.7,gf,1.620,mm,OK,--,8:45:44 PM,7/10/2026,
1507,22.6,gf,1.610,mm,OK,--,8:45:44 PM,7/10/2026,
1508,22.6,gf,1.600,mm,OK,--,8:45:44 PM,7/10/2026,
1509,22.6,gf,1.595,mm,OK,--,8:45:44 PM,7/10/2026,
1510,22.5,gf,1.590,mm,OK,--,8:45:45 PM,7/10/2026,
1511,22.5,gf,1.585,mm,OK,--,8:45:45 PM,7/10/2026,
1512,22.5,gf,1.580,mm,OK,--,8:45:45 PM,7/10/2026,
1513,22.4,gf,1.575,mm,OK,--,8:45:45 PM,7/10/2026,
1514,22.3,gf,1.570,mm,OK,--,8:45:45 PM,7/10/2026,
1515,22.3,gf,1.560,mm,OK,--,8:45:45 PM,7/10/2026,
1516,22.3,gf,1.555,mm,OK,--,8:45:45 PM,7/10/2026,
1517,22.3,gf,1.550,mm,OK,--,8:45:45 PM,7/10/2026,
1518,22.3,gf,1.545,mm,OK,--,8:45:45 PM,7/10/2026,
1519,22.2,gf,1.540,mm,OK,--,8:45:45 PM,7/10/2026,
1520,22.3,gf,1.535,mm,OK,--,8:45:46 PM,7/10/2026,
1521,22.2,gf,1.530,mm,OK,--,8:45:46 PM,7/10/2026,
1522,22.2,gf,1.530,mm,OK,--,8:45:46 PM,7/10/2026,
1523,22.1,gf,1.525,mm,OK,--,8:45:46 PM,7/10/2026,
1524,22.1,gf,1.520,mm,OK,--,8:45:46 PM,7/10/2026,
1525,22.1,gf,1.515,mm,OK,--,8:45:46 PM,7/10/2026,
1526,22.1,gf,1.510,mm,OK,--,8:45:46 PM,7/10/2026,
1527,22.1,gf,1.505,mm,OK,--,8:45:46 PM,7/10/2026,
1528,22.0,gf,1.500,mm,OK,--,8:45:46 PM,7/10/2026,
1529,22.0,gf,1.495,mm,OK,--,8:45:46 PM,7/10/2026,
1530,22.0,gf,1.490,mm,OK,--,8:45:47 PM,7/10/2026,
1531,21.9,gf,1.485,mm,OK,--,8:45:47 PM,7/10/2026,
1532,21.9,gf,1.475,mm,OK,--,8:45:47 PM,7/10/2026,
1533,21.8,gf,1.470,mm,OK,--,8:45:47 PM,7/10/2026,
1534,21.8,gf,1.455,mm,OK,--,8:45:47 PM,7/10/2026,
1535,21.9,gf,1.445,mm,OK,--,8:45:47 PM,7/10/2026,
1536,21.9,gf,1.440,mm,OK,--,8:45:47 PM,7/10/2026,
1537,21.9,gf,1.435,mm,OK,--,8:45:47 PM,7/10/2026,
1538,21.9,gf,1.430,mm,OK,--,8:45:47 PM,7/10/2026,
1539,21.8,gf,1.425,mm,OK,--,8:45:47 PM,7/10/2026,
1540,21.9,gf,1.425,mm,OK,--,8:45:48 PM,7/10/2026,
1541,21.9,gf,1.420,mm,OK,--,8:45:48 PM,7/10/2026,
1542,21.9,gf,1.420,mm,OK,--,8:45:48 PM,7/10/2026,
1543,21.7,gf,1.415,mm,OK,--,8:45:48 PM,7/10/2026,
1544,21.7,gf,1.410,mm,OK,--,8:45:48 PM,7/10/2026,
1545,21.8,gf,1.410,mm,OK,--,8:45:48 PM,7/10/2026,
1546,21.8,gf,1.405,mm,OK,--,8:45:48 PM,7/10/2026,
1547,21.7,gf,1.405,mm,OK,--,8:45:48 PM,7/10/2026,
1548,21.7,gf,1.400,mm,OK,--,8:45:48 PM,7/10/2026,
1549,21.7,gf,1.395,mm,OK,--,8:45:48 PM,7/10/2026,
1550,21.7,gf,1.395,mm,OK,--,8:45:49 PM,7/10/2026,
1551,21.7,gf,1.390,mm,OK,--,8:45:49 PM,7/10/2026,
1552,21.7,gf,1.390,mm,OK,--,8:45:49 PM,7/10/2026,
1553,21.7,gf,1.385,mm,OK,--,8:45:49 PM,7/10/2026,
1554,21.6,gf,1.385,mm,OK,--,8:45:49 PM,7/10/2026,
1555,21.6,gf,1.380,mm,OK,--,8:45:49 PM,7/10/2026,
1556,21.6,gf,1.380,mm,OK,--,8:45:49 PM,7/10/2026,
1557,21.6,gf,1.375,mm,OK,--,8:45:49 PM,7/10/2026,
1558,21.6,gf,1.375,mm,OK,--,8:45:49 PM,7/10/2026,
1559,21.6,gf,1.370,mm,OK,--,8:45:49 PM,7/10/2026,
1560,21.6,gf,1.370,mm,OK,--,8:45:50 PM,7/10/2026,
1561,21.5,gf,1.365,mm,OK,--,8:45:50 PM,7/10/2026,
1562,21.5,gf,1.365,mm,OK,--,8:45:50 PM,7/10/2026,
1563,21.5,gf,1.360,mm,OK,--,8:45:50 PM,7/10/2026,
1564,21.5,gf,1.360,mm,OK,--,8:45:50 PM,7/10/2026,
1565,21.5,gf,1.355,mm,OK,--,8:45:50 PM,7/10/2026,
1566,21.6,gf,1.350,mm,OK,--,8:45:50 PM,7/10/2026,
1567,21.6,gf,1.350,mm,OK,--,8:45:50 PM,7/10/2026,
1568,21.6,gf,1.350,mm,OK,--,8:45:50 PM,7/10/2026,
1569,21.5,gf,1.350,mm,OK,--,8:45:50 PM,7/10/2026,
1570,21.5,gf,1.345,mm,OK,--,8:45:51 PM,7/10/2026,
1571,21.5,gf,1.345,mm,OK,--,8:45:51 PM,7/10/2026,
1572,21.5,gf,1.345,mm,OK,--,8:45:51 PM,7/10/2026,
1573,21.5,gf,1.345,mm,OK,--,8:45:51 PM,7/10/2026,
1574,21.5,gf,1.340,mm,OK,--,8:45:51 PM,7/10/2026,
1575,21.4,gf,1.340,mm,OK,--,8:45:51 PM,7/10/2026,
1576,21.3,gf,1.335,mm,OK,--,8:45:51 PM,7/10/2026,
1577,21.3,gf,1.330,mm,OK,--,8:45:51 PM,7/10/2026,
1578,21.4,gf,1.320,mm,OK,--,8:45:51 PM,7/10/2026,
1579,21.4,gf,1.315,mm,OK,--,8:45:51 PM,7/10/2026,
1580,21.3,gf,1.310,mm,OK,--,8:45:52 PM,7/10/2026,
1581,21.4,gf,1.310,mm,OK,--,8:45:52 PM,7/10/2026,
1582,21.4,gf,1.305,mm,OK,--,8:45:52 PM,7/10/2026,
1583,21.4,gf,1.305,mm,OK,--,8:45:52 PM,7/10/2026,
1584,21.3,gf,1.305,mm,OK,--,8:45:52 PM,7/10/2026,
1585,21.3,gf,1.300,mm,OK,--,8:45:52 PM,7/10/2026,
1586,21.4,gf,1.300,mm,OK,--,8:45:52 PM,7/10/2026,
1587,21.3,gf,1.300,mm,OK,--,8:45:52 PM,7/10/2026,
1588,21.2,gf,1.295,mm,OK,--,8:45:52 PM,7/10/2026,
1589,21.2,gf,1.290,mm,OK,--,8:45:52 PM,7/10/2026,
1590,21.2,gf,1.290,mm,OK,--,8:45:53 PM,7/10/2026,
1591,21.2,gf,1.285,mm,OK,--,8:45:53 PM,7/10/2026,
1592,21.1,gf,1.280,mm,OK,--,8:45:53 PM,7/10/2026,
1593,21.2,gf,1.275,mm,OK,--,8:45:53 PM,7/10/2026,
1594,21.1,gf,1.270,mm,OK,--,8:45:53 PM,7/10/2026,
1595,21.1,gf,1.265,mm,OK,--,8:45:53 PM,7/10/2026,
1596,21.1,gf,1.260,mm,OK,--,8:45:53 PM,7/10/2026,
1597,21.1,gf,1.255,mm,OK,--,8:45:53 PM,7/10/2026,
1598,21.0,gf,1.250,mm,OK,--,8:45:53 PM,7/10/2026,
1599,21.1,gf,1.245,mm,OK,--,8:45:53 PM,7/10/2026,
1600,21.1,gf,1.240,mm,OK,--,8:45:54 PM,7/10/2026,
1601,21.1,gf,1.230,mm,OK,--,8:45:54 PM,7/10/2026,
1602,21.0,gf,1.225,mm,OK,--,8:45:54 PM,7/10/2026,
1603,21.0,gf,1.220,mm,OK,--,8:45:54 PM,7/10/2026,
1604,21.0,gf,1.215,mm,OK,--,8:45:54 PM,7/10/2026,
1605,21.0,gf,1.210,mm,OK,--,8:45:54 PM,7/10/2026,
1606,21.0,gf,1.205,mm,OK,--,8:45:54 PM,7/10/2026,
1607,20.9,gf,1.205,mm,OK,--,8:45:54 PM,7/10/2026,
1608,20.9,gf,1.200,mm,OK,--,8:45:54 PM,7/10/2026,
1609,20.8,gf,1.195,mm,OK,--,8:45:54 PM,7/10/2026,
1610,20.7,gf,1.190,mm,OK,--,8:45:55 PM,7/10/2026,
1611,20.8,gf,1.190,mm,OK,--,8:45:55 PM,7/10/2026,
1612,20.7,gf,1.185,mm,OK,--,8:45:55 PM,7/10/2026,
1613,20.7,gf,1.185,mm,OK,--,8:45:55 PM,7/10/2026,
1614,20.6,gf,1.180,mm,OK,--,8:45:55 PM,7/10/2026,
1615,20.7,gf,1.170,mm,OK,--,8:45:55 PM,7/10/2026,
1616,20.6,gf,1.165,mm,OK,--,8:45:55 PM,7/10/2026,
1617,20.6,gf,1.165,mm,OK,--,8:45:55 PM,7/10/2026,
1618,20.6,gf,1.160,mm,OK,--,8:45:55 PM,7/10/2026,
1619,20.6,gf,1.160,mm,OK,--,8:45:55 PM,7/10/2026,
1620,20.6,gf,1.155,mm,OK,--,8:45:56 PM,7/10/2026,
1621,20.6,gf,1.155,mm,OK,--,8:45:56 PM,7/10/2026,
1622,20.6,gf,1.150,mm,OK,--,8:45:56 PM,7/10/2026,
1623,20.6,gf,1.150,mm,OK,--,8:45:56 PM,7/10/2026,
1624,20.6,gf,1.145,mm,OK,--,8:45:56 PM,7/10/2026,
1625,20.5,gf,1.145,mm,OK,--,8:45:56 PM,7/10/2026,
1626,20.5,gf,1.140,mm,OK,--,8:45:56 PM,7/10/2026,
1627,20.5,gf,1.140,mm,OK,--,8:45:56 PM,7/10/2026,
1628,20.6,gf,1.135,mm,OK,--,8:45:56 PM,7/10/2026,
1629,20.4,gf,1.135,mm,OK,--,8:45:56 PM,7/10/2026,
1630,20.5,gf,1.130,mm,OK,--,8:45:57 PM,7/10/2026,
1631,20.5,gf,1.130,mm,OK,--,8:45:57 PM,7/10/2026,
1632,20.5,gf,1.130,mm,OK,--,8:45:57 PM,7/10/2026,
1633,20.4,gf,1.125,mm,OK,--,8:45:57 PM,7/10/2026,
1634,20.5,gf,1.120,mm,OK,--,8:45:57 PM,7/10/2026,
1635,20.4,gf,1.120,mm,OK,--,8:45:57 PM,7/10/2026,
1636,20.5,gf,1.115,mm,OK,--,8:45:57 PM,7/10/2026,
1637,20.5,gf,1.115,mm,OK,--,8:45:57 PM,7/10/2026,
1638,20.3,gf,1.110,mm,OK,--,8:45:57 PM,7/10/2026,
1639,20.4,gf,1.100,mm,OK,--,8:45:57 PM,7/10/2026,
1640,20.4,gf,1.095,mm,OK,--,8:45:58 PM,7/10/2026,
1641,20.5,gf,1.095,mm,OK,--,8:45:58 PM,7/10/2026,
1642,20.5,gf,1.090,mm,OK,--,8:45:58 PM,7/10/2026,
1643,20.5,gf,1.090,mm,OK,--,8:45:58 PM,7/10/2026,
1644,20.6,gf,1.090,mm,OK,--,8:45:58 PM,7/10/2026,
1645,20.6,gf,1.090,mm,OK,--,8:45:58 PM,7/10/2026,
1646,20.6,gf,1.090,mm,OK,--,8:45:58 PM,7/10/2026,
1647,20.5,gf,1.090,mm,OK,--,8:45:58 PM,7/10/2026,
1648,20.5,gf,1.090,mm,OK,--,8:45:58 PM,7/10/2026,
1649,20.4,gf,1.085,mm,OK,--,8:45:58 PM,7/10/2026,
1650,20.3,gf,1.085,mm,OK,--,8:45:59 PM,7/10/2026,
1651,20.3,gf,1.080,mm,OK,--,8:45:59 PM,7/10/2026,
1652,20.3,gf,1.075,mm,OK,--,8:45:59 PM,7/10/2026,
1653,20.4,gf,1.075,mm,OK,--,8:45:59 PM,7/10/2026,
1654,20.4,gf,1.070,mm,OK,--,8:45:59 PM,7/10/2026,
1655,20.4,gf,1.065,mm,OK,--,8:45:59 PM,7/10/2026,
1656,20.4,gf,1.060,mm,OK,--,8:45:59 PM,7/10/2026,
1657,20.5,gf,1.060,mm,OK,--,8:45:59 PM,7/10/2026,
1658,20.4,gf,1.060,mm,OK,--,8:45:59 PM,7/10/2026,
1659,20.4,gf,1.060,mm,OK,--,8:45:59 PM,7/10/2026,
1660,20.4,gf,1.055,mm,OK,--,8:46:00 PM,7/10/2026,
1661,20.4,gf,1.055,mm,OK,--,8:46:00 PM,7/10/2026,
1662,20.4,gf,1.055,mm,OK,--,8:46:00 PM,7/10/2026,
1663,20.3,gf,1.050,mm,OK,--,8:46:00 PM,7/10/2026,
1664,20.3,gf,1.050,mm,OK,--,8:46:00 PM,7/10/2026,
1665,20.3,gf,1.045,mm,OK,--,8:46:00 PM,7/10/2026,
1666,20.3,gf,1.040,mm,OK,--,8:46:00 PM,7/10/2026,
1667,20.3,gf,1.035,mm,OK,--,8:46:00 PM,7/10/2026,
1668,20.4,gf,1.030,mm,OK,--,8:46:00 PM,7/10/2026,
1669,20.4,gf,1.030,mm,OK,--,8:46:00 PM,7/10/2026,
1670,20.4,gf,1.030,mm,OK,--,8:46:01 PM,7/10/2026,
1671,20.4,gf,1.030,mm,OK,--,8:46:01 PM,7/10/2026,
1672,20.3,gf,1.025,mm,OK,--,8:46:01 PM,7/10/2026,
1673,20.3,gf,1.020,mm,OK,--,8:46:01 PM,7/10/2026,
1674,20.3,gf,1.020,mm,OK,--,8:46:01 PM,7/10/2026,
1675,20.3,gf,1.015,mm,OK,--,8:46:01 PM,7/10/2026,
1676,20.4,gf,1.015,mm,OK,--,8:46:01 PM,7/10/2026,
1677,20.4,gf,1.015,mm,OK,--,8:46:01 PM,7/10/2026,
1678,20.3,gf,1.015,mm,OK,--,8:46:01 PM,7/10/2026,
1679,20.3,gf,1.010,mm,OK,--,8:46:01 PM,7/10/2026,
1680,20.2,gf,1.010,mm,OK,--,8:46:02 PM,7/10/2026,
1681,20.3,gf,1.005,mm,OK,--,8:46:02 PM,7/10/2026,
1682,20.1,gf,1.000,mm,OK,--,8:46:02 PM,7/10/2026,
1683,20.1,gf,0.990,mm,OK,--,8:46:02 PM,7/10/2026,
1684,20.2,gf,0.975,mm,OK,--,8:46:02 PM,7/10/2026,
1685,20.2,gf,0.970,mm,OK,--,8:46:02 PM,7/10/2026,
1686,20.2,gf,0.960,mm,OK,--,8:46:02 PM,7/10/2026,
1687,20.3,gf,0.960,mm,OK,--,8:46:02 PM,7/10/2026,
1688,20.1,gf,0.955,mm,OK,--,8:46:02 PM,7/10/2026,
1689,20.2,gf,0.950,mm,OK,--,8:46:02 PM,7/10/2026,
1690,20.2,gf,0.950,mm,OK,--,8:46:03 PM,7/10/2026,
1691,20.2,gf,0.945,mm,OK,--,8:46:03 PM,7/10/2026,
1692,20.1,gf,0.945,mm,OK,--,8:46:03 PM,7/10/2026,
1693,20.2,gf,0.945,mm,OK,--,8:46:03 PM,7/10/2026,
1694,20.2,gf,0.940,mm,OK,--,8:46:03 PM,7/10/2026,
1695,20.2,gf,0.940,mm,OK,--,8:46:03 PM,7/10/2026,
1696,20.2,gf,0.940,mm,OK,--,8:46:03 PM,7/10/2026,
1697,20.1,gf,0.940,mm,OK,--,8:46:03 PM,7/10/2026,
1698,20.1,gf,0.935,mm,OK,--,8:46:03 PM,7/10/2026,
1699,20.0,gf,0.935,mm,OK,--,8:46:03 PM,7/10/2026,
1700,20.1,gf,0.935,mm,OK,--,8:46:04 PM,7/10/2026,
1701,20.1,gf,0.930,mm,OK,--,8:46:04 PM,7/10/2026,
1702,20.1,gf,0.930,mm,OK,--,8:46:04 PM,7/10/2026,
1703,20.1,gf,0.930,mm,OK,--,8:46:04 PM,7/10/2026,
1704,20.0,gf,0.925,mm,OK,--,8:46:04 PM,7/10/2026,
1705,20.0,gf,0.925,mm,OK,--,8:46:04 PM,7/10/2026,
1706,20.0,gf,0.920,mm,OK,--,8:46:04 PM,7/10/2026,
1707,19.9,gf,0.910,mm,OK,--,8:46:04 PM,7/10/2026,
1708,20.0,gf,0.900,mm,OK,--,8:46:04 PM,7/10/2026,
1709,20.0,gf,0.890,mm,OK,--,8:46:04 PM,7/10/2026,
1710,20.0,gf,0.885,mm,OK,--,8:46:05 PM,7/10/2026,
1711,20.0,gf,0.875,mm,OK,--,8:46:05 PM,7/10/2026,
1712,20.0,gf,0.865,mm,OK,--,8:46:05 PM,7/10/2026,
1713,20.1,gf,0.855,mm,OK,--,8:46:05 PM,7/10/2026,
1714,20.1,gf,0.845,mm,OK,--,8:46:05 PM,7/10/2026,
1715,20.1,gf,0.840,mm,OK,--,8:46:05 PM,7/10/2026,
1716,20.1,gf,0.835,mm,OK,--,8:46:05 PM,7/10/2026,
1717,20.1,gf,0.835,mm,OK,--,8:46:05 PM,7/10/2026,
1718,20.0,gf,0.830,mm,OK,--,8:46:05 PM,7/10/2026,
1719,20.1,gf,0.825,mm,OK,--,8:46:05 PM,7/10/2026,
1720,20.1,gf,0.820,mm,OK,--,8:46:06 PM,7/10/2026,
1721,20.1,gf,0.820,mm,OK,--,8:46:06 PM,7/10/2026,
1722,20.1,gf,0.815,mm,OK,--,8:46:06 PM,7/10/2026,
1723,20.1,gf,0.815,mm,OK,--,8:46:06 PM,7/10/2026,
1724,20.0,gf,0.810,mm,OK,--,8:46:06 PM,7/10/2026,
1725,20.0,gf,0.805,mm,OK,--,8:46:06 PM,7/10/2026,
1726,20.0,gf,0.805,mm,OK,--,8:46:06 PM,7/10/2026,
1727,19.9,gf,0.800,mm,OK,--,8:46:06 PM,7/10/2026,
1728,19.9,gf,0.790,mm,OK,--,8:46:06 PM,7/10/2026,
1729,19.9,gf,0.785,mm,OK,--,8:46:06 PM,7/10/2026,
1730,19.9,gf,0.775,mm,OK,--,8:46:07 PM,7/10/2026,
1731,19.9,gf,0.770,mm,OK,--,8:46:07 PM,7/10/2026,
1732,19.9,gf,0.765,mm,OK,--,8:46:07 PM,7/10/2026,
1733,19.9,gf,0.760,mm,OK,--,8:46:07 PM,7/10/2026,
1734,19.9,gf,0.755,mm,OK,--,8:46:07 PM,7/10/2026,
1735,19.9,gf,0.745,mm,OK,--,8:46:07 PM,7/10/2026,
1736,19.9,gf,0.740,mm,OK,--,8:46:07 PM,7/10/2026,
1737,19.9,gf,0.735,mm,OK,--,8:46:07 PM,7/10/2026,
1738,20.0,gf,0.730,mm,OK,--,8:46:07 PM,7/10/2026,
1739,19.9,gf,0.725,mm,OK,--,8:46:07 PM,7/10/2026,
1740,19.9,gf,0.725,mm,OK,--,8:46:08 PM,7/10/2026,
1741,19.9,gf,0.720,mm,OK,--,8:46:08 PM,7/10/2026,
1742,19.9,gf,0.715,mm,OK,--,8:46:08 PM,7/10/2026,
1743,19.9,gf,0.715,mm,OK,--,8:46:08 PM,7/10/2026,
1744,19.9,gf,0.710,mm,OK,--,8:46:08 PM,7/10/2026,
1745,19.9,gf,0.710,mm,OK,--,8:46:08 PM,7/10/2026,
1746,19.9,gf,0.710,mm,OK,--,8:46:08 PM,7/10/2026,
1747,19.9,gf,0.705,mm,OK,--,8:46:08 PM,7/10/2026,
1748,19.8,gf,0.705,mm,OK,--,8:46:08 PM,7/10/2026,
1749,19.8,gf,0.705,mm,OK,--,8:46:08 PM,7/10/2026,
1750,19.8,gf,0.700,mm,OK,--,8:46:09 PM,7/10/2026,
1751,19.8,gf,0.695,mm,OK,--,8:46:09 PM,7/10/2026,
1752,19.9,gf,0.695,mm,OK,--,8:46:09 PM,7/10/2026,
1753,19.9,gf,0.690,mm,OK,--,8:46:09 PM,7/10/2026,
1754,19.8,gf,0.690,mm,OK,--,8:46:09 PM,7/10/2026,
1755,19.8,gf,0.685,mm,OK,--,8:46:09 PM,7/10/2026,
1756,19.8,gf,0.685,mm,OK,--,8:46:09 PM,7/10/2026,
1757,19.8,gf,0.680,mm,OK,--,8:46:09 PM,7/10/2026,
1758,19.7,gf,0.675,mm,OK,--,8:46:09 PM,7/10/2026,
1759,19.7,gf,0.675,mm,OK,--,8:46:09 PM,7/10/2026,
1760,19.7,gf,0.670,mm,OK,--,8:46:10 PM,7/10/2026,
1761,19.7,gf,0.665,mm,OK,--,8:46:10 PM,7/10/2026,
1762,19.7,gf,0.660,mm,OK,--,8:46:10 PM,7/10/2026,
1763,19.7,gf,0.655,mm,OK,--,8:46:10 PM,7/10/2026,
1764,19.7,gf,0.650,mm,OK,--,8:46:10 PM,7/10/2026,
1765,19.7,gf,0.650,mm,OK,--,8:46:10 PM,7/10/2026,
1766,19.7,gf,0.645,mm,OK,--,8:46:10 PM,7/10/2026,
1767,19.6,gf,0.645,mm,OK,--,8:46:10 PM,7/10/2026,
1768,19.6,gf,0.640,mm,OK,--,8:46:10 PM,7/10/2026,
1769,19.6,gf,0.630,mm,OK,--,8:46:10 PM,7/10/2026,
1770,19.6,gf,0.625,mm,OK,--,8:46:11 PM,7/10/2026,
1771,19.5,gf,0.615,mm,OK,--,8:46:11 PM,7/10/2026,
1772,19.4,gf,0.605,mm,OK,--,8:46:11 PM,7/10/2026,
1773,19.4,gf,0.595,mm,OK,--,8:46:11 PM,7/10/2026,
1774,19.5,gf,0.590,mm,OK,--,8:46:11 PM,7/10/2026,
1775,19.4,gf,0.580,mm,OK,--,8:46:11 PM,7/10/2026,
1776,19.4,gf,0.575,mm,OK,--,8:46:11 PM,7/10/2026,
1777,19.3,gf,0.570,mm,OK,--,8:46:11 PM,7/10/2026,
1778,19.3,gf,0.565,mm,OK,--,8:46:11 PM,7/10/2026,
1779,19.3,gf,0.565,mm,OK,--,8:46:11 PM,7/10/2026,
1780,19.3,gf,0.560,mm,OK,--,8:46:12 PM,7/10/2026,
1781,19.2,gf,0.560,mm,OK,--,8:46:12 PM,7/10/2026,
1782,19.2,gf,0.555,mm,OK,--,8:46:12 PM,7/10/2026,
1783,19.2,gf,0.550,mm,OK,--,8:46:12 PM,7/10/2026,
1784,19.3,gf,0.545,mm,OK,--,8:46:12 PM,7/10/2026,
1785,19.3,gf,0.545,mm,OK,--,8:46:12 PM,7/10/2026,
1786,19.3,gf,0.540,mm,OK,--,8:46:12 PM,7/10/2026,
1787,19.3,gf,0.540,mm,OK,--,8:46:12 PM,7/10/2026,
1788,19.1,gf,0.535,mm,OK,--,8:46:12 PM,7/10/2026,
1789,19.1,gf,0.530,mm,OK,--,8:46:12 PM,7/10/2026,
1790,19.1,gf,0.525,mm,OK,--,8:46:13 PM,7/10/2026,
1791,19.3,gf,0.520,mm,OK,--,8:46:13 PM,7/10/2026,
1792,19.2,gf,0.515,mm,OK,--,8:46:13 PM,7/10/2026,
1793,19.2,gf,0.515,mm,OK,--,8:46:13 PM,7/10/2026,
1794,19.1,gf,0.510,mm,OK,--,8:46:13 PM,7/10/2026,
1795,19.1,gf,0.510,mm,OK,--,8:46:13 PM,7/10/2026,
1796,19.1,gf,0.505,mm,OK,--,8:46:13 PM,7/10/2026,
1797,18.9,gf,0.500,mm,OK,--,8:46:13 PM,7/10/2026,
1798,18.9,gf,0.490,mm,OK,--,8:46:13 PM,7/10/2026,
1799,19.0,gf,0.480,mm,OK,--,8:46:13 PM,7/10/2026,
1800,19.0,gf,0.475,mm,OK,--,8:46:14 PM,7/10/2026,
1801,19.0,gf,0.470,mm,OK,--,8:46:14 PM,7/10/2026,
1802,19.0,gf,0.465,mm,OK,--,8:46:14 PM,7/10/2026,
1803,19.0,gf,0.460,mm,OK,--,8:46:14 PM,7/10/2026,
1804,18.9,gf,0.460,mm,OK,--,8:46:14 PM,7/10/2026,
1805,18.9,gf,0.455,mm,OK,--,8:46:14 PM,7/10/2026,
1806,18.9,gf,0.455,mm,OK,--,8:46:14 PM,7/10/2026,
1807,18.9,gf,0.455,mm,OK,--,8:46:14 PM,7/10/2026,
1808,18.9,gf,0.450,mm,OK,--,8:46:14 PM,7/10/2026,
1809,18.8,gf,0.450,mm,OK,--,8:46:14 PM,7/10/2026,
1810,18.8,gf,0.445,mm,OK,--,8:46:15 PM,7/10/2026,
1811,18.7,gf,0.445,mm,OK,--,8:46:15 PM,7/10/2026,
1812,18.7,gf,0.440,mm,OK,--,8:46:15 PM,7/10/2026,
1813,18.7,gf,0.440,mm,OK,--,8:46:15 PM,7/10/2026,
1814,18.7,gf,0.440,mm,OK,--,8:46:15 PM,7/10/2026,
1815,18.7,gf,0.435,mm,OK,--,8:46:15 PM,7/10/2026,
1816,18.6,gf,0.430,mm,OK,--,8:46:15 PM,7/10/2026,
1817,18.7,gf,0.430,mm,OK,--,8:46:15 PM,7/10/2026,
1818,18.6,gf,0.430,mm,OK,--,8:46:15 PM,7/10/2026,
1819,18.6,gf,0.425,mm,OK,--,8:46:15 PM,7/10/2026,
1820,18.6,gf,0.420,mm,OK,--,8:46:16 PM,7/10/2026,
1821,18.6,gf,0.420,mm,OK,--,8:46:16 PM,7/10/2026,
1822,18.6,gf,0.415,mm,OK,--,8:46:16 PM,7/10/2026,
1823,18.6,gf,0.415,mm,OK,--,8:46:16 PM,7/10/2026,
1824,18.6,gf,0.410,mm,OK,--,8:46:16 PM,7/10/2026,
1825,18.6,gf,0.410,mm,OK,--,8:46:16 PM,7/10/2026,
1826,18.5,gf,0.405,mm,OK,--,8:46:16 PM,7/10/2026,
1827,18.5,gf,0.400,mm,OK,--,8:46:16 PM,7/10/2026,
1828,18.5,gf,0.395,mm,OK,--,8:46:16 PM,7/10/2026,
1829,18.5,gf,0.390,mm,OK,--,8:46:16 PM,7/10/2026,
1830,18.5,gf,0.390,mm,OK,--,8:46:17 PM,7/10/2026,
1831,18.5,gf,0.385,mm,OK,--,8:46:17 PM,7/10/2026,
1832,18.5,gf,0.375,mm,OK,--,8:46:17 PM,7/10/2026,
1833,18.5,gf,0.370,mm,OK,--,8:46:17 PM,7/10/2026,
1834,18.5,gf,0.360,mm,OK,--,8:46:17 PM,7/10/2026,
1835,18.5,gf,0.355,mm,OK,--,8:46:17 PM,7/10/2026,
1836,18.5,gf,0.350,mm,OK,--,8:46:17 PM,7/10/2026,
1837,18.4,gf,0.345,mm,OK,--,8:46:17 PM,7/10/2026,
1838,18.4,gf,0.340,mm,OK,--,8:46:17 PM,7/10/2026,
1839,18.4,gf,0.335,mm,OK,--,8:46:17 PM,7/10/2026,
1840,18.4,gf,0.330,mm,OK,--,8:46:18 PM,7/10/2026,
1841,18.4,gf,0.325,mm,OK,--,8:46:18 PM,7/10/2026,
1842,18.4,gf,0.315,mm,OK,--,8:46:18 PM,7/10/2026,
1843,18.4,gf,0.305,mm,OK,--,8:46:18 PM,7/10/2026,
1844,18.3,gf,0.300,mm,OK,--,8:46:18 PM,7/10/2026,
1845,18.3,gf,0.295,mm,OK,--,8:46:18 PM,7/10/2026,
1846,18.3,gf,0.290,mm,OK,--,8:46:18 PM,7/10/2026,
1847,18.2,gf,0.275,mm,OK,--,8:46:18 PM,7/10/2026,
1848,18.2,gf,0.265,mm,OK,--,8:46:18 PM,7/10/2026,
1849,18.2,gf,0.260,mm,OK,--,8:46:18 PM,7/10/2026,
1850,18.1,gf,0.250,mm,OK,--,8:46:19 PM,7/10/2026,
1851,18.0,gf,0.245,mm,OK,--,8:46:19 PM,7/10/2026,
1852,18.0,gf,0.235,mm,OK,--,8:46:19 PM,7/10/2026,
1853,17.8,gf,0.215,mm,OK,--,8:46:19 PM,7/10/2026,
1854,18.2,gf,0.205,mm,OK,--,8:46:19 PM,7/10/2026,
1855,18.1,gf,0.205,mm,OK,--,8:46:19 PM,7/10/2026,
1856,18.0,gf,0.200,mm,OK,--,8:46:19 PM,7/10/2026,
1857,18.0,gf,0.200,mm,OK,--,8:46:19 PM,7/10/2026,
1858,17.8,gf,0.195,mm,OK,--,8:46:19 PM,7/10/2026,
1859,17.9,gf,0.190,mm,OK,--,8:46:19 PM,7/10/2026,
1860,17.9,gf,0.185,mm,OK,--,8:46:20 PM,7/10/2026,
1861,17.8,gf,0.180,mm,OK,--,8:46:20 PM,7/10/2026,
1862,17.8,gf,0.180,mm,OK,--,8:46:20 PM,7/10/2026,
1863,17.7,gf,0.175,mm,OK,--,8:46:20 PM,7/10/2026,
1864,17.8,gf,0.175,mm,OK,--,8:46:20 PM,7/10/2026,
1865,17.8,gf,0.170,mm,OK,--,8:46:20 PM,7/10/2026,
1866,17.8,gf,0.170,mm,OK,--,8:46:20 PM,7/10/2026,
1867,17.8,gf,0.165,mm,OK,--,8:46:20 PM,7/10/2026,
1868,17.7,gf,0.165,mm,OK,--,8:46:20 PM,7/10/2026,
1869,17.7,gf,0.165,mm,OK,--,8:46:20 PM,7/10/2026,
1870,17.7,gf,0.165,mm,OK,--,8:46:21 PM,7/10/2026,
1871,17.6,gf,0.165,mm,OK,--,8:46:21 PM,7/10/2026,
1872,17.6,gf,0.160,mm,OK,--,8:46:21 PM,7/10/2026,
1873,17.6,gf,0.160,mm,OK,--,8:46:21 PM,7/10/2026,
1874,17.7,gf,0.160,mm,OK,--,8:46:21 PM,7/10/2026,
1875,17.6,gf,0.155,mm,OK,--,8:46:21 PM,7/10/2026,
1876,17.5,gf,0.155,mm,OK,--,8:46:21 PM,7/10/2026,
1877,17.5,gf,0.150,mm,OK,--,8:46:21 PM,7/10/2026,
1878,17.6,gf,0.145,mm,OK,--,8:46:21 PM,7/10/2026,
1879,17.6,gf,0.145,mm,OK,--,8:46:21 PM,7/10/2026,
1880,17.5,gf,0.135,mm,OK,--,8:46:22 PM,7/10/2026,
1881,17.5,gf,0.130,mm,OK,--,8:46:22 PM,7/10/2026,
1882,17.6,gf,0.110,mm,OK,--,8:46:22 PM,7/10/2026,
1883,17.7,gf,0.100,mm,OK,--,8:46:22 PM,7/10/2026,
1884,17.6,gf,0.095,mm,OK,--,8:46:22 PM,7/10/2026,
1885,17.5,gf,0.090,mm,OK,--,8:46:22 PM,7/10/2026,
1886,17.5,gf,0.085,mm,OK,--,8:46:22 PM,7/10/2026,
1887,17.4,gf,0.085,mm,OK,--,8:46:22 PM,7/10/2026,
1888,17.2,gf,0.085,mm,OK,--,8:46:22 PM,7/10/2026,
1889,16.8,gf,0.080,mm,OK,--,8:46:22 PM,7/10/2026,
1890,14.8,gf,0.080,mm,OK,--,8:46:23 PM,7/10/2026,
1891,13.7,gf,0.075,mm,OK,--,8:46:23 PM,7/10/2026,
1892,13.6,gf,0.070,mm,OK,--,8:46:23 PM,7/10/2026,
1893,13.2,gf,0.070,mm,OK,--,8:46:23 PM,7/10/2026,
1894,12.1,gf,0.060,mm,OK,--,8:46:23 PM,7/10/2026,
1895,9.1,gf,0.055,mm,OK,--,8:46:23 PM,7/10/2026,
1896,5.0,gf,0.045,mm,OK,--,8:46:23 PM,7/10/2026,
1897,0.7,gf,0.040,mm,OK,--,8:46:23 PM,7/10/2026,
1898,0.0,gf,0.035,mm,OK,--,8:46:23 PM,7/10/2026,
1899,0.0,gf,0.030,mm,OK,--,8:46:23 PM,7/10/2026,
1900,0.0,gf,0.025,mm,OK,--,8:46:24 PM,7/10/2026,
1901,0.0,gf,0.015,mm,OK,--,8:46:24 PM,7/10/2026,
1902,0.0,gf,0.000,mm,OK,--,8:46:24 PM,7/10/2026,
1903,0.0,gf,-0.015,mm,OK,--,8:46:24 PM,7/10/2026,
1904,0.0,gf,-0.030,mm,OK,--,8:46:24 PM,7/10/2026,
1905,0.0,gf,-0.045,mm,OK,--,8:46:24 PM,7/10/2026,
1906,0.0,gf,-0.055,mm,OK,--,8:46:24 PM,7/10/2026,
1907,0.0,gf,-0.065,mm,OK,--,8:46:24 PM,7/10/2026,
1908,0.0,gf,-0.075,mm,OK,--,8:46:24 PM,7/10/2026,
1909,0.1,gf,-0.085,mm,OK,--,8:46:24 PM,7/10/2026,
1910,0.0,gf,-0.090,mm,OK,--,8:46:25 PM,7/10/2026,
1911,0.0,gf,-0.090,mm,OK,--,8:46:25 PM,7/10/2026,
1912,-0.1,gf,-0.090,mm,OK,--,8:46:25 PM,7/10/2026,
1913,0.1,gf,-0.090,mm,OK,--,8:46:25 PM,7/10/2026,
1914,0.0,gf,-0.090,mm,OK,--,8:46:25 PM,7/10/2026,
1915,0.1,gf,-0.090,mm,OK,--,8:46:25 PM,7/10/2026,
1916,0.1,gf,-0.090,mm,OK,--,8:46:25 PM,7/10/2026,
1917,-0.2,gf,-0.090,mm,OK,--,8:46:25 PM,7/10/2026,
1918,-0.1,gf,-0.085,mm,OK,--,8:46:25 PM,7/10/2026,
1919,0.0,gf,-0.075,mm,OK,--,8:46:25 PM,7/10/2026,
1920,0.0,gf,-0.070,mm,OK,--,8:46:26 PM,7/10/2026,
1921,-0.1,gf,-0.065,mm,OK,--,8:46:26 PM,7/10/2026,
1922,0.0,gf,-0.060,mm,OK,--,8:46:26 PM,7/10/2026,
1923,0.1,gf,-0.055,mm,OK,--,8:46:26 PM,7/10/2026,
1924,0.0,gf,-0.050,mm,OK,--,8:46:26 PM,7/10/2026,
1925,0.0,gf,-0.045,mm,OK,--,8:46:26 PM,7/10/2026,
1926,0.0,gf,-0.040,mm,OK,--,8:46:26 PM,7/10/2026,
1927,0.0,gf,-0.035,mm,OK,--,8:46:26 PM,7/10/2026,
1928,0.0,gf,-0.030,mm,OK,--,8:46:26 PM,7/10/2026,
1929,0.0,gf,-0.025,mm,OK,--,8:46:26 PM,7/10/2026,
1930,0.0,gf,-0.015,mm,OK,--,8:46:27 PM,7/10/2026,
1931,0.0,gf,-0.010,mm,OK,--,8:46:27 PM,7/10/2026,
1932,0.0,gf,-0.005,mm,OK,--,8:46:27 PM,7/10/2026,
1933,0.0,gf,0.005,mm,OK,--,8:46:27 PM,7/10/2026,
1934,-0.1,gf,0.010,mm,OK,--,8:46:27 PM,7/10/2026,
