Maximum,193.6,@,No.1020,,,,,,
Minimum,-0.2,@,No.3,,,,,,
Average,54.50,,,,,,,,
Data Quantity,1857,,,,,,,,
Number of NG,0,,,,,,,,
No.,Force,Unit,Displacement,Unit,Judge,Position,Time,Date,
1,-0.1,gf,0.000,mm,OK,--,4:07:27 PM,4/11/2026,
2,-0.1,gf,0.000,mm,OK,--,4:07:27 PM,4/11/2026,
3,-0.2,gf,0.000,mm,OK,--,4:07:27 PM,4/11/2026,
4,0.0,gf,0.000,mm,OK,--,4:07:27 PM,4/11/2026,
5,0.0,gf,0.000,mm,OK,--,4:07:28 PM,4/11/2026,
6,0.0,gf,0.000,mm,OK,--,4:07:28 PM,4/11/2026,
7,0.1,gf,0.000,mm,OK,--,4:07:28 PM,4/11/2026,
8,0.0,gf,0.000,mm,OK,--,4:07:28 PM,4/11/2026,
9,0.0,gf,0.000,mm,OK,--,4:07:28 PM,4/11/2026,
10,0.0,gf,0.000,mm,OK,--,4:07:28 PM,4/11/2026,
11,0.0,gf,0.000,mm,OK,--,4:07:28 PM,4/11/2026,
12,0.0,gf,0.000,mm,OK,--,4:07:28 PM,4/11/2026,
13,0.0,gf,0.000,mm,OK,--,4:07:28 PM,4/11/2026,
14,-0.1,gf,0.000,mm,OK,--,4:07:28 PM,4/11/2026,
15,0.0,gf,0.000,mm,OK,--,4:07:29 PM,4/11/2026,
16,0.0,gf,0.000,mm,OK,--,4:07:29 PM,4/11/2026,
17,0.0,gf,0.000,mm,OK,--,4:07:29 PM,4/11/2026,
18,0.0,gf,0.000,mm,OK,--,4:07:29 PM,4/11/2026,
19,0.0,gf,0.000,mm,OK,--,4:07:29 PM,4/11/2026,
20,0.0,gf,0.000,mm,OK,--,4:07:29 PM,4/11/2026,
21,0.0,gf,0.000,mm,OK,--,4:07:29 PM,4/11/2026,
22,0.0,gf,0.000,mm,OK,--,4:07:29 PM,4/11/2026,
23,0.0,gf,0.000,mm,OK,--,4:07:29 PM,4/11/2026,
24,0.0,gf,0.000,mm,OK,--,4:07:29 PM,4/11/2026,
25,0.1,gf,0.000,mm,OK,--,4:07:30 PM,4/11/2026,
26,0.0,gf,0.000,mm,OK,--,4:07:30 PM,4/11/2026,
27,0.0,gf,0.000,mm,OK,--,4:07:30 PM,4/11/2026,
28,0.0,gf,0.000,mm,OK,--,4:07:30 PM,4/11/2026,
29,0.0,gf,0.000,mm,OK,--,4:07:30 PM,4/11/2026,
30,0.0,gf,0.000,mm,OK,--,4:07:30 PM,4/11/2026,
31,0.0,gf,0.000,mm,OK,--,4:07:30 PM,4/11/2026,
32,0.0,gf,0.000,mm,OK,--,4:07:30 PM,4/11/2026,
33,0.0,gf,0.000,mm,OK,--,4:07:30 PM,4/11/2026,
34,0.0,gf,0.000,mm,OK,--,4:07:30 PM,4/11/2026,
35,0.0,gf,0.000,mm,OK,--,4:07:31 PM,4/11/2026,
36,0.0,gf,0.000,mm,OK,--,4:07:31 PM,4/11/2026,
37,0.0,gf,0.000,mm,OK,--,4:07:31 PM,4/11/2026,
38,0.0,gf,0.000,mm,OK,--,4:07:31 PM,4/11/2026,
39,0.1,gf,0.000,mm,OK,--,4:07:31 PM,4/11/2026,
40,0.0,gf,0.005,mm,OK,--,4:07:31 PM,4/11/2026,
41,0.1,gf,0.005,mm,OK,--,4:07:31 PM,4/11/2026,
42,0.0,gf,0.005,mm,OK,--,4:07:31 PM,4/11/2026,
43,0.0,gf,0.005,mm,OK,--,4:07:31 PM,4/11/2026,
44,0.0,gf,0.005,mm,OK,--,4:07:31 PM,4/11/2026,
45,-0.1,gf,0.005,mm,OK,--,4:07:32 PM,4/11/2026,
46,0.0,gf,0.005,mm,OK,--,4:07:32 PM,4/11/2026,
47,0.0,gf,0.005,mm,OK,--,4:07:32 PM,4/11/2026,
48,0.0,gf,0.005,mm,OK,--,4:07:32 PM,4/11/2026,
49,0.0,gf,0.005,mm,OK,--,4:07:32 PM,4/11/2026,
50,0.0,gf,0.005,mm,OK,--,4:07:32 PM,4/11/2026,
51,0.0,gf,0.005,mm,OK,--,4:07:32 PM,4/11/2026,
52,0.0,gf,0.010,mm,OK,--,4:07:32 PM,4/11/2026,
53,0.0,gf,0.010,mm,OK,--,4:07:32 PM,4/11/2026,
54,0.0,gf,0.015,mm,OK,--,4:07:32 PM,4/11/2026,
55,0.0,gf,0.015,mm,OK,--,4:07:33 PM,4/11/2026,
56,0.0,gf,0.020,mm,OK,--,4:07:33 PM,4/11/2026,
57,0.1,gf,0.020,mm,OK,--,4:07:33 PM,4/11/2026,
58,0.0,gf,0.025,mm,OK,--,4:07:33 PM,4/11/2026,
59,0.0,gf,0.030,mm,OK,--,4:07:33 PM,4/11/2026,
60,0.0,gf,0.035,mm,OK,--,4:07:33 PM,4/11/2026,
61,0.0,gf,0.040,mm,OK,--,4:07:33 PM,4/11/2026,
62,0.0,gf,0.050,mm,OK,--,4:07:33 PM,4/11/2026,
63,0.0,gf,0.055,mm,OK,--,4:07:33 PM,4/11/2026,
64,0.0,gf,0.060,mm,OK,--,4:07:33 PM,4/11/2026,
65,0.0,gf,0.065,mm,OK,--,4:07:34 PM,4/11/2026,
66,0.0,gf,0.070,mm,OK,--,4:07:34 PM,4/11/2026,
67,0.0,gf,0.075,mm,OK,--,4:07:34 PM,4/11/2026,
68,0.1,gf,0.080,mm,OK,--,4:07:34 PM,4/11/2026,
69,0.0,gf,0.085,mm,OK,--,4:07:34 PM,4/11/2026,
70,0.0,gf,0.090,mm,OK,--,4:07:34 PM,4/11/2026,
71,0.0,gf,0.100,mm,OK,--,4:07:34 PM,4/11/2026,
72,0.0,gf,0.105,mm,OK,--,4:07:34 PM,4/11/2026,
73,0.0,gf,0.120,mm,OK,--,4:07:34 PM,4/11/2026,
74,0.0,gf,0.130,mm,OK,--,4:07:34 PM,4/11/2026,
75,0.0,gf,0.135,mm,OK,--,4:07:35 PM,4/11/2026,
76,0.0,gf,0.145,mm,OK,--,4:07:35 PM,4/11/2026,
77,0.0,gf,0.150,mm,OK,--,4:07:35 PM,4/11/2026,
78,0.0,gf,0.155,mm,OK,--,4:07:35 PM,4/11/2026,
79,0.0,gf,0.165,mm,OK,--,4:07:35 PM,4/11/2026,
80,0.0,gf,0.170,mm,OK,--,4:07:35 PM,4/11/2026,
81,0.0,gf,0.175,mm,OK,--,4:07:35 PM,4/11/2026,
82,0.0,gf,0.180,mm,OK,--,4:07:35 PM,4/11/2026,
83,0.0,gf,0.185,mm,OK,--,4:07:35 PM,4/11/2026,
84,0.0,gf,0.190,mm,OK,--,4:07:35 PM,4/11/2026,
85,0.0,gf,0.195,mm,OK,--,4:07:36 PM,4/11/2026,
86,0.0,gf,0.200,mm,OK,--,4:07:36 PM,4/11/2026,
87,0.0,gf,0.205,mm,OK,--,4:07:36 PM,4/11/2026,
88,0.0,gf,0.210,mm,OK,--,4:07:36 PM,4/11/2026,
89,0.0,gf,0.215,mm,OK,--,4:07:36 PM,4/11/2026,
90,0.0,gf,0.220,mm,OK,--,4:07:36 PM,4/11/2026,
91,0.0,gf,0.225,mm,OK,--,4:07:36 PM,4/11/2026,
92,0.0,gf,0.230,mm,OK,--,4:07:36 PM,4/11/2026,
93,0.0,gf,0.235,mm,OK,--,4:07:36 PM,4/11/2026,
94,0.0,gf,0.240,mm,OK,--,4:07:36 PM,4/11/2026,
95,0.0,gf,0.245,mm,OK,--,4:07:37 PM,4/11/2026,
96,0.0,gf,0.250,mm,OK,--,4:07:37 PM,4/11/2026,
97,0.0,gf,0.250,mm,OK,--,4:07:37 PM,4/11/2026,
98,0.0,gf,0.255,mm,OK,--,4:07:37 PM,4/11/2026,
99,-0.1,gf,0.260,mm,OK,--,4:07:37 PM,4/11/2026,
100,0.0,gf,0.265,mm,OK,--,4:07:37 PM,4/11/2026,
101,0.0,gf,0.265,mm,OK,--,4:07:37 PM,4/11/2026,
102,0.0,gf,0.270,mm,OK,--,4:07:37 PM,4/11/2026,
103,0.4,gf,0.275,mm,OK,--,4:07:37 PM,4/11/2026,
104,5.3,gf,0.280,mm,OK,--,4:07:37 PM,4/11/2026,
105,9.0,gf,0.285,mm,OK,--,4:07:38 PM,4/11/2026,
106,11.7,gf,0.285,mm,OK,--,4:07:38 PM,4/11/2026,
107,13.8,gf,0.290,mm,OK,--,4:07:38 PM,4/11/2026,
108,16.1,gf,0.290,mm,OK,--,4:07:38 PM,4/11/2026,
109,18.0,gf,0.295,mm,OK,--,4:07:38 PM,4/11/2026,
110,19.6,gf,0.295,mm,OK,--,4:07:38 PM,4/11/2026,
111,21.3,gf,0.300,mm,OK,--,4:07:38 PM,4/11/2026,
112,22.4,gf,0.300,mm,OK,--,4:07:38 PM,4/11/2026,
113,23.3,gf,0.300,mm,OK,--,4:07:38 PM,4/11/2026,
114,24.1,gf,0.300,mm,OK,--,4:07:38 PM,4/11/2026,
115,24.7,gf,0.300,mm,OK,--,4:07:39 PM,4/11/2026,
116,25.2,gf,0.305,mm,OK,--,4:07:39 PM,4/11/2026,
117,25.7,gf,0.305,mm,OK,--,4:07:39 PM,4/11/2026,
118,26.0,gf,0.305,mm,OK,--,4:07:39 PM,4/11/2026,
119,26.1,gf,0.305,mm,OK,--,4:07:39 PM,4/11/2026,
120,26.3,gf,0.305,mm,OK,--,4:07:39 PM,4/11/2026,
121,26.7,gf,0.305,mm,OK,--,4:07:39 PM,4/11/2026,
122,27.3,gf,0.305,mm,OK,--,4:07:39 PM,4/11/2026,
123,28.4,gf,0.310,mm,OK,--,4:07:39 PM,4/11/2026,
124,29.3,gf,0.310,mm,OK,--,4:07:39 PM,4/11/2026,
125,30.2,gf,0.315,mm,OK,--,4:07:40 PM,4/11/2026,
126,31.2,gf,0.315,mm,OK,--,4:07:40 PM,4/11/2026,
127,31.6,gf,0.315,mm,OK,--,4:07:40 PM,4/11/2026,
128,32.0,gf,0.320,mm,OK,--,4:07:40 PM,4/11/2026,
129,31.9,gf,0.320,mm,OK,--,4:07:40 PM,4/11/2026,
130,32.1,gf,0.320,mm,OK,--,4:07:40 PM,4/11/2026,
131,32.4,gf,0.325,mm,OK,--,4:07:40 PM,4/11/2026,
132,32.3,gf,0.325,mm,OK,--,4:07:40 PM,4/11/2026,
133,32.5,gf,0.330,mm,OK,--,4:07:40 PM,4/11/2026,
134,32.6,gf,0.330,mm,OK,--,4:07:40 PM,4/11/2026,
135,32.7,gf,0.330,mm,OK,--,4:07:41 PM,4/11/2026,
136,33.0,gf,0.335,mm,OK,--,4:07:41 PM,4/11/2026,
137,33.2,gf,0.335,mm,OK,--,4:07:41 PM,4/11/2026,
138,33.4,gf,0.345,mm,OK,--,4:07:41 PM,4/11/2026,
139,33.8,gf,0.350,mm,OK,--,4:07:41 PM,4/11/2026,
140,33.9,gf,0.355,mm,OK,--,4:07:41 PM,4/11/2026,
141,34.1,gf,0.360,mm,OK,--,4:07:41 PM,4/11/2026,
142,34.3,gf,0.365,mm,OK,--,4:07:41 PM,4/11/2026,
143,34.3,gf,0.365,mm,OK,--,4:07:41 PM,4/11/2026,
144,34.4,gf,0.365,mm,OK,--,4:07:41 PM,4/11/2026,
145,34.5,gf,0.370,mm,OK,--,4:07:42 PM,4/11/2026,
146,34.6,gf,0.370,mm,OK,--,4:07:42 PM,4/11/2026,
147,34.6,gf,0.370,mm,OK,--,4:07:42 PM,4/11/2026,
148,34.7,gf,0.375,mm,OK,--,4:07:42 PM,4/11/2026,
149,34.9,gf,0.375,mm,OK,--,4:07:42 PM,4/11/2026,
150,34.9,gf,0.380,mm,OK,--,4:07:42 PM,4/11/2026,
151,35.0,gf,0.380,mm,OK,--,4:07:42 PM,4/11/2026,
152,35.1,gf,0.380,mm,OK,--,4:07:42 PM,4/11/2026,
153,35.1,gf,0.385,mm,OK,--,4:07:42 PM,4/11/2026,
154,35.2,gf,0.385,mm,OK,--,4:07:42 PM,4/11/2026,
155,35.3,gf,0.385,mm,OK,--,4:07:43 PM,4/11/2026,
156,35.4,gf,0.390,mm,OK,--,4:07:43 PM,4/11/2026,
157,35.5,gf,0.390,mm,OK,--,4:07:43 PM,4/11/2026,
158,35.6,gf,0.395,mm,OK,--,4:07:43 PM,4/11/2026,
159,35.6,gf,0.395,mm,OK,--,4:07:43 PM,4/11/2026,
160,35.8,gf,0.400,mm,OK,--,4:07:43 PM,4/11/2026,
161,35.9,gf,0.405,mm,OK,--,4:07:43 PM,4/11/2026,
162,36.0,gf,0.405,mm,OK,--,4:07:43 PM,4/11/2026,
163,35.9,gf,0.410,mm,OK,--,4:07:43 PM,4/11/2026,
164,35.7,gf,0.410,mm,OK,--,4:07:43 PM,4/11/2026,
165,35.9,gf,0.410,mm,OK,--,4:07:44 PM,4/11/2026,
166,36.1,gf,0.410,mm,OK,--,4:07:44 PM,4/11/2026,
167,36.2,gf,0.415,mm,OK,--,4:07:44 PM,4/11/2026,
168,36.2,gf,0.415,mm,OK,--,4:07:44 PM,4/11/2026,
169,36.4,gf,0.420,mm,OK,--,4:07:44 PM,4/11/2026,
170,36.5,gf,0.420,mm,OK,--,4:07:44 PM,4/11/2026,
171,36.6,gf,0.425,mm,OK,--,4:07:44 PM,4/11/2026,
172,36.6,gf,0.430,mm,OK,--,4:07:44 PM,4/11/2026,
173,36.7,gf,0.430,mm,OK,--,4:07:44 PM,4/11/2026,
174,36.6,gf,0.435,mm,OK,--,4:07:44 PM,4/11/2026,
175,36.7,gf,0.435,mm,OK,--,4:07:45 PM,4/11/2026,
176,36.8,gf,0.440,mm,OK,--,4:07:45 PM,4/11/2026,
177,36.7,gf,0.445,mm,OK,--,4:07:45 PM,4/11/2026,
178,36.9,gf,0.445,mm,OK,--,4:07:45 PM,4/11/2026,
179,37.0,gf,0.450,mm,OK,--,4:07:45 PM,4/11/2026,
180,37.1,gf,0.450,mm,OK,--,4:07:45 PM,4/11/2026,
181,37.2,gf,0.455,mm,OK,--,4:07:45 PM,4/11/2026,
182,37.3,gf,0.455,mm,OK,--,4:07:45 PM,4/11/2026,
183,37.3,gf,0.460,mm,OK,--,4:07:45 PM,4/11/2026,
184,37.3,gf,0.460,mm,OK,--,4:07:45 PM,4/11/2026,
185,37.3,gf,0.465,mm,OK,--,4:07:46 PM,4/11/2026,
186,37.3,gf,0.465,mm,OK,--,4:07:46 PM,4/11/2026,
187,37.4,gf,0.470,mm,OK,--,4:07:46 PM,4/11/2026,
188,37.4,gf,0.470,mm,OK,--,4:07:46 PM,4/11/2026,
189,37.4,gf,0.470,mm,OK,--,4:07:46 PM,4/11/2026,
190,37.5,gf,0.475,mm,OK,--,4:07:46 PM,4/11/2026,
191,37.7,gf,0.475,mm,OK,--,4:07:46 PM,4/11/2026,
192,37.7,gf,0.480,mm,OK,--,4:07:46 PM,4/11/2026,
193,37.6,gf,0.480,mm,OK,--,4:07:46 PM,4/11/2026,
194,37.5,gf,0.485,mm,OK,--,4:07:46 PM,4/11/2026,
195,37.6,gf,0.485,mm,OK,--,4:07:47 PM,4/11/2026,
196,37.4,gf,0.485,mm,OK,--,4:07:47 PM,4/11/2026,
197,37.5,gf,0.490,mm,OK,--,4:07:47 PM,4/11/2026,
198,37.8,gf,0.490,mm,OK,--,4:07:47 PM,4/11/2026,
199,37.9,gf,0.490,mm,OK,--,4:07:47 PM,4/11/2026,
200,37.9,gf,0.495,mm,OK,--,4:07:47 PM,4/11/2026,
201,37.9,gf,0.495,mm,OK,--,4:07:47 PM,4/11/2026,
202,38.0,gf,0.500,mm,OK,--,4:07:47 PM,4/11/2026,
203,37.9,gf,0.500,mm,OK,--,4:07:47 PM,4/11/2026,
204,37.9,gf,0.500,mm,OK,--,4:07:47 PM,4/11/2026,
205,38.1,gf,0.500,mm,OK,--,4:07:48 PM,4/11/2026,
206,38.0,gf,0.505,mm,OK,--,4:07:48 PM,4/11/2026,
207,38.1,gf,0.505,mm,OK,--,4:07:48 PM,4/11/2026,
208,38.2,gf,0.505,mm,OK,--,4:07:48 PM,4/11/2026,
209,38.2,gf,0.510,mm,OK,--,4:07:48 PM,4/11/2026,
210,38.2,gf,0.510,mm,OK,--,4:07:48 PM,4/11/2026,
211,38.3,gf,0.510,mm,OK,--,4:07:48 PM,4/11/2026,
212,38.4,gf,0.515,mm,OK,--,4:07:48 PM,4/11/2026,
213,38.4,gf,0.515,mm,OK,--,4:07:48 PM,4/11/2026,
214,38.5,gf,0.515,mm,OK,--,4:07:48 PM,4/11/2026,
215,38.6,gf,0.520,mm,OK,--,4:07:49 PM,4/11/2026,
216,38.7,gf,0.525,mm,OK,--,4:07:49 PM,4/11/2026,
217,38.8,gf,0.525,mm,OK,--,4:07:49 PM,4/11/2026,
218,38.8,gf,0.530,mm,OK,--,4:07:49 PM,4/11/2026,
219,39.0,gf,0.535,mm,OK,--,4:07:49 PM,4/11/2026,
220,39.1,gf,0.535,mm,OK,--,4:07:49 PM,4/11/2026,
221,39.1,gf,0.540,mm,OK,--,4:07:49 PM,4/11/2026,
222,39.0,gf,0.545,mm,OK,--,4:07:49 PM,4/11/2026,
223,39.1,gf,0.545,mm,OK,--,4:07:49 PM,4/11/2026,
224,39.1,gf,0.545,mm,OK,--,4:07:49 PM,4/11/2026,
225,39.1,gf,0.545,mm,OK,--,4:07:50 PM,4/11/2026,
226,39.3,gf,0.550,mm,OK,--,4:07:50 PM,4/11/2026,
227,39.3,gf,0.550,mm,OK,--,4:07:50 PM,4/11/2026,
228,39.3,gf,0.550,mm,OK,--,4:07:50 PM,4/11/2026,
229,39.4,gf,0.555,mm,OK,--,4:07:50 PM,4/11/2026,
230,39.5,gf,0.555,mm,OK,--,4:07:50 PM,4/11/2026,
231,39.4,gf,0.555,mm,OK,--,4:07:50 PM,4/11/2026,
232,39.5,gf,0.555,mm,OK,--,4:07:50 PM,4/11/2026,
233,39.5,gf,0.560,mm,OK,--,4:07:50 PM,4/11/2026,
234,39.6,gf,0.560,mm,OK,--,4:07:50 PM,4/11/2026,
235,39.7,gf,0.560,mm,OK,--,4:07:51 PM,4/11/2026,
236,39.6,gf,0.560,mm,OK,--,4:07:51 PM,4/11/2026,
237,39.7,gf,0.565,mm,OK,--,4:07:51 PM,4/11/2026,
238,39.7,gf,0.565,mm,OK,--,4:07:51 PM,4/11/2026,
239,39.7,gf,0.565,mm,OK,--,4:07:51 PM,4/11/2026,
240,39.7,gf,0.565,mm,OK,--,4:07:51 PM,4/11/2026,
241,39.7,gf,0.570,mm,OK,--,4:07:51 PM,4/11/2026,
242,39.8,gf,0.570,mm,OK,--,4:07:51 PM,4/11/2026,
243,39.9,gf,0.570,mm,OK,--,4:07:51 PM,4/11/2026,
244,39.8,gf,0.575,mm,OK,--,4:07:51 PM,4/11/2026,
245,39.9,gf,0.575,mm,OK,--,4:07:52 PM,4/11/2026,
246,40.0,gf,0.575,mm,OK,--,4:07:52 PM,4/11/2026,
247,39.8,gf,0.575,mm,OK,--,4:07:52 PM,4/11/2026,
248,40.0,gf,0.580,mm,OK,--,4:07:52 PM,4/11/2026,
249,40.1,gf,0.580,mm,OK,--,4:07:52 PM,4/11/2026,
250,40.2,gf,0.580,mm,OK,--,4:07:52 PM,4/11/2026,
251,40.1,gf,0.585,mm,OK,--,4:07:52 PM,4/11/2026,
252,40.1,gf,0.585,mm,OK,--,4:07:52 PM,4/11/2026,
253,40.2,gf,0.585,mm,OK,--,4:07:52 PM,4/11/2026,
254,40.0,gf,0.590,mm,OK,--,4:07:52 PM,4/11/2026,
255,40.0,gf,0.590,mm,OK,--,4:07:53 PM,4/11/2026,
256,40.1,gf,0.590,mm,OK,--,4:07:53 PM,4/11/2026,
257,40.0,gf,0.590,mm,OK,--,4:07:53 PM,4/11/2026,
258,40.0,gf,0.590,mm,OK,--,4:07:53 PM,4/11/2026,
259,40.2,gf,0.590,mm,OK,--,4:07:53 PM,4/11/2026,
260,40.2,gf,0.595,mm,OK,--,4:07:53 PM,4/11/2026,
261,40.2,gf,0.595,mm,OK,--,4:07:53 PM,4/11/2026,
262,40.2,gf,0.595,mm,OK,--,4:07:53 PM,4/11/2026,
263,40.3,gf,0.595,mm,OK,--,4:07:53 PM,4/11/2026,
264,40.4,gf,0.595,mm,OK,--,4:07:53 PM,4/11/2026,
265,40.4,gf,0.600,mm,OK,--,4:07:54 PM,4/11/2026,
266,40.4,gf,0.600,mm,OK,--,4:07:54 PM,4/11/2026,
267,40.4,gf,0.600,mm,OK,--,4:07:54 PM,4/11/2026,
268,40.3,gf,0.600,mm,OK,--,4:07:54 PM,4/11/2026,
269,40.4,gf,0.600,mm,OK,--,4:07:54 PM,4/11/2026,
270,40.5,gf,0.600,mm,OK,--,4:07:54 PM,4/11/2026,
271,40.6,gf,0.605,mm,OK,--,4:07:54 PM,4/11/2026,
272,40.6,gf,0.605,mm,OK,--,4:07:54 PM,4/11/2026,
273,40.6,gf,0.605,mm,OK,--,4:07:54 PM,4/11/2026,
274,40.7,gf,0.605,mm,OK,--,4:07:54 PM,4/11/2026,
275,41.1,gf,0.610,mm,OK,--,4:07:55 PM,4/11/2026,
276,40.9,gf,0.610,mm,OK,--,4:07:55 PM,4/11/2026,
277,41.0,gf,0.615,mm,OK,--,4:07:55 PM,4/11/2026,
278,41.1,gf,0.615,mm,OK,--,4:07:55 PM,4/11/2026,
279,41.2,gf,0.620,mm,OK,--,4:07:55 PM,4/11/2026,
280,41.4,gf,0.620,mm,OK,--,4:07:55 PM,4/11/2026,
281,41.4,gf,0.625,mm,OK,--,4:07:55 PM,4/11/2026,
282,41.4,gf,0.625,mm,OK,--,4:07:55 PM,4/11/2026,
283,41.4,gf,0.630,mm,OK,--,4:07:55 PM,4/11/2026,
284,41.5,gf,0.630,mm,OK,--,4:07:55 PM,4/11/2026,
285,41.6,gf,0.635,mm,OK,--,4:07:56 PM,4/11/2026,
286,41.6,gf,0.635,mm,OK,--,4:07:56 PM,4/11/2026,
287,41.6,gf,0.635,mm,OK,--,4:07:56 PM,4/11/2026,
288,41.7,gf,0.635,mm,OK,--,4:07:56 PM,4/11/2026,
289,41.7,gf,0.635,mm,OK,--,4:07:56 PM,4/11/2026,
290,41.8,gf,0.640,mm,OK,--,4:07:56 PM,4/11/2026,
291,42.0,gf,0.640,mm,OK,--,4:07:56 PM,4/11/2026,
292,42.1,gf,0.640,mm,OK,--,4:07:56 PM,4/11/2026,
293,42.1,gf,0.645,mm,OK,--,4:07:56 PM,4/11/2026,
294,42.0,gf,0.645,mm,OK,--,4:07:56 PM,4/11/2026,
295,42.0,gf,0.645,mm,OK,--,4:07:57 PM,4/11/2026,
296,42.0,gf,0.650,mm,OK,--,4:07:57 PM,4/11/2026,
297,42.1,gf,0.650,mm,OK,--,4:07:57 PM,4/11/2026,
298,42.1,gf,0.650,mm,OK,--,4:07:57 PM,4/11/2026,
299,42.1,gf,0.655,mm,OK,--,4:07:57 PM,4/11/2026,
300,42.2,gf,0.655,mm,OK,--,4:07:57 PM,4/11/2026,
301,42.3,gf,0.655,mm,OK,--,4:07:57 PM,4/11/2026,
302,42.5,gf,0.660,mm,OK,--,4:07:57 PM,4/11/2026,
303,42.5,gf,0.660,mm,OK,--,4:07:57 PM,4/11/2026,
304,42.6,gf,0.660,mm,OK,--,4:07:57 PM,4/11/2026,
305,42.6,gf,0.665,mm,OK,--,4:07:58 PM,4/11/2026,
306,42.6,gf,0.670,mm,OK,--,4:07:58 PM,4/11/2026,
307,42.8,gf,0.670,mm,OK,--,4:07:58 PM,4/11/2026,
308,42.9,gf,0.670,mm,OK,--,4:07:58 PM,4/11/2026,
309,43.0,gf,0.675,mm,OK,--,4:07:58 PM,4/11/2026,
310,43.1,gf,0.675,mm,OK,--,4:07:58 PM,4/11/2026,
311,43.1,gf,0.680,mm,OK,--,4:07:58 PM,4/11/2026,
312,43.3,gf,0.685,mm,OK,--,4:07:58 PM,4/11/2026,
313,43.3,gf,0.685,mm,OK,--,4:07:58 PM,4/11/2026,
314,43.5,gf,0.690,mm,OK,--,4:07:58 PM,4/11/2026,
315,43.6,gf,0.690,mm,OK,--,4:07:59 PM,4/11/2026,
316,43.7,gf,0.695,mm,OK,--,4:07:59 PM,4/11/2026,
317,43.7,gf,0.700,mm,OK,--,4:07:59 PM,4/11/2026,
318,43.8,gf,0.700,mm,OK,--,4:07:59 PM,4/11/2026,
319,43.9,gf,0.705,mm,OK,--,4:07:59 PM,4/11/2026,
320,44.1,gf,0.710,mm,OK,--,4:07:59 PM,4/11/2026,
321,44.0,gf,0.715,mm,OK,--,4:07:59 PM,4/11/2026,
322,44.1,gf,0.715,mm,OK,--,4:07:59 PM,4/11/2026,
323,44.2,gf,0.720,mm,OK,--,4:07:59 PM,4/11/2026,
324,44.1,gf,0.720,mm,OK,--,4:07:59 PM,4/11/2026,
325,44.3,gf,0.725,mm,OK,--,4:08:00 PM,4/11/2026,
326,44.5,gf,0.725,mm,OK,--,4:08:00 PM,4/11/2026,
327,44.6,gf,0.730,mm,OK,--,4:08:00 PM,4/11/2026,
328,44.4,gf,0.735,mm,OK,--,4:08:00 PM,4/11/2026,
329,44.6,gf,0.735,mm,OK,--,4:08:00 PM,4/11/2026,
330,44.7,gf,0.740,mm,OK,--,4:08:00 PM,4/11/2026,
331,44.9,gf,0.745,mm,OK,--,4:08:00 PM,4/11/2026,
332,44.9,gf,0.745,mm,OK,--,4:08:00 PM,4/11/2026,
333,45.0,gf,0.750,mm,OK,--,4:08:00 PM,4/11/2026,
334,45.1,gf,0.750,mm,OK,--,4:08:00 PM,4/11/2026,
335,45.3,gf,0.755,mm,OK,--,4:08:01 PM,4/11/2026,
336,45.4,gf,0.755,mm,OK,--,4:08:01 PM,4/11/2026,
337,45.5,gf,0.760,mm,OK,--,4:08:01 PM,4/11/2026,
338,45.6,gf,0.760,mm,OK,--,4:08:01 PM,4/11/2026,
339,45.8,gf,0.765,mm,OK,--,4:08:01 PM,4/11/2026,
340,45.9,gf,0.765,mm,OK,--,4:08:01 PM,4/11/2026,
341,45.9,gf,0.770,mm,OK,--,4:08:01 PM,4/11/2026,
342,45.9,gf,0.775,mm,OK,--,4:08:01 PM,4/11/2026,
343,45.9,gf,0.775,mm,OK,--,4:08:01 PM,4/11/2026,
344,46.0,gf,0.780,mm,OK,--,4:08:01 PM,4/11/2026,
345,46.2,gf,0.780,mm,OK,--,4:08:02 PM,4/11/2026,
346,46.1,gf,0.785,mm,OK,--,4:08:02 PM,4/11/2026,
347,46.2,gf,0.785,mm,OK,--,4:08:02 PM,4/11/2026,
348,46.7,gf,0.790,mm,OK,--,4:08:02 PM,4/11/2026,
349,46.7,gf,0.795,mm,OK,--,4:08:02 PM,4/11/2026,
350,46.9,gf,0.800,mm,OK,--,4:08:02 PM,4/11/2026,
351,46.9,gf,0.800,mm,OK,--,4:08:02 PM,4/11/2026,
352,47.0,gf,0.805,mm,OK,--,4:08:02 PM,4/11/2026,
353,47.2,gf,0.810,mm,OK,--,4:08:02 PM,4/11/2026,
354,47.3,gf,0.815,mm,OK,--,4:08:02 PM,4/11/2026,
355,47.4,gf,0.815,mm,OK,--,4:08:03 PM,4/11/2026,
356,47.6,gf,0.820,mm,OK,--,4:08:03 PM,4/11/2026,
357,47.9,gf,0.825,mm,OK,--,4:08:03 PM,4/11/2026,
358,47.9,gf,0.830,mm,OK,--,4:08:03 PM,4/11/2026,
359,48.2,gf,0.835,mm,OK,--,4:08:03 PM,4/11/2026,
360,48.4,gf,0.840,mm,OK,--,4:08:03 PM,4/11/2026,
361,48.3,gf,0.845,mm,OK,--,4:08:03 PM,4/11/2026,
362,48.5,gf,0.850,mm,OK,--,4:08:03 PM,4/11/2026,
363,48.6,gf,0.855,mm,OK,--,4:08:03 PM,4/11/2026,
364,48.9,gf,0.860,mm,OK,--,4:08:03 PM,4/11/2026,
365,49.1,gf,0.865,mm,OK,--,4:08:04 PM,4/11/2026,
366,49.3,gf,0.870,mm,OK,--,4:08:04 PM,4/11/2026,
367,49.3,gf,0.870,mm,OK,--,4:08:04 PM,4/11/2026,
368,49.4,gf,0.875,mm,OK,--,4:08:04 PM,4/11/2026,
369,49.3,gf,0.875,mm,OK,--,4:08:04 PM,4/11/2026,
370,49.2,gf,0.880,mm,OK,--,4:08:04 PM,4/11/2026,
371,49.6,gf,0.880,mm,OK,--,4:08:04 PM,4/11/2026,
372,50.0,gf,0.880,mm,OK,--,4:08:04 PM,4/11/2026,
373,49.9,gf,0.880,mm,OK,--,4:08:04 PM,4/11/2026,
374,50.1,gf,0.885,mm,OK,--,4:08:04 PM,4/11/2026,
375,50.1,gf,0.885,mm,OK,--,4:08:05 PM,4/11/2026,
376,50.1,gf,0.885,mm,OK,--,4:08:05 PM,4/11/2026,
377,50.3,gf,0.890,mm,OK,--,4:08:05 PM,4/11/2026,
378,50.4,gf,0.890,mm,OK,--,4:08:05 PM,4/11/2026,
379,50.4,gf,0.895,mm,OK,--,4:08:05 PM,4/11/2026,
380,50.3,gf,0.895,mm,OK,--,4:08:05 PM,4/11/2026,
381,50.5,gf,0.900,mm,OK,--,4:08:05 PM,4/11/2026,
382,50.5,gf,0.900,mm,OK,--,4:08:05 PM,4/11/2026,
383,50.6,gf,0.905,mm,OK,--,4:08:05 PM,4/11/2026,
384,50.6,gf,0.905,mm,OK,--,4:08:05 PM,4/11/2026,
385,50.6,gf,0.905,mm,OK,--,4:08:06 PM,4/11/2026,
386,50.5,gf,0.910,mm,OK,--,4:08:06 PM,4/11/2026,
387,50.5,gf,0.910,mm,OK,--,4:08:06 PM,4/11/2026,
388,50.9,gf,0.910,mm,OK,--,4:08:06 PM,4/11/2026,
389,51.2,gf,0.915,mm,OK,--,4:08:06 PM,4/11/2026,
390,51.4,gf,0.915,mm,OK,--,4:08:06 PM,4/11/2026,
391,51.4,gf,0.920,mm,OK,--,4:08:06 PM,4/11/2026,
392,51.3,gf,0.920,mm,OK,--,4:08:06 PM,4/11/2026,
393,51.3,gf,0.925,mm,OK,--,4:08:06 PM,4/11/2026,
394,51.6,gf,0.930,mm,OK,--,4:08:06 PM,4/11/2026,
395,51.7,gf,0.930,mm,OK,--,4:08:07 PM,4/11/2026,
396,51.6,gf,0.935,mm,OK,--,4:08:07 PM,4/11/2026,
397,51.6,gf,0.935,mm,OK,--,4:08:07 PM,4/11/2026,
398,51.7,gf,0.935,mm,OK,--,4:08:07 PM,4/11/2026,
399,51.9,gf,0.940,mm,OK,--,4:08:07 PM,4/11/2026,
400,52.0,gf,0.940,mm,OK,--,4:08:07 PM,4/11/2026,
401,52.3,gf,0.945,mm,OK,--,4:08:07 PM,4/11/2026,
402,52.2,gf,0.945,mm,OK,--,4:08:07 PM,4/11/2026,
403,52.3,gf,0.950,mm,OK,--,4:08:07 PM,4/11/2026,
404,52.5,gf,0.950,mm,OK,--,4:08:07 PM,4/11/2026,
405,52.6,gf,0.955,mm,OK,--,4:08:08 PM,4/11/2026,
406,52.6,gf,0.955,mm,OK,--,4:08:08 PM,4/11/2026,
407,52.8,gf,0.960,mm,OK,--,4:08:08 PM,4/11/2026,
408,53.2,gf,0.960,mm,OK,--,4:08:08 PM,4/11/2026,
409,53.3,gf,0.965,mm,OK,--,4:08:08 PM,4/11/2026,
410,53.3,gf,0.970,mm,OK,--,4:08:08 PM,4/11/2026,
411,53.3,gf,0.975,mm,OK,--,4:08:08 PM,4/11/2026,
412,53.6,gf,0.980,mm,OK,--,4:08:08 PM,4/11/2026,
413,53.5,gf,0.985,mm,OK,--,4:08:08 PM,4/11/2026,
414,53.6,gf,0.990,mm,OK,--,4:08:08 PM,4/11/2026,
415,53.8,gf,0.995,mm,OK,--,4:08:09 PM,4/11/2026,
416,53.8,gf,1.000,mm,OK,--,4:08:09 PM,4/11/2026,
417,54.1,gf,1.005,mm,OK,--,4:08:09 PM,4/11/2026,
418,54.5,gf,1.010,mm,OK,--,4:08:09 PM,4/11/2026,
419,54.9,gf,1.020,mm,OK,--,4:08:09 PM,4/11/2026,
420,54.9,gf,1.030,mm,OK,--,4:08:09 PM,4/11/2026,
421,55.0,gf,1.035,mm,OK,--,4:08:09 PM,4/11/2026,
422,55.2,gf,1.045,mm,OK,--,4:08:09 PM,4/11/2026,
423,55.4,gf,1.050,mm,OK,--,4:08:09 PM,4/11/2026,
424,55.3,gf,1.050,mm,OK,--,4:08:09 PM,4/11/2026,
425,55.5,gf,1.055,mm,OK,--,4:08:10 PM,4/11/2026,
426,55.8,gf,1.060,mm,OK,--,4:08:10 PM,4/11/2026,
427,55.9,gf,1.065,mm,OK,--,4:08:10 PM,4/11/2026,
428,56.0,gf,1.065,mm,OK,--,4:08:10 PM,4/11/2026,
429,56.5,gf,1.070,mm,OK,--,4:08:10 PM,4/11/2026,
430,56.2,gf,1.075,mm,OK,--,4:08:10 PM,4/11/2026,
431,56.2,gf,1.080,mm,OK,--,4:08:10 PM,4/11/2026,
432,56.4,gf,1.080,mm,OK,--,4:08:10 PM,4/11/2026,
433,57.0,gf,1.085,mm,OK,--,4:08:10 PM,4/11/2026,
434,56.9,gf,1.090,mm,OK,--,4:08:10 PM,4/11/2026,
435,56.8,gf,1.095,mm,OK,--,4:08:11 PM,4/11/2026,
436,57.0,gf,1.100,mm,OK,--,4:08:11 PM,4/11/2026,
437,57.0,gf,1.105,mm,OK,--,4:08:11 PM,4/11/2026,
438,57.3,gf,1.105,mm,OK,--,4:08:11 PM,4/11/2026,
439,57.5,gf,1.110,mm,OK,--,4:08:11 PM,4/11/2026,
440,57.5,gf,1.115,mm,OK,--,4:08:11 PM,4/11/2026,
441,57.7,gf,1.120,mm,OK,--,4:08:11 PM,4/11/2026,
442,58.1,gf,1.125,mm,OK,--,4:08:11 PM,4/11/2026,
443,58.0,gf,1.130,mm,OK,--,4:08:11 PM,4/11/2026,
444,58.1,gf,1.130,mm,OK,--,4:08:11 PM,4/11/2026,
445,58.3,gf,1.135,mm,OK,--,4:08:12 PM,4/11/2026,
446,58.2,gf,1.140,mm,OK,--,4:08:12 PM,4/11/2026,
447,58.4,gf,1.145,mm,OK,--,4:08:12 PM,4/11/2026,
448,58.4,gf,1.150,mm,OK,--,4:08:12 PM,4/11/2026,
449,58.2,gf,1.150,mm,OK,--,4:08:12 PM,4/11/2026,
450,58.9,gf,1.155,mm,OK,--,4:08:12 PM,4/11/2026,
451,58.8,gf,1.160,mm,OK,--,4:08:12 PM,4/11/2026,
452,58.8,gf,1.165,mm,OK,--,4:08:12 PM,4/11/2026,
453,59.1,gf,1.170,mm,OK,--,4:08:12 PM,4/11/2026,
454,59.3,gf,1.175,mm,OK,--,4:08:12 PM,4/11/2026,
455,59.3,gf,1.180,mm,OK,--,4:08:13 PM,4/11/2026,
456,59.6,gf,1.185,mm,OK,--,4:08:13 PM,4/11/2026,
457,59.7,gf,1.190,mm,OK,--,4:08:13 PM,4/11/2026,
458,59.4,gf,1.195,mm,OK,--,4:08:13 PM,4/11/2026,
459,59.4,gf,1.195,mm,OK,--,4:08:13 PM,4/11/2026,
460,59.6,gf,1.200,mm,OK,--,4:08:13 PM,4/11/2026,
461,60.0,gf,1.200,mm,OK,--,4:08:13 PM,4/11/2026,
462,60.2,gf,1.205,mm,OK,--,4:08:13 PM,4/11/2026,
463,60.0,gf,1.210,mm,OK,--,4:08:13 PM,4/11/2026,
464,60.1,gf,1.215,mm,OK,--,4:08:13 PM,4/11/2026,
465,60.4,gf,1.220,mm,OK,--,4:08:14 PM,4/11/2026,
466,60.6,gf,1.220,mm,OK,--,4:08:14 PM,4/11/2026,
467,61.0,gf,1.225,mm,OK,--,4:08:14 PM,4/11/2026,
468,60.8,gf,1.230,mm,OK,--,4:08:14 PM,4/11/2026,
469,60.2,gf,1.235,mm,OK,--,4:08:14 PM,4/11/2026,
470,60.1,gf,1.235,mm,OK,--,4:08:14 PM,4/11/2026,
471,60.4,gf,1.240,mm,OK,--,4:08:14 PM,4/11/2026,
472,60.8,gf,1.240,mm,OK,--,4:08:14 PM,4/11/2026,
473,61.1,gf,1.245,mm,OK,--,4:08:14 PM,4/11/2026,
474,61.2,gf,1.245,mm,OK,--,4:08:14 PM,4/11/2026,
475,61.4,gf,1.250,mm,OK,--,4:08:15 PM,4/11/2026,
476,61.5,gf,1.250,mm,OK,--,4:08:15 PM,4/11/2026,
477,61.0,gf,1.255,mm,OK,--,4:08:15 PM,4/11/2026,
478,61.7,gf,1.255,mm,OK,--,4:08:15 PM,4/11/2026,
479,61.7,gf,1.260,mm,OK,--,4:08:15 PM,4/11/2026,
480,61.8,gf,1.260,mm,OK,--,4:08:15 PM,4/11/2026,
481,61.6,gf,1.265,mm,OK,--,4:08:15 PM,4/11/2026,
482,61.4,gf,1.265,mm,OK,--,4:08:15 PM,4/11/2026,
483,61.4,gf,1.265,mm,OK,--,4:08:15 PM,4/11/2026,
484,61.3,gf,1.270,mm,OK,--,4:08:15 PM,4/11/2026,
485,61.0,gf,1.270,mm,OK,--,4:08:16 PM,4/11/2026,
486,60.9,gf,1.270,mm,OK,--,4:08:16 PM,4/11/2026,
487,61.2,gf,1.270,mm,OK,--,4:08:16 PM,4/11/2026,
488,61.7,gf,1.270,mm,OK,--,4:08:16 PM,4/11/2026,
489,62.0,gf,1.275,mm,OK,--,4:08:16 PM,4/11/2026,
490,62.1,gf,1.275,mm,OK,--,4:08:16 PM,4/11/2026,
491,62.2,gf,1.275,mm,OK,--,4:08:16 PM,4/11/2026,
492,62.5,gf,1.280,mm,OK,--,4:08:16 PM,4/11/2026,
493,62.6,gf,1.280,mm,OK,--,4:08:16 PM,4/11/2026,
494,62.8,gf,1.285,mm,OK,--,4:08:16 PM,4/11/2026,
495,62.7,gf,1.290,mm,OK,--,4:08:17 PM,4/11/2026,
496,62.3,gf,1.295,mm,OK,--,4:08:17 PM,4/11/2026,
497,61.9,gf,1.300,mm,OK,--,4:08:17 PM,4/11/2026,
498,62.0,gf,1.300,mm,OK,--,4:08:17 PM,4/11/2026,
499,62.1,gf,1.305,mm,OK,--,4:08:17 PM,4/11/2026,
500,62.3,gf,1.305,mm,OK,--,4:08:17 PM,4/11/2026,
501,62.3,gf,1.305,mm,OK,--,4:08:17 PM,4/11/2026,
502,62.3,gf,1.310,mm,OK,--,4:08:17 PM,4/11/2026,
503,62.1,gf,1.310,mm,OK,--,4:08:17 PM,4/11/2026,
504,62.0,gf,1.310,mm,OK,--,4:08:17 PM,4/11/2026,
505,62.3,gf,1.310,mm,OK,--,4:08:18 PM,4/11/2026,
506,62.4,gf,1.315,mm,OK,--,4:08:18 PM,4/11/2026,
507,62.7,gf,1.315,mm,OK,--,4:08:18 PM,4/11/2026,
508,62.7,gf,1.315,mm,OK,--,4:08:18 PM,4/11/2026,
509,62.4,gf,1.315,mm,OK,--,4:08:18 PM,4/11/2026,
510,62.5,gf,1.315,mm,OK,--,4:08:18 PM,4/11/2026,
511,63.0,gf,1.320,mm,OK,--,4:08:18 PM,4/11/2026,
512,63.4,gf,1.320,mm,OK,--,4:08:18 PM,4/11/2026,
513,63.5,gf,1.320,mm,OK,--,4:08:18 PM,4/11/2026,
514,63.3,gf,1.325,mm,OK,--,4:08:18 PM,4/11/2026,
515,63.2,gf,1.325,mm,OK,--,4:08:19 PM,4/11/2026,
516,63.4,gf,1.325,mm,OK,--,4:08:19 PM,4/11/2026,
517,63.5,gf,1.330,mm,OK,--,4:08:19 PM,4/11/2026,
518,64.3,gf,1.335,mm,OK,--,4:08:19 PM,4/11/2026,
519,64.4,gf,1.340,mm,OK,--,4:08:19 PM,4/11/2026,
520,63.4,gf,1.345,mm,OK,--,4:08:19 PM,4/11/2026,
521,62.9,gf,1.345,mm,OK,--,4:08:19 PM,4/11/2026,
522,62.8,gf,1.350,mm,OK,--,4:08:19 PM,4/11/2026,
523,63.0,gf,1.350,mm,OK,--,4:08:19 PM,4/11/2026,
524,63.3,gf,1.355,mm,OK,--,4:08:19 PM,4/11/2026,
525,63.6,gf,1.355,mm,OK,--,4:08:20 PM,4/11/2026,
526,63.6,gf,1.355,mm,OK,--,4:08:20 PM,4/11/2026,
527,63.8,gf,1.360,mm,OK,--,4:08:20 PM,4/11/2026,
528,64.1,gf,1.360,mm,OK,--,4:08:20 PM,4/11/2026,
529,64.5,gf,1.365,mm,OK,--,4:08:20 PM,4/11/2026,
530,64.3,gf,1.370,mm,OK,--,4:08:20 PM,4/11/2026,
531,64.1,gf,1.370,mm,OK,--,4:08:20 PM,4/11/2026,
532,64.2,gf,1.375,mm,OK,--,4:08:20 PM,4/11/2026,
533,64.6,gf,1.380,mm,OK,--,4:08:20 PM,4/11/2026,
534,64.8,gf,1.385,mm,OK,--,4:08:20 PM,4/11/2026,
535,64.7,gf,1.390,mm,OK,--,4:08:21 PM,4/11/2026,
536,64.2,gf,1.395,mm,OK,--,4:08:21 PM,4/11/2026,
537,64.4,gf,1.395,mm,OK,--,4:08:21 PM,4/11/2026,
538,64.7,gf,1.400,mm,OK,--,4:08:21 PM,4/11/2026,
539,65.0,gf,1.405,mm,OK,--,4:08:21 PM,4/11/2026,
540,65.2,gf,1.405,mm,OK,--,4:08:21 PM,4/11/2026,
541,65.1,gf,1.410,mm,OK,--,4:08:21 PM,4/11/2026,
542,65.2,gf,1.415,mm,OK,--,4:08:21 PM,4/11/2026,
543,65.3,gf,1.420,mm,OK,--,4:08:21 PM,4/11/2026,
544,65.1,gf,1.425,mm,OK,--,4:08:21 PM,4/11/2026,
545,65.3,gf,1.425,mm,OK,--,4:08:22 PM,4/11/2026,
546,65.5,gf,1.430,mm,OK,--,4:08:22 PM,4/11/2026,
547,65.6,gf,1.435,mm,OK,--,4:08:22 PM,4/11/2026,
548,65.2,gf,1.440,mm,OK,--,4:08:22 PM,4/11/2026,
549,65.3,gf,1.440,mm,OK,--,4:08:22 PM,4/11/2026,
550,65.1,gf,1.445,mm,OK,--,4:08:22 PM,4/11/2026,
551,64.9,gf,1.445,mm,OK,--,4:08:22 PM,4/11/2026,
552,64.8,gf,1.445,mm,OK,--,4:08:22 PM,4/11/2026,
553,65.2,gf,1.450,mm,OK,--,4:08:22 PM,4/11/2026,
554,65.7,gf,1.450,mm,OK,--,4:08:22 PM,4/11/2026,
555,65.8,gf,1.455,mm,OK,--,4:08:23 PM,4/11/2026,
556,66.0,gf,1.455,mm,OK,--,4:08:23 PM,4/11/2026,
557,66.1,gf,1.460,mm,OK,--,4:08:23 PM,4/11/2026,
558,65.5,gf,1.460,mm,OK,--,4:08:23 PM,4/11/2026,
559,65.4,gf,1.460,mm,OK,--,4:08:23 PM,4/11/2026,
560,65.8,gf,1.465,mm,OK,--,4:08:23 PM,4/11/2026,
561,65.7,gf,1.465,mm,OK,--,4:08:23 PM,4/11/2026,
562,65.7,gf,1.465,mm,OK,--,4:08:23 PM,4/11/2026,
563,66.3,gf,1.465,mm,OK,--,4:08:23 PM,4/11/2026,
564,66.1,gf,1.470,mm,OK,--,4:08:23 PM,4/11/2026,
565,65.5,gf,1.470,mm,OK,--,4:08:24 PM,4/11/2026,
566,65.9,gf,1.470,mm,OK,--,4:08:24 PM,4/11/2026,
567,66.3,gf,1.475,mm,OK,--,4:08:24 PM,4/11/2026,
568,66.7,gf,1.475,mm,OK,--,4:08:24 PM,4/11/2026,
569,66.7,gf,1.480,mm,OK,--,4:08:24 PM,4/11/2026,
570,67.1,gf,1.480,mm,OK,--,4:08:24 PM,4/11/2026,
571,67.2,gf,1.485,mm,OK,--,4:08:24 PM,4/11/2026,
572,67.1,gf,1.490,mm,OK,--,4:08:24 PM,4/11/2026,
573,67.2,gf,1.500,mm,OK,--,4:08:24 PM,4/11/2026,
574,66.7,gf,1.505,mm,OK,--,4:08:24 PM,4/11/2026,
575,66.8,gf,1.510,mm,OK,--,4:08:25 PM,4/11/2026,
576,67.2,gf,1.515,mm,OK,--,4:08:25 PM,4/11/2026,
577,66.9,gf,1.520,mm,OK,--,4:08:25 PM,4/11/2026,
578,66.7,gf,1.525,mm,OK,--,4:08:25 PM,4/11/2026,
579,67.4,gf,1.525,mm,OK,--,4:08:25 PM,4/11/2026,
580,67.7,gf,1.535,mm,OK,--,4:08:25 PM,4/11/2026,
581,67.0,gf,1.535,mm,OK,--,4:08:25 PM,4/11/2026,
582,67.1,gf,1.540,mm,OK,--,4:08:25 PM,4/11/2026,
583,67.5,gf,1.540,mm,OK,--,4:08:25 PM,4/11/2026,
584,67.8,gf,1.545,mm,OK,--,4:08:25 PM,4/11/2026,
585,67.7,gf,1.550,mm,OK,--,4:08:26 PM,4/11/2026,
586,67.0,gf,1.550,mm,OK,--,4:08:26 PM,4/11/2026,
587,67.4,gf,1.550,mm,OK,--,4:08:26 PM,4/11/2026,
588,68.0,gf,1.555,mm,OK,--,4:08:26 PM,4/11/2026,
589,68.7,gf,1.560,mm,OK,--,4:08:26 PM,4/11/2026,
590,68.1,gf,1.560,mm,OK,--,4:08:26 PM,4/11/2026,
591,68.0,gf,1.565,mm,OK,--,4:08:26 PM,4/11/2026,
592,68.4,gf,1.570,mm,OK,--,4:08:26 PM,4/11/2026,
593,68.4,gf,1.570,mm,OK,--,4:08:26 PM,4/11/2026,
594,68.3,gf,1.575,mm,OK,--,4:08:26 PM,4/11/2026,
595,68.5,gf,1.580,mm,OK,--,4:08:27 PM,4/11/2026,
596,68.2,gf,1.580,mm,OK,--,4:08:27 PM,4/11/2026,
597,68.4,gf,1.585,mm,OK,--,4:08:27 PM,4/11/2026,
598,68.4,gf,1.585,mm,OK,--,4:08:27 PM,4/11/2026,
599,68.5,gf,1.590,mm,OK,--,4:08:27 PM,4/11/2026,
600,68.2,gf,1.590,mm,OK,--,4:08:27 PM,4/11/2026,
601,67.8,gf,1.590,mm,OK,--,4:08:27 PM,4/11/2026,
602,67.9,gf,1.590,mm,OK,--,4:08:27 PM,4/11/2026,
603,68.8,gf,1.595,mm,OK,--,4:08:27 PM,4/11/2026,
604,69.1,gf,1.595,mm,OK,--,4:08:27 PM,4/11/2026,
605,69.3,gf,1.600,mm,OK,--,4:08:28 PM,4/11/2026,
606,69.1,gf,1.605,mm,OK,--,4:08:28 PM,4/11/2026,
607,68.5,gf,1.605,mm,OK,--,4:08:28 PM,4/11/2026,
608,69.1,gf,1.610,mm,OK,--,4:08:28 PM,4/11/2026,
609,69.5,gf,1.610,mm,OK,--,4:08:28 PM,4/11/2026,
610,69.0,gf,1.615,mm,OK,--,4:08:28 PM,4/11/2026,
611,68.8,gf,1.620,mm,OK,--,4:08:28 PM,4/11/2026,
612,68.8,gf,1.620,mm,OK,--,4:08:28 PM,4/11/2026,
613,69.2,gf,1.625,mm,OK,--,4:08:28 PM,4/11/2026,
614,69.6,gf,1.625,mm,OK,--,4:08:28 PM,4/11/2026,
615,69.6,gf,1.630,mm,OK,--,4:08:29 PM,4/11/2026,
616,69.5,gf,1.635,mm,OK,--,4:08:29 PM,4/11/2026,
617,69.1,gf,1.635,mm,OK,--,4:08:29 PM,4/11/2026,
618,69.1,gf,1.640,mm,OK,--,4:08:29 PM,4/11/2026,
619,69.6,gf,1.640,mm,OK,--,4:08:29 PM,4/11/2026,
620,69.7,gf,1.645,mm,OK,--,4:08:29 PM,4/11/2026,
621,69.3,gf,1.645,mm,OK,--,4:08:29 PM,4/11/2026,
622,69.4,gf,1.650,mm,OK,--,4:08:29 PM,4/11/2026,
623,70.1,gf,1.650,mm,OK,--,4:08:29 PM,4/11/2026,
624,70.7,gf,1.655,mm,OK,--,4:08:29 PM,4/11/2026,
625,70.3,gf,1.665,mm,OK,--,4:08:30 PM,4/11/2026,
626,70.4,gf,1.670,mm,OK,--,4:08:30 PM,4/11/2026,
627,70.5,gf,1.675,mm,OK,--,4:08:30 PM,4/11/2026,
628,70.2,gf,1.685,mm,OK,--,4:08:30 PM,4/11/2026,
629,70.2,gf,1.690,mm,OK,--,4:08:30 PM,4/11/2026,
630,70.4,gf,1.695,mm,OK,--,4:08:30 PM,4/11/2026,
631,70.8,gf,1.700,mm,OK,--,4:08:30 PM,4/11/2026,
632,71.0,gf,1.705,mm,OK,--,4:08:30 PM,4/11/2026,
633,71.1,gf,1.710,mm,OK,--,4:08:30 PM,4/11/2026,
634,71.0,gf,1.715,mm,OK,--,4:08:30 PM,4/11/2026,
635,71.2,gf,1.720,mm,OK,--,4:08:31 PM,4/11/2026,
636,71.5,gf,1.725,mm,OK,--,4:08:31 PM,4/11/2026,
637,71.5,gf,1.725,mm,OK,--,4:08:31 PM,4/11/2026,
638,72.0,gf,1.730,mm,OK,--,4:08:31 PM,4/11/2026,
639,72.2,gf,1.735,mm,OK,--,4:08:31 PM,4/11/2026,
640,72.1,gf,1.740,mm,OK,--,4:08:31 PM,4/11/2026,
641,72.3,gf,1.745,mm,OK,--,4:08:31 PM,4/11/2026,
642,72.5,gf,1.750,mm,OK,--,4:08:31 PM,4/11/2026,
643,72.5,gf,1.755,mm,OK,--,4:08:31 PM,4/11/2026,
644,72.5,gf,1.760,mm,OK,--,4:08:31 PM,4/11/2026,
645,72.7,gf,1.760,mm,OK,--,4:08:32 PM,4/11/2026,
646,73.0,gf,1.765,mm,OK,--,4:08:32 PM,4/11/2026,
647,73.3,gf,1.770,mm,OK,--,4:08:32 PM,4/11/2026,
648,73.5,gf,1.775,mm,OK,--,4:08:32 PM,4/11/2026,
649,73.5,gf,1.780,mm,OK,--,4:08:32 PM,4/11/2026,
650,73.8,gf,1.785,mm,OK,--,4:08:32 PM,4/11/2026,
651,73.9,gf,1.790,mm,OK,--,4:08:32 PM,4/11/2026,
652,73.6,gf,1.795,mm,OK,--,4:08:32 PM,4/11/2026,
653,73.5,gf,1.800,mm,OK,--,4:08:32 PM,4/11/2026,
654,73.5,gf,1.805,mm,OK,--,4:08:32 PM,4/11/2026,
655,74.0,gf,1.810,mm,OK,--,4:08:33 PM,4/11/2026,
656,74.1,gf,1.815,mm,OK,--,4:08:33 PM,4/11/2026,
657,74.2,gf,1.820,mm,OK,--,4:08:33 PM,4/11/2026,
658,74.3,gf,1.825,mm,OK,--,4:08:33 PM,4/11/2026,
659,74.4,gf,1.830,mm,OK,--,4:08:33 PM,4/11/2026,
660,74.3,gf,1.835,mm,OK,--,4:08:33 PM,4/11/2026,
661,74.4,gf,1.840,mm,OK,--,4:08:33 PM,4/11/2026,
662,74.7,gf,1.845,mm,OK,--,4:08:33 PM,4/11/2026,
663,74.8,gf,1.850,mm,OK,--,4:08:33 PM,4/11/2026,
664,75.0,gf,1.855,mm,OK,--,4:08:33 PM,4/11/2026,
665,74.9,gf,1.860,mm,OK,--,4:08:34 PM,4/11/2026,
666,74.7,gf,1.860,mm,OK,--,4:08:34 PM,4/11/2026,
667,74.2,gf,1.865,mm,OK,--,4:08:34 PM,4/11/2026,
668,74.1,gf,1.870,mm,OK,--,4:08:34 PM,4/11/2026,
669,74.4,gf,1.875,mm,OK,--,4:08:34 PM,4/11/2026,
670,74.6,gf,1.880,mm,OK,--,4:08:34 PM,4/11/2026,
671,74.7,gf,1.880,mm,OK,--,4:08:34 PM,4/11/2026,
672,74.7,gf,1.885,mm,OK,--,4:08:34 PM,4/11/2026,
673,74.6,gf,1.890,mm,OK,--,4:08:34 PM,4/11/2026,
674,74.9,gf,1.895,mm,OK,--,4:08:34 PM,4/11/2026,
675,74.9,gf,1.895,mm,OK,--,4:08:35 PM,4/11/2026,
676,75.2,gf,1.900,mm,OK,--,4:08:35 PM,4/11/2026,
677,75.4,gf,1.905,mm,OK,--,4:08:35 PM,4/11/2026,
678,75.3,gf,1.915,mm,OK,--,4:08:35 PM,4/11/2026,
679,75.1,gf,1.915,mm,OK,--,4:08:35 PM,4/11/2026,
680,75.0,gf,1.920,mm,OK,--,4:08:35 PM,4/11/2026,
681,75.2,gf,1.925,mm,OK,--,4:08:35 PM,4/11/2026,
682,75.8,gf,1.930,mm,OK,--,4:08:35 PM,4/11/2026,
683,75.8,gf,1.935,mm,OK,--,4:08:35 PM,4/11/2026,
684,75.6,gf,1.935,mm,OK,--,4:08:35 PM,4/11/2026,
685,75.6,gf,1.940,mm,OK,--,4:08:36 PM,4/11/2026,
686,75.5,gf,1.945,mm,OK,--,4:08:36 PM,4/11/2026,
687,75.5,gf,1.945,mm,OK,--,4:08:36 PM,4/11/2026,
688,75.5,gf,1.950,mm,OK,--,4:08:36 PM,4/11/2026,
689,75.4,gf,1.950,mm,OK,--,4:08:36 PM,4/11/2026,
690,75.4,gf,1.955,mm,OK,--,4:08:36 PM,4/11/2026,
691,75.8,gf,1.955,mm,OK,--,4:08:36 PM,4/11/2026,
692,76.4,gf,1.960,mm,OK,--,4:08:36 PM,4/11/2026,
693,76.8,gf,1.965,mm,OK,--,4:08:36 PM,4/11/2026,
694,76.7,gf,1.970,mm,OK,--,4:08:36 PM,4/11/2026,
695,77.4,gf,1.980,mm,OK,--,4:08:37 PM,4/11/2026,
696,76.4,gf,1.990,mm,OK,--,4:08:37 PM,4/11/2026,
697,76.3,gf,2.000,mm,OK,--,4:08:37 PM,4/11/2026,
698,76.4,gf,2.005,mm,OK,--,4:08:37 PM,4/11/2026,
699,76.8,gf,2.015,mm,OK,--,4:08:37 PM,4/11/2026,
700,76.7,gf,2.025,mm,OK,--,4:08:37 PM,4/11/2026,
701,76.3,gf,2.035,mm,OK,--,4:08:37 PM,4/11/2026,
702,77.2,gf,2.040,mm,OK,--,4:08:37 PM,4/11/2026,
703,77.1,gf,2.050,mm,OK,--,4:08:37 PM,4/11/2026,
704,77.1,gf,2.060,mm,OK,--,4:08:37 PM,4/11/2026,
705,76.7,gf,2.065,mm,OK,--,4:08:38 PM,4/11/2026,
706,77.0,gf,2.070,mm,OK,--,4:08:38 PM,4/11/2026,
707,77.4,gf,2.075,mm,OK,--,4:08:38 PM,4/11/2026,
708,77.2,gf,2.080,mm,OK,--,4:08:38 PM,4/11/2026,
709,77.2,gf,2.085,mm,OK,--,4:08:38 PM,4/11/2026,
710,77.3,gf,2.085,mm,OK,--,4:08:38 PM,4/11/2026,
711,78.1,gf,2.090,mm,OK,--,4:08:38 PM,4/11/2026,
712,77.8,gf,2.095,mm,OK,--,4:08:38 PM,4/11/2026,
713,78.1,gf,2.100,mm,OK,--,4:08:38 PM,4/11/2026,
714,78.1,gf,2.105,mm,OK,--,4:08:38 PM,4/11/2026,
715,78.1,gf,2.105,mm,OK,--,4:08:39 PM,4/11/2026,
716,79.2,gf,2.115,mm,OK,--,4:08:39 PM,4/11/2026,
717,78.2,gf,2.120,mm,OK,--,4:08:39 PM,4/11/2026,
718,77.5,gf,2.125,mm,OK,--,4:08:39 PM,4/11/2026,
719,77.1,gf,2.130,mm,OK,--,4:08:39 PM,4/11/2026,
720,77.5,gf,2.130,mm,OK,--,4:08:39 PM,4/11/2026,
721,77.6,gf,2.130,mm,OK,--,4:08:39 PM,4/11/2026,
722,77.8,gf,2.135,mm,OK,--,4:08:39 PM,4/11/2026,
723,78.0,gf,2.135,mm,OK,--,4:08:39 PM,4/11/2026,
724,78.1,gf,2.135,mm,OK,--,4:08:39 PM,4/11/2026,
725,78.7,gf,2.140,mm,OK,--,4:08:40 PM,4/11/2026,
726,78.9,gf,2.140,mm,OK,--,4:08:40 PM,4/11/2026,
727,78.6,gf,2.140,mm,OK,--,4:08:40 PM,4/11/2026,
728,78.3,gf,2.140,mm,OK,--,4:08:40 PM,4/11/2026,
729,77.9,gf,2.145,mm,OK,--,4:08:40 PM,4/11/2026,
730,78.3,gf,2.145,mm,OK,--,4:08:40 PM,4/11/2026,
731,79.2,gf,2.145,mm,OK,--,4:08:40 PM,4/11/2026,
732,80.1,gf,2.150,mm,OK,--,4:08:40 PM,4/11/2026,
733,80.0,gf,2.150,mm,OK,--,4:08:40 PM,4/11/2026,
734,79.3,gf,2.155,mm,OK,--,4:08:40 PM,4/11/2026,
735,78.9,gf,2.155,mm,OK,--,4:08:41 PM,4/11/2026,
736,79.1,gf,2.160,mm,OK,--,4:08:41 PM,4/11/2026,
737,79.3,gf,2.160,mm,OK,--,4:08:41 PM,4/11/2026,
738,79.4,gf,2.160,mm,OK,--,4:08:41 PM,4/11/2026,
739,79.4,gf,2.165,mm,OK,--,4:08:41 PM,4/11/2026,
740,80.0,gf,2.165,mm,OK,--,4:08:41 PM,4/11/2026,
741,80.1,gf,2.170,mm,OK,--,4:08:41 PM,4/11/2026,
742,80.1,gf,2.175,mm,OK,--,4:08:41 PM,4/11/2026,
743,80.1,gf,2.180,mm,OK,--,4:08:41 PM,4/11/2026,
744,81.0,gf,2.185,mm,OK,--,4:08:41 PM,4/11/2026,
745,80.4,gf,2.195,mm,OK,--,4:08:42 PM,4/11/2026,
746,79.2,gf,2.205,mm,OK,--,4:08:42 PM,4/11/2026,
747,79.4,gf,2.215,mm,OK,--,4:08:42 PM,4/11/2026,
748,78.7,gf,2.220,mm,OK,--,4:08:42 PM,4/11/2026,
749,78.7,gf,2.220,mm,OK,--,4:08:42 PM,4/11/2026,
750,80.4,gf,2.225,mm,OK,--,4:08:42 PM,4/11/2026,
751,80.6,gf,2.230,mm,OK,--,4:08:42 PM,4/11/2026,
752,81.0,gf,2.240,mm,OK,--,4:08:42 PM,4/11/2026,
753,80.1,gf,2.250,mm,OK,--,4:08:42 PM,4/11/2026,
754,79.5,gf,2.255,mm,OK,--,4:08:42 PM,4/11/2026,
755,79.9,gf,2.260,mm,OK,--,4:08:43 PM,4/11/2026,
756,80.4,gf,2.265,mm,OK,--,4:08:43 PM,4/11/2026,
757,80.7,gf,2.270,mm,OK,--,4:08:43 PM,4/11/2026,
758,81.9,gf,2.280,mm,OK,--,4:08:43 PM,4/11/2026,
759,80.8,gf,2.290,mm,OK,--,4:08:43 PM,4/11/2026,
760,80.1,gf,2.300,mm,OK,--,4:08:43 PM,4/11/2026,
761,81.3,gf,2.310,mm,OK,--,4:08:43 PM,4/11/2026,
762,80.9,gf,2.320,mm,OK,--,4:08:43 PM,4/11/2026,
763,80.8,gf,2.325,mm,OK,--,4:08:43 PM,4/11/2026,
764,81.4,gf,2.330,mm,OK,--,4:08:43 PM,4/11/2026,
765,81.6,gf,2.335,mm,OK,--,4:08:44 PM,4/11/2026,
766,82.1,gf,2.345,mm,OK,--,4:08:44 PM,4/11/2026,
767,81.0,gf,2.345,mm,OK,--,4:08:44 PM,4/11/2026,
768,81.6,gf,2.350,mm,OK,--,4:08:44 PM,4/11/2026,
769,82.2,gf,2.355,mm,OK,--,4:08:44 PM,4/11/2026,
770,82.7,gf,2.365,mm,OK,--,4:08:44 PM,4/11/2026,
771,82.0,gf,2.370,mm,OK,--,4:08:44 PM,4/11/2026,
772,81.2,gf,2.375,mm,OK,--,4:08:44 PM,4/11/2026,
773,81.5,gf,2.375,mm,OK,--,4:08:44 PM,4/11/2026,
774,83.0,gf,2.380,mm,OK,--,4:08:44 PM,4/11/2026,
775,82.8,gf,2.385,mm,OK,--,4:08:45 PM,4/11/2026,
776,82.4,gf,2.390,mm,OK,--,4:08:45 PM,4/11/2026,
777,82.7,gf,2.395,mm,OK,--,4:08:45 PM,4/11/2026,
778,82.9,gf,2.400,mm,OK,--,4:08:45 PM,4/11/2026,
779,83.5,gf,2.405,mm,OK,--,4:08:45 PM,4/11/2026,
780,83.2,gf,2.410,mm,OK,--,4:08:45 PM,4/11/2026,
781,82.5,gf,2.415,mm,OK,--,4:08:45 PM,4/11/2026,
782,82.8,gf,2.420,mm,OK,--,4:08:45 PM,4/11/2026,
783,83.3,gf,2.425,mm,OK,--,4:08:45 PM,4/11/2026,
784,83.2,gf,2.435,mm,OK,--,4:08:45 PM,4/11/2026,
785,83.3,gf,2.440,mm,OK,--,4:08:46 PM,4/11/2026,
786,82.6,gf,2.445,mm,OK,--,4:08:46 PM,4/11/2026,
787,82.6,gf,2.450,mm,OK,--,4:08:46 PM,4/11/2026,
788,82.9,gf,2.455,mm,OK,--,4:08:46 PM,4/11/2026,
789,82.8,gf,2.460,mm,OK,--,4:08:46 PM,4/11/2026,
790,83.1,gf,2.460,mm,OK,--,4:08:46 PM,4/11/2026,
791,83.2,gf,2.465,mm,OK,--,4:08:46 PM,4/11/2026,
792,83.3,gf,2.465,mm,OK,--,4:08:46 PM,4/11/2026,
793,83.6,gf,2.470,mm,OK,--,4:08:46 PM,4/11/2026,
794,83.6,gf,2.475,mm,OK,--,4:08:46 PM,4/11/2026,
795,83.3,gf,2.475,mm,OK,--,4:08:47 PM,4/11/2026,
796,83.4,gf,2.480,mm,OK,--,4:08:47 PM,4/11/2026,
797,83.6,gf,2.480,mm,OK,--,4:08:47 PM,4/11/2026,
798,83.9,gf,2.485,mm,OK,--,4:08:47 PM,4/11/2026,
799,83.8,gf,2.490,mm,OK,--,4:08:47 PM,4/11/2026,
800,83.6,gf,2.490,mm,OK,--,4:08:47 PM,4/11/2026,
801,83.7,gf,2.495,mm,OK,--,4:08:47 PM,4/11/2026,
802,84.0,gf,2.500,mm,OK,--,4:08:47 PM,4/11/2026,
803,84.0,gf,2.500,mm,OK,--,4:08:47 PM,4/11/2026,
804,83.7,gf,2.505,mm,OK,--,4:08:47 PM,4/11/2026,
805,83.7,gf,2.510,mm,OK,--,4:08:48 PM,4/11/2026,
806,83.7,gf,2.515,mm,OK,--,4:08:48 PM,4/11/2026,
807,83.6,gf,2.520,mm,OK,--,4:08:48 PM,4/11/2026,
808,83.7,gf,2.520,mm,OK,--,4:08:48 PM,4/11/2026,
809,83.9,gf,2.525,mm,OK,--,4:08:48 PM,4/11/2026,
810,83.6,gf,2.530,mm,OK,--,4:08:48 PM,4/11/2026,
811,83.7,gf,2.530,mm,OK,--,4:08:48 PM,4/11/2026,
812,83.9,gf,2.535,mm,OK,--,4:08:48 PM,4/11/2026,
813,84.3,gf,2.540,mm,OK,--,4:08:48 PM,4/11/2026,
814,84.2,gf,2.540,mm,OK,--,4:08:48 PM,4/11/2026,
815,84.1,gf,2.545,mm,OK,--,4:08:49 PM,4/11/2026,
816,84.1,gf,2.545,mm,OK,--,4:08:49 PM,4/11/2026,
817,84.6,gf,2.550,mm,OK,--,4:08:49 PM,4/11/2026,
818,85.1,gf,2.560,mm,OK,--,4:08:49 PM,4/11/2026,
819,84.0,gf,2.565,mm,OK,--,4:08:49 PM,4/11/2026,
820,84.0,gf,2.565,mm,OK,--,4:08:49 PM,4/11/2026,
821,84.2,gf,2.570,mm,OK,--,4:08:49 PM,4/11/2026,
822,84.4,gf,2.575,mm,OK,--,4:08:49 PM,4/11/2026,
823,84.5,gf,2.580,mm,OK,--,4:08:49 PM,4/11/2026,
824,84.8,gf,2.585,mm,OK,--,4:08:49 PM,4/11/2026,
825,84.9,gf,2.595,mm,OK,--,4:08:50 PM,4/11/2026,
826,84.2,gf,2.600,mm,OK,--,4:08:50 PM,4/11/2026,
827,84.4,gf,2.605,mm,OK,--,4:08:50 PM,4/11/2026,
828,84.3,gf,2.615,mm,OK,--,4:08:50 PM,4/11/2026,
829,84.2,gf,2.620,mm,OK,--,4:08:50 PM,4/11/2026,
830,84.5,gf,2.625,mm,OK,--,4:08:50 PM,4/11/2026,
831,84.3,gf,2.630,mm,OK,--,4:08:50 PM,4/11/2026,
832,84.2,gf,2.635,mm,OK,--,4:08:50 PM,4/11/2026,
833,83.9,gf,2.640,mm,OK,--,4:08:50 PM,4/11/2026,
834,83.8,gf,2.645,mm,OK,--,4:08:50 PM,4/11/2026,
835,84.1,gf,2.645,mm,OK,--,4:08:51 PM,4/11/2026,
836,84.5,gf,2.650,mm,OK,--,4:08:51 PM,4/11/2026,
837,84.8,gf,2.650,mm,OK,--,4:08:51 PM,4/11/2026,
838,85.1,gf,2.655,mm,OK,--,4:08:51 PM,4/11/2026,
839,84.9,gf,2.660,mm,OK,--,4:08:51 PM,4/11/2026,
840,84.5,gf,2.660,mm,OK,--,4:08:51 PM,4/11/2026,
841,84.4,gf,2.665,mm,OK,--,4:08:51 PM,4/11/2026,
842,84.5,gf,2.665,mm,OK,--,4:08:51 PM,4/11/2026,
843,84.8,gf,2.670,mm,OK,--,4:08:51 PM,4/11/2026,
844,84.6,gf,2.670,mm,OK,--,4:08:51 PM,4/11/2026,
845,84.7,gf,2.675,mm,OK,--,4:08:52 PM,4/11/2026,
846,84.7,gf,2.675,mm,OK,--,4:08:52 PM,4/11/2026,
847,84.9,gf,2.675,mm,OK,--,4:08:52 PM,4/11/2026,
848,85.7,gf,2.680,mm,OK,--,4:08:52 PM,4/11/2026,
849,86.2,gf,2.685,mm,OK,--,4:08:52 PM,4/11/2026,
850,86.0,gf,2.690,mm,OK,--,4:08:52 PM,4/11/2026,
851,85.5,gf,2.695,mm,OK,--,4:08:52 PM,4/11/2026,
852,84.9,gf,2.705,mm,OK,--,4:08:52 PM,4/11/2026,
853,84.6,gf,2.710,mm,OK,--,4:08:52 PM,4/11/2026,
854,84.7,gf,2.710,mm,OK,--,4:08:52 PM,4/11/2026,
855,84.9,gf,2.715,mm,OK,--,4:08:53 PM,4/11/2026,
856,84.8,gf,2.720,mm,OK,--,4:08:53 PM,4/11/2026,
857,85.4,gf,2.725,mm,OK,--,4:08:53 PM,4/11/2026,
858,86.3,gf,2.730,mm,OK,--,4:08:53 PM,4/11/2026,
859,85.6,gf,2.740,mm,OK,--,4:08:53 PM,4/11/2026,
860,84.2,gf,2.745,mm,OK,--,4:08:53 PM,4/11/2026,
861,84.8,gf,2.750,mm,OK,--,4:08:53 PM,4/11/2026,
862,85.1,gf,2.755,mm,OK,--,4:08:53 PM,4/11/2026,
863,85.4,gf,2.755,mm,OK,--,4:08:53 PM,4/11/2026,
864,85.0,gf,2.760,mm,OK,--,4:08:53 PM,4/11/2026,
865,85.3,gf,2.765,mm,OK,--,4:08:54 PM,4/11/2026,
866,85.7,gf,2.770,mm,OK,--,4:08:54 PM,4/11/2026,
867,85.5,gf,2.775,mm,OK,--,4:08:54 PM,4/11/2026,
868,85.5,gf,2.780,mm,OK,--,4:08:54 PM,4/11/2026,
869,85.3,gf,2.785,mm,OK,--,4:08:54 PM,4/11/2026,
870,84.4,gf,2.785,mm,OK,--,4:08:54 PM,4/11/2026,
871,85.5,gf,2.790,mm,OK,--,4:08:54 PM,4/11/2026,
872,85.7,gf,2.795,mm,OK,--,4:08:54 PM,4/11/2026,
873,85.0,gf,2.800,mm,OK,--,4:08:54 PM,4/11/2026,
874,84.1,gf,2.800,mm,OK,--,4:08:54 PM,4/11/2026,
875,84.2,gf,2.800,mm,OK,--,4:08:55 PM,4/11/2026,
876,84.9,gf,2.805,mm,OK,--,4:08:55 PM,4/11/2026,
877,85.0,gf,2.805,mm,OK,--,4:08:55 PM,4/11/2026,
878,85.6,gf,2.805,mm,OK,--,4:08:55 PM,4/11/2026,
879,86.9,gf,2.810,mm,OK,--,4:08:55 PM,4/11/2026,
880,86.2,gf,2.815,mm,OK,--,4:08:55 PM,4/11/2026,
881,84.7,gf,2.815,mm,OK,--,4:08:55 PM,4/11/2026,
882,84.5,gf,2.815,mm,OK,--,4:08:55 PM,4/11/2026,
883,85.0,gf,2.820,mm,OK,--,4:08:55 PM,4/11/2026,
884,85.5,gf,2.820,mm,OK,--,4:08:55 PM,4/11/2026,
885,85.1,gf,2.820,mm,OK,--,4:08:56 PM,4/11/2026,
886,84.7,gf,2.825,mm,OK,--,4:08:56 PM,4/11/2026,
887,84.6,gf,2.825,mm,OK,--,4:08:56 PM,4/11/2026,
888,84.6,gf,2.825,mm,OK,--,4:08:56 PM,4/11/2026,
889,84.7,gf,2.825,mm,OK,--,4:08:56 PM,4/11/2026,
890,84.9,gf,2.825,mm,OK,--,4:08:56 PM,4/11/2026,
891,85.3,gf,2.830,mm,OK,--,4:08:56 PM,4/11/2026,
892,85.4,gf,2.830,mm,OK,--,4:08:56 PM,4/11/2026,
893,86.2,gf,2.830,mm,OK,--,4:08:56 PM,4/11/2026,
894,86.4,gf,2.835,mm,OK,--,4:08:56 PM,4/11/2026,
895,85.9,gf,2.835,mm,OK,--,4:08:57 PM,4/11/2026,
896,85.0,gf,2.840,mm,OK,--,4:08:57 PM,4/11/2026,
897,84.6,gf,2.840,mm,OK,--,4:08:57 PM,4/11/2026,
898,85.0,gf,2.840,mm,OK,--,4:08:57 PM,4/11/2026,
899,85.6,gf,2.845,mm,OK,--,4:08:57 PM,4/11/2026,
900,85.6,gf,2.845,mm,OK,--,4:08:57 PM,4/11/2026,
901,85.5,gf,2.850,mm,OK,--,4:08:57 PM,4/11/2026,
902,85.9,gf,2.850,mm,OK,--,4:08:57 PM,4/11/2026,
903,85.7,gf,2.855,mm,OK,--,4:08:57 PM,4/11/2026,
904,86.7,gf,2.860,mm,OK,--,4:08:57 PM,4/11/2026,
905,86.1,gf,2.865,mm,OK,--,4:08:58 PM,4/11/2026,
906,85.0,gf,2.870,mm,OK,--,4:08:58 PM,4/11/2026,
907,85.1,gf,2.875,mm,OK,--,4:08:58 PM,4/11/2026,
908,85.9,gf,2.885,mm,OK,--,4:08:58 PM,4/11/2026,
909,84.8,gf,2.890,mm,OK,--,4:08:58 PM,4/11/2026,
910,84.8,gf,2.890,mm,OK,--,4:08:58 PM,4/11/2026,
911,85.0,gf,2.895,mm,OK,--,4:08:58 PM,4/11/2026,
912,84.6,gf,2.900,mm,OK,--,4:08:58 PM,4/11/2026,
913,85.4,gf,2.905,mm,OK,--,4:08:58 PM,4/11/2026,
914,85.7,gf,2.905,mm,OK,--,4:08:58 PM,4/11/2026,
915,85.0,gf,2.910,mm,OK,--,4:08:59 PM,4/11/2026,
916,85.5,gf,2.915,mm,OK,--,4:08:59 PM,4/11/2026,
917,86.9,gf,2.920,mm,OK,--,4:08:59 PM,4/11/2026,
918,85.4,gf,2.925,mm,OK,--,4:08:59 PM,4/11/2026,
919,84.8,gf,2.925,mm,OK,--,4:08:59 PM,4/11/2026,
920,85.5,gf,2.925,mm,OK,--,4:08:59 PM,4/11/2026,
921,86.8,gf,2.930,mm,OK,--,4:08:59 PM,4/11/2026,
922,87.1,gf,2.935,mm,OK,--,4:08:59 PM,4/11/2026,
923,87.4,gf,2.940,mm,OK,--,4:08:59 PM,4/11/2026,
924,86.8,gf,2.940,mm,OK,--,4:08:59 PM,4/11/2026,
925,86.8,gf,2.945,mm,OK,--,4:09:00 PM,4/11/2026,
926,86.9,gf,2.950,mm,OK,--,4:09:00 PM,4/11/2026,
927,87.4,gf,2.955,mm,OK,--,4:09:00 PM,4/11/2026,
928,86.6,gf,2.955,mm,OK,--,4:09:00 PM,4/11/2026,
929,87.1,gf,2.960,mm,OK,--,4:09:00 PM,4/11/2026,
930,87.9,gf,2.965,mm,OK,--,4:09:00 PM,4/11/2026,
931,85.7,gf,2.970,mm,OK,--,4:09:00 PM,4/11/2026,
932,85.5,gf,2.975,mm,OK,--,4:09:00 PM,4/11/2026,
933,86.2,gf,2.980,mm,OK,--,4:09:00 PM,4/11/2026,
934,86.6,gf,2.980,mm,OK,--,4:09:00 PM,4/11/2026,
935,86.3,gf,2.985,mm,OK,--,4:09:01 PM,4/11/2026,
936,86.3,gf,2.985,mm,OK,--,4:09:01 PM,4/11/2026,
937,87.4,gf,2.990,mm,OK,--,4:09:01 PM,4/11/2026,
938,86.7,gf,2.995,mm,OK,--,4:09:01 PM,4/11/2026,
939,85.5,gf,3.000,mm,OK,--,4:09:01 PM,4/11/2026,
940,85.0,gf,3.005,mm,OK,--,4:09:01 PM,4/11/2026,
941,85.9,gf,3.005,mm,OK,--,4:09:01 PM,4/11/2026,
942,86.7,gf,3.010,mm,OK,--,4:09:01 PM,4/11/2026,
943,86.7,gf,3.015,mm,OK,--,4:09:01 PM,4/11/2026,
944,85.9,gf,3.020,mm,OK,--,4:09:01 PM,4/11/2026,
945,85.9,gf,3.025,mm,OK,--,4:09:02 PM,4/11/2026,
946,85.6,gf,3.030,mm,OK,--,4:09:02 PM,4/11/2026,
947,85.8,gf,3.035,mm,OK,--,4:09:02 PM,4/11/2026,
948,86.1,gf,3.040,mm,OK,--,4:09:02 PM,4/11/2026,
949,86.4,gf,3.045,mm,OK,--,4:09:02 PM,4/11/2026,
950,86.5,gf,3.050,mm,OK,--,4:09:02 PM,4/11/2026,
951,86.2,gf,3.055,mm,OK,--,4:09:02 PM,4/11/2026,
952,86.4,gf,3.060,mm,OK,--,4:09:02 PM,4/11/2026,
953,86.2,gf,3.065,mm,OK,--,4:09:02 PM,4/11/2026,
954,86.3,gf,3.075,mm,OK,--,4:09:02 PM,4/11/2026,
955,85.5,gf,3.080,mm,OK,--,4:09:03 PM,4/11/2026,
956,85.1,gf,3.090,mm,OK,--,4:09:03 PM,4/11/2026,
957,85.1,gf,3.095,mm,OK,--,4:09:03 PM,4/11/2026,
958,86.4,gf,3.100,mm,OK,--,4:09:03 PM,4/11/2026,
959,86.3,gf,3.110,mm,OK,--,4:09:03 PM,4/11/2026,
960,85.6,gf,3.120,mm,OK,--,4:09:03 PM,4/11/2026,
961,85.5,gf,3.125,mm,OK,--,4:09:03 PM,4/11/2026,
962,86.1,gf,3.130,mm,OK,--,4:09:03 PM,4/11/2026,
963,86.0,gf,3.140,mm,OK,--,4:09:03 PM,4/11/2026,
964,86.3,gf,3.150,mm,OK,--,4:09:03 PM,4/11/2026,
965,85.6,gf,3.160,mm,OK,--,4:09:04 PM,4/11/2026,
966,85.0,gf,3.165,mm,OK,--,4:09:04 PM,4/11/2026,
967,85.2,gf,3.170,mm,OK,--,4:09:04 PM,4/11/2026,
968,85.5,gf,3.175,mm,OK,--,4:09:04 PM,4/11/2026,
969,86.0,gf,3.180,mm,OK,--,4:09:04 PM,4/11/2026,
970,85.9,gf,3.185,mm,OK,--,4:09:04 PM,4/11/2026,
971,85.8,gf,3.190,mm,OK,--,4:09:04 PM,4/11/2026,
972,86.1,gf,3.195,mm,OK,--,4:09:04 PM,4/11/2026,
973,86.3,gf,3.200,mm,OK,--,4:09:04 PM,4/11/2026,
974,86.3,gf,3.210,mm,OK,--,4:09:04 PM,4/11/2026,
975,86.0,gf,3.215,mm,OK,--,4:09:05 PM,4/11/2026,
976,85.1,gf,3.220,mm,OK,--,4:09:05 PM,4/11/2026,
977,85.2,gf,3.225,mm,OK,--,4:09:05 PM,4/11/2026,
978,85.4,gf,3.235,mm,OK,--,4:09:05 PM,4/11/2026,
979,85.7,gf,3.240,mm,OK,--,4:09:05 PM,4/11/2026,
980,85.8,gf,3.245,mm,OK,--,4:09:05 PM,4/11/2026,
981,85.6,gf,3.250,mm,OK,--,4:09:05 PM,4/11/2026,
982,85.1,gf,3.255,mm,OK,--,4:09:05 PM,4/11/2026,
983,85.8,gf,3.265,mm,OK,--,4:09:05 PM,4/11/2026,
984,85.7,gf,3.270,mm,OK,--,4:09:05 PM,4/11/2026,
985,85.4,gf,3.275,mm,OK,--,4:09:06 PM,4/11/2026,
986,84.9,gf,3.280,mm,OK,--,4:09:06 PM,4/11/2026,
987,84.8,gf,3.285,mm,OK,--,4:09:06 PM,4/11/2026,
988,85.2,gf,3.290,mm,OK,--,4:09:06 PM,4/11/2026,
989,86.7,gf,3.295,mm,OK,--,4:09:06 PM,4/11/2026,
990,91.1,gf,3.300,mm,OK,--,4:09:06 PM,4/11/2026,
991,96.2,gf,3.305,mm,OK,--,4:09:06 PM,4/11/2026,
992,101.9,gf,3.310,mm,OK,--,4:09:06 PM,4/11/2026,
993,106.9,gf,3.315,mm,OK,--,4:09:06 PM,4/11/2026,
994,110.8,gf,3.320,mm,OK,--,4:09:06 PM,4/11/2026,
995,114.6,gf,3.325,mm,OK,--,4:09:07 PM,4/11/2026,
996,118.8,gf,3.330,mm,OK,--,4:09:07 PM,4/11/2026,
997,123.8,gf,3.335,mm,OK,--,4:09:07 PM,4/11/2026,
998,128.5,gf,3.340,mm,OK,--,4:09:07 PM,4/11/2026,
999,132.4,gf,3.345,mm,OK,--,4:09:07 PM,4/11/2026,
1000,136.6,gf,3.350,mm,OK,--,4:09:07 PM,4/11/2026,
1001,140.4,gf,3.355,mm,OK,--,4:09:07 PM,4/11/2026,
1002,144.7,gf,3.360,mm,OK,--,4:09:07 PM,4/11/2026,
1003,148.9,gf,3.365,mm,OK,--,4:09:07 PM,4/11/2026,
1004,152.8,gf,3.365,mm,OK,--,4:09:07 PM,4/11/2026,
1005,156.7,gf,3.370,mm,OK,--,4:09:08 PM,4/11/2026,
1006,160.8,gf,3.375,mm,OK,--,4:09:08 PM,4/11/2026,
1007,164.9,gf,3.380,mm,OK,--,4:09:08 PM,4/11/2026,
1008,168.9,gf,3.385,mm,OK,--,4:09:08 PM,4/11/2026,
1009,172.8,gf,3.390,mm,OK,--,4:09:08 PM,4/11/2026,
1010,175.8,gf,3.390,mm,OK,--,4:09:08 PM,4/11/2026,
1011,178.5,gf,3.395,mm,OK,--,4:09:08 PM,4/11/2026,
1012,181.1,gf,3.395,mm,OK,--,4:09:08 PM,4/11/2026,
1013,183.5,gf,3.400,mm,OK,--,4:09:08 PM,4/11/2026,
1014,186.0,gf,3.400,mm,OK,--,4:09:08 PM,4/11/2026,
1015,188.2,gf,3.405,mm,OK,--,4:09:09 PM,4/11/2026,
1016,189.5,gf,3.405,mm,OK,--,4:09:09 PM,4/11/2026,
1017,190.8,gf,3.405,mm,OK,--,4:09:09 PM,4/11/2026,
1018,192.4,gf,3.410,mm,OK,--,4:09:09 PM,4/11/2026,
1019,193.5,gf,3.410,mm,OK,--,4:09:09 PM,4/11/2026,
1020,193.6,gf,3.410,mm,OK,--,4:09:09 PM,4/11/2026,
1021,193.4,gf,3.410,mm,OK,--,4:09:09 PM,4/11/2026,
1022,193.1,gf,3.410,mm,OK,--,4:09:09 PM,4/11/2026,
1023,192.8,gf,3.410,mm,OK,--,4:09:09 PM,4/11/2026,
1024,192.8,gf,3.410,mm,OK,--,4:09:09 PM,4/11/2026,
1025,192.8,gf,3.410,mm,OK,--,4:09:10 PM,4/11/2026,
1026,192.7,gf,3.410,mm,OK,--,4:09:10 PM,4/11/2026,
1027,192.7,gf,3.410,mm,OK,--,4:09:10 PM,4/11/2026,
1028,192.6,gf,3.410,mm,OK,--,4:09:10 PM,4/11/2026,
1029,192.6,gf,3.410,mm,OK,--,4:09:10 PM,4/11/2026,
1030,192.5,gf,3.410,mm,OK,--,4:09:10 PM,4/11/2026,
1031,192.5,gf,3.410,mm,OK,--,4:09:10 PM,4/11/2026,
1032,192.5,gf,3.410,mm,OK,--,4:09:10 PM,4/11/2026,
1033,192.5,gf,3.410,mm,OK,--,4:09:10 PM,4/11/2026,
1034,192.5,gf,3.410,mm,OK,--,4:09:10 PM,4/11/2026,
1035,192.3,gf,3.410,mm,OK,--,4:09:11 PM,4/11/2026,
1036,192.2,gf,3.410,mm,OK,--,4:09:11 PM,4/11/2026,
1037,192.0,gf,3.410,mm,OK,--,4:09:11 PM,4/11/2026,
1038,191.8,gf,3.410,mm,OK,--,4:09:11 PM,4/11/2026,
1039,191.6,gf,3.410,mm,OK,--,4:09:11 PM,4/11/2026,
1040,191.3,gf,3.410,mm,OK,--,4:09:11 PM,4/11/2026,
1041,191.3,gf,3.410,mm,OK,--,4:09:11 PM,4/11/2026,
1042,191.1,gf,3.410,mm,OK,--,4:09:11 PM,4/11/2026,
1043,191.1,gf,3.410,mm,OK,--,4:09:11 PM,4/11/2026,
1044,190.8,gf,3.410,mm,OK,--,4:09:11 PM,4/11/2026,
1045,189.6,gf,3.410,mm,OK,--,4:09:12 PM,4/11/2026,
1046,187.9,gf,3.410,mm,OK,--,4:09:12 PM,4/11/2026,
1047,186.2,gf,3.405,mm,OK,--,4:09:12 PM,4/11/2026,
1048,185.0,gf,3.405,mm,OK,--,4:09:12 PM,4/11/2026,
1049,184.2,gf,3.405,mm,OK,--,4:09:12 PM,4/11/2026,
1050,183.9,gf,3.405,mm,OK,--,4:09:12 PM,4/11/2026,
1051,183.4,gf,3.405,mm,OK,--,4:09:12 PM,4/11/2026,
1052,182.9,gf,3.405,mm,OK,--,4:09:12 PM,4/11/2026,
1053,182.5,gf,3.405,mm,OK,--,4:09:12 PM,4/11/2026,
1054,182.1,gf,3.405,mm,OK,--,4:09:12 PM,4/11/2026,
1055,181.8,gf,3.405,mm,OK,--,4:09:13 PM,4/11/2026,
1056,181.5,gf,3.400,mm,OK,--,4:09:13 PM,4/11/2026,
1057,181.2,gf,3.400,mm,OK,--,4:09:13 PM,4/11/2026,
1058,180.9,gf,3.400,mm,OK,--,4:09:13 PM,4/11/2026,
1059,180.2,gf,3.400,mm,OK,--,4:09:13 PM,4/11/2026,
1060,178.9,gf,3.400,mm,OK,--,4:09:13 PM,4/11/2026,
1061,177.9,gf,3.400,mm,OK,--,4:09:13 PM,4/11/2026,
1062,177.1,gf,3.400,mm,OK,--,4:09:13 PM,4/11/2026,
1063,176.4,gf,3.400,mm,OK,--,4:09:13 PM,4/11/2026,
1064,176.0,gf,3.400,mm,OK,--,4:09:13 PM,4/11/2026,
1065,175.7,gf,3.395,mm,OK,--,4:09:14 PM,4/11/2026,
1066,175.6,gf,3.395,mm,OK,--,4:09:14 PM,4/11/2026,
1067,175.4,gf,3.395,mm,OK,--,4:09:14 PM,4/11/2026,
1068,175.0,gf,3.395,mm,OK,--,4:09:14 PM,4/11/2026,
1069,174.2,gf,3.395,mm,OK,--,4:09:14 PM,4/11/2026,
1070,172.9,gf,3.395,mm,OK,--,4:09:14 PM,4/11/2026,
1071,171.7,gf,3.395,mm,OK,--,4:09:14 PM,4/11/2026,
1072,170.5,gf,3.390,mm,OK,--,4:09:14 PM,4/11/2026,
1073,169.7,gf,3.390,mm,OK,--,4:09:14 PM,4/11/2026,
1074,169.3,gf,3.390,mm,OK,--,4:09:14 PM,4/11/2026,
1075,169.0,gf,3.390,mm,OK,--,4:09:15 PM,4/11/2026,
1076,168.7,gf,3.390,mm,OK,--,4:09:15 PM,4/11/2026,
1077,168.5,gf,3.390,mm,OK,--,4:09:15 PM,4/11/2026,
1078,168.2,gf,3.390,mm,OK,--,4:09:15 PM,4/11/2026,
1079,167.7,gf,3.390,mm,OK,--,4:09:15 PM,4/11/2026,
1080,167.4,gf,3.390,mm,OK,--,4:09:15 PM,4/11/2026,
1081,167.1,gf,3.390,mm,OK,--,4:09:15 PM,4/11/2026,
1082,166.8,gf,3.390,mm,OK,--,4:09:15 PM,4/11/2026,
1083,166.5,gf,3.390,mm,OK,--,4:09:15 PM,4/11/2026,
1084,166.3,gf,3.390,mm,OK,--,4:09:15 PM,4/11/2026,
1085,166.2,gf,3.390,mm,OK,--,4:09:16 PM,4/11/2026,
1086,166.1,gf,3.390,mm,OK,--,4:09:16 PM,4/11/2026,
1087,166.0,gf,3.390,mm,OK,--,4:09:16 PM,4/11/2026,
1088,165.6,gf,3.390,mm,OK,--,4:09:16 PM,4/11/2026,
1089,165.2,gf,3.390,mm,OK,--,4:09:16 PM,4/11/2026,
1090,164.8,gf,3.385,mm,OK,--,4:09:16 PM,4/11/2026,
1091,164.6,gf,3.385,mm,OK,--,4:09:16 PM,4/11/2026,
1092,164.3,gf,3.385,mm,OK,--,4:09:16 PM,4/11/2026,
1093,164.1,gf,3.385,mm,OK,--,4:09:16 PM,4/11/2026,
1094,163.3,gf,3.385,mm,OK,--,4:09:16 PM,4/11/2026,
1095,162.5,gf,3.385,mm,OK,--,4:09:17 PM,4/11/2026,
1096,161.8,gf,3.385,mm,OK,--,4:09:17 PM,4/11/2026,
1097,161.3,gf,3.385,mm,OK,--,4:09:17 PM,4/11/2026,
1098,160.8,gf,3.385,mm,OK,--,4:09:17 PM,4/11/2026,
1099,160.4,gf,3.385,mm,OK,--,4:09:17 PM,4/11/2026,
1100,159.9,gf,3.385,mm,OK,--,4:09:17 PM,4/11/2026,
1101,159.5,gf,3.385,mm,OK,--,4:09:17 PM,4/11/2026,
1102,159.2,gf,3.380,mm,OK,--,4:09:17 PM,4/11/2026,
1103,158.9,gf,3.380,mm,OK,--,4:09:17 PM,4/11/2026,
1104,158.6,gf,3.380,mm,OK,--,4:09:17 PM,4/11/2026,
1105,158.4,gf,3.380,mm,OK,--,4:09:18 PM,4/11/2026,
1106,158.1,gf,3.380,mm,OK,--,4:09:18 PM,4/11/2026,
1107,157.8,gf,3.380,mm,OK,--,4:09:18 PM,4/11/2026,
1108,157.5,gf,3.380,mm,OK,--,4:09:18 PM,4/11/2026,
1109,157.2,gf,3.380,mm,OK,--,4:09:18 PM,4/11/2026,
1110,156.9,gf,3.380,mm,OK,--,4:09:18 PM,4/11/2026,
1111,156.4,gf,3.380,mm,OK,--,4:09:18 PM,4/11/2026,
1112,156.0,gf,3.380,mm,OK,--,4:09:18 PM,4/11/2026,
1113,155.5,gf,3.380,mm,OK,--,4:09:18 PM,4/11/2026,
1114,155.0,gf,3.380,mm,OK,--,4:09:18 PM,4/11/2026,
1115,154.6,gf,3.380,mm,OK,--,4:09:19 PM,4/11/2026,
1116,154.3,gf,3.380,mm,OK,--,4:09:19 PM,4/11/2026,
1117,153.8,gf,3.375,mm,OK,--,4:09:19 PM,4/11/2026,
1118,153.2,gf,3.375,mm,OK,--,4:09:19 PM,4/11/2026,
1119,152.6,gf,3.375,mm,OK,--,4:09:19 PM,4/11/2026,
1120,152.1,gf,3.375,mm,OK,--,4:09:19 PM,4/11/2026,
1121,151.3,gf,3.375,mm,OK,--,4:09:19 PM,4/11/2026,
1122,150.4,gf,3.375,mm,OK,--,4:09:19 PM,4/11/2026,
1123,149.7,gf,3.375,mm,OK,--,4:09:19 PM,4/11/2026,
1124,149.0,gf,3.375,mm,OK,--,4:09:19 PM,4/11/2026,
1125,148.0,gf,3.370,mm,OK,--,4:09:20 PM,4/11/2026,
1126,146.9,gf,3.370,mm,OK,--,4:09:20 PM,4/11/2026,
1127,145.6,gf,3.370,mm,OK,--,4:09:20 PM,4/11/2026,
1128,144.5,gf,3.370,mm,OK,--,4:09:20 PM,4/11/2026,
1129,143.8,gf,3.370,mm,OK,--,4:09:20 PM,4/11/2026,
1130,143.3,gf,3.370,mm,OK,--,4:09:20 PM,4/11/2026,
1131,142.6,gf,3.365,mm,OK,--,4:09:20 PM,4/11/2026,
1132,141.2,gf,3.365,mm,OK,--,4:09:20 PM,4/11/2026,
1133,138.7,gf,3.365,mm,OK,--,4:09:20 PM,4/11/2026,
1134,137.1,gf,3.360,mm,OK,--,4:09:20 PM,4/11/2026,
1135,135.5,gf,3.360,mm,OK,--,4:09:21 PM,4/11/2026,
1136,133.9,gf,3.360,mm,OK,--,4:09:21 PM,4/11/2026,
1137,132.3,gf,3.355,mm,OK,--,4:09:21 PM,4/11/2026,
1138,130.7,gf,3.355,mm,OK,--,4:09:21 PM,4/11/2026,
1139,129.0,gf,3.355,mm,OK,--,4:09:21 PM,4/11/2026,
1140,127.3,gf,3.350,mm,OK,--,4:09:21 PM,4/11/2026,
1141,125.6,gf,3.350,mm,OK,--,4:09:21 PM,4/11/2026,
1142,124.0,gf,3.350,mm,OK,--,4:09:21 PM,4/11/2026,
1143,122.6,gf,3.350,mm,OK,--,4:09:21 PM,4/11/2026,
1144,121.1,gf,3.345,mm,OK,--,4:09:21 PM,4/11/2026,
1145,119.1,gf,3.345,mm,OK,--,4:09:22 PM,4/11/2026,
1146,117.3,gf,3.345,mm,OK,--,4:09:22 PM,4/11/2026,
1147,115.4,gf,3.340,mm,OK,--,4:09:22 PM,4/11/2026,
1148,113.9,gf,3.340,mm,OK,--,4:09:22 PM,4/11/2026,
1149,112.7,gf,3.340,mm,OK,--,4:09:22 PM,4/11/2026,
1150,111.4,gf,3.335,mm,OK,--,4:09:22 PM,4/11/2026,
1151,110.1,gf,3.335,mm,OK,--,4:09:22 PM,4/11/2026,
1152,109.0,gf,3.335,mm,OK,--,4:09:22 PM,4/11/2026,
1153,107.6,gf,3.335,mm,OK,--,4:09:22 PM,4/11/2026,
1154,105.9,gf,3.330,mm,OK,--,4:09:22 PM,4/11/2026,
1155,104.4,gf,3.330,mm,OK,--,4:09:23 PM,4/11/2026,
1156,102.9,gf,3.330,mm,OK,--,4:09:23 PM,4/11/2026,
1157,101.4,gf,3.325,mm,OK,--,4:09:23 PM,4/11/2026,
1158,99.9,gf,3.325,mm,OK,--,4:09:23 PM,4/11/2026,
1159,98.3,gf,3.325,mm,OK,--,4:09:23 PM,4/11/2026,
1160,96.5,gf,3.320,mm,OK,--,4:09:23 PM,4/11/2026,
1161,94.9,gf,3.320,mm,OK,--,4:09:23 PM,4/11/2026,
1162,93.1,gf,3.320,mm,OK,--,4:09:23 PM,4/11/2026,
1163,91.6,gf,3.315,mm,OK,--,4:09:23 PM,4/11/2026,
1164,90.4,gf,3.315,mm,OK,--,4:09:23 PM,4/11/2026,
1165,89.4,gf,3.315,mm,OK,--,4:09:24 PM,4/11/2026,
1166,88.5,gf,3.315,mm,OK,--,4:09:24 PM,4/11/2026,
1167,87.7,gf,3.315,mm,OK,--,4:09:24 PM,4/11/2026,
1168,87.1,gf,3.310,mm,OK,--,4:09:24 PM,4/11/2026,
1169,86.5,gf,3.310,mm,OK,--,4:09:24 PM,4/11/2026,
1170,86.0,gf,3.310,mm,OK,--,4:09:24 PM,4/11/2026,
1171,85.6,gf,3.310,mm,OK,--,4:09:24 PM,4/11/2026,
1172,85.0,gf,3.310,mm,OK,--,4:09:24 PM,4/11/2026,
1173,84.5,gf,3.310,mm,OK,--,4:09:24 PM,4/11/2026,
1174,83.8,gf,3.310,mm,OK,--,4:09:24 PM,4/11/2026,
1175,83.1,gf,3.310,mm,OK,--,4:09:25 PM,4/11/2026,
1176,82.2,gf,3.305,mm,OK,--,4:09:25 PM,4/11/2026,
1177,81.4,gf,3.305,mm,OK,--,4:09:25 PM,4/11/2026,
1178,80.7,gf,3.305,mm,OK,--,4:09:25 PM,4/11/2026,
1179,80.0,gf,3.305,mm,OK,--,4:09:25 PM,4/11/2026,
1180,79.3,gf,3.305,mm,OK,--,4:09:25 PM,4/11/2026,
1181,78.8,gf,3.305,mm,OK,--,4:09:25 PM,4/11/2026,
1182,78.2,gf,3.305,mm,OK,--,4:09:25 PM,4/11/2026,
1183,77.7,gf,3.300,mm,OK,--,4:09:25 PM,4/11/2026,
1184,77.2,gf,3.300,mm,OK,--,4:09:25 PM,4/11/2026,
1185,76.7,gf,3.300,mm,OK,--,4:09:26 PM,4/11/2026,
1186,75.9,gf,3.300,mm,OK,--,4:09:26 PM,4/11/2026,
1187,75.1,gf,3.300,mm,OK,--,4:09:26 PM,4/11/2026,
1188,74.1,gf,3.300,mm,OK,--,4:09:26 PM,4/11/2026,
1189,73.2,gf,3.300,mm,OK,--,4:09:26 PM,4/11/2026,
1190,72.0,gf,3.295,mm,OK,--,4:09:26 PM,4/11/2026,
1191,71.0,gf,3.295,mm,OK,--,4:09:26 PM,4/11/2026,
1192,70.1,gf,3.295,mm,OK,--,4:09:26 PM,4/11/2026,
1193,69.2,gf,3.295,mm,OK,--,4:09:26 PM,4/11/2026,
1194,68.2,gf,3.290,mm,OK,--,4:09:26 PM,4/11/2026,
1195,67.2,gf,3.290,mm,OK,--,4:09:27 PM,4/11/2026,
1196,66.1,gf,3.290,mm,OK,--,4:09:27 PM,4/11/2026,
1197,65.1,gf,3.290,mm,OK,--,4:09:27 PM,4/11/2026,
1198,64.1,gf,3.290,mm,OK,--,4:09:27 PM,4/11/2026,
1199,63.0,gf,3.285,mm,OK,--,4:09:27 PM,4/11/2026,
1200,62.1,gf,3.285,mm,OK,--,4:09:27 PM,4/11/2026,
1201,61.1,gf,3.285,mm,OK,--,4:09:27 PM,4/11/2026,
1202,59.9,gf,3.285,mm,OK,--,4:09:27 PM,4/11/2026,
1203,58.8,gf,3.280,mm,OK,--,4:09:27 PM,4/11/2026,
1204,57.8,gf,3.280,mm,OK,--,4:09:27 PM,4/11/2026,
1205,56.8,gf,3.280,mm,OK,--,4:09:28 PM,4/11/2026,
1206,55.6,gf,3.280,mm,OK,--,4:09:28 PM,4/11/2026,
1207,54.8,gf,3.275,mm,OK,--,4:09:28 PM,4/11/2026,
1208,54.0,gf,3.275,mm,OK,--,4:09:28 PM,4/11/2026,
1209,53.1,gf,3.275,mm,OK,--,4:09:28 PM,4/11/2026,
1210,52.4,gf,3.275,mm,OK,--,4:09:28 PM,4/11/2026,
1211,51.3,gf,3.275,mm,OK,--,4:09:28 PM,4/11/2026,
1212,49.4,gf,3.270,mm,OK,--,4:09:28 PM,4/11/2026,
1213,47.1,gf,3.270,mm,OK,--,4:09:28 PM,4/11/2026,
1214,44.9,gf,3.265,mm,OK,--,4:09:28 PM,4/11/2026,
1215,43.3,gf,3.265,mm,OK,--,4:09:29 PM,4/11/2026,
1216,41.7,gf,3.260,mm,OK,--,4:09:29 PM,4/11/2026,
1217,40.5,gf,3.260,mm,OK,--,4:09:29 PM,4/11/2026,
1218,39.7,gf,3.260,mm,OK,--,4:09:29 PM,4/11/2026,
1219,38.9,gf,3.260,mm,OK,--,4:09:29 PM,4/11/2026,
1220,38.2,gf,3.255,mm,OK,--,4:09:29 PM,4/11/2026,
1221,37.5,gf,3.255,mm,OK,--,4:09:29 PM,4/11/2026,
1222,37.1,gf,3.255,mm,OK,--,4:09:29 PM,4/11/2026,
1223,36.9,gf,3.255,mm,OK,--,4:09:29 PM,4/11/2026,
1224,36.4,gf,3.255,mm,OK,--,4:09:29 PM,4/11/2026,
1225,35.6,gf,3.255,mm,OK,--,4:09:30 PM,4/11/2026,
1226,34.6,gf,3.250,mm,OK,--,4:09:30 PM,4/11/2026,
1227,32.9,gf,3.250,mm,OK,--,4:09:30 PM,4/11/2026,
1228,31.4,gf,3.250,mm,OK,--,4:09:30 PM,4/11/2026,
1229,30.2,gf,3.245,mm,OK,--,4:09:30 PM,4/11/2026,
1230,28.9,gf,3.245,mm,OK,--,4:09:30 PM,4/11/2026,
1231,27.9,gf,3.245,mm,OK,--,4:09:30 PM,4/11/2026,
1232,27.2,gf,3.245,mm,OK,--,4:09:30 PM,4/11/2026,
1233,26.6,gf,3.240,mm,OK,--,4:09:30 PM,4/11/2026,
1234,25.8,gf,3.240,mm,OK,--,4:09:30 PM,4/11/2026,
1235,24.9,gf,3.240,mm,OK,--,4:09:31 PM,4/11/2026,
1236,24.2,gf,3.240,mm,OK,--,4:09:31 PM,4/11/2026,
1237,23.3,gf,3.240,mm,OK,--,4:09:31 PM,4/11/2026,
1238,22.0,gf,3.235,mm,OK,--,4:09:31 PM,4/11/2026,
1239,19.9,gf,3.235,mm,OK,--,4:09:31 PM,4/11/2026,
1240,17.8,gf,3.230,mm,OK,--,4:09:31 PM,4/11/2026,
1241,16.6,gf,3.230,mm,OK,--,4:09:31 PM,4/11/2026,
1242,15.9,gf,3.225,mm,OK,--,4:09:31 PM,4/11/2026,
1243,15.4,gf,3.225,mm,OK,--,4:09:31 PM,4/11/2026,
1244,16.7,gf,3.220,mm,OK,--,4:09:31 PM,4/11/2026,
1245,19.1,gf,3.220,mm,OK,--,4:09:32 PM,4/11/2026,
1246,19.2,gf,3.215,mm,OK,--,4:09:32 PM,4/11/2026,
1247,19.0,gf,3.210,mm,OK,--,4:09:32 PM,4/11/2026,
1248,19.4,gf,3.205,mm,OK,--,4:09:32 PM,4/11/2026,
1249,19.9,gf,3.200,mm,OK,--,4:09:32 PM,4/11/2026,
1250,20.6,gf,3.195,mm,OK,--,4:09:32 PM,4/11/2026,
1251,20.8,gf,3.190,mm,OK,--,4:09:32 PM,4/11/2026,
1252,21.4,gf,3.180,mm,OK,--,4:09:32 PM,4/11/2026,
1253,21.4,gf,3.175,mm,OK,--,4:09:32 PM,4/11/2026,
1254,21.9,gf,3.170,mm,OK,--,4:09:32 PM,4/11/2026,
1255,22.2,gf,3.165,mm,OK,--,4:09:33 PM,4/11/2026,
1256,22.3,gf,3.160,mm,OK,--,4:09:33 PM,4/11/2026,
1257,22.3,gf,3.155,mm,OK,--,4:09:33 PM,4/11/2026,
1258,22.9,gf,3.150,mm,OK,--,4:09:33 PM,4/11/2026,
1259,23.1,gf,3.145,mm,OK,--,4:09:33 PM,4/11/2026,
1260,23.1,gf,3.140,mm,OK,--,4:09:33 PM,4/11/2026,
1261,22.9,gf,3.140,mm,OK,--,4:09:33 PM,4/11/2026,
1262,22.7,gf,3.135,mm,OK,--,4:09:33 PM,4/11/2026,
1263,22.5,gf,3.130,mm,OK,--,4:09:33 PM,4/11/2026,
1264,22.4,gf,3.125,mm,OK,--,4:09:33 PM,4/11/2026,
1265,22.6,gf,3.120,mm,OK,--,4:09:34 PM,4/11/2026,
1266,22.7,gf,3.120,mm,OK,--,4:09:34 PM,4/11/2026,
1267,22.5,gf,3.115,mm,OK,--,4:09:34 PM,4/11/2026,
1268,22.5,gf,3.110,mm,OK,--,4:09:34 PM,4/11/2026,
1269,23.0,gf,3.105,mm,OK,--,4:09:34 PM,4/11/2026,
1270,23.0,gf,3.100,mm,OK,--,4:09:34 PM,4/11/2026,
1271,22.7,gf,3.095,mm,OK,--,4:09:34 PM,4/11/2026,
1272,22.7,gf,3.090,mm,OK,--,4:09:34 PM,4/11/2026,
1273,22.6,gf,3.080,mm,OK,--,4:09:34 PM,4/11/2026,
1274,22.9,gf,3.075,mm,OK,--,4:09:34 PM,4/11/2026,
1275,23.2,gf,3.070,mm,OK,--,4:09:35 PM,4/11/2026,
1276,22.9,gf,3.065,mm,OK,--,4:09:35 PM,4/11/2026,
1277,22.6,gf,3.060,mm,OK,--,4:09:35 PM,4/11/2026,
1278,22.4,gf,3.055,mm,OK,--,4:09:35 PM,4/11/2026,
1279,22.1,gf,3.050,mm,OK,--,4:09:35 PM,4/11/2026,
1280,22.1,gf,3.045,mm,OK,--,4:09:35 PM,4/11/2026,
1281,22.6,gf,3.035,mm,OK,--,4:09:35 PM,4/11/2026,
1282,22.6,gf,3.030,mm,OK,--,4:09:35 PM,4/11/2026,
1283,22.9,gf,3.025,mm,OK,--,4:09:35 PM,4/11/2026,
1284,22.6,gf,3.020,mm,OK,--,4:09:35 PM,4/11/2026,
1285,22.4,gf,3.015,mm,OK,--,4:09:36 PM,4/11/2026,
1286,22.4,gf,3.010,mm,OK,--,4:09:36 PM,4/11/2026,
1287,22.4,gf,3.005,mm,OK,--,4:09:36 PM,4/11/2026,
1288,22.2,gf,3.000,mm,OK,--,4:09:36 PM,4/11/2026,
1289,21.8,gf,2.990,mm,OK,--,4:09:36 PM,4/11/2026,
1290,21.7,gf,2.985,mm,OK,--,4:09:36 PM,4/11/2026,
1291,22.2,gf,2.975,mm,OK,--,4:09:36 PM,4/11/2026,
1292,22.3,gf,2.965,mm,OK,--,4:09:36 PM,4/11/2026,
1293,22.2,gf,2.955,mm,OK,--,4:09:36 PM,4/11/2026,
1294,21.9,gf,2.945,mm,OK,--,4:09:36 PM,4/11/2026,
1295,22.3,gf,2.930,mm,OK,--,4:09:37 PM,4/11/2026,
1296,22.8,gf,2.915,mm,OK,--,4:09:37 PM,4/11/2026,
1297,22.7,gf,2.905,mm,OK,--,4:09:37 PM,4/11/2026,
1298,22.4,gf,2.895,mm,OK,--,4:09:37 PM,4/11/2026,
1299,21.8,gf,2.890,mm,OK,--,4:09:37 PM,4/11/2026,
1300,20.9,gf,2.875,mm,OK,--,4:09:37 PM,4/11/2026,
1301,21.6,gf,2.860,mm,OK,--,4:09:37 PM,4/11/2026,
1302,21.2,gf,2.850,mm,OK,--,4:09:37 PM,4/11/2026,
1303,21.2,gf,2.835,mm,OK,--,4:09:37 PM,4/11/2026,
1304,20.7,gf,2.820,mm,OK,--,4:09:37 PM,4/11/2026,
1305,21.2,gf,2.805,mm,OK,--,4:09:38 PM,4/11/2026,
1306,21.0,gf,2.790,mm,OK,--,4:09:38 PM,4/11/2026,
1307,20.8,gf,2.775,mm,OK,--,4:09:38 PM,4/11/2026,
1308,21.2,gf,2.765,mm,OK,--,4:09:38 PM,4/11/2026,
1309,21.1,gf,2.755,mm,OK,--,4:09:38 PM,4/11/2026,
1310,20.9,gf,2.750,mm,OK,--,4:09:38 PM,4/11/2026,
1311,20.3,gf,2.740,mm,OK,--,4:09:38 PM,4/11/2026,
1312,20.3,gf,2.735,mm,OK,--,4:09:38 PM,4/11/2026,
1313,20.1,gf,2.730,mm,OK,--,4:09:38 PM,4/11/2026,
1314,19.8,gf,2.720,mm,OK,--,4:09:38 PM,4/11/2026,
1315,19.8,gf,2.710,mm,OK,--,4:09:39 PM,4/11/2026,
1316,20.4,gf,2.695,mm,OK,--,4:09:39 PM,4/11/2026,
1317,20.4,gf,2.685,mm,OK,--,4:09:39 PM,4/11/2026,
1318,20.2,gf,2.675,mm,OK,--,4:09:39 PM,4/11/2026,
1319,20.3,gf,2.665,mm,OK,--,4:09:39 PM,4/11/2026,
1320,19.8,gf,2.650,mm,OK,--,4:09:39 PM,4/11/2026,
1321,20.3,gf,2.640,mm,OK,--,4:09:39 PM,4/11/2026,
1322,20.6,gf,2.625,mm,OK,--,4:09:39 PM,4/11/2026,
1323,20.2,gf,2.615,mm,OK,--,4:09:39 PM,4/11/2026,
1324,20.1,gf,2.605,mm,OK,--,4:09:39 PM,4/11/2026,
1325,20.4,gf,2.590,mm,OK,--,4:09:40 PM,4/11/2026,
1326,20.5,gf,2.585,mm,OK,--,4:09:40 PM,4/11/2026,
1327,20.1,gf,2.580,mm,OK,--,4:09:40 PM,4/11/2026,
1328,20.0,gf,2.570,mm,OK,--,4:09:40 PM,4/11/2026,
1329,20.3,gf,2.565,mm,OK,--,4:09:40 PM,4/11/2026,
1330,19.9,gf,2.560,mm,OK,--,4:09:40 PM,4/11/2026,
1331,20.0,gf,2.555,mm,OK,--,4:09:40 PM,4/11/2026,
1332,19.7,gf,2.550,mm,OK,--,4:09:40 PM,4/11/2026,
1333,19.5,gf,2.540,mm,OK,--,4:09:40 PM,4/11/2026,
1334,19.6,gf,2.535,mm,OK,--,4:09:40 PM,4/11/2026,
1335,19.3,gf,2.530,mm,OK,--,4:09:41 PM,4/11/2026,
1336,19.4,gf,2.525,mm,OK,--,4:09:41 PM,4/11/2026,
1337,19.8,gf,2.515,mm,OK,--,4:09:41 PM,4/11/2026,
1338,19.5,gf,2.510,mm,OK,--,4:09:41 PM,4/11/2026,
1339,19.1,gf,2.500,mm,OK,--,4:09:41 PM,4/11/2026,
1340,19.8,gf,2.490,mm,OK,--,4:09:41 PM,4/11/2026,
1341,20.4,gf,2.480,mm,OK,--,4:09:41 PM,4/11/2026,
1342,20.1,gf,2.470,mm,OK,--,4:09:41 PM,4/11/2026,
1343,19.8,gf,2.465,mm,OK,--,4:09:41 PM,4/11/2026,
1344,19.7,gf,2.455,mm,OK,--,4:09:41 PM,4/11/2026,
1345,19.8,gf,2.450,mm,OK,--,4:09:42 PM,4/11/2026,
1346,19.9,gf,2.445,mm,OK,--,4:09:42 PM,4/11/2026,
1347,19.8,gf,2.435,mm,OK,--,4:09:42 PM,4/11/2026,
1348,19.5,gf,2.430,mm,OK,--,4:09:42 PM,4/11/2026,
1349,19.4,gf,2.420,mm,OK,--,4:09:42 PM,4/11/2026,
1350,19.9,gf,2.415,mm,OK,--,4:09:42 PM,4/11/2026,
1351,20.1,gf,2.410,mm,OK,--,4:09:42 PM,4/11/2026,
1352,19.9,gf,2.400,mm,OK,--,4:09:42 PM,4/11/2026,
1353,19.8,gf,2.395,mm,OK,--,4:09:42 PM,4/11/2026,
1354,19.8,gf,2.390,mm,OK,--,4:09:42 PM,4/11/2026,
1355,19.6,gf,2.380,mm,OK,--,4:09:43 PM,4/11/2026,
1356,19.3,gf,2.375,mm,OK,--,4:09:43 PM,4/11/2026,
1357,19.8,gf,2.365,mm,OK,--,4:09:43 PM,4/11/2026,
1358,19.6,gf,2.360,mm,OK,--,4:09:43 PM,4/11/2026,
1359,19.8,gf,2.350,mm,OK,--,4:09:43 PM,4/11/2026,
1360,20.0,gf,2.345,mm,OK,--,4:09:43 PM,4/11/2026,
1361,20.0,gf,2.340,mm,OK,--,4:09:43 PM,4/11/2026,
1362,19.9,gf,2.335,mm,OK,--,4:09:43 PM,4/11/2026,
1363,19.9,gf,2.325,mm,OK,--,4:09:43 PM,4/11/2026,
1364,20.0,gf,2.320,mm,OK,--,4:09:43 PM,4/11/2026,
1365,20.4,gf,2.315,mm,OK,--,4:09:44 PM,4/11/2026,
1366,20.2,gf,2.315,mm,OK,--,4:09:44 PM,4/11/2026,
1367,19.7,gf,2.310,mm,OK,--,4:09:44 PM,4/11/2026,
1368,19.2,gf,2.300,mm,OK,--,4:09:44 PM,4/11/2026,
1369,20.5,gf,2.295,mm,OK,--,4:09:44 PM,4/11/2026,
1370,20.4,gf,2.290,mm,OK,--,4:09:44 PM,4/11/2026,
1371,19.9,gf,2.285,mm,OK,--,4:09:44 PM,4/11/2026,
1372,20.1,gf,2.280,mm,OK,--,4:09:44 PM,4/11/2026,
1373,20.4,gf,2.280,mm,OK,--,4:09:44 PM,4/11/2026,
1374,20.2,gf,2.275,mm,OK,--,4:09:44 PM,4/11/2026,
1375,20.1,gf,2.275,mm,OK,--,4:09:45 PM,4/11/2026,
1376,19.8,gf,2.275,mm,OK,--,4:09:45 PM,4/11/2026,
1377,19.3,gf,2.270,mm,OK,--,4:09:45 PM,4/11/2026,
1378,19.1,gf,2.265,mm,OK,--,4:09:45 PM,4/11/2026,
1379,19.1,gf,2.265,mm,OK,--,4:09:45 PM,4/11/2026,
1380,19.4,gf,2.260,mm,OK,--,4:09:45 PM,4/11/2026,
1381,19.7,gf,2.260,mm,OK,--,4:09:45 PM,4/11/2026,
1382,19.8,gf,2.255,mm,OK,--,4:09:45 PM,4/11/2026,
1383,19.6,gf,2.255,mm,OK,--,4:09:45 PM,4/11/2026,
1384,18.9,gf,2.250,mm,OK,--,4:09:45 PM,4/11/2026,
1385,18.7,gf,2.245,mm,OK,--,4:09:46 PM,4/11/2026,
1386,19.3,gf,2.245,mm,OK,--,4:09:46 PM,4/11/2026,
1387,19.5,gf,2.240,mm,OK,--,4:09:46 PM,4/11/2026,
1388,19.5,gf,2.240,mm,OK,--,4:09:46 PM,4/11/2026,
1389,19.6,gf,2.235,mm,OK,--,4:09:46 PM,4/11/2026,
1390,19.7,gf,2.235,mm,OK,--,4:09:46 PM,4/11/2026,
1391,19.4,gf,2.230,mm,OK,--,4:09:46 PM,4/11/2026,
1392,18.7,gf,2.225,mm,OK,--,4:09:46 PM,4/11/2026,
1393,18.6,gf,2.225,mm,OK,--,4:09:46 PM,4/11/2026,
1394,18.7,gf,2.215,mm,OK,--,4:09:46 PM,4/11/2026,
1395,19.1,gf,2.210,mm,OK,--,4:09:47 PM,4/11/2026,
1396,19.1,gf,2.200,mm,OK,--,4:09:47 PM,4/11/2026,
1397,19.9,gf,2.195,mm,OK,--,4:09:47 PM,4/11/2026,
1398,19.7,gf,2.185,mm,OK,--,4:09:47 PM,4/11/2026,
1399,20.1,gf,2.175,mm,OK,--,4:09:47 PM,4/11/2026,
1400,20.2,gf,2.165,mm,OK,--,4:09:47 PM,4/11/2026,
1401,20.2,gf,2.155,mm,OK,--,4:09:47 PM,4/11/2026,
1402,20.6,gf,2.145,mm,OK,--,4:09:47 PM,4/11/2026,
1403,20.0,gf,2.135,mm,OK,--,4:09:47 PM,4/11/2026,
1404,21.2,gf,2.125,mm,OK,--,4:09:47 PM,4/11/2026,
1405,21.1,gf,2.115,mm,OK,--,4:09:48 PM,4/11/2026,
1406,20.5,gf,2.110,mm,OK,--,4:09:48 PM,4/11/2026,
1407,20.6,gf,2.100,mm,OK,--,4:09:48 PM,4/11/2026,
1408,20.8,gf,2.095,mm,OK,--,4:09:48 PM,4/11/2026,
1409,20.4,gf,2.090,mm,OK,--,4:09:48 PM,4/11/2026,
1410,20.3,gf,2.080,mm,OK,--,4:09:48 PM,4/11/2026,
1411,20.7,gf,2.075,mm,OK,--,4:09:48 PM,4/11/2026,
1412,20.4,gf,2.065,mm,OK,--,4:09:48 PM,4/11/2026,
1413,20.0,gf,2.055,mm,OK,--,4:09:48 PM,4/11/2026,
1414,21.0,gf,2.035,mm,OK,--,4:09:48 PM,4/11/2026,
1415,21.8,gf,2.020,mm,OK,--,4:09:49 PM,4/11/2026,
1416,22.2,gf,2.015,mm,OK,--,4:09:49 PM,4/11/2026,
1417,21.8,gf,2.010,mm,OK,--,4:09:49 PM,4/11/2026,
1418,21.3,gf,2.000,mm,OK,--,4:09:49 PM,4/11/2026,
1419,21.8,gf,1.995,mm,OK,--,4:09:49 PM,4/11/2026,
1420,21.8,gf,1.990,mm,OK,--,4:09:49 PM,4/11/2026,
1421,21.4,gf,1.985,mm,OK,--,4:09:49 PM,4/11/2026,
1422,21.4,gf,1.985,mm,OK,--,4:09:49 PM,4/11/2026,
1423,21.0,gf,1.980,mm,OK,--,4:09:49 PM,4/11/2026,
1424,21.4,gf,1.975,mm,OK,--,4:09:49 PM,4/11/2026,
1425,21.7,gf,1.970,mm,OK,--,4:09:50 PM,4/11/2026,
1426,21.3,gf,1.965,mm,OK,--,4:09:50 PM,4/11/2026,
1427,21.0,gf,1.960,mm,OK,--,4:09:50 PM,4/11/2026,
1428,21.3,gf,1.955,mm,OK,--,4:09:50 PM,4/11/2026,
1429,21.3,gf,1.950,mm,OK,--,4:09:50 PM,4/11/2026,
1430,21.3,gf,1.945,mm,OK,--,4:09:50 PM,4/11/2026,
1431,21.3,gf,1.945,mm,OK,--,4:09:50 PM,4/11/2026,
1432,21.2,gf,1.940,mm,OK,--,4:09:50 PM,4/11/2026,
1433,21.2,gf,1.935,mm,OK,--,4:09:50 PM,4/11/2026,
1434,21.1,gf,1.930,mm,OK,--,4:09:50 PM,4/11/2026,
1435,21.0,gf,1.925,mm,OK,--,4:09:51 PM,4/11/2026,
1436,21.0,gf,1.915,mm,OK,--,4:09:51 PM,4/11/2026,
1437,21.5,gf,1.910,mm,OK,--,4:09:51 PM,4/11/2026,
1438,21.5,gf,1.905,mm,OK,--,4:09:51 PM,4/11/2026,
1439,21.6,gf,1.895,mm,OK,--,4:09:51 PM,4/11/2026,
1440,22.0,gf,1.885,mm,OK,--,4:09:51 PM,4/11/2026,
1441,22.3,gf,1.880,mm,OK,--,4:09:51 PM,4/11/2026,
1442,22.1,gf,1.875,mm,OK,--,4:09:51 PM,4/11/2026,
1443,21.5,gf,1.865,mm,OK,--,4:09:51 PM,4/11/2026,
1444,22.2,gf,1.855,mm,OK,--,4:09:51 PM,4/11/2026,
1445,22.5,gf,1.845,mm,OK,--,4:09:52 PM,4/11/2026,
1446,22.8,gf,1.840,mm,OK,--,4:09:52 PM,4/11/2026,
1447,23.0,gf,1.830,mm,OK,--,4:09:52 PM,4/11/2026,
1448,22.9,gf,1.825,mm,OK,--,4:09:52 PM,4/11/2026,
1449,22.9,gf,1.825,mm,OK,--,4:09:52 PM,4/11/2026,
1450,22.6,gf,1.820,mm,OK,--,4:09:52 PM,4/11/2026,
1451,22.4,gf,1.815,mm,OK,--,4:09:52 PM,4/11/2026,
1452,22.2,gf,1.810,mm,OK,--,4:09:52 PM,4/11/2026,
1453,22.6,gf,1.805,mm,OK,--,4:09:52 PM,4/11/2026,
1454,22.3,gf,1.805,mm,OK,--,4:09:52 PM,4/11/2026,
1455,22.3,gf,1.800,mm,OK,--,4:09:53 PM,4/11/2026,
1456,22.2,gf,1.795,mm,OK,--,4:09:53 PM,4/11/2026,
1457,22.4,gf,1.790,mm,OK,--,4:09:53 PM,4/11/2026,
1458,22.3,gf,1.785,mm,OK,--,4:09:53 PM,4/11/2026,
1459,22.6,gf,1.780,mm,OK,--,4:09:53 PM,4/11/2026,
1460,22.6,gf,1.780,mm,OK,--,4:09:53 PM,4/11/2026,
1461,22.4,gf,1.775,mm,OK,--,4:09:53 PM,4/11/2026,
1462,22.3,gf,1.770,mm,OK,--,4:09:53 PM,4/11/2026,
1463,22.4,gf,1.765,mm,OK,--,4:09:53 PM,4/11/2026,
1464,22.5,gf,1.760,mm,OK,--,4:09:53 PM,4/11/2026,
1465,22.9,gf,1.755,mm,OK,--,4:09:54 PM,4/11/2026,
1466,23.1,gf,1.750,mm,OK,--,4:09:54 PM,4/11/2026,
1467,22.6,gf,1.745,mm,OK,--,4:09:54 PM,4/11/2026,
1468,22.8,gf,1.740,mm,OK,--,4:09:54 PM,4/11/2026,
1469,22.6,gf,1.735,mm,OK,--,4:09:54 PM,4/11/2026,
1470,22.8,gf,1.730,mm,OK,--,4:09:54 PM,4/11/2026,
1471,23.2,gf,1.725,mm,OK,--,4:09:54 PM,4/11/2026,
1472,22.9,gf,1.720,mm,OK,--,4:09:54 PM,4/11/2026,
1473,22.9,gf,1.715,mm,OK,--,4:09:54 PM,4/11/2026,
1474,23.2,gf,1.715,mm,OK,--,4:09:54 PM,4/11/2026,
1475,23.0,gf,1.710,mm,OK,--,4:09:55 PM,4/11/2026,
1476,23.0,gf,1.705,mm,OK,--,4:09:55 PM,4/11/2026,
1477,22.7,gf,1.700,mm,OK,--,4:09:55 PM,4/11/2026,
1478,22.9,gf,1.695,mm,OK,--,4:09:55 PM,4/11/2026,
1479,23.0,gf,1.690,mm,OK,--,4:09:55 PM,4/11/2026,
1480,23.3,gf,1.685,mm,OK,--,4:09:55 PM,4/11/2026,
1481,23.8,gf,1.685,mm,OK,--,4:09:55 PM,4/11/2026,
1482,24.0,gf,1.680,mm,OK,--,4:09:55 PM,4/11/2026,
1483,23.9,gf,1.680,mm,OK,--,4:09:55 PM,4/11/2026,
1484,23.8,gf,1.680,mm,OK,--,4:09:55 PM,4/11/2026,
1485,23.8,gf,1.675,mm,OK,--,4:09:56 PM,4/11/2026,
1486,23.3,gf,1.675,mm,OK,--,4:09:56 PM,4/11/2026,
1487,23.3,gf,1.670,mm,OK,--,4:09:56 PM,4/11/2026,
1488,23.2,gf,1.670,mm,OK,--,4:09:56 PM,4/11/2026,
1489,22.9,gf,1.665,mm,OK,--,4:09:56 PM,4/11/2026,
1490,23.1,gf,1.665,mm,OK,--,4:09:56 PM,4/11/2026,
1491,22.8,gf,1.660,mm,OK,--,4:09:56 PM,4/11/2026,
1492,23.1,gf,1.655,mm,OK,--,4:09:56 PM,4/11/2026,
1493,23.3,gf,1.655,mm,OK,--,4:09:56 PM,4/11/2026,
1494,23.1,gf,1.650,mm,OK,--,4:09:56 PM,4/11/2026,
1495,22.9,gf,1.645,mm,OK,--,4:09:57 PM,4/11/2026,
1496,23.2,gf,1.640,mm,OK,--,4:09:57 PM,4/11/2026,
1497,23.6,gf,1.635,mm,OK,--,4:09:57 PM,4/11/2026,
1498,23.6,gf,1.630,mm,OK,--,4:09:57 PM,4/11/2026,
1499,23.8,gf,1.625,mm,OK,--,4:09:57 PM,4/11/2026,
1500,23.9,gf,1.620,mm,OK,--,4:09:57 PM,4/11/2026,
1501,24.2,gf,1.620,mm,OK,--,4:09:57 PM,4/11/2026,
1502,24.1,gf,1.615,mm,OK,--,4:09:57 PM,4/11/2026,
1503,23.8,gf,1.615,mm,OK,--,4:09:57 PM,4/11/2026,
1504,23.3,gf,1.610,mm,OK,--,4:09:57 PM,4/11/2026,
1505,23.4,gf,1.605,mm,OK,--,4:09:58 PM,4/11/2026,
1506,23.8,gf,1.600,mm,OK,--,4:09:58 PM,4/11/2026,
1507,24.0,gf,1.595,mm,OK,--,4:09:58 PM,4/11/2026,
1508,24.2,gf,1.590,mm,OK,--,4:09:58 PM,4/11/2026,
1509,24.3,gf,1.590,mm,OK,--,4:09:58 PM,4/11/2026,
1510,24.4,gf,1.585,mm,OK,--,4:09:58 PM,4/11/2026,
1511,24.1,gf,1.585,mm,OK,--,4:09:58 PM,4/11/2026,
1512,23.5,gf,1.580,mm,OK,--,4:09:58 PM,4/11/2026,
1513,23.4,gf,1.575,mm,OK,--,4:09:58 PM,4/11/2026,
1514,23.6,gf,1.575,mm,OK,--,4:09:58 PM,4/11/2026,
1515,23.9,gf,1.570,mm,OK,--,4:09:59 PM,4/11/2026,
1516,23.9,gf,1.565,mm,OK,--,4:09:59 PM,4/11/2026,
1517,24.0,gf,1.565,mm,OK,--,4:09:59 PM,4/11/2026,
1518,24.0,gf,1.560,mm,OK,--,4:09:59 PM,4/11/2026,
1519,23.9,gf,1.560,mm,OK,--,4:09:59 PM,4/11/2026,
1520,23.7,gf,1.555,mm,OK,--,4:09:59 PM,4/11/2026,
1521,23.2,gf,1.550,mm,OK,--,4:09:59 PM,4/11/2026,
1522,23.7,gf,1.550,mm,OK,--,4:09:59 PM,4/11/2026,
1523,23.9,gf,1.545,mm,OK,--,4:09:59 PM,4/11/2026,
1524,23.7,gf,1.545,mm,OK,--,4:09:59 PM,4/11/2026,
1525,23.9,gf,1.540,mm,OK,--,4:10:00 PM,4/11/2026,
1526,24.0,gf,1.540,mm,OK,--,4:10:00 PM,4/11/2026,
1527,23.9,gf,1.535,mm,OK,--,4:10:00 PM,4/11/2026,
1528,23.8,gf,1.535,mm,OK,--,4:10:00 PM,4/11/2026,
1529,23.4,gf,1.530,mm,OK,--,4:10:00 PM,4/11/2026,
1530,23.3,gf,1.530,mm,OK,--,4:10:00 PM,4/11/2026,
1531,23.5,gf,1.525,mm,OK,--,4:10:00 PM,4/11/2026,
1532,23.8,gf,1.520,mm,OK,--,4:10:00 PM,4/11/2026,
1533,23.8,gf,1.520,mm,OK,--,4:10:00 PM,4/11/2026,
1534,23.7,gf,1.515,mm,OK,--,4:10:00 PM,4/11/2026,
1535,23.5,gf,1.515,mm,OK,--,4:10:01 PM,4/11/2026,
1536,23.2,gf,1.510,mm,OK,--,4:10:01 PM,4/11/2026,
1537,23.0,gf,1.505,mm,OK,--,4:10:01 PM,4/11/2026,
1538,23.1,gf,1.495,mm,OK,--,4:10:01 PM,4/11/2026,
1539,23.7,gf,1.490,mm,OK,--,4:10:01 PM,4/11/2026,
1540,23.9,gf,1.480,mm,OK,--,4:10:01 PM,4/11/2026,
1541,23.9,gf,1.475,mm,OK,--,4:10:01 PM,4/11/2026,
1542,23.8,gf,1.470,mm,OK,--,4:10:01 PM,4/11/2026,
1543,23.9,gf,1.465,mm,OK,--,4:10:01 PM,4/11/2026,
1544,24.3,gf,1.460,mm,OK,--,4:10:01 PM,4/11/2026,
1545,24.1,gf,1.455,mm,OK,--,4:10:02 PM,4/11/2026,
1546,23.8,gf,1.450,mm,OK,--,4:10:02 PM,4/11/2026,
1547,23.8,gf,1.445,mm,OK,--,4:10:02 PM,4/11/2026,
1548,23.6,gf,1.440,mm,OK,--,4:10:02 PM,4/11/2026,
1549,24.2,gf,1.430,mm,OK,--,4:10:02 PM,4/11/2026,
1550,24.3,gf,1.425,mm,OK,--,4:10:02 PM,4/11/2026,
1551,24.4,gf,1.420,mm,OK,--,4:10:02 PM,4/11/2026,
1552,24.4,gf,1.420,mm,OK,--,4:10:02 PM,4/11/2026,
1553,24.0,gf,1.415,mm,OK,--,4:10:02 PM,4/11/2026,
1554,23.9,gf,1.410,mm,OK,--,4:10:02 PM,4/11/2026,
1555,24.1,gf,1.410,mm,OK,--,4:10:03 PM,4/11/2026,
1556,24.4,gf,1.405,mm,OK,--,4:10:03 PM,4/11/2026,
1557,24.4,gf,1.405,mm,OK,--,4:10:03 PM,4/11/2026,
1558,24.1,gf,1.400,mm,OK,--,4:10:03 PM,4/11/2026,
1559,24.3,gf,1.400,mm,OK,--,4:10:03 PM,4/11/2026,
1560,24.3,gf,1.395,mm,OK,--,4:10:03 PM,4/11/2026,
1561,24.1,gf,1.395,mm,OK,--,4:10:03 PM,4/11/2026,
1562,23.4,gf,1.390,mm,OK,--,4:10:03 PM,4/11/2026,
1563,23.4,gf,1.385,mm,OK,--,4:10:03 PM,4/11/2026,
1564,23.9,gf,1.380,mm,OK,--,4:10:03 PM,4/11/2026,
1565,23.8,gf,1.375,mm,OK,--,4:10:04 PM,4/11/2026,
1566,23.8,gf,1.370,mm,OK,--,4:10:04 PM,4/11/2026,
1567,24.0,gf,1.370,mm,OK,--,4:10:04 PM,4/11/2026,
1568,24.1,gf,1.365,mm,OK,--,4:10:04 PM,4/11/2026,
1569,24.0,gf,1.360,mm,OK,--,4:10:04 PM,4/11/2026,
1570,24.2,gf,1.360,mm,OK,--,4:10:04 PM,4/11/2026,
1571,23.7,gf,1.355,mm,OK,--,4:10:04 PM,4/11/2026,
1572,23.7,gf,1.350,mm,OK,--,4:10:04 PM,4/11/2026,
1573,24.0,gf,1.350,mm,OK,--,4:10:04 PM,4/11/2026,
1574,23.9,gf,1.345,mm,OK,--,4:10:04 PM,4/11/2026,
1575,24.0,gf,1.340,mm,OK,--,4:10:05 PM,4/11/2026,
1576,23.8,gf,1.340,mm,OK,--,4:10:05 PM,4/11/2026,
1577,23.7,gf,1.335,mm,OK,--,4:10:05 PM,4/11/2026,
1578,23.7,gf,1.330,mm,OK,--,4:10:05 PM,4/11/2026,
1579,23.5,gf,1.330,mm,OK,--,4:10:05 PM,4/11/2026,
1580,23.6,gf,1.325,mm,OK,--,4:10:05 PM,4/11/2026,
1581,24.0,gf,1.320,mm,OK,--,4:10:05 PM,4/11/2026,
1582,24.0,gf,1.320,mm,OK,--,4:10:05 PM,4/11/2026,
1583,24.0,gf,1.315,mm,OK,--,4:10:05 PM,4/11/2026,
1584,23.8,gf,1.315,mm,OK,--,4:10:05 PM,4/11/2026,
1585,23.9,gf,1.310,mm,OK,--,4:10:06 PM,4/11/2026,
1586,23.8,gf,1.310,mm,OK,--,4:10:06 PM,4/11/2026,
1587,23.5,gf,1.305,mm,OK,--,4:10:06 PM,4/11/2026,
1588,23.1,gf,1.300,mm,OK,--,4:10:06 PM,4/11/2026,
1589,23.6,gf,1.295,mm,OK,--,4:10:06 PM,4/11/2026,
1590,23.9,gf,1.290,mm,OK,--,4:10:06 PM,4/11/2026,
1591,24.1,gf,1.285,mm,OK,--,4:10:06 PM,4/11/2026,
1592,24.2,gf,1.280,mm,OK,--,4:10:06 PM,4/11/2026,
1593,24.3,gf,1.280,mm,OK,--,4:10:06 PM,4/11/2026,
1594,24.2,gf,1.275,mm,OK,--,4:10:06 PM,4/11/2026,
1595,24.0,gf,1.270,mm,OK,--,4:10:07 PM,4/11/2026,
1596,23.7,gf,1.265,mm,OK,--,4:10:07 PM,4/11/2026,
1597,23.8,gf,1.260,mm,OK,--,4:10:07 PM,4/11/2026,
1598,24.0,gf,1.260,mm,OK,--,4:10:07 PM,4/11/2026,
1599,23.9,gf,1.255,mm,OK,--,4:10:07 PM,4/11/2026,
1600,24.1,gf,1.250,mm,OK,--,4:10:07 PM,4/11/2026,
1601,24.1,gf,1.245,mm,OK,--,4:10:07 PM,4/11/2026,
1602,24.0,gf,1.240,mm,OK,--,4:10:07 PM,4/11/2026,
1603,23.8,gf,1.240,mm,OK,--,4:10:07 PM,4/11/2026,
1604,23.6,gf,1.235,mm,OK,--,4:10:07 PM,4/11/2026,
1605,23.8,gf,1.230,mm,OK,--,4:10:08 PM,4/11/2026,
1606,24.0,gf,1.225,mm,OK,--,4:10:08 PM,4/11/2026,
1607,23.9,gf,1.220,mm,OK,--,4:10:08 PM,4/11/2026,
1608,24.0,gf,1.215,mm,OK,--,4:10:08 PM,4/11/2026,
1609,24.1,gf,1.210,mm,OK,--,4:10:08 PM,4/11/2026,
1610,24.2,gf,1.210,mm,OK,--,4:10:08 PM,4/11/2026,
1611,24.2,gf,1.205,mm,OK,--,4:10:08 PM,4/11/2026,
1612,24.1,gf,1.205,mm,OK,--,4:10:08 PM,4/11/2026,
1613,23.9,gf,1.200,mm,OK,--,4:10:08 PM,4/11/2026,
1614,24.1,gf,1.195,mm,OK,--,4:10:08 PM,4/11/2026,
1615,24.2,gf,1.195,mm,OK,--,4:10:09 PM,4/11/2026,
1616,24.1,gf,1.190,mm,OK,--,4:10:09 PM,4/11/2026,
1617,24.3,gf,1.190,mm,OK,--,4:10:09 PM,4/11/2026,
1618,24.3,gf,1.185,mm,OK,--,4:10:09 PM,4/11/2026,
1619,24.4,gf,1.185,mm,OK,--,4:10:09 PM,4/11/2026,
1620,24.3,gf,1.180,mm,OK,--,4:10:09 PM,4/11/2026,
1621,24.0,gf,1.180,mm,OK,--,4:10:09 PM,4/11/2026,
1622,23.8,gf,1.175,mm,OK,--,4:10:09 PM,4/11/2026,
1623,24.0,gf,1.170,mm,OK,--,4:10:09 PM,4/11/2026,
1624,23.8,gf,1.165,mm,OK,--,4:10:09 PM,4/11/2026,
1625,23.9,gf,1.160,mm,OK,--,4:10:10 PM,4/11/2026,
1626,24.1,gf,1.160,mm,OK,--,4:10:10 PM,4/11/2026,
1627,24.3,gf,1.155,mm,OK,--,4:10:10 PM,4/11/2026,
1628,24.4,gf,1.150,mm,OK,--,4:10:10 PM,4/11/2026,
1629,24.2,gf,1.150,mm,OK,--,4:10:10 PM,4/11/2026,
1630,24.2,gf,1.145,mm,OK,--,4:10:10 PM,4/11/2026,
1631,24.3,gf,1.140,mm,OK,--,4:10:10 PM,4/11/2026,
1632,24.5,gf,1.135,mm,OK,--,4:10:10 PM,4/11/2026,
1633,24.7,gf,1.135,mm,OK,--,4:10:10 PM,4/11/2026,
1634,24.7,gf,1.130,mm,OK,--,4:10:10 PM,4/11/2026,
1635,24.7,gf,1.125,mm,OK,--,4:10:11 PM,4/11/2026,
1636,24.7,gf,1.125,mm,OK,--,4:10:11 PM,4/11/2026,
1637,24.5,gf,1.120,mm,OK,--,4:10:11 PM,4/11/2026,
1638,24.3,gf,1.115,mm,OK,--,4:10:11 PM,4/11/2026,
1639,24.4,gf,1.110,mm,OK,--,4:10:11 PM,4/11/2026,
1640,24.6,gf,1.105,mm,OK,--,4:10:11 PM,4/11/2026,
1641,24.3,gf,1.100,mm,OK,--,4:10:11 PM,4/11/2026,
1642,24.6,gf,1.090,mm,OK,--,4:10:11 PM,4/11/2026,
1643,24.9,gf,1.085,mm,OK,--,4:10:11 PM,4/11/2026,
1644,25.0,gf,1.075,mm,OK,--,4:10:11 PM,4/11/2026,
1645,25.4,gf,1.065,mm,OK,--,4:10:12 PM,4/11/2026,
1646,25.4,gf,1.060,mm,OK,--,4:10:12 PM,4/11/2026,
1647,25.5,gf,1.055,mm,OK,--,4:10:12 PM,4/11/2026,
1648,25.7,gf,1.050,mm,OK,--,4:10:12 PM,4/11/2026,
1649,25.8,gf,1.045,mm,OK,--,4:10:12 PM,4/11/2026,
1650,25.6,gf,1.040,mm,OK,--,4:10:12 PM,4/11/2026,
1651,25.5,gf,1.035,mm,OK,--,4:10:12 PM,4/11/2026,
1652,25.6,gf,1.035,mm,OK,--,4:10:12 PM,4/11/2026,
1653,25.6,gf,1.030,mm,OK,--,4:10:12 PM,4/11/2026,
1654,25.5,gf,1.025,mm,OK,--,4:10:12 PM,4/11/2026,
1655,25.5,gf,1.020,mm,OK,--,4:10:13 PM,4/11/2026,
1656,25.7,gf,1.015,mm,OK,--,4:10:13 PM,4/11/2026,
1657,25.9,gf,1.010,mm,OK,--,4:10:13 PM,4/11/2026,
1658,25.8,gf,1.005,mm,OK,--,4:10:13 PM,4/11/2026,
1659,25.8,gf,1.000,mm,OK,--,4:10:13 PM,4/11/2026,
1660,25.8,gf,0.995,mm,OK,--,4:10:13 PM,4/11/2026,
1661,25.6,gf,0.990,mm,OK,--,4:10:13 PM,4/11/2026,
1662,25.5,gf,0.985,mm,OK,--,4:10:13 PM,4/11/2026,
1663,25.6,gf,0.985,mm,OK,--,4:10:13 PM,4/11/2026,
1664,25.7,gf,0.980,mm,OK,--,4:10:13 PM,4/11/2026,
1665,25.6,gf,0.980,mm,OK,--,4:10:14 PM,4/11/2026,
1666,25.8,gf,0.975,mm,OK,--,4:10:14 PM,4/11/2026,
1667,25.6,gf,0.970,mm,OK,--,4:10:14 PM,4/11/2026,
1668,25.8,gf,0.965,mm,OK,--,4:10:14 PM,4/11/2026,
1669,25.8,gf,0.965,mm,OK,--,4:10:14 PM,4/11/2026,
1670,25.8,gf,0.960,mm,OK,--,4:10:14 PM,4/11/2026,
1671,25.7,gf,0.960,mm,OK,--,4:10:14 PM,4/11/2026,
1672,25.5,gf,0.955,mm,OK,--,4:10:14 PM,4/11/2026,
1673,26.0,gf,0.950,mm,OK,--,4:10:14 PM,4/11/2026,
1674,26.1,gf,0.945,mm,OK,--,4:10:14 PM,4/11/2026,
1675,25.9,gf,0.940,mm,OK,--,4:10:15 PM,4/11/2026,
1676,26.1,gf,0.940,mm,OK,--,4:10:15 PM,4/11/2026,
1677,26.2,gf,0.935,mm,OK,--,4:10:15 PM,4/11/2026,
1678,26.3,gf,0.930,mm,OK,--,4:10:15 PM,4/11/2026,
1679,26.4,gf,0.930,mm,OK,--,4:10:15 PM,4/11/2026,
1680,26.1,gf,0.930,mm,OK,--,4:10:15 PM,4/11/2026,
1681,25.9,gf,0.925,mm,OK,--,4:10:15 PM,4/11/2026,
1682,26.2,gf,0.920,mm,OK,--,4:10:15 PM,4/11/2026,
1683,26.1,gf,0.915,mm,OK,--,4:10:15 PM,4/11/2026,
1684,26.3,gf,0.905,mm,OK,--,4:10:15 PM,4/11/2026,
1685,26.6,gf,0.905,mm,OK,--,4:10:16 PM,4/11/2026,
1686,26.7,gf,0.900,mm,OK,--,4:10:16 PM,4/11/2026,
1687,26.5,gf,0.895,mm,OK,--,4:10:16 PM,4/11/2026,
1688,26.4,gf,0.895,mm,OK,--,4:10:16 PM,4/11/2026,
1689,26.2,gf,0.890,mm,OK,--,4:10:16 PM,4/11/2026,
1690,26.3,gf,0.885,mm,OK,--,4:10:16 PM,4/11/2026,
1691,26.6,gf,0.880,mm,OK,--,4:10:16 PM,4/11/2026,
1692,26.6,gf,0.875,mm,OK,--,4:10:16 PM,4/11/2026,
1693,26.6,gf,0.875,mm,OK,--,4:10:16 PM,4/11/2026,
1694,26.6,gf,0.870,mm,OK,--,4:10:16 PM,4/11/2026,
1695,26.7,gf,0.865,mm,OK,--,4:10:17 PM,4/11/2026,
1696,26.7,gf,0.860,mm,OK,--,4:10:17 PM,4/11/2026,
1697,26.6,gf,0.855,mm,OK,--,4:10:17 PM,4/11/2026,
1698,26.9,gf,0.850,mm,OK,--,4:10:17 PM,4/11/2026,
1699,27.2,gf,0.845,mm,OK,--,4:10:17 PM,4/11/2026,
1700,27.1,gf,0.840,mm,OK,--,4:10:17 PM,4/11/2026,
1701,27.1,gf,0.835,mm,OK,--,4:10:17 PM,4/11/2026,
1702,27.3,gf,0.830,mm,OK,--,4:10:17 PM,4/11/2026,
1703,27.4,gf,0.830,mm,OK,--,4:10:17 PM,4/11/2026,
1704,27.3,gf,0.825,mm,OK,--,4:10:17 PM,4/11/2026,
1705,27.2,gf,0.825,mm,OK,--,4:10:18 PM,4/11/2026,
1706,27.1,gf,0.820,mm,OK,--,4:10:18 PM,4/11/2026,
1707,26.9,gf,0.820,mm,OK,--,4:10:18 PM,4/11/2026,
1708,27.1,gf,0.815,mm,OK,--,4:10:18 PM,4/11/2026,
1709,27.0,gf,0.810,mm,OK,--,4:10:18 PM,4/11/2026,
1710,27.0,gf,0.805,mm,OK,--,4:10:18 PM,4/11/2026,
1711,27.0,gf,0.800,mm,OK,--,4:10:18 PM,4/11/2026,
1712,27.2,gf,0.800,mm,OK,--,4:10:18 PM,4/11/2026,
1713,27.1,gf,0.795,mm,OK,--,4:10:18 PM,4/11/2026,
1714,27.1,gf,0.790,mm,OK,--,4:10:18 PM,4/11/2026,
1715,27.2,gf,0.785,mm,OK,--,4:10:19 PM,4/11/2026,
1716,27.3,gf,0.780,mm,OK,--,4:10:19 PM,4/11/2026,
1717,27.3,gf,0.775,mm,OK,--,4:10:19 PM,4/11/2026,
1718,27.2,gf,0.770,mm,OK,--,4:10:19 PM,4/11/2026,
1719,27.3,gf,0.770,mm,OK,--,4:10:19 PM,4/11/2026,
1720,27.4,gf,0.765,mm,OK,--,4:10:19 PM,4/11/2026,
1721,27.3,gf,0.765,mm,OK,--,4:10:19 PM,4/11/2026,
1722,27.3,gf,0.760,mm,OK,--,4:10:19 PM,4/11/2026,
1723,27.1,gf,0.755,mm,OK,--,4:10:19 PM,4/11/2026,
1724,27.4,gf,0.750,mm,OK,--,4:10:19 PM,4/11/2026,
1725,27.5,gf,0.750,mm,OK,--,4:10:20 PM,4/11/2026,
1726,27.5,gf,0.745,mm,OK,--,4:10:20 PM,4/11/2026,
1727,27.3,gf,0.745,mm,OK,--,4:10:20 PM,4/11/2026,
1728,27.5,gf,0.740,mm,OK,--,4:10:20 PM,4/11/2026,
1729,27.5,gf,0.735,mm,OK,--,4:10:20 PM,4/11/2026,
1730,27.5,gf,0.735,mm,OK,--,4:10:20 PM,4/11/2026,
1731,27.4,gf,0.730,mm,OK,--,4:10:20 PM,4/11/2026,
1732,27.4,gf,0.725,mm,OK,--,4:10:20 PM,4/11/2026,
1733,27.8,gf,0.720,mm,OK,--,4:10:20 PM,4/11/2026,
1734,27.8,gf,0.715,mm,OK,--,4:10:20 PM,4/11/2026,
1735,27.8,gf,0.710,mm,OK,--,4:10:21 PM,4/11/2026,
1736,27.8,gf,0.710,mm,OK,--,4:10:21 PM,4/11/2026,
1737,27.9,gf,0.705,mm,OK,--,4:10:21 PM,4/11/2026,
1738,27.9,gf,0.700,mm,OK,--,4:10:21 PM,4/11/2026,
1739,27.9,gf,0.700,mm,OK,--,4:10:21 PM,4/11/2026,
1740,27.8,gf,0.695,mm,OK,--,4:10:21 PM,4/11/2026,
1741,27.9,gf,0.690,mm,OK,--,4:10:21 PM,4/11/2026,
1742,27.9,gf,0.685,mm,OK,--,4:10:21 PM,4/11/2026,
1743,27.7,gf,0.685,mm,OK,--,4:10:21 PM,4/11/2026,
1744,27.8,gf,0.680,mm,OK,--,4:10:21 PM,4/11/2026,
1745,28.0,gf,0.675,mm,OK,--,4:10:22 PM,4/11/2026,
1746,28.1,gf,0.670,mm,OK,--,4:10:22 PM,4/11/2026,
1747,28.1,gf,0.665,mm,OK,--,4:10:22 PM,4/11/2026,
1748,28.0,gf,0.660,mm,OK,--,4:10:22 PM,4/11/2026,
1749,28.1,gf,0.655,mm,OK,--,4:10:22 PM,4/11/2026,
1750,28.3,gf,0.650,mm,OK,--,4:10:22 PM,4/11/2026,
1751,28.2,gf,0.650,mm,OK,--,4:10:22 PM,4/11/2026,
1752,28.3,gf,0.645,mm,OK,--,4:10:22 PM,4/11/2026,
1753,28.3,gf,0.645,mm,OK,--,4:10:22 PM,4/11/2026,
1754,28.4,gf,0.640,mm,OK,--,4:10:22 PM,4/11/2026,
1755,28.3,gf,0.640,mm,OK,--,4:10:23 PM,4/11/2026,
1756,28.4,gf,0.640,mm,OK,--,4:10:23 PM,4/11/2026,
1757,28.3,gf,0.635,mm,OK,--,4:10:23 PM,4/11/2026,
1758,28.3,gf,0.630,mm,OK,--,4:10:23 PM,4/11/2026,
1759,28.2,gf,0.630,mm,OK,--,4:10:23 PM,4/11/2026,
1760,28.1,gf,0.625,mm,OK,--,4:10:23 PM,4/11/2026,
1761,28.0,gf,0.625,mm,OK,--,4:10:23 PM,4/11/2026,
1762,28.0,gf,0.620,mm,OK,--,4:10:23 PM,4/11/2026,
1763,28.1,gf,0.615,mm,OK,--,4:10:23 PM,4/11/2026,
1764,27.9,gf,0.615,mm,OK,--,4:10:23 PM,4/11/2026,
1765,27.9,gf,0.610,mm,OK,--,4:10:24 PM,4/11/2026,
1766,27.9,gf,0.605,mm,OK,--,4:10:24 PM,4/11/2026,
1767,27.9,gf,0.600,mm,OK,--,4:10:24 PM,4/11/2026,
1768,28.0,gf,0.600,mm,OK,--,4:10:24 PM,4/11/2026,
1769,27.9,gf,0.595,mm,OK,--,4:10:24 PM,4/11/2026,
1770,28.0,gf,0.595,mm,OK,--,4:10:24 PM,4/11/2026,
1771,28.0,gf,0.590,mm,OK,--,4:10:24 PM,4/11/2026,
1772,27.9,gf,0.590,mm,OK,--,4:10:24 PM,4/11/2026,
1773,27.7,gf,0.590,mm,OK,--,4:10:24 PM,4/11/2026,
1774,27.7,gf,0.585,mm,OK,--,4:10:24 PM,4/11/2026,
1775,27.8,gf,0.585,mm,OK,--,4:10:25 PM,4/11/2026,
1776,27.7,gf,0.580,mm,OK,--,4:10:25 PM,4/11/2026,
1777,27.6,gf,0.580,mm,OK,--,4:10:25 PM,4/11/2026,
1778,27.6,gf,0.575,mm,OK,--,4:10:25 PM,4/11/2026,
1779,27.6,gf,0.575,mm,OK,--,4:10:25 PM,4/11/2026,
1780,27.6,gf,0.570,mm,OK,--,4:10:25 PM,4/11/2026,
1781,27.4,gf,0.565,mm,OK,--,4:10:25 PM,4/11/2026,
1782,27.5,gf,0.555,mm,OK,--,4:10:25 PM,4/11/2026,
1783,27.5,gf,0.550,mm,OK,--,4:10:25 PM,4/11/2026,
1784,27.6,gf,0.540,mm,OK,--,4:10:25 PM,4/11/2026,
1785,27.6,gf,0.535,mm,OK,--,4:10:26 PM,4/11/2026,
1786,27.8,gf,0.515,mm,OK,--,4:10:26 PM,4/11/2026,
1787,28.2,gf,0.500,mm,OK,--,4:10:26 PM,4/11/2026,
1788,28.3,gf,0.490,mm,OK,--,4:10:26 PM,4/11/2026,
1789,28.1,gf,0.480,mm,OK,--,4:10:26 PM,4/11/2026,
1790,28.1,gf,0.475,mm,OK,--,4:10:26 PM,4/11/2026,
1791,28.0,gf,0.465,mm,OK,--,4:10:26 PM,4/11/2026,
1792,28.2,gf,0.460,mm,OK,--,4:10:26 PM,4/11/2026,
1793,28.2,gf,0.455,mm,OK,--,4:10:26 PM,4/11/2026,
1794,28.3,gf,0.450,mm,OK,--,4:10:26 PM,4/11/2026,
1795,28.2,gf,0.440,mm,OK,--,4:10:27 PM,4/11/2026,
1796,28.2,gf,0.435,mm,OK,--,4:10:27 PM,4/11/2026,
1797,28.2,gf,0.430,mm,OK,--,4:10:27 PM,4/11/2026,
1798,28.2,gf,0.425,mm,OK,--,4:10:27 PM,4/11/2026,
1799,28.1,gf,0.420,mm,OK,--,4:10:27 PM,4/11/2026,
1800,28.0,gf,0.415,mm,OK,--,4:10:27 PM,4/11/2026,
1801,28.0,gf,0.410,mm,OK,--,4:10:27 PM,4/11/2026,
1802,28.1,gf,0.405,mm,OK,--,4:10:27 PM,4/11/2026,
1803,28.2,gf,0.400,mm,OK,--,4:10:27 PM,4/11/2026,
1804,28.1,gf,0.390,mm,OK,--,4:10:27 PM,4/11/2026,
1805,28.0,gf,0.385,mm,OK,--,4:10:28 PM,4/11/2026,
1806,27.8,gf,0.380,mm,OK,--,4:10:28 PM,4/11/2026,
1807,27.7,gf,0.370,mm,OK,--,4:10:28 PM,4/11/2026,
1808,27.7,gf,0.365,mm,OK,--,4:10:28 PM,4/11/2026,
1809,27.6,gf,0.355,mm,OK,--,4:10:28 PM,4/11/2026,
1810,27.3,gf,0.350,mm,OK,--,4:10:28 PM,4/11/2026,
1811,27.1,gf,0.345,mm,OK,--,4:10:28 PM,4/11/2026,
1812,27.0,gf,0.340,mm,OK,--,4:10:28 PM,4/11/2026,
1813,25.4,gf,0.335,mm,OK,--,4:10:28 PM,4/11/2026,
1814,21.8,gf,0.325,mm,OK,--,4:10:28 PM,4/11/2026,
1815,21.5,gf,0.315,mm,OK,--,4:10:29 PM,4/11/2026,
1816,17.3,gf,0.305,mm,OK,--,4:10:29 PM,4/11/2026,
1817,11.2,gf,0.295,mm,OK,--,4:10:29 PM,4/11/2026,
1818,6.1,gf,0.290,mm,OK,--,4:10:29 PM,4/11/2026,
1819,2.3,gf,0.280,mm,OK,--,4:10:29 PM,4/11/2026,
1820,0.0,gf,0.280,mm,OK,--,4:10:29 PM,4/11/2026,
1821,0.0,gf,0.275,mm,OK,--,4:10:29 PM,4/11/2026,
1822,0.1,gf,0.270,mm,OK,--,4:10:29 PM,4/11/2026,
1823,0.0,gf,0.260,mm,OK,--,4:10:29 PM,4/11/2026,
1824,0.0,gf,0.250,mm,OK,--,4:10:29 PM,4/11/2026,
1825,0.1,gf,0.240,mm,OK,--,4:10:30 PM,4/11/2026,
1826,0.1,gf,0.225,mm,OK,--,4:10:30 PM,4/11/2026,
1827,0.0,gf,0.205,mm,OK,--,4:10:30 PM,4/11/2026,
1828,0.1,gf,0.185,mm,OK,--,4:10:30 PM,4/11/2026,
1829,0.0,gf,0.170,mm,OK,--,4:10:30 PM,4/11/2026,
1830,0.2,gf,0.150,mm,OK,--,4:10:30 PM,4/11/2026,
1831,0.0,gf,0.130,mm,OK,--,4:10:30 PM,4/11/2026,
1832,0.0,gf,0.115,mm,OK,--,4:10:30 PM,4/11/2026,
1833,0.1,gf,0.100,mm,OK,--,4:10:30 PM,4/11/2026,
1834,0.0,gf,0.075,mm,OK,--,4:10:30 PM,4/11/2026,
1835,-0.1,gf,0.050,mm,OK,--,4:10:31 PM,4/11/2026,
1836,0.1,gf,0.035,mm,OK,--,4:10:31 PM,4/11/2026,
1837,0.1,gf,0.030,mm,OK,--,4:10:31 PM,4/11/2026,
1838,0.0,gf,0.030,mm,OK,--,4:10:31 PM,4/11/2026,
1839,0.1,gf,0.030,mm,OK,--,4:10:31 PM,4/11/2026,
1840,0.2,gf,0.030,mm,OK,--,4:10:31 PM,4/11/2026,
1841,0.2,gf,0.030,mm,OK,--,4:10:31 PM,4/11/2026,
1842,0.0,gf,0.030,mm,OK,--,4:10:31 PM,4/11/2026,
1843,-0.1,gf,0.035,mm,OK,--,4:10:31 PM,4/11/2026,
1844,0.0,gf,0.035,mm,OK,--,4:10:31 PM,4/11/2026,
1845,0.0,gf,0.040,mm,OK,--,4:10:32 PM,4/11/2026,
1846,0.0,gf,0.040,mm,OK,--,4:10:32 PM,4/11/2026,
1847,0.1,gf,0.040,mm,OK,--,4:10:32 PM,4/11/2026,
1848,0.1,gf,0.045,mm,OK,--,4:10:32 PM,4/11/2026,
1849,0.0,gf,0.045,mm,OK,--,4:10:32 PM,4/11/2026,
1850,0.0,gf,0.045,mm,OK,--,4:10:32 PM,4/11/2026,
1851,0.0,gf,0.045,mm,OK,--,4:10:32 PM,4/11/2026,
1852,-0.1,gf,0.045,mm,OK,--,4:10:32 PM,4/11/2026,
1853,0.1,gf,0.045,mm,OK,--,4:10:32 PM,4/11/2026,
1854,0.0,gf,0.050,mm,OK,--,4:10:32 PM,4/11/2026,
1855,0.0,gf,0.050,mm,OK,--,4:10:33 PM,4/11/2026,
1856,0.0,gf,0.050,mm,OK,--,4:10:33 PM,4/11/2026,
1857,0.1,gf,0.050,mm,OK,--,4:10:33 PM,4/11/2026,
