Maximum,197.6,@,No.1004,,,,,,
Minimum,-0.1,@,No.7,,,,,,
Average,50.94,,,,,,,,
Data Quantity,1854,,,,,,,,
Number of NG,0,,,,,,,,
No.,Force,Unit,Displacement,Unit,Judge,Position,Time,Date,
1,0.0,gf,0.000,mm,OK,--,4:51:37 PM,4/5/2026,
2,0.0,gf,0.000,mm,OK,--,4:51:37 PM,4/5/2026,
3,0.0,gf,0.000,mm,OK,--,4:51:37 PM,4/5/2026,
4,0.0,gf,0.005,mm,OK,--,4:51:38 PM,4/5/2026,
5,0.0,gf,0.005,mm,OK,--,4:51:38 PM,4/5/2026,
6,0.0,gf,0.005,mm,OK,--,4:51:38 PM,4/5/2026,
7,-0.1,gf,0.005,mm,OK,--,4:51:38 PM,4/5/2026,
8,0.0,gf,0.010,mm,OK,--,4:51:38 PM,4/5/2026,
9,-0.1,gf,0.015,mm,OK,--,4:51:38 PM,4/5/2026,
10,0.0,gf,0.020,mm,OK,--,4:51:38 PM,4/5/2026,
11,0.0,gf,0.025,mm,OK,--,4:51:38 PM,4/5/2026,
12,0.0,gf,0.030,mm,OK,--,4:51:38 PM,4/5/2026,
13,-0.1,gf,0.040,mm,OK,--,4:51:38 PM,4/5/2026,
14,0.0,gf,0.040,mm,OK,--,4:51:39 PM,4/5/2026,
15,0.0,gf,0.040,mm,OK,--,4:51:39 PM,4/5/2026,
16,0.0,gf,0.045,mm,OK,--,4:51:39 PM,4/5/2026,
17,0.0,gf,0.050,mm,OK,--,4:51:39 PM,4/5/2026,
18,0.0,gf,0.050,mm,OK,--,4:51:39 PM,4/5/2026,
19,0.0,gf,0.055,mm,OK,--,4:51:39 PM,4/5/2026,
20,0.1,gf,0.065,mm,OK,--,4:51:39 PM,4/5/2026,
21,0.0,gf,0.065,mm,OK,--,4:51:39 PM,4/5/2026,
22,0.0,gf,0.065,mm,OK,--,4:51:39 PM,4/5/2026,
23,0.0,gf,0.065,mm,OK,--,4:51:39 PM,4/5/2026,
24,0.0,gf,0.070,mm,OK,--,4:51:40 PM,4/5/2026,
25,0.0,gf,0.070,mm,OK,--,4:51:40 PM,4/5/2026,
26,0.0,gf,0.070,mm,OK,--,4:51:40 PM,4/5/2026,
27,0.0,gf,0.070,mm,OK,--,4:51:40 PM,4/5/2026,
28,0.0,gf,0.070,mm,OK,--,4:51:40 PM,4/5/2026,
29,0.0,gf,0.070,mm,OK,--,4:51:40 PM,4/5/2026,
30,0.0,gf,0.070,mm,OK,--,4:51:40 PM,4/5/2026,
31,0.0,gf,0.075,mm,OK,--,4:51:40 PM,4/5/2026,
32,0.0,gf,0.075,mm,OK,--,4:51:40 PM,4/5/2026,
33,0.0,gf,0.075,mm,OK,--,4:51:40 PM,4/5/2026,
34,0.0,gf,0.080,mm,OK,--,4:51:41 PM,4/5/2026,
35,0.0,gf,0.080,mm,OK,--,4:51:41 PM,4/5/2026,
36,0.0,gf,0.085,mm,OK,--,4:51:41 PM,4/5/2026,
37,0.0,gf,0.090,mm,OK,--,4:51:41 PM,4/5/2026,
38,0.0,gf,0.100,mm,OK,--,4:51:41 PM,4/5/2026,
39,1.4,gf,0.110,mm,OK,--,4:51:41 PM,4/5/2026,
40,9.8,gf,0.120,mm,OK,--,4:51:41 PM,4/5/2026,
41,15.9,gf,0.130,mm,OK,--,4:51:41 PM,4/5/2026,
42,19.3,gf,0.135,mm,OK,--,4:51:41 PM,4/5/2026,
43,20.6,gf,0.135,mm,OK,--,4:51:41 PM,4/5/2026,
44,22.1,gf,0.135,mm,OK,--,4:51:42 PM,4/5/2026,
45,23.5,gf,0.140,mm,OK,--,4:51:42 PM,4/5/2026,
46,24.6,gf,0.140,mm,OK,--,4:51:42 PM,4/5/2026,
47,25.3,gf,0.140,mm,OK,--,4:51:42 PM,4/5/2026,
48,26.3,gf,0.140,mm,OK,--,4:51:42 PM,4/5/2026,
49,27.1,gf,0.145,mm,OK,--,4:51:42 PM,4/5/2026,
50,27.8,gf,0.145,mm,OK,--,4:51:42 PM,4/5/2026,
51,28.5,gf,0.145,mm,OK,--,4:51:42 PM,4/5/2026,
52,29.2,gf,0.145,mm,OK,--,4:51:42 PM,4/5/2026,
53,30.1,gf,0.145,mm,OK,--,4:51:42 PM,4/5/2026,
54,31.1,gf,0.150,mm,OK,--,4:51:43 PM,4/5/2026,
55,31.5,gf,0.150,mm,OK,--,4:51:43 PM,4/5/2026,
56,30.0,gf,0.155,mm,OK,--,4:51:43 PM,4/5/2026,
57,29.8,gf,0.155,mm,OK,--,4:51:43 PM,4/5/2026,
58,29.9,gf,0.160,mm,OK,--,4:51:43 PM,4/5/2026,
59,30.0,gf,0.165,mm,OK,--,4:51:43 PM,4/5/2026,
60,30.0,gf,0.165,mm,OK,--,4:51:43 PM,4/5/2026,
61,29.8,gf,0.170,mm,OK,--,4:51:43 PM,4/5/2026,
62,29.9,gf,0.175,mm,OK,--,4:51:43 PM,4/5/2026,
63,29.8,gf,0.175,mm,OK,--,4:51:43 PM,4/5/2026,
64,29.8,gf,0.180,mm,OK,--,4:51:44 PM,4/5/2026,
65,29.9,gf,0.180,mm,OK,--,4:51:44 PM,4/5/2026,
66,30.0,gf,0.185,mm,OK,--,4:51:44 PM,4/5/2026,
67,30.0,gf,0.190,mm,OK,--,4:51:44 PM,4/5/2026,
68,30.0,gf,0.195,mm,OK,--,4:51:44 PM,4/5/2026,
69,29.9,gf,0.200,mm,OK,--,4:51:44 PM,4/5/2026,
70,30.1,gf,0.205,mm,OK,--,4:51:44 PM,4/5/2026,
71,30.2,gf,0.210,mm,OK,--,4:51:44 PM,4/5/2026,
72,30.6,gf,0.210,mm,OK,--,4:51:44 PM,4/5/2026,
73,31.5,gf,0.215,mm,OK,--,4:51:44 PM,4/5/2026,
74,32.3,gf,0.215,mm,OK,--,4:51:45 PM,4/5/2026,
75,33.4,gf,0.220,mm,OK,--,4:51:45 PM,4/5/2026,
76,33.1,gf,0.220,mm,OK,--,4:51:45 PM,4/5/2026,
77,33.1,gf,0.225,mm,OK,--,4:51:45 PM,4/5/2026,
78,33.4,gf,0.225,mm,OK,--,4:51:45 PM,4/5/2026,
79,34.2,gf,0.230,mm,OK,--,4:51:45 PM,4/5/2026,
80,34.5,gf,0.235,mm,OK,--,4:51:45 PM,4/5/2026,
81,34.6,gf,0.240,mm,OK,--,4:51:45 PM,4/5/2026,
82,34.7,gf,0.245,mm,OK,--,4:51:45 PM,4/5/2026,
83,34.8,gf,0.245,mm,OK,--,4:51:45 PM,4/5/2026,
84,34.9,gf,0.250,mm,OK,--,4:51:46 PM,4/5/2026,
85,34.9,gf,0.250,mm,OK,--,4:51:46 PM,4/5/2026,
86,34.9,gf,0.255,mm,OK,--,4:51:46 PM,4/5/2026,
87,34.7,gf,0.260,mm,OK,--,4:51:46 PM,4/5/2026,
88,34.8,gf,0.265,mm,OK,--,4:51:46 PM,4/5/2026,
89,35.0,gf,0.270,mm,OK,--,4:51:46 PM,4/5/2026,
90,35.0,gf,0.275,mm,OK,--,4:51:46 PM,4/5/2026,
91,35.0,gf,0.280,mm,OK,--,4:51:46 PM,4/5/2026,
92,35.1,gf,0.285,mm,OK,--,4:51:46 PM,4/5/2026,
93,35.2,gf,0.285,mm,OK,--,4:51:46 PM,4/5/2026,
94,35.3,gf,0.290,mm,OK,--,4:51:47 PM,4/5/2026,
95,35.4,gf,0.295,mm,OK,--,4:51:47 PM,4/5/2026,
96,35.4,gf,0.295,mm,OK,--,4:51:47 PM,4/5/2026,
97,35.4,gf,0.300,mm,OK,--,4:51:47 PM,4/5/2026,
98,35.4,gf,0.305,mm,OK,--,4:51:47 PM,4/5/2026,
99,35.5,gf,0.310,mm,OK,--,4:51:47 PM,4/5/2026,
100,35.7,gf,0.320,mm,OK,--,4:51:47 PM,4/5/2026,
101,35.7,gf,0.325,mm,OK,--,4:51:47 PM,4/5/2026,
102,35.8,gf,0.325,mm,OK,--,4:51:47 PM,4/5/2026,
103,35.9,gf,0.330,mm,OK,--,4:51:47 PM,4/5/2026,
104,35.9,gf,0.330,mm,OK,--,4:51:48 PM,4/5/2026,
105,35.9,gf,0.335,mm,OK,--,4:51:48 PM,4/5/2026,
106,36.0,gf,0.335,mm,OK,--,4:51:48 PM,4/5/2026,
107,36.0,gf,0.335,mm,OK,--,4:51:48 PM,4/5/2026,
108,36.1,gf,0.340,mm,OK,--,4:51:48 PM,4/5/2026,
109,36.1,gf,0.340,mm,OK,--,4:51:48 PM,4/5/2026,
110,36.2,gf,0.340,mm,OK,--,4:51:48 PM,4/5/2026,
111,36.2,gf,0.345,mm,OK,--,4:51:48 PM,4/5/2026,
112,36.2,gf,0.345,mm,OK,--,4:51:48 PM,4/5/2026,
113,36.3,gf,0.345,mm,OK,--,4:51:48 PM,4/5/2026,
114,36.3,gf,0.350,mm,OK,--,4:51:49 PM,4/5/2026,
115,36.2,gf,0.350,mm,OK,--,4:51:49 PM,4/5/2026,
116,36.2,gf,0.350,mm,OK,--,4:51:49 PM,4/5/2026,
117,36.1,gf,0.350,mm,OK,--,4:51:49 PM,4/5/2026,
118,36.3,gf,0.350,mm,OK,--,4:51:49 PM,4/5/2026,
119,36.3,gf,0.355,mm,OK,--,4:51:49 PM,4/5/2026,
120,36.1,gf,0.355,mm,OK,--,4:51:49 PM,4/5/2026,
121,36.1,gf,0.355,mm,OK,--,4:51:49 PM,4/5/2026,
122,36.3,gf,0.355,mm,OK,--,4:51:49 PM,4/5/2026,
123,36.2,gf,0.355,mm,OK,--,4:51:49 PM,4/5/2026,
124,36.5,gf,0.355,mm,OK,--,4:51:50 PM,4/5/2026,
125,36.4,gf,0.355,mm,OK,--,4:51:50 PM,4/5/2026,
126,36.4,gf,0.355,mm,OK,--,4:51:50 PM,4/5/2026,
127,36.5,gf,0.355,mm,OK,--,4:51:50 PM,4/5/2026,
128,36.5,gf,0.355,mm,OK,--,4:51:50 PM,4/5/2026,
129,36.5,gf,0.355,mm,OK,--,4:51:50 PM,4/5/2026,
130,36.4,gf,0.355,mm,OK,--,4:51:50 PM,4/5/2026,
131,36.3,gf,0.360,mm,OK,--,4:51:50 PM,4/5/2026,
132,36.3,gf,0.360,mm,OK,--,4:51:50 PM,4/5/2026,
133,36.2,gf,0.365,mm,OK,--,4:51:50 PM,4/5/2026,
134,36.2,gf,0.365,mm,OK,--,4:51:51 PM,4/5/2026,
135,36.2,gf,0.370,mm,OK,--,4:51:51 PM,4/5/2026,
136,36.1,gf,0.375,mm,OK,--,4:51:51 PM,4/5/2026,
137,36.0,gf,0.380,mm,OK,--,4:51:51 PM,4/5/2026,
138,36.1,gf,0.385,mm,OK,--,4:51:51 PM,4/5/2026,
139,36.2,gf,0.390,mm,OK,--,4:51:51 PM,4/5/2026,
140,36.4,gf,0.395,mm,OK,--,4:51:51 PM,4/5/2026,
141,36.4,gf,0.400,mm,OK,--,4:51:51 PM,4/5/2026,
142,36.4,gf,0.410,mm,OK,--,4:51:51 PM,4/5/2026,
143,36.5,gf,0.415,mm,OK,--,4:51:51 PM,4/5/2026,
144,36.6,gf,0.420,mm,OK,--,4:51:52 PM,4/5/2026,
145,36.6,gf,0.420,mm,OK,--,4:51:52 PM,4/5/2026,
146,36.7,gf,0.425,mm,OK,--,4:51:52 PM,4/5/2026,
147,36.8,gf,0.425,mm,OK,--,4:51:52 PM,4/5/2026,
148,37.0,gf,0.430,mm,OK,--,4:51:52 PM,4/5/2026,
149,37.0,gf,0.430,mm,OK,--,4:51:52 PM,4/5/2026,
150,37.0,gf,0.435,mm,OK,--,4:51:52 PM,4/5/2026,
151,36.9,gf,0.440,mm,OK,--,4:51:52 PM,4/5/2026,
152,37.0,gf,0.440,mm,OK,--,4:51:52 PM,4/5/2026,
153,37.0,gf,0.445,mm,OK,--,4:51:52 PM,4/5/2026,
154,37.0,gf,0.450,mm,OK,--,4:51:53 PM,4/5/2026,
155,37.1,gf,0.455,mm,OK,--,4:51:53 PM,4/5/2026,
156,37.2,gf,0.455,mm,OK,--,4:51:53 PM,4/5/2026,
157,37.2,gf,0.460,mm,OK,--,4:51:53 PM,4/5/2026,
158,37.3,gf,0.460,mm,OK,--,4:51:53 PM,4/5/2026,
159,37.3,gf,0.465,mm,OK,--,4:51:53 PM,4/5/2026,
160,37.4,gf,0.465,mm,OK,--,4:51:53 PM,4/5/2026,
161,37.2,gf,0.470,mm,OK,--,4:51:53 PM,4/5/2026,
162,37.2,gf,0.470,mm,OK,--,4:51:53 PM,4/5/2026,
163,37.2,gf,0.475,mm,OK,--,4:51:53 PM,4/5/2026,
164,37.2,gf,0.475,mm,OK,--,4:51:54 PM,4/5/2026,
165,37.3,gf,0.480,mm,OK,--,4:51:54 PM,4/5/2026,
166,37.3,gf,0.485,mm,OK,--,4:51:54 PM,4/5/2026,
167,37.3,gf,0.485,mm,OK,--,4:51:54 PM,4/5/2026,
168,37.2,gf,0.490,mm,OK,--,4:51:54 PM,4/5/2026,
169,37.2,gf,0.490,mm,OK,--,4:51:54 PM,4/5/2026,
170,37.1,gf,0.495,mm,OK,--,4:51:54 PM,4/5/2026,
171,37.2,gf,0.500,mm,OK,--,4:51:54 PM,4/5/2026,
172,37.1,gf,0.500,mm,OK,--,4:51:54 PM,4/5/2026,
173,37.1,gf,0.505,mm,OK,--,4:51:54 PM,4/5/2026,
174,37.1,gf,0.510,mm,OK,--,4:51:55 PM,4/5/2026,
175,37.1,gf,0.510,mm,OK,--,4:51:55 PM,4/5/2026,
176,37.1,gf,0.515,mm,OK,--,4:51:55 PM,4/5/2026,
177,37.1,gf,0.515,mm,OK,--,4:51:55 PM,4/5/2026,
178,37.0,gf,0.520,mm,OK,--,4:51:55 PM,4/5/2026,
179,37.1,gf,0.520,mm,OK,--,4:51:55 PM,4/5/2026,
180,37.0,gf,0.525,mm,OK,--,4:51:55 PM,4/5/2026,
181,37.1,gf,0.530,mm,OK,--,4:51:55 PM,4/5/2026,
182,37.1,gf,0.535,mm,OK,--,4:51:55 PM,4/5/2026,
183,37.0,gf,0.535,mm,OK,--,4:51:55 PM,4/5/2026,
184,37.1,gf,0.540,mm,OK,--,4:51:56 PM,4/5/2026,
185,37.1,gf,0.545,mm,OK,--,4:51:56 PM,4/5/2026,
186,37.1,gf,0.545,mm,OK,--,4:51:56 PM,4/5/2026,
187,37.0,gf,0.550,mm,OK,--,4:51:56 PM,4/5/2026,
188,37.1,gf,0.550,mm,OK,--,4:51:56 PM,4/5/2026,
189,37.1,gf,0.555,mm,OK,--,4:51:56 PM,4/5/2026,
190,37.1,gf,0.560,mm,OK,--,4:51:56 PM,4/5/2026,
191,37.2,gf,0.560,mm,OK,--,4:51:56 PM,4/5/2026,
192,37.3,gf,0.565,mm,OK,--,4:51:56 PM,4/5/2026,
193,37.2,gf,0.570,mm,OK,--,4:51:56 PM,4/5/2026,
194,37.3,gf,0.570,mm,OK,--,4:51:57 PM,4/5/2026,
195,37.3,gf,0.575,mm,OK,--,4:51:57 PM,4/5/2026,
196,37.3,gf,0.580,mm,OK,--,4:51:57 PM,4/5/2026,
197,37.3,gf,0.580,mm,OK,--,4:51:57 PM,4/5/2026,
198,37.3,gf,0.585,mm,OK,--,4:51:57 PM,4/5/2026,
199,37.3,gf,0.590,mm,OK,--,4:51:57 PM,4/5/2026,
200,37.3,gf,0.590,mm,OK,--,4:51:57 PM,4/5/2026,
201,37.2,gf,0.595,mm,OK,--,4:51:57 PM,4/5/2026,
202,37.4,gf,0.600,mm,OK,--,4:51:57 PM,4/5/2026,
203,37.4,gf,0.600,mm,OK,--,4:51:57 PM,4/5/2026,
204,37.4,gf,0.605,mm,OK,--,4:51:58 PM,4/5/2026,
205,37.4,gf,0.610,mm,OK,--,4:51:58 PM,4/5/2026,
206,37.4,gf,0.610,mm,OK,--,4:51:58 PM,4/5/2026,
207,37.4,gf,0.615,mm,OK,--,4:51:58 PM,4/5/2026,
208,37.4,gf,0.615,mm,OK,--,4:51:58 PM,4/5/2026,
209,37.5,gf,0.620,mm,OK,--,4:51:58 PM,4/5/2026,
210,37.4,gf,0.620,mm,OK,--,4:51:58 PM,4/5/2026,
211,37.5,gf,0.625,mm,OK,--,4:51:58 PM,4/5/2026,
212,37.5,gf,0.630,mm,OK,--,4:51:58 PM,4/5/2026,
213,37.5,gf,0.630,mm,OK,--,4:51:58 PM,4/5/2026,
214,37.4,gf,0.635,mm,OK,--,4:51:59 PM,4/5/2026,
215,37.3,gf,0.640,mm,OK,--,4:51:59 PM,4/5/2026,
216,37.3,gf,0.645,mm,OK,--,4:51:59 PM,4/5/2026,
217,37.2,gf,0.650,mm,OK,--,4:51:59 PM,4/5/2026,
218,37.4,gf,0.650,mm,OK,--,4:51:59 PM,4/5/2026,
219,37.4,gf,0.655,mm,OK,--,4:51:59 PM,4/5/2026,
220,37.4,gf,0.655,mm,OK,--,4:51:59 PM,4/5/2026,
221,37.4,gf,0.660,mm,OK,--,4:51:59 PM,4/5/2026,
222,37.5,gf,0.660,mm,OK,--,4:51:59 PM,4/5/2026,
223,37.4,gf,0.665,mm,OK,--,4:51:59 PM,4/5/2026,
224,37.4,gf,0.670,mm,OK,--,4:52:00 PM,4/5/2026,
225,37.4,gf,0.670,mm,OK,--,4:52:00 PM,4/5/2026,
226,37.5,gf,0.675,mm,OK,--,4:52:00 PM,4/5/2026,
227,37.6,gf,0.680,mm,OK,--,4:52:00 PM,4/5/2026,
228,37.5,gf,0.680,mm,OK,--,4:52:00 PM,4/5/2026,
229,37.5,gf,0.685,mm,OK,--,4:52:00 PM,4/5/2026,
230,37.5,gf,0.690,mm,OK,--,4:52:00 PM,4/5/2026,
231,37.5,gf,0.695,mm,OK,--,4:52:00 PM,4/5/2026,
232,37.6,gf,0.695,mm,OK,--,4:52:00 PM,4/5/2026,
233,37.5,gf,0.700,mm,OK,--,4:52:00 PM,4/5/2026,
234,37.6,gf,0.705,mm,OK,--,4:52:01 PM,4/5/2026,
235,37.5,gf,0.705,mm,OK,--,4:52:01 PM,4/5/2026,
236,37.5,gf,0.710,mm,OK,--,4:52:01 PM,4/5/2026,
237,37.5,gf,0.715,mm,OK,--,4:52:01 PM,4/5/2026,
238,37.4,gf,0.720,mm,OK,--,4:52:01 PM,4/5/2026,
239,37.4,gf,0.725,mm,OK,--,4:52:01 PM,4/5/2026,
240,37.6,gf,0.725,mm,OK,--,4:52:01 PM,4/5/2026,
241,37.6,gf,0.730,mm,OK,--,4:52:01 PM,4/5/2026,
242,37.7,gf,0.730,mm,OK,--,4:52:01 PM,4/5/2026,
243,37.7,gf,0.735,mm,OK,--,4:52:01 PM,4/5/2026,
244,37.8,gf,0.735,mm,OK,--,4:52:02 PM,4/5/2026,
245,37.7,gf,0.740,mm,OK,--,4:52:02 PM,4/5/2026,
246,37.7,gf,0.740,mm,OK,--,4:52:02 PM,4/5/2026,
247,37.8,gf,0.745,mm,OK,--,4:52:02 PM,4/5/2026,
248,37.7,gf,0.750,mm,OK,--,4:52:02 PM,4/5/2026,
249,37.8,gf,0.750,mm,OK,--,4:52:02 PM,4/5/2026,
250,37.7,gf,0.755,mm,OK,--,4:52:02 PM,4/5/2026,
251,37.7,gf,0.755,mm,OK,--,4:52:02 PM,4/5/2026,
252,37.7,gf,0.755,mm,OK,--,4:52:02 PM,4/5/2026,
253,37.7,gf,0.760,mm,OK,--,4:52:02 PM,4/5/2026,
254,37.7,gf,0.765,mm,OK,--,4:52:03 PM,4/5/2026,
255,37.7,gf,0.770,mm,OK,--,4:52:03 PM,4/5/2026,
256,37.7,gf,0.770,mm,OK,--,4:52:03 PM,4/5/2026,
257,37.7,gf,0.775,mm,OK,--,4:52:03 PM,4/5/2026,
258,37.7,gf,0.780,mm,OK,--,4:52:03 PM,4/5/2026,
259,37.7,gf,0.780,mm,OK,--,4:52:03 PM,4/5/2026,
260,37.8,gf,0.785,mm,OK,--,4:52:03 PM,4/5/2026,
261,37.9,gf,0.790,mm,OK,--,4:52:03 PM,4/5/2026,
262,37.9,gf,0.790,mm,OK,--,4:52:03 PM,4/5/2026,
263,37.9,gf,0.795,mm,OK,--,4:52:03 PM,4/5/2026,
264,38.0,gf,0.795,mm,OK,--,4:52:04 PM,4/5/2026,
265,38.0,gf,0.795,mm,OK,--,4:52:04 PM,4/5/2026,
266,38.0,gf,0.800,mm,OK,--,4:52:04 PM,4/5/2026,
267,37.9,gf,0.800,mm,OK,--,4:52:04 PM,4/5/2026,
268,37.9,gf,0.805,mm,OK,--,4:52:04 PM,4/5/2026,
269,37.8,gf,0.810,mm,OK,--,4:52:04 PM,4/5/2026,
270,37.8,gf,0.815,mm,OK,--,4:52:04 PM,4/5/2026,
271,37.7,gf,0.820,mm,OK,--,4:52:04 PM,4/5/2026,
272,37.8,gf,0.825,mm,OK,--,4:52:04 PM,4/5/2026,
273,37.8,gf,0.830,mm,OK,--,4:52:04 PM,4/5/2026,
274,37.8,gf,0.835,mm,OK,--,4:52:05 PM,4/5/2026,
275,38.0,gf,0.840,mm,OK,--,4:52:05 PM,4/5/2026,
276,38.1,gf,0.845,mm,OK,--,4:52:05 PM,4/5/2026,
277,38.1,gf,0.850,mm,OK,--,4:52:05 PM,4/5/2026,
278,38.0,gf,0.855,mm,OK,--,4:52:05 PM,4/5/2026,
279,38.0,gf,0.860,mm,OK,--,4:52:05 PM,4/5/2026,
280,38.0,gf,0.865,mm,OK,--,4:52:05 PM,4/5/2026,
281,38.0,gf,0.870,mm,OK,--,4:52:05 PM,4/5/2026,
282,38.0,gf,0.875,mm,OK,--,4:52:05 PM,4/5/2026,
283,37.9,gf,0.880,mm,OK,--,4:52:05 PM,4/5/2026,
284,38.1,gf,0.885,mm,OK,--,4:52:06 PM,4/5/2026,
285,38.1,gf,0.890,mm,OK,--,4:52:06 PM,4/5/2026,
286,38.2,gf,0.895,mm,OK,--,4:52:06 PM,4/5/2026,
287,38.2,gf,0.900,mm,OK,--,4:52:06 PM,4/5/2026,
288,38.1,gf,0.905,mm,OK,--,4:52:06 PM,4/5/2026,
289,38.2,gf,0.910,mm,OK,--,4:52:06 PM,4/5/2026,
290,38.3,gf,0.920,mm,OK,--,4:52:06 PM,4/5/2026,
291,38.3,gf,0.925,mm,OK,--,4:52:06 PM,4/5/2026,
292,38.2,gf,0.930,mm,OK,--,4:52:06 PM,4/5/2026,
293,38.1,gf,0.930,mm,OK,--,4:52:06 PM,4/5/2026,
294,38.1,gf,0.935,mm,OK,--,4:52:07 PM,4/5/2026,
295,38.0,gf,0.940,mm,OK,--,4:52:07 PM,4/5/2026,
296,38.0,gf,0.945,mm,OK,--,4:52:07 PM,4/5/2026,
297,38.1,gf,0.945,mm,OK,--,4:52:07 PM,4/5/2026,
298,38.2,gf,0.950,mm,OK,--,4:52:07 PM,4/5/2026,
299,38.1,gf,0.955,mm,OK,--,4:52:07 PM,4/5/2026,
300,38.2,gf,0.955,mm,OK,--,4:52:07 PM,4/5/2026,
301,38.2,gf,0.960,mm,OK,--,4:52:07 PM,4/5/2026,
302,38.2,gf,0.965,mm,OK,--,4:52:07 PM,4/5/2026,
303,38.1,gf,0.970,mm,OK,--,4:52:07 PM,4/5/2026,
304,38.0,gf,0.970,mm,OK,--,4:52:08 PM,4/5/2026,
305,38.1,gf,0.975,mm,OK,--,4:52:08 PM,4/5/2026,
306,38.3,gf,0.985,mm,OK,--,4:52:08 PM,4/5/2026,
307,38.3,gf,0.990,mm,OK,--,4:52:08 PM,4/5/2026,
308,38.4,gf,0.995,mm,OK,--,4:52:08 PM,4/5/2026,
309,38.6,gf,1.000,mm,OK,--,4:52:08 PM,4/5/2026,
310,38.8,gf,1.005,mm,OK,--,4:52:08 PM,4/5/2026,
311,38.9,gf,1.010,mm,OK,--,4:52:08 PM,4/5/2026,
312,38.9,gf,1.015,mm,OK,--,4:52:08 PM,4/5/2026,
313,39.1,gf,1.015,mm,OK,--,4:52:08 PM,4/5/2026,
314,39.1,gf,1.020,mm,OK,--,4:52:09 PM,4/5/2026,
315,39.1,gf,1.025,mm,OK,--,4:52:09 PM,4/5/2026,
316,39.1,gf,1.025,mm,OK,--,4:52:09 PM,4/5/2026,
317,39.1,gf,1.030,mm,OK,--,4:52:09 PM,4/5/2026,
318,39.2,gf,1.030,mm,OK,--,4:52:09 PM,4/5/2026,
319,39.3,gf,1.035,mm,OK,--,4:52:09 PM,4/5/2026,
320,39.4,gf,1.035,mm,OK,--,4:52:09 PM,4/5/2026,
321,39.5,gf,1.040,mm,OK,--,4:52:09 PM,4/5/2026,
322,39.5,gf,1.040,mm,OK,--,4:52:09 PM,4/5/2026,
323,39.5,gf,1.040,mm,OK,--,4:52:09 PM,4/5/2026,
324,39.7,gf,1.045,mm,OK,--,4:52:10 PM,4/5/2026,
325,39.6,gf,1.045,mm,OK,--,4:52:10 PM,4/5/2026,
326,39.7,gf,1.045,mm,OK,--,4:52:10 PM,4/5/2026,
327,39.7,gf,1.050,mm,OK,--,4:52:10 PM,4/5/2026,
328,39.5,gf,1.050,mm,OK,--,4:52:10 PM,4/5/2026,
329,39.6,gf,1.055,mm,OK,--,4:52:10 PM,4/5/2026,
330,39.6,gf,1.060,mm,OK,--,4:52:10 PM,4/5/2026,
331,39.6,gf,1.060,mm,OK,--,4:52:10 PM,4/5/2026,
332,39.6,gf,1.065,mm,OK,--,4:52:10 PM,4/5/2026,
333,39.6,gf,1.065,mm,OK,--,4:52:10 PM,4/5/2026,
334,39.5,gf,1.070,mm,OK,--,4:52:11 PM,4/5/2026,
335,39.4,gf,1.075,mm,OK,--,4:52:11 PM,4/5/2026,
336,39.3,gf,1.075,mm,OK,--,4:52:11 PM,4/5/2026,
337,39.4,gf,1.080,mm,OK,--,4:52:11 PM,4/5/2026,
338,39.5,gf,1.080,mm,OK,--,4:52:11 PM,4/5/2026,
339,39.6,gf,1.085,mm,OK,--,4:52:11 PM,4/5/2026,
340,39.7,gf,1.090,mm,OK,--,4:52:11 PM,4/5/2026,
341,39.7,gf,1.090,mm,OK,--,4:52:11 PM,4/5/2026,
342,39.9,gf,1.095,mm,OK,--,4:52:11 PM,4/5/2026,
343,39.9,gf,1.095,mm,OK,--,4:52:11 PM,4/5/2026,
344,39.9,gf,1.100,mm,OK,--,4:52:12 PM,4/5/2026,
345,39.8,gf,1.100,mm,OK,--,4:52:12 PM,4/5/2026,
346,39.8,gf,1.105,mm,OK,--,4:52:12 PM,4/5/2026,
347,39.8,gf,1.110,mm,OK,--,4:52:12 PM,4/5/2026,
348,39.7,gf,1.115,mm,OK,--,4:52:12 PM,4/5/2026,
349,39.6,gf,1.120,mm,OK,--,4:52:12 PM,4/5/2026,
350,39.6,gf,1.120,mm,OK,--,4:52:12 PM,4/5/2026,
351,39.6,gf,1.125,mm,OK,--,4:52:12 PM,4/5/2026,
352,39.8,gf,1.130,mm,OK,--,4:52:12 PM,4/5/2026,
353,40.0,gf,1.130,mm,OK,--,4:52:12 PM,4/5/2026,
354,40.1,gf,1.130,mm,OK,--,4:52:13 PM,4/5/2026,
355,40.1,gf,1.135,mm,OK,--,4:52:13 PM,4/5/2026,
356,39.9,gf,1.135,mm,OK,--,4:52:13 PM,4/5/2026,
357,39.8,gf,1.140,mm,OK,--,4:52:13 PM,4/5/2026,
358,40.0,gf,1.140,mm,OK,--,4:52:13 PM,4/5/2026,
359,40.0,gf,1.145,mm,OK,--,4:52:13 PM,4/5/2026,
360,40.0,gf,1.145,mm,OK,--,4:52:13 PM,4/5/2026,
361,40.0,gf,1.145,mm,OK,--,4:52:13 PM,4/5/2026,
362,40.1,gf,1.150,mm,OK,--,4:52:13 PM,4/5/2026,
363,40.1,gf,1.150,mm,OK,--,4:52:13 PM,4/5/2026,
364,40.1,gf,1.150,mm,OK,--,4:52:14 PM,4/5/2026,
365,40.0,gf,1.155,mm,OK,--,4:52:14 PM,4/5/2026,
366,40.0,gf,1.155,mm,OK,--,4:52:14 PM,4/5/2026,
367,40.0,gf,1.160,mm,OK,--,4:52:14 PM,4/5/2026,
368,40.0,gf,1.160,mm,OK,--,4:52:14 PM,4/5/2026,
369,40.1,gf,1.165,mm,OK,--,4:52:14 PM,4/5/2026,
370,40.0,gf,1.165,mm,OK,--,4:52:14 PM,4/5/2026,
371,40.0,gf,1.165,mm,OK,--,4:52:14 PM,4/5/2026,
372,40.1,gf,1.170,mm,OK,--,4:52:14 PM,4/5/2026,
373,40.1,gf,1.170,mm,OK,--,4:52:14 PM,4/5/2026,
374,40.1,gf,1.170,mm,OK,--,4:52:15 PM,4/5/2026,
375,40.1,gf,1.175,mm,OK,--,4:52:15 PM,4/5/2026,
376,40.1,gf,1.175,mm,OK,--,4:52:15 PM,4/5/2026,
377,40.1,gf,1.175,mm,OK,--,4:52:15 PM,4/5/2026,
378,40.0,gf,1.180,mm,OK,--,4:52:15 PM,4/5/2026,
379,40.0,gf,1.180,mm,OK,--,4:52:15 PM,4/5/2026,
380,40.0,gf,1.185,mm,OK,--,4:52:15 PM,4/5/2026,
381,39.9,gf,1.185,mm,OK,--,4:52:15 PM,4/5/2026,
382,39.9,gf,1.190,mm,OK,--,4:52:15 PM,4/5/2026,
383,39.7,gf,1.190,mm,OK,--,4:52:15 PM,4/5/2026,
384,39.8,gf,1.195,mm,OK,--,4:52:16 PM,4/5/2026,
385,40.0,gf,1.200,mm,OK,--,4:52:16 PM,4/5/2026,
386,40.1,gf,1.200,mm,OK,--,4:52:16 PM,4/5/2026,
387,40.2,gf,1.200,mm,OK,--,4:52:16 PM,4/5/2026,
388,40.1,gf,1.205,mm,OK,--,4:52:16 PM,4/5/2026,
389,40.1,gf,1.205,mm,OK,--,4:52:16 PM,4/5/2026,
390,40.0,gf,1.210,mm,OK,--,4:52:16 PM,4/5/2026,
391,39.8,gf,1.215,mm,OK,--,4:52:16 PM,4/5/2026,
392,39.5,gf,1.220,mm,OK,--,4:52:16 PM,4/5/2026,
393,39.8,gf,1.225,mm,OK,--,4:52:16 PM,4/5/2026,
394,40.0,gf,1.230,mm,OK,--,4:52:17 PM,4/5/2026,
395,39.8,gf,1.235,mm,OK,--,4:52:17 PM,4/5/2026,
396,39.7,gf,1.240,mm,OK,--,4:52:17 PM,4/5/2026,
397,39.7,gf,1.240,mm,OK,--,4:52:17 PM,4/5/2026,
398,39.6,gf,1.245,mm,OK,--,4:52:17 PM,4/5/2026,
399,39.7,gf,1.245,mm,OK,--,4:52:17 PM,4/5/2026,
400,39.7,gf,1.250,mm,OK,--,4:52:17 PM,4/5/2026,
401,39.8,gf,1.250,mm,OK,--,4:52:17 PM,4/5/2026,
402,39.7,gf,1.250,mm,OK,--,4:52:17 PM,4/5/2026,
403,39.5,gf,1.255,mm,OK,--,4:52:17 PM,4/5/2026,
404,39.7,gf,1.260,mm,OK,--,4:52:18 PM,4/5/2026,
405,39.7,gf,1.260,mm,OK,--,4:52:18 PM,4/5/2026,
406,39.7,gf,1.265,mm,OK,--,4:52:18 PM,4/5/2026,
407,39.7,gf,1.270,mm,OK,--,4:52:18 PM,4/5/2026,
408,39.7,gf,1.270,mm,OK,--,4:52:18 PM,4/5/2026,
409,39.7,gf,1.275,mm,OK,--,4:52:18 PM,4/5/2026,
410,39.8,gf,1.275,mm,OK,--,4:52:18 PM,4/5/2026,
411,39.9,gf,1.280,mm,OK,--,4:52:18 PM,4/5/2026,
412,39.9,gf,1.280,mm,OK,--,4:52:18 PM,4/5/2026,
413,39.9,gf,1.280,mm,OK,--,4:52:18 PM,4/5/2026,
414,40.2,gf,1.285,mm,OK,--,4:52:19 PM,4/5/2026,
415,40.1,gf,1.285,mm,OK,--,4:52:19 PM,4/5/2026,
416,40.1,gf,1.285,mm,OK,--,4:52:19 PM,4/5/2026,
417,40.1,gf,1.290,mm,OK,--,4:52:19 PM,4/5/2026,
418,40.1,gf,1.290,mm,OK,--,4:52:19 PM,4/5/2026,
419,39.9,gf,1.290,mm,OK,--,4:52:19 PM,4/5/2026,
420,39.9,gf,1.295,mm,OK,--,4:52:19 PM,4/5/2026,
421,40.0,gf,1.295,mm,OK,--,4:52:19 PM,4/5/2026,
422,40.0,gf,1.300,mm,OK,--,4:52:19 PM,4/5/2026,
423,40.0,gf,1.300,mm,OK,--,4:52:19 PM,4/5/2026,
424,40.0,gf,1.300,mm,OK,--,4:52:20 PM,4/5/2026,
425,40.0,gf,1.305,mm,OK,--,4:52:20 PM,4/5/2026,
426,40.1,gf,1.310,mm,OK,--,4:52:20 PM,4/5/2026,
427,40.0,gf,1.310,mm,OK,--,4:52:20 PM,4/5/2026,
428,40.1,gf,1.315,mm,OK,--,4:52:20 PM,4/5/2026,
429,40.1,gf,1.320,mm,OK,--,4:52:20 PM,4/5/2026,
430,40.2,gf,1.320,mm,OK,--,4:52:20 PM,4/5/2026,
431,40.3,gf,1.325,mm,OK,--,4:52:20 PM,4/5/2026,
432,40.2,gf,1.325,mm,OK,--,4:52:20 PM,4/5/2026,
433,40.3,gf,1.330,mm,OK,--,4:52:20 PM,4/5/2026,
434,40.2,gf,1.335,mm,OK,--,4:52:21 PM,4/5/2026,
435,40.2,gf,1.340,mm,OK,--,4:52:21 PM,4/5/2026,
436,40.1,gf,1.350,mm,OK,--,4:52:21 PM,4/5/2026,
437,40.0,gf,1.355,mm,OK,--,4:52:21 PM,4/5/2026,
438,40.0,gf,1.365,mm,OK,--,4:52:21 PM,4/5/2026,
439,40.3,gf,1.380,mm,OK,--,4:52:21 PM,4/5/2026,
440,40.4,gf,1.395,mm,OK,--,4:52:21 PM,4/5/2026,
441,40.4,gf,1.410,mm,OK,--,4:52:21 PM,4/5/2026,
442,40.2,gf,1.430,mm,OK,--,4:52:21 PM,4/5/2026,
443,40.2,gf,1.440,mm,OK,--,4:52:21 PM,4/5/2026,
444,40.4,gf,1.455,mm,OK,--,4:52:22 PM,4/5/2026,
445,40.6,gf,1.460,mm,OK,--,4:52:22 PM,4/5/2026,
446,40.5,gf,1.470,mm,OK,--,4:52:22 PM,4/5/2026,
447,40.5,gf,1.480,mm,OK,--,4:52:22 PM,4/5/2026,
448,40.5,gf,1.490,mm,OK,--,4:52:22 PM,4/5/2026,
449,40.6,gf,1.495,mm,OK,--,4:52:22 PM,4/5/2026,
450,40.6,gf,1.500,mm,OK,--,4:52:22 PM,4/5/2026,
451,40.5,gf,1.505,mm,OK,--,4:52:22 PM,4/5/2026,
452,40.5,gf,1.510,mm,OK,--,4:52:22 PM,4/5/2026,
453,40.6,gf,1.520,mm,OK,--,4:52:22 PM,4/5/2026,
454,40.6,gf,1.530,mm,OK,--,4:52:23 PM,4/5/2026,
455,40.6,gf,1.535,mm,OK,--,4:52:23 PM,4/5/2026,
456,40.8,gf,1.540,mm,OK,--,4:52:23 PM,4/5/2026,
457,40.8,gf,1.545,mm,OK,--,4:52:23 PM,4/5/2026,
458,40.9,gf,1.550,mm,OK,--,4:52:23 PM,4/5/2026,
459,40.7,gf,1.555,mm,OK,--,4:52:23 PM,4/5/2026,
460,40.6,gf,1.560,mm,OK,--,4:52:23 PM,4/5/2026,
461,40.6,gf,1.560,mm,OK,--,4:52:23 PM,4/5/2026,
462,40.6,gf,1.565,mm,OK,--,4:52:23 PM,4/5/2026,
463,40.7,gf,1.565,mm,OK,--,4:52:23 PM,4/5/2026,
464,40.7,gf,1.570,mm,OK,--,4:52:24 PM,4/5/2026,
465,40.7,gf,1.570,mm,OK,--,4:52:24 PM,4/5/2026,
466,40.7,gf,1.575,mm,OK,--,4:52:24 PM,4/5/2026,
467,40.8,gf,1.575,mm,OK,--,4:52:24 PM,4/5/2026,
468,40.7,gf,1.580,mm,OK,--,4:52:24 PM,4/5/2026,
469,40.7,gf,1.580,mm,OK,--,4:52:24 PM,4/5/2026,
470,40.7,gf,1.580,mm,OK,--,4:52:24 PM,4/5/2026,
471,40.7,gf,1.585,mm,OK,--,4:52:24 PM,4/5/2026,
472,40.8,gf,1.585,mm,OK,--,4:52:24 PM,4/5/2026,
473,40.9,gf,1.585,mm,OK,--,4:52:24 PM,4/5/2026,
474,40.7,gf,1.590,mm,OK,--,4:52:25 PM,4/5/2026,
475,40.8,gf,1.590,mm,OK,--,4:52:25 PM,4/5/2026,
476,40.9,gf,1.590,mm,OK,--,4:52:25 PM,4/5/2026,
477,40.8,gf,1.595,mm,OK,--,4:52:25 PM,4/5/2026,
478,40.9,gf,1.595,mm,OK,--,4:52:25 PM,4/5/2026,
479,40.9,gf,1.595,mm,OK,--,4:52:25 PM,4/5/2026,
480,41.0,gf,1.600,mm,OK,--,4:52:25 PM,4/5/2026,
481,40.9,gf,1.600,mm,OK,--,4:52:25 PM,4/5/2026,
482,41.1,gf,1.600,mm,OK,--,4:52:25 PM,4/5/2026,
483,40.9,gf,1.600,mm,OK,--,4:52:25 PM,4/5/2026,
484,41.0,gf,1.605,mm,OK,--,4:52:26 PM,4/5/2026,
485,40.8,gf,1.605,mm,OK,--,4:52:26 PM,4/5/2026,
486,41.1,gf,1.605,mm,OK,--,4:52:26 PM,4/5/2026,
487,41.0,gf,1.610,mm,OK,--,4:52:26 PM,4/5/2026,
488,41.0,gf,1.610,mm,OK,--,4:52:26 PM,4/5/2026,
489,41.0,gf,1.615,mm,OK,--,4:52:26 PM,4/5/2026,
490,40.9,gf,1.615,mm,OK,--,4:52:26 PM,4/5/2026,
491,41.1,gf,1.615,mm,OK,--,4:52:26 PM,4/5/2026,
492,40.9,gf,1.620,mm,OK,--,4:52:26 PM,4/5/2026,
493,40.9,gf,1.620,mm,OK,--,4:52:26 PM,4/5/2026,
494,40.9,gf,1.625,mm,OK,--,4:52:27 PM,4/5/2026,
495,40.9,gf,1.630,mm,OK,--,4:52:27 PM,4/5/2026,
496,40.9,gf,1.630,mm,OK,--,4:52:27 PM,4/5/2026,
497,40.8,gf,1.635,mm,OK,--,4:52:27 PM,4/5/2026,
498,41.0,gf,1.635,mm,OK,--,4:52:27 PM,4/5/2026,
499,41.2,gf,1.635,mm,OK,--,4:52:27 PM,4/5/2026,
500,41.2,gf,1.635,mm,OK,--,4:52:27 PM,4/5/2026,
501,41.1,gf,1.640,mm,OK,--,4:52:27 PM,4/5/2026,
502,41.1,gf,1.640,mm,OK,--,4:52:27 PM,4/5/2026,
503,41.2,gf,1.640,mm,OK,--,4:52:27 PM,4/5/2026,
504,41.3,gf,1.645,mm,OK,--,4:52:28 PM,4/5/2026,
505,41.2,gf,1.645,mm,OK,--,4:52:28 PM,4/5/2026,
506,41.2,gf,1.650,mm,OK,--,4:52:28 PM,4/5/2026,
507,41.1,gf,1.650,mm,OK,--,4:52:28 PM,4/5/2026,
508,41.1,gf,1.655,mm,OK,--,4:52:28 PM,4/5/2026,
509,41.1,gf,1.660,mm,OK,--,4:52:28 PM,4/5/2026,
510,41.0,gf,1.660,mm,OK,--,4:52:28 PM,4/5/2026,
511,41.0,gf,1.665,mm,OK,--,4:52:28 PM,4/5/2026,
512,41.0,gf,1.665,mm,OK,--,4:52:28 PM,4/5/2026,
513,41.1,gf,1.670,mm,OK,--,4:52:28 PM,4/5/2026,
514,41.2,gf,1.670,mm,OK,--,4:52:29 PM,4/5/2026,
515,41.1,gf,1.670,mm,OK,--,4:52:29 PM,4/5/2026,
516,41.2,gf,1.675,mm,OK,--,4:52:29 PM,4/5/2026,
517,41.1,gf,1.680,mm,OK,--,4:52:29 PM,4/5/2026,
518,41.1,gf,1.680,mm,OK,--,4:52:29 PM,4/5/2026,
519,41.2,gf,1.680,mm,OK,--,4:52:29 PM,4/5/2026,
520,41.2,gf,1.685,mm,OK,--,4:52:29 PM,4/5/2026,
521,41.3,gf,1.685,mm,OK,--,4:52:29 PM,4/5/2026,
522,41.3,gf,1.685,mm,OK,--,4:52:29 PM,4/5/2026,
523,41.3,gf,1.690,mm,OK,--,4:52:29 PM,4/5/2026,
524,41.2,gf,1.690,mm,OK,--,4:52:30 PM,4/5/2026,
525,41.2,gf,1.695,mm,OK,--,4:52:30 PM,4/5/2026,
526,41.3,gf,1.695,mm,OK,--,4:52:30 PM,4/5/2026,
527,41.3,gf,1.700,mm,OK,--,4:52:30 PM,4/5/2026,
528,41.3,gf,1.700,mm,OK,--,4:52:30 PM,4/5/2026,
529,41.3,gf,1.700,mm,OK,--,4:52:30 PM,4/5/2026,
530,41.4,gf,1.705,mm,OK,--,4:52:30 PM,4/5/2026,
531,41.4,gf,1.705,mm,OK,--,4:52:30 PM,4/5/2026,
532,41.5,gf,1.705,mm,OK,--,4:52:30 PM,4/5/2026,
533,41.6,gf,1.710,mm,OK,--,4:52:30 PM,4/5/2026,
534,41.5,gf,1.710,mm,OK,--,4:52:31 PM,4/5/2026,
535,41.4,gf,1.710,mm,OK,--,4:52:31 PM,4/5/2026,
536,41.3,gf,1.710,mm,OK,--,4:52:31 PM,4/5/2026,
537,41.3,gf,1.715,mm,OK,--,4:52:31 PM,4/5/2026,
538,41.2,gf,1.715,mm,OK,--,4:52:31 PM,4/5/2026,
539,41.3,gf,1.715,mm,OK,--,4:52:31 PM,4/5/2026,
540,41.2,gf,1.720,mm,OK,--,4:52:31 PM,4/5/2026,
541,41.1,gf,1.725,mm,OK,--,4:52:31 PM,4/5/2026,
542,41.0,gf,1.730,mm,OK,--,4:52:31 PM,4/5/2026,
543,41.2,gf,1.735,mm,OK,--,4:52:31 PM,4/5/2026,
544,41.3,gf,1.740,mm,OK,--,4:52:32 PM,4/5/2026,
545,41.3,gf,1.745,mm,OK,--,4:52:32 PM,4/5/2026,
546,41.3,gf,1.750,mm,OK,--,4:52:32 PM,4/5/2026,
547,41.2,gf,1.755,mm,OK,--,4:52:32 PM,4/5/2026,
548,41.3,gf,1.760,mm,OK,--,4:52:32 PM,4/5/2026,
549,41.5,gf,1.760,mm,OK,--,4:52:32 PM,4/5/2026,
550,41.5,gf,1.765,mm,OK,--,4:52:32 PM,4/5/2026,
551,41.4,gf,1.770,mm,OK,--,4:52:32 PM,4/5/2026,
552,41.3,gf,1.775,mm,OK,--,4:52:32 PM,4/5/2026,
553,41.5,gf,1.780,mm,OK,--,4:52:32 PM,4/5/2026,
554,41.5,gf,1.785,mm,OK,--,4:52:33 PM,4/5/2026,
555,41.4,gf,1.790,mm,OK,--,4:52:33 PM,4/5/2026,
556,41.6,gf,1.795,mm,OK,--,4:52:33 PM,4/5/2026,
557,41.5,gf,1.800,mm,OK,--,4:52:33 PM,4/5/2026,
558,41.5,gf,1.805,mm,OK,--,4:52:33 PM,4/5/2026,
559,41.5,gf,1.810,mm,OK,--,4:52:33 PM,4/5/2026,
560,41.4,gf,1.815,mm,OK,--,4:52:33 PM,4/5/2026,
561,41.5,gf,1.820,mm,OK,--,4:52:33 PM,4/5/2026,
562,41.6,gf,1.825,mm,OK,--,4:52:33 PM,4/5/2026,
563,41.4,gf,1.830,mm,OK,--,4:52:33 PM,4/5/2026,
564,41.5,gf,1.835,mm,OK,--,4:52:34 PM,4/5/2026,
565,41.7,gf,1.840,mm,OK,--,4:52:34 PM,4/5/2026,
566,41.7,gf,1.845,mm,OK,--,4:52:34 PM,4/5/2026,
567,41.6,gf,1.850,mm,OK,--,4:52:34 PM,4/5/2026,
568,41.5,gf,1.860,mm,OK,--,4:52:34 PM,4/5/2026,
569,41.7,gf,1.865,mm,OK,--,4:52:34 PM,4/5/2026,
570,41.7,gf,1.870,mm,OK,--,4:52:34 PM,4/5/2026,
571,41.7,gf,1.875,mm,OK,--,4:52:34 PM,4/5/2026,
572,41.7,gf,1.885,mm,OK,--,4:52:34 PM,4/5/2026,
573,41.8,gf,1.890,mm,OK,--,4:52:34 PM,4/5/2026,
574,41.8,gf,1.895,mm,OK,--,4:52:35 PM,4/5/2026,
575,41.9,gf,1.900,mm,OK,--,4:52:35 PM,4/5/2026,
576,41.8,gf,1.905,mm,OK,--,4:52:35 PM,4/5/2026,
577,41.8,gf,1.910,mm,OK,--,4:52:35 PM,4/5/2026,
578,41.7,gf,1.915,mm,OK,--,4:52:35 PM,4/5/2026,
579,41.6,gf,1.920,mm,OK,--,4:52:35 PM,4/5/2026,
580,41.7,gf,1.925,mm,OK,--,4:52:35 PM,4/5/2026,
581,41.9,gf,1.925,mm,OK,--,4:52:35 PM,4/5/2026,
582,41.8,gf,1.930,mm,OK,--,4:52:35 PM,4/5/2026,
583,41.9,gf,1.935,mm,OK,--,4:52:35 PM,4/5/2026,
584,41.8,gf,1.940,mm,OK,--,4:52:36 PM,4/5/2026,
585,41.8,gf,1.945,mm,OK,--,4:52:36 PM,4/5/2026,
586,41.8,gf,1.945,mm,OK,--,4:52:36 PM,4/5/2026,
587,41.9,gf,1.950,mm,OK,--,4:52:36 PM,4/5/2026,
588,41.9,gf,1.950,mm,OK,--,4:52:36 PM,4/5/2026,
589,41.8,gf,1.955,mm,OK,--,4:52:36 PM,4/5/2026,
590,41.9,gf,1.955,mm,OK,--,4:52:36 PM,4/5/2026,
591,41.9,gf,1.960,mm,OK,--,4:52:36 PM,4/5/2026,
592,41.9,gf,1.960,mm,OK,--,4:52:36 PM,4/5/2026,
593,41.9,gf,1.965,mm,OK,--,4:52:36 PM,4/5/2026,
594,41.7,gf,1.970,mm,OK,--,4:52:37 PM,4/5/2026,
595,41.7,gf,1.975,mm,OK,--,4:52:37 PM,4/5/2026,
596,41.7,gf,1.980,mm,OK,--,4:52:37 PM,4/5/2026,
597,41.9,gf,1.985,mm,OK,--,4:52:37 PM,4/5/2026,
598,41.9,gf,1.990,mm,OK,--,4:52:37 PM,4/5/2026,
599,42.0,gf,1.995,mm,OK,--,4:52:37 PM,4/5/2026,
600,41.9,gf,2.000,mm,OK,--,4:52:37 PM,4/5/2026,
601,42.0,gf,2.000,mm,OK,--,4:52:37 PM,4/5/2026,
602,41.8,gf,2.005,mm,OK,--,4:52:37 PM,4/5/2026,
603,41.9,gf,2.010,mm,OK,--,4:52:37 PM,4/5/2026,
604,41.9,gf,2.015,mm,OK,--,4:52:38 PM,4/5/2026,
605,41.9,gf,2.015,mm,OK,--,4:52:38 PM,4/5/2026,
606,41.9,gf,2.020,mm,OK,--,4:52:38 PM,4/5/2026,
607,41.9,gf,2.020,mm,OK,--,4:52:38 PM,4/5/2026,
608,41.9,gf,2.025,mm,OK,--,4:52:38 PM,4/5/2026,
609,41.9,gf,2.025,mm,OK,--,4:52:38 PM,4/5/2026,
610,41.9,gf,2.030,mm,OK,--,4:52:38 PM,4/5/2026,
611,41.9,gf,2.035,mm,OK,--,4:52:38 PM,4/5/2026,
612,41.9,gf,2.035,mm,OK,--,4:52:38 PM,4/5/2026,
613,41.8,gf,2.040,mm,OK,--,4:52:38 PM,4/5/2026,
614,41.9,gf,2.045,mm,OK,--,4:52:39 PM,4/5/2026,
615,42.0,gf,2.045,mm,OK,--,4:52:39 PM,4/5/2026,
616,42.0,gf,2.050,mm,OK,--,4:52:39 PM,4/5/2026,
617,42.0,gf,2.055,mm,OK,--,4:52:39 PM,4/5/2026,
618,42.0,gf,2.060,mm,OK,--,4:52:39 PM,4/5/2026,
619,42.0,gf,2.065,mm,OK,--,4:52:39 PM,4/5/2026,
620,42.0,gf,2.070,mm,OK,--,4:52:39 PM,4/5/2026,
621,41.9,gf,2.070,mm,OK,--,4:52:39 PM,4/5/2026,
622,41.9,gf,2.075,mm,OK,--,4:52:39 PM,4/5/2026,
623,41.9,gf,2.080,mm,OK,--,4:52:39 PM,4/5/2026,
624,41.9,gf,2.085,mm,OK,--,4:52:40 PM,4/5/2026,
625,41.9,gf,2.085,mm,OK,--,4:52:40 PM,4/5/2026,
626,42.0,gf,2.090,mm,OK,--,4:52:40 PM,4/5/2026,
627,42.0,gf,2.095,mm,OK,--,4:52:40 PM,4/5/2026,
628,42.1,gf,2.100,mm,OK,--,4:52:40 PM,4/5/2026,
629,42.1,gf,2.105,mm,OK,--,4:52:40 PM,4/5/2026,
630,42.1,gf,2.110,mm,OK,--,4:52:40 PM,4/5/2026,
631,42.1,gf,2.115,mm,OK,--,4:52:40 PM,4/5/2026,
632,42.2,gf,2.120,mm,OK,--,4:52:40 PM,4/5/2026,
633,42.0,gf,2.125,mm,OK,--,4:52:40 PM,4/5/2026,
634,42.0,gf,2.130,mm,OK,--,4:52:41 PM,4/5/2026,
635,42.0,gf,2.135,mm,OK,--,4:52:41 PM,4/5/2026,
636,42.0,gf,2.140,mm,OK,--,4:52:41 PM,4/5/2026,
637,42.0,gf,2.140,mm,OK,--,4:52:41 PM,4/5/2026,
638,42.0,gf,2.145,mm,OK,--,4:52:41 PM,4/5/2026,
639,42.1,gf,2.150,mm,OK,--,4:52:41 PM,4/5/2026,
640,42.2,gf,2.150,mm,OK,--,4:52:41 PM,4/5/2026,
641,42.2,gf,2.155,mm,OK,--,4:52:41 PM,4/5/2026,
642,42.2,gf,2.160,mm,OK,--,4:52:41 PM,4/5/2026,
643,42.2,gf,2.160,mm,OK,--,4:52:41 PM,4/5/2026,
644,42.2,gf,2.165,mm,OK,--,4:52:42 PM,4/5/2026,
645,42.2,gf,2.170,mm,OK,--,4:52:42 PM,4/5/2026,
646,42.2,gf,2.170,mm,OK,--,4:52:42 PM,4/5/2026,
647,42.2,gf,2.170,mm,OK,--,4:52:42 PM,4/5/2026,
648,42.3,gf,2.175,mm,OK,--,4:52:42 PM,4/5/2026,
649,42.3,gf,2.175,mm,OK,--,4:52:42 PM,4/5/2026,
650,42.3,gf,2.180,mm,OK,--,4:52:42 PM,4/5/2026,
651,42.3,gf,2.180,mm,OK,--,4:52:42 PM,4/5/2026,
652,42.3,gf,2.185,mm,OK,--,4:52:42 PM,4/5/2026,
653,42.2,gf,2.185,mm,OK,--,4:52:42 PM,4/5/2026,
654,42.3,gf,2.190,mm,OK,--,4:52:43 PM,4/5/2026,
655,42.3,gf,2.195,mm,OK,--,4:52:43 PM,4/5/2026,
656,42.4,gf,2.195,mm,OK,--,4:52:43 PM,4/5/2026,
657,42.3,gf,2.200,mm,OK,--,4:52:43 PM,4/5/2026,
658,42.3,gf,2.200,mm,OK,--,4:52:43 PM,4/5/2026,
659,42.3,gf,2.205,mm,OK,--,4:52:43 PM,4/5/2026,
660,42.2,gf,2.210,mm,OK,--,4:52:43 PM,4/5/2026,
661,42.4,gf,2.215,mm,OK,--,4:52:43 PM,4/5/2026,
662,42.4,gf,2.220,mm,OK,--,4:52:43 PM,4/5/2026,
663,42.5,gf,2.220,mm,OK,--,4:52:43 PM,4/5/2026,
664,42.5,gf,2.225,mm,OK,--,4:52:44 PM,4/5/2026,
665,42.6,gf,2.230,mm,OK,--,4:52:44 PM,4/5/2026,
666,42.5,gf,2.230,mm,OK,--,4:52:44 PM,4/5/2026,
667,42.5,gf,2.235,mm,OK,--,4:52:44 PM,4/5/2026,
668,42.4,gf,2.240,mm,OK,--,4:52:44 PM,4/5/2026,
669,42.5,gf,2.240,mm,OK,--,4:52:44 PM,4/5/2026,
670,42.5,gf,2.245,mm,OK,--,4:52:44 PM,4/5/2026,
671,42.5,gf,2.245,mm,OK,--,4:52:44 PM,4/5/2026,
672,42.5,gf,2.250,mm,OK,--,4:52:44 PM,4/5/2026,
673,42.5,gf,2.250,mm,OK,--,4:52:44 PM,4/5/2026,
674,42.5,gf,2.255,mm,OK,--,4:52:45 PM,4/5/2026,
675,42.4,gf,2.255,mm,OK,--,4:52:45 PM,4/5/2026,
676,42.3,gf,2.255,mm,OK,--,4:52:45 PM,4/5/2026,
677,42.4,gf,2.255,mm,OK,--,4:52:45 PM,4/5/2026,
678,42.5,gf,2.255,mm,OK,--,4:52:45 PM,4/5/2026,
679,42.5,gf,2.255,mm,OK,--,4:52:45 PM,4/5/2026,
680,42.7,gf,2.260,mm,OK,--,4:52:45 PM,4/5/2026,
681,42.8,gf,2.260,mm,OK,--,4:52:45 PM,4/5/2026,
682,42.6,gf,2.260,mm,OK,--,4:52:45 PM,4/5/2026,
683,42.7,gf,2.260,mm,OK,--,4:52:45 PM,4/5/2026,
684,42.7,gf,2.260,mm,OK,--,4:52:46 PM,4/5/2026,
685,42.7,gf,2.265,mm,OK,--,4:52:46 PM,4/5/2026,
686,42.7,gf,2.265,mm,OK,--,4:52:46 PM,4/5/2026,
687,42.7,gf,2.265,mm,OK,--,4:52:46 PM,4/5/2026,
688,42.6,gf,2.270,mm,OK,--,4:52:46 PM,4/5/2026,
689,42.6,gf,2.270,mm,OK,--,4:52:46 PM,4/5/2026,
690,42.6,gf,2.270,mm,OK,--,4:52:46 PM,4/5/2026,
691,42.5,gf,2.275,mm,OK,--,4:52:46 PM,4/5/2026,
692,42.5,gf,2.275,mm,OK,--,4:52:46 PM,4/5/2026,
693,42.4,gf,2.280,mm,OK,--,4:52:46 PM,4/5/2026,
694,42.4,gf,2.280,mm,OK,--,4:52:47 PM,4/5/2026,
695,42.6,gf,2.280,mm,OK,--,4:52:47 PM,4/5/2026,
696,42.5,gf,2.285,mm,OK,--,4:52:47 PM,4/5/2026,
697,42.4,gf,2.285,mm,OK,--,4:52:47 PM,4/5/2026,
698,42.3,gf,2.290,mm,OK,--,4:52:47 PM,4/5/2026,
699,42.2,gf,2.295,mm,OK,--,4:52:47 PM,4/5/2026,
700,42.1,gf,2.310,mm,OK,--,4:52:47 PM,4/5/2026,
701,42.3,gf,2.320,mm,OK,--,4:52:47 PM,4/5/2026,
702,42.4,gf,2.325,mm,OK,--,4:52:47 PM,4/5/2026,
703,42.4,gf,2.330,mm,OK,--,4:52:47 PM,4/5/2026,
704,42.5,gf,2.330,mm,OK,--,4:52:48 PM,4/5/2026,
705,42.3,gf,2.335,mm,OK,--,4:52:48 PM,4/5/2026,
706,42.3,gf,2.345,mm,OK,--,4:52:48 PM,4/5/2026,
707,42.4,gf,2.345,mm,OK,--,4:52:48 PM,4/5/2026,
708,42.5,gf,2.350,mm,OK,--,4:52:48 PM,4/5/2026,
709,42.4,gf,2.355,mm,OK,--,4:52:48 PM,4/5/2026,
710,42.5,gf,2.365,mm,OK,--,4:52:48 PM,4/5/2026,
711,42.5,gf,2.370,mm,OK,--,4:52:48 PM,4/5/2026,
712,42.5,gf,2.375,mm,OK,--,4:52:48 PM,4/5/2026,
713,42.6,gf,2.385,mm,OK,--,4:52:48 PM,4/5/2026,
714,42.6,gf,2.390,mm,OK,--,4:52:49 PM,4/5/2026,
715,42.5,gf,2.390,mm,OK,--,4:52:49 PM,4/5/2026,
716,42.5,gf,2.395,mm,OK,--,4:52:49 PM,4/5/2026,
717,42.6,gf,2.395,mm,OK,--,4:52:49 PM,4/5/2026,
718,42.6,gf,2.395,mm,OK,--,4:52:49 PM,4/5/2026,
719,42.7,gf,2.400,mm,OK,--,4:52:49 PM,4/5/2026,
720,42.5,gf,2.405,mm,OK,--,4:52:49 PM,4/5/2026,
721,42.5,gf,2.415,mm,OK,--,4:52:49 PM,4/5/2026,
722,42.4,gf,2.420,mm,OK,--,4:52:49 PM,4/5/2026,
723,42.5,gf,2.425,mm,OK,--,4:52:49 PM,4/5/2026,
724,42.5,gf,2.430,mm,OK,--,4:52:50 PM,4/5/2026,
725,42.4,gf,2.435,mm,OK,--,4:52:50 PM,4/5/2026,
726,42.3,gf,2.445,mm,OK,--,4:52:50 PM,4/5/2026,
727,42.5,gf,2.455,mm,OK,--,4:52:50 PM,4/5/2026,
728,42.5,gf,2.465,mm,OK,--,4:52:50 PM,4/5/2026,
729,42.6,gf,2.480,mm,OK,--,4:52:50 PM,4/5/2026,
730,42.7,gf,2.500,mm,OK,--,4:52:50 PM,4/5/2026,
731,42.7,gf,2.530,mm,OK,--,4:52:50 PM,4/5/2026,
732,42.7,gf,2.550,mm,OK,--,4:52:50 PM,4/5/2026,
733,42.8,gf,2.565,mm,OK,--,4:52:50 PM,4/5/2026,
734,42.8,gf,2.580,mm,OK,--,4:52:51 PM,4/5/2026,
735,42.8,gf,2.590,mm,OK,--,4:52:51 PM,4/5/2026,
736,43.0,gf,2.600,mm,OK,--,4:52:51 PM,4/5/2026,
737,42.9,gf,2.605,mm,OK,--,4:52:51 PM,4/5/2026,
738,42.9,gf,2.615,mm,OK,--,4:52:51 PM,4/5/2026,
739,42.9,gf,2.625,mm,OK,--,4:52:51 PM,4/5/2026,
740,43.0,gf,2.630,mm,OK,--,4:52:51 PM,4/5/2026,
741,43.0,gf,2.635,mm,OK,--,4:52:51 PM,4/5/2026,
742,43.1,gf,2.640,mm,OK,--,4:52:51 PM,4/5/2026,
743,43.2,gf,2.645,mm,OK,--,4:52:51 PM,4/5/2026,
744,43.2,gf,2.650,mm,OK,--,4:52:52 PM,4/5/2026,
745,43.1,gf,2.655,mm,OK,--,4:52:52 PM,4/5/2026,
746,43.2,gf,2.665,mm,OK,--,4:52:52 PM,4/5/2026,
747,43.4,gf,2.670,mm,OK,--,4:52:52 PM,4/5/2026,
748,43.3,gf,2.675,mm,OK,--,4:52:52 PM,4/5/2026,
749,43.3,gf,2.685,mm,OK,--,4:52:52 PM,4/5/2026,
750,43.2,gf,2.695,mm,OK,--,4:52:52 PM,4/5/2026,
751,43.4,gf,2.700,mm,OK,--,4:52:52 PM,4/5/2026,
752,43.4,gf,2.705,mm,OK,--,4:52:52 PM,4/5/2026,
753,43.5,gf,2.710,mm,OK,--,4:52:52 PM,4/5/2026,
754,43.4,gf,2.715,mm,OK,--,4:52:53 PM,4/5/2026,
755,43.5,gf,2.715,mm,OK,--,4:52:53 PM,4/5/2026,
756,43.5,gf,2.720,mm,OK,--,4:52:53 PM,4/5/2026,
757,43.6,gf,2.720,mm,OK,--,4:52:53 PM,4/5/2026,
758,43.6,gf,2.725,mm,OK,--,4:52:53 PM,4/5/2026,
759,43.5,gf,2.730,mm,OK,--,4:52:53 PM,4/5/2026,
760,43.5,gf,2.730,mm,OK,--,4:52:53 PM,4/5/2026,
761,43.6,gf,2.735,mm,OK,--,4:52:53 PM,4/5/2026,
762,43.5,gf,2.740,mm,OK,--,4:52:53 PM,4/5/2026,
763,43.3,gf,2.750,mm,OK,--,4:52:53 PM,4/5/2026,
764,43.4,gf,2.760,mm,OK,--,4:52:54 PM,4/5/2026,
765,43.5,gf,2.770,mm,OK,--,4:52:54 PM,4/5/2026,
766,43.3,gf,2.780,mm,OK,--,4:52:54 PM,4/5/2026,
767,43.4,gf,2.785,mm,OK,--,4:52:54 PM,4/5/2026,
768,43.4,gf,2.795,mm,OK,--,4:52:54 PM,4/5/2026,
769,43.4,gf,2.810,mm,OK,--,4:52:54 PM,4/5/2026,
770,43.6,gf,2.820,mm,OK,--,4:52:54 PM,4/5/2026,
771,43.5,gf,2.830,mm,OK,--,4:52:54 PM,4/5/2026,
772,43.5,gf,2.835,mm,OK,--,4:52:54 PM,4/5/2026,
773,43.6,gf,2.845,mm,OK,--,4:52:54 PM,4/5/2026,
774,43.7,gf,2.850,mm,OK,--,4:52:55 PM,4/5/2026,
775,43.7,gf,2.855,mm,OK,--,4:52:55 PM,4/5/2026,
776,43.7,gf,2.860,mm,OK,--,4:52:55 PM,4/5/2026,
777,43.8,gf,2.865,mm,OK,--,4:52:55 PM,4/5/2026,
778,43.7,gf,2.870,mm,OK,--,4:52:55 PM,4/5/2026,
779,43.7,gf,2.875,mm,OK,--,4:52:55 PM,4/5/2026,
780,43.7,gf,2.875,mm,OK,--,4:52:55 PM,4/5/2026,
781,43.9,gf,2.880,mm,OK,--,4:52:55 PM,4/5/2026,
782,43.8,gf,2.885,mm,OK,--,4:52:55 PM,4/5/2026,
783,43.9,gf,2.890,mm,OK,--,4:52:55 PM,4/5/2026,
784,43.8,gf,2.895,mm,OK,--,4:52:56 PM,4/5/2026,
785,43.8,gf,2.900,mm,OK,--,4:52:56 PM,4/5/2026,
786,43.6,gf,2.910,mm,OK,--,4:52:56 PM,4/5/2026,
787,43.7,gf,2.915,mm,OK,--,4:52:56 PM,4/5/2026,
788,43.8,gf,2.920,mm,OK,--,4:52:56 PM,4/5/2026,
789,43.7,gf,2.925,mm,OK,--,4:52:56 PM,4/5/2026,
790,43.9,gf,2.935,mm,OK,--,4:52:56 PM,4/5/2026,
791,44.0,gf,2.940,mm,OK,--,4:52:56 PM,4/5/2026,
792,44.0,gf,2.945,mm,OK,--,4:52:56 PM,4/5/2026,
793,44.0,gf,2.950,mm,OK,--,4:52:56 PM,4/5/2026,
794,44.0,gf,2.955,mm,OK,--,4:52:57 PM,4/5/2026,
795,44.1,gf,2.960,mm,OK,--,4:52:57 PM,4/5/2026,
796,44.0,gf,2.965,mm,OK,--,4:52:57 PM,4/5/2026,
797,44.0,gf,2.970,mm,OK,--,4:52:57 PM,4/5/2026,
798,44.0,gf,2.970,mm,OK,--,4:52:57 PM,4/5/2026,
799,44.0,gf,2.975,mm,OK,--,4:52:57 PM,4/5/2026,
800,44.0,gf,2.980,mm,OK,--,4:52:57 PM,4/5/2026,
801,44.1,gf,2.980,mm,OK,--,4:52:57 PM,4/5/2026,
802,44.2,gf,2.985,mm,OK,--,4:52:57 PM,4/5/2026,
803,44.1,gf,2.985,mm,OK,--,4:52:57 PM,4/5/2026,
804,44.1,gf,2.990,mm,OK,--,4:52:58 PM,4/5/2026,
805,44.1,gf,2.995,mm,OK,--,4:52:58 PM,4/5/2026,
806,44.1,gf,2.995,mm,OK,--,4:52:58 PM,4/5/2026,
807,44.2,gf,2.995,mm,OK,--,4:52:58 PM,4/5/2026,
808,44.2,gf,3.000,mm,OK,--,4:52:58 PM,4/5/2026,
809,44.2,gf,3.005,mm,OK,--,4:52:58 PM,4/5/2026,
810,44.1,gf,3.005,mm,OK,--,4:52:58 PM,4/5/2026,
811,44.2,gf,3.010,mm,OK,--,4:52:58 PM,4/5/2026,
812,44.0,gf,3.015,mm,OK,--,4:52:58 PM,4/5/2026,
813,44.0,gf,3.020,mm,OK,--,4:52:58 PM,4/5/2026,
814,44.0,gf,3.025,mm,OK,--,4:52:59 PM,4/5/2026,
815,44.2,gf,3.025,mm,OK,--,4:52:59 PM,4/5/2026,
816,44.2,gf,3.030,mm,OK,--,4:52:59 PM,4/5/2026,
817,44.2,gf,3.030,mm,OK,--,4:52:59 PM,4/5/2026,
818,44.2,gf,3.035,mm,OK,--,4:52:59 PM,4/5/2026,
819,44.2,gf,3.040,mm,OK,--,4:52:59 PM,4/5/2026,
820,44.2,gf,3.040,mm,OK,--,4:52:59 PM,4/5/2026,
821,44.3,gf,3.045,mm,OK,--,4:52:59 PM,4/5/2026,
822,44.2,gf,3.045,mm,OK,--,4:52:59 PM,4/5/2026,
823,44.3,gf,3.050,mm,OK,--,4:52:59 PM,4/5/2026,
824,44.4,gf,3.055,mm,OK,--,4:53:00 PM,4/5/2026,
825,44.3,gf,3.055,mm,OK,--,4:53:00 PM,4/5/2026,
826,44.2,gf,3.060,mm,OK,--,4:53:00 PM,4/5/2026,
827,44.1,gf,3.065,mm,OK,--,4:53:00 PM,4/5/2026,
828,44.1,gf,3.065,mm,OK,--,4:53:00 PM,4/5/2026,
829,44.1,gf,3.070,mm,OK,--,4:53:00 PM,4/5/2026,
830,44.1,gf,3.075,mm,OK,--,4:53:00 PM,4/5/2026,
831,44.2,gf,3.080,mm,OK,--,4:53:00 PM,4/5/2026,
832,44.1,gf,3.085,mm,OK,--,4:53:00 PM,4/5/2026,
833,44.2,gf,3.085,mm,OK,--,4:53:00 PM,4/5/2026,
834,44.2,gf,3.090,mm,OK,--,4:53:01 PM,4/5/2026,
835,44.2,gf,3.095,mm,OK,--,4:53:01 PM,4/5/2026,
836,44.3,gf,3.100,mm,OK,--,4:53:01 PM,4/5/2026,
837,44.3,gf,3.100,mm,OK,--,4:53:01 PM,4/5/2026,
838,44.2,gf,3.105,mm,OK,--,4:53:01 PM,4/5/2026,
839,44.2,gf,3.110,mm,OK,--,4:53:01 PM,4/5/2026,
840,44.2,gf,3.115,mm,OK,--,4:53:01 PM,4/5/2026,
841,44.4,gf,3.120,mm,OK,--,4:53:01 PM,4/5/2026,
842,44.3,gf,3.120,mm,OK,--,4:53:01 PM,4/5/2026,
843,44.2,gf,3.125,mm,OK,--,4:53:01 PM,4/5/2026,
844,44.2,gf,3.130,mm,OK,--,4:53:02 PM,4/5/2026,
845,44.2,gf,3.130,mm,OK,--,4:53:02 PM,4/5/2026,
846,44.2,gf,3.135,mm,OK,--,4:53:02 PM,4/5/2026,
847,44.2,gf,3.135,mm,OK,--,4:53:02 PM,4/5/2026,
848,44.2,gf,3.140,mm,OK,--,4:53:02 PM,4/5/2026,
849,44.1,gf,3.145,mm,OK,--,4:53:02 PM,4/5/2026,
850,44.0,gf,3.150,mm,OK,--,4:53:02 PM,4/5/2026,
851,44.1,gf,3.150,mm,OK,--,4:53:02 PM,4/5/2026,
852,44.1,gf,3.155,mm,OK,--,4:53:02 PM,4/5/2026,
853,44.2,gf,3.160,mm,OK,--,4:53:02 PM,4/5/2026,
854,44.2,gf,3.160,mm,OK,--,4:53:03 PM,4/5/2026,
855,44.2,gf,3.165,mm,OK,--,4:53:03 PM,4/5/2026,
856,44.1,gf,3.165,mm,OK,--,4:53:03 PM,4/5/2026,
857,44.1,gf,3.170,mm,OK,--,4:53:03 PM,4/5/2026,
858,44.1,gf,3.175,mm,OK,--,4:53:03 PM,4/5/2026,
859,44.1,gf,3.175,mm,OK,--,4:53:03 PM,4/5/2026,
860,44.1,gf,3.180,mm,OK,--,4:53:03 PM,4/5/2026,
861,44.3,gf,3.185,mm,OK,--,4:53:03 PM,4/5/2026,
862,44.3,gf,3.190,mm,OK,--,4:53:03 PM,4/5/2026,
863,44.2,gf,3.190,mm,OK,--,4:53:03 PM,4/5/2026,
864,44.2,gf,3.195,mm,OK,--,4:53:04 PM,4/5/2026,
865,44.1,gf,3.200,mm,OK,--,4:53:04 PM,4/5/2026,
866,44.1,gf,3.210,mm,OK,--,4:53:04 PM,4/5/2026,
867,44.2,gf,3.215,mm,OK,--,4:53:04 PM,4/5/2026,
868,44.0,gf,3.225,mm,OK,--,4:53:04 PM,4/5/2026,
869,43.9,gf,3.235,mm,OK,--,4:53:04 PM,4/5/2026,
870,44.0,gf,3.250,mm,OK,--,4:53:04 PM,4/5/2026,
871,44.0,gf,3.260,mm,OK,--,4:53:04 PM,4/5/2026,
872,44.2,gf,3.275,mm,OK,--,4:53:04 PM,4/5/2026,
873,43.8,gf,3.290,mm,OK,--,4:53:04 PM,4/5/2026,
874,43.8,gf,3.300,mm,OK,--,4:53:05 PM,4/5/2026,
875,44.0,gf,3.310,mm,OK,--,4:53:05 PM,4/5/2026,
876,43.9,gf,3.330,mm,OK,--,4:53:05 PM,4/5/2026,
877,43.9,gf,3.350,mm,OK,--,4:53:05 PM,4/5/2026,
878,43.8,gf,3.365,mm,OK,--,4:53:05 PM,4/5/2026,
879,43.9,gf,3.370,mm,OK,--,4:53:05 PM,4/5/2026,
880,44.0,gf,3.380,mm,OK,--,4:53:05 PM,4/5/2026,
881,44.0,gf,3.385,mm,OK,--,4:53:05 PM,4/5/2026,
882,43.9,gf,3.390,mm,OK,--,4:53:05 PM,4/5/2026,
883,43.9,gf,3.390,mm,OK,--,4:53:05 PM,4/5/2026,
884,44.0,gf,3.395,mm,OK,--,4:53:06 PM,4/5/2026,
885,44.1,gf,3.400,mm,OK,--,4:53:06 PM,4/5/2026,
886,44.1,gf,3.405,mm,OK,--,4:53:06 PM,4/5/2026,
887,44.1,gf,3.410,mm,OK,--,4:53:06 PM,4/5/2026,
888,44.0,gf,3.415,mm,OK,--,4:53:06 PM,4/5/2026,
889,44.0,gf,3.420,mm,OK,--,4:53:06 PM,4/5/2026,
890,44.1,gf,3.425,mm,OK,--,4:53:06 PM,4/5/2026,
891,44.1,gf,3.425,mm,OK,--,4:53:06 PM,4/5/2026,
892,44.2,gf,3.430,mm,OK,--,4:53:06 PM,4/5/2026,
893,44.1,gf,3.430,mm,OK,--,4:53:06 PM,4/5/2026,
894,44.1,gf,3.435,mm,OK,--,4:53:07 PM,4/5/2026,
895,44.2,gf,3.440,mm,OK,--,4:53:07 PM,4/5/2026,
896,44.2,gf,3.445,mm,OK,--,4:53:07 PM,4/5/2026,
897,44.2,gf,3.450,mm,OK,--,4:53:07 PM,4/5/2026,
898,44.2,gf,3.455,mm,OK,--,4:53:07 PM,4/5/2026,
899,44.2,gf,3.455,mm,OK,--,4:53:07 PM,4/5/2026,
900,44.3,gf,3.460,mm,OK,--,4:53:07 PM,4/5/2026,
901,44.3,gf,3.465,mm,OK,--,4:53:07 PM,4/5/2026,
902,44.4,gf,3.470,mm,OK,--,4:53:07 PM,4/5/2026,
903,44.5,gf,3.470,mm,OK,--,4:53:07 PM,4/5/2026,
904,44.5,gf,3.475,mm,OK,--,4:53:08 PM,4/5/2026,
905,44.5,gf,3.480,mm,OK,--,4:53:08 PM,4/5/2026,
906,44.6,gf,3.480,mm,OK,--,4:53:08 PM,4/5/2026,
907,44.6,gf,3.485,mm,OK,--,4:53:08 PM,4/5/2026,
908,44.6,gf,3.490,mm,OK,--,4:53:08 PM,4/5/2026,
909,44.6,gf,3.490,mm,OK,--,4:53:08 PM,4/5/2026,
910,44.6,gf,3.495,mm,OK,--,4:53:08 PM,4/5/2026,
911,44.6,gf,3.495,mm,OK,--,4:53:08 PM,4/5/2026,
912,44.7,gf,3.495,mm,OK,--,4:53:08 PM,4/5/2026,
913,44.7,gf,3.500,mm,OK,--,4:53:08 PM,4/5/2026,
914,44.7,gf,3.500,mm,OK,--,4:53:09 PM,4/5/2026,
915,44.6,gf,3.500,mm,OK,--,4:53:09 PM,4/5/2026,
916,44.5,gf,3.505,mm,OK,--,4:53:09 PM,4/5/2026,
917,44.6,gf,3.505,mm,OK,--,4:53:09 PM,4/5/2026,
918,44.6,gf,3.505,mm,OK,--,4:53:09 PM,4/5/2026,
919,44.6,gf,3.510,mm,OK,--,4:53:09 PM,4/5/2026,
920,44.6,gf,3.510,mm,OK,--,4:53:09 PM,4/5/2026,
921,44.6,gf,3.515,mm,OK,--,4:53:09 PM,4/5/2026,
922,44.6,gf,3.520,mm,OK,--,4:53:09 PM,4/5/2026,
923,46.1,gf,3.520,mm,OK,--,4:53:09 PM,4/5/2026,
924,49.1,gf,3.525,mm,OK,--,4:53:10 PM,4/5/2026,
925,52.3,gf,3.530,mm,OK,--,4:53:10 PM,4/5/2026,
926,55.7,gf,3.530,mm,OK,--,4:53:10 PM,4/5/2026,
927,58.6,gf,3.535,mm,OK,--,4:53:10 PM,4/5/2026,
928,61.4,gf,3.540,mm,OK,--,4:53:10 PM,4/5/2026,
929,62.7,gf,3.540,mm,OK,--,4:53:10 PM,4/5/2026,
930,63.4,gf,3.540,mm,OK,--,4:53:10 PM,4/5/2026,
931,64.1,gf,3.540,mm,OK,--,4:53:10 PM,4/5/2026,
932,64.9,gf,3.540,mm,OK,--,4:53:10 PM,4/5/2026,
933,66.0,gf,3.545,mm,OK,--,4:53:10 PM,4/5/2026,
934,67.8,gf,3.545,mm,OK,--,4:53:11 PM,4/5/2026,
935,69.6,gf,3.545,mm,OK,--,4:53:11 PM,4/5/2026,
936,71.5,gf,3.550,mm,OK,--,4:53:11 PM,4/5/2026,
937,73.3,gf,3.550,mm,OK,--,4:53:11 PM,4/5/2026,
938,74.3,gf,3.550,mm,OK,--,4:53:11 PM,4/5/2026,
939,75.4,gf,3.550,mm,OK,--,4:53:11 PM,4/5/2026,
940,76.3,gf,3.555,mm,OK,--,4:53:11 PM,4/5/2026,
941,77.2,gf,3.555,mm,OK,--,4:53:11 PM,4/5/2026,
942,78.1,gf,3.555,mm,OK,--,4:53:11 PM,4/5/2026,
943,79.3,gf,3.555,mm,OK,--,4:53:11 PM,4/5/2026,
944,80.7,gf,3.555,mm,OK,--,4:53:12 PM,4/5/2026,
945,82.0,gf,3.560,mm,OK,--,4:53:12 PM,4/5/2026,
946,83.3,gf,3.560,mm,OK,--,4:53:12 PM,4/5/2026,
947,84.5,gf,3.560,mm,OK,--,4:53:12 PM,4/5/2026,
948,86.1,gf,3.560,mm,OK,--,4:53:12 PM,4/5/2026,
949,87.6,gf,3.565,mm,OK,--,4:53:12 PM,4/5/2026,
950,89.2,gf,3.565,mm,OK,--,4:53:12 PM,4/5/2026,
951,90.6,gf,3.565,mm,OK,--,4:53:12 PM,4/5/2026,
952,92.2,gf,3.570,mm,OK,--,4:53:12 PM,4/5/2026,
953,93.8,gf,3.570,mm,OK,--,4:53:12 PM,4/5/2026,
954,95.5,gf,3.570,mm,OK,--,4:53:13 PM,4/5/2026,
955,97.4,gf,3.575,mm,OK,--,4:53:13 PM,4/5/2026,
956,99.2,gf,3.575,mm,OK,--,4:53:13 PM,4/5/2026,
957,100.9,gf,3.575,mm,OK,--,4:53:13 PM,4/5/2026,
958,102.7,gf,3.580,mm,OK,--,4:53:13 PM,4/5/2026,
959,104.5,gf,3.580,mm,OK,--,4:53:13 PM,4/5/2026,
960,106.2,gf,3.585,mm,OK,--,4:53:13 PM,4/5/2026,
961,108.2,gf,3.585,mm,OK,--,4:53:13 PM,4/5/2026,
962,110.1,gf,3.585,mm,OK,--,4:53:13 PM,4/5/2026,
963,111.9,gf,3.590,mm,OK,--,4:53:13 PM,4/5/2026,
964,113.9,gf,3.590,mm,OK,--,4:53:14 PM,4/5/2026,
965,116.0,gf,3.590,mm,OK,--,4:53:14 PM,4/5/2026,
966,118.1,gf,3.595,mm,OK,--,4:53:14 PM,4/5/2026,
967,120.3,gf,3.595,mm,OK,--,4:53:14 PM,4/5/2026,
968,122.3,gf,3.600,mm,OK,--,4:53:14 PM,4/5/2026,
969,124.2,gf,3.600,mm,OK,--,4:53:14 PM,4/5/2026,
970,126.0,gf,3.600,mm,OK,--,4:53:14 PM,4/5/2026,
971,127.6,gf,3.605,mm,OK,--,4:53:14 PM,4/5/2026,
972,129.4,gf,3.605,mm,OK,--,4:53:14 PM,4/5/2026,
973,131.2,gf,3.605,mm,OK,--,4:53:14 PM,4/5/2026,
974,133.0,gf,3.610,mm,OK,--,4:53:15 PM,4/5/2026,
975,135.0,gf,3.610,mm,OK,--,4:53:15 PM,4/5/2026,
976,136.7,gf,3.610,mm,OK,--,4:53:15 PM,4/5/2026,
977,138.3,gf,3.615,mm,OK,--,4:53:15 PM,4/5/2026,
978,139.5,gf,3.615,mm,OK,--,4:53:15 PM,4/5/2026,
979,140.6,gf,3.615,mm,OK,--,4:53:15 PM,4/5/2026,
980,141.0,gf,3.615,mm,OK,--,4:53:15 PM,4/5/2026,
981,141.7,gf,3.615,mm,OK,--,4:53:15 PM,4/5/2026,
982,142.4,gf,3.620,mm,OK,--,4:53:15 PM,4/5/2026,
983,143.5,gf,3.620,mm,OK,--,4:53:15 PM,4/5/2026,
984,145.8,gf,3.620,mm,OK,--,4:53:16 PM,4/5/2026,
985,149.4,gf,3.625,mm,OK,--,4:53:16 PM,4/5/2026,
986,152.2,gf,3.625,mm,OK,--,4:53:16 PM,4/5/2026,
987,154.5,gf,3.630,mm,OK,--,4:53:16 PM,4/5/2026,
988,156.9,gf,3.630,mm,OK,--,4:53:16 PM,4/5/2026,
989,159.9,gf,3.635,mm,OK,--,4:53:16 PM,4/5/2026,
990,162.6,gf,3.635,mm,OK,--,4:53:16 PM,4/5/2026,
991,165.1,gf,3.640,mm,OK,--,4:53:16 PM,4/5/2026,
992,167.8,gf,3.640,mm,OK,--,4:53:16 PM,4/5/2026,
993,170.9,gf,3.645,mm,OK,--,4:53:16 PM,4/5/2026,
994,174.0,gf,3.650,mm,OK,--,4:53:17 PM,4/5/2026,
995,176.8,gf,3.650,mm,OK,--,4:53:17 PM,4/5/2026,
996,179.5,gf,3.655,mm,OK,--,4:53:17 PM,4/5/2026,
997,182.2,gf,3.655,mm,OK,--,4:53:17 PM,4/5/2026,
998,185.0,gf,3.660,mm,OK,--,4:53:17 PM,4/5/2026,
999,187.6,gf,3.660,mm,OK,--,4:53:17 PM,4/5/2026,
1000,190.1,gf,3.665,mm,OK,--,4:53:17 PM,4/5/2026,
1001,192.4,gf,3.665,mm,OK,--,4:53:17 PM,4/5/2026,
1002,194.3,gf,3.670,mm,OK,--,4:53:17 PM,4/5/2026,
1003,196.2,gf,3.670,mm,OK,--,4:53:17 PM,4/5/2026,
1004,197.6,gf,3.670,mm,OK,--,4:53:18 PM,4/5/2026,
1005,197.6,gf,3.670,mm,OK,--,4:53:18 PM,4/5/2026,
1006,197.5,gf,3.670,mm,OK,--,4:53:18 PM,4/5/2026,
1007,197.5,gf,3.670,mm,OK,--,4:53:18 PM,4/5/2026,
1008,197.4,gf,3.670,mm,OK,--,4:53:18 PM,4/5/2026,
1009,197.3,gf,3.670,mm,OK,--,4:53:18 PM,4/5/2026,
1010,197.3,gf,3.670,mm,OK,--,4:53:18 PM,4/5/2026,
1011,197.2,gf,3.670,mm,OK,--,4:53:18 PM,4/5/2026,
1012,197.2,gf,3.670,mm,OK,--,4:53:18 PM,4/5/2026,
1013,197.1,gf,3.670,mm,OK,--,4:53:18 PM,4/5/2026,
1014,197.1,gf,3.670,mm,OK,--,4:53:19 PM,4/5/2026,
1015,197.1,gf,3.670,mm,OK,--,4:53:19 PM,4/5/2026,
1016,197.1,gf,3.670,mm,OK,--,4:53:19 PM,4/5/2026,
1017,197.1,gf,3.670,mm,OK,--,4:53:19 PM,4/5/2026,
1018,197.1,gf,3.670,mm,OK,--,4:53:19 PM,4/5/2026,
1019,197.1,gf,3.670,mm,OK,--,4:53:19 PM,4/5/2026,
1020,197.0,gf,3.670,mm,OK,--,4:53:19 PM,4/5/2026,
1021,197.0,gf,3.670,mm,OK,--,4:53:19 PM,4/5/2026,
1022,197.0,gf,3.670,mm,OK,--,4:53:19 PM,4/5/2026,
1023,197.0,gf,3.670,mm,OK,--,4:53:19 PM,4/5/2026,
1024,197.0,gf,3.670,mm,OK,--,4:53:20 PM,4/5/2026,
1025,197.0,gf,3.670,mm,OK,--,4:53:20 PM,4/5/2026,
1026,196.9,gf,3.670,mm,OK,--,4:53:20 PM,4/5/2026,
1027,196.7,gf,3.670,mm,OK,--,4:53:20 PM,4/5/2026,
1028,196.5,gf,3.670,mm,OK,--,4:53:20 PM,4/5/2026,
1029,196.4,gf,3.670,mm,OK,--,4:53:20 PM,4/5/2026,
1030,196.2,gf,3.670,mm,OK,--,4:53:20 PM,4/5/2026,
1031,196.2,gf,3.670,mm,OK,--,4:53:20 PM,4/5/2026,
1032,196.2,gf,3.670,mm,OK,--,4:53:20 PM,4/5/2026,
1033,196.2,gf,3.670,mm,OK,--,4:53:20 PM,4/5/2026,
1034,196.0,gf,3.670,mm,OK,--,4:53:21 PM,4/5/2026,
1035,195.9,gf,3.670,mm,OK,--,4:53:21 PM,4/5/2026,
1036,195.6,gf,3.670,mm,OK,--,4:53:21 PM,4/5/2026,
1037,195.1,gf,3.670,mm,OK,--,4:53:21 PM,4/5/2026,
1038,194.7,gf,3.670,mm,OK,--,4:53:21 PM,4/5/2026,
1039,193.9,gf,3.670,mm,OK,--,4:53:21 PM,4/5/2026,
1040,192.8,gf,3.670,mm,OK,--,4:53:21 PM,4/5/2026,
1041,191.7,gf,3.670,mm,OK,--,4:53:21 PM,4/5/2026,
1042,191.3,gf,3.670,mm,OK,--,4:53:21 PM,4/5/2026,
1043,191.4,gf,3.670,mm,OK,--,4:53:21 PM,4/5/2026,
1044,190.9,gf,3.670,mm,OK,--,4:53:22 PM,4/5/2026,
1045,190.1,gf,3.665,mm,OK,--,4:53:22 PM,4/5/2026,
1046,189.5,gf,3.665,mm,OK,--,4:53:22 PM,4/5/2026,
1047,189.2,gf,3.665,mm,OK,--,4:53:22 PM,4/5/2026,
1048,188.9,gf,3.665,mm,OK,--,4:53:22 PM,4/5/2026,
1049,188.8,gf,3.665,mm,OK,--,4:53:22 PM,4/5/2026,
1050,188.2,gf,3.665,mm,OK,--,4:53:22 PM,4/5/2026,
1051,187.6,gf,3.665,mm,OK,--,4:53:22 PM,4/5/2026,
1052,186.9,gf,3.665,mm,OK,--,4:53:22 PM,4/5/2026,
1053,186.1,gf,3.665,mm,OK,--,4:53:22 PM,4/5/2026,
1054,185.9,gf,3.665,mm,OK,--,4:53:23 PM,4/5/2026,
1055,185.5,gf,3.665,mm,OK,--,4:53:23 PM,4/5/2026,
1056,185.4,gf,3.660,mm,OK,--,4:53:23 PM,4/5/2026,
1057,185.3,gf,3.660,mm,OK,--,4:53:23 PM,4/5/2026,
1058,184.7,gf,3.660,mm,OK,--,4:53:23 PM,4/5/2026,
1059,184.0,gf,3.660,mm,OK,--,4:53:23 PM,4/5/2026,
1060,183.9,gf,3.660,mm,OK,--,4:53:23 PM,4/5/2026,
1061,183.8,gf,3.660,mm,OK,--,4:53:23 PM,4/5/2026,
1062,183.2,gf,3.660,mm,OK,--,4:53:23 PM,4/5/2026,
1063,182.5,gf,3.660,mm,OK,--,4:53:23 PM,4/5/2026,
1064,181.8,gf,3.660,mm,OK,--,4:53:24 PM,4/5/2026,
1065,181.1,gf,3.660,mm,OK,--,4:53:24 PM,4/5/2026,
1066,180.2,gf,3.660,mm,OK,--,4:53:24 PM,4/5/2026,
1067,179.3,gf,3.655,mm,OK,--,4:53:24 PM,4/5/2026,
1068,178.7,gf,3.655,mm,OK,--,4:53:24 PM,4/5/2026,
1069,178.2,gf,3.655,mm,OK,--,4:53:24 PM,4/5/2026,
1070,177.7,gf,3.655,mm,OK,--,4:53:24 PM,4/5/2026,
1071,177.3,gf,3.655,mm,OK,--,4:53:24 PM,4/5/2026,
1072,176.9,gf,3.655,mm,OK,--,4:53:24 PM,4/5/2026,
1073,176.8,gf,3.655,mm,OK,--,4:53:24 PM,4/5/2026,
1074,176.4,gf,3.655,mm,OK,--,4:53:25 PM,4/5/2026,
1075,175.9,gf,3.655,mm,OK,--,4:53:25 PM,4/5/2026,
1076,175.4,gf,3.655,mm,OK,--,4:53:25 PM,4/5/2026,
1077,174.9,gf,3.655,mm,OK,--,4:53:25 PM,4/5/2026,
1078,174.4,gf,3.650,mm,OK,--,4:53:25 PM,4/5/2026,
1079,173.8,gf,3.650,mm,OK,--,4:53:25 PM,4/5/2026,
1080,173.3,gf,3.650,mm,OK,--,4:53:25 PM,4/5/2026,
1081,172.9,gf,3.650,mm,OK,--,4:53:25 PM,4/5/2026,
1082,172.5,gf,3.650,mm,OK,--,4:53:25 PM,4/5/2026,
1083,172.0,gf,3.650,mm,OK,--,4:53:25 PM,4/5/2026,
1084,171.6,gf,3.650,mm,OK,--,4:53:26 PM,4/5/2026,
1085,170.9,gf,3.650,mm,OK,--,4:53:26 PM,4/5/2026,
1086,170.2,gf,3.650,mm,OK,--,4:53:26 PM,4/5/2026,
1087,169.8,gf,3.650,mm,OK,--,4:53:26 PM,4/5/2026,
1088,169.3,gf,3.650,mm,OK,--,4:53:26 PM,4/5/2026,
1089,168.8,gf,3.645,mm,OK,--,4:53:26 PM,4/5/2026,
1090,168.4,gf,3.645,mm,OK,--,4:53:26 PM,4/5/2026,
1091,167.8,gf,3.645,mm,OK,--,4:53:26 PM,4/5/2026,
1092,167.0,gf,3.645,mm,OK,--,4:53:26 PM,4/5/2026,
1093,166.1,gf,3.645,mm,OK,--,4:53:26 PM,4/5/2026,
1094,165.2,gf,3.645,mm,OK,--,4:53:27 PM,4/5/2026,
1095,164.5,gf,3.645,mm,OK,--,4:53:27 PM,4/5/2026,
1096,163.9,gf,3.640,mm,OK,--,4:53:27 PM,4/5/2026,
1097,163.3,gf,3.640,mm,OK,--,4:53:27 PM,4/5/2026,
1098,162.8,gf,3.640,mm,OK,--,4:53:27 PM,4/5/2026,
1099,162.3,gf,3.640,mm,OK,--,4:53:27 PM,4/5/2026,
1100,161.6,gf,3.640,mm,OK,--,4:53:27 PM,4/5/2026,
1101,160.9,gf,3.640,mm,OK,--,4:53:27 PM,4/5/2026,
1102,160.2,gf,3.640,mm,OK,--,4:53:27 PM,4/5/2026,
1103,159.6,gf,3.640,mm,OK,--,4:53:27 PM,4/5/2026,
1104,159.1,gf,3.640,mm,OK,--,4:53:28 PM,4/5/2026,
1105,158.5,gf,3.635,mm,OK,--,4:53:28 PM,4/5/2026,
1106,157.9,gf,3.635,mm,OK,--,4:53:28 PM,4/5/2026,
1107,157.3,gf,3.635,mm,OK,--,4:53:28 PM,4/5/2026,
1108,156.7,gf,3.635,mm,OK,--,4:53:28 PM,4/5/2026,
1109,156.4,gf,3.635,mm,OK,--,4:53:28 PM,4/5/2026,
1110,156.0,gf,3.635,mm,OK,--,4:53:28 PM,4/5/2026,
1111,155.7,gf,3.635,mm,OK,--,4:53:28 PM,4/5/2026,
1112,155.2,gf,3.635,mm,OK,--,4:53:28 PM,4/5/2026,
1113,154.7,gf,3.635,mm,OK,--,4:53:28 PM,4/5/2026,
1114,154.0,gf,3.635,mm,OK,--,4:53:29 PM,4/5/2026,
1115,153.4,gf,3.630,mm,OK,--,4:53:29 PM,4/5/2026,
1116,152.7,gf,3.630,mm,OK,--,4:53:29 PM,4/5/2026,
1117,152.0,gf,3.630,mm,OK,--,4:53:29 PM,4/5/2026,
1118,151.4,gf,3.630,mm,OK,--,4:53:29 PM,4/5/2026,
1119,150.7,gf,3.630,mm,OK,--,4:53:29 PM,4/5/2026,
1120,150.0,gf,3.630,mm,OK,--,4:53:29 PM,4/5/2026,
1121,149.3,gf,3.630,mm,OK,--,4:53:29 PM,4/5/2026,
1122,148.7,gf,3.630,mm,OK,--,4:53:29 PM,4/5/2026,
1123,148.1,gf,3.625,mm,OK,--,4:53:29 PM,4/5/2026,
1124,147.4,gf,3.625,mm,OK,--,4:53:30 PM,4/5/2026,
1125,146.8,gf,3.625,mm,OK,--,4:53:30 PM,4/5/2026,
1126,146.5,gf,3.625,mm,OK,--,4:53:30 PM,4/5/2026,
1127,146.0,gf,3.625,mm,OK,--,4:53:30 PM,4/5/2026,
1128,145.3,gf,3.625,mm,OK,--,4:53:30 PM,4/5/2026,
1129,144.7,gf,3.625,mm,OK,--,4:53:30 PM,4/5/2026,
1130,144.0,gf,3.625,mm,OK,--,4:53:30 PM,4/5/2026,
1131,143.5,gf,3.625,mm,OK,--,4:53:30 PM,4/5/2026,
1132,142.9,gf,3.620,mm,OK,--,4:53:30 PM,4/5/2026,
1133,142.5,gf,3.620,mm,OK,--,4:53:30 PM,4/5/2026,
1134,142.5,gf,3.620,mm,OK,--,4:53:31 PM,4/5/2026,
1135,142.2,gf,3.620,mm,OK,--,4:53:31 PM,4/5/2026,
1136,141.7,gf,3.620,mm,OK,--,4:53:31 PM,4/5/2026,
1137,141.1,gf,3.620,mm,OK,--,4:53:31 PM,4/5/2026,
1138,140.7,gf,3.620,mm,OK,--,4:53:31 PM,4/5/2026,
1139,140.4,gf,3.620,mm,OK,--,4:53:31 PM,4/5/2026,
1140,140.0,gf,3.620,mm,OK,--,4:53:31 PM,4/5/2026,
1141,139.5,gf,3.620,mm,OK,--,4:53:31 PM,4/5/2026,
1142,138.9,gf,3.620,mm,OK,--,4:53:31 PM,4/5/2026,
1143,138.0,gf,3.620,mm,OK,--,4:53:31 PM,4/5/2026,
1144,137.4,gf,3.615,mm,OK,--,4:53:32 PM,4/5/2026,
1145,136.8,gf,3.615,mm,OK,--,4:53:32 PM,4/5/2026,
1146,136.2,gf,3.615,mm,OK,--,4:53:32 PM,4/5/2026,
1147,135.6,gf,3.615,mm,OK,--,4:53:32 PM,4/5/2026,
1148,135.0,gf,3.615,mm,OK,--,4:53:32 PM,4/5/2026,
1149,134.3,gf,3.615,mm,OK,--,4:53:32 PM,4/5/2026,
1150,133.7,gf,3.615,mm,OK,--,4:53:32 PM,4/5/2026,
1151,132.7,gf,3.615,mm,OK,--,4:53:32 PM,4/5/2026,
1152,131.9,gf,3.610,mm,OK,--,4:53:32 PM,4/5/2026,
1153,131.1,gf,3.610,mm,OK,--,4:53:32 PM,4/5/2026,
1154,130.1,gf,3.610,mm,OK,--,4:53:33 PM,4/5/2026,
1155,129.0,gf,3.610,mm,OK,--,4:53:33 PM,4/5/2026,
1156,127.8,gf,3.610,mm,OK,--,4:53:33 PM,4/5/2026,
1157,126.5,gf,3.605,mm,OK,--,4:53:33 PM,4/5/2026,
1158,125.2,gf,3.605,mm,OK,--,4:53:33 PM,4/5/2026,
1159,123.7,gf,3.605,mm,OK,--,4:53:33 PM,4/5/2026,
1160,122.3,gf,3.605,mm,OK,--,4:53:33 PM,4/5/2026,
1161,120.7,gf,3.600,mm,OK,--,4:53:33 PM,4/5/2026,
1162,118.8,gf,3.600,mm,OK,--,4:53:33 PM,4/5/2026,
1163,116.4,gf,3.600,mm,OK,--,4:53:33 PM,4/5/2026,
1164,113.5,gf,3.595,mm,OK,--,4:53:34 PM,4/5/2026,
1165,110.8,gf,3.595,mm,OK,--,4:53:34 PM,4/5/2026,
1166,108.1,gf,3.590,mm,OK,--,4:53:34 PM,4/5/2026,
1167,104.3,gf,3.585,mm,OK,--,4:53:34 PM,4/5/2026,
1168,100.2,gf,3.580,mm,OK,--,4:53:34 PM,4/5/2026,
1169,96.2,gf,3.580,mm,OK,--,4:53:34 PM,4/5/2026,
1170,92.3,gf,3.575,mm,OK,--,4:53:34 PM,4/5/2026,
1171,88.2,gf,3.570,mm,OK,--,4:53:34 PM,4/5/2026,
1172,83.4,gf,3.565,mm,OK,--,4:53:34 PM,4/5/2026,
1173,77.4,gf,3.560,mm,OK,--,4:53:34 PM,4/5/2026,
1174,67.5,gf,3.550,mm,OK,--,4:53:35 PM,4/5/2026,
1175,56.3,gf,3.540,mm,OK,--,4:53:35 PM,4/5/2026,
1176,45.7,gf,3.530,mm,OK,--,4:53:35 PM,4/5/2026,
1177,39.0,gf,3.520,mm,OK,--,4:53:35 PM,4/5/2026,
1178,40.4,gf,3.520,mm,OK,--,4:53:35 PM,4/5/2026,
1179,40.6,gf,3.515,mm,OK,--,4:53:35 PM,4/5/2026,
1180,40.6,gf,3.510,mm,OK,--,4:53:35 PM,4/5/2026,
1181,40.6,gf,3.505,mm,OK,--,4:53:35 PM,4/5/2026,
1182,40.6,gf,3.500,mm,OK,--,4:53:35 PM,4/5/2026,
1183,40.6,gf,3.500,mm,OK,--,4:53:35 PM,4/5/2026,
1184,40.6,gf,3.495,mm,OK,--,4:53:36 PM,4/5/2026,
1185,40.6,gf,3.490,mm,OK,--,4:53:36 PM,4/5/2026,
1186,40.5,gf,3.485,mm,OK,--,4:53:36 PM,4/5/2026,
1187,40.5,gf,3.480,mm,OK,--,4:53:36 PM,4/5/2026,
1188,40.5,gf,3.480,mm,OK,--,4:53:36 PM,4/5/2026,
1189,40.5,gf,3.475,mm,OK,--,4:53:36 PM,4/5/2026,
1190,40.5,gf,3.470,mm,OK,--,4:53:36 PM,4/5/2026,
1191,40.4,gf,3.465,mm,OK,--,4:53:36 PM,4/5/2026,
1192,40.4,gf,3.460,mm,OK,--,4:53:36 PM,4/5/2026,
1193,40.5,gf,3.455,mm,OK,--,4:53:36 PM,4/5/2026,
1194,40.4,gf,3.450,mm,OK,--,4:53:37 PM,4/5/2026,
1195,40.3,gf,3.445,mm,OK,--,4:53:37 PM,4/5/2026,
1196,40.4,gf,3.435,mm,OK,--,4:53:37 PM,4/5/2026,
1197,40.3,gf,3.430,mm,OK,--,4:53:37 PM,4/5/2026,
1198,40.4,gf,3.425,mm,OK,--,4:53:37 PM,4/5/2026,
1199,40.4,gf,3.415,mm,OK,--,4:53:37 PM,4/5/2026,
1200,40.4,gf,3.405,mm,OK,--,4:53:37 PM,4/5/2026,
1201,40.2,gf,3.400,mm,OK,--,4:53:37 PM,4/5/2026,
1202,40.2,gf,3.390,mm,OK,--,4:53:37 PM,4/5/2026,
1203,40.2,gf,3.385,mm,OK,--,4:53:37 PM,4/5/2026,
1204,40.2,gf,3.380,mm,OK,--,4:53:38 PM,4/5/2026,
1205,40.1,gf,3.375,mm,OK,--,4:53:38 PM,4/5/2026,
1206,40.0,gf,3.370,mm,OK,--,4:53:38 PM,4/5/2026,
1207,39.9,gf,3.360,mm,OK,--,4:53:38 PM,4/5/2026,
1208,40.0,gf,3.355,mm,OK,--,4:53:38 PM,4/5/2026,
1209,40.0,gf,3.345,mm,OK,--,4:53:38 PM,4/5/2026,
1210,40.0,gf,3.340,mm,OK,--,4:53:38 PM,4/5/2026,
1211,40.0,gf,3.330,mm,OK,--,4:53:38 PM,4/5/2026,
1212,39.8,gf,3.320,mm,OK,--,4:53:38 PM,4/5/2026,
1213,39.8,gf,3.310,mm,OK,--,4:53:38 PM,4/5/2026,
1214,39.7,gf,3.300,mm,OK,--,4:53:39 PM,4/5/2026,
1215,39.6,gf,3.290,mm,OK,--,4:53:39 PM,4/5/2026,
1216,39.6,gf,3.275,mm,OK,--,4:53:39 PM,4/5/2026,
1217,39.6,gf,3.265,mm,OK,--,4:53:39 PM,4/5/2026,
1218,39.5,gf,3.255,mm,OK,--,4:53:39 PM,4/5/2026,
1219,39.4,gf,3.245,mm,OK,--,4:53:39 PM,4/5/2026,
1220,39.2,gf,3.240,mm,OK,--,4:53:39 PM,4/5/2026,
1221,39.2,gf,3.230,mm,OK,--,4:53:39 PM,4/5/2026,
1222,39.2,gf,3.215,mm,OK,--,4:53:39 PM,4/5/2026,
1223,39.1,gf,3.205,mm,OK,--,4:53:39 PM,4/5/2026,
1224,38.9,gf,3.195,mm,OK,--,4:53:40 PM,4/5/2026,
1225,38.8,gf,3.185,mm,OK,--,4:53:40 PM,4/5/2026,
1226,38.8,gf,3.175,mm,OK,--,4:53:40 PM,4/5/2026,
1227,38.9,gf,3.165,mm,OK,--,4:53:40 PM,4/5/2026,
1228,39.0,gf,3.155,mm,OK,--,4:53:40 PM,4/5/2026,
1229,38.8,gf,3.145,mm,OK,--,4:53:40 PM,4/5/2026,
1230,38.9,gf,3.135,mm,OK,--,4:53:40 PM,4/5/2026,
1231,38.8,gf,3.125,mm,OK,--,4:53:40 PM,4/5/2026,
1232,38.7,gf,3.115,mm,OK,--,4:53:40 PM,4/5/2026,
1233,38.6,gf,3.105,mm,OK,--,4:53:40 PM,4/5/2026,
1234,38.5,gf,3.100,mm,OK,--,4:53:41 PM,4/5/2026,
1235,38.6,gf,3.090,mm,OK,--,4:53:41 PM,4/5/2026,
1236,38.7,gf,3.080,mm,OK,--,4:53:41 PM,4/5/2026,
1237,38.7,gf,3.075,mm,OK,--,4:53:41 PM,4/5/2026,
1238,38.6,gf,3.065,mm,OK,--,4:53:41 PM,4/5/2026,
1239,38.6,gf,3.060,mm,OK,--,4:53:41 PM,4/5/2026,
1240,38.6,gf,3.060,mm,OK,--,4:53:41 PM,4/5/2026,
1241,38.4,gf,3.055,mm,OK,--,4:53:41 PM,4/5/2026,
1242,38.4,gf,3.050,mm,OK,--,4:53:41 PM,4/5/2026,
1243,38.3,gf,3.045,mm,OK,--,4:53:41 PM,4/5/2026,
1244,38.3,gf,3.045,mm,OK,--,4:53:42 PM,4/5/2026,
1245,38.3,gf,3.040,mm,OK,--,4:53:42 PM,4/5/2026,
1246,38.2,gf,3.035,mm,OK,--,4:53:42 PM,4/5/2026,
1247,38.2,gf,3.030,mm,OK,--,4:53:42 PM,4/5/2026,
1248,38.3,gf,3.025,mm,OK,--,4:53:42 PM,4/5/2026,
1249,38.3,gf,3.020,mm,OK,--,4:53:42 PM,4/5/2026,
1250,38.3,gf,3.010,mm,OK,--,4:53:42 PM,4/5/2026,
1251,38.3,gf,3.005,mm,OK,--,4:53:42 PM,4/5/2026,
1252,38.3,gf,2.995,mm,OK,--,4:53:42 PM,4/5/2026,
1253,38.2,gf,2.990,mm,OK,--,4:53:42 PM,4/5/2026,
1254,38.2,gf,2.985,mm,OK,--,4:53:43 PM,4/5/2026,
1255,38.3,gf,2.975,mm,OK,--,4:53:43 PM,4/5/2026,
1256,38.3,gf,2.970,mm,OK,--,4:53:43 PM,4/5/2026,
1257,38.2,gf,2.965,mm,OK,--,4:53:43 PM,4/5/2026,
1258,38.2,gf,2.960,mm,OK,--,4:53:43 PM,4/5/2026,
1259,38.0,gf,2.955,mm,OK,--,4:53:43 PM,4/5/2026,
1260,38.0,gf,2.950,mm,OK,--,4:53:43 PM,4/5/2026,
1261,37.9,gf,2.950,mm,OK,--,4:53:43 PM,4/5/2026,
1262,38.0,gf,2.945,mm,OK,--,4:53:43 PM,4/5/2026,
1263,38.0,gf,2.940,mm,OK,--,4:53:43 PM,4/5/2026,
1264,38.0,gf,2.935,mm,OK,--,4:53:44 PM,4/5/2026,
1265,38.0,gf,2.930,mm,OK,--,4:53:44 PM,4/5/2026,
1266,38.1,gf,2.930,mm,OK,--,4:53:44 PM,4/5/2026,
1267,38.1,gf,2.925,mm,OK,--,4:53:44 PM,4/5/2026,
1268,38.0,gf,2.925,mm,OK,--,4:53:44 PM,4/5/2026,
1269,37.9,gf,2.920,mm,OK,--,4:53:44 PM,4/5/2026,
1270,37.9,gf,2.920,mm,OK,--,4:53:44 PM,4/5/2026,
1271,37.9,gf,2.920,mm,OK,--,4:53:44 PM,4/5/2026,
1272,37.8,gf,2.915,mm,OK,--,4:53:44 PM,4/5/2026,
1273,37.8,gf,2.915,mm,OK,--,4:53:44 PM,4/5/2026,
1274,37.8,gf,2.915,mm,OK,--,4:53:45 PM,4/5/2026,
1275,37.8,gf,2.910,mm,OK,--,4:53:45 PM,4/5/2026,
1276,37.8,gf,2.910,mm,OK,--,4:53:45 PM,4/5/2026,
1277,37.8,gf,2.905,mm,OK,--,4:53:45 PM,4/5/2026,
1278,37.8,gf,2.900,mm,OK,--,4:53:45 PM,4/5/2026,
1279,37.9,gf,2.900,mm,OK,--,4:53:45 PM,4/5/2026,
1280,37.8,gf,2.895,mm,OK,--,4:53:45 PM,4/5/2026,
1281,37.8,gf,2.895,mm,OK,--,4:53:45 PM,4/5/2026,
1282,37.8,gf,2.890,mm,OK,--,4:53:45 PM,4/5/2026,
1283,37.8,gf,2.885,mm,OK,--,4:53:45 PM,4/5/2026,
1284,37.9,gf,2.880,mm,OK,--,4:53:46 PM,4/5/2026,
1285,37.8,gf,2.875,mm,OK,--,4:53:46 PM,4/5/2026,
1286,37.9,gf,2.870,mm,OK,--,4:53:46 PM,4/5/2026,
1287,37.8,gf,2.865,mm,OK,--,4:53:46 PM,4/5/2026,
1288,37.8,gf,2.860,mm,OK,--,4:53:46 PM,4/5/2026,
1289,37.8,gf,2.855,mm,OK,--,4:53:46 PM,4/5/2026,
1290,37.8,gf,2.850,mm,OK,--,4:53:46 PM,4/5/2026,
1291,37.7,gf,2.845,mm,OK,--,4:53:46 PM,4/5/2026,
1292,37.8,gf,2.840,mm,OK,--,4:53:46 PM,4/5/2026,
1293,37.7,gf,2.835,mm,OK,--,4:53:46 PM,4/5/2026,
1294,37.8,gf,2.825,mm,OK,--,4:53:47 PM,4/5/2026,
1295,37.7,gf,2.820,mm,OK,--,4:53:47 PM,4/5/2026,
1296,37.8,gf,2.810,mm,OK,--,4:53:47 PM,4/5/2026,
1297,37.9,gf,2.805,mm,OK,--,4:53:47 PM,4/5/2026,
1298,37.8,gf,2.800,mm,OK,--,4:53:47 PM,4/5/2026,
1299,37.8,gf,2.795,mm,OK,--,4:53:47 PM,4/5/2026,
1300,37.7,gf,2.785,mm,OK,--,4:53:47 PM,4/5/2026,
1301,37.7,gf,2.780,mm,OK,--,4:53:47 PM,4/5/2026,
1302,37.6,gf,2.775,mm,OK,--,4:53:47 PM,4/5/2026,
1303,37.6,gf,2.770,mm,OK,--,4:53:47 PM,4/5/2026,
1304,37.7,gf,2.760,mm,OK,--,4:53:48 PM,4/5/2026,
1305,37.7,gf,2.755,mm,OK,--,4:53:48 PM,4/5/2026,
1306,37.7,gf,2.750,mm,OK,--,4:53:48 PM,4/5/2026,
1307,37.7,gf,2.745,mm,OK,--,4:53:48 PM,4/5/2026,
1308,37.8,gf,2.740,mm,OK,--,4:53:48 PM,4/5/2026,
1309,37.7,gf,2.735,mm,OK,--,4:53:48 PM,4/5/2026,
1310,37.7,gf,2.730,mm,OK,--,4:53:48 PM,4/5/2026,
1311,37.7,gf,2.725,mm,OK,--,4:53:48 PM,4/5/2026,
1312,37.6,gf,2.720,mm,OK,--,4:53:48 PM,4/5/2026,
1313,37.6,gf,2.715,mm,OK,--,4:53:48 PM,4/5/2026,
1314,37.7,gf,2.710,mm,OK,--,4:53:49 PM,4/5/2026,
1315,37.7,gf,2.705,mm,OK,--,4:53:49 PM,4/5/2026,
1316,37.7,gf,2.700,mm,OK,--,4:53:49 PM,4/5/2026,
1317,37.7,gf,2.695,mm,OK,--,4:53:49 PM,4/5/2026,
1318,37.7,gf,2.690,mm,OK,--,4:53:49 PM,4/5/2026,
1319,37.7,gf,2.685,mm,OK,--,4:53:49 PM,4/5/2026,
1320,37.8,gf,2.675,mm,OK,--,4:53:49 PM,4/5/2026,
1321,37.7,gf,2.665,mm,OK,--,4:53:49 PM,4/5/2026,
1322,37.7,gf,2.655,mm,OK,--,4:53:49 PM,4/5/2026,
1323,37.8,gf,2.650,mm,OK,--,4:53:49 PM,4/5/2026,
1324,37.9,gf,2.640,mm,OK,--,4:53:50 PM,4/5/2026,
1325,37.9,gf,2.630,mm,OK,--,4:53:50 PM,4/5/2026,
1326,37.7,gf,2.625,mm,OK,--,4:53:50 PM,4/5/2026,
1327,37.8,gf,2.615,mm,OK,--,4:53:50 PM,4/5/2026,
1328,37.8,gf,2.605,mm,OK,--,4:53:50 PM,4/5/2026,
1329,37.8,gf,2.595,mm,OK,--,4:53:50 PM,4/5/2026,
1330,37.7,gf,2.580,mm,OK,--,4:53:50 PM,4/5/2026,
1331,37.5,gf,2.575,mm,OK,--,4:53:50 PM,4/5/2026,
1332,37.6,gf,2.565,mm,OK,--,4:53:50 PM,4/5/2026,
1333,37.6,gf,2.555,mm,OK,--,4:53:50 PM,4/5/2026,
1334,37.7,gf,2.545,mm,OK,--,4:53:51 PM,4/5/2026,
1335,37.7,gf,2.535,mm,OK,--,4:53:51 PM,4/5/2026,
1336,37.7,gf,2.530,mm,OK,--,4:53:51 PM,4/5/2026,
1337,37.6,gf,2.525,mm,OK,--,4:53:51 PM,4/5/2026,
1338,37.5,gf,2.520,mm,OK,--,4:53:51 PM,4/5/2026,
1339,37.4,gf,2.510,mm,OK,--,4:53:51 PM,4/5/2026,
1340,37.6,gf,2.505,mm,OK,--,4:53:51 PM,4/5/2026,
1341,37.6,gf,2.500,mm,OK,--,4:53:51 PM,4/5/2026,
1342,37.5,gf,2.495,mm,OK,--,4:53:51 PM,4/5/2026,
1343,37.4,gf,2.495,mm,OK,--,4:53:51 PM,4/5/2026,
1344,37.3,gf,2.490,mm,OK,--,4:53:52 PM,4/5/2026,
1345,37.4,gf,2.485,mm,OK,--,4:53:52 PM,4/5/2026,
1346,37.3,gf,2.480,mm,OK,--,4:53:52 PM,4/5/2026,
1347,37.3,gf,2.475,mm,OK,--,4:53:52 PM,4/5/2026,
1348,37.3,gf,2.475,mm,OK,--,4:53:52 PM,4/5/2026,
1349,37.3,gf,2.470,mm,OK,--,4:53:52 PM,4/5/2026,
1350,37.4,gf,2.465,mm,OK,--,4:53:52 PM,4/5/2026,
1351,37.4,gf,2.460,mm,OK,--,4:53:52 PM,4/5/2026,
1352,37.4,gf,2.455,mm,OK,--,4:53:52 PM,4/5/2026,
1353,37.2,gf,2.450,mm,OK,--,4:53:52 PM,4/5/2026,
1354,37.4,gf,2.440,mm,OK,--,4:53:53 PM,4/5/2026,
1355,37.3,gf,2.435,mm,OK,--,4:53:53 PM,4/5/2026,
1356,37.4,gf,2.430,mm,OK,--,4:53:53 PM,4/5/2026,
1357,37.4,gf,2.420,mm,OK,--,4:53:53 PM,4/5/2026,
1358,37.4,gf,2.415,mm,OK,--,4:53:53 PM,4/5/2026,
1359,37.5,gf,2.400,mm,OK,--,4:53:53 PM,4/5/2026,
1360,37.4,gf,2.390,mm,OK,--,4:53:53 PM,4/5/2026,
1361,37.4,gf,2.375,mm,OK,--,4:53:53 PM,4/5/2026,
1362,37.3,gf,2.365,mm,OK,--,4:53:53 PM,4/5/2026,
1363,37.1,gf,2.360,mm,OK,--,4:53:53 PM,4/5/2026,
1364,37.2,gf,2.355,mm,OK,--,4:53:54 PM,4/5/2026,
1365,37.2,gf,2.350,mm,OK,--,4:53:54 PM,4/5/2026,
1366,37.2,gf,2.345,mm,OK,--,4:53:54 PM,4/5/2026,
1367,37.2,gf,2.340,mm,OK,--,4:53:54 PM,4/5/2026,
1368,37.2,gf,2.330,mm,OK,--,4:53:54 PM,4/5/2026,
1369,37.1,gf,2.325,mm,OK,--,4:53:54 PM,4/5/2026,
1370,37.2,gf,2.320,mm,OK,--,4:53:54 PM,4/5/2026,
1371,37.2,gf,2.315,mm,OK,--,4:53:54 PM,4/5/2026,
1372,37.2,gf,2.310,mm,OK,--,4:53:54 PM,4/5/2026,
1373,37.2,gf,2.300,mm,OK,--,4:53:54 PM,4/5/2026,
1374,37.1,gf,2.295,mm,OK,--,4:53:55 PM,4/5/2026,
1375,37.1,gf,2.290,mm,OK,--,4:53:55 PM,4/5/2026,
1376,37.1,gf,2.280,mm,OK,--,4:53:55 PM,4/5/2026,
1377,37.2,gf,2.270,mm,OK,--,4:53:55 PM,4/5/2026,
1378,37.1,gf,2.260,mm,OK,--,4:53:55 PM,4/5/2026,
1379,36.9,gf,2.250,mm,OK,--,4:53:55 PM,4/5/2026,
1380,37.0,gf,2.240,mm,OK,--,4:53:55 PM,4/5/2026,
1381,37.2,gf,2.225,mm,OK,--,4:53:55 PM,4/5/2026,
1382,37.1,gf,2.220,mm,OK,--,4:53:55 PM,4/5/2026,
1383,37.0,gf,2.215,mm,OK,--,4:53:55 PM,4/5/2026,
1384,37.1,gf,2.210,mm,OK,--,4:53:56 PM,4/5/2026,
1385,37.0,gf,2.200,mm,OK,--,4:53:56 PM,4/5/2026,
1386,37.0,gf,2.190,mm,OK,--,4:53:56 PM,4/5/2026,
1387,37.0,gf,2.175,mm,OK,--,4:53:56 PM,4/5/2026,
1388,37.0,gf,2.170,mm,OK,--,4:53:56 PM,4/5/2026,
1389,36.9,gf,2.160,mm,OK,--,4:53:56 PM,4/5/2026,
1390,37.0,gf,2.150,mm,OK,--,4:53:56 PM,4/5/2026,
1391,36.9,gf,2.135,mm,OK,--,4:53:56 PM,4/5/2026,
1392,36.9,gf,2.125,mm,OK,--,4:53:56 PM,4/5/2026,
1393,36.8,gf,2.105,mm,OK,--,4:53:56 PM,4/5/2026,
1394,36.8,gf,2.090,mm,OK,--,4:53:57 PM,4/5/2026,
1395,36.8,gf,2.075,mm,OK,--,4:53:57 PM,4/5/2026,
1396,36.9,gf,2.060,mm,OK,--,4:53:57 PM,4/5/2026,
1397,36.8,gf,2.045,mm,OK,--,4:53:57 PM,4/5/2026,
1398,36.6,gf,2.035,mm,OK,--,4:53:57 PM,4/5/2026,
1399,36.7,gf,2.020,mm,OK,--,4:53:57 PM,4/5/2026,
1400,36.7,gf,2.010,mm,OK,--,4:53:57 PM,4/5/2026,
1401,36.7,gf,2.005,mm,OK,--,4:53:57 PM,4/5/2026,
1402,36.7,gf,2.000,mm,OK,--,4:53:57 PM,4/5/2026,
1403,36.7,gf,1.995,mm,OK,--,4:53:57 PM,4/5/2026,
1404,36.7,gf,1.990,mm,OK,--,4:53:58 PM,4/5/2026,
1405,36.7,gf,1.985,mm,OK,--,4:53:58 PM,4/5/2026,
1406,36.6,gf,1.975,mm,OK,--,4:53:58 PM,4/5/2026,
1407,36.6,gf,1.970,mm,OK,--,4:53:58 PM,4/5/2026,
1408,36.5,gf,1.965,mm,OK,--,4:53:58 PM,4/5/2026,
1409,36.5,gf,1.960,mm,OK,--,4:53:58 PM,4/5/2026,
1410,36.5,gf,1.950,mm,OK,--,4:53:58 PM,4/5/2026,
1411,36.5,gf,1.945,mm,OK,--,4:53:58 PM,4/5/2026,
1412,36.5,gf,1.940,mm,OK,--,4:53:58 PM,4/5/2026,
1413,36.5,gf,1.935,mm,OK,--,4:53:58 PM,4/5/2026,
1414,36.5,gf,1.930,mm,OK,--,4:53:59 PM,4/5/2026,
1415,36.6,gf,1.925,mm,OK,--,4:53:59 PM,4/5/2026,
1416,36.6,gf,1.915,mm,OK,--,4:53:59 PM,4/5/2026,
1417,36.5,gf,1.905,mm,OK,--,4:53:59 PM,4/5/2026,
1418,36.5,gf,1.895,mm,OK,--,4:53:59 PM,4/5/2026,
1419,36.5,gf,1.885,mm,OK,--,4:53:59 PM,4/5/2026,
1420,36.6,gf,1.870,mm,OK,--,4:53:59 PM,4/5/2026,
1421,36.5,gf,1.855,mm,OK,--,4:53:59 PM,4/5/2026,
1422,36.5,gf,1.845,mm,OK,--,4:53:59 PM,4/5/2026,
1423,36.5,gf,1.830,mm,OK,--,4:53:59 PM,4/5/2026,
1424,36.4,gf,1.815,mm,OK,--,4:54:00 PM,4/5/2026,
1425,36.4,gf,1.805,mm,OK,--,4:54:00 PM,4/5/2026,
1426,36.4,gf,1.790,mm,OK,--,4:54:00 PM,4/5/2026,
1427,36.4,gf,1.775,mm,OK,--,4:54:00 PM,4/5/2026,
1428,36.3,gf,1.765,mm,OK,--,4:54:00 PM,4/5/2026,
1429,36.3,gf,1.755,mm,OK,--,4:54:00 PM,4/5/2026,
1430,36.3,gf,1.745,mm,OK,--,4:54:00 PM,4/5/2026,
1431,36.2,gf,1.730,mm,OK,--,4:54:00 PM,4/5/2026,
1432,35.9,gf,1.720,mm,OK,--,4:54:00 PM,4/5/2026,
1433,35.9,gf,1.710,mm,OK,--,4:54:00 PM,4/5/2026,
1434,35.9,gf,1.695,mm,OK,--,4:54:01 PM,4/5/2026,
1435,35.7,gf,1.685,mm,OK,--,4:54:01 PM,4/5/2026,
1436,35.8,gf,1.670,mm,OK,--,4:54:01 PM,4/5/2026,
1437,35.8,gf,1.660,mm,OK,--,4:54:01 PM,4/5/2026,
1438,35.7,gf,1.650,mm,OK,--,4:54:01 PM,4/5/2026,
1439,35.7,gf,1.640,mm,OK,--,4:54:01 PM,4/5/2026,
1440,35.8,gf,1.630,mm,OK,--,4:54:01 PM,4/5/2026,
1441,35.7,gf,1.615,mm,OK,--,4:54:01 PM,4/5/2026,
1442,35.6,gf,1.610,mm,OK,--,4:54:01 PM,4/5/2026,
1443,35.6,gf,1.595,mm,OK,--,4:54:01 PM,4/5/2026,
1444,35.5,gf,1.585,mm,OK,--,4:54:02 PM,4/5/2026,
1445,35.5,gf,1.575,mm,OK,--,4:54:02 PM,4/5/2026,
1446,35.6,gf,1.560,mm,OK,--,4:54:02 PM,4/5/2026,
1447,35.5,gf,1.540,mm,OK,--,4:54:02 PM,4/5/2026,
1448,35.4,gf,1.525,mm,OK,--,4:54:02 PM,4/5/2026,
1449,35.3,gf,1.515,mm,OK,--,4:54:02 PM,4/5/2026,
1450,35.2,gf,1.500,mm,OK,--,4:54:02 PM,4/5/2026,
1451,35.2,gf,1.485,mm,OK,--,4:54:02 PM,4/5/2026,
1452,35.1,gf,1.470,mm,OK,--,4:54:02 PM,4/5/2026,
1453,35.1,gf,1.460,mm,OK,--,4:54:02 PM,4/5/2026,
1454,35.0,gf,1.445,mm,OK,--,4:54:03 PM,4/5/2026,
1455,35.1,gf,1.435,mm,OK,--,4:54:03 PM,4/5/2026,
1456,35.1,gf,1.430,mm,OK,--,4:54:03 PM,4/5/2026,
1457,35.1,gf,1.420,mm,OK,--,4:54:03 PM,4/5/2026,
1458,35.0,gf,1.415,mm,OK,--,4:54:03 PM,4/5/2026,
1459,35.0,gf,1.405,mm,OK,--,4:54:03 PM,4/5/2026,
1460,34.9,gf,1.395,mm,OK,--,4:54:03 PM,4/5/2026,
1461,34.9,gf,1.385,mm,OK,--,4:54:03 PM,4/5/2026,
1462,34.7,gf,1.375,mm,OK,--,4:54:03 PM,4/5/2026,
1463,34.7,gf,1.370,mm,OK,--,4:54:03 PM,4/5/2026,
1464,34.6,gf,1.365,mm,OK,--,4:54:04 PM,4/5/2026,
1465,34.6,gf,1.365,mm,OK,--,4:54:04 PM,4/5/2026,
1466,34.6,gf,1.360,mm,OK,--,4:54:04 PM,4/5/2026,
1467,34.7,gf,1.355,mm,OK,--,4:54:04 PM,4/5/2026,
1468,34.6,gf,1.350,mm,OK,--,4:54:04 PM,4/5/2026,
1469,34.6,gf,1.345,mm,OK,--,4:54:04 PM,4/5/2026,
1470,34.6,gf,1.340,mm,OK,--,4:54:04 PM,4/5/2026,
1471,34.7,gf,1.335,mm,OK,--,4:54:04 PM,4/5/2026,
1472,34.6,gf,1.330,mm,OK,--,4:54:04 PM,4/5/2026,
1473,34.6,gf,1.330,mm,OK,--,4:54:04 PM,4/5/2026,
1474,34.6,gf,1.325,mm,OK,--,4:54:05 PM,4/5/2026,
1475,34.6,gf,1.315,mm,OK,--,4:54:05 PM,4/5/2026,
1476,34.5,gf,1.305,mm,OK,--,4:54:05 PM,4/5/2026,
1477,34.7,gf,1.295,mm,OK,--,4:54:05 PM,4/5/2026,
1478,34.6,gf,1.285,mm,OK,--,4:54:05 PM,4/5/2026,
1479,34.5,gf,1.270,mm,OK,--,4:54:05 PM,4/5/2026,
1480,34.5,gf,1.260,mm,OK,--,4:54:05 PM,4/5/2026,
1481,34.4,gf,1.255,mm,OK,--,4:54:05 PM,4/5/2026,
1482,34.5,gf,1.240,mm,OK,--,4:54:05 PM,4/5/2026,
1483,34.5,gf,1.230,mm,OK,--,4:54:05 PM,4/5/2026,
1484,34.5,gf,1.225,mm,OK,--,4:54:06 PM,4/5/2026,
1485,34.4,gf,1.220,mm,OK,--,4:54:06 PM,4/5/2026,
1486,34.3,gf,1.215,mm,OK,--,4:54:06 PM,4/5/2026,
1487,34.3,gf,1.215,mm,OK,--,4:54:06 PM,4/5/2026,
1488,34.3,gf,1.210,mm,OK,--,4:54:06 PM,4/5/2026,
1489,34.2,gf,1.210,mm,OK,--,4:54:06 PM,4/5/2026,
1490,34.2,gf,1.205,mm,OK,--,4:54:06 PM,4/5/2026,
1491,34.1,gf,1.205,mm,OK,--,4:54:06 PM,4/5/2026,
1492,34.1,gf,1.205,mm,OK,--,4:54:06 PM,4/5/2026,
1493,34.1,gf,1.200,mm,OK,--,4:54:06 PM,4/5/2026,
1494,34.1,gf,1.200,mm,OK,--,4:54:07 PM,4/5/2026,
1495,34.1,gf,1.195,mm,OK,--,4:54:07 PM,4/5/2026,
1496,34.2,gf,1.195,mm,OK,--,4:54:07 PM,4/5/2026,
1497,34.1,gf,1.190,mm,OK,--,4:54:07 PM,4/5/2026,
1498,34.2,gf,1.185,mm,OK,--,4:54:07 PM,4/5/2026,
1499,34.2,gf,1.180,mm,OK,--,4:54:07 PM,4/5/2026,
1500,34.2,gf,1.175,mm,OK,--,4:54:07 PM,4/5/2026,
1501,34.2,gf,1.170,mm,OK,--,4:54:07 PM,4/5/2026,
1502,34.2,gf,1.170,mm,OK,--,4:54:07 PM,4/5/2026,
1503,34.2,gf,1.165,mm,OK,--,4:54:07 PM,4/5/2026,
1504,34.1,gf,1.165,mm,OK,--,4:54:08 PM,4/5/2026,
1505,34.1,gf,1.165,mm,OK,--,4:54:08 PM,4/5/2026,
1506,34.1,gf,1.160,mm,OK,--,4:54:08 PM,4/5/2026,
1507,34.0,gf,1.160,mm,OK,--,4:54:08 PM,4/5/2026,
1508,34.0,gf,1.160,mm,OK,--,4:54:08 PM,4/5/2026,
1509,34.1,gf,1.155,mm,OK,--,4:54:08 PM,4/5/2026,
1510,34.1,gf,1.155,mm,OK,--,4:54:08 PM,4/5/2026,
1511,34.1,gf,1.150,mm,OK,--,4:54:08 PM,4/5/2026,
1512,34.0,gf,1.150,mm,OK,--,4:54:08 PM,4/5/2026,
1513,34.0,gf,1.145,mm,OK,--,4:54:08 PM,4/5/2026,
1514,34.0,gf,1.145,mm,OK,--,4:54:09 PM,4/5/2026,
1515,34.0,gf,1.145,mm,OK,--,4:54:09 PM,4/5/2026,
1516,34.0,gf,1.140,mm,OK,--,4:54:09 PM,4/5/2026,
1517,34.0,gf,1.140,mm,OK,--,4:54:09 PM,4/5/2026,
1518,34.0,gf,1.140,mm,OK,--,4:54:09 PM,4/5/2026,
1519,34.0,gf,1.135,mm,OK,--,4:54:09 PM,4/5/2026,
1520,34.0,gf,1.130,mm,OK,--,4:54:09 PM,4/5/2026,
1521,33.9,gf,1.130,mm,OK,--,4:54:09 PM,4/5/2026,
1522,33.9,gf,1.125,mm,OK,--,4:54:09 PM,4/5/2026,
1523,34.0,gf,1.120,mm,OK,--,4:54:09 PM,4/5/2026,
1524,33.9,gf,1.120,mm,OK,--,4:54:10 PM,4/5/2026,
1525,34.0,gf,1.115,mm,OK,--,4:54:10 PM,4/5/2026,
1526,34.1,gf,1.110,mm,OK,--,4:54:10 PM,4/5/2026,
1527,34.0,gf,1.105,mm,OK,--,4:54:10 PM,4/5/2026,
1528,34.0,gf,1.100,mm,OK,--,4:54:10 PM,4/5/2026,
1529,33.9,gf,1.095,mm,OK,--,4:54:10 PM,4/5/2026,
1530,33.9,gf,1.090,mm,OK,--,4:54:10 PM,4/5/2026,
1531,33.9,gf,1.090,mm,OK,--,4:54:10 PM,4/5/2026,
1532,33.8,gf,1.085,mm,OK,--,4:54:10 PM,4/5/2026,
1533,33.8,gf,1.080,mm,OK,--,4:54:10 PM,4/5/2026,
1534,33.8,gf,1.075,mm,OK,--,4:54:11 PM,4/5/2026,
1535,33.8,gf,1.070,mm,OK,--,4:54:11 PM,4/5/2026,
1536,33.8,gf,1.065,mm,OK,--,4:54:11 PM,4/5/2026,
1537,33.8,gf,1.060,mm,OK,--,4:54:11 PM,4/5/2026,
1538,33.8,gf,1.055,mm,OK,--,4:54:11 PM,4/5/2026,
1539,33.8,gf,1.050,mm,OK,--,4:54:11 PM,4/5/2026,
1540,33.7,gf,1.045,mm,OK,--,4:54:11 PM,4/5/2026,
1541,33.7,gf,1.040,mm,OK,--,4:54:11 PM,4/5/2026,
1542,33.6,gf,1.035,mm,OK,--,4:54:11 PM,4/5/2026,
1543,33.6,gf,1.030,mm,OK,--,4:54:11 PM,4/5/2026,
1544,33.7,gf,1.025,mm,OK,--,4:54:12 PM,4/5/2026,
1545,33.7,gf,1.025,mm,OK,--,4:54:12 PM,4/5/2026,
1546,33.8,gf,1.020,mm,OK,--,4:54:12 PM,4/5/2026,
1547,33.8,gf,1.015,mm,OK,--,4:54:12 PM,4/5/2026,
1548,33.7,gf,1.015,mm,OK,--,4:54:12 PM,4/5/2026,
1549,33.7,gf,1.010,mm,OK,--,4:54:12 PM,4/5/2026,
1550,33.7,gf,1.010,mm,OK,--,4:54:12 PM,4/5/2026,
1551,33.7,gf,1.005,mm,OK,--,4:54:12 PM,4/5/2026,
1552,33.7,gf,1.005,mm,OK,--,4:54:12 PM,4/5/2026,
1553,33.6,gf,1.000,mm,OK,--,4:54:12 PM,4/5/2026,
1554,33.6,gf,1.000,mm,OK,--,4:54:13 PM,4/5/2026,
1555,33.5,gf,0.995,mm,OK,--,4:54:13 PM,4/5/2026,
1556,33.5,gf,0.995,mm,OK,--,4:54:13 PM,4/5/2026,
1557,33.5,gf,0.990,mm,OK,--,4:54:13 PM,4/5/2026,
1558,33.5,gf,0.990,mm,OK,--,4:54:13 PM,4/5/2026,
1559,33.5,gf,0.985,mm,OK,--,4:54:13 PM,4/5/2026,
1560,33.5,gf,0.985,mm,OK,--,4:54:13 PM,4/5/2026,
1561,33.5,gf,0.980,mm,OK,--,4:54:13 PM,4/5/2026,
1562,33.4,gf,0.980,mm,OK,--,4:54:13 PM,4/5/2026,
1563,33.4,gf,0.980,mm,OK,--,4:54:13 PM,4/5/2026,
1564,33.4,gf,0.975,mm,OK,--,4:54:14 PM,4/5/2026,
1565,33.5,gf,0.970,mm,OK,--,4:54:14 PM,4/5/2026,
1566,33.5,gf,0.970,mm,OK,--,4:54:14 PM,4/5/2026,
1567,33.5,gf,0.965,mm,OK,--,4:54:14 PM,4/5/2026,
1568,33.6,gf,0.960,mm,OK,--,4:54:14 PM,4/5/2026,
1569,33.7,gf,0.960,mm,OK,--,4:54:14 PM,4/5/2026,
1570,33.6,gf,0.955,mm,OK,--,4:54:14 PM,4/5/2026,
1571,33.5,gf,0.955,mm,OK,--,4:54:14 PM,4/5/2026,
1572,33.5,gf,0.955,mm,OK,--,4:54:14 PM,4/5/2026,
1573,33.5,gf,0.950,mm,OK,--,4:54:14 PM,4/5/2026,
1574,33.5,gf,0.950,mm,OK,--,4:54:15 PM,4/5/2026,
1575,33.5,gf,0.945,mm,OK,--,4:54:15 PM,4/5/2026,
1576,33.4,gf,0.945,mm,OK,--,4:54:15 PM,4/5/2026,
1577,33.4,gf,0.940,mm,OK,--,4:54:15 PM,4/5/2026,
1578,33.4,gf,0.940,mm,OK,--,4:54:15 PM,4/5/2026,
1579,33.3,gf,0.935,mm,OK,--,4:54:15 PM,4/5/2026,
1580,33.3,gf,0.930,mm,OK,--,4:54:15 PM,4/5/2026,
1581,33.4,gf,0.925,mm,OK,--,4:54:15 PM,4/5/2026,
1582,33.4,gf,0.920,mm,OK,--,4:54:15 PM,4/5/2026,
1583,33.4,gf,0.920,mm,OK,--,4:54:15 PM,4/5/2026,
1584,33.3,gf,0.915,mm,OK,--,4:54:16 PM,4/5/2026,
1585,33.3,gf,0.910,mm,OK,--,4:54:16 PM,4/5/2026,
1586,33.3,gf,0.905,mm,OK,--,4:54:16 PM,4/5/2026,
1587,33.3,gf,0.900,mm,OK,--,4:54:16 PM,4/5/2026,
1588,33.4,gf,0.895,mm,OK,--,4:54:16 PM,4/5/2026,
1589,33.4,gf,0.890,mm,OK,--,4:54:16 PM,4/5/2026,
1590,33.3,gf,0.885,mm,OK,--,4:54:16 PM,4/5/2026,
1591,33.3,gf,0.880,mm,OK,--,4:54:16 PM,4/5/2026,
1592,33.2,gf,0.875,mm,OK,--,4:54:16 PM,4/5/2026,
1593,33.2,gf,0.875,mm,OK,--,4:54:16 PM,4/5/2026,
1594,33.2,gf,0.870,mm,OK,--,4:54:17 PM,4/5/2026,
1595,33.2,gf,0.870,mm,OK,--,4:54:17 PM,4/5/2026,
1596,33.2,gf,0.865,mm,OK,--,4:54:17 PM,4/5/2026,
1597,33.2,gf,0.860,mm,OK,--,4:54:17 PM,4/5/2026,
1598,33.2,gf,0.855,mm,OK,--,4:54:17 PM,4/5/2026,
1599,33.3,gf,0.855,mm,OK,--,4:54:17 PM,4/5/2026,
1600,33.2,gf,0.850,mm,OK,--,4:54:17 PM,4/5/2026,
1601,33.2,gf,0.845,mm,OK,--,4:54:17 PM,4/5/2026,
1602,33.1,gf,0.840,mm,OK,--,4:54:17 PM,4/5/2026,
1603,33.1,gf,0.835,mm,OK,--,4:54:17 PM,4/5/2026,
1604,33.1,gf,0.825,mm,OK,--,4:54:18 PM,4/5/2026,
1605,33.1,gf,0.815,mm,OK,--,4:54:18 PM,4/5/2026,
1606,33.0,gf,0.810,mm,OK,--,4:54:18 PM,4/5/2026,
1607,33.1,gf,0.800,mm,OK,--,4:54:18 PM,4/5/2026,
1608,33.0,gf,0.785,mm,OK,--,4:54:18 PM,4/5/2026,
1609,33.0,gf,0.775,mm,OK,--,4:54:18 PM,4/5/2026,
1610,32.9,gf,0.765,mm,OK,--,4:54:18 PM,4/5/2026,
1611,32.9,gf,0.760,mm,OK,--,4:54:18 PM,4/5/2026,
1612,32.9,gf,0.755,mm,OK,--,4:54:18 PM,4/5/2026,
1613,32.9,gf,0.745,mm,OK,--,4:54:18 PM,4/5/2026,
1614,32.8,gf,0.745,mm,OK,--,4:54:19 PM,4/5/2026,
1615,32.7,gf,0.740,mm,OK,--,4:54:19 PM,4/5/2026,
1616,32.7,gf,0.740,mm,OK,--,4:54:19 PM,4/5/2026,
1617,32.7,gf,0.735,mm,OK,--,4:54:19 PM,4/5/2026,
1618,32.7,gf,0.730,mm,OK,--,4:54:19 PM,4/5/2026,
1619,32.7,gf,0.730,mm,OK,--,4:54:19 PM,4/5/2026,
1620,32.7,gf,0.725,mm,OK,--,4:54:19 PM,4/5/2026,
1621,32.6,gf,0.725,mm,OK,--,4:54:19 PM,4/5/2026,
1622,32.7,gf,0.720,mm,OK,--,4:54:19 PM,4/5/2026,
1623,32.7,gf,0.715,mm,OK,--,4:54:19 PM,4/5/2026,
1624,32.7,gf,0.710,mm,OK,--,4:54:20 PM,4/5/2026,
1625,32.7,gf,0.705,mm,OK,--,4:54:20 PM,4/5/2026,
1626,32.7,gf,0.700,mm,OK,--,4:54:20 PM,4/5/2026,
1627,32.7,gf,0.695,mm,OK,--,4:54:20 PM,4/5/2026,
1628,32.7,gf,0.690,mm,OK,--,4:54:20 PM,4/5/2026,
1629,32.8,gf,0.685,mm,OK,--,4:54:20 PM,4/5/2026,
1630,32.7,gf,0.680,mm,OK,--,4:54:20 PM,4/5/2026,
1631,32.6,gf,0.675,mm,OK,--,4:54:20 PM,4/5/2026,
1632,32.6,gf,0.670,mm,OK,--,4:54:20 PM,4/5/2026,
1633,32.7,gf,0.665,mm,OK,--,4:54:20 PM,4/5/2026,
1634,32.7,gf,0.665,mm,OK,--,4:54:21 PM,4/5/2026,
1635,32.6,gf,0.660,mm,OK,--,4:54:21 PM,4/5/2026,
1636,32.6,gf,0.660,mm,OK,--,4:54:21 PM,4/5/2026,
1637,32.6,gf,0.655,mm,OK,--,4:54:21 PM,4/5/2026,
1638,32.5,gf,0.650,mm,OK,--,4:54:21 PM,4/5/2026,
1639,32.5,gf,0.650,mm,OK,--,4:54:21 PM,4/5/2026,
1640,32.5,gf,0.645,mm,OK,--,4:54:21 PM,4/5/2026,
1641,32.5,gf,0.645,mm,OK,--,4:54:21 PM,4/5/2026,
1642,32.4,gf,0.640,mm,OK,--,4:54:21 PM,4/5/2026,
1643,32.4,gf,0.640,mm,OK,--,4:54:21 PM,4/5/2026,
1644,32.4,gf,0.640,mm,OK,--,4:54:22 PM,4/5/2026,
1645,32.4,gf,0.635,mm,OK,--,4:54:22 PM,4/5/2026,
1646,32.5,gf,0.630,mm,OK,--,4:54:22 PM,4/5/2026,
1647,32.5,gf,0.630,mm,OK,--,4:54:22 PM,4/5/2026,
1648,32.5,gf,0.625,mm,OK,--,4:54:22 PM,4/5/2026,
1649,32.6,gf,0.620,mm,OK,--,4:54:22 PM,4/5/2026,
1650,32.5,gf,0.615,mm,OK,--,4:54:22 PM,4/5/2026,
1651,32.4,gf,0.615,mm,OK,--,4:54:22 PM,4/5/2026,
1652,32.5,gf,0.610,mm,OK,--,4:54:22 PM,4/5/2026,
1653,32.4,gf,0.600,mm,OK,--,4:54:22 PM,4/5/2026,
1654,32.4,gf,0.595,mm,OK,--,4:54:23 PM,4/5/2026,
1655,32.4,gf,0.585,mm,OK,--,4:54:23 PM,4/5/2026,
1656,32.4,gf,0.580,mm,OK,--,4:54:23 PM,4/5/2026,
1657,32.4,gf,0.575,mm,OK,--,4:54:23 PM,4/5/2026,
1658,32.4,gf,0.565,mm,OK,--,4:54:23 PM,4/5/2026,
1659,32.3,gf,0.560,mm,OK,--,4:54:23 PM,4/5/2026,
1660,32.3,gf,0.555,mm,OK,--,4:54:23 PM,4/5/2026,
1661,32.4,gf,0.545,mm,OK,--,4:54:23 PM,4/5/2026,
1662,32.3,gf,0.540,mm,OK,--,4:54:23 PM,4/5/2026,
1663,32.3,gf,0.535,mm,OK,--,4:54:23 PM,4/5/2026,
1664,32.3,gf,0.530,mm,OK,--,4:54:24 PM,4/5/2026,
1665,32.2,gf,0.525,mm,OK,--,4:54:24 PM,4/5/2026,
1666,32.3,gf,0.515,mm,OK,--,4:54:24 PM,4/5/2026,
1667,32.1,gf,0.510,mm,OK,--,4:54:24 PM,4/5/2026,
1668,32.2,gf,0.505,mm,OK,--,4:54:24 PM,4/5/2026,
1669,32.2,gf,0.495,mm,OK,--,4:54:24 PM,4/5/2026,
1670,32.1,gf,0.485,mm,OK,--,4:54:24 PM,4/5/2026,
1671,32.0,gf,0.480,mm,OK,--,4:54:24 PM,4/5/2026,
1672,32.0,gf,0.475,mm,OK,--,4:54:24 PM,4/5/2026,
1673,32.0,gf,0.470,mm,OK,--,4:54:24 PM,4/5/2026,
1674,32.2,gf,0.460,mm,OK,--,4:54:25 PM,4/5/2026,
1675,32.1,gf,0.455,mm,OK,--,4:54:25 PM,4/5/2026,
1676,32.0,gf,0.445,mm,OK,--,4:54:25 PM,4/5/2026,
1677,32.1,gf,0.440,mm,OK,--,4:54:25 PM,4/5/2026,
1678,32.0,gf,0.430,mm,OK,--,4:54:25 PM,4/5/2026,
1679,32.0,gf,0.425,mm,OK,--,4:54:25 PM,4/5/2026,
1680,32.0,gf,0.420,mm,OK,--,4:54:25 PM,4/5/2026,
1681,32.0,gf,0.415,mm,OK,--,4:54:25 PM,4/5/2026,
1682,31.9,gf,0.410,mm,OK,--,4:54:25 PM,4/5/2026,
1683,31.9,gf,0.405,mm,OK,--,4:54:25 PM,4/5/2026,
1684,32.0,gf,0.405,mm,OK,--,4:54:26 PM,4/5/2026,
1685,32.0,gf,0.400,mm,OK,--,4:54:26 PM,4/5/2026,
1686,31.9,gf,0.395,mm,OK,--,4:54:26 PM,4/5/2026,
1687,31.8,gf,0.395,mm,OK,--,4:54:26 PM,4/5/2026,
1688,31.9,gf,0.390,mm,OK,--,4:54:26 PM,4/5/2026,
1689,31.9,gf,0.380,mm,OK,--,4:54:26 PM,4/5/2026,
1690,31.9,gf,0.380,mm,OK,--,4:54:26 PM,4/5/2026,
1691,31.8,gf,0.375,mm,OK,--,4:54:26 PM,4/5/2026,
1692,31.8,gf,0.370,mm,OK,--,4:54:26 PM,4/5/2026,
1693,31.8,gf,0.370,mm,OK,--,4:54:26 PM,4/5/2026,
1694,31.7,gf,0.365,mm,OK,--,4:54:27 PM,4/5/2026,
1695,31.7,gf,0.365,mm,OK,--,4:54:27 PM,4/5/2026,
1696,31.7,gf,0.360,mm,OK,--,4:54:27 PM,4/5/2026,
1697,31.7,gf,0.355,mm,OK,--,4:54:27 PM,4/5/2026,
1698,31.7,gf,0.355,mm,OK,--,4:54:27 PM,4/5/2026,
1699,31.6,gf,0.355,mm,OK,--,4:54:27 PM,4/5/2026,
1700,31.6,gf,0.350,mm,OK,--,4:54:27 PM,4/5/2026,
1701,31.6,gf,0.350,mm,OK,--,4:54:27 PM,4/5/2026,
1702,31.7,gf,0.350,mm,OK,--,4:54:27 PM,4/5/2026,
1703,31.7,gf,0.345,mm,OK,--,4:54:27 PM,4/5/2026,
1704,31.7,gf,0.345,mm,OK,--,4:54:28 PM,4/5/2026,
1705,31.7,gf,0.340,mm,OK,--,4:54:28 PM,4/5/2026,
1706,31.7,gf,0.340,mm,OK,--,4:54:28 PM,4/5/2026,
1707,31.7,gf,0.340,mm,OK,--,4:54:28 PM,4/5/2026,
1708,31.7,gf,0.340,mm,OK,--,4:54:28 PM,4/5/2026,
1709,31.7,gf,0.335,mm,OK,--,4:54:28 PM,4/5/2026,
1710,31.8,gf,0.330,mm,OK,--,4:54:28 PM,4/5/2026,
1711,31.8,gf,0.330,mm,OK,--,4:54:28 PM,4/5/2026,
1712,31.8,gf,0.330,mm,OK,--,4:54:28 PM,4/5/2026,
1713,31.8,gf,0.325,mm,OK,--,4:54:28 PM,4/5/2026,
1714,31.7,gf,0.325,mm,OK,--,4:54:29 PM,4/5/2026,
1715,31.8,gf,0.320,mm,OK,--,4:54:29 PM,4/5/2026,
1716,31.8,gf,0.315,mm,OK,--,4:54:29 PM,4/5/2026,
1717,31.8,gf,0.310,mm,OK,--,4:54:29 PM,4/5/2026,
1718,31.8,gf,0.310,mm,OK,--,4:54:29 PM,4/5/2026,
1719,31.7,gf,0.305,mm,OK,--,4:54:29 PM,4/5/2026,
1720,31.8,gf,0.300,mm,OK,--,4:54:29 PM,4/5/2026,
1721,31.7,gf,0.300,mm,OK,--,4:54:29 PM,4/5/2026,
1722,31.7,gf,0.295,mm,OK,--,4:54:29 PM,4/5/2026,
1723,31.7,gf,0.290,mm,OK,--,4:54:29 PM,4/5/2026,
1724,31.7,gf,0.290,mm,OK,--,4:54:30 PM,4/5/2026,
1725,31.6,gf,0.285,mm,OK,--,4:54:30 PM,4/5/2026,
1726,31.6,gf,0.285,mm,OK,--,4:54:30 PM,4/5/2026,
1727,31.6,gf,0.280,mm,OK,--,4:54:30 PM,4/5/2026,
1728,31.6,gf,0.275,mm,OK,--,4:54:30 PM,4/5/2026,
1729,31.6,gf,0.270,mm,OK,--,4:54:30 PM,4/5/2026,
1730,31.6,gf,0.265,mm,OK,--,4:54:30 PM,4/5/2026,
1731,31.6,gf,0.260,mm,OK,--,4:54:30 PM,4/5/2026,
1732,31.6,gf,0.260,mm,OK,--,4:54:30 PM,4/5/2026,
1733,31.5,gf,0.255,mm,OK,--,4:54:30 PM,4/5/2026,
1734,31.5,gf,0.255,mm,OK,--,4:54:31 PM,4/5/2026,
1735,31.5,gf,0.250,mm,OK,--,4:54:31 PM,4/5/2026,
1736,31.4,gf,0.250,mm,OK,--,4:54:31 PM,4/5/2026,
1737,31.4,gf,0.250,mm,OK,--,4:54:31 PM,4/5/2026,
1738,31.4,gf,0.245,mm,OK,--,4:54:31 PM,4/5/2026,
1739,31.4,gf,0.245,mm,OK,--,4:54:31 PM,4/5/2026,
1740,31.4,gf,0.245,mm,OK,--,4:54:31 PM,4/5/2026,
1741,31.4,gf,0.240,mm,OK,--,4:54:31 PM,4/5/2026,
1742,31.1,gf,0.240,mm,OK,--,4:54:31 PM,4/5/2026,
1743,30.5,gf,0.240,mm,OK,--,4:54:31 PM,4/5/2026,
1744,29.9,gf,0.235,mm,OK,--,4:54:32 PM,4/5/2026,
1745,29.5,gf,0.235,mm,OK,--,4:54:32 PM,4/5/2026,
1746,29.1,gf,0.235,mm,OK,--,4:54:32 PM,4/5/2026,
1747,28.6,gf,0.230,mm,OK,--,4:54:32 PM,4/5/2026,
1748,28.4,gf,0.230,mm,OK,--,4:54:32 PM,4/5/2026,
1749,28.1,gf,0.230,mm,OK,--,4:54:32 PM,4/5/2026,
1750,27.8,gf,0.225,mm,OK,--,4:54:32 PM,4/5/2026,
1751,27.5,gf,0.225,mm,OK,--,4:54:32 PM,4/5/2026,
1752,27.4,gf,0.225,mm,OK,--,4:54:32 PM,4/5/2026,
1753,27.3,gf,0.225,mm,OK,--,4:54:32 PM,4/5/2026,
1754,27.3,gf,0.220,mm,OK,--,4:54:33 PM,4/5/2026,
1755,27.0,gf,0.220,mm,OK,--,4:54:33 PM,4/5/2026,
1756,26.9,gf,0.220,mm,OK,--,4:54:33 PM,4/5/2026,
1757,26.8,gf,0.220,mm,OK,--,4:54:33 PM,4/5/2026,
1758,26.8,gf,0.220,mm,OK,--,4:54:33 PM,4/5/2026,
1759,26.8,gf,0.220,mm,OK,--,4:54:33 PM,4/5/2026,
1760,26.9,gf,0.215,mm,OK,--,4:54:33 PM,4/5/2026,
1761,27.0,gf,0.215,mm,OK,--,4:54:33 PM,4/5/2026,
1762,27.0,gf,0.215,mm,OK,--,4:54:33 PM,4/5/2026,
1763,26.9,gf,0.215,mm,OK,--,4:54:33 PM,4/5/2026,
1764,26.2,gf,0.215,mm,OK,--,4:54:34 PM,4/5/2026,
1765,25.3,gf,0.215,mm,OK,--,4:54:34 PM,4/5/2026,
1766,24.1,gf,0.210,mm,OK,--,4:54:34 PM,4/5/2026,
1767,22.9,gf,0.210,mm,OK,--,4:54:34 PM,4/5/2026,
1768,21.9,gf,0.210,mm,OK,--,4:54:34 PM,4/5/2026,
1769,21.6,gf,0.205,mm,OK,--,4:54:34 PM,4/5/2026,
1770,21.6,gf,0.205,mm,OK,--,4:54:34 PM,4/5/2026,
1771,21.6,gf,0.205,mm,OK,--,4:54:34 PM,4/5/2026,
1772,21.6,gf,0.205,mm,OK,--,4:54:34 PM,4/5/2026,
1773,21.5,gf,0.205,mm,OK,--,4:54:34 PM,4/5/2026,
1774,21.3,gf,0.205,mm,OK,--,4:54:35 PM,4/5/2026,
1775,21.2,gf,0.200,mm,OK,--,4:54:35 PM,4/5/2026,
1776,21.1,gf,0.200,mm,OK,--,4:54:35 PM,4/5/2026,
1777,21.0,gf,0.200,mm,OK,--,4:54:35 PM,4/5/2026,
1778,21.1,gf,0.200,mm,OK,--,4:54:35 PM,4/5/2026,
1779,21.1,gf,0.200,mm,OK,--,4:54:35 PM,4/5/2026,
1780,20.9,gf,0.195,mm,OK,--,4:54:35 PM,4/5/2026,
1781,20.9,gf,0.195,mm,OK,--,4:54:35 PM,4/5/2026,
1782,21.1,gf,0.195,mm,OK,--,4:54:35 PM,4/5/2026,
1783,21.1,gf,0.190,mm,OK,--,4:54:35 PM,4/5/2026,
1784,21.0,gf,0.190,mm,OK,--,4:54:36 PM,4/5/2026,
1785,20.9,gf,0.190,mm,OK,--,4:54:36 PM,4/5/2026,
1786,21.0,gf,0.190,mm,OK,--,4:54:36 PM,4/5/2026,
1787,21.2,gf,0.185,mm,OK,--,4:54:36 PM,4/5/2026,
1788,21.1,gf,0.185,mm,OK,--,4:54:36 PM,4/5/2026,
1789,21.1,gf,0.185,mm,OK,--,4:54:36 PM,4/5/2026,
1790,21.0,gf,0.180,mm,OK,--,4:54:36 PM,4/5/2026,
1791,21.0,gf,0.180,mm,OK,--,4:54:36 PM,4/5/2026,
1792,20.8,gf,0.180,mm,OK,--,4:54:36 PM,4/5/2026,
1793,20.9,gf,0.175,mm,OK,--,4:54:36 PM,4/5/2026,
1794,20.9,gf,0.175,mm,OK,--,4:54:37 PM,4/5/2026,
1795,21.0,gf,0.170,mm,OK,--,4:54:37 PM,4/5/2026,
1796,20.9,gf,0.170,mm,OK,--,4:54:37 PM,4/5/2026,
1797,20.8,gf,0.170,mm,OK,--,4:54:37 PM,4/5/2026,
1798,20.4,gf,0.165,mm,OK,--,4:54:37 PM,4/5/2026,
1799,20.3,gf,0.165,mm,OK,--,4:54:37 PM,4/5/2026,
1800,20.2,gf,0.160,mm,OK,--,4:54:37 PM,4/5/2026,
1801,20.5,gf,0.160,mm,OK,--,4:54:37 PM,4/5/2026,
1802,20.3,gf,0.155,mm,OK,--,4:54:37 PM,4/5/2026,
1803,19.8,gf,0.150,mm,OK,--,4:54:37 PM,4/5/2026,
1804,19.0,gf,0.150,mm,OK,--,4:54:38 PM,4/5/2026,
1805,18.4,gf,0.145,mm,OK,--,4:54:38 PM,4/5/2026,
1806,17.8,gf,0.145,mm,OK,--,4:54:38 PM,4/5/2026,
1807,16.2,gf,0.140,mm,OK,--,4:54:38 PM,4/5/2026,
1808,14.6,gf,0.135,mm,OK,--,4:54:38 PM,4/5/2026,
1809,12.9,gf,0.135,mm,OK,--,4:54:38 PM,4/5/2026,
1810,10.8,gf,0.130,mm,OK,--,4:54:38 PM,4/5/2026,
1811,8.0,gf,0.125,mm,OK,--,4:54:38 PM,4/5/2026,
1812,5.3,gf,0.120,mm,OK,--,4:54:38 PM,4/5/2026,
1813,3.6,gf,0.120,mm,OK,--,4:54:38 PM,4/5/2026,
1814,2.3,gf,0.120,mm,OK,--,4:54:39 PM,4/5/2026,
1815,1.0,gf,0.115,mm,OK,--,4:54:39 PM,4/5/2026,
1816,0.0,gf,0.115,mm,OK,--,4:54:39 PM,4/5/2026,
1817,0.0,gf,0.110,mm,OK,--,4:54:39 PM,4/5/2026,
1818,0.1,gf,0.105,mm,OK,--,4:54:39 PM,4/5/2026,
1819,0.0,gf,0.085,mm,OK,--,4:54:39 PM,4/5/2026,
1820,0.0,gf,0.055,mm,OK,--,4:54:39 PM,4/5/2026,
1821,0.0,gf,0.030,mm,OK,--,4:54:39 PM,4/5/2026,
1822,0.1,gf,0.015,mm,OK,--,4:54:39 PM,4/5/2026,
1823,0.1,gf,0.000,mm,OK,--,4:54:39 PM,4/5/2026,
1824,0.0,gf,-0.015,mm,OK,--,4:54:40 PM,4/5/2026,
1825,0.0,gf,-0.020,mm,OK,--,4:54:40 PM,4/5/2026,
1826,0.0,gf,-0.020,mm,OK,--,4:54:40 PM,4/5/2026,
1827,-0.1,gf,-0.020,mm,OK,--,4:54:40 PM,4/5/2026,
1828,0.0,gf,-0.020,mm,OK,--,4:54:40 PM,4/5/2026,
1829,0.1,gf,-0.020,mm,OK,--,4:54:40 PM,4/5/2026,
1830,0.0,gf,-0.020,mm,OK,--,4:54:40 PM,4/5/2026,
1831,0.0,gf,-0.020,mm,OK,--,4:54:40 PM,4/5/2026,
1832,0.0,gf,-0.020,mm,OK,--,4:54:40 PM,4/5/2026,
1833,0.1,gf,-0.020,mm,OK,--,4:54:40 PM,4/5/2026,
1834,0.1,gf,-0.020,mm,OK,--,4:54:41 PM,4/5/2026,
1835,0.1,gf,-0.020,mm,OK,--,4:54:41 PM,4/5/2026,
1836,0.0,gf,-0.020,mm,OK,--,4:54:41 PM,4/5/2026,
1837,0.0,gf,-0.020,mm,OK,--,4:54:41 PM,4/5/2026,
1838,0.1,gf,-0.020,mm,OK,--,4:54:41 PM,4/5/2026,
1839,0.0,gf,-0.015,mm,OK,--,4:54:41 PM,4/5/2026,
1840,0.0,gf,-0.010,mm,OK,--,4:54:41 PM,4/5/2026,
1841,0.0,gf,-0.010,mm,OK,--,4:54:41 PM,4/5/2026,
1842,0.0,gf,-0.010,mm,OK,--,4:54:41 PM,4/5/2026,
1843,0.1,gf,-0.005,mm,OK,--,4:54:41 PM,4/5/2026,
1844,0.0,gf,-0.005,mm,OK,--,4:54:42 PM,4/5/2026,
1845,0.1,gf,0.000,mm,OK,--,4:54:42 PM,4/5/2026,
1846,0.0,gf,0.000,mm,OK,--,4:54:42 PM,4/5/2026,
1847,0.0,gf,0.000,mm,OK,--,4:54:42 PM,4/5/2026,
1848,0.0,gf,0.005,mm,OK,--,4:54:42 PM,4/5/2026,
1849,0.0,gf,0.005,mm,OK,--,4:54:42 PM,4/5/2026,
1850,0.0,gf,0.005,mm,OK,--,4:54:42 PM,4/5/2026,
1851,0.0,gf,0.005,mm,OK,--,4:54:42 PM,4/5/2026,
1852,0.0,gf,0.010,mm,OK,--,4:54:42 PM,4/5/2026,
1853,0.0,gf,0.010,mm,OK,--,4:54:42 PM,4/5/2026,
1854,0.0,gf,0.010,mm,OK,--,4:54:43 PM,4/5/2026,
