Maximum,192.9,@,No.1015,,,,,,
Minimum,-0.2,@,No.1916,,,,,,
Average,54.50,,,,,,,,
Data Quantity,1921,,,,,,,,
Number of NG,0,,,,,,,,
No.,Force,Unit,Displacement,Unit,Judge,Position,Time,Date,
1,0.0,gf,0.000,mm,OK,--,7:53:29 PM,7/9/2026,
2,0.0,gf,0.000,mm,OK,--,7:53:29 PM,7/9/2026,
3,0.0,gf,0.000,mm,OK,--,7:53:29 PM,7/9/2026,
4,0.1,gf,0.000,mm,OK,--,7:53:29 PM,7/9/2026,
5,-0.1,gf,0.005,mm,OK,--,7:53:29 PM,7/9/2026,
6,0.0,gf,0.005,mm,OK,--,7:53:29 PM,7/9/2026,
7,0.0,gf,0.005,mm,OK,--,7:53:30 PM,7/9/2026,
8,0.0,gf,0.005,mm,OK,--,7:53:30 PM,7/9/2026,
9,0.0,gf,0.010,mm,OK,--,7:53:30 PM,7/9/2026,
10,0.0,gf,0.015,mm,OK,--,7:53:30 PM,7/9/2026,
11,0.0,gf,0.020,mm,OK,--,7:53:30 PM,7/9/2026,
12,0.0,gf,0.025,mm,OK,--,7:53:30 PM,7/9/2026,
13,0.0,gf,0.030,mm,OK,--,7:53:30 PM,7/9/2026,
14,0.0,gf,0.035,mm,OK,--,7:53:30 PM,7/9/2026,
15,0.0,gf,0.040,mm,OK,--,7:53:30 PM,7/9/2026,
16,0.0,gf,0.045,mm,OK,--,7:53:30 PM,7/9/2026,
17,0.0,gf,0.055,mm,OK,--,7:53:31 PM,7/9/2026,
18,0.1,gf,0.060,mm,OK,--,7:53:31 PM,7/9/2026,
19,0.0,gf,0.065,mm,OK,--,7:53:31 PM,7/9/2026,
20,0.0,gf,0.075,mm,OK,--,7:53:31 PM,7/9/2026,
21,0.0,gf,0.080,mm,OK,--,7:53:31 PM,7/9/2026,
22,0.0,gf,0.080,mm,OK,--,7:53:31 PM,7/9/2026,
23,0.0,gf,0.085,mm,OK,--,7:53:31 PM,7/9/2026,
24,-0.1,gf,0.085,mm,OK,--,7:53:31 PM,7/9/2026,
25,0.0,gf,0.090,mm,OK,--,7:53:31 PM,7/9/2026,
26,0.0,gf,0.095,mm,OK,--,7:53:31 PM,7/9/2026,
27,0.0,gf,0.100,mm,OK,--,7:53:32 PM,7/9/2026,
28,0.0,gf,0.105,mm,OK,--,7:53:32 PM,7/9/2026,
29,0.0,gf,0.105,mm,OK,--,7:53:32 PM,7/9/2026,
30,0.0,gf,0.110,mm,OK,--,7:53:32 PM,7/9/2026,
31,0.0,gf,0.110,mm,OK,--,7:53:32 PM,7/9/2026,
32,-0.1,gf,0.115,mm,OK,--,7:53:32 PM,7/9/2026,
33,0.0,gf,0.115,mm,OK,--,7:53:32 PM,7/9/2026,
34,0.0,gf,0.120,mm,OK,--,7:53:32 PM,7/9/2026,
35,0.0,gf,0.125,mm,OK,--,7:53:32 PM,7/9/2026,
36,0.0,gf,0.125,mm,OK,--,7:53:32 PM,7/9/2026,
37,0.0,gf,0.130,mm,OK,--,7:53:33 PM,7/9/2026,
38,0.0,gf,0.135,mm,OK,--,7:53:33 PM,7/9/2026,
39,0.0,gf,0.135,mm,OK,--,7:53:33 PM,7/9/2026,
40,0.1,gf,0.140,mm,OK,--,7:53:33 PM,7/9/2026,
41,0.0,gf,0.140,mm,OK,--,7:53:33 PM,7/9/2026,
42,0.0,gf,0.145,mm,OK,--,7:53:33 PM,7/9/2026,
43,0.0,gf,0.150,mm,OK,--,7:53:33 PM,7/9/2026,
44,0.5,gf,0.155,mm,OK,--,7:53:33 PM,7/9/2026,
45,8.1,gf,0.165,mm,OK,--,7:53:33 PM,7/9/2026,
46,14.4,gf,0.170,mm,OK,--,7:53:33 PM,7/9/2026,
47,18.8,gf,0.175,mm,OK,--,7:53:34 PM,7/9/2026,
48,22.4,gf,0.180,mm,OK,--,7:53:34 PM,7/9/2026,
49,25.4,gf,0.185,mm,OK,--,7:53:34 PM,7/9/2026,
50,26.6,gf,0.190,mm,OK,--,7:53:34 PM,7/9/2026,
51,27.9,gf,0.190,mm,OK,--,7:53:34 PM,7/9/2026,
52,28.8,gf,0.195,mm,OK,--,7:53:34 PM,7/9/2026,
53,29.3,gf,0.200,mm,OK,--,7:53:34 PM,7/9/2026,
54,29.3,gf,0.200,mm,OK,--,7:53:34 PM,7/9/2026,
55,29.0,gf,0.205,mm,OK,--,7:53:34 PM,7/9/2026,
56,29.1,gf,0.210,mm,OK,--,7:53:34 PM,7/9/2026,
57,29.2,gf,0.210,mm,OK,--,7:53:35 PM,7/9/2026,
58,29.2,gf,0.215,mm,OK,--,7:53:35 PM,7/9/2026,
59,29.6,gf,0.220,mm,OK,--,7:53:35 PM,7/9/2026,
60,30.0,gf,0.220,mm,OK,--,7:53:35 PM,7/9/2026,
61,30.6,gf,0.225,mm,OK,--,7:53:35 PM,7/9/2026,
62,31.2,gf,0.230,mm,OK,--,7:53:35 PM,7/9/2026,
63,31.5,gf,0.235,mm,OK,--,7:53:35 PM,7/9/2026,
64,31.4,gf,0.240,mm,OK,--,7:53:35 PM,7/9/2026,
65,31.3,gf,0.245,mm,OK,--,7:53:35 PM,7/9/2026,
66,31.5,gf,0.245,mm,OK,--,7:53:35 PM,7/9/2026,
67,31.5,gf,0.250,mm,OK,--,7:53:36 PM,7/9/2026,
68,31.5,gf,0.250,mm,OK,--,7:53:36 PM,7/9/2026,
69,31.4,gf,0.255,mm,OK,--,7:53:36 PM,7/9/2026,
70,31.3,gf,0.260,mm,OK,--,7:53:36 PM,7/9/2026,
71,31.5,gf,0.260,mm,OK,--,7:53:36 PM,7/9/2026,
72,31.5,gf,0.265,mm,OK,--,7:53:36 PM,7/9/2026,
73,31.7,gf,0.270,mm,OK,--,7:53:36 PM,7/9/2026,
74,33.8,gf,0.275,mm,OK,--,7:53:36 PM,7/9/2026,
75,36.1,gf,0.280,mm,OK,--,7:53:36 PM,7/9/2026,
76,35.9,gf,0.290,mm,OK,--,7:53:36 PM,7/9/2026,
77,35.7,gf,0.300,mm,OK,--,7:53:37 PM,7/9/2026,
78,35.7,gf,0.310,mm,OK,--,7:53:37 PM,7/9/2026,
79,35.5,gf,0.315,mm,OK,--,7:53:37 PM,7/9/2026,
80,35.5,gf,0.325,mm,OK,--,7:53:37 PM,7/9/2026,
81,35.5,gf,0.330,mm,OK,--,7:53:37 PM,7/9/2026,
82,35.5,gf,0.340,mm,OK,--,7:53:37 PM,7/9/2026,
83,35.5,gf,0.345,mm,OK,--,7:53:37 PM,7/9/2026,
84,35.6,gf,0.350,mm,OK,--,7:53:37 PM,7/9/2026,
85,35.6,gf,0.360,mm,OK,--,7:53:37 PM,7/9/2026,
86,35.6,gf,0.365,mm,OK,--,7:53:37 PM,7/9/2026,
87,35.6,gf,0.375,mm,OK,--,7:53:38 PM,7/9/2026,
88,35.6,gf,0.380,mm,OK,--,7:53:38 PM,7/9/2026,
89,35.7,gf,0.385,mm,OK,--,7:53:38 PM,7/9/2026,
90,35.7,gf,0.390,mm,OK,--,7:53:38 PM,7/9/2026,
91,35.7,gf,0.395,mm,OK,--,7:53:38 PM,7/9/2026,
92,35.7,gf,0.405,mm,OK,--,7:53:38 PM,7/9/2026,
93,35.8,gf,0.410,mm,OK,--,7:53:38 PM,7/9/2026,
94,35.8,gf,0.420,mm,OK,--,7:53:38 PM,7/9/2026,
95,35.8,gf,0.425,mm,OK,--,7:53:38 PM,7/9/2026,
96,35.8,gf,0.430,mm,OK,--,7:53:38 PM,7/9/2026,
97,35.8,gf,0.435,mm,OK,--,7:53:39 PM,7/9/2026,
98,35.9,gf,0.440,mm,OK,--,7:53:39 PM,7/9/2026,
99,35.8,gf,0.445,mm,OK,--,7:53:39 PM,7/9/2026,
100,35.9,gf,0.450,mm,OK,--,7:53:39 PM,7/9/2026,
101,35.9,gf,0.455,mm,OK,--,7:53:39 PM,7/9/2026,
102,35.8,gf,0.460,mm,OK,--,7:53:39 PM,7/9/2026,
103,35.9,gf,0.465,mm,OK,--,7:53:39 PM,7/9/2026,
104,35.9,gf,0.465,mm,OK,--,7:53:39 PM,7/9/2026,
105,36.0,gf,0.470,mm,OK,--,7:53:39 PM,7/9/2026,
106,35.9,gf,0.470,mm,OK,--,7:53:39 PM,7/9/2026,
107,36.0,gf,0.475,mm,OK,--,7:53:40 PM,7/9/2026,
108,36.0,gf,0.475,mm,OK,--,7:53:40 PM,7/9/2026,
109,36.0,gf,0.480,mm,OK,--,7:53:40 PM,7/9/2026,
110,36.0,gf,0.485,mm,OK,--,7:53:40 PM,7/9/2026,
111,36.0,gf,0.485,mm,OK,--,7:53:40 PM,7/9/2026,
112,36.0,gf,0.490,mm,OK,--,7:53:40 PM,7/9/2026,
113,36.1,gf,0.495,mm,OK,--,7:53:40 PM,7/9/2026,
114,36.1,gf,0.500,mm,OK,--,7:53:40 PM,7/9/2026,
115,36.1,gf,0.500,mm,OK,--,7:53:40 PM,7/9/2026,
116,36.1,gf,0.505,mm,OK,--,7:53:40 PM,7/9/2026,
117,36.1,gf,0.510,mm,OK,--,7:53:41 PM,7/9/2026,
118,36.1,gf,0.515,mm,OK,--,7:53:41 PM,7/9/2026,
119,36.1,gf,0.515,mm,OK,--,7:53:41 PM,7/9/2026,
120,36.2,gf,0.520,mm,OK,--,7:53:41 PM,7/9/2026,
121,36.2,gf,0.525,mm,OK,--,7:53:41 PM,7/9/2026,
122,36.2,gf,0.525,mm,OK,--,7:53:41 PM,7/9/2026,
123,36.3,gf,0.530,mm,OK,--,7:53:41 PM,7/9/2026,
124,36.2,gf,0.535,mm,OK,--,7:53:41 PM,7/9/2026,
125,36.2,gf,0.535,mm,OK,--,7:53:41 PM,7/9/2026,
126,36.3,gf,0.540,mm,OK,--,7:53:41 PM,7/9/2026,
127,36.3,gf,0.540,mm,OK,--,7:53:42 PM,7/9/2026,
128,36.3,gf,0.545,mm,OK,--,7:53:42 PM,7/9/2026,
129,36.3,gf,0.550,mm,OK,--,7:53:42 PM,7/9/2026,
130,36.3,gf,0.550,mm,OK,--,7:53:42 PM,7/9/2026,
131,36.3,gf,0.555,mm,OK,--,7:53:42 PM,7/9/2026,
132,36.3,gf,0.560,mm,OK,--,7:53:42 PM,7/9/2026,
133,36.3,gf,0.565,mm,OK,--,7:53:42 PM,7/9/2026,
134,36.4,gf,0.570,mm,OK,--,7:53:42 PM,7/9/2026,
135,36.3,gf,0.575,mm,OK,--,7:53:42 PM,7/9/2026,
136,36.3,gf,0.580,mm,OK,--,7:53:42 PM,7/9/2026,
137,36.3,gf,0.585,mm,OK,--,7:53:43 PM,7/9/2026,
138,36.3,gf,0.590,mm,OK,--,7:53:43 PM,7/9/2026,
139,36.3,gf,0.595,mm,OK,--,7:53:43 PM,7/9/2026,
140,36.4,gf,0.600,mm,OK,--,7:53:43 PM,7/9/2026,
141,36.4,gf,0.600,mm,OK,--,7:53:43 PM,7/9/2026,
142,36.4,gf,0.605,mm,OK,--,7:53:43 PM,7/9/2026,
143,36.4,gf,0.610,mm,OK,--,7:53:43 PM,7/9/2026,
144,36.5,gf,0.610,mm,OK,--,7:53:43 PM,7/9/2026,
145,36.5,gf,0.615,mm,OK,--,7:53:43 PM,7/9/2026,
146,36.5,gf,0.620,mm,OK,--,7:53:43 PM,7/9/2026,
147,36.6,gf,0.620,mm,OK,--,7:53:44 PM,7/9/2026,
148,36.5,gf,0.625,mm,OK,--,7:53:44 PM,7/9/2026,
149,36.6,gf,0.630,mm,OK,--,7:53:44 PM,7/9/2026,
150,36.6,gf,0.635,mm,OK,--,7:53:44 PM,7/9/2026,
151,36.5,gf,0.635,mm,OK,--,7:53:44 PM,7/9/2026,
152,36.4,gf,0.635,mm,OK,--,7:53:44 PM,7/9/2026,
153,36.5,gf,0.635,mm,OK,--,7:53:44 PM,7/9/2026,
154,36.5,gf,0.635,mm,OK,--,7:53:44 PM,7/9/2026,
155,36.5,gf,0.635,mm,OK,--,7:53:44 PM,7/9/2026,
156,36.5,gf,0.635,mm,OK,--,7:53:44 PM,7/9/2026,
157,36.6,gf,0.640,mm,OK,--,7:53:45 PM,7/9/2026,
158,36.7,gf,0.640,mm,OK,--,7:53:45 PM,7/9/2026,
159,36.7,gf,0.640,mm,OK,--,7:53:45 PM,7/9/2026,
160,36.6,gf,0.640,mm,OK,--,7:53:45 PM,7/9/2026,
161,36.7,gf,0.645,mm,OK,--,7:53:45 PM,7/9/2026,
162,36.7,gf,0.645,mm,OK,--,7:53:45 PM,7/9/2026,
163,36.8,gf,0.645,mm,OK,--,7:53:45 PM,7/9/2026,
164,36.8,gf,0.645,mm,OK,--,7:53:45 PM,7/9/2026,
165,36.8,gf,0.650,mm,OK,--,7:53:45 PM,7/9/2026,
166,36.7,gf,0.650,mm,OK,--,7:53:45 PM,7/9/2026,
167,36.7,gf,0.650,mm,OK,--,7:53:46 PM,7/9/2026,
168,36.7,gf,0.655,mm,OK,--,7:53:46 PM,7/9/2026,
169,36.7,gf,0.655,mm,OK,--,7:53:46 PM,7/9/2026,
170,36.7,gf,0.660,mm,OK,--,7:53:46 PM,7/9/2026,
171,36.7,gf,0.660,mm,OK,--,7:53:46 PM,7/9/2026,
172,36.7,gf,0.665,mm,OK,--,7:53:46 PM,7/9/2026,
173,36.7,gf,0.665,mm,OK,--,7:53:46 PM,7/9/2026,
174,36.8,gf,0.670,mm,OK,--,7:53:46 PM,7/9/2026,
175,36.8,gf,0.675,mm,OK,--,7:53:46 PM,7/9/2026,
176,36.8,gf,0.680,mm,OK,--,7:53:46 PM,7/9/2026,
177,36.9,gf,0.690,mm,OK,--,7:53:47 PM,7/9/2026,
178,36.9,gf,0.700,mm,OK,--,7:53:47 PM,7/9/2026,
179,37.0,gf,0.715,mm,OK,--,7:53:47 PM,7/9/2026,
180,37.0,gf,0.725,mm,OK,--,7:53:47 PM,7/9/2026,
181,37.0,gf,0.740,mm,OK,--,7:53:47 PM,7/9/2026,
182,37.1,gf,0.750,mm,OK,--,7:53:47 PM,7/9/2026,
183,37.1,gf,0.760,mm,OK,--,7:53:47 PM,7/9/2026,
184,37.2,gf,0.765,mm,OK,--,7:53:47 PM,7/9/2026,
185,37.2,gf,0.770,mm,OK,--,7:53:47 PM,7/9/2026,
186,37.3,gf,0.775,mm,OK,--,7:53:47 PM,7/9/2026,
187,37.3,gf,0.785,mm,OK,--,7:53:48 PM,7/9/2026,
188,37.3,gf,0.790,mm,OK,--,7:53:48 PM,7/9/2026,
189,37.3,gf,0.795,mm,OK,--,7:53:48 PM,7/9/2026,
190,37.4,gf,0.800,mm,OK,--,7:53:48 PM,7/9/2026,
191,37.4,gf,0.810,mm,OK,--,7:53:48 PM,7/9/2026,
192,37.4,gf,0.810,mm,OK,--,7:53:48 PM,7/9/2026,
193,37.4,gf,0.815,mm,OK,--,7:53:48 PM,7/9/2026,
194,37.4,gf,0.820,mm,OK,--,7:53:48 PM,7/9/2026,
195,37.4,gf,0.820,mm,OK,--,7:53:48 PM,7/9/2026,
196,37.4,gf,0.825,mm,OK,--,7:53:48 PM,7/9/2026,
197,37.4,gf,0.830,mm,OK,--,7:53:49 PM,7/9/2026,
198,37.5,gf,0.835,mm,OK,--,7:53:49 PM,7/9/2026,
199,37.6,gf,0.840,mm,OK,--,7:53:49 PM,7/9/2026,
200,37.5,gf,0.850,mm,OK,--,7:53:49 PM,7/9/2026,
201,37.5,gf,0.855,mm,OK,--,7:53:49 PM,7/9/2026,
202,37.6,gf,0.860,mm,OK,--,7:53:49 PM,7/9/2026,
203,37.6,gf,0.865,mm,OK,--,7:53:49 PM,7/9/2026,
204,37.6,gf,0.870,mm,OK,--,7:53:49 PM,7/9/2026,
205,37.6,gf,0.875,mm,OK,--,7:53:49 PM,7/9/2026,
206,37.6,gf,0.880,mm,OK,--,7:53:49 PM,7/9/2026,
207,37.7,gf,0.890,mm,OK,--,7:53:50 PM,7/9/2026,
208,37.8,gf,0.895,mm,OK,--,7:53:50 PM,7/9/2026,
209,37.8,gf,0.905,mm,OK,--,7:53:50 PM,7/9/2026,
210,37.8,gf,0.915,mm,OK,--,7:53:50 PM,7/9/2026,
211,37.9,gf,0.925,mm,OK,--,7:53:50 PM,7/9/2026,
212,37.9,gf,0.930,mm,OK,--,7:53:50 PM,7/9/2026,
213,38.0,gf,0.940,mm,OK,--,7:53:50 PM,7/9/2026,
214,38.0,gf,0.945,mm,OK,--,7:53:50 PM,7/9/2026,
215,38.0,gf,0.950,mm,OK,--,7:53:50 PM,7/9/2026,
216,38.0,gf,0.955,mm,OK,--,7:53:50 PM,7/9/2026,
217,38.1,gf,0.960,mm,OK,--,7:53:51 PM,7/9/2026,
218,38.1,gf,0.965,mm,OK,--,7:53:51 PM,7/9/2026,
219,38.1,gf,0.965,mm,OK,--,7:53:51 PM,7/9/2026,
220,38.1,gf,0.970,mm,OK,--,7:53:51 PM,7/9/2026,
221,38.1,gf,0.975,mm,OK,--,7:53:51 PM,7/9/2026,
222,38.2,gf,0.975,mm,OK,--,7:53:51 PM,7/9/2026,
223,38.2,gf,0.980,mm,OK,--,7:53:51 PM,7/9/2026,
224,38.2,gf,0.985,mm,OK,--,7:53:51 PM,7/9/2026,
225,38.2,gf,0.985,mm,OK,--,7:53:51 PM,7/9/2026,
226,38.2,gf,0.990,mm,OK,--,7:53:51 PM,7/9/2026,
227,38.2,gf,0.995,mm,OK,--,7:53:52 PM,7/9/2026,
228,38.3,gf,1.000,mm,OK,--,7:53:52 PM,7/9/2026,
229,38.3,gf,1.005,mm,OK,--,7:53:52 PM,7/9/2026,
230,38.3,gf,1.010,mm,OK,--,7:53:52 PM,7/9/2026,
231,38.4,gf,1.020,mm,OK,--,7:53:52 PM,7/9/2026,
232,38.3,gf,1.025,mm,OK,--,7:53:52 PM,7/9/2026,
233,38.3,gf,1.030,mm,OK,--,7:53:52 PM,7/9/2026,
234,38.4,gf,1.035,mm,OK,--,7:53:52 PM,7/9/2026,
235,38.4,gf,1.035,mm,OK,--,7:53:52 PM,7/9/2026,
236,38.4,gf,1.040,mm,OK,--,7:53:52 PM,7/9/2026,
237,38.4,gf,1.045,mm,OK,--,7:53:53 PM,7/9/2026,
238,38.4,gf,1.050,mm,OK,--,7:53:53 PM,7/9/2026,
239,38.5,gf,1.050,mm,OK,--,7:53:53 PM,7/9/2026,
240,38.5,gf,1.055,mm,OK,--,7:53:53 PM,7/9/2026,
241,38.6,gf,1.060,mm,OK,--,7:53:53 PM,7/9/2026,
242,38.5,gf,1.065,mm,OK,--,7:53:53 PM,7/9/2026,
243,38.6,gf,1.065,mm,OK,--,7:53:53 PM,7/9/2026,
244,38.6,gf,1.070,mm,OK,--,7:53:53 PM,7/9/2026,
245,38.6,gf,1.070,mm,OK,--,7:53:53 PM,7/9/2026,
246,38.7,gf,1.075,mm,OK,--,7:53:53 PM,7/9/2026,
247,38.7,gf,1.080,mm,OK,--,7:53:54 PM,7/9/2026,
248,38.7,gf,1.085,mm,OK,--,7:53:54 PM,7/9/2026,
249,38.7,gf,1.090,mm,OK,--,7:53:54 PM,7/9/2026,
250,38.8,gf,1.100,mm,OK,--,7:53:54 PM,7/9/2026,
251,38.8,gf,1.105,mm,OK,--,7:53:54 PM,7/9/2026,
252,38.8,gf,1.110,mm,OK,--,7:53:54 PM,7/9/2026,
253,38.8,gf,1.115,mm,OK,--,7:53:54 PM,7/9/2026,
254,38.8,gf,1.120,mm,OK,--,7:53:54 PM,7/9/2026,
255,38.9,gf,1.125,mm,OK,--,7:53:54 PM,7/9/2026,
256,38.9,gf,1.135,mm,OK,--,7:53:54 PM,7/9/2026,
257,39.0,gf,1.140,mm,OK,--,7:53:55 PM,7/9/2026,
258,39.0,gf,1.150,mm,OK,--,7:53:55 PM,7/9/2026,
259,39.0,gf,1.155,mm,OK,--,7:53:55 PM,7/9/2026,
260,39.0,gf,1.165,mm,OK,--,7:53:55 PM,7/9/2026,
261,39.1,gf,1.175,mm,OK,--,7:53:55 PM,7/9/2026,
262,39.1,gf,1.180,mm,OK,--,7:53:55 PM,7/9/2026,
263,39.1,gf,1.185,mm,OK,--,7:53:55 PM,7/9/2026,
264,39.2,gf,1.185,mm,OK,--,7:53:55 PM,7/9/2026,
265,39.3,gf,1.190,mm,OK,--,7:53:55 PM,7/9/2026,
266,39.3,gf,1.200,mm,OK,--,7:53:55 PM,7/9/2026,
267,39.3,gf,1.210,mm,OK,--,7:53:56 PM,7/9/2026,
268,39.4,gf,1.215,mm,OK,--,7:53:56 PM,7/9/2026,
269,39.4,gf,1.220,mm,OK,--,7:53:56 PM,7/9/2026,
270,39.4,gf,1.230,mm,OK,--,7:53:56 PM,7/9/2026,
271,39.5,gf,1.240,mm,OK,--,7:53:56 PM,7/9/2026,
272,39.5,gf,1.245,mm,OK,--,7:53:56 PM,7/9/2026,
273,39.5,gf,1.250,mm,OK,--,7:53:56 PM,7/9/2026,
274,39.6,gf,1.260,mm,OK,--,7:53:56 PM,7/9/2026,
275,39.6,gf,1.265,mm,OK,--,7:53:56 PM,7/9/2026,
276,39.6,gf,1.270,mm,OK,--,7:53:56 PM,7/9/2026,
277,39.7,gf,1.275,mm,OK,--,7:53:57 PM,7/9/2026,
278,39.7,gf,1.280,mm,OK,--,7:53:57 PM,7/9/2026,
279,39.7,gf,1.285,mm,OK,--,7:53:57 PM,7/9/2026,
280,39.8,gf,1.290,mm,OK,--,7:53:57 PM,7/9/2026,
281,39.8,gf,1.295,mm,OK,--,7:53:57 PM,7/9/2026,
282,39.8,gf,1.305,mm,OK,--,7:53:57 PM,7/9/2026,
283,39.9,gf,1.310,mm,OK,--,7:53:57 PM,7/9/2026,
284,39.9,gf,1.315,mm,OK,--,7:53:57 PM,7/9/2026,
285,39.9,gf,1.320,mm,OK,--,7:53:57 PM,7/9/2026,
286,39.9,gf,1.325,mm,OK,--,7:53:57 PM,7/9/2026,
287,39.9,gf,1.330,mm,OK,--,7:53:58 PM,7/9/2026,
288,39.9,gf,1.335,mm,OK,--,7:53:58 PM,7/9/2026,
289,40.0,gf,1.345,mm,OK,--,7:53:58 PM,7/9/2026,
290,40.0,gf,1.350,mm,OK,--,7:53:58 PM,7/9/2026,
291,40.1,gf,1.355,mm,OK,--,7:53:58 PM,7/9/2026,
292,40.0,gf,1.360,mm,OK,--,7:53:58 PM,7/9/2026,
293,40.1,gf,1.365,mm,OK,--,7:53:58 PM,7/9/2026,
294,40.1,gf,1.370,mm,OK,--,7:53:58 PM,7/9/2026,
295,40.1,gf,1.370,mm,OK,--,7:53:58 PM,7/9/2026,
296,40.2,gf,1.375,mm,OK,--,7:53:58 PM,7/9/2026,
297,40.2,gf,1.380,mm,OK,--,7:53:59 PM,7/9/2026,
298,40.2,gf,1.380,mm,OK,--,7:53:59 PM,7/9/2026,
299,40.2,gf,1.385,mm,OK,--,7:53:59 PM,7/9/2026,
300,40.2,gf,1.390,mm,OK,--,7:53:59 PM,7/9/2026,
301,40.2,gf,1.395,mm,OK,--,7:53:59 PM,7/9/2026,
302,40.2,gf,1.400,mm,OK,--,7:53:59 PM,7/9/2026,
303,40.2,gf,1.400,mm,OK,--,7:53:59 PM,7/9/2026,
304,40.2,gf,1.405,mm,OK,--,7:53:59 PM,7/9/2026,
305,40.3,gf,1.405,mm,OK,--,7:53:59 PM,7/9/2026,
306,40.3,gf,1.410,mm,OK,--,7:53:59 PM,7/9/2026,
307,40.3,gf,1.410,mm,OK,--,7:54:00 PM,7/9/2026,
308,40.3,gf,1.415,mm,OK,--,7:54:00 PM,7/9/2026,
309,40.3,gf,1.415,mm,OK,--,7:54:00 PM,7/9/2026,
310,40.3,gf,1.420,mm,OK,--,7:54:00 PM,7/9/2026,
311,40.4,gf,1.420,mm,OK,--,7:54:00 PM,7/9/2026,
312,40.4,gf,1.425,mm,OK,--,7:54:00 PM,7/9/2026,
313,40.4,gf,1.425,mm,OK,--,7:54:00 PM,7/9/2026,
314,40.4,gf,1.425,mm,OK,--,7:54:00 PM,7/9/2026,
315,40.4,gf,1.430,mm,OK,--,7:54:00 PM,7/9/2026,
316,40.4,gf,1.430,mm,OK,--,7:54:00 PM,7/9/2026,
317,40.4,gf,1.430,mm,OK,--,7:54:01 PM,7/9/2026,
318,40.4,gf,1.430,mm,OK,--,7:54:01 PM,7/9/2026,
319,40.4,gf,1.430,mm,OK,--,7:54:01 PM,7/9/2026,
320,40.4,gf,1.435,mm,OK,--,7:54:01 PM,7/9/2026,
321,40.4,gf,1.435,mm,OK,--,7:54:01 PM,7/9/2026,
322,40.5,gf,1.435,mm,OK,--,7:54:01 PM,7/9/2026,
323,40.5,gf,1.435,mm,OK,--,7:54:01 PM,7/9/2026,
324,40.5,gf,1.440,mm,OK,--,7:54:01 PM,7/9/2026,
325,40.5,gf,1.440,mm,OK,--,7:54:01 PM,7/9/2026,
326,40.5,gf,1.440,mm,OK,--,7:54:01 PM,7/9/2026,
327,40.5,gf,1.440,mm,OK,--,7:54:02 PM,7/9/2026,
328,40.5,gf,1.440,mm,OK,--,7:54:02 PM,7/9/2026,
329,40.5,gf,1.445,mm,OK,--,7:54:02 PM,7/9/2026,
330,40.5,gf,1.445,mm,OK,--,7:54:02 PM,7/9/2026,
331,40.5,gf,1.445,mm,OK,--,7:54:02 PM,7/9/2026,
332,40.5,gf,1.445,mm,OK,--,7:54:02 PM,7/9/2026,
333,40.5,gf,1.445,mm,OK,--,7:54:02 PM,7/9/2026,
334,40.5,gf,1.445,mm,OK,--,7:54:02 PM,7/9/2026,
335,40.6,gf,1.450,mm,OK,--,7:54:02 PM,7/9/2026,
336,40.6,gf,1.450,mm,OK,--,7:54:02 PM,7/9/2026,
337,40.6,gf,1.450,mm,OK,--,7:54:03 PM,7/9/2026,
338,40.6,gf,1.455,mm,OK,--,7:54:03 PM,7/9/2026,
339,40.6,gf,1.455,mm,OK,--,7:54:03 PM,7/9/2026,
340,40.6,gf,1.455,mm,OK,--,7:54:03 PM,7/9/2026,
341,40.6,gf,1.460,mm,OK,--,7:54:03 PM,7/9/2026,
342,40.6,gf,1.465,mm,OK,--,7:54:03 PM,7/9/2026,
343,40.6,gf,1.465,mm,OK,--,7:54:03 PM,7/9/2026,
344,40.6,gf,1.465,mm,OK,--,7:54:03 PM,7/9/2026,
345,40.6,gf,1.470,mm,OK,--,7:54:03 PM,7/9/2026,
346,40.7,gf,1.475,mm,OK,--,7:54:03 PM,7/9/2026,
347,40.8,gf,1.485,mm,OK,--,7:54:04 PM,7/9/2026,
348,40.8,gf,1.490,mm,OK,--,7:54:04 PM,7/9/2026,
349,40.9,gf,1.495,mm,OK,--,7:54:04 PM,7/9/2026,
350,40.9,gf,1.500,mm,OK,--,7:54:04 PM,7/9/2026,
351,40.8,gf,1.505,mm,OK,--,7:54:04 PM,7/9/2026,
352,40.9,gf,1.510,mm,OK,--,7:54:04 PM,7/9/2026,
353,40.9,gf,1.515,mm,OK,--,7:54:04 PM,7/9/2026,
354,40.9,gf,1.520,mm,OK,--,7:54:04 PM,7/9/2026,
355,41.0,gf,1.525,mm,OK,--,7:54:04 PM,7/9/2026,
356,41.0,gf,1.525,mm,OK,--,7:54:04 PM,7/9/2026,
357,41.0,gf,1.525,mm,OK,--,7:54:05 PM,7/9/2026,
358,41.0,gf,1.530,mm,OK,--,7:54:05 PM,7/9/2026,
359,41.0,gf,1.530,mm,OK,--,7:54:05 PM,7/9/2026,
360,41.0,gf,1.535,mm,OK,--,7:54:05 PM,7/9/2026,
361,41.1,gf,1.535,mm,OK,--,7:54:05 PM,7/9/2026,
362,41.1,gf,1.540,mm,OK,--,7:54:05 PM,7/9/2026,
363,41.1,gf,1.545,mm,OK,--,7:54:05 PM,7/9/2026,
364,41.1,gf,1.550,mm,OK,--,7:54:05 PM,7/9/2026,
365,41.1,gf,1.555,mm,OK,--,7:54:05 PM,7/9/2026,
366,41.1,gf,1.560,mm,OK,--,7:54:05 PM,7/9/2026,
367,41.1,gf,1.560,mm,OK,--,7:54:06 PM,7/9/2026,
368,41.1,gf,1.565,mm,OK,--,7:54:06 PM,7/9/2026,
369,41.1,gf,1.565,mm,OK,--,7:54:06 PM,7/9/2026,
370,41.2,gf,1.570,mm,OK,--,7:54:06 PM,7/9/2026,
371,41.2,gf,1.570,mm,OK,--,7:54:06 PM,7/9/2026,
372,41.2,gf,1.570,mm,OK,--,7:54:06 PM,7/9/2026,
373,41.2,gf,1.575,mm,OK,--,7:54:06 PM,7/9/2026,
374,41.2,gf,1.575,mm,OK,--,7:54:06 PM,7/9/2026,
375,41.3,gf,1.575,mm,OK,--,7:54:06 PM,7/9/2026,
376,41.3,gf,1.575,mm,OK,--,7:54:06 PM,7/9/2026,
377,41.3,gf,1.580,mm,OK,--,7:54:07 PM,7/9/2026,
378,41.4,gf,1.580,mm,OK,--,7:54:07 PM,7/9/2026,
379,41.3,gf,1.585,mm,OK,--,7:54:07 PM,7/9/2026,
380,41.3,gf,1.585,mm,OK,--,7:54:07 PM,7/9/2026,
381,41.3,gf,1.585,mm,OK,--,7:54:07 PM,7/9/2026,
382,41.3,gf,1.590,mm,OK,--,7:54:07 PM,7/9/2026,
383,41.3,gf,1.595,mm,OK,--,7:54:07 PM,7/9/2026,
384,41.3,gf,1.595,mm,OK,--,7:54:07 PM,7/9/2026,
385,41.4,gf,1.600,mm,OK,--,7:54:07 PM,7/9/2026,
386,41.4,gf,1.600,mm,OK,--,7:54:07 PM,7/9/2026,
387,41.4,gf,1.605,mm,OK,--,7:54:08 PM,7/9/2026,
388,41.4,gf,1.605,mm,OK,--,7:54:08 PM,7/9/2026,
389,41.4,gf,1.610,mm,OK,--,7:54:08 PM,7/9/2026,
390,41.4,gf,1.610,mm,OK,--,7:54:08 PM,7/9/2026,
391,41.4,gf,1.610,mm,OK,--,7:54:08 PM,7/9/2026,
392,41.4,gf,1.615,mm,OK,--,7:54:08 PM,7/9/2026,
393,41.4,gf,1.615,mm,OK,--,7:54:08 PM,7/9/2026,
394,41.4,gf,1.620,mm,OK,--,7:54:08 PM,7/9/2026,
395,41.5,gf,1.625,mm,OK,--,7:54:08 PM,7/9/2026,
396,41.5,gf,1.625,mm,OK,--,7:54:08 PM,7/9/2026,
397,41.5,gf,1.630,mm,OK,--,7:54:09 PM,7/9/2026,
398,41.5,gf,1.630,mm,OK,--,7:54:09 PM,7/9/2026,
399,41.5,gf,1.635,mm,OK,--,7:54:09 PM,7/9/2026,
400,41.5,gf,1.635,mm,OK,--,7:54:09 PM,7/9/2026,
401,41.5,gf,1.640,mm,OK,--,7:54:09 PM,7/9/2026,
402,41.6,gf,1.640,mm,OK,--,7:54:09 PM,7/9/2026,
403,41.7,gf,1.645,mm,OK,--,7:54:09 PM,7/9/2026,
404,41.7,gf,1.650,mm,OK,--,7:54:09 PM,7/9/2026,
405,41.7,gf,1.660,mm,OK,--,7:54:09 PM,7/9/2026,
406,41.7,gf,1.670,mm,OK,--,7:54:09 PM,7/9/2026,
407,41.8,gf,1.675,mm,OK,--,7:54:10 PM,7/9/2026,
408,41.8,gf,1.680,mm,OK,--,7:54:10 PM,7/9/2026,
409,41.8,gf,1.685,mm,OK,--,7:54:10 PM,7/9/2026,
410,41.8,gf,1.690,mm,OK,--,7:54:10 PM,7/9/2026,
411,41.8,gf,1.690,mm,OK,--,7:54:10 PM,7/9/2026,
412,41.9,gf,1.695,mm,OK,--,7:54:10 PM,7/9/2026,
413,41.9,gf,1.695,mm,OK,--,7:54:10 PM,7/9/2026,
414,41.9,gf,1.695,mm,OK,--,7:54:10 PM,7/9/2026,
415,41.9,gf,1.700,mm,OK,--,7:54:10 PM,7/9/2026,
416,42.0,gf,1.700,mm,OK,--,7:54:10 PM,7/9/2026,
417,42.0,gf,1.705,mm,OK,--,7:54:11 PM,7/9/2026,
418,42.0,gf,1.710,mm,OK,--,7:54:11 PM,7/9/2026,
419,41.9,gf,1.710,mm,OK,--,7:54:11 PM,7/9/2026,
420,41.9,gf,1.715,mm,OK,--,7:54:11 PM,7/9/2026,
421,41.8,gf,1.715,mm,OK,--,7:54:11 PM,7/9/2026,
422,41.9,gf,1.715,mm,OK,--,7:54:11 PM,7/9/2026,
423,41.9,gf,1.715,mm,OK,--,7:54:11 PM,7/9/2026,
424,41.9,gf,1.715,mm,OK,--,7:54:11 PM,7/9/2026,
425,41.9,gf,1.720,mm,OK,--,7:54:11 PM,7/9/2026,
426,41.9,gf,1.720,mm,OK,--,7:54:11 PM,7/9/2026,
427,41.9,gf,1.720,mm,OK,--,7:54:12 PM,7/9/2026,
428,41.9,gf,1.720,mm,OK,--,7:54:12 PM,7/9/2026,
429,41.9,gf,1.720,mm,OK,--,7:54:12 PM,7/9/2026,
430,41.9,gf,1.720,mm,OK,--,7:54:12 PM,7/9/2026,
431,42.0,gf,1.720,mm,OK,--,7:54:12 PM,7/9/2026,
432,42.0,gf,1.725,mm,OK,--,7:54:12 PM,7/9/2026,
433,42.0,gf,1.725,mm,OK,--,7:54:12 PM,7/9/2026,
434,42.0,gf,1.725,mm,OK,--,7:54:12 PM,7/9/2026,
435,42.0,gf,1.730,mm,OK,--,7:54:12 PM,7/9/2026,
436,42.1,gf,1.740,mm,OK,--,7:54:12 PM,7/9/2026,
437,42.2,gf,1.750,mm,OK,--,7:54:13 PM,7/9/2026,
438,42.2,gf,1.765,mm,OK,--,7:54:13 PM,7/9/2026,
439,42.3,gf,1.775,mm,OK,--,7:54:13 PM,7/9/2026,
440,42.4,gf,1.790,mm,OK,--,7:54:13 PM,7/9/2026,
441,42.5,gf,1.805,mm,OK,--,7:54:13 PM,7/9/2026,
442,42.5,gf,1.815,mm,OK,--,7:54:13 PM,7/9/2026,
443,42.6,gf,1.835,mm,OK,--,7:54:13 PM,7/9/2026,
444,42.7,gf,1.855,mm,OK,--,7:54:13 PM,7/9/2026,
445,42.7,gf,1.870,mm,OK,--,7:54:13 PM,7/9/2026,
446,42.8,gf,1.880,mm,OK,--,7:54:13 PM,7/9/2026,
447,42.9,gf,1.890,mm,OK,--,7:54:14 PM,7/9/2026,
448,43.0,gf,1.900,mm,OK,--,7:54:14 PM,7/9/2026,
449,43.0,gf,1.910,mm,OK,--,7:54:14 PM,7/9/2026,
450,43.1,gf,1.920,mm,OK,--,7:54:14 PM,7/9/2026,
451,43.1,gf,1.925,mm,OK,--,7:54:14 PM,7/9/2026,
452,43.1,gf,1.935,mm,OK,--,7:54:14 PM,7/9/2026,
453,43.2,gf,1.940,mm,OK,--,7:54:14 PM,7/9/2026,
454,43.2,gf,1.945,mm,OK,--,7:54:14 PM,7/9/2026,
455,43.2,gf,1.950,mm,OK,--,7:54:14 PM,7/9/2026,
456,43.3,gf,1.955,mm,OK,--,7:54:14 PM,7/9/2026,
457,43.5,gf,1.970,mm,OK,--,7:54:15 PM,7/9/2026,
458,43.5,gf,1.985,mm,OK,--,7:54:15 PM,7/9/2026,
459,43.5,gf,2.000,mm,OK,--,7:54:15 PM,7/9/2026,
460,43.6,gf,2.010,mm,OK,--,7:54:15 PM,7/9/2026,
461,43.6,gf,2.025,mm,OK,--,7:54:15 PM,7/9/2026,
462,43.6,gf,2.040,mm,OK,--,7:54:15 PM,7/9/2026,
463,43.7,gf,2.055,mm,OK,--,7:54:15 PM,7/9/2026,
464,43.7,gf,2.065,mm,OK,--,7:54:15 PM,7/9/2026,
465,43.7,gf,2.075,mm,OK,--,7:54:15 PM,7/9/2026,
466,43.8,gf,2.080,mm,OK,--,7:54:15 PM,7/9/2026,
467,43.8,gf,2.085,mm,OK,--,7:54:16 PM,7/9/2026,
468,43.8,gf,2.090,mm,OK,--,7:54:16 PM,7/9/2026,
469,43.8,gf,2.095,mm,OK,--,7:54:16 PM,7/9/2026,
470,43.8,gf,2.095,mm,OK,--,7:54:16 PM,7/9/2026,
471,43.8,gf,2.100,mm,OK,--,7:54:16 PM,7/9/2026,
472,43.9,gf,2.105,mm,OK,--,7:54:16 PM,7/9/2026,
473,44.0,gf,2.110,mm,OK,--,7:54:16 PM,7/9/2026,
474,43.9,gf,2.115,mm,OK,--,7:54:16 PM,7/9/2026,
475,44.0,gf,2.115,mm,OK,--,7:54:16 PM,7/9/2026,
476,44.0,gf,2.120,mm,OK,--,7:54:16 PM,7/9/2026,
477,44.0,gf,2.125,mm,OK,--,7:54:17 PM,7/9/2026,
478,44.0,gf,2.125,mm,OK,--,7:54:17 PM,7/9/2026,
479,44.0,gf,2.130,mm,OK,--,7:54:17 PM,7/9/2026,
480,44.1,gf,2.130,mm,OK,--,7:54:17 PM,7/9/2026,
481,44.1,gf,2.135,mm,OK,--,7:54:17 PM,7/9/2026,
482,44.1,gf,2.135,mm,OK,--,7:54:17 PM,7/9/2026,
483,44.1,gf,2.140,mm,OK,--,7:54:17 PM,7/9/2026,
484,44.2,gf,2.140,mm,OK,--,7:54:17 PM,7/9/2026,
485,44.2,gf,2.145,mm,OK,--,7:54:17 PM,7/9/2026,
486,44.2,gf,2.145,mm,OK,--,7:54:17 PM,7/9/2026,
487,44.2,gf,2.150,mm,OK,--,7:54:18 PM,7/9/2026,
488,44.2,gf,2.155,mm,OK,--,7:54:18 PM,7/9/2026,
489,44.2,gf,2.160,mm,OK,--,7:54:18 PM,7/9/2026,
490,44.2,gf,2.160,mm,OK,--,7:54:18 PM,7/9/2026,
491,44.2,gf,2.165,mm,OK,--,7:54:18 PM,7/9/2026,
492,44.3,gf,2.170,mm,OK,--,7:54:18 PM,7/9/2026,
493,44.3,gf,2.175,mm,OK,--,7:54:18 PM,7/9/2026,
494,44.3,gf,2.180,mm,OK,--,7:54:18 PM,7/9/2026,
495,44.4,gf,2.180,mm,OK,--,7:54:18 PM,7/9/2026,
496,44.4,gf,2.185,mm,OK,--,7:54:18 PM,7/9/2026,
497,44.4,gf,2.185,mm,OK,--,7:54:19 PM,7/9/2026,
498,44.4,gf,2.185,mm,OK,--,7:54:19 PM,7/9/2026,
499,44.4,gf,2.190,mm,OK,--,7:54:19 PM,7/9/2026,
500,44.5,gf,2.190,mm,OK,--,7:54:19 PM,7/9/2026,
501,44.5,gf,2.195,mm,OK,--,7:54:19 PM,7/9/2026,
502,44.5,gf,2.195,mm,OK,--,7:54:19 PM,7/9/2026,
503,44.5,gf,2.200,mm,OK,--,7:54:19 PM,7/9/2026,
504,44.5,gf,2.200,mm,OK,--,7:54:19 PM,7/9/2026,
505,44.6,gf,2.205,mm,OK,--,7:54:19 PM,7/9/2026,
506,44.5,gf,2.205,mm,OK,--,7:54:19 PM,7/9/2026,
507,44.6,gf,2.210,mm,OK,--,7:54:20 PM,7/9/2026,
508,44.6,gf,2.215,mm,OK,--,7:54:20 PM,7/9/2026,
509,44.6,gf,2.220,mm,OK,--,7:54:20 PM,7/9/2026,
510,44.6,gf,2.225,mm,OK,--,7:54:20 PM,7/9/2026,
511,44.7,gf,2.230,mm,OK,--,7:54:20 PM,7/9/2026,
512,44.6,gf,2.235,mm,OK,--,7:54:20 PM,7/9/2026,
513,44.7,gf,2.240,mm,OK,--,7:54:20 PM,7/9/2026,
514,44.7,gf,2.245,mm,OK,--,7:54:20 PM,7/9/2026,
515,44.8,gf,2.245,mm,OK,--,7:54:20 PM,7/9/2026,
516,44.8,gf,2.250,mm,OK,--,7:54:20 PM,7/9/2026,
517,44.8,gf,2.255,mm,OK,--,7:54:21 PM,7/9/2026,
518,44.8,gf,2.260,mm,OK,--,7:54:21 PM,7/9/2026,
519,44.8,gf,2.260,mm,OK,--,7:54:21 PM,7/9/2026,
520,44.8,gf,2.265,mm,OK,--,7:54:21 PM,7/9/2026,
521,44.8,gf,2.270,mm,OK,--,7:54:21 PM,7/9/2026,
522,44.8,gf,2.275,mm,OK,--,7:54:21 PM,7/9/2026,
523,44.9,gf,2.280,mm,OK,--,7:54:21 PM,7/9/2026,
524,44.9,gf,2.280,mm,OK,--,7:54:21 PM,7/9/2026,
525,44.9,gf,2.285,mm,OK,--,7:54:21 PM,7/9/2026,
526,44.9,gf,2.290,mm,OK,--,7:54:21 PM,7/9/2026,
527,44.9,gf,2.290,mm,OK,--,7:54:22 PM,7/9/2026,
528,44.9,gf,2.295,mm,OK,--,7:54:22 PM,7/9/2026,
529,44.9,gf,2.305,mm,OK,--,7:54:22 PM,7/9/2026,
530,45.0,gf,2.310,mm,OK,--,7:54:22 PM,7/9/2026,
531,45.0,gf,2.315,mm,OK,--,7:54:22 PM,7/9/2026,
532,45.1,gf,2.320,mm,OK,--,7:54:22 PM,7/9/2026,
533,45.1,gf,2.325,mm,OK,--,7:54:22 PM,7/9/2026,
534,45.2,gf,2.330,mm,OK,--,7:54:22 PM,7/9/2026,
535,45.2,gf,2.335,mm,OK,--,7:54:22 PM,7/9/2026,
536,45.2,gf,2.340,mm,OK,--,7:54:22 PM,7/9/2026,
537,45.3,gf,2.345,mm,OK,--,7:54:23 PM,7/9/2026,
538,45.2,gf,2.345,mm,OK,--,7:54:23 PM,7/9/2026,
539,45.3,gf,2.350,mm,OK,--,7:54:23 PM,7/9/2026,
540,45.3,gf,2.355,mm,OK,--,7:54:23 PM,7/9/2026,
541,45.3,gf,2.355,mm,OK,--,7:54:23 PM,7/9/2026,
542,45.3,gf,2.360,mm,OK,--,7:54:23 PM,7/9/2026,
543,45.3,gf,2.365,mm,OK,--,7:54:23 PM,7/9/2026,
544,45.3,gf,2.370,mm,OK,--,7:54:23 PM,7/9/2026,
545,45.4,gf,2.370,mm,OK,--,7:54:23 PM,7/9/2026,
546,45.4,gf,2.375,mm,OK,--,7:54:23 PM,7/9/2026,
547,45.4,gf,2.375,mm,OK,--,7:54:24 PM,7/9/2026,
548,45.5,gf,2.380,mm,OK,--,7:54:24 PM,7/9/2026,
549,45.5,gf,2.385,mm,OK,--,7:54:24 PM,7/9/2026,
550,45.5,gf,2.385,mm,OK,--,7:54:24 PM,7/9/2026,
551,45.6,gf,2.390,mm,OK,--,7:54:24 PM,7/9/2026,
552,45.6,gf,2.395,mm,OK,--,7:54:24 PM,7/9/2026,
553,45.6,gf,2.400,mm,OK,--,7:54:24 PM,7/9/2026,
554,45.7,gf,2.400,mm,OK,--,7:54:24 PM,7/9/2026,
555,45.7,gf,2.405,mm,OK,--,7:54:24 PM,7/9/2026,
556,45.8,gf,2.405,mm,OK,--,7:54:24 PM,7/9/2026,
557,45.7,gf,2.410,mm,OK,--,7:54:25 PM,7/9/2026,
558,45.7,gf,2.410,mm,OK,--,7:54:25 PM,7/9/2026,
559,45.7,gf,2.415,mm,OK,--,7:54:25 PM,7/9/2026,
560,45.8,gf,2.415,mm,OK,--,7:54:25 PM,7/9/2026,
561,45.8,gf,2.420,mm,OK,--,7:54:25 PM,7/9/2026,
562,45.8,gf,2.420,mm,OK,--,7:54:25 PM,7/9/2026,
563,45.8,gf,2.425,mm,OK,--,7:54:25 PM,7/9/2026,
564,45.8,gf,2.425,mm,OK,--,7:54:25 PM,7/9/2026,
565,45.8,gf,2.430,mm,OK,--,7:54:25 PM,7/9/2026,
566,45.8,gf,2.430,mm,OK,--,7:54:25 PM,7/9/2026,
567,45.8,gf,2.430,mm,OK,--,7:54:26 PM,7/9/2026,
568,45.8,gf,2.435,mm,OK,--,7:54:26 PM,7/9/2026,
569,45.8,gf,2.435,mm,OK,--,7:54:26 PM,7/9/2026,
570,45.8,gf,2.435,mm,OK,--,7:54:26 PM,7/9/2026,
571,45.8,gf,2.440,mm,OK,--,7:54:26 PM,7/9/2026,
572,45.8,gf,2.440,mm,OK,--,7:54:26 PM,7/9/2026,
573,45.9,gf,2.445,mm,OK,--,7:54:26 PM,7/9/2026,
574,45.9,gf,2.445,mm,OK,--,7:54:26 PM,7/9/2026,
575,45.9,gf,2.450,mm,OK,--,7:54:26 PM,7/9/2026,
576,45.9,gf,2.455,mm,OK,--,7:54:26 PM,7/9/2026,
577,45.9,gf,2.460,mm,OK,--,7:54:27 PM,7/9/2026,
578,45.9,gf,2.465,mm,OK,--,7:54:27 PM,7/9/2026,
579,46.0,gf,2.465,mm,OK,--,7:54:27 PM,7/9/2026,
580,46.1,gf,2.470,mm,OK,--,7:54:27 PM,7/9/2026,
581,46.1,gf,2.480,mm,OK,--,7:54:27 PM,7/9/2026,
582,46.2,gf,2.490,mm,OK,--,7:54:27 PM,7/9/2026,
583,46.2,gf,2.500,mm,OK,--,7:54:27 PM,7/9/2026,
584,46.2,gf,2.505,mm,OK,--,7:54:27 PM,7/9/2026,
585,46.3,gf,2.515,mm,OK,--,7:54:27 PM,7/9/2026,
586,46.3,gf,2.520,mm,OK,--,7:54:27 PM,7/9/2026,
587,46.3,gf,2.525,mm,OK,--,7:54:28 PM,7/9/2026,
588,46.3,gf,2.525,mm,OK,--,7:54:28 PM,7/9/2026,
589,46.3,gf,2.530,mm,OK,--,7:54:28 PM,7/9/2026,
590,46.3,gf,2.535,mm,OK,--,7:54:28 PM,7/9/2026,
591,46.3,gf,2.535,mm,OK,--,7:54:28 PM,7/9/2026,
592,46.4,gf,2.540,mm,OK,--,7:54:28 PM,7/9/2026,
593,46.4,gf,2.540,mm,OK,--,7:54:28 PM,7/9/2026,
594,46.4,gf,2.545,mm,OK,--,7:54:28 PM,7/9/2026,
595,46.4,gf,2.550,mm,OK,--,7:54:28 PM,7/9/2026,
596,46.4,gf,2.550,mm,OK,--,7:54:28 PM,7/9/2026,
597,46.4,gf,2.550,mm,OK,--,7:54:29 PM,7/9/2026,
598,46.4,gf,2.555,mm,OK,--,7:54:29 PM,7/9/2026,
599,46.4,gf,2.555,mm,OK,--,7:54:29 PM,7/9/2026,
600,46.4,gf,2.560,mm,OK,--,7:54:29 PM,7/9/2026,
601,46.5,gf,2.560,mm,OK,--,7:54:29 PM,7/9/2026,
602,46.5,gf,2.565,mm,OK,--,7:54:29 PM,7/9/2026,
603,46.5,gf,2.565,mm,OK,--,7:54:29 PM,7/9/2026,
604,46.5,gf,2.570,mm,OK,--,7:54:29 PM,7/9/2026,
605,46.5,gf,2.570,mm,OK,--,7:54:29 PM,7/9/2026,
606,46.5,gf,2.570,mm,OK,--,7:54:29 PM,7/9/2026,
607,46.5,gf,2.570,mm,OK,--,7:54:30 PM,7/9/2026,
608,46.5,gf,2.575,mm,OK,--,7:54:30 PM,7/9/2026,
609,46.5,gf,2.575,mm,OK,--,7:54:30 PM,7/9/2026,
610,46.5,gf,2.575,mm,OK,--,7:54:30 PM,7/9/2026,
611,46.5,gf,2.580,mm,OK,--,7:54:30 PM,7/9/2026,
612,46.5,gf,2.580,mm,OK,--,7:54:30 PM,7/9/2026,
613,46.6,gf,2.585,mm,OK,--,7:54:30 PM,7/9/2026,
614,46.6,gf,2.585,mm,OK,--,7:54:30 PM,7/9/2026,
615,46.6,gf,2.585,mm,OK,--,7:54:30 PM,7/9/2026,
616,46.6,gf,2.590,mm,OK,--,7:54:30 PM,7/9/2026,
617,46.6,gf,2.590,mm,OK,--,7:54:31 PM,7/9/2026,
618,46.6,gf,2.595,mm,OK,--,7:54:31 PM,7/9/2026,
619,46.6,gf,2.595,mm,OK,--,7:54:31 PM,7/9/2026,
620,46.6,gf,2.600,mm,OK,--,7:54:31 PM,7/9/2026,
621,46.6,gf,2.605,mm,OK,--,7:54:31 PM,7/9/2026,
622,46.7,gf,2.605,mm,OK,--,7:54:31 PM,7/9/2026,
623,46.7,gf,2.610,mm,OK,--,7:54:31 PM,7/9/2026,
624,46.7,gf,2.615,mm,OK,--,7:54:31 PM,7/9/2026,
625,46.7,gf,2.620,mm,OK,--,7:54:31 PM,7/9/2026,
626,46.7,gf,2.625,mm,OK,--,7:54:31 PM,7/9/2026,
627,46.8,gf,2.630,mm,OK,--,7:54:32 PM,7/9/2026,
628,46.8,gf,2.630,mm,OK,--,7:54:32 PM,7/9/2026,
629,46.8,gf,2.635,mm,OK,--,7:54:32 PM,7/9/2026,
630,46.8,gf,2.635,mm,OK,--,7:54:32 PM,7/9/2026,
631,46.8,gf,2.640,mm,OK,--,7:54:32 PM,7/9/2026,
632,46.9,gf,2.645,mm,OK,--,7:54:32 PM,7/9/2026,
633,46.9,gf,2.650,mm,OK,--,7:54:32 PM,7/9/2026,
634,46.9,gf,2.650,mm,OK,--,7:54:32 PM,7/9/2026,
635,47.0,gf,2.655,mm,OK,--,7:54:32 PM,7/9/2026,
636,47.0,gf,2.660,mm,OK,--,7:54:32 PM,7/9/2026,
637,47.0,gf,2.660,mm,OK,--,7:54:33 PM,7/9/2026,
638,47.0,gf,2.665,mm,OK,--,7:54:33 PM,7/9/2026,
639,47.0,gf,2.665,mm,OK,--,7:54:33 PM,7/9/2026,
640,47.0,gf,2.670,mm,OK,--,7:54:33 PM,7/9/2026,
641,47.0,gf,2.670,mm,OK,--,7:54:33 PM,7/9/2026,
642,47.0,gf,2.670,mm,OK,--,7:54:33 PM,7/9/2026,
643,47.0,gf,2.675,mm,OK,--,7:54:33 PM,7/9/2026,
644,47.0,gf,2.675,mm,OK,--,7:54:33 PM,7/9/2026,
645,47.1,gf,2.675,mm,OK,--,7:54:33 PM,7/9/2026,
646,47.1,gf,2.680,mm,OK,--,7:54:33 PM,7/9/2026,
647,47.1,gf,2.680,mm,OK,--,7:54:34 PM,7/9/2026,
648,47.1,gf,2.680,mm,OK,--,7:54:34 PM,7/9/2026,
649,47.1,gf,2.680,mm,OK,--,7:54:34 PM,7/9/2026,
650,47.1,gf,2.685,mm,OK,--,7:54:34 PM,7/9/2026,
651,47.1,gf,2.685,mm,OK,--,7:54:34 PM,7/9/2026,
652,47.1,gf,2.690,mm,OK,--,7:54:34 PM,7/9/2026,
653,47.1,gf,2.690,mm,OK,--,7:54:34 PM,7/9/2026,
654,47.1,gf,2.695,mm,OK,--,7:54:34 PM,7/9/2026,
655,47.1,gf,2.700,mm,OK,--,7:54:34 PM,7/9/2026,
656,47.2,gf,2.700,mm,OK,--,7:54:34 PM,7/9/2026,
657,47.2,gf,2.705,mm,OK,--,7:54:35 PM,7/9/2026,
658,47.2,gf,2.710,mm,OK,--,7:54:35 PM,7/9/2026,
659,47.2,gf,2.715,mm,OK,--,7:54:35 PM,7/9/2026,
660,47.3,gf,2.715,mm,OK,--,7:54:35 PM,7/9/2026,
661,47.3,gf,2.720,mm,OK,--,7:54:35 PM,7/9/2026,
662,47.3,gf,2.720,mm,OK,--,7:54:35 PM,7/9/2026,
663,47.3,gf,2.725,mm,OK,--,7:54:35 PM,7/9/2026,
664,47.3,gf,2.725,mm,OK,--,7:54:35 PM,7/9/2026,
665,47.3,gf,2.730,mm,OK,--,7:54:35 PM,7/9/2026,
666,47.3,gf,2.730,mm,OK,--,7:54:35 PM,7/9/2026,
667,47.4,gf,2.735,mm,OK,--,7:54:36 PM,7/9/2026,
668,47.4,gf,2.735,mm,OK,--,7:54:36 PM,7/9/2026,
669,47.4,gf,2.740,mm,OK,--,7:54:36 PM,7/9/2026,
670,47.4,gf,2.740,mm,OK,--,7:54:36 PM,7/9/2026,
671,47.4,gf,2.745,mm,OK,--,7:54:36 PM,7/9/2026,
672,47.5,gf,2.750,mm,OK,--,7:54:36 PM,7/9/2026,
673,47.5,gf,2.755,mm,OK,--,7:54:36 PM,7/9/2026,
674,47.4,gf,2.755,mm,OK,--,7:54:36 PM,7/9/2026,
675,47.5,gf,2.760,mm,OK,--,7:54:36 PM,7/9/2026,
676,47.5,gf,2.765,mm,OK,--,7:54:36 PM,7/9/2026,
677,47.5,gf,2.765,mm,OK,--,7:54:37 PM,7/9/2026,
678,47.5,gf,2.770,mm,OK,--,7:54:37 PM,7/9/2026,
679,47.5,gf,2.770,mm,OK,--,7:54:37 PM,7/9/2026,
680,47.5,gf,2.770,mm,OK,--,7:54:37 PM,7/9/2026,
681,47.5,gf,2.775,mm,OK,--,7:54:37 PM,7/9/2026,
682,47.5,gf,2.775,mm,OK,--,7:54:37 PM,7/9/2026,
683,47.5,gf,2.775,mm,OK,--,7:54:37 PM,7/9/2026,
684,47.5,gf,2.780,mm,OK,--,7:54:37 PM,7/9/2026,
685,47.5,gf,2.780,mm,OK,--,7:54:37 PM,7/9/2026,
686,47.5,gf,2.780,mm,OK,--,7:54:37 PM,7/9/2026,
687,47.5,gf,2.780,mm,OK,--,7:54:38 PM,7/9/2026,
688,47.5,gf,2.785,mm,OK,--,7:54:38 PM,7/9/2026,
689,47.6,gf,2.785,mm,OK,--,7:54:38 PM,7/9/2026,
690,47.6,gf,2.785,mm,OK,--,7:54:38 PM,7/9/2026,
691,47.6,gf,2.790,mm,OK,--,7:54:38 PM,7/9/2026,
692,47.6,gf,2.790,mm,OK,--,7:54:38 PM,7/9/2026,
693,47.6,gf,2.790,mm,OK,--,7:54:38 PM,7/9/2026,
694,47.6,gf,2.795,mm,OK,--,7:54:38 PM,7/9/2026,
695,47.6,gf,2.795,mm,OK,--,7:54:38 PM,7/9/2026,
696,47.6,gf,2.800,mm,OK,--,7:54:38 PM,7/9/2026,
697,47.6,gf,2.800,mm,OK,--,7:54:39 PM,7/9/2026,
698,47.6,gf,2.800,mm,OK,--,7:54:39 PM,7/9/2026,
699,47.6,gf,2.805,mm,OK,--,7:54:39 PM,7/9/2026,
700,47.6,gf,2.805,mm,OK,--,7:54:39 PM,7/9/2026,
701,47.6,gf,2.805,mm,OK,--,7:54:39 PM,7/9/2026,
702,47.6,gf,2.810,mm,OK,--,7:54:39 PM,7/9/2026,
703,47.6,gf,2.810,mm,OK,--,7:54:39 PM,7/9/2026,
704,47.6,gf,2.815,mm,OK,--,7:54:39 PM,7/9/2026,
705,47.7,gf,2.815,mm,OK,--,7:54:39 PM,7/9/2026,
706,47.7,gf,2.820,mm,OK,--,7:54:39 PM,7/9/2026,
707,47.7,gf,2.820,mm,OK,--,7:54:40 PM,7/9/2026,
708,47.7,gf,2.825,mm,OK,--,7:54:40 PM,7/9/2026,
709,47.7,gf,2.830,mm,OK,--,7:54:40 PM,7/9/2026,
710,47.7,gf,2.830,mm,OK,--,7:54:40 PM,7/9/2026,
711,47.8,gf,2.835,mm,OK,--,7:54:40 PM,7/9/2026,
712,47.8,gf,2.840,mm,OK,--,7:54:40 PM,7/9/2026,
713,47.8,gf,2.845,mm,OK,--,7:54:40 PM,7/9/2026,
714,47.8,gf,2.850,mm,OK,--,7:54:40 PM,7/9/2026,
715,47.9,gf,2.855,mm,OK,--,7:54:40 PM,7/9/2026,
716,47.9,gf,2.860,mm,OK,--,7:54:40 PM,7/9/2026,
717,47.9,gf,2.865,mm,OK,--,7:54:41 PM,7/9/2026,
718,47.9,gf,2.865,mm,OK,--,7:54:41 PM,7/9/2026,
719,48.0,gf,2.870,mm,OK,--,7:54:41 PM,7/9/2026,
720,48.0,gf,2.870,mm,OK,--,7:54:41 PM,7/9/2026,
721,48.0,gf,2.875,mm,OK,--,7:54:41 PM,7/9/2026,
722,48.0,gf,2.875,mm,OK,--,7:54:41 PM,7/9/2026,
723,48.0,gf,2.880,mm,OK,--,7:54:41 PM,7/9/2026,
724,48.0,gf,2.880,mm,OK,--,7:54:41 PM,7/9/2026,
725,48.0,gf,2.885,mm,OK,--,7:54:41 PM,7/9/2026,
726,48.1,gf,2.885,mm,OK,--,7:54:41 PM,7/9/2026,
727,48.1,gf,2.890,mm,OK,--,7:54:42 PM,7/9/2026,
728,48.1,gf,2.890,mm,OK,--,7:54:42 PM,7/9/2026,
729,48.1,gf,2.895,mm,OK,--,7:54:42 PM,7/9/2026,
730,48.1,gf,2.895,mm,OK,--,7:54:42 PM,7/9/2026,
731,48.1,gf,2.900,mm,OK,--,7:54:42 PM,7/9/2026,
732,48.0,gf,2.905,mm,OK,--,7:54:42 PM,7/9/2026,
733,48.1,gf,2.905,mm,OK,--,7:54:42 PM,7/9/2026,
734,48.1,gf,2.910,mm,OK,--,7:54:42 PM,7/9/2026,
735,48.1,gf,2.910,mm,OK,--,7:54:42 PM,7/9/2026,
736,48.1,gf,2.915,mm,OK,--,7:54:42 PM,7/9/2026,
737,48.1,gf,2.915,mm,OK,--,7:54:43 PM,7/9/2026,
738,48.1,gf,2.920,mm,OK,--,7:54:43 PM,7/9/2026,
739,48.2,gf,2.920,mm,OK,--,7:54:43 PM,7/9/2026,
740,48.2,gf,2.925,mm,OK,--,7:54:43 PM,7/9/2026,
741,48.2,gf,2.925,mm,OK,--,7:54:43 PM,7/9/2026,
742,48.2,gf,2.930,mm,OK,--,7:54:43 PM,7/9/2026,
743,48.3,gf,2.935,mm,OK,--,7:54:43 PM,7/9/2026,
744,48.3,gf,2.935,mm,OK,--,7:54:43 PM,7/9/2026,
745,48.3,gf,2.935,mm,OK,--,7:54:43 PM,7/9/2026,
746,48.3,gf,2.940,mm,OK,--,7:54:43 PM,7/9/2026,
747,48.4,gf,2.945,mm,OK,--,7:54:44 PM,7/9/2026,
748,48.4,gf,2.950,mm,OK,--,7:54:44 PM,7/9/2026,
749,48.4,gf,2.955,mm,OK,--,7:54:44 PM,7/9/2026,
750,48.4,gf,2.960,mm,OK,--,7:54:44 PM,7/9/2026,
751,48.5,gf,2.970,mm,OK,--,7:54:44 PM,7/9/2026,
752,48.6,gf,2.980,mm,OK,--,7:54:44 PM,7/9/2026,
753,48.6,gf,2.985,mm,OK,--,7:54:44 PM,7/9/2026,
754,48.6,gf,2.995,mm,OK,--,7:54:44 PM,7/9/2026,
755,48.6,gf,3.000,mm,OK,--,7:54:44 PM,7/9/2026,
756,48.6,gf,3.010,mm,OK,--,7:54:44 PM,7/9/2026,
757,48.6,gf,3.015,mm,OK,--,7:54:45 PM,7/9/2026,
758,48.7,gf,3.020,mm,OK,--,7:54:45 PM,7/9/2026,
759,48.7,gf,3.025,mm,OK,--,7:54:45 PM,7/9/2026,
760,48.7,gf,3.030,mm,OK,--,7:54:45 PM,7/9/2026,
761,48.7,gf,3.035,mm,OK,--,7:54:45 PM,7/9/2026,
762,48.7,gf,3.035,mm,OK,--,7:54:45 PM,7/9/2026,
763,48.7,gf,3.040,mm,OK,--,7:54:45 PM,7/9/2026,
764,48.7,gf,3.040,mm,OK,--,7:54:45 PM,7/9/2026,
765,48.7,gf,3.045,mm,OK,--,7:54:45 PM,7/9/2026,
766,48.8,gf,3.045,mm,OK,--,7:54:45 PM,7/9/2026,
767,48.8,gf,3.050,mm,OK,--,7:54:46 PM,7/9/2026,
768,48.8,gf,3.055,mm,OK,--,7:54:46 PM,7/9/2026,
769,48.8,gf,3.055,mm,OK,--,7:54:46 PM,7/9/2026,
770,48.8,gf,3.060,mm,OK,--,7:54:46 PM,7/9/2026,
771,48.8,gf,3.060,mm,OK,--,7:54:46 PM,7/9/2026,
772,48.8,gf,3.065,mm,OK,--,7:54:46 PM,7/9/2026,
773,48.8,gf,3.065,mm,OK,--,7:54:46 PM,7/9/2026,
774,48.9,gf,3.070,mm,OK,--,7:54:46 PM,7/9/2026,
775,48.9,gf,3.070,mm,OK,--,7:54:46 PM,7/9/2026,
776,48.9,gf,3.075,mm,OK,--,7:54:46 PM,7/9/2026,
777,48.9,gf,3.080,mm,OK,--,7:54:47 PM,7/9/2026,
778,49.0,gf,3.085,mm,OK,--,7:54:47 PM,7/9/2026,
779,49.0,gf,3.090,mm,OK,--,7:54:47 PM,7/9/2026,
780,49.1,gf,3.095,mm,OK,--,7:54:47 PM,7/9/2026,
781,49.1,gf,3.100,mm,OK,--,7:54:47 PM,7/9/2026,
782,49.1,gf,3.105,mm,OK,--,7:54:47 PM,7/9/2026,
783,49.1,gf,3.110,mm,OK,--,7:54:47 PM,7/9/2026,
784,49.1,gf,3.115,mm,OK,--,7:54:47 PM,7/9/2026,
785,49.2,gf,3.115,mm,OK,--,7:54:47 PM,7/9/2026,
786,49.2,gf,3.115,mm,OK,--,7:54:47 PM,7/9/2026,
787,49.2,gf,3.120,mm,OK,--,7:54:48 PM,7/9/2026,
788,49.2,gf,3.125,mm,OK,--,7:54:48 PM,7/9/2026,
789,49.2,gf,3.125,mm,OK,--,7:54:48 PM,7/9/2026,
790,49.2,gf,3.130,mm,OK,--,7:54:48 PM,7/9/2026,
791,49.2,gf,3.135,mm,OK,--,7:54:48 PM,7/9/2026,
792,49.2,gf,3.135,mm,OK,--,7:54:48 PM,7/9/2026,
793,49.3,gf,3.140,mm,OK,--,7:54:48 PM,7/9/2026,
794,49.3,gf,3.145,mm,OK,--,7:54:48 PM,7/9/2026,
795,49.3,gf,3.150,mm,OK,--,7:54:48 PM,7/9/2026,
796,49.3,gf,3.155,mm,OK,--,7:54:48 PM,7/9/2026,
797,49.3,gf,3.155,mm,OK,--,7:54:49 PM,7/9/2026,
798,49.4,gf,3.160,mm,OK,--,7:54:49 PM,7/9/2026,
799,49.4,gf,3.165,mm,OK,--,7:54:49 PM,7/9/2026,
800,49.4,gf,3.170,mm,OK,--,7:54:49 PM,7/9/2026,
801,49.4,gf,3.175,mm,OK,--,7:54:49 PM,7/9/2026,
802,49.5,gf,3.180,mm,OK,--,7:54:49 PM,7/9/2026,
803,49.5,gf,3.180,mm,OK,--,7:54:49 PM,7/9/2026,
804,49.5,gf,3.185,mm,OK,--,7:54:49 PM,7/9/2026,
805,49.6,gf,3.185,mm,OK,--,7:54:49 PM,7/9/2026,
806,49.6,gf,3.190,mm,OK,--,7:54:49 PM,7/9/2026,
807,49.6,gf,3.190,mm,OK,--,7:54:50 PM,7/9/2026,
808,49.6,gf,3.195,mm,OK,--,7:54:50 PM,7/9/2026,
809,49.6,gf,3.195,mm,OK,--,7:54:50 PM,7/9/2026,
810,49.6,gf,3.200,mm,OK,--,7:54:50 PM,7/9/2026,
811,49.6,gf,3.200,mm,OK,--,7:54:50 PM,7/9/2026,
812,49.7,gf,3.205,mm,OK,--,7:54:50 PM,7/9/2026,
813,49.7,gf,3.205,mm,OK,--,7:54:50 PM,7/9/2026,
814,49.7,gf,3.205,mm,OK,--,7:54:50 PM,7/9/2026,
815,49.7,gf,3.205,mm,OK,--,7:54:50 PM,7/9/2026,
816,49.7,gf,3.210,mm,OK,--,7:54:50 PM,7/9/2026,
817,49.7,gf,3.210,mm,OK,--,7:54:51 PM,7/9/2026,
818,49.7,gf,3.210,mm,OK,--,7:54:51 PM,7/9/2026,
819,49.7,gf,3.210,mm,OK,--,7:54:51 PM,7/9/2026,
820,49.7,gf,3.215,mm,OK,--,7:54:51 PM,7/9/2026,
821,49.7,gf,3.215,mm,OK,--,7:54:51 PM,7/9/2026,
822,49.7,gf,3.215,mm,OK,--,7:54:51 PM,7/9/2026,
823,49.7,gf,3.220,mm,OK,--,7:54:51 PM,7/9/2026,
824,49.7,gf,3.220,mm,OK,--,7:54:51 PM,7/9/2026,
825,49.7,gf,3.220,mm,OK,--,7:54:51 PM,7/9/2026,
826,49.7,gf,3.225,mm,OK,--,7:54:51 PM,7/9/2026,
827,49.8,gf,3.225,mm,OK,--,7:54:52 PM,7/9/2026,
828,49.8,gf,3.230,mm,OK,--,7:54:52 PM,7/9/2026,
829,49.8,gf,3.235,mm,OK,--,7:54:52 PM,7/9/2026,
830,49.8,gf,3.235,mm,OK,--,7:54:52 PM,7/9/2026,
831,49.9,gf,3.240,mm,OK,--,7:54:52 PM,7/9/2026,
832,49.9,gf,3.245,mm,OK,--,7:54:52 PM,7/9/2026,
833,49.9,gf,3.245,mm,OK,--,7:54:52 PM,7/9/2026,
834,49.9,gf,3.250,mm,OK,--,7:54:52 PM,7/9/2026,
835,49.9,gf,3.255,mm,OK,--,7:54:52 PM,7/9/2026,
836,49.9,gf,3.260,mm,OK,--,7:54:52 PM,7/9/2026,
837,49.9,gf,3.260,mm,OK,--,7:54:53 PM,7/9/2026,
838,49.9,gf,3.265,mm,OK,--,7:54:53 PM,7/9/2026,
839,50.0,gf,3.270,mm,OK,--,7:54:53 PM,7/9/2026,
840,49.9,gf,3.270,mm,OK,--,7:54:53 PM,7/9/2026,
841,50.0,gf,3.275,mm,OK,--,7:54:53 PM,7/9/2026,
842,50.0,gf,3.280,mm,OK,--,7:54:53 PM,7/9/2026,
843,50.1,gf,3.285,mm,OK,--,7:54:53 PM,7/9/2026,
844,50.1,gf,3.290,mm,OK,--,7:54:53 PM,7/9/2026,
845,50.1,gf,3.290,mm,OK,--,7:54:53 PM,7/9/2026,
846,50.1,gf,3.295,mm,OK,--,7:54:53 PM,7/9/2026,
847,50.2,gf,3.300,mm,OK,--,7:54:54 PM,7/9/2026,
848,50.1,gf,3.305,mm,OK,--,7:54:54 PM,7/9/2026,
849,50.1,gf,3.305,mm,OK,--,7:54:54 PM,7/9/2026,
850,50.1,gf,3.310,mm,OK,--,7:54:54 PM,7/9/2026,
851,50.2,gf,3.315,mm,OK,--,7:54:54 PM,7/9/2026,
852,50.2,gf,3.320,mm,OK,--,7:54:54 PM,7/9/2026,
853,50.2,gf,3.325,mm,OK,--,7:54:54 PM,7/9/2026,
854,50.2,gf,3.330,mm,OK,--,7:54:54 PM,7/9/2026,
855,50.3,gf,3.335,mm,OK,--,7:54:54 PM,7/9/2026,
856,50.3,gf,3.345,mm,OK,--,7:54:54 PM,7/9/2026,
857,50.3,gf,3.350,mm,OK,--,7:54:55 PM,7/9/2026,
858,50.3,gf,3.355,mm,OK,--,7:54:55 PM,7/9/2026,
859,50.3,gf,3.360,mm,OK,--,7:54:55 PM,7/9/2026,
860,50.4,gf,3.365,mm,OK,--,7:54:55 PM,7/9/2026,
861,50.4,gf,3.370,mm,OK,--,7:54:55 PM,7/9/2026,
862,50.4,gf,3.375,mm,OK,--,7:54:55 PM,7/9/2026,
863,50.4,gf,3.380,mm,OK,--,7:54:55 PM,7/9/2026,
864,50.5,gf,3.385,mm,OK,--,7:54:55 PM,7/9/2026,
865,50.6,gf,3.390,mm,OK,--,7:54:55 PM,7/9/2026,
866,50.6,gf,3.400,mm,OK,--,7:54:55 PM,7/9/2026,
867,50.6,gf,3.410,mm,OK,--,7:54:56 PM,7/9/2026,
868,50.7,gf,3.415,mm,OK,--,7:54:56 PM,7/9/2026,
869,50.7,gf,3.425,mm,OK,--,7:54:56 PM,7/9/2026,
870,50.8,gf,3.430,mm,OK,--,7:54:56 PM,7/9/2026,
871,50.8,gf,3.440,mm,OK,--,7:54:56 PM,7/9/2026,
872,50.9,gf,3.455,mm,OK,--,7:54:56 PM,7/9/2026,
873,50.9,gf,3.465,mm,OK,--,7:54:56 PM,7/9/2026,
874,51.0,gf,3.470,mm,OK,--,7:54:56 PM,7/9/2026,
875,51.0,gf,3.480,mm,OK,--,7:54:56 PM,7/9/2026,
876,51.0,gf,3.490,mm,OK,--,7:54:56 PM,7/9/2026,
877,51.2,gf,3.500,mm,OK,--,7:54:57 PM,7/9/2026,
878,51.2,gf,3.515,mm,OK,--,7:54:57 PM,7/9/2026,
879,51.2,gf,3.520,mm,OK,--,7:54:57 PM,7/9/2026,
880,51.2,gf,3.525,mm,OK,--,7:54:57 PM,7/9/2026,
881,51.2,gf,3.530,mm,OK,--,7:54:57 PM,7/9/2026,
882,51.2,gf,3.535,mm,OK,--,7:54:57 PM,7/9/2026,
883,51.2,gf,3.540,mm,OK,--,7:54:57 PM,7/9/2026,
884,51.3,gf,3.545,mm,OK,--,7:54:57 PM,7/9/2026,
885,51.4,gf,3.555,mm,OK,--,7:54:57 PM,7/9/2026,
886,51.4,gf,3.565,mm,OK,--,7:54:57 PM,7/9/2026,
887,51.4,gf,3.570,mm,OK,--,7:54:58 PM,7/9/2026,
888,51.4,gf,3.575,mm,OK,--,7:54:58 PM,7/9/2026,
889,51.4,gf,3.575,mm,OK,--,7:54:58 PM,7/9/2026,
890,51.4,gf,3.580,mm,OK,--,7:54:58 PM,7/9/2026,
891,51.4,gf,3.580,mm,OK,--,7:54:58 PM,7/9/2026,
892,51.4,gf,3.585,mm,OK,--,7:54:58 PM,7/9/2026,
893,51.5,gf,3.590,mm,OK,--,7:54:58 PM,7/9/2026,
894,51.5,gf,3.595,mm,OK,--,7:54:58 PM,7/9/2026,
895,51.6,gf,3.600,mm,OK,--,7:54:58 PM,7/9/2026,
896,51.6,gf,3.610,mm,OK,--,7:54:58 PM,7/9/2026,
897,51.6,gf,3.615,mm,OK,--,7:54:59 PM,7/9/2026,
898,51.7,gf,3.625,mm,OK,--,7:54:59 PM,7/9/2026,
899,51.7,gf,3.640,mm,OK,--,7:54:59 PM,7/9/2026,
900,51.8,gf,3.650,mm,OK,--,7:54:59 PM,7/9/2026,
901,51.8,gf,3.655,mm,OK,--,7:54:59 PM,7/9/2026,
902,51.8,gf,3.665,mm,OK,--,7:54:59 PM,7/9/2026,
903,51.8,gf,3.670,mm,OK,--,7:54:59 PM,7/9/2026,
904,52.0,gf,3.680,mm,OK,--,7:54:59 PM,7/9/2026,
905,52.0,gf,3.690,mm,OK,--,7:54:59 PM,7/9/2026,
906,52.0,gf,3.695,mm,OK,--,7:54:59 PM,7/9/2026,
907,52.1,gf,3.705,mm,OK,--,7:55:00 PM,7/9/2026,
908,59.5,gf,3.715,mm,OK,--,7:55:00 PM,7/9/2026,
909,67.0,gf,3.720,mm,OK,--,7:55:00 PM,7/9/2026,
910,73.8,gf,3.730,mm,OK,--,7:55:00 PM,7/9/2026,
911,80.3,gf,3.735,mm,OK,--,7:55:00 PM,7/9/2026,
912,85.0,gf,3.740,mm,OK,--,7:55:00 PM,7/9/2026,
913,87.8,gf,3.745,mm,OK,--,7:55:00 PM,7/9/2026,
914,90.1,gf,3.745,mm,OK,--,7:55:00 PM,7/9/2026,
915,92.9,gf,3.745,mm,OK,--,7:55:00 PM,7/9/2026,
916,95.9,gf,3.750,mm,OK,--,7:55:00 PM,7/9/2026,
917,98.9,gf,3.755,mm,OK,--,7:55:01 PM,7/9/2026,
918,101.3,gf,3.755,mm,OK,--,7:55:01 PM,7/9/2026,
919,103.6,gf,3.760,mm,OK,--,7:55:01 PM,7/9/2026,
920,106.1,gf,3.760,mm,OK,--,7:55:01 PM,7/9/2026,
921,108.8,gf,3.765,mm,OK,--,7:55:01 PM,7/9/2026,
922,111.4,gf,3.765,mm,OK,--,7:55:01 PM,7/9/2026,
923,114.1,gf,3.770,mm,OK,--,7:55:01 PM,7/9/2026,
924,116.7,gf,3.770,mm,OK,--,7:55:01 PM,7/9/2026,
925,118.9,gf,3.775,mm,OK,--,7:55:01 PM,7/9/2026,
926,121.1,gf,3.775,mm,OK,--,7:55:01 PM,7/9/2026,
927,123.1,gf,3.775,mm,OK,--,7:55:02 PM,7/9/2026,
928,124.9,gf,3.780,mm,OK,--,7:55:02 PM,7/9/2026,
929,126.6,gf,3.780,mm,OK,--,7:55:02 PM,7/9/2026,
930,127.8,gf,3.780,mm,OK,--,7:55:02 PM,7/9/2026,
931,128.9,gf,3.780,mm,OK,--,7:55:02 PM,7/9/2026,
932,130.2,gf,3.785,mm,OK,--,7:55:02 PM,7/9/2026,
933,131.3,gf,3.785,mm,OK,--,7:55:02 PM,7/9/2026,
934,131.9,gf,3.785,mm,OK,--,7:55:02 PM,7/9/2026,
935,132.5,gf,3.785,mm,OK,--,7:55:02 PM,7/9/2026,
936,133.6,gf,3.785,mm,OK,--,7:55:02 PM,7/9/2026,
937,134.8,gf,3.790,mm,OK,--,7:55:03 PM,7/9/2026,
938,136.1,gf,3.790,mm,OK,--,7:55:03 PM,7/9/2026,
939,137.2,gf,3.790,mm,OK,--,7:55:03 PM,7/9/2026,
940,138.3,gf,3.790,mm,OK,--,7:55:03 PM,7/9/2026,
941,139.8,gf,3.790,mm,OK,--,7:55:03 PM,7/9/2026,
942,141.1,gf,3.795,mm,OK,--,7:55:03 PM,7/9/2026,
943,142.3,gf,3.795,mm,OK,--,7:55:03 PM,7/9/2026,
944,143.3,gf,3.795,mm,OK,--,7:55:03 PM,7/9/2026,
945,144.4,gf,3.795,mm,OK,--,7:55:03 PM,7/9/2026,
946,145.3,gf,3.800,mm,OK,--,7:55:03 PM,7/9/2026,
947,146.2,gf,3.800,mm,OK,--,7:55:04 PM,7/9/2026,
948,147.2,gf,3.800,mm,OK,--,7:55:04 PM,7/9/2026,
949,148.2,gf,3.800,mm,OK,--,7:55:04 PM,7/9/2026,
950,149.1,gf,3.800,mm,OK,--,7:55:04 PM,7/9/2026,
951,149.9,gf,3.800,mm,OK,--,7:55:04 PM,7/9/2026,
952,150.4,gf,3.805,mm,OK,--,7:55:04 PM,7/9/2026,
953,150.8,gf,3.805,mm,OK,--,7:55:04 PM,7/9/2026,
954,151.1,gf,3.805,mm,OK,--,7:55:04 PM,7/9/2026,
955,151.5,gf,3.805,mm,OK,--,7:55:04 PM,7/9/2026,
956,152.1,gf,3.805,mm,OK,--,7:55:04 PM,7/9/2026,
957,152.6,gf,3.805,mm,OK,--,7:55:05 PM,7/9/2026,
958,152.9,gf,3.805,mm,OK,--,7:55:05 PM,7/9/2026,
959,153.3,gf,3.805,mm,OK,--,7:55:05 PM,7/9/2026,
960,153.7,gf,3.805,mm,OK,--,7:55:05 PM,7/9/2026,
961,154.2,gf,3.805,mm,OK,--,7:55:05 PM,7/9/2026,
962,154.6,gf,3.805,mm,OK,--,7:55:05 PM,7/9/2026,
963,154.9,gf,3.805,mm,OK,--,7:55:05 PM,7/9/2026,
964,155.1,gf,3.805,mm,OK,--,7:55:05 PM,7/9/2026,
965,155.4,gf,3.805,mm,OK,--,7:55:05 PM,7/9/2026,
966,155.7,gf,3.810,mm,OK,--,7:55:05 PM,7/9/2026,
967,156.0,gf,3.810,mm,OK,--,7:55:06 PM,7/9/2026,
968,156.3,gf,3.810,mm,OK,--,7:55:06 PM,7/9/2026,
969,156.5,gf,3.810,mm,OK,--,7:55:06 PM,7/9/2026,
970,156.8,gf,3.810,mm,OK,--,7:55:06 PM,7/9/2026,
971,157.0,gf,3.810,mm,OK,--,7:55:06 PM,7/9/2026,
972,157.0,gf,3.810,mm,OK,--,7:55:06 PM,7/9/2026,
973,157.2,gf,3.810,mm,OK,--,7:55:06 PM,7/9/2026,
974,157.5,gf,3.810,mm,OK,--,7:55:06 PM,7/9/2026,
975,157.7,gf,3.810,mm,OK,--,7:55:06 PM,7/9/2026,
976,157.8,gf,3.810,mm,OK,--,7:55:06 PM,7/9/2026,
977,158.1,gf,3.810,mm,OK,--,7:55:07 PM,7/9/2026,
978,158.4,gf,3.810,mm,OK,--,7:55:07 PM,7/9/2026,
979,158.8,gf,3.810,mm,OK,--,7:55:07 PM,7/9/2026,
980,159.1,gf,3.810,mm,OK,--,7:55:07 PM,7/9/2026,
981,159.4,gf,3.810,mm,OK,--,7:55:07 PM,7/9/2026,
982,159.6,gf,3.810,mm,OK,--,7:55:07 PM,7/9/2026,
983,160.0,gf,3.810,mm,OK,--,7:55:07 PM,7/9/2026,
984,160.2,gf,3.810,mm,OK,--,7:55:07 PM,7/9/2026,
985,160.5,gf,3.810,mm,OK,--,7:55:07 PM,7/9/2026,
986,160.8,gf,3.815,mm,OK,--,7:55:07 PM,7/9/2026,
987,161.1,gf,3.815,mm,OK,--,7:55:08 PM,7/9/2026,
988,161.4,gf,3.815,mm,OK,--,7:55:08 PM,7/9/2026,
989,161.9,gf,3.815,mm,OK,--,7:55:08 PM,7/9/2026,
990,162.0,gf,3.815,mm,OK,--,7:55:08 PM,7/9/2026,
991,162.3,gf,3.815,mm,OK,--,7:55:08 PM,7/9/2026,
992,162.6,gf,3.815,mm,OK,--,7:55:08 PM,7/9/2026,
993,163.1,gf,3.815,mm,OK,--,7:55:08 PM,7/9/2026,
994,163.6,gf,3.815,mm,OK,--,7:55:08 PM,7/9/2026,
995,164.3,gf,3.815,mm,OK,--,7:55:08 PM,7/9/2026,
996,165.2,gf,3.815,mm,OK,--,7:55:08 PM,7/9/2026,
997,166.3,gf,3.820,mm,OK,--,7:55:09 PM,7/9/2026,
998,167.3,gf,3.820,mm,OK,--,7:55:09 PM,7/9/2026,
999,168.4,gf,3.820,mm,OK,--,7:55:09 PM,7/9/2026,
1000,169.2,gf,3.820,mm,OK,--,7:55:09 PM,7/9/2026,
1001,170.0,gf,3.820,mm,OK,--,7:55:09 PM,7/9/2026,
1002,170.9,gf,3.825,mm,OK,--,7:55:09 PM,7/9/2026,
1003,171.9,gf,3.825,mm,OK,--,7:55:09 PM,7/9/2026,
1004,173.2,gf,3.825,mm,OK,--,7:55:09 PM,7/9/2026,
1005,174.5,gf,3.825,mm,OK,--,7:55:09 PM,7/9/2026,
1006,175.9,gf,3.825,mm,OK,--,7:55:09 PM,7/9/2026,
1007,177.5,gf,3.830,mm,OK,--,7:55:10 PM,7/9/2026,
1008,179.6,gf,3.830,mm,OK,--,7:55:10 PM,7/9/2026,
1009,182.0,gf,3.835,mm,OK,--,7:55:10 PM,7/9/2026,
1010,184.4,gf,3.835,mm,OK,--,7:55:10 PM,7/9/2026,
1011,186.6,gf,3.840,mm,OK,--,7:55:10 PM,7/9/2026,
1012,188.9,gf,3.840,mm,OK,--,7:55:10 PM,7/9/2026,
1013,191.1,gf,3.840,mm,OK,--,7:55:10 PM,7/9/2026,
1014,192.3,gf,3.845,mm,OK,--,7:55:10 PM,7/9/2026,
1015,192.9,gf,3.845,mm,OK,--,7:55:10 PM,7/9/2026,
1016,192.9,gf,3.845,mm,OK,--,7:55:10 PM,7/9/2026,
1017,192.8,gf,3.845,mm,OK,--,7:55:11 PM,7/9/2026,
1018,192.6,gf,3.845,mm,OK,--,7:55:11 PM,7/9/2026,
1019,192.4,gf,3.845,mm,OK,--,7:55:11 PM,7/9/2026,
1020,192.4,gf,3.845,mm,OK,--,7:55:11 PM,7/9/2026,
1021,192.5,gf,3.845,mm,OK,--,7:55:11 PM,7/9/2026,
1022,192.4,gf,3.845,mm,OK,--,7:55:11 PM,7/9/2026,
1023,192.6,gf,3.845,mm,OK,--,7:55:11 PM,7/9/2026,
1024,192.4,gf,3.845,mm,OK,--,7:55:11 PM,7/9/2026,
1025,192.4,gf,3.845,mm,OK,--,7:55:11 PM,7/9/2026,
1026,192.4,gf,3.845,mm,OK,--,7:55:11 PM,7/9/2026,
1027,192.4,gf,3.845,mm,OK,--,7:55:12 PM,7/9/2026,
1028,192.4,gf,3.845,mm,OK,--,7:55:12 PM,7/9/2026,
1029,192.3,gf,3.845,mm,OK,--,7:55:12 PM,7/9/2026,
1030,192.1,gf,3.845,mm,OK,--,7:55:12 PM,7/9/2026,
1031,192.0,gf,3.845,mm,OK,--,7:55:12 PM,7/9/2026,
1032,191.9,gf,3.845,mm,OK,--,7:55:12 PM,7/9/2026,
1033,191.7,gf,3.845,mm,OK,--,7:55:12 PM,7/9/2026,
1034,191.4,gf,3.845,mm,OK,--,7:55:12 PM,7/9/2026,
1035,191.2,gf,3.845,mm,OK,--,7:55:12 PM,7/9/2026,
1036,191.0,gf,3.845,mm,OK,--,7:55:12 PM,7/9/2026,
1037,190.7,gf,3.845,mm,OK,--,7:55:13 PM,7/9/2026,
1038,189.0,gf,3.840,mm,OK,--,7:55:13 PM,7/9/2026,
1039,186.8,gf,3.840,mm,OK,--,7:55:13 PM,7/9/2026,
1040,185.6,gf,3.840,mm,OK,--,7:55:13 PM,7/9/2026,
1041,184.9,gf,3.840,mm,OK,--,7:55:13 PM,7/9/2026,
1042,184.1,gf,3.840,mm,OK,--,7:55:13 PM,7/9/2026,
1043,183.6,gf,3.835,mm,OK,--,7:55:13 PM,7/9/2026,
1044,182.9,gf,3.835,mm,OK,--,7:55:13 PM,7/9/2026,
1045,182.1,gf,3.835,mm,OK,--,7:55:13 PM,7/9/2026,
1046,181.6,gf,3.835,mm,OK,--,7:55:13 PM,7/9/2026,
1047,180.3,gf,3.835,mm,OK,--,7:55:14 PM,7/9/2026,
1048,178.3,gf,3.830,mm,OK,--,7:55:14 PM,7/9/2026,
1049,176.5,gf,3.830,mm,OK,--,7:55:14 PM,7/9/2026,
1050,175.4,gf,3.830,mm,OK,--,7:55:14 PM,7/9/2026,
1051,174.8,gf,3.830,mm,OK,--,7:55:14 PM,7/9/2026,
1052,174.3,gf,3.830,mm,OK,--,7:55:14 PM,7/9/2026,
1053,173.5,gf,3.830,mm,OK,--,7:55:14 PM,7/9/2026,
1054,172.9,gf,3.825,mm,OK,--,7:55:14 PM,7/9/2026,
1055,172.5,gf,3.825,mm,OK,--,7:55:14 PM,7/9/2026,
1056,172.1,gf,3.825,mm,OK,--,7:55:14 PM,7/9/2026,
1057,171.7,gf,3.825,mm,OK,--,7:55:15 PM,7/9/2026,
1058,171.0,gf,3.825,mm,OK,--,7:55:15 PM,7/9/2026,
1059,170.3,gf,3.825,mm,OK,--,7:55:15 PM,7/9/2026,
1060,169.5,gf,3.825,mm,OK,--,7:55:15 PM,7/9/2026,
1061,168.9,gf,3.825,mm,OK,--,7:55:15 PM,7/9/2026,
1062,168.4,gf,3.825,mm,OK,--,7:55:15 PM,7/9/2026,
1063,167.9,gf,3.820,mm,OK,--,7:55:15 PM,7/9/2026,
1064,167.5,gf,3.820,mm,OK,--,7:55:15 PM,7/9/2026,
1065,167.2,gf,3.820,mm,OK,--,7:55:15 PM,7/9/2026,
1066,166.4,gf,3.820,mm,OK,--,7:55:15 PM,7/9/2026,
1067,166.0,gf,3.820,mm,OK,--,7:55:16 PM,7/9/2026,
1068,165.7,gf,3.820,mm,OK,--,7:55:16 PM,7/9/2026,
1069,165.3,gf,3.820,mm,OK,--,7:55:16 PM,7/9/2026,
1070,165.1,gf,3.820,mm,OK,--,7:55:16 PM,7/9/2026,
1071,164.6,gf,3.820,mm,OK,--,7:55:16 PM,7/9/2026,
1072,163.7,gf,3.820,mm,OK,--,7:55:16 PM,7/9/2026,
1073,162.6,gf,3.815,mm,OK,--,7:55:16 PM,7/9/2026,
1074,161.5,gf,3.815,mm,OK,--,7:55:16 PM,7/9/2026,
1075,160.9,gf,3.815,mm,OK,--,7:55:16 PM,7/9/2026,
1076,160.2,gf,3.815,mm,OK,--,7:55:16 PM,7/9/2026,
1077,159.8,gf,3.815,mm,OK,--,7:55:17 PM,7/9/2026,
1078,159.4,gf,3.815,mm,OK,--,7:55:17 PM,7/9/2026,
1079,158.9,gf,3.815,mm,OK,--,7:55:17 PM,7/9/2026,
1080,158.5,gf,3.815,mm,OK,--,7:55:17 PM,7/9/2026,
1081,157.9,gf,3.815,mm,OK,--,7:55:17 PM,7/9/2026,
1082,157.4,gf,3.810,mm,OK,--,7:55:17 PM,7/9/2026,
1083,156.8,gf,3.810,mm,OK,--,7:55:17 PM,7/9/2026,
1084,156.3,gf,3.810,mm,OK,--,7:55:17 PM,7/9/2026,
1085,155.8,gf,3.810,mm,OK,--,7:55:17 PM,7/9/2026,
1086,155.4,gf,3.810,mm,OK,--,7:55:17 PM,7/9/2026,
1087,154.9,gf,3.810,mm,OK,--,7:55:18 PM,7/9/2026,
1088,154.4,gf,3.810,mm,OK,--,7:55:18 PM,7/9/2026,
1089,153.8,gf,3.810,mm,OK,--,7:55:18 PM,7/9/2026,
1090,153.3,gf,3.810,mm,OK,--,7:55:18 PM,7/9/2026,
1091,152.4,gf,3.810,mm,OK,--,7:55:18 PM,7/9/2026,
1092,151.7,gf,3.805,mm,OK,--,7:55:18 PM,7/9/2026,
1093,151.0,gf,3.805,mm,OK,--,7:55:18 PM,7/9/2026,
1094,150.0,gf,3.805,mm,OK,--,7:55:18 PM,7/9/2026,
1095,149.5,gf,3.805,mm,OK,--,7:55:18 PM,7/9/2026,
1096,149.0,gf,3.805,mm,OK,--,7:55:18 PM,7/9/2026,
1097,148.3,gf,3.805,mm,OK,--,7:55:19 PM,7/9/2026,
1098,147.5,gf,3.805,mm,OK,--,7:55:19 PM,7/9/2026,
1099,147.1,gf,3.805,mm,OK,--,7:55:19 PM,7/9/2026,
1100,146.8,gf,3.805,mm,OK,--,7:55:19 PM,7/9/2026,
1101,146.4,gf,3.800,mm,OK,--,7:55:19 PM,7/9/2026,
1102,146.0,gf,3.800,mm,OK,--,7:55:19 PM,7/9/2026,
1103,145.8,gf,3.800,mm,OK,--,7:55:19 PM,7/9/2026,
1104,145.4,gf,3.800,mm,OK,--,7:55:19 PM,7/9/2026,
1105,145.3,gf,3.800,mm,OK,--,7:55:19 PM,7/9/2026,
1106,145.2,gf,3.800,mm,OK,--,7:55:19 PM,7/9/2026,
1107,144.7,gf,3.800,mm,OK,--,7:55:20 PM,7/9/2026,
1108,143.9,gf,3.800,mm,OK,--,7:55:20 PM,7/9/2026,
1109,143.2,gf,3.800,mm,OK,--,7:55:20 PM,7/9/2026,
1110,142.4,gf,3.800,mm,OK,--,7:55:20 PM,7/9/2026,
1111,142.0,gf,3.800,mm,OK,--,7:55:20 PM,7/9/2026,
1112,141.3,gf,3.795,mm,OK,--,7:55:20 PM,7/9/2026,
1113,140.9,gf,3.795,mm,OK,--,7:55:20 PM,7/9/2026,
1114,140.7,gf,3.795,mm,OK,--,7:55:20 PM,7/9/2026,
1115,140.4,gf,3.795,mm,OK,--,7:55:20 PM,7/9/2026,
1116,140.2,gf,3.795,mm,OK,--,7:55:20 PM,7/9/2026,
1117,139.9,gf,3.795,mm,OK,--,7:55:21 PM,7/9/2026,
1118,139.0,gf,3.795,mm,OK,--,7:55:21 PM,7/9/2026,
1119,138.0,gf,3.795,mm,OK,--,7:55:21 PM,7/9/2026,
1120,137.3,gf,3.795,mm,OK,--,7:55:21 PM,7/9/2026,
1121,136.6,gf,3.795,mm,OK,--,7:55:21 PM,7/9/2026,
1122,136.3,gf,3.795,mm,OK,--,7:55:21 PM,7/9/2026,
1123,136.1,gf,3.790,mm,OK,--,7:55:21 PM,7/9/2026,
1124,135.5,gf,3.790,mm,OK,--,7:55:21 PM,7/9/2026,
1125,134.8,gf,3.790,mm,OK,--,7:55:21 PM,7/9/2026,
1126,134.2,gf,3.790,mm,OK,--,7:55:21 PM,7/9/2026,
1127,133.9,gf,3.790,mm,OK,--,7:55:22 PM,7/9/2026,
1128,133.8,gf,3.790,mm,OK,--,7:55:22 PM,7/9/2026,
1129,133.9,gf,3.790,mm,OK,--,7:55:22 PM,7/9/2026,
1130,133.9,gf,3.790,mm,OK,--,7:55:22 PM,7/9/2026,
1131,133.8,gf,3.790,mm,OK,--,7:55:22 PM,7/9/2026,
1132,133.4,gf,3.790,mm,OK,--,7:55:22 PM,7/9/2026,
1133,133.2,gf,3.790,mm,OK,--,7:55:22 PM,7/9/2026,
1134,132.7,gf,3.790,mm,OK,--,7:55:22 PM,7/9/2026,
1135,132.0,gf,3.790,mm,OK,--,7:55:22 PM,7/9/2026,
1136,131.2,gf,3.790,mm,OK,--,7:55:22 PM,7/9/2026,
1137,130.6,gf,3.790,mm,OK,--,7:55:23 PM,7/9/2026,
1138,130.1,gf,3.785,mm,OK,--,7:55:23 PM,7/9/2026,
1139,130.0,gf,3.785,mm,OK,--,7:55:23 PM,7/9/2026,
1140,129.9,gf,3.785,mm,OK,--,7:55:23 PM,7/9/2026,
1141,129.8,gf,3.785,mm,OK,--,7:55:23 PM,7/9/2026,
1142,129.8,gf,3.785,mm,OK,--,7:55:23 PM,7/9/2026,
1143,129.6,gf,3.785,mm,OK,--,7:55:23 PM,7/9/2026,
1144,129.5,gf,3.785,mm,OK,--,7:55:23 PM,7/9/2026,
1145,129.4,gf,3.785,mm,OK,--,7:55:23 PM,7/9/2026,
1146,129.3,gf,3.785,mm,OK,--,7:55:23 PM,7/9/2026,
1147,129.3,gf,3.785,mm,OK,--,7:55:24 PM,7/9/2026,
1148,129.2,gf,3.785,mm,OK,--,7:55:24 PM,7/9/2026,
1149,129.1,gf,3.785,mm,OK,--,7:55:24 PM,7/9/2026,
1150,129.0,gf,3.785,mm,OK,--,7:55:24 PM,7/9/2026,
1151,128.9,gf,3.785,mm,OK,--,7:55:24 PM,7/9/2026,
1152,128.7,gf,3.785,mm,OK,--,7:55:24 PM,7/9/2026,
1153,128.4,gf,3.785,mm,OK,--,7:55:24 PM,7/9/2026,
1154,127.8,gf,3.785,mm,OK,--,7:55:24 PM,7/9/2026,
1155,127.4,gf,3.785,mm,OK,--,7:55:24 PM,7/9/2026,
1156,127.0,gf,3.785,mm,OK,--,7:55:24 PM,7/9/2026,
1157,127.0,gf,3.785,mm,OK,--,7:55:25 PM,7/9/2026,
1158,126.9,gf,3.785,mm,OK,--,7:55:25 PM,7/9/2026,
1159,126.7,gf,3.785,mm,OK,--,7:55:25 PM,7/9/2026,
1160,126.4,gf,3.785,mm,OK,--,7:55:25 PM,7/9/2026,
1161,126.0,gf,3.785,mm,OK,--,7:55:25 PM,7/9/2026,
1162,125.4,gf,3.785,mm,OK,--,7:55:25 PM,7/9/2026,
1163,124.3,gf,3.780,mm,OK,--,7:55:25 PM,7/9/2026,
1164,122.7,gf,3.780,mm,OK,--,7:55:25 PM,7/9/2026,
1165,120.5,gf,3.780,mm,OK,--,7:55:25 PM,7/9/2026,
1166,118.2,gf,3.775,mm,OK,--,7:55:25 PM,7/9/2026,
1167,115.1,gf,3.775,mm,OK,--,7:55:26 PM,7/9/2026,
1168,111.3,gf,3.770,mm,OK,--,7:55:26 PM,7/9/2026,
1169,108.7,gf,3.765,mm,OK,--,7:55:26 PM,7/9/2026,
1170,106.9,gf,3.765,mm,OK,--,7:55:26 PM,7/9/2026,
1171,105.0,gf,3.765,mm,OK,--,7:55:26 PM,7/9/2026,
1172,101.1,gf,3.760,mm,OK,--,7:55:26 PM,7/9/2026,
1173,96.3,gf,3.755,mm,OK,--,7:55:26 PM,7/9/2026,
1174,92.8,gf,3.750,mm,OK,--,7:55:26 PM,7/9/2026,
1175,90.1,gf,3.750,mm,OK,--,7:55:26 PM,7/9/2026,
1176,87.7,gf,3.745,mm,OK,--,7:55:26 PM,7/9/2026,
1177,85.4,gf,3.745,mm,OK,--,7:55:27 PM,7/9/2026,
1178,84.3,gf,3.745,mm,OK,--,7:55:27 PM,7/9/2026,
1179,83.0,gf,3.740,mm,OK,--,7:55:27 PM,7/9/2026,
1180,81.7,gf,3.740,mm,OK,--,7:55:27 PM,7/9/2026,
1181,79.6,gf,3.740,mm,OK,--,7:55:27 PM,7/9/2026,
1182,76.0,gf,3.735,mm,OK,--,7:55:27 PM,7/9/2026,
1183,70.5,gf,3.730,mm,OK,--,7:55:27 PM,7/9/2026,
1184,63.0,gf,3.725,mm,OK,--,7:55:27 PM,7/9/2026,
1185,57.9,gf,3.720,mm,OK,--,7:55:27 PM,7/9/2026,
1186,54.4,gf,3.715,mm,OK,--,7:55:27 PM,7/9/2026,
1187,51.1,gf,3.710,mm,OK,--,7:55:28 PM,7/9/2026,
1188,51.1,gf,3.705,mm,OK,--,7:55:28 PM,7/9/2026,
1189,51.1,gf,3.705,mm,OK,--,7:55:28 PM,7/9/2026,
1190,51.1,gf,3.700,mm,OK,--,7:55:28 PM,7/9/2026,
1191,51.1,gf,3.700,mm,OK,--,7:55:28 PM,7/9/2026,
1192,51.1,gf,3.695,mm,OK,--,7:55:28 PM,7/9/2026,
1193,51.0,gf,3.690,mm,OK,--,7:55:28 PM,7/9/2026,
1194,51.0,gf,3.690,mm,OK,--,7:55:28 PM,7/9/2026,
1195,50.9,gf,3.685,mm,OK,--,7:55:28 PM,7/9/2026,
1196,50.9,gf,3.680,mm,OK,--,7:55:28 PM,7/9/2026,
1197,50.9,gf,3.675,mm,OK,--,7:55:29 PM,7/9/2026,
1198,50.9,gf,3.670,mm,OK,--,7:55:29 PM,7/9/2026,
1199,50.9,gf,3.670,mm,OK,--,7:55:29 PM,7/9/2026,
1200,50.9,gf,3.665,mm,OK,--,7:55:29 PM,7/9/2026,
1201,50.8,gf,3.655,mm,OK,--,7:55:29 PM,7/9/2026,
1202,50.8,gf,3.640,mm,OK,--,7:55:29 PM,7/9/2026,
1203,50.8,gf,3.635,mm,OK,--,7:55:29 PM,7/9/2026,
1204,50.7,gf,3.630,mm,OK,--,7:55:29 PM,7/9/2026,
1205,50.7,gf,3.625,mm,OK,--,7:55:29 PM,7/9/2026,
1206,50.7,gf,3.625,mm,OK,--,7:55:29 PM,7/9/2026,
1207,50.7,gf,3.620,mm,OK,--,7:55:30 PM,7/9/2026,
1208,50.7,gf,3.615,mm,OK,--,7:55:30 PM,7/9/2026,
1209,50.7,gf,3.610,mm,OK,--,7:55:30 PM,7/9/2026,
1210,50.6,gf,3.600,mm,OK,--,7:55:30 PM,7/9/2026,
1211,50.5,gf,3.595,mm,OK,--,7:55:30 PM,7/9/2026,
1212,50.5,gf,3.590,mm,OK,--,7:55:30 PM,7/9/2026,
1213,50.5,gf,3.585,mm,OK,--,7:55:30 PM,7/9/2026,
1214,50.5,gf,3.580,mm,OK,--,7:55:30 PM,7/9/2026,
1215,50.4,gf,3.575,mm,OK,--,7:55:30 PM,7/9/2026,
1216,50.4,gf,3.575,mm,OK,--,7:55:30 PM,7/9/2026,
1217,50.4,gf,3.570,mm,OK,--,7:55:31 PM,7/9/2026,
1218,50.4,gf,3.570,mm,OK,--,7:55:31 PM,7/9/2026,
1219,50.4,gf,3.565,mm,OK,--,7:55:31 PM,7/9/2026,
1220,50.4,gf,3.560,mm,OK,--,7:55:31 PM,7/9/2026,
1221,50.4,gf,3.555,mm,OK,--,7:55:31 PM,7/9/2026,
1222,50.3,gf,3.550,mm,OK,--,7:55:31 PM,7/9/2026,
1223,50.3,gf,3.545,mm,OK,--,7:55:31 PM,7/9/2026,
1224,50.3,gf,3.540,mm,OK,--,7:55:31 PM,7/9/2026,
1225,50.3,gf,3.535,mm,OK,--,7:55:31 PM,7/9/2026,
1226,50.3,gf,3.530,mm,OK,--,7:55:31 PM,7/9/2026,
1227,50.3,gf,3.525,mm,OK,--,7:55:32 PM,7/9/2026,
1228,50.3,gf,3.520,mm,OK,--,7:55:32 PM,7/9/2026,
1229,50.2,gf,3.515,mm,OK,--,7:55:32 PM,7/9/2026,
1230,50.2,gf,3.515,mm,OK,--,7:55:32 PM,7/9/2026,
1231,50.1,gf,3.510,mm,OK,--,7:55:32 PM,7/9/2026,
1232,50.1,gf,3.505,mm,OK,--,7:55:32 PM,7/9/2026,
1233,50.1,gf,3.500,mm,OK,--,7:55:32 PM,7/9/2026,
1234,50.1,gf,3.490,mm,OK,--,7:55:32 PM,7/9/2026,
1235,50.1,gf,3.485,mm,OK,--,7:55:32 PM,7/9/2026,
1236,50.1,gf,3.480,mm,OK,--,7:55:32 PM,7/9/2026,
1237,49.9,gf,3.475,mm,OK,--,7:55:33 PM,7/9/2026,
1238,49.9,gf,3.470,mm,OK,--,7:55:33 PM,7/9/2026,
1239,49.9,gf,3.465,mm,OK,--,7:55:33 PM,7/9/2026,
1240,49.9,gf,3.460,mm,OK,--,7:55:33 PM,7/9/2026,
1241,49.9,gf,3.460,mm,OK,--,7:55:33 PM,7/9/2026,
1242,49.9,gf,3.455,mm,OK,--,7:55:33 PM,7/9/2026,
1243,49.9,gf,3.450,mm,OK,--,7:55:33 PM,7/9/2026,
1244,49.8,gf,3.445,mm,OK,--,7:55:33 PM,7/9/2026,
1245,49.8,gf,3.440,mm,OK,--,7:55:33 PM,7/9/2026,
1246,49.8,gf,3.435,mm,OK,--,7:55:33 PM,7/9/2026,
1247,49.8,gf,3.430,mm,OK,--,7:55:34 PM,7/9/2026,
1248,49.7,gf,3.425,mm,OK,--,7:55:34 PM,7/9/2026,
1249,49.7,gf,3.415,mm,OK,--,7:55:34 PM,7/9/2026,
1250,49.7,gf,3.410,mm,OK,--,7:55:34 PM,7/9/2026,
1251,49.6,gf,3.405,mm,OK,--,7:55:34 PM,7/9/2026,
1252,49.6,gf,3.400,mm,OK,--,7:55:34 PM,7/9/2026,
1253,49.6,gf,3.395,mm,OK,--,7:55:34 PM,7/9/2026,
1254,49.6,gf,3.390,mm,OK,--,7:55:34 PM,7/9/2026,
1255,49.5,gf,3.385,mm,OK,--,7:55:34 PM,7/9/2026,
1256,49.5,gf,3.375,mm,OK,--,7:55:34 PM,7/9/2026,
1257,49.5,gf,3.370,mm,OK,--,7:55:35 PM,7/9/2026,
1258,49.4,gf,3.360,mm,OK,--,7:55:35 PM,7/9/2026,
1259,49.4,gf,3.355,mm,OK,--,7:55:35 PM,7/9/2026,
1260,49.4,gf,3.350,mm,OK,--,7:55:35 PM,7/9/2026,
1261,49.4,gf,3.345,mm,OK,--,7:55:35 PM,7/9/2026,
1262,49.3,gf,3.340,mm,OK,--,7:55:35 PM,7/9/2026,
1263,49.3,gf,3.335,mm,OK,--,7:55:35 PM,7/9/2026,
1264,49.3,gf,3.330,mm,OK,--,7:55:35 PM,7/9/2026,
1265,49.2,gf,3.320,mm,OK,--,7:55:35 PM,7/9/2026,
1266,49.2,gf,3.310,mm,OK,--,7:55:35 PM,7/9/2026,
1267,49.2,gf,3.300,mm,OK,--,7:55:36 PM,7/9/2026,
1268,49.1,gf,3.285,mm,OK,--,7:55:36 PM,7/9/2026,
1269,49.0,gf,3.270,mm,OK,--,7:55:36 PM,7/9/2026,
1270,48.9,gf,3.260,mm,OK,--,7:55:36 PM,7/9/2026,
1271,48.9,gf,3.255,mm,OK,--,7:55:36 PM,7/9/2026,
1272,48.9,gf,3.245,mm,OK,--,7:55:36 PM,7/9/2026,
1273,48.8,gf,3.240,mm,OK,--,7:55:36 PM,7/9/2026,
1274,48.8,gf,3.235,mm,OK,--,7:55:36 PM,7/9/2026,
1275,48.8,gf,3.230,mm,OK,--,7:55:36 PM,7/9/2026,
1276,48.7,gf,3.220,mm,OK,--,7:55:36 PM,7/9/2026,
1277,48.6,gf,3.210,mm,OK,--,7:55:37 PM,7/9/2026,
1278,48.5,gf,3.200,mm,OK,--,7:55:37 PM,7/9/2026,
1279,48.5,gf,3.190,mm,OK,--,7:55:37 PM,7/9/2026,
1280,48.5,gf,3.185,mm,OK,--,7:55:37 PM,7/9/2026,
1281,48.5,gf,3.175,mm,OK,--,7:55:37 PM,7/9/2026,
1282,48.4,gf,3.170,mm,OK,--,7:55:37 PM,7/9/2026,
1283,48.4,gf,3.165,mm,OK,--,7:55:37 PM,7/9/2026,
1284,48.4,gf,3.160,mm,OK,--,7:55:37 PM,7/9/2026,
1285,48.4,gf,3.155,mm,OK,--,7:55:37 PM,7/9/2026,
1286,48.4,gf,3.155,mm,OK,--,7:55:37 PM,7/9/2026,
1287,48.4,gf,3.150,mm,OK,--,7:55:38 PM,7/9/2026,
1288,48.4,gf,3.150,mm,OK,--,7:55:38 PM,7/9/2026,
1289,48.4,gf,3.150,mm,OK,--,7:55:38 PM,7/9/2026,
1290,48.3,gf,3.145,mm,OK,--,7:55:38 PM,7/9/2026,
1291,48.3,gf,3.145,mm,OK,--,7:55:38 PM,7/9/2026,
1292,48.3,gf,3.145,mm,OK,--,7:55:38 PM,7/9/2026,
1293,48.3,gf,3.140,mm,OK,--,7:55:38 PM,7/9/2026,
1294,48.2,gf,3.140,mm,OK,--,7:55:38 PM,7/9/2026,
1295,48.2,gf,3.135,mm,OK,--,7:55:38 PM,7/9/2026,
1296,48.2,gf,3.130,mm,OK,--,7:55:38 PM,7/9/2026,
1297,48.2,gf,3.125,mm,OK,--,7:55:39 PM,7/9/2026,
1298,48.2,gf,3.125,mm,OK,--,7:55:39 PM,7/9/2026,
1299,48.2,gf,3.115,mm,OK,--,7:55:39 PM,7/9/2026,
1300,48.1,gf,3.110,mm,OK,--,7:55:39 PM,7/9/2026,
1301,48.1,gf,3.105,mm,OK,--,7:55:39 PM,7/9/2026,
1302,48.1,gf,3.100,mm,OK,--,7:55:39 PM,7/9/2026,
1303,48.1,gf,3.095,mm,OK,--,7:55:39 PM,7/9/2026,
1304,48.0,gf,3.090,mm,OK,--,7:55:39 PM,7/9/2026,
1305,48.0,gf,3.080,mm,OK,--,7:55:39 PM,7/9/2026,
1306,48.0,gf,3.080,mm,OK,--,7:55:39 PM,7/9/2026,
1307,47.9,gf,3.075,mm,OK,--,7:55:40 PM,7/9/2026,
1308,48.0,gf,3.075,mm,OK,--,7:55:40 PM,7/9/2026,
1309,48.0,gf,3.075,mm,OK,--,7:55:40 PM,7/9/2026,
1310,47.9,gf,3.075,mm,OK,--,7:55:40 PM,7/9/2026,
1311,47.9,gf,3.075,mm,OK,--,7:55:40 PM,7/9/2026,
1312,47.9,gf,3.070,mm,OK,--,7:55:40 PM,7/9/2026,
1313,47.9,gf,3.070,mm,OK,--,7:55:40 PM,7/9/2026,
1314,47.9,gf,3.070,mm,OK,--,7:55:40 PM,7/9/2026,
1315,47.9,gf,3.065,mm,OK,--,7:55:40 PM,7/9/2026,
1316,47.8,gf,3.060,mm,OK,--,7:55:40 PM,7/9/2026,
1317,47.8,gf,3.050,mm,OK,--,7:55:41 PM,7/9/2026,
1318,47.8,gf,3.040,mm,OK,--,7:55:41 PM,7/9/2026,
1319,47.8,gf,3.035,mm,OK,--,7:55:41 PM,7/9/2026,
1320,47.8,gf,3.035,mm,OK,--,7:55:41 PM,7/9/2026,
1321,47.8,gf,3.030,mm,OK,--,7:55:41 PM,7/9/2026,
1322,47.7,gf,3.025,mm,OK,--,7:55:41 PM,7/9/2026,
1323,47.7,gf,3.020,mm,OK,--,7:55:41 PM,7/9/2026,
1324,47.7,gf,3.015,mm,OK,--,7:55:41 PM,7/9/2026,
1325,47.7,gf,3.005,mm,OK,--,7:55:41 PM,7/9/2026,
1326,47.6,gf,3.000,mm,OK,--,7:55:41 PM,7/9/2026,
1327,47.6,gf,2.990,mm,OK,--,7:55:42 PM,7/9/2026,
1328,47.6,gf,2.985,mm,OK,--,7:55:42 PM,7/9/2026,
1329,47.5,gf,2.980,mm,OK,--,7:55:42 PM,7/9/2026,
1330,47.5,gf,2.975,mm,OK,--,7:55:42 PM,7/9/2026,
1331,47.5,gf,2.975,mm,OK,--,7:55:42 PM,7/9/2026,
1332,47.5,gf,2.970,mm,OK,--,7:55:42 PM,7/9/2026,
1333,47.5,gf,2.970,mm,OK,--,7:55:42 PM,7/9/2026,
1334,47.5,gf,2.970,mm,OK,--,7:55:42 PM,7/9/2026,
1335,47.4,gf,2.965,mm,OK,--,7:55:42 PM,7/9/2026,
1336,47.4,gf,2.960,mm,OK,--,7:55:42 PM,7/9/2026,
1337,47.4,gf,2.955,mm,OK,--,7:55:43 PM,7/9/2026,
1338,47.4,gf,2.950,mm,OK,--,7:55:43 PM,7/9/2026,
1339,47.3,gf,2.950,mm,OK,--,7:55:43 PM,7/9/2026,
1340,47.3,gf,2.945,mm,OK,--,7:55:43 PM,7/9/2026,
1341,47.3,gf,2.940,mm,OK,--,7:55:43 PM,7/9/2026,
1342,47.3,gf,2.940,mm,OK,--,7:55:43 PM,7/9/2026,
1343,47.3,gf,2.935,mm,OK,--,7:55:43 PM,7/9/2026,
1344,47.2,gf,2.930,mm,OK,--,7:55:43 PM,7/9/2026,
1345,47.2,gf,2.930,mm,OK,--,7:55:43 PM,7/9/2026,
1346,47.2,gf,2.925,mm,OK,--,7:55:43 PM,7/9/2026,
1347,47.2,gf,2.925,mm,OK,--,7:55:44 PM,7/9/2026,
1348,47.2,gf,2.920,mm,OK,--,7:55:44 PM,7/9/2026,
1349,47.1,gf,2.920,mm,OK,--,7:55:44 PM,7/9/2026,
1350,47.1,gf,2.915,mm,OK,--,7:55:44 PM,7/9/2026,
1351,47.1,gf,2.905,mm,OK,--,7:55:44 PM,7/9/2026,
1352,47.1,gf,2.900,mm,OK,--,7:55:44 PM,7/9/2026,
1353,47.1,gf,2.895,mm,OK,--,7:55:44 PM,7/9/2026,
1354,47.1,gf,2.890,mm,OK,--,7:55:44 PM,7/9/2026,
1355,46.9,gf,2.875,mm,OK,--,7:55:44 PM,7/9/2026,
1356,46.9,gf,2.865,mm,OK,--,7:55:44 PM,7/9/2026,
1357,46.9,gf,2.860,mm,OK,--,7:55:45 PM,7/9/2026,
1358,46.9,gf,2.855,mm,OK,--,7:55:45 PM,7/9/2026,
1359,46.9,gf,2.855,mm,OK,--,7:55:45 PM,7/9/2026,
1360,46.9,gf,2.850,mm,OK,--,7:55:45 PM,7/9/2026,
1361,46.9,gf,2.845,mm,OK,--,7:55:45 PM,7/9/2026,
1362,46.9,gf,2.845,mm,OK,--,7:55:45 PM,7/9/2026,
1363,46.8,gf,2.840,mm,OK,--,7:55:45 PM,7/9/2026,
1364,46.7,gf,2.830,mm,OK,--,7:55:45 PM,7/9/2026,
1365,46.7,gf,2.825,mm,OK,--,7:55:45 PM,7/9/2026,
1366,46.7,gf,2.820,mm,OK,--,7:55:45 PM,7/9/2026,
1367,46.6,gf,2.810,mm,OK,--,7:55:46 PM,7/9/2026,
1368,46.6,gf,2.805,mm,OK,--,7:55:46 PM,7/9/2026,
1369,46.6,gf,2.800,mm,OK,--,7:55:46 PM,7/9/2026,
1370,46.5,gf,2.795,mm,OK,--,7:55:46 PM,7/9/2026,
1371,46.5,gf,2.785,mm,OK,--,7:55:46 PM,7/9/2026,
1372,46.5,gf,2.785,mm,OK,--,7:55:46 PM,7/9/2026,
1373,46.5,gf,2.775,mm,OK,--,7:55:46 PM,7/9/2026,
1374,46.4,gf,2.770,mm,OK,--,7:55:46 PM,7/9/2026,
1375,46.4,gf,2.760,mm,OK,--,7:55:46 PM,7/9/2026,
1376,46.3,gf,2.755,mm,OK,--,7:55:46 PM,7/9/2026,
1377,46.3,gf,2.750,mm,OK,--,7:55:47 PM,7/9/2026,
1378,46.3,gf,2.740,mm,OK,--,7:55:47 PM,7/9/2026,
1379,46.2,gf,2.730,mm,OK,--,7:55:47 PM,7/9/2026,
1380,46.1,gf,2.720,mm,OK,--,7:55:47 PM,7/9/2026,
1381,46.1,gf,2.710,mm,OK,--,7:55:47 PM,7/9/2026,
1382,46.0,gf,2.695,mm,OK,--,7:55:47 PM,7/9/2026,
1383,46.0,gf,2.680,mm,OK,--,7:55:47 PM,7/9/2026,
1384,45.9,gf,2.665,mm,OK,--,7:55:47 PM,7/9/2026,
1385,45.8,gf,2.650,mm,OK,--,7:55:47 PM,7/9/2026,
1386,45.8,gf,2.640,mm,OK,--,7:55:47 PM,7/9/2026,
1387,45.7,gf,2.635,mm,OK,--,7:55:48 PM,7/9/2026,
1388,45.7,gf,2.625,mm,OK,--,7:55:48 PM,7/9/2026,
1389,45.7,gf,2.615,mm,OK,--,7:55:48 PM,7/9/2026,
1390,45.6,gf,2.605,mm,OK,--,7:55:48 PM,7/9/2026,
1391,45.5,gf,2.595,mm,OK,--,7:55:48 PM,7/9/2026,
1392,45.5,gf,2.585,mm,OK,--,7:55:48 PM,7/9/2026,
1393,45.5,gf,2.575,mm,OK,--,7:55:48 PM,7/9/2026,
1394,45.4,gf,2.570,mm,OK,--,7:55:48 PM,7/9/2026,
1395,45.3,gf,2.560,mm,OK,--,7:55:48 PM,7/9/2026,
1396,45.4,gf,2.560,mm,OK,--,7:55:48 PM,7/9/2026,
1397,45.4,gf,2.555,mm,OK,--,7:55:49 PM,7/9/2026,
1398,45.3,gf,2.555,mm,OK,--,7:55:49 PM,7/9/2026,
1399,45.3,gf,2.550,mm,OK,--,7:55:49 PM,7/9/2026,
1400,45.3,gf,2.550,mm,OK,--,7:55:49 PM,7/9/2026,
1401,45.3,gf,2.545,mm,OK,--,7:55:49 PM,7/9/2026,
1402,45.2,gf,2.545,mm,OK,--,7:55:49 PM,7/9/2026,
1403,45.2,gf,2.535,mm,OK,--,7:55:49 PM,7/9/2026,
1404,45.2,gf,2.530,mm,OK,--,7:55:49 PM,7/9/2026,
1405,45.1,gf,2.525,mm,OK,--,7:55:49 PM,7/9/2026,
1406,45.1,gf,2.520,mm,OK,--,7:55:49 PM,7/9/2026,
1407,45.1,gf,2.515,mm,OK,--,7:55:50 PM,7/9/2026,
1408,45.0,gf,2.505,mm,OK,--,7:55:50 PM,7/9/2026,
1409,45.0,gf,2.500,mm,OK,--,7:55:50 PM,7/9/2026,
1410,45.0,gf,2.495,mm,OK,--,7:55:50 PM,7/9/2026,
1411,45.0,gf,2.490,mm,OK,--,7:55:50 PM,7/9/2026,
1412,45.0,gf,2.485,mm,OK,--,7:55:50 PM,7/9/2026,
1413,44.8,gf,2.475,mm,OK,--,7:55:50 PM,7/9/2026,
1414,44.8,gf,2.460,mm,OK,--,7:55:50 PM,7/9/2026,
1415,44.8,gf,2.450,mm,OK,--,7:55:50 PM,7/9/2026,
1416,44.7,gf,2.435,mm,OK,--,7:55:50 PM,7/9/2026,
1417,44.5,gf,2.420,mm,OK,--,7:55:51 PM,7/9/2026,
1418,44.5,gf,2.410,mm,OK,--,7:55:51 PM,7/9/2026,
1419,44.4,gf,2.400,mm,OK,--,7:55:51 PM,7/9/2026,
1420,44.4,gf,2.390,mm,OK,--,7:55:51 PM,7/9/2026,
1421,44.3,gf,2.380,mm,OK,--,7:55:51 PM,7/9/2026,
1422,44.2,gf,2.375,mm,OK,--,7:55:51 PM,7/9/2026,
1423,44.1,gf,2.370,mm,OK,--,7:55:51 PM,7/9/2026,
1424,44.1,gf,2.365,mm,OK,--,7:55:51 PM,7/9/2026,
1425,44.0,gf,2.360,mm,OK,--,7:55:51 PM,7/9/2026,
1426,44.0,gf,2.355,mm,OK,--,7:55:51 PM,7/9/2026,
1427,43.9,gf,2.355,mm,OK,--,7:55:52 PM,7/9/2026,
1428,43.8,gf,2.345,mm,OK,--,7:55:52 PM,7/9/2026,
1429,43.7,gf,2.340,mm,OK,--,7:55:52 PM,7/9/2026,
1430,43.6,gf,2.325,mm,OK,--,7:55:52 PM,7/9/2026,
1431,43.5,gf,2.315,mm,OK,--,7:55:52 PM,7/9/2026,
1432,43.3,gf,2.305,mm,OK,--,7:55:52 PM,7/9/2026,
1433,43.2,gf,2.290,mm,OK,--,7:55:52 PM,7/9/2026,
1434,43.1,gf,2.275,mm,OK,--,7:55:52 PM,7/9/2026,
1435,43.0,gf,2.260,mm,OK,--,7:55:52 PM,7/9/2026,
1436,42.8,gf,2.240,mm,OK,--,7:55:52 PM,7/9/2026,
1437,42.7,gf,2.225,mm,OK,--,7:55:53 PM,7/9/2026,
1438,42.7,gf,2.215,mm,OK,--,7:55:53 PM,7/9/2026,
1439,42.6,gf,2.205,mm,OK,--,7:55:53 PM,7/9/2026,
1440,42.5,gf,2.190,mm,OK,--,7:55:53 PM,7/9/2026,
1441,42.5,gf,2.180,mm,OK,--,7:55:53 PM,7/9/2026,
1442,42.5,gf,2.175,mm,OK,--,7:55:53 PM,7/9/2026,
1443,42.4,gf,2.170,mm,OK,--,7:55:53 PM,7/9/2026,
1444,42.4,gf,2.165,mm,OK,--,7:55:53 PM,7/9/2026,
1445,42.4,gf,2.160,mm,OK,--,7:55:53 PM,7/9/2026,
1446,42.4,gf,2.155,mm,OK,--,7:55:53 PM,7/9/2026,
1447,42.3,gf,2.150,mm,OK,--,7:55:54 PM,7/9/2026,
1448,42.3,gf,2.140,mm,OK,--,7:55:54 PM,7/9/2026,
1449,42.1,gf,2.125,mm,OK,--,7:55:54 PM,7/9/2026,
1450,42.1,gf,2.110,mm,OK,--,7:55:54 PM,7/9/2026,
1451,42.1,gf,2.105,mm,OK,--,7:55:54 PM,7/9/2026,
1452,42.1,gf,2.100,mm,OK,--,7:55:54 PM,7/9/2026,
1453,42.0,gf,2.095,mm,OK,--,7:55:54 PM,7/9/2026,
1454,42.0,gf,2.085,mm,OK,--,7:55:54 PM,7/9/2026,
1455,41.9,gf,2.070,mm,OK,--,7:55:54 PM,7/9/2026,
1456,41.8,gf,2.055,mm,OK,--,7:55:54 PM,7/9/2026,
1457,41.7,gf,2.040,mm,OK,--,7:55:55 PM,7/9/2026,
1458,41.5,gf,2.025,mm,OK,--,7:55:55 PM,7/9/2026,
1459,41.5,gf,2.005,mm,OK,--,7:55:55 PM,7/9/2026,
1460,41.3,gf,1.985,mm,OK,--,7:55:55 PM,7/9/2026,
1461,41.2,gf,1.960,mm,OK,--,7:55:55 PM,7/9/2026,
1462,41.0,gf,1.935,mm,OK,--,7:55:55 PM,7/9/2026,
1463,40.9,gf,1.910,mm,OK,--,7:55:55 PM,7/9/2026,
1464,40.8,gf,1.895,mm,OK,--,7:55:55 PM,7/9/2026,
1465,40.8,gf,1.880,mm,OK,--,7:55:55 PM,7/9/2026,
1466,40.8,gf,1.875,mm,OK,--,7:55:55 PM,7/9/2026,
1467,40.7,gf,1.865,mm,OK,--,7:55:56 PM,7/9/2026,
1468,40.6,gf,1.850,mm,OK,--,7:55:56 PM,7/9/2026,
1469,40.6,gf,1.840,mm,OK,--,7:55:56 PM,7/9/2026,
1470,40.5,gf,1.825,mm,OK,--,7:55:56 PM,7/9/2026,
1471,40.5,gf,1.810,mm,OK,--,7:55:56 PM,7/9/2026,
1472,40.4,gf,1.800,mm,OK,--,7:55:56 PM,7/9/2026,
1473,40.4,gf,1.790,mm,OK,--,7:55:56 PM,7/9/2026,
1474,40.3,gf,1.780,mm,OK,--,7:55:56 PM,7/9/2026,
1475,40.3,gf,1.780,mm,OK,--,7:55:56 PM,7/9/2026,
1476,40.2,gf,1.770,mm,OK,--,7:55:56 PM,7/9/2026,
1477,40.1,gf,1.755,mm,OK,--,7:55:57 PM,7/9/2026,
1478,40.0,gf,1.740,mm,OK,--,7:55:57 PM,7/9/2026,
1479,39.9,gf,1.725,mm,OK,--,7:55:57 PM,7/9/2026,
1480,39.9,gf,1.710,mm,OK,--,7:55:57 PM,7/9/2026,
1481,39.9,gf,1.705,mm,OK,--,7:55:57 PM,7/9/2026,
1482,39.9,gf,1.700,mm,OK,--,7:55:57 PM,7/9/2026,
1483,39.8,gf,1.695,mm,OK,--,7:55:57 PM,7/9/2026,
1484,39.7,gf,1.685,mm,OK,--,7:55:57 PM,7/9/2026,
1485,39.7,gf,1.675,mm,OK,--,7:55:57 PM,7/9/2026,
1486,39.7,gf,1.670,mm,OK,--,7:55:57 PM,7/9/2026,
1487,39.7,gf,1.665,mm,OK,--,7:55:58 PM,7/9/2026,
1488,39.6,gf,1.660,mm,OK,--,7:55:58 PM,7/9/2026,
1489,39.6,gf,1.655,mm,OK,--,7:55:58 PM,7/9/2026,
1490,39.5,gf,1.650,mm,OK,--,7:55:58 PM,7/9/2026,
1491,39.5,gf,1.640,mm,OK,--,7:55:58 PM,7/9/2026,
1492,39.3,gf,1.620,mm,OK,--,7:55:58 PM,7/9/2026,
1493,39.4,gf,1.610,mm,OK,--,7:55:58 PM,7/9/2026,
1494,39.3,gf,1.600,mm,OK,--,7:55:58 PM,7/9/2026,
1495,39.3,gf,1.595,mm,OK,--,7:55:58 PM,7/9/2026,
1496,39.3,gf,1.590,mm,OK,--,7:55:58 PM,7/9/2026,
1497,39.3,gf,1.590,mm,OK,--,7:55:59 PM,7/9/2026,
1498,39.2,gf,1.580,mm,OK,--,7:55:59 PM,7/9/2026,
1499,39.2,gf,1.575,mm,OK,--,7:55:59 PM,7/9/2026,
1500,39.1,gf,1.565,mm,OK,--,7:55:59 PM,7/9/2026,
1501,39.0,gf,1.560,mm,OK,--,7:55:59 PM,7/9/2026,
1502,39.0,gf,1.555,mm,OK,--,7:55:59 PM,7/9/2026,
1503,39.0,gf,1.550,mm,OK,--,7:55:59 PM,7/9/2026,
1504,38.9,gf,1.545,mm,OK,--,7:55:59 PM,7/9/2026,
1505,38.9,gf,1.535,mm,OK,--,7:55:59 PM,7/9/2026,
1506,38.8,gf,1.525,mm,OK,--,7:55:59 PM,7/9/2026,
1507,38.7,gf,1.520,mm,OK,--,7:56:00 PM,7/9/2026,
1508,38.7,gf,1.505,mm,OK,--,7:56:00 PM,7/9/2026,
1509,38.7,gf,1.495,mm,OK,--,7:56:00 PM,7/9/2026,
1510,38.6,gf,1.485,mm,OK,--,7:56:00 PM,7/9/2026,
1511,38.6,gf,1.480,mm,OK,--,7:56:00 PM,7/9/2026,
1512,38.5,gf,1.475,mm,OK,--,7:56:00 PM,7/9/2026,
1513,38.5,gf,1.470,mm,OK,--,7:56:00 PM,7/9/2026,
1514,38.5,gf,1.465,mm,OK,--,7:56:00 PM,7/9/2026,
1515,38.5,gf,1.465,mm,OK,--,7:56:00 PM,7/9/2026,
1516,38.4,gf,1.460,mm,OK,--,7:56:00 PM,7/9/2026,
1517,38.4,gf,1.460,mm,OK,--,7:56:01 PM,7/9/2026,
1518,38.4,gf,1.455,mm,OK,--,7:56:01 PM,7/9/2026,
1519,38.4,gf,1.455,mm,OK,--,7:56:01 PM,7/9/2026,
1520,38.4,gf,1.450,mm,OK,--,7:56:01 PM,7/9/2026,
1521,38.4,gf,1.450,mm,OK,--,7:56:01 PM,7/9/2026,
1522,38.4,gf,1.450,mm,OK,--,7:56:01 PM,7/9/2026,
1523,38.4,gf,1.450,mm,OK,--,7:56:01 PM,7/9/2026,
1524,38.2,gf,1.440,mm,OK,--,7:56:01 PM,7/9/2026,
1525,38.2,gf,1.425,mm,OK,--,7:56:01 PM,7/9/2026,
1526,38.2,gf,1.410,mm,OK,--,7:56:01 PM,7/9/2026,
1527,38.1,gf,1.405,mm,OK,--,7:56:02 PM,7/9/2026,
1528,38.2,gf,1.400,mm,OK,--,7:56:02 PM,7/9/2026,
1529,38.2,gf,1.400,mm,OK,--,7:56:02 PM,7/9/2026,
1530,38.2,gf,1.400,mm,OK,--,7:56:02 PM,7/9/2026,
1531,38.1,gf,1.395,mm,OK,--,7:56:02 PM,7/9/2026,
1532,38.1,gf,1.395,mm,OK,--,7:56:02 PM,7/9/2026,
1533,38.1,gf,1.390,mm,OK,--,7:56:02 PM,7/9/2026,
1534,38.1,gf,1.390,mm,OK,--,7:56:02 PM,7/9/2026,
1535,38.1,gf,1.390,mm,OK,--,7:56:02 PM,7/9/2026,
1536,38.0,gf,1.385,mm,OK,--,7:56:02 PM,7/9/2026,
1537,38.0,gf,1.385,mm,OK,--,7:56:03 PM,7/9/2026,
1538,38.0,gf,1.380,mm,OK,--,7:56:03 PM,7/9/2026,
1539,38.0,gf,1.380,mm,OK,--,7:56:03 PM,7/9/2026,
1540,38.0,gf,1.380,mm,OK,--,7:56:03 PM,7/9/2026,
1541,37.9,gf,1.375,mm,OK,--,7:56:03 PM,7/9/2026,
1542,37.9,gf,1.370,mm,OK,--,7:56:03 PM,7/9/2026,
1543,37.9,gf,1.370,mm,OK,--,7:56:03 PM,7/9/2026,
1544,37.9,gf,1.365,mm,OK,--,7:56:03 PM,7/9/2026,
1545,37.9,gf,1.360,mm,OK,--,7:56:03 PM,7/9/2026,
1546,37.8,gf,1.360,mm,OK,--,7:56:03 PM,7/9/2026,
1547,37.8,gf,1.355,mm,OK,--,7:56:04 PM,7/9/2026,
1548,37.7,gf,1.350,mm,OK,--,7:56:04 PM,7/9/2026,
1549,37.7,gf,1.345,mm,OK,--,7:56:04 PM,7/9/2026,
1550,37.6,gf,1.340,mm,OK,--,7:56:04 PM,7/9/2026,
1551,37.6,gf,1.335,mm,OK,--,7:56:04 PM,7/9/2026,
1552,37.6,gf,1.335,mm,OK,--,7:56:04 PM,7/9/2026,
1553,37.5,gf,1.330,mm,OK,--,7:56:04 PM,7/9/2026,
1554,37.5,gf,1.325,mm,OK,--,7:56:04 PM,7/9/2026,
1555,37.5,gf,1.320,mm,OK,--,7:56:04 PM,7/9/2026,
1556,37.3,gf,1.310,mm,OK,--,7:56:04 PM,7/9/2026,
1557,37.3,gf,1.305,mm,OK,--,7:56:05 PM,7/9/2026,
1558,37.2,gf,1.290,mm,OK,--,7:56:05 PM,7/9/2026,
1559,37.2,gf,1.280,mm,OK,--,7:56:05 PM,7/9/2026,
1560,37.2,gf,1.275,mm,OK,--,7:56:05 PM,7/9/2026,
1561,37.2,gf,1.270,mm,OK,--,7:56:05 PM,7/9/2026,
1562,37.2,gf,1.265,mm,OK,--,7:56:05 PM,7/9/2026,
1563,37.1,gf,1.260,mm,OK,--,7:56:05 PM,7/9/2026,
1564,37.1,gf,1.260,mm,OK,--,7:56:05 PM,7/9/2026,
1565,37.0,gf,1.255,mm,OK,--,7:56:05 PM,7/9/2026,
1566,37.0,gf,1.250,mm,OK,--,7:56:05 PM,7/9/2026,
1567,37.0,gf,1.245,mm,OK,--,7:56:06 PM,7/9/2026,
1568,37.0,gf,1.245,mm,OK,--,7:56:06 PM,7/9/2026,
1569,36.9,gf,1.240,mm,OK,--,7:56:06 PM,7/9/2026,
1570,36.9,gf,1.240,mm,OK,--,7:56:06 PM,7/9/2026,
1571,37.0,gf,1.235,mm,OK,--,7:56:06 PM,7/9/2026,
1572,36.9,gf,1.230,mm,OK,--,7:56:06 PM,7/9/2026,
1573,36.9,gf,1.230,mm,OK,--,7:56:06 PM,7/9/2026,
1574,36.8,gf,1.225,mm,OK,--,7:56:06 PM,7/9/2026,
1575,36.8,gf,1.215,mm,OK,--,7:56:06 PM,7/9/2026,
1576,36.7,gf,1.215,mm,OK,--,7:56:06 PM,7/9/2026,
1577,36.7,gf,1.210,mm,OK,--,7:56:07 PM,7/9/2026,
1578,36.7,gf,1.205,mm,OK,--,7:56:07 PM,7/9/2026,
1579,36.6,gf,1.205,mm,OK,--,7:56:07 PM,7/9/2026,
1580,36.6,gf,1.200,mm,OK,--,7:56:07 PM,7/9/2026,
1581,36.7,gf,1.200,mm,OK,--,7:56:07 PM,7/9/2026,
1582,36.6,gf,1.195,mm,OK,--,7:56:07 PM,7/9/2026,
1583,36.6,gf,1.195,mm,OK,--,7:56:07 PM,7/9/2026,
1584,36.6,gf,1.190,mm,OK,--,7:56:07 PM,7/9/2026,
1585,36.6,gf,1.185,mm,OK,--,7:56:07 PM,7/9/2026,
1586,36.7,gf,1.185,mm,OK,--,7:56:07 PM,7/9/2026,
1587,36.7,gf,1.185,mm,OK,--,7:56:08 PM,7/9/2026,
1588,36.6,gf,1.185,mm,OK,--,7:56:08 PM,7/9/2026,
1589,36.6,gf,1.185,mm,OK,--,7:56:08 PM,7/9/2026,
1590,36.5,gf,1.180,mm,OK,--,7:56:08 PM,7/9/2026,
1591,36.4,gf,1.175,mm,OK,--,7:56:08 PM,7/9/2026,
1592,36.4,gf,1.170,mm,OK,--,7:56:08 PM,7/9/2026,
1593,36.3,gf,1.160,mm,OK,--,7:56:08 PM,7/9/2026,
1594,36.3,gf,1.155,mm,OK,--,7:56:08 PM,7/9/2026,
1595,36.3,gf,1.145,mm,OK,--,7:56:08 PM,7/9/2026,
1596,36.3,gf,1.140,mm,OK,--,7:56:08 PM,7/9/2026,
1597,36.2,gf,1.135,mm,OK,--,7:56:09 PM,7/9/2026,
1598,36.2,gf,1.130,mm,OK,--,7:56:09 PM,7/9/2026,
1599,36.2,gf,1.125,mm,OK,--,7:56:09 PM,7/9/2026,
1600,36.1,gf,1.120,mm,OK,--,7:56:09 PM,7/9/2026,
1601,36.1,gf,1.115,mm,OK,--,7:56:09 PM,7/9/2026,
1602,36.1,gf,1.110,mm,OK,--,7:56:09 PM,7/9/2026,
1603,36.0,gf,1.105,mm,OK,--,7:56:09 PM,7/9/2026,
1604,36.0,gf,1.105,mm,OK,--,7:56:09 PM,7/9/2026,
1605,36.0,gf,1.100,mm,OK,--,7:56:09 PM,7/9/2026,
1606,36.0,gf,1.100,mm,OK,--,7:56:09 PM,7/9/2026,
1607,36.0,gf,1.095,mm,OK,--,7:56:10 PM,7/9/2026,
1608,35.9,gf,1.095,mm,OK,--,7:56:10 PM,7/9/2026,
1609,35.9,gf,1.090,mm,OK,--,7:56:10 PM,7/9/2026,
1610,35.8,gf,1.090,mm,OK,--,7:56:10 PM,7/9/2026,
1611,35.8,gf,1.085,mm,OK,--,7:56:10 PM,7/9/2026,
1612,35.8,gf,1.080,mm,OK,--,7:56:10 PM,7/9/2026,
1613,35.6,gf,1.070,mm,OK,--,7:56:10 PM,7/9/2026,
1614,35.6,gf,1.060,mm,OK,--,7:56:10 PM,7/9/2026,
1615,35.6,gf,1.055,mm,OK,--,7:56:10 PM,7/9/2026,
1616,35.5,gf,1.050,mm,OK,--,7:56:10 PM,7/9/2026,
1617,35.5,gf,1.045,mm,OK,--,7:56:11 PM,7/9/2026,
1618,35.5,gf,1.040,mm,OK,--,7:56:11 PM,7/9/2026,
1619,35.5,gf,1.035,mm,OK,--,7:56:11 PM,7/9/2026,
1620,35.4,gf,1.025,mm,OK,--,7:56:11 PM,7/9/2026,
1621,35.4,gf,1.015,mm,OK,--,7:56:11 PM,7/9/2026,
1622,35.3,gf,1.010,mm,OK,--,7:56:11 PM,7/9/2026,
1623,35.3,gf,1.000,mm,OK,--,7:56:11 PM,7/9/2026,
1624,35.2,gf,0.995,mm,OK,--,7:56:11 PM,7/9/2026,
1625,35.2,gf,0.990,mm,OK,--,7:56:11 PM,7/9/2026,
1626,35.2,gf,0.990,mm,OK,--,7:56:11 PM,7/9/2026,
1627,35.2,gf,0.985,mm,OK,--,7:56:12 PM,7/9/2026,
1628,35.1,gf,0.980,mm,OK,--,7:56:12 PM,7/9/2026,
1629,35.1,gf,0.975,mm,OK,--,7:56:12 PM,7/9/2026,
1630,35.0,gf,0.965,mm,OK,--,7:56:12 PM,7/9/2026,
1631,35.0,gf,0.960,mm,OK,--,7:56:12 PM,7/9/2026,
1632,35.0,gf,0.955,mm,OK,--,7:56:12 PM,7/9/2026,
1633,34.9,gf,0.950,mm,OK,--,7:56:12 PM,7/9/2026,
1634,34.9,gf,0.940,mm,OK,--,7:56:12 PM,7/9/2026,
1635,34.8,gf,0.935,mm,OK,--,7:56:12 PM,7/9/2026,
1636,34.8,gf,0.930,mm,OK,--,7:56:12 PM,7/9/2026,
1637,34.8,gf,0.925,mm,OK,--,7:56:13 PM,7/9/2026,
1638,34.7,gf,0.925,mm,OK,--,7:56:13 PM,7/9/2026,
1639,34.6,gf,0.915,mm,OK,--,7:56:13 PM,7/9/2026,
1640,34.6,gf,0.910,mm,OK,--,7:56:13 PM,7/9/2026,
1641,34.6,gf,0.900,mm,OK,--,7:56:13 PM,7/9/2026,
1642,34.5,gf,0.895,mm,OK,--,7:56:13 PM,7/9/2026,
1643,34.5,gf,0.890,mm,OK,--,7:56:13 PM,7/9/2026,
1644,34.4,gf,0.885,mm,OK,--,7:56:13 PM,7/9/2026,
1645,34.4,gf,0.885,mm,OK,--,7:56:13 PM,7/9/2026,
1646,34.3,gf,0.880,mm,OK,--,7:56:13 PM,7/9/2026,
1647,34.3,gf,0.875,mm,OK,--,7:56:14 PM,7/9/2026,
1648,34.3,gf,0.875,mm,OK,--,7:56:14 PM,7/9/2026,
1649,34.3,gf,0.870,mm,OK,--,7:56:14 PM,7/9/2026,
1650,34.3,gf,0.865,mm,OK,--,7:56:14 PM,7/9/2026,
1651,34.2,gf,0.860,mm,OK,--,7:56:14 PM,7/9/2026,
1652,34.2,gf,0.855,mm,OK,--,7:56:14 PM,7/9/2026,
1653,34.2,gf,0.850,mm,OK,--,7:56:14 PM,7/9/2026,
1654,34.2,gf,0.850,mm,OK,--,7:56:14 PM,7/9/2026,
1655,34.0,gf,0.845,mm,OK,--,7:56:14 PM,7/9/2026,
1656,34.1,gf,0.840,mm,OK,--,7:56:14 PM,7/9/2026,
1657,34.1,gf,0.840,mm,OK,--,7:56:15 PM,7/9/2026,
1658,34.0,gf,0.835,mm,OK,--,7:56:15 PM,7/9/2026,
1659,34.0,gf,0.835,mm,OK,--,7:56:15 PM,7/9/2026,
1660,34.0,gf,0.830,mm,OK,--,7:56:15 PM,7/9/2026,
1661,34.0,gf,0.830,mm,OK,--,7:56:15 PM,7/9/2026,
1662,34.0,gf,0.830,mm,OK,--,7:56:15 PM,7/9/2026,
1663,34.0,gf,0.825,mm,OK,--,7:56:15 PM,7/9/2026,
1664,34.0,gf,0.825,mm,OK,--,7:56:15 PM,7/9/2026,
1665,34.0,gf,0.825,mm,OK,--,7:56:15 PM,7/9/2026,
1666,34.0,gf,0.825,mm,OK,--,7:56:15 PM,7/9/2026,
1667,33.9,gf,0.820,mm,OK,--,7:56:16 PM,7/9/2026,
1668,33.9,gf,0.820,mm,OK,--,7:56:16 PM,7/9/2026,
1669,33.9,gf,0.815,mm,OK,--,7:56:16 PM,7/9/2026,
1670,33.9,gf,0.815,mm,OK,--,7:56:16 PM,7/9/2026,
1671,33.9,gf,0.810,mm,OK,--,7:56:16 PM,7/9/2026,
1672,33.9,gf,0.810,mm,OK,--,7:56:16 PM,7/9/2026,
1673,33.8,gf,0.805,mm,OK,--,7:56:16 PM,7/9/2026,
1674,33.8,gf,0.800,mm,OK,--,7:56:16 PM,7/9/2026,
1675,33.8,gf,0.800,mm,OK,--,7:56:16 PM,7/9/2026,
1676,33.7,gf,0.795,mm,OK,--,7:56:16 PM,7/9/2026,
1677,33.6,gf,0.790,mm,OK,--,7:56:17 PM,7/9/2026,
1678,33.6,gf,0.780,mm,OK,--,7:56:17 PM,7/9/2026,
1679,33.6,gf,0.775,mm,OK,--,7:56:17 PM,7/9/2026,
1680,33.6,gf,0.770,mm,OK,--,7:56:17 PM,7/9/2026,
1681,33.6,gf,0.765,mm,OK,--,7:56:17 PM,7/9/2026,
1682,33.5,gf,0.765,mm,OK,--,7:56:17 PM,7/9/2026,
1683,33.5,gf,0.765,mm,OK,--,7:56:17 PM,7/9/2026,
1684,33.5,gf,0.760,mm,OK,--,7:56:17 PM,7/9/2026,
1685,33.5,gf,0.760,mm,OK,--,7:56:17 PM,7/9/2026,
1686,33.5,gf,0.755,mm,OK,--,7:56:17 PM,7/9/2026,
1687,33.4,gf,0.755,mm,OK,--,7:56:18 PM,7/9/2026,
1688,33.3,gf,0.755,mm,OK,--,7:56:18 PM,7/9/2026,
1689,33.3,gf,0.750,mm,OK,--,7:56:18 PM,7/9/2026,
1690,33.3,gf,0.745,mm,OK,--,7:56:18 PM,7/9/2026,
1691,33.3,gf,0.745,mm,OK,--,7:56:18 PM,7/9/2026,
1692,33.3,gf,0.740,mm,OK,--,7:56:18 PM,7/9/2026,
1693,33.3,gf,0.740,mm,OK,--,7:56:18 PM,7/9/2026,
1694,33.3,gf,0.735,mm,OK,--,7:56:18 PM,7/9/2026,
1695,33.3,gf,0.735,mm,OK,--,7:56:18 PM,7/9/2026,
1696,33.2,gf,0.730,mm,OK,--,7:56:18 PM,7/9/2026,
1697,33.2,gf,0.730,mm,OK,--,7:56:19 PM,7/9/2026,
1698,33.2,gf,0.725,mm,OK,--,7:56:19 PM,7/9/2026,
1699,33.2,gf,0.720,mm,OK,--,7:56:19 PM,7/9/2026,
1700,33.2,gf,0.715,mm,OK,--,7:56:19 PM,7/9/2026,
1701,33.1,gf,0.710,mm,OK,--,7:56:19 PM,7/9/2026,
1702,33.1,gf,0.710,mm,OK,--,7:56:19 PM,7/9/2026,
1703,33.0,gf,0.700,mm,OK,--,7:56:19 PM,7/9/2026,
1704,33.0,gf,0.695,mm,OK,--,7:56:19 PM,7/9/2026,
1705,33.0,gf,0.685,mm,OK,--,7:56:19 PM,7/9/2026,
1706,32.9,gf,0.675,mm,OK,--,7:56:19 PM,7/9/2026,
1707,32.8,gf,0.670,mm,OK,--,7:56:20 PM,7/9/2026,
1708,32.8,gf,0.660,mm,OK,--,7:56:20 PM,7/9/2026,
1709,32.8,gf,0.650,mm,OK,--,7:56:20 PM,7/9/2026,
1710,32.8,gf,0.650,mm,OK,--,7:56:20 PM,7/9/2026,
1711,32.8,gf,0.645,mm,OK,--,7:56:20 PM,7/9/2026,
1712,32.7,gf,0.645,mm,OK,--,7:56:20 PM,7/9/2026,
1713,32.7,gf,0.640,mm,OK,--,7:56:20 PM,7/9/2026,
1714,32.7,gf,0.640,mm,OK,--,7:56:20 PM,7/9/2026,
1715,32.8,gf,0.635,mm,OK,--,7:56:20 PM,7/9/2026,
1716,32.6,gf,0.630,mm,OK,--,7:56:20 PM,7/9/2026,
1717,32.7,gf,0.630,mm,OK,--,7:56:21 PM,7/9/2026,
1718,32.7,gf,0.625,mm,OK,--,7:56:21 PM,7/9/2026,
1719,32.6,gf,0.625,mm,OK,--,7:56:21 PM,7/9/2026,
1720,32.5,gf,0.615,mm,OK,--,7:56:21 PM,7/9/2026,
1721,32.5,gf,0.610,mm,OK,--,7:56:21 PM,7/9/2026,
1722,32.6,gf,0.610,mm,OK,--,7:56:21 PM,7/9/2026,
1723,32.5,gf,0.610,mm,OK,--,7:56:21 PM,7/9/2026,
1724,32.4,gf,0.605,mm,OK,--,7:56:21 PM,7/9/2026,
1725,32.4,gf,0.600,mm,OK,--,7:56:21 PM,7/9/2026,
1726,32.4,gf,0.595,mm,OK,--,7:56:21 PM,7/9/2026,
1727,32.4,gf,0.590,mm,OK,--,7:56:22 PM,7/9/2026,
1728,32.5,gf,0.590,mm,OK,--,7:56:22 PM,7/9/2026,
1729,32.4,gf,0.585,mm,OK,--,7:56:22 PM,7/9/2026,
1730,32.3,gf,0.585,mm,OK,--,7:56:22 PM,7/9/2026,
1731,32.3,gf,0.580,mm,OK,--,7:56:22 PM,7/9/2026,
1732,32.3,gf,0.580,mm,OK,--,7:56:22 PM,7/9/2026,
1733,32.3,gf,0.575,mm,OK,--,7:56:22 PM,7/9/2026,
1734,32.2,gf,0.575,mm,OK,--,7:56:22 PM,7/9/2026,
1735,32.1,gf,0.565,mm,OK,--,7:56:22 PM,7/9/2026,
1736,32.1,gf,0.555,mm,OK,--,7:56:22 PM,7/9/2026,
1737,32.2,gf,0.550,mm,OK,--,7:56:23 PM,7/9/2026,
1738,32.1,gf,0.545,mm,OK,--,7:56:23 PM,7/9/2026,
1739,32.2,gf,0.545,mm,OK,--,7:56:23 PM,7/9/2026,
1740,32.1,gf,0.540,mm,OK,--,7:56:23 PM,7/9/2026,
1741,32.0,gf,0.535,mm,OK,--,7:56:23 PM,7/9/2026,
1742,32.0,gf,0.530,mm,OK,--,7:56:23 PM,7/9/2026,
1743,32.0,gf,0.530,mm,OK,--,7:56:23 PM,7/9/2026,
1744,32.0,gf,0.525,mm,OK,--,7:56:23 PM,7/9/2026,
1745,31.9,gf,0.520,mm,OK,--,7:56:23 PM,7/9/2026,
1746,31.9,gf,0.510,mm,OK,--,7:56:23 PM,7/9/2026,
1747,31.9,gf,0.510,mm,OK,--,7:56:24 PM,7/9/2026,
1748,31.9,gf,0.505,mm,OK,--,7:56:24 PM,7/9/2026,
1749,31.9,gf,0.500,mm,OK,--,7:56:24 PM,7/9/2026,
1750,31.8,gf,0.500,mm,OK,--,7:56:24 PM,7/9/2026,
1751,31.8,gf,0.495,mm,OK,--,7:56:24 PM,7/9/2026,
1752,31.7,gf,0.495,mm,OK,--,7:56:24 PM,7/9/2026,
1753,31.8,gf,0.490,mm,OK,--,7:56:24 PM,7/9/2026,
1754,31.8,gf,0.490,mm,OK,--,7:56:24 PM,7/9/2026,
1755,31.7,gf,0.490,mm,OK,--,7:56:24 PM,7/9/2026,
1756,31.7,gf,0.485,mm,OK,--,7:56:24 PM,7/9/2026,
1757,31.6,gf,0.485,mm,OK,--,7:56:25 PM,7/9/2026,
1758,31.6,gf,0.480,mm,OK,--,7:56:25 PM,7/9/2026,
1759,31.6,gf,0.475,mm,OK,--,7:56:25 PM,7/9/2026,
1760,31.6,gf,0.470,mm,OK,--,7:56:25 PM,7/9/2026,
1761,31.7,gf,0.470,mm,OK,--,7:56:25 PM,7/9/2026,
1762,31.7,gf,0.470,mm,OK,--,7:56:25 PM,7/9/2026,
1763,31.7,gf,0.465,mm,OK,--,7:56:25 PM,7/9/2026,
1764,31.7,gf,0.465,mm,OK,--,7:56:25 PM,7/9/2026,
1765,31.6,gf,0.465,mm,OK,--,7:56:25 PM,7/9/2026,
1766,31.5,gf,0.460,mm,OK,--,7:56:25 PM,7/9/2026,
1767,31.5,gf,0.455,mm,OK,--,7:56:26 PM,7/9/2026,
1768,31.5,gf,0.450,mm,OK,--,7:56:26 PM,7/9/2026,
1769,31.4,gf,0.450,mm,OK,--,7:56:26 PM,7/9/2026,
1770,31.4,gf,0.445,mm,OK,--,7:56:26 PM,7/9/2026,
1771,31.3,gf,0.440,mm,OK,--,7:56:26 PM,7/9/2026,
1772,31.3,gf,0.440,mm,OK,--,7:56:26 PM,7/9/2026,
1773,31.3,gf,0.440,mm,OK,--,7:56:26 PM,7/9/2026,
1774,31.4,gf,0.435,mm,OK,--,7:56:26 PM,7/9/2026,
1775,31.3,gf,0.435,mm,OK,--,7:56:26 PM,7/9/2026,
1776,31.3,gf,0.435,mm,OK,--,7:56:26 PM,7/9/2026,
1777,31.2,gf,0.435,mm,OK,--,7:56:27 PM,7/9/2026,
1778,31.2,gf,0.430,mm,OK,--,7:56:27 PM,7/9/2026,
1779,31.3,gf,0.430,mm,OK,--,7:56:27 PM,7/9/2026,
1780,31.2,gf,0.430,mm,OK,--,7:56:27 PM,7/9/2026,
1781,31.2,gf,0.425,mm,OK,--,7:56:27 PM,7/9/2026,
1782,31.2,gf,0.425,mm,OK,--,7:56:27 PM,7/9/2026,
1783,31.2,gf,0.425,mm,OK,--,7:56:27 PM,7/9/2026,
1784,31.2,gf,0.425,mm,OK,--,7:56:27 PM,7/9/2026,
1785,31.2,gf,0.425,mm,OK,--,7:56:27 PM,7/9/2026,
1786,31.2,gf,0.425,mm,OK,--,7:56:27 PM,7/9/2026,
1787,31.1,gf,0.420,mm,OK,--,7:56:28 PM,7/9/2026,
1788,31.1,gf,0.420,mm,OK,--,7:56:28 PM,7/9/2026,
1789,31.1,gf,0.415,mm,OK,--,7:56:28 PM,7/9/2026,
1790,31.1,gf,0.410,mm,OK,--,7:56:28 PM,7/9/2026,
1791,31.2,gf,0.410,mm,OK,--,7:56:28 PM,7/9/2026,
1792,31.1,gf,0.405,mm,OK,--,7:56:28 PM,7/9/2026,
1793,31.2,gf,0.405,mm,OK,--,7:56:28 PM,7/9/2026,
1794,31.2,gf,0.400,mm,OK,--,7:56:28 PM,7/9/2026,
1795,31.1,gf,0.400,mm,OK,--,7:56:28 PM,7/9/2026,
1796,30.9,gf,0.400,mm,OK,--,7:56:28 PM,7/9/2026,
1797,30.9,gf,0.395,mm,OK,--,7:56:29 PM,7/9/2026,
1798,30.8,gf,0.395,mm,OK,--,7:56:29 PM,7/9/2026,
1799,30.9,gf,0.390,mm,OK,--,7:56:29 PM,7/9/2026,
1800,30.9,gf,0.390,mm,OK,--,7:56:29 PM,7/9/2026,
1801,30.9,gf,0.385,mm,OK,--,7:56:29 PM,7/9/2026,
1802,30.9,gf,0.385,mm,OK,--,7:56:29 PM,7/9/2026,
1803,30.9,gf,0.385,mm,OK,--,7:56:29 PM,7/9/2026,
1804,30.9,gf,0.380,mm,OK,--,7:56:29 PM,7/9/2026,
1805,30.8,gf,0.375,mm,OK,--,7:56:29 PM,7/9/2026,
1806,30.8,gf,0.375,mm,OK,--,7:56:29 PM,7/9/2026,
1807,30.9,gf,0.370,mm,OK,--,7:56:30 PM,7/9/2026,
1808,30.9,gf,0.365,mm,OK,--,7:56:30 PM,7/9/2026,
1809,30.8,gf,0.365,mm,OK,--,7:56:30 PM,7/9/2026,
1810,30.9,gf,0.355,mm,OK,--,7:56:30 PM,7/9/2026,
1811,30.9,gf,0.350,mm,OK,--,7:56:30 PM,7/9/2026,
1812,30.8,gf,0.350,mm,OK,--,7:56:30 PM,7/9/2026,
1813,30.7,gf,0.340,mm,OK,--,7:56:30 PM,7/9/2026,
1814,30.7,gf,0.335,mm,OK,--,7:56:30 PM,7/9/2026,
1815,30.6,gf,0.325,mm,OK,--,7:56:30 PM,7/9/2026,
1816,30.6,gf,0.325,mm,OK,--,7:56:30 PM,7/9/2026,
1817,30.6,gf,0.320,mm,OK,--,7:56:31 PM,7/9/2026,
1818,30.6,gf,0.315,mm,OK,--,7:56:31 PM,7/9/2026,
1819,30.4,gf,0.315,mm,OK,--,7:56:31 PM,7/9/2026,
1820,30.5,gf,0.310,mm,OK,--,7:56:31 PM,7/9/2026,
1821,30.5,gf,0.305,mm,OK,--,7:56:31 PM,7/9/2026,
1822,30.4,gf,0.305,mm,OK,--,7:56:31 PM,7/9/2026,
1823,30.3,gf,0.300,mm,OK,--,7:56:31 PM,7/9/2026,
1824,29.7,gf,0.295,mm,OK,--,7:56:31 PM,7/9/2026,
1825,27.6,gf,0.295,mm,OK,--,7:56:31 PM,7/9/2026,
1826,26.4,gf,0.290,mm,OK,--,7:56:31 PM,7/9/2026,
1827,25.6,gf,0.290,mm,OK,--,7:56:32 PM,7/9/2026,
1828,25.1,gf,0.285,mm,OK,--,7:56:32 PM,7/9/2026,
1829,24.7,gf,0.285,mm,OK,--,7:56:32 PM,7/9/2026,
1830,23.9,gf,0.280,mm,OK,--,7:56:32 PM,7/9/2026,
1831,23.5,gf,0.280,mm,OK,--,7:56:32 PM,7/9/2026,
1832,23.3,gf,0.275,mm,OK,--,7:56:32 PM,7/9/2026,
1833,22.8,gf,0.270,mm,OK,--,7:56:32 PM,7/9/2026,
1834,22.4,gf,0.270,mm,OK,--,7:56:32 PM,7/9/2026,
1835,21.9,gf,0.265,mm,OK,--,7:56:32 PM,7/9/2026,
1836,21.4,gf,0.265,mm,OK,--,7:56:32 PM,7/9/2026,
1837,21.1,gf,0.260,mm,OK,--,7:56:33 PM,7/9/2026,
1838,20.9,gf,0.255,mm,OK,--,7:56:33 PM,7/9/2026,
1839,20.4,gf,0.250,mm,OK,--,7:56:33 PM,7/9/2026,
1840,19.8,gf,0.235,mm,OK,--,7:56:33 PM,7/9/2026,
1841,19.8,gf,0.230,mm,OK,--,7:56:33 PM,7/9/2026,
1842,19.7,gf,0.225,mm,OK,--,7:56:33 PM,7/9/2026,
1843,19.4,gf,0.215,mm,OK,--,7:56:33 PM,7/9/2026,
1844,19.2,gf,0.210,mm,OK,--,7:56:33 PM,7/9/2026,
1845,19.3,gf,0.210,mm,OK,--,7:56:33 PM,7/9/2026,
1846,19.1,gf,0.205,mm,OK,--,7:56:33 PM,7/9/2026,
1847,18.8,gf,0.205,mm,OK,--,7:56:34 PM,7/9/2026,
1848,18.5,gf,0.200,mm,OK,--,7:56:34 PM,7/9/2026,
1849,18.1,gf,0.195,mm,OK,--,7:56:34 PM,7/9/2026,
1850,18.3,gf,0.195,mm,OK,--,7:56:34 PM,7/9/2026,
1851,18.2,gf,0.190,mm,OK,--,7:56:34 PM,7/9/2026,
1852,17.8,gf,0.190,mm,OK,--,7:56:34 PM,7/9/2026,
1853,17.7,gf,0.190,mm,OK,--,7:56:34 PM,7/9/2026,
1854,17.5,gf,0.185,mm,OK,--,7:56:34 PM,7/9/2026,
1855,17.2,gf,0.185,mm,OK,--,7:56:34 PM,7/9/2026,
1856,17.1,gf,0.185,mm,OK,--,7:56:34 PM,7/9/2026,
1857,16.8,gf,0.185,mm,OK,--,7:56:35 PM,7/9/2026,
1858,16.5,gf,0.180,mm,OK,--,7:56:35 PM,7/9/2026,
1859,16.3,gf,0.180,mm,OK,--,7:56:35 PM,7/9/2026,
1860,15.7,gf,0.180,mm,OK,--,7:56:35 PM,7/9/2026,
1861,14.8,gf,0.180,mm,OK,--,7:56:35 PM,7/9/2026,
1862,14.1,gf,0.175,mm,OK,--,7:56:35 PM,7/9/2026,
1863,13.4,gf,0.175,mm,OK,--,7:56:35 PM,7/9/2026,
1864,12.4,gf,0.175,mm,OK,--,7:56:35 PM,7/9/2026,
1865,11.3,gf,0.175,mm,OK,--,7:56:35 PM,7/9/2026,
1866,10.2,gf,0.170,mm,OK,--,7:56:35 PM,7/9/2026,
1867,7.3,gf,0.170,mm,OK,--,7:56:36 PM,7/9/2026,
1868,3.5,gf,0.165,mm,OK,--,7:56:36 PM,7/9/2026,
1869,0.1,gf,0.160,mm,OK,--,7:56:36 PM,7/9/2026,
1870,0.1,gf,0.150,mm,OK,--,7:56:36 PM,7/9/2026,
1871,0.0,gf,0.145,mm,OK,--,7:56:36 PM,7/9/2026,
1872,0.0,gf,0.135,mm,OK,--,7:56:36 PM,7/9/2026,
1873,0.1,gf,0.130,mm,OK,--,7:56:36 PM,7/9/2026,
1874,0.0,gf,0.125,mm,OK,--,7:56:36 PM,7/9/2026,
1875,0.0,gf,0.120,mm,OK,--,7:56:36 PM,7/9/2026,
1876,0.0,gf,0.115,mm,OK,--,7:56:36 PM,7/9/2026,
1877,0.0,gf,0.115,mm,OK,--,7:56:37 PM,7/9/2026,
1878,0.2,gf,0.110,mm,OK,--,7:56:37 PM,7/9/2026,
1879,0.0,gf,0.105,mm,OK,--,7:56:37 PM,7/9/2026,
1880,0.0,gf,0.105,mm,OK,--,7:56:37 PM,7/9/2026,
1881,0.1,gf,0.100,mm,OK,--,7:56:37 PM,7/9/2026,
1882,0.0,gf,0.095,mm,OK,--,7:56:37 PM,7/9/2026,
1883,-0.1,gf,0.075,mm,OK,--,7:56:37 PM,7/9/2026,
1884,0.0,gf,0.040,mm,OK,--,7:56:37 PM,7/9/2026,
1885,0.0,gf,0.030,mm,OK,--,7:56:37 PM,7/9/2026,
1886,0.0,gf,0.020,mm,OK,--,7:56:37 PM,7/9/2026,
1887,0.0,gf,0.010,mm,OK,--,7:56:38 PM,7/9/2026,
1888,-0.1,gf,0.000,mm,OK,--,7:56:38 PM,7/9/2026,
1889,0.0,gf,-0.020,mm,OK,--,7:56:38 PM,7/9/2026,
1890,-0.1,gf,-0.050,mm,OK,--,7:56:38 PM,7/9/2026,
1891,0.0,gf,-0.055,mm,OK,--,7:56:38 PM,7/9/2026,
1892,0.1,gf,-0.055,mm,OK,--,7:56:38 PM,7/9/2026,
1893,0.1,gf,-0.055,mm,OK,--,7:56:38 PM,7/9/2026,
1894,0.1,gf,-0.055,mm,OK,--,7:56:38 PM,7/9/2026,
1895,0.0,gf,-0.055,mm,OK,--,7:56:38 PM,7/9/2026,
1896,0.0,gf,-0.075,mm,OK,--,7:56:38 PM,7/9/2026,
1897,0.0,gf,-0.120,mm,OK,--,7:56:39 PM,7/9/2026,
1898,0.0,gf,-0.125,mm,OK,--,7:56:39 PM,7/9/2026,
1899,0.0,gf,-0.125,mm,OK,--,7:56:39 PM,7/9/2026,
1900,0.0,gf,-0.125,mm,OK,--,7:56:39 PM,7/9/2026,
1901,0.0,gf,-0.125,mm,OK,--,7:56:39 PM,7/9/2026,
1902,0.1,gf,-0.125,mm,OK,--,7:56:39 PM,7/9/2026,
1903,0.1,gf,-0.125,mm,OK,--,7:56:39 PM,7/9/2026,
1904,0.1,gf,-0.120,mm,OK,--,7:56:39 PM,7/9/2026,
1905,0.0,gf,-0.120,mm,OK,--,7:56:39 PM,7/9/2026,
1906,0.1,gf,-0.120,mm,OK,--,7:56:39 PM,7/9/2026,
1907,0.0,gf,-0.120,mm,OK,--,7:56:40 PM,7/9/2026,
1908,0.0,gf,-0.115,mm,OK,--,7:56:40 PM,7/9/2026,
1909,0.1,gf,-0.110,mm,OK,--,7:56:40 PM,7/9/2026,
1910,0.1,gf,-0.105,mm,OK,--,7:56:40 PM,7/9/2026,
1911,0.0,gf,-0.095,mm,OK,--,7:56:40 PM,7/9/2026,
1912,0.0,gf,-0.090,mm,OK,--,7:56:40 PM,7/9/2026,
1913,0.0,gf,-0.090,mm,OK,--,7:56:40 PM,7/9/2026,
1914,0.0,gf,-0.080,mm,OK,--,7:56:40 PM,7/9/2026,
1915,0.0,gf,-0.075,mm,OK,--,7:56:40 PM,7/9/2026,
1916,-0.2,gf,-0.070,mm,OK,--,7:56:40 PM,7/9/2026,
1917,-0.1,gf,-0.065,mm,OK,--,7:56:41 PM,7/9/2026,
1918,-0.1,gf,-0.060,mm,OK,--,7:56:41 PM,7/9/2026,
1919,0.0,gf,-0.055,mm,OK,--,7:56:41 PM,7/9/2026,
1920,0.0,gf,-0.050,mm,OK,--,7:56:41 PM,7/9/2026,
1921,0.1,gf,-0.045,mm,OK,--,7:56:41 PM,7/9/2026,
