Maximum,198.6,@,No.1005,,,,,,
Minimum,-0.4,@,No.1842,,,,,,
Average,48.70,,,,,,,,
Data Quantity,1855,,,,,,,,
Number of NG,0,,,,,,,,
No.,Force,Unit,Displacement,Unit,Judge,Position,Time,Date,
1,0.0,gf,0.000,mm,OK,--,7:59:31 PM,7/9/2026,
2,-0.1,gf,0.000,mm,OK,--,7:59:31 PM,7/9/2026,
3,0.0,gf,0.000,mm,OK,--,7:59:31 PM,7/9/2026,
4,-0.1,gf,0.000,mm,OK,--,7:59:31 PM,7/9/2026,
5,0.0,gf,0.000,mm,OK,--,7:59:31 PM,7/9/2026,
6,0.0,gf,0.000,mm,OK,--,7:59:32 PM,7/9/2026,
7,0.0,gf,0.000,mm,OK,--,7:59:32 PM,7/9/2026,
8,0.0,gf,0.000,mm,OK,--,7:59:32 PM,7/9/2026,
9,0.0,gf,0.005,mm,OK,--,7:59:32 PM,7/9/2026,
10,0.0,gf,0.005,mm,OK,--,7:59:32 PM,7/9/2026,
11,0.0,gf,0.005,mm,OK,--,7:59:32 PM,7/9/2026,
12,0.0,gf,0.005,mm,OK,--,7:59:32 PM,7/9/2026,
13,0.0,gf,0.005,mm,OK,--,7:59:32 PM,7/9/2026,
14,0.0,gf,0.010,mm,OK,--,7:59:32 PM,7/9/2026,
15,0.0,gf,0.015,mm,OK,--,7:59:32 PM,7/9/2026,
16,0.0,gf,0.015,mm,OK,--,7:59:33 PM,7/9/2026,
17,0.0,gf,0.020,mm,OK,--,7:59:33 PM,7/9/2026,
18,0.0,gf,0.020,mm,OK,--,7:59:33 PM,7/9/2026,
19,0.0,gf,0.020,mm,OK,--,7:59:33 PM,7/9/2026,
20,0.0,gf,0.025,mm,OK,--,7:59:33 PM,7/9/2026,
21,0.0,gf,0.030,mm,OK,--,7:59:33 PM,7/9/2026,
22,0.0,gf,0.035,mm,OK,--,7:59:33 PM,7/9/2026,
23,0.0,gf,0.045,mm,OK,--,7:59:33 PM,7/9/2026,
24,0.0,gf,0.055,mm,OK,--,7:59:33 PM,7/9/2026,
25,0.1,gf,0.060,mm,OK,--,7:59:33 PM,7/9/2026,
26,0.0,gf,0.060,mm,OK,--,7:59:34 PM,7/9/2026,
27,0.0,gf,0.060,mm,OK,--,7:59:34 PM,7/9/2026,
28,0.0,gf,0.060,mm,OK,--,7:59:34 PM,7/9/2026,
29,0.0,gf,0.060,mm,OK,--,7:59:34 PM,7/9/2026,
30,0.0,gf,0.065,mm,OK,--,7:59:34 PM,7/9/2026,
31,-0.1,gf,0.065,mm,OK,--,7:59:34 PM,7/9/2026,
32,-0.1,gf,0.065,mm,OK,--,7:59:34 PM,7/9/2026,
33,0.0,gf,0.065,mm,OK,--,7:59:34 PM,7/9/2026,
34,0.0,gf,0.065,mm,OK,--,7:59:34 PM,7/9/2026,
35,0.0,gf,0.065,mm,OK,--,7:59:34 PM,7/9/2026,
36,0.0,gf,0.070,mm,OK,--,7:59:35 PM,7/9/2026,
37,0.0,gf,0.070,mm,OK,--,7:59:35 PM,7/9/2026,
38,0.0,gf,0.070,mm,OK,--,7:59:35 PM,7/9/2026,
39,0.0,gf,0.070,mm,OK,--,7:59:35 PM,7/9/2026,
40,0.0,gf,0.070,mm,OK,--,7:59:35 PM,7/9/2026,
41,0.0,gf,0.070,mm,OK,--,7:59:35 PM,7/9/2026,
42,0.0,gf,0.070,mm,OK,--,7:59:35 PM,7/9/2026,
43,0.0,gf,0.070,mm,OK,--,7:59:35 PM,7/9/2026,
44,0.0,gf,0.070,mm,OK,--,7:59:35 PM,7/9/2026,
45,0.0,gf,0.075,mm,OK,--,7:59:35 PM,7/9/2026,
46,0.0,gf,0.080,mm,OK,--,7:59:36 PM,7/9/2026,
47,0.0,gf,0.080,mm,OK,--,7:59:36 PM,7/9/2026,
48,0.0,gf,0.085,mm,OK,--,7:59:36 PM,7/9/2026,
49,0.0,gf,0.085,mm,OK,--,7:59:36 PM,7/9/2026,
50,0.0,gf,0.090,mm,OK,--,7:59:36 PM,7/9/2026,
51,0.0,gf,0.095,mm,OK,--,7:59:36 PM,7/9/2026,
52,-0.1,gf,0.100,mm,OK,--,7:59:36 PM,7/9/2026,
53,0.0,gf,0.105,mm,OK,--,7:59:36 PM,7/9/2026,
54,0.0,gf,0.105,mm,OK,--,7:59:36 PM,7/9/2026,
55,0.0,gf,0.110,mm,OK,--,7:59:36 PM,7/9/2026,
56,0.0,gf,0.115,mm,OK,--,7:59:37 PM,7/9/2026,
57,0.0,gf,0.115,mm,OK,--,7:59:37 PM,7/9/2026,
58,0.0,gf,0.120,mm,OK,--,7:59:37 PM,7/9/2026,
59,0.0,gf,0.130,mm,OK,--,7:59:37 PM,7/9/2026,
60,0.0,gf,0.140,mm,OK,--,7:59:37 PM,7/9/2026,
61,0.0,gf,0.150,mm,OK,--,7:59:37 PM,7/9/2026,
62,0.0,gf,0.155,mm,OK,--,7:59:37 PM,7/9/2026,
63,0.0,gf,0.160,mm,OK,--,7:59:37 PM,7/9/2026,
64,0.0,gf,0.165,mm,OK,--,7:59:37 PM,7/9/2026,
65,0.0,gf,0.170,mm,OK,--,7:59:37 PM,7/9/2026,
66,0.0,gf,0.175,mm,OK,--,7:59:38 PM,7/9/2026,
67,0.0,gf,0.180,mm,OK,--,7:59:38 PM,7/9/2026,
68,0.0,gf,0.185,mm,OK,--,7:59:38 PM,7/9/2026,
69,0.0,gf,0.190,mm,OK,--,7:59:38 PM,7/9/2026,
70,0.0,gf,0.200,mm,OK,--,7:59:38 PM,7/9/2026,
71,0.0,gf,0.205,mm,OK,--,7:59:38 PM,7/9/2026,
72,-0.1,gf,0.215,mm,OK,--,7:59:38 PM,7/9/2026,
73,0.0,gf,0.220,mm,OK,--,7:59:38 PM,7/9/2026,
74,0.0,gf,0.225,mm,OK,--,7:59:38 PM,7/9/2026,
75,0.0,gf,0.235,mm,OK,--,7:59:38 PM,7/9/2026,
76,0.0,gf,0.240,mm,OK,--,7:59:39 PM,7/9/2026,
77,0.0,gf,0.245,mm,OK,--,7:59:39 PM,7/9/2026,
78,0.0,gf,0.250,mm,OK,--,7:59:39 PM,7/9/2026,
79,0.0,gf,0.260,mm,OK,--,7:59:39 PM,7/9/2026,
80,0.0,gf,0.265,mm,OK,--,7:59:39 PM,7/9/2026,
81,0.0,gf,0.270,mm,OK,--,7:59:39 PM,7/9/2026,
82,0.0,gf,0.280,mm,OK,--,7:59:39 PM,7/9/2026,
83,0.0,gf,0.285,mm,OK,--,7:59:39 PM,7/9/2026,
84,0.0,gf,0.295,mm,OK,--,7:59:39 PM,7/9/2026,
85,0.0,gf,0.300,mm,OK,--,7:59:39 PM,7/9/2026,
86,0.0,gf,0.305,mm,OK,--,7:59:40 PM,7/9/2026,
87,0.0,gf,0.315,mm,OK,--,7:59:40 PM,7/9/2026,
88,0.0,gf,0.315,mm,OK,--,7:59:40 PM,7/9/2026,
89,0.0,gf,0.320,mm,OK,--,7:59:40 PM,7/9/2026,
90,0.0,gf,0.320,mm,OK,--,7:59:40 PM,7/9/2026,
91,0.0,gf,0.325,mm,OK,--,7:59:40 PM,7/9/2026,
92,0.0,gf,0.330,mm,OK,--,7:59:40 PM,7/9/2026,
93,0.1,gf,0.335,mm,OK,--,7:59:40 PM,7/9/2026,
94,0.0,gf,0.340,mm,OK,--,7:59:40 PM,7/9/2026,
95,0.0,gf,0.345,mm,OK,--,7:59:40 PM,7/9/2026,
96,0.0,gf,0.350,mm,OK,--,7:59:41 PM,7/9/2026,
97,0.0,gf,0.355,mm,OK,--,7:59:41 PM,7/9/2026,
98,0.0,gf,0.360,mm,OK,--,7:59:41 PM,7/9/2026,
99,0.0,gf,0.375,mm,OK,--,7:59:41 PM,7/9/2026,
100,0.0,gf,0.380,mm,OK,--,7:59:41 PM,7/9/2026,
101,0.0,gf,0.390,mm,OK,--,7:59:41 PM,7/9/2026,
102,0.0,gf,0.395,mm,OK,--,7:59:41 PM,7/9/2026,
103,0.0,gf,0.400,mm,OK,--,7:59:41 PM,7/9/2026,
104,0.0,gf,0.400,mm,OK,--,7:59:41 PM,7/9/2026,
105,0.0,gf,0.405,mm,OK,--,7:59:41 PM,7/9/2026,
106,1.0,gf,0.415,mm,OK,--,7:59:42 PM,7/9/2026,
107,4.5,gf,0.420,mm,OK,--,7:59:42 PM,7/9/2026,
108,7.9,gf,0.425,mm,OK,--,7:59:42 PM,7/9/2026,
109,11.0,gf,0.430,mm,OK,--,7:59:42 PM,7/9/2026,
110,13.7,gf,0.430,mm,OK,--,7:59:42 PM,7/9/2026,
111,15.9,gf,0.435,mm,OK,--,7:59:42 PM,7/9/2026,
112,17.9,gf,0.435,mm,OK,--,7:59:42 PM,7/9/2026,
113,20.2,gf,0.440,mm,OK,--,7:59:42 PM,7/9/2026,
114,23.0,gf,0.445,mm,OK,--,7:59:42 PM,7/9/2026,
115,29.3,gf,0.450,mm,OK,--,7:59:42 PM,7/9/2026,
116,34.4,gf,0.460,mm,OK,--,7:59:43 PM,7/9/2026,
117,36.5,gf,0.465,mm,OK,--,7:59:43 PM,7/9/2026,
118,36.4,gf,0.465,mm,OK,--,7:59:43 PM,7/9/2026,
119,36.8,gf,0.470,mm,OK,--,7:59:43 PM,7/9/2026,
120,37.2,gf,0.470,mm,OK,--,7:59:43 PM,7/9/2026,
121,37.6,gf,0.470,mm,OK,--,7:59:43 PM,7/9/2026,
122,37.8,gf,0.475,mm,OK,--,7:59:43 PM,7/9/2026,
123,38.0,gf,0.475,mm,OK,--,7:59:43 PM,7/9/2026,
124,38.2,gf,0.480,mm,OK,--,7:59:43 PM,7/9/2026,
125,37.9,gf,0.480,mm,OK,--,7:59:43 PM,7/9/2026,
126,37.7,gf,0.485,mm,OK,--,7:59:44 PM,7/9/2026,
127,37.5,gf,0.485,mm,OK,--,7:59:44 PM,7/9/2026,
128,37.5,gf,0.490,mm,OK,--,7:59:44 PM,7/9/2026,
129,37.6,gf,0.490,mm,OK,--,7:59:44 PM,7/9/2026,
130,37.6,gf,0.495,mm,OK,--,7:59:44 PM,7/9/2026,
131,37.5,gf,0.495,mm,OK,--,7:59:44 PM,7/9/2026,
132,37.4,gf,0.500,mm,OK,--,7:59:44 PM,7/9/2026,
133,37.4,gf,0.500,mm,OK,--,7:59:44 PM,7/9/2026,
134,37.4,gf,0.505,mm,OK,--,7:59:44 PM,7/9/2026,
135,37.4,gf,0.505,mm,OK,--,7:59:44 PM,7/9/2026,
136,37.3,gf,0.510,mm,OK,--,7:59:45 PM,7/9/2026,
137,37.3,gf,0.515,mm,OK,--,7:59:45 PM,7/9/2026,
138,37.3,gf,0.515,mm,OK,--,7:59:45 PM,7/9/2026,
139,37.3,gf,0.520,mm,OK,--,7:59:45 PM,7/9/2026,
140,37.3,gf,0.520,mm,OK,--,7:59:45 PM,7/9/2026,
141,37.2,gf,0.525,mm,OK,--,7:59:45 PM,7/9/2026,
142,37.1,gf,0.530,mm,OK,--,7:59:45 PM,7/9/2026,
143,37.1,gf,0.530,mm,OK,--,7:59:45 PM,7/9/2026,
144,37.1,gf,0.535,mm,OK,--,7:59:45 PM,7/9/2026,
145,37.1,gf,0.540,mm,OK,--,7:59:45 PM,7/9/2026,
146,37.1,gf,0.545,mm,OK,--,7:59:46 PM,7/9/2026,
147,37.1,gf,0.545,mm,OK,--,7:59:46 PM,7/9/2026,
148,37.0,gf,0.550,mm,OK,--,7:59:46 PM,7/9/2026,
149,37.1,gf,0.550,mm,OK,--,7:59:46 PM,7/9/2026,
150,37.0,gf,0.555,mm,OK,--,7:59:46 PM,7/9/2026,
151,37.0,gf,0.560,mm,OK,--,7:59:46 PM,7/9/2026,
152,37.0,gf,0.560,mm,OK,--,7:59:46 PM,7/9/2026,
153,37.1,gf,0.560,mm,OK,--,7:59:46 PM,7/9/2026,
154,37.1,gf,0.565,mm,OK,--,7:59:46 PM,7/9/2026,
155,37.0,gf,0.570,mm,OK,--,7:59:46 PM,7/9/2026,
156,37.0,gf,0.575,mm,OK,--,7:59:47 PM,7/9/2026,
157,37.0,gf,0.575,mm,OK,--,7:59:47 PM,7/9/2026,
158,37.0,gf,0.580,mm,OK,--,7:59:47 PM,7/9/2026,
159,37.0,gf,0.580,mm,OK,--,7:59:47 PM,7/9/2026,
160,37.1,gf,0.585,mm,OK,--,7:59:47 PM,7/9/2026,
161,37.1,gf,0.585,mm,OK,--,7:59:47 PM,7/9/2026,
162,37.1,gf,0.590,mm,OK,--,7:59:47 PM,7/9/2026,
163,37.1,gf,0.590,mm,OK,--,7:59:47 PM,7/9/2026,
164,37.1,gf,0.595,mm,OK,--,7:59:47 PM,7/9/2026,
165,37.1,gf,0.600,mm,OK,--,7:59:47 PM,7/9/2026,
166,37.1,gf,0.605,mm,OK,--,7:59:48 PM,7/9/2026,
167,37.1,gf,0.610,mm,OK,--,7:59:48 PM,7/9/2026,
168,37.1,gf,0.610,mm,OK,--,7:59:48 PM,7/9/2026,
169,37.1,gf,0.615,mm,OK,--,7:59:48 PM,7/9/2026,
170,37.1,gf,0.620,mm,OK,--,7:59:48 PM,7/9/2026,
171,37.1,gf,0.625,mm,OK,--,7:59:48 PM,7/9/2026,
172,37.1,gf,0.625,mm,OK,--,7:59:48 PM,7/9/2026,
173,37.1,gf,0.630,mm,OK,--,7:59:48 PM,7/9/2026,
174,37.2,gf,0.635,mm,OK,--,7:59:48 PM,7/9/2026,
175,37.2,gf,0.635,mm,OK,--,7:59:48 PM,7/9/2026,
176,37.2,gf,0.645,mm,OK,--,7:59:49 PM,7/9/2026,
177,37.1,gf,0.645,mm,OK,--,7:59:49 PM,7/9/2026,
178,37.1,gf,0.650,mm,OK,--,7:59:49 PM,7/9/2026,
179,37.2,gf,0.655,mm,OK,--,7:59:49 PM,7/9/2026,
180,37.2,gf,0.660,mm,OK,--,7:59:49 PM,7/9/2026,
181,37.3,gf,0.665,mm,OK,--,7:59:49 PM,7/9/2026,
182,37.2,gf,0.675,mm,OK,--,7:59:49 PM,7/9/2026,
183,37.2,gf,0.680,mm,OK,--,7:59:49 PM,7/9/2026,
184,37.3,gf,0.685,mm,OK,--,7:59:49 PM,7/9/2026,
185,37.3,gf,0.690,mm,OK,--,7:59:49 PM,7/9/2026,
186,37.3,gf,0.700,mm,OK,--,7:59:50 PM,7/9/2026,
187,37.4,gf,0.705,mm,OK,--,7:59:50 PM,7/9/2026,
188,37.4,gf,0.710,mm,OK,--,7:59:50 PM,7/9/2026,
189,37.3,gf,0.715,mm,OK,--,7:59:50 PM,7/9/2026,
190,37.3,gf,0.715,mm,OK,--,7:59:50 PM,7/9/2026,
191,37.4,gf,0.720,mm,OK,--,7:59:50 PM,7/9/2026,
192,37.4,gf,0.720,mm,OK,--,7:59:50 PM,7/9/2026,
193,37.4,gf,0.725,mm,OK,--,7:59:50 PM,7/9/2026,
194,37.4,gf,0.725,mm,OK,--,7:59:50 PM,7/9/2026,
195,37.4,gf,0.730,mm,OK,--,7:59:50 PM,7/9/2026,
196,37.5,gf,0.735,mm,OK,--,7:59:51 PM,7/9/2026,
197,37.5,gf,0.735,mm,OK,--,7:59:51 PM,7/9/2026,
198,37.5,gf,0.740,mm,OK,--,7:59:51 PM,7/9/2026,
199,37.5,gf,0.745,mm,OK,--,7:59:51 PM,7/9/2026,
200,37.5,gf,0.750,mm,OK,--,7:59:51 PM,7/9/2026,
201,37.5,gf,0.755,mm,OK,--,7:59:51 PM,7/9/2026,
202,37.5,gf,0.760,mm,OK,--,7:59:51 PM,7/9/2026,
203,37.6,gf,0.765,mm,OK,--,7:59:51 PM,7/9/2026,
204,37.6,gf,0.770,mm,OK,--,7:59:51 PM,7/9/2026,
205,37.5,gf,0.775,mm,OK,--,7:59:51 PM,7/9/2026,
206,37.7,gf,0.775,mm,OK,--,7:59:52 PM,7/9/2026,
207,37.6,gf,0.780,mm,OK,--,7:59:52 PM,7/9/2026,
208,37.6,gf,0.785,mm,OK,--,7:59:52 PM,7/9/2026,
209,37.6,gf,0.785,mm,OK,--,7:59:52 PM,7/9/2026,
210,37.6,gf,0.790,mm,OK,--,7:59:52 PM,7/9/2026,
211,37.6,gf,0.790,mm,OK,--,7:59:52 PM,7/9/2026,
212,37.6,gf,0.790,mm,OK,--,7:59:52 PM,7/9/2026,
213,37.7,gf,0.790,mm,OK,--,7:59:52 PM,7/9/2026,
214,37.6,gf,0.790,mm,OK,--,7:59:52 PM,7/9/2026,
215,37.6,gf,0.790,mm,OK,--,7:59:52 PM,7/9/2026,
216,37.6,gf,0.795,mm,OK,--,7:59:53 PM,7/9/2026,
217,37.7,gf,0.795,mm,OK,--,7:59:53 PM,7/9/2026,
218,37.7,gf,0.795,mm,OK,--,7:59:53 PM,7/9/2026,
219,37.8,gf,0.795,mm,OK,--,7:59:53 PM,7/9/2026,
220,37.8,gf,0.795,mm,OK,--,7:59:53 PM,7/9/2026,
221,37.8,gf,0.795,mm,OK,--,7:59:53 PM,7/9/2026,
222,37.8,gf,0.795,mm,OK,--,7:59:53 PM,7/9/2026,
223,37.8,gf,0.800,mm,OK,--,7:59:53 PM,7/9/2026,
224,37.9,gf,0.800,mm,OK,--,7:59:53 PM,7/9/2026,
225,37.8,gf,0.800,mm,OK,--,7:59:53 PM,7/9/2026,
226,37.8,gf,0.800,mm,OK,--,7:59:54 PM,7/9/2026,
227,37.8,gf,0.805,mm,OK,--,7:59:54 PM,7/9/2026,
228,37.8,gf,0.805,mm,OK,--,7:59:54 PM,7/9/2026,
229,37.8,gf,0.805,mm,OK,--,7:59:54 PM,7/9/2026,
230,37.8,gf,0.805,mm,OK,--,7:59:54 PM,7/9/2026,
231,37.8,gf,0.810,mm,OK,--,7:59:54 PM,7/9/2026,
232,37.9,gf,0.810,mm,OK,--,7:59:54 PM,7/9/2026,
233,37.9,gf,0.810,mm,OK,--,7:59:54 PM,7/9/2026,
234,37.9,gf,0.815,mm,OK,--,7:59:54 PM,7/9/2026,
235,37.9,gf,0.815,mm,OK,--,7:59:54 PM,7/9/2026,
236,37.9,gf,0.815,mm,OK,--,7:59:55 PM,7/9/2026,
237,37.9,gf,0.820,mm,OK,--,7:59:55 PM,7/9/2026,
238,37.9,gf,0.820,mm,OK,--,7:59:55 PM,7/9/2026,
239,37.9,gf,0.825,mm,OK,--,7:59:55 PM,7/9/2026,
240,37.9,gf,0.825,mm,OK,--,7:59:55 PM,7/9/2026,
241,37.8,gf,0.830,mm,OK,--,7:59:55 PM,7/9/2026,
242,37.8,gf,0.830,mm,OK,--,7:59:55 PM,7/9/2026,
243,37.8,gf,0.830,mm,OK,--,7:59:55 PM,7/9/2026,
244,37.8,gf,0.835,mm,OK,--,7:59:55 PM,7/9/2026,
245,37.8,gf,0.835,mm,OK,--,7:59:55 PM,7/9/2026,
246,37.8,gf,0.840,mm,OK,--,7:59:56 PM,7/9/2026,
247,37.8,gf,0.840,mm,OK,--,7:59:56 PM,7/9/2026,
248,37.8,gf,0.845,mm,OK,--,7:59:56 PM,7/9/2026,
249,37.8,gf,0.845,mm,OK,--,7:59:56 PM,7/9/2026,
250,37.8,gf,0.850,mm,OK,--,7:59:56 PM,7/9/2026,
251,37.8,gf,0.855,mm,OK,--,7:59:56 PM,7/9/2026,
252,37.9,gf,0.860,mm,OK,--,7:59:56 PM,7/9/2026,
253,37.9,gf,0.870,mm,OK,--,7:59:56 PM,7/9/2026,
254,37.9,gf,0.875,mm,OK,--,7:59:56 PM,7/9/2026,
255,37.9,gf,0.885,mm,OK,--,7:59:56 PM,7/9/2026,
256,37.9,gf,0.895,mm,OK,--,7:59:57 PM,7/9/2026,
257,38.0,gf,0.900,mm,OK,--,7:59:57 PM,7/9/2026,
258,38.1,gf,0.910,mm,OK,--,7:59:57 PM,7/9/2026,
259,38.2,gf,0.920,mm,OK,--,7:59:57 PM,7/9/2026,
260,38.1,gf,0.930,mm,OK,--,7:59:57 PM,7/9/2026,
261,38.2,gf,0.940,mm,OK,--,7:59:57 PM,7/9/2026,
262,38.2,gf,0.945,mm,OK,--,7:59:57 PM,7/9/2026,
263,38.2,gf,0.955,mm,OK,--,7:59:57 PM,7/9/2026,
264,38.3,gf,0.960,mm,OK,--,7:59:57 PM,7/9/2026,
265,38.3,gf,0.965,mm,OK,--,7:59:57 PM,7/9/2026,
266,38.2,gf,0.970,mm,OK,--,7:59:58 PM,7/9/2026,
267,38.2,gf,0.975,mm,OK,--,7:59:58 PM,7/9/2026,
268,38.4,gf,0.975,mm,OK,--,7:59:58 PM,7/9/2026,
269,38.3,gf,0.980,mm,OK,--,7:59:58 PM,7/9/2026,
270,38.3,gf,0.980,mm,OK,--,7:59:58 PM,7/9/2026,
271,38.4,gf,0.980,mm,OK,--,7:59:58 PM,7/9/2026,
272,38.4,gf,0.985,mm,OK,--,7:59:58 PM,7/9/2026,
273,38.4,gf,0.985,mm,OK,--,7:59:58 PM,7/9/2026,
274,38.5,gf,0.990,mm,OK,--,7:59:58 PM,7/9/2026,
275,38.5,gf,0.990,mm,OK,--,7:59:58 PM,7/9/2026,
276,38.5,gf,0.995,mm,OK,--,7:59:59 PM,7/9/2026,
277,38.5,gf,1.000,mm,OK,--,7:59:59 PM,7/9/2026,
278,38.5,gf,1.005,mm,OK,--,7:59:59 PM,7/9/2026,
279,38.5,gf,1.010,mm,OK,--,7:59:59 PM,7/9/2026,
280,38.5,gf,1.015,mm,OK,--,7:59:59 PM,7/9/2026,
281,38.5,gf,1.020,mm,OK,--,7:59:59 PM,7/9/2026,
282,38.5,gf,1.025,mm,OK,--,7:59:59 PM,7/9/2026,
283,38.5,gf,1.025,mm,OK,--,7:59:59 PM,7/9/2026,
284,38.5,gf,1.030,mm,OK,--,7:59:59 PM,7/9/2026,
285,38.5,gf,1.040,mm,OK,--,7:59:59 PM,7/9/2026,
286,38.5,gf,1.045,mm,OK,--,8:00:00 PM,7/9/2026,
287,38.6,gf,1.050,mm,OK,--,8:00:00 PM,7/9/2026,
288,38.6,gf,1.055,mm,OK,--,8:00:00 PM,7/9/2026,
289,38.7,gf,1.060,mm,OK,--,8:00:00 PM,7/9/2026,
290,38.7,gf,1.065,mm,OK,--,8:00:00 PM,7/9/2026,
291,38.7,gf,1.070,mm,OK,--,8:00:00 PM,7/9/2026,
292,38.7,gf,1.075,mm,OK,--,8:00:00 PM,7/9/2026,
293,38.7,gf,1.075,mm,OK,--,8:00:00 PM,7/9/2026,
294,38.8,gf,1.080,mm,OK,--,8:00:00 PM,7/9/2026,
295,38.7,gf,1.085,mm,OK,--,8:00:00 PM,7/9/2026,
296,38.8,gf,1.085,mm,OK,--,8:00:01 PM,7/9/2026,
297,38.8,gf,1.090,mm,OK,--,8:00:01 PM,7/9/2026,
298,38.9,gf,1.095,mm,OK,--,8:00:01 PM,7/9/2026,
299,38.9,gf,1.095,mm,OK,--,8:00:01 PM,7/9/2026,
300,38.9,gf,1.100,mm,OK,--,8:00:01 PM,7/9/2026,
301,38.9,gf,1.105,mm,OK,--,8:00:01 PM,7/9/2026,
302,38.9,gf,1.110,mm,OK,--,8:00:01 PM,7/9/2026,
303,38.9,gf,1.115,mm,OK,--,8:00:01 PM,7/9/2026,
304,38.9,gf,1.115,mm,OK,--,8:00:01 PM,7/9/2026,
305,39.0,gf,1.120,mm,OK,--,8:00:01 PM,7/9/2026,
306,38.9,gf,1.125,mm,OK,--,8:00:02 PM,7/9/2026,
307,39.0,gf,1.130,mm,OK,--,8:00:02 PM,7/9/2026,
308,39.0,gf,1.135,mm,OK,--,8:00:02 PM,7/9/2026,
309,39.0,gf,1.135,mm,OK,--,8:00:02 PM,7/9/2026,
310,39.0,gf,1.140,mm,OK,--,8:00:02 PM,7/9/2026,
311,39.1,gf,1.145,mm,OK,--,8:00:02 PM,7/9/2026,
312,39.0,gf,1.150,mm,OK,--,8:00:02 PM,7/9/2026,
313,39.0,gf,1.155,mm,OK,--,8:00:02 PM,7/9/2026,
314,39.1,gf,1.160,mm,OK,--,8:00:02 PM,7/9/2026,
315,39.1,gf,1.165,mm,OK,--,8:00:02 PM,7/9/2026,
316,39.1,gf,1.165,mm,OK,--,8:00:03 PM,7/9/2026,
317,39.1,gf,1.170,mm,OK,--,8:00:03 PM,7/9/2026,
318,39.1,gf,1.175,mm,OK,--,8:00:03 PM,7/9/2026,
319,39.1,gf,1.180,mm,OK,--,8:00:03 PM,7/9/2026,
320,39.1,gf,1.185,mm,OK,--,8:00:03 PM,7/9/2026,
321,39.1,gf,1.190,mm,OK,--,8:00:03 PM,7/9/2026,
322,39.1,gf,1.195,mm,OK,--,8:00:03 PM,7/9/2026,
323,39.2,gf,1.200,mm,OK,--,8:00:03 PM,7/9/2026,
324,39.2,gf,1.205,mm,OK,--,8:00:03 PM,7/9/2026,
325,39.3,gf,1.210,mm,OK,--,8:00:03 PM,7/9/2026,
326,39.3,gf,1.215,mm,OK,--,8:00:04 PM,7/9/2026,
327,39.3,gf,1.220,mm,OK,--,8:00:04 PM,7/9/2026,
328,39.4,gf,1.225,mm,OK,--,8:00:04 PM,7/9/2026,
329,39.4,gf,1.235,mm,OK,--,8:00:04 PM,7/9/2026,
330,39.4,gf,1.240,mm,OK,--,8:00:04 PM,7/9/2026,
331,39.3,gf,1.245,mm,OK,--,8:00:04 PM,7/9/2026,
332,39.3,gf,1.250,mm,OK,--,8:00:04 PM,7/9/2026,
333,39.4,gf,1.255,mm,OK,--,8:00:04 PM,7/9/2026,
334,39.4,gf,1.260,mm,OK,--,8:00:04 PM,7/9/2026,
335,39.4,gf,1.260,mm,OK,--,8:00:04 PM,7/9/2026,
336,39.5,gf,1.270,mm,OK,--,8:00:05 PM,7/9/2026,
337,39.5,gf,1.275,mm,OK,--,8:00:05 PM,7/9/2026,
338,39.6,gf,1.275,mm,OK,--,8:00:05 PM,7/9/2026,
339,39.6,gf,1.280,mm,OK,--,8:00:05 PM,7/9/2026,
340,39.6,gf,1.285,mm,OK,--,8:00:05 PM,7/9/2026,
341,39.6,gf,1.290,mm,OK,--,8:00:05 PM,7/9/2026,
342,39.6,gf,1.295,mm,OK,--,8:00:05 PM,7/9/2026,
343,39.6,gf,1.300,mm,OK,--,8:00:05 PM,7/9/2026,
344,39.7,gf,1.305,mm,OK,--,8:00:05 PM,7/9/2026,
345,39.7,gf,1.305,mm,OK,--,8:00:05 PM,7/9/2026,
346,39.7,gf,1.310,mm,OK,--,8:00:06 PM,7/9/2026,
347,39.7,gf,1.310,mm,OK,--,8:00:06 PM,7/9/2026,
348,39.6,gf,1.315,mm,OK,--,8:00:06 PM,7/9/2026,
349,39.7,gf,1.315,mm,OK,--,8:00:06 PM,7/9/2026,
350,39.7,gf,1.315,mm,OK,--,8:00:06 PM,7/9/2026,
351,39.7,gf,1.315,mm,OK,--,8:00:06 PM,7/9/2026,
352,39.8,gf,1.320,mm,OK,--,8:00:06 PM,7/9/2026,
353,39.8,gf,1.320,mm,OK,--,8:00:06 PM,7/9/2026,
354,39.8,gf,1.325,mm,OK,--,8:00:06 PM,7/9/2026,
355,39.8,gf,1.325,mm,OK,--,8:00:06 PM,7/9/2026,
356,39.9,gf,1.330,mm,OK,--,8:00:07 PM,7/9/2026,
357,39.8,gf,1.335,mm,OK,--,8:00:07 PM,7/9/2026,
358,39.9,gf,1.335,mm,OK,--,8:00:07 PM,7/9/2026,
359,39.9,gf,1.340,mm,OK,--,8:00:07 PM,7/9/2026,
360,39.9,gf,1.345,mm,OK,--,8:00:07 PM,7/9/2026,
361,39.9,gf,1.350,mm,OK,--,8:00:07 PM,7/9/2026,
362,39.9,gf,1.355,mm,OK,--,8:00:07 PM,7/9/2026,
363,39.9,gf,1.365,mm,OK,--,8:00:07 PM,7/9/2026,
364,39.9,gf,1.370,mm,OK,--,8:00:07 PM,7/9/2026,
365,39.9,gf,1.380,mm,OK,--,8:00:07 PM,7/9/2026,
366,40.0,gf,1.385,mm,OK,--,8:00:08 PM,7/9/2026,
367,40.0,gf,1.395,mm,OK,--,8:00:08 PM,7/9/2026,
368,40.0,gf,1.400,mm,OK,--,8:00:08 PM,7/9/2026,
369,40.0,gf,1.405,mm,OK,--,8:00:08 PM,7/9/2026,
370,40.1,gf,1.410,mm,OK,--,8:00:08 PM,7/9/2026,
371,40.1,gf,1.415,mm,OK,--,8:00:08 PM,7/9/2026,
372,40.1,gf,1.420,mm,OK,--,8:00:08 PM,7/9/2026,
373,40.2,gf,1.425,mm,OK,--,8:00:08 PM,7/9/2026,
374,40.2,gf,1.435,mm,OK,--,8:00:08 PM,7/9/2026,
375,40.3,gf,1.440,mm,OK,--,8:00:08 PM,7/9/2026,
376,40.3,gf,1.445,mm,OK,--,8:00:09 PM,7/9/2026,
377,40.3,gf,1.450,mm,OK,--,8:00:09 PM,7/9/2026,
378,40.3,gf,1.460,mm,OK,--,8:00:09 PM,7/9/2026,
379,40.3,gf,1.465,mm,OK,--,8:00:09 PM,7/9/2026,
380,40.2,gf,1.465,mm,OK,--,8:00:09 PM,7/9/2026,
381,40.3,gf,1.470,mm,OK,--,8:00:09 PM,7/9/2026,
382,40.3,gf,1.470,mm,OK,--,8:00:09 PM,7/9/2026,
383,40.3,gf,1.475,mm,OK,--,8:00:09 PM,7/9/2026,
384,40.5,gf,1.475,mm,OK,--,8:00:09 PM,7/9/2026,
385,40.5,gf,1.475,mm,OK,--,8:00:09 PM,7/9/2026,
386,40.5,gf,1.480,mm,OK,--,8:00:10 PM,7/9/2026,
387,40.4,gf,1.480,mm,OK,--,8:00:10 PM,7/9/2026,
388,40.4,gf,1.485,mm,OK,--,8:00:10 PM,7/9/2026,
389,40.6,gf,1.485,mm,OK,--,8:00:10 PM,7/9/2026,
390,40.6,gf,1.490,mm,OK,--,8:00:10 PM,7/9/2026,
391,40.6,gf,1.495,mm,OK,--,8:00:10 PM,7/9/2026,
392,40.6,gf,1.500,mm,OK,--,8:00:10 PM,7/9/2026,
393,40.6,gf,1.510,mm,OK,--,8:00:10 PM,7/9/2026,
394,40.6,gf,1.520,mm,OK,--,8:00:10 PM,7/9/2026,
395,40.6,gf,1.530,mm,OK,--,8:00:10 PM,7/9/2026,
396,40.6,gf,1.540,mm,OK,--,8:00:11 PM,7/9/2026,
397,40.7,gf,1.555,mm,OK,--,8:00:11 PM,7/9/2026,
398,40.7,gf,1.565,mm,OK,--,8:00:11 PM,7/9/2026,
399,40.8,gf,1.575,mm,OK,--,8:00:11 PM,7/9/2026,
400,40.8,gf,1.580,mm,OK,--,8:00:11 PM,7/9/2026,
401,40.9,gf,1.595,mm,OK,--,8:00:11 PM,7/9/2026,
402,41.0,gf,1.610,mm,OK,--,8:00:11 PM,7/9/2026,
403,41.0,gf,1.630,mm,OK,--,8:00:11 PM,7/9/2026,
404,41.0,gf,1.645,mm,OK,--,8:00:11 PM,7/9/2026,
405,41.1,gf,1.655,mm,OK,--,8:00:11 PM,7/9/2026,
406,41.1,gf,1.665,mm,OK,--,8:00:12 PM,7/9/2026,
407,41.2,gf,1.670,mm,OK,--,8:00:12 PM,7/9/2026,
408,41.2,gf,1.675,mm,OK,--,8:00:12 PM,7/9/2026,
409,41.2,gf,1.680,mm,OK,--,8:00:12 PM,7/9/2026,
410,41.2,gf,1.685,mm,OK,--,8:00:12 PM,7/9/2026,
411,41.3,gf,1.695,mm,OK,--,8:00:12 PM,7/9/2026,
412,41.3,gf,1.700,mm,OK,--,8:00:12 PM,7/9/2026,
413,41.4,gf,1.705,mm,OK,--,8:00:12 PM,7/9/2026,
414,41.4,gf,1.710,mm,OK,--,8:00:12 PM,7/9/2026,
415,41.4,gf,1.715,mm,OK,--,8:00:12 PM,7/9/2026,
416,41.4,gf,1.720,mm,OK,--,8:00:13 PM,7/9/2026,
417,41.5,gf,1.720,mm,OK,--,8:00:13 PM,7/9/2026,
418,41.5,gf,1.725,mm,OK,--,8:00:13 PM,7/9/2026,
419,41.6,gf,1.730,mm,OK,--,8:00:13 PM,7/9/2026,
420,41.6,gf,1.730,mm,OK,--,8:00:13 PM,7/9/2026,
421,41.6,gf,1.740,mm,OK,--,8:00:13 PM,7/9/2026,
422,41.7,gf,1.745,mm,OK,--,8:00:13 PM,7/9/2026,
423,41.6,gf,1.750,mm,OK,--,8:00:13 PM,7/9/2026,
424,41.6,gf,1.750,mm,OK,--,8:00:13 PM,7/9/2026,
425,41.7,gf,1.755,mm,OK,--,8:00:13 PM,7/9/2026,
426,41.8,gf,1.760,mm,OK,--,8:00:14 PM,7/9/2026,
427,41.8,gf,1.765,mm,OK,--,8:00:14 PM,7/9/2026,
428,41.8,gf,1.765,mm,OK,--,8:00:14 PM,7/9/2026,
429,41.7,gf,1.770,mm,OK,--,8:00:14 PM,7/9/2026,
430,41.7,gf,1.775,mm,OK,--,8:00:14 PM,7/9/2026,
431,41.7,gf,1.780,mm,OK,--,8:00:14 PM,7/9/2026,
432,41.7,gf,1.785,mm,OK,--,8:00:14 PM,7/9/2026,
433,41.7,gf,1.785,mm,OK,--,8:00:14 PM,7/9/2026,
434,41.7,gf,1.790,mm,OK,--,8:00:14 PM,7/9/2026,
435,41.7,gf,1.790,mm,OK,--,8:00:14 PM,7/9/2026,
436,41.8,gf,1.790,mm,OK,--,8:00:15 PM,7/9/2026,
437,41.8,gf,1.790,mm,OK,--,8:00:15 PM,7/9/2026,
438,41.9,gf,1.790,mm,OK,--,8:00:15 PM,7/9/2026,
439,41.9,gf,1.790,mm,OK,--,8:00:15 PM,7/9/2026,
440,41.8,gf,1.795,mm,OK,--,8:00:15 PM,7/9/2026,
441,41.8,gf,1.795,mm,OK,--,8:00:15 PM,7/9/2026,
442,41.9,gf,1.795,mm,OK,--,8:00:15 PM,7/9/2026,
443,41.9,gf,1.795,mm,OK,--,8:00:15 PM,7/9/2026,
444,41.9,gf,1.795,mm,OK,--,8:00:15 PM,7/9/2026,
445,41.9,gf,1.800,mm,OK,--,8:00:15 PM,7/9/2026,
446,41.9,gf,1.800,mm,OK,--,8:00:16 PM,7/9/2026,
447,41.9,gf,1.800,mm,OK,--,8:00:16 PM,7/9/2026,
448,42.0,gf,1.800,mm,OK,--,8:00:16 PM,7/9/2026,
449,41.9,gf,1.805,mm,OK,--,8:00:16 PM,7/9/2026,
450,42.0,gf,1.805,mm,OK,--,8:00:16 PM,7/9/2026,
451,42.0,gf,1.805,mm,OK,--,8:00:16 PM,7/9/2026,
452,42.0,gf,1.810,mm,OK,--,8:00:16 PM,7/9/2026,
453,42.0,gf,1.810,mm,OK,--,8:00:16 PM,7/9/2026,
454,42.0,gf,1.810,mm,OK,--,8:00:16 PM,7/9/2026,
455,42.0,gf,1.810,mm,OK,--,8:00:16 PM,7/9/2026,
456,42.0,gf,1.815,mm,OK,--,8:00:17 PM,7/9/2026,
457,42.0,gf,1.815,mm,OK,--,8:00:17 PM,7/9/2026,
458,42.0,gf,1.815,mm,OK,--,8:00:17 PM,7/9/2026,
459,42.0,gf,1.820,mm,OK,--,8:00:17 PM,7/9/2026,
460,42.0,gf,1.820,mm,OK,--,8:00:17 PM,7/9/2026,
461,42.0,gf,1.820,mm,OK,--,8:00:17 PM,7/9/2026,
462,42.0,gf,1.825,mm,OK,--,8:00:17 PM,7/9/2026,
463,42.0,gf,1.825,mm,OK,--,8:00:17 PM,7/9/2026,
464,42.0,gf,1.830,mm,OK,--,8:00:17 PM,7/9/2026,
465,42.0,gf,1.830,mm,OK,--,8:00:17 PM,7/9/2026,
466,42.0,gf,1.835,mm,OK,--,8:00:18 PM,7/9/2026,
467,42.0,gf,1.835,mm,OK,--,8:00:18 PM,7/9/2026,
468,42.0,gf,1.835,mm,OK,--,8:00:18 PM,7/9/2026,
469,42.0,gf,1.840,mm,OK,--,8:00:18 PM,7/9/2026,
470,42.1,gf,1.845,mm,OK,--,8:00:18 PM,7/9/2026,
471,42.1,gf,1.850,mm,OK,--,8:00:18 PM,7/9/2026,
472,42.1,gf,1.855,mm,OK,--,8:00:18 PM,7/9/2026,
473,42.1,gf,1.860,mm,OK,--,8:00:18 PM,7/9/2026,
474,42.1,gf,1.865,mm,OK,--,8:00:18 PM,7/9/2026,
475,42.2,gf,1.870,mm,OK,--,8:00:18 PM,7/9/2026,
476,42.2,gf,1.875,mm,OK,--,8:00:19 PM,7/9/2026,
477,42.2,gf,1.875,mm,OK,--,8:00:19 PM,7/9/2026,
478,42.0,gf,1.875,mm,OK,--,8:00:19 PM,7/9/2026,
479,42.1,gf,1.875,mm,OK,--,8:00:19 PM,7/9/2026,
480,42.2,gf,1.875,mm,OK,--,8:00:19 PM,7/9/2026,
481,42.2,gf,1.880,mm,OK,--,8:00:19 PM,7/9/2026,
482,42.3,gf,1.880,mm,OK,--,8:00:19 PM,7/9/2026,
483,42.3,gf,1.880,mm,OK,--,8:00:19 PM,7/9/2026,
484,42.3,gf,1.885,mm,OK,--,8:00:19 PM,7/9/2026,
485,42.3,gf,1.890,mm,OK,--,8:00:19 PM,7/9/2026,
486,42.2,gf,1.895,mm,OK,--,8:00:20 PM,7/9/2026,
487,42.2,gf,1.895,mm,OK,--,8:00:20 PM,7/9/2026,
488,42.3,gf,1.905,mm,OK,--,8:00:20 PM,7/9/2026,
489,42.2,gf,1.915,mm,OK,--,8:00:20 PM,7/9/2026,
490,42.2,gf,1.920,mm,OK,--,8:00:20 PM,7/9/2026,
491,42.4,gf,1.930,mm,OK,--,8:00:20 PM,7/9/2026,
492,42.4,gf,1.945,mm,OK,--,8:00:20 PM,7/9/2026,
493,42.4,gf,1.955,mm,OK,--,8:00:20 PM,7/9/2026,
494,42.5,gf,1.965,mm,OK,--,8:00:20 PM,7/9/2026,
495,42.5,gf,1.975,mm,OK,--,8:00:20 PM,7/9/2026,
496,42.5,gf,1.985,mm,OK,--,8:00:21 PM,7/9/2026,
497,42.6,gf,1.995,mm,OK,--,8:00:21 PM,7/9/2026,
498,42.6,gf,2.000,mm,OK,--,8:00:21 PM,7/9/2026,
499,42.6,gf,2.010,mm,OK,--,8:00:21 PM,7/9/2026,
500,42.6,gf,2.015,mm,OK,--,8:00:21 PM,7/9/2026,
501,42.7,gf,2.020,mm,OK,--,8:00:21 PM,7/9/2026,
502,42.7,gf,2.025,mm,OK,--,8:00:21 PM,7/9/2026,
503,42.7,gf,2.030,mm,OK,--,8:00:21 PM,7/9/2026,
504,42.7,gf,2.035,mm,OK,--,8:00:21 PM,7/9/2026,
505,42.7,gf,2.035,mm,OK,--,8:00:21 PM,7/9/2026,
506,42.8,gf,2.035,mm,OK,--,8:00:22 PM,7/9/2026,
507,42.7,gf,2.040,mm,OK,--,8:00:22 PM,7/9/2026,
508,42.8,gf,2.040,mm,OK,--,8:00:22 PM,7/9/2026,
509,42.8,gf,2.045,mm,OK,--,8:00:22 PM,7/9/2026,
510,42.8,gf,2.045,mm,OK,--,8:00:22 PM,7/9/2026,
511,42.8,gf,2.050,mm,OK,--,8:00:22 PM,7/9/2026,
512,42.8,gf,2.055,mm,OK,--,8:00:22 PM,7/9/2026,
513,42.8,gf,2.060,mm,OK,--,8:00:22 PM,7/9/2026,
514,42.8,gf,2.065,mm,OK,--,8:00:22 PM,7/9/2026,
515,42.8,gf,2.070,mm,OK,--,8:00:22 PM,7/9/2026,
516,42.8,gf,2.070,mm,OK,--,8:00:23 PM,7/9/2026,
517,42.8,gf,2.075,mm,OK,--,8:00:23 PM,7/9/2026,
518,42.9,gf,2.080,mm,OK,--,8:00:23 PM,7/9/2026,
519,42.9,gf,2.080,mm,OK,--,8:00:23 PM,7/9/2026,
520,42.9,gf,2.085,mm,OK,--,8:00:23 PM,7/9/2026,
521,42.9,gf,2.085,mm,OK,--,8:00:23 PM,7/9/2026,
522,43.0,gf,2.090,mm,OK,--,8:00:23 PM,7/9/2026,
523,42.9,gf,2.095,mm,OK,--,8:00:23 PM,7/9/2026,
524,43.0,gf,2.105,mm,OK,--,8:00:23 PM,7/9/2026,
525,43.0,gf,2.110,mm,OK,--,8:00:23 PM,7/9/2026,
526,43.0,gf,2.115,mm,OK,--,8:00:24 PM,7/9/2026,
527,43.0,gf,2.120,mm,OK,--,8:00:24 PM,7/9/2026,
528,43.0,gf,2.125,mm,OK,--,8:00:24 PM,7/9/2026,
529,43.0,gf,2.130,mm,OK,--,8:00:24 PM,7/9/2026,
530,43.0,gf,2.135,mm,OK,--,8:00:24 PM,7/9/2026,
531,43.0,gf,2.140,mm,OK,--,8:00:24 PM,7/9/2026,
532,43.0,gf,2.150,mm,OK,--,8:00:24 PM,7/9/2026,
533,43.0,gf,2.155,mm,OK,--,8:00:24 PM,7/9/2026,
534,43.1,gf,2.160,mm,OK,--,8:00:24 PM,7/9/2026,
535,43.1,gf,2.165,mm,OK,--,8:00:24 PM,7/9/2026,
536,43.2,gf,2.170,mm,OK,--,8:00:25 PM,7/9/2026,
537,43.2,gf,2.175,mm,OK,--,8:00:25 PM,7/9/2026,
538,43.3,gf,2.180,mm,OK,--,8:00:25 PM,7/9/2026,
539,43.3,gf,2.180,mm,OK,--,8:00:25 PM,7/9/2026,
540,43.4,gf,2.185,mm,OK,--,8:00:25 PM,7/9/2026,
541,43.5,gf,2.190,mm,OK,--,8:00:25 PM,7/9/2026,
542,43.4,gf,2.195,mm,OK,--,8:00:25 PM,7/9/2026,
543,43.5,gf,2.200,mm,OK,--,8:00:25 PM,7/9/2026,
544,43.5,gf,2.205,mm,OK,--,8:00:25 PM,7/9/2026,
545,43.6,gf,2.215,mm,OK,--,8:00:25 PM,7/9/2026,
546,43.6,gf,2.220,mm,OK,--,8:00:26 PM,7/9/2026,
547,43.6,gf,2.225,mm,OK,--,8:00:26 PM,7/9/2026,
548,43.6,gf,2.230,mm,OK,--,8:00:26 PM,7/9/2026,
549,43.5,gf,2.235,mm,OK,--,8:00:26 PM,7/9/2026,
550,43.6,gf,2.240,mm,OK,--,8:00:26 PM,7/9/2026,
551,43.6,gf,2.240,mm,OK,--,8:00:26 PM,7/9/2026,
552,43.6,gf,2.245,mm,OK,--,8:00:26 PM,7/9/2026,
553,43.6,gf,2.250,mm,OK,--,8:00:26 PM,7/9/2026,
554,43.7,gf,2.255,mm,OK,--,8:00:26 PM,7/9/2026,
555,43.7,gf,2.255,mm,OK,--,8:00:26 PM,7/9/2026,
556,43.7,gf,2.260,mm,OK,--,8:00:27 PM,7/9/2026,
557,43.7,gf,2.260,mm,OK,--,8:00:27 PM,7/9/2026,
558,43.7,gf,2.265,mm,OK,--,8:00:27 PM,7/9/2026,
559,43.8,gf,2.265,mm,OK,--,8:00:27 PM,7/9/2026,
560,43.8,gf,2.270,mm,OK,--,8:00:27 PM,7/9/2026,
561,43.8,gf,2.270,mm,OK,--,8:00:27 PM,7/9/2026,
562,43.8,gf,2.275,mm,OK,--,8:00:27 PM,7/9/2026,
563,43.8,gf,2.280,mm,OK,--,8:00:27 PM,7/9/2026,
564,43.8,gf,2.280,mm,OK,--,8:00:27 PM,7/9/2026,
565,43.9,gf,2.285,mm,OK,--,8:00:27 PM,7/9/2026,
566,43.9,gf,2.285,mm,OK,--,8:00:28 PM,7/9/2026,
567,43.9,gf,2.290,mm,OK,--,8:00:28 PM,7/9/2026,
568,43.9,gf,2.295,mm,OK,--,8:00:28 PM,7/9/2026,
569,43.9,gf,2.300,mm,OK,--,8:00:28 PM,7/9/2026,
570,43.9,gf,2.305,mm,OK,--,8:00:28 PM,7/9/2026,
571,43.9,gf,2.310,mm,OK,--,8:00:28 PM,7/9/2026,
572,43.9,gf,2.315,mm,OK,--,8:00:28 PM,7/9/2026,
573,44.0,gf,2.320,mm,OK,--,8:00:28 PM,7/9/2026,
574,44.0,gf,2.325,mm,OK,--,8:00:28 PM,7/9/2026,
575,44.0,gf,2.330,mm,OK,--,8:00:28 PM,7/9/2026,
576,44.0,gf,2.335,mm,OK,--,8:00:29 PM,7/9/2026,
577,44.0,gf,2.335,mm,OK,--,8:00:29 PM,7/9/2026,
578,44.0,gf,2.340,mm,OK,--,8:00:29 PM,7/9/2026,
579,44.0,gf,2.345,mm,OK,--,8:00:29 PM,7/9/2026,
580,44.1,gf,2.350,mm,OK,--,8:00:29 PM,7/9/2026,
581,44.1,gf,2.350,mm,OK,--,8:00:29 PM,7/9/2026,
582,44.1,gf,2.355,mm,OK,--,8:00:29 PM,7/9/2026,
583,44.1,gf,2.360,mm,OK,--,8:00:29 PM,7/9/2026,
584,44.1,gf,2.370,mm,OK,--,8:00:29 PM,7/9/2026,
585,44.1,gf,2.375,mm,OK,--,8:00:29 PM,7/9/2026,
586,44.1,gf,2.375,mm,OK,--,8:00:30 PM,7/9/2026,
587,44.1,gf,2.380,mm,OK,--,8:00:30 PM,7/9/2026,
588,44.1,gf,2.380,mm,OK,--,8:00:30 PM,7/9/2026,
589,44.1,gf,2.385,mm,OK,--,8:00:30 PM,7/9/2026,
590,44.2,gf,2.385,mm,OK,--,8:00:30 PM,7/9/2026,
591,44.2,gf,2.390,mm,OK,--,8:00:30 PM,7/9/2026,
592,44.2,gf,2.390,mm,OK,--,8:00:30 PM,7/9/2026,
593,44.2,gf,2.395,mm,OK,--,8:00:30 PM,7/9/2026,
594,44.2,gf,2.395,mm,OK,--,8:00:30 PM,7/9/2026,
595,44.2,gf,2.400,mm,OK,--,8:00:30 PM,7/9/2026,
596,44.2,gf,2.400,mm,OK,--,8:00:31 PM,7/9/2026,
597,44.2,gf,2.405,mm,OK,--,8:00:31 PM,7/9/2026,
598,44.2,gf,2.405,mm,OK,--,8:00:31 PM,7/9/2026,
599,44.2,gf,2.405,mm,OK,--,8:00:31 PM,7/9/2026,
600,44.2,gf,2.410,mm,OK,--,8:00:31 PM,7/9/2026,
601,44.2,gf,2.415,mm,OK,--,8:00:31 PM,7/9/2026,
602,44.2,gf,2.415,mm,OK,--,8:00:31 PM,7/9/2026,
603,44.2,gf,2.415,mm,OK,--,8:00:31 PM,7/9/2026,
604,44.2,gf,2.420,mm,OK,--,8:00:31 PM,7/9/2026,
605,44.3,gf,2.425,mm,OK,--,8:00:31 PM,7/9/2026,
606,44.3,gf,2.430,mm,OK,--,8:00:32 PM,7/9/2026,
607,44.3,gf,2.430,mm,OK,--,8:00:32 PM,7/9/2026,
608,44.3,gf,2.430,mm,OK,--,8:00:32 PM,7/9/2026,
609,44.3,gf,2.435,mm,OK,--,8:00:32 PM,7/9/2026,
610,44.3,gf,2.435,mm,OK,--,8:00:32 PM,7/9/2026,
611,44.3,gf,2.440,mm,OK,--,8:00:32 PM,7/9/2026,
612,44.4,gf,2.440,mm,OK,--,8:00:32 PM,7/9/2026,
613,44.4,gf,2.445,mm,OK,--,8:00:32 PM,7/9/2026,
614,44.4,gf,2.450,mm,OK,--,8:00:32 PM,7/9/2026,
615,44.4,gf,2.450,mm,OK,--,8:00:32 PM,7/9/2026,
616,44.4,gf,2.455,mm,OK,--,8:00:33 PM,7/9/2026,
617,44.4,gf,2.460,mm,OK,--,8:00:33 PM,7/9/2026,
618,44.4,gf,2.470,mm,OK,--,8:00:33 PM,7/9/2026,
619,44.4,gf,2.475,mm,OK,--,8:00:33 PM,7/9/2026,
620,44.4,gf,2.480,mm,OK,--,8:00:33 PM,7/9/2026,
621,44.4,gf,2.485,mm,OK,--,8:00:33 PM,7/9/2026,
622,44.4,gf,2.490,mm,OK,--,8:00:33 PM,7/9/2026,
623,44.5,gf,2.495,mm,OK,--,8:00:33 PM,7/9/2026,
624,44.6,gf,2.510,mm,OK,--,8:00:33 PM,7/9/2026,
625,44.6,gf,2.520,mm,OK,--,8:00:33 PM,7/9/2026,
626,44.6,gf,2.530,mm,OK,--,8:00:34 PM,7/9/2026,
627,44.7,gf,2.535,mm,OK,--,8:00:34 PM,7/9/2026,
628,44.7,gf,2.540,mm,OK,--,8:00:34 PM,7/9/2026,
629,44.7,gf,2.545,mm,OK,--,8:00:34 PM,7/9/2026,
630,44.8,gf,2.550,mm,OK,--,8:00:34 PM,7/9/2026,
631,44.8,gf,2.555,mm,OK,--,8:00:34 PM,7/9/2026,
632,44.7,gf,2.560,mm,OK,--,8:00:34 PM,7/9/2026,
633,44.8,gf,2.560,mm,OK,--,8:00:34 PM,7/9/2026,
634,44.8,gf,2.565,mm,OK,--,8:00:34 PM,7/9/2026,
635,44.8,gf,2.565,mm,OK,--,8:00:34 PM,7/9/2026,
636,44.9,gf,2.570,mm,OK,--,8:00:35 PM,7/9/2026,
637,44.8,gf,2.575,mm,OK,--,8:00:35 PM,7/9/2026,
638,44.8,gf,2.575,mm,OK,--,8:00:35 PM,7/9/2026,
639,44.9,gf,2.580,mm,OK,--,8:00:35 PM,7/9/2026,
640,44.8,gf,2.580,mm,OK,--,8:00:35 PM,7/9/2026,
641,44.9,gf,2.585,mm,OK,--,8:00:35 PM,7/9/2026,
642,44.9,gf,2.590,mm,OK,--,8:00:35 PM,7/9/2026,
643,44.9,gf,2.600,mm,OK,--,8:00:35 PM,7/9/2026,
644,44.9,gf,2.600,mm,OK,--,8:00:35 PM,7/9/2026,
645,45.0,gf,2.610,mm,OK,--,8:00:35 PM,7/9/2026,
646,44.9,gf,2.620,mm,OK,--,8:00:36 PM,7/9/2026,
647,44.9,gf,2.625,mm,OK,--,8:00:36 PM,7/9/2026,
648,45.0,gf,2.630,mm,OK,--,8:00:36 PM,7/9/2026,
649,45.0,gf,2.635,mm,OK,--,8:00:36 PM,7/9/2026,
650,45.0,gf,2.635,mm,OK,--,8:00:36 PM,7/9/2026,
651,45.0,gf,2.640,mm,OK,--,8:00:36 PM,7/9/2026,
652,45.1,gf,2.645,mm,OK,--,8:00:36 PM,7/9/2026,
653,45.0,gf,2.650,mm,OK,--,8:00:36 PM,7/9/2026,
654,45.0,gf,2.650,mm,OK,--,8:00:36 PM,7/9/2026,
655,45.0,gf,2.655,mm,OK,--,8:00:36 PM,7/9/2026,
656,45.0,gf,2.655,mm,OK,--,8:00:37 PM,7/9/2026,
657,45.0,gf,2.655,mm,OK,--,8:00:37 PM,7/9/2026,
658,45.0,gf,2.660,mm,OK,--,8:00:37 PM,7/9/2026,
659,45.1,gf,2.660,mm,OK,--,8:00:37 PM,7/9/2026,
660,45.1,gf,2.665,mm,OK,--,8:00:37 PM,7/9/2026,
661,45.1,gf,2.665,mm,OK,--,8:00:37 PM,7/9/2026,
662,45.1,gf,2.670,mm,OK,--,8:00:37 PM,7/9/2026,
663,45.1,gf,2.670,mm,OK,--,8:00:37 PM,7/9/2026,
664,45.1,gf,2.675,mm,OK,--,8:00:37 PM,7/9/2026,
665,45.1,gf,2.680,mm,OK,--,8:00:37 PM,7/9/2026,
666,45.3,gf,2.685,mm,OK,--,8:00:38 PM,7/9/2026,
667,45.3,gf,2.700,mm,OK,--,8:00:38 PM,7/9/2026,
668,45.4,gf,2.705,mm,OK,--,8:00:38 PM,7/9/2026,
669,45.5,gf,2.715,mm,OK,--,8:00:38 PM,7/9/2026,
670,45.5,gf,2.730,mm,OK,--,8:00:38 PM,7/9/2026,
671,45.5,gf,2.745,mm,OK,--,8:00:38 PM,7/9/2026,
672,45.5,gf,2.760,mm,OK,--,8:00:38 PM,7/9/2026,
673,45.6,gf,2.770,mm,OK,--,8:00:38 PM,7/9/2026,
674,45.6,gf,2.780,mm,OK,--,8:00:38 PM,7/9/2026,
675,45.7,gf,2.790,mm,OK,--,8:00:38 PM,7/9/2026,
676,45.7,gf,2.795,mm,OK,--,8:00:39 PM,7/9/2026,
677,45.7,gf,2.800,mm,OK,--,8:00:39 PM,7/9/2026,
678,45.8,gf,2.805,mm,OK,--,8:00:39 PM,7/9/2026,
679,45.7,gf,2.810,mm,OK,--,8:00:39 PM,7/9/2026,
680,45.8,gf,2.815,mm,OK,--,8:00:39 PM,7/9/2026,
681,45.8,gf,2.820,mm,OK,--,8:00:39 PM,7/9/2026,
682,45.8,gf,2.820,mm,OK,--,8:00:39 PM,7/9/2026,
683,45.8,gf,2.825,mm,OK,--,8:00:39 PM,7/9/2026,
684,45.8,gf,2.830,mm,OK,--,8:00:39 PM,7/9/2026,
685,45.8,gf,2.835,mm,OK,--,8:00:39 PM,7/9/2026,
686,45.8,gf,2.835,mm,OK,--,8:00:40 PM,7/9/2026,
687,45.8,gf,2.840,mm,OK,--,8:00:40 PM,7/9/2026,
688,45.8,gf,2.845,mm,OK,--,8:00:40 PM,7/9/2026,
689,45.9,gf,2.845,mm,OK,--,8:00:40 PM,7/9/2026,
690,45.9,gf,2.850,mm,OK,--,8:00:40 PM,7/9/2026,
691,45.9,gf,2.850,mm,OK,--,8:00:40 PM,7/9/2026,
692,45.9,gf,2.855,mm,OK,--,8:00:40 PM,7/9/2026,
693,45.9,gf,2.855,mm,OK,--,8:00:40 PM,7/9/2026,
694,45.9,gf,2.860,mm,OK,--,8:00:40 PM,7/9/2026,
695,46.0,gf,2.865,mm,OK,--,8:00:40 PM,7/9/2026,
696,46.0,gf,2.870,mm,OK,--,8:00:41 PM,7/9/2026,
697,46.0,gf,2.875,mm,OK,--,8:00:41 PM,7/9/2026,
698,46.0,gf,2.875,mm,OK,--,8:00:41 PM,7/9/2026,
699,46.0,gf,2.880,mm,OK,--,8:00:41 PM,7/9/2026,
700,46.0,gf,2.885,mm,OK,--,8:00:41 PM,7/9/2026,
701,46.0,gf,2.885,mm,OK,--,8:00:41 PM,7/9/2026,
702,46.1,gf,2.890,mm,OK,--,8:00:41 PM,7/9/2026,
703,46.1,gf,2.890,mm,OK,--,8:00:41 PM,7/9/2026,
704,46.1,gf,2.895,mm,OK,--,8:00:41 PM,7/9/2026,
705,46.1,gf,2.900,mm,OK,--,8:00:41 PM,7/9/2026,
706,46.1,gf,2.905,mm,OK,--,8:00:42 PM,7/9/2026,
707,46.2,gf,2.910,mm,OK,--,8:00:42 PM,7/9/2026,
708,46.2,gf,2.915,mm,OK,--,8:00:42 PM,7/9/2026,
709,46.2,gf,2.920,mm,OK,--,8:00:42 PM,7/9/2026,
710,46.3,gf,2.920,mm,OK,--,8:00:42 PM,7/9/2026,
711,46.2,gf,2.925,mm,OK,--,8:00:42 PM,7/9/2026,
712,46.3,gf,2.930,mm,OK,--,8:00:42 PM,7/9/2026,
713,46.3,gf,2.935,mm,OK,--,8:00:42 PM,7/9/2026,
714,46.3,gf,2.935,mm,OK,--,8:00:42 PM,7/9/2026,
715,46.3,gf,2.940,mm,OK,--,8:00:42 PM,7/9/2026,
716,46.3,gf,2.945,mm,OK,--,8:00:43 PM,7/9/2026,
717,46.4,gf,2.950,mm,OK,--,8:00:43 PM,7/9/2026,
718,46.4,gf,2.950,mm,OK,--,8:00:43 PM,7/9/2026,
719,46.4,gf,2.955,mm,OK,--,8:00:43 PM,7/9/2026,
720,46.4,gf,2.960,mm,OK,--,8:00:43 PM,7/9/2026,
721,46.4,gf,2.965,mm,OK,--,8:00:43 PM,7/9/2026,
722,46.4,gf,2.965,mm,OK,--,8:00:43 PM,7/9/2026,
723,46.5,gf,2.975,mm,OK,--,8:00:43 PM,7/9/2026,
724,46.6,gf,2.980,mm,OK,--,8:00:43 PM,7/9/2026,
725,46.8,gf,2.990,mm,OK,--,8:00:43 PM,7/9/2026,
726,46.8,gf,3.000,mm,OK,--,8:00:44 PM,7/9/2026,
727,46.9,gf,3.005,mm,OK,--,8:00:44 PM,7/9/2026,
728,46.9,gf,3.015,mm,OK,--,8:00:44 PM,7/9/2026,
729,47.0,gf,3.020,mm,OK,--,8:00:44 PM,7/9/2026,
730,47.0,gf,3.025,mm,OK,--,8:00:44 PM,7/9/2026,
731,47.1,gf,3.030,mm,OK,--,8:00:44 PM,7/9/2026,
732,47.1,gf,3.035,mm,OK,--,8:00:44 PM,7/9/2026,
733,47.1,gf,3.040,mm,OK,--,8:00:44 PM,7/9/2026,
734,47.1,gf,3.045,mm,OK,--,8:00:44 PM,7/9/2026,
735,47.1,gf,3.050,mm,OK,--,8:00:44 PM,7/9/2026,
736,47.1,gf,3.050,mm,OK,--,8:00:45 PM,7/9/2026,
737,47.1,gf,3.055,mm,OK,--,8:00:45 PM,7/9/2026,
738,47.1,gf,3.060,mm,OK,--,8:00:45 PM,7/9/2026,
739,47.1,gf,3.060,mm,OK,--,8:00:45 PM,7/9/2026,
740,47.1,gf,3.065,mm,OK,--,8:00:45 PM,7/9/2026,
741,47.2,gf,3.070,mm,OK,--,8:00:45 PM,7/9/2026,
742,47.2,gf,3.075,mm,OK,--,8:00:45 PM,7/9/2026,
743,47.2,gf,3.075,mm,OK,--,8:00:45 PM,7/9/2026,
744,47.2,gf,3.080,mm,OK,--,8:00:45 PM,7/9/2026,
745,47.2,gf,3.085,mm,OK,--,8:00:45 PM,7/9/2026,
746,47.2,gf,3.090,mm,OK,--,8:00:46 PM,7/9/2026,
747,47.2,gf,3.095,mm,OK,--,8:00:46 PM,7/9/2026,
748,47.3,gf,3.095,mm,OK,--,8:00:46 PM,7/9/2026,
749,47.3,gf,3.100,mm,OK,--,8:00:46 PM,7/9/2026,
750,47.3,gf,3.100,mm,OK,--,8:00:46 PM,7/9/2026,
751,47.3,gf,3.105,mm,OK,--,8:00:46 PM,7/9/2026,
752,47.3,gf,3.105,mm,OK,--,8:00:46 PM,7/9/2026,
753,47.3,gf,3.110,mm,OK,--,8:00:46 PM,7/9/2026,
754,47.3,gf,3.110,mm,OK,--,8:00:46 PM,7/9/2026,
755,47.4,gf,3.115,mm,OK,--,8:00:46 PM,7/9/2026,
756,47.4,gf,3.115,mm,OK,--,8:00:47 PM,7/9/2026,
757,47.4,gf,3.120,mm,OK,--,8:00:47 PM,7/9/2026,
758,47.4,gf,3.125,mm,OK,--,8:00:47 PM,7/9/2026,
759,47.4,gf,3.125,mm,OK,--,8:00:47 PM,7/9/2026,
760,47.4,gf,3.130,mm,OK,--,8:00:47 PM,7/9/2026,
761,47.5,gf,3.130,mm,OK,--,8:00:47 PM,7/9/2026,
762,47.5,gf,3.135,mm,OK,--,8:00:47 PM,7/9/2026,
763,47.5,gf,3.140,mm,OK,--,8:00:47 PM,7/9/2026,
764,47.5,gf,3.140,mm,OK,--,8:00:47 PM,7/9/2026,
765,47.6,gf,3.140,mm,OK,--,8:00:47 PM,7/9/2026,
766,47.6,gf,3.145,mm,OK,--,8:00:48 PM,7/9/2026,
767,47.6,gf,3.145,mm,OK,--,8:00:48 PM,7/9/2026,
768,47.6,gf,3.150,mm,OK,--,8:00:48 PM,7/9/2026,
769,47.6,gf,3.150,mm,OK,--,8:00:48 PM,7/9/2026,
770,47.6,gf,3.155,mm,OK,--,8:00:48 PM,7/9/2026,
771,47.7,gf,3.155,mm,OK,--,8:00:48 PM,7/9/2026,
772,47.7,gf,3.160,mm,OK,--,8:00:48 PM,7/9/2026,
773,47.7,gf,3.165,mm,OK,--,8:00:48 PM,7/9/2026,
774,47.8,gf,3.165,mm,OK,--,8:00:48 PM,7/9/2026,
775,47.8,gf,3.170,mm,OK,--,8:00:48 PM,7/9/2026,
776,47.8,gf,3.175,mm,OK,--,8:00:49 PM,7/9/2026,
777,47.8,gf,3.180,mm,OK,--,8:00:49 PM,7/9/2026,
778,47.9,gf,3.180,mm,OK,--,8:00:49 PM,7/9/2026,
779,47.9,gf,3.185,mm,OK,--,8:00:49 PM,7/9/2026,
780,47.9,gf,3.190,mm,OK,--,8:00:49 PM,7/9/2026,
781,48.0,gf,3.195,mm,OK,--,8:00:49 PM,7/9/2026,
782,48.0,gf,3.200,mm,OK,--,8:00:49 PM,7/9/2026,
783,48.0,gf,3.205,mm,OK,--,8:00:49 PM,7/9/2026,
784,48.1,gf,3.205,mm,OK,--,8:00:49 PM,7/9/2026,
785,48.1,gf,3.210,mm,OK,--,8:00:49 PM,7/9/2026,
786,48.1,gf,3.215,mm,OK,--,8:00:50 PM,7/9/2026,
787,48.1,gf,3.220,mm,OK,--,8:00:50 PM,7/9/2026,
788,48.1,gf,3.225,mm,OK,--,8:00:50 PM,7/9/2026,
789,48.1,gf,3.230,mm,OK,--,8:00:50 PM,7/9/2026,
790,48.1,gf,3.235,mm,OK,--,8:00:50 PM,7/9/2026,
791,48.1,gf,3.240,mm,OK,--,8:00:50 PM,7/9/2026,
792,48.2,gf,3.245,mm,OK,--,8:00:50 PM,7/9/2026,
793,48.2,gf,3.250,mm,OK,--,8:00:50 PM,7/9/2026,
794,48.2,gf,3.255,mm,OK,--,8:00:50 PM,7/9/2026,
795,48.2,gf,3.260,mm,OK,--,8:00:50 PM,7/9/2026,
796,48.2,gf,3.265,mm,OK,--,8:00:51 PM,7/9/2026,
797,48.3,gf,3.270,mm,OK,--,8:00:51 PM,7/9/2026,
798,48.3,gf,3.275,mm,OK,--,8:00:51 PM,7/9/2026,
799,48.3,gf,3.280,mm,OK,--,8:00:51 PM,7/9/2026,
800,48.3,gf,3.285,mm,OK,--,8:00:51 PM,7/9/2026,
801,48.4,gf,3.290,mm,OK,--,8:00:51 PM,7/9/2026,
802,48.4,gf,3.295,mm,OK,--,8:00:51 PM,7/9/2026,
803,48.4,gf,3.295,mm,OK,--,8:00:51 PM,7/9/2026,
804,48.4,gf,3.300,mm,OK,--,8:00:51 PM,7/9/2026,
805,48.5,gf,3.305,mm,OK,--,8:00:51 PM,7/9/2026,
806,48.5,gf,3.310,mm,OK,--,8:00:52 PM,7/9/2026,
807,48.5,gf,3.315,mm,OK,--,8:00:52 PM,7/9/2026,
808,48.5,gf,3.320,mm,OK,--,8:00:52 PM,7/9/2026,
809,48.5,gf,3.320,mm,OK,--,8:00:52 PM,7/9/2026,
810,48.5,gf,3.325,mm,OK,--,8:00:52 PM,7/9/2026,
811,48.6,gf,3.330,mm,OK,--,8:00:52 PM,7/9/2026,
812,48.6,gf,3.335,mm,OK,--,8:00:52 PM,7/9/2026,
813,48.6,gf,3.335,mm,OK,--,8:00:52 PM,7/9/2026,
814,48.6,gf,3.340,mm,OK,--,8:00:52 PM,7/9/2026,
815,48.6,gf,3.340,mm,OK,--,8:00:52 PM,7/9/2026,
816,48.6,gf,3.345,mm,OK,--,8:00:53 PM,7/9/2026,
817,48.6,gf,3.345,mm,OK,--,8:00:53 PM,7/9/2026,
818,48.6,gf,3.345,mm,OK,--,8:00:53 PM,7/9/2026,
819,48.6,gf,3.350,mm,OK,--,8:00:53 PM,7/9/2026,
820,48.6,gf,3.350,mm,OK,--,8:00:53 PM,7/9/2026,
821,48.6,gf,3.350,mm,OK,--,8:00:53 PM,7/9/2026,
822,48.7,gf,3.355,mm,OK,--,8:00:53 PM,7/9/2026,
823,48.7,gf,3.360,mm,OK,--,8:00:53 PM,7/9/2026,
824,48.7,gf,3.360,mm,OK,--,8:00:53 PM,7/9/2026,
825,48.7,gf,3.365,mm,OK,--,8:00:53 PM,7/9/2026,
826,48.7,gf,3.375,mm,OK,--,8:00:54 PM,7/9/2026,
827,48.7,gf,3.380,mm,OK,--,8:00:54 PM,7/9/2026,
828,48.8,gf,3.390,mm,OK,--,8:00:54 PM,7/9/2026,
829,48.9,gf,3.400,mm,OK,--,8:00:54 PM,7/9/2026,
830,48.9,gf,3.410,mm,OK,--,8:00:54 PM,7/9/2026,
831,49.0,gf,3.415,mm,OK,--,8:00:54 PM,7/9/2026,
832,49.0,gf,3.425,mm,OK,--,8:00:54 PM,7/9/2026,
833,49.0,gf,3.435,mm,OK,--,8:00:54 PM,7/9/2026,
834,49.1,gf,3.445,mm,OK,--,8:00:54 PM,7/9/2026,
835,49.1,gf,3.450,mm,OK,--,8:00:54 PM,7/9/2026,
836,49.2,gf,3.460,mm,OK,--,8:00:55 PM,7/9/2026,
837,49.2,gf,3.465,mm,OK,--,8:00:55 PM,7/9/2026,
838,49.2,gf,3.475,mm,OK,--,8:00:55 PM,7/9/2026,
839,49.2,gf,3.480,mm,OK,--,8:00:55 PM,7/9/2026,
840,49.2,gf,3.485,mm,OK,--,8:00:55 PM,7/9/2026,
841,49.2,gf,3.490,mm,OK,--,8:00:55 PM,7/9/2026,
842,49.2,gf,3.495,mm,OK,--,8:00:55 PM,7/9/2026,
843,49.2,gf,3.500,mm,OK,--,8:00:55 PM,7/9/2026,
844,49.2,gf,3.505,mm,OK,--,8:00:55 PM,7/9/2026,
845,49.2,gf,3.510,mm,OK,--,8:00:55 PM,7/9/2026,
846,49.3,gf,3.515,mm,OK,--,8:00:56 PM,7/9/2026,
847,49.3,gf,3.520,mm,OK,--,8:00:56 PM,7/9/2026,
848,49.3,gf,3.520,mm,OK,--,8:00:56 PM,7/9/2026,
849,49.3,gf,3.525,mm,OK,--,8:00:56 PM,7/9/2026,
850,49.3,gf,3.525,mm,OK,--,8:00:56 PM,7/9/2026,
851,49.3,gf,3.530,mm,OK,--,8:00:56 PM,7/9/2026,
852,49.3,gf,3.535,mm,OK,--,8:00:56 PM,7/9/2026,
853,49.4,gf,3.535,mm,OK,--,8:00:56 PM,7/9/2026,
854,49.4,gf,3.540,mm,OK,--,8:00:56 PM,7/9/2026,
855,49.5,gf,3.545,mm,OK,--,8:00:56 PM,7/9/2026,
856,49.5,gf,3.550,mm,OK,--,8:00:57 PM,7/9/2026,
857,49.5,gf,3.555,mm,OK,--,8:00:57 PM,7/9/2026,
858,49.5,gf,3.560,mm,OK,--,8:00:57 PM,7/9/2026,
859,49.5,gf,3.560,mm,OK,--,8:00:57 PM,7/9/2026,
860,49.5,gf,3.560,mm,OK,--,8:00:57 PM,7/9/2026,
861,49.5,gf,3.565,mm,OK,--,8:00:57 PM,7/9/2026,
862,49.5,gf,3.565,mm,OK,--,8:00:57 PM,7/9/2026,
863,49.5,gf,3.565,mm,OK,--,8:00:57 PM,7/9/2026,
864,49.5,gf,3.570,mm,OK,--,8:00:57 PM,7/9/2026,
865,49.6,gf,3.570,mm,OK,--,8:00:57 PM,7/9/2026,
866,49.6,gf,3.570,mm,OK,--,8:00:58 PM,7/9/2026,
867,49.5,gf,3.570,mm,OK,--,8:00:58 PM,7/9/2026,
868,49.5,gf,3.575,mm,OK,--,8:00:58 PM,7/9/2026,
869,49.5,gf,3.575,mm,OK,--,8:00:58 PM,7/9/2026,
870,49.6,gf,3.575,mm,OK,--,8:00:58 PM,7/9/2026,
871,49.6,gf,3.575,mm,OK,--,8:00:58 PM,7/9/2026,
872,49.6,gf,3.580,mm,OK,--,8:00:58 PM,7/9/2026,
873,49.6,gf,3.585,mm,OK,--,8:00:58 PM,7/9/2026,
874,49.6,gf,3.595,mm,OK,--,8:00:58 PM,7/9/2026,
875,49.8,gf,3.605,mm,OK,--,8:00:58 PM,7/9/2026,
876,49.8,gf,3.625,mm,OK,--,8:00:59 PM,7/9/2026,
877,49.8,gf,3.630,mm,OK,--,8:00:59 PM,7/9/2026,
878,49.9,gf,3.635,mm,OK,--,8:00:59 PM,7/9/2026,
879,49.9,gf,3.640,mm,OK,--,8:00:59 PM,7/9/2026,
880,49.9,gf,3.645,mm,OK,--,8:00:59 PM,7/9/2026,
881,49.8,gf,3.645,mm,OK,--,8:00:59 PM,7/9/2026,
882,49.9,gf,3.650,mm,OK,--,8:00:59 PM,7/9/2026,
883,49.9,gf,3.655,mm,OK,--,8:00:59 PM,7/9/2026,
884,49.9,gf,3.660,mm,OK,--,8:00:59 PM,7/9/2026,
885,49.9,gf,3.670,mm,OK,--,8:00:59 PM,7/9/2026,
886,50.0,gf,3.675,mm,OK,--,8:01:00 PM,7/9/2026,
887,50.0,gf,3.680,mm,OK,--,8:01:00 PM,7/9/2026,
888,50.0,gf,3.685,mm,OK,--,8:01:00 PM,7/9/2026,
889,50.0,gf,3.685,mm,OK,--,8:01:00 PM,7/9/2026,
890,50.1,gf,3.695,mm,OK,--,8:01:00 PM,7/9/2026,
891,50.1,gf,3.700,mm,OK,--,8:01:00 PM,7/9/2026,
892,50.1,gf,3.715,mm,OK,--,8:01:00 PM,7/9/2026,
893,50.2,gf,3.725,mm,OK,--,8:01:00 PM,7/9/2026,
894,50.3,gf,3.735,mm,OK,--,8:01:00 PM,7/9/2026,
895,50.2,gf,3.745,mm,OK,--,8:01:00 PM,7/9/2026,
896,50.3,gf,3.755,mm,OK,--,8:01:01 PM,7/9/2026,
897,50.3,gf,3.770,mm,OK,--,8:01:01 PM,7/9/2026,
898,50.4,gf,3.780,mm,OK,--,8:01:01 PM,7/9/2026,
899,50.5,gf,3.790,mm,OK,--,8:01:01 PM,7/9/2026,
900,50.5,gf,3.805,mm,OK,--,8:01:01 PM,7/9/2026,
901,50.6,gf,3.815,mm,OK,--,8:01:01 PM,7/9/2026,
902,50.7,gf,3.835,mm,OK,--,8:01:01 PM,7/9/2026,
903,50.8,gf,3.855,mm,OK,--,8:01:01 PM,7/9/2026,
904,50.8,gf,3.870,mm,OK,--,8:01:01 PM,7/9/2026,
905,50.9,gf,3.895,mm,OK,--,8:01:01 PM,7/9/2026,
906,51.0,gf,3.915,mm,OK,--,8:01:02 PM,7/9/2026,
907,51.0,gf,3.925,mm,OK,--,8:01:02 PM,7/9/2026,
908,51.0,gf,3.930,mm,OK,--,8:01:02 PM,7/9/2026,
909,51.1,gf,3.935,mm,OK,--,8:01:02 PM,7/9/2026,
910,51.1,gf,3.935,mm,OK,--,8:01:02 PM,7/9/2026,
911,51.1,gf,3.940,mm,OK,--,8:01:02 PM,7/9/2026,
912,51.1,gf,3.945,mm,OK,--,8:01:02 PM,7/9/2026,
913,51.1,gf,3.950,mm,OK,--,8:01:02 PM,7/9/2026,
914,51.2,gf,3.955,mm,OK,--,8:01:02 PM,7/9/2026,
915,51.2,gf,3.960,mm,OK,--,8:01:02 PM,7/9/2026,
916,51.2,gf,3.960,mm,OK,--,8:01:03 PM,7/9/2026,
917,51.3,gf,3.965,mm,OK,--,8:01:03 PM,7/9/2026,
918,51.2,gf,3.965,mm,OK,--,8:01:03 PM,7/9/2026,
919,51.3,gf,3.970,mm,OK,--,8:01:03 PM,7/9/2026,
920,51.3,gf,3.970,mm,OK,--,8:01:03 PM,7/9/2026,
921,51.3,gf,3.975,mm,OK,--,8:01:03 PM,7/9/2026,
922,51.4,gf,3.980,mm,OK,--,8:01:03 PM,7/9/2026,
923,51.4,gf,3.980,mm,OK,--,8:01:03 PM,7/9/2026,
924,51.4,gf,3.985,mm,OK,--,8:01:03 PM,7/9/2026,
925,51.4,gf,3.990,mm,OK,--,8:01:03 PM,7/9/2026,
926,51.4,gf,3.990,mm,OK,--,8:01:04 PM,7/9/2026,
927,51.4,gf,3.995,mm,OK,--,8:01:04 PM,7/9/2026,
928,51.4,gf,3.995,mm,OK,--,8:01:04 PM,7/9/2026,
929,51.4,gf,4.000,mm,OK,--,8:01:04 PM,7/9/2026,
930,51.4,gf,4.000,mm,OK,--,8:01:04 PM,7/9/2026,
931,51.4,gf,4.005,mm,OK,--,8:01:04 PM,7/9/2026,
932,51.4,gf,4.005,mm,OK,--,8:01:04 PM,7/9/2026,
933,51.4,gf,4.010,mm,OK,--,8:01:04 PM,7/9/2026,
934,51.4,gf,4.015,mm,OK,--,8:01:04 PM,7/9/2026,
935,51.6,gf,4.020,mm,OK,--,8:01:04 PM,7/9/2026,
936,56.6,gf,4.025,mm,OK,--,8:01:05 PM,7/9/2026,
937,61.3,gf,4.030,mm,OK,--,8:01:05 PM,7/9/2026,
938,64.8,gf,4.035,mm,OK,--,8:01:05 PM,7/9/2026,
939,67.6,gf,4.035,mm,OK,--,8:01:05 PM,7/9/2026,
940,70.0,gf,4.040,mm,OK,--,8:01:05 PM,7/9/2026,
941,72.7,gf,4.040,mm,OK,--,8:01:05 PM,7/9/2026,
942,76.0,gf,4.045,mm,OK,--,8:01:05 PM,7/9/2026,
943,79.4,gf,4.050,mm,OK,--,8:01:05 PM,7/9/2026,
944,82.6,gf,4.055,mm,OK,--,8:01:05 PM,7/9/2026,
945,84.4,gf,4.055,mm,OK,--,8:01:05 PM,7/9/2026,
946,85.1,gf,4.055,mm,OK,--,8:01:06 PM,7/9/2026,
947,86.3,gf,4.055,mm,OK,--,8:01:06 PM,7/9/2026,
948,88.8,gf,4.060,mm,OK,--,8:01:06 PM,7/9/2026,
949,92.7,gf,4.065,mm,OK,--,8:01:06 PM,7/9/2026,
950,98.2,gf,4.070,mm,OK,--,8:01:06 PM,7/9/2026,
951,102.9,gf,4.075,mm,OK,--,8:01:06 PM,7/9/2026,
952,106.6,gf,4.080,mm,OK,--,8:01:06 PM,7/9/2026,
953,110.2,gf,4.080,mm,OK,--,8:01:06 PM,7/9/2026,
954,112.7,gf,4.085,mm,OK,--,8:01:06 PM,7/9/2026,
955,114.8,gf,4.085,mm,OK,--,8:01:06 PM,7/9/2026,
956,116.3,gf,4.085,mm,OK,--,8:01:07 PM,7/9/2026,
957,117.6,gf,4.090,mm,OK,--,8:01:07 PM,7/9/2026,
958,118.8,gf,4.090,mm,OK,--,8:01:07 PM,7/9/2026,
959,119.9,gf,4.090,mm,OK,--,8:01:07 PM,7/9/2026,
960,120.9,gf,4.090,mm,OK,--,8:01:07 PM,7/9/2026,
961,122.2,gf,4.095,mm,OK,--,8:01:07 PM,7/9/2026,
962,123.4,gf,4.095,mm,OK,--,8:01:07 PM,7/9/2026,
963,124.5,gf,4.095,mm,OK,--,8:01:07 PM,7/9/2026,
964,125.3,gf,4.095,mm,OK,--,8:01:07 PM,7/9/2026,
965,126.1,gf,4.100,mm,OK,--,8:01:07 PM,7/9/2026,
966,127.1,gf,4.100,mm,OK,--,8:01:08 PM,7/9/2026,
967,128.1,gf,4.100,mm,OK,--,8:01:08 PM,7/9/2026,
968,129.0,gf,4.100,mm,OK,--,8:01:08 PM,7/9/2026,
969,130.9,gf,4.105,mm,OK,--,8:01:08 PM,7/9/2026,
970,132.8,gf,4.105,mm,OK,--,8:01:08 PM,7/9/2026,
971,133.6,gf,4.105,mm,OK,--,8:01:08 PM,7/9/2026,
972,134.4,gf,4.105,mm,OK,--,8:01:08 PM,7/9/2026,
973,135.3,gf,4.105,mm,OK,--,8:01:08 PM,7/9/2026,
974,135.9,gf,4.110,mm,OK,--,8:01:08 PM,7/9/2026,
975,136.8,gf,4.110,mm,OK,--,8:01:08 PM,7/9/2026,
976,137.6,gf,4.110,mm,OK,--,8:01:09 PM,7/9/2026,
977,138.9,gf,4.110,mm,OK,--,8:01:09 PM,7/9/2026,
978,140.3,gf,4.115,mm,OK,--,8:01:09 PM,7/9/2026,
979,141.8,gf,4.115,mm,OK,--,8:01:09 PM,7/9/2026,
980,143.3,gf,4.115,mm,OK,--,8:01:09 PM,7/9/2026,
981,144.8,gf,4.120,mm,OK,--,8:01:09 PM,7/9/2026,
982,146.6,gf,4.120,mm,OK,--,8:01:09 PM,7/9/2026,
983,148.6,gf,4.120,mm,OK,--,8:01:09 PM,7/9/2026,
984,150.1,gf,4.125,mm,OK,--,8:01:09 PM,7/9/2026,
985,151.4,gf,4.125,mm,OK,--,8:01:09 PM,7/9/2026,
986,153.0,gf,4.125,mm,OK,--,8:01:10 PM,7/9/2026,
987,154.8,gf,4.130,mm,OK,--,8:01:10 PM,7/9/2026,
988,157.0,gf,4.130,mm,OK,--,8:01:10 PM,7/9/2026,
989,159.0,gf,4.135,mm,OK,--,8:01:10 PM,7/9/2026,
990,161.3,gf,4.135,mm,OK,--,8:01:10 PM,7/9/2026,
991,163.5,gf,4.135,mm,OK,--,8:01:10 PM,7/9/2026,
992,165.8,gf,4.140,mm,OK,--,8:01:10 PM,7/9/2026,
993,168.6,gf,4.140,mm,OK,--,8:01:10 PM,7/9/2026,
994,171.6,gf,4.145,mm,OK,--,8:01:10 PM,7/9/2026,
995,174.6,gf,4.150,mm,OK,--,8:01:10 PM,7/9/2026,
996,177.1,gf,4.150,mm,OK,--,8:01:11 PM,7/9/2026,
997,179.6,gf,4.155,mm,OK,--,8:01:11 PM,7/9/2026,
998,182.0,gf,4.155,mm,OK,--,8:01:11 PM,7/9/2026,
999,185.3,gf,4.160,mm,OK,--,8:01:11 PM,7/9/2026,
1000,188.5,gf,4.160,mm,OK,--,8:01:11 PM,7/9/2026,
1001,191.8,gf,4.165,mm,OK,--,8:01:11 PM,7/9/2026,
1002,194.8,gf,4.170,mm,OK,--,8:01:11 PM,7/9/2026,
1003,197.0,gf,4.170,mm,OK,--,8:01:11 PM,7/9/2026,
1004,198.3,gf,4.170,mm,OK,--,8:01:11 PM,7/9/2026,
1005,198.6,gf,4.170,mm,OK,--,8:01:11 PM,7/9/2026,
1006,198.5,gf,4.170,mm,OK,--,8:01:12 PM,7/9/2026,
1007,198.4,gf,4.170,mm,OK,--,8:01:12 PM,7/9/2026,
1008,198.3,gf,4.170,mm,OK,--,8:01:12 PM,7/9/2026,
1009,198.2,gf,4.170,mm,OK,--,8:01:12 PM,7/9/2026,
1010,198.1,gf,4.170,mm,OK,--,8:01:12 PM,7/9/2026,
1011,198.1,gf,4.170,mm,OK,--,8:01:12 PM,7/9/2026,
1012,197.9,gf,4.170,mm,OK,--,8:01:12 PM,7/9/2026,
1013,197.8,gf,4.170,mm,OK,--,8:01:12 PM,7/9/2026,
1014,197.8,gf,4.170,mm,OK,--,8:01:12 PM,7/9/2026,
1015,197.7,gf,4.170,mm,OK,--,8:01:12 PM,7/9/2026,
1016,197.7,gf,4.170,mm,OK,--,8:01:13 PM,7/9/2026,
1017,197.7,gf,4.170,mm,OK,--,8:01:13 PM,7/9/2026,
1018,197.6,gf,4.170,mm,OK,--,8:01:13 PM,7/9/2026,
1019,197.5,gf,4.170,mm,OK,--,8:01:13 PM,7/9/2026,
1020,197.5,gf,4.170,mm,OK,--,8:01:13 PM,7/9/2026,
1021,197.5,gf,4.170,mm,OK,--,8:01:13 PM,7/9/2026,
1022,197.5,gf,4.170,mm,OK,--,8:01:13 PM,7/9/2026,
1023,197.4,gf,4.170,mm,OK,--,8:01:13 PM,7/9/2026,
1024,197.4,gf,4.170,mm,OK,--,8:01:13 PM,7/9/2026,
1025,197.2,gf,4.170,mm,OK,--,8:01:13 PM,7/9/2026,
1026,197.0,gf,4.170,mm,OK,--,8:01:14 PM,7/9/2026,
1027,196.9,gf,4.170,mm,OK,--,8:01:14 PM,7/9/2026,
1028,196.6,gf,4.170,mm,OK,--,8:01:14 PM,7/9/2026,
1029,196.6,gf,4.170,mm,OK,--,8:01:14 PM,7/9/2026,
1030,196.6,gf,4.170,mm,OK,--,8:01:14 PM,7/9/2026,
1031,196.1,gf,4.170,mm,OK,--,8:01:14 PM,7/9/2026,
1032,194.9,gf,4.170,mm,OK,--,8:01:14 PM,7/9/2026,
1033,193.7,gf,4.170,mm,OK,--,8:01:14 PM,7/9/2026,
1034,191.0,gf,4.170,mm,OK,--,8:01:14 PM,7/9/2026,
1035,185.8,gf,4.165,mm,OK,--,8:01:14 PM,7/9/2026,
1036,181.6,gf,4.160,mm,OK,--,8:01:15 PM,7/9/2026,
1037,179.2,gf,4.155,mm,OK,--,8:01:15 PM,7/9/2026,
1038,177.6,gf,4.155,mm,OK,--,8:01:15 PM,7/9/2026,
1039,175.4,gf,4.155,mm,OK,--,8:01:15 PM,7/9/2026,
1040,174.3,gf,4.150,mm,OK,--,8:01:15 PM,7/9/2026,
1041,173.7,gf,4.150,mm,OK,--,8:01:15 PM,7/9/2026,
1042,173.5,gf,4.150,mm,OK,--,8:01:15 PM,7/9/2026,
1043,173.3,gf,4.150,mm,OK,--,8:01:15 PM,7/9/2026,
1044,172.9,gf,4.150,mm,OK,--,8:01:15 PM,7/9/2026,
1045,171.8,gf,4.150,mm,OK,--,8:01:15 PM,7/9/2026,
1046,169.5,gf,4.145,mm,OK,--,8:01:16 PM,7/9/2026,
1047,167.7,gf,4.145,mm,OK,--,8:01:16 PM,7/9/2026,
1048,167.0,gf,4.145,mm,OK,--,8:01:16 PM,7/9/2026,
1049,166.7,gf,4.145,mm,OK,--,8:01:16 PM,7/9/2026,
1050,166.4,gf,4.145,mm,OK,--,8:01:16 PM,7/9/2026,
1051,166.1,gf,4.145,mm,OK,--,8:01:16 PM,7/9/2026,
1052,165.9,gf,4.145,mm,OK,--,8:01:16 PM,7/9/2026,
1053,165.6,gf,4.145,mm,OK,--,8:01:16 PM,7/9/2026,
1054,165.2,gf,4.145,mm,OK,--,8:01:16 PM,7/9/2026,
1055,164.7,gf,4.145,mm,OK,--,8:01:16 PM,7/9/2026,
1056,164.0,gf,4.140,mm,OK,--,8:01:17 PM,7/9/2026,
1057,163.4,gf,4.140,mm,OK,--,8:01:17 PM,7/9/2026,
1058,162.9,gf,4.140,mm,OK,--,8:01:17 PM,7/9/2026,
1059,162.5,gf,4.140,mm,OK,--,8:01:17 PM,7/9/2026,
1060,162.0,gf,4.140,mm,OK,--,8:01:17 PM,7/9/2026,
1061,161.5,gf,4.140,mm,OK,--,8:01:17 PM,7/9/2026,
1062,161.0,gf,4.140,mm,OK,--,8:01:17 PM,7/9/2026,
1063,160.7,gf,4.140,mm,OK,--,8:01:17 PM,7/9/2026,
1064,160.5,gf,4.140,mm,OK,--,8:01:17 PM,7/9/2026,
1065,160.4,gf,4.140,mm,OK,--,8:01:17 PM,7/9/2026,
1066,160.0,gf,4.140,mm,OK,--,8:01:18 PM,7/9/2026,
1067,159.6,gf,4.140,mm,OK,--,8:01:18 PM,7/9/2026,
1068,159.4,gf,4.135,mm,OK,--,8:01:18 PM,7/9/2026,
1069,158.8,gf,4.135,mm,OK,--,8:01:18 PM,7/9/2026,
1070,157.3,gf,4.135,mm,OK,--,8:01:18 PM,7/9/2026,
1071,156.5,gf,4.135,mm,OK,--,8:01:18 PM,7/9/2026,
1072,156.1,gf,4.135,mm,OK,--,8:01:18 PM,7/9/2026,
1073,155.4,gf,4.135,mm,OK,--,8:01:18 PM,7/9/2026,
1074,155.0,gf,4.135,mm,OK,--,8:01:18 PM,7/9/2026,
1075,154.2,gf,4.135,mm,OK,--,8:01:18 PM,7/9/2026,
1076,153.1,gf,4.130,mm,OK,--,8:01:19 PM,7/9/2026,
1077,151.9,gf,4.130,mm,OK,--,8:01:19 PM,7/9/2026,
1078,150.6,gf,4.130,mm,OK,--,8:01:19 PM,7/9/2026,
1079,149.8,gf,4.130,mm,OK,--,8:01:19 PM,7/9/2026,
1080,148.4,gf,4.125,mm,OK,--,8:01:19 PM,7/9/2026,
1081,146.9,gf,4.125,mm,OK,--,8:01:19 PM,7/9/2026,
1082,145.1,gf,4.125,mm,OK,--,8:01:19 PM,7/9/2026,
1083,142.9,gf,4.120,mm,OK,--,8:01:19 PM,7/9/2026,
1084,141.1,gf,4.120,mm,OK,--,8:01:19 PM,7/9/2026,
1085,139.3,gf,4.120,mm,OK,--,8:01:19 PM,7/9/2026,
1086,138.0,gf,4.115,mm,OK,--,8:01:20 PM,7/9/2026,
1087,136.7,gf,4.115,mm,OK,--,8:01:20 PM,7/9/2026,
1088,135.2,gf,4.115,mm,OK,--,8:01:20 PM,7/9/2026,
1089,133.5,gf,4.110,mm,OK,--,8:01:20 PM,7/9/2026,
1090,131.7,gf,4.110,mm,OK,--,8:01:20 PM,7/9/2026,
1091,130.0,gf,4.110,mm,OK,--,8:01:20 PM,7/9/2026,
1092,128.4,gf,4.105,mm,OK,--,8:01:20 PM,7/9/2026,
1093,126.7,gf,4.105,mm,OK,--,8:01:20 PM,7/9/2026,
1094,125.6,gf,4.105,mm,OK,--,8:01:20 PM,7/9/2026,
1095,124.8,gf,4.105,mm,OK,--,8:01:20 PM,7/9/2026,
1096,123.9,gf,4.100,mm,OK,--,8:01:21 PM,7/9/2026,
1097,122.6,gf,4.100,mm,OK,--,8:01:21 PM,7/9/2026,
1098,120.1,gf,4.100,mm,OK,--,8:01:21 PM,7/9/2026,
1099,117.5,gf,4.095,mm,OK,--,8:01:21 PM,7/9/2026,
1100,115.6,gf,4.095,mm,OK,--,8:01:21 PM,7/9/2026,
1101,114.2,gf,4.090,mm,OK,--,8:01:21 PM,7/9/2026,
1102,113.3,gf,4.090,mm,OK,--,8:01:21 PM,7/9/2026,
1103,112.2,gf,4.090,mm,OK,--,8:01:21 PM,7/9/2026,
1104,108.6,gf,4.085,mm,OK,--,8:01:21 PM,7/9/2026,
1105,103.3,gf,4.080,mm,OK,--,8:01:21 PM,7/9/2026,
1106,99.4,gf,4.075,mm,OK,--,8:01:22 PM,7/9/2026,
1107,96.7,gf,4.075,mm,OK,--,8:01:22 PM,7/9/2026,
1108,94.9,gf,4.075,mm,OK,--,8:01:22 PM,7/9/2026,
1109,93.4,gf,4.070,mm,OK,--,8:01:22 PM,7/9/2026,
1110,91.9,gf,4.070,mm,OK,--,8:01:22 PM,7/9/2026,
1111,90.4,gf,4.070,mm,OK,--,8:01:22 PM,7/9/2026,
1112,88.7,gf,4.065,mm,OK,--,8:01:22 PM,7/9/2026,
1113,87.1,gf,4.065,mm,OK,--,8:01:22 PM,7/9/2026,
1114,85.7,gf,4.065,mm,OK,--,8:01:22 PM,7/9/2026,
1115,84.3,gf,4.060,mm,OK,--,8:01:22 PM,7/9/2026,
1116,82.9,gf,4.060,mm,OK,--,8:01:23 PM,7/9/2026,
1117,81.2,gf,4.060,mm,OK,--,8:01:23 PM,7/9/2026,
1118,79.8,gf,4.055,mm,OK,--,8:01:23 PM,7/9/2026,
1119,78.4,gf,4.055,mm,OK,--,8:01:23 PM,7/9/2026,
1120,76.9,gf,4.055,mm,OK,--,8:01:23 PM,7/9/2026,
1121,75.7,gf,4.055,mm,OK,--,8:01:23 PM,7/9/2026,
1122,74.7,gf,4.050,mm,OK,--,8:01:23 PM,7/9/2026,
1123,73.9,gf,4.050,mm,OK,--,8:01:23 PM,7/9/2026,
1124,73.4,gf,4.050,mm,OK,--,8:01:23 PM,7/9/2026,
1125,72.8,gf,4.050,mm,OK,--,8:01:23 PM,7/9/2026,
1126,72.2,gf,4.050,mm,OK,--,8:01:24 PM,7/9/2026,
1127,71.6,gf,4.050,mm,OK,--,8:01:24 PM,7/9/2026,
1128,71.1,gf,4.050,mm,OK,--,8:01:24 PM,7/9/2026,
1129,70.5,gf,4.045,mm,OK,--,8:01:24 PM,7/9/2026,
1130,69.5,gf,4.045,mm,OK,--,8:01:24 PM,7/9/2026,
1131,68.7,gf,4.045,mm,OK,--,8:01:24 PM,7/9/2026,
1132,67.9,gf,4.045,mm,OK,--,8:01:24 PM,7/9/2026,
1133,66.7,gf,4.045,mm,OK,--,8:01:24 PM,7/9/2026,
1134,65.9,gf,4.040,mm,OK,--,8:01:24 PM,7/9/2026,
1135,65.4,gf,4.040,mm,OK,--,8:01:24 PM,7/9/2026,
1136,64.8,gf,4.040,mm,OK,--,8:01:25 PM,7/9/2026,
1137,64.0,gf,4.040,mm,OK,--,8:01:25 PM,7/9/2026,
1138,63.1,gf,4.040,mm,OK,--,8:01:25 PM,7/9/2026,
1139,61.8,gf,4.040,mm,OK,--,8:01:25 PM,7/9/2026,
1140,60.4,gf,4.035,mm,OK,--,8:01:25 PM,7/9/2026,
1141,58.6,gf,4.035,mm,OK,--,8:01:25 PM,7/9/2026,
1142,56.6,gf,4.030,mm,OK,--,8:01:25 PM,7/9/2026,
1143,54.1,gf,4.030,mm,OK,--,8:01:25 PM,7/9/2026,
1144,51.3,gf,4.025,mm,OK,--,8:01:25 PM,7/9/2026,
1145,50.2,gf,4.025,mm,OK,--,8:01:25 PM,7/9/2026,
1146,50.2,gf,4.020,mm,OK,--,8:01:26 PM,7/9/2026,
1147,50.2,gf,4.015,mm,OK,--,8:01:26 PM,7/9/2026,
1148,50.3,gf,4.015,mm,OK,--,8:01:26 PM,7/9/2026,
1149,50.2,gf,4.010,mm,OK,--,8:01:26 PM,7/9/2026,
1150,50.2,gf,4.010,mm,OK,--,8:01:26 PM,7/9/2026,
1151,50.2,gf,4.005,mm,OK,--,8:01:26 PM,7/9/2026,
1152,50.2,gf,4.000,mm,OK,--,8:01:26 PM,7/9/2026,
1153,50.2,gf,4.000,mm,OK,--,8:01:26 PM,7/9/2026,
1154,50.2,gf,3.995,mm,OK,--,8:01:26 PM,7/9/2026,
1155,50.2,gf,3.990,mm,OK,--,8:01:26 PM,7/9/2026,
1156,50.2,gf,3.985,mm,OK,--,8:01:27 PM,7/9/2026,
1157,50.2,gf,3.980,mm,OK,--,8:01:27 PM,7/9/2026,
1158,50.2,gf,3.980,mm,OK,--,8:01:27 PM,7/9/2026,
1159,50.2,gf,3.975,mm,OK,--,8:01:27 PM,7/9/2026,
1160,50.2,gf,3.975,mm,OK,--,8:01:27 PM,7/9/2026,
1161,50.1,gf,3.970,mm,OK,--,8:01:27 PM,7/9/2026,
1162,50.1,gf,3.965,mm,OK,--,8:01:27 PM,7/9/2026,
1163,50.1,gf,3.965,mm,OK,--,8:01:27 PM,7/9/2026,
1164,50.1,gf,3.960,mm,OK,--,8:01:27 PM,7/9/2026,
1165,50.1,gf,3.960,mm,OK,--,8:01:27 PM,7/9/2026,
1166,50.1,gf,3.955,mm,OK,--,8:01:28 PM,7/9/2026,
1167,50.1,gf,3.955,mm,OK,--,8:01:28 PM,7/9/2026,
1168,50.1,gf,3.950,mm,OK,--,8:01:28 PM,7/9/2026,
1169,50.1,gf,3.950,mm,OK,--,8:01:28 PM,7/9/2026,
1170,50.1,gf,3.950,mm,OK,--,8:01:28 PM,7/9/2026,
1171,50.1,gf,3.945,mm,OK,--,8:01:28 PM,7/9/2026,
1172,50.1,gf,3.945,mm,OK,--,8:01:28 PM,7/9/2026,
1173,50.0,gf,3.945,mm,OK,--,8:01:28 PM,7/9/2026,
1174,50.0,gf,3.940,mm,OK,--,8:01:28 PM,7/9/2026,
1175,50.0,gf,3.940,mm,OK,--,8:01:28 PM,7/9/2026,
1176,50.0,gf,3.940,mm,OK,--,8:01:29 PM,7/9/2026,
1177,50.0,gf,3.935,mm,OK,--,8:01:29 PM,7/9/2026,
1178,50.0,gf,3.935,mm,OK,--,8:01:29 PM,7/9/2026,
1179,50.0,gf,3.930,mm,OK,--,8:01:29 PM,7/9/2026,
1180,50.0,gf,3.925,mm,OK,--,8:01:29 PM,7/9/2026,
1181,50.0,gf,3.925,mm,OK,--,8:01:29 PM,7/9/2026,
1182,49.9,gf,3.920,mm,OK,--,8:01:29 PM,7/9/2026,
1183,49.9,gf,3.915,mm,OK,--,8:01:29 PM,7/9/2026,
1184,49.9,gf,3.910,mm,OK,--,8:01:29 PM,7/9/2026,
1185,49.9,gf,3.905,mm,OK,--,8:01:29 PM,7/9/2026,
1186,49.8,gf,3.900,mm,OK,--,8:01:30 PM,7/9/2026,
1187,49.8,gf,3.895,mm,OK,--,8:01:30 PM,7/9/2026,
1188,49.8,gf,3.890,mm,OK,--,8:01:30 PM,7/9/2026,
1189,49.8,gf,3.885,mm,OK,--,8:01:30 PM,7/9/2026,
1190,49.8,gf,3.875,mm,OK,--,8:01:30 PM,7/9/2026,
1191,49.7,gf,3.870,mm,OK,--,8:01:30 PM,7/9/2026,
1192,49.7,gf,3.860,mm,OK,--,8:01:30 PM,7/9/2026,
1193,49.6,gf,3.855,mm,OK,--,8:01:30 PM,7/9/2026,
1194,49.6,gf,3.850,mm,OK,--,8:01:30 PM,7/9/2026,
1195,49.6,gf,3.845,mm,OK,--,8:01:30 PM,7/9/2026,
1196,49.6,gf,3.840,mm,OK,--,8:01:31 PM,7/9/2026,
1197,49.5,gf,3.835,mm,OK,--,8:01:31 PM,7/9/2026,
1198,49.5,gf,3.825,mm,OK,--,8:01:31 PM,7/9/2026,
1199,49.5,gf,3.815,mm,OK,--,8:01:31 PM,7/9/2026,
1200,49.5,gf,3.810,mm,OK,--,8:01:31 PM,7/9/2026,
1201,49.5,gf,3.800,mm,OK,--,8:01:31 PM,7/9/2026,
1202,49.4,gf,3.795,mm,OK,--,8:01:31 PM,7/9/2026,
1203,49.4,gf,3.790,mm,OK,--,8:01:31 PM,7/9/2026,
1204,49.4,gf,3.785,mm,OK,--,8:01:31 PM,7/9/2026,
1205,49.4,gf,3.780,mm,OK,--,8:01:31 PM,7/9/2026,
1206,49.4,gf,3.780,mm,OK,--,8:01:32 PM,7/9/2026,
1207,49.4,gf,3.775,mm,OK,--,8:01:32 PM,7/9/2026,
1208,49.3,gf,3.775,mm,OK,--,8:01:32 PM,7/9/2026,
1209,49.3,gf,3.770,mm,OK,--,8:01:32 PM,7/9/2026,
1210,49.3,gf,3.765,mm,OK,--,8:01:32 PM,7/9/2026,
1211,49.3,gf,3.765,mm,OK,--,8:01:32 PM,7/9/2026,
1212,49.3,gf,3.760,mm,OK,--,8:01:32 PM,7/9/2026,
1213,49.3,gf,3.755,mm,OK,--,8:01:32 PM,7/9/2026,
1214,49.2,gf,3.750,mm,OK,--,8:01:32 PM,7/9/2026,
1215,49.2,gf,3.745,mm,OK,--,8:01:32 PM,7/9/2026,
1216,49.2,gf,3.740,mm,OK,--,8:01:33 PM,7/9/2026,
1217,49.2,gf,3.735,mm,OK,--,8:01:33 PM,7/9/2026,
1218,49.2,gf,3.730,mm,OK,--,8:01:33 PM,7/9/2026,
1219,49.1,gf,3.720,mm,OK,--,8:01:33 PM,7/9/2026,
1220,49.1,gf,3.710,mm,OK,--,8:01:33 PM,7/9/2026,
1221,49.0,gf,3.700,mm,OK,--,8:01:33 PM,7/9/2026,
1222,49.0,gf,3.690,mm,OK,--,8:01:33 PM,7/9/2026,
1223,48.9,gf,3.680,mm,OK,--,8:01:33 PM,7/9/2026,
1224,48.9,gf,3.670,mm,OK,--,8:01:33 PM,7/9/2026,
1225,48.9,gf,3.660,mm,OK,--,8:01:33 PM,7/9/2026,
1226,48.9,gf,3.655,mm,OK,--,8:01:34 PM,7/9/2026,
1227,48.8,gf,3.650,mm,OK,--,8:01:34 PM,7/9/2026,
1228,48.8,gf,3.645,mm,OK,--,8:01:34 PM,7/9/2026,
1229,48.7,gf,3.635,mm,OK,--,8:01:34 PM,7/9/2026,
1230,48.7,gf,3.625,mm,OK,--,8:01:34 PM,7/9/2026,
1231,48.7,gf,3.615,mm,OK,--,8:01:34 PM,7/9/2026,
1232,48.6,gf,3.605,mm,OK,--,8:01:34 PM,7/9/2026,
1233,48.6,gf,3.595,mm,OK,--,8:01:34 PM,7/9/2026,
1234,48.6,gf,3.585,mm,OK,--,8:01:34 PM,7/9/2026,
1235,48.5,gf,3.575,mm,OK,--,8:01:34 PM,7/9/2026,
1236,48.5,gf,3.565,mm,OK,--,8:01:35 PM,7/9/2026,
1237,48.4,gf,3.555,mm,OK,--,8:01:35 PM,7/9/2026,
1238,48.4,gf,3.550,mm,OK,--,8:01:35 PM,7/9/2026,
1239,48.4,gf,3.540,mm,OK,--,8:01:35 PM,7/9/2026,
1240,48.3,gf,3.530,mm,OK,--,8:01:35 PM,7/9/2026,
1241,48.3,gf,3.520,mm,OK,--,8:01:35 PM,7/9/2026,
1242,48.3,gf,3.515,mm,OK,--,8:01:35 PM,7/9/2026,
1243,48.2,gf,3.505,mm,OK,--,8:01:35 PM,7/9/2026,
1244,48.2,gf,3.495,mm,OK,--,8:01:35 PM,7/9/2026,
1245,48.2,gf,3.490,mm,OK,--,8:01:35 PM,7/9/2026,
1246,48.1,gf,3.485,mm,OK,--,8:01:36 PM,7/9/2026,
1247,48.1,gf,3.480,mm,OK,--,8:01:36 PM,7/9/2026,
1248,48.0,gf,3.470,mm,OK,--,8:01:36 PM,7/9/2026,
1249,48.0,gf,3.465,mm,OK,--,8:01:36 PM,7/9/2026,
1250,48.0,gf,3.460,mm,OK,--,8:01:36 PM,7/9/2026,
1251,48.0,gf,3.460,mm,OK,--,8:01:36 PM,7/9/2026,
1252,48.0,gf,3.455,mm,OK,--,8:01:36 PM,7/9/2026,
1253,47.9,gf,3.450,mm,OK,--,8:01:36 PM,7/9/2026,
1254,47.9,gf,3.450,mm,OK,--,8:01:36 PM,7/9/2026,
1255,47.9,gf,3.445,mm,OK,--,8:01:36 PM,7/9/2026,
1256,47.9,gf,3.445,mm,OK,--,8:01:37 PM,7/9/2026,
1257,47.9,gf,3.440,mm,OK,--,8:01:37 PM,7/9/2026,
1258,47.9,gf,3.435,mm,OK,--,8:01:37 PM,7/9/2026,
1259,47.9,gf,3.425,mm,OK,--,8:01:37 PM,7/9/2026,
1260,47.8,gf,3.415,mm,OK,--,8:01:37 PM,7/9/2026,
1261,47.8,gf,3.410,mm,OK,--,8:01:37 PM,7/9/2026,
1262,47.8,gf,3.400,mm,OK,--,8:01:37 PM,7/9/2026,
1263,47.8,gf,3.395,mm,OK,--,8:01:37 PM,7/9/2026,
1264,47.7,gf,3.390,mm,OK,--,8:01:37 PM,7/9/2026,
1265,47.7,gf,3.380,mm,OK,--,8:01:37 PM,7/9/2026,
1266,47.7,gf,3.370,mm,OK,--,8:01:38 PM,7/9/2026,
1267,47.7,gf,3.360,mm,OK,--,8:01:38 PM,7/9/2026,
1268,47.5,gf,3.345,mm,OK,--,8:01:38 PM,7/9/2026,
1269,47.5,gf,3.330,mm,OK,--,8:01:38 PM,7/9/2026,
1270,47.5,gf,3.320,mm,OK,--,8:01:38 PM,7/9/2026,
1271,47.5,gf,3.310,mm,OK,--,8:01:38 PM,7/9/2026,
1272,47.4,gf,3.300,mm,OK,--,8:01:38 PM,7/9/2026,
1273,47.3,gf,3.290,mm,OK,--,8:01:38 PM,7/9/2026,
1274,47.3,gf,3.280,mm,OK,--,8:01:38 PM,7/9/2026,
1275,47.3,gf,3.275,mm,OK,--,8:01:38 PM,7/9/2026,
1276,47.3,gf,3.270,mm,OK,--,8:01:39 PM,7/9/2026,
1277,47.2,gf,3.265,mm,OK,--,8:01:39 PM,7/9/2026,
1278,47.2,gf,3.260,mm,OK,--,8:01:39 PM,7/9/2026,
1279,47.2,gf,3.255,mm,OK,--,8:01:39 PM,7/9/2026,
1280,47.2,gf,3.255,mm,OK,--,8:01:39 PM,7/9/2026,
1281,47.2,gf,3.250,mm,OK,--,8:01:39 PM,7/9/2026,
1282,47.1,gf,3.245,mm,OK,--,8:01:39 PM,7/9/2026,
1283,47.1,gf,3.240,mm,OK,--,8:01:39 PM,7/9/2026,
1284,47.1,gf,3.235,mm,OK,--,8:01:39 PM,7/9/2026,
1285,47.1,gf,3.230,mm,OK,--,8:01:39 PM,7/9/2026,
1286,47.1,gf,3.220,mm,OK,--,8:01:40 PM,7/9/2026,
1287,47.0,gf,3.210,mm,OK,--,8:01:40 PM,7/9/2026,
1288,46.9,gf,3.205,mm,OK,--,8:01:40 PM,7/9/2026,
1289,46.9,gf,3.200,mm,OK,--,8:01:40 PM,7/9/2026,
1290,46.9,gf,3.190,mm,OK,--,8:01:40 PM,7/9/2026,
1291,46.9,gf,3.185,mm,OK,--,8:01:40 PM,7/9/2026,
1292,46.9,gf,3.180,mm,OK,--,8:01:40 PM,7/9/2026,
1293,46.8,gf,3.170,mm,OK,--,8:01:40 PM,7/9/2026,
1294,46.8,gf,3.160,mm,OK,--,8:01:40 PM,7/9/2026,
1295,46.6,gf,3.145,mm,OK,--,8:01:40 PM,7/9/2026,
1296,46.6,gf,3.130,mm,OK,--,8:01:41 PM,7/9/2026,
1297,46.6,gf,3.125,mm,OK,--,8:01:41 PM,7/9/2026,
1298,46.5,gf,3.115,mm,OK,--,8:01:41 PM,7/9/2026,
1299,46.5,gf,3.110,mm,OK,--,8:01:41 PM,7/9/2026,
1300,46.4,gf,3.110,mm,OK,--,8:01:41 PM,7/9/2026,
1301,46.4,gf,3.100,mm,OK,--,8:01:41 PM,7/9/2026,
1302,46.2,gf,3.080,mm,OK,--,8:01:41 PM,7/9/2026,
1303,46.2,gf,3.065,mm,OK,--,8:01:41 PM,7/9/2026,
1304,46.2,gf,3.055,mm,OK,--,8:01:41 PM,7/9/2026,
1305,46.1,gf,3.045,mm,OK,--,8:01:41 PM,7/9/2026,
1306,46.1,gf,3.040,mm,OK,--,8:01:42 PM,7/9/2026,
1307,46.1,gf,3.035,mm,OK,--,8:01:42 PM,7/9/2026,
1308,46.1,gf,3.025,mm,OK,--,8:01:42 PM,7/9/2026,
1309,46.0,gf,3.020,mm,OK,--,8:01:42 PM,7/9/2026,
1310,46.0,gf,3.015,mm,OK,--,8:01:42 PM,7/9/2026,
1311,46.0,gf,3.010,mm,OK,--,8:01:42 PM,7/9/2026,
1312,46.0,gf,3.005,mm,OK,--,8:01:42 PM,7/9/2026,
1313,45.9,gf,3.005,mm,OK,--,8:01:42 PM,7/9/2026,
1314,45.9,gf,3.000,mm,OK,--,8:01:42 PM,7/9/2026,
1315,45.8,gf,2.995,mm,OK,--,8:01:42 PM,7/9/2026,
1316,45.8,gf,2.995,mm,OK,--,8:01:43 PM,7/9/2026,
1317,45.8,gf,2.990,mm,OK,--,8:01:43 PM,7/9/2026,
1318,45.7,gf,2.990,mm,OK,--,8:01:43 PM,7/9/2026,
1319,45.7,gf,2.985,mm,OK,--,8:01:43 PM,7/9/2026,
1320,45.7,gf,2.980,mm,OK,--,8:01:43 PM,7/9/2026,
1321,45.6,gf,2.980,mm,OK,--,8:01:43 PM,7/9/2026,
1322,45.6,gf,2.975,mm,OK,--,8:01:43 PM,7/9/2026,
1323,45.6,gf,2.975,mm,OK,--,8:01:43 PM,7/9/2026,
1324,45.6,gf,2.970,mm,OK,--,8:01:43 PM,7/9/2026,
1325,45.6,gf,2.970,mm,OK,--,8:01:43 PM,7/9/2026,
1326,45.5,gf,2.965,mm,OK,--,8:01:44 PM,7/9/2026,
1327,45.5,gf,2.960,mm,OK,--,8:01:44 PM,7/9/2026,
1328,45.5,gf,2.960,mm,OK,--,8:01:44 PM,7/9/2026,
1329,45.5,gf,2.955,mm,OK,--,8:01:44 PM,7/9/2026,
1330,45.4,gf,2.950,mm,OK,--,8:01:44 PM,7/9/2026,
1331,45.4,gf,2.945,mm,OK,--,8:01:44 PM,7/9/2026,
1332,45.3,gf,2.940,mm,OK,--,8:01:44 PM,7/9/2026,
1333,45.3,gf,2.935,mm,OK,--,8:01:44 PM,7/9/2026,
1334,45.2,gf,2.925,mm,OK,--,8:01:44 PM,7/9/2026,
1335,45.2,gf,2.915,mm,OK,--,8:01:44 PM,7/9/2026,
1336,45.2,gf,2.910,mm,OK,--,8:01:45 PM,7/9/2026,
1337,45.1,gf,2.900,mm,OK,--,8:01:45 PM,7/9/2026,
1338,45.0,gf,2.885,mm,OK,--,8:01:45 PM,7/9/2026,
1339,44.9,gf,2.875,mm,OK,--,8:01:45 PM,7/9/2026,
1340,44.9,gf,2.865,mm,OK,--,8:01:45 PM,7/9/2026,
1341,44.8,gf,2.855,mm,OK,--,8:01:45 PM,7/9/2026,
1342,44.8,gf,2.845,mm,OK,--,8:01:45 PM,7/9/2026,
1343,44.7,gf,2.840,mm,OK,--,8:01:45 PM,7/9/2026,
1344,44.7,gf,2.835,mm,OK,--,8:01:45 PM,7/9/2026,
1345,44.6,gf,2.830,mm,OK,--,8:01:45 PM,7/9/2026,
1346,44.6,gf,2.825,mm,OK,--,8:01:46 PM,7/9/2026,
1347,44.5,gf,2.820,mm,OK,--,8:01:46 PM,7/9/2026,
1348,44.5,gf,2.820,mm,OK,--,8:01:46 PM,7/9/2026,
1349,44.5,gf,2.820,mm,OK,--,8:01:46 PM,7/9/2026,
1350,44.5,gf,2.820,mm,OK,--,8:01:46 PM,7/9/2026,
1351,44.4,gf,2.815,mm,OK,--,8:01:46 PM,7/9/2026,
1352,44.4,gf,2.815,mm,OK,--,8:01:46 PM,7/9/2026,
1353,44.3,gf,2.810,mm,OK,--,8:01:46 PM,7/9/2026,
1354,44.2,gf,2.805,mm,OK,--,8:01:46 PM,7/9/2026,
1355,44.2,gf,2.800,mm,OK,--,8:01:46 PM,7/9/2026,
1356,44.1,gf,2.795,mm,OK,--,8:01:47 PM,7/9/2026,
1357,44.1,gf,2.785,mm,OK,--,8:01:47 PM,7/9/2026,
1358,44.0,gf,2.780,mm,OK,--,8:01:47 PM,7/9/2026,
1359,44.0,gf,2.780,mm,OK,--,8:01:47 PM,7/9/2026,
1360,44.0,gf,2.775,mm,OK,--,8:01:47 PM,7/9/2026,
1361,43.9,gf,2.770,mm,OK,--,8:01:47 PM,7/9/2026,
1362,43.9,gf,2.760,mm,OK,--,8:01:47 PM,7/9/2026,
1363,43.9,gf,2.755,mm,OK,--,8:01:47 PM,7/9/2026,
1364,43.7,gf,2.750,mm,OK,--,8:01:47 PM,7/9/2026,
1365,43.6,gf,2.740,mm,OK,--,8:01:47 PM,7/9/2026,
1366,43.7,gf,2.735,mm,OK,--,8:01:48 PM,7/9/2026,
1367,43.5,gf,2.725,mm,OK,--,8:01:48 PM,7/9/2026,
1368,43.5,gf,2.720,mm,OK,--,8:01:48 PM,7/9/2026,
1369,43.4,gf,2.710,mm,OK,--,8:01:48 PM,7/9/2026,
1370,43.3,gf,2.700,mm,OK,--,8:01:48 PM,7/9/2026,
1371,43.2,gf,2.690,mm,OK,--,8:01:48 PM,7/9/2026,
1372,43.2,gf,2.685,mm,OK,--,8:01:48 PM,7/9/2026,
1373,43.1,gf,2.680,mm,OK,--,8:01:48 PM,7/9/2026,
1374,43.1,gf,2.675,mm,OK,--,8:01:48 PM,7/9/2026,
1375,43.1,gf,2.670,mm,OK,--,8:01:48 PM,7/9/2026,
1376,43.0,gf,2.665,mm,OK,--,8:01:49 PM,7/9/2026,
1377,43.0,gf,2.660,mm,OK,--,8:01:49 PM,7/9/2026,
1378,43.0,gf,2.660,mm,OK,--,8:01:49 PM,7/9/2026,
1379,42.9,gf,2.655,mm,OK,--,8:01:49 PM,7/9/2026,
1380,42.8,gf,2.650,mm,OK,--,8:01:49 PM,7/9/2026,
1381,42.8,gf,2.645,mm,OK,--,8:01:49 PM,7/9/2026,
1382,42.8,gf,2.640,mm,OK,--,8:01:49 PM,7/9/2026,
1383,42.7,gf,2.635,mm,OK,--,8:01:49 PM,7/9/2026,
1384,42.7,gf,2.625,mm,OK,--,8:01:49 PM,7/9/2026,
1385,42.7,gf,2.625,mm,OK,--,8:01:49 PM,7/9/2026,
1386,42.7,gf,2.620,mm,OK,--,8:01:50 PM,7/9/2026,
1387,42.7,gf,2.615,mm,OK,--,8:01:50 PM,7/9/2026,
1388,42.7,gf,2.615,mm,OK,--,8:01:50 PM,7/9/2026,
1389,42.6,gf,2.610,mm,OK,--,8:01:50 PM,7/9/2026,
1390,42.5,gf,2.600,mm,OK,--,8:01:50 PM,7/9/2026,
1391,42.4,gf,2.590,mm,OK,--,8:01:50 PM,7/9/2026,
1392,42.3,gf,2.575,mm,OK,--,8:01:50 PM,7/9/2026,
1393,42.3,gf,2.565,mm,OK,--,8:01:50 PM,7/9/2026,
1394,42.3,gf,2.560,mm,OK,--,8:01:50 PM,7/9/2026,
1395,42.3,gf,2.555,mm,OK,--,8:01:50 PM,7/9/2026,
1396,42.2,gf,2.545,mm,OK,--,8:01:51 PM,7/9/2026,
1397,42.3,gf,2.540,mm,OK,--,8:01:51 PM,7/9/2026,
1398,42.2,gf,2.535,mm,OK,--,8:01:51 PM,7/9/2026,
1399,42.2,gf,2.525,mm,OK,--,8:01:51 PM,7/9/2026,
1400,42.1,gf,2.520,mm,OK,--,8:01:51 PM,7/9/2026,
1401,42.1,gf,2.515,mm,OK,--,8:01:51 PM,7/9/2026,
1402,42.1,gf,2.515,mm,OK,--,8:01:51 PM,7/9/2026,
1403,42.1,gf,2.510,mm,OK,--,8:01:51 PM,7/9/2026,
1404,42.0,gf,2.505,mm,OK,--,8:01:51 PM,7/9/2026,
1405,42.0,gf,2.495,mm,OK,--,8:01:51 PM,7/9/2026,
1406,42.0,gf,2.490,mm,OK,--,8:01:52 PM,7/9/2026,
1407,42.0,gf,2.485,mm,OK,--,8:01:52 PM,7/9/2026,
1408,41.9,gf,2.480,mm,OK,--,8:01:52 PM,7/9/2026,
1409,41.9,gf,2.475,mm,OK,--,8:01:52 PM,7/9/2026,
1410,41.8,gf,2.470,mm,OK,--,8:01:52 PM,7/9/2026,
1411,41.8,gf,2.465,mm,OK,--,8:01:52 PM,7/9/2026,
1412,41.8,gf,2.460,mm,OK,--,8:01:52 PM,7/9/2026,
1413,42.0,gf,2.460,mm,OK,--,8:01:52 PM,7/9/2026,
1414,41.7,gf,2.460,mm,OK,--,8:01:52 PM,7/9/2026,
1415,41.6,gf,2.455,mm,OK,--,8:01:52 PM,7/9/2026,
1416,41.6,gf,2.440,mm,OK,--,8:01:53 PM,7/9/2026,
1417,41.6,gf,2.435,mm,OK,--,8:01:53 PM,7/9/2026,
1418,41.5,gf,2.430,mm,OK,--,8:01:53 PM,7/9/2026,
1419,41.5,gf,2.420,mm,OK,--,8:01:53 PM,7/9/2026,
1420,41.5,gf,2.415,mm,OK,--,8:01:53 PM,7/9/2026,
1421,41.5,gf,2.415,mm,OK,--,8:01:53 PM,7/9/2026,
1422,41.4,gf,2.410,mm,OK,--,8:01:53 PM,7/9/2026,
1423,41.4,gf,2.405,mm,OK,--,8:01:53 PM,7/9/2026,
1424,41.4,gf,2.400,mm,OK,--,8:01:53 PM,7/9/2026,
1425,41.3,gf,2.400,mm,OK,--,8:01:53 PM,7/9/2026,
1426,41.3,gf,2.390,mm,OK,--,8:01:54 PM,7/9/2026,
1427,41.3,gf,2.390,mm,OK,--,8:01:54 PM,7/9/2026,
1428,41.2,gf,2.385,mm,OK,--,8:01:54 PM,7/9/2026,
1429,41.1,gf,2.375,mm,OK,--,8:01:54 PM,7/9/2026,
1430,41.1,gf,2.360,mm,OK,--,8:01:54 PM,7/9/2026,
1431,41.0,gf,2.350,mm,OK,--,8:01:54 PM,7/9/2026,
1432,41.0,gf,2.340,mm,OK,--,8:01:54 PM,7/9/2026,
1433,41.0,gf,2.330,mm,OK,--,8:01:54 PM,7/9/2026,
1434,40.8,gf,2.320,mm,OK,--,8:01:54 PM,7/9/2026,
1435,40.8,gf,2.310,mm,OK,--,8:01:54 PM,7/9/2026,
1436,40.8,gf,2.305,mm,OK,--,8:01:55 PM,7/9/2026,
1437,40.8,gf,2.300,mm,OK,--,8:01:55 PM,7/9/2026,
1438,40.7,gf,2.300,mm,OK,--,8:01:55 PM,7/9/2026,
1439,40.6,gf,2.290,mm,OK,--,8:01:55 PM,7/9/2026,
1440,40.6,gf,2.285,mm,OK,--,8:01:55 PM,7/9/2026,
1441,40.6,gf,2.280,mm,OK,--,8:01:55 PM,7/9/2026,
1442,40.6,gf,2.275,mm,OK,--,8:01:55 PM,7/9/2026,
1443,40.6,gf,2.270,mm,OK,--,8:01:55 PM,7/9/2026,
1444,40.5,gf,2.265,mm,OK,--,8:01:55 PM,7/9/2026,
1445,40.4,gf,2.255,mm,OK,--,8:01:55 PM,7/9/2026,
1446,40.5,gf,2.250,mm,OK,--,8:01:56 PM,7/9/2026,
1447,40.4,gf,2.245,mm,OK,--,8:01:56 PM,7/9/2026,
1448,40.4,gf,2.245,mm,OK,--,8:01:56 PM,7/9/2026,
1449,40.4,gf,2.240,mm,OK,--,8:01:56 PM,7/9/2026,
1450,40.4,gf,2.240,mm,OK,--,8:01:56 PM,7/9/2026,
1451,40.4,gf,2.240,mm,OK,--,8:01:56 PM,7/9/2026,
1452,40.4,gf,2.235,mm,OK,--,8:01:56 PM,7/9/2026,
1453,40.3,gf,2.235,mm,OK,--,8:01:56 PM,7/9/2026,
1454,40.3,gf,2.235,mm,OK,--,8:01:56 PM,7/9/2026,
1455,40.3,gf,2.230,mm,OK,--,8:01:56 PM,7/9/2026,
1456,40.3,gf,2.230,mm,OK,--,8:01:57 PM,7/9/2026,
1457,40.2,gf,2.230,mm,OK,--,8:01:57 PM,7/9/2026,
1458,40.2,gf,2.225,mm,OK,--,8:01:57 PM,7/9/2026,
1459,40.2,gf,2.220,mm,OK,--,8:01:57 PM,7/9/2026,
1460,40.2,gf,2.215,mm,OK,--,8:01:57 PM,7/9/2026,
1461,40.2,gf,2.210,mm,OK,--,8:01:57 PM,7/9/2026,
1462,40.1,gf,2.205,mm,OK,--,8:01:57 PM,7/9/2026,
1463,40.1,gf,2.200,mm,OK,--,8:01:57 PM,7/9/2026,
1464,40.1,gf,2.195,mm,OK,--,8:01:57 PM,7/9/2026,
1465,40.1,gf,2.195,mm,OK,--,8:01:57 PM,7/9/2026,
1466,40.1,gf,2.190,mm,OK,--,8:01:58 PM,7/9/2026,
1467,40.0,gf,2.185,mm,OK,--,8:01:58 PM,7/9/2026,
1468,40.0,gf,2.185,mm,OK,--,8:01:58 PM,7/9/2026,
1469,40.0,gf,2.180,mm,OK,--,8:01:58 PM,7/9/2026,
1470,39.9,gf,2.175,mm,OK,--,8:01:58 PM,7/9/2026,
1471,39.9,gf,2.170,mm,OK,--,8:01:58 PM,7/9/2026,
1472,39.9,gf,2.165,mm,OK,--,8:01:58 PM,7/9/2026,
1473,39.9,gf,2.160,mm,OK,--,8:01:58 PM,7/9/2026,
1474,39.8,gf,2.155,mm,OK,--,8:01:58 PM,7/9/2026,
1475,39.7,gf,2.150,mm,OK,--,8:01:58 PM,7/9/2026,
1476,39.7,gf,2.145,mm,OK,--,8:01:59 PM,7/9/2026,
1477,39.7,gf,2.140,mm,OK,--,8:01:59 PM,7/9/2026,
1478,39.6,gf,2.130,mm,OK,--,8:01:59 PM,7/9/2026,
1479,39.6,gf,2.120,mm,OK,--,8:01:59 PM,7/9/2026,
1480,39.6,gf,2.115,mm,OK,--,8:01:59 PM,7/9/2026,
1481,39.5,gf,2.105,mm,OK,--,8:01:59 PM,7/9/2026,
1482,39.5,gf,2.100,mm,OK,--,8:01:59 PM,7/9/2026,
1483,39.5,gf,2.090,mm,OK,--,8:01:59 PM,7/9/2026,
1484,39.4,gf,2.080,mm,OK,--,8:01:59 PM,7/9/2026,
1485,39.4,gf,2.070,mm,OK,--,8:01:59 PM,7/9/2026,
1486,39.3,gf,2.060,mm,OK,--,8:02:00 PM,7/9/2026,
1487,39.3,gf,2.050,mm,OK,--,8:02:00 PM,7/9/2026,
1488,39.2,gf,2.040,mm,OK,--,8:02:00 PM,7/9/2026,
1489,39.2,gf,2.035,mm,OK,--,8:02:00 PM,7/9/2026,
1490,39.1,gf,2.025,mm,OK,--,8:02:00 PM,7/9/2026,
1491,39.1,gf,2.020,mm,OK,--,8:02:00 PM,7/9/2026,
1492,39.1,gf,2.010,mm,OK,--,8:02:00 PM,7/9/2026,
1493,39.0,gf,2.005,mm,OK,--,8:02:00 PM,7/9/2026,
1494,38.9,gf,1.995,mm,OK,--,8:02:00 PM,7/9/2026,
1495,38.9,gf,1.985,mm,OK,--,8:02:00 PM,7/9/2026,
1496,38.7,gf,1.975,mm,OK,--,8:02:01 PM,7/9/2026,
1497,38.7,gf,1.960,mm,OK,--,8:02:01 PM,7/9/2026,
1498,38.6,gf,1.955,mm,OK,--,8:02:01 PM,7/9/2026,
1499,38.5,gf,1.940,mm,OK,--,8:02:01 PM,7/9/2026,
1500,38.5,gf,1.935,mm,OK,--,8:02:01 PM,7/9/2026,
1501,38.4,gf,1.925,mm,OK,--,8:02:01 PM,7/9/2026,
1502,38.4,gf,1.910,mm,OK,--,8:02:01 PM,7/9/2026,
1503,38.4,gf,1.900,mm,OK,--,8:02:01 PM,7/9/2026,
1504,38.4,gf,1.895,mm,OK,--,8:02:01 PM,7/9/2026,
1505,38.3,gf,1.885,mm,OK,--,8:02:01 PM,7/9/2026,
1506,38.3,gf,1.880,mm,OK,--,8:02:02 PM,7/9/2026,
1507,38.2,gf,1.875,mm,OK,--,8:02:02 PM,7/9/2026,
1508,38.1,gf,1.870,mm,OK,--,8:02:02 PM,7/9/2026,
1509,38.1,gf,1.865,mm,OK,--,8:02:02 PM,7/9/2026,
1510,38.1,gf,1.860,mm,OK,--,8:02:02 PM,7/9/2026,
1511,38.2,gf,1.855,mm,OK,--,8:02:02 PM,7/9/2026,
1512,38.0,gf,1.855,mm,OK,--,8:02:02 PM,7/9/2026,
1513,38.1,gf,1.850,mm,OK,--,8:02:02 PM,7/9/2026,
1514,38.1,gf,1.850,mm,OK,--,8:02:02 PM,7/9/2026,
1515,38.0,gf,1.850,mm,OK,--,8:02:02 PM,7/9/2026,
1516,37.9,gf,1.845,mm,OK,--,8:02:03 PM,7/9/2026,
1517,37.9,gf,1.830,mm,OK,--,8:02:03 PM,7/9/2026,
1518,37.9,gf,1.815,mm,OK,--,8:02:03 PM,7/9/2026,
1519,37.8,gf,1.800,mm,OK,--,8:02:03 PM,7/9/2026,
1520,37.7,gf,1.785,mm,OK,--,8:02:03 PM,7/9/2026,
1521,37.7,gf,1.775,mm,OK,--,8:02:03 PM,7/9/2026,
1522,37.6,gf,1.765,mm,OK,--,8:02:03 PM,7/9/2026,
1523,37.7,gf,1.760,mm,OK,--,8:02:03 PM,7/9/2026,
1524,37.5,gf,1.755,mm,OK,--,8:02:03 PM,7/9/2026,
1525,37.4,gf,1.750,mm,OK,--,8:02:03 PM,7/9/2026,
1526,37.4,gf,1.740,mm,OK,--,8:02:04 PM,7/9/2026,
1527,37.4,gf,1.735,mm,OK,--,8:02:04 PM,7/9/2026,
1528,37.4,gf,1.730,mm,OK,--,8:02:04 PM,7/9/2026,
1529,37.4,gf,1.725,mm,OK,--,8:02:04 PM,7/9/2026,
1530,37.3,gf,1.725,mm,OK,--,8:02:04 PM,7/9/2026,
1531,37.3,gf,1.720,mm,OK,--,8:02:04 PM,7/9/2026,
1532,37.3,gf,1.720,mm,OK,--,8:02:04 PM,7/9/2026,
1533,37.3,gf,1.715,mm,OK,--,8:02:04 PM,7/9/2026,
1534,37.2,gf,1.715,mm,OK,--,8:02:04 PM,7/9/2026,
1535,37.3,gf,1.710,mm,OK,--,8:02:04 PM,7/9/2026,
1536,37.2,gf,1.705,mm,OK,--,8:02:05 PM,7/9/2026,
1537,37.2,gf,1.705,mm,OK,--,8:02:05 PM,7/9/2026,
1538,37.2,gf,1.705,mm,OK,--,8:02:05 PM,7/9/2026,
1539,37.2,gf,1.700,mm,OK,--,8:02:05 PM,7/9/2026,
1540,37.2,gf,1.700,mm,OK,--,8:02:05 PM,7/9/2026,
1541,37.2,gf,1.700,mm,OK,--,8:02:05 PM,7/9/2026,
1542,37.1,gf,1.695,mm,OK,--,8:02:05 PM,7/9/2026,
1543,37.1,gf,1.695,mm,OK,--,8:02:05 PM,7/9/2026,
1544,37.1,gf,1.690,mm,OK,--,8:02:05 PM,7/9/2026,
1545,37.1,gf,1.690,mm,OK,--,8:02:05 PM,7/9/2026,
1546,37.1,gf,1.690,mm,OK,--,8:02:06 PM,7/9/2026,
1547,37.0,gf,1.690,mm,OK,--,8:02:06 PM,7/9/2026,
1548,37.0,gf,1.685,mm,OK,--,8:02:06 PM,7/9/2026,
1549,37.0,gf,1.680,mm,OK,--,8:02:06 PM,7/9/2026,
1550,37.0,gf,1.680,mm,OK,--,8:02:06 PM,7/9/2026,
1551,37.0,gf,1.675,mm,OK,--,8:02:06 PM,7/9/2026,
1552,37.0,gf,1.675,mm,OK,--,8:02:06 PM,7/9/2026,
1553,37.0,gf,1.675,mm,OK,--,8:02:06 PM,7/9/2026,
1554,36.9,gf,1.670,mm,OK,--,8:02:06 PM,7/9/2026,
1555,36.9,gf,1.665,mm,OK,--,8:02:06 PM,7/9/2026,
1556,37.0,gf,1.660,mm,OK,--,8:02:07 PM,7/9/2026,
1557,37.0,gf,1.655,mm,OK,--,8:02:07 PM,7/9/2026,
1558,37.0,gf,1.655,mm,OK,--,8:02:07 PM,7/9/2026,
1559,37.0,gf,1.650,mm,OK,--,8:02:07 PM,7/9/2026,
1560,37.0,gf,1.645,mm,OK,--,8:02:07 PM,7/9/2026,
1561,36.8,gf,1.640,mm,OK,--,8:02:07 PM,7/9/2026,
1562,36.9,gf,1.635,mm,OK,--,8:02:07 PM,7/9/2026,
1563,36.8,gf,1.630,mm,OK,--,8:02:07 PM,7/9/2026,
1564,36.7,gf,1.630,mm,OK,--,8:02:07 PM,7/9/2026,
1565,36.6,gf,1.625,mm,OK,--,8:02:07 PM,7/9/2026,
1566,36.6,gf,1.620,mm,OK,--,8:02:08 PM,7/9/2026,
1567,36.6,gf,1.615,mm,OK,--,8:02:08 PM,7/9/2026,
1568,36.7,gf,1.610,mm,OK,--,8:02:08 PM,7/9/2026,
1569,36.7,gf,1.610,mm,OK,--,8:02:08 PM,7/9/2026,
1570,36.7,gf,1.610,mm,OK,--,8:02:08 PM,7/9/2026,
1571,36.6,gf,1.605,mm,OK,--,8:02:08 PM,7/9/2026,
1572,36.6,gf,1.605,mm,OK,--,8:02:08 PM,7/9/2026,
1573,36.5,gf,1.600,mm,OK,--,8:02:08 PM,7/9/2026,
1574,36.6,gf,1.595,mm,OK,--,8:02:08 PM,7/9/2026,
1575,36.7,gf,1.595,mm,OK,--,8:02:08 PM,7/9/2026,
1576,36.5,gf,1.595,mm,OK,--,8:02:09 PM,7/9/2026,
1577,36.5,gf,1.590,mm,OK,--,8:02:09 PM,7/9/2026,
1578,36.6,gf,1.590,mm,OK,--,8:02:09 PM,7/9/2026,
1579,36.5,gf,1.585,mm,OK,--,8:02:09 PM,7/9/2026,
1580,36.5,gf,1.585,mm,OK,--,8:02:09 PM,7/9/2026,
1581,36.4,gf,1.580,mm,OK,--,8:02:09 PM,7/9/2026,
1582,36.4,gf,1.575,mm,OK,--,8:02:09 PM,7/9/2026,
1583,36.4,gf,1.565,mm,OK,--,8:02:09 PM,7/9/2026,
1584,36.3,gf,1.550,mm,OK,--,8:02:09 PM,7/9/2026,
1585,36.5,gf,1.545,mm,OK,--,8:02:09 PM,7/9/2026,
1586,36.4,gf,1.540,mm,OK,--,8:02:10 PM,7/9/2026,
1587,36.4,gf,1.540,mm,OK,--,8:02:10 PM,7/9/2026,
1588,36.3,gf,1.535,mm,OK,--,8:02:10 PM,7/9/2026,
1589,36.3,gf,1.530,mm,OK,--,8:02:10 PM,7/9/2026,
1590,36.1,gf,1.525,mm,OK,--,8:02:10 PM,7/9/2026,
1591,36.1,gf,1.510,mm,OK,--,8:02:10 PM,7/9/2026,
1592,36.2,gf,1.505,mm,OK,--,8:02:10 PM,7/9/2026,
1593,36.2,gf,1.500,mm,OK,--,8:02:10 PM,7/9/2026,
1594,36.0,gf,1.500,mm,OK,--,8:02:10 PM,7/9/2026,
1595,36.0,gf,1.495,mm,OK,--,8:02:10 PM,7/9/2026,
1596,35.9,gf,1.485,mm,OK,--,8:02:11 PM,7/9/2026,
1597,35.8,gf,1.480,mm,OK,--,8:02:11 PM,7/9/2026,
1598,35.9,gf,1.475,mm,OK,--,8:02:11 PM,7/9/2026,
1599,35.9,gf,1.470,mm,OK,--,8:02:11 PM,7/9/2026,
1600,35.7,gf,1.465,mm,OK,--,8:02:11 PM,7/9/2026,
1601,35.8,gf,1.460,mm,OK,--,8:02:11 PM,7/9/2026,
1602,35.7,gf,1.460,mm,OK,--,8:02:11 PM,7/9/2026,
1603,35.6,gf,1.445,mm,OK,--,8:02:11 PM,7/9/2026,
1604,35.6,gf,1.430,mm,OK,--,8:02:11 PM,7/9/2026,
1605,35.6,gf,1.420,mm,OK,--,8:02:11 PM,7/9/2026,
1606,35.6,gf,1.415,mm,OK,--,8:02:12 PM,7/9/2026,
1607,35.5,gf,1.405,mm,OK,--,8:02:12 PM,7/9/2026,
1608,35.4,gf,1.400,mm,OK,--,8:02:12 PM,7/9/2026,
1609,35.5,gf,1.390,mm,OK,--,8:02:12 PM,7/9/2026,
1610,35.3,gf,1.385,mm,OK,--,8:02:12 PM,7/9/2026,
1611,35.3,gf,1.375,mm,OK,--,8:02:12 PM,7/9/2026,
1612,35.2,gf,1.365,mm,OK,--,8:02:12 PM,7/9/2026,
1613,35.1,gf,1.350,mm,OK,--,8:02:12 PM,7/9/2026,
1614,34.9,gf,1.320,mm,OK,--,8:02:12 PM,7/9/2026,
1615,34.9,gf,1.300,mm,OK,--,8:02:12 PM,7/9/2026,
1616,34.9,gf,1.285,mm,OK,--,8:02:13 PM,7/9/2026,
1617,34.9,gf,1.275,mm,OK,--,8:02:13 PM,7/9/2026,
1618,34.8,gf,1.265,mm,OK,--,8:02:13 PM,7/9/2026,
1619,34.7,gf,1.255,mm,OK,--,8:02:13 PM,7/9/2026,
1620,34.6,gf,1.250,mm,OK,--,8:02:13 PM,7/9/2026,
1621,34.6,gf,1.240,mm,OK,--,8:02:13 PM,7/9/2026,
1622,34.5,gf,1.230,mm,OK,--,8:02:13 PM,7/9/2026,
1623,34.4,gf,1.210,mm,OK,--,8:02:13 PM,7/9/2026,
1624,34.3,gf,1.190,mm,OK,--,8:02:13 PM,7/9/2026,
1625,34.1,gf,1.170,mm,OK,--,8:02:13 PM,7/9/2026,
1626,34.1,gf,1.140,mm,OK,--,8:02:14 PM,7/9/2026,
1627,34.1,gf,1.120,mm,OK,--,8:02:14 PM,7/9/2026,
1628,34.1,gf,1.110,mm,OK,--,8:02:14 PM,7/9/2026,
1629,34.0,gf,1.105,mm,OK,--,8:02:14 PM,7/9/2026,
1630,33.9,gf,1.100,mm,OK,--,8:02:14 PM,7/9/2026,
1631,33.9,gf,1.095,mm,OK,--,8:02:14 PM,7/9/2026,
1632,33.9,gf,1.090,mm,OK,--,8:02:14 PM,7/9/2026,
1633,33.8,gf,1.085,mm,OK,--,8:02:14 PM,7/9/2026,
1634,33.8,gf,1.080,mm,OK,--,8:02:14 PM,7/9/2026,
1635,33.8,gf,1.075,mm,OK,--,8:02:14 PM,7/9/2026,
1636,33.7,gf,1.075,mm,OK,--,8:02:15 PM,7/9/2026,
1637,33.6,gf,1.070,mm,OK,--,8:02:15 PM,7/9/2026,
1638,33.5,gf,1.070,mm,OK,--,8:02:15 PM,7/9/2026,
1639,33.4,gf,1.060,mm,OK,--,8:02:15 PM,7/9/2026,
1640,33.4,gf,1.050,mm,OK,--,8:02:15 PM,7/9/2026,
1641,33.5,gf,1.035,mm,OK,--,8:02:15 PM,7/9/2026,
1642,33.6,gf,1.025,mm,OK,--,8:02:15 PM,7/9/2026,
1643,33.6,gf,1.015,mm,OK,--,8:02:15 PM,7/9/2026,
1644,33.4,gf,1.010,mm,OK,--,8:02:15 PM,7/9/2026,
1645,33.4,gf,1.005,mm,OK,--,8:02:15 PM,7/9/2026,
1646,33.3,gf,1.000,mm,OK,--,8:02:16 PM,7/9/2026,
1647,33.4,gf,0.995,mm,OK,--,8:02:16 PM,7/9/2026,
1648,33.2,gf,0.995,mm,OK,--,8:02:16 PM,7/9/2026,
1649,33.1,gf,0.985,mm,OK,--,8:02:16 PM,7/9/2026,
1650,33.2,gf,0.980,mm,OK,--,8:02:16 PM,7/9/2026,
1651,33.2,gf,0.975,mm,OK,--,8:02:16 PM,7/9/2026,
1652,33.1,gf,0.970,mm,OK,--,8:02:16 PM,7/9/2026,
1653,33.0,gf,0.970,mm,OK,--,8:02:16 PM,7/9/2026,
1654,33.0,gf,0.965,mm,OK,--,8:02:16 PM,7/9/2026,
1655,33.0,gf,0.960,mm,OK,--,8:02:16 PM,7/9/2026,
1656,33.0,gf,0.955,mm,OK,--,8:02:17 PM,7/9/2026,
1657,33.0,gf,0.950,mm,OK,--,8:02:17 PM,7/9/2026,
1658,33.0,gf,0.945,mm,OK,--,8:02:17 PM,7/9/2026,
1659,33.1,gf,0.945,mm,OK,--,8:02:17 PM,7/9/2026,
1660,33.0,gf,0.940,mm,OK,--,8:02:17 PM,7/9/2026,
1661,32.9,gf,0.940,mm,OK,--,8:02:17 PM,7/9/2026,
1662,33.0,gf,0.935,mm,OK,--,8:02:17 PM,7/9/2026,
1663,32.8,gf,0.935,mm,OK,--,8:02:17 PM,7/9/2026,
1664,32.8,gf,0.930,mm,OK,--,8:02:17 PM,7/9/2026,
1665,32.8,gf,0.925,mm,OK,--,8:02:17 PM,7/9/2026,
1666,32.7,gf,0.920,mm,OK,--,8:02:18 PM,7/9/2026,
1667,32.7,gf,0.915,mm,OK,--,8:02:18 PM,7/9/2026,
1668,32.6,gf,0.910,mm,OK,--,8:02:18 PM,7/9/2026,
1669,32.7,gf,0.900,mm,OK,--,8:02:18 PM,7/9/2026,
1670,32.6,gf,0.890,mm,OK,--,8:02:18 PM,7/9/2026,
1671,32.6,gf,0.885,mm,OK,--,8:02:18 PM,7/9/2026,
1672,32.6,gf,0.880,mm,OK,--,8:02:18 PM,7/9/2026,
1673,32.6,gf,0.870,mm,OK,--,8:02:18 PM,7/9/2026,
1674,32.5,gf,0.865,mm,OK,--,8:02:18 PM,7/9/2026,
1675,32.4,gf,0.860,mm,OK,--,8:02:18 PM,7/9/2026,
1676,32.5,gf,0.850,mm,OK,--,8:02:19 PM,7/9/2026,
1677,32.4,gf,0.840,mm,OK,--,8:02:19 PM,7/9/2026,
1678,32.3,gf,0.835,mm,OK,--,8:02:19 PM,7/9/2026,
1679,32.4,gf,0.825,mm,OK,--,8:02:19 PM,7/9/2026,
1680,32.3,gf,0.820,mm,OK,--,8:02:19 PM,7/9/2026,
1681,32.2,gf,0.815,mm,OK,--,8:02:19 PM,7/9/2026,
1682,32.2,gf,0.810,mm,OK,--,8:02:19 PM,7/9/2026,
1683,32.2,gf,0.805,mm,OK,--,8:02:19 PM,7/9/2026,
1684,32.1,gf,0.800,mm,OK,--,8:02:19 PM,7/9/2026,
1685,32.1,gf,0.800,mm,OK,--,8:02:19 PM,7/9/2026,
1686,32.1,gf,0.795,mm,OK,--,8:02:20 PM,7/9/2026,
1687,32.1,gf,0.795,mm,OK,--,8:02:20 PM,7/9/2026,
1688,32.1,gf,0.790,mm,OK,--,8:02:20 PM,7/9/2026,
1689,32.0,gf,0.790,mm,OK,--,8:02:20 PM,7/9/2026,
1690,32.0,gf,0.785,mm,OK,--,8:02:20 PM,7/9/2026,
1691,32.0,gf,0.785,mm,OK,--,8:02:20 PM,7/9/2026,
1692,32.0,gf,0.780,mm,OK,--,8:02:20 PM,7/9/2026,
1693,31.9,gf,0.775,mm,OK,--,8:02:20 PM,7/9/2026,
1694,31.9,gf,0.775,mm,OK,--,8:02:20 PM,7/9/2026,
1695,31.9,gf,0.770,mm,OK,--,8:02:20 PM,7/9/2026,
1696,31.9,gf,0.770,mm,OK,--,8:02:21 PM,7/9/2026,
1697,31.9,gf,0.765,mm,OK,--,8:02:21 PM,7/9/2026,
1698,31.9,gf,0.765,mm,OK,--,8:02:21 PM,7/9/2026,
1699,31.8,gf,0.760,mm,OK,--,8:02:21 PM,7/9/2026,
1700,31.8,gf,0.755,mm,OK,--,8:02:21 PM,7/9/2026,
1701,31.8,gf,0.750,mm,OK,--,8:02:21 PM,7/9/2026,
1702,31.8,gf,0.750,mm,OK,--,8:02:21 PM,7/9/2026,
1703,31.8,gf,0.745,mm,OK,--,8:02:21 PM,7/9/2026,
1704,31.8,gf,0.740,mm,OK,--,8:02:21 PM,7/9/2026,
1705,31.7,gf,0.735,mm,OK,--,8:02:21 PM,7/9/2026,
1706,31.7,gf,0.730,mm,OK,--,8:02:22 PM,7/9/2026,
1707,31.7,gf,0.725,mm,OK,--,8:02:22 PM,7/9/2026,
1708,31.7,gf,0.720,mm,OK,--,8:02:22 PM,7/9/2026,
1709,31.7,gf,0.715,mm,OK,--,8:02:22 PM,7/9/2026,
1710,31.7,gf,0.710,mm,OK,--,8:02:22 PM,7/9/2026,
1711,31.8,gf,0.710,mm,OK,--,8:02:22 PM,7/9/2026,
1712,31.8,gf,0.705,mm,OK,--,8:02:22 PM,7/9/2026,
1713,31.7,gf,0.705,mm,OK,--,8:02:22 PM,7/9/2026,
1714,31.6,gf,0.700,mm,OK,--,8:02:22 PM,7/9/2026,
1715,31.7,gf,0.700,mm,OK,--,8:02:22 PM,7/9/2026,
1716,31.6,gf,0.700,mm,OK,--,8:02:23 PM,7/9/2026,
1717,31.5,gf,0.695,mm,OK,--,8:02:23 PM,7/9/2026,
1718,31.4,gf,0.695,mm,OK,--,8:02:23 PM,7/9/2026,
1719,31.5,gf,0.690,mm,OK,--,8:02:23 PM,7/9/2026,
1720,31.8,gf,0.690,mm,OK,--,8:02:23 PM,7/9/2026,
1721,31.6,gf,0.690,mm,OK,--,8:02:23 PM,7/9/2026,
1722,31.5,gf,0.690,mm,OK,--,8:02:23 PM,7/9/2026,
1723,31.5,gf,0.685,mm,OK,--,8:02:23 PM,7/9/2026,
1724,31.4,gf,0.685,mm,OK,--,8:02:23 PM,7/9/2026,
1725,31.6,gf,0.685,mm,OK,--,8:02:23 PM,7/9/2026,
1726,31.3,gf,0.685,mm,OK,--,8:02:24 PM,7/9/2026,
1727,31.4,gf,0.680,mm,OK,--,8:02:24 PM,7/9/2026,
1728,31.4,gf,0.680,mm,OK,--,8:02:24 PM,7/9/2026,
1729,31.3,gf,0.675,mm,OK,--,8:02:24 PM,7/9/2026,
1730,31.3,gf,0.670,mm,OK,--,8:02:24 PM,7/9/2026,
1731,31.4,gf,0.665,mm,OK,--,8:02:24 PM,7/9/2026,
1732,31.3,gf,0.660,mm,OK,--,8:02:24 PM,7/9/2026,
1733,31.4,gf,0.660,mm,OK,--,8:02:24 PM,7/9/2026,
1734,31.3,gf,0.655,mm,OK,--,8:02:24 PM,7/9/2026,
1735,31.2,gf,0.650,mm,OK,--,8:02:24 PM,7/9/2026,
1736,31.3,gf,0.645,mm,OK,--,8:02:25 PM,7/9/2026,
1737,31.3,gf,0.635,mm,OK,--,8:02:25 PM,7/9/2026,
1738,31.3,gf,0.630,mm,OK,--,8:02:25 PM,7/9/2026,
1739,31.3,gf,0.625,mm,OK,--,8:02:25 PM,7/9/2026,
1740,31.3,gf,0.625,mm,OK,--,8:02:25 PM,7/9/2026,
1741,31.1,gf,0.620,mm,OK,--,8:02:25 PM,7/9/2026,
1742,31.1,gf,0.615,mm,OK,--,8:02:25 PM,7/9/2026,
1743,31.1,gf,0.605,mm,OK,--,8:02:25 PM,7/9/2026,
1744,31.0,gf,0.600,mm,OK,--,8:02:25 PM,7/9/2026,
1745,30.9,gf,0.590,mm,OK,--,8:02:25 PM,7/9/2026,
1746,31.0,gf,0.580,mm,OK,--,8:02:26 PM,7/9/2026,
1747,31.0,gf,0.575,mm,OK,--,8:02:26 PM,7/9/2026,
1748,30.9,gf,0.570,mm,OK,--,8:02:26 PM,7/9/2026,
1749,30.9,gf,0.560,mm,OK,--,8:02:26 PM,7/9/2026,
1750,30.9,gf,0.555,mm,OK,--,8:02:26 PM,7/9/2026,
1751,30.9,gf,0.550,mm,OK,--,8:02:26 PM,7/9/2026,
1752,30.8,gf,0.550,mm,OK,--,8:02:26 PM,7/9/2026,
1753,30.8,gf,0.545,mm,OK,--,8:02:26 PM,7/9/2026,
1754,30.9,gf,0.540,mm,OK,--,8:02:26 PM,7/9/2026,
1755,30.8,gf,0.535,mm,OK,--,8:02:26 PM,7/9/2026,
1756,30.8,gf,0.535,mm,OK,--,8:02:27 PM,7/9/2026,
1757,30.8,gf,0.530,mm,OK,--,8:02:27 PM,7/9/2026,
1758,30.8,gf,0.530,mm,OK,--,8:02:27 PM,7/9/2026,
1759,30.7,gf,0.525,mm,OK,--,8:02:27 PM,7/9/2026,
1760,30.7,gf,0.525,mm,OK,--,8:02:27 PM,7/9/2026,
1761,30.7,gf,0.520,mm,OK,--,8:02:27 PM,7/9/2026,
1762,30.7,gf,0.520,mm,OK,--,8:02:27 PM,7/9/2026,
1763,30.6,gf,0.520,mm,OK,--,8:02:27 PM,7/9/2026,
1764,30.6,gf,0.520,mm,OK,--,8:02:27 PM,7/9/2026,
1765,30.5,gf,0.515,mm,OK,--,8:02:27 PM,7/9/2026,
1766,30.6,gf,0.515,mm,OK,--,8:02:28 PM,7/9/2026,
1767,30.5,gf,0.515,mm,OK,--,8:02:28 PM,7/9/2026,
1768,30.4,gf,0.510,mm,OK,--,8:02:28 PM,7/9/2026,
1769,30.4,gf,0.510,mm,OK,--,8:02:28 PM,7/9/2026,
1770,30.5,gf,0.505,mm,OK,--,8:02:28 PM,7/9/2026,
1771,30.5,gf,0.505,mm,OK,--,8:02:28 PM,7/9/2026,
1772,30.5,gf,0.500,mm,OK,--,8:02:28 PM,7/9/2026,
1773,30.5,gf,0.500,mm,OK,--,8:02:28 PM,7/9/2026,
1774,30.4,gf,0.500,mm,OK,--,8:02:28 PM,7/9/2026,
1775,30.4,gf,0.495,mm,OK,--,8:02:28 PM,7/9/2026,
1776,30.4,gf,0.495,mm,OK,--,8:02:29 PM,7/9/2026,
1777,30.5,gf,0.495,mm,OK,--,8:02:29 PM,7/9/2026,
1778,30.4,gf,0.495,mm,OK,--,8:02:29 PM,7/9/2026,
1779,30.4,gf,0.495,mm,OK,--,8:02:29 PM,7/9/2026,
1780,30.4,gf,0.495,mm,OK,--,8:02:29 PM,7/9/2026,
1781,30.4,gf,0.490,mm,OK,--,8:02:29 PM,7/9/2026,
1782,30.3,gf,0.490,mm,OK,--,8:02:29 PM,7/9/2026,
1783,30.3,gf,0.490,mm,OK,--,8:02:29 PM,7/9/2026,
1784,30.3,gf,0.490,mm,OK,--,8:02:29 PM,7/9/2026,
1785,30.2,gf,0.485,mm,OK,--,8:02:29 PM,7/9/2026,
1786,30.1,gf,0.485,mm,OK,--,8:02:30 PM,7/9/2026,
1787,29.9,gf,0.480,mm,OK,--,8:02:30 PM,7/9/2026,
1788,29.8,gf,0.475,mm,OK,--,8:02:30 PM,7/9/2026,
1789,29.5,gf,0.470,mm,OK,--,8:02:30 PM,7/9/2026,
1790,29.3,gf,0.470,mm,OK,--,8:02:30 PM,7/9/2026,
1791,29.0,gf,0.465,mm,OK,--,8:02:30 PM,7/9/2026,
1792,28.6,gf,0.465,mm,OK,--,8:02:30 PM,7/9/2026,
1793,27.7,gf,0.460,mm,OK,--,8:02:30 PM,7/9/2026,
1794,26.7,gf,0.460,mm,OK,--,8:02:30 PM,7/9/2026,
1795,25.5,gf,0.460,mm,OK,--,8:02:30 PM,7/9/2026,
1796,24.4,gf,0.455,mm,OK,--,8:02:31 PM,7/9/2026,
1797,23.6,gf,0.455,mm,OK,--,8:02:31 PM,7/9/2026,
1798,21.6,gf,0.450,mm,OK,--,8:02:31 PM,7/9/2026,
1799,18.2,gf,0.445,mm,OK,--,8:02:31 PM,7/9/2026,
1800,15.3,gf,0.445,mm,OK,--,8:02:31 PM,7/9/2026,
1801,12.5,gf,0.440,mm,OK,--,8:02:31 PM,7/9/2026,
1802,9.7,gf,0.435,mm,OK,--,8:02:31 PM,7/9/2026,
1803,7.1,gf,0.435,mm,OK,--,8:02:31 PM,7/9/2026,
1804,4.2,gf,0.430,mm,OK,--,8:02:31 PM,7/9/2026,
1805,1.9,gf,0.425,mm,OK,--,8:02:31 PM,7/9/2026,
1806,0.9,gf,0.425,mm,OK,--,8:02:32 PM,7/9/2026,
1807,0.2,gf,0.425,mm,OK,--,8:02:32 PM,7/9/2026,
1808,0.0,gf,0.420,mm,OK,--,8:02:32 PM,7/9/2026,
1809,0.0,gf,0.420,mm,OK,--,8:02:32 PM,7/9/2026,
1810,0.0,gf,0.420,mm,OK,--,8:02:32 PM,7/9/2026,
1811,0.0,gf,0.420,mm,OK,--,8:02:32 PM,7/9/2026,
1812,0.0,gf,0.420,mm,OK,--,8:02:32 PM,7/9/2026,
1813,0.0,gf,0.420,mm,OK,--,8:02:32 PM,7/9/2026,
1814,0.0,gf,0.415,mm,OK,--,8:02:32 PM,7/9/2026,
1815,0.0,gf,0.415,mm,OK,--,8:02:32 PM,7/9/2026,
1816,0.0,gf,0.415,mm,OK,--,8:02:33 PM,7/9/2026,
1817,0.0,gf,0.410,mm,OK,--,8:02:33 PM,7/9/2026,
1818,-0.2,gf,0.410,mm,OK,--,8:02:33 PM,7/9/2026,
1819,0.0,gf,0.405,mm,OK,--,8:02:33 PM,7/9/2026,
1820,0.1,gf,0.405,mm,OK,--,8:02:33 PM,7/9/2026,
1821,0.0,gf,0.405,mm,OK,--,8:02:33 PM,7/9/2026,
1822,0.0,gf,0.405,mm,OK,--,8:02:33 PM,7/9/2026,
1823,0.0,gf,0.405,mm,OK,--,8:02:33 PM,7/9/2026,
1824,0.0,gf,0.405,mm,OK,--,8:02:33 PM,7/9/2026,
1825,0.0,gf,0.400,mm,OK,--,8:02:33 PM,7/9/2026,
1826,0.1,gf,0.390,mm,OK,--,8:02:34 PM,7/9/2026,
1827,0.0,gf,0.370,mm,OK,--,8:02:34 PM,7/9/2026,
1828,0.0,gf,0.345,mm,OK,--,8:02:34 PM,7/9/2026,
1829,0.0,gf,0.325,mm,OK,--,8:02:34 PM,7/9/2026,
1830,0.0,gf,0.310,mm,OK,--,8:02:34 PM,7/9/2026,
1831,-0.2,gf,0.295,mm,OK,--,8:02:34 PM,7/9/2026,
1832,0.0,gf,0.275,mm,OK,--,8:02:34 PM,7/9/2026,
1833,0.0,gf,0.255,mm,OK,--,8:02:34 PM,7/9/2026,
1834,0.0,gf,0.230,mm,OK,--,8:02:34 PM,7/9/2026,
1835,0.0,gf,0.190,mm,OK,--,8:02:34 PM,7/9/2026,
1836,0.0,gf,0.165,mm,OK,--,8:02:35 PM,7/9/2026,
1837,-0.1,gf,0.165,mm,OK,--,8:02:35 PM,7/9/2026,
1838,-0.1,gf,0.165,mm,OK,--,8:02:35 PM,7/9/2026,
1839,0.0,gf,0.165,mm,OK,--,8:02:35 PM,7/9/2026,
1840,0.0,gf,0.165,mm,OK,--,8:02:35 PM,7/9/2026,
1841,0.1,gf,0.165,mm,OK,--,8:02:35 PM,7/9/2026,
1842,-0.4,gf,0.165,mm,OK,--,8:02:35 PM,7/9/2026,
1843,0.1,gf,0.175,mm,OK,--,8:02:35 PM,7/9/2026,
1844,0.0,gf,0.185,mm,OK,--,8:02:35 PM,7/9/2026,
1845,0.0,gf,0.195,mm,OK,--,8:02:35 PM,7/9/2026,
1846,-0.2,gf,0.200,mm,OK,--,8:02:36 PM,7/9/2026,
1847,0.1,gf,0.210,mm,OK,--,8:02:36 PM,7/9/2026,
1848,0.0,gf,0.215,mm,OK,--,8:02:36 PM,7/9/2026,
1849,0.0,gf,0.225,mm,OK,--,8:02:36 PM,7/9/2026,
1850,0.0,gf,0.235,mm,OK,--,8:02:36 PM,7/9/2026,
1851,0.0,gf,0.240,mm,OK,--,8:02:36 PM,7/9/2026,
1852,0.0,gf,0.250,mm,OK,--,8:02:36 PM,7/9/2026,
1853,0.0,gf,0.260,mm,OK,--,8:02:36 PM,7/9/2026,
1854,0.0,gf,0.270,mm,OK,--,8:02:36 PM,7/9/2026,
1855,0.0,gf,0.280,mm,OK,--,8:02:36 PM,7/9/2026,
