Maximum,191.7,@,No.1091,,,,,,
Minimum,-0.2,@,No.3,,,,,,
Average,48.61,,,,,,,,
Data Quantity,1842,,,,,,,,
Number of NG,0,,,,,,,,
No.,Force,Unit,Displacement,Unit,Judge,Position,Time,Date,
1,0.1,gf,0.000,mm,OK,--,7:17:21 PM,7/9/2026,
2,0.0,gf,0.000,mm,OK,--,7:17:21 PM,7/9/2026,
3,-0.2,gf,0.000,mm,OK,--,7:17:21 PM,7/9/2026,
4,-0.2,gf,0.005,mm,OK,--,7:17:21 PM,7/9/2026,
5,0.1,gf,0.005,mm,OK,--,7:17:21 PM,7/9/2026,
6,0.1,gf,0.010,mm,OK,--,7:17:21 PM,7/9/2026,
7,-0.1,gf,0.010,mm,OK,--,7:17:21 PM,7/9/2026,
8,-0.1,gf,0.010,mm,OK,--,7:17:21 PM,7/9/2026,
9,0.0,gf,0.010,mm,OK,--,7:17:21 PM,7/9/2026,
10,0.1,gf,0.010,mm,OK,--,7:17:21 PM,7/9/2026,
11,0.1,gf,0.010,mm,OK,--,7:17:22 PM,7/9/2026,
12,-0.1,gf,0.010,mm,OK,--,7:17:22 PM,7/9/2026,
13,0.0,gf,0.010,mm,OK,--,7:17:22 PM,7/9/2026,
14,0.2,gf,0.010,mm,OK,--,7:17:22 PM,7/9/2026,
15,0.0,gf,0.015,mm,OK,--,7:17:22 PM,7/9/2026,
16,-0.1,gf,0.015,mm,OK,--,7:17:22 PM,7/9/2026,
17,0.0,gf,0.015,mm,OK,--,7:17:22 PM,7/9/2026,
18,0.1,gf,0.015,mm,OK,--,7:17:22 PM,7/9/2026,
19,0.1,gf,0.015,mm,OK,--,7:17:22 PM,7/9/2026,
20,-0.2,gf,0.015,mm,OK,--,7:17:22 PM,7/9/2026,
21,-0.1,gf,0.020,mm,OK,--,7:17:23 PM,7/9/2026,
22,0.2,gf,0.020,mm,OK,--,7:17:23 PM,7/9/2026,
23,0.1,gf,0.020,mm,OK,--,7:17:23 PM,7/9/2026,
24,-0.2,gf,0.020,mm,OK,--,7:17:23 PM,7/9/2026,
25,0.0,gf,0.020,mm,OK,--,7:17:23 PM,7/9/2026,
26,-0.1,gf,0.025,mm,OK,--,7:17:23 PM,7/9/2026,
27,0.0,gf,0.025,mm,OK,--,7:17:23 PM,7/9/2026,
28,0.1,gf,0.025,mm,OK,--,7:17:23 PM,7/9/2026,
29,-0.1,gf,0.030,mm,OK,--,7:17:23 PM,7/9/2026,
30,0.1,gf,0.035,mm,OK,--,7:17:23 PM,7/9/2026,
31,0.2,gf,0.040,mm,OK,--,7:17:24 PM,7/9/2026,
32,0.1,gf,0.045,mm,OK,--,7:17:24 PM,7/9/2026,
33,-0.1,gf,0.050,mm,OK,--,7:17:24 PM,7/9/2026,
34,-0.1,gf,0.055,mm,OK,--,7:17:24 PM,7/9/2026,
35,-0.2,gf,0.055,mm,OK,--,7:17:24 PM,7/9/2026,
36,0.1,gf,0.060,mm,OK,--,7:17:24 PM,7/9/2026,
37,0.1,gf,0.065,mm,OK,--,7:17:24 PM,7/9/2026,
38,0.1,gf,0.065,mm,OK,--,7:17:24 PM,7/9/2026,
39,0.2,gf,0.065,mm,OK,--,7:17:24 PM,7/9/2026,
40,0.3,gf,0.065,mm,OK,--,7:17:24 PM,7/9/2026,
41,0.6,gf,0.070,mm,OK,--,7:17:25 PM,7/9/2026,
42,1.4,gf,0.070,mm,OK,--,7:17:25 PM,7/9/2026,
43,2.9,gf,0.070,mm,OK,--,7:17:25 PM,7/9/2026,
44,4.4,gf,0.075,mm,OK,--,7:17:25 PM,7/9/2026,
45,5.7,gf,0.075,mm,OK,--,7:17:25 PM,7/9/2026,
46,6.5,gf,0.075,mm,OK,--,7:17:25 PM,7/9/2026,
47,7.7,gf,0.080,mm,OK,--,7:17:25 PM,7/9/2026,
48,9.3,gf,0.080,mm,OK,--,7:17:25 PM,7/9/2026,
49,10.4,gf,0.080,mm,OK,--,7:17:25 PM,7/9/2026,
50,11.8,gf,0.085,mm,OK,--,7:17:25 PM,7/9/2026,
51,12.4,gf,0.085,mm,OK,--,7:17:26 PM,7/9/2026,
52,13.2,gf,0.085,mm,OK,--,7:17:26 PM,7/9/2026,
53,14.4,gf,0.085,mm,OK,--,7:17:26 PM,7/9/2026,
54,14.8,gf,0.085,mm,OK,--,7:17:26 PM,7/9/2026,
55,15.9,gf,0.090,mm,OK,--,7:17:26 PM,7/9/2026,
56,17.1,gf,0.090,mm,OK,--,7:17:26 PM,7/9/2026,
57,18.1,gf,0.090,mm,OK,--,7:17:26 PM,7/9/2026,
58,19.0,gf,0.090,mm,OK,--,7:17:26 PM,7/9/2026,
59,19.9,gf,0.095,mm,OK,--,7:17:26 PM,7/9/2026,
60,21.3,gf,0.095,mm,OK,--,7:17:26 PM,7/9/2026,
61,23.1,gf,0.095,mm,OK,--,7:17:27 PM,7/9/2026,
62,24.9,gf,0.100,mm,OK,--,7:17:27 PM,7/9/2026,
63,27.2,gf,0.100,mm,OK,--,7:17:27 PM,7/9/2026,
64,29.5,gf,0.105,mm,OK,--,7:17:27 PM,7/9/2026,
65,32.0,gf,0.110,mm,OK,--,7:17:27 PM,7/9/2026,
66,34.0,gf,0.110,mm,OK,--,7:17:27 PM,7/9/2026,
67,35.3,gf,0.115,mm,OK,--,7:17:27 PM,7/9/2026,
68,35.6,gf,0.120,mm,OK,--,7:17:27 PM,7/9/2026,
69,35.9,gf,0.120,mm,OK,--,7:17:27 PM,7/9/2026,
70,36.1,gf,0.120,mm,OK,--,7:17:28 PM,7/9/2026,
71,36.4,gf,0.125,mm,OK,--,7:17:28 PM,7/9/2026,
72,36.5,gf,0.125,mm,OK,--,7:17:28 PM,7/9/2026,
73,36.5,gf,0.125,mm,OK,--,7:17:28 PM,7/9/2026,
74,36.3,gf,0.130,mm,OK,--,7:17:28 PM,7/9/2026,
75,36.1,gf,0.130,mm,OK,--,7:17:28 PM,7/9/2026,
76,36.0,gf,0.135,mm,OK,--,7:17:28 PM,7/9/2026,
77,36.0,gf,0.140,mm,OK,--,7:17:28 PM,7/9/2026,
78,35.9,gf,0.145,mm,OK,--,7:17:28 PM,7/9/2026,
79,35.7,gf,0.145,mm,OK,--,7:17:28 PM,7/9/2026,
80,35.7,gf,0.150,mm,OK,--,7:17:28 PM,7/9/2026,
81,35.6,gf,0.155,mm,OK,--,7:17:29 PM,7/9/2026,
82,35.6,gf,0.160,mm,OK,--,7:17:29 PM,7/9/2026,
83,35.5,gf,0.165,mm,OK,--,7:17:29 PM,7/9/2026,
84,35.5,gf,0.170,mm,OK,--,7:17:29 PM,7/9/2026,
85,35.6,gf,0.175,mm,OK,--,7:17:29 PM,7/9/2026,
86,35.6,gf,0.175,mm,OK,--,7:17:29 PM,7/9/2026,
87,35.6,gf,0.180,mm,OK,--,7:17:29 PM,7/9/2026,
88,35.6,gf,0.185,mm,OK,--,7:17:29 PM,7/9/2026,
89,35.6,gf,0.190,mm,OK,--,7:17:29 PM,7/9/2026,
90,35.6,gf,0.190,mm,OK,--,7:17:29 PM,7/9/2026,
91,35.6,gf,0.195,mm,OK,--,7:17:30 PM,7/9/2026,
92,35.6,gf,0.200,mm,OK,--,7:17:30 PM,7/9/2026,
93,35.6,gf,0.205,mm,OK,--,7:17:30 PM,7/9/2026,
94,35.6,gf,0.205,mm,OK,--,7:17:30 PM,7/9/2026,
95,35.6,gf,0.210,mm,OK,--,7:17:30 PM,7/9/2026,
96,35.6,gf,0.210,mm,OK,--,7:17:30 PM,7/9/2026,
97,35.6,gf,0.215,mm,OK,--,7:17:30 PM,7/9/2026,
98,35.6,gf,0.215,mm,OK,--,7:17:30 PM,7/9/2026,
99,35.6,gf,0.220,mm,OK,--,7:17:30 PM,7/9/2026,
100,35.6,gf,0.220,mm,OK,--,7:17:30 PM,7/9/2026,
101,35.7,gf,0.225,mm,OK,--,7:17:31 PM,7/9/2026,
102,35.7,gf,0.225,mm,OK,--,7:17:31 PM,7/9/2026,
103,35.7,gf,0.225,mm,OK,--,7:17:31 PM,7/9/2026,
104,35.7,gf,0.230,mm,OK,--,7:17:31 PM,7/9/2026,
105,35.8,gf,0.230,mm,OK,--,7:17:31 PM,7/9/2026,
106,35.8,gf,0.235,mm,OK,--,7:17:31 PM,7/9/2026,
107,35.8,gf,0.235,mm,OK,--,7:17:31 PM,7/9/2026,
108,35.8,gf,0.240,mm,OK,--,7:17:31 PM,7/9/2026,
109,35.8,gf,0.240,mm,OK,--,7:17:31 PM,7/9/2026,
110,35.8,gf,0.240,mm,OK,--,7:17:31 PM,7/9/2026,
111,35.9,gf,0.245,mm,OK,--,7:17:32 PM,7/9/2026,
112,35.9,gf,0.245,mm,OK,--,7:17:32 PM,7/9/2026,
113,35.9,gf,0.250,mm,OK,--,7:17:32 PM,7/9/2026,
114,35.9,gf,0.250,mm,OK,--,7:17:32 PM,7/9/2026,
115,36.0,gf,0.255,mm,OK,--,7:17:32 PM,7/9/2026,
116,35.9,gf,0.255,mm,OK,--,7:17:32 PM,7/9/2026,
117,35.9,gf,0.260,mm,OK,--,7:17:32 PM,7/9/2026,
118,36.0,gf,0.260,mm,OK,--,7:17:32 PM,7/9/2026,
119,35.9,gf,0.260,mm,OK,--,7:17:32 PM,7/9/2026,
120,36.0,gf,0.260,mm,OK,--,7:17:32 PM,7/9/2026,
121,35.9,gf,0.265,mm,OK,--,7:17:33 PM,7/9/2026,
122,36.0,gf,0.265,mm,OK,--,7:17:33 PM,7/9/2026,
123,36.0,gf,0.270,mm,OK,--,7:17:33 PM,7/9/2026,
124,36.0,gf,0.270,mm,OK,--,7:17:33 PM,7/9/2026,
125,36.1,gf,0.275,mm,OK,--,7:17:33 PM,7/9/2026,
126,36.0,gf,0.280,mm,OK,--,7:17:33 PM,7/9/2026,
127,36.1,gf,0.280,mm,OK,--,7:17:33 PM,7/9/2026,
128,36.0,gf,0.285,mm,OK,--,7:17:33 PM,7/9/2026,
129,36.1,gf,0.285,mm,OK,--,7:17:33 PM,7/9/2026,
130,36.1,gf,0.290,mm,OK,--,7:17:33 PM,7/9/2026,
131,36.1,gf,0.295,mm,OK,--,7:17:34 PM,7/9/2026,
132,36.1,gf,0.300,mm,OK,--,7:17:34 PM,7/9/2026,
133,36.1,gf,0.305,mm,OK,--,7:17:34 PM,7/9/2026,
134,36.1,gf,0.310,mm,OK,--,7:17:34 PM,7/9/2026,
135,36.1,gf,0.315,mm,OK,--,7:17:34 PM,7/9/2026,
136,36.1,gf,0.320,mm,OK,--,7:17:34 PM,7/9/2026,
137,36.1,gf,0.325,mm,OK,--,7:17:34 PM,7/9/2026,
138,36.2,gf,0.330,mm,OK,--,7:17:34 PM,7/9/2026,
139,36.2,gf,0.335,mm,OK,--,7:17:34 PM,7/9/2026,
140,36.2,gf,0.340,mm,OK,--,7:17:34 PM,7/9/2026,
141,36.2,gf,0.340,mm,OK,--,7:17:35 PM,7/9/2026,
142,36.2,gf,0.345,mm,OK,--,7:17:35 PM,7/9/2026,
143,36.2,gf,0.345,mm,OK,--,7:17:35 PM,7/9/2026,
144,36.3,gf,0.350,mm,OK,--,7:17:35 PM,7/9/2026,
145,36.3,gf,0.350,mm,OK,--,7:17:35 PM,7/9/2026,
146,36.2,gf,0.355,mm,OK,--,7:17:35 PM,7/9/2026,
147,36.3,gf,0.355,mm,OK,--,7:17:35 PM,7/9/2026,
148,36.3,gf,0.360,mm,OK,--,7:17:35 PM,7/9/2026,
149,36.3,gf,0.360,mm,OK,--,7:17:35 PM,7/9/2026,
150,36.3,gf,0.365,mm,OK,--,7:17:35 PM,7/9/2026,
151,36.3,gf,0.365,mm,OK,--,7:17:36 PM,7/9/2026,
152,36.3,gf,0.370,mm,OK,--,7:17:36 PM,7/9/2026,
153,36.3,gf,0.370,mm,OK,--,7:17:36 PM,7/9/2026,
154,36.3,gf,0.370,mm,OK,--,7:17:36 PM,7/9/2026,
155,36.3,gf,0.375,mm,OK,--,7:17:36 PM,7/9/2026,
156,36.3,gf,0.375,mm,OK,--,7:17:36 PM,7/9/2026,
157,36.4,gf,0.375,mm,OK,--,7:17:36 PM,7/9/2026,
158,36.3,gf,0.380,mm,OK,--,7:17:36 PM,7/9/2026,
159,36.3,gf,0.380,mm,OK,--,7:17:36 PM,7/9/2026,
160,36.1,gf,0.380,mm,OK,--,7:17:36 PM,7/9/2026,
161,36.2,gf,0.380,mm,OK,--,7:17:37 PM,7/9/2026,
162,36.4,gf,0.380,mm,OK,--,7:17:37 PM,7/9/2026,
163,36.4,gf,0.385,mm,OK,--,7:17:37 PM,7/9/2026,
164,36.4,gf,0.385,mm,OK,--,7:17:37 PM,7/9/2026,
165,36.6,gf,0.385,mm,OK,--,7:17:37 PM,7/9/2026,
166,36.5,gf,0.390,mm,OK,--,7:17:37 PM,7/9/2026,
167,36.5,gf,0.395,mm,OK,--,7:17:37 PM,7/9/2026,
168,36.4,gf,0.400,mm,OK,--,7:17:37 PM,7/9/2026,
169,36.4,gf,0.400,mm,OK,--,7:17:37 PM,7/9/2026,
170,36.4,gf,0.405,mm,OK,--,7:17:37 PM,7/9/2026,
171,36.4,gf,0.410,mm,OK,--,7:17:38 PM,7/9/2026,
172,36.5,gf,0.410,mm,OK,--,7:17:38 PM,7/9/2026,
173,36.5,gf,0.415,mm,OK,--,7:17:38 PM,7/9/2026,
174,36.5,gf,0.420,mm,OK,--,7:17:38 PM,7/9/2026,
175,36.5,gf,0.420,mm,OK,--,7:17:38 PM,7/9/2026,
176,36.5,gf,0.425,mm,OK,--,7:17:38 PM,7/9/2026,
177,36.5,gf,0.430,mm,OK,--,7:17:38 PM,7/9/2026,
178,36.5,gf,0.435,mm,OK,--,7:17:38 PM,7/9/2026,
179,36.6,gf,0.435,mm,OK,--,7:17:38 PM,7/9/2026,
180,36.6,gf,0.440,mm,OK,--,7:17:38 PM,7/9/2026,
181,36.6,gf,0.440,mm,OK,--,7:17:39 PM,7/9/2026,
182,36.6,gf,0.445,mm,OK,--,7:17:39 PM,7/9/2026,
183,36.6,gf,0.450,mm,OK,--,7:17:39 PM,7/9/2026,
184,36.6,gf,0.450,mm,OK,--,7:17:39 PM,7/9/2026,
185,36.6,gf,0.455,mm,OK,--,7:17:39 PM,7/9/2026,
186,36.7,gf,0.455,mm,OK,--,7:17:39 PM,7/9/2026,
187,36.7,gf,0.460,mm,OK,--,7:17:39 PM,7/9/2026,
188,36.7,gf,0.460,mm,OK,--,7:17:39 PM,7/9/2026,
189,36.7,gf,0.465,mm,OK,--,7:17:39 PM,7/9/2026,
190,36.8,gf,0.465,mm,OK,--,7:17:39 PM,7/9/2026,
191,36.9,gf,0.470,mm,OK,--,7:17:40 PM,7/9/2026,
192,36.9,gf,0.475,mm,OK,--,7:17:40 PM,7/9/2026,
193,36.8,gf,0.480,mm,OK,--,7:17:40 PM,7/9/2026,
194,36.6,gf,0.480,mm,OK,--,7:17:40 PM,7/9/2026,
195,36.8,gf,0.480,mm,OK,--,7:17:40 PM,7/9/2026,
196,36.8,gf,0.485,mm,OK,--,7:17:40 PM,7/9/2026,
197,36.8,gf,0.485,mm,OK,--,7:17:40 PM,7/9/2026,
198,36.8,gf,0.485,mm,OK,--,7:17:40 PM,7/9/2026,
199,36.9,gf,0.490,mm,OK,--,7:17:40 PM,7/9/2026,
200,36.8,gf,0.490,mm,OK,--,7:17:40 PM,7/9/2026,
201,37.0,gf,0.490,mm,OK,--,7:17:41 PM,7/9/2026,
202,36.9,gf,0.490,mm,OK,--,7:17:41 PM,7/9/2026,
203,36.9,gf,0.495,mm,OK,--,7:17:41 PM,7/9/2026,
204,36.9,gf,0.495,mm,OK,--,7:17:41 PM,7/9/2026,
205,36.9,gf,0.495,mm,OK,--,7:17:41 PM,7/9/2026,
206,36.9,gf,0.500,mm,OK,--,7:17:41 PM,7/9/2026,
207,36.9,gf,0.500,mm,OK,--,7:17:41 PM,7/9/2026,
208,36.9,gf,0.505,mm,OK,--,7:17:41 PM,7/9/2026,
209,36.9,gf,0.505,mm,OK,--,7:17:41 PM,7/9/2026,
210,36.9,gf,0.510,mm,OK,--,7:17:41 PM,7/9/2026,
211,36.9,gf,0.510,mm,OK,--,7:17:42 PM,7/9/2026,
212,36.9,gf,0.515,mm,OK,--,7:17:42 PM,7/9/2026,
213,36.9,gf,0.520,mm,OK,--,7:17:42 PM,7/9/2026,
214,37.0,gf,0.525,mm,OK,--,7:17:42 PM,7/9/2026,
215,37.0,gf,0.530,mm,OK,--,7:17:42 PM,7/9/2026,
216,37.0,gf,0.535,mm,OK,--,7:17:42 PM,7/9/2026,
217,37.0,gf,0.540,mm,OK,--,7:17:42 PM,7/9/2026,
218,37.0,gf,0.550,mm,OK,--,7:17:42 PM,7/9/2026,
219,37.1,gf,0.555,mm,OK,--,7:17:42 PM,7/9/2026,
220,37.1,gf,0.565,mm,OK,--,7:17:42 PM,7/9/2026,
221,37.1,gf,0.570,mm,OK,--,7:17:43 PM,7/9/2026,
222,37.0,gf,0.580,mm,OK,--,7:17:43 PM,7/9/2026,
223,37.1,gf,0.580,mm,OK,--,7:17:43 PM,7/9/2026,
224,37.2,gf,0.585,mm,OK,--,7:17:43 PM,7/9/2026,
225,37.2,gf,0.590,mm,OK,--,7:17:43 PM,7/9/2026,
226,37.2,gf,0.590,mm,OK,--,7:17:43 PM,7/9/2026,
227,37.2,gf,0.595,mm,OK,--,7:17:43 PM,7/9/2026,
228,37.3,gf,0.600,mm,OK,--,7:17:43 PM,7/9/2026,
229,37.2,gf,0.600,mm,OK,--,7:17:43 PM,7/9/2026,
230,37.3,gf,0.605,mm,OK,--,7:17:43 PM,7/9/2026,
231,37.3,gf,0.610,mm,OK,--,7:17:44 PM,7/9/2026,
232,37.3,gf,0.615,mm,OK,--,7:17:44 PM,7/9/2026,
233,37.3,gf,0.615,mm,OK,--,7:17:44 PM,7/9/2026,
234,37.3,gf,0.615,mm,OK,--,7:17:44 PM,7/9/2026,
235,37.3,gf,0.620,mm,OK,--,7:17:44 PM,7/9/2026,
236,37.5,gf,0.620,mm,OK,--,7:17:44 PM,7/9/2026,
237,37.2,gf,0.625,mm,OK,--,7:17:44 PM,7/9/2026,
238,37.4,gf,0.625,mm,OK,--,7:17:44 PM,7/9/2026,
239,37.4,gf,0.630,mm,OK,--,7:17:44 PM,7/9/2026,
240,37.4,gf,0.630,mm,OK,--,7:17:44 PM,7/9/2026,
241,37.5,gf,0.635,mm,OK,--,7:17:45 PM,7/9/2026,
242,37.5,gf,0.635,mm,OK,--,7:17:45 PM,7/9/2026,
243,37.5,gf,0.640,mm,OK,--,7:17:45 PM,7/9/2026,
244,37.5,gf,0.640,mm,OK,--,7:17:45 PM,7/9/2026,
245,37.5,gf,0.645,mm,OK,--,7:17:45 PM,7/9/2026,
246,37.6,gf,0.645,mm,OK,--,7:17:45 PM,7/9/2026,
247,37.6,gf,0.650,mm,OK,--,7:17:45 PM,7/9/2026,
248,37.6,gf,0.655,mm,OK,--,7:17:45 PM,7/9/2026,
249,37.5,gf,0.660,mm,OK,--,7:17:45 PM,7/9/2026,
250,37.6,gf,0.665,mm,OK,--,7:17:45 PM,7/9/2026,
251,37.5,gf,0.670,mm,OK,--,7:17:46 PM,7/9/2026,
252,37.5,gf,0.675,mm,OK,--,7:17:46 PM,7/9/2026,
253,37.5,gf,0.680,mm,OK,--,7:17:46 PM,7/9/2026,
254,37.6,gf,0.690,mm,OK,--,7:17:46 PM,7/9/2026,
255,37.6,gf,0.690,mm,OK,--,7:17:46 PM,7/9/2026,
256,37.7,gf,0.695,mm,OK,--,7:17:46 PM,7/9/2026,
257,37.5,gf,0.695,mm,OK,--,7:17:46 PM,7/9/2026,
258,37.6,gf,0.700,mm,OK,--,7:17:46 PM,7/9/2026,
259,37.6,gf,0.700,mm,OK,--,7:17:46 PM,7/9/2026,
260,37.6,gf,0.700,mm,OK,--,7:17:46 PM,7/9/2026,
261,37.6,gf,0.700,mm,OK,--,7:17:47 PM,7/9/2026,
262,37.6,gf,0.705,mm,OK,--,7:17:47 PM,7/9/2026,
263,37.7,gf,0.705,mm,OK,--,7:17:47 PM,7/9/2026,
264,37.7,gf,0.705,mm,OK,--,7:17:47 PM,7/9/2026,
265,37.6,gf,0.710,mm,OK,--,7:17:47 PM,7/9/2026,
266,37.7,gf,0.710,mm,OK,--,7:17:47 PM,7/9/2026,
267,37.7,gf,0.710,mm,OK,--,7:17:47 PM,7/9/2026,
268,37.7,gf,0.715,mm,OK,--,7:17:47 PM,7/9/2026,
269,37.7,gf,0.715,mm,OK,--,7:17:47 PM,7/9/2026,
270,37.7,gf,0.720,mm,OK,--,7:17:47 PM,7/9/2026,
271,37.7,gf,0.720,mm,OK,--,7:17:48 PM,7/9/2026,
272,37.7,gf,0.725,mm,OK,--,7:17:48 PM,7/9/2026,
273,37.7,gf,0.730,mm,OK,--,7:17:48 PM,7/9/2026,
274,37.7,gf,0.735,mm,OK,--,7:17:48 PM,7/9/2026,
275,37.7,gf,0.740,mm,OK,--,7:17:48 PM,7/9/2026,
276,37.6,gf,0.740,mm,OK,--,7:17:48 PM,7/9/2026,
277,37.7,gf,0.745,mm,OK,--,7:17:48 PM,7/9/2026,
278,37.8,gf,0.750,mm,OK,--,7:17:48 PM,7/9/2026,
279,37.8,gf,0.755,mm,OK,--,7:17:48 PM,7/9/2026,
280,37.8,gf,0.760,mm,OK,--,7:17:48 PM,7/9/2026,
281,37.7,gf,0.760,mm,OK,--,7:17:49 PM,7/9/2026,
282,37.7,gf,0.765,mm,OK,--,7:17:49 PM,7/9/2026,
283,37.8,gf,0.765,mm,OK,--,7:17:49 PM,7/9/2026,
284,37.8,gf,0.770,mm,OK,--,7:17:49 PM,7/9/2026,
285,37.8,gf,0.775,mm,OK,--,7:17:49 PM,7/9/2026,
286,37.9,gf,0.775,mm,OK,--,7:17:49 PM,7/9/2026,
287,37.9,gf,0.780,mm,OK,--,7:17:49 PM,7/9/2026,
288,38.0,gf,0.785,mm,OK,--,7:17:49 PM,7/9/2026,
289,38.0,gf,0.790,mm,OK,--,7:17:49 PM,7/9/2026,
290,38.0,gf,0.795,mm,OK,--,7:17:49 PM,7/9/2026,
291,38.0,gf,0.795,mm,OK,--,7:17:50 PM,7/9/2026,
292,38.0,gf,0.800,mm,OK,--,7:17:50 PM,7/9/2026,
293,38.1,gf,0.805,mm,OK,--,7:17:50 PM,7/9/2026,
294,38.1,gf,0.810,mm,OK,--,7:17:50 PM,7/9/2026,
295,38.1,gf,0.815,mm,OK,--,7:17:50 PM,7/9/2026,
296,38.1,gf,0.815,mm,OK,--,7:17:50 PM,7/9/2026,
297,38.2,gf,0.820,mm,OK,--,7:17:50 PM,7/9/2026,
298,38.2,gf,0.825,mm,OK,--,7:17:50 PM,7/9/2026,
299,38.2,gf,0.830,mm,OK,--,7:17:50 PM,7/9/2026,
300,38.2,gf,0.835,mm,OK,--,7:17:50 PM,7/9/2026,
301,38.2,gf,0.835,mm,OK,--,7:17:51 PM,7/9/2026,
302,38.2,gf,0.840,mm,OK,--,7:17:51 PM,7/9/2026,
303,38.2,gf,0.840,mm,OK,--,7:17:51 PM,7/9/2026,
304,38.1,gf,0.840,mm,OK,--,7:17:51 PM,7/9/2026,
305,38.2,gf,0.845,mm,OK,--,7:17:51 PM,7/9/2026,
306,38.2,gf,0.845,mm,OK,--,7:17:51 PM,7/9/2026,
307,38.3,gf,0.845,mm,OK,--,7:17:51 PM,7/9/2026,
308,38.4,gf,0.845,mm,OK,--,7:17:51 PM,7/9/2026,
309,38.4,gf,0.850,mm,OK,--,7:17:51 PM,7/9/2026,
310,38.3,gf,0.850,mm,OK,--,7:17:51 PM,7/9/2026,
311,38.4,gf,0.850,mm,OK,--,7:17:52 PM,7/9/2026,
312,38.3,gf,0.855,mm,OK,--,7:17:52 PM,7/9/2026,
313,38.3,gf,0.855,mm,OK,--,7:17:52 PM,7/9/2026,
314,38.3,gf,0.855,mm,OK,--,7:17:52 PM,7/9/2026,
315,38.3,gf,0.860,mm,OK,--,7:17:52 PM,7/9/2026,
316,38.3,gf,0.860,mm,OK,--,7:17:52 PM,7/9/2026,
317,38.4,gf,0.860,mm,OK,--,7:17:52 PM,7/9/2026,
318,38.5,gf,0.865,mm,OK,--,7:17:52 PM,7/9/2026,
319,38.4,gf,0.865,mm,OK,--,7:17:52 PM,7/9/2026,
320,38.3,gf,0.870,mm,OK,--,7:17:52 PM,7/9/2026,
321,38.3,gf,0.870,mm,OK,--,7:17:53 PM,7/9/2026,
322,38.3,gf,0.870,mm,OK,--,7:17:53 PM,7/9/2026,
323,38.3,gf,0.875,mm,OK,--,7:17:53 PM,7/9/2026,
324,38.3,gf,0.880,mm,OK,--,7:17:53 PM,7/9/2026,
325,38.3,gf,0.880,mm,OK,--,7:17:53 PM,7/9/2026,
326,38.4,gf,0.885,mm,OK,--,7:17:53 PM,7/9/2026,
327,38.4,gf,0.890,mm,OK,--,7:17:53 PM,7/9/2026,
328,38.3,gf,0.895,mm,OK,--,7:17:53 PM,7/9/2026,
329,38.3,gf,0.895,mm,OK,--,7:17:53 PM,7/9/2026,
330,38.4,gf,0.895,mm,OK,--,7:17:53 PM,7/9/2026,
331,38.4,gf,0.900,mm,OK,--,7:17:54 PM,7/9/2026,
332,38.4,gf,0.900,mm,OK,--,7:17:54 PM,7/9/2026,
333,38.5,gf,0.905,mm,OK,--,7:17:54 PM,7/9/2026,
334,38.5,gf,0.905,mm,OK,--,7:17:54 PM,7/9/2026,
335,38.6,gf,0.910,mm,OK,--,7:17:54 PM,7/9/2026,
336,38.5,gf,0.915,mm,OK,--,7:17:54 PM,7/9/2026,
337,38.5,gf,0.920,mm,OK,--,7:17:54 PM,7/9/2026,
338,38.5,gf,0.925,mm,OK,--,7:17:54 PM,7/9/2026,
339,38.4,gf,0.935,mm,OK,--,7:17:54 PM,7/9/2026,
340,38.4,gf,0.935,mm,OK,--,7:17:54 PM,7/9/2026,
341,38.5,gf,0.940,mm,OK,--,7:17:55 PM,7/9/2026,
342,38.6,gf,0.945,mm,OK,--,7:17:55 PM,7/9/2026,
343,38.6,gf,0.945,mm,OK,--,7:17:55 PM,7/9/2026,
344,38.6,gf,0.950,mm,OK,--,7:17:55 PM,7/9/2026,
345,38.6,gf,0.955,mm,OK,--,7:17:55 PM,7/9/2026,
346,38.6,gf,0.955,mm,OK,--,7:17:55 PM,7/9/2026,
347,38.6,gf,0.960,mm,OK,--,7:17:55 PM,7/9/2026,
348,38.7,gf,0.960,mm,OK,--,7:17:55 PM,7/9/2026,
349,38.7,gf,0.965,mm,OK,--,7:17:55 PM,7/9/2026,
350,38.7,gf,0.970,mm,OK,--,7:17:55 PM,7/9/2026,
351,38.7,gf,0.975,mm,OK,--,7:17:56 PM,7/9/2026,
352,38.7,gf,0.985,mm,OK,--,7:17:56 PM,7/9/2026,
353,38.7,gf,0.990,mm,OK,--,7:17:56 PM,7/9/2026,
354,38.7,gf,0.990,mm,OK,--,7:17:56 PM,7/9/2026,
355,38.8,gf,0.995,mm,OK,--,7:17:56 PM,7/9/2026,
356,38.8,gf,0.995,mm,OK,--,7:17:56 PM,7/9/2026,
357,38.8,gf,1.000,mm,OK,--,7:17:56 PM,7/9/2026,
358,38.8,gf,1.000,mm,OK,--,7:17:56 PM,7/9/2026,
359,38.7,gf,1.005,mm,OK,--,7:17:56 PM,7/9/2026,
360,38.8,gf,1.005,mm,OK,--,7:17:56 PM,7/9/2026,
361,38.8,gf,1.005,mm,OK,--,7:17:57 PM,7/9/2026,
362,38.9,gf,1.005,mm,OK,--,7:17:57 PM,7/9/2026,
363,38.8,gf,1.005,mm,OK,--,7:17:57 PM,7/9/2026,
364,38.9,gf,1.010,mm,OK,--,7:17:57 PM,7/9/2026,
365,39.0,gf,1.010,mm,OK,--,7:17:57 PM,7/9/2026,
366,38.9,gf,1.015,mm,OK,--,7:17:57 PM,7/9/2026,
367,38.9,gf,1.020,mm,OK,--,7:17:57 PM,7/9/2026,
368,38.9,gf,1.020,mm,OK,--,7:17:57 PM,7/9/2026,
369,38.9,gf,1.025,mm,OK,--,7:17:57 PM,7/9/2026,
370,38.9,gf,1.030,mm,OK,--,7:17:57 PM,7/9/2026,
371,38.9,gf,1.035,mm,OK,--,7:17:58 PM,7/9/2026,
372,39.0,gf,1.040,mm,OK,--,7:17:58 PM,7/9/2026,
373,39.0,gf,1.050,mm,OK,--,7:17:58 PM,7/9/2026,
374,38.9,gf,1.055,mm,OK,--,7:17:58 PM,7/9/2026,
375,39.0,gf,1.060,mm,OK,--,7:17:58 PM,7/9/2026,
376,39.0,gf,1.065,mm,OK,--,7:17:58 PM,7/9/2026,
377,39.1,gf,1.075,mm,OK,--,7:17:58 PM,7/9/2026,
378,39.1,gf,1.080,mm,OK,--,7:17:58 PM,7/9/2026,
379,39.2,gf,1.085,mm,OK,--,7:17:58 PM,7/9/2026,
380,39.2,gf,1.095,mm,OK,--,7:17:58 PM,7/9/2026,
381,39.2,gf,1.100,mm,OK,--,7:17:59 PM,7/9/2026,
382,39.1,gf,1.105,mm,OK,--,7:17:59 PM,7/9/2026,
383,39.3,gf,1.110,mm,OK,--,7:17:59 PM,7/9/2026,
384,39.3,gf,1.110,mm,OK,--,7:17:59 PM,7/9/2026,
385,39.4,gf,1.115,mm,OK,--,7:17:59 PM,7/9/2026,
386,39.4,gf,1.120,mm,OK,--,7:17:59 PM,7/9/2026,
387,39.5,gf,1.120,mm,OK,--,7:17:59 PM,7/9/2026,
388,39.4,gf,1.125,mm,OK,--,7:17:59 PM,7/9/2026,
389,39.5,gf,1.130,mm,OK,--,7:17:59 PM,7/9/2026,
390,39.5,gf,1.130,mm,OK,--,7:17:59 PM,7/9/2026,
391,39.6,gf,1.135,mm,OK,--,7:18:00 PM,7/9/2026,
392,39.5,gf,1.135,mm,OK,--,7:18:00 PM,7/9/2026,
393,39.6,gf,1.135,mm,OK,--,7:18:00 PM,7/9/2026,
394,39.5,gf,1.140,mm,OK,--,7:18:00 PM,7/9/2026,
395,39.6,gf,1.140,mm,OK,--,7:18:00 PM,7/9/2026,
396,39.6,gf,1.145,mm,OK,--,7:18:00 PM,7/9/2026,
397,39.6,gf,1.145,mm,OK,--,7:18:00 PM,7/9/2026,
398,39.7,gf,1.145,mm,OK,--,7:18:00 PM,7/9/2026,
399,39.6,gf,1.150,mm,OK,--,7:18:00 PM,7/9/2026,
400,39.6,gf,1.150,mm,OK,--,7:18:00 PM,7/9/2026,
401,39.7,gf,1.150,mm,OK,--,7:18:01 PM,7/9/2026,
402,39.7,gf,1.155,mm,OK,--,7:18:01 PM,7/9/2026,
403,39.8,gf,1.155,mm,OK,--,7:18:01 PM,7/9/2026,
404,39.7,gf,1.155,mm,OK,--,7:18:01 PM,7/9/2026,
405,39.7,gf,1.160,mm,OK,--,7:18:01 PM,7/9/2026,
406,39.8,gf,1.165,mm,OK,--,7:18:01 PM,7/9/2026,
407,39.8,gf,1.165,mm,OK,--,7:18:01 PM,7/9/2026,
408,39.7,gf,1.170,mm,OK,--,7:18:01 PM,7/9/2026,
409,39.8,gf,1.170,mm,OK,--,7:18:01 PM,7/9/2026,
410,39.7,gf,1.175,mm,OK,--,7:18:01 PM,7/9/2026,
411,39.8,gf,1.175,mm,OK,--,7:18:02 PM,7/9/2026,
412,39.8,gf,1.180,mm,OK,--,7:18:02 PM,7/9/2026,
413,39.9,gf,1.190,mm,OK,--,7:18:02 PM,7/9/2026,
414,39.8,gf,1.195,mm,OK,--,7:18:02 PM,7/9/2026,
415,39.8,gf,1.205,mm,OK,--,7:18:02 PM,7/9/2026,
416,39.9,gf,1.205,mm,OK,--,7:18:02 PM,7/9/2026,
417,39.9,gf,1.210,mm,OK,--,7:18:02 PM,7/9/2026,
418,39.9,gf,1.215,mm,OK,--,7:18:02 PM,7/9/2026,
419,39.9,gf,1.215,mm,OK,--,7:18:02 PM,7/9/2026,
420,39.9,gf,1.220,mm,OK,--,7:18:02 PM,7/9/2026,
421,40.0,gf,1.220,mm,OK,--,7:18:03 PM,7/9/2026,
422,40.0,gf,1.225,mm,OK,--,7:18:03 PM,7/9/2026,
423,40.0,gf,1.225,mm,OK,--,7:18:03 PM,7/9/2026,
424,40.0,gf,1.230,mm,OK,--,7:18:03 PM,7/9/2026,
425,40.0,gf,1.230,mm,OK,--,7:18:03 PM,7/9/2026,
426,40.0,gf,1.235,mm,OK,--,7:18:03 PM,7/9/2026,
427,40.1,gf,1.240,mm,OK,--,7:18:03 PM,7/9/2026,
428,40.1,gf,1.245,mm,OK,--,7:18:03 PM,7/9/2026,
429,40.1,gf,1.250,mm,OK,--,7:18:03 PM,7/9/2026,
430,40.1,gf,1.255,mm,OK,--,7:18:03 PM,7/9/2026,
431,40.1,gf,1.260,mm,OK,--,7:18:04 PM,7/9/2026,
432,40.1,gf,1.270,mm,OK,--,7:18:04 PM,7/9/2026,
433,40.1,gf,1.275,mm,OK,--,7:18:04 PM,7/9/2026,
434,40.2,gf,1.280,mm,OK,--,7:18:04 PM,7/9/2026,
435,40.1,gf,1.280,mm,OK,--,7:18:04 PM,7/9/2026,
436,40.3,gf,1.285,mm,OK,--,7:18:04 PM,7/9/2026,
437,40.3,gf,1.285,mm,OK,--,7:18:04 PM,7/9/2026,
438,40.3,gf,1.290,mm,OK,--,7:18:04 PM,7/9/2026,
439,40.3,gf,1.300,mm,OK,--,7:18:04 PM,7/9/2026,
440,40.3,gf,1.305,mm,OK,--,7:18:04 PM,7/9/2026,
441,40.3,gf,1.310,mm,OK,--,7:18:05 PM,7/9/2026,
442,40.3,gf,1.320,mm,OK,--,7:18:05 PM,7/9/2026,
443,40.3,gf,1.325,mm,OK,--,7:18:05 PM,7/9/2026,
444,40.4,gf,1.330,mm,OK,--,7:18:05 PM,7/9/2026,
445,40.4,gf,1.340,mm,OK,--,7:18:05 PM,7/9/2026,
446,40.4,gf,1.345,mm,OK,--,7:18:05 PM,7/9/2026,
447,40.4,gf,1.350,mm,OK,--,7:18:05 PM,7/9/2026,
448,40.5,gf,1.355,mm,OK,--,7:18:05 PM,7/9/2026,
449,40.5,gf,1.360,mm,OK,--,7:18:05 PM,7/9/2026,
450,40.5,gf,1.365,mm,OK,--,7:18:05 PM,7/9/2026,
451,40.5,gf,1.370,mm,OK,--,7:18:06 PM,7/9/2026,
452,40.6,gf,1.375,mm,OK,--,7:18:06 PM,7/9/2026,
453,40.6,gf,1.380,mm,OK,--,7:18:06 PM,7/9/2026,
454,40.7,gf,1.380,mm,OK,--,7:18:06 PM,7/9/2026,
455,40.6,gf,1.385,mm,OK,--,7:18:06 PM,7/9/2026,
456,40.6,gf,1.390,mm,OK,--,7:18:06 PM,7/9/2026,
457,40.7,gf,1.390,mm,OK,--,7:18:06 PM,7/9/2026,
458,40.6,gf,1.395,mm,OK,--,7:18:06 PM,7/9/2026,
459,40.7,gf,1.395,mm,OK,--,7:18:06 PM,7/9/2026,
460,40.7,gf,1.400,mm,OK,--,7:18:06 PM,7/9/2026,
461,40.7,gf,1.400,mm,OK,--,7:18:07 PM,7/9/2026,
462,40.7,gf,1.405,mm,OK,--,7:18:07 PM,7/9/2026,
463,40.8,gf,1.405,mm,OK,--,7:18:07 PM,7/9/2026,
464,40.7,gf,1.410,mm,OK,--,7:18:07 PM,7/9/2026,
465,40.7,gf,1.410,mm,OK,--,7:18:07 PM,7/9/2026,
466,40.7,gf,1.415,mm,OK,--,7:18:07 PM,7/9/2026,
467,40.7,gf,1.415,mm,OK,--,7:18:07 PM,7/9/2026,
468,40.8,gf,1.415,mm,OK,--,7:18:07 PM,7/9/2026,
469,40.7,gf,1.415,mm,OK,--,7:18:07 PM,7/9/2026,
470,40.8,gf,1.420,mm,OK,--,7:18:07 PM,7/9/2026,
471,40.8,gf,1.420,mm,OK,--,7:18:08 PM,7/9/2026,
472,40.9,gf,1.420,mm,OK,--,7:18:08 PM,7/9/2026,
473,40.9,gf,1.420,mm,OK,--,7:18:08 PM,7/9/2026,
474,40.9,gf,1.425,mm,OK,--,7:18:08 PM,7/9/2026,
475,40.9,gf,1.425,mm,OK,--,7:18:08 PM,7/9/2026,
476,40.9,gf,1.430,mm,OK,--,7:18:08 PM,7/9/2026,
477,40.9,gf,1.430,mm,OK,--,7:18:08 PM,7/9/2026,
478,40.9,gf,1.435,mm,OK,--,7:18:08 PM,7/9/2026,
479,40.9,gf,1.435,mm,OK,--,7:18:08 PM,7/9/2026,
480,40.9,gf,1.435,mm,OK,--,7:18:08 PM,7/9/2026,
481,40.9,gf,1.440,mm,OK,--,7:18:09 PM,7/9/2026,
482,40.9,gf,1.440,mm,OK,--,7:18:09 PM,7/9/2026,
483,40.9,gf,1.440,mm,OK,--,7:18:09 PM,7/9/2026,
484,41.0,gf,1.440,mm,OK,--,7:18:09 PM,7/9/2026,
485,40.9,gf,1.445,mm,OK,--,7:18:09 PM,7/9/2026,
486,41.0,gf,1.445,mm,OK,--,7:18:09 PM,7/9/2026,
487,41.0,gf,1.445,mm,OK,--,7:18:09 PM,7/9/2026,
488,41.0,gf,1.445,mm,OK,--,7:18:09 PM,7/9/2026,
489,41.0,gf,1.450,mm,OK,--,7:18:09 PM,7/9/2026,
490,41.0,gf,1.450,mm,OK,--,7:18:09 PM,7/9/2026,
491,41.0,gf,1.455,mm,OK,--,7:18:10 PM,7/9/2026,
492,41.0,gf,1.455,mm,OK,--,7:18:10 PM,7/9/2026,
493,41.1,gf,1.460,mm,OK,--,7:18:10 PM,7/9/2026,
494,41.1,gf,1.460,mm,OK,--,7:18:10 PM,7/9/2026,
495,41.1,gf,1.465,mm,OK,--,7:18:10 PM,7/9/2026,
496,41.1,gf,1.470,mm,OK,--,7:18:10 PM,7/9/2026,
497,41.1,gf,1.470,mm,OK,--,7:18:10 PM,7/9/2026,
498,41.0,gf,1.475,mm,OK,--,7:18:10 PM,7/9/2026,
499,41.1,gf,1.475,mm,OK,--,7:18:10 PM,7/9/2026,
500,41.1,gf,1.480,mm,OK,--,7:18:10 PM,7/9/2026,
501,41.1,gf,1.485,mm,OK,--,7:18:11 PM,7/9/2026,
502,41.0,gf,1.485,mm,OK,--,7:18:11 PM,7/9/2026,
503,41.1,gf,1.490,mm,OK,--,7:18:11 PM,7/9/2026,
504,41.1,gf,1.490,mm,OK,--,7:18:11 PM,7/9/2026,
505,41.2,gf,1.495,mm,OK,--,7:18:11 PM,7/9/2026,
506,41.1,gf,1.500,mm,OK,--,7:18:11 PM,7/9/2026,
507,41.2,gf,1.505,mm,OK,--,7:18:11 PM,7/9/2026,
508,41.2,gf,1.510,mm,OK,--,7:18:11 PM,7/9/2026,
509,41.2,gf,1.515,mm,OK,--,7:18:11 PM,7/9/2026,
510,41.3,gf,1.520,mm,OK,--,7:18:11 PM,7/9/2026,
511,41.3,gf,1.525,mm,OK,--,7:18:12 PM,7/9/2026,
512,41.3,gf,1.525,mm,OK,--,7:18:12 PM,7/9/2026,
513,41.3,gf,1.530,mm,OK,--,7:18:12 PM,7/9/2026,
514,41.4,gf,1.535,mm,OK,--,7:18:12 PM,7/9/2026,
515,41.4,gf,1.535,mm,OK,--,7:18:12 PM,7/9/2026,
516,41.3,gf,1.540,mm,OK,--,7:18:12 PM,7/9/2026,
517,41.4,gf,1.540,mm,OK,--,7:18:12 PM,7/9/2026,
518,41.4,gf,1.545,mm,OK,--,7:18:12 PM,7/9/2026,
519,41.4,gf,1.550,mm,OK,--,7:18:12 PM,7/9/2026,
520,41.4,gf,1.550,mm,OK,--,7:18:12 PM,7/9/2026,
521,41.4,gf,1.555,mm,OK,--,7:18:13 PM,7/9/2026,
522,41.4,gf,1.555,mm,OK,--,7:18:13 PM,7/9/2026,
523,41.4,gf,1.560,mm,OK,--,7:18:13 PM,7/9/2026,
524,41.4,gf,1.565,mm,OK,--,7:18:13 PM,7/9/2026,
525,41.4,gf,1.565,mm,OK,--,7:18:13 PM,7/9/2026,
526,41.4,gf,1.570,mm,OK,--,7:18:13 PM,7/9/2026,
527,41.5,gf,1.575,mm,OK,--,7:18:13 PM,7/9/2026,
528,41.5,gf,1.575,mm,OK,--,7:18:13 PM,7/9/2026,
529,41.5,gf,1.580,mm,OK,--,7:18:13 PM,7/9/2026,
530,41.5,gf,1.585,mm,OK,--,7:18:13 PM,7/9/2026,
531,41.6,gf,1.590,mm,OK,--,7:18:14 PM,7/9/2026,
532,41.6,gf,1.600,mm,OK,--,7:18:14 PM,7/9/2026,
533,41.6,gf,1.600,mm,OK,--,7:18:14 PM,7/9/2026,
534,41.6,gf,1.605,mm,OK,--,7:18:14 PM,7/9/2026,
535,41.6,gf,1.610,mm,OK,--,7:18:14 PM,7/9/2026,
536,41.6,gf,1.610,mm,OK,--,7:18:14 PM,7/9/2026,
537,41.6,gf,1.615,mm,OK,--,7:18:14 PM,7/9/2026,
538,41.6,gf,1.620,mm,OK,--,7:18:14 PM,7/9/2026,
539,41.7,gf,1.620,mm,OK,--,7:18:14 PM,7/9/2026,
540,41.7,gf,1.625,mm,OK,--,7:18:14 PM,7/9/2026,
541,41.7,gf,1.630,mm,OK,--,7:18:15 PM,7/9/2026,
542,41.7,gf,1.630,mm,OK,--,7:18:15 PM,7/9/2026,
543,41.7,gf,1.635,mm,OK,--,7:18:15 PM,7/9/2026,
544,41.8,gf,1.640,mm,OK,--,7:18:15 PM,7/9/2026,
545,41.8,gf,1.645,mm,OK,--,7:18:15 PM,7/9/2026,
546,41.8,gf,1.645,mm,OK,--,7:18:15 PM,7/9/2026,
547,41.8,gf,1.650,mm,OK,--,7:18:15 PM,7/9/2026,
548,41.8,gf,1.655,mm,OK,--,7:18:15 PM,7/9/2026,
549,41.8,gf,1.655,mm,OK,--,7:18:15 PM,7/9/2026,
550,41.8,gf,1.660,mm,OK,--,7:18:15 PM,7/9/2026,
551,41.9,gf,1.660,mm,OK,--,7:18:16 PM,7/9/2026,
552,41.9,gf,1.665,mm,OK,--,7:18:16 PM,7/9/2026,
553,41.9,gf,1.670,mm,OK,--,7:18:16 PM,7/9/2026,
554,41.9,gf,1.675,mm,OK,--,7:18:16 PM,7/9/2026,
555,41.9,gf,1.680,mm,OK,--,7:18:16 PM,7/9/2026,
556,41.9,gf,1.685,mm,OK,--,7:18:16 PM,7/9/2026,
557,41.9,gf,1.690,mm,OK,--,7:18:16 PM,7/9/2026,
558,41.9,gf,1.695,mm,OK,--,7:18:16 PM,7/9/2026,
559,41.9,gf,1.700,mm,OK,--,7:18:16 PM,7/9/2026,
560,41.9,gf,1.705,mm,OK,--,7:18:16 PM,7/9/2026,
561,41.9,gf,1.710,mm,OK,--,7:18:17 PM,7/9/2026,
562,42.0,gf,1.715,mm,OK,--,7:18:17 PM,7/9/2026,
563,42.0,gf,1.715,mm,OK,--,7:18:17 PM,7/9/2026,
564,42.0,gf,1.720,mm,OK,--,7:18:17 PM,7/9/2026,
565,42.0,gf,1.725,mm,OK,--,7:18:17 PM,7/9/2026,
566,42.1,gf,1.730,mm,OK,--,7:18:17 PM,7/9/2026,
567,42.1,gf,1.735,mm,OK,--,7:18:17 PM,7/9/2026,
568,42.1,gf,1.740,mm,OK,--,7:18:17 PM,7/9/2026,
569,42.1,gf,1.745,mm,OK,--,7:18:17 PM,7/9/2026,
570,42.1,gf,1.750,mm,OK,--,7:18:17 PM,7/9/2026,
571,42.1,gf,1.755,mm,OK,--,7:18:18 PM,7/9/2026,
572,42.1,gf,1.760,mm,OK,--,7:18:18 PM,7/9/2026,
573,42.2,gf,1.760,mm,OK,--,7:18:18 PM,7/9/2026,
574,42.1,gf,1.765,mm,OK,--,7:18:18 PM,7/9/2026,
575,42.2,gf,1.770,mm,OK,--,7:18:18 PM,7/9/2026,
576,42.2,gf,1.770,mm,OK,--,7:18:18 PM,7/9/2026,
577,42.2,gf,1.775,mm,OK,--,7:18:18 PM,7/9/2026,
578,42.2,gf,1.775,mm,OK,--,7:18:18 PM,7/9/2026,
579,42.2,gf,1.780,mm,OK,--,7:18:18 PM,7/9/2026,
580,42.2,gf,1.780,mm,OK,--,7:18:18 PM,7/9/2026,
581,42.2,gf,1.785,mm,OK,--,7:18:19 PM,7/9/2026,
582,42.2,gf,1.795,mm,OK,--,7:18:19 PM,7/9/2026,
583,42.2,gf,1.800,mm,OK,--,7:18:19 PM,7/9/2026,
584,42.3,gf,1.805,mm,OK,--,7:18:19 PM,7/9/2026,
585,42.3,gf,1.810,mm,OK,--,7:18:19 PM,7/9/2026,
586,42.4,gf,1.815,mm,OK,--,7:18:19 PM,7/9/2026,
587,42.4,gf,1.815,mm,OK,--,7:18:19 PM,7/9/2026,
588,42.4,gf,1.820,mm,OK,--,7:18:19 PM,7/9/2026,
589,42.4,gf,1.820,mm,OK,--,7:18:19 PM,7/9/2026,
590,42.5,gf,1.825,mm,OK,--,7:18:19 PM,7/9/2026,
591,42.4,gf,1.830,mm,OK,--,7:18:20 PM,7/9/2026,
592,42.5,gf,1.835,mm,OK,--,7:18:20 PM,7/9/2026,
593,42.6,gf,1.840,mm,OK,--,7:18:20 PM,7/9/2026,
594,42.7,gf,1.845,mm,OK,--,7:18:20 PM,7/9/2026,
595,42.6,gf,1.855,mm,OK,--,7:18:20 PM,7/9/2026,
596,42.6,gf,1.865,mm,OK,--,7:18:20 PM,7/9/2026,
597,42.6,gf,1.870,mm,OK,--,7:18:20 PM,7/9/2026,
598,42.7,gf,1.875,mm,OK,--,7:18:20 PM,7/9/2026,
599,42.7,gf,1.880,mm,OK,--,7:18:20 PM,7/9/2026,
600,42.7,gf,1.895,mm,OK,--,7:18:20 PM,7/9/2026,
601,42.7,gf,1.900,mm,OK,--,7:18:21 PM,7/9/2026,
602,42.7,gf,1.905,mm,OK,--,7:18:21 PM,7/9/2026,
603,42.8,gf,1.915,mm,OK,--,7:18:21 PM,7/9/2026,
604,42.7,gf,1.920,mm,OK,--,7:18:21 PM,7/9/2026,
605,42.8,gf,1.925,mm,OK,--,7:18:21 PM,7/9/2026,
606,42.9,gf,1.930,mm,OK,--,7:18:21 PM,7/9/2026,
607,42.9,gf,1.940,mm,OK,--,7:18:21 PM,7/9/2026,
608,42.8,gf,1.945,mm,OK,--,7:18:21 PM,7/9/2026,
609,42.8,gf,1.950,mm,OK,--,7:18:21 PM,7/9/2026,
610,42.9,gf,1.950,mm,OK,--,7:18:21 PM,7/9/2026,
611,42.9,gf,1.955,mm,OK,--,7:18:22 PM,7/9/2026,
612,43.0,gf,1.960,mm,OK,--,7:18:22 PM,7/9/2026,
613,43.0,gf,1.965,mm,OK,--,7:18:22 PM,7/9/2026,
614,43.1,gf,1.965,mm,OK,--,7:18:22 PM,7/9/2026,
615,43.1,gf,1.970,mm,OK,--,7:18:22 PM,7/9/2026,
616,43.0,gf,1.970,mm,OK,--,7:18:22 PM,7/9/2026,
617,43.1,gf,1.975,mm,OK,--,7:18:22 PM,7/9/2026,
618,43.1,gf,1.975,mm,OK,--,7:18:22 PM,7/9/2026,
619,43.1,gf,1.980,mm,OK,--,7:18:22 PM,7/9/2026,
620,43.0,gf,1.980,mm,OK,--,7:18:22 PM,7/9/2026,
621,43.1,gf,1.980,mm,OK,--,7:18:23 PM,7/9/2026,
622,43.0,gf,1.985,mm,OK,--,7:18:23 PM,7/9/2026,
623,43.0,gf,1.985,mm,OK,--,7:18:23 PM,7/9/2026,
624,43.1,gf,1.985,mm,OK,--,7:18:23 PM,7/9/2026,
625,43.1,gf,1.990,mm,OK,--,7:18:23 PM,7/9/2026,
626,43.1,gf,1.990,mm,OK,--,7:18:23 PM,7/9/2026,
627,43.1,gf,1.990,mm,OK,--,7:18:23 PM,7/9/2026,
628,43.2,gf,1.995,mm,OK,--,7:18:23 PM,7/9/2026,
629,43.1,gf,1.995,mm,OK,--,7:18:23 PM,7/9/2026,
630,43.1,gf,2.000,mm,OK,--,7:18:23 PM,7/9/2026,
631,43.2,gf,2.000,mm,OK,--,7:18:24 PM,7/9/2026,
632,43.2,gf,2.005,mm,OK,--,7:18:24 PM,7/9/2026,
633,43.2,gf,2.005,mm,OK,--,7:18:24 PM,7/9/2026,
634,43.2,gf,2.005,mm,OK,--,7:18:24 PM,7/9/2026,
635,43.2,gf,2.010,mm,OK,--,7:18:24 PM,7/9/2026,
636,43.2,gf,2.010,mm,OK,--,7:18:24 PM,7/9/2026,
637,43.2,gf,2.015,mm,OK,--,7:18:24 PM,7/9/2026,
638,43.2,gf,2.015,mm,OK,--,7:18:24 PM,7/9/2026,
639,43.3,gf,2.020,mm,OK,--,7:18:24 PM,7/9/2026,
640,43.3,gf,2.025,mm,OK,--,7:18:24 PM,7/9/2026,
641,43.3,gf,2.025,mm,OK,--,7:18:25 PM,7/9/2026,
642,43.3,gf,2.030,mm,OK,--,7:18:25 PM,7/9/2026,
643,43.3,gf,2.030,mm,OK,--,7:18:25 PM,7/9/2026,
644,43.2,gf,2.035,mm,OK,--,7:18:25 PM,7/9/2026,
645,43.2,gf,2.040,mm,OK,--,7:18:25 PM,7/9/2026,
646,43.2,gf,2.040,mm,OK,--,7:18:25 PM,7/9/2026,
647,43.2,gf,2.040,mm,OK,--,7:18:25 PM,7/9/2026,
648,43.2,gf,2.045,mm,OK,--,7:18:25 PM,7/9/2026,
649,43.2,gf,2.045,mm,OK,--,7:18:25 PM,7/9/2026,
650,43.2,gf,2.050,mm,OK,--,7:18:25 PM,7/9/2026,
651,43.2,gf,2.050,mm,OK,--,7:18:26 PM,7/9/2026,
652,43.3,gf,2.055,mm,OK,--,7:18:26 PM,7/9/2026,
653,43.3,gf,2.055,mm,OK,--,7:18:26 PM,7/9/2026,
654,43.3,gf,2.060,mm,OK,--,7:18:26 PM,7/9/2026,
655,43.3,gf,2.065,mm,OK,--,7:18:26 PM,7/9/2026,
656,43.3,gf,2.065,mm,OK,--,7:18:26 PM,7/9/2026,
657,43.3,gf,2.070,mm,OK,--,7:18:26 PM,7/9/2026,
658,43.4,gf,2.075,mm,OK,--,7:18:26 PM,7/9/2026,
659,43.4,gf,2.075,mm,OK,--,7:18:26 PM,7/9/2026,
660,43.4,gf,2.080,mm,OK,--,7:18:26 PM,7/9/2026,
661,43.4,gf,2.085,mm,OK,--,7:18:27 PM,7/9/2026,
662,43.4,gf,2.090,mm,OK,--,7:18:27 PM,7/9/2026,
663,43.5,gf,2.095,mm,OK,--,7:18:27 PM,7/9/2026,
664,43.5,gf,2.100,mm,OK,--,7:18:27 PM,7/9/2026,
665,43.5,gf,2.105,mm,OK,--,7:18:27 PM,7/9/2026,
666,43.5,gf,2.110,mm,OK,--,7:18:27 PM,7/9/2026,
667,43.4,gf,2.115,mm,OK,--,7:18:27 PM,7/9/2026,
668,43.5,gf,2.120,mm,OK,--,7:18:27 PM,7/9/2026,
669,43.5,gf,2.120,mm,OK,--,7:18:27 PM,7/9/2026,
670,43.5,gf,2.125,mm,OK,--,7:18:27 PM,7/9/2026,
671,43.6,gf,2.135,mm,OK,--,7:18:28 PM,7/9/2026,
672,43.6,gf,2.140,mm,OK,--,7:18:28 PM,7/9/2026,
673,43.8,gf,2.150,mm,OK,--,7:18:28 PM,7/9/2026,
674,43.8,gf,2.160,mm,OK,--,7:18:28 PM,7/9/2026,
675,43.9,gf,2.165,mm,OK,--,7:18:28 PM,7/9/2026,
676,43.8,gf,2.170,mm,OK,--,7:18:28 PM,7/9/2026,
677,43.9,gf,2.175,mm,OK,--,7:18:28 PM,7/9/2026,
678,43.9,gf,2.180,mm,OK,--,7:18:28 PM,7/9/2026,
679,44.0,gf,2.185,mm,OK,--,7:18:28 PM,7/9/2026,
680,44.0,gf,2.190,mm,OK,--,7:18:28 PM,7/9/2026,
681,44.0,gf,2.195,mm,OK,--,7:18:29 PM,7/9/2026,
682,44.1,gf,2.200,mm,OK,--,7:18:29 PM,7/9/2026,
683,44.1,gf,2.210,mm,OK,--,7:18:29 PM,7/9/2026,
684,44.1,gf,2.220,mm,OK,--,7:18:29 PM,7/9/2026,
685,44.2,gf,2.225,mm,OK,--,7:18:29 PM,7/9/2026,
686,44.2,gf,2.235,mm,OK,--,7:18:29 PM,7/9/2026,
687,44.2,gf,2.240,mm,OK,--,7:18:29 PM,7/9/2026,
688,44.2,gf,2.245,mm,OK,--,7:18:29 PM,7/9/2026,
689,44.2,gf,2.245,mm,OK,--,7:18:29 PM,7/9/2026,
690,44.3,gf,2.250,mm,OK,--,7:18:29 PM,7/9/2026,
691,44.2,gf,2.255,mm,OK,--,7:18:30 PM,7/9/2026,
692,44.3,gf,2.260,mm,OK,--,7:18:30 PM,7/9/2026,
693,44.3,gf,2.270,mm,OK,--,7:18:30 PM,7/9/2026,
694,44.3,gf,2.275,mm,OK,--,7:18:30 PM,7/9/2026,
695,44.3,gf,2.285,mm,OK,--,7:18:30 PM,7/9/2026,
696,44.3,gf,2.290,mm,OK,--,7:18:30 PM,7/9/2026,
697,44.3,gf,2.295,mm,OK,--,7:18:30 PM,7/9/2026,
698,44.4,gf,2.300,mm,OK,--,7:18:30 PM,7/9/2026,
699,44.4,gf,2.305,mm,OK,--,7:18:30 PM,7/9/2026,
700,44.4,gf,2.310,mm,OK,--,7:18:30 PM,7/9/2026,
701,44.4,gf,2.315,mm,OK,--,7:18:31 PM,7/9/2026,
702,44.4,gf,2.325,mm,OK,--,7:18:31 PM,7/9/2026,
703,44.5,gf,2.330,mm,OK,--,7:18:31 PM,7/9/2026,
704,44.5,gf,2.335,mm,OK,--,7:18:31 PM,7/9/2026,
705,44.5,gf,2.340,mm,OK,--,7:18:31 PM,7/9/2026,
706,44.5,gf,2.345,mm,OK,--,7:18:31 PM,7/9/2026,
707,44.5,gf,2.350,mm,OK,--,7:18:31 PM,7/9/2026,
708,44.5,gf,2.355,mm,OK,--,7:18:31 PM,7/9/2026,
709,44.5,gf,2.360,mm,OK,--,7:18:31 PM,7/9/2026,
710,44.5,gf,2.360,mm,OK,--,7:18:31 PM,7/9/2026,
711,44.5,gf,2.365,mm,OK,--,7:18:32 PM,7/9/2026,
712,44.5,gf,2.365,mm,OK,--,7:18:32 PM,7/9/2026,
713,44.5,gf,2.370,mm,OK,--,7:18:32 PM,7/9/2026,
714,44.6,gf,2.375,mm,OK,--,7:18:32 PM,7/9/2026,
715,44.6,gf,2.375,mm,OK,--,7:18:32 PM,7/9/2026,
716,44.6,gf,2.380,mm,OK,--,7:18:32 PM,7/9/2026,
717,44.6,gf,2.380,mm,OK,--,7:18:32 PM,7/9/2026,
718,44.6,gf,2.385,mm,OK,--,7:18:32 PM,7/9/2026,
719,44.6,gf,2.385,mm,OK,--,7:18:32 PM,7/9/2026,
720,44.6,gf,2.390,mm,OK,--,7:18:32 PM,7/9/2026,
721,44.6,gf,2.395,mm,OK,--,7:18:33 PM,7/9/2026,
722,44.6,gf,2.395,mm,OK,--,7:18:33 PM,7/9/2026,
723,44.6,gf,2.400,mm,OK,--,7:18:33 PM,7/9/2026,
724,44.7,gf,2.405,mm,OK,--,7:18:33 PM,7/9/2026,
725,44.7,gf,2.410,mm,OK,--,7:18:33 PM,7/9/2026,
726,44.7,gf,2.415,mm,OK,--,7:18:33 PM,7/9/2026,
727,44.7,gf,2.420,mm,OK,--,7:18:33 PM,7/9/2026,
728,44.7,gf,2.425,mm,OK,--,7:18:33 PM,7/9/2026,
729,44.7,gf,2.430,mm,OK,--,7:18:33 PM,7/9/2026,
730,44.9,gf,2.435,mm,OK,--,7:18:33 PM,7/9/2026,
731,44.8,gf,2.435,mm,OK,--,7:18:34 PM,7/9/2026,
732,44.8,gf,2.440,mm,OK,--,7:18:34 PM,7/9/2026,
733,44.9,gf,2.445,mm,OK,--,7:18:34 PM,7/9/2026,
734,44.9,gf,2.450,mm,OK,--,7:18:34 PM,7/9/2026,
735,44.9,gf,2.455,mm,OK,--,7:18:34 PM,7/9/2026,
736,44.9,gf,2.460,mm,OK,--,7:18:34 PM,7/9/2026,
737,44.9,gf,2.465,mm,OK,--,7:18:34 PM,7/9/2026,
738,44.9,gf,2.465,mm,OK,--,7:18:34 PM,7/9/2026,
739,44.9,gf,2.470,mm,OK,--,7:18:34 PM,7/9/2026,
740,45.0,gf,2.475,mm,OK,--,7:18:34 PM,7/9/2026,
741,44.9,gf,2.475,mm,OK,--,7:18:35 PM,7/9/2026,
742,44.9,gf,2.480,mm,OK,--,7:18:35 PM,7/9/2026,
743,44.9,gf,2.480,mm,OK,--,7:18:35 PM,7/9/2026,
744,44.9,gf,2.485,mm,OK,--,7:18:35 PM,7/9/2026,
745,45.0,gf,2.485,mm,OK,--,7:18:35 PM,7/9/2026,
746,45.0,gf,2.490,mm,OK,--,7:18:35 PM,7/9/2026,
747,45.0,gf,2.490,mm,OK,--,7:18:35 PM,7/9/2026,
748,45.0,gf,2.495,mm,OK,--,7:18:35 PM,7/9/2026,
749,45.0,gf,2.500,mm,OK,--,7:18:35 PM,7/9/2026,
750,45.0,gf,2.500,mm,OK,--,7:18:35 PM,7/9/2026,
751,45.0,gf,2.505,mm,OK,--,7:18:36 PM,7/9/2026,
752,45.0,gf,2.505,mm,OK,--,7:18:36 PM,7/9/2026,
753,45.0,gf,2.510,mm,OK,--,7:18:36 PM,7/9/2026,
754,45.0,gf,2.515,mm,OK,--,7:18:36 PM,7/9/2026,
755,45.1,gf,2.520,mm,OK,--,7:18:36 PM,7/9/2026,
756,45.1,gf,2.525,mm,OK,--,7:18:36 PM,7/9/2026,
757,45.1,gf,2.525,mm,OK,--,7:18:36 PM,7/9/2026,
758,45.1,gf,2.535,mm,OK,--,7:18:36 PM,7/9/2026,
759,45.2,gf,2.540,mm,OK,--,7:18:36 PM,7/9/2026,
760,45.2,gf,2.545,mm,OK,--,7:18:36 PM,7/9/2026,
761,45.3,gf,2.550,mm,OK,--,7:18:37 PM,7/9/2026,
762,45.2,gf,2.555,mm,OK,--,7:18:37 PM,7/9/2026,
763,45.2,gf,2.560,mm,OK,--,7:18:37 PM,7/9/2026,
764,45.2,gf,2.565,mm,OK,--,7:18:37 PM,7/9/2026,
765,45.3,gf,2.565,mm,OK,--,7:18:37 PM,7/9/2026,
766,45.3,gf,2.570,mm,OK,--,7:18:37 PM,7/9/2026,
767,45.3,gf,2.570,mm,OK,--,7:18:37 PM,7/9/2026,
768,45.3,gf,2.575,mm,OK,--,7:18:37 PM,7/9/2026,
769,45.3,gf,2.580,mm,OK,--,7:18:37 PM,7/9/2026,
770,45.3,gf,2.585,mm,OK,--,7:18:37 PM,7/9/2026,
771,45.3,gf,2.585,mm,OK,--,7:18:38 PM,7/9/2026,
772,45.4,gf,2.590,mm,OK,--,7:18:38 PM,7/9/2026,
773,45.4,gf,2.595,mm,OK,--,7:18:38 PM,7/9/2026,
774,45.4,gf,2.595,mm,OK,--,7:18:38 PM,7/9/2026,
775,45.5,gf,2.600,mm,OK,--,7:18:38 PM,7/9/2026,
776,45.6,gf,2.600,mm,OK,--,7:18:38 PM,7/9/2026,
777,45.6,gf,2.605,mm,OK,--,7:18:38 PM,7/9/2026,
778,45.6,gf,2.610,mm,OK,--,7:18:38 PM,7/9/2026,
779,45.6,gf,2.610,mm,OK,--,7:18:38 PM,7/9/2026,
780,45.6,gf,2.615,mm,OK,--,7:18:38 PM,7/9/2026,
781,45.7,gf,2.615,mm,OK,--,7:18:39 PM,7/9/2026,
782,45.7,gf,2.620,mm,OK,--,7:18:39 PM,7/9/2026,
783,45.7,gf,2.620,mm,OK,--,7:18:39 PM,7/9/2026,
784,45.7,gf,2.620,mm,OK,--,7:18:39 PM,7/9/2026,
785,45.8,gf,2.625,mm,OK,--,7:18:39 PM,7/9/2026,
786,45.8,gf,2.625,mm,OK,--,7:18:39 PM,7/9/2026,
787,45.8,gf,2.625,mm,OK,--,7:18:39 PM,7/9/2026,
788,45.8,gf,2.625,mm,OK,--,7:18:39 PM,7/9/2026,
789,45.8,gf,2.625,mm,OK,--,7:18:39 PM,7/9/2026,
790,45.8,gf,2.630,mm,OK,--,7:18:39 PM,7/9/2026,
791,45.8,gf,2.630,mm,OK,--,7:18:40 PM,7/9/2026,
792,45.9,gf,2.630,mm,OK,--,7:18:40 PM,7/9/2026,
793,45.9,gf,2.630,mm,OK,--,7:18:40 PM,7/9/2026,
794,45.9,gf,2.630,mm,OK,--,7:18:40 PM,7/9/2026,
795,45.9,gf,2.635,mm,OK,--,7:18:40 PM,7/9/2026,
796,46.0,gf,2.635,mm,OK,--,7:18:40 PM,7/9/2026,
797,46.0,gf,2.640,mm,OK,--,7:18:40 PM,7/9/2026,
798,46.1,gf,2.645,mm,OK,--,7:18:40 PM,7/9/2026,
799,46.1,gf,2.650,mm,OK,--,7:18:40 PM,7/9/2026,
800,46.2,gf,2.660,mm,OK,--,7:18:40 PM,7/9/2026,
801,46.3,gf,2.665,mm,OK,--,7:18:41 PM,7/9/2026,
802,46.3,gf,2.670,mm,OK,--,7:18:41 PM,7/9/2026,
803,46.3,gf,2.675,mm,OK,--,7:18:41 PM,7/9/2026,
804,46.3,gf,2.680,mm,OK,--,7:18:41 PM,7/9/2026,
805,46.3,gf,2.690,mm,OK,--,7:18:41 PM,7/9/2026,
806,46.3,gf,2.695,mm,OK,--,7:18:41 PM,7/9/2026,
807,46.3,gf,2.700,mm,OK,--,7:18:41 PM,7/9/2026,
808,46.3,gf,2.705,mm,OK,--,7:18:41 PM,7/9/2026,
809,46.3,gf,2.710,mm,OK,--,7:18:41 PM,7/9/2026,
810,46.3,gf,2.715,mm,OK,--,7:18:41 PM,7/9/2026,
811,46.3,gf,2.720,mm,OK,--,7:18:42 PM,7/9/2026,
812,46.3,gf,2.725,mm,OK,--,7:18:42 PM,7/9/2026,
813,46.3,gf,2.730,mm,OK,--,7:18:42 PM,7/9/2026,
814,46.4,gf,2.735,mm,OK,--,7:18:42 PM,7/9/2026,
815,46.4,gf,2.735,mm,OK,--,7:18:42 PM,7/9/2026,
816,46.4,gf,2.740,mm,OK,--,7:18:42 PM,7/9/2026,
817,46.4,gf,2.745,mm,OK,--,7:18:42 PM,7/9/2026,
818,46.4,gf,2.755,mm,OK,--,7:18:42 PM,7/9/2026,
819,46.5,gf,2.760,mm,OK,--,7:18:42 PM,7/9/2026,
820,46.5,gf,2.765,mm,OK,--,7:18:42 PM,7/9/2026,
821,46.5,gf,2.770,mm,OK,--,7:18:43 PM,7/9/2026,
822,46.5,gf,2.775,mm,OK,--,7:18:43 PM,7/9/2026,
823,46.5,gf,2.775,mm,OK,--,7:18:43 PM,7/9/2026,
824,46.5,gf,2.780,mm,OK,--,7:18:43 PM,7/9/2026,
825,46.5,gf,2.780,mm,OK,--,7:18:43 PM,7/9/2026,
826,46.5,gf,2.785,mm,OK,--,7:18:43 PM,7/9/2026,
827,46.5,gf,2.785,mm,OK,--,7:18:43 PM,7/9/2026,
828,46.5,gf,2.790,mm,OK,--,7:18:43 PM,7/9/2026,
829,46.6,gf,2.790,mm,OK,--,7:18:43 PM,7/9/2026,
830,46.6,gf,2.790,mm,OK,--,7:18:43 PM,7/9/2026,
831,46.6,gf,2.795,mm,OK,--,7:18:44 PM,7/9/2026,
832,46.6,gf,2.795,mm,OK,--,7:18:44 PM,7/9/2026,
833,46.6,gf,2.800,mm,OK,--,7:18:44 PM,7/9/2026,
834,46.6,gf,2.800,mm,OK,--,7:18:44 PM,7/9/2026,
835,46.6,gf,2.800,mm,OK,--,7:18:44 PM,7/9/2026,
836,46.6,gf,2.805,mm,OK,--,7:18:44 PM,7/9/2026,
837,46.6,gf,2.805,mm,OK,--,7:18:44 PM,7/9/2026,
838,46.6,gf,2.805,mm,OK,--,7:18:44 PM,7/9/2026,
839,46.6,gf,2.810,mm,OK,--,7:18:44 PM,7/9/2026,
840,46.6,gf,2.810,mm,OK,--,7:18:44 PM,7/9/2026,
841,46.6,gf,2.810,mm,OK,--,7:18:45 PM,7/9/2026,
842,46.6,gf,2.815,mm,OK,--,7:18:45 PM,7/9/2026,
843,46.7,gf,2.815,mm,OK,--,7:18:45 PM,7/9/2026,
844,46.7,gf,2.820,mm,OK,--,7:18:45 PM,7/9/2026,
845,46.7,gf,2.820,mm,OK,--,7:18:45 PM,7/9/2026,
846,46.7,gf,2.825,mm,OK,--,7:18:45 PM,7/9/2026,
847,46.7,gf,2.830,mm,OK,--,7:18:45 PM,7/9/2026,
848,46.7,gf,2.835,mm,OK,--,7:18:45 PM,7/9/2026,
849,46.8,gf,2.840,mm,OK,--,7:18:45 PM,7/9/2026,
850,46.8,gf,2.850,mm,OK,--,7:18:45 PM,7/9/2026,
851,46.8,gf,2.855,mm,OK,--,7:18:46 PM,7/9/2026,
852,46.8,gf,2.855,mm,OK,--,7:18:46 PM,7/9/2026,
853,46.8,gf,2.860,mm,OK,--,7:18:46 PM,7/9/2026,
854,46.8,gf,2.865,mm,OK,--,7:18:46 PM,7/9/2026,
855,46.8,gf,2.865,mm,OK,--,7:18:46 PM,7/9/2026,
856,46.9,gf,2.865,mm,OK,--,7:18:46 PM,7/9/2026,
857,46.9,gf,2.870,mm,OK,--,7:18:46 PM,7/9/2026,
858,46.9,gf,2.870,mm,OK,--,7:18:46 PM,7/9/2026,
859,46.9,gf,2.875,mm,OK,--,7:18:46 PM,7/9/2026,
860,46.9,gf,2.875,mm,OK,--,7:18:46 PM,7/9/2026,
861,46.9,gf,2.875,mm,OK,--,7:18:47 PM,7/9/2026,
862,46.9,gf,2.875,mm,OK,--,7:18:47 PM,7/9/2026,
863,46.9,gf,2.880,mm,OK,--,7:18:47 PM,7/9/2026,
864,46.9,gf,2.880,mm,OK,--,7:18:47 PM,7/9/2026,
865,46.9,gf,2.880,mm,OK,--,7:18:47 PM,7/9/2026,
866,46.9,gf,2.885,mm,OK,--,7:18:47 PM,7/9/2026,
867,46.9,gf,2.890,mm,OK,--,7:18:47 PM,7/9/2026,
868,46.9,gf,2.890,mm,OK,--,7:18:47 PM,7/9/2026,
869,46.9,gf,2.895,mm,OK,--,7:18:47 PM,7/9/2026,
870,46.9,gf,2.895,mm,OK,--,7:18:47 PM,7/9/2026,
871,46.9,gf,2.900,mm,OK,--,7:18:48 PM,7/9/2026,
872,47.0,gf,2.900,mm,OK,--,7:18:48 PM,7/9/2026,
873,47.0,gf,2.905,mm,OK,--,7:18:48 PM,7/9/2026,
874,47.0,gf,2.915,mm,OK,--,7:18:48 PM,7/9/2026,
875,47.0,gf,2.915,mm,OK,--,7:18:48 PM,7/9/2026,
876,47.0,gf,2.920,mm,OK,--,7:18:48 PM,7/9/2026,
877,47.1,gf,2.925,mm,OK,--,7:18:48 PM,7/9/2026,
878,47.1,gf,2.930,mm,OK,--,7:18:48 PM,7/9/2026,
879,47.1,gf,2.935,mm,OK,--,7:18:48 PM,7/9/2026,
880,47.1,gf,2.940,mm,OK,--,7:18:48 PM,7/9/2026,
881,47.1,gf,2.950,mm,OK,--,7:18:49 PM,7/9/2026,
882,47.1,gf,2.955,mm,OK,--,7:18:49 PM,7/9/2026,
883,47.1,gf,2.960,mm,OK,--,7:18:49 PM,7/9/2026,
884,47.2,gf,2.965,mm,OK,--,7:18:49 PM,7/9/2026,
885,47.2,gf,2.970,mm,OK,--,7:18:49 PM,7/9/2026,
886,47.2,gf,2.970,mm,OK,--,7:18:49 PM,7/9/2026,
887,47.2,gf,2.975,mm,OK,--,7:18:49 PM,7/9/2026,
888,47.2,gf,2.980,mm,OK,--,7:18:49 PM,7/9/2026,
889,47.2,gf,2.980,mm,OK,--,7:18:49 PM,7/9/2026,
890,47.2,gf,2.985,mm,OK,--,7:18:49 PM,7/9/2026,
891,47.3,gf,2.985,mm,OK,--,7:18:50 PM,7/9/2026,
892,47.3,gf,2.990,mm,OK,--,7:18:50 PM,7/9/2026,
893,47.3,gf,2.990,mm,OK,--,7:18:50 PM,7/9/2026,
894,47.3,gf,2.995,mm,OK,--,7:18:50 PM,7/9/2026,
895,47.3,gf,2.995,mm,OK,--,7:18:50 PM,7/9/2026,
896,47.3,gf,3.000,mm,OK,--,7:18:50 PM,7/9/2026,
897,47.3,gf,3.000,mm,OK,--,7:18:50 PM,7/9/2026,
898,47.3,gf,3.000,mm,OK,--,7:18:50 PM,7/9/2026,
899,47.3,gf,3.005,mm,OK,--,7:18:50 PM,7/9/2026,
900,47.3,gf,3.005,mm,OK,--,7:18:50 PM,7/9/2026,
901,47.3,gf,3.010,mm,OK,--,7:18:51 PM,7/9/2026,
902,47.4,gf,3.015,mm,OK,--,7:18:51 PM,7/9/2026,
903,47.4,gf,3.020,mm,OK,--,7:18:51 PM,7/9/2026,
904,47.4,gf,3.025,mm,OK,--,7:18:51 PM,7/9/2026,
905,47.4,gf,3.025,mm,OK,--,7:18:51 PM,7/9/2026,
906,47.4,gf,3.030,mm,OK,--,7:18:51 PM,7/9/2026,
907,47.4,gf,3.030,mm,OK,--,7:18:51 PM,7/9/2026,
908,47.4,gf,3.035,mm,OK,--,7:18:51 PM,7/9/2026,
909,47.4,gf,3.035,mm,OK,--,7:18:51 PM,7/9/2026,
910,47.4,gf,3.040,mm,OK,--,7:18:51 PM,7/9/2026,
911,47.5,gf,3.040,mm,OK,--,7:18:52 PM,7/9/2026,
912,47.5,gf,3.045,mm,OK,--,7:18:52 PM,7/9/2026,
913,47.5,gf,3.045,mm,OK,--,7:18:52 PM,7/9/2026,
914,47.5,gf,3.050,mm,OK,--,7:18:52 PM,7/9/2026,
915,47.5,gf,3.055,mm,OK,--,7:18:52 PM,7/9/2026,
916,47.5,gf,3.060,mm,OK,--,7:18:52 PM,7/9/2026,
917,47.6,gf,3.060,mm,OK,--,7:18:52 PM,7/9/2026,
918,47.6,gf,3.065,mm,OK,--,7:18:52 PM,7/9/2026,
919,47.6,gf,3.070,mm,OK,--,7:18:52 PM,7/9/2026,
920,47.6,gf,3.070,mm,OK,--,7:18:52 PM,7/9/2026,
921,47.6,gf,3.075,mm,OK,--,7:18:53 PM,7/9/2026,
922,47.6,gf,3.075,mm,OK,--,7:18:53 PM,7/9/2026,
923,47.6,gf,3.080,mm,OK,--,7:18:53 PM,7/9/2026,
924,47.6,gf,3.080,mm,OK,--,7:18:53 PM,7/9/2026,
925,47.6,gf,3.080,mm,OK,--,7:18:53 PM,7/9/2026,
926,47.6,gf,3.085,mm,OK,--,7:18:53 PM,7/9/2026,
927,47.6,gf,3.085,mm,OK,--,7:18:53 PM,7/9/2026,
928,47.6,gf,3.085,mm,OK,--,7:18:53 PM,7/9/2026,
929,47.6,gf,3.085,mm,OK,--,7:18:53 PM,7/9/2026,
930,47.6,gf,3.090,mm,OK,--,7:18:53 PM,7/9/2026,
931,47.6,gf,3.090,mm,OK,--,7:18:54 PM,7/9/2026,
932,47.7,gf,3.095,mm,OK,--,7:18:54 PM,7/9/2026,
933,47.7,gf,3.095,mm,OK,--,7:18:54 PM,7/9/2026,
934,47.7,gf,3.095,mm,OK,--,7:18:54 PM,7/9/2026,
935,47.7,gf,3.100,mm,OK,--,7:18:54 PM,7/9/2026,
936,47.7,gf,3.100,mm,OK,--,7:18:54 PM,7/9/2026,
937,47.7,gf,3.105,mm,OK,--,7:18:54 PM,7/9/2026,
938,47.7,gf,3.105,mm,OK,--,7:18:54 PM,7/9/2026,
939,47.7,gf,3.110,mm,OK,--,7:18:54 PM,7/9/2026,
940,47.7,gf,3.110,mm,OK,--,7:18:54 PM,7/9/2026,
941,47.7,gf,3.115,mm,OK,--,7:18:55 PM,7/9/2026,
942,47.7,gf,3.115,mm,OK,--,7:18:55 PM,7/9/2026,
943,47.7,gf,3.120,mm,OK,--,7:18:55 PM,7/9/2026,
944,47.8,gf,3.120,mm,OK,--,7:18:55 PM,7/9/2026,
945,47.8,gf,3.125,mm,OK,--,7:18:55 PM,7/9/2026,
946,47.8,gf,3.130,mm,OK,--,7:18:55 PM,7/9/2026,
947,47.8,gf,3.130,mm,OK,--,7:18:55 PM,7/9/2026,
948,47.8,gf,3.135,mm,OK,--,7:18:55 PM,7/9/2026,
949,47.8,gf,3.140,mm,OK,--,7:18:55 PM,7/9/2026,
950,47.9,gf,3.145,mm,OK,--,7:18:55 PM,7/9/2026,
951,47.9,gf,3.150,mm,OK,--,7:18:56 PM,7/9/2026,
952,47.9,gf,3.155,mm,OK,--,7:18:56 PM,7/9/2026,
953,47.9,gf,3.155,mm,OK,--,7:18:56 PM,7/9/2026,
954,47.9,gf,3.160,mm,OK,--,7:18:56 PM,7/9/2026,
955,47.9,gf,3.160,mm,OK,--,7:18:56 PM,7/9/2026,
956,47.9,gf,3.165,mm,OK,--,7:18:56 PM,7/9/2026,
957,47.9,gf,3.165,mm,OK,--,7:18:56 PM,7/9/2026,
958,47.9,gf,3.170,mm,OK,--,7:18:56 PM,7/9/2026,
959,48.0,gf,3.175,mm,OK,--,7:18:56 PM,7/9/2026,
960,48.0,gf,3.180,mm,OK,--,7:18:56 PM,7/9/2026,
961,48.0,gf,3.185,mm,OK,--,7:18:57 PM,7/9/2026,
962,48.0,gf,3.190,mm,OK,--,7:18:57 PM,7/9/2026,
963,48.1,gf,3.195,mm,OK,--,7:18:57 PM,7/9/2026,
964,48.1,gf,3.195,mm,OK,--,7:18:57 PM,7/9/2026,
965,48.1,gf,3.200,mm,OK,--,7:18:57 PM,7/9/2026,
966,48.1,gf,3.205,mm,OK,--,7:18:57 PM,7/9/2026,
967,48.1,gf,3.210,mm,OK,--,7:18:57 PM,7/9/2026,
968,48.1,gf,3.215,mm,OK,--,7:18:57 PM,7/9/2026,
969,48.2,gf,3.215,mm,OK,--,7:18:57 PM,7/9/2026,
970,48.2,gf,3.220,mm,OK,--,7:18:57 PM,7/9/2026,
971,48.2,gf,3.225,mm,OK,--,7:18:58 PM,7/9/2026,
972,48.2,gf,3.230,mm,OK,--,7:18:58 PM,7/9/2026,
973,48.2,gf,3.235,mm,OK,--,7:18:58 PM,7/9/2026,
974,48.2,gf,3.235,mm,OK,--,7:18:58 PM,7/9/2026,
975,48.2,gf,3.240,mm,OK,--,7:18:58 PM,7/9/2026,
976,48.2,gf,3.240,mm,OK,--,7:18:58 PM,7/9/2026,
977,48.3,gf,3.245,mm,OK,--,7:18:58 PM,7/9/2026,
978,48.3,gf,3.250,mm,OK,--,7:18:58 PM,7/9/2026,
979,48.3,gf,3.250,mm,OK,--,7:18:58 PM,7/9/2026,
980,48.3,gf,3.255,mm,OK,--,7:18:58 PM,7/9/2026,
981,48.3,gf,3.255,mm,OK,--,7:18:59 PM,7/9/2026,
982,48.3,gf,3.255,mm,OK,--,7:18:59 PM,7/9/2026,
983,48.3,gf,3.260,mm,OK,--,7:18:59 PM,7/9/2026,
984,48.3,gf,3.260,mm,OK,--,7:18:59 PM,7/9/2026,
985,48.3,gf,3.265,mm,OK,--,7:18:59 PM,7/9/2026,
986,48.3,gf,3.265,mm,OK,--,7:18:59 PM,7/9/2026,
987,48.3,gf,3.270,mm,OK,--,7:18:59 PM,7/9/2026,
988,48.3,gf,3.270,mm,OK,--,7:18:59 PM,7/9/2026,
989,48.4,gf,3.275,mm,OK,--,7:18:59 PM,7/9/2026,
990,48.4,gf,3.275,mm,OK,--,7:18:59 PM,7/9/2026,
991,48.4,gf,3.280,mm,OK,--,7:19:00 PM,7/9/2026,
992,48.4,gf,3.280,mm,OK,--,7:19:00 PM,7/9/2026,
993,48.4,gf,3.280,mm,OK,--,7:19:00 PM,7/9/2026,
994,48.4,gf,3.285,mm,OK,--,7:19:00 PM,7/9/2026,
995,48.4,gf,3.290,mm,OK,--,7:19:00 PM,7/9/2026,
996,48.4,gf,3.290,mm,OK,--,7:19:00 PM,7/9/2026,
997,48.4,gf,3.290,mm,OK,--,7:19:00 PM,7/9/2026,
998,48.4,gf,3.295,mm,OK,--,7:19:00 PM,7/9/2026,
999,48.5,gf,3.295,mm,OK,--,7:19:00 PM,7/9/2026,
1000,48.6,gf,3.305,mm,OK,--,7:19:00 PM,7/9/2026,
1001,48.5,gf,3.310,mm,OK,--,7:19:01 PM,7/9/2026,
1002,48.5,gf,3.310,mm,OK,--,7:19:01 PM,7/9/2026,
1003,48.6,gf,3.320,mm,OK,--,7:19:01 PM,7/9/2026,
1004,48.6,gf,3.320,mm,OK,--,7:19:01 PM,7/9/2026,
1005,48.6,gf,3.325,mm,OK,--,7:19:01 PM,7/9/2026,
1006,48.6,gf,3.325,mm,OK,--,7:19:01 PM,7/9/2026,
1007,48.6,gf,3.330,mm,OK,--,7:19:01 PM,7/9/2026,
1008,48.7,gf,3.330,mm,OK,--,7:19:01 PM,7/9/2026,
1009,48.7,gf,3.340,mm,OK,--,7:19:01 PM,7/9/2026,
1010,48.7,gf,3.345,mm,OK,--,7:19:01 PM,7/9/2026,
1011,48.7,gf,3.350,mm,OK,--,7:19:02 PM,7/9/2026,
1012,48.8,gf,3.360,mm,OK,--,7:19:02 PM,7/9/2026,
1013,48.8,gf,3.365,mm,OK,--,7:19:02 PM,7/9/2026,
1014,48.8,gf,3.370,mm,OK,--,7:19:02 PM,7/9/2026,
1015,48.9,gf,3.375,mm,OK,--,7:19:02 PM,7/9/2026,
1016,48.9,gf,3.380,mm,OK,--,7:19:02 PM,7/9/2026,
1017,48.9,gf,3.390,mm,OK,--,7:19:02 PM,7/9/2026,
1018,48.9,gf,3.395,mm,OK,--,7:19:02 PM,7/9/2026,
1019,48.9,gf,3.395,mm,OK,--,7:19:02 PM,7/9/2026,
1020,48.9,gf,3.400,mm,OK,--,7:19:02 PM,7/9/2026,
1021,48.9,gf,3.405,mm,OK,--,7:19:03 PM,7/9/2026,
1022,49.0,gf,3.410,mm,OK,--,7:19:03 PM,7/9/2026,
1023,49.0,gf,3.415,mm,OK,--,7:19:03 PM,7/9/2026,
1024,49.0,gf,3.420,mm,OK,--,7:19:03 PM,7/9/2026,
1025,49.0,gf,3.425,mm,OK,--,7:19:03 PM,7/9/2026,
1026,49.1,gf,3.430,mm,OK,--,7:19:03 PM,7/9/2026,
1027,49.1,gf,3.440,mm,OK,--,7:19:03 PM,7/9/2026,
1028,49.1,gf,3.445,mm,OK,--,7:19:03 PM,7/9/2026,
1029,49.2,gf,3.460,mm,OK,--,7:19:03 PM,7/9/2026,
1030,49.2,gf,3.470,mm,OK,--,7:19:03 PM,7/9/2026,
1031,49.2,gf,3.485,mm,OK,--,7:19:04 PM,7/9/2026,
1032,49.3,gf,3.505,mm,OK,--,7:19:04 PM,7/9/2026,
1033,49.4,gf,3.515,mm,OK,--,7:19:04 PM,7/9/2026,
1034,49.4,gf,3.525,mm,OK,--,7:19:04 PM,7/9/2026,
1035,49.4,gf,3.530,mm,OK,--,7:19:04 PM,7/9/2026,
1036,49.4,gf,3.540,mm,OK,--,7:19:04 PM,7/9/2026,
1037,49.5,gf,3.550,mm,OK,--,7:19:04 PM,7/9/2026,
1038,49.6,gf,3.560,mm,OK,--,7:19:04 PM,7/9/2026,
1039,49.6,gf,3.570,mm,OK,--,7:19:04 PM,7/9/2026,
1040,49.6,gf,3.580,mm,OK,--,7:19:04 PM,7/9/2026,
1041,49.6,gf,3.585,mm,OK,--,7:19:05 PM,7/9/2026,
1042,49.6,gf,3.590,mm,OK,--,7:19:05 PM,7/9/2026,
1043,49.7,gf,3.595,mm,OK,--,7:19:05 PM,7/9/2026,
1044,49.7,gf,3.600,mm,OK,--,7:19:05 PM,7/9/2026,
1045,53.7,gf,3.605,mm,OK,--,7:19:05 PM,7/9/2026,
1046,59.2,gf,3.615,mm,OK,--,7:19:05 PM,7/9/2026,
1047,63.8,gf,3.620,mm,OK,--,7:19:05 PM,7/9/2026,
1048,68.2,gf,3.625,mm,OK,--,7:19:05 PM,7/9/2026,
1049,74.8,gf,3.630,mm,OK,--,7:19:05 PM,7/9/2026,
1050,84.9,gf,3.640,mm,OK,--,7:19:05 PM,7/9/2026,
1051,93.9,gf,3.650,mm,OK,--,7:19:06 PM,7/9/2026,
1052,100.7,gf,3.655,mm,OK,--,7:19:06 PM,7/9/2026,
1053,106.4,gf,3.660,mm,OK,--,7:19:06 PM,7/9/2026,
1054,111.4,gf,3.665,mm,OK,--,7:19:06 PM,7/9/2026,
1055,115.2,gf,3.670,mm,OK,--,7:19:06 PM,7/9/2026,
1056,118.3,gf,3.675,mm,OK,--,7:19:06 PM,7/9/2026,
1057,120.6,gf,3.675,mm,OK,--,7:19:06 PM,7/9/2026,
1058,122.5,gf,3.680,mm,OK,--,7:19:06 PM,7/9/2026,
1059,124.4,gf,3.680,mm,OK,--,7:19:06 PM,7/9/2026,
1060,126.4,gf,3.680,mm,OK,--,7:19:06 PM,7/9/2026,
1061,128.8,gf,3.685,mm,OK,--,7:19:07 PM,7/9/2026,
1062,131.6,gf,3.685,mm,OK,--,7:19:07 PM,7/9/2026,
1063,133.8,gf,3.690,mm,OK,--,7:19:07 PM,7/9/2026,
1064,135.6,gf,3.690,mm,OK,--,7:19:07 PM,7/9/2026,
1065,137.4,gf,3.695,mm,OK,--,7:19:07 PM,7/9/2026,
1066,139.2,gf,3.695,mm,OK,--,7:19:07 PM,7/9/2026,
1067,141.6,gf,3.695,mm,OK,--,7:19:07 PM,7/9/2026,
1068,144.8,gf,3.700,mm,OK,--,7:19:07 PM,7/9/2026,
1069,148.4,gf,3.705,mm,OK,--,7:19:07 PM,7/9/2026,
1070,151.9,gf,3.705,mm,OK,--,7:19:07 PM,7/9/2026,
1071,154.9,gf,3.710,mm,OK,--,7:19:08 PM,7/9/2026,
1072,157.7,gf,3.715,mm,OK,--,7:19:08 PM,7/9/2026,
1073,161.4,gf,3.715,mm,OK,--,7:19:08 PM,7/9/2026,
1074,165.8,gf,3.720,mm,OK,--,7:19:08 PM,7/9/2026,
1075,168.8,gf,3.725,mm,OK,--,7:19:08 PM,7/9/2026,
1076,171.5,gf,3.725,mm,OK,--,7:19:08 PM,7/9/2026,
1077,174.7,gf,3.730,mm,OK,--,7:19:08 PM,7/9/2026,
1078,176.9,gf,3.735,mm,OK,--,7:19:08 PM,7/9/2026,
1079,178.8,gf,3.735,mm,OK,--,7:19:08 PM,7/9/2026,
1080,180.4,gf,3.735,mm,OK,--,7:19:08 PM,7/9/2026,
1081,182.3,gf,3.740,mm,OK,--,7:19:09 PM,7/9/2026,
1082,183.8,gf,3.740,mm,OK,--,7:19:09 PM,7/9/2026,
1083,185.5,gf,3.740,mm,OK,--,7:19:09 PM,7/9/2026,
1084,187.3,gf,3.740,mm,OK,--,7:19:09 PM,7/9/2026,
1085,188.8,gf,3.745,mm,OK,--,7:19:09 PM,7/9/2026,
1086,190.1,gf,3.745,mm,OK,--,7:19:09 PM,7/9/2026,
1087,190.9,gf,3.745,mm,OK,--,7:19:09 PM,7/9/2026,
1088,191.4,gf,3.745,mm,OK,--,7:19:09 PM,7/9/2026,
1089,191.5,gf,3.745,mm,OK,--,7:19:09 PM,7/9/2026,
1090,191.6,gf,3.745,mm,OK,--,7:19:09 PM,7/9/2026,
1091,191.7,gf,3.745,mm,OK,--,7:19:10 PM,7/9/2026,
1092,191.6,gf,3.745,mm,OK,--,7:19:10 PM,7/9/2026,
1093,191.7,gf,3.745,mm,OK,--,7:19:10 PM,7/9/2026,
1094,191.6,gf,3.745,mm,OK,--,7:19:10 PM,7/9/2026,
1095,191.5,gf,3.745,mm,OK,--,7:19:10 PM,7/9/2026,
1096,191.3,gf,3.745,mm,OK,--,7:19:10 PM,7/9/2026,
1097,191.2,gf,3.745,mm,OK,--,7:19:10 PM,7/9/2026,
1098,191.1,gf,3.745,mm,OK,--,7:19:10 PM,7/9/2026,
1099,191.2,gf,3.745,mm,OK,--,7:19:10 PM,7/9/2026,
1100,191.1,gf,3.745,mm,OK,--,7:19:10 PM,7/9/2026,
1101,191.2,gf,3.745,mm,OK,--,7:19:11 PM,7/9/2026,
1102,191.1,gf,3.745,mm,OK,--,7:19:11 PM,7/9/2026,
1103,191.0,gf,3.745,mm,OK,--,7:19:11 PM,7/9/2026,
1104,191.0,gf,3.745,mm,OK,--,7:19:11 PM,7/9/2026,
1105,191.0,gf,3.745,mm,OK,--,7:19:11 PM,7/9/2026,
1106,190.9,gf,3.745,mm,OK,--,7:19:11 PM,7/9/2026,
1107,190.8,gf,3.745,mm,OK,--,7:19:11 PM,7/9/2026,
1108,190.5,gf,3.745,mm,OK,--,7:19:11 PM,7/9/2026,
1109,190.6,gf,3.745,mm,OK,--,7:19:11 PM,7/9/2026,
1110,190.4,gf,3.745,mm,OK,--,7:19:11 PM,7/9/2026,
1111,190.4,gf,3.745,mm,OK,--,7:19:12 PM,7/9/2026,
1112,190.1,gf,3.745,mm,OK,--,7:19:12 PM,7/9/2026,
1113,189.9,gf,3.745,mm,OK,--,7:19:12 PM,7/9/2026,
1114,189.7,gf,3.745,mm,OK,--,7:19:12 PM,7/9/2026,
1115,188.2,gf,3.745,mm,OK,--,7:19:12 PM,7/9/2026,
1116,184.7,gf,3.745,mm,OK,--,7:19:12 PM,7/9/2026,
1117,181.5,gf,3.740,mm,OK,--,7:19:12 PM,7/9/2026,
1118,180.2,gf,3.740,mm,OK,--,7:19:12 PM,7/9/2026,
1119,179.4,gf,3.740,mm,OK,--,7:19:12 PM,7/9/2026,
1120,178.8,gf,3.735,mm,OK,--,7:19:12 PM,7/9/2026,
1121,178.0,gf,3.735,mm,OK,--,7:19:13 PM,7/9/2026,
1122,177.3,gf,3.735,mm,OK,--,7:19:13 PM,7/9/2026,
1123,176.9,gf,3.735,mm,OK,--,7:19:13 PM,7/9/2026,
1124,176.6,gf,3.735,mm,OK,--,7:19:13 PM,7/9/2026,
1125,176.3,gf,3.735,mm,OK,--,7:19:13 PM,7/9/2026,
1126,175.8,gf,3.735,mm,OK,--,7:19:13 PM,7/9/2026,
1127,175.0,gf,3.735,mm,OK,--,7:19:13 PM,7/9/2026,
1128,174.4,gf,3.735,mm,OK,--,7:19:13 PM,7/9/2026,
1129,173.7,gf,3.735,mm,OK,--,7:19:13 PM,7/9/2026,
1130,173.6,gf,3.735,mm,OK,--,7:19:13 PM,7/9/2026,
1131,173.5,gf,3.735,mm,OK,--,7:19:14 PM,7/9/2026,
1132,173.3,gf,3.735,mm,OK,--,7:19:14 PM,7/9/2026,
1133,172.9,gf,3.730,mm,OK,--,7:19:14 PM,7/9/2026,
1134,172.2,gf,3.730,mm,OK,--,7:19:14 PM,7/9/2026,
1135,171.8,gf,3.730,mm,OK,--,7:19:14 PM,7/9/2026,
1136,171.4,gf,3.730,mm,OK,--,7:19:14 PM,7/9/2026,
1137,170.9,gf,3.730,mm,OK,--,7:19:14 PM,7/9/2026,
1138,170.5,gf,3.730,mm,OK,--,7:19:14 PM,7/9/2026,
1139,170.4,gf,3.730,mm,OK,--,7:19:14 PM,7/9/2026,
1140,170.3,gf,3.730,mm,OK,--,7:19:14 PM,7/9/2026,
1141,170.2,gf,3.730,mm,OK,--,7:19:15 PM,7/9/2026,
1142,170.1,gf,3.730,mm,OK,--,7:19:15 PM,7/9/2026,
1143,169.9,gf,3.730,mm,OK,--,7:19:15 PM,7/9/2026,
1144,169.6,gf,3.730,mm,OK,--,7:19:15 PM,7/9/2026,
1145,169.5,gf,3.730,mm,OK,--,7:19:15 PM,7/9/2026,
1146,169.4,gf,3.730,mm,OK,--,7:19:15 PM,7/9/2026,
1147,169.2,gf,3.730,mm,OK,--,7:19:15 PM,7/9/2026,
1148,169.0,gf,3.730,mm,OK,--,7:19:15 PM,7/9/2026,
1149,168.9,gf,3.730,mm,OK,--,7:19:15 PM,7/9/2026,
1150,168.7,gf,3.730,mm,OK,--,7:19:15 PM,7/9/2026,
1151,167.8,gf,3.725,mm,OK,--,7:19:16 PM,7/9/2026,
1152,166.8,gf,3.725,mm,OK,--,7:19:16 PM,7/9/2026,
1153,166.0,gf,3.725,mm,OK,--,7:19:16 PM,7/9/2026,
1154,165.6,gf,3.725,mm,OK,--,7:19:16 PM,7/9/2026,
1155,165.3,gf,3.725,mm,OK,--,7:19:16 PM,7/9/2026,
1156,165.0,gf,3.725,mm,OK,--,7:19:16 PM,7/9/2026,
1157,164.5,gf,3.725,mm,OK,--,7:19:16 PM,7/9/2026,
1158,164.1,gf,3.725,mm,OK,--,7:19:16 PM,7/9/2026,
1159,163.1,gf,3.725,mm,OK,--,7:19:16 PM,7/9/2026,
1160,161.8,gf,3.720,mm,OK,--,7:19:16 PM,7/9/2026,
1161,160.0,gf,3.720,mm,OK,--,7:19:17 PM,7/9/2026,
1162,158.6,gf,3.720,mm,OK,--,7:19:17 PM,7/9/2026,
1163,157.0,gf,3.715,mm,OK,--,7:19:17 PM,7/9/2026,
1164,154.3,gf,3.715,mm,OK,--,7:19:17 PM,7/9/2026,
1165,151.1,gf,3.710,mm,OK,--,7:19:17 PM,7/9/2026,
1166,148.9,gf,3.710,mm,OK,--,7:19:17 PM,7/9/2026,
1167,146.6,gf,3.705,mm,OK,--,7:19:17 PM,7/9/2026,
1168,144.7,gf,3.705,mm,OK,--,7:19:17 PM,7/9/2026,
1169,143.0,gf,3.705,mm,OK,--,7:19:17 PM,7/9/2026,
1170,141.8,gf,3.705,mm,OK,--,7:19:17 PM,7/9/2026,
1171,140.5,gf,3.700,mm,OK,--,7:19:18 PM,7/9/2026,
1172,138.4,gf,3.700,mm,OK,--,7:19:18 PM,7/9/2026,
1173,136.0,gf,3.695,mm,OK,--,7:19:18 PM,7/9/2026,
1174,134.0,gf,3.695,mm,OK,--,7:19:18 PM,7/9/2026,
1175,131.7,gf,3.690,mm,OK,--,7:19:18 PM,7/9/2026,
1176,129.2,gf,3.690,mm,OK,--,7:19:18 PM,7/9/2026,
1177,126.2,gf,3.685,mm,OK,--,7:19:18 PM,7/9/2026,
1178,123.7,gf,3.685,mm,OK,--,7:19:18 PM,7/9/2026,
1179,121.0,gf,3.680,mm,OK,--,7:19:18 PM,7/9/2026,
1180,118.2,gf,3.680,mm,OK,--,7:19:18 PM,7/9/2026,
1181,115.6,gf,3.675,mm,OK,--,7:19:19 PM,7/9/2026,
1182,113.3,gf,3.675,mm,OK,--,7:19:19 PM,7/9/2026,
1183,111.4,gf,3.675,mm,OK,--,7:19:19 PM,7/9/2026,
1184,109.9,gf,3.670,mm,OK,--,7:19:19 PM,7/9/2026,
1185,108.5,gf,3.670,mm,OK,--,7:19:19 PM,7/9/2026,
1186,107.2,gf,3.670,mm,OK,--,7:19:19 PM,7/9/2026,
1187,106.0,gf,3.670,mm,OK,--,7:19:19 PM,7/9/2026,
1188,105.0,gf,3.665,mm,OK,--,7:19:19 PM,7/9/2026,
1189,104.3,gf,3.665,mm,OK,--,7:19:19 PM,7/9/2026,
1190,103.8,gf,3.665,mm,OK,--,7:19:19 PM,7/9/2026,
1191,103.4,gf,3.665,mm,OK,--,7:19:20 PM,7/9/2026,
1192,102.9,gf,3.665,mm,OK,--,7:19:20 PM,7/9/2026,
1193,102.5,gf,3.665,mm,OK,--,7:19:20 PM,7/9/2026,
1194,101.7,gf,3.665,mm,OK,--,7:19:20 PM,7/9/2026,
1195,100.9,gf,3.665,mm,OK,--,7:19:20 PM,7/9/2026,
1196,99.7,gf,3.660,mm,OK,--,7:19:20 PM,7/9/2026,
1197,98.8,gf,3.660,mm,OK,--,7:19:20 PM,7/9/2026,
1198,97.9,gf,3.660,mm,OK,--,7:19:20 PM,7/9/2026,
1199,97.0,gf,3.660,mm,OK,--,7:19:20 PM,7/9/2026,
1200,95.7,gf,3.660,mm,OK,--,7:19:20 PM,7/9/2026,
1201,94.5,gf,3.655,mm,OK,--,7:19:21 PM,7/9/2026,
1202,93.1,gf,3.655,mm,OK,--,7:19:21 PM,7/9/2026,
1203,90.8,gf,3.655,mm,OK,--,7:19:21 PM,7/9/2026,
1204,87.1,gf,3.650,mm,OK,--,7:19:21 PM,7/9/2026,
1205,83.5,gf,3.645,mm,OK,--,7:19:21 PM,7/9/2026,
1206,80.4,gf,3.645,mm,OK,--,7:19:21 PM,7/9/2026,
1207,78.7,gf,3.640,mm,OK,--,7:19:21 PM,7/9/2026,
1208,77.7,gf,3.640,mm,OK,--,7:19:21 PM,7/9/2026,
1209,76.6,gf,3.640,mm,OK,--,7:19:21 PM,7/9/2026,
1210,75.7,gf,3.640,mm,OK,--,7:19:21 PM,7/9/2026,
1211,74.6,gf,3.635,mm,OK,--,7:19:22 PM,7/9/2026,
1212,73.2,gf,3.635,mm,OK,--,7:19:22 PM,7/9/2026,
1213,71.4,gf,3.635,mm,OK,--,7:19:22 PM,7/9/2026,
1214,69.6,gf,3.630,mm,OK,--,7:19:22 PM,7/9/2026,
1215,67.8,gf,3.630,mm,OK,--,7:19:22 PM,7/9/2026,
1216,65.9,gf,3.630,mm,OK,--,7:19:22 PM,7/9/2026,
1217,64.1,gf,3.625,mm,OK,--,7:19:22 PM,7/9/2026,
1218,62.7,gf,3.625,mm,OK,--,7:19:22 PM,7/9/2026,
1219,61.3,gf,3.625,mm,OK,--,7:19:22 PM,7/9/2026,
1220,58.0,gf,3.620,mm,OK,--,7:19:22 PM,7/9/2026,
1221,53.5,gf,3.615,mm,OK,--,7:19:23 PM,7/9/2026,
1222,50.4,gf,3.610,mm,OK,--,7:19:23 PM,7/9/2026,
1223,49.0,gf,3.610,mm,OK,--,7:19:23 PM,7/9/2026,
1224,49.1,gf,3.605,mm,OK,--,7:19:23 PM,7/9/2026,
1225,49.2,gf,3.605,mm,OK,--,7:19:23 PM,7/9/2026,
1226,49.2,gf,3.605,mm,OK,--,7:19:23 PM,7/9/2026,
1227,49.2,gf,3.600,mm,OK,--,7:19:23 PM,7/9/2026,
1228,49.2,gf,3.600,mm,OK,--,7:19:23 PM,7/9/2026,
1229,49.1,gf,3.600,mm,OK,--,7:19:23 PM,7/9/2026,
1230,49.1,gf,3.595,mm,OK,--,7:19:23 PM,7/9/2026,
1231,49.1,gf,3.590,mm,OK,--,7:19:24 PM,7/9/2026,
1232,49.1,gf,3.585,mm,OK,--,7:19:24 PM,7/9/2026,
1233,49.1,gf,3.580,mm,OK,--,7:19:24 PM,7/9/2026,
1234,49.1,gf,3.580,mm,OK,--,7:19:24 PM,7/9/2026,
1235,49.1,gf,3.575,mm,OK,--,7:19:24 PM,7/9/2026,
1236,49.0,gf,3.575,mm,OK,--,7:19:24 PM,7/9/2026,
1237,49.0,gf,3.575,mm,OK,--,7:19:24 PM,7/9/2026,
1238,49.0,gf,3.570,mm,OK,--,7:19:24 PM,7/9/2026,
1239,49.0,gf,3.570,mm,OK,--,7:19:24 PM,7/9/2026,
1240,49.0,gf,3.570,mm,OK,--,7:19:24 PM,7/9/2026,
1241,49.0,gf,3.570,mm,OK,--,7:19:25 PM,7/9/2026,
1242,49.0,gf,3.565,mm,OK,--,7:19:25 PM,7/9/2026,
1243,49.0,gf,3.565,mm,OK,--,7:19:25 PM,7/9/2026,
1244,49.0,gf,3.565,mm,OK,--,7:19:25 PM,7/9/2026,
1245,49.0,gf,3.560,mm,OK,--,7:19:25 PM,7/9/2026,
1246,49.0,gf,3.560,mm,OK,--,7:19:25 PM,7/9/2026,
1247,49.0,gf,3.560,mm,OK,--,7:19:25 PM,7/9/2026,
1248,48.9,gf,3.555,mm,OK,--,7:19:25 PM,7/9/2026,
1249,48.9,gf,3.550,mm,OK,--,7:19:25 PM,7/9/2026,
1250,48.9,gf,3.545,mm,OK,--,7:19:25 PM,7/9/2026,
1251,48.9,gf,3.540,mm,OK,--,7:19:26 PM,7/9/2026,
1252,48.9,gf,3.535,mm,OK,--,7:19:26 PM,7/9/2026,
1253,48.8,gf,3.525,mm,OK,--,7:19:26 PM,7/9/2026,
1254,48.8,gf,3.515,mm,OK,--,7:19:26 PM,7/9/2026,
1255,48.7,gf,3.510,mm,OK,--,7:19:26 PM,7/9/2026,
1256,48.7,gf,3.500,mm,OK,--,7:19:26 PM,7/9/2026,
1257,48.7,gf,3.495,mm,OK,--,7:19:26 PM,7/9/2026,
1258,48.6,gf,3.480,mm,OK,--,7:19:26 PM,7/9/2026,
1259,48.6,gf,3.470,mm,OK,--,7:19:26 PM,7/9/2026,
1260,48.6,gf,3.465,mm,OK,--,7:19:26 PM,7/9/2026,
1261,48.5,gf,3.460,mm,OK,--,7:19:27 PM,7/9/2026,
1262,48.5,gf,3.450,mm,OK,--,7:19:27 PM,7/9/2026,
1263,48.5,gf,3.445,mm,OK,--,7:19:27 PM,7/9/2026,
1264,48.4,gf,3.440,mm,OK,--,7:19:27 PM,7/9/2026,
1265,48.4,gf,3.435,mm,OK,--,7:19:27 PM,7/9/2026,
1266,48.4,gf,3.420,mm,OK,--,7:19:27 PM,7/9/2026,
1267,48.3,gf,3.415,mm,OK,--,7:19:27 PM,7/9/2026,
1268,48.3,gf,3.405,mm,OK,--,7:19:27 PM,7/9/2026,
1269,48.3,gf,3.405,mm,OK,--,7:19:27 PM,7/9/2026,
1270,48.3,gf,3.400,mm,OK,--,7:19:27 PM,7/9/2026,
1271,48.2,gf,3.390,mm,OK,--,7:19:28 PM,7/9/2026,
1272,48.2,gf,3.385,mm,OK,--,7:19:28 PM,7/9/2026,
1273,48.2,gf,3.375,mm,OK,--,7:19:28 PM,7/9/2026,
1274,48.1,gf,3.360,mm,OK,--,7:19:28 PM,7/9/2026,
1275,48.1,gf,3.350,mm,OK,--,7:19:28 PM,7/9/2026,
1276,48.1,gf,3.340,mm,OK,--,7:19:28 PM,7/9/2026,
1277,48.0,gf,3.330,mm,OK,--,7:19:28 PM,7/9/2026,
1278,47.9,gf,3.320,mm,OK,--,7:19:28 PM,7/9/2026,
1279,47.9,gf,3.310,mm,OK,--,7:19:28 PM,7/9/2026,
1280,47.9,gf,3.300,mm,OK,--,7:19:28 PM,7/9/2026,
1281,47.9,gf,3.290,mm,OK,--,7:19:29 PM,7/9/2026,
1282,47.8,gf,3.285,mm,OK,--,7:19:29 PM,7/9/2026,
1283,47.8,gf,3.280,mm,OK,--,7:19:29 PM,7/9/2026,
1284,47.8,gf,3.275,mm,OK,--,7:19:29 PM,7/9/2026,
1285,47.8,gf,3.275,mm,OK,--,7:19:29 PM,7/9/2026,
1286,47.8,gf,3.270,mm,OK,--,7:19:29 PM,7/9/2026,
1287,47.8,gf,3.270,mm,OK,--,7:19:29 PM,7/9/2026,
1288,47.8,gf,3.265,mm,OK,--,7:19:29 PM,7/9/2026,
1289,47.7,gf,3.255,mm,OK,--,7:19:29 PM,7/9/2026,
1290,47.7,gf,3.250,mm,OK,--,7:19:29 PM,7/9/2026,
1291,47.6,gf,3.240,mm,OK,--,7:19:30 PM,7/9/2026,
1292,47.5,gf,3.225,mm,OK,--,7:19:30 PM,7/9/2026,
1293,47.5,gf,3.215,mm,OK,--,7:19:30 PM,7/9/2026,
1294,47.5,gf,3.205,mm,OK,--,7:19:30 PM,7/9/2026,
1295,47.4,gf,3.190,mm,OK,--,7:19:30 PM,7/9/2026,
1296,47.4,gf,3.180,mm,OK,--,7:19:30 PM,7/9/2026,
1297,47.3,gf,3.170,mm,OK,--,7:19:30 PM,7/9/2026,
1298,47.3,gf,3.165,mm,OK,--,7:19:30 PM,7/9/2026,
1299,47.3,gf,3.165,mm,OK,--,7:19:30 PM,7/9/2026,
1300,47.3,gf,3.165,mm,OK,--,7:19:30 PM,7/9/2026,
1301,47.3,gf,3.160,mm,OK,--,7:19:31 PM,7/9/2026,
1302,47.3,gf,3.160,mm,OK,--,7:19:31 PM,7/9/2026,
1303,47.3,gf,3.155,mm,OK,--,7:19:31 PM,7/9/2026,
1304,47.3,gf,3.145,mm,OK,--,7:19:31 PM,7/9/2026,
1305,47.0,gf,3.125,mm,OK,--,7:19:31 PM,7/9/2026,
1306,47.1,gf,3.110,mm,OK,--,7:19:31 PM,7/9/2026,
1307,47.1,gf,3.105,mm,OK,--,7:19:31 PM,7/9/2026,
1308,47.1,gf,3.100,mm,OK,--,7:19:31 PM,7/9/2026,
1309,47.0,gf,3.095,mm,OK,--,7:19:31 PM,7/9/2026,
1310,47.0,gf,3.085,mm,OK,--,7:19:31 PM,7/9/2026,
1311,47.0,gf,3.085,mm,OK,--,7:19:32 PM,7/9/2026,
1312,46.9,gf,3.080,mm,OK,--,7:19:32 PM,7/9/2026,
1313,46.9,gf,3.070,mm,OK,--,7:19:32 PM,7/9/2026,
1314,46.9,gf,3.060,mm,OK,--,7:19:32 PM,7/9/2026,
1315,46.8,gf,3.055,mm,OK,--,7:19:32 PM,7/9/2026,
1316,46.8,gf,3.045,mm,OK,--,7:19:32 PM,7/9/2026,
1317,46.8,gf,3.030,mm,OK,--,7:19:32 PM,7/9/2026,
1318,46.6,gf,3.020,mm,OK,--,7:19:32 PM,7/9/2026,
1319,46.6,gf,3.010,mm,OK,--,7:19:32 PM,7/9/2026,
1320,46.6,gf,3.005,mm,OK,--,7:19:32 PM,7/9/2026,
1321,46.6,gf,3.000,mm,OK,--,7:19:33 PM,7/9/2026,
1322,46.6,gf,2.990,mm,OK,--,7:19:33 PM,7/9/2026,
1323,46.5,gf,2.980,mm,OK,--,7:19:33 PM,7/9/2026,
1324,46.5,gf,2.965,mm,OK,--,7:19:33 PM,7/9/2026,
1325,46.5,gf,2.960,mm,OK,--,7:19:33 PM,7/9/2026,
1326,46.5,gf,2.950,mm,OK,--,7:19:33 PM,7/9/2026,
1327,46.4,gf,2.945,mm,OK,--,7:19:33 PM,7/9/2026,
1328,46.4,gf,2.940,mm,OK,--,7:19:33 PM,7/9/2026,
1329,46.3,gf,2.935,mm,OK,--,7:19:33 PM,7/9/2026,
1330,46.3,gf,2.925,mm,OK,--,7:19:33 PM,7/9/2026,
1331,46.3,gf,2.920,mm,OK,--,7:19:34 PM,7/9/2026,
1332,46.2,gf,2.910,mm,OK,--,7:19:34 PM,7/9/2026,
1333,46.2,gf,2.905,mm,OK,--,7:19:34 PM,7/9/2026,
1334,46.2,gf,2.895,mm,OK,--,7:19:34 PM,7/9/2026,
1335,46.2,gf,2.890,mm,OK,--,7:19:34 PM,7/9/2026,
1336,46.2,gf,2.885,mm,OK,--,7:19:34 PM,7/9/2026,
1337,46.1,gf,2.875,mm,OK,--,7:19:34 PM,7/9/2026,
1338,46.1,gf,2.870,mm,OK,--,7:19:34 PM,7/9/2026,
1339,46.1,gf,2.870,mm,OK,--,7:19:34 PM,7/9/2026,
1340,46.1,gf,2.865,mm,OK,--,7:19:34 PM,7/9/2026,
1341,46.1,gf,2.860,mm,OK,--,7:19:35 PM,7/9/2026,
1342,46.1,gf,2.860,mm,OK,--,7:19:35 PM,7/9/2026,
1343,46.1,gf,2.855,mm,OK,--,7:19:35 PM,7/9/2026,
1344,46.0,gf,2.855,mm,OK,--,7:19:35 PM,7/9/2026,
1345,46.0,gf,2.845,mm,OK,--,7:19:35 PM,7/9/2026,
1346,45.9,gf,2.835,mm,OK,--,7:19:35 PM,7/9/2026,
1347,45.9,gf,2.825,mm,OK,--,7:19:35 PM,7/9/2026,
1348,45.9,gf,2.815,mm,OK,--,7:19:35 PM,7/9/2026,
1349,45.9,gf,2.810,mm,OK,--,7:19:35 PM,7/9/2026,
1350,45.8,gf,2.800,mm,OK,--,7:19:35 PM,7/9/2026,
1351,45.7,gf,2.795,mm,OK,--,7:19:36 PM,7/9/2026,
1352,45.7,gf,2.785,mm,OK,--,7:19:36 PM,7/9/2026,
1353,45.7,gf,2.775,mm,OK,--,7:19:36 PM,7/9/2026,
1354,45.6,gf,2.760,mm,OK,--,7:19:36 PM,7/9/2026,
1355,45.5,gf,2.745,mm,OK,--,7:19:36 PM,7/9/2026,
1356,45.5,gf,2.730,mm,OK,--,7:19:36 PM,7/9/2026,
1357,45.4,gf,2.720,mm,OK,--,7:19:36 PM,7/9/2026,
1358,45.3,gf,2.715,mm,OK,--,7:19:36 PM,7/9/2026,
1359,45.3,gf,2.705,mm,OK,--,7:19:36 PM,7/9/2026,
1360,45.3,gf,2.700,mm,OK,--,7:19:36 PM,7/9/2026,
1361,45.3,gf,2.690,mm,OK,--,7:19:37 PM,7/9/2026,
1362,45.3,gf,2.680,mm,OK,--,7:19:37 PM,7/9/2026,
1363,45.2,gf,2.670,mm,OK,--,7:19:37 PM,7/9/2026,
1364,45.2,gf,2.660,mm,OK,--,7:19:37 PM,7/9/2026,
1365,45.1,gf,2.645,mm,OK,--,7:19:37 PM,7/9/2026,
1366,45.0,gf,2.635,mm,OK,--,7:19:37 PM,7/9/2026,
1367,44.9,gf,2.625,mm,OK,--,7:19:37 PM,7/9/2026,
1368,44.7,gf,2.615,mm,OK,--,7:19:37 PM,7/9/2026,
1369,44.7,gf,2.610,mm,OK,--,7:19:37 PM,7/9/2026,
1370,44.6,gf,2.600,mm,OK,--,7:19:37 PM,7/9/2026,
1371,44.5,gf,2.590,mm,OK,--,7:19:38 PM,7/9/2026,
1372,44.5,gf,2.580,mm,OK,--,7:19:38 PM,7/9/2026,
1373,44.4,gf,2.575,mm,OK,--,7:19:38 PM,7/9/2026,
1374,44.5,gf,2.570,mm,OK,--,7:19:38 PM,7/9/2026,
1375,44.4,gf,2.565,mm,OK,--,7:19:38 PM,7/9/2026,
1376,44.4,gf,2.565,mm,OK,--,7:19:38 PM,7/9/2026,
1377,44.4,gf,2.560,mm,OK,--,7:19:38 PM,7/9/2026,
1378,44.3,gf,2.555,mm,OK,--,7:19:38 PM,7/9/2026,
1379,44.3,gf,2.550,mm,OK,--,7:19:38 PM,7/9/2026,
1380,44.2,gf,2.540,mm,OK,--,7:19:38 PM,7/9/2026,
1381,44.1,gf,2.525,mm,OK,--,7:19:39 PM,7/9/2026,
1382,44.1,gf,2.505,mm,OK,--,7:19:39 PM,7/9/2026,
1383,44.0,gf,2.485,mm,OK,--,7:19:39 PM,7/9/2026,
1384,43.9,gf,2.465,mm,OK,--,7:19:39 PM,7/9/2026,
1385,43.9,gf,2.445,mm,OK,--,7:19:39 PM,7/9/2026,
1386,43.8,gf,2.425,mm,OK,--,7:19:39 PM,7/9/2026,
1387,43.7,gf,2.405,mm,OK,--,7:19:39 PM,7/9/2026,
1388,43.6,gf,2.385,mm,OK,--,7:19:39 PM,7/9/2026,
1389,43.6,gf,2.365,mm,OK,--,7:19:39 PM,7/9/2026,
1390,43.6,gf,2.350,mm,OK,--,7:19:39 PM,7/9/2026,
1391,43.5,gf,2.345,mm,OK,--,7:19:40 PM,7/9/2026,
1392,43.6,gf,2.340,mm,OK,--,7:19:40 PM,7/9/2026,
1393,43.5,gf,2.335,mm,OK,--,7:19:40 PM,7/9/2026,
1394,43.5,gf,2.335,mm,OK,--,7:19:40 PM,7/9/2026,
1395,43.6,gf,2.335,mm,OK,--,7:19:40 PM,7/9/2026,
1396,43.6,gf,2.335,mm,OK,--,7:19:40 PM,7/9/2026,
1397,43.5,gf,2.335,mm,OK,--,7:19:40 PM,7/9/2026,
1398,43.5,gf,2.330,mm,OK,--,7:19:40 PM,7/9/2026,
1399,43.5,gf,2.330,mm,OK,--,7:19:40 PM,7/9/2026,
1400,43.5,gf,2.325,mm,OK,--,7:19:40 PM,7/9/2026,
1401,43.4,gf,2.320,mm,OK,--,7:19:41 PM,7/9/2026,
1402,43.4,gf,2.310,mm,OK,--,7:19:41 PM,7/9/2026,
1403,43.3,gf,2.305,mm,OK,--,7:19:41 PM,7/9/2026,
1404,43.2,gf,2.295,mm,OK,--,7:19:41 PM,7/9/2026,
1405,43.1,gf,2.290,mm,OK,--,7:19:41 PM,7/9/2026,
1406,42.9,gf,2.275,mm,OK,--,7:19:41 PM,7/9/2026,
1407,42.8,gf,2.260,mm,OK,--,7:19:41 PM,7/9/2026,
1408,42.6,gf,2.250,mm,OK,--,7:19:41 PM,7/9/2026,
1409,42.3,gf,2.235,mm,OK,--,7:19:41 PM,7/9/2026,
1410,42.1,gf,2.220,mm,OK,--,7:19:41 PM,7/9/2026,
1411,41.9,gf,2.205,mm,OK,--,7:19:42 PM,7/9/2026,
1412,41.8,gf,2.200,mm,OK,--,7:19:42 PM,7/9/2026,
1413,41.6,gf,2.190,mm,OK,--,7:19:42 PM,7/9/2026,
1414,41.3,gf,2.180,mm,OK,--,7:19:42 PM,7/9/2026,
1415,41.1,gf,2.170,mm,OK,--,7:19:42 PM,7/9/2026,
1416,40.8,gf,2.165,mm,OK,--,7:19:42 PM,7/9/2026,
1417,40.7,gf,2.155,mm,OK,--,7:19:42 PM,7/9/2026,
1418,40.5,gf,2.145,mm,OK,--,7:19:42 PM,7/9/2026,
1419,40.5,gf,2.140,mm,OK,--,7:19:42 PM,7/9/2026,
1420,40.4,gf,2.135,mm,OK,--,7:19:42 PM,7/9/2026,
1421,40.3,gf,2.130,mm,OK,--,7:19:43 PM,7/9/2026,
1422,40.3,gf,2.125,mm,OK,--,7:19:43 PM,7/9/2026,
1423,40.3,gf,2.120,mm,OK,--,7:19:43 PM,7/9/2026,
1424,40.3,gf,2.115,mm,OK,--,7:19:43 PM,7/9/2026,
1425,40.3,gf,2.110,mm,OK,--,7:19:43 PM,7/9/2026,
1426,40.3,gf,2.105,mm,OK,--,7:19:43 PM,7/9/2026,
1427,40.1,gf,2.100,mm,OK,--,7:19:43 PM,7/9/2026,
1428,40.1,gf,2.095,mm,OK,--,7:19:43 PM,7/9/2026,
1429,40.1,gf,2.090,mm,OK,--,7:19:43 PM,7/9/2026,
1430,40.0,gf,2.085,mm,OK,--,7:19:43 PM,7/9/2026,
1431,40.0,gf,2.080,mm,OK,--,7:19:44 PM,7/9/2026,
1432,40.0,gf,2.070,mm,OK,--,7:19:44 PM,7/9/2026,
1433,39.8,gf,2.055,mm,OK,--,7:19:44 PM,7/9/2026,
1434,39.8,gf,2.040,mm,OK,--,7:19:44 PM,7/9/2026,
1435,39.8,gf,2.030,mm,OK,--,7:19:44 PM,7/9/2026,
1436,39.6,gf,2.015,mm,OK,--,7:19:44 PM,7/9/2026,
1437,39.5,gf,2.000,mm,OK,--,7:19:44 PM,7/9/2026,
1438,39.5,gf,1.985,mm,OK,--,7:19:44 PM,7/9/2026,
1439,39.5,gf,1.980,mm,OK,--,7:19:44 PM,7/9/2026,
1440,39.4,gf,1.970,mm,OK,--,7:19:44 PM,7/9/2026,
1441,39.3,gf,1.965,mm,OK,--,7:19:45 PM,7/9/2026,
1442,39.2,gf,1.955,mm,OK,--,7:19:45 PM,7/9/2026,
1443,39.1,gf,1.945,mm,OK,--,7:19:45 PM,7/9/2026,
1444,39.1,gf,1.935,mm,OK,--,7:19:45 PM,7/9/2026,
1445,39.0,gf,1.925,mm,OK,--,7:19:45 PM,7/9/2026,
1446,39.0,gf,1.920,mm,OK,--,7:19:45 PM,7/9/2026,
1447,38.9,gf,1.915,mm,OK,--,7:19:45 PM,7/9/2026,
1448,38.9,gf,1.910,mm,OK,--,7:19:45 PM,7/9/2026,
1449,38.9,gf,1.905,mm,OK,--,7:19:45 PM,7/9/2026,
1450,38.8,gf,1.900,mm,OK,--,7:19:45 PM,7/9/2026,
1451,38.8,gf,1.890,mm,OK,--,7:19:46 PM,7/9/2026,
1452,38.8,gf,1.880,mm,OK,--,7:19:46 PM,7/9/2026,
1453,38.8,gf,1.875,mm,OK,--,7:19:46 PM,7/9/2026,
1454,38.7,gf,1.865,mm,OK,--,7:19:46 PM,7/9/2026,
1455,38.7,gf,1.855,mm,OK,--,7:19:46 PM,7/9/2026,
1456,38.7,gf,1.845,mm,OK,--,7:19:46 PM,7/9/2026,
1457,38.6,gf,1.840,mm,OK,--,7:19:46 PM,7/9/2026,
1458,38.5,gf,1.830,mm,OK,--,7:19:46 PM,7/9/2026,
1459,38.4,gf,1.820,mm,OK,--,7:19:46 PM,7/9/2026,
1460,38.2,gf,1.805,mm,OK,--,7:19:46 PM,7/9/2026,
1461,38.2,gf,1.795,mm,OK,--,7:19:47 PM,7/9/2026,
1462,38.2,gf,1.780,mm,OK,--,7:19:47 PM,7/9/2026,
1463,38.2,gf,1.770,mm,OK,--,7:19:47 PM,7/9/2026,
1464,38.1,gf,1.760,mm,OK,--,7:19:47 PM,7/9/2026,
1465,38.1,gf,1.750,mm,OK,--,7:19:47 PM,7/9/2026,
1466,38.1,gf,1.740,mm,OK,--,7:19:47 PM,7/9/2026,
1467,38.1,gf,1.735,mm,OK,--,7:19:47 PM,7/9/2026,
1468,38.0,gf,1.730,mm,OK,--,7:19:47 PM,7/9/2026,
1469,37.9,gf,1.725,mm,OK,--,7:19:47 PM,7/9/2026,
1470,37.9,gf,1.710,mm,OK,--,7:19:47 PM,7/9/2026,
1471,37.9,gf,1.700,mm,OK,--,7:19:48 PM,7/9/2026,
1472,37.9,gf,1.695,mm,OK,--,7:19:48 PM,7/9/2026,
1473,37.9,gf,1.690,mm,OK,--,7:19:48 PM,7/9/2026,
1474,37.9,gf,1.690,mm,OK,--,7:19:48 PM,7/9/2026,
1475,37.8,gf,1.685,mm,OK,--,7:19:48 PM,7/9/2026,
1476,37.8,gf,1.680,mm,OK,--,7:19:48 PM,7/9/2026,
1477,37.7,gf,1.675,mm,OK,--,7:19:48 PM,7/9/2026,
1478,37.7,gf,1.670,mm,OK,--,7:19:48 PM,7/9/2026,
1479,37.7,gf,1.665,mm,OK,--,7:19:48 PM,7/9/2026,
1480,37.6,gf,1.660,mm,OK,--,7:19:48 PM,7/9/2026,
1481,37.6,gf,1.655,mm,OK,--,7:19:49 PM,7/9/2026,
1482,37.6,gf,1.650,mm,OK,--,7:19:49 PM,7/9/2026,
1483,37.5,gf,1.650,mm,OK,--,7:19:49 PM,7/9/2026,
1484,37.5,gf,1.645,mm,OK,--,7:19:49 PM,7/9/2026,
1485,37.5,gf,1.645,mm,OK,--,7:19:49 PM,7/9/2026,
1486,37.4,gf,1.640,mm,OK,--,7:19:49 PM,7/9/2026,
1487,37.4,gf,1.635,mm,OK,--,7:19:49 PM,7/9/2026,
1488,37.4,gf,1.630,mm,OK,--,7:19:49 PM,7/9/2026,
1489,37.4,gf,1.630,mm,OK,--,7:19:49 PM,7/9/2026,
1490,37.4,gf,1.625,mm,OK,--,7:19:49 PM,7/9/2026,
1491,37.4,gf,1.625,mm,OK,--,7:19:50 PM,7/9/2026,
1492,37.4,gf,1.625,mm,OK,--,7:19:50 PM,7/9/2026,
1493,37.4,gf,1.620,mm,OK,--,7:19:50 PM,7/9/2026,
1494,37.4,gf,1.620,mm,OK,--,7:19:50 PM,7/9/2026,
1495,37.3,gf,1.615,mm,OK,--,7:19:50 PM,7/9/2026,
1496,37.3,gf,1.610,mm,OK,--,7:19:50 PM,7/9/2026,
1497,37.4,gf,1.605,mm,OK,--,7:19:50 PM,7/9/2026,
1498,37.4,gf,1.605,mm,OK,--,7:19:50 PM,7/9/2026,
1499,37.4,gf,1.600,mm,OK,--,7:19:50 PM,7/9/2026,
1500,37.4,gf,1.600,mm,OK,--,7:19:50 PM,7/9/2026,
1501,37.2,gf,1.595,mm,OK,--,7:19:51 PM,7/9/2026,
1502,37.2,gf,1.590,mm,OK,--,7:19:51 PM,7/9/2026,
1503,37.2,gf,1.580,mm,OK,--,7:19:51 PM,7/9/2026,
1504,37.2,gf,1.570,mm,OK,--,7:19:51 PM,7/9/2026,
1505,37.2,gf,1.565,mm,OK,--,7:19:51 PM,7/9/2026,
1506,37.1,gf,1.560,mm,OK,--,7:19:51 PM,7/9/2026,
1507,37.1,gf,1.550,mm,OK,--,7:19:51 PM,7/9/2026,
1508,37.1,gf,1.545,mm,OK,--,7:19:51 PM,7/9/2026,
1509,37.1,gf,1.540,mm,OK,--,7:19:51 PM,7/9/2026,
1510,36.9,gf,1.530,mm,OK,--,7:19:51 PM,7/9/2026,
1511,36.8,gf,1.520,mm,OK,--,7:19:52 PM,7/9/2026,
1512,36.8,gf,1.500,mm,OK,--,7:19:52 PM,7/9/2026,
1513,36.8,gf,1.480,mm,OK,--,7:19:52 PM,7/9/2026,
1514,36.8,gf,1.465,mm,OK,--,7:19:52 PM,7/9/2026,
1515,36.7,gf,1.450,mm,OK,--,7:19:52 PM,7/9/2026,
1516,36.7,gf,1.440,mm,OK,--,7:19:52 PM,7/9/2026,
1517,36.7,gf,1.435,mm,OK,--,7:19:52 PM,7/9/2026,
1518,36.6,gf,1.435,mm,OK,--,7:19:52 PM,7/9/2026,
1519,36.6,gf,1.430,mm,OK,--,7:19:52 PM,7/9/2026,
1520,36.5,gf,1.430,mm,OK,--,7:19:52 PM,7/9/2026,
1521,36.5,gf,1.425,mm,OK,--,7:19:53 PM,7/9/2026,
1522,36.5,gf,1.420,mm,OK,--,7:19:53 PM,7/9/2026,
1523,36.5,gf,1.415,mm,OK,--,7:19:53 PM,7/9/2026,
1524,36.5,gf,1.415,mm,OK,--,7:19:53 PM,7/9/2026,
1525,36.5,gf,1.410,mm,OK,--,7:19:53 PM,7/9/2026,
1526,36.5,gf,1.410,mm,OK,--,7:19:53 PM,7/9/2026,
1527,36.5,gf,1.405,mm,OK,--,7:19:53 PM,7/9/2026,
1528,36.4,gf,1.405,mm,OK,--,7:19:53 PM,7/9/2026,
1529,36.4,gf,1.400,mm,OK,--,7:19:53 PM,7/9/2026,
1530,36.4,gf,1.395,mm,OK,--,7:19:53 PM,7/9/2026,
1531,36.4,gf,1.390,mm,OK,--,7:19:54 PM,7/9/2026,
1532,36.3,gf,1.390,mm,OK,--,7:19:54 PM,7/9/2026,
1533,36.4,gf,1.385,mm,OK,--,7:19:54 PM,7/9/2026,
1534,36.3,gf,1.380,mm,OK,--,7:19:54 PM,7/9/2026,
1535,36.3,gf,1.375,mm,OK,--,7:19:54 PM,7/9/2026,
1536,36.3,gf,1.375,mm,OK,--,7:19:54 PM,7/9/2026,
1537,36.1,gf,1.365,mm,OK,--,7:19:54 PM,7/9/2026,
1538,36.2,gf,1.355,mm,OK,--,7:19:54 PM,7/9/2026,
1539,36.3,gf,1.345,mm,OK,--,7:19:54 PM,7/9/2026,
1540,36.2,gf,1.340,mm,OK,--,7:19:54 PM,7/9/2026,
1541,36.2,gf,1.335,mm,OK,--,7:19:55 PM,7/9/2026,
1542,36.2,gf,1.330,mm,OK,--,7:19:55 PM,7/9/2026,
1543,36.2,gf,1.325,mm,OK,--,7:19:55 PM,7/9/2026,
1544,36.1,gf,1.320,mm,OK,--,7:19:55 PM,7/9/2026,
1545,36.1,gf,1.315,mm,OK,--,7:19:55 PM,7/9/2026,
1546,36.1,gf,1.310,mm,OK,--,7:19:55 PM,7/9/2026,
1547,36.0,gf,1.300,mm,OK,--,7:19:55 PM,7/9/2026,
1548,36.1,gf,1.295,mm,OK,--,7:19:55 PM,7/9/2026,
1549,36.0,gf,1.290,mm,OK,--,7:19:55 PM,7/9/2026,
1550,36.0,gf,1.280,mm,OK,--,7:19:55 PM,7/9/2026,
1551,36.0,gf,1.275,mm,OK,--,7:19:56 PM,7/9/2026,
1552,35.9,gf,1.270,mm,OK,--,7:19:56 PM,7/9/2026,
1553,35.9,gf,1.265,mm,OK,--,7:19:56 PM,7/9/2026,
1554,35.8,gf,1.260,mm,OK,--,7:19:56 PM,7/9/2026,
1555,35.6,gf,1.255,mm,OK,--,7:19:56 PM,7/9/2026,
1556,35.7,gf,1.245,mm,OK,--,7:19:56 PM,7/9/2026,
1557,35.7,gf,1.235,mm,OK,--,7:19:56 PM,7/9/2026,
1558,35.6,gf,1.220,mm,OK,--,7:19:56 PM,7/9/2026,
1559,35.5,gf,1.210,mm,OK,--,7:19:56 PM,7/9/2026,
1560,35.5,gf,1.200,mm,OK,--,7:19:56 PM,7/9/2026,
1561,35.5,gf,1.190,mm,OK,--,7:19:57 PM,7/9/2026,
1562,35.4,gf,1.185,mm,OK,--,7:19:57 PM,7/9/2026,
1563,35.4,gf,1.175,mm,OK,--,7:19:57 PM,7/9/2026,
1564,35.4,gf,1.170,mm,OK,--,7:19:57 PM,7/9/2026,
1565,35.4,gf,1.170,mm,OK,--,7:19:57 PM,7/9/2026,
1566,35.3,gf,1.165,mm,OK,--,7:19:57 PM,7/9/2026,
1567,35.3,gf,1.160,mm,OK,--,7:19:57 PM,7/9/2026,
1568,35.3,gf,1.155,mm,OK,--,7:19:57 PM,7/9/2026,
1569,35.2,gf,1.145,mm,OK,--,7:19:57 PM,7/9/2026,
1570,35.2,gf,1.135,mm,OK,--,7:19:57 PM,7/9/2026,
1571,35.1,gf,1.120,mm,OK,--,7:19:58 PM,7/9/2026,
1572,35.2,gf,1.105,mm,OK,--,7:19:58 PM,7/9/2026,
1573,35.2,gf,1.105,mm,OK,--,7:19:58 PM,7/9/2026,
1574,35.1,gf,1.100,mm,OK,--,7:19:58 PM,7/9/2026,
1575,35.0,gf,1.095,mm,OK,--,7:19:58 PM,7/9/2026,
1576,35.1,gf,1.085,mm,OK,--,7:19:58 PM,7/9/2026,
1577,35.0,gf,1.085,mm,OK,--,7:19:58 PM,7/9/2026,
1578,35.0,gf,1.080,mm,OK,--,7:19:58 PM,7/9/2026,
1579,34.9,gf,1.080,mm,OK,--,7:19:58 PM,7/9/2026,
1580,34.9,gf,1.075,mm,OK,--,7:19:58 PM,7/9/2026,
1581,34.9,gf,1.070,mm,OK,--,7:19:59 PM,7/9/2026,
1582,34.8,gf,1.070,mm,OK,--,7:19:59 PM,7/9/2026,
1583,34.8,gf,1.065,mm,OK,--,7:19:59 PM,7/9/2026,
1584,34.9,gf,1.060,mm,OK,--,7:19:59 PM,7/9/2026,
1585,34.9,gf,1.060,mm,OK,--,7:19:59 PM,7/9/2026,
1586,34.9,gf,1.060,mm,OK,--,7:19:59 PM,7/9/2026,
1587,34.8,gf,1.055,mm,OK,--,7:19:59 PM,7/9/2026,
1588,34.8,gf,1.050,mm,OK,--,7:19:59 PM,7/9/2026,
1589,34.7,gf,1.045,mm,OK,--,7:19:59 PM,7/9/2026,
1590,34.7,gf,1.035,mm,OK,--,7:19:59 PM,7/9/2026,
1591,34.8,gf,1.030,mm,OK,--,7:20:00 PM,7/9/2026,
1592,34.7,gf,1.025,mm,OK,--,7:20:00 PM,7/9/2026,
1593,34.7,gf,1.020,mm,OK,--,7:20:00 PM,7/9/2026,
1594,34.7,gf,1.015,mm,OK,--,7:20:00 PM,7/9/2026,
1595,34.6,gf,1.015,mm,OK,--,7:20:00 PM,7/9/2026,
1596,34.6,gf,1.010,mm,OK,--,7:20:00 PM,7/9/2026,
1597,34.5,gf,1.005,mm,OK,--,7:20:00 PM,7/9/2026,
1598,34.5,gf,1.000,mm,OK,--,7:20:00 PM,7/9/2026,
1599,34.5,gf,0.995,mm,OK,--,7:20:00 PM,7/9/2026,
1600,34.5,gf,0.990,mm,OK,--,7:20:00 PM,7/9/2026,
1601,34.4,gf,0.990,mm,OK,--,7:20:01 PM,7/9/2026,
1602,34.4,gf,0.985,mm,OK,--,7:20:01 PM,7/9/2026,
1603,34.4,gf,0.985,mm,OK,--,7:20:01 PM,7/9/2026,
1604,34.4,gf,0.985,mm,OK,--,7:20:01 PM,7/9/2026,
1605,34.3,gf,0.980,mm,OK,--,7:20:01 PM,7/9/2026,
1606,34.3,gf,0.980,mm,OK,--,7:20:01 PM,7/9/2026,
1607,34.2,gf,0.980,mm,OK,--,7:20:01 PM,7/9/2026,
1608,34.3,gf,0.975,mm,OK,--,7:20:01 PM,7/9/2026,
1609,34.0,gf,0.975,mm,OK,--,7:20:01 PM,7/9/2026,
1610,34.2,gf,0.965,mm,OK,--,7:20:01 PM,7/9/2026,
1611,34.5,gf,0.965,mm,OK,--,7:20:02 PM,7/9/2026,
1612,34.3,gf,0.965,mm,OK,--,7:20:02 PM,7/9/2026,
1613,34.0,gf,0.965,mm,OK,--,7:20:02 PM,7/9/2026,
1614,34.1,gf,0.960,mm,OK,--,7:20:02 PM,7/9/2026,
1615,34.2,gf,0.960,mm,OK,--,7:20:02 PM,7/9/2026,
1616,34.0,gf,0.960,mm,OK,--,7:20:02 PM,7/9/2026,
1617,34.0,gf,0.955,mm,OK,--,7:20:02 PM,7/9/2026,
1618,34.2,gf,0.950,mm,OK,--,7:20:02 PM,7/9/2026,
1619,34.1,gf,0.950,mm,OK,--,7:20:02 PM,7/9/2026,
1620,34.1,gf,0.950,mm,OK,--,7:20:02 PM,7/9/2026,
1621,34.1,gf,0.945,mm,OK,--,7:20:03 PM,7/9/2026,
1622,34.0,gf,0.945,mm,OK,--,7:20:03 PM,7/9/2026,
1623,34.1,gf,0.940,mm,OK,--,7:20:03 PM,7/9/2026,
1624,34.1,gf,0.940,mm,OK,--,7:20:03 PM,7/9/2026,
1625,34.1,gf,0.940,mm,OK,--,7:20:03 PM,7/9/2026,
1626,34.0,gf,0.935,mm,OK,--,7:20:03 PM,7/9/2026,
1627,34.0,gf,0.930,mm,OK,--,7:20:03 PM,7/9/2026,
1628,34.1,gf,0.930,mm,OK,--,7:20:03 PM,7/9/2026,
1629,34.0,gf,0.925,mm,OK,--,7:20:03 PM,7/9/2026,
1630,34.1,gf,0.925,mm,OK,--,7:20:03 PM,7/9/2026,
1631,34.1,gf,0.920,mm,OK,--,7:20:04 PM,7/9/2026,
1632,34.1,gf,0.915,mm,OK,--,7:20:04 PM,7/9/2026,
1633,34.1,gf,0.910,mm,OK,--,7:20:04 PM,7/9/2026,
1634,34.0,gf,0.910,mm,OK,--,7:20:04 PM,7/9/2026,
1635,33.9,gf,0.905,mm,OK,--,7:20:04 PM,7/9/2026,
1636,34.0,gf,0.895,mm,OK,--,7:20:04 PM,7/9/2026,
1637,34.1,gf,0.890,mm,OK,--,7:20:04 PM,7/9/2026,
1638,34.0,gf,0.885,mm,OK,--,7:20:04 PM,7/9/2026,
1639,34.0,gf,0.885,mm,OK,--,7:20:04 PM,7/9/2026,
1640,33.9,gf,0.880,mm,OK,--,7:20:04 PM,7/9/2026,
1641,33.9,gf,0.875,mm,OK,--,7:20:05 PM,7/9/2026,
1642,33.8,gf,0.870,mm,OK,--,7:20:05 PM,7/9/2026,
1643,33.8,gf,0.865,mm,OK,--,7:20:05 PM,7/9/2026,
1644,33.7,gf,0.860,mm,OK,--,7:20:05 PM,7/9/2026,
1645,33.6,gf,0.850,mm,OK,--,7:20:05 PM,7/9/2026,
1646,33.6,gf,0.840,mm,OK,--,7:20:05 PM,7/9/2026,
1647,33.6,gf,0.835,mm,OK,--,7:20:05 PM,7/9/2026,
1648,33.6,gf,0.825,mm,OK,--,7:20:05 PM,7/9/2026,
1649,33.5,gf,0.820,mm,OK,--,7:20:05 PM,7/9/2026,
1650,33.4,gf,0.820,mm,OK,--,7:20:05 PM,7/9/2026,
1651,33.4,gf,0.810,mm,OK,--,7:20:06 PM,7/9/2026,
1652,33.4,gf,0.800,mm,OK,--,7:20:06 PM,7/9/2026,
1653,33.2,gf,0.785,mm,OK,--,7:20:06 PM,7/9/2026,
1654,33.1,gf,0.775,mm,OK,--,7:20:06 PM,7/9/2026,
1655,33.2,gf,0.770,mm,OK,--,7:20:06 PM,7/9/2026,
1656,33.0,gf,0.760,mm,OK,--,7:20:06 PM,7/9/2026,
1657,33.2,gf,0.750,mm,OK,--,7:20:06 PM,7/9/2026,
1658,33.2,gf,0.745,mm,OK,--,7:20:06 PM,7/9/2026,
1659,33.1,gf,0.740,mm,OK,--,7:20:06 PM,7/9/2026,
1660,33.1,gf,0.740,mm,OK,--,7:20:06 PM,7/9/2026,
1661,33.1,gf,0.735,mm,OK,--,7:20:07 PM,7/9/2026,
1662,32.9,gf,0.730,mm,OK,--,7:20:07 PM,7/9/2026,
1663,33.0,gf,0.720,mm,OK,--,7:20:07 PM,7/9/2026,
1664,33.0,gf,0.715,mm,OK,--,7:20:07 PM,7/9/2026,
1665,33.0,gf,0.710,mm,OK,--,7:20:07 PM,7/9/2026,
1666,32.9,gf,0.700,mm,OK,--,7:20:07 PM,7/9/2026,
1667,32.8,gf,0.695,mm,OK,--,7:20:07 PM,7/9/2026,
1668,32.9,gf,0.695,mm,OK,--,7:20:07 PM,7/9/2026,
1669,32.8,gf,0.690,mm,OK,--,7:20:07 PM,7/9/2026,
1670,32.8,gf,0.685,mm,OK,--,7:20:07 PM,7/9/2026,
1671,32.7,gf,0.680,mm,OK,--,7:20:08 PM,7/9/2026,
1672,32.7,gf,0.675,mm,OK,--,7:20:08 PM,7/9/2026,
1673,32.7,gf,0.670,mm,OK,--,7:20:08 PM,7/9/2026,
1674,32.6,gf,0.660,mm,OK,--,7:20:08 PM,7/9/2026,
1675,32.6,gf,0.655,mm,OK,--,7:20:08 PM,7/9/2026,
1676,32.6,gf,0.650,mm,OK,--,7:20:08 PM,7/9/2026,
1677,32.7,gf,0.645,mm,OK,--,7:20:08 PM,7/9/2026,
1678,32.7,gf,0.645,mm,OK,--,7:20:08 PM,7/9/2026,
1679,32.6,gf,0.640,mm,OK,--,7:20:08 PM,7/9/2026,
1680,32.6,gf,0.640,mm,OK,--,7:20:08 PM,7/9/2026,
1681,32.6,gf,0.635,mm,OK,--,7:20:09 PM,7/9/2026,
1682,32.4,gf,0.635,mm,OK,--,7:20:09 PM,7/9/2026,
1683,32.4,gf,0.630,mm,OK,--,7:20:09 PM,7/9/2026,
1684,32.4,gf,0.630,mm,OK,--,7:20:09 PM,7/9/2026,
1685,32.4,gf,0.630,mm,OK,--,7:20:09 PM,7/9/2026,
1686,32.3,gf,0.625,mm,OK,--,7:20:09 PM,7/9/2026,
1687,32.3,gf,0.625,mm,OK,--,7:20:09 PM,7/9/2026,
1688,32.2,gf,0.615,mm,OK,--,7:20:09 PM,7/9/2026,
1689,32.3,gf,0.605,mm,OK,--,7:20:09 PM,7/9/2026,
1690,32.4,gf,0.595,mm,OK,--,7:20:09 PM,7/9/2026,
1691,32.4,gf,0.590,mm,OK,--,7:20:10 PM,7/9/2026,
1692,32.4,gf,0.580,mm,OK,--,7:20:10 PM,7/9/2026,
1693,32.3,gf,0.575,mm,OK,--,7:20:10 PM,7/9/2026,
1694,32.4,gf,0.575,mm,OK,--,7:20:10 PM,7/9/2026,
1695,32.3,gf,0.570,mm,OK,--,7:20:10 PM,7/9/2026,
1696,32.2,gf,0.565,mm,OK,--,7:20:10 PM,7/9/2026,
1697,32.1,gf,0.560,mm,OK,--,7:20:10 PM,7/9/2026,
1698,32.2,gf,0.555,mm,OK,--,7:20:10 PM,7/9/2026,
1699,32.2,gf,0.545,mm,OK,--,7:20:10 PM,7/9/2026,
1700,32.1,gf,0.545,mm,OK,--,7:20:10 PM,7/9/2026,
1701,32.1,gf,0.540,mm,OK,--,7:20:11 PM,7/9/2026,
1702,32.0,gf,0.535,mm,OK,--,7:20:11 PM,7/9/2026,
1703,31.9,gf,0.535,mm,OK,--,7:20:11 PM,7/9/2026,
1704,31.9,gf,0.525,mm,OK,--,7:20:11 PM,7/9/2026,
1705,31.9,gf,0.520,mm,OK,--,7:20:11 PM,7/9/2026,
1706,31.9,gf,0.510,mm,OK,--,7:20:11 PM,7/9/2026,
1707,31.8,gf,0.505,mm,OK,--,7:20:11 PM,7/9/2026,
1708,31.8,gf,0.500,mm,OK,--,7:20:11 PM,7/9/2026,
1709,31.8,gf,0.495,mm,OK,--,7:20:11 PM,7/9/2026,
1710,31.8,gf,0.490,mm,OK,--,7:20:11 PM,7/9/2026,
1711,31.8,gf,0.485,mm,OK,--,7:20:12 PM,7/9/2026,
1712,31.7,gf,0.480,mm,OK,--,7:20:12 PM,7/9/2026,
1713,31.7,gf,0.475,mm,OK,--,7:20:12 PM,7/9/2026,
1714,31.6,gf,0.465,mm,OK,--,7:20:12 PM,7/9/2026,
1715,31.5,gf,0.455,mm,OK,--,7:20:12 PM,7/9/2026,
1716,31.6,gf,0.450,mm,OK,--,7:20:12 PM,7/9/2026,
1717,31.5,gf,0.445,mm,OK,--,7:20:12 PM,7/9/2026,
1718,31.6,gf,0.440,mm,OK,--,7:20:12 PM,7/9/2026,
1719,31.5,gf,0.435,mm,OK,--,7:20:12 PM,7/9/2026,
1720,31.5,gf,0.430,mm,OK,--,7:20:12 PM,7/9/2026,
1721,31.6,gf,0.425,mm,OK,--,7:20:13 PM,7/9/2026,
1722,31.5,gf,0.420,mm,OK,--,7:20:13 PM,7/9/2026,
1723,31.3,gf,0.415,mm,OK,--,7:20:13 PM,7/9/2026,
1724,31.2,gf,0.405,mm,OK,--,7:20:13 PM,7/9/2026,
1725,31.5,gf,0.395,mm,OK,--,7:20:13 PM,7/9/2026,
1726,31.5,gf,0.390,mm,OK,--,7:20:13 PM,7/9/2026,
1727,31.5,gf,0.385,mm,OK,--,7:20:13 PM,7/9/2026,
1728,31.4,gf,0.385,mm,OK,--,7:20:13 PM,7/9/2026,
1729,31.3,gf,0.380,mm,OK,--,7:20:13 PM,7/9/2026,
1730,31.3,gf,0.375,mm,OK,--,7:20:13 PM,7/9/2026,
1731,31.3,gf,0.375,mm,OK,--,7:20:14 PM,7/9/2026,
1732,31.2,gf,0.370,mm,OK,--,7:20:14 PM,7/9/2026,
1733,31.3,gf,0.370,mm,OK,--,7:20:14 PM,7/9/2026,
1734,31.2,gf,0.365,mm,OK,--,7:20:14 PM,7/9/2026,
1735,31.2,gf,0.365,mm,OK,--,7:20:14 PM,7/9/2026,
1736,31.2,gf,0.360,mm,OK,--,7:20:14 PM,7/9/2026,
1737,31.3,gf,0.360,mm,OK,--,7:20:14 PM,7/9/2026,
1738,31.2,gf,0.360,mm,OK,--,7:20:14 PM,7/9/2026,
1739,31.1,gf,0.360,mm,OK,--,7:20:14 PM,7/9/2026,
1740,31.0,gf,0.355,mm,OK,--,7:20:14 PM,7/9/2026,
1741,31.1,gf,0.350,mm,OK,--,7:20:15 PM,7/9/2026,
1742,31.1,gf,0.350,mm,OK,--,7:20:15 PM,7/9/2026,
1743,31.1,gf,0.345,mm,OK,--,7:20:15 PM,7/9/2026,
1744,31.1,gf,0.340,mm,OK,--,7:20:15 PM,7/9/2026,
1745,31.2,gf,0.335,mm,OK,--,7:20:15 PM,7/9/2026,
1746,31.2,gf,0.335,mm,OK,--,7:20:15 PM,7/9/2026,
1747,31.1,gf,0.330,mm,OK,--,7:20:15 PM,7/9/2026,
1748,31.0,gf,0.330,mm,OK,--,7:20:15 PM,7/9/2026,
1749,30.9,gf,0.325,mm,OK,--,7:20:15 PM,7/9/2026,
1750,30.9,gf,0.315,mm,OK,--,7:20:15 PM,7/9/2026,
1751,30.9,gf,0.310,mm,OK,--,7:20:16 PM,7/9/2026,
1752,30.9,gf,0.310,mm,OK,--,7:20:16 PM,7/9/2026,
1753,30.9,gf,0.305,mm,OK,--,7:20:16 PM,7/9/2026,
1754,30.9,gf,0.295,mm,OK,--,7:20:16 PM,7/9/2026,
1755,30.8,gf,0.290,mm,OK,--,7:20:16 PM,7/9/2026,
1756,30.9,gf,0.285,mm,OK,--,7:20:16 PM,7/9/2026,
1757,30.7,gf,0.285,mm,OK,--,7:20:16 PM,7/9/2026,
1758,30.7,gf,0.280,mm,OK,--,7:20:16 PM,7/9/2026,
1759,30.7,gf,0.275,mm,OK,--,7:20:16 PM,7/9/2026,
1760,30.7,gf,0.270,mm,OK,--,7:20:16 PM,7/9/2026,
1761,30.6,gf,0.265,mm,OK,--,7:20:17 PM,7/9/2026,
1762,30.7,gf,0.260,mm,OK,--,7:20:17 PM,7/9/2026,
1763,30.7,gf,0.255,mm,OK,--,7:20:17 PM,7/9/2026,
1764,30.6,gf,0.250,mm,OK,--,7:20:17 PM,7/9/2026,
1765,30.7,gf,0.245,mm,OK,--,7:20:17 PM,7/9/2026,
1766,30.5,gf,0.245,mm,OK,--,7:20:17 PM,7/9/2026,
1767,30.5,gf,0.235,mm,OK,--,7:20:17 PM,7/9/2026,
1768,30.6,gf,0.230,mm,OK,--,7:20:17 PM,7/9/2026,
1769,30.5,gf,0.225,mm,OK,--,7:20:17 PM,7/9/2026,
1770,30.5,gf,0.220,mm,OK,--,7:20:17 PM,7/9/2026,
1771,30.5,gf,0.215,mm,OK,--,7:20:18 PM,7/9/2026,
1772,30.6,gf,0.210,mm,OK,--,7:20:18 PM,7/9/2026,
1773,30.5,gf,0.210,mm,OK,--,7:20:18 PM,7/9/2026,
1774,30.5,gf,0.205,mm,OK,--,7:20:18 PM,7/9/2026,
1775,30.5,gf,0.200,mm,OK,--,7:20:18 PM,7/9/2026,
1776,30.5,gf,0.200,mm,OK,--,7:20:18 PM,7/9/2026,
1777,30.5,gf,0.195,mm,OK,--,7:20:18 PM,7/9/2026,
1778,30.5,gf,0.190,mm,OK,--,7:20:18 PM,7/9/2026,
1779,30.4,gf,0.185,mm,OK,--,7:20:18 PM,7/9/2026,
1780,30.5,gf,0.180,mm,OK,--,7:20:18 PM,7/9/2026,
1781,30.5,gf,0.180,mm,OK,--,7:20:19 PM,7/9/2026,
1782,30.5,gf,0.175,mm,OK,--,7:20:19 PM,7/9/2026,
1783,30.4,gf,0.170,mm,OK,--,7:20:19 PM,7/9/2026,
1784,30.4,gf,0.165,mm,OK,--,7:20:19 PM,7/9/2026,
1785,30.4,gf,0.160,mm,OK,--,7:20:19 PM,7/9/2026,
1786,30.4,gf,0.160,mm,OK,--,7:20:19 PM,7/9/2026,
1787,30.4,gf,0.155,mm,OK,--,7:20:19 PM,7/9/2026,
1788,30.4,gf,0.150,mm,OK,--,7:20:19 PM,7/9/2026,
1789,30.5,gf,0.150,mm,OK,--,7:20:19 PM,7/9/2026,
1790,30.4,gf,0.145,mm,OK,--,7:20:19 PM,7/9/2026,
1791,30.3,gf,0.145,mm,OK,--,7:20:20 PM,7/9/2026,
1792,30.4,gf,0.140,mm,OK,--,7:20:20 PM,7/9/2026,
1793,30.4,gf,0.140,mm,OK,--,7:20:20 PM,7/9/2026,
1794,30.2,gf,0.135,mm,OK,--,7:20:20 PM,7/9/2026,
1795,30.3,gf,0.130,mm,OK,--,7:20:20 PM,7/9/2026,
1796,30.0,gf,0.130,mm,OK,--,7:20:20 PM,7/9/2026,
1797,29.9,gf,0.125,mm,OK,--,7:20:20 PM,7/9/2026,
1798,29.8,gf,0.120,mm,OK,--,7:20:20 PM,7/9/2026,
1799,29.4,gf,0.120,mm,OK,--,7:20:20 PM,7/9/2026,
1800,28.6,gf,0.115,mm,OK,--,7:20:20 PM,7/9/2026,
1801,27.0,gf,0.115,mm,OK,--,7:20:21 PM,7/9/2026,
1802,25.8,gf,0.110,mm,OK,--,7:20:21 PM,7/9/2026,
1803,25.0,gf,0.110,mm,OK,--,7:20:21 PM,7/9/2026,
1804,23.8,gf,0.110,mm,OK,--,7:20:21 PM,7/9/2026,
1805,23.0,gf,0.105,mm,OK,--,7:20:21 PM,7/9/2026,
1806,22.5,gf,0.105,mm,OK,--,7:20:21 PM,7/9/2026,
1807,21.6,gf,0.105,mm,OK,--,7:20:21 PM,7/9/2026,
1808,19.4,gf,0.100,mm,OK,--,7:20:21 PM,7/9/2026,
1809,10.2,gf,0.090,mm,OK,--,7:20:21 PM,7/9/2026,
1810,0.0,gf,0.075,mm,OK,--,7:20:21 PM,7/9/2026,
1811,0.2,gf,0.060,mm,OK,--,7:20:22 PM,7/9/2026,
1812,0.0,gf,0.045,mm,OK,--,7:20:22 PM,7/9/2026,
1813,0.1,gf,0.030,mm,OK,--,7:20:22 PM,7/9/2026,
1814,0.0,gf,0.000,mm,OK,--,7:20:22 PM,7/9/2026,
1815,0.0,gf,-0.015,mm,OK,--,7:20:22 PM,7/9/2026,
1816,0.0,gf,-0.030,mm,OK,--,7:20:22 PM,7/9/2026,
1817,0.0,gf,-0.040,mm,OK,--,7:20:22 PM,7/9/2026,
1818,0.1,gf,-0.040,mm,OK,--,7:20:22 PM,7/9/2026,
1819,-0.1,gf,-0.040,mm,OK,--,7:20:22 PM,7/9/2026,
1820,0.0,gf,-0.040,mm,OK,--,7:20:22 PM,7/9/2026,
1821,0.0,gf,-0.040,mm,OK,--,7:20:23 PM,7/9/2026,
1822,0.1,gf,-0.040,mm,OK,--,7:20:23 PM,7/9/2026,
1823,0.3,gf,-0.040,mm,OK,--,7:20:23 PM,7/9/2026,
1824,0.1,gf,-0.040,mm,OK,--,7:20:23 PM,7/9/2026,
1825,0.1,gf,-0.040,mm,OK,--,7:20:23 PM,7/9/2026,
1826,0.2,gf,-0.040,mm,OK,--,7:20:23 PM,7/9/2026,
1827,0.4,gf,-0.035,mm,OK,--,7:20:23 PM,7/9/2026,
1828,0.1,gf,-0.025,mm,OK,--,7:20:23 PM,7/9/2026,
1829,0.0,gf,-0.020,mm,OK,--,7:20:23 PM,7/9/2026,
1830,-0.2,gf,-0.015,mm,OK,--,7:20:23 PM,7/9/2026,
1831,0.0,gf,-0.005,mm,OK,--,7:20:24 PM,7/9/2026,
1832,0.0,gf,0.000,mm,OK,--,7:20:24 PM,7/9/2026,
1833,0.1,gf,0.005,mm,OK,--,7:20:24 PM,7/9/2026,
1834,0.0,gf,0.010,mm,OK,--,7:20:24 PM,7/9/2026,
1835,0.0,gf,0.015,mm,OK,--,7:20:24 PM,7/9/2026,
1836,0.1,gf,0.020,mm,OK,--,7:20:24 PM,7/9/2026,
1837,0.0,gf,0.025,mm,OK,--,7:20:24 PM,7/9/2026,
1838,0.0,gf,0.035,mm,OK,--,7:20:24 PM,7/9/2026,
1839,0.0,gf,0.040,mm,OK,--,7:20:24 PM,7/9/2026,
1840,0.0,gf,0.045,mm,OK,--,7:20:24 PM,7/9/2026,
1841,0.0,gf,0.050,mm,OK,--,7:20:25 PM,7/9/2026,
1842,0.0,gf,0.055,mm,OK,--,7:20:25 PM,7/9/2026,
