Maximum,194.1,@,No.1019,,,,,,
Minimum,-0.1,@,No.2,,,,,,
Average,48.74,,,,,,,,
Data Quantity,1853,,,,,,,,
Number of NG,0,,,,,,,,
No.,Force,Unit,Displacement,Unit,Judge,Position,Time,Date,
1,0.0,gf,0.000,mm,OK,--,8:35:05 AM,1/10/2026,
2,-0.1,gf,0.000,mm,OK,--,8:35:05 AM,1/10/2026,
3,0.0,gf,0.005,mm,OK,--,8:35:05 AM,1/10/2026,
4,0.1,gf,0.005,mm,OK,--,8:35:05 AM,1/10/2026,
5,0.0,gf,0.005,mm,OK,--,8:35:06 AM,1/10/2026,
6,0.0,gf,0.005,mm,OK,--,8:35:06 AM,1/10/2026,
7,0.0,gf,0.005,mm,OK,--,8:35:06 AM,1/10/2026,
8,0.1,gf,0.005,mm,OK,--,8:35:06 AM,1/10/2026,
9,0.0,gf,0.005,mm,OK,--,8:35:06 AM,1/10/2026,
10,0.0,gf,0.005,mm,OK,--,8:35:06 AM,1/10/2026,
11,0.0,gf,0.005,mm,OK,--,8:35:06 AM,1/10/2026,
12,0.0,gf,0.005,mm,OK,--,8:35:06 AM,1/10/2026,
13,0.0,gf,0.005,mm,OK,--,8:35:06 AM,1/10/2026,
14,0.0,gf,0.005,mm,OK,--,8:35:06 AM,1/10/2026,
15,0.0,gf,0.005,mm,OK,--,8:35:07 AM,1/10/2026,
16,0.0,gf,0.005,mm,OK,--,8:35:07 AM,1/10/2026,
17,0.0,gf,0.005,mm,OK,--,8:35:07 AM,1/10/2026,
18,0.0,gf,0.005,mm,OK,--,8:35:07 AM,1/10/2026,
19,0.0,gf,0.005,mm,OK,--,8:35:07 AM,1/10/2026,
20,0.0,gf,0.005,mm,OK,--,8:35:07 AM,1/10/2026,
21,0.0,gf,0.010,mm,OK,--,8:35:07 AM,1/10/2026,
22,0.0,gf,0.010,mm,OK,--,8:35:07 AM,1/10/2026,
23,0.0,gf,0.010,mm,OK,--,8:35:07 AM,1/10/2026,
24,0.0,gf,0.010,mm,OK,--,8:35:07 AM,1/10/2026,
25,0.0,gf,0.010,mm,OK,--,8:35:08 AM,1/10/2026,
26,0.0,gf,0.010,mm,OK,--,8:35:08 AM,1/10/2026,
27,0.0,gf,0.010,mm,OK,--,8:35:08 AM,1/10/2026,
28,0.0,gf,0.010,mm,OK,--,8:35:08 AM,1/10/2026,
29,-0.1,gf,0.015,mm,OK,--,8:35:08 AM,1/10/2026,
30,0.0,gf,0.015,mm,OK,--,8:35:08 AM,1/10/2026,
31,0.0,gf,0.015,mm,OK,--,8:35:08 AM,1/10/2026,
32,0.0,gf,0.020,mm,OK,--,8:35:08 AM,1/10/2026,
33,0.0,gf,0.020,mm,OK,--,8:35:08 AM,1/10/2026,
34,0.1,gf,0.025,mm,OK,--,8:35:08 AM,1/10/2026,
35,0.0,gf,0.030,mm,OK,--,8:35:09 AM,1/10/2026,
36,0.0,gf,0.030,mm,OK,--,8:35:09 AM,1/10/2026,
37,0.0,gf,0.035,mm,OK,--,8:35:09 AM,1/10/2026,
38,0.0,gf,0.035,mm,OK,--,8:35:09 AM,1/10/2026,
39,0.0,gf,0.035,mm,OK,--,8:35:09 AM,1/10/2026,
40,0.0,gf,0.035,mm,OK,--,8:35:09 AM,1/10/2026,
41,0.0,gf,0.040,mm,OK,--,8:35:09 AM,1/10/2026,
42,0.0,gf,0.040,mm,OK,--,8:35:09 AM,1/10/2026,
43,0.0,gf,0.040,mm,OK,--,8:35:09 AM,1/10/2026,
44,0.0,gf,0.045,mm,OK,--,8:35:09 AM,1/10/2026,
45,0.1,gf,0.045,mm,OK,--,8:35:10 AM,1/10/2026,
46,-0.1,gf,0.045,mm,OK,--,8:35:10 AM,1/10/2026,
47,0.0,gf,0.050,mm,OK,--,8:35:10 AM,1/10/2026,
48,0.0,gf,0.055,mm,OK,--,8:35:10 AM,1/10/2026,
49,0.0,gf,0.060,mm,OK,--,8:35:10 AM,1/10/2026,
50,0.0,gf,0.060,mm,OK,--,8:35:10 AM,1/10/2026,
51,0.0,gf,0.065,mm,OK,--,8:35:10 AM,1/10/2026,
52,0.0,gf,0.070,mm,OK,--,8:35:10 AM,1/10/2026,
53,0.0,gf,0.075,mm,OK,--,8:35:10 AM,1/10/2026,
54,0.0,gf,0.080,mm,OK,--,8:35:10 AM,1/10/2026,
55,0.0,gf,0.085,mm,OK,--,8:35:11 AM,1/10/2026,
56,0.0,gf,0.085,mm,OK,--,8:35:11 AM,1/10/2026,
57,0.0,gf,0.090,mm,OK,--,8:35:11 AM,1/10/2026,
58,0.0,gf,0.095,mm,OK,--,8:35:11 AM,1/10/2026,
59,0.0,gf,0.100,mm,OK,--,8:35:11 AM,1/10/2026,
60,0.0,gf,0.105,mm,OK,--,8:35:11 AM,1/10/2026,
61,0.0,gf,0.105,mm,OK,--,8:35:11 AM,1/10/2026,
62,0.0,gf,0.110,mm,OK,--,8:35:11 AM,1/10/2026,
63,0.0,gf,0.110,mm,OK,--,8:35:11 AM,1/10/2026,
64,0.0,gf,0.115,mm,OK,--,8:35:11 AM,1/10/2026,
65,0.0,gf,0.120,mm,OK,--,8:35:12 AM,1/10/2026,
66,0.0,gf,0.120,mm,OK,--,8:35:12 AM,1/10/2026,
67,0.0,gf,0.125,mm,OK,--,8:35:12 AM,1/10/2026,
68,0.0,gf,0.130,mm,OK,--,8:35:12 AM,1/10/2026,
69,0.0,gf,0.135,mm,OK,--,8:35:12 AM,1/10/2026,
70,0.0,gf,0.140,mm,OK,--,8:35:12 AM,1/10/2026,
71,0.0,gf,0.145,mm,OK,--,8:35:12 AM,1/10/2026,
72,0.0,gf,0.150,mm,OK,--,8:35:12 AM,1/10/2026,
73,0.0,gf,0.155,mm,OK,--,8:35:12 AM,1/10/2026,
74,0.0,gf,0.160,mm,OK,--,8:35:12 AM,1/10/2026,
75,0.0,gf,0.165,mm,OK,--,8:35:13 AM,1/10/2026,
76,0.0,gf,0.175,mm,OK,--,8:35:13 AM,1/10/2026,
77,0.0,gf,0.180,mm,OK,--,8:35:13 AM,1/10/2026,
78,0.0,gf,0.185,mm,OK,--,8:35:13 AM,1/10/2026,
79,0.0,gf,0.190,mm,OK,--,8:35:13 AM,1/10/2026,
80,0.0,gf,0.190,mm,OK,--,8:35:13 AM,1/10/2026,
81,0.0,gf,0.195,mm,OK,--,8:35:13 AM,1/10/2026,
82,0.0,gf,0.200,mm,OK,--,8:35:13 AM,1/10/2026,
83,0.0,gf,0.205,mm,OK,--,8:35:13 AM,1/10/2026,
84,0.0,gf,0.205,mm,OK,--,8:35:13 AM,1/10/2026,
85,0.0,gf,0.210,mm,OK,--,8:35:14 AM,1/10/2026,
86,0.0,gf,0.215,mm,OK,--,8:35:14 AM,1/10/2026,
87,0.0,gf,0.215,mm,OK,--,8:35:14 AM,1/10/2026,
88,0.0,gf,0.220,mm,OK,--,8:35:14 AM,1/10/2026,
89,0.0,gf,0.225,mm,OK,--,8:35:14 AM,1/10/2026,
90,0.0,gf,0.230,mm,OK,--,8:35:14 AM,1/10/2026,
91,0.0,gf,0.240,mm,OK,--,8:35:14 AM,1/10/2026,
92,0.0,gf,0.245,mm,OK,--,8:35:14 AM,1/10/2026,
93,0.0,gf,0.250,mm,OK,--,8:35:14 AM,1/10/2026,
94,0.0,gf,0.255,mm,OK,--,8:35:14 AM,1/10/2026,
95,0.0,gf,0.265,mm,OK,--,8:35:15 AM,1/10/2026,
96,0.0,gf,0.270,mm,OK,--,8:35:15 AM,1/10/2026,
97,0.0,gf,0.280,mm,OK,--,8:35:15 AM,1/10/2026,
98,0.0,gf,0.290,mm,OK,--,8:35:15 AM,1/10/2026,
99,0.1,gf,0.295,mm,OK,--,8:35:15 AM,1/10/2026,
100,5.7,gf,0.305,mm,OK,--,8:35:15 AM,1/10/2026,
101,11.9,gf,0.310,mm,OK,--,8:35:15 AM,1/10/2026,
102,17.0,gf,0.315,mm,OK,--,8:35:15 AM,1/10/2026,
103,21.5,gf,0.320,mm,OK,--,8:35:15 AM,1/10/2026,
104,24.7,gf,0.325,mm,OK,--,8:35:15 AM,1/10/2026,
105,26.2,gf,0.330,mm,OK,--,8:35:16 AM,1/10/2026,
106,27.5,gf,0.335,mm,OK,--,8:35:16 AM,1/10/2026,
107,28.5,gf,0.335,mm,OK,--,8:35:16 AM,1/10/2026,
108,28.7,gf,0.340,mm,OK,--,8:35:16 AM,1/10/2026,
109,29.4,gf,0.345,mm,OK,--,8:35:16 AM,1/10/2026,
110,30.5,gf,0.345,mm,OK,--,8:35:16 AM,1/10/2026,
111,31.7,gf,0.350,mm,OK,--,8:35:16 AM,1/10/2026,
112,33.3,gf,0.350,mm,OK,--,8:35:16 AM,1/10/2026,
113,33.3,gf,0.355,mm,OK,--,8:35:16 AM,1/10/2026,
114,33.0,gf,0.355,mm,OK,--,8:35:16 AM,1/10/2026,
115,33.0,gf,0.355,mm,OK,--,8:35:17 AM,1/10/2026,
116,33.0,gf,0.360,mm,OK,--,8:35:17 AM,1/10/2026,
117,33.1,gf,0.360,mm,OK,--,8:35:17 AM,1/10/2026,
118,33.1,gf,0.365,mm,OK,--,8:35:17 AM,1/10/2026,
119,33.1,gf,0.365,mm,OK,--,8:35:17 AM,1/10/2026,
120,33.1,gf,0.370,mm,OK,--,8:35:17 AM,1/10/2026,
121,33.1,gf,0.375,mm,OK,--,8:35:17 AM,1/10/2026,
122,33.0,gf,0.375,mm,OK,--,8:35:17 AM,1/10/2026,
123,33.0,gf,0.380,mm,OK,--,8:35:17 AM,1/10/2026,
124,33.0,gf,0.385,mm,OK,--,8:35:17 AM,1/10/2026,
125,32.9,gf,0.385,mm,OK,--,8:35:18 AM,1/10/2026,
126,32.9,gf,0.390,mm,OK,--,8:35:18 AM,1/10/2026,
127,32.9,gf,0.390,mm,OK,--,8:35:18 AM,1/10/2026,
128,32.9,gf,0.395,mm,OK,--,8:35:18 AM,1/10/2026,
129,32.9,gf,0.400,mm,OK,--,8:35:18 AM,1/10/2026,
130,33.0,gf,0.405,mm,OK,--,8:35:18 AM,1/10/2026,
131,33.0,gf,0.410,mm,OK,--,8:35:18 AM,1/10/2026,
132,32.9,gf,0.415,mm,OK,--,8:35:18 AM,1/10/2026,
133,32.9,gf,0.420,mm,OK,--,8:35:18 AM,1/10/2026,
134,33.0,gf,0.425,mm,OK,--,8:35:18 AM,1/10/2026,
135,33.1,gf,0.430,mm,OK,--,8:35:19 AM,1/10/2026,
136,33.1,gf,0.440,mm,OK,--,8:35:19 AM,1/10/2026,
137,33.1,gf,0.445,mm,OK,--,8:35:19 AM,1/10/2026,
138,33.2,gf,0.450,mm,OK,--,8:35:19 AM,1/10/2026,
139,33.1,gf,0.455,mm,OK,--,8:35:19 AM,1/10/2026,
140,33.1,gf,0.460,mm,OK,--,8:35:19 AM,1/10/2026,
141,33.2,gf,0.465,mm,OK,--,8:35:19 AM,1/10/2026,
142,33.2,gf,0.465,mm,OK,--,8:35:19 AM,1/10/2026,
143,33.2,gf,0.470,mm,OK,--,8:35:19 AM,1/10/2026,
144,33.3,gf,0.475,mm,OK,--,8:35:19 AM,1/10/2026,
145,33.4,gf,0.475,mm,OK,--,8:35:20 AM,1/10/2026,
146,33.4,gf,0.480,mm,OK,--,8:35:20 AM,1/10/2026,
147,33.5,gf,0.480,mm,OK,--,8:35:20 AM,1/10/2026,
148,33.5,gf,0.485,mm,OK,--,8:35:20 AM,1/10/2026,
149,33.5,gf,0.485,mm,OK,--,8:35:20 AM,1/10/2026,
150,33.5,gf,0.490,mm,OK,--,8:35:20 AM,1/10/2026,
151,33.6,gf,0.490,mm,OK,--,8:35:20 AM,1/10/2026,
152,33.6,gf,0.495,mm,OK,--,8:35:20 AM,1/10/2026,
153,33.7,gf,0.495,mm,OK,--,8:35:20 AM,1/10/2026,
154,33.7,gf,0.495,mm,OK,--,8:35:20 AM,1/10/2026,
155,33.7,gf,0.500,mm,OK,--,8:35:21 AM,1/10/2026,
156,33.7,gf,0.500,mm,OK,--,8:35:21 AM,1/10/2026,
157,33.7,gf,0.500,mm,OK,--,8:35:21 AM,1/10/2026,
158,33.7,gf,0.500,mm,OK,--,8:35:21 AM,1/10/2026,
159,33.7,gf,0.505,mm,OK,--,8:35:21 AM,1/10/2026,
160,33.7,gf,0.505,mm,OK,--,8:35:21 AM,1/10/2026,
161,33.7,gf,0.505,mm,OK,--,8:35:21 AM,1/10/2026,
162,33.8,gf,0.505,mm,OK,--,8:35:21 AM,1/10/2026,
163,33.8,gf,0.505,mm,OK,--,8:35:21 AM,1/10/2026,
164,33.8,gf,0.505,mm,OK,--,8:35:21 AM,1/10/2026,
165,33.8,gf,0.505,mm,OK,--,8:35:22 AM,1/10/2026,
166,33.8,gf,0.510,mm,OK,--,8:35:22 AM,1/10/2026,
167,33.8,gf,0.510,mm,OK,--,8:35:22 AM,1/10/2026,
168,33.8,gf,0.510,mm,OK,--,8:35:22 AM,1/10/2026,
169,33.8,gf,0.510,mm,OK,--,8:35:22 AM,1/10/2026,
170,33.8,gf,0.515,mm,OK,--,8:35:22 AM,1/10/2026,
171,33.9,gf,0.515,mm,OK,--,8:35:22 AM,1/10/2026,
172,33.8,gf,0.515,mm,OK,--,8:35:22 AM,1/10/2026,
173,33.9,gf,0.520,mm,OK,--,8:35:22 AM,1/10/2026,
174,33.9,gf,0.520,mm,OK,--,8:35:22 AM,1/10/2026,
175,33.8,gf,0.525,mm,OK,--,8:35:23 AM,1/10/2026,
176,33.8,gf,0.525,mm,OK,--,8:35:23 AM,1/10/2026,
177,33.8,gf,0.530,mm,OK,--,8:35:23 AM,1/10/2026,
178,33.8,gf,0.535,mm,OK,--,8:35:23 AM,1/10/2026,
179,33.8,gf,0.545,mm,OK,--,8:35:23 AM,1/10/2026,
180,33.9,gf,0.550,mm,OK,--,8:35:23 AM,1/10/2026,
181,33.9,gf,0.555,mm,OK,--,8:35:23 AM,1/10/2026,
182,34.0,gf,0.560,mm,OK,--,8:35:23 AM,1/10/2026,
183,34.1,gf,0.560,mm,OK,--,8:35:23 AM,1/10/2026,
184,34.2,gf,0.565,mm,OK,--,8:35:23 AM,1/10/2026,
185,34.1,gf,0.565,mm,OK,--,8:35:24 AM,1/10/2026,
186,34.2,gf,0.570,mm,OK,--,8:35:24 AM,1/10/2026,
187,34.2,gf,0.575,mm,OK,--,8:35:24 AM,1/10/2026,
188,34.1,gf,0.575,mm,OK,--,8:35:24 AM,1/10/2026,
189,34.3,gf,0.575,mm,OK,--,8:35:24 AM,1/10/2026,
190,34.3,gf,0.580,mm,OK,--,8:35:24 AM,1/10/2026,
191,34.3,gf,0.580,mm,OK,--,8:35:24 AM,1/10/2026,
192,34.4,gf,0.580,mm,OK,--,8:35:24 AM,1/10/2026,
193,34.3,gf,0.580,mm,OK,--,8:35:24 AM,1/10/2026,
194,34.3,gf,0.580,mm,OK,--,8:35:24 AM,1/10/2026,
195,34.2,gf,0.585,mm,OK,--,8:35:25 AM,1/10/2026,
196,34.2,gf,0.585,mm,OK,--,8:35:25 AM,1/10/2026,
197,34.1,gf,0.590,mm,OK,--,8:35:25 AM,1/10/2026,
198,34.2,gf,0.590,mm,OK,--,8:35:25 AM,1/10/2026,
199,34.2,gf,0.595,mm,OK,--,8:35:25 AM,1/10/2026,
200,34.2,gf,0.595,mm,OK,--,8:35:25 AM,1/10/2026,
201,34.0,gf,0.600,mm,OK,--,8:35:25 AM,1/10/2026,
202,33.8,gf,0.600,mm,OK,--,8:35:25 AM,1/10/2026,
203,33.7,gf,0.605,mm,OK,--,8:35:25 AM,1/10/2026,
204,33.7,gf,0.610,mm,OK,--,8:35:25 AM,1/10/2026,
205,33.7,gf,0.615,mm,OK,--,8:35:26 AM,1/10/2026,
206,33.7,gf,0.615,mm,OK,--,8:35:26 AM,1/10/2026,
207,33.7,gf,0.620,mm,OK,--,8:35:26 AM,1/10/2026,
208,33.7,gf,0.630,mm,OK,--,8:35:26 AM,1/10/2026,
209,33.8,gf,0.635,mm,OK,--,8:35:26 AM,1/10/2026,
210,33.8,gf,0.640,mm,OK,--,8:35:26 AM,1/10/2026,
211,33.7,gf,0.645,mm,OK,--,8:35:26 AM,1/10/2026,
212,33.7,gf,0.650,mm,OK,--,8:35:26 AM,1/10/2026,
213,33.8,gf,0.650,mm,OK,--,8:35:26 AM,1/10/2026,
214,33.8,gf,0.655,mm,OK,--,8:35:26 AM,1/10/2026,
215,33.8,gf,0.655,mm,OK,--,8:35:27 AM,1/10/2026,
216,33.8,gf,0.660,mm,OK,--,8:35:27 AM,1/10/2026,
217,33.8,gf,0.660,mm,OK,--,8:35:27 AM,1/10/2026,
218,33.9,gf,0.665,mm,OK,--,8:35:27 AM,1/10/2026,
219,33.9,gf,0.665,mm,OK,--,8:35:27 AM,1/10/2026,
220,33.9,gf,0.670,mm,OK,--,8:35:27 AM,1/10/2026,
221,33.9,gf,0.675,mm,OK,--,8:35:27 AM,1/10/2026,
222,33.9,gf,0.680,mm,OK,--,8:35:27 AM,1/10/2026,
223,33.9,gf,0.680,mm,OK,--,8:35:27 AM,1/10/2026,
224,34.0,gf,0.685,mm,OK,--,8:35:27 AM,1/10/2026,
225,34.0,gf,0.690,mm,OK,--,8:35:28 AM,1/10/2026,
226,34.1,gf,0.690,mm,OK,--,8:35:28 AM,1/10/2026,
227,34.1,gf,0.695,mm,OK,--,8:35:28 AM,1/10/2026,
228,34.1,gf,0.695,mm,OK,--,8:35:28 AM,1/10/2026,
229,34.1,gf,0.700,mm,OK,--,8:35:28 AM,1/10/2026,
230,34.1,gf,0.700,mm,OK,--,8:35:28 AM,1/10/2026,
231,34.1,gf,0.705,mm,OK,--,8:35:28 AM,1/10/2026,
232,34.0,gf,0.710,mm,OK,--,8:35:28 AM,1/10/2026,
233,34.3,gf,0.710,mm,OK,--,8:35:28 AM,1/10/2026,
234,34.3,gf,0.715,mm,OK,--,8:35:28 AM,1/10/2026,
235,34.3,gf,0.720,mm,OK,--,8:35:29 AM,1/10/2026,
236,34.3,gf,0.725,mm,OK,--,8:35:29 AM,1/10/2026,
237,34.3,gf,0.725,mm,OK,--,8:35:29 AM,1/10/2026,
238,34.3,gf,0.730,mm,OK,--,8:35:29 AM,1/10/2026,
239,34.3,gf,0.735,mm,OK,--,8:35:29 AM,1/10/2026,
240,34.4,gf,0.735,mm,OK,--,8:35:29 AM,1/10/2026,
241,34.5,gf,0.740,mm,OK,--,8:35:29 AM,1/10/2026,
242,34.5,gf,0.745,mm,OK,--,8:35:29 AM,1/10/2026,
243,34.5,gf,0.750,mm,OK,--,8:35:29 AM,1/10/2026,
244,34.5,gf,0.750,mm,OK,--,8:35:29 AM,1/10/2026,
245,34.6,gf,0.755,mm,OK,--,8:35:30 AM,1/10/2026,
246,34.5,gf,0.760,mm,OK,--,8:35:30 AM,1/10/2026,
247,34.6,gf,0.765,mm,OK,--,8:35:30 AM,1/10/2026,
248,34.6,gf,0.770,mm,OK,--,8:35:30 AM,1/10/2026,
249,34.6,gf,0.775,mm,OK,--,8:35:30 AM,1/10/2026,
250,34.6,gf,0.780,mm,OK,--,8:35:30 AM,1/10/2026,
251,34.6,gf,0.785,mm,OK,--,8:35:30 AM,1/10/2026,
252,34.7,gf,0.790,mm,OK,--,8:35:30 AM,1/10/2026,
253,34.7,gf,0.800,mm,OK,--,8:35:30 AM,1/10/2026,
254,34.7,gf,0.805,mm,OK,--,8:35:30 AM,1/10/2026,
255,34.8,gf,0.810,mm,OK,--,8:35:31 AM,1/10/2026,
256,34.8,gf,0.815,mm,OK,--,8:35:31 AM,1/10/2026,
257,34.9,gf,0.820,mm,OK,--,8:35:31 AM,1/10/2026,
258,34.8,gf,0.825,mm,OK,--,8:35:31 AM,1/10/2026,
259,34.8,gf,0.825,mm,OK,--,8:35:31 AM,1/10/2026,
260,34.7,gf,0.830,mm,OK,--,8:35:31 AM,1/10/2026,
261,34.8,gf,0.835,mm,OK,--,8:35:31 AM,1/10/2026,
262,34.9,gf,0.840,mm,OK,--,8:35:31 AM,1/10/2026,
263,34.9,gf,0.845,mm,OK,--,8:35:31 AM,1/10/2026,
264,34.9,gf,0.855,mm,OK,--,8:35:31 AM,1/10/2026,
265,35.0,gf,0.860,mm,OK,--,8:35:32 AM,1/10/2026,
266,35.1,gf,0.865,mm,OK,--,8:35:32 AM,1/10/2026,
267,35.1,gf,0.870,mm,OK,--,8:35:32 AM,1/10/2026,
268,35.1,gf,0.875,mm,OK,--,8:35:32 AM,1/10/2026,
269,35.1,gf,0.880,mm,OK,--,8:35:32 AM,1/10/2026,
270,35.2,gf,0.890,mm,OK,--,8:35:32 AM,1/10/2026,
271,35.3,gf,0.890,mm,OK,--,8:35:32 AM,1/10/2026,
272,35.4,gf,0.895,mm,OK,--,8:35:32 AM,1/10/2026,
273,35.4,gf,0.900,mm,OK,--,8:35:32 AM,1/10/2026,
274,35.4,gf,0.900,mm,OK,--,8:35:32 AM,1/10/2026,
275,35.5,gf,0.900,mm,OK,--,8:35:33 AM,1/10/2026,
276,35.4,gf,0.905,mm,OK,--,8:35:33 AM,1/10/2026,
277,35.4,gf,0.910,mm,OK,--,8:35:33 AM,1/10/2026,
278,35.5,gf,0.910,mm,OK,--,8:35:33 AM,1/10/2026,
279,35.5,gf,0.915,mm,OK,--,8:35:33 AM,1/10/2026,
280,35.5,gf,0.915,mm,OK,--,8:35:33 AM,1/10/2026,
281,35.4,gf,0.920,mm,OK,--,8:35:33 AM,1/10/2026,
282,35.5,gf,0.920,mm,OK,--,8:35:33 AM,1/10/2026,
283,35.5,gf,0.925,mm,OK,--,8:35:33 AM,1/10/2026,
284,35.4,gf,0.930,mm,OK,--,8:35:33 AM,1/10/2026,
285,35.5,gf,0.935,mm,OK,--,8:35:34 AM,1/10/2026,
286,35.5,gf,0.940,mm,OK,--,8:35:34 AM,1/10/2026,
287,35.4,gf,0.945,mm,OK,--,8:35:34 AM,1/10/2026,
288,35.4,gf,0.950,mm,OK,--,8:35:34 AM,1/10/2026,
289,35.5,gf,0.955,mm,OK,--,8:35:34 AM,1/10/2026,
290,35.5,gf,0.955,mm,OK,--,8:35:34 AM,1/10/2026,
291,35.6,gf,0.960,mm,OK,--,8:35:34 AM,1/10/2026,
292,35.6,gf,0.960,mm,OK,--,8:35:34 AM,1/10/2026,
293,35.6,gf,0.965,mm,OK,--,8:35:34 AM,1/10/2026,
294,35.6,gf,0.970,mm,OK,--,8:35:34 AM,1/10/2026,
295,35.6,gf,0.970,mm,OK,--,8:35:35 AM,1/10/2026,
296,35.7,gf,0.975,mm,OK,--,8:35:35 AM,1/10/2026,
297,35.5,gf,0.985,mm,OK,--,8:35:35 AM,1/10/2026,
298,35.6,gf,0.995,mm,OK,--,8:35:35 AM,1/10/2026,
299,35.7,gf,1.000,mm,OK,--,8:35:35 AM,1/10/2026,
300,35.7,gf,1.005,mm,OK,--,8:35:35 AM,1/10/2026,
301,35.8,gf,1.010,mm,OK,--,8:35:35 AM,1/10/2026,
302,35.8,gf,1.015,mm,OK,--,8:35:35 AM,1/10/2026,
303,35.8,gf,1.020,mm,OK,--,8:35:35 AM,1/10/2026,
304,35.8,gf,1.025,mm,OK,--,8:35:35 AM,1/10/2026,
305,35.8,gf,1.035,mm,OK,--,8:35:36 AM,1/10/2026,
306,35.8,gf,1.040,mm,OK,--,8:35:36 AM,1/10/2026,
307,35.9,gf,1.045,mm,OK,--,8:35:36 AM,1/10/2026,
308,35.9,gf,1.050,mm,OK,--,8:35:36 AM,1/10/2026,
309,35.8,gf,1.055,mm,OK,--,8:35:36 AM,1/10/2026,
310,35.8,gf,1.060,mm,OK,--,8:35:36 AM,1/10/2026,
311,35.8,gf,1.065,mm,OK,--,8:35:36 AM,1/10/2026,
312,35.9,gf,1.070,mm,OK,--,8:35:36 AM,1/10/2026,
313,36.0,gf,1.070,mm,OK,--,8:35:36 AM,1/10/2026,
314,36.0,gf,1.075,mm,OK,--,8:35:36 AM,1/10/2026,
315,36.1,gf,1.080,mm,OK,--,8:35:37 AM,1/10/2026,
316,36.2,gf,1.080,mm,OK,--,8:35:37 AM,1/10/2026,
317,36.2,gf,1.080,mm,OK,--,8:35:37 AM,1/10/2026,
318,36.2,gf,1.085,mm,OK,--,8:35:37 AM,1/10/2026,
319,36.1,gf,1.085,mm,OK,--,8:35:37 AM,1/10/2026,
320,36.1,gf,1.090,mm,OK,--,8:35:37 AM,1/10/2026,
321,36.1,gf,1.095,mm,OK,--,8:35:37 AM,1/10/2026,
322,36.0,gf,1.100,mm,OK,--,8:35:37 AM,1/10/2026,
323,36.1,gf,1.105,mm,OK,--,8:35:37 AM,1/10/2026,
324,36.1,gf,1.115,mm,OK,--,8:35:37 AM,1/10/2026,
325,36.2,gf,1.120,mm,OK,--,8:35:38 AM,1/10/2026,
326,36.3,gf,1.125,mm,OK,--,8:35:38 AM,1/10/2026,
327,36.4,gf,1.130,mm,OK,--,8:35:38 AM,1/10/2026,
328,36.3,gf,1.135,mm,OK,--,8:35:38 AM,1/10/2026,
329,36.3,gf,1.140,mm,OK,--,8:35:38 AM,1/10/2026,
330,36.2,gf,1.145,mm,OK,--,8:35:38 AM,1/10/2026,
331,36.4,gf,1.145,mm,OK,--,8:35:38 AM,1/10/2026,
332,36.4,gf,1.150,mm,OK,--,8:35:38 AM,1/10/2026,
333,36.4,gf,1.150,mm,OK,--,8:35:38 AM,1/10/2026,
334,36.3,gf,1.155,mm,OK,--,8:35:38 AM,1/10/2026,
335,36.3,gf,1.160,mm,OK,--,8:35:39 AM,1/10/2026,
336,36.4,gf,1.160,mm,OK,--,8:35:39 AM,1/10/2026,
337,36.4,gf,1.160,mm,OK,--,8:35:39 AM,1/10/2026,
338,36.3,gf,1.165,mm,OK,--,8:35:39 AM,1/10/2026,
339,36.3,gf,1.165,mm,OK,--,8:35:39 AM,1/10/2026,
340,36.4,gf,1.170,mm,OK,--,8:35:39 AM,1/10/2026,
341,36.5,gf,1.175,mm,OK,--,8:35:39 AM,1/10/2026,
342,36.5,gf,1.175,mm,OK,--,8:35:39 AM,1/10/2026,
343,36.5,gf,1.180,mm,OK,--,8:35:39 AM,1/10/2026,
344,36.5,gf,1.180,mm,OK,--,8:35:39 AM,1/10/2026,
345,36.5,gf,1.185,mm,OK,--,8:35:40 AM,1/10/2026,
346,36.4,gf,1.190,mm,OK,--,8:35:40 AM,1/10/2026,
347,36.5,gf,1.190,mm,OK,--,8:35:40 AM,1/10/2026,
348,36.5,gf,1.195,mm,OK,--,8:35:40 AM,1/10/2026,
349,36.5,gf,1.200,mm,OK,--,8:35:40 AM,1/10/2026,
350,36.4,gf,1.205,mm,OK,--,8:35:40 AM,1/10/2026,
351,36.4,gf,1.210,mm,OK,--,8:35:40 AM,1/10/2026,
352,36.4,gf,1.215,mm,OK,--,8:35:40 AM,1/10/2026,
353,36.4,gf,1.215,mm,OK,--,8:35:40 AM,1/10/2026,
354,36.4,gf,1.220,mm,OK,--,8:35:40 AM,1/10/2026,
355,36.4,gf,1.225,mm,OK,--,8:35:41 AM,1/10/2026,
356,36.4,gf,1.225,mm,OK,--,8:35:41 AM,1/10/2026,
357,36.5,gf,1.230,mm,OK,--,8:35:41 AM,1/10/2026,
358,36.5,gf,1.235,mm,OK,--,8:35:41 AM,1/10/2026,
359,36.5,gf,1.245,mm,OK,--,8:35:41 AM,1/10/2026,
360,36.4,gf,1.255,mm,OK,--,8:35:41 AM,1/10/2026,
361,36.5,gf,1.265,mm,OK,--,8:35:41 AM,1/10/2026,
362,36.5,gf,1.275,mm,OK,--,8:35:41 AM,1/10/2026,
363,36.6,gf,1.280,mm,OK,--,8:35:41 AM,1/10/2026,
364,36.6,gf,1.285,mm,OK,--,8:35:41 AM,1/10/2026,
365,36.7,gf,1.290,mm,OK,--,8:35:42 AM,1/10/2026,
366,36.6,gf,1.295,mm,OK,--,8:35:42 AM,1/10/2026,
367,36.8,gf,1.300,mm,OK,--,8:35:42 AM,1/10/2026,
368,36.8,gf,1.305,mm,OK,--,8:35:42 AM,1/10/2026,
369,36.8,gf,1.305,mm,OK,--,8:35:42 AM,1/10/2026,
370,36.8,gf,1.310,mm,OK,--,8:35:42 AM,1/10/2026,
371,36.9,gf,1.310,mm,OK,--,8:35:42 AM,1/10/2026,
372,36.8,gf,1.310,mm,OK,--,8:35:42 AM,1/10/2026,
373,36.8,gf,1.315,mm,OK,--,8:35:42 AM,1/10/2026,
374,36.8,gf,1.320,mm,OK,--,8:35:42 AM,1/10/2026,
375,36.7,gf,1.320,mm,OK,--,8:35:43 AM,1/10/2026,
376,36.8,gf,1.325,mm,OK,--,8:35:43 AM,1/10/2026,
377,36.8,gf,1.325,mm,OK,--,8:35:43 AM,1/10/2026,
378,36.9,gf,1.330,mm,OK,--,8:35:43 AM,1/10/2026,
379,36.9,gf,1.335,mm,OK,--,8:35:43 AM,1/10/2026,
380,36.8,gf,1.335,mm,OK,--,8:35:43 AM,1/10/2026,
381,36.9,gf,1.340,mm,OK,--,8:35:43 AM,1/10/2026,
382,36.9,gf,1.345,mm,OK,--,8:35:43 AM,1/10/2026,
383,37.0,gf,1.345,mm,OK,--,8:35:43 AM,1/10/2026,
384,37.0,gf,1.350,mm,OK,--,8:35:43 AM,1/10/2026,
385,37.0,gf,1.350,mm,OK,--,8:35:44 AM,1/10/2026,
386,37.0,gf,1.355,mm,OK,--,8:35:44 AM,1/10/2026,
387,37.0,gf,1.355,mm,OK,--,8:35:44 AM,1/10/2026,
388,37.0,gf,1.360,mm,OK,--,8:35:44 AM,1/10/2026,
389,37.0,gf,1.360,mm,OK,--,8:35:44 AM,1/10/2026,
390,37.1,gf,1.360,mm,OK,--,8:35:44 AM,1/10/2026,
391,37.1,gf,1.365,mm,OK,--,8:35:44 AM,1/10/2026,
392,37.1,gf,1.365,mm,OK,--,8:35:44 AM,1/10/2026,
393,36.9,gf,1.370,mm,OK,--,8:35:44 AM,1/10/2026,
394,36.9,gf,1.375,mm,OK,--,8:35:44 AM,1/10/2026,
395,36.9,gf,1.380,mm,OK,--,8:35:45 AM,1/10/2026,
396,37.0,gf,1.385,mm,OK,--,8:35:45 AM,1/10/2026,
397,37.0,gf,1.385,mm,OK,--,8:35:45 AM,1/10/2026,
398,37.0,gf,1.390,mm,OK,--,8:35:45 AM,1/10/2026,
399,37.0,gf,1.395,mm,OK,--,8:35:45 AM,1/10/2026,
400,36.9,gf,1.400,mm,OK,--,8:35:45 AM,1/10/2026,
401,37.0,gf,1.405,mm,OK,--,8:35:45 AM,1/10/2026,
402,36.9,gf,1.405,mm,OK,--,8:35:45 AM,1/10/2026,
403,37.0,gf,1.410,mm,OK,--,8:35:45 AM,1/10/2026,
404,37.1,gf,1.415,mm,OK,--,8:35:45 AM,1/10/2026,
405,37.1,gf,1.415,mm,OK,--,8:35:46 AM,1/10/2026,
406,36.9,gf,1.420,mm,OK,--,8:35:46 AM,1/10/2026,
407,37.0,gf,1.425,mm,OK,--,8:35:46 AM,1/10/2026,
408,37.1,gf,1.425,mm,OK,--,8:35:46 AM,1/10/2026,
409,37.2,gf,1.430,mm,OK,--,8:35:46 AM,1/10/2026,
410,37.3,gf,1.435,mm,OK,--,8:35:46 AM,1/10/2026,
411,37.2,gf,1.440,mm,OK,--,8:35:46 AM,1/10/2026,
412,37.2,gf,1.445,mm,OK,--,8:35:46 AM,1/10/2026,
413,37.3,gf,1.450,mm,OK,--,8:35:46 AM,1/10/2026,
414,37.4,gf,1.450,mm,OK,--,8:35:46 AM,1/10/2026,
415,37.3,gf,1.455,mm,OK,--,8:35:47 AM,1/10/2026,
416,37.4,gf,1.460,mm,OK,--,8:35:47 AM,1/10/2026,
417,37.3,gf,1.460,mm,OK,--,8:35:47 AM,1/10/2026,
418,37.3,gf,1.465,mm,OK,--,8:35:47 AM,1/10/2026,
419,37.3,gf,1.465,mm,OK,--,8:35:47 AM,1/10/2026,
420,37.3,gf,1.470,mm,OK,--,8:35:47 AM,1/10/2026,
421,37.2,gf,1.475,mm,OK,--,8:35:47 AM,1/10/2026,
422,37.2,gf,1.480,mm,OK,--,8:35:47 AM,1/10/2026,
423,37.3,gf,1.485,mm,OK,--,8:35:47 AM,1/10/2026,
424,37.4,gf,1.485,mm,OK,--,8:35:47 AM,1/10/2026,
425,37.4,gf,1.490,mm,OK,--,8:35:48 AM,1/10/2026,
426,37.4,gf,1.495,mm,OK,--,8:35:48 AM,1/10/2026,
427,37.6,gf,1.505,mm,OK,--,8:35:48 AM,1/10/2026,
428,37.5,gf,1.510,mm,OK,--,8:35:48 AM,1/10/2026,
429,37.6,gf,1.515,mm,OK,--,8:35:48 AM,1/10/2026,
430,37.6,gf,1.520,mm,OK,--,8:35:48 AM,1/10/2026,
431,37.6,gf,1.520,mm,OK,--,8:35:48 AM,1/10/2026,
432,37.6,gf,1.525,mm,OK,--,8:35:48 AM,1/10/2026,
433,37.5,gf,1.530,mm,OK,--,8:35:48 AM,1/10/2026,
434,37.6,gf,1.535,mm,OK,--,8:35:48 AM,1/10/2026,
435,37.6,gf,1.540,mm,OK,--,8:35:49 AM,1/10/2026,
436,37.7,gf,1.545,mm,OK,--,8:35:49 AM,1/10/2026,
437,37.6,gf,1.550,mm,OK,--,8:35:49 AM,1/10/2026,
438,37.6,gf,1.550,mm,OK,--,8:35:49 AM,1/10/2026,
439,37.6,gf,1.555,mm,OK,--,8:35:49 AM,1/10/2026,
440,37.6,gf,1.560,mm,OK,--,8:35:49 AM,1/10/2026,
441,37.8,gf,1.560,mm,OK,--,8:35:49 AM,1/10/2026,
442,37.6,gf,1.565,mm,OK,--,8:35:49 AM,1/10/2026,
443,37.5,gf,1.565,mm,OK,--,8:35:49 AM,1/10/2026,
444,37.5,gf,1.570,mm,OK,--,8:35:49 AM,1/10/2026,
445,37.7,gf,1.570,mm,OK,--,8:35:50 AM,1/10/2026,
446,37.7,gf,1.575,mm,OK,--,8:35:50 AM,1/10/2026,
447,37.8,gf,1.575,mm,OK,--,8:35:50 AM,1/10/2026,
448,37.7,gf,1.580,mm,OK,--,8:35:50 AM,1/10/2026,
449,37.8,gf,1.580,mm,OK,--,8:35:50 AM,1/10/2026,
450,37.8,gf,1.580,mm,OK,--,8:35:50 AM,1/10/2026,
451,37.7,gf,1.585,mm,OK,--,8:35:50 AM,1/10/2026,
452,37.8,gf,1.585,mm,OK,--,8:35:50 AM,1/10/2026,
453,37.7,gf,1.590,mm,OK,--,8:35:50 AM,1/10/2026,
454,37.8,gf,1.590,mm,OK,--,8:35:50 AM,1/10/2026,
455,37.7,gf,1.595,mm,OK,--,8:35:51 AM,1/10/2026,
456,37.5,gf,1.600,mm,OK,--,8:35:51 AM,1/10/2026,
457,37.6,gf,1.610,mm,OK,--,8:35:51 AM,1/10/2026,
458,37.7,gf,1.620,mm,OK,--,8:35:51 AM,1/10/2026,
459,37.7,gf,1.625,mm,OK,--,8:35:51 AM,1/10/2026,
460,37.7,gf,1.630,mm,OK,--,8:35:51 AM,1/10/2026,
461,37.7,gf,1.635,mm,OK,--,8:35:51 AM,1/10/2026,
462,37.8,gf,1.640,mm,OK,--,8:35:51 AM,1/10/2026,
463,37.6,gf,1.640,mm,OK,--,8:35:51 AM,1/10/2026,
464,37.7,gf,1.645,mm,OK,--,8:35:51 AM,1/10/2026,
465,37.7,gf,1.650,mm,OK,--,8:35:52 AM,1/10/2026,
466,37.7,gf,1.655,mm,OK,--,8:35:52 AM,1/10/2026,
467,37.7,gf,1.655,mm,OK,--,8:35:52 AM,1/10/2026,
468,37.8,gf,1.660,mm,OK,--,8:35:52 AM,1/10/2026,
469,37.8,gf,1.665,mm,OK,--,8:35:52 AM,1/10/2026,
470,37.8,gf,1.675,mm,OK,--,8:35:52 AM,1/10/2026,
471,37.8,gf,1.680,mm,OK,--,8:35:52 AM,1/10/2026,
472,37.8,gf,1.685,mm,OK,--,8:35:52 AM,1/10/2026,
473,37.8,gf,1.690,mm,OK,--,8:35:52 AM,1/10/2026,
474,37.8,gf,1.695,mm,OK,--,8:35:52 AM,1/10/2026,
475,37.8,gf,1.700,mm,OK,--,8:35:53 AM,1/10/2026,
476,37.9,gf,1.705,mm,OK,--,8:35:53 AM,1/10/2026,
477,37.9,gf,1.710,mm,OK,--,8:35:53 AM,1/10/2026,
478,37.9,gf,1.715,mm,OK,--,8:35:53 AM,1/10/2026,
479,37.7,gf,1.720,mm,OK,--,8:35:53 AM,1/10/2026,
480,37.8,gf,1.725,mm,OK,--,8:35:53 AM,1/10/2026,
481,37.8,gf,1.730,mm,OK,--,8:35:53 AM,1/10/2026,
482,37.8,gf,1.740,mm,OK,--,8:35:53 AM,1/10/2026,
483,37.9,gf,1.745,mm,OK,--,8:35:53 AM,1/10/2026,
484,38.0,gf,1.750,mm,OK,--,8:35:53 AM,1/10/2026,
485,37.9,gf,1.755,mm,OK,--,8:35:54 AM,1/10/2026,
486,37.9,gf,1.755,mm,OK,--,8:35:54 AM,1/10/2026,
487,37.9,gf,1.760,mm,OK,--,8:35:54 AM,1/10/2026,
488,38.0,gf,1.765,mm,OK,--,8:35:54 AM,1/10/2026,
489,38.0,gf,1.770,mm,OK,--,8:35:54 AM,1/10/2026,
490,37.8,gf,1.770,mm,OK,--,8:35:54 AM,1/10/2026,
491,37.8,gf,1.775,mm,OK,--,8:35:54 AM,1/10/2026,
492,37.8,gf,1.775,mm,OK,--,8:35:54 AM,1/10/2026,
493,37.8,gf,1.780,mm,OK,--,8:35:54 AM,1/10/2026,
494,37.9,gf,1.780,mm,OK,--,8:35:54 AM,1/10/2026,
495,37.9,gf,1.785,mm,OK,--,8:35:55 AM,1/10/2026,
496,37.9,gf,1.790,mm,OK,--,8:35:55 AM,1/10/2026,
497,38.0,gf,1.790,mm,OK,--,8:35:55 AM,1/10/2026,
498,38.0,gf,1.790,mm,OK,--,8:35:55 AM,1/10/2026,
499,38.1,gf,1.795,mm,OK,--,8:35:55 AM,1/10/2026,
500,38.0,gf,1.795,mm,OK,--,8:35:55 AM,1/10/2026,
501,37.8,gf,1.800,mm,OK,--,8:35:55 AM,1/10/2026,
502,37.8,gf,1.805,mm,OK,--,8:35:55 AM,1/10/2026,
503,37.9,gf,1.810,mm,OK,--,8:35:55 AM,1/10/2026,
504,37.8,gf,1.815,mm,OK,--,8:35:55 AM,1/10/2026,
505,37.9,gf,1.820,mm,OK,--,8:35:56 AM,1/10/2026,
506,37.9,gf,1.825,mm,OK,--,8:35:56 AM,1/10/2026,
507,37.9,gf,1.830,mm,OK,--,8:35:56 AM,1/10/2026,
508,37.9,gf,1.840,mm,OK,--,8:35:56 AM,1/10/2026,
509,37.9,gf,1.850,mm,OK,--,8:35:56 AM,1/10/2026,
510,37.8,gf,1.860,mm,OK,--,8:35:56 AM,1/10/2026,
511,37.8,gf,1.865,mm,OK,--,8:35:56 AM,1/10/2026,
512,37.8,gf,1.870,mm,OK,--,8:35:56 AM,1/10/2026,
513,37.9,gf,1.875,mm,OK,--,8:35:56 AM,1/10/2026,
514,37.9,gf,1.880,mm,OK,--,8:35:56 AM,1/10/2026,
515,37.9,gf,1.885,mm,OK,--,8:35:57 AM,1/10/2026,
516,38.0,gf,1.885,mm,OK,--,8:35:57 AM,1/10/2026,
517,38.0,gf,1.885,mm,OK,--,8:35:57 AM,1/10/2026,
518,38.0,gf,1.890,mm,OK,--,8:35:57 AM,1/10/2026,
519,38.0,gf,1.895,mm,OK,--,8:35:57 AM,1/10/2026,
520,38.0,gf,1.895,mm,OK,--,8:35:57 AM,1/10/2026,
521,38.0,gf,1.900,mm,OK,--,8:35:57 AM,1/10/2026,
522,38.0,gf,1.905,mm,OK,--,8:35:57 AM,1/10/2026,
523,38.0,gf,1.910,mm,OK,--,8:35:57 AM,1/10/2026,
524,37.9,gf,1.915,mm,OK,--,8:35:57 AM,1/10/2026,
525,37.9,gf,1.925,mm,OK,--,8:35:58 AM,1/10/2026,
526,37.9,gf,1.930,mm,OK,--,8:35:58 AM,1/10/2026,
527,37.8,gf,1.935,mm,OK,--,8:35:58 AM,1/10/2026,
528,37.8,gf,1.940,mm,OK,--,8:35:58 AM,1/10/2026,
529,37.8,gf,1.945,mm,OK,--,8:35:58 AM,1/10/2026,
530,37.8,gf,1.950,mm,OK,--,8:35:58 AM,1/10/2026,
531,37.8,gf,1.960,mm,OK,--,8:35:58 AM,1/10/2026,
532,37.8,gf,1.965,mm,OK,--,8:35:58 AM,1/10/2026,
533,37.7,gf,1.975,mm,OK,--,8:35:58 AM,1/10/2026,
534,37.7,gf,1.985,mm,OK,--,8:35:58 AM,1/10/2026,
535,37.7,gf,1.990,mm,OK,--,8:35:59 AM,1/10/2026,
536,37.7,gf,1.995,mm,OK,--,8:35:59 AM,1/10/2026,
537,37.8,gf,1.995,mm,OK,--,8:35:59 AM,1/10/2026,
538,37.9,gf,2.000,mm,OK,--,8:35:59 AM,1/10/2026,
539,38.0,gf,2.005,mm,OK,--,8:35:59 AM,1/10/2026,
540,38.0,gf,2.010,mm,OK,--,8:35:59 AM,1/10/2026,
541,38.1,gf,2.010,mm,OK,--,8:35:59 AM,1/10/2026,
542,38.0,gf,2.015,mm,OK,--,8:35:59 AM,1/10/2026,
543,38.0,gf,2.020,mm,OK,--,8:35:59 AM,1/10/2026,
544,38.0,gf,2.025,mm,OK,--,8:35:59 AM,1/10/2026,
545,38.1,gf,2.030,mm,OK,--,8:36:00 AM,1/10/2026,
546,38.1,gf,2.035,mm,OK,--,8:36:00 AM,1/10/2026,
547,38.1,gf,2.040,mm,OK,--,8:36:00 AM,1/10/2026,
548,38.1,gf,2.040,mm,OK,--,8:36:00 AM,1/10/2026,
549,38.2,gf,2.045,mm,OK,--,8:36:00 AM,1/10/2026,
550,38.3,gf,2.050,mm,OK,--,8:36:00 AM,1/10/2026,
551,38.3,gf,2.060,mm,OK,--,8:36:00 AM,1/10/2026,
552,38.3,gf,2.065,mm,OK,--,8:36:00 AM,1/10/2026,
553,38.5,gf,2.075,mm,OK,--,8:36:00 AM,1/10/2026,
554,38.5,gf,2.080,mm,OK,--,8:36:00 AM,1/10/2026,
555,38.6,gf,2.090,mm,OK,--,8:36:01 AM,1/10/2026,
556,38.6,gf,2.095,mm,OK,--,8:36:01 AM,1/10/2026,
557,38.7,gf,2.105,mm,OK,--,8:36:01 AM,1/10/2026,
558,38.8,gf,2.110,mm,OK,--,8:36:01 AM,1/10/2026,
559,38.8,gf,2.115,mm,OK,--,8:36:01 AM,1/10/2026,
560,38.9,gf,2.120,mm,OK,--,8:36:01 AM,1/10/2026,
561,39.1,gf,2.125,mm,OK,--,8:36:01 AM,1/10/2026,
562,39.2,gf,2.135,mm,OK,--,8:36:01 AM,1/10/2026,
563,39.4,gf,2.140,mm,OK,--,8:36:01 AM,1/10/2026,
564,39.6,gf,2.145,mm,OK,--,8:36:01 AM,1/10/2026,
565,39.7,gf,2.155,mm,OK,--,8:36:02 AM,1/10/2026,
566,39.7,gf,2.155,mm,OK,--,8:36:02 AM,1/10/2026,
567,39.7,gf,2.160,mm,OK,--,8:36:02 AM,1/10/2026,
568,39.7,gf,2.165,mm,OK,--,8:36:02 AM,1/10/2026,
569,39.7,gf,2.170,mm,OK,--,8:36:02 AM,1/10/2026,
570,39.7,gf,2.170,mm,OK,--,8:36:02 AM,1/10/2026,
571,39.8,gf,2.175,mm,OK,--,8:36:02 AM,1/10/2026,
572,39.8,gf,2.180,mm,OK,--,8:36:02 AM,1/10/2026,
573,39.8,gf,2.180,mm,OK,--,8:36:02 AM,1/10/2026,
574,39.8,gf,2.185,mm,OK,--,8:36:02 AM,1/10/2026,
575,39.9,gf,2.185,mm,OK,--,8:36:03 AM,1/10/2026,
576,39.8,gf,2.190,mm,OK,--,8:36:03 AM,1/10/2026,
577,39.9,gf,2.190,mm,OK,--,8:36:03 AM,1/10/2026,
578,39.9,gf,2.200,mm,OK,--,8:36:03 AM,1/10/2026,
579,39.9,gf,2.210,mm,OK,--,8:36:03 AM,1/10/2026,
580,39.9,gf,2.215,mm,OK,--,8:36:03 AM,1/10/2026,
581,40.0,gf,2.220,mm,OK,--,8:36:03 AM,1/10/2026,
582,40.0,gf,2.220,mm,OK,--,8:36:03 AM,1/10/2026,
583,40.0,gf,2.225,mm,OK,--,8:36:03 AM,1/10/2026,
584,40.0,gf,2.225,mm,OK,--,8:36:03 AM,1/10/2026,
585,40.0,gf,2.230,mm,OK,--,8:36:04 AM,1/10/2026,
586,40.0,gf,2.230,mm,OK,--,8:36:04 AM,1/10/2026,
587,40.0,gf,2.230,mm,OK,--,8:36:04 AM,1/10/2026,
588,40.0,gf,2.230,mm,OK,--,8:36:04 AM,1/10/2026,
589,40.0,gf,2.235,mm,OK,--,8:36:04 AM,1/10/2026,
590,40.0,gf,2.235,mm,OK,--,8:36:04 AM,1/10/2026,
591,40.0,gf,2.235,mm,OK,--,8:36:04 AM,1/10/2026,
592,40.0,gf,2.235,mm,OK,--,8:36:04 AM,1/10/2026,
593,40.0,gf,2.235,mm,OK,--,8:36:04 AM,1/10/2026,
594,40.0,gf,2.235,mm,OK,--,8:36:04 AM,1/10/2026,
595,40.0,gf,2.235,mm,OK,--,8:36:05 AM,1/10/2026,
596,40.0,gf,2.240,mm,OK,--,8:36:05 AM,1/10/2026,
597,40.0,gf,2.240,mm,OK,--,8:36:05 AM,1/10/2026,
598,40.0,gf,2.240,mm,OK,--,8:36:05 AM,1/10/2026,
599,40.0,gf,2.240,mm,OK,--,8:36:05 AM,1/10/2026,
600,40.0,gf,2.240,mm,OK,--,8:36:05 AM,1/10/2026,
601,40.0,gf,2.240,mm,OK,--,8:36:05 AM,1/10/2026,
602,40.1,gf,2.240,mm,OK,--,8:36:05 AM,1/10/2026,
603,40.1,gf,2.245,mm,OK,--,8:36:05 AM,1/10/2026,
604,40.1,gf,2.245,mm,OK,--,8:36:05 AM,1/10/2026,
605,40.1,gf,2.245,mm,OK,--,8:36:06 AM,1/10/2026,
606,40.1,gf,2.245,mm,OK,--,8:36:06 AM,1/10/2026,
607,40.1,gf,2.245,mm,OK,--,8:36:06 AM,1/10/2026,
608,40.1,gf,2.250,mm,OK,--,8:36:06 AM,1/10/2026,
609,40.1,gf,2.250,mm,OK,--,8:36:06 AM,1/10/2026,
610,40.1,gf,2.250,mm,OK,--,8:36:06 AM,1/10/2026,
611,40.1,gf,2.250,mm,OK,--,8:36:06 AM,1/10/2026,
612,40.1,gf,2.255,mm,OK,--,8:36:06 AM,1/10/2026,
613,40.1,gf,2.255,mm,OK,--,8:36:06 AM,1/10/2026,
614,40.1,gf,2.255,mm,OK,--,8:36:06 AM,1/10/2026,
615,40.1,gf,2.255,mm,OK,--,8:36:07 AM,1/10/2026,
616,40.1,gf,2.260,mm,OK,--,8:36:07 AM,1/10/2026,
617,40.1,gf,2.260,mm,OK,--,8:36:07 AM,1/10/2026,
618,40.1,gf,2.260,mm,OK,--,8:36:07 AM,1/10/2026,
619,40.1,gf,2.265,mm,OK,--,8:36:07 AM,1/10/2026,
620,40.1,gf,2.265,mm,OK,--,8:36:07 AM,1/10/2026,
621,40.1,gf,2.270,mm,OK,--,8:36:07 AM,1/10/2026,
622,40.1,gf,2.270,mm,OK,--,8:36:07 AM,1/10/2026,
623,40.1,gf,2.275,mm,OK,--,8:36:07 AM,1/10/2026,
624,40.1,gf,2.275,mm,OK,--,8:36:07 AM,1/10/2026,
625,40.1,gf,2.280,mm,OK,--,8:36:08 AM,1/10/2026,
626,40.1,gf,2.280,mm,OK,--,8:36:08 AM,1/10/2026,
627,40.2,gf,2.285,mm,OK,--,8:36:08 AM,1/10/2026,
628,40.2,gf,2.295,mm,OK,--,8:36:08 AM,1/10/2026,
629,40.2,gf,2.300,mm,OK,--,8:36:08 AM,1/10/2026,
630,40.2,gf,2.305,mm,OK,--,8:36:08 AM,1/10/2026,
631,40.3,gf,2.310,mm,OK,--,8:36:08 AM,1/10/2026,
632,40.3,gf,2.320,mm,OK,--,8:36:08 AM,1/10/2026,
633,40.3,gf,2.325,mm,OK,--,8:36:08 AM,1/10/2026,
634,40.4,gf,2.330,mm,OK,--,8:36:08 AM,1/10/2026,
635,40.4,gf,2.335,mm,OK,--,8:36:09 AM,1/10/2026,
636,40.4,gf,2.340,mm,OK,--,8:36:09 AM,1/10/2026,
637,40.4,gf,2.345,mm,OK,--,8:36:09 AM,1/10/2026,
638,40.4,gf,2.350,mm,OK,--,8:36:09 AM,1/10/2026,
639,40.4,gf,2.355,mm,OK,--,8:36:09 AM,1/10/2026,
640,40.5,gf,2.360,mm,OK,--,8:36:09 AM,1/10/2026,
641,40.5,gf,2.365,mm,OK,--,8:36:09 AM,1/10/2026,
642,40.5,gf,2.370,mm,OK,--,8:36:09 AM,1/10/2026,
643,40.5,gf,2.370,mm,OK,--,8:36:09 AM,1/10/2026,
644,40.5,gf,2.375,mm,OK,--,8:36:09 AM,1/10/2026,
645,40.6,gf,2.380,mm,OK,--,8:36:10 AM,1/10/2026,
646,40.6,gf,2.385,mm,OK,--,8:36:10 AM,1/10/2026,
647,40.6,gf,2.390,mm,OK,--,8:36:10 AM,1/10/2026,
648,40.6,gf,2.395,mm,OK,--,8:36:10 AM,1/10/2026,
649,40.7,gf,2.400,mm,OK,--,8:36:10 AM,1/10/2026,
650,40.8,gf,2.410,mm,OK,--,8:36:10 AM,1/10/2026,
651,40.7,gf,2.415,mm,OK,--,8:36:10 AM,1/10/2026,
652,40.8,gf,2.425,mm,OK,--,8:36:10 AM,1/10/2026,
653,40.8,gf,2.430,mm,OK,--,8:36:10 AM,1/10/2026,
654,40.8,gf,2.435,mm,OK,--,8:36:10 AM,1/10/2026,
655,40.8,gf,2.440,mm,OK,--,8:36:11 AM,1/10/2026,
656,40.8,gf,2.440,mm,OK,--,8:36:11 AM,1/10/2026,
657,40.8,gf,2.445,mm,OK,--,8:36:11 AM,1/10/2026,
658,40.8,gf,2.450,mm,OK,--,8:36:11 AM,1/10/2026,
659,40.8,gf,2.455,mm,OK,--,8:36:11 AM,1/10/2026,
660,40.8,gf,2.455,mm,OK,--,8:36:11 AM,1/10/2026,
661,40.8,gf,2.460,mm,OK,--,8:36:11 AM,1/10/2026,
662,40.9,gf,2.465,mm,OK,--,8:36:11 AM,1/10/2026,
663,40.9,gf,2.465,mm,OK,--,8:36:11 AM,1/10/2026,
664,40.9,gf,2.470,mm,OK,--,8:36:11 AM,1/10/2026,
665,40.9,gf,2.475,mm,OK,--,8:36:12 AM,1/10/2026,
666,40.9,gf,2.480,mm,OK,--,8:36:12 AM,1/10/2026,
667,40.9,gf,2.485,mm,OK,--,8:36:12 AM,1/10/2026,
668,40.9,gf,2.490,mm,OK,--,8:36:12 AM,1/10/2026,
669,40.9,gf,2.495,mm,OK,--,8:36:12 AM,1/10/2026,
670,41.0,gf,2.500,mm,OK,--,8:36:12 AM,1/10/2026,
671,41.0,gf,2.505,mm,OK,--,8:36:12 AM,1/10/2026,
672,41.1,gf,2.510,mm,OK,--,8:36:12 AM,1/10/2026,
673,41.1,gf,2.520,mm,OK,--,8:36:12 AM,1/10/2026,
674,41.1,gf,2.530,mm,OK,--,8:36:12 AM,1/10/2026,
675,41.1,gf,2.540,mm,OK,--,8:36:13 AM,1/10/2026,
676,41.2,gf,2.545,mm,OK,--,8:36:13 AM,1/10/2026,
677,41.3,gf,2.550,mm,OK,--,8:36:13 AM,1/10/2026,
678,41.3,gf,2.560,mm,OK,--,8:36:13 AM,1/10/2026,
679,41.3,gf,2.565,mm,OK,--,8:36:13 AM,1/10/2026,
680,41.3,gf,2.570,mm,OK,--,8:36:13 AM,1/10/2026,
681,41.3,gf,2.575,mm,OK,--,8:36:13 AM,1/10/2026,
682,41.3,gf,2.580,mm,OK,--,8:36:13 AM,1/10/2026,
683,41.3,gf,2.585,mm,OK,--,8:36:13 AM,1/10/2026,
684,41.3,gf,2.590,mm,OK,--,8:36:13 AM,1/10/2026,
685,41.3,gf,2.590,mm,OK,--,8:36:14 AM,1/10/2026,
686,41.3,gf,2.595,mm,OK,--,8:36:14 AM,1/10/2026,
687,41.3,gf,2.595,mm,OK,--,8:36:14 AM,1/10/2026,
688,41.4,gf,2.600,mm,OK,--,8:36:14 AM,1/10/2026,
689,41.4,gf,2.600,mm,OK,--,8:36:14 AM,1/10/2026,
690,41.5,gf,2.605,mm,OK,--,8:36:14 AM,1/10/2026,
691,41.5,gf,2.610,mm,OK,--,8:36:14 AM,1/10/2026,
692,41.4,gf,2.615,mm,OK,--,8:36:14 AM,1/10/2026,
693,41.4,gf,2.615,mm,OK,--,8:36:14 AM,1/10/2026,
694,41.4,gf,2.615,mm,OK,--,8:36:14 AM,1/10/2026,
695,41.5,gf,2.620,mm,OK,--,8:36:15 AM,1/10/2026,
696,41.5,gf,2.625,mm,OK,--,8:36:15 AM,1/10/2026,
697,41.5,gf,2.635,mm,OK,--,8:36:15 AM,1/10/2026,
698,41.5,gf,2.635,mm,OK,--,8:36:15 AM,1/10/2026,
699,41.5,gf,2.640,mm,OK,--,8:36:15 AM,1/10/2026,
700,41.6,gf,2.640,mm,OK,--,8:36:15 AM,1/10/2026,
701,41.6,gf,2.645,mm,OK,--,8:36:15 AM,1/10/2026,
702,41.6,gf,2.645,mm,OK,--,8:36:15 AM,1/10/2026,
703,41.6,gf,2.650,mm,OK,--,8:36:15 AM,1/10/2026,
704,41.6,gf,2.655,mm,OK,--,8:36:15 AM,1/10/2026,
705,41.6,gf,2.665,mm,OK,--,8:36:16 AM,1/10/2026,
706,41.6,gf,2.665,mm,OK,--,8:36:16 AM,1/10/2026,
707,41.7,gf,2.670,mm,OK,--,8:36:16 AM,1/10/2026,
708,41.7,gf,2.675,mm,OK,--,8:36:16 AM,1/10/2026,
709,41.7,gf,2.680,mm,OK,--,8:36:16 AM,1/10/2026,
710,41.7,gf,2.685,mm,OK,--,8:36:16 AM,1/10/2026,
711,41.7,gf,2.690,mm,OK,--,8:36:16 AM,1/10/2026,
712,41.7,gf,2.695,mm,OK,--,8:36:16 AM,1/10/2026,
713,41.7,gf,2.695,mm,OK,--,8:36:16 AM,1/10/2026,
714,41.8,gf,2.700,mm,OK,--,8:36:16 AM,1/10/2026,
715,41.7,gf,2.710,mm,OK,--,8:36:17 AM,1/10/2026,
716,41.8,gf,2.715,mm,OK,--,8:36:17 AM,1/10/2026,
717,41.8,gf,2.720,mm,OK,--,8:36:17 AM,1/10/2026,
718,41.9,gf,2.725,mm,OK,--,8:36:17 AM,1/10/2026,
719,41.9,gf,2.730,mm,OK,--,8:36:17 AM,1/10/2026,
720,41.9,gf,2.735,mm,OK,--,8:36:17 AM,1/10/2026,
721,41.9,gf,2.740,mm,OK,--,8:36:17 AM,1/10/2026,
722,41.9,gf,2.740,mm,OK,--,8:36:17 AM,1/10/2026,
723,41.9,gf,2.745,mm,OK,--,8:36:17 AM,1/10/2026,
724,41.9,gf,2.745,mm,OK,--,8:36:17 AM,1/10/2026,
725,41.9,gf,2.750,mm,OK,--,8:36:18 AM,1/10/2026,
726,41.9,gf,2.755,mm,OK,--,8:36:18 AM,1/10/2026,
727,41.9,gf,2.760,mm,OK,--,8:36:18 AM,1/10/2026,
728,42.0,gf,2.765,mm,OK,--,8:36:18 AM,1/10/2026,
729,42.0,gf,2.765,mm,OK,--,8:36:18 AM,1/10/2026,
730,42.0,gf,2.770,mm,OK,--,8:36:18 AM,1/10/2026,
731,42.0,gf,2.775,mm,OK,--,8:36:18 AM,1/10/2026,
732,42.0,gf,2.775,mm,OK,--,8:36:18 AM,1/10/2026,
733,42.0,gf,2.780,mm,OK,--,8:36:18 AM,1/10/2026,
734,42.0,gf,2.785,mm,OK,--,8:36:18 AM,1/10/2026,
735,42.0,gf,2.790,mm,OK,--,8:36:19 AM,1/10/2026,
736,42.0,gf,2.790,mm,OK,--,8:36:19 AM,1/10/2026,
737,42.1,gf,2.795,mm,OK,--,8:36:19 AM,1/10/2026,
738,42.1,gf,2.800,mm,OK,--,8:36:19 AM,1/10/2026,
739,42.1,gf,2.805,mm,OK,--,8:36:19 AM,1/10/2026,
740,42.1,gf,2.805,mm,OK,--,8:36:19 AM,1/10/2026,
741,42.1,gf,2.810,mm,OK,--,8:36:19 AM,1/10/2026,
742,42.2,gf,2.815,mm,OK,--,8:36:19 AM,1/10/2026,
743,42.2,gf,2.820,mm,OK,--,8:36:19 AM,1/10/2026,
744,42.2,gf,2.820,mm,OK,--,8:36:19 AM,1/10/2026,
745,42.2,gf,2.825,mm,OK,--,8:36:20 AM,1/10/2026,
746,42.2,gf,2.830,mm,OK,--,8:36:20 AM,1/10/2026,
747,42.2,gf,2.835,mm,OK,--,8:36:20 AM,1/10/2026,
748,42.2,gf,2.835,mm,OK,--,8:36:20 AM,1/10/2026,
749,42.2,gf,2.840,mm,OK,--,8:36:20 AM,1/10/2026,
750,42.2,gf,2.845,mm,OK,--,8:36:20 AM,1/10/2026,
751,42.2,gf,2.845,mm,OK,--,8:36:20 AM,1/10/2026,
752,42.3,gf,2.850,mm,OK,--,8:36:20 AM,1/10/2026,
753,42.3,gf,2.860,mm,OK,--,8:36:20 AM,1/10/2026,
754,42.3,gf,2.865,mm,OK,--,8:36:20 AM,1/10/2026,
755,42.4,gf,2.865,mm,OK,--,8:36:21 AM,1/10/2026,
756,42.4,gf,2.870,mm,OK,--,8:36:21 AM,1/10/2026,
757,42.4,gf,2.870,mm,OK,--,8:36:21 AM,1/10/2026,
758,42.4,gf,2.875,mm,OK,--,8:36:21 AM,1/10/2026,
759,42.4,gf,2.875,mm,OK,--,8:36:21 AM,1/10/2026,
760,42.4,gf,2.880,mm,OK,--,8:36:21 AM,1/10/2026,
761,42.4,gf,2.880,mm,OK,--,8:36:21 AM,1/10/2026,
762,42.4,gf,2.885,mm,OK,--,8:36:21 AM,1/10/2026,
763,42.4,gf,2.885,mm,OK,--,8:36:21 AM,1/10/2026,
764,42.4,gf,2.885,mm,OK,--,8:36:21 AM,1/10/2026,
765,42.4,gf,2.890,mm,OK,--,8:36:22 AM,1/10/2026,
766,42.4,gf,2.890,mm,OK,--,8:36:22 AM,1/10/2026,
767,42.4,gf,2.890,mm,OK,--,8:36:22 AM,1/10/2026,
768,42.4,gf,2.890,mm,OK,--,8:36:22 AM,1/10/2026,
769,42.4,gf,2.895,mm,OK,--,8:36:22 AM,1/10/2026,
770,42.5,gf,2.895,mm,OK,--,8:36:22 AM,1/10/2026,
771,42.5,gf,2.895,mm,OK,--,8:36:22 AM,1/10/2026,
772,42.5,gf,2.900,mm,OK,--,8:36:22 AM,1/10/2026,
773,42.5,gf,2.905,mm,OK,--,8:36:22 AM,1/10/2026,
774,42.5,gf,2.910,mm,OK,--,8:36:22 AM,1/10/2026,
775,42.5,gf,2.915,mm,OK,--,8:36:23 AM,1/10/2026,
776,42.5,gf,2.920,mm,OK,--,8:36:23 AM,1/10/2026,
777,42.5,gf,2.925,mm,OK,--,8:36:23 AM,1/10/2026,
778,42.6,gf,2.930,mm,OK,--,8:36:23 AM,1/10/2026,
779,42.7,gf,2.940,mm,OK,--,8:36:23 AM,1/10/2026,
780,42.7,gf,2.945,mm,OK,--,8:36:23 AM,1/10/2026,
781,42.7,gf,2.955,mm,OK,--,8:36:23 AM,1/10/2026,
782,42.8,gf,2.965,mm,OK,--,8:36:23 AM,1/10/2026,
783,42.8,gf,2.975,mm,OK,--,8:36:23 AM,1/10/2026,
784,42.9,gf,2.985,mm,OK,--,8:36:23 AM,1/10/2026,
785,42.9,gf,2.995,mm,OK,--,8:36:24 AM,1/10/2026,
786,42.9,gf,3.005,mm,OK,--,8:36:24 AM,1/10/2026,
787,43.0,gf,3.020,mm,OK,--,8:36:24 AM,1/10/2026,
788,43.0,gf,3.030,mm,OK,--,8:36:24 AM,1/10/2026,
789,43.0,gf,3.040,mm,OK,--,8:36:24 AM,1/10/2026,
790,43.0,gf,3.050,mm,OK,--,8:36:24 AM,1/10/2026,
791,43.1,gf,3.060,mm,OK,--,8:36:24 AM,1/10/2026,
792,43.2,gf,3.070,mm,OK,--,8:36:24 AM,1/10/2026,
793,43.1,gf,3.080,mm,OK,--,8:36:24 AM,1/10/2026,
794,43.2,gf,3.085,mm,OK,--,8:36:24 AM,1/10/2026,
795,43.3,gf,3.095,mm,OK,--,8:36:25 AM,1/10/2026,
796,43.3,gf,3.105,mm,OK,--,8:36:25 AM,1/10/2026,
797,43.3,gf,3.115,mm,OK,--,8:36:25 AM,1/10/2026,
798,43.4,gf,3.125,mm,OK,--,8:36:25 AM,1/10/2026,
799,43.4,gf,3.135,mm,OK,--,8:36:25 AM,1/10/2026,
800,43.5,gf,3.145,mm,OK,--,8:36:25 AM,1/10/2026,
801,43.5,gf,3.155,mm,OK,--,8:36:25 AM,1/10/2026,
802,43.5,gf,3.160,mm,OK,--,8:36:25 AM,1/10/2026,
803,43.5,gf,3.165,mm,OK,--,8:36:25 AM,1/10/2026,
804,43.6,gf,3.175,mm,OK,--,8:36:25 AM,1/10/2026,
805,43.5,gf,3.180,mm,OK,--,8:36:26 AM,1/10/2026,
806,43.5,gf,3.185,mm,OK,--,8:36:26 AM,1/10/2026,
807,43.6,gf,3.185,mm,OK,--,8:36:26 AM,1/10/2026,
808,43.6,gf,3.190,mm,OK,--,8:36:26 AM,1/10/2026,
809,43.6,gf,3.195,mm,OK,--,8:36:26 AM,1/10/2026,
810,43.6,gf,3.195,mm,OK,--,8:36:26 AM,1/10/2026,
811,43.6,gf,3.200,mm,OK,--,8:36:26 AM,1/10/2026,
812,43.6,gf,3.200,mm,OK,--,8:36:26 AM,1/10/2026,
813,43.6,gf,3.205,mm,OK,--,8:36:26 AM,1/10/2026,
814,43.6,gf,3.210,mm,OK,--,8:36:26 AM,1/10/2026,
815,43.6,gf,3.215,mm,OK,--,8:36:27 AM,1/10/2026,
816,43.7,gf,3.220,mm,OK,--,8:36:27 AM,1/10/2026,
817,43.7,gf,3.220,mm,OK,--,8:36:27 AM,1/10/2026,
818,43.7,gf,3.225,mm,OK,--,8:36:27 AM,1/10/2026,
819,43.7,gf,3.230,mm,OK,--,8:36:27 AM,1/10/2026,
820,43.7,gf,3.230,mm,OK,--,8:36:27 AM,1/10/2026,
821,43.7,gf,3.235,mm,OK,--,8:36:27 AM,1/10/2026,
822,43.8,gf,3.240,mm,OK,--,8:36:27 AM,1/10/2026,
823,43.7,gf,3.245,mm,OK,--,8:36:27 AM,1/10/2026,
824,43.8,gf,3.250,mm,OK,--,8:36:27 AM,1/10/2026,
825,43.8,gf,3.255,mm,OK,--,8:36:28 AM,1/10/2026,
826,43.9,gf,3.265,mm,OK,--,8:36:28 AM,1/10/2026,
827,43.8,gf,3.270,mm,OK,--,8:36:28 AM,1/10/2026,
828,43.8,gf,3.275,mm,OK,--,8:36:28 AM,1/10/2026,
829,43.8,gf,3.280,mm,OK,--,8:36:28 AM,1/10/2026,
830,43.9,gf,3.285,mm,OK,--,8:36:28 AM,1/10/2026,
831,43.9,gf,3.295,mm,OK,--,8:36:28 AM,1/10/2026,
832,43.9,gf,3.300,mm,OK,--,8:36:28 AM,1/10/2026,
833,43.9,gf,3.310,mm,OK,--,8:36:28 AM,1/10/2026,
834,43.9,gf,3.315,mm,OK,--,8:36:28 AM,1/10/2026,
835,44.0,gf,3.320,mm,OK,--,8:36:29 AM,1/10/2026,
836,44.0,gf,3.325,mm,OK,--,8:36:29 AM,1/10/2026,
837,44.0,gf,3.335,mm,OK,--,8:36:29 AM,1/10/2026,
838,44.1,gf,3.340,mm,OK,--,8:36:29 AM,1/10/2026,
839,44.1,gf,3.345,mm,OK,--,8:36:29 AM,1/10/2026,
840,44.1,gf,3.350,mm,OK,--,8:36:29 AM,1/10/2026,
841,44.1,gf,3.355,mm,OK,--,8:36:29 AM,1/10/2026,
842,44.1,gf,3.360,mm,OK,--,8:36:29 AM,1/10/2026,
843,44.1,gf,3.365,mm,OK,--,8:36:29 AM,1/10/2026,
844,44.1,gf,3.370,mm,OK,--,8:36:29 AM,1/10/2026,
845,44.1,gf,3.375,mm,OK,--,8:36:30 AM,1/10/2026,
846,44.2,gf,3.380,mm,OK,--,8:36:30 AM,1/10/2026,
847,44.2,gf,3.390,mm,OK,--,8:36:30 AM,1/10/2026,
848,44.2,gf,3.395,mm,OK,--,8:36:30 AM,1/10/2026,
849,44.2,gf,3.400,mm,OK,--,8:36:30 AM,1/10/2026,
850,44.3,gf,3.400,mm,OK,--,8:36:30 AM,1/10/2026,
851,44.3,gf,3.405,mm,OK,--,8:36:30 AM,1/10/2026,
852,44.3,gf,3.410,mm,OK,--,8:36:30 AM,1/10/2026,
853,44.3,gf,3.415,mm,OK,--,8:36:30 AM,1/10/2026,
854,44.4,gf,3.415,mm,OK,--,8:36:30 AM,1/10/2026,
855,44.3,gf,3.420,mm,OK,--,8:36:31 AM,1/10/2026,
856,44.3,gf,3.425,mm,OK,--,8:36:31 AM,1/10/2026,
857,44.3,gf,3.425,mm,OK,--,8:36:31 AM,1/10/2026,
858,44.3,gf,3.430,mm,OK,--,8:36:31 AM,1/10/2026,
859,44.3,gf,3.430,mm,OK,--,8:36:31 AM,1/10/2026,
860,44.4,gf,3.435,mm,OK,--,8:36:31 AM,1/10/2026,
861,44.4,gf,3.435,mm,OK,--,8:36:31 AM,1/10/2026,
862,44.4,gf,3.440,mm,OK,--,8:36:31 AM,1/10/2026,
863,44.4,gf,3.440,mm,OK,--,8:36:31 AM,1/10/2026,
864,44.4,gf,3.445,mm,OK,--,8:36:31 AM,1/10/2026,
865,44.4,gf,3.445,mm,OK,--,8:36:32 AM,1/10/2026,
866,44.4,gf,3.450,mm,OK,--,8:36:32 AM,1/10/2026,
867,44.4,gf,3.450,mm,OK,--,8:36:32 AM,1/10/2026,
868,45.4,gf,3.455,mm,OK,--,8:36:32 AM,1/10/2026,
869,46.8,gf,3.455,mm,OK,--,8:36:32 AM,1/10/2026,
870,48.2,gf,3.455,mm,OK,--,8:36:32 AM,1/10/2026,
871,49.6,gf,3.460,mm,OK,--,8:36:32 AM,1/10/2026,
872,51.1,gf,3.460,mm,OK,--,8:36:32 AM,1/10/2026,
873,52.5,gf,3.460,mm,OK,--,8:36:32 AM,1/10/2026,
874,54.1,gf,3.460,mm,OK,--,8:36:32 AM,1/10/2026,
875,56.1,gf,3.465,mm,OK,--,8:36:33 AM,1/10/2026,
876,58.0,gf,3.465,mm,OK,--,8:36:33 AM,1/10/2026,
877,59.7,gf,3.470,mm,OK,--,8:36:33 AM,1/10/2026,
878,61.4,gf,3.470,mm,OK,--,8:36:33 AM,1/10/2026,
879,63.0,gf,3.470,mm,OK,--,8:36:33 AM,1/10/2026,
880,64.3,gf,3.475,mm,OK,--,8:36:33 AM,1/10/2026,
881,65.3,gf,3.475,mm,OK,--,8:36:33 AM,1/10/2026,
882,66.3,gf,3.475,mm,OK,--,8:36:33 AM,1/10/2026,
883,67.1,gf,3.475,mm,OK,--,8:36:33 AM,1/10/2026,
884,68.0,gf,3.475,mm,OK,--,8:36:34 AM,1/10/2026,
885,68.9,gf,3.475,mm,OK,--,8:36:34 AM,1/10/2026,
886,69.8,gf,3.480,mm,OK,--,8:36:34 AM,1/10/2026,
887,70.6,gf,3.480,mm,OK,--,8:36:34 AM,1/10/2026,
888,71.7,gf,3.480,mm,OK,--,8:36:34 AM,1/10/2026,
889,72.8,gf,3.480,mm,OK,--,8:36:34 AM,1/10/2026,
890,73.6,gf,3.480,mm,OK,--,8:36:34 AM,1/10/2026,
891,74.3,gf,3.485,mm,OK,--,8:36:34 AM,1/10/2026,
892,75.4,gf,3.485,mm,OK,--,8:36:34 AM,1/10/2026,
893,76.7,gf,3.485,mm,OK,--,8:36:34 AM,1/10/2026,
894,78.3,gf,3.485,mm,OK,--,8:36:34 AM,1/10/2026,
895,79.6,gf,3.490,mm,OK,--,8:36:35 AM,1/10/2026,
896,80.9,gf,3.490,mm,OK,--,8:36:35 AM,1/10/2026,
897,82.2,gf,3.490,mm,OK,--,8:36:35 AM,1/10/2026,
898,83.4,gf,3.490,mm,OK,--,8:36:35 AM,1/10/2026,
899,84.5,gf,3.495,mm,OK,--,8:36:35 AM,1/10/2026,
900,85.6,gf,3.495,mm,OK,--,8:36:35 AM,1/10/2026,
901,86.5,gf,3.495,mm,OK,--,8:36:35 AM,1/10/2026,
902,87.5,gf,3.495,mm,OK,--,8:36:35 AM,1/10/2026,
903,88.4,gf,3.495,mm,OK,--,8:36:35 AM,1/10/2026,
904,89.4,gf,3.500,mm,OK,--,8:36:35 AM,1/10/2026,
905,90.5,gf,3.500,mm,OK,--,8:36:36 AM,1/10/2026,
906,91.6,gf,3.500,mm,OK,--,8:36:36 AM,1/10/2026,
907,92.7,gf,3.500,mm,OK,--,8:36:36 AM,1/10/2026,
908,93.7,gf,3.500,mm,OK,--,8:36:36 AM,1/10/2026,
909,94.6,gf,3.505,mm,OK,--,8:36:36 AM,1/10/2026,
910,95.5,gf,3.505,mm,OK,--,8:36:36 AM,1/10/2026,
911,96.3,gf,3.505,mm,OK,--,8:36:36 AM,1/10/2026,
912,97.0,gf,3.505,mm,OK,--,8:36:36 AM,1/10/2026,
913,97.6,gf,3.505,mm,OK,--,8:36:36 AM,1/10/2026,
914,98.4,gf,3.505,mm,OK,--,8:36:36 AM,1/10/2026,
915,99.2,gf,3.510,mm,OK,--,8:36:37 AM,1/10/2026,
916,99.9,gf,3.510,mm,OK,--,8:36:37 AM,1/10/2026,
917,100.7,gf,3.510,mm,OK,--,8:36:37 AM,1/10/2026,
918,101.4,gf,3.510,mm,OK,--,8:36:37 AM,1/10/2026,
919,102.0,gf,3.510,mm,OK,--,8:36:37 AM,1/10/2026,
920,102.7,gf,3.510,mm,OK,--,8:36:37 AM,1/10/2026,
921,103.2,gf,3.515,mm,OK,--,8:36:37 AM,1/10/2026,
922,103.7,gf,3.515,mm,OK,--,8:36:37 AM,1/10/2026,
923,104.2,gf,3.515,mm,OK,--,8:36:37 AM,1/10/2026,
924,105.0,gf,3.515,mm,OK,--,8:36:37 AM,1/10/2026,
925,105.7,gf,3.515,mm,OK,--,8:36:38 AM,1/10/2026,
926,106.5,gf,3.515,mm,OK,--,8:36:38 AM,1/10/2026,
927,107.2,gf,3.515,mm,OK,--,8:36:38 AM,1/10/2026,
928,108.1,gf,3.515,mm,OK,--,8:36:38 AM,1/10/2026,
929,108.9,gf,3.520,mm,OK,--,8:36:38 AM,1/10/2026,
930,109.8,gf,3.520,mm,OK,--,8:36:38 AM,1/10/2026,
931,110.6,gf,3.520,mm,OK,--,8:36:38 AM,1/10/2026,
932,111.4,gf,3.520,mm,OK,--,8:36:38 AM,1/10/2026,
933,112.4,gf,3.520,mm,OK,--,8:36:38 AM,1/10/2026,
934,113.1,gf,3.525,mm,OK,--,8:36:38 AM,1/10/2026,
935,114.0,gf,3.525,mm,OK,--,8:36:39 AM,1/10/2026,
936,114.8,gf,3.525,mm,OK,--,8:36:39 AM,1/10/2026,
937,115.7,gf,3.525,mm,OK,--,8:36:39 AM,1/10/2026,
938,116.5,gf,3.525,mm,OK,--,8:36:39 AM,1/10/2026,
939,117.2,gf,3.525,mm,OK,--,8:36:39 AM,1/10/2026,
940,117.9,gf,3.530,mm,OK,--,8:36:39 AM,1/10/2026,
941,118.6,gf,3.530,mm,OK,--,8:36:39 AM,1/10/2026,
942,119.4,gf,3.530,mm,OK,--,8:36:39 AM,1/10/2026,
943,120.0,gf,3.530,mm,OK,--,8:36:39 AM,1/10/2026,
944,120.8,gf,3.530,mm,OK,--,8:36:39 AM,1/10/2026,
945,121.5,gf,3.530,mm,OK,--,8:36:40 AM,1/10/2026,
946,122.2,gf,3.530,mm,OK,--,8:36:40 AM,1/10/2026,
947,123.0,gf,3.535,mm,OK,--,8:36:40 AM,1/10/2026,
948,123.7,gf,3.535,mm,OK,--,8:36:40 AM,1/10/2026,
949,124.3,gf,3.535,mm,OK,--,8:36:40 AM,1/10/2026,
950,125.0,gf,3.535,mm,OK,--,8:36:40 AM,1/10/2026,
951,125.6,gf,3.535,mm,OK,--,8:36:40 AM,1/10/2026,
952,126.3,gf,3.535,mm,OK,--,8:36:40 AM,1/10/2026,
953,127.1,gf,3.535,mm,OK,--,8:36:40 AM,1/10/2026,
954,128.1,gf,3.540,mm,OK,--,8:36:40 AM,1/10/2026,
955,129.2,gf,3.540,mm,OK,--,8:36:41 AM,1/10/2026,
956,130.3,gf,3.540,mm,OK,--,8:36:41 AM,1/10/2026,
957,131.3,gf,3.540,mm,OK,--,8:36:41 AM,1/10/2026,
958,132.2,gf,3.540,mm,OK,--,8:36:41 AM,1/10/2026,
959,133.1,gf,3.545,mm,OK,--,8:36:41 AM,1/10/2026,
960,133.9,gf,3.545,mm,OK,--,8:36:41 AM,1/10/2026,
961,134.6,gf,3.545,mm,OK,--,8:36:41 AM,1/10/2026,
962,135.1,gf,3.545,mm,OK,--,8:36:41 AM,1/10/2026,
963,135.6,gf,3.545,mm,OK,--,8:36:41 AM,1/10/2026,
964,136.1,gf,3.545,mm,OK,--,8:36:41 AM,1/10/2026,
965,136.6,gf,3.545,mm,OK,--,8:36:42 AM,1/10/2026,
966,137.4,gf,3.545,mm,OK,--,8:36:42 AM,1/10/2026,
967,138.1,gf,3.550,mm,OK,--,8:36:42 AM,1/10/2026,
968,139.0,gf,3.550,mm,OK,--,8:36:42 AM,1/10/2026,
969,139.9,gf,3.550,mm,OK,--,8:36:42 AM,1/10/2026,
970,140.6,gf,3.550,mm,OK,--,8:36:42 AM,1/10/2026,
971,141.4,gf,3.550,mm,OK,--,8:36:42 AM,1/10/2026,
972,142.2,gf,3.550,mm,OK,--,8:36:42 AM,1/10/2026,
973,142.9,gf,3.555,mm,OK,--,8:36:42 AM,1/10/2026,
974,143.8,gf,3.555,mm,OK,--,8:36:42 AM,1/10/2026,
975,144.6,gf,3.555,mm,OK,--,8:36:43 AM,1/10/2026,
976,145.6,gf,3.555,mm,OK,--,8:36:43 AM,1/10/2026,
977,146.7,gf,3.555,mm,OK,--,8:36:43 AM,1/10/2026,
978,147.8,gf,3.555,mm,OK,--,8:36:43 AM,1/10/2026,
979,149.1,gf,3.560,mm,OK,--,8:36:43 AM,1/10/2026,
980,150.3,gf,3.560,mm,OK,--,8:36:43 AM,1/10/2026,
981,151.7,gf,3.560,mm,OK,--,8:36:43 AM,1/10/2026,
982,153.1,gf,3.560,mm,OK,--,8:36:43 AM,1/10/2026,
983,154.3,gf,3.565,mm,OK,--,8:36:43 AM,1/10/2026,
984,155.5,gf,3.565,mm,OK,--,8:36:43 AM,1/10/2026,
985,156.9,gf,3.565,mm,OK,--,8:36:44 AM,1/10/2026,
986,158.4,gf,3.565,mm,OK,--,8:36:44 AM,1/10/2026,
987,159.9,gf,3.570,mm,OK,--,8:36:44 AM,1/10/2026,
988,161.2,gf,3.570,mm,OK,--,8:36:44 AM,1/10/2026,
989,162.3,gf,3.570,mm,OK,--,8:36:44 AM,1/10/2026,
990,163.3,gf,3.570,mm,OK,--,8:36:44 AM,1/10/2026,
991,164.2,gf,3.575,mm,OK,--,8:36:44 AM,1/10/2026,
992,165.2,gf,3.575,mm,OK,--,8:36:44 AM,1/10/2026,
993,166.4,gf,3.575,mm,OK,--,8:36:44 AM,1/10/2026,
994,167.7,gf,3.575,mm,OK,--,8:36:44 AM,1/10/2026,
995,169.0,gf,3.580,mm,OK,--,8:36:45 AM,1/10/2026,
996,170.3,gf,3.580,mm,OK,--,8:36:45 AM,1/10/2026,
997,171.6,gf,3.580,mm,OK,--,8:36:45 AM,1/10/2026,
998,172.9,gf,3.580,mm,OK,--,8:36:45 AM,1/10/2026,
999,174.1,gf,3.580,mm,OK,--,8:36:45 AM,1/10/2026,
1000,175.1,gf,3.585,mm,OK,--,8:36:45 AM,1/10/2026,
1001,176.2,gf,3.585,mm,OK,--,8:36:45 AM,1/10/2026,
1002,177.3,gf,3.585,mm,OK,--,8:36:45 AM,1/10/2026,
1003,178.3,gf,3.585,mm,OK,--,8:36:45 AM,1/10/2026,
1004,179.3,gf,3.590,mm,OK,--,8:36:45 AM,1/10/2026,
1005,180.2,gf,3.590,mm,OK,--,8:36:46 AM,1/10/2026,
1006,181.2,gf,3.590,mm,OK,--,8:36:46 AM,1/10/2026,
1007,182.2,gf,3.590,mm,OK,--,8:36:46 AM,1/10/2026,
1008,183.3,gf,3.590,mm,OK,--,8:36:46 AM,1/10/2026,
1009,184.4,gf,3.595,mm,OK,--,8:36:46 AM,1/10/2026,
1010,185.6,gf,3.595,mm,OK,--,8:36:46 AM,1/10/2026,
1011,186.8,gf,3.595,mm,OK,--,8:36:46 AM,1/10/2026,
1012,188.1,gf,3.595,mm,OK,--,8:36:46 AM,1/10/2026,
1013,189.2,gf,3.600,mm,OK,--,8:36:46 AM,1/10/2026,
1014,190.5,gf,3.600,mm,OK,--,8:36:46 AM,1/10/2026,
1015,191.9,gf,3.600,mm,OK,--,8:36:47 AM,1/10/2026,
1016,192.8,gf,3.600,mm,OK,--,8:36:47 AM,1/10/2026,
1017,193.3,gf,3.600,mm,OK,--,8:36:47 AM,1/10/2026,
1018,193.9,gf,3.600,mm,OK,--,8:36:47 AM,1/10/2026,
1019,194.1,gf,3.605,mm,OK,--,8:36:47 AM,1/10/2026,
1020,194.0,gf,3.605,mm,OK,--,8:36:47 AM,1/10/2026,
1021,194.0,gf,3.605,mm,OK,--,8:36:47 AM,1/10/2026,
1022,193.8,gf,3.605,mm,OK,--,8:36:47 AM,1/10/2026,
1023,193.9,gf,3.605,mm,OK,--,8:36:47 AM,1/10/2026,
1024,193.9,gf,3.605,mm,OK,--,8:36:47 AM,1/10/2026,
1025,193.8,gf,3.605,mm,OK,--,8:36:48 AM,1/10/2026,
1026,193.8,gf,3.605,mm,OK,--,8:36:48 AM,1/10/2026,
1027,193.8,gf,3.605,mm,OK,--,8:36:48 AM,1/10/2026,
1028,193.8,gf,3.605,mm,OK,--,8:36:48 AM,1/10/2026,
1029,193.8,gf,3.605,mm,OK,--,8:36:48 AM,1/10/2026,
1030,193.8,gf,3.605,mm,OK,--,8:36:48 AM,1/10/2026,
1031,193.8,gf,3.605,mm,OK,--,8:36:48 AM,1/10/2026,
1032,193.8,gf,3.605,mm,OK,--,8:36:48 AM,1/10/2026,
1033,193.7,gf,3.605,mm,OK,--,8:36:48 AM,1/10/2026,
1034,193.7,gf,3.605,mm,OK,--,8:36:48 AM,1/10/2026,
1035,193.6,gf,3.605,mm,OK,--,8:36:49 AM,1/10/2026,
1036,193.5,gf,3.605,mm,OK,--,8:36:49 AM,1/10/2026,
1037,193.3,gf,3.605,mm,OK,--,8:36:49 AM,1/10/2026,
1038,192.8,gf,3.605,mm,OK,--,8:36:49 AM,1/10/2026,
1039,192.7,gf,3.605,mm,OK,--,8:36:49 AM,1/10/2026,
1040,192.5,gf,3.605,mm,OK,--,8:36:49 AM,1/10/2026,
1041,191.9,gf,3.600,mm,OK,--,8:36:49 AM,1/10/2026,
1042,191.5,gf,3.600,mm,OK,--,8:36:49 AM,1/10/2026,
1043,190.5,gf,3.600,mm,OK,--,8:36:49 AM,1/10/2026,
1044,189.7,gf,3.600,mm,OK,--,8:36:49 AM,1/10/2026,
1045,188.8,gf,3.600,mm,OK,--,8:36:50 AM,1/10/2026,
1046,188.0,gf,3.600,mm,OK,--,8:36:50 AM,1/10/2026,
1047,187.4,gf,3.600,mm,OK,--,8:36:50 AM,1/10/2026,
1048,187.1,gf,3.600,mm,OK,--,8:36:50 AM,1/10/2026,
1049,186.7,gf,3.600,mm,OK,--,8:36:50 AM,1/10/2026,
1050,186.4,gf,3.595,mm,OK,--,8:36:50 AM,1/10/2026,
1051,185.8,gf,3.595,mm,OK,--,8:36:50 AM,1/10/2026,
1052,185.4,gf,3.595,mm,OK,--,8:36:50 AM,1/10/2026,
1053,184.8,gf,3.595,mm,OK,--,8:36:50 AM,1/10/2026,
1054,184.5,gf,3.595,mm,OK,--,8:36:50 AM,1/10/2026,
1055,183.5,gf,3.595,mm,OK,--,8:36:51 AM,1/10/2026,
1056,182.6,gf,3.595,mm,OK,--,8:36:51 AM,1/10/2026,
1057,182.0,gf,3.595,mm,OK,--,8:36:51 AM,1/10/2026,
1058,181.4,gf,3.595,mm,OK,--,8:36:51 AM,1/10/2026,
1059,181.0,gf,3.590,mm,OK,--,8:36:51 AM,1/10/2026,
1060,180.5,gf,3.590,mm,OK,--,8:36:51 AM,1/10/2026,
1061,179.9,gf,3.590,mm,OK,--,8:36:51 AM,1/10/2026,
1062,179.4,gf,3.590,mm,OK,--,8:36:51 AM,1/10/2026,
1063,178.9,gf,3.590,mm,OK,--,8:36:51 AM,1/10/2026,
1064,178.5,gf,3.590,mm,OK,--,8:36:51 AM,1/10/2026,
1065,178.1,gf,3.590,mm,OK,--,8:36:52 AM,1/10/2026,
1066,177.5,gf,3.590,mm,OK,--,8:36:52 AM,1/10/2026,
1067,176.8,gf,3.590,mm,OK,--,8:36:52 AM,1/10/2026,
1068,176.2,gf,3.585,mm,OK,--,8:36:52 AM,1/10/2026,
1069,175.5,gf,3.585,mm,OK,--,8:36:52 AM,1/10/2026,
1070,175.1,gf,3.585,mm,OK,--,8:36:52 AM,1/10/2026,
1071,174.8,gf,3.585,mm,OK,--,8:36:52 AM,1/10/2026,
1072,174.4,gf,3.585,mm,OK,--,8:36:52 AM,1/10/2026,
1073,174.1,gf,3.585,mm,OK,--,8:36:52 AM,1/10/2026,
1074,173.8,gf,3.585,mm,OK,--,8:36:52 AM,1/10/2026,
1075,173.5,gf,3.585,mm,OK,--,8:36:53 AM,1/10/2026,
1076,173.0,gf,3.585,mm,OK,--,8:36:53 AM,1/10/2026,
1077,172.6,gf,3.585,mm,OK,--,8:36:53 AM,1/10/2026,
1078,172.0,gf,3.585,mm,OK,--,8:36:53 AM,1/10/2026,
1079,171.6,gf,3.585,mm,OK,--,8:36:53 AM,1/10/2026,
1080,170.9,gf,3.580,mm,OK,--,8:36:53 AM,1/10/2026,
1081,169.9,gf,3.580,mm,OK,--,8:36:53 AM,1/10/2026,
1082,168.9,gf,3.580,mm,OK,--,8:36:53 AM,1/10/2026,
1083,168.0,gf,3.580,mm,OK,--,8:36:53 AM,1/10/2026,
1084,167.4,gf,3.580,mm,OK,--,8:36:53 AM,1/10/2026,
1085,167.1,gf,3.580,mm,OK,--,8:36:54 AM,1/10/2026,
1086,166.8,gf,3.580,mm,OK,--,8:36:54 AM,1/10/2026,
1087,166.4,gf,3.580,mm,OK,--,8:36:54 AM,1/10/2026,
1088,165.9,gf,3.575,mm,OK,--,8:36:54 AM,1/10/2026,
1089,165.2,gf,3.575,mm,OK,--,8:36:54 AM,1/10/2026,
1090,164.8,gf,3.575,mm,OK,--,8:36:54 AM,1/10/2026,
1091,164.6,gf,3.575,mm,OK,--,8:36:54 AM,1/10/2026,
1092,164.3,gf,3.575,mm,OK,--,8:36:54 AM,1/10/2026,
1093,163.9,gf,3.575,mm,OK,--,8:36:54 AM,1/10/2026,
1094,163.6,gf,3.575,mm,OK,--,8:36:54 AM,1/10/2026,
1095,163.3,gf,3.575,mm,OK,--,8:36:55 AM,1/10/2026,
1096,163.2,gf,3.575,mm,OK,--,8:36:55 AM,1/10/2026,
1097,162.9,gf,3.575,mm,OK,--,8:36:55 AM,1/10/2026,
1098,162.6,gf,3.575,mm,OK,--,8:36:55 AM,1/10/2026,
1099,162.1,gf,3.575,mm,OK,--,8:36:55 AM,1/10/2026,
1100,161.3,gf,3.575,mm,OK,--,8:36:55 AM,1/10/2026,
1101,159.8,gf,3.570,mm,OK,--,8:36:55 AM,1/10/2026,
1102,158.5,gf,3.570,mm,OK,--,8:36:55 AM,1/10/2026,
1103,157.3,gf,3.570,mm,OK,--,8:36:55 AM,1/10/2026,
1104,156.6,gf,3.570,mm,OK,--,8:36:55 AM,1/10/2026,
1105,155.8,gf,3.570,mm,OK,--,8:36:56 AM,1/10/2026,
1106,154.7,gf,3.565,mm,OK,--,8:36:56 AM,1/10/2026,
1107,153.4,gf,3.565,mm,OK,--,8:36:56 AM,1/10/2026,
1108,152.3,gf,3.565,mm,OK,--,8:36:56 AM,1/10/2026,
1109,151.1,gf,3.565,mm,OK,--,8:36:56 AM,1/10/2026,
1110,149.9,gf,3.560,mm,OK,--,8:36:56 AM,1/10/2026,
1111,145.0,gf,3.560,mm,OK,--,8:36:56 AM,1/10/2026,
1112,141.0,gf,3.555,mm,OK,--,8:36:56 AM,1/10/2026,
1113,138.1,gf,3.550,mm,OK,--,8:36:56 AM,1/10/2026,
1114,136.0,gf,3.550,mm,OK,--,8:36:56 AM,1/10/2026,
1115,133.6,gf,3.545,mm,OK,--,8:36:57 AM,1/10/2026,
1116,129.6,gf,3.545,mm,OK,--,8:36:57 AM,1/10/2026,
1117,125.1,gf,3.540,mm,OK,--,8:36:57 AM,1/10/2026,
1118,121.9,gf,3.535,mm,OK,--,8:36:57 AM,1/10/2026,
1119,118.5,gf,3.530,mm,OK,--,8:36:57 AM,1/10/2026,
1120,111.6,gf,3.525,mm,OK,--,8:36:57 AM,1/10/2026,
1121,103.2,gf,3.515,mm,OK,--,8:36:57 AM,1/10/2026,
1122,95.7,gf,3.510,mm,OK,--,8:36:57 AM,1/10/2026,
1123,91.6,gf,3.505,mm,OK,--,8:36:57 AM,1/10/2026,
1124,89.3,gf,3.500,mm,OK,--,8:36:57 AM,1/10/2026,
1125,87.4,gf,3.500,mm,OK,--,8:36:58 AM,1/10/2026,
1126,84.6,gf,3.495,mm,OK,--,8:36:58 AM,1/10/2026,
1127,80.1,gf,3.495,mm,OK,--,8:36:58 AM,1/10/2026,
1128,74.0,gf,3.485,mm,OK,--,8:36:58 AM,1/10/2026,
1129,69.3,gf,3.480,mm,OK,--,8:36:58 AM,1/10/2026,
1130,66.2,gf,3.480,mm,OK,--,8:36:58 AM,1/10/2026,
1131,63.6,gf,3.475,mm,OK,--,8:36:58 AM,1/10/2026,
1132,61.3,gf,3.475,mm,OK,--,8:36:58 AM,1/10/2026,
1133,59.2,gf,3.470,mm,OK,--,8:36:58 AM,1/10/2026,
1134,57.9,gf,3.470,mm,OK,--,8:36:58 AM,1/10/2026,
1135,56.5,gf,3.470,mm,OK,--,8:36:59 AM,1/10/2026,
1136,54.8,gf,3.465,mm,OK,--,8:36:59 AM,1/10/2026,
1137,52.9,gf,3.465,mm,OK,--,8:36:59 AM,1/10/2026,
1138,50.8,gf,3.465,mm,OK,--,8:36:59 AM,1/10/2026,
1139,48.7,gf,3.460,mm,OK,--,8:36:59 AM,1/10/2026,
1140,47.0,gf,3.460,mm,OK,--,8:36:59 AM,1/10/2026,
1141,45.6,gf,3.455,mm,OK,--,8:36:59 AM,1/10/2026,
1142,44.3,gf,3.455,mm,OK,--,8:36:59 AM,1/10/2026,
1143,43.3,gf,3.455,mm,OK,--,8:36:59 AM,1/10/2026,
1144,43.4,gf,3.455,mm,OK,--,8:36:59 AM,1/10/2026,
1145,43.5,gf,3.450,mm,OK,--,8:37:00 AM,1/10/2026,
1146,43.5,gf,3.450,mm,OK,--,8:37:00 AM,1/10/2026,
1147,43.5,gf,3.445,mm,OK,--,8:37:00 AM,1/10/2026,
1148,43.5,gf,3.445,mm,OK,--,8:37:00 AM,1/10/2026,
1149,43.5,gf,3.440,mm,OK,--,8:37:00 AM,1/10/2026,
1150,43.5,gf,3.440,mm,OK,--,8:37:00 AM,1/10/2026,
1151,43.5,gf,3.435,mm,OK,--,8:37:00 AM,1/10/2026,
1152,43.4,gf,3.430,mm,OK,--,8:37:00 AM,1/10/2026,
1153,43.4,gf,3.430,mm,OK,--,8:37:00 AM,1/10/2026,
1154,43.4,gf,3.425,mm,OK,--,8:37:00 AM,1/10/2026,
1155,43.4,gf,3.425,mm,OK,--,8:37:01 AM,1/10/2026,
1156,43.4,gf,3.420,mm,OK,--,8:37:01 AM,1/10/2026,
1157,43.4,gf,3.420,mm,OK,--,8:37:01 AM,1/10/2026,
1158,43.3,gf,3.415,mm,OK,--,8:37:01 AM,1/10/2026,
1159,43.3,gf,3.415,mm,OK,--,8:37:01 AM,1/10/2026,
1160,43.3,gf,3.410,mm,OK,--,8:37:01 AM,1/10/2026,
1161,43.3,gf,3.410,mm,OK,--,8:37:01 AM,1/10/2026,
1162,43.3,gf,3.405,mm,OK,--,8:37:01 AM,1/10/2026,
1163,43.3,gf,3.400,mm,OK,--,8:37:01 AM,1/10/2026,
1164,43.3,gf,3.395,mm,OK,--,8:37:01 AM,1/10/2026,
1165,43.3,gf,3.395,mm,OK,--,8:37:02 AM,1/10/2026,
1166,43.2,gf,3.390,mm,OK,--,8:37:02 AM,1/10/2026,
1167,43.2,gf,3.385,mm,OK,--,8:37:02 AM,1/10/2026,
1168,43.2,gf,3.385,mm,OK,--,8:37:02 AM,1/10/2026,
1169,43.1,gf,3.380,mm,OK,--,8:37:02 AM,1/10/2026,
1170,43.1,gf,3.375,mm,OK,--,8:37:02 AM,1/10/2026,
1171,43.1,gf,3.375,mm,OK,--,8:37:02 AM,1/10/2026,
1172,43.1,gf,3.370,mm,OK,--,8:37:02 AM,1/10/2026,
1173,43.0,gf,3.365,mm,OK,--,8:37:02 AM,1/10/2026,
1174,43.0,gf,3.360,mm,OK,--,8:37:02 AM,1/10/2026,
1175,43.0,gf,3.355,mm,OK,--,8:37:03 AM,1/10/2026,
1176,43.0,gf,3.355,mm,OK,--,8:37:03 AM,1/10/2026,
1177,43.0,gf,3.350,mm,OK,--,8:37:03 AM,1/10/2026,
1178,43.0,gf,3.340,mm,OK,--,8:37:03 AM,1/10/2026,
1179,42.9,gf,3.335,mm,OK,--,8:37:03 AM,1/10/2026,
1180,42.9,gf,3.325,mm,OK,--,8:37:03 AM,1/10/2026,
1181,42.9,gf,3.320,mm,OK,--,8:37:03 AM,1/10/2026,
1182,42.8,gf,3.315,mm,OK,--,8:37:03 AM,1/10/2026,
1183,42.8,gf,3.315,mm,OK,--,8:37:03 AM,1/10/2026,
1184,42.8,gf,3.310,mm,OK,--,8:37:03 AM,1/10/2026,
1185,42.8,gf,3.310,mm,OK,--,8:37:04 AM,1/10/2026,
1186,42.8,gf,3.305,mm,OK,--,8:37:04 AM,1/10/2026,
1187,42.8,gf,3.300,mm,OK,--,8:37:04 AM,1/10/2026,
1188,42.8,gf,3.300,mm,OK,--,8:37:04 AM,1/10/2026,
1189,42.8,gf,3.295,mm,OK,--,8:37:04 AM,1/10/2026,
1190,42.8,gf,3.290,mm,OK,--,8:37:04 AM,1/10/2026,
1191,42.7,gf,3.285,mm,OK,--,8:37:04 AM,1/10/2026,
1192,42.7,gf,3.280,mm,OK,--,8:37:04 AM,1/10/2026,
1193,42.7,gf,3.275,mm,OK,--,8:37:04 AM,1/10/2026,
1194,42.7,gf,3.275,mm,OK,--,8:37:04 AM,1/10/2026,
1195,42.7,gf,3.265,mm,OK,--,8:37:05 AM,1/10/2026,
1196,42.7,gf,3.260,mm,OK,--,8:37:05 AM,1/10/2026,
1197,42.7,gf,3.255,mm,OK,--,8:37:05 AM,1/10/2026,
1198,42.6,gf,3.250,mm,OK,--,8:37:05 AM,1/10/2026,
1199,42.6,gf,3.250,mm,OK,--,8:37:05 AM,1/10/2026,
1200,42.6,gf,3.245,mm,OK,--,8:37:05 AM,1/10/2026,
1201,42.6,gf,3.240,mm,OK,--,8:37:05 AM,1/10/2026,
1202,42.6,gf,3.240,mm,OK,--,8:37:05 AM,1/10/2026,
1203,42.6,gf,3.235,mm,OK,--,8:37:05 AM,1/10/2026,
1204,42.6,gf,3.230,mm,OK,--,8:37:05 AM,1/10/2026,
1205,42.6,gf,3.225,mm,OK,--,8:37:06 AM,1/10/2026,
1206,42.5,gf,3.220,mm,OK,--,8:37:06 AM,1/10/2026,
1207,42.5,gf,3.215,mm,OK,--,8:37:06 AM,1/10/2026,
1208,42.4,gf,3.210,mm,OK,--,8:37:06 AM,1/10/2026,
1209,42.4,gf,3.200,mm,OK,--,8:37:06 AM,1/10/2026,
1210,42.4,gf,3.195,mm,OK,--,8:37:06 AM,1/10/2026,
1211,42.4,gf,3.185,mm,OK,--,8:37:06 AM,1/10/2026,
1212,42.4,gf,3.175,mm,OK,--,8:37:06 AM,1/10/2026,
1213,42.4,gf,3.170,mm,OK,--,8:37:06 AM,1/10/2026,
1214,42.3,gf,3.160,mm,OK,--,8:37:06 AM,1/10/2026,
1215,42.3,gf,3.150,mm,OK,--,8:37:07 AM,1/10/2026,
1216,42.2,gf,3.140,mm,OK,--,8:37:07 AM,1/10/2026,
1217,42.2,gf,3.135,mm,OK,--,8:37:07 AM,1/10/2026,
1218,42.2,gf,3.130,mm,OK,--,8:37:07 AM,1/10/2026,
1219,42.2,gf,3.125,mm,OK,--,8:37:07 AM,1/10/2026,
1220,42.2,gf,3.115,mm,OK,--,8:37:07 AM,1/10/2026,
1221,42.2,gf,3.110,mm,OK,--,8:37:07 AM,1/10/2026,
1222,42.1,gf,3.105,mm,OK,--,8:37:07 AM,1/10/2026,
1223,42.1,gf,3.095,mm,OK,--,8:37:07 AM,1/10/2026,
1224,42.1,gf,3.090,mm,OK,--,8:37:07 AM,1/10/2026,
1225,42.1,gf,3.085,mm,OK,--,8:37:08 AM,1/10/2026,
1226,42.1,gf,3.080,mm,OK,--,8:37:08 AM,1/10/2026,
1227,42.1,gf,3.070,mm,OK,--,8:37:08 AM,1/10/2026,
1228,42.0,gf,3.065,mm,OK,--,8:37:08 AM,1/10/2026,
1229,42.0,gf,3.060,mm,OK,--,8:37:08 AM,1/10/2026,
1230,42.0,gf,3.055,mm,OK,--,8:37:08 AM,1/10/2026,
1231,42.0,gf,3.050,mm,OK,--,8:37:08 AM,1/10/2026,
1232,41.9,gf,3.040,mm,OK,--,8:37:08 AM,1/10/2026,
1233,41.9,gf,3.035,mm,OK,--,8:37:08 AM,1/10/2026,
1234,41.9,gf,3.030,mm,OK,--,8:37:08 AM,1/10/2026,
1235,41.9,gf,3.025,mm,OK,--,8:37:09 AM,1/10/2026,
1236,41.9,gf,3.020,mm,OK,--,8:37:09 AM,1/10/2026,
1237,41.9,gf,3.015,mm,OK,--,8:37:09 AM,1/10/2026,
1238,41.9,gf,3.010,mm,OK,--,8:37:09 AM,1/10/2026,
1239,41.8,gf,3.005,mm,OK,--,8:37:09 AM,1/10/2026,
1240,41.8,gf,3.000,mm,OK,--,8:37:09 AM,1/10/2026,
1241,41.8,gf,3.000,mm,OK,--,8:37:09 AM,1/10/2026,
1242,41.8,gf,2.995,mm,OK,--,8:37:09 AM,1/10/2026,
1243,41.8,gf,2.990,mm,OK,--,8:37:09 AM,1/10/2026,
1244,41.8,gf,2.985,mm,OK,--,8:37:09 AM,1/10/2026,
1245,41.7,gf,2.975,mm,OK,--,8:37:10 AM,1/10/2026,
1246,41.7,gf,2.970,mm,OK,--,8:37:10 AM,1/10/2026,
1247,41.7,gf,2.960,mm,OK,--,8:37:10 AM,1/10/2026,
1248,41.6,gf,2.955,mm,OK,--,8:37:10 AM,1/10/2026,
1249,41.7,gf,2.950,mm,OK,--,8:37:10 AM,1/10/2026,
1250,41.7,gf,2.945,mm,OK,--,8:37:10 AM,1/10/2026,
1251,41.6,gf,2.940,mm,OK,--,8:37:10 AM,1/10/2026,
1252,41.6,gf,2.935,mm,OK,--,8:37:10 AM,1/10/2026,
1253,41.6,gf,2.930,mm,OK,--,8:37:10 AM,1/10/2026,
1254,41.6,gf,2.930,mm,OK,--,8:37:10 AM,1/10/2026,
1255,41.6,gf,2.925,mm,OK,--,8:37:11 AM,1/10/2026,
1256,41.6,gf,2.925,mm,OK,--,8:37:11 AM,1/10/2026,
1257,41.6,gf,2.920,mm,OK,--,8:37:11 AM,1/10/2026,
1258,41.5,gf,2.910,mm,OK,--,8:37:11 AM,1/10/2026,
1259,41.5,gf,2.905,mm,OK,--,8:37:11 AM,1/10/2026,
1260,41.5,gf,2.905,mm,OK,--,8:37:11 AM,1/10/2026,
1261,41.5,gf,2.900,mm,OK,--,8:37:11 AM,1/10/2026,
1262,41.5,gf,2.900,mm,OK,--,8:37:11 AM,1/10/2026,
1263,41.5,gf,2.895,mm,OK,--,8:37:11 AM,1/10/2026,
1264,41.5,gf,2.890,mm,OK,--,8:37:11 AM,1/10/2026,
1265,41.4,gf,2.885,mm,OK,--,8:37:12 AM,1/10/2026,
1266,41.4,gf,2.880,mm,OK,--,8:37:12 AM,1/10/2026,
1267,41.4,gf,2.875,mm,OK,--,8:37:12 AM,1/10/2026,
1268,41.4,gf,2.865,mm,OK,--,8:37:12 AM,1/10/2026,
1269,41.4,gf,2.860,mm,OK,--,8:37:12 AM,1/10/2026,
1270,41.4,gf,2.855,mm,OK,--,8:37:12 AM,1/10/2026,
1271,41.4,gf,2.850,mm,OK,--,8:37:12 AM,1/10/2026,
1272,41.3,gf,2.845,mm,OK,--,8:37:12 AM,1/10/2026,
1273,41.3,gf,2.840,mm,OK,--,8:37:12 AM,1/10/2026,
1274,41.3,gf,2.835,mm,OK,--,8:37:12 AM,1/10/2026,
1275,41.3,gf,2.830,mm,OK,--,8:37:13 AM,1/10/2026,
1276,41.3,gf,2.825,mm,OK,--,8:37:13 AM,1/10/2026,
1277,41.3,gf,2.820,mm,OK,--,8:37:13 AM,1/10/2026,
1278,41.2,gf,2.820,mm,OK,--,8:37:13 AM,1/10/2026,
1279,41.2,gf,2.815,mm,OK,--,8:37:13 AM,1/10/2026,
1280,41.2,gf,2.810,mm,OK,--,8:37:13 AM,1/10/2026,
1281,41.2,gf,2.810,mm,OK,--,8:37:13 AM,1/10/2026,
1282,41.2,gf,2.805,mm,OK,--,8:37:13 AM,1/10/2026,
1283,41.2,gf,2.800,mm,OK,--,8:37:13 AM,1/10/2026,
1284,41.2,gf,2.800,mm,OK,--,8:37:13 AM,1/10/2026,
1285,41.2,gf,2.795,mm,OK,--,8:37:14 AM,1/10/2026,
1286,41.2,gf,2.790,mm,OK,--,8:37:14 AM,1/10/2026,
1287,41.2,gf,2.790,mm,OK,--,8:37:14 AM,1/10/2026,
1288,41.2,gf,2.785,mm,OK,--,8:37:14 AM,1/10/2026,
1289,41.1,gf,2.780,mm,OK,--,8:37:14 AM,1/10/2026,
1290,41.1,gf,2.775,mm,OK,--,8:37:14 AM,1/10/2026,
1291,41.1,gf,2.770,mm,OK,--,8:37:14 AM,1/10/2026,
1292,41.1,gf,2.765,mm,OK,--,8:37:14 AM,1/10/2026,
1293,41.1,gf,2.760,mm,OK,--,8:37:14 AM,1/10/2026,
1294,41.1,gf,2.755,mm,OK,--,8:37:14 AM,1/10/2026,
1295,41.0,gf,2.750,mm,OK,--,8:37:15 AM,1/10/2026,
1296,41.0,gf,2.745,mm,OK,--,8:37:15 AM,1/10/2026,
1297,41.0,gf,2.735,mm,OK,--,8:37:15 AM,1/10/2026,
1298,41.0,gf,2.730,mm,OK,--,8:37:15 AM,1/10/2026,
1299,40.9,gf,2.725,mm,OK,--,8:37:15 AM,1/10/2026,
1300,40.9,gf,2.720,mm,OK,--,8:37:15 AM,1/10/2026,
1301,40.9,gf,2.715,mm,OK,--,8:37:15 AM,1/10/2026,
1302,40.9,gf,2.710,mm,OK,--,8:37:15 AM,1/10/2026,
1303,40.9,gf,2.705,mm,OK,--,8:37:15 AM,1/10/2026,
1304,40.9,gf,2.705,mm,OK,--,8:37:15 AM,1/10/2026,
1305,40.9,gf,2.700,mm,OK,--,8:37:16 AM,1/10/2026,
1306,40.9,gf,2.695,mm,OK,--,8:37:16 AM,1/10/2026,
1307,40.8,gf,2.695,mm,OK,--,8:37:16 AM,1/10/2026,
1308,40.8,gf,2.690,mm,OK,--,8:37:16 AM,1/10/2026,
1309,40.8,gf,2.690,mm,OK,--,8:37:16 AM,1/10/2026,
1310,40.8,gf,2.685,mm,OK,--,8:37:16 AM,1/10/2026,
1311,40.8,gf,2.685,mm,OK,--,8:37:16 AM,1/10/2026,
1312,40.8,gf,2.680,mm,OK,--,8:37:16 AM,1/10/2026,
1313,40.8,gf,2.675,mm,OK,--,8:37:16 AM,1/10/2026,
1314,40.7,gf,2.670,mm,OK,--,8:37:16 AM,1/10/2026,
1315,40.7,gf,2.665,mm,OK,--,8:37:17 AM,1/10/2026,
1316,40.7,gf,2.660,mm,OK,--,8:37:17 AM,1/10/2026,
1317,40.7,gf,2.655,mm,OK,--,8:37:17 AM,1/10/2026,
1318,40.7,gf,2.650,mm,OK,--,8:37:17 AM,1/10/2026,
1319,40.6,gf,2.640,mm,OK,--,8:37:17 AM,1/10/2026,
1320,40.6,gf,2.635,mm,OK,--,8:37:17 AM,1/10/2026,
1321,40.7,gf,2.630,mm,OK,--,8:37:17 AM,1/10/2026,
1322,40.6,gf,2.620,mm,OK,--,8:37:17 AM,1/10/2026,
1323,40.6,gf,2.615,mm,OK,--,8:37:17 AM,1/10/2026,
1324,40.6,gf,2.610,mm,OK,--,8:37:17 AM,1/10/2026,
1325,40.6,gf,2.605,mm,OK,--,8:37:18 AM,1/10/2026,
1326,40.5,gf,2.605,mm,OK,--,8:37:18 AM,1/10/2026,
1327,40.5,gf,2.600,mm,OK,--,8:37:18 AM,1/10/2026,
1328,40.5,gf,2.595,mm,OK,--,8:37:18 AM,1/10/2026,
1329,40.5,gf,2.590,mm,OK,--,8:37:18 AM,1/10/2026,
1330,40.5,gf,2.585,mm,OK,--,8:37:18 AM,1/10/2026,
1331,40.5,gf,2.580,mm,OK,--,8:37:18 AM,1/10/2026,
1332,40.4,gf,2.575,mm,OK,--,8:37:18 AM,1/10/2026,
1333,40.3,gf,2.565,mm,OK,--,8:37:18 AM,1/10/2026,
1334,40.4,gf,2.560,mm,OK,--,8:37:18 AM,1/10/2026,
1335,40.3,gf,2.555,mm,OK,--,8:37:19 AM,1/10/2026,
1336,40.4,gf,2.550,mm,OK,--,8:37:19 AM,1/10/2026,
1337,40.3,gf,2.545,mm,OK,--,8:37:19 AM,1/10/2026,
1338,40.3,gf,2.535,mm,OK,--,8:37:19 AM,1/10/2026,
1339,40.3,gf,2.530,mm,OK,--,8:37:19 AM,1/10/2026,
1340,40.3,gf,2.520,mm,OK,--,8:37:19 AM,1/10/2026,
1341,40.2,gf,2.515,mm,OK,--,8:37:19 AM,1/10/2026,
1342,40.2,gf,2.510,mm,OK,--,8:37:19 AM,1/10/2026,
1343,40.2,gf,2.500,mm,OK,--,8:37:19 AM,1/10/2026,
1344,40.2,gf,2.495,mm,OK,--,8:37:19 AM,1/10/2026,
1345,40.1,gf,2.490,mm,OK,--,8:37:20 AM,1/10/2026,
1346,40.1,gf,2.485,mm,OK,--,8:37:20 AM,1/10/2026,
1347,40.1,gf,2.475,mm,OK,--,8:37:20 AM,1/10/2026,
1348,40.1,gf,2.465,mm,OK,--,8:37:20 AM,1/10/2026,
1349,40.1,gf,2.460,mm,OK,--,8:37:20 AM,1/10/2026,
1350,40.1,gf,2.460,mm,OK,--,8:37:20 AM,1/10/2026,
1351,40.0,gf,2.455,mm,OK,--,8:37:20 AM,1/10/2026,
1352,40.0,gf,2.450,mm,OK,--,8:37:20 AM,1/10/2026,
1353,40.0,gf,2.445,mm,OK,--,8:37:20 AM,1/10/2026,
1354,40.0,gf,2.445,mm,OK,--,8:37:20 AM,1/10/2026,
1355,40.0,gf,2.440,mm,OK,--,8:37:21 AM,1/10/2026,
1356,40.0,gf,2.435,mm,OK,--,8:37:21 AM,1/10/2026,
1357,40.0,gf,2.430,mm,OK,--,8:37:21 AM,1/10/2026,
1358,40.0,gf,2.425,mm,OK,--,8:37:21 AM,1/10/2026,
1359,39.9,gf,2.420,mm,OK,--,8:37:21 AM,1/10/2026,
1360,39.9,gf,2.415,mm,OK,--,8:37:21 AM,1/10/2026,
1361,39.9,gf,2.410,mm,OK,--,8:37:21 AM,1/10/2026,
1362,39.9,gf,2.405,mm,OK,--,8:37:21 AM,1/10/2026,
1363,39.9,gf,2.400,mm,OK,--,8:37:21 AM,1/10/2026,
1364,39.9,gf,2.395,mm,OK,--,8:37:21 AM,1/10/2026,
1365,39.8,gf,2.385,mm,OK,--,8:37:22 AM,1/10/2026,
1366,39.8,gf,2.380,mm,OK,--,8:37:22 AM,1/10/2026,
1367,39.8,gf,2.375,mm,OK,--,8:37:22 AM,1/10/2026,
1368,39.8,gf,2.370,mm,OK,--,8:37:22 AM,1/10/2026,
1369,39.8,gf,2.360,mm,OK,--,8:37:22 AM,1/10/2026,
1370,39.7,gf,2.355,mm,OK,--,8:37:22 AM,1/10/2026,
1371,39.7,gf,2.350,mm,OK,--,8:37:22 AM,1/10/2026,
1372,39.7,gf,2.350,mm,OK,--,8:37:22 AM,1/10/2026,
1373,39.7,gf,2.345,mm,OK,--,8:37:22 AM,1/10/2026,
1374,39.7,gf,2.340,mm,OK,--,8:37:22 AM,1/10/2026,
1375,39.7,gf,2.335,mm,OK,--,8:37:23 AM,1/10/2026,
1376,39.7,gf,2.330,mm,OK,--,8:37:23 AM,1/10/2026,
1377,39.6,gf,2.325,mm,OK,--,8:37:23 AM,1/10/2026,
1378,39.6,gf,2.320,mm,OK,--,8:37:23 AM,1/10/2026,
1379,39.6,gf,2.315,mm,OK,--,8:37:23 AM,1/10/2026,
1380,39.6,gf,2.315,mm,OK,--,8:37:23 AM,1/10/2026,
1381,39.6,gf,2.310,mm,OK,--,8:37:23 AM,1/10/2026,
1382,39.6,gf,2.305,mm,OK,--,8:37:23 AM,1/10/2026,
1383,39.5,gf,2.300,mm,OK,--,8:37:23 AM,1/10/2026,
1384,39.5,gf,2.295,mm,OK,--,8:37:23 AM,1/10/2026,
1385,39.5,gf,2.290,mm,OK,--,8:37:24 AM,1/10/2026,
1386,39.5,gf,2.285,mm,OK,--,8:37:24 AM,1/10/2026,
1387,39.5,gf,2.280,mm,OK,--,8:37:24 AM,1/10/2026,
1388,39.5,gf,2.275,mm,OK,--,8:37:24 AM,1/10/2026,
1389,39.4,gf,2.270,mm,OK,--,8:37:24 AM,1/10/2026,
1390,39.4,gf,2.265,mm,OK,--,8:37:24 AM,1/10/2026,
1391,39.4,gf,2.260,mm,OK,--,8:37:24 AM,1/10/2026,
1392,39.4,gf,2.255,mm,OK,--,8:37:24 AM,1/10/2026,
1393,39.4,gf,2.250,mm,OK,--,8:37:24 AM,1/10/2026,
1394,39.4,gf,2.250,mm,OK,--,8:37:24 AM,1/10/2026,
1395,39.3,gf,2.245,mm,OK,--,8:37:25 AM,1/10/2026,
1396,39.3,gf,2.240,mm,OK,--,8:37:25 AM,1/10/2026,
1397,39.3,gf,2.235,mm,OK,--,8:37:25 AM,1/10/2026,
1398,39.3,gf,2.230,mm,OK,--,8:37:25 AM,1/10/2026,
1399,39.3,gf,2.230,mm,OK,--,8:37:25 AM,1/10/2026,
1400,39.3,gf,2.225,mm,OK,--,8:37:25 AM,1/10/2026,
1401,39.3,gf,2.220,mm,OK,--,8:37:25 AM,1/10/2026,
1402,39.2,gf,2.215,mm,OK,--,8:37:25 AM,1/10/2026,
1403,39.2,gf,2.210,mm,OK,--,8:37:25 AM,1/10/2026,
1404,39.2,gf,2.205,mm,OK,--,8:37:25 AM,1/10/2026,
1405,39.2,gf,2.200,mm,OK,--,8:37:26 AM,1/10/2026,
1406,39.2,gf,2.200,mm,OK,--,8:37:26 AM,1/10/2026,
1407,39.2,gf,2.195,mm,OK,--,8:37:26 AM,1/10/2026,
1408,39.2,gf,2.190,mm,OK,--,8:37:26 AM,1/10/2026,
1409,39.1,gf,2.185,mm,OK,--,8:37:26 AM,1/10/2026,
1410,39.1,gf,2.180,mm,OK,--,8:37:26 AM,1/10/2026,
1411,39.1,gf,2.175,mm,OK,--,8:37:26 AM,1/10/2026,
1412,39.1,gf,2.170,mm,OK,--,8:37:26 AM,1/10/2026,
1413,39.1,gf,2.170,mm,OK,--,8:37:26 AM,1/10/2026,
1414,39.0,gf,2.165,mm,OK,--,8:37:26 AM,1/10/2026,
1415,38.9,gf,2.160,mm,OK,--,8:37:27 AM,1/10/2026,
1416,38.7,gf,2.155,mm,OK,--,8:37:27 AM,1/10/2026,
1417,38.5,gf,2.150,mm,OK,--,8:37:27 AM,1/10/2026,
1418,38.4,gf,2.150,mm,OK,--,8:37:27 AM,1/10/2026,
1419,38.3,gf,2.145,mm,OK,--,8:37:27 AM,1/10/2026,
1420,38.1,gf,2.140,mm,OK,--,8:37:27 AM,1/10/2026,
1421,38.0,gf,2.140,mm,OK,--,8:37:27 AM,1/10/2026,
1422,37.9,gf,2.135,mm,OK,--,8:37:27 AM,1/10/2026,
1423,37.8,gf,2.135,mm,OK,--,8:37:27 AM,1/10/2026,
1424,37.7,gf,2.130,mm,OK,--,8:37:27 AM,1/10/2026,
1425,37.7,gf,2.130,mm,OK,--,8:37:28 AM,1/10/2026,
1426,37.5,gf,2.125,mm,OK,--,8:37:28 AM,1/10/2026,
1427,37.4,gf,2.120,mm,OK,--,8:37:28 AM,1/10/2026,
1428,37.3,gf,2.120,mm,OK,--,8:37:28 AM,1/10/2026,
1429,37.2,gf,2.115,mm,OK,--,8:37:28 AM,1/10/2026,
1430,37.1,gf,2.110,mm,OK,--,8:37:28 AM,1/10/2026,
1431,37.1,gf,2.110,mm,OK,--,8:37:28 AM,1/10/2026,
1432,37.0,gf,2.105,mm,OK,--,8:37:28 AM,1/10/2026,
1433,36.8,gf,2.100,mm,OK,--,8:37:28 AM,1/10/2026,
1434,36.7,gf,2.100,mm,OK,--,8:37:28 AM,1/10/2026,
1435,36.6,gf,2.095,mm,OK,--,8:37:29 AM,1/10/2026,
1436,36.4,gf,2.090,mm,OK,--,8:37:29 AM,1/10/2026,
1437,36.2,gf,2.085,mm,OK,--,8:37:29 AM,1/10/2026,
1438,36.1,gf,2.080,mm,OK,--,8:37:29 AM,1/10/2026,
1439,35.8,gf,2.075,mm,OK,--,8:37:29 AM,1/10/2026,
1440,35.7,gf,2.065,mm,OK,--,8:37:29 AM,1/10/2026,
1441,35.5,gf,2.060,mm,OK,--,8:37:29 AM,1/10/2026,
1442,35.3,gf,2.060,mm,OK,--,8:37:29 AM,1/10/2026,
1443,35.2,gf,2.055,mm,OK,--,8:37:29 AM,1/10/2026,
1444,35.2,gf,2.050,mm,OK,--,8:37:29 AM,1/10/2026,
1445,35.1,gf,2.045,mm,OK,--,8:37:30 AM,1/10/2026,
1446,35.0,gf,2.040,mm,OK,--,8:37:30 AM,1/10/2026,
1447,34.9,gf,2.035,mm,OK,--,8:37:30 AM,1/10/2026,
1448,34.9,gf,2.035,mm,OK,--,8:37:30 AM,1/10/2026,
1449,34.9,gf,2.030,mm,OK,--,8:37:30 AM,1/10/2026,
1450,34.9,gf,2.030,mm,OK,--,8:37:30 AM,1/10/2026,
1451,34.9,gf,2.030,mm,OK,--,8:37:30 AM,1/10/2026,
1452,34.7,gf,2.025,mm,OK,--,8:37:30 AM,1/10/2026,
1453,34.7,gf,2.025,mm,OK,--,8:37:30 AM,1/10/2026,
1454,34.6,gf,2.020,mm,OK,--,8:37:30 AM,1/10/2026,
1455,34.5,gf,2.020,mm,OK,--,8:37:31 AM,1/10/2026,
1456,34.4,gf,2.015,mm,OK,--,8:37:31 AM,1/10/2026,
1457,34.4,gf,2.010,mm,OK,--,8:37:31 AM,1/10/2026,
1458,34.4,gf,2.010,mm,OK,--,8:37:31 AM,1/10/2026,
1459,34.5,gf,2.005,mm,OK,--,8:37:31 AM,1/10/2026,
1460,34.4,gf,2.005,mm,OK,--,8:37:31 AM,1/10/2026,
1461,34.4,gf,2.000,mm,OK,--,8:37:31 AM,1/10/2026,
1462,34.5,gf,1.995,mm,OK,--,8:37:31 AM,1/10/2026,
1463,34.3,gf,1.995,mm,OK,--,8:37:31 AM,1/10/2026,
1464,34.4,gf,1.990,mm,OK,--,8:37:31 AM,1/10/2026,
1465,34.3,gf,1.985,mm,OK,--,8:37:32 AM,1/10/2026,
1466,34.3,gf,1.980,mm,OK,--,8:37:32 AM,1/10/2026,
1467,34.3,gf,1.975,mm,OK,--,8:37:32 AM,1/10/2026,
1468,34.3,gf,1.970,mm,OK,--,8:37:32 AM,1/10/2026,
1469,34.3,gf,1.965,mm,OK,--,8:37:32 AM,1/10/2026,
1470,34.3,gf,1.965,mm,OK,--,8:37:32 AM,1/10/2026,
1471,34.3,gf,1.960,mm,OK,--,8:37:32 AM,1/10/2026,
1472,34.3,gf,1.955,mm,OK,--,8:37:32 AM,1/10/2026,
1473,34.3,gf,1.950,mm,OK,--,8:37:32 AM,1/10/2026,
1474,34.3,gf,1.945,mm,OK,--,8:37:32 AM,1/10/2026,
1475,34.4,gf,1.935,mm,OK,--,8:37:33 AM,1/10/2026,
1476,34.4,gf,1.930,mm,OK,--,8:37:33 AM,1/10/2026,
1477,34.4,gf,1.925,mm,OK,--,8:37:33 AM,1/10/2026,
1478,34.3,gf,1.920,mm,OK,--,8:37:33 AM,1/10/2026,
1479,34.3,gf,1.915,mm,OK,--,8:37:33 AM,1/10/2026,
1480,34.2,gf,1.915,mm,OK,--,8:37:33 AM,1/10/2026,
1481,34.2,gf,1.910,mm,OK,--,8:37:33 AM,1/10/2026,
1482,34.1,gf,1.905,mm,OK,--,8:37:33 AM,1/10/2026,
1483,34.0,gf,1.900,mm,OK,--,8:37:33 AM,1/10/2026,
1484,34.0,gf,1.890,mm,OK,--,8:37:33 AM,1/10/2026,
1485,34.2,gf,1.885,mm,OK,--,8:37:34 AM,1/10/2026,
1486,34.2,gf,1.880,mm,OK,--,8:37:34 AM,1/10/2026,
1487,34.1,gf,1.880,mm,OK,--,8:37:34 AM,1/10/2026,
1488,34.0,gf,1.875,mm,OK,--,8:37:34 AM,1/10/2026,
1489,34.0,gf,1.870,mm,OK,--,8:37:34 AM,1/10/2026,
1490,34.0,gf,1.870,mm,OK,--,8:37:34 AM,1/10/2026,
1491,33.9,gf,1.860,mm,OK,--,8:37:34 AM,1/10/2026,
1492,33.9,gf,1.850,mm,OK,--,8:37:34 AM,1/10/2026,
1493,33.8,gf,1.840,mm,OK,--,8:37:34 AM,1/10/2026,
1494,33.8,gf,1.830,mm,OK,--,8:37:34 AM,1/10/2026,
1495,33.7,gf,1.820,mm,OK,--,8:37:35 AM,1/10/2026,
1496,33.6,gf,1.815,mm,OK,--,8:37:35 AM,1/10/2026,
1497,33.6,gf,1.810,mm,OK,--,8:37:35 AM,1/10/2026,
1498,33.6,gf,1.805,mm,OK,--,8:37:35 AM,1/10/2026,
1499,33.6,gf,1.800,mm,OK,--,8:37:35 AM,1/10/2026,
1500,33.6,gf,1.800,mm,OK,--,8:37:35 AM,1/10/2026,
1501,33.6,gf,1.795,mm,OK,--,8:37:35 AM,1/10/2026,
1502,33.6,gf,1.795,mm,OK,--,8:37:35 AM,1/10/2026,
1503,33.5,gf,1.790,mm,OK,--,8:37:35 AM,1/10/2026,
1504,33.7,gf,1.785,mm,OK,--,8:37:35 AM,1/10/2026,
1505,33.6,gf,1.785,mm,OK,--,8:37:36 AM,1/10/2026,
1506,33.5,gf,1.785,mm,OK,--,8:37:36 AM,1/10/2026,
1507,33.5,gf,1.780,mm,OK,--,8:37:36 AM,1/10/2026,
1508,33.6,gf,1.780,mm,OK,--,8:37:36 AM,1/10/2026,
1509,33.6,gf,1.780,mm,OK,--,8:37:36 AM,1/10/2026,
1510,33.6,gf,1.775,mm,OK,--,8:37:36 AM,1/10/2026,
1511,33.5,gf,1.765,mm,OK,--,8:37:36 AM,1/10/2026,
1512,33.5,gf,1.760,mm,OK,--,8:37:36 AM,1/10/2026,
1513,33.5,gf,1.755,mm,OK,--,8:37:36 AM,1/10/2026,
1514,33.5,gf,1.755,mm,OK,--,8:37:36 AM,1/10/2026,
1515,33.4,gf,1.750,mm,OK,--,8:37:37 AM,1/10/2026,
1516,33.4,gf,1.745,mm,OK,--,8:37:37 AM,1/10/2026,
1517,33.5,gf,1.740,mm,OK,--,8:37:37 AM,1/10/2026,
1518,33.4,gf,1.740,mm,OK,--,8:37:37 AM,1/10/2026,
1519,33.4,gf,1.735,mm,OK,--,8:37:37 AM,1/10/2026,
1520,33.3,gf,1.735,mm,OK,--,8:37:37 AM,1/10/2026,
1521,33.2,gf,1.730,mm,OK,--,8:37:37 AM,1/10/2026,
1522,33.2,gf,1.725,mm,OK,--,8:37:37 AM,1/10/2026,
1523,33.1,gf,1.725,mm,OK,--,8:37:37 AM,1/10/2026,
1524,33.3,gf,1.715,mm,OK,--,8:37:37 AM,1/10/2026,
1525,33.3,gf,1.710,mm,OK,--,8:37:38 AM,1/10/2026,
1526,33.2,gf,1.700,mm,OK,--,8:37:38 AM,1/10/2026,
1527,33.2,gf,1.690,mm,OK,--,8:37:38 AM,1/10/2026,
1528,33.3,gf,1.680,mm,OK,--,8:37:38 AM,1/10/2026,
1529,33.2,gf,1.670,mm,OK,--,8:37:38 AM,1/10/2026,
1530,33.1,gf,1.665,mm,OK,--,8:37:38 AM,1/10/2026,
1531,33.1,gf,1.660,mm,OK,--,8:37:38 AM,1/10/2026,
1532,33.1,gf,1.650,mm,OK,--,8:37:38 AM,1/10/2026,
1533,33.0,gf,1.645,mm,OK,--,8:37:38 AM,1/10/2026,
1534,33.1,gf,1.640,mm,OK,--,8:37:38 AM,1/10/2026,
1535,33.0,gf,1.635,mm,OK,--,8:37:39 AM,1/10/2026,
1536,33.1,gf,1.630,mm,OK,--,8:37:39 AM,1/10/2026,
1537,33.1,gf,1.620,mm,OK,--,8:37:39 AM,1/10/2026,
1538,32.9,gf,1.615,mm,OK,--,8:37:39 AM,1/10/2026,
1539,32.9,gf,1.605,mm,OK,--,8:37:39 AM,1/10/2026,
1540,32.9,gf,1.595,mm,OK,--,8:37:39 AM,1/10/2026,
1541,32.8,gf,1.580,mm,OK,--,8:37:39 AM,1/10/2026,
1542,32.8,gf,1.565,mm,OK,--,8:37:39 AM,1/10/2026,
1543,32.8,gf,1.555,mm,OK,--,8:37:39 AM,1/10/2026,
1544,32.7,gf,1.545,mm,OK,--,8:37:39 AM,1/10/2026,
1545,32.6,gf,1.535,mm,OK,--,8:37:40 AM,1/10/2026,
1546,32.6,gf,1.525,mm,OK,--,8:37:40 AM,1/10/2026,
1547,32.4,gf,1.510,mm,OK,--,8:37:40 AM,1/10/2026,
1548,32.5,gf,1.495,mm,OK,--,8:37:40 AM,1/10/2026,
1549,32.4,gf,1.485,mm,OK,--,8:37:40 AM,1/10/2026,
1550,32.3,gf,1.480,mm,OK,--,8:37:40 AM,1/10/2026,
1551,32.2,gf,1.475,mm,OK,--,8:37:40 AM,1/10/2026,
1552,32.2,gf,1.470,mm,OK,--,8:37:40 AM,1/10/2026,
1553,32.2,gf,1.470,mm,OK,--,8:37:40 AM,1/10/2026,
1554,32.1,gf,1.465,mm,OK,--,8:37:40 AM,1/10/2026,
1555,32.1,gf,1.465,mm,OK,--,8:37:41 AM,1/10/2026,
1556,32.0,gf,1.460,mm,OK,--,8:37:41 AM,1/10/2026,
1557,32.1,gf,1.460,mm,OK,--,8:37:41 AM,1/10/2026,
1558,32.1,gf,1.460,mm,OK,--,8:37:41 AM,1/10/2026,
1559,32.1,gf,1.455,mm,OK,--,8:37:41 AM,1/10/2026,
1560,32.1,gf,1.455,mm,OK,--,8:37:41 AM,1/10/2026,
1561,32.0,gf,1.450,mm,OK,--,8:37:41 AM,1/10/2026,
1562,32.0,gf,1.450,mm,OK,--,8:37:41 AM,1/10/2026,
1563,32.0,gf,1.450,mm,OK,--,8:37:41 AM,1/10/2026,
1564,32.0,gf,1.445,mm,OK,--,8:37:41 AM,1/10/2026,
1565,31.9,gf,1.445,mm,OK,--,8:37:42 AM,1/10/2026,
1566,31.9,gf,1.440,mm,OK,--,8:37:42 AM,1/10/2026,
1567,31.9,gf,1.440,mm,OK,--,8:37:42 AM,1/10/2026,
1568,32.0,gf,1.435,mm,OK,--,8:37:42 AM,1/10/2026,
1569,32.0,gf,1.435,mm,OK,--,8:37:42 AM,1/10/2026,
1570,32.1,gf,1.430,mm,OK,--,8:37:42 AM,1/10/2026,
1571,32.0,gf,1.425,mm,OK,--,8:37:42 AM,1/10/2026,
1572,32.0,gf,1.420,mm,OK,--,8:37:42 AM,1/10/2026,
1573,32.0,gf,1.410,mm,OK,--,8:37:42 AM,1/10/2026,
1574,31.9,gf,1.405,mm,OK,--,8:37:42 AM,1/10/2026,
1575,31.9,gf,1.400,mm,OK,--,8:37:43 AM,1/10/2026,
1576,32.0,gf,1.395,mm,OK,--,8:37:43 AM,1/10/2026,
1577,32.0,gf,1.390,mm,OK,--,8:37:43 AM,1/10/2026,
1578,31.9,gf,1.390,mm,OK,--,8:37:43 AM,1/10/2026,
1579,31.8,gf,1.385,mm,OK,--,8:37:43 AM,1/10/2026,
1580,32.0,gf,1.380,mm,OK,--,8:37:43 AM,1/10/2026,
1581,32.0,gf,1.370,mm,OK,--,8:37:43 AM,1/10/2026,
1582,31.9,gf,1.360,mm,OK,--,8:37:43 AM,1/10/2026,
1583,32.0,gf,1.350,mm,OK,--,8:37:43 AM,1/10/2026,
1584,31.9,gf,1.340,mm,OK,--,8:37:43 AM,1/10/2026,
1585,31.8,gf,1.330,mm,OK,--,8:37:44 AM,1/10/2026,
1586,31.7,gf,1.320,mm,OK,--,8:37:44 AM,1/10/2026,
1587,31.6,gf,1.310,mm,OK,--,8:37:44 AM,1/10/2026,
1588,31.5,gf,1.295,mm,OK,--,8:37:44 AM,1/10/2026,
1589,31.6,gf,1.285,mm,OK,--,8:37:44 AM,1/10/2026,
1590,31.5,gf,1.270,mm,OK,--,8:37:44 AM,1/10/2026,
1591,31.5,gf,1.260,mm,OK,--,8:37:44 AM,1/10/2026,
1592,31.3,gf,1.250,mm,OK,--,8:37:44 AM,1/10/2026,
1593,31.2,gf,1.240,mm,OK,--,8:37:44 AM,1/10/2026,
1594,31.3,gf,1.235,mm,OK,--,8:37:44 AM,1/10/2026,
1595,31.3,gf,1.225,mm,OK,--,8:37:45 AM,1/10/2026,
1596,31.1,gf,1.220,mm,OK,--,8:37:45 AM,1/10/2026,
1597,31.1,gf,1.215,mm,OK,--,8:37:45 AM,1/10/2026,
1598,31.1,gf,1.210,mm,OK,--,8:37:45 AM,1/10/2026,
1599,31.0,gf,1.200,mm,OK,--,8:37:45 AM,1/10/2026,
1600,31.0,gf,1.195,mm,OK,--,8:37:45 AM,1/10/2026,
1601,31.1,gf,1.185,mm,OK,--,8:37:45 AM,1/10/2026,
1602,31.0,gf,1.180,mm,OK,--,8:37:45 AM,1/10/2026,
1603,31.0,gf,1.170,mm,OK,--,8:37:45 AM,1/10/2026,
1604,31.0,gf,1.165,mm,OK,--,8:37:45 AM,1/10/2026,
1605,30.9,gf,1.155,mm,OK,--,8:37:46 AM,1/10/2026,
1606,31.0,gf,1.145,mm,OK,--,8:37:46 AM,1/10/2026,
1607,31.1,gf,1.140,mm,OK,--,8:37:46 AM,1/10/2026,
1608,31.0,gf,1.135,mm,OK,--,8:37:46 AM,1/10/2026,
1609,30.9,gf,1.130,mm,OK,--,8:37:46 AM,1/10/2026,
1610,30.8,gf,1.125,mm,OK,--,8:37:46 AM,1/10/2026,
1611,30.8,gf,1.120,mm,OK,--,8:37:46 AM,1/10/2026,
1612,30.9,gf,1.115,mm,OK,--,8:37:46 AM,1/10/2026,
1613,30.9,gf,1.110,mm,OK,--,8:37:46 AM,1/10/2026,
1614,30.9,gf,1.105,mm,OK,--,8:37:46 AM,1/10/2026,
1615,30.8,gf,1.105,mm,OK,--,8:37:47 AM,1/10/2026,
1616,30.8,gf,1.100,mm,OK,--,8:37:47 AM,1/10/2026,
1617,30.7,gf,1.095,mm,OK,--,8:37:47 AM,1/10/2026,
1618,30.5,gf,1.090,mm,OK,--,8:37:47 AM,1/10/2026,
1619,30.6,gf,1.085,mm,OK,--,8:37:47 AM,1/10/2026,
1620,30.7,gf,1.085,mm,OK,--,8:37:47 AM,1/10/2026,
1621,30.6,gf,1.080,mm,OK,--,8:37:47 AM,1/10/2026,
1622,30.5,gf,1.080,mm,OK,--,8:37:47 AM,1/10/2026,
1623,30.6,gf,1.075,mm,OK,--,8:37:47 AM,1/10/2026,
1624,30.5,gf,1.070,mm,OK,--,8:37:47 AM,1/10/2026,
1625,30.5,gf,1.065,mm,OK,--,8:37:48 AM,1/10/2026,
1626,30.5,gf,1.060,mm,OK,--,8:37:48 AM,1/10/2026,
1627,30.5,gf,1.055,mm,OK,--,8:37:48 AM,1/10/2026,
1628,30.4,gf,1.050,mm,OK,--,8:37:48 AM,1/10/2026,
1629,30.4,gf,1.050,mm,OK,--,8:37:48 AM,1/10/2026,
1630,30.3,gf,1.045,mm,OK,--,8:37:48 AM,1/10/2026,
1631,30.3,gf,1.045,mm,OK,--,8:37:48 AM,1/10/2026,
1632,30.2,gf,1.040,mm,OK,--,8:37:48 AM,1/10/2026,
1633,30.3,gf,1.035,mm,OK,--,8:37:48 AM,1/10/2026,
1634,30.3,gf,1.035,mm,OK,--,8:37:48 AM,1/10/2026,
1635,30.4,gf,1.030,mm,OK,--,8:37:49 AM,1/10/2026,
1636,30.3,gf,1.030,mm,OK,--,8:37:49 AM,1/10/2026,
1637,30.5,gf,1.025,mm,OK,--,8:37:49 AM,1/10/2026,
1638,30.5,gf,1.020,mm,OK,--,8:37:49 AM,1/10/2026,
1639,30.3,gf,1.015,mm,OK,--,8:37:49 AM,1/10/2026,
1640,30.1,gf,1.015,mm,OK,--,8:37:49 AM,1/10/2026,
1641,30.4,gf,1.010,mm,OK,--,8:37:49 AM,1/10/2026,
1642,30.2,gf,1.005,mm,OK,--,8:37:49 AM,1/10/2026,
1643,30.2,gf,1.000,mm,OK,--,8:37:49 AM,1/10/2026,
1644,30.2,gf,0.995,mm,OK,--,8:37:49 AM,1/10/2026,
1645,30.2,gf,0.990,mm,OK,--,8:37:50 AM,1/10/2026,
1646,30.3,gf,0.985,mm,OK,--,8:37:50 AM,1/10/2026,
1647,30.3,gf,0.975,mm,OK,--,8:37:50 AM,1/10/2026,
1648,30.2,gf,0.970,mm,OK,--,8:37:50 AM,1/10/2026,
1649,30.2,gf,0.965,mm,OK,--,8:37:50 AM,1/10/2026,
1650,30.1,gf,0.960,mm,OK,--,8:37:50 AM,1/10/2026,
1651,30.1,gf,0.960,mm,OK,--,8:37:50 AM,1/10/2026,
1652,30.0,gf,0.955,mm,OK,--,8:37:50 AM,1/10/2026,
1653,30.1,gf,0.945,mm,OK,--,8:37:50 AM,1/10/2026,
1654,30.0,gf,0.940,mm,OK,--,8:37:50 AM,1/10/2026,
1655,30.0,gf,0.940,mm,OK,--,8:37:51 AM,1/10/2026,
1656,30.1,gf,0.935,mm,OK,--,8:37:51 AM,1/10/2026,
1657,29.9,gf,0.930,mm,OK,--,8:37:51 AM,1/10/2026,
1658,29.8,gf,0.925,mm,OK,--,8:37:51 AM,1/10/2026,
1659,29.9,gf,0.920,mm,OK,--,8:37:51 AM,1/10/2026,
1660,30.0,gf,0.920,mm,OK,--,8:37:51 AM,1/10/2026,
1661,30.0,gf,0.915,mm,OK,--,8:37:51 AM,1/10/2026,
1662,29.9,gf,0.915,mm,OK,--,8:37:51 AM,1/10/2026,
1663,29.9,gf,0.910,mm,OK,--,8:37:51 AM,1/10/2026,
1664,29.9,gf,0.910,mm,OK,--,8:37:51 AM,1/10/2026,
1665,29.7,gf,0.905,mm,OK,--,8:37:52 AM,1/10/2026,
1666,29.8,gf,0.900,mm,OK,--,8:37:52 AM,1/10/2026,
1667,29.9,gf,0.895,mm,OK,--,8:37:52 AM,1/10/2026,
1668,29.7,gf,0.890,mm,OK,--,8:37:52 AM,1/10/2026,
1669,29.8,gf,0.890,mm,OK,--,8:37:52 AM,1/10/2026,
1670,29.8,gf,0.885,mm,OK,--,8:37:52 AM,1/10/2026,
1671,29.8,gf,0.885,mm,OK,--,8:37:52 AM,1/10/2026,
1672,29.7,gf,0.880,mm,OK,--,8:37:52 AM,1/10/2026,
1673,29.9,gf,0.875,mm,OK,--,8:37:52 AM,1/10/2026,
1674,29.8,gf,0.870,mm,OK,--,8:37:52 AM,1/10/2026,
1675,29.8,gf,0.865,mm,OK,--,8:37:53 AM,1/10/2026,
1676,29.7,gf,0.860,mm,OK,--,8:37:53 AM,1/10/2026,
1677,29.8,gf,0.855,mm,OK,--,8:37:53 AM,1/10/2026,
1678,29.8,gf,0.850,mm,OK,--,8:37:53 AM,1/10/2026,
1679,29.9,gf,0.850,mm,OK,--,8:37:53 AM,1/10/2026,
1680,29.7,gf,0.850,mm,OK,--,8:37:53 AM,1/10/2026,
1681,29.7,gf,0.845,mm,OK,--,8:37:53 AM,1/10/2026,
1682,29.7,gf,0.845,mm,OK,--,8:37:53 AM,1/10/2026,
1683,29.7,gf,0.845,mm,OK,--,8:37:53 AM,1/10/2026,
1684,29.6,gf,0.845,mm,OK,--,8:37:53 AM,1/10/2026,
1685,29.6,gf,0.845,mm,OK,--,8:37:54 AM,1/10/2026,
1686,29.6,gf,0.840,mm,OK,--,8:37:54 AM,1/10/2026,
1687,29.8,gf,0.835,mm,OK,--,8:37:54 AM,1/10/2026,
1688,29.7,gf,0.835,mm,OK,--,8:37:54 AM,1/10/2026,
1689,29.8,gf,0.830,mm,OK,--,8:37:54 AM,1/10/2026,
1690,29.8,gf,0.830,mm,OK,--,8:37:54 AM,1/10/2026,
1691,29.7,gf,0.825,mm,OK,--,8:37:54 AM,1/10/2026,
1692,29.7,gf,0.820,mm,OK,--,8:37:54 AM,1/10/2026,
1693,29.8,gf,0.815,mm,OK,--,8:37:54 AM,1/10/2026,
1694,29.7,gf,0.810,mm,OK,--,8:37:54 AM,1/10/2026,
1695,29.8,gf,0.805,mm,OK,--,8:37:55 AM,1/10/2026,
1696,29.7,gf,0.805,mm,OK,--,8:37:55 AM,1/10/2026,
1697,29.7,gf,0.800,mm,OK,--,8:37:55 AM,1/10/2026,
1698,29.7,gf,0.800,mm,OK,--,8:37:55 AM,1/10/2026,
1699,29.7,gf,0.795,mm,OK,--,8:37:55 AM,1/10/2026,
1700,29.6,gf,0.795,mm,OK,--,8:37:55 AM,1/10/2026,
1701,29.7,gf,0.795,mm,OK,--,8:37:55 AM,1/10/2026,
1702,29.6,gf,0.795,mm,OK,--,8:37:55 AM,1/10/2026,
1703,29.6,gf,0.790,mm,OK,--,8:37:55 AM,1/10/2026,
1704,29.5,gf,0.790,mm,OK,--,8:37:55 AM,1/10/2026,
1705,29.5,gf,0.790,mm,OK,--,8:37:56 AM,1/10/2026,
1706,29.5,gf,0.790,mm,OK,--,8:37:56 AM,1/10/2026,
1707,29.5,gf,0.785,mm,OK,--,8:37:56 AM,1/10/2026,
1708,29.5,gf,0.785,mm,OK,--,8:37:56 AM,1/10/2026,
1709,29.5,gf,0.780,mm,OK,--,8:37:56 AM,1/10/2026,
1710,29.5,gf,0.780,mm,OK,--,8:37:56 AM,1/10/2026,
1711,29.5,gf,0.780,mm,OK,--,8:37:56 AM,1/10/2026,
1712,29.5,gf,0.775,mm,OK,--,8:37:56 AM,1/10/2026,
1713,29.6,gf,0.770,mm,OK,--,8:37:56 AM,1/10/2026,
1714,29.7,gf,0.770,mm,OK,--,8:37:56 AM,1/10/2026,
1715,29.5,gf,0.765,mm,OK,--,8:37:57 AM,1/10/2026,
1716,29.4,gf,0.765,mm,OK,--,8:37:57 AM,1/10/2026,
1717,29.4,gf,0.760,mm,OK,--,8:37:57 AM,1/10/2026,
1718,29.3,gf,0.760,mm,OK,--,8:37:57 AM,1/10/2026,
1719,29.4,gf,0.755,mm,OK,--,8:37:57 AM,1/10/2026,
1720,29.6,gf,0.750,mm,OK,--,8:37:57 AM,1/10/2026,
1721,29.5,gf,0.750,mm,OK,--,8:37:57 AM,1/10/2026,
1722,29.4,gf,0.745,mm,OK,--,8:37:57 AM,1/10/2026,
1723,29.4,gf,0.740,mm,OK,--,8:37:57 AM,1/10/2026,
1724,29.5,gf,0.740,mm,OK,--,8:37:57 AM,1/10/2026,
1725,29.5,gf,0.730,mm,OK,--,8:37:58 AM,1/10/2026,
1726,29.5,gf,0.725,mm,OK,--,8:37:58 AM,1/10/2026,
1727,29.4,gf,0.720,mm,OK,--,8:37:58 AM,1/10/2026,
1728,29.3,gf,0.715,mm,OK,--,8:37:58 AM,1/10/2026,
1729,29.4,gf,0.710,mm,OK,--,8:37:58 AM,1/10/2026,
1730,29.3,gf,0.705,mm,OK,--,8:37:58 AM,1/10/2026,
1731,29.2,gf,0.700,mm,OK,--,8:37:58 AM,1/10/2026,
1732,29.2,gf,0.690,mm,OK,--,8:37:58 AM,1/10/2026,
1733,29.1,gf,0.685,mm,OK,--,8:37:58 AM,1/10/2026,
1734,29.3,gf,0.680,mm,OK,--,8:37:58 AM,1/10/2026,
1735,29.3,gf,0.670,mm,OK,--,8:37:59 AM,1/10/2026,
1736,29.3,gf,0.665,mm,OK,--,8:37:59 AM,1/10/2026,
1737,29.3,gf,0.655,mm,OK,--,8:37:59 AM,1/10/2026,
1738,29.4,gf,0.650,mm,OK,--,8:37:59 AM,1/10/2026,
1739,29.4,gf,0.640,mm,OK,--,8:37:59 AM,1/10/2026,
1740,29.4,gf,0.630,mm,OK,--,8:37:59 AM,1/10/2026,
1741,29.3,gf,0.625,mm,OK,--,8:37:59 AM,1/10/2026,
1742,29.2,gf,0.620,mm,OK,--,8:37:59 AM,1/10/2026,
1743,29.2,gf,0.610,mm,OK,--,8:37:59 AM,1/10/2026,
1744,29.1,gf,0.605,mm,OK,--,8:37:59 AM,1/10/2026,
1745,29.1,gf,0.600,mm,OK,--,8:38:00 AM,1/10/2026,
1746,29.2,gf,0.595,mm,OK,--,8:38:00 AM,1/10/2026,
1747,29.1,gf,0.590,mm,OK,--,8:38:00 AM,1/10/2026,
1748,29.1,gf,0.585,mm,OK,--,8:38:00 AM,1/10/2026,
1749,29.2,gf,0.580,mm,OK,--,8:38:00 AM,1/10/2026,
1750,29.2,gf,0.575,mm,OK,--,8:38:00 AM,1/10/2026,
1751,29.2,gf,0.570,mm,OK,--,8:38:00 AM,1/10/2026,
1752,29.2,gf,0.565,mm,OK,--,8:38:00 AM,1/10/2026,
1753,29.3,gf,0.560,mm,OK,--,8:38:00 AM,1/10/2026,
1754,29.2,gf,0.555,mm,OK,--,8:38:00 AM,1/10/2026,
1755,29.2,gf,0.555,mm,OK,--,8:38:01 AM,1/10/2026,
1756,29.2,gf,0.550,mm,OK,--,8:38:01 AM,1/10/2026,
1757,29.2,gf,0.545,mm,OK,--,8:38:01 AM,1/10/2026,
1758,29.2,gf,0.545,mm,OK,--,8:38:01 AM,1/10/2026,
1759,29.1,gf,0.540,mm,OK,--,8:38:01 AM,1/10/2026,
1760,29.0,gf,0.540,mm,OK,--,8:38:01 AM,1/10/2026,
1761,29.0,gf,0.535,mm,OK,--,8:38:01 AM,1/10/2026,
1762,29.1,gf,0.530,mm,OK,--,8:38:01 AM,1/10/2026,
1763,29.1,gf,0.520,mm,OK,--,8:38:01 AM,1/10/2026,
1764,29.1,gf,0.515,mm,OK,--,8:38:01 AM,1/10/2026,
1765,29.0,gf,0.510,mm,OK,--,8:38:02 AM,1/10/2026,
1766,29.0,gf,0.505,mm,OK,--,8:38:02 AM,1/10/2026,
1767,29.0,gf,0.500,mm,OK,--,8:38:02 AM,1/10/2026,
1768,28.9,gf,0.495,mm,OK,--,8:38:02 AM,1/10/2026,
1769,29.0,gf,0.490,mm,OK,--,8:38:02 AM,1/10/2026,
1770,29.0,gf,0.485,mm,OK,--,8:38:02 AM,1/10/2026,
1771,29.1,gf,0.480,mm,OK,--,8:38:02 AM,1/10/2026,
1772,29.1,gf,0.475,mm,OK,--,8:38:02 AM,1/10/2026,
1773,29.0,gf,0.470,mm,OK,--,8:38:02 AM,1/10/2026,
1774,29.1,gf,0.465,mm,OK,--,8:38:02 AM,1/10/2026,
1775,29.1,gf,0.460,mm,OK,--,8:38:03 AM,1/10/2026,
1776,29.0,gf,0.455,mm,OK,--,8:38:03 AM,1/10/2026,
1777,29.1,gf,0.450,mm,OK,--,8:38:03 AM,1/10/2026,
1778,29.2,gf,0.450,mm,OK,--,8:38:03 AM,1/10/2026,
1779,29.2,gf,0.445,mm,OK,--,8:38:03 AM,1/10/2026,
1780,29.1,gf,0.445,mm,OK,--,8:38:03 AM,1/10/2026,
1781,29.1,gf,0.440,mm,OK,--,8:38:03 AM,1/10/2026,
1782,29.1,gf,0.440,mm,OK,--,8:38:03 AM,1/10/2026,
1783,29.1,gf,0.435,mm,OK,--,8:38:03 AM,1/10/2026,
1784,29.1,gf,0.435,mm,OK,--,8:38:03 AM,1/10/2026,
1785,29.2,gf,0.430,mm,OK,--,8:38:04 AM,1/10/2026,
1786,29.1,gf,0.425,mm,OK,--,8:38:04 AM,1/10/2026,
1787,29.0,gf,0.425,mm,OK,--,8:38:04 AM,1/10/2026,
1788,29.1,gf,0.420,mm,OK,--,8:38:04 AM,1/10/2026,
1789,29.1,gf,0.415,mm,OK,--,8:38:04 AM,1/10/2026,
1790,29.0,gf,0.410,mm,OK,--,8:38:04 AM,1/10/2026,
1791,29.1,gf,0.405,mm,OK,--,8:38:04 AM,1/10/2026,
1792,29.0,gf,0.400,mm,OK,--,8:38:04 AM,1/10/2026,
1793,29.1,gf,0.395,mm,OK,--,8:38:04 AM,1/10/2026,
1794,29.1,gf,0.395,mm,OK,--,8:38:04 AM,1/10/2026,
1795,29.3,gf,0.390,mm,OK,--,8:38:05 AM,1/10/2026,
1796,29.3,gf,0.385,mm,OK,--,8:38:05 AM,1/10/2026,
1797,29.3,gf,0.380,mm,OK,--,8:38:05 AM,1/10/2026,
1798,29.3,gf,0.375,mm,OK,--,8:38:05 AM,1/10/2026,
1799,29.4,gf,0.365,mm,OK,--,8:38:05 AM,1/10/2026,
1800,29.4,gf,0.360,mm,OK,--,8:38:05 AM,1/10/2026,
1801,29.4,gf,0.355,mm,OK,--,8:38:05 AM,1/10/2026,
1802,26.2,gf,0.350,mm,OK,--,8:38:05 AM,1/10/2026,
1803,21.7,gf,0.340,mm,OK,--,8:38:05 AM,1/10/2026,
1804,19.9,gf,0.335,mm,OK,--,8:38:05 AM,1/10/2026,
1805,18.0,gf,0.330,mm,OK,--,8:38:06 AM,1/10/2026,
1806,16.9,gf,0.325,mm,OK,--,8:38:06 AM,1/10/2026,
1807,15.3,gf,0.325,mm,OK,--,8:38:06 AM,1/10/2026,
1808,12.4,gf,0.320,mm,OK,--,8:38:06 AM,1/10/2026,
1809,10.3,gf,0.315,mm,OK,--,8:38:06 AM,1/10/2026,
1810,9.0,gf,0.315,mm,OK,--,8:38:06 AM,1/10/2026,
1811,7.6,gf,0.310,mm,OK,--,8:38:06 AM,1/10/2026,
1812,6.1,gf,0.310,mm,OK,--,8:38:06 AM,1/10/2026,
1813,3.9,gf,0.305,mm,OK,--,8:38:06 AM,1/10/2026,
1814,0.7,gf,0.300,mm,OK,--,8:38:06 AM,1/10/2026,
1815,0.0,gf,0.300,mm,OK,--,8:38:07 AM,1/10/2026,
1816,0.0,gf,0.295,mm,OK,--,8:38:07 AM,1/10/2026,
1817,0.0,gf,0.295,mm,OK,--,8:38:07 AM,1/10/2026,
1818,0.1,gf,0.290,mm,OK,--,8:38:07 AM,1/10/2026,
1819,0.0,gf,0.280,mm,OK,--,8:38:07 AM,1/10/2026,
1820,0.0,gf,0.270,mm,OK,--,8:38:07 AM,1/10/2026,
1821,0.1,gf,0.245,mm,OK,--,8:38:07 AM,1/10/2026,
1822,0.0,gf,0.220,mm,OK,--,8:38:07 AM,1/10/2026,
1823,0.0,gf,0.205,mm,OK,--,8:38:07 AM,1/10/2026,
1824,0.1,gf,0.195,mm,OK,--,8:38:07 AM,1/10/2026,
1825,0.1,gf,0.195,mm,OK,--,8:38:08 AM,1/10/2026,
1826,0.0,gf,0.180,mm,OK,--,8:38:08 AM,1/10/2026,
1827,0.0,gf,0.165,mm,OK,--,8:38:08 AM,1/10/2026,
1828,0.0,gf,0.150,mm,OK,--,8:38:08 AM,1/10/2026,
1829,0.0,gf,0.140,mm,OK,--,8:38:08 AM,1/10/2026,
1830,0.0,gf,0.135,mm,OK,--,8:38:08 AM,1/10/2026,
1831,0.0,gf,0.130,mm,OK,--,8:38:08 AM,1/10/2026,
1832,0.0,gf,0.130,mm,OK,--,8:38:08 AM,1/10/2026,
1833,0.0,gf,0.130,mm,OK,--,8:38:08 AM,1/10/2026,
1834,0.0,gf,0.130,mm,OK,--,8:38:08 AM,1/10/2026,
1835,-0.1,gf,0.130,mm,OK,--,8:38:09 AM,1/10/2026,
1836,0.0,gf,0.130,mm,OK,--,8:38:09 AM,1/10/2026,
1837,0.1,gf,0.130,mm,OK,--,8:38:09 AM,1/10/2026,
1838,0.1,gf,0.130,mm,OK,--,8:38:09 AM,1/10/2026,
1839,0.0,gf,0.130,mm,OK,--,8:38:09 AM,1/10/2026,
1840,-0.1,gf,0.130,mm,OK,--,8:38:09 AM,1/10/2026,
1841,0.1,gf,0.130,mm,OK,--,8:38:09 AM,1/10/2026,
1842,0.1,gf,0.130,mm,OK,--,8:38:09 AM,1/10/2026,
1843,0.0,gf,0.135,mm,OK,--,8:38:09 AM,1/10/2026,
1844,0.0,gf,0.135,mm,OK,--,8:38:09 AM,1/10/2026,
1845,0.0,gf,0.135,mm,OK,--,8:38:10 AM,1/10/2026,
1846,0.1,gf,0.135,mm,OK,--,8:38:10 AM,1/10/2026,
1847,0.0,gf,0.135,mm,OK,--,8:38:10 AM,1/10/2026,
1848,0.0,gf,0.140,mm,OK,--,8:38:10 AM,1/10/2026,
1849,0.0,gf,0.140,mm,OK,--,8:38:10 AM,1/10/2026,
1850,0.1,gf,0.140,mm,OK,--,8:38:10 AM,1/10/2026,
1851,0.1,gf,0.140,mm,OK,--,8:38:10 AM,1/10/2026,
1852,0.0,gf,0.140,mm,OK,--,8:38:10 AM,1/10/2026,
1853,0.0,gf,0.140,mm,OK,--,8:38:10 AM,1/10/2026,
