Maximum,193.0,@,No.1049,,,,,,
Minimum,-0.1,@,No.9,,,,,,
Average,53.45,,,,,,,,
Data Quantity,1843,,,,,,,,
Number of NG,0,,,,,,,,
No.,Force,Unit,Displacement,Unit,Judge,Position,Time,Date,
1,0.0,gf,0.000,mm,OK,--,8:45:53 PM,7/9/2026,
2,0.0,gf,0.000,mm,OK,--,8:45:53 PM,7/9/2026,
3,0.0,gf,0.000,mm,OK,--,8:45:53 PM,7/9/2026,
4,0.0,gf,0.005,mm,OK,--,8:45:53 PM,7/9/2026,
5,0.1,gf,0.005,mm,OK,--,8:45:53 PM,7/9/2026,
6,0.0,gf,0.005,mm,OK,--,8:45:53 PM,7/9/2026,
7,0.0,gf,0.005,mm,OK,--,8:45:53 PM,7/9/2026,
8,0.0,gf,0.005,mm,OK,--,8:45:53 PM,7/9/2026,
9,-0.1,gf,0.005,mm,OK,--,8:45:53 PM,7/9/2026,
10,-0.1,gf,0.005,mm,OK,--,8:45:53 PM,7/9/2026,
11,0.1,gf,0.010,mm,OK,--,8:45:54 PM,7/9/2026,
12,0.0,gf,0.010,mm,OK,--,8:45:54 PM,7/9/2026,
13,-0.1,gf,0.010,mm,OK,--,8:45:54 PM,7/9/2026,
14,0.0,gf,0.010,mm,OK,--,8:45:54 PM,7/9/2026,
15,0.0,gf,0.010,mm,OK,--,8:45:54 PM,7/9/2026,
16,0.0,gf,0.015,mm,OK,--,8:45:54 PM,7/9/2026,
17,0.0,gf,0.015,mm,OK,--,8:45:54 PM,7/9/2026,
18,0.0,gf,0.015,mm,OK,--,8:45:54 PM,7/9/2026,
19,0.0,gf,0.015,mm,OK,--,8:45:54 PM,7/9/2026,
20,0.0,gf,0.020,mm,OK,--,8:45:54 PM,7/9/2026,
21,0.0,gf,0.020,mm,OK,--,8:45:55 PM,7/9/2026,
22,0.0,gf,0.025,mm,OK,--,8:45:55 PM,7/9/2026,
23,0.0,gf,0.025,mm,OK,--,8:45:55 PM,7/9/2026,
24,0.0,gf,0.025,mm,OK,--,8:45:55 PM,7/9/2026,
25,0.0,gf,0.030,mm,OK,--,8:45:55 PM,7/9/2026,
26,0.0,gf,0.030,mm,OK,--,8:45:55 PM,7/9/2026,
27,0.0,gf,0.030,mm,OK,--,8:45:55 PM,7/9/2026,
28,0.0,gf,0.035,mm,OK,--,8:45:55 PM,7/9/2026,
29,0.0,gf,0.035,mm,OK,--,8:45:55 PM,7/9/2026,
30,0.0,gf,0.040,mm,OK,--,8:45:55 PM,7/9/2026,
31,0.0,gf,0.040,mm,OK,--,8:45:56 PM,7/9/2026,
32,0.0,gf,0.040,mm,OK,--,8:45:56 PM,7/9/2026,
33,0.0,gf,0.040,mm,OK,--,8:45:56 PM,7/9/2026,
34,0.0,gf,0.045,mm,OK,--,8:45:56 PM,7/9/2026,
35,0.0,gf,0.045,mm,OK,--,8:45:56 PM,7/9/2026,
36,0.0,gf,0.050,mm,OK,--,8:45:56 PM,7/9/2026,
37,0.0,gf,0.050,mm,OK,--,8:45:56 PM,7/9/2026,
38,0.0,gf,0.055,mm,OK,--,8:45:56 PM,7/9/2026,
39,0.0,gf,0.055,mm,OK,--,8:45:56 PM,7/9/2026,
40,0.0,gf,0.055,mm,OK,--,8:45:56 PM,7/9/2026,
41,0.0,gf,0.060,mm,OK,--,8:45:57 PM,7/9/2026,
42,0.0,gf,0.060,mm,OK,--,8:45:57 PM,7/9/2026,
43,0.0,gf,0.060,mm,OK,--,8:45:57 PM,7/9/2026,
44,0.0,gf,0.060,mm,OK,--,8:45:57 PM,7/9/2026,
45,0.0,gf,0.060,mm,OK,--,8:45:57 PM,7/9/2026,
46,0.0,gf,0.065,mm,OK,--,8:45:57 PM,7/9/2026,
47,0.0,gf,0.065,mm,OK,--,8:45:57 PM,7/9/2026,
48,0.0,gf,0.065,mm,OK,--,8:45:57 PM,7/9/2026,
49,0.1,gf,0.065,mm,OK,--,8:45:57 PM,7/9/2026,
50,0.0,gf,0.070,mm,OK,--,8:45:57 PM,7/9/2026,
51,0.0,gf,0.075,mm,OK,--,8:45:58 PM,7/9/2026,
52,0.1,gf,0.080,mm,OK,--,8:45:58 PM,7/9/2026,
53,0.0,gf,0.080,mm,OK,--,8:45:58 PM,7/9/2026,
54,0.0,gf,0.080,mm,OK,--,8:45:58 PM,7/9/2026,
55,0.0,gf,0.085,mm,OK,--,8:45:58 PM,7/9/2026,
56,0.0,gf,0.090,mm,OK,--,8:45:58 PM,7/9/2026,
57,0.0,gf,0.095,mm,OK,--,8:45:58 PM,7/9/2026,
58,0.0,gf,0.100,mm,OK,--,8:45:58 PM,7/9/2026,
59,0.0,gf,0.110,mm,OK,--,8:45:58 PM,7/9/2026,
60,0.0,gf,0.115,mm,OK,--,8:45:58 PM,7/9/2026,
61,0.0,gf,0.125,mm,OK,--,8:45:59 PM,7/9/2026,
62,0.0,gf,0.130,mm,OK,--,8:45:59 PM,7/9/2026,
63,0.0,gf,0.140,mm,OK,--,8:45:59 PM,7/9/2026,
64,1.6,gf,0.145,mm,OK,--,8:45:59 PM,7/9/2026,
65,5.0,gf,0.150,mm,OK,--,8:45:59 PM,7/9/2026,
66,9.8,gf,0.155,mm,OK,--,8:45:59 PM,7/9/2026,
67,14.0,gf,0.160,mm,OK,--,8:45:59 PM,7/9/2026,
68,18.1,gf,0.160,mm,OK,--,8:45:59 PM,7/9/2026,
69,22.1,gf,0.165,mm,OK,--,8:45:59 PM,7/9/2026,
70,27.6,gf,0.170,mm,OK,--,8:45:59 PM,7/9/2026,
71,33.7,gf,0.180,mm,OK,--,8:46:00 PM,7/9/2026,
72,36.9,gf,0.180,mm,OK,--,8:46:00 PM,7/9/2026,
73,39.8,gf,0.185,mm,OK,--,8:46:00 PM,7/9/2026,
74,42.4,gf,0.185,mm,OK,--,8:46:00 PM,7/9/2026,
75,43.0,gf,0.190,mm,OK,--,8:46:00 PM,7/9/2026,
76,43.5,gf,0.190,mm,OK,--,8:46:00 PM,7/9/2026,
77,43.9,gf,0.190,mm,OK,--,8:46:00 PM,7/9/2026,
78,44.4,gf,0.190,mm,OK,--,8:46:00 PM,7/9/2026,
79,44.9,gf,0.190,mm,OK,--,8:46:00 PM,7/9/2026,
80,45.4,gf,0.190,mm,OK,--,8:46:00 PM,7/9/2026,
81,46.5,gf,0.190,mm,OK,--,8:46:01 PM,7/9/2026,
82,47.5,gf,0.195,mm,OK,--,8:46:01 PM,7/9/2026,
83,48.8,gf,0.195,mm,OK,--,8:46:01 PM,7/9/2026,
84,50.0,gf,0.195,mm,OK,--,8:46:01 PM,7/9/2026,
85,50.3,gf,0.195,mm,OK,--,8:46:01 PM,7/9/2026,
86,50.6,gf,0.200,mm,OK,--,8:46:01 PM,7/9/2026,
87,50.7,gf,0.200,mm,OK,--,8:46:01 PM,7/9/2026,
88,50.8,gf,0.200,mm,OK,--,8:46:01 PM,7/9/2026,
89,51.0,gf,0.200,mm,OK,--,8:46:01 PM,7/9/2026,
90,51.2,gf,0.200,mm,OK,--,8:46:01 PM,7/9/2026,
91,51.3,gf,0.200,mm,OK,--,8:46:02 PM,7/9/2026,
92,51.4,gf,0.200,mm,OK,--,8:46:02 PM,7/9/2026,
93,51.5,gf,0.200,mm,OK,--,8:46:02 PM,7/9/2026,
94,52.1,gf,0.200,mm,OK,--,8:46:02 PM,7/9/2026,
95,52.3,gf,0.205,mm,OK,--,8:46:02 PM,7/9/2026,
96,52.5,gf,0.205,mm,OK,--,8:46:02 PM,7/9/2026,
97,53.1,gf,0.205,mm,OK,--,8:46:02 PM,7/9/2026,
98,53.6,gf,0.210,mm,OK,--,8:46:02 PM,7/9/2026,
99,53.7,gf,0.210,mm,OK,--,8:46:02 PM,7/9/2026,
100,53.2,gf,0.215,mm,OK,--,8:46:02 PM,7/9/2026,
101,53.0,gf,0.220,mm,OK,--,8:46:03 PM,7/9/2026,
102,52.9,gf,0.220,mm,OK,--,8:46:03 PM,7/9/2026,
103,52.9,gf,0.225,mm,OK,--,8:46:03 PM,7/9/2026,
104,52.8,gf,0.225,mm,OK,--,8:46:03 PM,7/9/2026,
105,52.6,gf,0.230,mm,OK,--,8:46:03 PM,7/9/2026,
106,52.7,gf,0.230,mm,OK,--,8:46:03 PM,7/9/2026,
107,52.7,gf,0.235,mm,OK,--,8:46:03 PM,7/9/2026,
108,52.5,gf,0.240,mm,OK,--,8:46:03 PM,7/9/2026,
109,52.4,gf,0.245,mm,OK,--,8:46:03 PM,7/9/2026,
110,52.3,gf,0.245,mm,OK,--,8:46:03 PM,7/9/2026,
111,52.3,gf,0.250,mm,OK,--,8:46:04 PM,7/9/2026,
112,52.3,gf,0.255,mm,OK,--,8:46:04 PM,7/9/2026,
113,52.3,gf,0.260,mm,OK,--,8:46:04 PM,7/9/2026,
114,52.2,gf,0.260,mm,OK,--,8:46:04 PM,7/9/2026,
115,52.2,gf,0.265,mm,OK,--,8:46:04 PM,7/9/2026,
116,52.2,gf,0.270,mm,OK,--,8:46:04 PM,7/9/2026,
117,52.2,gf,0.275,mm,OK,--,8:46:04 PM,7/9/2026,
118,52.2,gf,0.280,mm,OK,--,8:46:04 PM,7/9/2026,
119,52.1,gf,0.285,mm,OK,--,8:46:04 PM,7/9/2026,
120,52.1,gf,0.290,mm,OK,--,8:46:04 PM,7/9/2026,
121,52.1,gf,0.295,mm,OK,--,8:46:05 PM,7/9/2026,
122,52.0,gf,0.300,mm,OK,--,8:46:05 PM,7/9/2026,
123,51.9,gf,0.305,mm,OK,--,8:46:05 PM,7/9/2026,
124,51.8,gf,0.315,mm,OK,--,8:46:05 PM,7/9/2026,
125,51.7,gf,0.325,mm,OK,--,8:46:05 PM,7/9/2026,
126,51.7,gf,0.330,mm,OK,--,8:46:05 PM,7/9/2026,
127,51.8,gf,0.340,mm,OK,--,8:46:05 PM,7/9/2026,
128,51.8,gf,0.350,mm,OK,--,8:46:05 PM,7/9/2026,
129,51.8,gf,0.355,mm,OK,--,8:46:05 PM,7/9/2026,
130,51.9,gf,0.360,mm,OK,--,8:46:05 PM,7/9/2026,
131,51.8,gf,0.370,mm,OK,--,8:46:06 PM,7/9/2026,
132,51.6,gf,0.375,mm,OK,--,8:46:06 PM,7/9/2026,
133,51.6,gf,0.380,mm,OK,--,8:46:06 PM,7/9/2026,
134,51.7,gf,0.380,mm,OK,--,8:46:06 PM,7/9/2026,
135,51.5,gf,0.385,mm,OK,--,8:46:06 PM,7/9/2026,
136,51.5,gf,0.390,mm,OK,--,8:46:06 PM,7/9/2026,
137,51.4,gf,0.395,mm,OK,--,8:46:06 PM,7/9/2026,
138,51.4,gf,0.395,mm,OK,--,8:46:06 PM,7/9/2026,
139,51.3,gf,0.400,mm,OK,--,8:46:06 PM,7/9/2026,
140,51.3,gf,0.405,mm,OK,--,8:46:06 PM,7/9/2026,
141,51.4,gf,0.405,mm,OK,--,8:46:07 PM,7/9/2026,
142,51.3,gf,0.410,mm,OK,--,8:46:07 PM,7/9/2026,
143,51.4,gf,0.410,mm,OK,--,8:46:07 PM,7/9/2026,
144,51.4,gf,0.415,mm,OK,--,8:46:07 PM,7/9/2026,
145,51.4,gf,0.415,mm,OK,--,8:46:07 PM,7/9/2026,
146,51.4,gf,0.420,mm,OK,--,8:46:07 PM,7/9/2026,
147,51.4,gf,0.425,mm,OK,--,8:46:07 PM,7/9/2026,
148,51.3,gf,0.430,mm,OK,--,8:46:07 PM,7/9/2026,
149,51.3,gf,0.435,mm,OK,--,8:46:07 PM,7/9/2026,
150,51.2,gf,0.445,mm,OK,--,8:46:07 PM,7/9/2026,
151,51.2,gf,0.455,mm,OK,--,8:46:08 PM,7/9/2026,
152,51.1,gf,0.460,mm,OK,--,8:46:08 PM,7/9/2026,
153,51.2,gf,0.465,mm,OK,--,8:46:08 PM,7/9/2026,
154,51.1,gf,0.475,mm,OK,--,8:46:08 PM,7/9/2026,
155,50.9,gf,0.485,mm,OK,--,8:46:08 PM,7/9/2026,
156,51.1,gf,0.490,mm,OK,--,8:46:08 PM,7/9/2026,
157,51.0,gf,0.500,mm,OK,--,8:46:08 PM,7/9/2026,
158,50.9,gf,0.510,mm,OK,--,8:46:08 PM,7/9/2026,
159,50.9,gf,0.515,mm,OK,--,8:46:08 PM,7/9/2026,
160,50.8,gf,0.520,mm,OK,--,8:46:08 PM,7/9/2026,
161,50.8,gf,0.525,mm,OK,--,8:46:09 PM,7/9/2026,
162,50.7,gf,0.535,mm,OK,--,8:46:09 PM,7/9/2026,
163,50.7,gf,0.540,mm,OK,--,8:46:09 PM,7/9/2026,
164,50.7,gf,0.545,mm,OK,--,8:46:09 PM,7/9/2026,
165,50.8,gf,0.545,mm,OK,--,8:46:09 PM,7/9/2026,
166,50.7,gf,0.550,mm,OK,--,8:46:09 PM,7/9/2026,
167,50.8,gf,0.555,mm,OK,--,8:46:09 PM,7/9/2026,
168,50.6,gf,0.560,mm,OK,--,8:46:09 PM,7/9/2026,
169,50.4,gf,0.560,mm,OK,--,8:46:09 PM,7/9/2026,
170,50.6,gf,0.565,mm,OK,--,8:46:09 PM,7/9/2026,
171,50.7,gf,0.565,mm,OK,--,8:46:10 PM,7/9/2026,
172,50.5,gf,0.570,mm,OK,--,8:46:10 PM,7/9/2026,
173,50.3,gf,0.570,mm,OK,--,8:46:10 PM,7/9/2026,
174,50.2,gf,0.575,mm,OK,--,8:46:10 PM,7/9/2026,
175,50.3,gf,0.575,mm,OK,--,8:46:10 PM,7/9/2026,
176,50.3,gf,0.575,mm,OK,--,8:46:10 PM,7/9/2026,
177,50.3,gf,0.580,mm,OK,--,8:46:10 PM,7/9/2026,
178,50.3,gf,0.580,mm,OK,--,8:46:10 PM,7/9/2026,
179,50.3,gf,0.585,mm,OK,--,8:46:10 PM,7/9/2026,
180,50.3,gf,0.590,mm,OK,--,8:46:10 PM,7/9/2026,
181,50.3,gf,0.595,mm,OK,--,8:46:11 PM,7/9/2026,
182,50.2,gf,0.595,mm,OK,--,8:46:11 PM,7/9/2026,
183,50.2,gf,0.600,mm,OK,--,8:46:11 PM,7/9/2026,
184,50.1,gf,0.600,mm,OK,--,8:46:11 PM,7/9/2026,
185,50.1,gf,0.605,mm,OK,--,8:46:11 PM,7/9/2026,
186,50.0,gf,0.610,mm,OK,--,8:46:11 PM,7/9/2026,
187,50.0,gf,0.610,mm,OK,--,8:46:11 PM,7/9/2026,
188,49.9,gf,0.610,mm,OK,--,8:46:11 PM,7/9/2026,
189,50.0,gf,0.615,mm,OK,--,8:46:11 PM,7/9/2026,
190,50.0,gf,0.615,mm,OK,--,8:46:11 PM,7/9/2026,
191,49.8,gf,0.620,mm,OK,--,8:46:12 PM,7/9/2026,
192,49.6,gf,0.620,mm,OK,--,8:46:12 PM,7/9/2026,
193,49.6,gf,0.620,mm,OK,--,8:46:12 PM,7/9/2026,
194,49.8,gf,0.625,mm,OK,--,8:46:12 PM,7/9/2026,
195,49.8,gf,0.625,mm,OK,--,8:46:12 PM,7/9/2026,
196,49.8,gf,0.625,mm,OK,--,8:46:12 PM,7/9/2026,
197,49.7,gf,0.625,mm,OK,--,8:46:12 PM,7/9/2026,
198,49.6,gf,0.630,mm,OK,--,8:46:12 PM,7/9/2026,
199,49.7,gf,0.630,mm,OK,--,8:46:12 PM,7/9/2026,
200,49.7,gf,0.630,mm,OK,--,8:46:12 PM,7/9/2026,
201,49.8,gf,0.630,mm,OK,--,8:46:13 PM,7/9/2026,
202,49.6,gf,0.630,mm,OK,--,8:46:13 PM,7/9/2026,
203,49.7,gf,0.630,mm,OK,--,8:46:13 PM,7/9/2026,
204,49.9,gf,0.635,mm,OK,--,8:46:13 PM,7/9/2026,
205,49.9,gf,0.635,mm,OK,--,8:46:13 PM,7/9/2026,
206,49.7,gf,0.635,mm,OK,--,8:46:13 PM,7/9/2026,
207,49.8,gf,0.640,mm,OK,--,8:46:13 PM,7/9/2026,
208,49.8,gf,0.640,mm,OK,--,8:46:13 PM,7/9/2026,
209,49.7,gf,0.640,mm,OK,--,8:46:13 PM,7/9/2026,
210,49.5,gf,0.645,mm,OK,--,8:46:13 PM,7/9/2026,
211,49.3,gf,0.645,mm,OK,--,8:46:14 PM,7/9/2026,
212,49.7,gf,0.645,mm,OK,--,8:46:14 PM,7/9/2026,
213,49.8,gf,0.645,mm,OK,--,8:46:14 PM,7/9/2026,
214,49.7,gf,0.650,mm,OK,--,8:46:14 PM,7/9/2026,
215,49.6,gf,0.650,mm,OK,--,8:46:14 PM,7/9/2026,
216,50.0,gf,0.655,mm,OK,--,8:46:14 PM,7/9/2026,
217,49.6,gf,0.655,mm,OK,--,8:46:14 PM,7/9/2026,
218,49.2,gf,0.665,mm,OK,--,8:46:14 PM,7/9/2026,
219,49.3,gf,0.665,mm,OK,--,8:46:14 PM,7/9/2026,
220,48.9,gf,0.665,mm,OK,--,8:46:14 PM,7/9/2026,
221,49.3,gf,0.670,mm,OK,--,8:46:15 PM,7/9/2026,
222,49.1,gf,0.670,mm,OK,--,8:46:15 PM,7/9/2026,
223,49.1,gf,0.670,mm,OK,--,8:46:15 PM,7/9/2026,
224,48.9,gf,0.670,mm,OK,--,8:46:15 PM,7/9/2026,
225,48.8,gf,0.670,mm,OK,--,8:46:15 PM,7/9/2026,
226,49.1,gf,0.670,mm,OK,--,8:46:15 PM,7/9/2026,
227,49.4,gf,0.670,mm,OK,--,8:46:15 PM,7/9/2026,
228,49.8,gf,0.675,mm,OK,--,8:46:15 PM,7/9/2026,
229,49.3,gf,0.680,mm,OK,--,8:46:15 PM,7/9/2026,
230,49.1,gf,0.680,mm,OK,--,8:46:15 PM,7/9/2026,
231,48.9,gf,0.685,mm,OK,--,8:46:16 PM,7/9/2026,
232,48.8,gf,0.685,mm,OK,--,8:46:16 PM,7/9/2026,
233,48.8,gf,0.685,mm,OK,--,8:46:16 PM,7/9/2026,
234,49.0,gf,0.685,mm,OK,--,8:46:16 PM,7/9/2026,
235,49.0,gf,0.685,mm,OK,--,8:46:16 PM,7/9/2026,
236,49.0,gf,0.685,mm,OK,--,8:46:16 PM,7/9/2026,
237,49.7,gf,0.690,mm,OK,--,8:46:16 PM,7/9/2026,
238,49.1,gf,0.690,mm,OK,--,8:46:16 PM,7/9/2026,
239,48.9,gf,0.695,mm,OK,--,8:46:16 PM,7/9/2026,
240,48.6,gf,0.700,mm,OK,--,8:46:16 PM,7/9/2026,
241,48.5,gf,0.700,mm,OK,--,8:46:17 PM,7/9/2026,
242,48.5,gf,0.700,mm,OK,--,8:46:17 PM,7/9/2026,
243,48.6,gf,0.700,mm,OK,--,8:46:17 PM,7/9/2026,
244,48.8,gf,0.700,mm,OK,--,8:46:17 PM,7/9/2026,
245,48.8,gf,0.700,mm,OK,--,8:46:17 PM,7/9/2026,
246,48.9,gf,0.700,mm,OK,--,8:46:17 PM,7/9/2026,
247,48.9,gf,0.700,mm,OK,--,8:46:17 PM,7/9/2026,
248,49.0,gf,0.700,mm,OK,--,8:46:17 PM,7/9/2026,
249,49.0,gf,0.705,mm,OK,--,8:46:17 PM,7/9/2026,
250,49.0,gf,0.705,mm,OK,--,8:46:17 PM,7/9/2026,
251,49.0,gf,0.705,mm,OK,--,8:46:18 PM,7/9/2026,
252,48.9,gf,0.705,mm,OK,--,8:46:18 PM,7/9/2026,
253,48.9,gf,0.710,mm,OK,--,8:46:18 PM,7/9/2026,
254,48.8,gf,0.710,mm,OK,--,8:46:18 PM,7/9/2026,
255,48.9,gf,0.710,mm,OK,--,8:46:18 PM,7/9/2026,
256,49.0,gf,0.710,mm,OK,--,8:46:18 PM,7/9/2026,
257,49.0,gf,0.710,mm,OK,--,8:46:18 PM,7/9/2026,
258,49.0,gf,0.715,mm,OK,--,8:46:18 PM,7/9/2026,
259,49.0,gf,0.715,mm,OK,--,8:46:18 PM,7/9/2026,
260,49.1,gf,0.715,mm,OK,--,8:46:18 PM,7/9/2026,
261,49.0,gf,0.720,mm,OK,--,8:46:19 PM,7/9/2026,
262,48.9,gf,0.720,mm,OK,--,8:46:19 PM,7/9/2026,
263,48.9,gf,0.725,mm,OK,--,8:46:19 PM,7/9/2026,
264,48.8,gf,0.725,mm,OK,--,8:46:19 PM,7/9/2026,
265,48.8,gf,0.725,mm,OK,--,8:46:19 PM,7/9/2026,
266,48.9,gf,0.730,mm,OK,--,8:46:19 PM,7/9/2026,
267,48.8,gf,0.730,mm,OK,--,8:46:19 PM,7/9/2026,
268,48.7,gf,0.735,mm,OK,--,8:46:19 PM,7/9/2026,
269,48.6,gf,0.740,mm,OK,--,8:46:19 PM,7/9/2026,
270,48.5,gf,0.745,mm,OK,--,8:46:19 PM,7/9/2026,
271,48.5,gf,0.750,mm,OK,--,8:46:20 PM,7/9/2026,
272,48.5,gf,0.755,mm,OK,--,8:46:20 PM,7/9/2026,
273,48.2,gf,0.755,mm,OK,--,8:46:20 PM,7/9/2026,
274,48.2,gf,0.760,mm,OK,--,8:46:20 PM,7/9/2026,
275,48.2,gf,0.765,mm,OK,--,8:46:20 PM,7/9/2026,
276,48.0,gf,0.770,mm,OK,--,8:46:20 PM,7/9/2026,
277,48.0,gf,0.775,mm,OK,--,8:46:20 PM,7/9/2026,
278,47.9,gf,0.780,mm,OK,--,8:46:20 PM,7/9/2026,
279,48.0,gf,0.780,mm,OK,--,8:46:20 PM,7/9/2026,
280,48.0,gf,0.785,mm,OK,--,8:46:20 PM,7/9/2026,
281,48.0,gf,0.790,mm,OK,--,8:46:21 PM,7/9/2026,
282,47.9,gf,0.790,mm,OK,--,8:46:21 PM,7/9/2026,
283,47.8,gf,0.795,mm,OK,--,8:46:21 PM,7/9/2026,
284,47.8,gf,0.800,mm,OK,--,8:46:21 PM,7/9/2026,
285,47.8,gf,0.805,mm,OK,--,8:46:21 PM,7/9/2026,
286,47.7,gf,0.805,mm,OK,--,8:46:21 PM,7/9/2026,
287,47.7,gf,0.810,mm,OK,--,8:46:21 PM,7/9/2026,
288,47.7,gf,0.815,mm,OK,--,8:46:21 PM,7/9/2026,
289,47.7,gf,0.820,mm,OK,--,8:46:21 PM,7/9/2026,
290,47.7,gf,0.825,mm,OK,--,8:46:21 PM,7/9/2026,
291,47.3,gf,0.830,mm,OK,--,8:46:22 PM,7/9/2026,
292,47.2,gf,0.840,mm,OK,--,8:46:22 PM,7/9/2026,
293,47.1,gf,0.845,mm,OK,--,8:46:22 PM,7/9/2026,
294,47.0,gf,0.850,mm,OK,--,8:46:22 PM,7/9/2026,
295,47.1,gf,0.855,mm,OK,--,8:46:22 PM,7/9/2026,
296,47.1,gf,0.860,mm,OK,--,8:46:22 PM,7/9/2026,
297,47.0,gf,0.865,mm,OK,--,8:46:22 PM,7/9/2026,
298,46.8,gf,0.875,mm,OK,--,8:46:22 PM,7/9/2026,
299,46.7,gf,0.880,mm,OK,--,8:46:22 PM,7/9/2026,
300,46.7,gf,0.890,mm,OK,--,8:46:22 PM,7/9/2026,
301,46.7,gf,0.890,mm,OK,--,8:46:23 PM,7/9/2026,
302,46.6,gf,0.895,mm,OK,--,8:46:23 PM,7/9/2026,
303,46.5,gf,0.905,mm,OK,--,8:46:23 PM,7/9/2026,
304,46.4,gf,0.910,mm,OK,--,8:46:23 PM,7/9/2026,
305,46.4,gf,0.910,mm,OK,--,8:46:23 PM,7/9/2026,
306,46.4,gf,0.915,mm,OK,--,8:46:23 PM,7/9/2026,
307,46.3,gf,0.920,mm,OK,--,8:46:23 PM,7/9/2026,
308,46.0,gf,0.920,mm,OK,--,8:46:23 PM,7/9/2026,
309,46.0,gf,0.920,mm,OK,--,8:46:23 PM,7/9/2026,
310,46.3,gf,0.920,mm,OK,--,8:46:23 PM,7/9/2026,
311,46.3,gf,0.920,mm,OK,--,8:46:24 PM,7/9/2026,
312,46.4,gf,0.920,mm,OK,--,8:46:24 PM,7/9/2026,
313,46.3,gf,0.925,mm,OK,--,8:46:24 PM,7/9/2026,
314,46.3,gf,0.925,mm,OK,--,8:46:24 PM,7/9/2026,
315,46.5,gf,0.925,mm,OK,--,8:46:24 PM,7/9/2026,
316,46.6,gf,0.925,mm,OK,--,8:46:24 PM,7/9/2026,
317,46.7,gf,0.930,mm,OK,--,8:46:24 PM,7/9/2026,
318,46.5,gf,0.935,mm,OK,--,8:46:24 PM,7/9/2026,
319,46.3,gf,0.940,mm,OK,--,8:46:24 PM,7/9/2026,
320,46.1,gf,0.945,mm,OK,--,8:46:24 PM,7/9/2026,
321,46.1,gf,0.945,mm,OK,--,8:46:25 PM,7/9/2026,
322,46.1,gf,0.950,mm,OK,--,8:46:25 PM,7/9/2026,
323,46.1,gf,0.950,mm,OK,--,8:46:25 PM,7/9/2026,
324,46.1,gf,0.950,mm,OK,--,8:46:25 PM,7/9/2026,
325,46.3,gf,0.955,mm,OK,--,8:46:25 PM,7/9/2026,
326,46.2,gf,0.955,mm,OK,--,8:46:25 PM,7/9/2026,
327,46.1,gf,0.960,mm,OK,--,8:46:25 PM,7/9/2026,
328,46.0,gf,0.960,mm,OK,--,8:46:25 PM,7/9/2026,
329,46.0,gf,0.960,mm,OK,--,8:46:25 PM,7/9/2026,
330,46.1,gf,0.960,mm,OK,--,8:46:25 PM,7/9/2026,
331,46.1,gf,0.965,mm,OK,--,8:46:26 PM,7/9/2026,
332,46.1,gf,0.965,mm,OK,--,8:46:26 PM,7/9/2026,
333,46.2,gf,0.965,mm,OK,--,8:46:26 PM,7/9/2026,
334,46.2,gf,0.965,mm,OK,--,8:46:26 PM,7/9/2026,
335,46.3,gf,0.965,mm,OK,--,8:46:26 PM,7/9/2026,
336,46.4,gf,0.970,mm,OK,--,8:46:26 PM,7/9/2026,
337,46.3,gf,0.970,mm,OK,--,8:46:26 PM,7/9/2026,
338,46.2,gf,0.975,mm,OK,--,8:46:26 PM,7/9/2026,
339,46.1,gf,0.975,mm,OK,--,8:46:26 PM,7/9/2026,
340,45.9,gf,0.980,mm,OK,--,8:46:26 PM,7/9/2026,
341,45.7,gf,0.985,mm,OK,--,8:46:27 PM,7/9/2026,
342,45.8,gf,0.985,mm,OK,--,8:46:27 PM,7/9/2026,
343,45.7,gf,0.990,mm,OK,--,8:46:27 PM,7/9/2026,
344,45.8,gf,0.990,mm,OK,--,8:46:27 PM,7/9/2026,
345,45.8,gf,0.995,mm,OK,--,8:46:27 PM,7/9/2026,
346,45.7,gf,1.000,mm,OK,--,8:46:27 PM,7/9/2026,
347,45.7,gf,1.005,mm,OK,--,8:46:27 PM,7/9/2026,
348,45.4,gf,1.010,mm,OK,--,8:46:27 PM,7/9/2026,
349,45.4,gf,1.015,mm,OK,--,8:46:27 PM,7/9/2026,
350,45.3,gf,1.020,mm,OK,--,8:46:27 PM,7/9/2026,
351,45.3,gf,1.025,mm,OK,--,8:46:28 PM,7/9/2026,
352,45.2,gf,1.030,mm,OK,--,8:46:28 PM,7/9/2026,
353,45.1,gf,1.040,mm,OK,--,8:46:28 PM,7/9/2026,
354,45.0,gf,1.045,mm,OK,--,8:46:28 PM,7/9/2026,
355,45.0,gf,1.050,mm,OK,--,8:46:28 PM,7/9/2026,
356,44.9,gf,1.055,mm,OK,--,8:46:28 PM,7/9/2026,
357,44.8,gf,1.060,mm,OK,--,8:46:28 PM,7/9/2026,
358,44.7,gf,1.065,mm,OK,--,8:46:28 PM,7/9/2026,
359,44.6,gf,1.070,mm,OK,--,8:46:28 PM,7/9/2026,
360,44.6,gf,1.070,mm,OK,--,8:46:28 PM,7/9/2026,
361,44.6,gf,1.075,mm,OK,--,8:46:29 PM,7/9/2026,
362,44.8,gf,1.075,mm,OK,--,8:46:29 PM,7/9/2026,
363,44.6,gf,1.080,mm,OK,--,8:46:29 PM,7/9/2026,
364,44.6,gf,1.085,mm,OK,--,8:46:29 PM,7/9/2026,
365,44.5,gf,1.090,mm,OK,--,8:46:29 PM,7/9/2026,
366,44.5,gf,1.095,mm,OK,--,8:46:29 PM,7/9/2026,
367,44.5,gf,1.105,mm,OK,--,8:46:29 PM,7/9/2026,
368,44.0,gf,1.115,mm,OK,--,8:46:29 PM,7/9/2026,
369,44.0,gf,1.125,mm,OK,--,8:46:29 PM,7/9/2026,
370,43.8,gf,1.130,mm,OK,--,8:46:29 PM,7/9/2026,
371,43.7,gf,1.140,mm,OK,--,8:46:30 PM,7/9/2026,
372,43.6,gf,1.145,mm,OK,--,8:46:30 PM,7/9/2026,
373,43.6,gf,1.145,mm,OK,--,8:46:30 PM,7/9/2026,
374,43.6,gf,1.150,mm,OK,--,8:46:30 PM,7/9/2026,
375,43.6,gf,1.150,mm,OK,--,8:46:30 PM,7/9/2026,
376,43.6,gf,1.155,mm,OK,--,8:46:30 PM,7/9/2026,
377,43.6,gf,1.155,mm,OK,--,8:46:30 PM,7/9/2026,
378,43.6,gf,1.160,mm,OK,--,8:46:30 PM,7/9/2026,
379,43.7,gf,1.160,mm,OK,--,8:46:30 PM,7/9/2026,
380,43.8,gf,1.165,mm,OK,--,8:46:30 PM,7/9/2026,
381,43.7,gf,1.165,mm,OK,--,8:46:31 PM,7/9/2026,
382,43.4,gf,1.170,mm,OK,--,8:46:31 PM,7/9/2026,
383,43.4,gf,1.170,mm,OK,--,8:46:31 PM,7/9/2026,
384,43.6,gf,1.175,mm,OK,--,8:46:31 PM,7/9/2026,
385,43.5,gf,1.175,mm,OK,--,8:46:31 PM,7/9/2026,
386,43.5,gf,1.180,mm,OK,--,8:46:31 PM,7/9/2026,
387,43.6,gf,1.180,mm,OK,--,8:46:31 PM,7/9/2026,
388,43.6,gf,1.185,mm,OK,--,8:46:31 PM,7/9/2026,
389,43.6,gf,1.185,mm,OK,--,8:46:31 PM,7/9/2026,
390,43.5,gf,1.190,mm,OK,--,8:46:31 PM,7/9/2026,
391,43.4,gf,1.190,mm,OK,--,8:46:32 PM,7/9/2026,
392,43.4,gf,1.195,mm,OK,--,8:46:32 PM,7/9/2026,
393,43.4,gf,1.195,mm,OK,--,8:46:32 PM,7/9/2026,
394,43.4,gf,1.200,mm,OK,--,8:46:32 PM,7/9/2026,
395,43.4,gf,1.200,mm,OK,--,8:46:32 PM,7/9/2026,
396,43.4,gf,1.205,mm,OK,--,8:46:32 PM,7/9/2026,
397,43.4,gf,1.205,mm,OK,--,8:46:32 PM,7/9/2026,
398,43.2,gf,1.210,mm,OK,--,8:46:32 PM,7/9/2026,
399,43.0,gf,1.215,mm,OK,--,8:46:32 PM,7/9/2026,
400,43.0,gf,1.220,mm,OK,--,8:46:32 PM,7/9/2026,
401,42.9,gf,1.230,mm,OK,--,8:46:33 PM,7/9/2026,
402,42.7,gf,1.245,mm,OK,--,8:46:33 PM,7/9/2026,
403,42.5,gf,1.250,mm,OK,--,8:46:33 PM,7/9/2026,
404,42.5,gf,1.260,mm,OK,--,8:46:33 PM,7/9/2026,
405,42.3,gf,1.265,mm,OK,--,8:46:33 PM,7/9/2026,
406,42.4,gf,1.270,mm,OK,--,8:46:33 PM,7/9/2026,
407,42.5,gf,1.275,mm,OK,--,8:46:33 PM,7/9/2026,
408,42.4,gf,1.280,mm,OK,--,8:46:33 PM,7/9/2026,
409,42.5,gf,1.285,mm,OK,--,8:46:33 PM,7/9/2026,
410,42.4,gf,1.285,mm,OK,--,8:46:33 PM,7/9/2026,
411,42.4,gf,1.290,mm,OK,--,8:46:34 PM,7/9/2026,
412,42.3,gf,1.295,mm,OK,--,8:46:34 PM,7/9/2026,
413,42.3,gf,1.295,mm,OK,--,8:46:34 PM,7/9/2026,
414,42.3,gf,1.300,mm,OK,--,8:46:34 PM,7/9/2026,
415,42.3,gf,1.305,mm,OK,--,8:46:34 PM,7/9/2026,
416,42.3,gf,1.310,mm,OK,--,8:46:34 PM,7/9/2026,
417,42.3,gf,1.310,mm,OK,--,8:46:34 PM,7/9/2026,
418,42.1,gf,1.315,mm,OK,--,8:46:34 PM,7/9/2026,
419,42.1,gf,1.320,mm,OK,--,8:46:34 PM,7/9/2026,
420,42.1,gf,1.325,mm,OK,--,8:46:34 PM,7/9/2026,
421,42.1,gf,1.330,mm,OK,--,8:46:35 PM,7/9/2026,
422,42.2,gf,1.330,mm,OK,--,8:46:35 PM,7/9/2026,
423,42.1,gf,1.335,mm,OK,--,8:46:35 PM,7/9/2026,
424,42.0,gf,1.340,mm,OK,--,8:46:35 PM,7/9/2026,
425,42.0,gf,1.345,mm,OK,--,8:46:35 PM,7/9/2026,
426,41.8,gf,1.350,mm,OK,--,8:46:35 PM,7/9/2026,
427,41.7,gf,1.355,mm,OK,--,8:46:35 PM,7/9/2026,
428,41.5,gf,1.360,mm,OK,--,8:46:35 PM,7/9/2026,
429,41.5,gf,1.370,mm,OK,--,8:46:35 PM,7/9/2026,
430,41.4,gf,1.375,mm,OK,--,8:46:35 PM,7/9/2026,
431,41.4,gf,1.380,mm,OK,--,8:46:36 PM,7/9/2026,
432,41.3,gf,1.385,mm,OK,--,8:46:36 PM,7/9/2026,
433,41.1,gf,1.390,mm,OK,--,8:46:36 PM,7/9/2026,
434,41.1,gf,1.395,mm,OK,--,8:46:36 PM,7/9/2026,
435,41.1,gf,1.400,mm,OK,--,8:46:36 PM,7/9/2026,
436,41.2,gf,1.405,mm,OK,--,8:46:36 PM,7/9/2026,
437,41.2,gf,1.410,mm,OK,--,8:46:36 PM,7/9/2026,
438,41.1,gf,1.410,mm,OK,--,8:46:36 PM,7/9/2026,
439,41.1,gf,1.415,mm,OK,--,8:46:36 PM,7/9/2026,
440,41.1,gf,1.420,mm,OK,--,8:46:36 PM,7/9/2026,
441,41.0,gf,1.420,mm,OK,--,8:46:37 PM,7/9/2026,
442,41.0,gf,1.425,mm,OK,--,8:46:37 PM,7/9/2026,
443,41.0,gf,1.425,mm,OK,--,8:46:37 PM,7/9/2026,
444,41.1,gf,1.430,mm,OK,--,8:46:37 PM,7/9/2026,
445,40.9,gf,1.430,mm,OK,--,8:46:37 PM,7/9/2026,
446,40.8,gf,1.430,mm,OK,--,8:46:37 PM,7/9/2026,
447,40.9,gf,1.435,mm,OK,--,8:46:37 PM,7/9/2026,
448,41.0,gf,1.435,mm,OK,--,8:46:37 PM,7/9/2026,
449,41.0,gf,1.435,mm,OK,--,8:46:37 PM,7/9/2026,
450,41.0,gf,1.440,mm,OK,--,8:46:37 PM,7/9/2026,
451,41.0,gf,1.440,mm,OK,--,8:46:38 PM,7/9/2026,
452,40.9,gf,1.445,mm,OK,--,8:46:38 PM,7/9/2026,
453,40.9,gf,1.445,mm,OK,--,8:46:38 PM,7/9/2026,
454,40.9,gf,1.450,mm,OK,--,8:46:38 PM,7/9/2026,
455,40.8,gf,1.450,mm,OK,--,8:46:38 PM,7/9/2026,
456,40.6,gf,1.455,mm,OK,--,8:46:38 PM,7/9/2026,
457,40.5,gf,1.455,mm,OK,--,8:46:38 PM,7/9/2026,
458,40.5,gf,1.460,mm,OK,--,8:46:38 PM,7/9/2026,
459,40.5,gf,1.465,mm,OK,--,8:46:38 PM,7/9/2026,
460,40.6,gf,1.465,mm,OK,--,8:46:38 PM,7/9/2026,
461,40.6,gf,1.470,mm,OK,--,8:46:39 PM,7/9/2026,
462,40.5,gf,1.475,mm,OK,--,8:46:39 PM,7/9/2026,
463,40.4,gf,1.475,mm,OK,--,8:46:39 PM,7/9/2026,
464,40.3,gf,1.480,mm,OK,--,8:46:39 PM,7/9/2026,
465,40.3,gf,1.485,mm,OK,--,8:46:39 PM,7/9/2026,
466,40.3,gf,1.490,mm,OK,--,8:46:39 PM,7/9/2026,
467,40.3,gf,1.490,mm,OK,--,8:46:39 PM,7/9/2026,
468,40.4,gf,1.495,mm,OK,--,8:46:39 PM,7/9/2026,
469,40.3,gf,1.500,mm,OK,--,8:46:39 PM,7/9/2026,
470,40.2,gf,1.500,mm,OK,--,8:46:39 PM,7/9/2026,
471,40.2,gf,1.505,mm,OK,--,8:46:40 PM,7/9/2026,
472,40.1,gf,1.510,mm,OK,--,8:46:40 PM,7/9/2026,
473,39.9,gf,1.510,mm,OK,--,8:46:40 PM,7/9/2026,
474,39.9,gf,1.515,mm,OK,--,8:46:40 PM,7/9/2026,
475,39.8,gf,1.520,mm,OK,--,8:46:40 PM,7/9/2026,
476,39.8,gf,1.525,mm,OK,--,8:46:40 PM,7/9/2026,
477,39.9,gf,1.525,mm,OK,--,8:46:40 PM,7/9/2026,
478,39.8,gf,1.535,mm,OK,--,8:46:40 PM,7/9/2026,
479,39.7,gf,1.540,mm,OK,--,8:46:40 PM,7/9/2026,
480,39.8,gf,1.545,mm,OK,--,8:46:40 PM,7/9/2026,
481,39.7,gf,1.550,mm,OK,--,8:46:41 PM,7/9/2026,
482,39.6,gf,1.555,mm,OK,--,8:46:41 PM,7/9/2026,
483,39.5,gf,1.560,mm,OK,--,8:46:41 PM,7/9/2026,
484,39.5,gf,1.565,mm,OK,--,8:46:41 PM,7/9/2026,
485,39.3,gf,1.570,mm,OK,--,8:46:41 PM,7/9/2026,
486,39.3,gf,1.575,mm,OK,--,8:46:41 PM,7/9/2026,
487,39.5,gf,1.580,mm,OK,--,8:46:41 PM,7/9/2026,
488,39.4,gf,1.585,mm,OK,--,8:46:41 PM,7/9/2026,
489,39.3,gf,1.590,mm,OK,--,8:46:41 PM,7/9/2026,
490,39.3,gf,1.600,mm,OK,--,8:46:41 PM,7/9/2026,
491,39.2,gf,1.605,mm,OK,--,8:46:42 PM,7/9/2026,
492,39.1,gf,1.610,mm,OK,--,8:46:42 PM,7/9/2026,
493,39.1,gf,1.610,mm,OK,--,8:46:42 PM,7/9/2026,
494,38.9,gf,1.615,mm,OK,--,8:46:42 PM,7/9/2026,
495,38.8,gf,1.620,mm,OK,--,8:46:42 PM,7/9/2026,
496,38.8,gf,1.625,mm,OK,--,8:46:42 PM,7/9/2026,
497,38.8,gf,1.630,mm,OK,--,8:46:42 PM,7/9/2026,
498,38.9,gf,1.635,mm,OK,--,8:46:42 PM,7/9/2026,
499,38.8,gf,1.640,mm,OK,--,8:46:42 PM,7/9/2026,
500,38.8,gf,1.640,mm,OK,--,8:46:42 PM,7/9/2026,
501,38.8,gf,1.645,mm,OK,--,8:46:43 PM,7/9/2026,
502,38.8,gf,1.650,mm,OK,--,8:46:43 PM,7/9/2026,
503,38.8,gf,1.650,mm,OK,--,8:46:43 PM,7/9/2026,
504,38.7,gf,1.655,mm,OK,--,8:46:43 PM,7/9/2026,
505,38.6,gf,1.660,mm,OK,--,8:46:43 PM,7/9/2026,
506,38.6,gf,1.660,mm,OK,--,8:46:43 PM,7/9/2026,
507,38.5,gf,1.665,mm,OK,--,8:46:43 PM,7/9/2026,
508,38.6,gf,1.665,mm,OK,--,8:46:43 PM,7/9/2026,
509,38.5,gf,1.670,mm,OK,--,8:46:43 PM,7/9/2026,
510,38.5,gf,1.670,mm,OK,--,8:46:43 PM,7/9/2026,
511,38.6,gf,1.675,mm,OK,--,8:46:44 PM,7/9/2026,
512,38.5,gf,1.680,mm,OK,--,8:46:44 PM,7/9/2026,
513,38.3,gf,1.680,mm,OK,--,8:46:44 PM,7/9/2026,
514,38.2,gf,1.685,mm,OK,--,8:46:44 PM,7/9/2026,
515,38.3,gf,1.690,mm,OK,--,8:46:44 PM,7/9/2026,
516,38.1,gf,1.690,mm,OK,--,8:46:44 PM,7/9/2026,
517,38.2,gf,1.695,mm,OK,--,8:46:44 PM,7/9/2026,
518,38.1,gf,1.695,mm,OK,--,8:46:44 PM,7/9/2026,
519,38.2,gf,1.695,mm,OK,--,8:46:44 PM,7/9/2026,
520,38.2,gf,1.700,mm,OK,--,8:46:44 PM,7/9/2026,
521,38.2,gf,1.700,mm,OK,--,8:46:45 PM,7/9/2026,
522,38.1,gf,1.705,mm,OK,--,8:46:45 PM,7/9/2026,
523,37.9,gf,1.710,mm,OK,--,8:46:45 PM,7/9/2026,
524,37.9,gf,1.710,mm,OK,--,8:46:45 PM,7/9/2026,
525,37.9,gf,1.715,mm,OK,--,8:46:45 PM,7/9/2026,
526,38.0,gf,1.715,mm,OK,--,8:46:45 PM,7/9/2026,
527,37.9,gf,1.720,mm,OK,--,8:46:45 PM,7/9/2026,
528,37.8,gf,1.720,mm,OK,--,8:46:45 PM,7/9/2026,
529,37.8,gf,1.725,mm,OK,--,8:46:45 PM,7/9/2026,
530,37.8,gf,1.725,mm,OK,--,8:46:45 PM,7/9/2026,
531,37.8,gf,1.730,mm,OK,--,8:46:46 PM,7/9/2026,
532,37.8,gf,1.730,mm,OK,--,8:46:46 PM,7/9/2026,
533,37.7,gf,1.735,mm,OK,--,8:46:46 PM,7/9/2026,
534,37.7,gf,1.740,mm,OK,--,8:46:46 PM,7/9/2026,
535,37.6,gf,1.740,mm,OK,--,8:46:46 PM,7/9/2026,
536,37.5,gf,1.745,mm,OK,--,8:46:46 PM,7/9/2026,
537,37.4,gf,1.750,mm,OK,--,8:46:46 PM,7/9/2026,
538,37.4,gf,1.755,mm,OK,--,8:46:46 PM,7/9/2026,
539,37.4,gf,1.760,mm,OK,--,8:46:46 PM,7/9/2026,
540,37.3,gf,1.765,mm,OK,--,8:46:46 PM,7/9/2026,
541,37.1,gf,1.770,mm,OK,--,8:46:47 PM,7/9/2026,
542,37.2,gf,1.780,mm,OK,--,8:46:47 PM,7/9/2026,
543,36.9,gf,1.785,mm,OK,--,8:46:47 PM,7/9/2026,
544,36.8,gf,1.790,mm,OK,--,8:46:47 PM,7/9/2026,
545,36.7,gf,1.795,mm,OK,--,8:46:47 PM,7/9/2026,
546,36.7,gf,1.800,mm,OK,--,8:46:47 PM,7/9/2026,
547,36.6,gf,1.805,mm,OK,--,8:46:47 PM,7/9/2026,
548,36.5,gf,1.810,mm,OK,--,8:46:47 PM,7/9/2026,
549,36.4,gf,1.815,mm,OK,--,8:46:47 PM,7/9/2026,
550,36.4,gf,1.820,mm,OK,--,8:46:47 PM,7/9/2026,
551,36.3,gf,1.820,mm,OK,--,8:46:48 PM,7/9/2026,
552,36.3,gf,1.825,mm,OK,--,8:46:48 PM,7/9/2026,
553,36.4,gf,1.825,mm,OK,--,8:46:48 PM,7/9/2026,
554,36.3,gf,1.830,mm,OK,--,8:46:48 PM,7/9/2026,
555,36.4,gf,1.830,mm,OK,--,8:46:48 PM,7/9/2026,
556,36.4,gf,1.835,mm,OK,--,8:46:48 PM,7/9/2026,
557,36.3,gf,1.835,mm,OK,--,8:46:48 PM,7/9/2026,
558,36.3,gf,1.840,mm,OK,--,8:46:48 PM,7/9/2026,
559,36.2,gf,1.840,mm,OK,--,8:46:48 PM,7/9/2026,
560,36.2,gf,1.845,mm,OK,--,8:46:48 PM,7/9/2026,
561,36.2,gf,1.850,mm,OK,--,8:46:49 PM,7/9/2026,
562,36.0,gf,1.855,mm,OK,--,8:46:49 PM,7/9/2026,
563,36.1,gf,1.860,mm,OK,--,8:46:49 PM,7/9/2026,
564,36.0,gf,1.865,mm,OK,--,8:46:49 PM,7/9/2026,
565,35.8,gf,1.865,mm,OK,--,8:46:49 PM,7/9/2026,
566,35.8,gf,1.870,mm,OK,--,8:46:49 PM,7/9/2026,
567,35.9,gf,1.875,mm,OK,--,8:46:49 PM,7/9/2026,
568,35.8,gf,1.880,mm,OK,--,8:46:49 PM,7/9/2026,
569,35.6,gf,1.880,mm,OK,--,8:46:49 PM,7/9/2026,
570,35.8,gf,1.885,mm,OK,--,8:46:49 PM,7/9/2026,
571,35.8,gf,1.885,mm,OK,--,8:46:50 PM,7/9/2026,
572,35.7,gf,1.890,mm,OK,--,8:46:50 PM,7/9/2026,
573,35.8,gf,1.895,mm,OK,--,8:46:50 PM,7/9/2026,
574,35.7,gf,1.900,mm,OK,--,8:46:50 PM,7/9/2026,
575,35.6,gf,1.900,mm,OK,--,8:46:50 PM,7/9/2026,
576,35.7,gf,1.905,mm,OK,--,8:46:50 PM,7/9/2026,
577,35.6,gf,1.905,mm,OK,--,8:46:50 PM,7/9/2026,
578,35.6,gf,1.910,mm,OK,--,8:46:50 PM,7/9/2026,
579,35.7,gf,1.910,mm,OK,--,8:46:50 PM,7/9/2026,
580,35.5,gf,1.915,mm,OK,--,8:46:50 PM,7/9/2026,
581,35.3,gf,1.920,mm,OK,--,8:46:51 PM,7/9/2026,
582,35.0,gf,1.920,mm,OK,--,8:46:51 PM,7/9/2026,
583,35.1,gf,1.920,mm,OK,--,8:46:51 PM,7/9/2026,
584,35.0,gf,1.920,mm,OK,--,8:46:51 PM,7/9/2026,
585,35.1,gf,1.920,mm,OK,--,8:46:51 PM,7/9/2026,
586,35.3,gf,1.920,mm,OK,--,8:46:51 PM,7/9/2026,
587,35.4,gf,1.920,mm,OK,--,8:46:51 PM,7/9/2026,
588,35.5,gf,1.925,mm,OK,--,8:46:51 PM,7/9/2026,
589,35.5,gf,1.925,mm,OK,--,8:46:51 PM,7/9/2026,
590,35.4,gf,1.925,mm,OK,--,8:46:51 PM,7/9/2026,
591,35.2,gf,1.925,mm,OK,--,8:46:52 PM,7/9/2026,
592,35.4,gf,1.925,mm,OK,--,8:46:52 PM,7/9/2026,
593,35.5,gf,1.930,mm,OK,--,8:46:52 PM,7/9/2026,
594,35.4,gf,1.930,mm,OK,--,8:46:52 PM,7/9/2026,
595,35.3,gf,1.930,mm,OK,--,8:46:52 PM,7/9/2026,
596,35.1,gf,1.935,mm,OK,--,8:46:52 PM,7/9/2026,
597,35.1,gf,1.935,mm,OK,--,8:46:52 PM,7/9/2026,
598,35.1,gf,1.935,mm,OK,--,8:46:52 PM,7/9/2026,
599,35.1,gf,1.940,mm,OK,--,8:46:52 PM,7/9/2026,
600,35.1,gf,1.940,mm,OK,--,8:46:52 PM,7/9/2026,
601,34.9,gf,1.945,mm,OK,--,8:46:53 PM,7/9/2026,
602,34.8,gf,1.950,mm,OK,--,8:46:53 PM,7/9/2026,
603,34.9,gf,1.950,mm,OK,--,8:46:53 PM,7/9/2026,
604,34.8,gf,1.955,mm,OK,--,8:46:53 PM,7/9/2026,
605,34.6,gf,1.960,mm,OK,--,8:46:53 PM,7/9/2026,
606,34.6,gf,1.960,mm,OK,--,8:46:53 PM,7/9/2026,
607,34.5,gf,1.965,mm,OK,--,8:46:53 PM,7/9/2026,
608,34.5,gf,1.970,mm,OK,--,8:46:53 PM,7/9/2026,
609,34.4,gf,1.975,mm,OK,--,8:46:53 PM,7/9/2026,
610,34.4,gf,1.980,mm,OK,--,8:46:53 PM,7/9/2026,
611,34.3,gf,1.980,mm,OK,--,8:46:54 PM,7/9/2026,
612,34.2,gf,1.985,mm,OK,--,8:46:54 PM,7/9/2026,
613,33.9,gf,1.990,mm,OK,--,8:46:54 PM,7/9/2026,
614,34.0,gf,1.990,mm,OK,--,8:46:54 PM,7/9/2026,
615,33.8,gf,1.995,mm,OK,--,8:46:54 PM,7/9/2026,
616,33.8,gf,2.000,mm,OK,--,8:46:54 PM,7/9/2026,
617,33.7,gf,2.005,mm,OK,--,8:46:54 PM,7/9/2026,
618,33.8,gf,2.010,mm,OK,--,8:46:54 PM,7/9/2026,
619,33.8,gf,2.010,mm,OK,--,8:46:54 PM,7/9/2026,
620,33.7,gf,2.015,mm,OK,--,8:46:54 PM,7/9/2026,
621,33.7,gf,2.020,mm,OK,--,8:46:55 PM,7/9/2026,
622,33.7,gf,2.025,mm,OK,--,8:46:55 PM,7/9/2026,
623,33.7,gf,2.030,mm,OK,--,8:46:55 PM,7/9/2026,
624,33.6,gf,2.035,mm,OK,--,8:46:55 PM,7/9/2026,
625,33.4,gf,2.040,mm,OK,--,8:46:55 PM,7/9/2026,
626,33.5,gf,2.045,mm,OK,--,8:46:55 PM,7/9/2026,
627,33.4,gf,2.050,mm,OK,--,8:46:55 PM,7/9/2026,
628,33.4,gf,2.050,mm,OK,--,8:46:55 PM,7/9/2026,
629,33.4,gf,2.055,mm,OK,--,8:46:55 PM,7/9/2026,
630,33.4,gf,2.060,mm,OK,--,8:46:55 PM,7/9/2026,
631,33.4,gf,2.065,mm,OK,--,8:46:56 PM,7/9/2026,
632,33.3,gf,2.065,mm,OK,--,8:46:56 PM,7/9/2026,
633,33.4,gf,2.070,mm,OK,--,8:46:56 PM,7/9/2026,
634,33.3,gf,2.075,mm,OK,--,8:46:56 PM,7/9/2026,
635,33.4,gf,2.075,mm,OK,--,8:46:56 PM,7/9/2026,
636,33.3,gf,2.080,mm,OK,--,8:46:56 PM,7/9/2026,
637,33.3,gf,2.085,mm,OK,--,8:46:56 PM,7/9/2026,
638,33.2,gf,2.085,mm,OK,--,8:46:56 PM,7/9/2026,
639,33.2,gf,2.085,mm,OK,--,8:46:56 PM,7/9/2026,
640,33.3,gf,2.085,mm,OK,--,8:46:56 PM,7/9/2026,
641,33.4,gf,2.090,mm,OK,--,8:46:57 PM,7/9/2026,
642,33.4,gf,2.090,mm,OK,--,8:46:57 PM,7/9/2026,
643,33.4,gf,2.090,mm,OK,--,8:46:57 PM,7/9/2026,
644,33.4,gf,2.095,mm,OK,--,8:46:57 PM,7/9/2026,
645,33.3,gf,2.095,mm,OK,--,8:46:57 PM,7/9/2026,
646,33.4,gf,2.100,mm,OK,--,8:46:57 PM,7/9/2026,
647,33.4,gf,2.100,mm,OK,--,8:46:57 PM,7/9/2026,
648,33.6,gf,2.100,mm,OK,--,8:46:57 PM,7/9/2026,
649,33.3,gf,2.105,mm,OK,--,8:46:57 PM,7/9/2026,
650,33.1,gf,2.110,mm,OK,--,8:46:57 PM,7/9/2026,
651,33.1,gf,2.115,mm,OK,--,8:46:58 PM,7/9/2026,
652,33.1,gf,2.120,mm,OK,--,8:46:58 PM,7/9/2026,
653,33.0,gf,2.120,mm,OK,--,8:46:58 PM,7/9/2026,
654,33.1,gf,2.120,mm,OK,--,8:46:58 PM,7/9/2026,
655,33.0,gf,2.125,mm,OK,--,8:46:58 PM,7/9/2026,
656,33.1,gf,2.125,mm,OK,--,8:46:58 PM,7/9/2026,
657,33.2,gf,2.130,mm,OK,--,8:46:58 PM,7/9/2026,
658,33.0,gf,2.130,mm,OK,--,8:46:58 PM,7/9/2026,
659,32.9,gf,2.135,mm,OK,--,8:46:58 PM,7/9/2026,
660,32.9,gf,2.135,mm,OK,--,8:46:58 PM,7/9/2026,
661,33.0,gf,2.135,mm,OK,--,8:46:59 PM,7/9/2026,
662,32.8,gf,2.135,mm,OK,--,8:46:59 PM,7/9/2026,
663,32.9,gf,2.135,mm,OK,--,8:46:59 PM,7/9/2026,
664,33.2,gf,2.140,mm,OK,--,8:46:59 PM,7/9/2026,
665,33.0,gf,2.140,mm,OK,--,8:46:59 PM,7/9/2026,
666,32.8,gf,2.140,mm,OK,--,8:46:59 PM,7/9/2026,
667,32.8,gf,2.145,mm,OK,--,8:46:59 PM,7/9/2026,
668,32.7,gf,2.145,mm,OK,--,8:46:59 PM,7/9/2026,
669,32.9,gf,2.145,mm,OK,--,8:46:59 PM,7/9/2026,
670,32.9,gf,2.145,mm,OK,--,8:46:59 PM,7/9/2026,
671,33.0,gf,2.150,mm,OK,--,8:47:00 PM,7/9/2026,
672,33.1,gf,2.150,mm,OK,--,8:47:00 PM,7/9/2026,
673,32.9,gf,2.160,mm,OK,--,8:47:00 PM,7/9/2026,
674,32.7,gf,2.165,mm,OK,--,8:47:00 PM,7/9/2026,
675,32.7,gf,2.175,mm,OK,--,8:47:00 PM,7/9/2026,
676,32.5,gf,2.180,mm,OK,--,8:47:00 PM,7/9/2026,
677,32.4,gf,2.180,mm,OK,--,8:47:00 PM,7/9/2026,
678,32.5,gf,2.185,mm,OK,--,8:47:00 PM,7/9/2026,
679,32.6,gf,2.190,mm,OK,--,8:47:00 PM,7/9/2026,
680,32.7,gf,2.200,mm,OK,--,8:47:00 PM,7/9/2026,
681,32.7,gf,2.205,mm,OK,--,8:47:01 PM,7/9/2026,
682,32.5,gf,2.210,mm,OK,--,8:47:01 PM,7/9/2026,
683,32.4,gf,2.215,mm,OK,--,8:47:01 PM,7/9/2026,
684,32.5,gf,2.220,mm,OK,--,8:47:01 PM,7/9/2026,
685,32.7,gf,2.225,mm,OK,--,8:47:01 PM,7/9/2026,
686,32.7,gf,2.230,mm,OK,--,8:47:01 PM,7/9/2026,
687,32.6,gf,2.240,mm,OK,--,8:47:01 PM,7/9/2026,
688,32.5,gf,2.245,mm,OK,--,8:47:01 PM,7/9/2026,
689,32.8,gf,2.255,mm,OK,--,8:47:01 PM,7/9/2026,
690,32.9,gf,2.260,mm,OK,--,8:47:01 PM,7/9/2026,
691,32.9,gf,2.270,mm,OK,--,8:47:02 PM,7/9/2026,
692,33.1,gf,2.270,mm,OK,--,8:47:02 PM,7/9/2026,
693,33.1,gf,2.275,mm,OK,--,8:47:02 PM,7/9/2026,
694,33.3,gf,2.280,mm,OK,--,8:47:02 PM,7/9/2026,
695,33.3,gf,2.285,mm,OK,--,8:47:02 PM,7/9/2026,
696,33.5,gf,2.295,mm,OK,--,8:47:02 PM,7/9/2026,
697,33.4,gf,2.300,mm,OK,--,8:47:02 PM,7/9/2026,
698,33.3,gf,2.310,mm,OK,--,8:47:02 PM,7/9/2026,
699,33.4,gf,2.320,mm,OK,--,8:47:02 PM,7/9/2026,
700,33.6,gf,2.330,mm,OK,--,8:47:02 PM,7/9/2026,
701,33.7,gf,2.340,mm,OK,--,8:47:03 PM,7/9/2026,
702,33.8,gf,2.345,mm,OK,--,8:47:03 PM,7/9/2026,
703,33.9,gf,2.350,mm,OK,--,8:47:03 PM,7/9/2026,
704,34.0,gf,2.355,mm,OK,--,8:47:03 PM,7/9/2026,
705,33.9,gf,2.360,mm,OK,--,8:47:03 PM,7/9/2026,
706,34.0,gf,2.370,mm,OK,--,8:47:03 PM,7/9/2026,
707,34.2,gf,2.375,mm,OK,--,8:47:03 PM,7/9/2026,
708,34.2,gf,2.380,mm,OK,--,8:47:03 PM,7/9/2026,
709,34.6,gf,2.385,mm,OK,--,8:47:03 PM,7/9/2026,
710,35.3,gf,2.395,mm,OK,--,8:47:03 PM,7/9/2026,
711,35.9,gf,2.410,mm,OK,--,8:47:04 PM,7/9/2026,
712,36.5,gf,2.425,mm,OK,--,8:47:04 PM,7/9/2026,
713,37.0,gf,2.440,mm,OK,--,8:47:04 PM,7/9/2026,
714,37.6,gf,2.450,mm,OK,--,8:47:04 PM,7/9/2026,
715,38.3,gf,2.465,mm,OK,--,8:47:04 PM,7/9/2026,
716,39.0,gf,2.480,mm,OK,--,8:47:04 PM,7/9/2026,
717,39.6,gf,2.490,mm,OK,--,8:47:04 PM,7/9/2026,
718,40.1,gf,2.500,mm,OK,--,8:47:04 PM,7/9/2026,
719,40.5,gf,2.510,mm,OK,--,8:47:04 PM,7/9/2026,
720,40.9,gf,2.520,mm,OK,--,8:47:04 PM,7/9/2026,
721,41.4,gf,2.530,mm,OK,--,8:47:05 PM,7/9/2026,
722,41.8,gf,2.540,mm,OK,--,8:47:05 PM,7/9/2026,
723,42.0,gf,2.545,mm,OK,--,8:47:05 PM,7/9/2026,
724,42.3,gf,2.550,mm,OK,--,8:47:05 PM,7/9/2026,
725,42.6,gf,2.555,mm,OK,--,8:47:05 PM,7/9/2026,
726,42.8,gf,2.560,mm,OK,--,8:47:05 PM,7/9/2026,
727,43.0,gf,2.565,mm,OK,--,8:47:05 PM,7/9/2026,
728,43.2,gf,2.570,mm,OK,--,8:47:05 PM,7/9/2026,
729,43.4,gf,2.575,mm,OK,--,8:47:05 PM,7/9/2026,
730,43.7,gf,2.580,mm,OK,--,8:47:05 PM,7/9/2026,
731,43.8,gf,2.585,mm,OK,--,8:47:06 PM,7/9/2026,
732,43.9,gf,2.590,mm,OK,--,8:47:06 PM,7/9/2026,
733,44.2,gf,2.595,mm,OK,--,8:47:06 PM,7/9/2026,
734,44.4,gf,2.595,mm,OK,--,8:47:06 PM,7/9/2026,
735,44.6,gf,2.600,mm,OK,--,8:47:06 PM,7/9/2026,
736,44.9,gf,2.610,mm,OK,--,8:47:06 PM,7/9/2026,
737,45.1,gf,2.615,mm,OK,--,8:47:06 PM,7/9/2026,
738,45.0,gf,2.620,mm,OK,--,8:47:06 PM,7/9/2026,
739,45.0,gf,2.625,mm,OK,--,8:47:06 PM,7/9/2026,
740,45.1,gf,2.630,mm,OK,--,8:47:06 PM,7/9/2026,
741,45.1,gf,2.630,mm,OK,--,8:47:07 PM,7/9/2026,
742,45.1,gf,2.635,mm,OK,--,8:47:07 PM,7/9/2026,
743,45.1,gf,2.640,mm,OK,--,8:47:07 PM,7/9/2026,
744,45.2,gf,2.645,mm,OK,--,8:47:07 PM,7/9/2026,
745,45.2,gf,2.645,mm,OK,--,8:47:07 PM,7/9/2026,
746,45.3,gf,2.650,mm,OK,--,8:47:07 PM,7/9/2026,
747,45.1,gf,2.655,mm,OK,--,8:47:07 PM,7/9/2026,
748,45.2,gf,2.660,mm,OK,--,8:47:07 PM,7/9/2026,
749,45.2,gf,2.660,mm,OK,--,8:47:07 PM,7/9/2026,
750,45.2,gf,2.665,mm,OK,--,8:47:07 PM,7/9/2026,
751,45.3,gf,2.670,mm,OK,--,8:47:08 PM,7/9/2026,
752,45.3,gf,2.670,mm,OK,--,8:47:08 PM,7/9/2026,
753,45.3,gf,2.675,mm,OK,--,8:47:08 PM,7/9/2026,
754,45.4,gf,2.680,mm,OK,--,8:47:08 PM,7/9/2026,
755,45.5,gf,2.685,mm,OK,--,8:47:08 PM,7/9/2026,
756,45.4,gf,2.690,mm,OK,--,8:47:08 PM,7/9/2026,
757,45.4,gf,2.700,mm,OK,--,8:47:08 PM,7/9/2026,
758,45.5,gf,2.710,mm,OK,--,8:47:08 PM,7/9/2026,
759,45.6,gf,2.720,mm,OK,--,8:47:08 PM,7/9/2026,
760,45.7,gf,2.730,mm,OK,--,8:47:08 PM,7/9/2026,
761,45.7,gf,2.735,mm,OK,--,8:47:09 PM,7/9/2026,
762,45.8,gf,2.745,mm,OK,--,8:47:09 PM,7/9/2026,
763,45.9,gf,2.755,mm,OK,--,8:47:09 PM,7/9/2026,
764,46.1,gf,2.760,mm,OK,--,8:47:09 PM,7/9/2026,
765,46.3,gf,2.765,mm,OK,--,8:47:09 PM,7/9/2026,
766,46.2,gf,2.770,mm,OK,--,8:47:09 PM,7/9/2026,
767,46.2,gf,2.775,mm,OK,--,8:47:09 PM,7/9/2026,
768,46.2,gf,2.780,mm,OK,--,8:47:09 PM,7/9/2026,
769,46.2,gf,2.785,mm,OK,--,8:47:09 PM,7/9/2026,
770,46.2,gf,2.790,mm,OK,--,8:47:09 PM,7/9/2026,
771,46.2,gf,2.795,mm,OK,--,8:47:10 PM,7/9/2026,
772,46.2,gf,2.800,mm,OK,--,8:47:10 PM,7/9/2026,
773,46.2,gf,2.805,mm,OK,--,8:47:10 PM,7/9/2026,
774,46.2,gf,2.810,mm,OK,--,8:47:10 PM,7/9/2026,
775,46.2,gf,2.815,mm,OK,--,8:47:10 PM,7/9/2026,
776,46.2,gf,2.815,mm,OK,--,8:47:10 PM,7/9/2026,
777,46.3,gf,2.820,mm,OK,--,8:47:10 PM,7/9/2026,
778,46.3,gf,2.820,mm,OK,--,8:47:10 PM,7/9/2026,
779,46.3,gf,2.825,mm,OK,--,8:47:10 PM,7/9/2026,
780,46.3,gf,2.825,mm,OK,--,8:47:10 PM,7/9/2026,
781,46.3,gf,2.830,mm,OK,--,8:47:11 PM,7/9/2026,
782,46.3,gf,2.830,mm,OK,--,8:47:11 PM,7/9/2026,
783,46.3,gf,2.835,mm,OK,--,8:47:11 PM,7/9/2026,
784,46.3,gf,2.835,mm,OK,--,8:47:11 PM,7/9/2026,
785,46.3,gf,2.835,mm,OK,--,8:47:11 PM,7/9/2026,
786,46.3,gf,2.840,mm,OK,--,8:47:11 PM,7/9/2026,
787,46.3,gf,2.840,mm,OK,--,8:47:11 PM,7/9/2026,
788,46.3,gf,2.845,mm,OK,--,8:47:11 PM,7/9/2026,
789,46.3,gf,2.845,mm,OK,--,8:47:11 PM,7/9/2026,
790,46.4,gf,2.845,mm,OK,--,8:47:11 PM,7/9/2026,
791,46.3,gf,2.850,mm,OK,--,8:47:12 PM,7/9/2026,
792,46.4,gf,2.850,mm,OK,--,8:47:12 PM,7/9/2026,
793,46.4,gf,2.850,mm,OK,--,8:47:12 PM,7/9/2026,
794,46.4,gf,2.855,mm,OK,--,8:47:12 PM,7/9/2026,
795,46.4,gf,2.855,mm,OK,--,8:47:12 PM,7/9/2026,
796,46.4,gf,2.860,mm,OK,--,8:47:12 PM,7/9/2026,
797,46.4,gf,2.860,mm,OK,--,8:47:12 PM,7/9/2026,
798,46.4,gf,2.865,mm,OK,--,8:47:12 PM,7/9/2026,
799,46.4,gf,2.865,mm,OK,--,8:47:12 PM,7/9/2026,
800,46.4,gf,2.865,mm,OK,--,8:47:12 PM,7/9/2026,
801,46.4,gf,2.870,mm,OK,--,8:47:13 PM,7/9/2026,
802,46.4,gf,2.870,mm,OK,--,8:47:13 PM,7/9/2026,
803,46.5,gf,2.875,mm,OK,--,8:47:13 PM,7/9/2026,
804,46.5,gf,2.875,mm,OK,--,8:47:13 PM,7/9/2026,
805,46.5,gf,2.880,mm,OK,--,8:47:13 PM,7/9/2026,
806,46.5,gf,2.880,mm,OK,--,8:47:13 PM,7/9/2026,
807,46.5,gf,2.885,mm,OK,--,8:47:13 PM,7/9/2026,
808,46.5,gf,2.890,mm,OK,--,8:47:13 PM,7/9/2026,
809,46.5,gf,2.890,mm,OK,--,8:47:13 PM,7/9/2026,
810,46.5,gf,2.895,mm,OK,--,8:47:13 PM,7/9/2026,
811,46.5,gf,2.895,mm,OK,--,8:47:14 PM,7/9/2026,
812,46.5,gf,2.900,mm,OK,--,8:47:14 PM,7/9/2026,
813,46.5,gf,2.900,mm,OK,--,8:47:14 PM,7/9/2026,
814,46.6,gf,2.905,mm,OK,--,8:47:14 PM,7/9/2026,
815,46.6,gf,2.905,mm,OK,--,8:47:14 PM,7/9/2026,
816,46.6,gf,2.905,mm,OK,--,8:47:14 PM,7/9/2026,
817,46.6,gf,2.910,mm,OK,--,8:47:14 PM,7/9/2026,
818,46.6,gf,2.910,mm,OK,--,8:47:14 PM,7/9/2026,
819,46.6,gf,2.915,mm,OK,--,8:47:14 PM,7/9/2026,
820,46.6,gf,2.915,mm,OK,--,8:47:14 PM,7/9/2026,
821,46.6,gf,2.915,mm,OK,--,8:47:15 PM,7/9/2026,
822,46.6,gf,2.920,mm,OK,--,8:47:15 PM,7/9/2026,
823,46.6,gf,2.920,mm,OK,--,8:47:15 PM,7/9/2026,
824,46.6,gf,2.920,mm,OK,--,8:47:15 PM,7/9/2026,
825,46.6,gf,2.920,mm,OK,--,8:47:15 PM,7/9/2026,
826,46.6,gf,2.925,mm,OK,--,8:47:15 PM,7/9/2026,
827,46.6,gf,2.925,mm,OK,--,8:47:15 PM,7/9/2026,
828,46.6,gf,2.925,mm,OK,--,8:47:15 PM,7/9/2026,
829,46.6,gf,2.925,mm,OK,--,8:47:15 PM,7/9/2026,
830,46.6,gf,2.930,mm,OK,--,8:47:15 PM,7/9/2026,
831,46.7,gf,2.935,mm,OK,--,8:47:16 PM,7/9/2026,
832,46.7,gf,2.935,mm,OK,--,8:47:16 PM,7/9/2026,
833,46.7,gf,2.940,mm,OK,--,8:47:16 PM,7/9/2026,
834,46.7,gf,2.945,mm,OK,--,8:47:16 PM,7/9/2026,
835,46.7,gf,2.945,mm,OK,--,8:47:16 PM,7/9/2026,
836,46.7,gf,2.950,mm,OK,--,8:47:16 PM,7/9/2026,
837,46.7,gf,2.955,mm,OK,--,8:47:16 PM,7/9/2026,
838,46.8,gf,2.960,mm,OK,--,8:47:16 PM,7/9/2026,
839,46.8,gf,2.970,mm,OK,--,8:47:16 PM,7/9/2026,
840,46.9,gf,2.975,mm,OK,--,8:47:16 PM,7/9/2026,
841,46.9,gf,2.975,mm,OK,--,8:47:17 PM,7/9/2026,
842,46.8,gf,2.980,mm,OK,--,8:47:17 PM,7/9/2026,
843,46.8,gf,2.980,mm,OK,--,8:47:17 PM,7/9/2026,
844,46.8,gf,2.985,mm,OK,--,8:47:17 PM,7/9/2026,
845,46.8,gf,2.985,mm,OK,--,8:47:17 PM,7/9/2026,
846,46.8,gf,2.985,mm,OK,--,8:47:17 PM,7/9/2026,
847,46.8,gf,2.985,mm,OK,--,8:47:17 PM,7/9/2026,
848,46.8,gf,2.990,mm,OK,--,8:47:17 PM,7/9/2026,
849,46.8,gf,2.990,mm,OK,--,8:47:17 PM,7/9/2026,
850,46.8,gf,2.990,mm,OK,--,8:47:17 PM,7/9/2026,
851,46.9,gf,2.995,mm,OK,--,8:47:18 PM,7/9/2026,
852,46.9,gf,2.995,mm,OK,--,8:47:18 PM,7/9/2026,
853,46.9,gf,2.995,mm,OK,--,8:47:18 PM,7/9/2026,
854,46.9,gf,2.995,mm,OK,--,8:47:18 PM,7/9/2026,
855,46.9,gf,2.995,mm,OK,--,8:47:18 PM,7/9/2026,
856,46.9,gf,3.000,mm,OK,--,8:47:18 PM,7/9/2026,
857,46.9,gf,3.000,mm,OK,--,8:47:18 PM,7/9/2026,
858,46.9,gf,3.005,mm,OK,--,8:47:18 PM,7/9/2026,
859,46.9,gf,3.010,mm,OK,--,8:47:18 PM,7/9/2026,
860,46.9,gf,3.010,mm,OK,--,8:47:18 PM,7/9/2026,
861,46.9,gf,3.015,mm,OK,--,8:47:19 PM,7/9/2026,
862,47.0,gf,3.025,mm,OK,--,8:47:19 PM,7/9/2026,
863,47.0,gf,3.030,mm,OK,--,8:47:19 PM,7/9/2026,
864,47.0,gf,3.035,mm,OK,--,8:47:19 PM,7/9/2026,
865,47.0,gf,3.040,mm,OK,--,8:47:19 PM,7/9/2026,
866,47.1,gf,3.050,mm,OK,--,8:47:19 PM,7/9/2026,
867,47.1,gf,3.050,mm,OK,--,8:47:19 PM,7/9/2026,
868,47.1,gf,3.050,mm,OK,--,8:47:19 PM,7/9/2026,
869,47.1,gf,3.055,mm,OK,--,8:47:19 PM,7/9/2026,
870,47.1,gf,3.060,mm,OK,--,8:47:19 PM,7/9/2026,
871,47.1,gf,3.065,mm,OK,--,8:47:20 PM,7/9/2026,
872,47.1,gf,3.065,mm,OK,--,8:47:20 PM,7/9/2026,
873,47.1,gf,3.070,mm,OK,--,8:47:20 PM,7/9/2026,
874,47.1,gf,3.070,mm,OK,--,8:47:20 PM,7/9/2026,
875,47.1,gf,3.075,mm,OK,--,8:47:20 PM,7/9/2026,
876,47.2,gf,3.085,mm,OK,--,8:47:20 PM,7/9/2026,
877,47.1,gf,3.090,mm,OK,--,8:47:20 PM,7/9/2026,
878,47.2,gf,3.100,mm,OK,--,8:47:20 PM,7/9/2026,
879,47.2,gf,3.105,mm,OK,--,8:47:20 PM,7/9/2026,
880,47.3,gf,3.115,mm,OK,--,8:47:20 PM,7/9/2026,
881,47.3,gf,3.120,mm,OK,--,8:47:21 PM,7/9/2026,
882,47.3,gf,3.130,mm,OK,--,8:47:21 PM,7/9/2026,
883,47.3,gf,3.130,mm,OK,--,8:47:21 PM,7/9/2026,
884,47.3,gf,3.135,mm,OK,--,8:47:21 PM,7/9/2026,
885,47.3,gf,3.135,mm,OK,--,8:47:21 PM,7/9/2026,
886,47.3,gf,3.135,mm,OK,--,8:47:21 PM,7/9/2026,
887,47.3,gf,3.135,mm,OK,--,8:47:21 PM,7/9/2026,
888,47.3,gf,3.135,mm,OK,--,8:47:21 PM,7/9/2026,
889,47.3,gf,3.140,mm,OK,--,8:47:21 PM,7/9/2026,
890,47.3,gf,3.140,mm,OK,--,8:47:21 PM,7/9/2026,
891,47.2,gf,3.145,mm,OK,--,8:47:22 PM,7/9/2026,
892,47.3,gf,3.145,mm,OK,--,8:47:22 PM,7/9/2026,
893,47.3,gf,3.150,mm,OK,--,8:47:22 PM,7/9/2026,
894,47.2,gf,3.150,mm,OK,--,8:47:22 PM,7/9/2026,
895,47.3,gf,3.155,mm,OK,--,8:47:22 PM,7/9/2026,
896,47.3,gf,3.155,mm,OK,--,8:47:22 PM,7/9/2026,
897,47.4,gf,3.160,mm,OK,--,8:47:22 PM,7/9/2026,
898,47.3,gf,3.160,mm,OK,--,8:47:22 PM,7/9/2026,
899,47.3,gf,3.165,mm,OK,--,8:47:22 PM,7/9/2026,
900,47.3,gf,3.165,mm,OK,--,8:47:22 PM,7/9/2026,
901,47.4,gf,3.170,mm,OK,--,8:47:23 PM,7/9/2026,
902,47.4,gf,3.170,mm,OK,--,8:47:23 PM,7/9/2026,
903,47.4,gf,3.175,mm,OK,--,8:47:23 PM,7/9/2026,
904,47.4,gf,3.180,mm,OK,--,8:47:23 PM,7/9/2026,
905,47.5,gf,3.185,mm,OK,--,8:47:23 PM,7/9/2026,
906,47.5,gf,3.190,mm,OK,--,8:47:23 PM,7/9/2026,
907,47.5,gf,3.195,mm,OK,--,8:47:23 PM,7/9/2026,
908,47.5,gf,3.200,mm,OK,--,8:47:23 PM,7/9/2026,
909,47.5,gf,3.205,mm,OK,--,8:47:23 PM,7/9/2026,
910,47.5,gf,3.210,mm,OK,--,8:47:23 PM,7/9/2026,
911,47.6,gf,3.215,mm,OK,--,8:47:24 PM,7/9/2026,
912,47.6,gf,3.220,mm,OK,--,8:47:24 PM,7/9/2026,
913,47.6,gf,3.225,mm,OK,--,8:47:24 PM,7/9/2026,
914,47.7,gf,3.230,mm,OK,--,8:47:24 PM,7/9/2026,
915,47.7,gf,3.235,mm,OK,--,8:47:24 PM,7/9/2026,
916,47.7,gf,3.240,mm,OK,--,8:47:24 PM,7/9/2026,
917,47.7,gf,3.245,mm,OK,--,8:47:24 PM,7/9/2026,
918,47.7,gf,3.250,mm,OK,--,8:47:24 PM,7/9/2026,
919,47.7,gf,3.255,mm,OK,--,8:47:24 PM,7/9/2026,
920,47.7,gf,3.265,mm,OK,--,8:47:24 PM,7/9/2026,
921,47.8,gf,3.270,mm,OK,--,8:47:25 PM,7/9/2026,
922,47.8,gf,3.280,mm,OK,--,8:47:25 PM,7/9/2026,
923,47.9,gf,3.290,mm,OK,--,8:47:25 PM,7/9/2026,
924,47.9,gf,3.300,mm,OK,--,8:47:25 PM,7/9/2026,
925,47.9,gf,3.300,mm,OK,--,8:47:25 PM,7/9/2026,
926,47.9,gf,3.305,mm,OK,--,8:47:25 PM,7/9/2026,
927,48.0,gf,3.305,mm,OK,--,8:47:25 PM,7/9/2026,
928,48.0,gf,3.310,mm,OK,--,8:47:25 PM,7/9/2026,
929,47.9,gf,3.315,mm,OK,--,8:47:25 PM,7/9/2026,
930,48.0,gf,3.320,mm,OK,--,8:47:25 PM,7/9/2026,
931,51.0,gf,3.325,mm,OK,--,8:47:26 PM,7/9/2026,
932,53.6,gf,3.330,mm,OK,--,8:47:26 PM,7/9/2026,
933,56.1,gf,3.330,mm,OK,--,8:47:26 PM,7/9/2026,
934,58.5,gf,3.335,mm,OK,--,8:47:26 PM,7/9/2026,
935,60.9,gf,3.335,mm,OK,--,8:47:26 PM,7/9/2026,
936,63.0,gf,3.340,mm,OK,--,8:47:26 PM,7/9/2026,
937,65.2,gf,3.340,mm,OK,--,8:47:26 PM,7/9/2026,
938,67.6,gf,3.340,mm,OK,--,8:47:26 PM,7/9/2026,
939,69.2,gf,3.345,mm,OK,--,8:47:26 PM,7/9/2026,
940,70.0,gf,3.345,mm,OK,--,8:47:26 PM,7/9/2026,
941,71.6,gf,3.345,mm,OK,--,8:47:27 PM,7/9/2026,
942,73.4,gf,3.350,mm,OK,--,8:47:27 PM,7/9/2026,
943,75.1,gf,3.350,mm,OK,--,8:47:27 PM,7/9/2026,
944,75.9,gf,3.350,mm,OK,--,8:47:27 PM,7/9/2026,
945,76.6,gf,3.350,mm,OK,--,8:47:27 PM,7/9/2026,
946,77.3,gf,3.350,mm,OK,--,8:47:27 PM,7/9/2026,
947,78.1,gf,3.350,mm,OK,--,8:47:27 PM,7/9/2026,
948,79.2,gf,3.355,mm,OK,--,8:47:27 PM,7/9/2026,
949,80.4,gf,3.355,mm,OK,--,8:47:27 PM,7/9/2026,
950,81.8,gf,3.355,mm,OK,--,8:47:27 PM,7/9/2026,
951,83.1,gf,3.360,mm,OK,--,8:47:28 PM,7/9/2026,
952,84.3,gf,3.360,mm,OK,--,8:47:28 PM,7/9/2026,
953,85.6,gf,3.360,mm,OK,--,8:47:28 PM,7/9/2026,
954,87.1,gf,3.360,mm,OK,--,8:47:28 PM,7/9/2026,
955,88.2,gf,3.365,mm,OK,--,8:47:28 PM,7/9/2026,
956,89.3,gf,3.365,mm,OK,--,8:47:28 PM,7/9/2026,
957,90.5,gf,3.365,mm,OK,--,8:47:28 PM,7/9/2026,
958,91.6,gf,3.365,mm,OK,--,8:47:28 PM,7/9/2026,
959,92.5,gf,3.365,mm,OK,--,8:47:28 PM,7/9/2026,
960,93.4,gf,3.370,mm,OK,--,8:47:28 PM,7/9/2026,
961,94.3,gf,3.370,mm,OK,--,8:47:29 PM,7/9/2026,
962,95.0,gf,3.370,mm,OK,--,8:47:29 PM,7/9/2026,
963,95.9,gf,3.370,mm,OK,--,8:47:29 PM,7/9/2026,
964,97.1,gf,3.370,mm,OK,--,8:47:29 PM,7/9/2026,
965,98.5,gf,3.375,mm,OK,--,8:47:29 PM,7/9/2026,
966,99.4,gf,3.375,mm,OK,--,8:47:29 PM,7/9/2026,
967,100.0,gf,3.375,mm,OK,--,8:47:29 PM,7/9/2026,
968,101.1,gf,3.375,mm,OK,--,8:47:29 PM,7/9/2026,
969,101.7,gf,3.375,mm,OK,--,8:47:29 PM,7/9/2026,
970,102.2,gf,3.375,mm,OK,--,8:47:29 PM,7/9/2026,
971,102.6,gf,3.375,mm,OK,--,8:47:30 PM,7/9/2026,
972,103.1,gf,3.380,mm,OK,--,8:47:30 PM,7/9/2026,
973,103.7,gf,3.380,mm,OK,--,8:47:30 PM,7/9/2026,
974,104.2,gf,3.380,mm,OK,--,8:47:30 PM,7/9/2026,
975,104.8,gf,3.380,mm,OK,--,8:47:30 PM,7/9/2026,
976,105.5,gf,3.380,mm,OK,--,8:47:30 PM,7/9/2026,
977,106.1,gf,3.380,mm,OK,--,8:47:30 PM,7/9/2026,
978,106.9,gf,3.380,mm,OK,--,8:47:30 PM,7/9/2026,
979,108.1,gf,3.385,mm,OK,--,8:47:30 PM,7/9/2026,
980,109.4,gf,3.385,mm,OK,--,8:47:30 PM,7/9/2026,
981,110.9,gf,3.385,mm,OK,--,8:47:31 PM,7/9/2026,
982,112.2,gf,3.390,mm,OK,--,8:47:31 PM,7/9/2026,
983,113.7,gf,3.390,mm,OK,--,8:47:31 PM,7/9/2026,
984,115.1,gf,3.390,mm,OK,--,8:47:31 PM,7/9/2026,
985,116.2,gf,3.390,mm,OK,--,8:47:31 PM,7/9/2026,
986,117.4,gf,3.395,mm,OK,--,8:47:31 PM,7/9/2026,
987,118.6,gf,3.395,mm,OK,--,8:47:31 PM,7/9/2026,
988,119.6,gf,3.395,mm,OK,--,8:47:31 PM,7/9/2026,
989,120.7,gf,3.395,mm,OK,--,8:47:31 PM,7/9/2026,
990,122.0,gf,3.400,mm,OK,--,8:47:31 PM,7/9/2026,
991,123.2,gf,3.400,mm,OK,--,8:47:32 PM,7/9/2026,
992,123.9,gf,3.400,mm,OK,--,8:47:32 PM,7/9/2026,
993,124.6,gf,3.400,mm,OK,--,8:47:32 PM,7/9/2026,
994,125.1,gf,3.400,mm,OK,--,8:47:32 PM,7/9/2026,
995,125.5,gf,3.400,mm,OK,--,8:47:32 PM,7/9/2026,
996,126.1,gf,3.400,mm,OK,--,8:47:32 PM,7/9/2026,
997,126.9,gf,3.405,mm,OK,--,8:47:32 PM,7/9/2026,
998,128.0,gf,3.405,mm,OK,--,8:47:32 PM,7/9/2026,
999,129.1,gf,3.405,mm,OK,--,8:47:32 PM,7/9/2026,
1000,130.3,gf,3.405,mm,OK,--,8:47:32 PM,7/9/2026,
1001,131.4,gf,3.410,mm,OK,--,8:47:33 PM,7/9/2026,
1002,132.8,gf,3.410,mm,OK,--,8:47:33 PM,7/9/2026,
1003,134.6,gf,3.410,mm,OK,--,8:47:33 PM,7/9/2026,
1004,136.7,gf,3.415,mm,OK,--,8:47:33 PM,7/9/2026,
1005,138.4,gf,3.415,mm,OK,--,8:47:33 PM,7/9/2026,
1006,140.1,gf,3.415,mm,OK,--,8:47:33 PM,7/9/2026,
1007,141.6,gf,3.420,mm,OK,--,8:47:33 PM,7/9/2026,
1008,143.2,gf,3.420,mm,OK,--,8:47:33 PM,7/9/2026,
1009,145.0,gf,3.420,mm,OK,--,8:47:33 PM,7/9/2026,
1010,147.2,gf,3.425,mm,OK,--,8:47:33 PM,7/9/2026,
1011,149.3,gf,3.425,mm,OK,--,8:47:34 PM,7/9/2026,
1012,151.2,gf,3.425,mm,OK,--,8:47:34 PM,7/9/2026,
1013,153.2,gf,3.430,mm,OK,--,8:47:34 PM,7/9/2026,
1014,155.3,gf,3.430,mm,OK,--,8:47:34 PM,7/9/2026,
1015,157.2,gf,3.435,mm,OK,--,8:47:34 PM,7/9/2026,
1016,158.8,gf,3.435,mm,OK,--,8:47:34 PM,7/9/2026,
1017,160.3,gf,3.435,mm,OK,--,8:47:34 PM,7/9/2026,
1018,161.8,gf,3.435,mm,OK,--,8:47:34 PM,7/9/2026,
1019,163.4,gf,3.440,mm,OK,--,8:47:34 PM,7/9/2026,
1020,164.5,gf,3.440,mm,OK,--,8:47:34 PM,7/9/2026,
1021,165.4,gf,3.440,mm,OK,--,8:47:35 PM,7/9/2026,
1022,166.4,gf,3.440,mm,OK,--,8:47:35 PM,7/9/2026,
1023,167.3,gf,3.445,mm,OK,--,8:47:35 PM,7/9/2026,
1024,168.1,gf,3.445,mm,OK,--,8:47:35 PM,7/9/2026,
1025,169.0,gf,3.445,mm,OK,--,8:47:35 PM,7/9/2026,
1026,170.5,gf,3.445,mm,OK,--,8:47:35 PM,7/9/2026,
1027,172.1,gf,3.450,mm,OK,--,8:47:35 PM,7/9/2026,
1028,173.3,gf,3.450,mm,OK,--,8:47:35 PM,7/9/2026,
1029,174.3,gf,3.450,mm,OK,--,8:47:35 PM,7/9/2026,
1030,175.7,gf,3.450,mm,OK,--,8:47:35 PM,7/9/2026,
1031,177.3,gf,3.455,mm,OK,--,8:47:36 PM,7/9/2026,
1032,178.8,gf,3.455,mm,OK,--,8:47:36 PM,7/9/2026,
1033,180.1,gf,3.455,mm,OK,--,8:47:36 PM,7/9/2026,
1034,181.7,gf,3.455,mm,OK,--,8:47:36 PM,7/9/2026,
1035,183.1,gf,3.460,mm,OK,--,8:47:36 PM,7/9/2026,
1036,184.1,gf,3.460,mm,OK,--,8:47:36 PM,7/9/2026,
1037,184.9,gf,3.460,mm,OK,--,8:47:36 PM,7/9/2026,
1038,185.6,gf,3.460,mm,OK,--,8:47:36 PM,7/9/2026,
1039,186.3,gf,3.465,mm,OK,--,8:47:36 PM,7/9/2026,
1040,186.7,gf,3.465,mm,OK,--,8:47:36 PM,7/9/2026,
1041,186.9,gf,3.465,mm,OK,--,8:47:37 PM,7/9/2026,
1042,187.7,gf,3.465,mm,OK,--,8:47:37 PM,7/9/2026,
1043,189.8,gf,3.465,mm,OK,--,8:47:37 PM,7/9/2026,
1044,191.4,gf,3.470,mm,OK,--,8:47:37 PM,7/9/2026,
1045,192.3,gf,3.470,mm,OK,--,8:47:37 PM,7/9/2026,
1046,192.8,gf,3.470,mm,OK,--,8:47:37 PM,7/9/2026,
1047,192.9,gf,3.470,mm,OK,--,8:47:37 PM,7/9/2026,
1048,192.8,gf,3.470,mm,OK,--,8:47:37 PM,7/9/2026,
1049,193.0,gf,3.470,mm,OK,--,8:47:37 PM,7/9/2026,
1050,193.0,gf,3.470,mm,OK,--,8:47:37 PM,7/9/2026,
1051,193.0,gf,3.470,mm,OK,--,8:47:38 PM,7/9/2026,
1052,192.9,gf,3.470,mm,OK,--,8:47:38 PM,7/9/2026,
1053,192.8,gf,3.470,mm,OK,--,8:47:38 PM,7/9/2026,
1054,192.8,gf,3.470,mm,OK,--,8:47:38 PM,7/9/2026,
1055,192.8,gf,3.470,mm,OK,--,8:47:38 PM,7/9/2026,
1056,192.8,gf,3.470,mm,OK,--,8:47:38 PM,7/9/2026,
1057,192.7,gf,3.470,mm,OK,--,8:47:38 PM,7/9/2026,
1058,192.7,gf,3.470,mm,OK,--,8:47:38 PM,7/9/2026,
1059,192.7,gf,3.470,mm,OK,--,8:47:38 PM,7/9/2026,
1060,192.7,gf,3.470,mm,OK,--,8:47:38 PM,7/9/2026,
1061,192.7,gf,3.470,mm,OK,--,8:47:39 PM,7/9/2026,
1062,192.7,gf,3.470,mm,OK,--,8:47:39 PM,7/9/2026,
1063,192.7,gf,3.470,mm,OK,--,8:47:39 PM,7/9/2026,
1064,192.6,gf,3.470,mm,OK,--,8:47:39 PM,7/9/2026,
1065,192.6,gf,3.470,mm,OK,--,8:47:39 PM,7/9/2026,
1066,192.5,gf,3.470,mm,OK,--,8:47:39 PM,7/9/2026,
1067,192.4,gf,3.470,mm,OK,--,8:47:39 PM,7/9/2026,
1068,192.5,gf,3.470,mm,OK,--,8:47:39 PM,7/9/2026,
1069,192.5,gf,3.470,mm,OK,--,8:47:39 PM,7/9/2026,
1070,192.5,gf,3.470,mm,OK,--,8:47:39 PM,7/9/2026,
1071,192.3,gf,3.470,mm,OK,--,8:47:40 PM,7/9/2026,
1072,192.0,gf,3.470,mm,OK,--,8:47:40 PM,7/9/2026,
1073,191.8,gf,3.470,mm,OK,--,8:47:40 PM,7/9/2026,
1074,191.6,gf,3.470,mm,OK,--,8:47:40 PM,7/9/2026,
1075,191.4,gf,3.470,mm,OK,--,8:47:40 PM,7/9/2026,
1076,191.3,gf,3.470,mm,OK,--,8:47:40 PM,7/9/2026,
1077,191.3,gf,3.470,mm,OK,--,8:47:40 PM,7/9/2026,
1078,190.8,gf,3.470,mm,OK,--,8:47:40 PM,7/9/2026,
1079,189.6,gf,3.470,mm,OK,--,8:47:40 PM,7/9/2026,
1080,187.6,gf,3.465,mm,OK,--,8:47:40 PM,7/9/2026,
1081,186.1,gf,3.465,mm,OK,--,8:47:41 PM,7/9/2026,
1082,185.6,gf,3.465,mm,OK,--,8:47:41 PM,7/9/2026,
1083,185.3,gf,3.465,mm,OK,--,8:47:41 PM,7/9/2026,
1084,185.1,gf,3.465,mm,OK,--,8:47:41 PM,7/9/2026,
1085,184.9,gf,3.465,mm,OK,--,8:47:41 PM,7/9/2026,
1086,184.7,gf,3.465,mm,OK,--,8:47:41 PM,7/9/2026,
1087,184.0,gf,3.465,mm,OK,--,8:47:41 PM,7/9/2026,
1088,183.3,gf,3.460,mm,OK,--,8:47:41 PM,7/9/2026,
1089,182.7,gf,3.460,mm,OK,--,8:47:41 PM,7/9/2026,
1090,182.2,gf,3.460,mm,OK,--,8:47:41 PM,7/9/2026,
1091,181.7,gf,3.460,mm,OK,--,8:47:42 PM,7/9/2026,
1092,180.9,gf,3.460,mm,OK,--,8:47:42 PM,7/9/2026,
1093,180.2,gf,3.460,mm,OK,--,8:47:42 PM,7/9/2026,
1094,179.7,gf,3.460,mm,OK,--,8:47:42 PM,7/9/2026,
1095,179.3,gf,3.460,mm,OK,--,8:47:42 PM,7/9/2026,
1096,179.1,gf,3.460,mm,OK,--,8:47:42 PM,7/9/2026,
1097,178.8,gf,3.460,mm,OK,--,8:47:42 PM,7/9/2026,
1098,178.1,gf,3.455,mm,OK,--,8:47:42 PM,7/9/2026,
1099,177.2,gf,3.455,mm,OK,--,8:47:42 PM,7/9/2026,
1100,176.1,gf,3.455,mm,OK,--,8:47:42 PM,7/9/2026,
1101,175.3,gf,3.455,mm,OK,--,8:47:43 PM,7/9/2026,
1102,174.7,gf,3.455,mm,OK,--,8:47:43 PM,7/9/2026,
1103,174.0,gf,3.455,mm,OK,--,8:47:43 PM,7/9/2026,
1104,173.4,gf,3.450,mm,OK,--,8:47:43 PM,7/9/2026,
1105,173.0,gf,3.450,mm,OK,--,8:47:43 PM,7/9/2026,
1106,172.5,gf,3.450,mm,OK,--,8:47:43 PM,7/9/2026,
1107,172.2,gf,3.450,mm,OK,--,8:47:43 PM,7/9/2026,
1108,172.0,gf,3.450,mm,OK,--,8:47:43 PM,7/9/2026,
1109,171.7,gf,3.450,mm,OK,--,8:47:43 PM,7/9/2026,
1110,171.3,gf,3.450,mm,OK,--,8:47:43 PM,7/9/2026,
1111,170.9,gf,3.450,mm,OK,--,8:47:44 PM,7/9/2026,
1112,170.5,gf,3.450,mm,OK,--,8:47:44 PM,7/9/2026,
1113,170.2,gf,3.450,mm,OK,--,8:47:44 PM,7/9/2026,
1114,169.9,gf,3.450,mm,OK,--,8:47:44 PM,7/9/2026,
1115,169.6,gf,3.450,mm,OK,--,8:47:44 PM,7/9/2026,
1116,169.3,gf,3.450,mm,OK,--,8:47:44 PM,7/9/2026,
1117,169.0,gf,3.450,mm,OK,--,8:47:44 PM,7/9/2026,
1118,168.6,gf,3.450,mm,OK,--,8:47:44 PM,7/9/2026,
1119,168.2,gf,3.445,mm,OK,--,8:47:44 PM,7/9/2026,
1120,167.4,gf,3.445,mm,OK,--,8:47:44 PM,7/9/2026,
1121,166.8,gf,3.445,mm,OK,--,8:47:45 PM,7/9/2026,
1122,166.3,gf,3.445,mm,OK,--,8:47:45 PM,7/9/2026,
1123,165.8,gf,3.445,mm,OK,--,8:47:45 PM,7/9/2026,
1124,165.1,gf,3.445,mm,OK,--,8:47:45 PM,7/9/2026,
1125,164.7,gf,3.445,mm,OK,--,8:47:45 PM,7/9/2026,
1126,164.3,gf,3.445,mm,OK,--,8:47:45 PM,7/9/2026,
1127,163.7,gf,3.445,mm,OK,--,8:47:45 PM,7/9/2026,
1128,163.4,gf,3.445,mm,OK,--,8:47:45 PM,7/9/2026,
1129,163.2,gf,3.445,mm,OK,--,8:47:45 PM,7/9/2026,
1130,162.9,gf,3.440,mm,OK,--,8:47:45 PM,7/9/2026,
1131,162.6,gf,3.440,mm,OK,--,8:47:46 PM,7/9/2026,
1132,162.0,gf,3.440,mm,OK,--,8:47:46 PM,7/9/2026,
1133,161.3,gf,3.440,mm,OK,--,8:47:46 PM,7/9/2026,
1134,160.8,gf,3.440,mm,OK,--,8:47:46 PM,7/9/2026,
1135,160.5,gf,3.440,mm,OK,--,8:47:46 PM,7/9/2026,
1136,160.1,gf,3.440,mm,OK,--,8:47:46 PM,7/9/2026,
1137,159.7,gf,3.440,mm,OK,--,8:47:46 PM,7/9/2026,
1138,159.3,gf,3.440,mm,OK,--,8:47:46 PM,7/9/2026,
1139,158.8,gf,3.440,mm,OK,--,8:47:46 PM,7/9/2026,
1140,158.4,gf,3.440,mm,OK,--,8:47:46 PM,7/9/2026,
1141,157.7,gf,3.435,mm,OK,--,8:47:47 PM,7/9/2026,
1142,157.3,gf,3.435,mm,OK,--,8:47:47 PM,7/9/2026,
1143,156.7,gf,3.435,mm,OK,--,8:47:47 PM,7/9/2026,
1144,156.1,gf,3.435,mm,OK,--,8:47:47 PM,7/9/2026,
1145,155.4,gf,3.435,mm,OK,--,8:47:47 PM,7/9/2026,
1146,155.0,gf,3.435,mm,OK,--,8:47:47 PM,7/9/2026,
1147,154.6,gf,3.435,mm,OK,--,8:47:47 PM,7/9/2026,
1148,154.2,gf,3.435,mm,OK,--,8:47:47 PM,7/9/2026,
1149,153.7,gf,3.435,mm,OK,--,8:47:47 PM,7/9/2026,
1150,153.3,gf,3.435,mm,OK,--,8:47:47 PM,7/9/2026,
1151,152.8,gf,3.435,mm,OK,--,8:47:48 PM,7/9/2026,
1152,152.4,gf,3.430,mm,OK,--,8:47:48 PM,7/9/2026,
1153,152.0,gf,3.430,mm,OK,--,8:47:48 PM,7/9/2026,
1154,151.6,gf,3.430,mm,OK,--,8:47:48 PM,7/9/2026,
1155,151.2,gf,3.430,mm,OK,--,8:47:48 PM,7/9/2026,
1156,150.6,gf,3.430,mm,OK,--,8:47:48 PM,7/9/2026,
1157,150.1,gf,3.430,mm,OK,--,8:47:48 PM,7/9/2026,
1158,149.6,gf,3.430,mm,OK,--,8:47:48 PM,7/9/2026,
1159,149.1,gf,3.430,mm,OK,--,8:47:48 PM,7/9/2026,
1160,148.7,gf,3.430,mm,OK,--,8:47:48 PM,7/9/2026,
1161,148.1,gf,3.430,mm,OK,--,8:47:49 PM,7/9/2026,
1162,147.5,gf,3.430,mm,OK,--,8:47:49 PM,7/9/2026,
1163,146.9,gf,3.425,mm,OK,--,8:47:49 PM,7/9/2026,
1164,146.4,gf,3.425,mm,OK,--,8:47:49 PM,7/9/2026,
1165,145.9,gf,3.425,mm,OK,--,8:47:49 PM,7/9/2026,
1166,145.1,gf,3.425,mm,OK,--,8:47:49 PM,7/9/2026,
1167,144.4,gf,3.425,mm,OK,--,8:47:49 PM,7/9/2026,
1168,143.9,gf,3.425,mm,OK,--,8:47:49 PM,7/9/2026,
1169,143.3,gf,3.425,mm,OK,--,8:47:49 PM,7/9/2026,
1170,142.9,gf,3.425,mm,OK,--,8:47:49 PM,7/9/2026,
1171,142.2,gf,3.425,mm,OK,--,8:47:50 PM,7/9/2026,
1172,141.7,gf,3.420,mm,OK,--,8:47:50 PM,7/9/2026,
1173,141.2,gf,3.420,mm,OK,--,8:47:50 PM,7/9/2026,
1174,140.4,gf,3.420,mm,OK,--,8:47:50 PM,7/9/2026,
1175,139.6,gf,3.420,mm,OK,--,8:47:50 PM,7/9/2026,
1176,138.8,gf,3.420,mm,OK,--,8:47:50 PM,7/9/2026,
1177,137.8,gf,3.420,mm,OK,--,8:47:50 PM,7/9/2026,
1178,136.9,gf,3.420,mm,OK,--,8:47:50 PM,7/9/2026,
1179,136.2,gf,3.415,mm,OK,--,8:47:50 PM,7/9/2026,
1180,135.3,gf,3.415,mm,OK,--,8:47:50 PM,7/9/2026,
1181,134.6,gf,3.415,mm,OK,--,8:47:51 PM,7/9/2026,
1182,133.8,gf,3.415,mm,OK,--,8:47:51 PM,7/9/2026,
1183,133.2,gf,3.415,mm,OK,--,8:47:51 PM,7/9/2026,
1184,132.4,gf,3.415,mm,OK,--,8:47:51 PM,7/9/2026,
1185,131.6,gf,3.410,mm,OK,--,8:47:51 PM,7/9/2026,
1186,130.8,gf,3.410,mm,OK,--,8:47:51 PM,7/9/2026,
1187,129.9,gf,3.410,mm,OK,--,8:47:51 PM,7/9/2026,
1188,129.0,gf,3.410,mm,OK,--,8:47:51 PM,7/9/2026,
1189,128.0,gf,3.410,mm,OK,--,8:47:51 PM,7/9/2026,
1190,126.9,gf,3.410,mm,OK,--,8:47:51 PM,7/9/2026,
1191,125.5,gf,3.405,mm,OK,--,8:47:52 PM,7/9/2026,
1192,124.2,gf,3.405,mm,OK,--,8:47:52 PM,7/9/2026,
1193,122.7,gf,3.405,mm,OK,--,8:47:52 PM,7/9/2026,
1194,121.2,gf,3.400,mm,OK,--,8:47:52 PM,7/9/2026,
1195,119.5,gf,3.400,mm,OK,--,8:47:52 PM,7/9/2026,
1196,117.9,gf,3.400,mm,OK,--,8:47:52 PM,7/9/2026,
1197,116.2,gf,3.395,mm,OK,--,8:47:52 PM,7/9/2026,
1198,114.6,gf,3.395,mm,OK,--,8:47:52 PM,7/9/2026,
1199,112.7,gf,3.395,mm,OK,--,8:47:52 PM,7/9/2026,
1200,110.6,gf,3.390,mm,OK,--,8:47:52 PM,7/9/2026,
1201,107.9,gf,3.390,mm,OK,--,8:47:53 PM,7/9/2026,
1202,104.8,gf,3.385,mm,OK,--,8:47:53 PM,7/9/2026,
1203,101.4,gf,3.380,mm,OK,--,8:47:53 PM,7/9/2026,
1204,97.9,gf,3.380,mm,OK,--,8:47:53 PM,7/9/2026,
1205,94.0,gf,3.375,mm,OK,--,8:47:53 PM,7/9/2026,
1206,90.2,gf,3.370,mm,OK,--,8:47:53 PM,7/9/2026,
1207,86.8,gf,3.365,mm,OK,--,8:47:53 PM,7/9/2026,
1208,83.8,gf,3.365,mm,OK,--,8:47:53 PM,7/9/2026,
1209,80.5,gf,3.360,mm,OK,--,8:47:53 PM,7/9/2026,
1210,77.4,gf,3.355,mm,OK,--,8:47:53 PM,7/9/2026,
1211,74.5,gf,3.355,mm,OK,--,8:47:54 PM,7/9/2026,
1212,71.0,gf,3.350,mm,OK,--,8:47:54 PM,7/9/2026,
1213,67.4,gf,3.345,mm,OK,--,8:47:54 PM,7/9/2026,
1214,63.6,gf,3.345,mm,OK,--,8:47:54 PM,7/9/2026,
1215,60.4,gf,3.340,mm,OK,--,8:47:54 PM,7/9/2026,
1216,56.9,gf,3.335,mm,OK,--,8:47:54 PM,7/9/2026,
1217,53.4,gf,3.335,mm,OK,--,8:47:54 PM,7/9/2026,
1218,50.1,gf,3.330,mm,OK,--,8:47:54 PM,7/9/2026,
1219,47.6,gf,3.325,mm,OK,--,8:47:54 PM,7/9/2026,
1220,47.4,gf,3.325,mm,OK,--,8:47:54 PM,7/9/2026,
1221,47.4,gf,3.320,mm,OK,--,8:47:55 PM,7/9/2026,
1222,47.4,gf,3.320,mm,OK,--,8:47:55 PM,7/9/2026,
1223,47.3,gf,3.315,mm,OK,--,8:47:55 PM,7/9/2026,
1224,47.3,gf,3.310,mm,OK,--,8:47:55 PM,7/9/2026,
1225,47.3,gf,3.310,mm,OK,--,8:47:55 PM,7/9/2026,
1226,47.3,gf,3.305,mm,OK,--,8:47:55 PM,7/9/2026,
1227,47.2,gf,3.305,mm,OK,--,8:47:55 PM,7/9/2026,
1228,47.2,gf,3.300,mm,OK,--,8:47:55 PM,7/9/2026,
1229,47.1,gf,3.295,mm,OK,--,8:47:55 PM,7/9/2026,
1230,47.1,gf,3.295,mm,OK,--,8:47:55 PM,7/9/2026,
1231,47.0,gf,3.290,mm,OK,--,8:47:56 PM,7/9/2026,
1232,47.0,gf,3.285,mm,OK,--,8:47:56 PM,7/9/2026,
1233,46.9,gf,3.280,mm,OK,--,8:47:56 PM,7/9/2026,
1234,46.9,gf,3.270,mm,OK,--,8:47:56 PM,7/9/2026,
1235,46.9,gf,3.265,mm,OK,--,8:47:56 PM,7/9/2026,
1236,46.9,gf,3.260,mm,OK,--,8:47:56 PM,7/9/2026,
1237,46.9,gf,3.255,mm,OK,--,8:47:56 PM,7/9/2026,
1238,46.9,gf,3.245,mm,OK,--,8:47:56 PM,7/9/2026,
1239,46.8,gf,3.235,mm,OK,--,8:47:56 PM,7/9/2026,
1240,46.7,gf,3.225,mm,OK,--,8:47:56 PM,7/9/2026,
1241,46.6,gf,3.210,mm,OK,--,8:47:57 PM,7/9/2026,
1242,46.6,gf,3.200,mm,OK,--,8:47:57 PM,7/9/2026,
1243,46.6,gf,3.195,mm,OK,--,8:47:57 PM,7/9/2026,
1244,46.5,gf,3.185,mm,OK,--,8:47:57 PM,7/9/2026,
1245,46.4,gf,3.180,mm,OK,--,8:47:57 PM,7/9/2026,
1246,46.5,gf,3.170,mm,OK,--,8:47:57 PM,7/9/2026,
1247,46.4,gf,3.160,mm,OK,--,8:47:57 PM,7/9/2026,
1248,46.5,gf,3.150,mm,OK,--,8:47:57 PM,7/9/2026,
1249,46.4,gf,3.140,mm,OK,--,8:47:57 PM,7/9/2026,
1250,46.4,gf,3.130,mm,OK,--,8:47:57 PM,7/9/2026,
1251,46.3,gf,3.125,mm,OK,--,8:47:58 PM,7/9/2026,
1252,46.2,gf,3.110,mm,OK,--,8:47:58 PM,7/9/2026,
1253,46.1,gf,3.090,mm,OK,--,8:47:58 PM,7/9/2026,
1254,46.2,gf,3.080,mm,OK,--,8:47:58 PM,7/9/2026,
1255,46.1,gf,3.065,mm,OK,--,8:47:58 PM,7/9/2026,
1256,46.1,gf,3.060,mm,OK,--,8:47:58 PM,7/9/2026,
1257,46.1,gf,3.050,mm,OK,--,8:47:58 PM,7/9/2026,
1258,46.2,gf,3.045,mm,OK,--,8:47:58 PM,7/9/2026,
1259,46.1,gf,3.040,mm,OK,--,8:47:58 PM,7/9/2026,
1260,46.0,gf,3.030,mm,OK,--,8:47:58 PM,7/9/2026,
1261,46.0,gf,3.025,mm,OK,--,8:47:59 PM,7/9/2026,
1262,46.0,gf,3.020,mm,OK,--,8:47:59 PM,7/9/2026,
1263,46.1,gf,3.010,mm,OK,--,8:47:59 PM,7/9/2026,
1264,46.0,gf,3.005,mm,OK,--,8:47:59 PM,7/9/2026,
1265,46.0,gf,3.000,mm,OK,--,8:47:59 PM,7/9/2026,
1266,45.9,gf,2.990,mm,OK,--,8:47:59 PM,7/9/2026,
1267,45.9,gf,2.985,mm,OK,--,8:47:59 PM,7/9/2026,
1268,45.8,gf,2.980,mm,OK,--,8:47:59 PM,7/9/2026,
1269,45.8,gf,2.975,mm,OK,--,8:47:59 PM,7/9/2026,
1270,45.7,gf,2.965,mm,OK,--,8:47:59 PM,7/9/2026,
1271,45.8,gf,2.960,mm,OK,--,8:48:00 PM,7/9/2026,
1272,45.7,gf,2.955,mm,OK,--,8:48:00 PM,7/9/2026,
1273,45.7,gf,2.950,mm,OK,--,8:48:00 PM,7/9/2026,
1274,45.6,gf,2.945,mm,OK,--,8:48:00 PM,7/9/2026,
1275,45.6,gf,2.935,mm,OK,--,8:48:00 PM,7/9/2026,
1276,45.6,gf,2.930,mm,OK,--,8:48:00 PM,7/9/2026,
1277,45.6,gf,2.920,mm,OK,--,8:48:00 PM,7/9/2026,
1278,45.6,gf,2.915,mm,OK,--,8:48:00 PM,7/9/2026,
1279,45.6,gf,2.910,mm,OK,--,8:48:00 PM,7/9/2026,
1280,45.5,gf,2.905,mm,OK,--,8:48:00 PM,7/9/2026,
1281,45.4,gf,2.895,mm,OK,--,8:48:01 PM,7/9/2026,
1282,45.5,gf,2.890,mm,OK,--,8:48:01 PM,7/9/2026,
1283,45.4,gf,2.885,mm,OK,--,8:48:01 PM,7/9/2026,
1284,45.5,gf,2.885,mm,OK,--,8:48:01 PM,7/9/2026,
1285,45.5,gf,2.880,mm,OK,--,8:48:01 PM,7/9/2026,
1286,45.4,gf,2.870,mm,OK,--,8:48:01 PM,7/9/2026,
1287,45.3,gf,2.860,mm,OK,--,8:48:01 PM,7/9/2026,
1288,45.4,gf,2.860,mm,OK,--,8:48:01 PM,7/9/2026,
1289,45.4,gf,2.860,mm,OK,--,8:48:01 PM,7/9/2026,
1290,45.3,gf,2.855,mm,OK,--,8:48:01 PM,7/9/2026,
1291,45.2,gf,2.850,mm,OK,--,8:48:02 PM,7/9/2026,
1292,45.5,gf,2.850,mm,OK,--,8:48:02 PM,7/9/2026,
1293,45.3,gf,2.850,mm,OK,--,8:48:02 PM,7/9/2026,
1294,45.3,gf,2.850,mm,OK,--,8:48:02 PM,7/9/2026,
1295,45.3,gf,2.850,mm,OK,--,8:48:02 PM,7/9/2026,
1296,45.3,gf,2.850,mm,OK,--,8:48:02 PM,7/9/2026,
1297,45.2,gf,2.850,mm,OK,--,8:48:02 PM,7/9/2026,
1298,45.2,gf,2.845,mm,OK,--,8:48:02 PM,7/9/2026,
1299,45.2,gf,2.840,mm,OK,--,8:48:02 PM,7/9/2026,
1300,45.3,gf,2.830,mm,OK,--,8:48:02 PM,7/9/2026,
1301,45.2,gf,2.825,mm,OK,--,8:48:03 PM,7/9/2026,
1302,45.1,gf,2.815,mm,OK,--,8:48:03 PM,7/9/2026,
1303,45.2,gf,2.810,mm,OK,--,8:48:03 PM,7/9/2026,
1304,45.1,gf,2.805,mm,OK,--,8:48:03 PM,7/9/2026,
1305,45.1,gf,2.800,mm,OK,--,8:48:03 PM,7/9/2026,
1306,45.0,gf,2.795,mm,OK,--,8:48:03 PM,7/9/2026,
1307,45.0,gf,2.790,mm,OK,--,8:48:03 PM,7/9/2026,
1308,45.0,gf,2.785,mm,OK,--,8:48:03 PM,7/9/2026,
1309,45.0,gf,2.780,mm,OK,--,8:48:03 PM,7/9/2026,
1310,44.9,gf,2.760,mm,OK,--,8:48:03 PM,7/9/2026,
1311,44.6,gf,2.740,mm,OK,--,8:48:04 PM,7/9/2026,
1312,44.3,gf,2.725,mm,OK,--,8:48:04 PM,7/9/2026,
1313,44.2,gf,2.710,mm,OK,--,8:48:04 PM,7/9/2026,
1314,44.1,gf,2.690,mm,OK,--,8:48:04 PM,7/9/2026,
1315,44.2,gf,2.670,mm,OK,--,8:48:04 PM,7/9/2026,
1316,44.2,gf,2.660,mm,OK,--,8:48:04 PM,7/9/2026,
1317,44.0,gf,2.645,mm,OK,--,8:48:04 PM,7/9/2026,
1318,43.8,gf,2.640,mm,OK,--,8:48:04 PM,7/9/2026,
1319,43.5,gf,2.630,mm,OK,--,8:48:04 PM,7/9/2026,
1320,43.5,gf,2.625,mm,OK,--,8:48:04 PM,7/9/2026,
1321,43.0,gf,2.615,mm,OK,--,8:48:05 PM,7/9/2026,
1322,42.7,gf,2.610,mm,OK,--,8:48:05 PM,7/9/2026,
1323,42.4,gf,2.610,mm,OK,--,8:48:05 PM,7/9/2026,
1324,42.0,gf,2.605,mm,OK,--,8:48:05 PM,7/9/2026,
1325,41.6,gf,2.595,mm,OK,--,8:48:05 PM,7/9/2026,
1326,41.1,gf,2.590,mm,OK,--,8:48:05 PM,7/9/2026,
1327,40.5,gf,2.580,mm,OK,--,8:48:05 PM,7/9/2026,
1328,39.6,gf,2.565,mm,OK,--,8:48:05 PM,7/9/2026,
1329,39.0,gf,2.555,mm,OK,--,8:48:05 PM,7/9/2026,
1330,38.2,gf,2.545,mm,OK,--,8:48:05 PM,7/9/2026,
1331,37.8,gf,2.540,mm,OK,--,8:48:06 PM,7/9/2026,
1332,37.3,gf,2.535,mm,OK,--,8:48:06 PM,7/9/2026,
1333,36.8,gf,2.530,mm,OK,--,8:48:06 PM,7/9/2026,
1334,36.3,gf,2.520,mm,OK,--,8:48:06 PM,7/9/2026,
1335,35.9,gf,2.510,mm,OK,--,8:48:06 PM,7/9/2026,
1336,35.5,gf,2.505,mm,OK,--,8:48:06 PM,7/9/2026,
1337,35.1,gf,2.500,mm,OK,--,8:48:06 PM,7/9/2026,
1338,34.6,gf,2.490,mm,OK,--,8:48:06 PM,7/9/2026,
1339,33.7,gf,2.475,mm,OK,--,8:48:06 PM,7/9/2026,
1340,32.9,gf,2.465,mm,OK,--,8:48:06 PM,7/9/2026,
1341,32.7,gf,2.465,mm,OK,--,8:48:07 PM,7/9/2026,
1342,32.3,gf,2.460,mm,OK,--,8:48:07 PM,7/9/2026,
1343,31.9,gf,2.455,mm,OK,--,8:48:07 PM,7/9/2026,
1344,31.6,gf,2.450,mm,OK,--,8:48:07 PM,7/9/2026,
1345,31.1,gf,2.445,mm,OK,--,8:48:07 PM,7/9/2026,
1346,30.8,gf,2.440,mm,OK,--,8:48:07 PM,7/9/2026,
1347,30.6,gf,2.435,mm,OK,--,8:48:07 PM,7/9/2026,
1348,30.5,gf,2.435,mm,OK,--,8:48:07 PM,7/9/2026,
1349,30.3,gf,2.430,mm,OK,--,8:48:07 PM,7/9/2026,
1350,30.3,gf,2.430,mm,OK,--,8:48:07 PM,7/9/2026,
1351,30.2,gf,2.430,mm,OK,--,8:48:08 PM,7/9/2026,
1352,30.0,gf,2.430,mm,OK,--,8:48:08 PM,7/9/2026,
1353,29.9,gf,2.425,mm,OK,--,8:48:08 PM,7/9/2026,
1354,29.6,gf,2.425,mm,OK,--,8:48:08 PM,7/9/2026,
1355,29.2,gf,2.415,mm,OK,--,8:48:08 PM,7/9/2026,
1356,28.7,gf,2.405,mm,OK,--,8:48:08 PM,7/9/2026,
1357,27.9,gf,2.395,mm,OK,--,8:48:08 PM,7/9/2026,
1358,27.4,gf,2.385,mm,OK,--,8:48:08 PM,7/9/2026,
1359,26.6,gf,2.380,mm,OK,--,8:48:08 PM,7/9/2026,
1360,26.1,gf,2.375,mm,OK,--,8:48:08 PM,7/9/2026,
1361,25.7,gf,2.370,mm,OK,--,8:48:09 PM,7/9/2026,
1362,25.4,gf,2.370,mm,OK,--,8:48:09 PM,7/9/2026,
1363,25.1,gf,2.365,mm,OK,--,8:48:09 PM,7/9/2026,
1364,25.0,gf,2.365,mm,OK,--,8:48:09 PM,7/9/2026,
1365,25.1,gf,2.365,mm,OK,--,8:48:09 PM,7/9/2026,
1366,25.1,gf,2.365,mm,OK,--,8:48:09 PM,7/9/2026,
1367,24.7,gf,2.360,mm,OK,--,8:48:09 PM,7/9/2026,
1368,24.3,gf,2.360,mm,OK,--,8:48:09 PM,7/9/2026,
1369,24.4,gf,2.355,mm,OK,--,8:48:09 PM,7/9/2026,
1370,24.3,gf,2.355,mm,OK,--,8:48:09 PM,7/9/2026,
1371,24.3,gf,2.350,mm,OK,--,8:48:10 PM,7/9/2026,
1372,24.2,gf,2.345,mm,OK,--,8:48:10 PM,7/9/2026,
1373,24.2,gf,2.345,mm,OK,--,8:48:10 PM,7/9/2026,
1374,24.1,gf,2.340,mm,OK,--,8:48:10 PM,7/9/2026,
1375,24.1,gf,2.335,mm,OK,--,8:48:10 PM,7/9/2026,
1376,24.1,gf,2.330,mm,OK,--,8:48:10 PM,7/9/2026,
1377,24.1,gf,2.330,mm,OK,--,8:48:10 PM,7/9/2026,
1378,24.1,gf,2.325,mm,OK,--,8:48:10 PM,7/9/2026,
1379,24.1,gf,2.325,mm,OK,--,8:48:10 PM,7/9/2026,
1380,24.0,gf,2.320,mm,OK,--,8:48:10 PM,7/9/2026,
1381,23.9,gf,2.315,mm,OK,--,8:48:11 PM,7/9/2026,
1382,24.1,gf,2.315,mm,OK,--,8:48:11 PM,7/9/2026,
1383,23.9,gf,2.315,mm,OK,--,8:48:11 PM,7/9/2026,
1384,23.8,gf,2.310,mm,OK,--,8:48:11 PM,7/9/2026,
1385,23.8,gf,2.310,mm,OK,--,8:48:11 PM,7/9/2026,
1386,23.7,gf,2.305,mm,OK,--,8:48:11 PM,7/9/2026,
1387,23.5,gf,2.300,mm,OK,--,8:48:11 PM,7/9/2026,
1388,23.4,gf,2.290,mm,OK,--,8:48:11 PM,7/9/2026,
1389,23.2,gf,2.275,mm,OK,--,8:48:11 PM,7/9/2026,
1390,23.1,gf,2.265,mm,OK,--,8:48:11 PM,7/9/2026,
1391,23.2,gf,2.250,mm,OK,--,8:48:12 PM,7/9/2026,
1392,23.0,gf,2.240,mm,OK,--,8:48:12 PM,7/9/2026,
1393,22.9,gf,2.230,mm,OK,--,8:48:12 PM,7/9/2026,
1394,22.8,gf,2.220,mm,OK,--,8:48:12 PM,7/9/2026,
1395,22.8,gf,2.215,mm,OK,--,8:48:12 PM,7/9/2026,
1396,22.8,gf,2.205,mm,OK,--,8:48:12 PM,7/9/2026,
1397,22.7,gf,2.205,mm,OK,--,8:48:12 PM,7/9/2026,
1398,22.6,gf,2.200,mm,OK,--,8:48:12 PM,7/9/2026,
1399,22.5,gf,2.195,mm,OK,--,8:48:12 PM,7/9/2026,
1400,22.7,gf,2.190,mm,OK,--,8:48:12 PM,7/9/2026,
1401,22.7,gf,2.185,mm,OK,--,8:48:13 PM,7/9/2026,
1402,22.6,gf,2.180,mm,OK,--,8:48:13 PM,7/9/2026,
1403,22.6,gf,2.175,mm,OK,--,8:48:13 PM,7/9/2026,
1404,22.6,gf,2.170,mm,OK,--,8:48:13 PM,7/9/2026,
1405,22.6,gf,2.165,mm,OK,--,8:48:13 PM,7/9/2026,
1406,22.5,gf,2.155,mm,OK,--,8:48:13 PM,7/9/2026,
1407,22.5,gf,2.150,mm,OK,--,8:48:13 PM,7/9/2026,
1408,22.6,gf,2.140,mm,OK,--,8:48:13 PM,7/9/2026,
1409,22.6,gf,2.130,mm,OK,--,8:48:13 PM,7/9/2026,
1410,22.7,gf,2.120,mm,OK,--,8:48:13 PM,7/9/2026,
1411,22.8,gf,2.105,mm,OK,--,8:48:14 PM,7/9/2026,
1412,22.9,gf,2.090,mm,OK,--,8:48:14 PM,7/9/2026,
1413,23.0,gf,2.075,mm,OK,--,8:48:14 PM,7/9/2026,
1414,23.1,gf,2.070,mm,OK,--,8:48:14 PM,7/9/2026,
1415,23.1,gf,2.060,mm,OK,--,8:48:14 PM,7/9/2026,
1416,23.2,gf,2.060,mm,OK,--,8:48:14 PM,7/9/2026,
1417,23.2,gf,2.055,mm,OK,--,8:48:14 PM,7/9/2026,
1418,23.0,gf,2.055,mm,OK,--,8:48:14 PM,7/9/2026,
1419,23.0,gf,2.050,mm,OK,--,8:48:14 PM,7/9/2026,
1420,23.1,gf,2.045,mm,OK,--,8:48:14 PM,7/9/2026,
1421,23.2,gf,2.040,mm,OK,--,8:48:15 PM,7/9/2026,
1422,23.1,gf,2.035,mm,OK,--,8:48:15 PM,7/9/2026,
1423,23.2,gf,2.030,mm,OK,--,8:48:15 PM,7/9/2026,
1424,23.2,gf,2.025,mm,OK,--,8:48:15 PM,7/9/2026,
1425,23.4,gf,2.015,mm,OK,--,8:48:15 PM,7/9/2026,
1426,23.8,gf,2.010,mm,OK,--,8:48:15 PM,7/9/2026,
1427,23.8,gf,2.010,mm,OK,--,8:48:15 PM,7/9/2026,
1428,23.6,gf,2.005,mm,OK,--,8:48:15 PM,7/9/2026,
1429,23.6,gf,2.005,mm,OK,--,8:48:15 PM,7/9/2026,
1430,23.5,gf,2.000,mm,OK,--,8:48:15 PM,7/9/2026,
1431,23.6,gf,1.995,mm,OK,--,8:48:16 PM,7/9/2026,
1432,23.7,gf,1.990,mm,OK,--,8:48:16 PM,7/9/2026,
1433,23.7,gf,1.985,mm,OK,--,8:48:16 PM,7/9/2026,
1434,23.9,gf,1.975,mm,OK,--,8:48:16 PM,7/9/2026,
1435,24.1,gf,1.965,mm,OK,--,8:48:16 PM,7/9/2026,
1436,24.2,gf,1.955,mm,OK,--,8:48:16 PM,7/9/2026,
1437,24.5,gf,1.945,mm,OK,--,8:48:16 PM,7/9/2026,
1438,24.4,gf,1.935,mm,OK,--,8:48:16 PM,7/9/2026,
1439,24.4,gf,1.925,mm,OK,--,8:48:16 PM,7/9/2026,
1440,24.5,gf,1.915,mm,OK,--,8:48:16 PM,7/9/2026,
1441,24.5,gf,1.910,mm,OK,--,8:48:17 PM,7/9/2026,
1442,24.6,gf,1.905,mm,OK,--,8:48:17 PM,7/9/2026,
1443,24.6,gf,1.895,mm,OK,--,8:48:17 PM,7/9/2026,
1444,24.6,gf,1.890,mm,OK,--,8:48:17 PM,7/9/2026,
1445,24.7,gf,1.885,mm,OK,--,8:48:17 PM,7/9/2026,
1446,24.8,gf,1.880,mm,OK,--,8:48:17 PM,7/9/2026,
1447,24.8,gf,1.875,mm,OK,--,8:48:17 PM,7/9/2026,
1448,24.9,gf,1.870,mm,OK,--,8:48:17 PM,7/9/2026,
1449,24.8,gf,1.865,mm,OK,--,8:48:17 PM,7/9/2026,
1450,24.9,gf,1.860,mm,OK,--,8:48:17 PM,7/9/2026,
1451,25.2,gf,1.855,mm,OK,--,8:48:18 PM,7/9/2026,
1452,25.3,gf,1.845,mm,OK,--,8:48:18 PM,7/9/2026,
1453,25.2,gf,1.845,mm,OK,--,8:48:18 PM,7/9/2026,
1454,25.2,gf,1.840,mm,OK,--,8:48:18 PM,7/9/2026,
1455,25.1,gf,1.835,mm,OK,--,8:48:18 PM,7/9/2026,
1456,25.1,gf,1.830,mm,OK,--,8:48:18 PM,7/9/2026,
1457,25.2,gf,1.830,mm,OK,--,8:48:18 PM,7/9/2026,
1458,25.2,gf,1.820,mm,OK,--,8:48:18 PM,7/9/2026,
1459,25.3,gf,1.810,mm,OK,--,8:48:18 PM,7/9/2026,
1460,25.6,gf,1.805,mm,OK,--,8:48:18 PM,7/9/2026,
1461,25.6,gf,1.795,mm,OK,--,8:48:19 PM,7/9/2026,
1462,25.7,gf,1.790,mm,OK,--,8:48:19 PM,7/9/2026,
1463,25.7,gf,1.785,mm,OK,--,8:48:19 PM,7/9/2026,
1464,26.0,gf,1.775,mm,OK,--,8:48:19 PM,7/9/2026,
1465,26.0,gf,1.770,mm,OK,--,8:48:19 PM,7/9/2026,
1466,26.1,gf,1.765,mm,OK,--,8:48:19 PM,7/9/2026,
1467,26.0,gf,1.760,mm,OK,--,8:48:19 PM,7/9/2026,
1468,26.2,gf,1.755,mm,OK,--,8:48:19 PM,7/9/2026,
1469,26.3,gf,1.750,mm,OK,--,8:48:19 PM,7/9/2026,
1470,26.3,gf,1.740,mm,OK,--,8:48:19 PM,7/9/2026,
1471,26.4,gf,1.735,mm,OK,--,8:48:20 PM,7/9/2026,
1472,26.4,gf,1.730,mm,OK,--,8:48:20 PM,7/9/2026,
1473,26.4,gf,1.730,mm,OK,--,8:48:20 PM,7/9/2026,
1474,26.5,gf,1.725,mm,OK,--,8:48:20 PM,7/9/2026,
1475,26.6,gf,1.720,mm,OK,--,8:48:20 PM,7/9/2026,
1476,26.7,gf,1.710,mm,OK,--,8:48:20 PM,7/9/2026,
1477,26.8,gf,1.705,mm,OK,--,8:48:20 PM,7/9/2026,
1478,26.7,gf,1.700,mm,OK,--,8:48:20 PM,7/9/2026,
1479,26.9,gf,1.690,mm,OK,--,8:48:20 PM,7/9/2026,
1480,26.9,gf,1.690,mm,OK,--,8:48:20 PM,7/9/2026,
1481,26.9,gf,1.685,mm,OK,--,8:48:21 PM,7/9/2026,
1482,26.8,gf,1.680,mm,OK,--,8:48:21 PM,7/9/2026,
1483,26.8,gf,1.675,mm,OK,--,8:48:21 PM,7/9/2026,
1484,26.7,gf,1.670,mm,OK,--,8:48:21 PM,7/9/2026,
1485,26.8,gf,1.665,mm,OK,--,8:48:21 PM,7/9/2026,
1486,27.0,gf,1.660,mm,OK,--,8:48:21 PM,7/9/2026,
1487,27.2,gf,1.660,mm,OK,--,8:48:21 PM,7/9/2026,
1488,27.1,gf,1.655,mm,OK,--,8:48:21 PM,7/9/2026,
1489,27.2,gf,1.650,mm,OK,--,8:48:21 PM,7/9/2026,
1490,27.3,gf,1.645,mm,OK,--,8:48:21 PM,7/9/2026,
1491,27.5,gf,1.645,mm,OK,--,8:48:22 PM,7/9/2026,
1492,27.5,gf,1.640,mm,OK,--,8:48:22 PM,7/9/2026,
1493,27.6,gf,1.635,mm,OK,--,8:48:22 PM,7/9/2026,
1494,27.5,gf,1.630,mm,OK,--,8:48:22 PM,7/9/2026,
1495,27.5,gf,1.625,mm,OK,--,8:48:22 PM,7/9/2026,
1496,27.6,gf,1.620,mm,OK,--,8:48:22 PM,7/9/2026,
1497,27.7,gf,1.615,mm,OK,--,8:48:22 PM,7/9/2026,
1498,27.8,gf,1.610,mm,OK,--,8:48:22 PM,7/9/2026,
1499,27.8,gf,1.600,mm,OK,--,8:48:22 PM,7/9/2026,
1500,27.8,gf,1.595,mm,OK,--,8:48:22 PM,7/9/2026,
1501,28.0,gf,1.590,mm,OK,--,8:48:23 PM,7/9/2026,
1502,28.1,gf,1.580,mm,OK,--,8:48:23 PM,7/9/2026,
1503,28.2,gf,1.575,mm,OK,--,8:48:23 PM,7/9/2026,
1504,28.3,gf,1.570,mm,OK,--,8:48:23 PM,7/9/2026,
1505,28.3,gf,1.565,mm,OK,--,8:48:23 PM,7/9/2026,
1506,28.3,gf,1.560,mm,OK,--,8:48:23 PM,7/9/2026,
1507,28.2,gf,1.555,mm,OK,--,8:48:23 PM,7/9/2026,
1508,28.3,gf,1.555,mm,OK,--,8:48:23 PM,7/9/2026,
1509,28.2,gf,1.550,mm,OK,--,8:48:23 PM,7/9/2026,
1510,28.2,gf,1.545,mm,OK,--,8:48:23 PM,7/9/2026,
1511,28.2,gf,1.540,mm,OK,--,8:48:24 PM,7/9/2026,
1512,28.5,gf,1.535,mm,OK,--,8:48:24 PM,7/9/2026,
1513,28.7,gf,1.525,mm,OK,--,8:48:24 PM,7/9/2026,
1514,28.6,gf,1.520,mm,OK,--,8:48:24 PM,7/9/2026,
1515,28.7,gf,1.510,mm,OK,--,8:48:24 PM,7/9/2026,
1516,29.1,gf,1.500,mm,OK,--,8:48:24 PM,7/9/2026,
1517,29.2,gf,1.490,mm,OK,--,8:48:24 PM,7/9/2026,
1518,29.3,gf,1.480,mm,OK,--,8:48:24 PM,7/9/2026,
1519,29.6,gf,1.470,mm,OK,--,8:48:24 PM,7/9/2026,
1520,29.8,gf,1.460,mm,OK,--,8:48:24 PM,7/9/2026,
1521,30.0,gf,1.455,mm,OK,--,8:48:25 PM,7/9/2026,
1522,29.9,gf,1.450,mm,OK,--,8:48:25 PM,7/9/2026,
1523,29.9,gf,1.445,mm,OK,--,8:48:25 PM,7/9/2026,
1524,29.9,gf,1.445,mm,OK,--,8:48:25 PM,7/9/2026,
1525,30.1,gf,1.445,mm,OK,--,8:48:25 PM,7/9/2026,
1526,30.0,gf,1.440,mm,OK,--,8:48:25 PM,7/9/2026,
1527,29.7,gf,1.440,mm,OK,--,8:48:25 PM,7/9/2026,
1528,29.8,gf,1.435,mm,OK,--,8:48:25 PM,7/9/2026,
1529,29.9,gf,1.435,mm,OK,--,8:48:25 PM,7/9/2026,
1530,30.0,gf,1.435,mm,OK,--,8:48:25 PM,7/9/2026,
1531,29.9,gf,1.435,mm,OK,--,8:48:26 PM,7/9/2026,
1532,29.8,gf,1.430,mm,OK,--,8:48:26 PM,7/9/2026,
1533,29.8,gf,1.430,mm,OK,--,8:48:26 PM,7/9/2026,
1534,29.8,gf,1.430,mm,OK,--,8:48:26 PM,7/9/2026,
1535,29.8,gf,1.430,mm,OK,--,8:48:26 PM,7/9/2026,
1536,29.8,gf,1.425,mm,OK,--,8:48:26 PM,7/9/2026,
1537,29.9,gf,1.425,mm,OK,--,8:48:26 PM,7/9/2026,
1538,29.9,gf,1.425,mm,OK,--,8:48:26 PM,7/9/2026,
1539,30.1,gf,1.425,mm,OK,--,8:48:26 PM,7/9/2026,
1540,30.0,gf,1.425,mm,OK,--,8:48:26 PM,7/9/2026,
1541,29.7,gf,1.425,mm,OK,--,8:48:27 PM,7/9/2026,
1542,29.6,gf,1.420,mm,OK,--,8:48:27 PM,7/9/2026,
1543,29.7,gf,1.420,mm,OK,--,8:48:27 PM,7/9/2026,
1544,29.7,gf,1.420,mm,OK,--,8:48:27 PM,7/9/2026,
1545,29.7,gf,1.415,mm,OK,--,8:48:27 PM,7/9/2026,
1546,30.0,gf,1.400,mm,OK,--,8:48:27 PM,7/9/2026,
1547,30.6,gf,1.385,mm,OK,--,8:48:27 PM,7/9/2026,
1548,30.8,gf,1.380,mm,OK,--,8:48:27 PM,7/9/2026,
1549,30.9,gf,1.370,mm,OK,--,8:48:27 PM,7/9/2026,
1550,31.0,gf,1.365,mm,OK,--,8:48:27 PM,7/9/2026,
1551,31.1,gf,1.360,mm,OK,--,8:48:28 PM,7/9/2026,
1552,31.1,gf,1.355,mm,OK,--,8:48:28 PM,7/9/2026,
1553,31.0,gf,1.350,mm,OK,--,8:48:28 PM,7/9/2026,
1554,31.1,gf,1.345,mm,OK,--,8:48:28 PM,7/9/2026,
1555,31.2,gf,1.340,mm,OK,--,8:48:28 PM,7/9/2026,
1556,31.3,gf,1.335,mm,OK,--,8:48:28 PM,7/9/2026,
1557,31.3,gf,1.330,mm,OK,--,8:48:28 PM,7/9/2026,
1558,31.5,gf,1.325,mm,OK,--,8:48:28 PM,7/9/2026,
1559,31.7,gf,1.320,mm,OK,--,8:48:28 PM,7/9/2026,
1560,31.6,gf,1.315,mm,OK,--,8:48:28 PM,7/9/2026,
1561,31.6,gf,1.310,mm,OK,--,8:48:29 PM,7/9/2026,
1562,31.7,gf,1.305,mm,OK,--,8:48:29 PM,7/9/2026,
1563,31.6,gf,1.300,mm,OK,--,8:48:29 PM,7/9/2026,
1564,31.8,gf,1.295,mm,OK,--,8:48:29 PM,7/9/2026,
1565,31.9,gf,1.290,mm,OK,--,8:48:29 PM,7/9/2026,
1566,32.0,gf,1.285,mm,OK,--,8:48:29 PM,7/9/2026,
1567,32.1,gf,1.280,mm,OK,--,8:48:29 PM,7/9/2026,
1568,32.2,gf,1.270,mm,OK,--,8:48:29 PM,7/9/2026,
1569,32.3,gf,1.265,mm,OK,--,8:48:29 PM,7/9/2026,
1570,32.5,gf,1.255,mm,OK,--,8:48:29 PM,7/9/2026,
1571,32.9,gf,1.250,mm,OK,--,8:48:30 PM,7/9/2026,
1572,33.0,gf,1.240,mm,OK,--,8:48:30 PM,7/9/2026,
1573,33.1,gf,1.235,mm,OK,--,8:48:30 PM,7/9/2026,
1574,33.1,gf,1.230,mm,OK,--,8:48:30 PM,7/9/2026,
1575,33.2,gf,1.225,mm,OK,--,8:48:30 PM,7/9/2026,
1576,33.2,gf,1.220,mm,OK,--,8:48:30 PM,7/9/2026,
1577,33.4,gf,1.210,mm,OK,--,8:48:30 PM,7/9/2026,
1578,33.3,gf,1.205,mm,OK,--,8:48:30 PM,7/9/2026,
1579,33.4,gf,1.200,mm,OK,--,8:48:30 PM,7/9/2026,
1580,33.5,gf,1.190,mm,OK,--,8:48:30 PM,7/9/2026,
1581,33.5,gf,1.185,mm,OK,--,8:48:31 PM,7/9/2026,
1582,33.8,gf,1.175,mm,OK,--,8:48:31 PM,7/9/2026,
1583,33.7,gf,1.170,mm,OK,--,8:48:31 PM,7/9/2026,
1584,33.7,gf,1.160,mm,OK,--,8:48:31 PM,7/9/2026,
1585,33.9,gf,1.145,mm,OK,--,8:48:31 PM,7/9/2026,
1586,34.2,gf,1.135,mm,OK,--,8:48:31 PM,7/9/2026,
1587,34.3,gf,1.120,mm,OK,--,8:48:31 PM,7/9/2026,
1588,34.6,gf,1.105,mm,OK,--,8:48:31 PM,7/9/2026,
1589,34.9,gf,1.090,mm,OK,--,8:48:31 PM,7/9/2026,
1590,35.0,gf,1.080,mm,OK,--,8:48:31 PM,7/9/2026,
1591,35.1,gf,1.075,mm,OK,--,8:48:32 PM,7/9/2026,
1592,35.2,gf,1.065,mm,OK,--,8:48:32 PM,7/9/2026,
1593,35.2,gf,1.060,mm,OK,--,8:48:32 PM,7/9/2026,
1594,35.1,gf,1.055,mm,OK,--,8:48:32 PM,7/9/2026,
1595,35.2,gf,1.050,mm,OK,--,8:48:32 PM,7/9/2026,
1596,35.2,gf,1.050,mm,OK,--,8:48:32 PM,7/9/2026,
1597,35.4,gf,1.040,mm,OK,--,8:48:32 PM,7/9/2026,
1598,35.4,gf,1.035,mm,OK,--,8:48:32 PM,7/9/2026,
1599,35.4,gf,1.030,mm,OK,--,8:48:32 PM,7/9/2026,
1600,35.5,gf,1.025,mm,OK,--,8:48:32 PM,7/9/2026,
1601,35.7,gf,1.020,mm,OK,--,8:48:33 PM,7/9/2026,
1602,35.7,gf,1.015,mm,OK,--,8:48:33 PM,7/9/2026,
1603,35.7,gf,1.010,mm,OK,--,8:48:33 PM,7/9/2026,
1604,35.8,gf,1.005,mm,OK,--,8:48:33 PM,7/9/2026,
1605,35.9,gf,1.000,mm,OK,--,8:48:33 PM,7/9/2026,
1606,35.9,gf,0.995,mm,OK,--,8:48:33 PM,7/9/2026,
1607,36.1,gf,0.985,mm,OK,--,8:48:33 PM,7/9/2026,
1608,36.1,gf,0.980,mm,OK,--,8:48:33 PM,7/9/2026,
1609,36.3,gf,0.975,mm,OK,--,8:48:33 PM,7/9/2026,
1610,36.4,gf,0.970,mm,OK,--,8:48:33 PM,7/9/2026,
1611,36.3,gf,0.965,mm,OK,--,8:48:34 PM,7/9/2026,
1612,36.4,gf,0.965,mm,OK,--,8:48:34 PM,7/9/2026,
1613,36.2,gf,0.960,mm,OK,--,8:48:34 PM,7/9/2026,
1614,36.3,gf,0.955,mm,OK,--,8:48:34 PM,7/9/2026,
1615,36.5,gf,0.955,mm,OK,--,8:48:34 PM,7/9/2026,
1616,36.5,gf,0.950,mm,OK,--,8:48:34 PM,7/9/2026,
1617,36.4,gf,0.950,mm,OK,--,8:48:34 PM,7/9/2026,
1618,36.4,gf,0.950,mm,OK,--,8:48:34 PM,7/9/2026,
1619,36.2,gf,0.945,mm,OK,--,8:48:34 PM,7/9/2026,
1620,36.2,gf,0.945,mm,OK,--,8:48:34 PM,7/9/2026,
1621,36.3,gf,0.935,mm,OK,--,8:48:35 PM,7/9/2026,
1622,36.7,gf,0.930,mm,OK,--,8:48:35 PM,7/9/2026,
1623,36.7,gf,0.925,mm,OK,--,8:48:35 PM,7/9/2026,
1624,36.5,gf,0.925,mm,OK,--,8:48:35 PM,7/9/2026,
1625,36.4,gf,0.915,mm,OK,--,8:48:35 PM,7/9/2026,
1626,36.6,gf,0.905,mm,OK,--,8:48:35 PM,7/9/2026,
1627,36.9,gf,0.895,mm,OK,--,8:48:35 PM,7/9/2026,
1628,37.0,gf,0.885,mm,OK,--,8:48:35 PM,7/9/2026,
1629,37.0,gf,0.880,mm,OK,--,8:48:35 PM,7/9/2026,
1630,37.2,gf,0.875,mm,OK,--,8:48:35 PM,7/9/2026,
1631,37.2,gf,0.870,mm,OK,--,8:48:36 PM,7/9/2026,
1632,37.2,gf,0.865,mm,OK,--,8:48:36 PM,7/9/2026,
1633,37.3,gf,0.860,mm,OK,--,8:48:36 PM,7/9/2026,
1634,37.3,gf,0.855,mm,OK,--,8:48:36 PM,7/9/2026,
1635,37.4,gf,0.850,mm,OK,--,8:48:36 PM,7/9/2026,
1636,37.3,gf,0.850,mm,OK,--,8:48:36 PM,7/9/2026,
1637,37.3,gf,0.845,mm,OK,--,8:48:36 PM,7/9/2026,
1638,37.3,gf,0.840,mm,OK,--,8:48:36 PM,7/9/2026,
1639,37.4,gf,0.835,mm,OK,--,8:48:36 PM,7/9/2026,
1640,37.6,gf,0.835,mm,OK,--,8:48:36 PM,7/9/2026,
1641,37.4,gf,0.830,mm,OK,--,8:48:37 PM,7/9/2026,
1642,37.3,gf,0.830,mm,OK,--,8:48:37 PM,7/9/2026,
1643,37.3,gf,0.825,mm,OK,--,8:48:37 PM,7/9/2026,
1644,37.3,gf,0.820,mm,OK,--,8:48:37 PM,7/9/2026,
1645,37.4,gf,0.815,mm,OK,--,8:48:37 PM,7/9/2026,
1646,37.5,gf,0.815,mm,OK,--,8:48:37 PM,7/9/2026,
1647,37.7,gf,0.810,mm,OK,--,8:48:37 PM,7/9/2026,
1648,37.7,gf,0.800,mm,OK,--,8:48:37 PM,7/9/2026,
1649,37.9,gf,0.795,mm,OK,--,8:48:37 PM,7/9/2026,
1650,38.0,gf,0.790,mm,OK,--,8:48:37 PM,7/9/2026,
1651,38.0,gf,0.790,mm,OK,--,8:48:38 PM,7/9/2026,
1652,38.0,gf,0.785,mm,OK,--,8:48:38 PM,7/9/2026,
1653,38.0,gf,0.785,mm,OK,--,8:48:38 PM,7/9/2026,
1654,37.9,gf,0.780,mm,OK,--,8:48:38 PM,7/9/2026,
1655,37.9,gf,0.780,mm,OK,--,8:48:38 PM,7/9/2026,
1656,37.8,gf,0.775,mm,OK,--,8:48:38 PM,7/9/2026,
1657,37.8,gf,0.765,mm,OK,--,8:48:38 PM,7/9/2026,
1658,38.2,gf,0.755,mm,OK,--,8:48:38 PM,7/9/2026,
1659,38.4,gf,0.750,mm,OK,--,8:48:38 PM,7/9/2026,
1660,38.5,gf,0.745,mm,OK,--,8:48:38 PM,7/9/2026,
1661,38.4,gf,0.745,mm,OK,--,8:48:39 PM,7/9/2026,
1662,38.4,gf,0.740,mm,OK,--,8:48:39 PM,7/9/2026,
1663,38.3,gf,0.740,mm,OK,--,8:48:39 PM,7/9/2026,
1664,38.4,gf,0.735,mm,OK,--,8:48:39 PM,7/9/2026,
1665,38.5,gf,0.730,mm,OK,--,8:48:39 PM,7/9/2026,
1666,38.6,gf,0.725,mm,OK,--,8:48:39 PM,7/9/2026,
1667,38.7,gf,0.720,mm,OK,--,8:48:39 PM,7/9/2026,
1668,38.7,gf,0.720,mm,OK,--,8:48:39 PM,7/9/2026,
1669,38.6,gf,0.715,mm,OK,--,8:48:39 PM,7/9/2026,
1670,38.7,gf,0.710,mm,OK,--,8:48:39 PM,7/9/2026,
1671,38.7,gf,0.705,mm,OK,--,8:48:40 PM,7/9/2026,
1672,38.9,gf,0.705,mm,OK,--,8:48:40 PM,7/9/2026,
1673,38.9,gf,0.700,mm,OK,--,8:48:40 PM,7/9/2026,
1674,38.8,gf,0.700,mm,OK,--,8:48:40 PM,7/9/2026,
1675,38.8,gf,0.695,mm,OK,--,8:48:40 PM,7/9/2026,
1676,39.0,gf,0.690,mm,OK,--,8:48:40 PM,7/9/2026,
1677,39.0,gf,0.685,mm,OK,--,8:48:40 PM,7/9/2026,
1678,39.3,gf,0.680,mm,OK,--,8:48:40 PM,7/9/2026,
1679,39.4,gf,0.675,mm,OK,--,8:48:40 PM,7/9/2026,
1680,39.5,gf,0.665,mm,OK,--,8:48:40 PM,7/9/2026,
1681,39.6,gf,0.660,mm,OK,--,8:48:41 PM,7/9/2026,
1682,39.7,gf,0.655,mm,OK,--,8:48:41 PM,7/9/2026,
1683,39.7,gf,0.650,mm,OK,--,8:48:41 PM,7/9/2026,
1684,39.7,gf,0.645,mm,OK,--,8:48:41 PM,7/9/2026,
1685,39.7,gf,0.640,mm,OK,--,8:48:41 PM,7/9/2026,
1686,39.7,gf,0.630,mm,OK,--,8:48:41 PM,7/9/2026,
1687,39.9,gf,0.625,mm,OK,--,8:48:41 PM,7/9/2026,
1688,40.0,gf,0.620,mm,OK,--,8:48:41 PM,7/9/2026,
1689,40.2,gf,0.615,mm,OK,--,8:48:41 PM,7/9/2026,
1690,40.2,gf,0.610,mm,OK,--,8:48:41 PM,7/9/2026,
1691,40.2,gf,0.610,mm,OK,--,8:48:42 PM,7/9/2026,
1692,40.1,gf,0.605,mm,OK,--,8:48:42 PM,7/9/2026,
1693,40.1,gf,0.600,mm,OK,--,8:48:42 PM,7/9/2026,
1694,40.1,gf,0.595,mm,OK,--,8:48:42 PM,7/9/2026,
1695,40.3,gf,0.585,mm,OK,--,8:48:42 PM,7/9/2026,
1696,40.4,gf,0.575,mm,OK,--,8:48:42 PM,7/9/2026,
1697,40.5,gf,0.565,mm,OK,--,8:48:42 PM,7/9/2026,
1698,40.6,gf,0.560,mm,OK,--,8:48:42 PM,7/9/2026,
1699,40.7,gf,0.555,mm,OK,--,8:48:42 PM,7/9/2026,
1700,40.7,gf,0.550,mm,OK,--,8:48:42 PM,7/9/2026,
1701,40.8,gf,0.545,mm,OK,--,8:48:43 PM,7/9/2026,
1702,40.8,gf,0.535,mm,OK,--,8:48:43 PM,7/9/2026,
1703,41.3,gf,0.520,mm,OK,--,8:48:43 PM,7/9/2026,
1704,41.5,gf,0.510,mm,OK,--,8:48:43 PM,7/9/2026,
1705,41.6,gf,0.505,mm,OK,--,8:48:43 PM,7/9/2026,
1706,41.6,gf,0.495,mm,OK,--,8:48:43 PM,7/9/2026,
1707,41.6,gf,0.490,mm,OK,--,8:48:43 PM,7/9/2026,
1708,41.6,gf,0.485,mm,OK,--,8:48:43 PM,7/9/2026,
1709,41.5,gf,0.480,mm,OK,--,8:48:43 PM,7/9/2026,
1710,41.5,gf,0.475,mm,OK,--,8:48:43 PM,7/9/2026,
1711,41.5,gf,0.470,mm,OK,--,8:48:44 PM,7/9/2026,
1712,41.7,gf,0.465,mm,OK,--,8:48:44 PM,7/9/2026,
1713,41.7,gf,0.455,mm,OK,--,8:48:44 PM,7/9/2026,
1714,41.7,gf,0.450,mm,OK,--,8:48:44 PM,7/9/2026,
1715,41.8,gf,0.450,mm,OK,--,8:48:44 PM,7/9/2026,
1716,41.7,gf,0.445,mm,OK,--,8:48:44 PM,7/9/2026,
1717,41.7,gf,0.440,mm,OK,--,8:48:44 PM,7/9/2026,
1718,41.9,gf,0.435,mm,OK,--,8:48:44 PM,7/9/2026,
1719,41.9,gf,0.430,mm,OK,--,8:48:44 PM,7/9/2026,
1720,41.9,gf,0.430,mm,OK,--,8:48:44 PM,7/9/2026,
1721,41.9,gf,0.425,mm,OK,--,8:48:45 PM,7/9/2026,
1722,41.9,gf,0.425,mm,OK,--,8:48:45 PM,7/9/2026,
1723,41.8,gf,0.420,mm,OK,--,8:48:45 PM,7/9/2026,
1724,41.8,gf,0.420,mm,OK,--,8:48:45 PM,7/9/2026,
1725,41.9,gf,0.415,mm,OK,--,8:48:45 PM,7/9/2026,
1726,41.9,gf,0.410,mm,OK,--,8:48:45 PM,7/9/2026,
1727,42.1,gf,0.405,mm,OK,--,8:48:45 PM,7/9/2026,
1728,42.2,gf,0.405,mm,OK,--,8:48:45 PM,7/9/2026,
1729,42.1,gf,0.400,mm,OK,--,8:48:45 PM,7/9/2026,
1730,42.2,gf,0.395,mm,OK,--,8:48:45 PM,7/9/2026,
1731,42.3,gf,0.390,mm,OK,--,8:48:46 PM,7/9/2026,
1732,42.4,gf,0.390,mm,OK,--,8:48:46 PM,7/9/2026,
1733,42.3,gf,0.385,mm,OK,--,8:48:46 PM,7/9/2026,
1734,42.3,gf,0.380,mm,OK,--,8:48:46 PM,7/9/2026,
1735,42.4,gf,0.380,mm,OK,--,8:48:46 PM,7/9/2026,
1736,42.3,gf,0.375,mm,OK,--,8:48:46 PM,7/9/2026,
1737,42.5,gf,0.375,mm,OK,--,8:48:46 PM,7/9/2026,
1738,42.4,gf,0.370,mm,OK,--,8:48:46 PM,7/9/2026,
1739,42.5,gf,0.370,mm,OK,--,8:48:46 PM,7/9/2026,
1740,42.6,gf,0.370,mm,OK,--,8:48:46 PM,7/9/2026,
1741,42.5,gf,0.365,mm,OK,--,8:48:47 PM,7/9/2026,
1742,42.4,gf,0.365,mm,OK,--,8:48:47 PM,7/9/2026,
1743,42.5,gf,0.360,mm,OK,--,8:48:47 PM,7/9/2026,
1744,42.7,gf,0.360,mm,OK,--,8:48:47 PM,7/9/2026,
1745,42.8,gf,0.360,mm,OK,--,8:48:47 PM,7/9/2026,
1746,42.6,gf,0.355,mm,OK,--,8:48:47 PM,7/9/2026,
1747,42.5,gf,0.355,mm,OK,--,8:48:47 PM,7/9/2026,
1748,42.5,gf,0.350,mm,OK,--,8:48:47 PM,7/9/2026,
1749,42.5,gf,0.350,mm,OK,--,8:48:47 PM,7/9/2026,
1750,42.9,gf,0.340,mm,OK,--,8:48:47 PM,7/9/2026,
1751,42.9,gf,0.335,mm,OK,--,8:48:48 PM,7/9/2026,
1752,43.1,gf,0.325,mm,OK,--,8:48:48 PM,7/9/2026,
1753,43.3,gf,0.320,mm,OK,--,8:48:48 PM,7/9/2026,
1754,43.4,gf,0.315,mm,OK,--,8:48:48 PM,7/9/2026,
1755,43.4,gf,0.310,mm,OK,--,8:48:48 PM,7/9/2026,
1756,43.5,gf,0.305,mm,OK,--,8:48:48 PM,7/9/2026,
1757,43.5,gf,0.305,mm,OK,--,8:48:48 PM,7/9/2026,
1758,43.5,gf,0.300,mm,OK,--,8:48:48 PM,7/9/2026,
1759,43.5,gf,0.300,mm,OK,--,8:48:48 PM,7/9/2026,
1760,43.5,gf,0.295,mm,OK,--,8:48:48 PM,7/9/2026,
1761,43.6,gf,0.290,mm,OK,--,8:48:49 PM,7/9/2026,
1762,43.7,gf,0.290,mm,OK,--,8:48:49 PM,7/9/2026,
1763,43.6,gf,0.285,mm,OK,--,8:48:49 PM,7/9/2026,
1764,43.6,gf,0.280,mm,OK,--,8:48:49 PM,7/9/2026,
1765,43.8,gf,0.270,mm,OK,--,8:48:49 PM,7/9/2026,
1766,43.9,gf,0.265,mm,OK,--,8:48:49 PM,7/9/2026,
1767,44.0,gf,0.260,mm,OK,--,8:48:49 PM,7/9/2026,
1768,44.1,gf,0.255,mm,OK,--,8:48:49 PM,7/9/2026,
1769,44.3,gf,0.245,mm,OK,--,8:48:49 PM,7/9/2026,
1770,44.4,gf,0.240,mm,OK,--,8:48:49 PM,7/9/2026,
1771,44.5,gf,0.235,mm,OK,--,8:48:50 PM,7/9/2026,
1772,44.6,gf,0.230,mm,OK,--,8:48:50 PM,7/9/2026,
1773,44.6,gf,0.225,mm,OK,--,8:48:50 PM,7/9/2026,
1774,44.7,gf,0.220,mm,OK,--,8:48:50 PM,7/9/2026,
1775,44.7,gf,0.215,mm,OK,--,8:48:50 PM,7/9/2026,
1776,44.7,gf,0.210,mm,OK,--,8:48:50 PM,7/9/2026,
1777,44.6,gf,0.210,mm,OK,--,8:48:50 PM,7/9/2026,
1778,44.2,gf,0.200,mm,OK,--,8:48:50 PM,7/9/2026,
1779,36.5,gf,0.190,mm,OK,--,8:48:50 PM,7/9/2026,
1780,27.9,gf,0.175,mm,OK,--,8:48:50 PM,7/9/2026,
1781,22.7,gf,0.170,mm,OK,--,8:48:51 PM,7/9/2026,
1782,16.9,gf,0.165,mm,OK,--,8:48:51 PM,7/9/2026,
1783,9.2,gf,0.155,mm,OK,--,8:48:51 PM,7/9/2026,
1784,3.1,gf,0.150,mm,OK,--,8:48:51 PM,7/9/2026,
1785,0.1,gf,0.145,mm,OK,--,8:48:51 PM,7/9/2026,
1786,0.1,gf,0.130,mm,OK,--,8:48:51 PM,7/9/2026,
1787,0.0,gf,0.120,mm,OK,--,8:48:51 PM,7/9/2026,
1788,0.0,gf,0.115,mm,OK,--,8:48:51 PM,7/9/2026,
1789,0.0,gf,0.110,mm,OK,--,8:48:51 PM,7/9/2026,
1790,0.0,gf,0.110,mm,OK,--,8:48:51 PM,7/9/2026,
1791,0.0,gf,0.110,mm,OK,--,8:48:52 PM,7/9/2026,
1792,0.0,gf,0.110,mm,OK,--,8:48:52 PM,7/9/2026,
1793,0.0,gf,0.105,mm,OK,--,8:48:52 PM,7/9/2026,
1794,0.0,gf,0.100,mm,OK,--,8:48:52 PM,7/9/2026,
1795,0.0,gf,0.090,mm,OK,--,8:48:52 PM,7/9/2026,
1796,0.0,gf,0.080,mm,OK,--,8:48:52 PM,7/9/2026,
1797,0.0,gf,0.070,mm,OK,--,8:48:52 PM,7/9/2026,
1798,0.0,gf,0.050,mm,OK,--,8:48:52 PM,7/9/2026,
1799,0.0,gf,0.040,mm,OK,--,8:48:52 PM,7/9/2026,
1800,0.0,gf,0.025,mm,OK,--,8:48:52 PM,7/9/2026,
1801,0.0,gf,0.015,mm,OK,--,8:48:53 PM,7/9/2026,
1802,0.0,gf,0.000,mm,OK,--,8:48:53 PM,7/9/2026,
1803,0.0,gf,-0.010,mm,OK,--,8:48:53 PM,7/9/2026,
1804,-0.1,gf,-0.020,mm,OK,--,8:48:53 PM,7/9/2026,
1805,0.0,gf,-0.030,mm,OK,--,8:48:53 PM,7/9/2026,
1806,0.1,gf,-0.040,mm,OK,--,8:48:53 PM,7/9/2026,
1807,0.0,gf,-0.050,mm,OK,--,8:48:53 PM,7/9/2026,
1808,0.0,gf,-0.060,mm,OK,--,8:48:53 PM,7/9/2026,
1809,0.0,gf,-0.065,mm,OK,--,8:48:53 PM,7/9/2026,
1810,0.0,gf,-0.065,mm,OK,--,8:48:53 PM,7/9/2026,
1811,0.0,gf,-0.065,mm,OK,--,8:48:54 PM,7/9/2026,
1812,0.0,gf,-0.065,mm,OK,--,8:48:54 PM,7/9/2026,
1813,-0.1,gf,-0.065,mm,OK,--,8:48:54 PM,7/9/2026,
1814,-0.1,gf,-0.065,mm,OK,--,8:48:54 PM,7/9/2026,
1815,0.0,gf,-0.065,mm,OK,--,8:48:54 PM,7/9/2026,
1816,0.0,gf,-0.065,mm,OK,--,8:48:54 PM,7/9/2026,
1817,0.0,gf,-0.065,mm,OK,--,8:48:54 PM,7/9/2026,
1818,0.1,gf,-0.065,mm,OK,--,8:48:54 PM,7/9/2026,
1819,-0.1,gf,-0.065,mm,OK,--,8:48:54 PM,7/9/2026,
1820,0.0,gf,-0.065,mm,OK,--,8:48:54 PM,7/9/2026,
1821,0.1,gf,-0.065,mm,OK,--,8:48:55 PM,7/9/2026,
1822,0.1,gf,-0.065,mm,OK,--,8:48:55 PM,7/9/2026,
1823,0.0,gf,-0.060,mm,OK,--,8:48:55 PM,7/9/2026,
1824,0.0,gf,-0.050,mm,OK,--,8:48:55 PM,7/9/2026,
1825,0.0,gf,-0.045,mm,OK,--,8:48:55 PM,7/9/2026,
1826,0.0,gf,-0.040,mm,OK,--,8:48:55 PM,7/9/2026,
1827,0.0,gf,-0.030,mm,OK,--,8:48:55 PM,7/9/2026,
1828,0.1,gf,-0.025,mm,OK,--,8:48:55 PM,7/9/2026,
1829,0.0,gf,-0.020,mm,OK,--,8:48:55 PM,7/9/2026,
1830,0.0,gf,-0.010,mm,OK,--,8:48:55 PM,7/9/2026,
1831,0.0,gf,-0.005,mm,OK,--,8:48:56 PM,7/9/2026,
1832,0.0,gf,0.005,mm,OK,--,8:48:56 PM,7/9/2026,
1833,0.1,gf,0.015,mm,OK,--,8:48:56 PM,7/9/2026,
1834,0.0,gf,0.025,mm,OK,--,8:48:56 PM,7/9/2026,
1835,0.1,gf,0.035,mm,OK,--,8:48:56 PM,7/9/2026,
1836,0.0,gf,0.045,mm,OK,--,8:48:56 PM,7/9/2026,
1837,0.0,gf,0.055,mm,OK,--,8:48:56 PM,7/9/2026,
1838,0.1,gf,0.070,mm,OK,--,8:48:56 PM,7/9/2026,
1839,0.0,gf,0.080,mm,OK,--,8:48:56 PM,7/9/2026,
1840,0.0,gf,0.095,mm,OK,--,8:48:56 PM,7/9/2026,
1841,0.0,gf,0.110,mm,OK,--,8:48:57 PM,7/9/2026,
1842,0.0,gf,0.125,mm,OK,--,8:48:57 PM,7/9/2026,
1843,-0.1,gf,0.140,mm,OK,--,8:48:57 PM,7/9/2026,
