Maximum,193.1,@,No.1036,,,,,,
Minimum,-0.1,@,No.1908,,,,,,
Average,48.28,,,,,,,,
Data Quantity,1930,,,,,,,,
Number of NG,0,,,,,,,,
No.,Force,Unit,Displacement,Unit,Judge,Position,Time,Date,
1,0.1,gf,0.000,mm,OK,--,8:38:18 PM,2/5/2026,
2,0.0,gf,0.005,mm,OK,--,8:38:18 PM,2/5/2026,
3,0.0,gf,0.005,mm,OK,--,8:38:18 PM,2/5/2026,
4,0.0,gf,0.005,mm,OK,--,8:38:18 PM,2/5/2026,
5,0.1,gf,0.010,mm,OK,--,8:38:18 PM,2/5/2026,
6,0.0,gf,0.010,mm,OK,--,8:38:19 PM,2/5/2026,
7,0.0,gf,0.015,mm,OK,--,8:38:19 PM,2/5/2026,
8,0.0,gf,0.020,mm,OK,--,8:38:19 PM,2/5/2026,
9,0.0,gf,0.030,mm,OK,--,8:38:19 PM,2/5/2026,
10,0.0,gf,0.035,mm,OK,--,8:38:19 PM,2/5/2026,
11,0.0,gf,0.040,mm,OK,--,8:38:19 PM,2/5/2026,
12,0.0,gf,0.045,mm,OK,--,8:38:19 PM,2/5/2026,
13,0.0,gf,0.050,mm,OK,--,8:38:19 PM,2/5/2026,
14,0.0,gf,0.050,mm,OK,--,8:38:19 PM,2/5/2026,
15,0.7,gf,0.055,mm,OK,--,8:38:19 PM,2/5/2026,
16,3.5,gf,0.060,mm,OK,--,8:38:20 PM,2/5/2026,
17,5.6,gf,0.060,mm,OK,--,8:38:20 PM,2/5/2026,
18,7.0,gf,0.060,mm,OK,--,8:38:20 PM,2/5/2026,
19,8.2,gf,0.065,mm,OK,--,8:38:20 PM,2/5/2026,
20,9.4,gf,0.065,mm,OK,--,8:38:20 PM,2/5/2026,
21,10.5,gf,0.065,mm,OK,--,8:38:20 PM,2/5/2026,
22,11.4,gf,0.070,mm,OK,--,8:38:20 PM,2/5/2026,
23,12.3,gf,0.070,mm,OK,--,8:38:20 PM,2/5/2026,
24,13.2,gf,0.070,mm,OK,--,8:38:20 PM,2/5/2026,
25,13.9,gf,0.070,mm,OK,--,8:38:20 PM,2/5/2026,
26,14.6,gf,0.070,mm,OK,--,8:38:21 PM,2/5/2026,
27,15.2,gf,0.070,mm,OK,--,8:38:21 PM,2/5/2026,
28,16.4,gf,0.075,mm,OK,--,8:38:21 PM,2/5/2026,
29,17.3,gf,0.075,mm,OK,--,8:38:21 PM,2/5/2026,
30,18.7,gf,0.075,mm,OK,--,8:38:21 PM,2/5/2026,
31,20.3,gf,0.075,mm,OK,--,8:38:21 PM,2/5/2026,
32,21.8,gf,0.080,mm,OK,--,8:38:21 PM,2/5/2026,
33,23.9,gf,0.080,mm,OK,--,8:38:21 PM,2/5/2026,
34,26.5,gf,0.085,mm,OK,--,8:38:21 PM,2/5/2026,
35,28.4,gf,0.085,mm,OK,--,8:38:21 PM,2/5/2026,
36,30.5,gf,0.090,mm,OK,--,8:38:22 PM,2/5/2026,
37,32.1,gf,0.090,mm,OK,--,8:38:22 PM,2/5/2026,
38,33.8,gf,0.090,mm,OK,--,8:38:22 PM,2/5/2026,
39,35.3,gf,0.090,mm,OK,--,8:38:22 PM,2/5/2026,
40,36.0,gf,0.095,mm,OK,--,8:38:22 PM,2/5/2026,
41,37.5,gf,0.095,mm,OK,--,8:38:22 PM,2/5/2026,
42,40.0,gf,0.095,mm,OK,--,8:38:22 PM,2/5/2026,
43,44.7,gf,0.100,mm,OK,--,8:38:22 PM,2/5/2026,
44,49.2,gf,0.105,mm,OK,--,8:38:22 PM,2/5/2026,
45,51.8,gf,0.110,mm,OK,--,8:38:22 PM,2/5/2026,
46,51.8,gf,0.110,mm,OK,--,8:38:23 PM,2/5/2026,
47,51.8,gf,0.110,mm,OK,--,8:38:23 PM,2/5/2026,
48,51.8,gf,0.110,mm,OK,--,8:38:23 PM,2/5/2026,
49,51.9,gf,0.110,mm,OK,--,8:38:23 PM,2/5/2026,
50,51.9,gf,0.110,mm,OK,--,8:38:23 PM,2/5/2026,
51,51.9,gf,0.110,mm,OK,--,8:38:23 PM,2/5/2026,
52,51.8,gf,0.110,mm,OK,--,8:38:23 PM,2/5/2026,
53,51.7,gf,0.110,mm,OK,--,8:38:23 PM,2/5/2026,
54,52.2,gf,0.115,mm,OK,--,8:38:23 PM,2/5/2026,
55,52.5,gf,0.115,mm,OK,--,8:38:23 PM,2/5/2026,
56,52.6,gf,0.115,mm,OK,--,8:38:24 PM,2/5/2026,
57,53.7,gf,0.115,mm,OK,--,8:38:24 PM,2/5/2026,
58,54.2,gf,0.120,mm,OK,--,8:38:24 PM,2/5/2026,
59,54.4,gf,0.120,mm,OK,--,8:38:24 PM,2/5/2026,
60,54.4,gf,0.125,mm,OK,--,8:38:24 PM,2/5/2026,
61,54.6,gf,0.125,mm,OK,--,8:38:24 PM,2/5/2026,
62,54.8,gf,0.125,mm,OK,--,8:38:24 PM,2/5/2026,
63,54.9,gf,0.130,mm,OK,--,8:38:24 PM,2/5/2026,
64,55.1,gf,0.130,mm,OK,--,8:38:24 PM,2/5/2026,
65,54.9,gf,0.130,mm,OK,--,8:38:24 PM,2/5/2026,
66,55.5,gf,0.130,mm,OK,--,8:38:25 PM,2/5/2026,
67,55.4,gf,0.135,mm,OK,--,8:38:25 PM,2/5/2026,
68,55.3,gf,0.135,mm,OK,--,8:38:25 PM,2/5/2026,
69,55.5,gf,0.135,mm,OK,--,8:38:25 PM,2/5/2026,
70,55.5,gf,0.135,mm,OK,--,8:38:25 PM,2/5/2026,
71,55.9,gf,0.140,mm,OK,--,8:38:25 PM,2/5/2026,
72,56.3,gf,0.140,mm,OK,--,8:38:25 PM,2/5/2026,
73,56.2,gf,0.145,mm,OK,--,8:38:25 PM,2/5/2026,
74,56.6,gf,0.150,mm,OK,--,8:38:25 PM,2/5/2026,
75,56.9,gf,0.155,mm,OK,--,8:38:25 PM,2/5/2026,
76,56.9,gf,0.155,mm,OK,--,8:38:26 PM,2/5/2026,
77,57.0,gf,0.160,mm,OK,--,8:38:26 PM,2/5/2026,
78,57.2,gf,0.160,mm,OK,--,8:38:26 PM,2/5/2026,
79,57.3,gf,0.165,mm,OK,--,8:38:26 PM,2/5/2026,
80,57.3,gf,0.165,mm,OK,--,8:38:26 PM,2/5/2026,
81,57.2,gf,0.165,mm,OK,--,8:38:26 PM,2/5/2026,
82,57.1,gf,0.170,mm,OK,--,8:38:26 PM,2/5/2026,
83,57.3,gf,0.170,mm,OK,--,8:38:26 PM,2/5/2026,
84,57.5,gf,0.170,mm,OK,--,8:38:26 PM,2/5/2026,
85,57.8,gf,0.170,mm,OK,--,8:38:26 PM,2/5/2026,
86,57.8,gf,0.175,mm,OK,--,8:38:27 PM,2/5/2026,
87,57.7,gf,0.175,mm,OK,--,8:38:27 PM,2/5/2026,
88,57.6,gf,0.175,mm,OK,--,8:38:27 PM,2/5/2026,
89,57.9,gf,0.175,mm,OK,--,8:38:27 PM,2/5/2026,
90,58.0,gf,0.180,mm,OK,--,8:38:27 PM,2/5/2026,
91,58.2,gf,0.180,mm,OK,--,8:38:27 PM,2/5/2026,
92,58.3,gf,0.180,mm,OK,--,8:38:27 PM,2/5/2026,
93,58.3,gf,0.185,mm,OK,--,8:38:27 PM,2/5/2026,
94,58.4,gf,0.185,mm,OK,--,8:38:27 PM,2/5/2026,
95,58.3,gf,0.190,mm,OK,--,8:38:27 PM,2/5/2026,
96,58.5,gf,0.190,mm,OK,--,8:38:28 PM,2/5/2026,
97,58.4,gf,0.190,mm,OK,--,8:38:28 PM,2/5/2026,
98,58.9,gf,0.190,mm,OK,--,8:38:28 PM,2/5/2026,
99,58.9,gf,0.190,mm,OK,--,8:38:28 PM,2/5/2026,
100,58.8,gf,0.195,mm,OK,--,8:38:28 PM,2/5/2026,
101,58.9,gf,0.195,mm,OK,--,8:38:28 PM,2/5/2026,
102,59.2,gf,0.195,mm,OK,--,8:38:28 PM,2/5/2026,
103,59.1,gf,0.195,mm,OK,--,8:38:28 PM,2/5/2026,
104,59.5,gf,0.200,mm,OK,--,8:38:28 PM,2/5/2026,
105,59.7,gf,0.200,mm,OK,--,8:38:28 PM,2/5/2026,
106,59.8,gf,0.205,mm,OK,--,8:38:29 PM,2/5/2026,
107,60.1,gf,0.210,mm,OK,--,8:38:29 PM,2/5/2026,
108,60.3,gf,0.215,mm,OK,--,8:38:29 PM,2/5/2026,
109,60.6,gf,0.220,mm,OK,--,8:38:29 PM,2/5/2026,
110,61.0,gf,0.225,mm,OK,--,8:38:29 PM,2/5/2026,
111,61.2,gf,0.235,mm,OK,--,8:38:29 PM,2/5/2026,
112,61.3,gf,0.240,mm,OK,--,8:38:29 PM,2/5/2026,
113,61.5,gf,0.245,mm,OK,--,8:38:29 PM,2/5/2026,
114,61.7,gf,0.250,mm,OK,--,8:38:29 PM,2/5/2026,
115,61.8,gf,0.250,mm,OK,--,8:38:29 PM,2/5/2026,
116,61.9,gf,0.255,mm,OK,--,8:38:30 PM,2/5/2026,
117,61.9,gf,0.255,mm,OK,--,8:38:30 PM,2/5/2026,
118,61.9,gf,0.260,mm,OK,--,8:38:30 PM,2/5/2026,
119,62.1,gf,0.260,mm,OK,--,8:38:30 PM,2/5/2026,
120,62.4,gf,0.260,mm,OK,--,8:38:30 PM,2/5/2026,
121,62.5,gf,0.265,mm,OK,--,8:38:30 PM,2/5/2026,
122,62.4,gf,0.265,mm,OK,--,8:38:30 PM,2/5/2026,
123,62.6,gf,0.270,mm,OK,--,8:38:30 PM,2/5/2026,
124,62.6,gf,0.275,mm,OK,--,8:38:30 PM,2/5/2026,
125,62.8,gf,0.280,mm,OK,--,8:38:30 PM,2/5/2026,
126,62.8,gf,0.285,mm,OK,--,8:38:31 PM,2/5/2026,
127,62.7,gf,0.290,mm,OK,--,8:38:31 PM,2/5/2026,
128,62.7,gf,0.290,mm,OK,--,8:38:31 PM,2/5/2026,
129,62.9,gf,0.295,mm,OK,--,8:38:31 PM,2/5/2026,
130,62.9,gf,0.295,mm,OK,--,8:38:31 PM,2/5/2026,
131,62.9,gf,0.300,mm,OK,--,8:38:31 PM,2/5/2026,
132,63.1,gf,0.305,mm,OK,--,8:38:31 PM,2/5/2026,
133,63.1,gf,0.305,mm,OK,--,8:38:31 PM,2/5/2026,
134,63.2,gf,0.310,mm,OK,--,8:38:31 PM,2/5/2026,
135,63.1,gf,0.315,mm,OK,--,8:38:31 PM,2/5/2026,
136,63.2,gf,0.320,mm,OK,--,8:38:32 PM,2/5/2026,
137,63.1,gf,0.320,mm,OK,--,8:38:32 PM,2/5/2026,
138,63.0,gf,0.325,mm,OK,--,8:38:32 PM,2/5/2026,
139,62.9,gf,0.325,mm,OK,--,8:38:32 PM,2/5/2026,
140,63.1,gf,0.325,mm,OK,--,8:38:32 PM,2/5/2026,
141,63.2,gf,0.330,mm,OK,--,8:38:32 PM,2/5/2026,
142,63.2,gf,0.330,mm,OK,--,8:38:32 PM,2/5/2026,
143,63.3,gf,0.330,mm,OK,--,8:38:32 PM,2/5/2026,
144,63.3,gf,0.335,mm,OK,--,8:38:32 PM,2/5/2026,
145,63.3,gf,0.335,mm,OK,--,8:38:32 PM,2/5/2026,
146,63.4,gf,0.340,mm,OK,--,8:38:33 PM,2/5/2026,
147,63.3,gf,0.345,mm,OK,--,8:38:33 PM,2/5/2026,
148,63.2,gf,0.350,mm,OK,--,8:38:33 PM,2/5/2026,
149,63.3,gf,0.355,mm,OK,--,8:38:33 PM,2/5/2026,
150,63.2,gf,0.360,mm,OK,--,8:38:33 PM,2/5/2026,
151,63.1,gf,0.370,mm,OK,--,8:38:33 PM,2/5/2026,
152,63.1,gf,0.375,mm,OK,--,8:38:33 PM,2/5/2026,
153,63.0,gf,0.380,mm,OK,--,8:38:33 PM,2/5/2026,
154,62.9,gf,0.390,mm,OK,--,8:38:33 PM,2/5/2026,
155,62.8,gf,0.395,mm,OK,--,8:38:33 PM,2/5/2026,
156,62.8,gf,0.400,mm,OK,--,8:38:34 PM,2/5/2026,
157,62.8,gf,0.410,mm,OK,--,8:38:34 PM,2/5/2026,
158,62.7,gf,0.415,mm,OK,--,8:38:34 PM,2/5/2026,
159,62.5,gf,0.420,mm,OK,--,8:38:34 PM,2/5/2026,
160,62.4,gf,0.425,mm,OK,--,8:38:34 PM,2/5/2026,
161,62.4,gf,0.430,mm,OK,--,8:38:34 PM,2/5/2026,
162,62.5,gf,0.435,mm,OK,--,8:38:34 PM,2/5/2026,
163,62.5,gf,0.440,mm,OK,--,8:38:34 PM,2/5/2026,
164,62.3,gf,0.445,mm,OK,--,8:38:34 PM,2/5/2026,
165,62.3,gf,0.445,mm,OK,--,8:38:34 PM,2/5/2026,
166,62.2,gf,0.450,mm,OK,--,8:38:35 PM,2/5/2026,
167,62.0,gf,0.455,mm,OK,--,8:38:35 PM,2/5/2026,
168,62.2,gf,0.460,mm,OK,--,8:38:35 PM,2/5/2026,
169,62.1,gf,0.465,mm,OK,--,8:38:35 PM,2/5/2026,
170,62.1,gf,0.465,mm,OK,--,8:38:35 PM,2/5/2026,
171,62.2,gf,0.470,mm,OK,--,8:38:35 PM,2/5/2026,
172,62.0,gf,0.475,mm,OK,--,8:38:35 PM,2/5/2026,
173,62.1,gf,0.475,mm,OK,--,8:38:35 PM,2/5/2026,
174,61.9,gf,0.480,mm,OK,--,8:38:35 PM,2/5/2026,
175,61.8,gf,0.485,mm,OK,--,8:38:35 PM,2/5/2026,
176,61.9,gf,0.490,mm,OK,--,8:38:36 PM,2/5/2026,
177,61.7,gf,0.495,mm,OK,--,8:38:36 PM,2/5/2026,
178,61.8,gf,0.500,mm,OK,--,8:38:36 PM,2/5/2026,
179,61.7,gf,0.505,mm,OK,--,8:38:36 PM,2/5/2026,
180,61.6,gf,0.510,mm,OK,--,8:38:36 PM,2/5/2026,
181,61.6,gf,0.510,mm,OK,--,8:38:36 PM,2/5/2026,
182,61.7,gf,0.515,mm,OK,--,8:38:36 PM,2/5/2026,
183,61.7,gf,0.520,mm,OK,--,8:38:36 PM,2/5/2026,
184,61.6,gf,0.520,mm,OK,--,8:38:36 PM,2/5/2026,
185,61.8,gf,0.525,mm,OK,--,8:38:36 PM,2/5/2026,
186,61.7,gf,0.530,mm,OK,--,8:38:37 PM,2/5/2026,
187,61.7,gf,0.535,mm,OK,--,8:38:37 PM,2/5/2026,
188,61.6,gf,0.540,mm,OK,--,8:38:37 PM,2/5/2026,
189,61.5,gf,0.545,mm,OK,--,8:38:37 PM,2/5/2026,
190,61.5,gf,0.550,mm,OK,--,8:38:37 PM,2/5/2026,
191,61.3,gf,0.560,mm,OK,--,8:38:37 PM,2/5/2026,
192,61.1,gf,0.570,mm,OK,--,8:38:37 PM,2/5/2026,
193,60.9,gf,0.575,mm,OK,--,8:38:37 PM,2/5/2026,
194,60.8,gf,0.580,mm,OK,--,8:38:37 PM,2/5/2026,
195,60.7,gf,0.585,mm,OK,--,8:38:37 PM,2/5/2026,
196,60.8,gf,0.585,mm,OK,--,8:38:38 PM,2/5/2026,
197,60.7,gf,0.595,mm,OK,--,8:38:38 PM,2/5/2026,
198,60.5,gf,0.595,mm,OK,--,8:38:38 PM,2/5/2026,
199,60.5,gf,0.600,mm,OK,--,8:38:38 PM,2/5/2026,
200,60.4,gf,0.605,mm,OK,--,8:38:38 PM,2/5/2026,
201,60.5,gf,0.605,mm,OK,--,8:38:38 PM,2/5/2026,
202,60.5,gf,0.610,mm,OK,--,8:38:38 PM,2/5/2026,
203,60.3,gf,0.615,mm,OK,--,8:38:38 PM,2/5/2026,
204,60.2,gf,0.620,mm,OK,--,8:38:38 PM,2/5/2026,
205,60.1,gf,0.620,mm,OK,--,8:38:38 PM,2/5/2026,
206,60.1,gf,0.625,mm,OK,--,8:38:39 PM,2/5/2026,
207,60.2,gf,0.625,mm,OK,--,8:38:39 PM,2/5/2026,
208,60.1,gf,0.630,mm,OK,--,8:38:39 PM,2/5/2026,
209,60.0,gf,0.635,mm,OK,--,8:38:39 PM,2/5/2026,
210,59.9,gf,0.640,mm,OK,--,8:38:39 PM,2/5/2026,
211,59.9,gf,0.645,mm,OK,--,8:38:39 PM,2/5/2026,
212,59.8,gf,0.650,mm,OK,--,8:38:39 PM,2/5/2026,
213,59.9,gf,0.650,mm,OK,--,8:38:39 PM,2/5/2026,
214,59.8,gf,0.655,mm,OK,--,8:38:39 PM,2/5/2026,
215,59.6,gf,0.660,mm,OK,--,8:38:39 PM,2/5/2026,
216,59.4,gf,0.665,mm,OK,--,8:38:40 PM,2/5/2026,
217,59.6,gf,0.670,mm,OK,--,8:38:40 PM,2/5/2026,
218,59.5,gf,0.670,mm,OK,--,8:38:40 PM,2/5/2026,
219,59.4,gf,0.675,mm,OK,--,8:38:40 PM,2/5/2026,
220,59.4,gf,0.680,mm,OK,--,8:38:40 PM,2/5/2026,
221,59.3,gf,0.685,mm,OK,--,8:38:40 PM,2/5/2026,
222,59.1,gf,0.690,mm,OK,--,8:38:40 PM,2/5/2026,
223,59.0,gf,0.695,mm,OK,--,8:38:40 PM,2/5/2026,
224,59.0,gf,0.700,mm,OK,--,8:38:40 PM,2/5/2026,
225,58.8,gf,0.705,mm,OK,--,8:38:40 PM,2/5/2026,
226,58.6,gf,0.705,mm,OK,--,8:38:41 PM,2/5/2026,
227,58.7,gf,0.710,mm,OK,--,8:38:41 PM,2/5/2026,
228,58.6,gf,0.710,mm,OK,--,8:38:41 PM,2/5/2026,
229,58.7,gf,0.715,mm,OK,--,8:38:41 PM,2/5/2026,
230,58.8,gf,0.715,mm,OK,--,8:38:41 PM,2/5/2026,
231,58.9,gf,0.720,mm,OK,--,8:38:41 PM,2/5/2026,
232,58.7,gf,0.720,mm,OK,--,8:38:41 PM,2/5/2026,
233,58.8,gf,0.725,mm,OK,--,8:38:41 PM,2/5/2026,
234,58.7,gf,0.735,mm,OK,--,8:38:41 PM,2/5/2026,
235,58.6,gf,0.740,mm,OK,--,8:38:41 PM,2/5/2026,
236,58.2,gf,0.755,mm,OK,--,8:38:42 PM,2/5/2026,
237,58.1,gf,0.770,mm,OK,--,8:38:42 PM,2/5/2026,
238,57.8,gf,0.785,mm,OK,--,8:38:42 PM,2/5/2026,
239,57.6,gf,0.795,mm,OK,--,8:38:42 PM,2/5/2026,
240,57.6,gf,0.800,mm,OK,--,8:38:42 PM,2/5/2026,
241,57.5,gf,0.805,mm,OK,--,8:38:42 PM,2/5/2026,
242,57.2,gf,0.810,mm,OK,--,8:38:42 PM,2/5/2026,
243,57.2,gf,0.810,mm,OK,--,8:38:42 PM,2/5/2026,
244,57.4,gf,0.810,mm,OK,--,8:38:42 PM,2/5/2026,
245,57.3,gf,0.815,mm,OK,--,8:38:42 PM,2/5/2026,
246,57.2,gf,0.815,mm,OK,--,8:38:43 PM,2/5/2026,
247,57.5,gf,0.820,mm,OK,--,8:38:43 PM,2/5/2026,
248,57.2,gf,0.820,mm,OK,--,8:38:43 PM,2/5/2026,
249,57.3,gf,0.825,mm,OK,--,8:38:43 PM,2/5/2026,
250,57.3,gf,0.825,mm,OK,--,8:38:43 PM,2/5/2026,
251,57.1,gf,0.830,mm,OK,--,8:38:43 PM,2/5/2026,
252,56.9,gf,0.835,mm,OK,--,8:38:43 PM,2/5/2026,
253,56.9,gf,0.835,mm,OK,--,8:38:43 PM,2/5/2026,
254,56.7,gf,0.840,mm,OK,--,8:38:43 PM,2/5/2026,
255,56.6,gf,0.840,mm,OK,--,8:38:43 PM,2/5/2026,
256,56.5,gf,0.840,mm,OK,--,8:38:44 PM,2/5/2026,
257,56.6,gf,0.845,mm,OK,--,8:38:44 PM,2/5/2026,
258,56.6,gf,0.845,mm,OK,--,8:38:44 PM,2/5/2026,
259,56.7,gf,0.845,mm,OK,--,8:38:44 PM,2/5/2026,
260,56.8,gf,0.850,mm,OK,--,8:38:44 PM,2/5/2026,
261,56.7,gf,0.850,mm,OK,--,8:38:44 PM,2/5/2026,
262,56.8,gf,0.850,mm,OK,--,8:38:44 PM,2/5/2026,
263,56.9,gf,0.855,mm,OK,--,8:38:44 PM,2/5/2026,
264,56.6,gf,0.860,mm,OK,--,8:38:44 PM,2/5/2026,
265,56.5,gf,0.865,mm,OK,--,8:38:44 PM,2/5/2026,
266,56.5,gf,0.870,mm,OK,--,8:38:45 PM,2/5/2026,
267,55.9,gf,0.870,mm,OK,--,8:38:45 PM,2/5/2026,
268,56.3,gf,0.875,mm,OK,--,8:38:45 PM,2/5/2026,
269,56.3,gf,0.875,mm,OK,--,8:38:45 PM,2/5/2026,
270,56.3,gf,0.875,mm,OK,--,8:38:45 PM,2/5/2026,
271,56.1,gf,0.880,mm,OK,--,8:38:45 PM,2/5/2026,
272,55.9,gf,0.880,mm,OK,--,8:38:45 PM,2/5/2026,
273,56.0,gf,0.885,mm,OK,--,8:38:45 PM,2/5/2026,
274,55.9,gf,0.885,mm,OK,--,8:38:45 PM,2/5/2026,
275,56.0,gf,0.890,mm,OK,--,8:38:45 PM,2/5/2026,
276,56.0,gf,0.890,mm,OK,--,8:38:46 PM,2/5/2026,
277,56.1,gf,0.895,mm,OK,--,8:38:46 PM,2/5/2026,
278,55.8,gf,0.900,mm,OK,--,8:38:46 PM,2/5/2026,
279,55.9,gf,0.905,mm,OK,--,8:38:46 PM,2/5/2026,
280,55.6,gf,0.910,mm,OK,--,8:38:46 PM,2/5/2026,
281,55.5,gf,0.910,mm,OK,--,8:38:46 PM,2/5/2026,
282,55.5,gf,0.915,mm,OK,--,8:38:46 PM,2/5/2026,
283,55.6,gf,0.915,mm,OK,--,8:38:46 PM,2/5/2026,
284,55.5,gf,0.920,mm,OK,--,8:38:46 PM,2/5/2026,
285,55.5,gf,0.925,mm,OK,--,8:38:46 PM,2/5/2026,
286,55.6,gf,0.925,mm,OK,--,8:38:47 PM,2/5/2026,
287,55.5,gf,0.930,mm,OK,--,8:38:47 PM,2/5/2026,
288,55.5,gf,0.935,mm,OK,--,8:38:47 PM,2/5/2026,
289,55.3,gf,0.935,mm,OK,--,8:38:47 PM,2/5/2026,
290,55.3,gf,0.940,mm,OK,--,8:38:47 PM,2/5/2026,
291,55.2,gf,0.945,mm,OK,--,8:38:47 PM,2/5/2026,
292,54.9,gf,0.950,mm,OK,--,8:38:47 PM,2/5/2026,
293,54.9,gf,0.955,mm,OK,--,8:38:47 PM,2/5/2026,
294,54.9,gf,0.955,mm,OK,--,8:38:47 PM,2/5/2026,
295,54.7,gf,0.960,mm,OK,--,8:38:47 PM,2/5/2026,
296,54.6,gf,0.965,mm,OK,--,8:38:48 PM,2/5/2026,
297,54.8,gf,0.965,mm,OK,--,8:38:48 PM,2/5/2026,
298,54.7,gf,0.970,mm,OK,--,8:38:48 PM,2/5/2026,
299,54.7,gf,0.970,mm,OK,--,8:38:48 PM,2/5/2026,
300,54.5,gf,0.975,mm,OK,--,8:38:48 PM,2/5/2026,
301,54.2,gf,0.975,mm,OK,--,8:38:48 PM,2/5/2026,
302,54.2,gf,0.980,mm,OK,--,8:38:48 PM,2/5/2026,
303,54.2,gf,0.980,mm,OK,--,8:38:48 PM,2/5/2026,
304,54.4,gf,0.980,mm,OK,--,8:38:48 PM,2/5/2026,
305,54.6,gf,0.980,mm,OK,--,8:38:48 PM,2/5/2026,
306,54.5,gf,0.980,mm,OK,--,8:38:49 PM,2/5/2026,
307,54.5,gf,0.985,mm,OK,--,8:38:49 PM,2/5/2026,
308,54.4,gf,0.985,mm,OK,--,8:38:49 PM,2/5/2026,
309,54.5,gf,0.985,mm,OK,--,8:38:49 PM,2/5/2026,
310,54.6,gf,0.985,mm,OK,--,8:38:49 PM,2/5/2026,
311,54.6,gf,0.990,mm,OK,--,8:38:49 PM,2/5/2026,
312,54.6,gf,0.990,mm,OK,--,8:38:49 PM,2/5/2026,
313,54.3,gf,0.995,mm,OK,--,8:38:49 PM,2/5/2026,
314,54.3,gf,0.995,mm,OK,--,8:38:49 PM,2/5/2026,
315,54.2,gf,1.000,mm,OK,--,8:38:49 PM,2/5/2026,
316,54.3,gf,1.005,mm,OK,--,8:38:50 PM,2/5/2026,
317,54.1,gf,1.010,mm,OK,--,8:38:50 PM,2/5/2026,
318,54.0,gf,1.015,mm,OK,--,8:38:50 PM,2/5/2026,
319,53.9,gf,1.020,mm,OK,--,8:38:50 PM,2/5/2026,
320,53.9,gf,1.025,mm,OK,--,8:38:50 PM,2/5/2026,
321,53.8,gf,1.030,mm,OK,--,8:38:50 PM,2/5/2026,
322,53.9,gf,1.035,mm,OK,--,8:38:50 PM,2/5/2026,
323,53.6,gf,1.040,mm,OK,--,8:38:50 PM,2/5/2026,
324,53.5,gf,1.045,mm,OK,--,8:38:50 PM,2/5/2026,
325,53.4,gf,1.055,mm,OK,--,8:38:50 PM,2/5/2026,
326,53.3,gf,1.060,mm,OK,--,8:38:51 PM,2/5/2026,
327,53.1,gf,1.065,mm,OK,--,8:38:51 PM,2/5/2026,
328,53.0,gf,1.075,mm,OK,--,8:38:51 PM,2/5/2026,
329,52.6,gf,1.080,mm,OK,--,8:38:51 PM,2/5/2026,
330,52.7,gf,1.090,mm,OK,--,8:38:51 PM,2/5/2026,
331,52.5,gf,1.095,mm,OK,--,8:38:51 PM,2/5/2026,
332,52.5,gf,1.105,mm,OK,--,8:38:51 PM,2/5/2026,
333,52.4,gf,1.110,mm,OK,--,8:38:51 PM,2/5/2026,
334,52.3,gf,1.120,mm,OK,--,8:38:51 PM,2/5/2026,
335,52.3,gf,1.125,mm,OK,--,8:38:51 PM,2/5/2026,
336,52.3,gf,1.135,mm,OK,--,8:38:52 PM,2/5/2026,
337,51.9,gf,1.140,mm,OK,--,8:38:52 PM,2/5/2026,
338,51.7,gf,1.150,mm,OK,--,8:38:52 PM,2/5/2026,
339,51.5,gf,1.155,mm,OK,--,8:38:52 PM,2/5/2026,
340,51.3,gf,1.160,mm,OK,--,8:38:52 PM,2/5/2026,
341,51.2,gf,1.165,mm,OK,--,8:38:52 PM,2/5/2026,
342,51.0,gf,1.170,mm,OK,--,8:38:52 PM,2/5/2026,
343,51.0,gf,1.175,mm,OK,--,8:38:52 PM,2/5/2026,
344,50.9,gf,1.180,mm,OK,--,8:38:52 PM,2/5/2026,
345,50.8,gf,1.185,mm,OK,--,8:38:52 PM,2/5/2026,
346,50.8,gf,1.190,mm,OK,--,8:38:53 PM,2/5/2026,
347,50.6,gf,1.190,mm,OK,--,8:38:53 PM,2/5/2026,
348,50.6,gf,1.195,mm,OK,--,8:38:53 PM,2/5/2026,
349,50.5,gf,1.200,mm,OK,--,8:38:53 PM,2/5/2026,
350,50.6,gf,1.205,mm,OK,--,8:38:53 PM,2/5/2026,
351,50.5,gf,1.210,mm,OK,--,8:38:53 PM,2/5/2026,
352,50.7,gf,1.215,mm,OK,--,8:38:53 PM,2/5/2026,
353,50.8,gf,1.220,mm,OK,--,8:38:53 PM,2/5/2026,
354,50.5,gf,1.230,mm,OK,--,8:38:53 PM,2/5/2026,
355,50.1,gf,1.240,mm,OK,--,8:38:53 PM,2/5/2026,
356,50.1,gf,1.245,mm,OK,--,8:38:54 PM,2/5/2026,
357,50.0,gf,1.250,mm,OK,--,8:38:54 PM,2/5/2026,
358,50.1,gf,1.250,mm,OK,--,8:38:54 PM,2/5/2026,
359,50.2,gf,1.255,mm,OK,--,8:38:54 PM,2/5/2026,
360,49.9,gf,1.260,mm,OK,--,8:38:54 PM,2/5/2026,
361,50.0,gf,1.265,mm,OK,--,8:38:54 PM,2/5/2026,
362,49.9,gf,1.270,mm,OK,--,8:38:54 PM,2/5/2026,
363,49.8,gf,1.275,mm,OK,--,8:38:54 PM,2/5/2026,
364,49.7,gf,1.280,mm,OK,--,8:38:54 PM,2/5/2026,
365,49.7,gf,1.285,mm,OK,--,8:38:54 PM,2/5/2026,
366,49.5,gf,1.290,mm,OK,--,8:38:55 PM,2/5/2026,
367,49.4,gf,1.295,mm,OK,--,8:38:55 PM,2/5/2026,
368,49.4,gf,1.300,mm,OK,--,8:38:55 PM,2/5/2026,
369,49.3,gf,1.310,mm,OK,--,8:38:55 PM,2/5/2026,
370,48.9,gf,1.315,mm,OK,--,8:38:55 PM,2/5/2026,
371,48.8,gf,1.320,mm,OK,--,8:38:55 PM,2/5/2026,
372,48.9,gf,1.325,mm,OK,--,8:38:55 PM,2/5/2026,
373,48.8,gf,1.335,mm,OK,--,8:38:55 PM,2/5/2026,
374,48.8,gf,1.340,mm,OK,--,8:38:55 PM,2/5/2026,
375,48.7,gf,1.345,mm,OK,--,8:38:55 PM,2/5/2026,
376,48.6,gf,1.350,mm,OK,--,8:38:56 PM,2/5/2026,
377,48.8,gf,1.350,mm,OK,--,8:38:56 PM,2/5/2026,
378,48.5,gf,1.355,mm,OK,--,8:38:56 PM,2/5/2026,
379,48.5,gf,1.360,mm,OK,--,8:38:56 PM,2/5/2026,
380,48.5,gf,1.365,mm,OK,--,8:38:56 PM,2/5/2026,
381,48.4,gf,1.370,mm,OK,--,8:38:56 PM,2/5/2026,
382,48.2,gf,1.375,mm,OK,--,8:38:56 PM,2/5/2026,
383,48.2,gf,1.380,mm,OK,--,8:38:56 PM,2/5/2026,
384,47.9,gf,1.385,mm,OK,--,8:38:56 PM,2/5/2026,
385,47.9,gf,1.385,mm,OK,--,8:38:56 PM,2/5/2026,
386,47.7,gf,1.390,mm,OK,--,8:38:57 PM,2/5/2026,
387,47.7,gf,1.395,mm,OK,--,8:38:57 PM,2/5/2026,
388,47.7,gf,1.395,mm,OK,--,8:38:57 PM,2/5/2026,
389,47.6,gf,1.400,mm,OK,--,8:38:57 PM,2/5/2026,
390,47.7,gf,1.400,mm,OK,--,8:38:57 PM,2/5/2026,
391,47.6,gf,1.405,mm,OK,--,8:38:57 PM,2/5/2026,
392,47.6,gf,1.405,mm,OK,--,8:38:57 PM,2/5/2026,
393,47.4,gf,1.410,mm,OK,--,8:38:57 PM,2/5/2026,
394,47.2,gf,1.410,mm,OK,--,8:38:57 PM,2/5/2026,
395,47.2,gf,1.410,mm,OK,--,8:38:57 PM,2/5/2026,
396,47.2,gf,1.415,mm,OK,--,8:38:58 PM,2/5/2026,
397,47.2,gf,1.415,mm,OK,--,8:38:58 PM,2/5/2026,
398,47.2,gf,1.420,mm,OK,--,8:38:58 PM,2/5/2026,
399,47.3,gf,1.420,mm,OK,--,8:38:58 PM,2/5/2026,
400,47.0,gf,1.420,mm,OK,--,8:38:58 PM,2/5/2026,
401,47.0,gf,1.425,mm,OK,--,8:38:58 PM,2/5/2026,
402,47.1,gf,1.425,mm,OK,--,8:38:58 PM,2/5/2026,
403,47.0,gf,1.430,mm,OK,--,8:38:58 PM,2/5/2026,
404,47.0,gf,1.430,mm,OK,--,8:38:58 PM,2/5/2026,
405,47.1,gf,1.430,mm,OK,--,8:38:58 PM,2/5/2026,
406,47.0,gf,1.435,mm,OK,--,8:38:59 PM,2/5/2026,
407,47.1,gf,1.435,mm,OK,--,8:38:59 PM,2/5/2026,
408,47.2,gf,1.440,mm,OK,--,8:38:59 PM,2/5/2026,
409,47.1,gf,1.440,mm,OK,--,8:38:59 PM,2/5/2026,
410,47.0,gf,1.445,mm,OK,--,8:38:59 PM,2/5/2026,
411,47.1,gf,1.445,mm,OK,--,8:38:59 PM,2/5/2026,
412,47.0,gf,1.445,mm,OK,--,8:38:59 PM,2/5/2026,
413,47.1,gf,1.450,mm,OK,--,8:38:59 PM,2/5/2026,
414,47.1,gf,1.450,mm,OK,--,8:38:59 PM,2/5/2026,
415,46.8,gf,1.455,mm,OK,--,8:38:59 PM,2/5/2026,
416,46.9,gf,1.455,mm,OK,--,8:39:00 PM,2/5/2026,
417,46.9,gf,1.460,mm,OK,--,8:39:00 PM,2/5/2026,
418,46.9,gf,1.460,mm,OK,--,8:39:00 PM,2/5/2026,
419,46.7,gf,1.460,mm,OK,--,8:39:00 PM,2/5/2026,
420,46.8,gf,1.465,mm,OK,--,8:39:00 PM,2/5/2026,
421,46.7,gf,1.465,mm,OK,--,8:39:00 PM,2/5/2026,
422,46.7,gf,1.470,mm,OK,--,8:39:00 PM,2/5/2026,
423,46.6,gf,1.470,mm,OK,--,8:39:00 PM,2/5/2026,
424,46.6,gf,1.475,mm,OK,--,8:39:00 PM,2/5/2026,
425,46.5,gf,1.475,mm,OK,--,8:39:00 PM,2/5/2026,
426,46.5,gf,1.480,mm,OK,--,8:39:01 PM,2/5/2026,
427,46.2,gf,1.480,mm,OK,--,8:39:01 PM,2/5/2026,
428,46.3,gf,1.485,mm,OK,--,8:39:01 PM,2/5/2026,
429,46.3,gf,1.490,mm,OK,--,8:39:01 PM,2/5/2026,
430,46.2,gf,1.490,mm,OK,--,8:39:01 PM,2/5/2026,
431,46.0,gf,1.490,mm,OK,--,8:39:01 PM,2/5/2026,
432,46.0,gf,1.495,mm,OK,--,8:39:01 PM,2/5/2026,
433,45.9,gf,1.495,mm,OK,--,8:39:01 PM,2/5/2026,
434,45.9,gf,1.500,mm,OK,--,8:39:01 PM,2/5/2026,
435,46.0,gf,1.500,mm,OK,--,8:39:01 PM,2/5/2026,
436,45.7,gf,1.505,mm,OK,--,8:39:02 PM,2/5/2026,
437,45.5,gf,1.505,mm,OK,--,8:39:02 PM,2/5/2026,
438,45.5,gf,1.510,mm,OK,--,8:39:02 PM,2/5/2026,
439,45.6,gf,1.510,mm,OK,--,8:39:02 PM,2/5/2026,
440,45.4,gf,1.515,mm,OK,--,8:39:02 PM,2/5/2026,
441,45.4,gf,1.520,mm,OK,--,8:39:02 PM,2/5/2026,
442,45.3,gf,1.520,mm,OK,--,8:39:02 PM,2/5/2026,
443,45.3,gf,1.525,mm,OK,--,8:39:02 PM,2/5/2026,
444,45.2,gf,1.525,mm,OK,--,8:39:02 PM,2/5/2026,
445,45.0,gf,1.530,mm,OK,--,8:39:02 PM,2/5/2026,
446,45.2,gf,1.530,mm,OK,--,8:39:03 PM,2/5/2026,
447,45.3,gf,1.530,mm,OK,--,8:39:03 PM,2/5/2026,
448,45.4,gf,1.535,mm,OK,--,8:39:03 PM,2/5/2026,
449,45.1,gf,1.535,mm,OK,--,8:39:03 PM,2/5/2026,
450,45.2,gf,1.540,mm,OK,--,8:39:03 PM,2/5/2026,
451,45.2,gf,1.540,mm,OK,--,8:39:03 PM,2/5/2026,
452,45.1,gf,1.545,mm,OK,--,8:39:03 PM,2/5/2026,
453,44.9,gf,1.550,mm,OK,--,8:39:03 PM,2/5/2026,
454,44.5,gf,1.560,mm,OK,--,8:39:03 PM,2/5/2026,
455,44.2,gf,1.570,mm,OK,--,8:39:03 PM,2/5/2026,
456,44.0,gf,1.585,mm,OK,--,8:39:04 PM,2/5/2026,
457,44.0,gf,1.595,mm,OK,--,8:39:04 PM,2/5/2026,
458,43.8,gf,1.605,mm,OK,--,8:39:04 PM,2/5/2026,
459,43.8,gf,1.615,mm,OK,--,8:39:04 PM,2/5/2026,
460,43.4,gf,1.625,mm,OK,--,8:39:04 PM,2/5/2026,
461,43.3,gf,1.635,mm,OK,--,8:39:04 PM,2/5/2026,
462,43.0,gf,1.645,mm,OK,--,8:39:04 PM,2/5/2026,
463,43.0,gf,1.655,mm,OK,--,8:39:04 PM,2/5/2026,
464,42.9,gf,1.660,mm,OK,--,8:39:04 PM,2/5/2026,
465,42.1,gf,1.670,mm,OK,--,8:39:04 PM,2/5/2026,
466,41.9,gf,1.675,mm,OK,--,8:39:05 PM,2/5/2026,
467,41.7,gf,1.685,mm,OK,--,8:39:05 PM,2/5/2026,
468,41.5,gf,1.695,mm,OK,--,8:39:05 PM,2/5/2026,
469,41.2,gf,1.710,mm,OK,--,8:39:05 PM,2/5/2026,
470,40.7,gf,1.720,mm,OK,--,8:39:05 PM,2/5/2026,
471,40.5,gf,1.730,mm,OK,--,8:39:05 PM,2/5/2026,
472,40.3,gf,1.740,mm,OK,--,8:39:05 PM,2/5/2026,
473,39.8,gf,1.750,mm,OK,--,8:39:05 PM,2/5/2026,
474,39.7,gf,1.760,mm,OK,--,8:39:05 PM,2/5/2026,
475,39.5,gf,1.770,mm,OK,--,8:39:05 PM,2/5/2026,
476,39.1,gf,1.780,mm,OK,--,8:39:06 PM,2/5/2026,
477,39.2,gf,1.790,mm,OK,--,8:39:06 PM,2/5/2026,
478,39.0,gf,1.795,mm,OK,--,8:39:06 PM,2/5/2026,
479,38.8,gf,1.800,mm,OK,--,8:39:06 PM,2/5/2026,
480,38.9,gf,1.805,mm,OK,--,8:39:06 PM,2/5/2026,
481,38.8,gf,1.810,mm,OK,--,8:39:06 PM,2/5/2026,
482,38.6,gf,1.815,mm,OK,--,8:39:06 PM,2/5/2026,
483,38.5,gf,1.815,mm,OK,--,8:39:06 PM,2/5/2026,
484,38.5,gf,1.820,mm,OK,--,8:39:06 PM,2/5/2026,
485,38.6,gf,1.825,mm,OK,--,8:39:06 PM,2/5/2026,
486,38.6,gf,1.830,mm,OK,--,8:39:07 PM,2/5/2026,
487,38.4,gf,1.835,mm,OK,--,8:39:07 PM,2/5/2026,
488,38.3,gf,1.840,mm,OK,--,8:39:07 PM,2/5/2026,
489,38.2,gf,1.845,mm,OK,--,8:39:07 PM,2/5/2026,
490,37.9,gf,1.850,mm,OK,--,8:39:07 PM,2/5/2026,
491,37.8,gf,1.850,mm,OK,--,8:39:07 PM,2/5/2026,
492,38.1,gf,1.855,mm,OK,--,8:39:07 PM,2/5/2026,
493,37.9,gf,1.855,mm,OK,--,8:39:07 PM,2/5/2026,
494,37.9,gf,1.860,mm,OK,--,8:39:07 PM,2/5/2026,
495,37.9,gf,1.865,mm,OK,--,8:39:07 PM,2/5/2026,
496,37.8,gf,1.870,mm,OK,--,8:39:08 PM,2/5/2026,
497,37.8,gf,1.875,mm,OK,--,8:39:08 PM,2/5/2026,
498,37.6,gf,1.875,mm,OK,--,8:39:08 PM,2/5/2026,
499,37.2,gf,1.880,mm,OK,--,8:39:08 PM,2/5/2026,
500,37.3,gf,1.885,mm,OK,--,8:39:08 PM,2/5/2026,
501,37.1,gf,1.890,mm,OK,--,8:39:08 PM,2/5/2026,
502,37.1,gf,1.895,mm,OK,--,8:39:08 PM,2/5/2026,
503,37.0,gf,1.900,mm,OK,--,8:39:08 PM,2/5/2026,
504,37.0,gf,1.900,mm,OK,--,8:39:08 PM,2/5/2026,
505,36.9,gf,1.905,mm,OK,--,8:39:08 PM,2/5/2026,
506,36.8,gf,1.910,mm,OK,--,8:39:09 PM,2/5/2026,
507,36.7,gf,1.915,mm,OK,--,8:39:09 PM,2/5/2026,
508,36.6,gf,1.915,mm,OK,--,8:39:09 PM,2/5/2026,
509,36.6,gf,1.920,mm,OK,--,8:39:09 PM,2/5/2026,
510,36.6,gf,1.920,mm,OK,--,8:39:09 PM,2/5/2026,
511,36.7,gf,1.925,mm,OK,--,8:39:09 PM,2/5/2026,
512,36.6,gf,1.925,mm,OK,--,8:39:09 PM,2/5/2026,
513,36.5,gf,1.930,mm,OK,--,8:39:09 PM,2/5/2026,
514,36.4,gf,1.930,mm,OK,--,8:39:09 PM,2/5/2026,
515,36.4,gf,1.935,mm,OK,--,8:39:09 PM,2/5/2026,
516,36.4,gf,1.935,mm,OK,--,8:39:10 PM,2/5/2026,
517,36.4,gf,1.935,mm,OK,--,8:39:10 PM,2/5/2026,
518,36.2,gf,1.940,mm,OK,--,8:39:10 PM,2/5/2026,
519,36.2,gf,1.940,mm,OK,--,8:39:10 PM,2/5/2026,
520,36.1,gf,1.945,mm,OK,--,8:39:10 PM,2/5/2026,
521,36.0,gf,1.945,mm,OK,--,8:39:10 PM,2/5/2026,
522,36.0,gf,1.950,mm,OK,--,8:39:10 PM,2/5/2026,
523,35.9,gf,1.950,mm,OK,--,8:39:10 PM,2/5/2026,
524,35.8,gf,1.950,mm,OK,--,8:39:10 PM,2/5/2026,
525,36.0,gf,1.955,mm,OK,--,8:39:10 PM,2/5/2026,
526,36.2,gf,1.955,mm,OK,--,8:39:11 PM,2/5/2026,
527,35.9,gf,1.960,mm,OK,--,8:39:11 PM,2/5/2026,
528,35.9,gf,1.960,mm,OK,--,8:39:11 PM,2/5/2026,
529,36.0,gf,1.965,mm,OK,--,8:39:11 PM,2/5/2026,
530,36.0,gf,1.970,mm,OK,--,8:39:11 PM,2/5/2026,
531,35.7,gf,1.975,mm,OK,--,8:39:11 PM,2/5/2026,
532,35.6,gf,1.975,mm,OK,--,8:39:11 PM,2/5/2026,
533,35.5,gf,1.980,mm,OK,--,8:39:11 PM,2/5/2026,
534,35.6,gf,1.985,mm,OK,--,8:39:11 PM,2/5/2026,
535,35.4,gf,1.985,mm,OK,--,8:39:11 PM,2/5/2026,
536,35.2,gf,1.990,mm,OK,--,8:39:12 PM,2/5/2026,
537,35.3,gf,1.990,mm,OK,--,8:39:12 PM,2/5/2026,
538,35.3,gf,1.995,mm,OK,--,8:39:12 PM,2/5/2026,
539,35.1,gf,1.995,mm,OK,--,8:39:12 PM,2/5/2026,
540,35.0,gf,2.000,mm,OK,--,8:39:12 PM,2/5/2026,
541,35.0,gf,2.000,mm,OK,--,8:39:12 PM,2/5/2026,
542,34.9,gf,2.005,mm,OK,--,8:39:12 PM,2/5/2026,
543,34.7,gf,2.005,mm,OK,--,8:39:12 PM,2/5/2026,
544,34.8,gf,2.005,mm,OK,--,8:39:12 PM,2/5/2026,
545,34.8,gf,2.010,mm,OK,--,8:39:12 PM,2/5/2026,
546,34.8,gf,2.010,mm,OK,--,8:39:13 PM,2/5/2026,
547,34.7,gf,2.015,mm,OK,--,8:39:13 PM,2/5/2026,
548,34.7,gf,2.015,mm,OK,--,8:39:13 PM,2/5/2026,
549,34.5,gf,2.020,mm,OK,--,8:39:13 PM,2/5/2026,
550,34.6,gf,2.020,mm,OK,--,8:39:13 PM,2/5/2026,
551,34.6,gf,2.025,mm,OK,--,8:39:13 PM,2/5/2026,
552,34.4,gf,2.025,mm,OK,--,8:39:13 PM,2/5/2026,
553,34.3,gf,2.030,mm,OK,--,8:39:13 PM,2/5/2026,
554,34.4,gf,2.035,mm,OK,--,8:39:13 PM,2/5/2026,
555,34.2,gf,2.035,mm,OK,--,8:39:13 PM,2/5/2026,
556,34.2,gf,2.040,mm,OK,--,8:39:14 PM,2/5/2026,
557,34.1,gf,2.045,mm,OK,--,8:39:14 PM,2/5/2026,
558,34.1,gf,2.050,mm,OK,--,8:39:14 PM,2/5/2026,
559,33.8,gf,2.050,mm,OK,--,8:39:14 PM,2/5/2026,
560,33.6,gf,2.055,mm,OK,--,8:39:14 PM,2/5/2026,
561,33.6,gf,2.055,mm,OK,--,8:39:14 PM,2/5/2026,
562,33.8,gf,2.055,mm,OK,--,8:39:14 PM,2/5/2026,
563,33.9,gf,2.060,mm,OK,--,8:39:14 PM,2/5/2026,
564,34.0,gf,2.060,mm,OK,--,8:39:14 PM,2/5/2026,
565,33.8,gf,2.065,mm,OK,--,8:39:14 PM,2/5/2026,
566,33.5,gf,2.065,mm,OK,--,8:39:15 PM,2/5/2026,
567,33.6,gf,2.070,mm,OK,--,8:39:15 PM,2/5/2026,
568,33.8,gf,2.070,mm,OK,--,8:39:15 PM,2/5/2026,
569,33.7,gf,2.075,mm,OK,--,8:39:15 PM,2/5/2026,
570,33.8,gf,2.075,mm,OK,--,8:39:15 PM,2/5/2026,
571,33.7,gf,2.080,mm,OK,--,8:39:15 PM,2/5/2026,
572,33.5,gf,2.080,mm,OK,--,8:39:15 PM,2/5/2026,
573,33.6,gf,2.080,mm,OK,--,8:39:15 PM,2/5/2026,
574,33.6,gf,2.085,mm,OK,--,8:39:15 PM,2/5/2026,
575,33.7,gf,2.085,mm,OK,--,8:39:15 PM,2/5/2026,
576,33.5,gf,2.090,mm,OK,--,8:39:16 PM,2/5/2026,
577,33.3,gf,2.095,mm,OK,--,8:39:16 PM,2/5/2026,
578,33.5,gf,2.095,mm,OK,--,8:39:16 PM,2/5/2026,
579,33.3,gf,2.100,mm,OK,--,8:39:16 PM,2/5/2026,
580,33.5,gf,2.100,mm,OK,--,8:39:16 PM,2/5/2026,
581,33.3,gf,2.105,mm,OK,--,8:39:16 PM,2/5/2026,
582,33.4,gf,2.105,mm,OK,--,8:39:16 PM,2/5/2026,
583,33.4,gf,2.110,mm,OK,--,8:39:16 PM,2/5/2026,
584,33.1,gf,2.110,mm,OK,--,8:39:16 PM,2/5/2026,
585,33.3,gf,2.110,mm,OK,--,8:39:16 PM,2/5/2026,
586,33.3,gf,2.115,mm,OK,--,8:39:17 PM,2/5/2026,
587,33.4,gf,2.115,mm,OK,--,8:39:17 PM,2/5/2026,
588,33.3,gf,2.115,mm,OK,--,8:39:17 PM,2/5/2026,
589,33.2,gf,2.120,mm,OK,--,8:39:17 PM,2/5/2026,
590,33.0,gf,2.120,mm,OK,--,8:39:17 PM,2/5/2026,
591,33.1,gf,2.120,mm,OK,--,8:39:17 PM,2/5/2026,
592,33.1,gf,2.120,mm,OK,--,8:39:17 PM,2/5/2026,
593,32.9,gf,2.120,mm,OK,--,8:39:17 PM,2/5/2026,
594,33.0,gf,2.125,mm,OK,--,8:39:17 PM,2/5/2026,
595,32.9,gf,2.125,mm,OK,--,8:39:17 PM,2/5/2026,
596,32.7,gf,2.125,mm,OK,--,8:39:18 PM,2/5/2026,
597,32.9,gf,2.130,mm,OK,--,8:39:18 PM,2/5/2026,
598,32.9,gf,2.130,mm,OK,--,8:39:18 PM,2/5/2026,
599,33.1,gf,2.135,mm,OK,--,8:39:18 PM,2/5/2026,
600,32.9,gf,2.135,mm,OK,--,8:39:18 PM,2/5/2026,
601,32.8,gf,2.135,mm,OK,--,8:39:18 PM,2/5/2026,
602,32.9,gf,2.140,mm,OK,--,8:39:18 PM,2/5/2026,
603,33.0,gf,2.140,mm,OK,--,8:39:18 PM,2/5/2026,
604,33.0,gf,2.145,mm,OK,--,8:39:18 PM,2/5/2026,
605,32.9,gf,2.150,mm,OK,--,8:39:18 PM,2/5/2026,
606,33.0,gf,2.155,mm,OK,--,8:39:19 PM,2/5/2026,
607,32.8,gf,2.155,mm,OK,--,8:39:19 PM,2/5/2026,
608,32.9,gf,2.160,mm,OK,--,8:39:19 PM,2/5/2026,
609,33.0,gf,2.165,mm,OK,--,8:39:19 PM,2/5/2026,
610,33.1,gf,2.170,mm,OK,--,8:39:19 PM,2/5/2026,
611,33.0,gf,2.170,mm,OK,--,8:39:19 PM,2/5/2026,
612,33.1,gf,2.175,mm,OK,--,8:39:19 PM,2/5/2026,
613,33.0,gf,2.175,mm,OK,--,8:39:19 PM,2/5/2026,
614,32.9,gf,2.180,mm,OK,--,8:39:19 PM,2/5/2026,
615,33.1,gf,2.180,mm,OK,--,8:39:19 PM,2/5/2026,
616,33.0,gf,2.185,mm,OK,--,8:39:20 PM,2/5/2026,
617,33.2,gf,2.185,mm,OK,--,8:39:20 PM,2/5/2026,
618,33.2,gf,2.190,mm,OK,--,8:39:20 PM,2/5/2026,
619,33.2,gf,2.190,mm,OK,--,8:39:20 PM,2/5/2026,
620,33.3,gf,2.195,mm,OK,--,8:39:20 PM,2/5/2026,
621,33.4,gf,2.195,mm,OK,--,8:39:20 PM,2/5/2026,
622,33.4,gf,2.200,mm,OK,--,8:39:20 PM,2/5/2026,
623,33.4,gf,2.205,mm,OK,--,8:39:20 PM,2/5/2026,
624,33.5,gf,2.205,mm,OK,--,8:39:20 PM,2/5/2026,
625,33.6,gf,2.210,mm,OK,--,8:39:20 PM,2/5/2026,
626,33.6,gf,2.215,mm,OK,--,8:39:21 PM,2/5/2026,
627,33.5,gf,2.215,mm,OK,--,8:39:21 PM,2/5/2026,
628,33.5,gf,2.220,mm,OK,--,8:39:21 PM,2/5/2026,
629,33.7,gf,2.225,mm,OK,--,8:39:21 PM,2/5/2026,
630,33.8,gf,2.230,mm,OK,--,8:39:21 PM,2/5/2026,
631,33.8,gf,2.235,mm,OK,--,8:39:21 PM,2/5/2026,
632,33.9,gf,2.235,mm,OK,--,8:39:21 PM,2/5/2026,
633,33.8,gf,2.240,mm,OK,--,8:39:21 PM,2/5/2026,
634,33.7,gf,2.240,mm,OK,--,8:39:21 PM,2/5/2026,
635,33.7,gf,2.245,mm,OK,--,8:39:21 PM,2/5/2026,
636,34.2,gf,2.245,mm,OK,--,8:39:22 PM,2/5/2026,
637,34.0,gf,2.250,mm,OK,--,8:39:22 PM,2/5/2026,
638,33.9,gf,2.255,mm,OK,--,8:39:22 PM,2/5/2026,
639,33.9,gf,2.260,mm,OK,--,8:39:22 PM,2/5/2026,
640,33.9,gf,2.265,mm,OK,--,8:39:22 PM,2/5/2026,
641,33.9,gf,2.270,mm,OK,--,8:39:22 PM,2/5/2026,
642,33.9,gf,2.275,mm,OK,--,8:39:22 PM,2/5/2026,
643,34.1,gf,2.280,mm,OK,--,8:39:22 PM,2/5/2026,
644,34.2,gf,2.280,mm,OK,--,8:39:22 PM,2/5/2026,
645,34.3,gf,2.285,mm,OK,--,8:39:22 PM,2/5/2026,
646,34.2,gf,2.290,mm,OK,--,8:39:23 PM,2/5/2026,
647,34.2,gf,2.295,mm,OK,--,8:39:23 PM,2/5/2026,
648,34.4,gf,2.295,mm,OK,--,8:39:23 PM,2/5/2026,
649,34.4,gf,2.300,mm,OK,--,8:39:23 PM,2/5/2026,
650,34.4,gf,2.305,mm,OK,--,8:39:23 PM,2/5/2026,
651,34.4,gf,2.305,mm,OK,--,8:39:23 PM,2/5/2026,
652,34.4,gf,2.310,mm,OK,--,8:39:23 PM,2/5/2026,
653,34.6,gf,2.310,mm,OK,--,8:39:23 PM,2/5/2026,
654,34.4,gf,2.315,mm,OK,--,8:39:23 PM,2/5/2026,
655,34.5,gf,2.315,mm,OK,--,8:39:23 PM,2/5/2026,
656,34.6,gf,2.320,mm,OK,--,8:39:24 PM,2/5/2026,
657,34.6,gf,2.320,mm,OK,--,8:39:24 PM,2/5/2026,
658,34.5,gf,2.325,mm,OK,--,8:39:24 PM,2/5/2026,
659,34.7,gf,2.325,mm,OK,--,8:39:24 PM,2/5/2026,
660,34.6,gf,2.325,mm,OK,--,8:39:24 PM,2/5/2026,
661,34.7,gf,2.330,mm,OK,--,8:39:24 PM,2/5/2026,
662,34.9,gf,2.330,mm,OK,--,8:39:24 PM,2/5/2026,
663,34.9,gf,2.335,mm,OK,--,8:39:24 PM,2/5/2026,
664,35.0,gf,2.335,mm,OK,--,8:39:24 PM,2/5/2026,
665,34.9,gf,2.340,mm,OK,--,8:39:24 PM,2/5/2026,
666,35.1,gf,2.340,mm,OK,--,8:39:25 PM,2/5/2026,
667,34.9,gf,2.345,mm,OK,--,8:39:25 PM,2/5/2026,
668,35.0,gf,2.350,mm,OK,--,8:39:25 PM,2/5/2026,
669,35.0,gf,2.350,mm,OK,--,8:39:25 PM,2/5/2026,
670,35.3,gf,2.355,mm,OK,--,8:39:25 PM,2/5/2026,
671,35.0,gf,2.355,mm,OK,--,8:39:25 PM,2/5/2026,
672,35.2,gf,2.360,mm,OK,--,8:39:25 PM,2/5/2026,
673,35.3,gf,2.360,mm,OK,--,8:39:25 PM,2/5/2026,
674,35.1,gf,2.365,mm,OK,--,8:39:25 PM,2/5/2026,
675,35.1,gf,2.365,mm,OK,--,8:39:25 PM,2/5/2026,
676,35.1,gf,2.370,mm,OK,--,8:39:26 PM,2/5/2026,
677,35.0,gf,2.370,mm,OK,--,8:39:26 PM,2/5/2026,
678,35.2,gf,2.375,mm,OK,--,8:39:26 PM,2/5/2026,
679,35.3,gf,2.375,mm,OK,--,8:39:26 PM,2/5/2026,
680,35.3,gf,2.375,mm,OK,--,8:39:26 PM,2/5/2026,
681,35.4,gf,2.380,mm,OK,--,8:39:26 PM,2/5/2026,
682,35.4,gf,2.380,mm,OK,--,8:39:26 PM,2/5/2026,
683,35.5,gf,2.385,mm,OK,--,8:39:26 PM,2/5/2026,
684,35.3,gf,2.385,mm,OK,--,8:39:26 PM,2/5/2026,
685,35.4,gf,2.385,mm,OK,--,8:39:26 PM,2/5/2026,
686,35.6,gf,2.390,mm,OK,--,8:39:27 PM,2/5/2026,
687,35.5,gf,2.390,mm,OK,--,8:39:27 PM,2/5/2026,
688,35.6,gf,2.390,mm,OK,--,8:39:27 PM,2/5/2026,
689,35.6,gf,2.395,mm,OK,--,8:39:27 PM,2/5/2026,
690,35.6,gf,2.395,mm,OK,--,8:39:27 PM,2/5/2026,
691,35.5,gf,2.400,mm,OK,--,8:39:27 PM,2/5/2026,
692,35.6,gf,2.400,mm,OK,--,8:39:27 PM,2/5/2026,
693,35.9,gf,2.400,mm,OK,--,8:39:27 PM,2/5/2026,
694,35.6,gf,2.405,mm,OK,--,8:39:27 PM,2/5/2026,
695,35.6,gf,2.405,mm,OK,--,8:39:27 PM,2/5/2026,
696,35.9,gf,2.410,mm,OK,--,8:39:28 PM,2/5/2026,
697,36.0,gf,2.415,mm,OK,--,8:39:28 PM,2/5/2026,
698,36.1,gf,2.415,mm,OK,--,8:39:28 PM,2/5/2026,
699,36.1,gf,2.420,mm,OK,--,8:39:28 PM,2/5/2026,
700,36.1,gf,2.425,mm,OK,--,8:39:28 PM,2/5/2026,
701,36.0,gf,2.430,mm,OK,--,8:39:28 PM,2/5/2026,
702,36.0,gf,2.435,mm,OK,--,8:39:28 PM,2/5/2026,
703,36.2,gf,2.440,mm,OK,--,8:39:28 PM,2/5/2026,
704,36.3,gf,2.445,mm,OK,--,8:39:28 PM,2/5/2026,
705,36.4,gf,2.445,mm,OK,--,8:39:28 PM,2/5/2026,
706,36.5,gf,2.450,mm,OK,--,8:39:29 PM,2/5/2026,
707,36.4,gf,2.455,mm,OK,--,8:39:29 PM,2/5/2026,
708,36.4,gf,2.455,mm,OK,--,8:39:29 PM,2/5/2026,
709,36.4,gf,2.460,mm,OK,--,8:39:29 PM,2/5/2026,
710,36.5,gf,2.460,mm,OK,--,8:39:29 PM,2/5/2026,
711,36.4,gf,2.465,mm,OK,--,8:39:29 PM,2/5/2026,
712,36.4,gf,2.470,mm,OK,--,8:39:29 PM,2/5/2026,
713,36.5,gf,2.470,mm,OK,--,8:39:29 PM,2/5/2026,
714,36.6,gf,2.475,mm,OK,--,8:39:29 PM,2/5/2026,
715,36.4,gf,2.475,mm,OK,--,8:39:29 PM,2/5/2026,
716,36.4,gf,2.480,mm,OK,--,8:39:30 PM,2/5/2026,
717,36.5,gf,2.480,mm,OK,--,8:39:30 PM,2/5/2026,
718,36.6,gf,2.485,mm,OK,--,8:39:30 PM,2/5/2026,
719,36.6,gf,2.485,mm,OK,--,8:39:30 PM,2/5/2026,
720,36.7,gf,2.490,mm,OK,--,8:39:30 PM,2/5/2026,
721,36.9,gf,2.490,mm,OK,--,8:39:30 PM,2/5/2026,
722,36.9,gf,2.495,mm,OK,--,8:39:30 PM,2/5/2026,
723,36.7,gf,2.500,mm,OK,--,8:39:30 PM,2/5/2026,
724,37.0,gf,2.500,mm,OK,--,8:39:30 PM,2/5/2026,
725,37.0,gf,2.505,mm,OK,--,8:39:30 PM,2/5/2026,
726,37.2,gf,2.505,mm,OK,--,8:39:31 PM,2/5/2026,
727,37.6,gf,2.510,mm,OK,--,8:39:31 PM,2/5/2026,
728,37.3,gf,2.515,mm,OK,--,8:39:31 PM,2/5/2026,
729,37.4,gf,2.520,mm,OK,--,8:39:31 PM,2/5/2026,
730,37.5,gf,2.520,mm,OK,--,8:39:31 PM,2/5/2026,
731,37.8,gf,2.525,mm,OK,--,8:39:31 PM,2/5/2026,
732,37.5,gf,2.525,mm,OK,--,8:39:31 PM,2/5/2026,
733,37.8,gf,2.530,mm,OK,--,8:39:31 PM,2/5/2026,
734,37.8,gf,2.535,mm,OK,--,8:39:31 PM,2/5/2026,
735,38.0,gf,2.545,mm,OK,--,8:39:31 PM,2/5/2026,
736,37.9,gf,2.555,mm,OK,--,8:39:32 PM,2/5/2026,
737,37.7,gf,2.560,mm,OK,--,8:39:32 PM,2/5/2026,
738,38.1,gf,2.565,mm,OK,--,8:39:32 PM,2/5/2026,
739,38.2,gf,2.570,mm,OK,--,8:39:32 PM,2/5/2026,
740,38.7,gf,2.580,mm,OK,--,8:39:32 PM,2/5/2026,
741,38.7,gf,2.585,mm,OK,--,8:39:32 PM,2/5/2026,
742,38.9,gf,2.595,mm,OK,--,8:39:32 PM,2/5/2026,
743,38.7,gf,2.600,mm,OK,--,8:39:32 PM,2/5/2026,
744,38.7,gf,2.610,mm,OK,--,8:39:32 PM,2/5/2026,
745,38.9,gf,2.615,mm,OK,--,8:39:32 PM,2/5/2026,
746,39.1,gf,2.625,mm,OK,--,8:39:33 PM,2/5/2026,
747,39.0,gf,2.635,mm,OK,--,8:39:33 PM,2/5/2026,
748,39.0,gf,2.640,mm,OK,--,8:39:33 PM,2/5/2026,
749,39.0,gf,2.645,mm,OK,--,8:39:33 PM,2/5/2026,
750,39.1,gf,2.650,mm,OK,--,8:39:33 PM,2/5/2026,
751,39.2,gf,2.650,mm,OK,--,8:39:33 PM,2/5/2026,
752,39.1,gf,2.655,mm,OK,--,8:39:33 PM,2/5/2026,
753,39.1,gf,2.660,mm,OK,--,8:39:33 PM,2/5/2026,
754,39.1,gf,2.660,mm,OK,--,8:39:33 PM,2/5/2026,
755,39.1,gf,2.665,mm,OK,--,8:39:33 PM,2/5/2026,
756,39.3,gf,2.665,mm,OK,--,8:39:34 PM,2/5/2026,
757,39.3,gf,2.665,mm,OK,--,8:39:34 PM,2/5/2026,
758,39.4,gf,2.670,mm,OK,--,8:39:34 PM,2/5/2026,
759,39.4,gf,2.670,mm,OK,--,8:39:34 PM,2/5/2026,
760,39.4,gf,2.675,mm,OK,--,8:39:34 PM,2/5/2026,
761,39.3,gf,2.680,mm,OK,--,8:39:34 PM,2/5/2026,
762,39.3,gf,2.680,mm,OK,--,8:39:34 PM,2/5/2026,
763,39.3,gf,2.685,mm,OK,--,8:39:34 PM,2/5/2026,
764,39.2,gf,2.690,mm,OK,--,8:39:34 PM,2/5/2026,
765,39.1,gf,2.695,mm,OK,--,8:39:34 PM,2/5/2026,
766,39.2,gf,2.700,mm,OK,--,8:39:35 PM,2/5/2026,
767,39.3,gf,2.705,mm,OK,--,8:39:35 PM,2/5/2026,
768,39.2,gf,2.710,mm,OK,--,8:39:35 PM,2/5/2026,
769,39.3,gf,2.715,mm,OK,--,8:39:35 PM,2/5/2026,
770,39.2,gf,2.715,mm,OK,--,8:39:35 PM,2/5/2026,
771,39.2,gf,2.720,mm,OK,--,8:39:35 PM,2/5/2026,
772,39.3,gf,2.725,mm,OK,--,8:39:35 PM,2/5/2026,
773,39.2,gf,2.730,mm,OK,--,8:39:35 PM,2/5/2026,
774,39.2,gf,2.730,mm,OK,--,8:39:35 PM,2/5/2026,
775,39.2,gf,2.735,mm,OK,--,8:39:35 PM,2/5/2026,
776,39.1,gf,2.740,mm,OK,--,8:39:36 PM,2/5/2026,
777,39.2,gf,2.740,mm,OK,--,8:39:36 PM,2/5/2026,
778,38.7,gf,2.745,mm,OK,--,8:39:36 PM,2/5/2026,
779,38.8,gf,2.745,mm,OK,--,8:39:36 PM,2/5/2026,
780,38.8,gf,2.750,mm,OK,--,8:39:36 PM,2/5/2026,
781,38.8,gf,2.750,mm,OK,--,8:39:36 PM,2/5/2026,
782,38.9,gf,2.755,mm,OK,--,8:39:36 PM,2/5/2026,
783,38.9,gf,2.755,mm,OK,--,8:39:36 PM,2/5/2026,
784,38.9,gf,2.760,mm,OK,--,8:39:36 PM,2/5/2026,
785,38.9,gf,2.760,mm,OK,--,8:39:36 PM,2/5/2026,
786,38.9,gf,2.760,mm,OK,--,8:39:37 PM,2/5/2026,
787,38.9,gf,2.765,mm,OK,--,8:39:37 PM,2/5/2026,
788,38.8,gf,2.765,mm,OK,--,8:39:37 PM,2/5/2026,
789,38.9,gf,2.765,mm,OK,--,8:39:37 PM,2/5/2026,
790,38.9,gf,2.770,mm,OK,--,8:39:37 PM,2/5/2026,
791,39.0,gf,2.770,mm,OK,--,8:39:37 PM,2/5/2026,
792,39.0,gf,2.770,mm,OK,--,8:39:37 PM,2/5/2026,
793,39.0,gf,2.775,mm,OK,--,8:39:37 PM,2/5/2026,
794,39.0,gf,2.775,mm,OK,--,8:39:37 PM,2/5/2026,
795,39.0,gf,2.775,mm,OK,--,8:39:37 PM,2/5/2026,
796,39.0,gf,2.775,mm,OK,--,8:39:38 PM,2/5/2026,
797,39.1,gf,2.780,mm,OK,--,8:39:38 PM,2/5/2026,
798,39.1,gf,2.780,mm,OK,--,8:39:38 PM,2/5/2026,
799,39.2,gf,2.780,mm,OK,--,8:39:38 PM,2/5/2026,
800,39.3,gf,2.785,mm,OK,--,8:39:38 PM,2/5/2026,
801,39.2,gf,2.785,mm,OK,--,8:39:38 PM,2/5/2026,
802,39.2,gf,2.790,mm,OK,--,8:39:38 PM,2/5/2026,
803,39.2,gf,2.790,mm,OK,--,8:39:38 PM,2/5/2026,
804,39.3,gf,2.790,mm,OK,--,8:39:38 PM,2/5/2026,
805,39.3,gf,2.790,mm,OK,--,8:39:38 PM,2/5/2026,
806,39.3,gf,2.795,mm,OK,--,8:39:39 PM,2/5/2026,
807,39.4,gf,2.795,mm,OK,--,8:39:39 PM,2/5/2026,
808,39.6,gf,2.795,mm,OK,--,8:39:39 PM,2/5/2026,
809,39.7,gf,2.795,mm,OK,--,8:39:39 PM,2/5/2026,
810,39.7,gf,2.800,mm,OK,--,8:39:39 PM,2/5/2026,
811,39.8,gf,2.800,mm,OK,--,8:39:39 PM,2/5/2026,
812,39.9,gf,2.805,mm,OK,--,8:39:39 PM,2/5/2026,
813,40.0,gf,2.805,mm,OK,--,8:39:39 PM,2/5/2026,
814,40.2,gf,2.810,mm,OK,--,8:39:39 PM,2/5/2026,
815,40.2,gf,2.815,mm,OK,--,8:39:39 PM,2/5/2026,
816,40.4,gf,2.815,mm,OK,--,8:39:40 PM,2/5/2026,
817,40.5,gf,2.820,mm,OK,--,8:39:40 PM,2/5/2026,
818,40.7,gf,2.820,mm,OK,--,8:39:40 PM,2/5/2026,
819,40.9,gf,2.825,mm,OK,--,8:39:40 PM,2/5/2026,
820,41.1,gf,2.830,mm,OK,--,8:39:40 PM,2/5/2026,
821,41.1,gf,2.830,mm,OK,--,8:39:40 PM,2/5/2026,
822,41.1,gf,2.835,mm,OK,--,8:39:40 PM,2/5/2026,
823,41.3,gf,2.835,mm,OK,--,8:39:40 PM,2/5/2026,
824,41.3,gf,2.835,mm,OK,--,8:39:40 PM,2/5/2026,
825,41.3,gf,2.840,mm,OK,--,8:39:40 PM,2/5/2026,
826,41.5,gf,2.840,mm,OK,--,8:39:41 PM,2/5/2026,
827,41.6,gf,2.840,mm,OK,--,8:39:41 PM,2/5/2026,
828,41.7,gf,2.845,mm,OK,--,8:39:41 PM,2/5/2026,
829,41.7,gf,2.845,mm,OK,--,8:39:41 PM,2/5/2026,
830,41.8,gf,2.845,mm,OK,--,8:39:41 PM,2/5/2026,
831,41.8,gf,2.850,mm,OK,--,8:39:41 PM,2/5/2026,
832,41.8,gf,2.850,mm,OK,--,8:39:41 PM,2/5/2026,
833,41.9,gf,2.850,mm,OK,--,8:39:41 PM,2/5/2026,
834,41.9,gf,2.850,mm,OK,--,8:39:41 PM,2/5/2026,
835,42.0,gf,2.855,mm,OK,--,8:39:41 PM,2/5/2026,
836,42.0,gf,2.855,mm,OK,--,8:39:42 PM,2/5/2026,
837,41.9,gf,2.855,mm,OK,--,8:39:42 PM,2/5/2026,
838,42.2,gf,2.860,mm,OK,--,8:39:42 PM,2/5/2026,
839,42.4,gf,2.860,mm,OK,--,8:39:42 PM,2/5/2026,
840,42.4,gf,2.865,mm,OK,--,8:39:42 PM,2/5/2026,
841,42.6,gf,2.870,mm,OK,--,8:39:42 PM,2/5/2026,
842,42.7,gf,2.870,mm,OK,--,8:39:42 PM,2/5/2026,
843,43.0,gf,2.875,mm,OK,--,8:39:42 PM,2/5/2026,
844,43.1,gf,2.880,mm,OK,--,8:39:42 PM,2/5/2026,
845,43.1,gf,2.880,mm,OK,--,8:39:42 PM,2/5/2026,
846,43.2,gf,2.885,mm,OK,--,8:39:43 PM,2/5/2026,
847,43.4,gf,2.885,mm,OK,--,8:39:43 PM,2/5/2026,
848,43.6,gf,2.890,mm,OK,--,8:39:43 PM,2/5/2026,
849,43.6,gf,2.890,mm,OK,--,8:39:43 PM,2/5/2026,
850,43.6,gf,2.895,mm,OK,--,8:39:43 PM,2/5/2026,
851,43.9,gf,2.895,mm,OK,--,8:39:43 PM,2/5/2026,
852,43.9,gf,2.900,mm,OK,--,8:39:43 PM,2/5/2026,
853,43.9,gf,2.905,mm,OK,--,8:39:43 PM,2/5/2026,
854,44.0,gf,2.905,mm,OK,--,8:39:43 PM,2/5/2026,
855,44.2,gf,2.905,mm,OK,--,8:39:43 PM,2/5/2026,
856,44.3,gf,2.910,mm,OK,--,8:39:44 PM,2/5/2026,
857,44.5,gf,2.915,mm,OK,--,8:39:44 PM,2/5/2026,
858,44.5,gf,2.915,mm,OK,--,8:39:44 PM,2/5/2026,
859,44.6,gf,2.920,mm,OK,--,8:39:44 PM,2/5/2026,
860,44.6,gf,2.920,mm,OK,--,8:39:44 PM,2/5/2026,
861,44.8,gf,2.925,mm,OK,--,8:39:44 PM,2/5/2026,
862,44.9,gf,2.925,mm,OK,--,8:39:44 PM,2/5/2026,
863,45.1,gf,2.930,mm,OK,--,8:39:44 PM,2/5/2026,
864,45.1,gf,2.935,mm,OK,--,8:39:44 PM,2/5/2026,
865,45.2,gf,2.935,mm,OK,--,8:39:44 PM,2/5/2026,
866,45.3,gf,2.935,mm,OK,--,8:39:45 PM,2/5/2026,
867,45.4,gf,2.940,mm,OK,--,8:39:45 PM,2/5/2026,
868,45.4,gf,2.940,mm,OK,--,8:39:45 PM,2/5/2026,
869,45.6,gf,2.945,mm,OK,--,8:39:45 PM,2/5/2026,
870,45.6,gf,2.950,mm,OK,--,8:39:45 PM,2/5/2026,
871,45.7,gf,2.950,mm,OK,--,8:39:45 PM,2/5/2026,
872,45.8,gf,2.950,mm,OK,--,8:39:45 PM,2/5/2026,
873,45.8,gf,2.955,mm,OK,--,8:39:45 PM,2/5/2026,
874,45.8,gf,2.955,mm,OK,--,8:39:45 PM,2/5/2026,
875,45.9,gf,2.960,mm,OK,--,8:39:45 PM,2/5/2026,
876,45.9,gf,2.960,mm,OK,--,8:39:46 PM,2/5/2026,
877,46.2,gf,2.965,mm,OK,--,8:39:46 PM,2/5/2026,
878,46.3,gf,2.970,mm,OK,--,8:39:46 PM,2/5/2026,
879,46.3,gf,2.970,mm,OK,--,8:39:46 PM,2/5/2026,
880,46.4,gf,2.975,mm,OK,--,8:39:46 PM,2/5/2026,
881,46.6,gf,2.975,mm,OK,--,8:39:46 PM,2/5/2026,
882,46.7,gf,2.980,mm,OK,--,8:39:46 PM,2/5/2026,
883,46.8,gf,2.985,mm,OK,--,8:39:46 PM,2/5/2026,
884,47.0,gf,2.990,mm,OK,--,8:39:46 PM,2/5/2026,
885,47.3,gf,3.000,mm,OK,--,8:39:46 PM,2/5/2026,
886,47.5,gf,3.005,mm,OK,--,8:39:47 PM,2/5/2026,
887,47.4,gf,3.015,mm,OK,--,8:39:47 PM,2/5/2026,
888,47.4,gf,3.020,mm,OK,--,8:39:47 PM,2/5/2026,
889,47.6,gf,3.030,mm,OK,--,8:39:47 PM,2/5/2026,
890,47.7,gf,3.045,mm,OK,--,8:39:47 PM,2/5/2026,
891,47.9,gf,3.060,mm,OK,--,8:39:47 PM,2/5/2026,
892,47.9,gf,3.070,mm,OK,--,8:39:47 PM,2/5/2026,
893,48.0,gf,3.080,mm,OK,--,8:39:47 PM,2/5/2026,
894,47.9,gf,3.085,mm,OK,--,8:39:47 PM,2/5/2026,
895,47.9,gf,3.090,mm,OK,--,8:39:47 PM,2/5/2026,
896,48.0,gf,3.095,mm,OK,--,8:39:48 PM,2/5/2026,
897,48.2,gf,3.110,mm,OK,--,8:39:48 PM,2/5/2026,
898,48.3,gf,3.120,mm,OK,--,8:39:48 PM,2/5/2026,
899,48.4,gf,3.135,mm,OK,--,8:39:48 PM,2/5/2026,
900,48.5,gf,3.145,mm,OK,--,8:39:48 PM,2/5/2026,
901,48.5,gf,3.155,mm,OK,--,8:39:48 PM,2/5/2026,
902,48.5,gf,3.170,mm,OK,--,8:39:48 PM,2/5/2026,
903,48.5,gf,3.175,mm,OK,--,8:39:48 PM,2/5/2026,
904,48.5,gf,3.180,mm,OK,--,8:39:48 PM,2/5/2026,
905,48.6,gf,3.185,mm,OK,--,8:39:48 PM,2/5/2026,
906,48.5,gf,3.190,mm,OK,--,8:39:49 PM,2/5/2026,
907,48.6,gf,3.195,mm,OK,--,8:39:49 PM,2/5/2026,
908,48.7,gf,3.205,mm,OK,--,8:39:49 PM,2/5/2026,
909,48.8,gf,3.210,mm,OK,--,8:39:49 PM,2/5/2026,
910,48.8,gf,3.220,mm,OK,--,8:39:49 PM,2/5/2026,
911,48.9,gf,3.225,mm,OK,--,8:39:49 PM,2/5/2026,
912,48.9,gf,3.230,mm,OK,--,8:39:49 PM,2/5/2026,
913,48.8,gf,3.240,mm,OK,--,8:39:49 PM,2/5/2026,
914,49.0,gf,3.245,mm,OK,--,8:39:49 PM,2/5/2026,
915,49.0,gf,3.250,mm,OK,--,8:39:49 PM,2/5/2026,
916,49.0,gf,3.255,mm,OK,--,8:39:50 PM,2/5/2026,
917,49.0,gf,3.255,mm,OK,--,8:39:50 PM,2/5/2026,
918,49.1,gf,3.260,mm,OK,--,8:39:50 PM,2/5/2026,
919,49.1,gf,3.265,mm,OK,--,8:39:50 PM,2/5/2026,
920,49.1,gf,3.270,mm,OK,--,8:39:50 PM,2/5/2026,
921,49.1,gf,3.275,mm,OK,--,8:39:50 PM,2/5/2026,
922,49.1,gf,3.280,mm,OK,--,8:39:50 PM,2/5/2026,
923,49.1,gf,3.280,mm,OK,--,8:39:50 PM,2/5/2026,
924,49.1,gf,3.285,mm,OK,--,8:39:50 PM,2/5/2026,
925,49.1,gf,3.290,mm,OK,--,8:39:50 PM,2/5/2026,
926,49.2,gf,3.290,mm,OK,--,8:39:51 PM,2/5/2026,
927,49.2,gf,3.290,mm,OK,--,8:39:51 PM,2/5/2026,
928,49.2,gf,3.295,mm,OK,--,8:39:51 PM,2/5/2026,
929,49.2,gf,3.295,mm,OK,--,8:39:51 PM,2/5/2026,
930,49.2,gf,3.295,mm,OK,--,8:39:51 PM,2/5/2026,
931,49.2,gf,3.300,mm,OK,--,8:39:51 PM,2/5/2026,
932,49.2,gf,3.300,mm,OK,--,8:39:51 PM,2/5/2026,
933,49.2,gf,3.300,mm,OK,--,8:39:51 PM,2/5/2026,
934,49.2,gf,3.300,mm,OK,--,8:39:51 PM,2/5/2026,
935,49.2,gf,3.305,mm,OK,--,8:39:51 PM,2/5/2026,
936,49.2,gf,3.305,mm,OK,--,8:39:52 PM,2/5/2026,
937,49.3,gf,3.305,mm,OK,--,8:39:52 PM,2/5/2026,
938,49.3,gf,3.305,mm,OK,--,8:39:52 PM,2/5/2026,
939,49.3,gf,3.310,mm,OK,--,8:39:52 PM,2/5/2026,
940,49.3,gf,3.310,mm,OK,--,8:39:52 PM,2/5/2026,
941,49.3,gf,3.310,mm,OK,--,8:39:52 PM,2/5/2026,
942,49.3,gf,3.310,mm,OK,--,8:39:52 PM,2/5/2026,
943,49.3,gf,3.315,mm,OK,--,8:39:52 PM,2/5/2026,
944,49.4,gf,3.315,mm,OK,--,8:39:52 PM,2/5/2026,
945,49.4,gf,3.315,mm,OK,--,8:39:52 PM,2/5/2026,
946,49.4,gf,3.320,mm,OK,--,8:39:53 PM,2/5/2026,
947,49.4,gf,3.320,mm,OK,--,8:39:53 PM,2/5/2026,
948,49.4,gf,3.320,mm,OK,--,8:39:53 PM,2/5/2026,
949,49.4,gf,3.320,mm,OK,--,8:39:53 PM,2/5/2026,
950,49.5,gf,3.325,mm,OK,--,8:39:53 PM,2/5/2026,
951,49.5,gf,3.325,mm,OK,--,8:39:53 PM,2/5/2026,
952,49.5,gf,3.325,mm,OK,--,8:39:53 PM,2/5/2026,
953,49.5,gf,3.325,mm,OK,--,8:39:53 PM,2/5/2026,
954,49.5,gf,3.330,mm,OK,--,8:39:53 PM,2/5/2026,
955,49.5,gf,3.330,mm,OK,--,8:39:53 PM,2/5/2026,
956,49.5,gf,3.330,mm,OK,--,8:39:54 PM,2/5/2026,
957,49.5,gf,3.335,mm,OK,--,8:39:54 PM,2/5/2026,
958,49.5,gf,3.335,mm,OK,--,8:39:54 PM,2/5/2026,
959,49.5,gf,3.335,mm,OK,--,8:39:54 PM,2/5/2026,
960,49.1,gf,3.335,mm,OK,--,8:39:54 PM,2/5/2026,
961,49.1,gf,3.340,mm,OK,--,8:39:54 PM,2/5/2026,
962,49.1,gf,3.345,mm,OK,--,8:39:54 PM,2/5/2026,
963,49.2,gf,3.345,mm,OK,--,8:39:54 PM,2/5/2026,
964,49.2,gf,3.350,mm,OK,--,8:39:54 PM,2/5/2026,
965,49.2,gf,3.350,mm,OK,--,8:39:54 PM,2/5/2026,
966,49.3,gf,3.350,mm,OK,--,8:39:55 PM,2/5/2026,
967,49.3,gf,3.355,mm,OK,--,8:39:55 PM,2/5/2026,
968,49.3,gf,3.355,mm,OK,--,8:39:55 PM,2/5/2026,
969,49.4,gf,3.360,mm,OK,--,8:39:55 PM,2/5/2026,
970,49.4,gf,3.360,mm,OK,--,8:39:55 PM,2/5/2026,
971,49.4,gf,3.365,mm,OK,--,8:39:55 PM,2/5/2026,
972,49.4,gf,3.365,mm,OK,--,8:39:55 PM,2/5/2026,
973,49.4,gf,3.370,mm,OK,--,8:39:55 PM,2/5/2026,
974,49.5,gf,3.370,mm,OK,--,8:39:55 PM,2/5/2026,
975,49.5,gf,3.375,mm,OK,--,8:39:55 PM,2/5/2026,
976,49.5,gf,3.375,mm,OK,--,8:39:56 PM,2/5/2026,
977,49.5,gf,3.380,mm,OK,--,8:39:56 PM,2/5/2026,
978,49.5,gf,3.385,mm,OK,--,8:39:56 PM,2/5/2026,
979,50.7,gf,3.385,mm,OK,--,8:39:56 PM,2/5/2026,
980,55.7,gf,3.395,mm,OK,--,8:39:56 PM,2/5/2026,
981,62.1,gf,3.400,mm,OK,--,8:39:56 PM,2/5/2026,
982,69.5,gf,3.405,mm,OK,--,8:39:56 PM,2/5/2026,
983,76.4,gf,3.415,mm,OK,--,8:39:56 PM,2/5/2026,
984,82.3,gf,3.420,mm,OK,--,8:39:56 PM,2/5/2026,
985,88.0,gf,3.425,mm,OK,--,8:39:56 PM,2/5/2026,
986,94.5,gf,3.435,mm,OK,--,8:39:57 PM,2/5/2026,
987,101.3,gf,3.440,mm,OK,--,8:39:57 PM,2/5/2026,
988,107.5,gf,3.445,mm,OK,--,8:39:57 PM,2/5/2026,
989,113.0,gf,3.450,mm,OK,--,8:39:57 PM,2/5/2026,
990,118.1,gf,3.455,mm,OK,--,8:39:57 PM,2/5/2026,
991,122.1,gf,3.460,mm,OK,--,8:39:57 PM,2/5/2026,
992,125.5,gf,3.465,mm,OK,--,8:39:57 PM,2/5/2026,
993,128.3,gf,3.470,mm,OK,--,8:39:57 PM,2/5/2026,
994,131.3,gf,3.470,mm,OK,--,8:39:57 PM,2/5/2026,
995,134.7,gf,3.475,mm,OK,--,8:39:57 PM,2/5/2026,
996,137.7,gf,3.475,mm,OK,--,8:39:58 PM,2/5/2026,
997,140.5,gf,3.480,mm,OK,--,8:39:58 PM,2/5/2026,
998,143.3,gf,3.480,mm,OK,--,8:39:58 PM,2/5/2026,
999,145.9,gf,3.485,mm,OK,--,8:39:58 PM,2/5/2026,
1000,148.3,gf,3.485,mm,OK,--,8:39:58 PM,2/5/2026,
1001,150.6,gf,3.490,mm,OK,--,8:39:58 PM,2/5/2026,
1002,153.3,gf,3.490,mm,OK,--,8:39:58 PM,2/5/2026,
1003,156.4,gf,3.495,mm,OK,--,8:39:58 PM,2/5/2026,
1004,158.8,gf,3.495,mm,OK,--,8:39:58 PM,2/5/2026,
1005,160.5,gf,3.500,mm,OK,--,8:39:58 PM,2/5/2026,
1006,162.4,gf,3.500,mm,OK,--,8:39:59 PM,2/5/2026,
1007,164.2,gf,3.505,mm,OK,--,8:39:59 PM,2/5/2026,
1008,165.1,gf,3.505,mm,OK,--,8:39:59 PM,2/5/2026,
1009,166.7,gf,3.505,mm,OK,--,8:39:59 PM,2/5/2026,
1010,168.6,gf,3.510,mm,OK,--,8:39:59 PM,2/5/2026,
1011,169.8,gf,3.510,mm,OK,--,8:39:59 PM,2/5/2026,
1012,171.1,gf,3.510,mm,OK,--,8:39:59 PM,2/5/2026,
1013,171.7,gf,3.510,mm,OK,--,8:39:59 PM,2/5/2026,
1014,172.0,gf,3.510,mm,OK,--,8:39:59 PM,2/5/2026,
1015,172.3,gf,3.510,mm,OK,--,8:39:59 PM,2/5/2026,
1016,172.7,gf,3.510,mm,OK,--,8:40:00 PM,2/5/2026,
1017,173.5,gf,3.515,mm,OK,--,8:40:00 PM,2/5/2026,
1018,174.0,gf,3.515,mm,OK,--,8:40:00 PM,2/5/2026,
1019,174.8,gf,3.515,mm,OK,--,8:40:00 PM,2/5/2026,
1020,176.1,gf,3.515,mm,OK,--,8:40:00 PM,2/5/2026,
1021,177.6,gf,3.515,mm,OK,--,8:40:00 PM,2/5/2026,
1022,178.6,gf,3.520,mm,OK,--,8:40:00 PM,2/5/2026,
1023,179.4,gf,3.520,mm,OK,--,8:40:00 PM,2/5/2026,
1024,180.2,gf,3.520,mm,OK,--,8:40:00 PM,2/5/2026,
1025,180.9,gf,3.520,mm,OK,--,8:40:00 PM,2/5/2026,
1026,181.3,gf,3.520,mm,OK,--,8:40:01 PM,2/5/2026,
1027,181.3,gf,3.520,mm,OK,--,8:40:01 PM,2/5/2026,
1028,182.3,gf,3.520,mm,OK,--,8:40:01 PM,2/5/2026,
1029,183.6,gf,3.525,mm,OK,--,8:40:01 PM,2/5/2026,
1030,186.1,gf,3.525,mm,OK,--,8:40:01 PM,2/5/2026,
1031,187.5,gf,3.525,mm,OK,--,8:40:01 PM,2/5/2026,
1032,188.3,gf,3.530,mm,OK,--,8:40:01 PM,2/5/2026,
1033,189.4,gf,3.530,mm,OK,--,8:40:01 PM,2/5/2026,
1034,190.3,gf,3.530,mm,OK,--,8:40:01 PM,2/5/2026,
1035,191.7,gf,3.530,mm,OK,--,8:40:01 PM,2/5/2026,
1036,193.1,gf,3.535,mm,OK,--,8:40:02 PM,2/5/2026,
1037,193.1,gf,3.535,mm,OK,--,8:40:02 PM,2/5/2026,
1038,193.0,gf,3.535,mm,OK,--,8:40:02 PM,2/5/2026,
1039,192.9,gf,3.535,mm,OK,--,8:40:02 PM,2/5/2026,
1040,192.9,gf,3.535,mm,OK,--,8:40:02 PM,2/5/2026,
1041,192.8,gf,3.535,mm,OK,--,8:40:02 PM,2/5/2026,
1042,192.8,gf,3.535,mm,OK,--,8:40:02 PM,2/5/2026,
1043,192.8,gf,3.535,mm,OK,--,8:40:02 PM,2/5/2026,
1044,192.8,gf,3.535,mm,OK,--,8:40:02 PM,2/5/2026,
1045,192.7,gf,3.535,mm,OK,--,8:40:02 PM,2/5/2026,
1046,192.7,gf,3.535,mm,OK,--,8:40:03 PM,2/5/2026,
1047,192.7,gf,3.535,mm,OK,--,8:40:03 PM,2/5/2026,
1048,192.7,gf,3.535,mm,OK,--,8:40:03 PM,2/5/2026,
1049,192.6,gf,3.535,mm,OK,--,8:40:03 PM,2/5/2026,
1050,192.6,gf,3.535,mm,OK,--,8:40:03 PM,2/5/2026,
1051,192.6,gf,3.535,mm,OK,--,8:40:03 PM,2/5/2026,
1052,192.5,gf,3.535,mm,OK,--,8:40:03 PM,2/5/2026,
1053,192.4,gf,3.535,mm,OK,--,8:40:03 PM,2/5/2026,
1054,192.1,gf,3.535,mm,OK,--,8:40:03 PM,2/5/2026,
1055,191.8,gf,3.535,mm,OK,--,8:40:03 PM,2/5/2026,
1056,191.7,gf,3.535,mm,OK,--,8:40:04 PM,2/5/2026,
1057,191.5,gf,3.535,mm,OK,--,8:40:04 PM,2/5/2026,
1058,190.5,gf,3.530,mm,OK,--,8:40:04 PM,2/5/2026,
1059,188.5,gf,3.530,mm,OK,--,8:40:04 PM,2/5/2026,
1060,187.2,gf,3.530,mm,OK,--,8:40:04 PM,2/5/2026,
1061,186.3,gf,3.530,mm,OK,--,8:40:04 PM,2/5/2026,
1062,185.7,gf,3.530,mm,OK,--,8:40:04 PM,2/5/2026,
1063,185.0,gf,3.525,mm,OK,--,8:40:04 PM,2/5/2026,
1064,184.0,gf,3.525,mm,OK,--,8:40:04 PM,2/5/2026,
1065,181.8,gf,3.525,mm,OK,--,8:40:04 PM,2/5/2026,
1066,180.2,gf,3.525,mm,OK,--,8:40:05 PM,2/5/2026,
1067,178.9,gf,3.520,mm,OK,--,8:40:05 PM,2/5/2026,
1068,178.6,gf,3.520,mm,OK,--,8:40:05 PM,2/5/2026,
1069,178.4,gf,3.520,mm,OK,--,8:40:05 PM,2/5/2026,
1070,178.2,gf,3.520,mm,OK,--,8:40:05 PM,2/5/2026,
1071,177.7,gf,3.520,mm,OK,--,8:40:05 PM,2/5/2026,
1072,177.4,gf,3.520,mm,OK,--,8:40:05 PM,2/5/2026,
1073,177.0,gf,3.520,mm,OK,--,8:40:05 PM,2/5/2026,
1074,176.6,gf,3.520,mm,OK,--,8:40:05 PM,2/5/2026,
1075,176.3,gf,3.520,mm,OK,--,8:40:05 PM,2/5/2026,
1076,176.0,gf,3.520,mm,OK,--,8:40:06 PM,2/5/2026,
1077,175.8,gf,3.520,mm,OK,--,8:40:06 PM,2/5/2026,
1078,175.5,gf,3.520,mm,OK,--,8:40:06 PM,2/5/2026,
1079,175.3,gf,3.520,mm,OK,--,8:40:06 PM,2/5/2026,
1080,175.1,gf,3.520,mm,OK,--,8:40:06 PM,2/5/2026,
1081,174.9,gf,3.515,mm,OK,--,8:40:06 PM,2/5/2026,
1082,174.5,gf,3.515,mm,OK,--,8:40:06 PM,2/5/2026,
1083,173.9,gf,3.515,mm,OK,--,8:40:06 PM,2/5/2026,
1084,173.2,gf,3.515,mm,OK,--,8:40:06 PM,2/5/2026,
1085,172.5,gf,3.515,mm,OK,--,8:40:06 PM,2/5/2026,
1086,171.6,gf,3.515,mm,OK,--,8:40:07 PM,2/5/2026,
1087,170.2,gf,3.515,mm,OK,--,8:40:07 PM,2/5/2026,
1088,168.6,gf,3.510,mm,OK,--,8:40:07 PM,2/5/2026,
1089,167.9,gf,3.510,mm,OK,--,8:40:07 PM,2/5/2026,
1090,166.9,gf,3.510,mm,OK,--,8:40:07 PM,2/5/2026,
1091,166.3,gf,3.510,mm,OK,--,8:40:07 PM,2/5/2026,
1092,165.9,gf,3.510,mm,OK,--,8:40:07 PM,2/5/2026,
1093,165.6,gf,3.510,mm,OK,--,8:40:07 PM,2/5/2026,
1094,165.4,gf,3.510,mm,OK,--,8:40:07 PM,2/5/2026,
1095,165.0,gf,3.510,mm,OK,--,8:40:07 PM,2/5/2026,
1096,164.7,gf,3.510,mm,OK,--,8:40:08 PM,2/5/2026,
1097,164.5,gf,3.505,mm,OK,--,8:40:08 PM,2/5/2026,
1098,164.2,gf,3.505,mm,OK,--,8:40:08 PM,2/5/2026,
1099,164.0,gf,3.505,mm,OK,--,8:40:08 PM,2/5/2026,
1100,163.5,gf,3.505,mm,OK,--,8:40:08 PM,2/5/2026,
1101,163.1,gf,3.505,mm,OK,--,8:40:08 PM,2/5/2026,
1102,162.6,gf,3.505,mm,OK,--,8:40:08 PM,2/5/2026,
1103,162.3,gf,3.505,mm,OK,--,8:40:08 PM,2/5/2026,
1104,161.8,gf,3.505,mm,OK,--,8:40:08 PM,2/5/2026,
1105,161.2,gf,3.505,mm,OK,--,8:40:08 PM,2/5/2026,
1106,160.9,gf,3.505,mm,OK,--,8:40:09 PM,2/5/2026,
1107,160.5,gf,3.505,mm,OK,--,8:40:09 PM,2/5/2026,
1108,160.2,gf,3.505,mm,OK,--,8:40:09 PM,2/5/2026,
1109,159.6,gf,3.500,mm,OK,--,8:40:09 PM,2/5/2026,
1110,159.3,gf,3.500,mm,OK,--,8:40:09 PM,2/5/2026,
1111,159.1,gf,3.500,mm,OK,--,8:40:09 PM,2/5/2026,
1112,158.6,gf,3.500,mm,OK,--,8:40:09 PM,2/5/2026,
1113,157.9,gf,3.500,mm,OK,--,8:40:09 PM,2/5/2026,
1114,157.2,gf,3.500,mm,OK,--,8:40:09 PM,2/5/2026,
1115,156.6,gf,3.500,mm,OK,--,8:40:09 PM,2/5/2026,
1116,155.8,gf,3.500,mm,OK,--,8:40:10 PM,2/5/2026,
1117,155.4,gf,3.500,mm,OK,--,8:40:10 PM,2/5/2026,
1118,154.9,gf,3.500,mm,OK,--,8:40:10 PM,2/5/2026,
1119,154.5,gf,3.495,mm,OK,--,8:40:10 PM,2/5/2026,
1120,154.0,gf,3.495,mm,OK,--,8:40:10 PM,2/5/2026,
1121,153.9,gf,3.495,mm,OK,--,8:40:10 PM,2/5/2026,
1122,153.7,gf,3.495,mm,OK,--,8:40:10 PM,2/5/2026,
1123,153.0,gf,3.495,mm,OK,--,8:40:10 PM,2/5/2026,
1124,152.2,gf,3.495,mm,OK,--,8:40:10 PM,2/5/2026,
1125,151.0,gf,3.495,mm,OK,--,8:40:10 PM,2/5/2026,
1126,149.6,gf,3.495,mm,OK,--,8:40:11 PM,2/5/2026,
1127,148.0,gf,3.490,mm,OK,--,8:40:11 PM,2/5/2026,
1128,146.8,gf,3.490,mm,OK,--,8:40:11 PM,2/5/2026,
1129,145.3,gf,3.490,mm,OK,--,8:40:11 PM,2/5/2026,
1130,141.8,gf,3.485,mm,OK,--,8:40:11 PM,2/5/2026,
1131,136.3,gf,3.480,mm,OK,--,8:40:11 PM,2/5/2026,
1132,130.2,gf,3.475,mm,OK,--,8:40:11 PM,2/5/2026,
1133,125.4,gf,3.470,mm,OK,--,8:40:11 PM,2/5/2026,
1134,122.1,gf,3.465,mm,OK,--,8:40:11 PM,2/5/2026,
1135,119.4,gf,3.465,mm,OK,--,8:40:11 PM,2/5/2026,
1136,117.3,gf,3.460,mm,OK,--,8:40:12 PM,2/5/2026,
1137,114.9,gf,3.460,mm,OK,--,8:40:12 PM,2/5/2026,
1138,112.0,gf,3.455,mm,OK,--,8:40:12 PM,2/5/2026,
1139,107.7,gf,3.455,mm,OK,--,8:40:12 PM,2/5/2026,
1140,101.4,gf,3.445,mm,OK,--,8:40:12 PM,2/5/2026,
1141,95.5,gf,3.440,mm,OK,--,8:40:12 PM,2/5/2026,
1142,90.0,gf,3.435,mm,OK,--,8:40:12 PM,2/5/2026,
1143,84.4,gf,3.430,mm,OK,--,8:40:12 PM,2/5/2026,
1144,79.8,gf,3.425,mm,OK,--,8:40:12 PM,2/5/2026,
1145,76.3,gf,3.420,mm,OK,--,8:40:12 PM,2/5/2026,
1146,73.2,gf,3.415,mm,OK,--,8:40:13 PM,2/5/2026,
1147,70.6,gf,3.415,mm,OK,--,8:40:13 PM,2/5/2026,
1148,68.3,gf,3.410,mm,OK,--,8:40:13 PM,2/5/2026,
1149,66.4,gf,3.410,mm,OK,--,8:40:13 PM,2/5/2026,
1150,64.5,gf,3.410,mm,OK,--,8:40:13 PM,2/5/2026,
1151,62.7,gf,3.405,mm,OK,--,8:40:13 PM,2/5/2026,
1152,60.7,gf,3.405,mm,OK,--,8:40:13 PM,2/5/2026,
1153,58.3,gf,3.400,mm,OK,--,8:40:13 PM,2/5/2026,
1154,56.0,gf,3.400,mm,OK,--,8:40:13 PM,2/5/2026,
1155,53.6,gf,3.395,mm,OK,--,8:40:13 PM,2/5/2026,
1156,51.5,gf,3.395,mm,OK,--,8:40:14 PM,2/5/2026,
1157,49.9,gf,3.395,mm,OK,--,8:40:14 PM,2/5/2026,
1158,48.9,gf,3.390,mm,OK,--,8:40:14 PM,2/5/2026,
1159,48.9,gf,3.390,mm,OK,--,8:40:14 PM,2/5/2026,
1160,48.8,gf,3.385,mm,OK,--,8:40:14 PM,2/5/2026,
1161,48.8,gf,3.385,mm,OK,--,8:40:14 PM,2/5/2026,
1162,48.8,gf,3.385,mm,OK,--,8:40:14 PM,2/5/2026,
1163,48.7,gf,3.380,mm,OK,--,8:40:14 PM,2/5/2026,
1164,48.7,gf,3.380,mm,OK,--,8:40:14 PM,2/5/2026,
1165,48.7,gf,3.375,mm,OK,--,8:40:14 PM,2/5/2026,
1166,48.6,gf,3.375,mm,OK,--,8:40:15 PM,2/5/2026,
1167,48.6,gf,3.370,mm,OK,--,8:40:15 PM,2/5/2026,
1168,48.6,gf,3.365,mm,OK,--,8:40:15 PM,2/5/2026,
1169,48.6,gf,3.365,mm,OK,--,8:40:15 PM,2/5/2026,
1170,48.6,gf,3.360,mm,OK,--,8:40:15 PM,2/5/2026,
1171,48.6,gf,3.360,mm,OK,--,8:40:15 PM,2/5/2026,
1172,48.5,gf,3.355,mm,OK,--,8:40:15 PM,2/5/2026,
1173,48.5,gf,3.355,mm,OK,--,8:40:15 PM,2/5/2026,
1174,48.5,gf,3.350,mm,OK,--,8:40:15 PM,2/5/2026,
1175,48.5,gf,3.350,mm,OK,--,8:40:15 PM,2/5/2026,
1176,48.5,gf,3.350,mm,OK,--,8:40:16 PM,2/5/2026,
1177,48.4,gf,3.350,mm,OK,--,8:40:16 PM,2/5/2026,
1178,48.4,gf,3.345,mm,OK,--,8:40:16 PM,2/5/2026,
1179,48.3,gf,3.335,mm,OK,--,8:40:16 PM,2/5/2026,
1180,48.3,gf,3.330,mm,OK,--,8:40:16 PM,2/5/2026,
1181,48.2,gf,3.325,mm,OK,--,8:40:16 PM,2/5/2026,
1182,48.2,gf,3.320,mm,OK,--,8:40:16 PM,2/5/2026,
1183,48.0,gf,3.315,mm,OK,--,8:40:16 PM,2/5/2026,
1184,48.0,gf,3.310,mm,OK,--,8:40:16 PM,2/5/2026,
1185,48.0,gf,3.300,mm,OK,--,8:40:16 PM,2/5/2026,
1186,48.0,gf,3.290,mm,OK,--,8:40:17 PM,2/5/2026,
1187,47.9,gf,3.285,mm,OK,--,8:40:17 PM,2/5/2026,
1188,47.7,gf,3.275,mm,OK,--,8:40:17 PM,2/5/2026,
1189,47.7,gf,3.265,mm,OK,--,8:40:17 PM,2/5/2026,
1190,47.7,gf,3.260,mm,OK,--,8:40:17 PM,2/5/2026,
1191,47.7,gf,3.255,mm,OK,--,8:40:17 PM,2/5/2026,
1192,47.6,gf,3.250,mm,OK,--,8:40:17 PM,2/5/2026,
1193,47.6,gf,3.245,mm,OK,--,8:40:17 PM,2/5/2026,
1194,47.5,gf,3.245,mm,OK,--,8:40:17 PM,2/5/2026,
1195,47.5,gf,3.240,mm,OK,--,8:40:17 PM,2/5/2026,
1196,47.5,gf,3.235,mm,OK,--,8:40:18 PM,2/5/2026,
1197,47.5,gf,3.235,mm,OK,--,8:40:18 PM,2/5/2026,
1198,47.5,gf,3.235,mm,OK,--,8:40:18 PM,2/5/2026,
1199,47.5,gf,3.230,mm,OK,--,8:40:18 PM,2/5/2026,
1200,47.5,gf,3.225,mm,OK,--,8:40:18 PM,2/5/2026,
1201,47.4,gf,3.220,mm,OK,--,8:40:18 PM,2/5/2026,
1202,47.4,gf,3.215,mm,OK,--,8:40:18 PM,2/5/2026,
1203,47.3,gf,3.210,mm,OK,--,8:40:18 PM,2/5/2026,
1204,47.3,gf,3.200,mm,OK,--,8:40:18 PM,2/5/2026,
1205,47.2,gf,3.195,mm,OK,--,8:40:18 PM,2/5/2026,
1206,47.2,gf,3.190,mm,OK,--,8:40:19 PM,2/5/2026,
1207,47.1,gf,3.185,mm,OK,--,8:40:19 PM,2/5/2026,
1208,47.1,gf,3.180,mm,OK,--,8:40:19 PM,2/5/2026,
1209,47.1,gf,3.180,mm,OK,--,8:40:19 PM,2/5/2026,
1210,47.1,gf,3.175,mm,OK,--,8:40:19 PM,2/5/2026,
1211,47.1,gf,3.170,mm,OK,--,8:40:19 PM,2/5/2026,
1212,47.1,gf,3.170,mm,OK,--,8:40:19 PM,2/5/2026,
1213,47.0,gf,3.165,mm,OK,--,8:40:19 PM,2/5/2026,
1214,47.0,gf,3.160,mm,OK,--,8:40:19 PM,2/5/2026,
1215,47.0,gf,3.160,mm,OK,--,8:40:19 PM,2/5/2026,
1216,47.0,gf,3.155,mm,OK,--,8:40:20 PM,2/5/2026,
1217,46.9,gf,3.150,mm,OK,--,8:40:20 PM,2/5/2026,
1218,46.9,gf,3.145,mm,OK,--,8:40:20 PM,2/5/2026,
1219,46.8,gf,3.140,mm,OK,--,8:40:20 PM,2/5/2026,
1220,46.7,gf,3.135,mm,OK,--,8:40:20 PM,2/5/2026,
1221,46.6,gf,3.125,mm,OK,--,8:40:20 PM,2/5/2026,
1222,46.6,gf,3.120,mm,OK,--,8:40:20 PM,2/5/2026,
1223,46.4,gf,3.105,mm,OK,--,8:40:20 PM,2/5/2026,
1224,46.2,gf,3.095,mm,OK,--,8:40:20 PM,2/5/2026,
1225,46.2,gf,3.085,mm,OK,--,8:40:20 PM,2/5/2026,
1226,46.0,gf,3.075,mm,OK,--,8:40:21 PM,2/5/2026,
1227,45.9,gf,3.070,mm,OK,--,8:40:21 PM,2/5/2026,
1228,45.7,gf,3.065,mm,OK,--,8:40:21 PM,2/5/2026,
1229,45.5,gf,3.055,mm,OK,--,8:40:21 PM,2/5/2026,
1230,45.4,gf,3.050,mm,OK,--,8:40:21 PM,2/5/2026,
1231,45.3,gf,3.045,mm,OK,--,8:40:21 PM,2/5/2026,
1232,45.2,gf,3.040,mm,OK,--,8:40:21 PM,2/5/2026,
1233,45.1,gf,3.035,mm,OK,--,8:40:21 PM,2/5/2026,
1234,45.1,gf,3.030,mm,OK,--,8:40:21 PM,2/5/2026,
1235,45.0,gf,3.025,mm,OK,--,8:40:21 PM,2/5/2026,
1236,44.8,gf,3.025,mm,OK,--,8:40:22 PM,2/5/2026,
1237,44.8,gf,3.020,mm,OK,--,8:40:22 PM,2/5/2026,
1238,44.8,gf,3.015,mm,OK,--,8:40:22 PM,2/5/2026,
1239,44.7,gf,3.010,mm,OK,--,8:40:22 PM,2/5/2026,
1240,44.8,gf,3.010,mm,OK,--,8:40:22 PM,2/5/2026,
1241,44.8,gf,3.010,mm,OK,--,8:40:22 PM,2/5/2026,
1242,44.7,gf,3.005,mm,OK,--,8:40:22 PM,2/5/2026,
1243,44.6,gf,3.005,mm,OK,--,8:40:22 PM,2/5/2026,
1244,44.6,gf,3.000,mm,OK,--,8:40:22 PM,2/5/2026,
1245,44.3,gf,3.000,mm,OK,--,8:40:22 PM,2/5/2026,
1246,44.0,gf,2.995,mm,OK,--,8:40:23 PM,2/5/2026,
1247,43.7,gf,2.995,mm,OK,--,8:40:23 PM,2/5/2026,
1248,43.4,gf,2.990,mm,OK,--,8:40:23 PM,2/5/2026,
1249,43.0,gf,2.985,mm,OK,--,8:40:23 PM,2/5/2026,
1250,42.7,gf,2.985,mm,OK,--,8:40:23 PM,2/5/2026,
1251,42.2,gf,2.980,mm,OK,--,8:40:23 PM,2/5/2026,
1252,41.8,gf,2.975,mm,OK,--,8:40:23 PM,2/5/2026,
1253,41.4,gf,2.970,mm,OK,--,8:40:23 PM,2/5/2026,
1254,41.0,gf,2.965,mm,OK,--,8:40:23 PM,2/5/2026,
1255,40.7,gf,2.960,mm,OK,--,8:40:23 PM,2/5/2026,
1256,40.3,gf,2.955,mm,OK,--,8:40:24 PM,2/5/2026,
1257,39.9,gf,2.950,mm,OK,--,8:40:24 PM,2/5/2026,
1258,39.3,gf,2.945,mm,OK,--,8:40:24 PM,2/5/2026,
1259,38.8,gf,2.940,mm,OK,--,8:40:24 PM,2/5/2026,
1260,38.4,gf,2.930,mm,OK,--,8:40:24 PM,2/5/2026,
1261,38.0,gf,2.930,mm,OK,--,8:40:24 PM,2/5/2026,
1262,37.7,gf,2.925,mm,OK,--,8:40:24 PM,2/5/2026,
1263,37.2,gf,2.920,mm,OK,--,8:40:24 PM,2/5/2026,
1264,36.8,gf,2.910,mm,OK,--,8:40:24 PM,2/5/2026,
1265,36.1,gf,2.905,mm,OK,--,8:40:24 PM,2/5/2026,
1266,35.6,gf,2.895,mm,OK,--,8:40:25 PM,2/5/2026,
1267,35.0,gf,2.890,mm,OK,--,8:40:25 PM,2/5/2026,
1268,34.6,gf,2.885,mm,OK,--,8:40:25 PM,2/5/2026,
1269,34.2,gf,2.880,mm,OK,--,8:40:25 PM,2/5/2026,
1270,34.0,gf,2.875,mm,OK,--,8:40:25 PM,2/5/2026,
1271,33.6,gf,2.870,mm,OK,--,8:40:25 PM,2/5/2026,
1272,33.4,gf,2.870,mm,OK,--,8:40:25 PM,2/5/2026,
1273,33.2,gf,2.865,mm,OK,--,8:40:25 PM,2/5/2026,
1274,32.8,gf,2.865,mm,OK,--,8:40:25 PM,2/5/2026,
1275,32.5,gf,2.860,mm,OK,--,8:40:25 PM,2/5/2026,
1276,32.1,gf,2.855,mm,OK,--,8:40:26 PM,2/5/2026,
1277,31.5,gf,2.850,mm,OK,--,8:40:26 PM,2/5/2026,
1278,31.1,gf,2.840,mm,OK,--,8:40:26 PM,2/5/2026,
1279,30.6,gf,2.835,mm,OK,--,8:40:26 PM,2/5/2026,
1280,30.2,gf,2.830,mm,OK,--,8:40:26 PM,2/5/2026,
1281,30.0,gf,2.825,mm,OK,--,8:40:26 PM,2/5/2026,
1282,29.7,gf,2.820,mm,OK,--,8:40:26 PM,2/5/2026,
1283,29.1,gf,2.815,mm,OK,--,8:40:26 PM,2/5/2026,
1284,28.6,gf,2.810,mm,OK,--,8:40:26 PM,2/5/2026,
1285,28.0,gf,2.805,mm,OK,--,8:40:26 PM,2/5/2026,
1286,27.4,gf,2.800,mm,OK,--,8:40:27 PM,2/5/2026,
1287,26.6,gf,2.785,mm,OK,--,8:40:27 PM,2/5/2026,
1288,25.5,gf,2.775,mm,OK,--,8:40:27 PM,2/5/2026,
1289,25.2,gf,2.765,mm,OK,--,8:40:27 PM,2/5/2026,
1290,25.3,gf,2.755,mm,OK,--,8:40:27 PM,2/5/2026,
1291,25.2,gf,2.750,mm,OK,--,8:40:27 PM,2/5/2026,
1292,25.1,gf,2.745,mm,OK,--,8:40:27 PM,2/5/2026,
1293,24.8,gf,2.735,mm,OK,--,8:40:27 PM,2/5/2026,
1294,24.5,gf,2.725,mm,OK,--,8:40:27 PM,2/5/2026,
1295,24.0,gf,2.705,mm,OK,--,8:40:27 PM,2/5/2026,
1296,23.5,gf,2.690,mm,OK,--,8:40:28 PM,2/5/2026,
1297,23.5,gf,2.680,mm,OK,--,8:40:28 PM,2/5/2026,
1298,23.6,gf,2.670,mm,OK,--,8:40:28 PM,2/5/2026,
1299,22.9,gf,2.665,mm,OK,--,8:40:28 PM,2/5/2026,
1300,23.1,gf,2.660,mm,OK,--,8:40:28 PM,2/5/2026,
1301,22.9,gf,2.655,mm,OK,--,8:40:28 PM,2/5/2026,
1302,23.0,gf,2.655,mm,OK,--,8:40:28 PM,2/5/2026,
1303,22.6,gf,2.650,mm,OK,--,8:40:28 PM,2/5/2026,
1304,22.4,gf,2.645,mm,OK,--,8:40:28 PM,2/5/2026,
1305,22.0,gf,2.640,mm,OK,--,8:40:28 PM,2/5/2026,
1306,21.9,gf,2.635,mm,OK,--,8:40:29 PM,2/5/2026,
1307,21.8,gf,2.620,mm,OK,--,8:40:29 PM,2/5/2026,
1308,21.3,gf,2.610,mm,OK,--,8:40:29 PM,2/5/2026,
1309,20.8,gf,2.600,mm,OK,--,8:40:29 PM,2/5/2026,
1310,19.8,gf,2.590,mm,OK,--,8:40:29 PM,2/5/2026,
1311,19.5,gf,2.580,mm,OK,--,8:40:29 PM,2/5/2026,
1312,18.7,gf,2.570,mm,OK,--,8:40:29 PM,2/5/2026,
1313,18.5,gf,2.565,mm,OK,--,8:40:29 PM,2/5/2026,
1314,18.2,gf,2.555,mm,OK,--,8:40:29 PM,2/5/2026,
1315,17.9,gf,2.550,mm,OK,--,8:40:29 PM,2/5/2026,
1316,17.6,gf,2.545,mm,OK,--,8:40:30 PM,2/5/2026,
1317,17.2,gf,2.540,mm,OK,--,8:40:30 PM,2/5/2026,
1318,17.0,gf,2.535,mm,OK,--,8:40:30 PM,2/5/2026,
1319,16.7,gf,2.530,mm,OK,--,8:40:30 PM,2/5/2026,
1320,16.5,gf,2.525,mm,OK,--,8:40:30 PM,2/5/2026,
1321,16.3,gf,2.520,mm,OK,--,8:40:30 PM,2/5/2026,
1322,16.1,gf,2.515,mm,OK,--,8:40:30 PM,2/5/2026,
1323,15.9,gf,2.510,mm,OK,--,8:40:30 PM,2/5/2026,
1324,15.7,gf,2.505,mm,OK,--,8:40:30 PM,2/5/2026,
1325,15.6,gf,2.500,mm,OK,--,8:40:30 PM,2/5/2026,
1326,15.7,gf,2.495,mm,OK,--,8:40:31 PM,2/5/2026,
1327,15.3,gf,2.490,mm,OK,--,8:40:31 PM,2/5/2026,
1328,15.0,gf,2.485,mm,OK,--,8:40:31 PM,2/5/2026,
1329,15.0,gf,2.480,mm,OK,--,8:40:31 PM,2/5/2026,
1330,14.9,gf,2.475,mm,OK,--,8:40:31 PM,2/5/2026,
1331,14.9,gf,2.470,mm,OK,--,8:40:31 PM,2/5/2026,
1332,15.0,gf,2.465,mm,OK,--,8:40:31 PM,2/5/2026,
1333,15.2,gf,2.460,mm,OK,--,8:40:31 PM,2/5/2026,
1334,15.3,gf,2.455,mm,OK,--,8:40:31 PM,2/5/2026,
1335,15.3,gf,2.450,mm,OK,--,8:40:31 PM,2/5/2026,
1336,15.3,gf,2.445,mm,OK,--,8:40:32 PM,2/5/2026,
1337,14.8,gf,2.440,mm,OK,--,8:40:32 PM,2/5/2026,
1338,15.1,gf,2.430,mm,OK,--,8:40:32 PM,2/5/2026,
1339,14.8,gf,2.420,mm,OK,--,8:40:32 PM,2/5/2026,
1340,14.8,gf,2.410,mm,OK,--,8:40:32 PM,2/5/2026,
1341,15.1,gf,2.405,mm,OK,--,8:40:32 PM,2/5/2026,
1342,15.0,gf,2.395,mm,OK,--,8:40:32 PM,2/5/2026,
1343,15.0,gf,2.390,mm,OK,--,8:40:32 PM,2/5/2026,
1344,15.2,gf,2.390,mm,OK,--,8:40:32 PM,2/5/2026,
1345,15.2,gf,2.385,mm,OK,--,8:40:32 PM,2/5/2026,
1346,15.1,gf,2.385,mm,OK,--,8:40:33 PM,2/5/2026,
1347,14.7,gf,2.380,mm,OK,--,8:40:33 PM,2/5/2026,
1348,14.7,gf,2.380,mm,OK,--,8:40:33 PM,2/5/2026,
1349,14.6,gf,2.375,mm,OK,--,8:40:33 PM,2/5/2026,
1350,14.6,gf,2.375,mm,OK,--,8:40:33 PM,2/5/2026,
1351,14.6,gf,2.375,mm,OK,--,8:40:33 PM,2/5/2026,
1352,14.7,gf,2.375,mm,OK,--,8:40:33 PM,2/5/2026,
1353,14.7,gf,2.370,mm,OK,--,8:40:33 PM,2/5/2026,
1354,14.7,gf,2.370,mm,OK,--,8:40:33 PM,2/5/2026,
1355,14.8,gf,2.370,mm,OK,--,8:40:33 PM,2/5/2026,
1356,14.7,gf,2.370,mm,OK,--,8:40:34 PM,2/5/2026,
1357,14.6,gf,2.365,mm,OK,--,8:40:34 PM,2/5/2026,
1358,14.6,gf,2.365,mm,OK,--,8:40:34 PM,2/5/2026,
1359,14.8,gf,2.365,mm,OK,--,8:40:34 PM,2/5/2026,
1360,14.7,gf,2.365,mm,OK,--,8:40:34 PM,2/5/2026,
1361,14.7,gf,2.360,mm,OK,--,8:40:34 PM,2/5/2026,
1362,14.6,gf,2.360,mm,OK,--,8:40:34 PM,2/5/2026,
1363,14.5,gf,2.360,mm,OK,--,8:40:34 PM,2/5/2026,
1364,14.3,gf,2.355,mm,OK,--,8:40:34 PM,2/5/2026,
1365,14.4,gf,2.355,mm,OK,--,8:40:34 PM,2/5/2026,
1366,14.2,gf,2.350,mm,OK,--,8:40:35 PM,2/5/2026,
1367,14.0,gf,2.335,mm,OK,--,8:40:35 PM,2/5/2026,
1368,14.3,gf,2.325,mm,OK,--,8:40:35 PM,2/5/2026,
1369,14.0,gf,2.310,mm,OK,--,8:40:35 PM,2/5/2026,
1370,14.3,gf,2.300,mm,OK,--,8:40:35 PM,2/5/2026,
1371,13.8,gf,2.290,mm,OK,--,8:40:35 PM,2/5/2026,
1372,13.6,gf,2.285,mm,OK,--,8:40:35 PM,2/5/2026,
1373,14.2,gf,2.275,mm,OK,--,8:40:35 PM,2/5/2026,
1374,14.1,gf,2.275,mm,OK,--,8:40:35 PM,2/5/2026,
1375,13.9,gf,2.270,mm,OK,--,8:40:35 PM,2/5/2026,
1376,14.0,gf,2.265,mm,OK,--,8:40:36 PM,2/5/2026,
1377,14.2,gf,2.265,mm,OK,--,8:40:36 PM,2/5/2026,
1378,14.1,gf,2.265,mm,OK,--,8:40:36 PM,2/5/2026,
1379,13.5,gf,2.260,mm,OK,--,8:40:36 PM,2/5/2026,
1380,13.6,gf,2.255,mm,OK,--,8:40:36 PM,2/5/2026,
1381,13.5,gf,2.255,mm,OK,--,8:40:36 PM,2/5/2026,
1382,13.2,gf,2.250,mm,OK,--,8:40:36 PM,2/5/2026,
1383,13.2,gf,2.245,mm,OK,--,8:40:36 PM,2/5/2026,
1384,13.3,gf,2.240,mm,OK,--,8:40:36 PM,2/5/2026,
1385,13.0,gf,2.235,mm,OK,--,8:40:36 PM,2/5/2026,
1386,13.2,gf,2.230,mm,OK,--,8:40:37 PM,2/5/2026,
1387,13.0,gf,2.220,mm,OK,--,8:40:37 PM,2/5/2026,
1388,12.6,gf,2.210,mm,OK,--,8:40:37 PM,2/5/2026,
1389,12.5,gf,2.200,mm,OK,--,8:40:37 PM,2/5/2026,
1390,12.8,gf,2.190,mm,OK,--,8:40:37 PM,2/5/2026,
1391,12.2,gf,2.180,mm,OK,--,8:40:37 PM,2/5/2026,
1392,12.1,gf,2.170,mm,OK,--,8:40:37 PM,2/5/2026,
1393,11.4,gf,2.150,mm,OK,--,8:40:37 PM,2/5/2026,
1394,11.7,gf,2.120,mm,OK,--,8:40:37 PM,2/5/2026,
1395,11.8,gf,2.100,mm,OK,--,8:40:37 PM,2/5/2026,
1396,11.7,gf,2.085,mm,OK,--,8:40:38 PM,2/5/2026,
1397,11.7,gf,2.075,mm,OK,--,8:40:38 PM,2/5/2026,
1398,11.5,gf,2.065,mm,OK,--,8:40:38 PM,2/5/2026,
1399,11.6,gf,2.055,mm,OK,--,8:40:38 PM,2/5/2026,
1400,11.5,gf,2.050,mm,OK,--,8:40:38 PM,2/5/2026,
1401,11.6,gf,2.040,mm,OK,--,8:40:38 PM,2/5/2026,
1402,11.5,gf,2.035,mm,OK,--,8:40:38 PM,2/5/2026,
1403,11.5,gf,2.025,mm,OK,--,8:40:38 PM,2/5/2026,
1404,11.6,gf,2.020,mm,OK,--,8:40:38 PM,2/5/2026,
1405,11.5,gf,2.010,mm,OK,--,8:40:38 PM,2/5/2026,
1406,11.8,gf,2.005,mm,OK,--,8:40:39 PM,2/5/2026,
1407,11.8,gf,2.000,mm,OK,--,8:40:39 PM,2/5/2026,
1408,12.1,gf,1.995,mm,OK,--,8:40:39 PM,2/5/2026,
1409,12.2,gf,1.990,mm,OK,--,8:40:39 PM,2/5/2026,
1410,12.2,gf,1.985,mm,OK,--,8:40:39 PM,2/5/2026,
1411,12.1,gf,1.985,mm,OK,--,8:40:39 PM,2/5/2026,
1412,12.1,gf,1.980,mm,OK,--,8:40:39 PM,2/5/2026,
1413,11.9,gf,1.975,mm,OK,--,8:40:39 PM,2/5/2026,
1414,12.1,gf,1.970,mm,OK,--,8:40:39 PM,2/5/2026,
1415,12.0,gf,1.970,mm,OK,--,8:40:39 PM,2/5/2026,
1416,12.0,gf,1.965,mm,OK,--,8:40:40 PM,2/5/2026,
1417,11.9,gf,1.965,mm,OK,--,8:40:40 PM,2/5/2026,
1418,12.0,gf,1.960,mm,OK,--,8:40:40 PM,2/5/2026,
1419,11.8,gf,1.955,mm,OK,--,8:40:40 PM,2/5/2026,
1420,11.7,gf,1.950,mm,OK,--,8:40:40 PM,2/5/2026,
1421,12.1,gf,1.945,mm,OK,--,8:40:40 PM,2/5/2026,
1422,12.2,gf,1.940,mm,OK,--,8:40:40 PM,2/5/2026,
1423,12.2,gf,1.935,mm,OK,--,8:40:40 PM,2/5/2026,
1424,12.4,gf,1.925,mm,OK,--,8:40:40 PM,2/5/2026,
1425,12.6,gf,1.920,mm,OK,--,8:40:40 PM,2/5/2026,
1426,12.6,gf,1.915,mm,OK,--,8:40:41 PM,2/5/2026,
1427,12.7,gf,1.910,mm,OK,--,8:40:41 PM,2/5/2026,
1428,12.9,gf,1.905,mm,OK,--,8:40:41 PM,2/5/2026,
1429,13.0,gf,1.900,mm,OK,--,8:40:41 PM,2/5/2026,
1430,13.1,gf,1.895,mm,OK,--,8:40:41 PM,2/5/2026,
1431,13.2,gf,1.890,mm,OK,--,8:40:41 PM,2/5/2026,
1432,13.4,gf,1.890,mm,OK,--,8:40:41 PM,2/5/2026,
1433,13.4,gf,1.885,mm,OK,--,8:40:41 PM,2/5/2026,
1434,13.2,gf,1.885,mm,OK,--,8:40:41 PM,2/5/2026,
1435,13.0,gf,1.880,mm,OK,--,8:40:41 PM,2/5/2026,
1436,13.1,gf,1.875,mm,OK,--,8:40:42 PM,2/5/2026,
1437,13.3,gf,1.870,mm,OK,--,8:40:42 PM,2/5/2026,
1438,13.4,gf,1.865,mm,OK,--,8:40:42 PM,2/5/2026,
1439,13.2,gf,1.860,mm,OK,--,8:40:42 PM,2/5/2026,
1440,13.3,gf,1.855,mm,OK,--,8:40:42 PM,2/5/2026,
1441,13.6,gf,1.850,mm,OK,--,8:40:42 PM,2/5/2026,
1442,13.8,gf,1.850,mm,OK,--,8:40:42 PM,2/5/2026,
1443,13.7,gf,1.845,mm,OK,--,8:40:42 PM,2/5/2026,
1444,13.9,gf,1.845,mm,OK,--,8:40:42 PM,2/5/2026,
1445,13.9,gf,1.840,mm,OK,--,8:40:42 PM,2/5/2026,
1446,14.0,gf,1.840,mm,OK,--,8:40:43 PM,2/5/2026,
1447,13.6,gf,1.835,mm,OK,--,8:40:43 PM,2/5/2026,
1448,13.8,gf,1.830,mm,OK,--,8:40:43 PM,2/5/2026,
1449,14.2,gf,1.825,mm,OK,--,8:40:43 PM,2/5/2026,
1450,14.2,gf,1.820,mm,OK,--,8:40:43 PM,2/5/2026,
1451,14.4,gf,1.810,mm,OK,--,8:40:43 PM,2/5/2026,
1452,14.6,gf,1.800,mm,OK,--,8:40:43 PM,2/5/2026,
1453,14.8,gf,1.795,mm,OK,--,8:40:43 PM,2/5/2026,
1454,14.8,gf,1.790,mm,OK,--,8:40:43 PM,2/5/2026,
1455,15.2,gf,1.785,mm,OK,--,8:40:43 PM,2/5/2026,
1456,15.3,gf,1.780,mm,OK,--,8:40:44 PM,2/5/2026,
1457,15.2,gf,1.775,mm,OK,--,8:40:44 PM,2/5/2026,
1458,15.1,gf,1.770,mm,OK,--,8:40:44 PM,2/5/2026,
1459,15.0,gf,1.760,mm,OK,--,8:40:44 PM,2/5/2026,
1460,15.2,gf,1.755,mm,OK,--,8:40:44 PM,2/5/2026,
1461,15.5,gf,1.745,mm,OK,--,8:40:44 PM,2/5/2026,
1462,16.0,gf,1.740,mm,OK,--,8:40:44 PM,2/5/2026,
1463,16.1,gf,1.735,mm,OK,--,8:40:44 PM,2/5/2026,
1464,16.2,gf,1.735,mm,OK,--,8:40:44 PM,2/5/2026,
1465,16.1,gf,1.730,mm,OK,--,8:40:44 PM,2/5/2026,
1466,16.3,gf,1.725,mm,OK,--,8:40:45 PM,2/5/2026,
1467,16.2,gf,1.725,mm,OK,--,8:40:45 PM,2/5/2026,
1468,16.3,gf,1.720,mm,OK,--,8:40:45 PM,2/5/2026,
1469,16.3,gf,1.715,mm,OK,--,8:40:45 PM,2/5/2026,
1470,16.9,gf,1.710,mm,OK,--,8:40:45 PM,2/5/2026,
1471,16.7,gf,1.710,mm,OK,--,8:40:45 PM,2/5/2026,
1472,16.7,gf,1.705,mm,OK,--,8:40:45 PM,2/5/2026,
1473,16.7,gf,1.700,mm,OK,--,8:40:45 PM,2/5/2026,
1474,16.8,gf,1.700,mm,OK,--,8:40:45 PM,2/5/2026,
1475,16.9,gf,1.700,mm,OK,--,8:40:45 PM,2/5/2026,
1476,16.7,gf,1.695,mm,OK,--,8:40:46 PM,2/5/2026,
1477,16.8,gf,1.690,mm,OK,--,8:40:46 PM,2/5/2026,
1478,17.0,gf,1.685,mm,OK,--,8:40:46 PM,2/5/2026,
1479,17.0,gf,1.680,mm,OK,--,8:40:46 PM,2/5/2026,
1480,17.1,gf,1.675,mm,OK,--,8:40:46 PM,2/5/2026,
1481,17.0,gf,1.670,mm,OK,--,8:40:46 PM,2/5/2026,
1482,17.4,gf,1.665,mm,OK,--,8:40:46 PM,2/5/2026,
1483,17.2,gf,1.660,mm,OK,--,8:40:46 PM,2/5/2026,
1484,17.1,gf,1.655,mm,OK,--,8:40:46 PM,2/5/2026,
1485,17.3,gf,1.650,mm,OK,--,8:40:46 PM,2/5/2026,
1486,17.6,gf,1.650,mm,OK,--,8:40:47 PM,2/5/2026,
1487,17.7,gf,1.645,mm,OK,--,8:40:47 PM,2/5/2026,
1488,17.4,gf,1.640,mm,OK,--,8:40:47 PM,2/5/2026,
1489,17.3,gf,1.640,mm,OK,--,8:40:47 PM,2/5/2026,
1490,17.5,gf,1.635,mm,OK,--,8:40:47 PM,2/5/2026,
1491,17.6,gf,1.625,mm,OK,--,8:40:47 PM,2/5/2026,
1492,17.8,gf,1.615,mm,OK,--,8:40:47 PM,2/5/2026,
1493,18.5,gf,1.610,mm,OK,--,8:40:47 PM,2/5/2026,
1494,18.5,gf,1.600,mm,OK,--,8:40:47 PM,2/5/2026,
1495,18.8,gf,1.595,mm,OK,--,8:40:47 PM,2/5/2026,
1496,19.1,gf,1.590,mm,OK,--,8:40:48 PM,2/5/2026,
1497,19.0,gf,1.590,mm,OK,--,8:40:48 PM,2/5/2026,
1498,19.2,gf,1.590,mm,OK,--,8:40:48 PM,2/5/2026,
1499,18.9,gf,1.585,mm,OK,--,8:40:48 PM,2/5/2026,
1500,18.9,gf,1.585,mm,OK,--,8:40:48 PM,2/5/2026,
1501,19.1,gf,1.580,mm,OK,--,8:40:48 PM,2/5/2026,
1502,19.0,gf,1.580,mm,OK,--,8:40:48 PM,2/5/2026,
1503,19.1,gf,1.580,mm,OK,--,8:40:48 PM,2/5/2026,
1504,19.1,gf,1.580,mm,OK,--,8:40:48 PM,2/5/2026,
1505,19.0,gf,1.580,mm,OK,--,8:40:48 PM,2/5/2026,
1506,18.8,gf,1.575,mm,OK,--,8:40:49 PM,2/5/2026,
1507,18.5,gf,1.575,mm,OK,--,8:40:49 PM,2/5/2026,
1508,18.5,gf,1.575,mm,OK,--,8:40:49 PM,2/5/2026,
1509,18.5,gf,1.575,mm,OK,--,8:40:49 PM,2/5/2026,
1510,18.5,gf,1.575,mm,OK,--,8:40:49 PM,2/5/2026,
1511,18.5,gf,1.570,mm,OK,--,8:40:49 PM,2/5/2026,
1512,18.7,gf,1.570,mm,OK,--,8:40:49 PM,2/5/2026,
1513,18.8,gf,1.570,mm,OK,--,8:40:49 PM,2/5/2026,
1514,18.9,gf,1.570,mm,OK,--,8:40:49 PM,2/5/2026,
1515,19.0,gf,1.570,mm,OK,--,8:40:49 PM,2/5/2026,
1516,19.0,gf,1.570,mm,OK,--,8:40:50 PM,2/5/2026,
1517,18.8,gf,1.570,mm,OK,--,8:40:50 PM,2/5/2026,
1518,18.7,gf,1.570,mm,OK,--,8:40:50 PM,2/5/2026,
1519,18.7,gf,1.570,mm,OK,--,8:40:50 PM,2/5/2026,
1520,18.7,gf,1.570,mm,OK,--,8:40:50 PM,2/5/2026,
1521,18.8,gf,1.570,mm,OK,--,8:40:50 PM,2/5/2026,
1522,18.9,gf,1.565,mm,OK,--,8:40:50 PM,2/5/2026,
1523,18.9,gf,1.565,mm,OK,--,8:40:50 PM,2/5/2026,
1524,18.9,gf,1.565,mm,OK,--,8:40:50 PM,2/5/2026,
1525,18.9,gf,1.565,mm,OK,--,8:40:50 PM,2/5/2026,
1526,18.9,gf,1.565,mm,OK,--,8:40:51 PM,2/5/2026,
1527,18.9,gf,1.565,mm,OK,--,8:40:51 PM,2/5/2026,
1528,18.9,gf,1.565,mm,OK,--,8:40:51 PM,2/5/2026,
1529,18.9,gf,1.565,mm,OK,--,8:40:51 PM,2/5/2026,
1530,18.8,gf,1.565,mm,OK,--,8:40:51 PM,2/5/2026,
1531,18.6,gf,1.565,mm,OK,--,8:40:51 PM,2/5/2026,
1532,17.9,gf,1.565,mm,OK,--,8:40:51 PM,2/5/2026,
1533,18.2,gf,1.555,mm,OK,--,8:40:51 PM,2/5/2026,
1534,18.9,gf,1.545,mm,OK,--,8:40:51 PM,2/5/2026,
1535,19.3,gf,1.530,mm,OK,--,8:40:51 PM,2/5/2026,
1536,19.3,gf,1.525,mm,OK,--,8:40:52 PM,2/5/2026,
1537,20.0,gf,1.520,mm,OK,--,8:40:52 PM,2/5/2026,
1538,19.9,gf,1.515,mm,OK,--,8:40:52 PM,2/5/2026,
1539,19.9,gf,1.510,mm,OK,--,8:40:52 PM,2/5/2026,
1540,19.8,gf,1.510,mm,OK,--,8:40:52 PM,2/5/2026,
1541,19.7,gf,1.505,mm,OK,--,8:40:52 PM,2/5/2026,
1542,19.6,gf,1.505,mm,OK,--,8:40:52 PM,2/5/2026,
1543,19.6,gf,1.500,mm,OK,--,8:40:52 PM,2/5/2026,
1544,19.8,gf,1.500,mm,OK,--,8:40:52 PM,2/5/2026,
1545,19.7,gf,1.495,mm,OK,--,8:40:52 PM,2/5/2026,
1546,19.8,gf,1.495,mm,OK,--,8:40:53 PM,2/5/2026,
1547,20.0,gf,1.490,mm,OK,--,8:40:53 PM,2/5/2026,
1548,20.0,gf,1.490,mm,OK,--,8:40:53 PM,2/5/2026,
1549,20.0,gf,1.490,mm,OK,--,8:40:53 PM,2/5/2026,
1550,19.9,gf,1.485,mm,OK,--,8:40:53 PM,2/5/2026,
1551,19.9,gf,1.485,mm,OK,--,8:40:53 PM,2/5/2026,
1552,20.2,gf,1.480,mm,OK,--,8:40:53 PM,2/5/2026,
1553,20.3,gf,1.480,mm,OK,--,8:40:53 PM,2/5/2026,
1554,20.2,gf,1.475,mm,OK,--,8:40:53 PM,2/5/2026,
1555,19.9,gf,1.475,mm,OK,--,8:40:53 PM,2/5/2026,
1556,20.2,gf,1.470,mm,OK,--,8:40:54 PM,2/5/2026,
1557,20.2,gf,1.465,mm,OK,--,8:40:54 PM,2/5/2026,
1558,20.7,gf,1.465,mm,OK,--,8:40:54 PM,2/5/2026,
1559,20.7,gf,1.460,mm,OK,--,8:40:54 PM,2/5/2026,
1560,21.1,gf,1.455,mm,OK,--,8:40:54 PM,2/5/2026,
1561,21.2,gf,1.450,mm,OK,--,8:40:54 PM,2/5/2026,
1562,21.5,gf,1.445,mm,OK,--,8:40:54 PM,2/5/2026,
1563,21.8,gf,1.440,mm,OK,--,8:40:54 PM,2/5/2026,
1564,22.0,gf,1.440,mm,OK,--,8:40:54 PM,2/5/2026,
1565,22.0,gf,1.440,mm,OK,--,8:40:54 PM,2/5/2026,
1566,21.7,gf,1.435,mm,OK,--,8:40:55 PM,2/5/2026,
1567,21.8,gf,1.435,mm,OK,--,8:40:55 PM,2/5/2026,
1568,21.9,gf,1.435,mm,OK,--,8:40:55 PM,2/5/2026,
1569,21.5,gf,1.430,mm,OK,--,8:40:55 PM,2/5/2026,
1570,21.8,gf,1.425,mm,OK,--,8:40:55 PM,2/5/2026,
1571,21.9,gf,1.425,mm,OK,--,8:40:55 PM,2/5/2026,
1572,22.0,gf,1.420,mm,OK,--,8:40:55 PM,2/5/2026,
1573,22.0,gf,1.420,mm,OK,--,8:40:55 PM,2/5/2026,
1574,22.0,gf,1.415,mm,OK,--,8:40:55 PM,2/5/2026,
1575,22.1,gf,1.415,mm,OK,--,8:40:55 PM,2/5/2026,
1576,22.1,gf,1.410,mm,OK,--,8:40:56 PM,2/5/2026,
1577,22.0,gf,1.410,mm,OK,--,8:40:56 PM,2/5/2026,
1578,22.2,gf,1.405,mm,OK,--,8:40:56 PM,2/5/2026,
1579,22.1,gf,1.400,mm,OK,--,8:40:56 PM,2/5/2026,
1580,22.2,gf,1.400,mm,OK,--,8:40:56 PM,2/5/2026,
1581,22.3,gf,1.395,mm,OK,--,8:40:56 PM,2/5/2026,
1582,22.2,gf,1.390,mm,OK,--,8:40:56 PM,2/5/2026,
1583,22.5,gf,1.390,mm,OK,--,8:40:56 PM,2/5/2026,
1584,22.6,gf,1.385,mm,OK,--,8:40:56 PM,2/5/2026,
1585,22.5,gf,1.385,mm,OK,--,8:40:56 PM,2/5/2026,
1586,22.8,gf,1.380,mm,OK,--,8:40:57 PM,2/5/2026,
1587,22.9,gf,1.380,mm,OK,--,8:40:57 PM,2/5/2026,
1588,23.0,gf,1.375,mm,OK,--,8:40:57 PM,2/5/2026,
1589,22.5,gf,1.375,mm,OK,--,8:40:57 PM,2/5/2026,
1590,22.5,gf,1.370,mm,OK,--,8:40:57 PM,2/5/2026,
1591,22.7,gf,1.365,mm,OK,--,8:40:57 PM,2/5/2026,
1592,22.7,gf,1.360,mm,OK,--,8:40:57 PM,2/5/2026,
1593,23.2,gf,1.355,mm,OK,--,8:40:57 PM,2/5/2026,
1594,23.0,gf,1.350,mm,OK,--,8:40:57 PM,2/5/2026,
1595,23.3,gf,1.345,mm,OK,--,8:40:57 PM,2/5/2026,
1596,23.3,gf,1.335,mm,OK,--,8:40:58 PM,2/5/2026,
1597,23.7,gf,1.325,mm,OK,--,8:40:58 PM,2/5/2026,
1598,24.3,gf,1.320,mm,OK,--,8:40:58 PM,2/5/2026,
1599,24.1,gf,1.315,mm,OK,--,8:40:58 PM,2/5/2026,
1600,24.4,gf,1.310,mm,OK,--,8:40:58 PM,2/5/2026,
1601,24.1,gf,1.300,mm,OK,--,8:40:58 PM,2/5/2026,
1602,24.2,gf,1.295,mm,OK,--,8:40:58 PM,2/5/2026,
1603,24.2,gf,1.295,mm,OK,--,8:40:58 PM,2/5/2026,
1604,24.2,gf,1.290,mm,OK,--,8:40:58 PM,2/5/2026,
1605,24.1,gf,1.285,mm,OK,--,8:40:58 PM,2/5/2026,
1606,24.0,gf,1.285,mm,OK,--,8:40:59 PM,2/5/2026,
1607,24.4,gf,1.275,mm,OK,--,8:40:59 PM,2/5/2026,
1608,24.8,gf,1.270,mm,OK,--,8:40:59 PM,2/5/2026,
1609,25.1,gf,1.260,mm,OK,--,8:40:59 PM,2/5/2026,
1610,25.4,gf,1.255,mm,OK,--,8:40:59 PM,2/5/2026,
1611,25.4,gf,1.245,mm,OK,--,8:40:59 PM,2/5/2026,
1612,25.7,gf,1.240,mm,OK,--,8:40:59 PM,2/5/2026,
1613,26.0,gf,1.230,mm,OK,--,8:40:59 PM,2/5/2026,
1614,26.5,gf,1.220,mm,OK,--,8:40:59 PM,2/5/2026,
1615,26.9,gf,1.215,mm,OK,--,8:40:59 PM,2/5/2026,
1616,27.0,gf,1.215,mm,OK,--,8:41:00 PM,2/5/2026,
1617,26.8,gf,1.210,mm,OK,--,8:41:00 PM,2/5/2026,
1618,26.9,gf,1.205,mm,OK,--,8:41:00 PM,2/5/2026,
1619,26.9,gf,1.205,mm,OK,--,8:41:00 PM,2/5/2026,
1620,27.1,gf,1.200,mm,OK,--,8:41:00 PM,2/5/2026,
1621,27.5,gf,1.190,mm,OK,--,8:41:00 PM,2/5/2026,
1622,27.3,gf,1.185,mm,OK,--,8:41:00 PM,2/5/2026,
1623,27.4,gf,1.180,mm,OK,--,8:41:00 PM,2/5/2026,
1624,27.6,gf,1.180,mm,OK,--,8:41:00 PM,2/5/2026,
1625,27.8,gf,1.175,mm,OK,--,8:41:00 PM,2/5/2026,
1626,28.0,gf,1.175,mm,OK,--,8:41:01 PM,2/5/2026,
1627,27.6,gf,1.170,mm,OK,--,8:41:01 PM,2/5/2026,
1628,27.8,gf,1.170,mm,OK,--,8:41:01 PM,2/5/2026,
1629,27.9,gf,1.170,mm,OK,--,8:41:01 PM,2/5/2026,
1630,28.0,gf,1.165,mm,OK,--,8:41:01 PM,2/5/2026,
1631,27.8,gf,1.165,mm,OK,--,8:41:01 PM,2/5/2026,
1632,27.8,gf,1.160,mm,OK,--,8:41:01 PM,2/5/2026,
1633,28.1,gf,1.160,mm,OK,--,8:41:01 PM,2/5/2026,
1634,27.8,gf,1.160,mm,OK,--,8:41:01 PM,2/5/2026,
1635,27.7,gf,1.155,mm,OK,--,8:41:01 PM,2/5/2026,
1636,28.2,gf,1.150,mm,OK,--,8:41:02 PM,2/5/2026,
1637,28.5,gf,1.145,mm,OK,--,8:41:02 PM,2/5/2026,
1638,28.5,gf,1.145,mm,OK,--,8:41:02 PM,2/5/2026,
1639,28.4,gf,1.140,mm,OK,--,8:41:02 PM,2/5/2026,
1640,28.5,gf,1.135,mm,OK,--,8:41:02 PM,2/5/2026,
1641,28.5,gf,1.130,mm,OK,--,8:41:02 PM,2/5/2026,
1642,28.8,gf,1.125,mm,OK,--,8:41:02 PM,2/5/2026,
1643,29.2,gf,1.115,mm,OK,--,8:41:02 PM,2/5/2026,
1644,29.3,gf,1.110,mm,OK,--,8:41:02 PM,2/5/2026,
1645,29.4,gf,1.110,mm,OK,--,8:41:02 PM,2/5/2026,
1646,29.4,gf,1.105,mm,OK,--,8:41:03 PM,2/5/2026,
1647,29.8,gf,1.100,mm,OK,--,8:41:03 PM,2/5/2026,
1648,29.7,gf,1.095,mm,OK,--,8:41:03 PM,2/5/2026,
1649,29.9,gf,1.095,mm,OK,--,8:41:03 PM,2/5/2026,
1650,30.0,gf,1.090,mm,OK,--,8:41:03 PM,2/5/2026,
1651,30.0,gf,1.085,mm,OK,--,8:41:03 PM,2/5/2026,
1652,30.0,gf,1.085,mm,OK,--,8:41:03 PM,2/5/2026,
1653,29.9,gf,1.080,mm,OK,--,8:41:03 PM,2/5/2026,
1654,30.1,gf,1.080,mm,OK,--,8:41:03 PM,2/5/2026,
1655,30.1,gf,1.075,mm,OK,--,8:41:03 PM,2/5/2026,
1656,30.2,gf,1.070,mm,OK,--,8:41:04 PM,2/5/2026,
1657,30.3,gf,1.060,mm,OK,--,8:41:04 PM,2/5/2026,
1658,30.5,gf,1.050,mm,OK,--,8:41:04 PM,2/5/2026,
1659,30.7,gf,1.045,mm,OK,--,8:41:04 PM,2/5/2026,
1660,30.6,gf,1.040,mm,OK,--,8:41:04 PM,2/5/2026,
1661,30.9,gf,1.030,mm,OK,--,8:41:04 PM,2/5/2026,
1662,31.3,gf,1.025,mm,OK,--,8:41:04 PM,2/5/2026,
1663,31.4,gf,1.020,mm,OK,--,8:41:04 PM,2/5/2026,
1664,31.2,gf,1.010,mm,OK,--,8:41:04 PM,2/5/2026,
1665,31.6,gf,1.005,mm,OK,--,8:41:04 PM,2/5/2026,
1666,31.6,gf,1.000,mm,OK,--,8:41:05 PM,2/5/2026,
1667,32.0,gf,0.990,mm,OK,--,8:41:05 PM,2/5/2026,
1668,32.5,gf,0.985,mm,OK,--,8:41:05 PM,2/5/2026,
1669,32.1,gf,0.980,mm,OK,--,8:41:05 PM,2/5/2026,
1670,32.4,gf,0.975,mm,OK,--,8:41:05 PM,2/5/2026,
1671,32.4,gf,0.970,mm,OK,--,8:41:05 PM,2/5/2026,
1672,32.4,gf,0.960,mm,OK,--,8:41:05 PM,2/5/2026,
1673,32.7,gf,0.955,mm,OK,--,8:41:05 PM,2/5/2026,
1674,32.9,gf,0.950,mm,OK,--,8:41:05 PM,2/5/2026,
1675,32.8,gf,0.950,mm,OK,--,8:41:05 PM,2/5/2026,
1676,33.0,gf,0.945,mm,OK,--,8:41:06 PM,2/5/2026,
1677,33.0,gf,0.945,mm,OK,--,8:41:06 PM,2/5/2026,
1678,33.0,gf,0.940,mm,OK,--,8:41:06 PM,2/5/2026,
1679,33.1,gf,0.940,mm,OK,--,8:41:06 PM,2/5/2026,
1680,32.9,gf,0.935,mm,OK,--,8:41:06 PM,2/5/2026,
1681,33.3,gf,0.930,mm,OK,--,8:41:06 PM,2/5/2026,
1682,33.6,gf,0.925,mm,OK,--,8:41:06 PM,2/5/2026,
1683,33.8,gf,0.920,mm,OK,--,8:41:06 PM,2/5/2026,
1684,33.6,gf,0.915,mm,OK,--,8:41:06 PM,2/5/2026,
1685,33.6,gf,0.915,mm,OK,--,8:41:06 PM,2/5/2026,
1686,33.7,gf,0.910,mm,OK,--,8:41:07 PM,2/5/2026,
1687,33.8,gf,0.905,mm,OK,--,8:41:07 PM,2/5/2026,
1688,33.9,gf,0.900,mm,OK,--,8:41:07 PM,2/5/2026,
1689,34.1,gf,0.895,mm,OK,--,8:41:07 PM,2/5/2026,
1690,34.4,gf,0.890,mm,OK,--,8:41:07 PM,2/5/2026,
1691,34.4,gf,0.890,mm,OK,--,8:41:07 PM,2/5/2026,
1692,34.2,gf,0.890,mm,OK,--,8:41:07 PM,2/5/2026,
1693,34.0,gf,0.890,mm,OK,--,8:41:07 PM,2/5/2026,
1694,34.0,gf,0.885,mm,OK,--,8:41:07 PM,2/5/2026,
1695,33.8,gf,0.885,mm,OK,--,8:41:07 PM,2/5/2026,
1696,33.8,gf,0.880,mm,OK,--,8:41:08 PM,2/5/2026,
1697,34.1,gf,0.875,mm,OK,--,8:41:08 PM,2/5/2026,
1698,34.2,gf,0.870,mm,OK,--,8:41:08 PM,2/5/2026,
1699,34.0,gf,0.865,mm,OK,--,8:41:08 PM,2/5/2026,
1700,34.1,gf,0.865,mm,OK,--,8:41:08 PM,2/5/2026,
1701,34.1,gf,0.860,mm,OK,--,8:41:08 PM,2/5/2026,
1702,34.3,gf,0.860,mm,OK,--,8:41:08 PM,2/5/2026,
1703,34.5,gf,0.855,mm,OK,--,8:41:08 PM,2/5/2026,
1704,34.3,gf,0.855,mm,OK,--,8:41:08 PM,2/5/2026,
1705,34.3,gf,0.850,mm,OK,--,8:41:08 PM,2/5/2026,
1706,34.3,gf,0.850,mm,OK,--,8:41:09 PM,2/5/2026,
1707,34.1,gf,0.845,mm,OK,--,8:41:09 PM,2/5/2026,
1708,34.1,gf,0.845,mm,OK,--,8:41:09 PM,2/5/2026,
1709,34.3,gf,0.840,mm,OK,--,8:41:09 PM,2/5/2026,
1710,34.5,gf,0.835,mm,OK,--,8:41:09 PM,2/5/2026,
1711,34.5,gf,0.835,mm,OK,--,8:41:09 PM,2/5/2026,
1712,34.6,gf,0.830,mm,OK,--,8:41:09 PM,2/5/2026,
1713,34.6,gf,0.825,mm,OK,--,8:41:09 PM,2/5/2026,
1714,34.9,gf,0.820,mm,OK,--,8:41:09 PM,2/5/2026,
1715,34.9,gf,0.815,mm,OK,--,8:41:09 PM,2/5/2026,
1716,35.1,gf,0.810,mm,OK,--,8:41:10 PM,2/5/2026,
1717,35.1,gf,0.810,mm,OK,--,8:41:10 PM,2/5/2026,
1718,35.0,gf,0.800,mm,OK,--,8:41:10 PM,2/5/2026,
1719,35.3,gf,0.800,mm,OK,--,8:41:10 PM,2/5/2026,
1720,35.4,gf,0.795,mm,OK,--,8:41:10 PM,2/5/2026,
1721,35.6,gf,0.790,mm,OK,--,8:41:10 PM,2/5/2026,
1722,35.5,gf,0.790,mm,OK,--,8:41:10 PM,2/5/2026,
1723,35.7,gf,0.785,mm,OK,--,8:41:10 PM,2/5/2026,
1724,35.8,gf,0.785,mm,OK,--,8:41:10 PM,2/5/2026,
1725,35.9,gf,0.780,mm,OK,--,8:41:10 PM,2/5/2026,
1726,35.7,gf,0.780,mm,OK,--,8:41:11 PM,2/5/2026,
1727,35.5,gf,0.775,mm,OK,--,8:41:11 PM,2/5/2026,
1728,35.8,gf,0.770,mm,OK,--,8:41:11 PM,2/5/2026,
1729,36.0,gf,0.765,mm,OK,--,8:41:11 PM,2/5/2026,
1730,36.2,gf,0.765,mm,OK,--,8:41:11 PM,2/5/2026,
1731,36.3,gf,0.760,mm,OK,--,8:41:11 PM,2/5/2026,
1732,36.2,gf,0.760,mm,OK,--,8:41:11 PM,2/5/2026,
1733,36.2,gf,0.755,mm,OK,--,8:41:11 PM,2/5/2026,
1734,36.4,gf,0.755,mm,OK,--,8:41:11 PM,2/5/2026,
1735,36.1,gf,0.755,mm,OK,--,8:41:11 PM,2/5/2026,
1736,36.2,gf,0.750,mm,OK,--,8:41:12 PM,2/5/2026,
1737,36.2,gf,0.750,mm,OK,--,8:41:12 PM,2/5/2026,
1738,36.4,gf,0.745,mm,OK,--,8:41:12 PM,2/5/2026,
1739,36.5,gf,0.745,mm,OK,--,8:41:12 PM,2/5/2026,
1740,36.3,gf,0.740,mm,OK,--,8:41:12 PM,2/5/2026,
1741,36.4,gf,0.735,mm,OK,--,8:41:12 PM,2/5/2026,
1742,36.5,gf,0.735,mm,OK,--,8:41:12 PM,2/5/2026,
1743,36.5,gf,0.730,mm,OK,--,8:41:12 PM,2/5/2026,
1744,36.7,gf,0.725,mm,OK,--,8:41:12 PM,2/5/2026,
1745,37.0,gf,0.720,mm,OK,--,8:41:12 PM,2/5/2026,
1746,37.0,gf,0.720,mm,OK,--,8:41:13 PM,2/5/2026,
1747,37.0,gf,0.720,mm,OK,--,8:41:13 PM,2/5/2026,
1748,36.9,gf,0.720,mm,OK,--,8:41:13 PM,2/5/2026,
1749,36.9,gf,0.715,mm,OK,--,8:41:13 PM,2/5/2026,
1750,36.7,gf,0.715,mm,OK,--,8:41:13 PM,2/5/2026,
1751,36.7,gf,0.710,mm,OK,--,8:41:13 PM,2/5/2026,
1752,37.1,gf,0.710,mm,OK,--,8:41:13 PM,2/5/2026,
1753,37.3,gf,0.705,mm,OK,--,8:41:13 PM,2/5/2026,
1754,37.3,gf,0.705,mm,OK,--,8:41:13 PM,2/5/2026,
1755,37.1,gf,0.705,mm,OK,--,8:41:13 PM,2/5/2026,
1756,37.3,gf,0.700,mm,OK,--,8:41:14 PM,2/5/2026,
1757,37.1,gf,0.695,mm,OK,--,8:41:14 PM,2/5/2026,
1758,37.2,gf,0.690,mm,OK,--,8:41:14 PM,2/5/2026,
1759,37.4,gf,0.685,mm,OK,--,8:41:14 PM,2/5/2026,
1760,37.8,gf,0.680,mm,OK,--,8:41:14 PM,2/5/2026,
1761,37.9,gf,0.675,mm,OK,--,8:41:14 PM,2/5/2026,
1762,38.1,gf,0.670,mm,OK,--,8:41:14 PM,2/5/2026,
1763,38.2,gf,0.665,mm,OK,--,8:41:14 PM,2/5/2026,
1764,38.2,gf,0.660,mm,OK,--,8:41:14 PM,2/5/2026,
1765,38.6,gf,0.655,mm,OK,--,8:41:14 PM,2/5/2026,
1766,38.5,gf,0.650,mm,OK,--,8:41:15 PM,2/5/2026,
1767,38.9,gf,0.640,mm,OK,--,8:41:15 PM,2/5/2026,
1768,38.9,gf,0.635,mm,OK,--,8:41:15 PM,2/5/2026,
1769,39.2,gf,0.635,mm,OK,--,8:41:15 PM,2/5/2026,
1770,39.0,gf,0.630,mm,OK,--,8:41:15 PM,2/5/2026,
1771,39.0,gf,0.625,mm,OK,--,8:41:15 PM,2/5/2026,
1772,39.0,gf,0.620,mm,OK,--,8:41:15 PM,2/5/2026,
1773,39.0,gf,0.610,mm,OK,--,8:41:15 PM,2/5/2026,
1774,39.0,gf,0.600,mm,OK,--,8:41:15 PM,2/5/2026,
1775,39.1,gf,0.595,mm,OK,--,8:41:15 PM,2/5/2026,
1776,39.3,gf,0.590,mm,OK,--,8:41:16 PM,2/5/2026,
1777,39.7,gf,0.585,mm,OK,--,8:41:16 PM,2/5/2026,
1778,39.5,gf,0.580,mm,OK,--,8:41:16 PM,2/5/2026,
1779,39.6,gf,0.580,mm,OK,--,8:41:16 PM,2/5/2026,
1780,39.4,gf,0.575,mm,OK,--,8:41:16 PM,2/5/2026,
1781,39.7,gf,0.575,mm,OK,--,8:41:16 PM,2/5/2026,
1782,39.7,gf,0.575,mm,OK,--,8:41:16 PM,2/5/2026,
1783,39.7,gf,0.575,mm,OK,--,8:41:16 PM,2/5/2026,
1784,39.7,gf,0.570,mm,OK,--,8:41:16 PM,2/5/2026,
1785,39.6,gf,0.570,mm,OK,--,8:41:16 PM,2/5/2026,
1786,39.8,gf,0.570,mm,OK,--,8:41:17 PM,2/5/2026,
1787,39.7,gf,0.570,mm,OK,--,8:41:17 PM,2/5/2026,
1788,39.3,gf,0.565,mm,OK,--,8:41:17 PM,2/5/2026,
1789,39.5,gf,0.560,mm,OK,--,8:41:17 PM,2/5/2026,
1790,39.8,gf,0.555,mm,OK,--,8:41:17 PM,2/5/2026,
1791,39.6,gf,0.555,mm,OK,--,8:41:17 PM,2/5/2026,
1792,39.5,gf,0.550,mm,OK,--,8:41:17 PM,2/5/2026,
1793,39.7,gf,0.545,mm,OK,--,8:41:17 PM,2/5/2026,
1794,39.7,gf,0.540,mm,OK,--,8:41:17 PM,2/5/2026,
1795,39.6,gf,0.535,mm,OK,--,8:41:17 PM,2/5/2026,
1796,39.9,gf,0.530,mm,OK,--,8:41:18 PM,2/5/2026,
1797,39.9,gf,0.525,mm,OK,--,8:41:18 PM,2/5/2026,
1798,39.7,gf,0.520,mm,OK,--,8:41:18 PM,2/5/2026,
1799,40.1,gf,0.505,mm,OK,--,8:41:18 PM,2/5/2026,
1800,40.5,gf,0.500,mm,OK,--,8:41:18 PM,2/5/2026,
1801,40.6,gf,0.490,mm,OK,--,8:41:18 PM,2/5/2026,
1802,40.7,gf,0.490,mm,OK,--,8:41:18 PM,2/5/2026,
1803,40.8,gf,0.485,mm,OK,--,8:41:18 PM,2/5/2026,
1804,40.9,gf,0.480,mm,OK,--,8:41:18 PM,2/5/2026,
1805,40.7,gf,0.475,mm,OK,--,8:41:18 PM,2/5/2026,
1806,40.9,gf,0.470,mm,OK,--,8:41:19 PM,2/5/2026,
1807,41.0,gf,0.470,mm,OK,--,8:41:19 PM,2/5/2026,
1808,41.1,gf,0.465,mm,OK,--,8:41:19 PM,2/5/2026,
1809,41.1,gf,0.460,mm,OK,--,8:41:19 PM,2/5/2026,
1810,41.7,gf,0.455,mm,OK,--,8:41:19 PM,2/5/2026,
1811,41.7,gf,0.450,mm,OK,--,8:41:19 PM,2/5/2026,
1812,41.9,gf,0.450,mm,OK,--,8:41:19 PM,2/5/2026,
1813,41.8,gf,0.445,mm,OK,--,8:41:19 PM,2/5/2026,
1814,41.9,gf,0.440,mm,OK,--,8:41:19 PM,2/5/2026,
1815,42.0,gf,0.435,mm,OK,--,8:41:19 PM,2/5/2026,
1816,41.8,gf,0.435,mm,OK,--,8:41:20 PM,2/5/2026,
1817,42.0,gf,0.430,mm,OK,--,8:41:20 PM,2/5/2026,
1818,42.3,gf,0.425,mm,OK,--,8:41:20 PM,2/5/2026,
1819,42.4,gf,0.420,mm,OK,--,8:41:20 PM,2/5/2026,
1820,42.5,gf,0.415,mm,OK,--,8:41:20 PM,2/5/2026,
1821,42.5,gf,0.415,mm,OK,--,8:41:20 PM,2/5/2026,
1822,42.6,gf,0.410,mm,OK,--,8:41:20 PM,2/5/2026,
1823,42.6,gf,0.410,mm,OK,--,8:41:20 PM,2/5/2026,
1824,42.4,gf,0.410,mm,OK,--,8:41:20 PM,2/5/2026,
1825,42.3,gf,0.405,mm,OK,--,8:41:20 PM,2/5/2026,
1826,42.4,gf,0.400,mm,OK,--,8:41:21 PM,2/5/2026,
1827,42.4,gf,0.395,mm,OK,--,8:41:21 PM,2/5/2026,
1828,42.8,gf,0.390,mm,OK,--,8:41:21 PM,2/5/2026,
1829,42.9,gf,0.390,mm,OK,--,8:41:21 PM,2/5/2026,
1830,43.1,gf,0.385,mm,OK,--,8:41:21 PM,2/5/2026,
1831,43.0,gf,0.380,mm,OK,--,8:41:21 PM,2/5/2026,
1832,42.8,gf,0.375,mm,OK,--,8:41:21 PM,2/5/2026,
1833,43.1,gf,0.370,mm,OK,--,8:41:21 PM,2/5/2026,
1834,43.2,gf,0.365,mm,OK,--,8:41:21 PM,2/5/2026,
1835,43.2,gf,0.360,mm,OK,--,8:41:21 PM,2/5/2026,
1836,43.2,gf,0.355,mm,OK,--,8:41:22 PM,2/5/2026,
1837,43.5,gf,0.350,mm,OK,--,8:41:22 PM,2/5/2026,
1838,43.6,gf,0.345,mm,OK,--,8:41:22 PM,2/5/2026,
1839,43.7,gf,0.335,mm,OK,--,8:41:22 PM,2/5/2026,
1840,43.9,gf,0.330,mm,OK,--,8:41:22 PM,2/5/2026,
1841,44.1,gf,0.325,mm,OK,--,8:41:22 PM,2/5/2026,
1842,44.2,gf,0.315,mm,OK,--,8:41:22 PM,2/5/2026,
1843,44.3,gf,0.310,mm,OK,--,8:41:22 PM,2/5/2026,
1844,44.5,gf,0.305,mm,OK,--,8:41:22 PM,2/5/2026,
1845,44.4,gf,0.300,mm,OK,--,8:41:22 PM,2/5/2026,
1846,44.7,gf,0.295,mm,OK,--,8:41:23 PM,2/5/2026,
1847,44.5,gf,0.290,mm,OK,--,8:41:23 PM,2/5/2026,
1848,44.5,gf,0.280,mm,OK,--,8:41:23 PM,2/5/2026,
1849,44.8,gf,0.275,mm,OK,--,8:41:23 PM,2/5/2026,
1850,44.7,gf,0.270,mm,OK,--,8:41:23 PM,2/5/2026,
1851,44.8,gf,0.265,mm,OK,--,8:41:23 PM,2/5/2026,
1852,44.7,gf,0.265,mm,OK,--,8:41:23 PM,2/5/2026,
1853,44.8,gf,0.260,mm,OK,--,8:41:23 PM,2/5/2026,
1854,44.8,gf,0.260,mm,OK,--,8:41:23 PM,2/5/2026,
1855,44.9,gf,0.260,mm,OK,--,8:41:23 PM,2/5/2026,
1856,44.6,gf,0.255,mm,OK,--,8:41:24 PM,2/5/2026,
1857,44.5,gf,0.255,mm,OK,--,8:41:24 PM,2/5/2026,
1858,44.6,gf,0.255,mm,OK,--,8:41:24 PM,2/5/2026,
1859,44.8,gf,0.250,mm,OK,--,8:41:24 PM,2/5/2026,
1860,44.6,gf,0.250,mm,OK,--,8:41:24 PM,2/5/2026,
1861,44.6,gf,0.250,mm,OK,--,8:41:24 PM,2/5/2026,
1862,44.6,gf,0.245,mm,OK,--,8:41:24 PM,2/5/2026,
1863,44.6,gf,0.245,mm,OK,--,8:41:24 PM,2/5/2026,
1864,44.4,gf,0.245,mm,OK,--,8:41:24 PM,2/5/2026,
1865,44.3,gf,0.240,mm,OK,--,8:41:24 PM,2/5/2026,
1866,44.2,gf,0.240,mm,OK,--,8:41:25 PM,2/5/2026,
1867,44.4,gf,0.235,mm,OK,--,8:41:25 PM,2/5/2026,
1868,44.1,gf,0.235,mm,OK,--,8:41:25 PM,2/5/2026,
1869,44.1,gf,0.230,mm,OK,--,8:41:25 PM,2/5/2026,
1870,44.1,gf,0.230,mm,OK,--,8:41:25 PM,2/5/2026,
1871,44.2,gf,0.230,mm,OK,--,8:41:25 PM,2/5/2026,
1872,43.7,gf,0.225,mm,OK,--,8:41:25 PM,2/5/2026,
1873,43.7,gf,0.220,mm,OK,--,8:41:25 PM,2/5/2026,
1874,43.7,gf,0.210,mm,OK,--,8:41:25 PM,2/5/2026,
1875,43.6,gf,0.205,mm,OK,--,8:41:25 PM,2/5/2026,
1876,43.4,gf,0.200,mm,OK,--,8:41:26 PM,2/5/2026,
1877,43.4,gf,0.200,mm,OK,--,8:41:26 PM,2/5/2026,
1878,43.4,gf,0.195,mm,OK,--,8:41:26 PM,2/5/2026,
1879,43.2,gf,0.195,mm,OK,--,8:41:26 PM,2/5/2026,
1880,42.9,gf,0.190,mm,OK,--,8:41:26 PM,2/5/2026,
1881,42.6,gf,0.190,mm,OK,--,8:41:26 PM,2/5/2026,
1882,42.5,gf,0.185,mm,OK,--,8:41:26 PM,2/5/2026,
1883,42.1,gf,0.180,mm,OK,--,8:41:26 PM,2/5/2026,
1884,42.0,gf,0.175,mm,OK,--,8:41:26 PM,2/5/2026,
1885,41.8,gf,0.175,mm,OK,--,8:41:26 PM,2/5/2026,
1886,41.6,gf,0.170,mm,OK,--,8:41:27 PM,2/5/2026,
1887,41.5,gf,0.170,mm,OK,--,8:41:27 PM,2/5/2026,
1888,40.9,gf,0.165,mm,OK,--,8:41:27 PM,2/5/2026,
1889,40.4,gf,0.155,mm,OK,--,8:41:27 PM,2/5/2026,
1890,40.0,gf,0.145,mm,OK,--,8:41:27 PM,2/5/2026,
1891,39.8,gf,0.135,mm,OK,--,8:41:27 PM,2/5/2026,
1892,39.5,gf,0.130,mm,OK,--,8:41:27 PM,2/5/2026,
1893,39.4,gf,0.125,mm,OK,--,8:41:27 PM,2/5/2026,
1894,39.1,gf,0.115,mm,OK,--,8:41:27 PM,2/5/2026,
1895,36.5,gf,0.110,mm,OK,--,8:41:27 PM,2/5/2026,
1896,29.8,gf,0.100,mm,OK,--,8:41:28 PM,2/5/2026,
1897,23.1,gf,0.090,mm,OK,--,8:41:28 PM,2/5/2026,
1898,11.2,gf,0.075,mm,OK,--,8:41:28 PM,2/5/2026,
1899,0.0,gf,0.060,mm,OK,--,8:41:28 PM,2/5/2026,
1900,0.0,gf,0.040,mm,OK,--,8:41:28 PM,2/5/2026,
1901,0.0,gf,0.025,mm,OK,--,8:41:28 PM,2/5/2026,
1902,0.0,gf,0.015,mm,OK,--,8:41:28 PM,2/5/2026,
1903,0.1,gf,-0.010,mm,OK,--,8:41:28 PM,2/5/2026,
1904,0.0,gf,-0.025,mm,OK,--,8:41:28 PM,2/5/2026,
1905,0.0,gf,-0.035,mm,OK,--,8:41:28 PM,2/5/2026,
1906,0.0,gf,-0.035,mm,OK,--,8:41:29 PM,2/5/2026,
1907,0.1,gf,-0.035,mm,OK,--,8:41:29 PM,2/5/2026,
1908,-0.1,gf,-0.035,mm,OK,--,8:41:29 PM,2/5/2026,
1909,0.0,gf,-0.035,mm,OK,--,8:41:29 PM,2/5/2026,
1910,0.1,gf,-0.035,mm,OK,--,8:41:29 PM,2/5/2026,
1911,0.1,gf,-0.035,mm,OK,--,8:41:29 PM,2/5/2026,
1912,0.0,gf,-0.035,mm,OK,--,8:41:29 PM,2/5/2026,
1913,0.0,gf,-0.030,mm,OK,--,8:41:29 PM,2/5/2026,
1914,0.1,gf,-0.025,mm,OK,--,8:41:29 PM,2/5/2026,
1915,0.1,gf,-0.020,mm,OK,--,8:41:29 PM,2/5/2026,
1916,0.0,gf,-0.015,mm,OK,--,8:41:30 PM,2/5/2026,
1917,0.0,gf,-0.010,mm,OK,--,8:41:30 PM,2/5/2026,
1918,0.0,gf,-0.005,mm,OK,--,8:41:30 PM,2/5/2026,
1919,0.1,gf,0.000,mm,OK,--,8:41:30 PM,2/5/2026,
1920,0.0,gf,0.005,mm,OK,--,8:41:30 PM,2/5/2026,
1921,0.0,gf,0.010,mm,OK,--,8:41:30 PM,2/5/2026,
1922,0.0,gf,0.015,mm,OK,--,8:41:30 PM,2/5/2026,
1923,-0.1,gf,0.025,mm,OK,--,8:41:30 PM,2/5/2026,
1924,0.0,gf,0.030,mm,OK,--,8:41:30 PM,2/5/2026,
1925,0.0,gf,0.035,mm,OK,--,8:41:30 PM,2/5/2026,
1926,0.0,gf,0.040,mm,OK,--,8:41:31 PM,2/5/2026,
1927,0.0,gf,0.050,mm,OK,--,8:41:31 PM,2/5/2026,
1928,-0.1,gf,0.055,mm,OK,--,8:41:31 PM,2/5/2026,
1929,3.8,gf,0.065,mm,OK,--,8:41:31 PM,2/5/2026,
1930,10.7,gf,0.070,mm,OK,--,8:41:31 PM,2/5/2026,
