Maximum,193.1,@,No.1052,,,,,,
Minimum,-0.2,@,No.15,,,,,,
Average,50.32,,,,,,,,
Data Quantity,1902,,,,,,,,
Number of NG,0,,,,,,,,
No.,Force,Unit,Displacement,Unit,Judge,Position,Time,Date,
1,0.0,gf,0.000,mm,OK,--,8:49:35 PM,2/5/2026,
2,0.0,gf,0.000,mm,OK,--,8:49:35 PM,2/5/2026,
3,0.0,gf,0.000,mm,OK,--,8:49:35 PM,2/5/2026,
4,0.0,gf,0.000,mm,OK,--,8:49:35 PM,2/5/2026,
5,0.0,gf,0.005,mm,OK,--,8:49:35 PM,2/5/2026,
6,0.0,gf,0.005,mm,OK,--,8:49:35 PM,2/5/2026,
7,0.0,gf,0.010,mm,OK,--,8:49:35 PM,2/5/2026,
8,0.1,gf,0.010,mm,OK,--,8:49:35 PM,2/5/2026,
9,0.0,gf,0.015,mm,OK,--,8:49:35 PM,2/5/2026,
10,0.0,gf,0.015,mm,OK,--,8:49:36 PM,2/5/2026,
11,0.0,gf,0.020,mm,OK,--,8:49:36 PM,2/5/2026,
12,0.0,gf,0.020,mm,OK,--,8:49:36 PM,2/5/2026,
13,0.0,gf,0.025,mm,OK,--,8:49:36 PM,2/5/2026,
14,0.0,gf,0.030,mm,OK,--,8:49:36 PM,2/5/2026,
15,-0.2,gf,0.030,mm,OK,--,8:49:36 PM,2/5/2026,
16,-0.1,gf,0.035,mm,OK,--,8:49:36 PM,2/5/2026,
17,0.0,gf,0.040,mm,OK,--,8:49:36 PM,2/5/2026,
18,0.0,gf,0.045,mm,OK,--,8:49:36 PM,2/5/2026,
19,-0.1,gf,0.050,mm,OK,--,8:49:36 PM,2/5/2026,
20,0.0,gf,0.055,mm,OK,--,8:49:37 PM,2/5/2026,
21,-0.1,gf,0.060,mm,OK,--,8:49:37 PM,2/5/2026,
22,0.0,gf,0.065,mm,OK,--,8:49:37 PM,2/5/2026,
23,0.0,gf,0.070,mm,OK,--,8:49:37 PM,2/5/2026,
24,0.0,gf,0.075,mm,OK,--,8:49:37 PM,2/5/2026,
25,1.3,gf,0.085,mm,OK,--,8:49:37 PM,2/5/2026,
26,6.0,gf,0.090,mm,OK,--,8:49:37 PM,2/5/2026,
27,11.3,gf,0.095,mm,OK,--,8:49:37 PM,2/5/2026,
28,15.5,gf,0.095,mm,OK,--,8:49:37 PM,2/5/2026,
29,19.0,gf,0.100,mm,OK,--,8:49:37 PM,2/5/2026,
30,22.5,gf,0.105,mm,OK,--,8:49:38 PM,2/5/2026,
31,25.0,gf,0.105,mm,OK,--,8:49:38 PM,2/5/2026,
32,27.7,gf,0.110,mm,OK,--,8:49:38 PM,2/5/2026,
33,29.8,gf,0.110,mm,OK,--,8:49:38 PM,2/5/2026,
34,31.9,gf,0.115,mm,OK,--,8:49:38 PM,2/5/2026,
35,34.1,gf,0.115,mm,OK,--,8:49:38 PM,2/5/2026,
36,35.6,gf,0.120,mm,OK,--,8:49:38 PM,2/5/2026,
37,37.3,gf,0.120,mm,OK,--,8:49:38 PM,2/5/2026,
38,38.9,gf,0.120,mm,OK,--,8:49:38 PM,2/5/2026,
39,40.1,gf,0.120,mm,OK,--,8:49:38 PM,2/5/2026,
40,41.2,gf,0.125,mm,OK,--,8:49:39 PM,2/5/2026,
41,42.1,gf,0.125,mm,OK,--,8:49:39 PM,2/5/2026,
42,43.0,gf,0.125,mm,OK,--,8:49:39 PM,2/5/2026,
43,44.0,gf,0.125,mm,OK,--,8:49:39 PM,2/5/2026,
44,45.3,gf,0.125,mm,OK,--,8:49:39 PM,2/5/2026,
45,46.4,gf,0.130,mm,OK,--,8:49:39 PM,2/5/2026,
46,47.8,gf,0.130,mm,OK,--,8:49:39 PM,2/5/2026,
47,49.0,gf,0.130,mm,OK,--,8:49:39 PM,2/5/2026,
48,50.1,gf,0.130,mm,OK,--,8:49:39 PM,2/5/2026,
49,51.3,gf,0.135,mm,OK,--,8:49:39 PM,2/5/2026,
50,52.3,gf,0.135,mm,OK,--,8:49:40 PM,2/5/2026,
51,53.6,gf,0.135,mm,OK,--,8:49:40 PM,2/5/2026,
52,54.8,gf,0.135,mm,OK,--,8:49:40 PM,2/5/2026,
53,56.0,gf,0.140,mm,OK,--,8:49:40 PM,2/5/2026,
54,56.6,gf,0.140,mm,OK,--,8:49:40 PM,2/5/2026,
55,56.7,gf,0.140,mm,OK,--,8:49:40 PM,2/5/2026,
56,57.0,gf,0.145,mm,OK,--,8:49:40 PM,2/5/2026,
57,57.3,gf,0.145,mm,OK,--,8:49:40 PM,2/5/2026,
58,57.5,gf,0.145,mm,OK,--,8:49:40 PM,2/5/2026,
59,57.7,gf,0.145,mm,OK,--,8:49:40 PM,2/5/2026,
60,57.9,gf,0.150,mm,OK,--,8:49:41 PM,2/5/2026,
61,58.0,gf,0.150,mm,OK,--,8:49:41 PM,2/5/2026,
62,58.1,gf,0.150,mm,OK,--,8:49:41 PM,2/5/2026,
63,58.3,gf,0.150,mm,OK,--,8:49:41 PM,2/5/2026,
64,58.4,gf,0.150,mm,OK,--,8:49:41 PM,2/5/2026,
65,58.5,gf,0.155,mm,OK,--,8:49:41 PM,2/5/2026,
66,58.6,gf,0.155,mm,OK,--,8:49:41 PM,2/5/2026,
67,58.8,gf,0.155,mm,OK,--,8:49:41 PM,2/5/2026,
68,59.1,gf,0.160,mm,OK,--,8:49:41 PM,2/5/2026,
69,59.1,gf,0.165,mm,OK,--,8:49:41 PM,2/5/2026,
70,59.2,gf,0.165,mm,OK,--,8:49:42 PM,2/5/2026,
71,59.2,gf,0.170,mm,OK,--,8:49:42 PM,2/5/2026,
72,59.6,gf,0.170,mm,OK,--,8:49:42 PM,2/5/2026,
73,59.7,gf,0.175,mm,OK,--,8:49:42 PM,2/5/2026,
74,59.6,gf,0.175,mm,OK,--,8:49:42 PM,2/5/2026,
75,59.7,gf,0.180,mm,OK,--,8:49:42 PM,2/5/2026,
76,59.8,gf,0.185,mm,OK,--,8:49:42 PM,2/5/2026,
77,59.9,gf,0.185,mm,OK,--,8:49:42 PM,2/5/2026,
78,60.1,gf,0.190,mm,OK,--,8:49:42 PM,2/5/2026,
79,60.4,gf,0.200,mm,OK,--,8:49:42 PM,2/5/2026,
80,60.7,gf,0.205,mm,OK,--,8:49:43 PM,2/5/2026,
81,60.9,gf,0.210,mm,OK,--,8:49:43 PM,2/5/2026,
82,61.1,gf,0.215,mm,OK,--,8:49:43 PM,2/5/2026,
83,61.3,gf,0.225,mm,OK,--,8:49:43 PM,2/5/2026,
84,61.5,gf,0.230,mm,OK,--,8:49:43 PM,2/5/2026,
85,61.7,gf,0.240,mm,OK,--,8:49:43 PM,2/5/2026,
86,61.9,gf,0.250,mm,OK,--,8:49:43 PM,2/5/2026,
87,61.8,gf,0.260,mm,OK,--,8:49:43 PM,2/5/2026,
88,61.7,gf,0.270,mm,OK,--,8:49:43 PM,2/5/2026,
89,61.7,gf,0.285,mm,OK,--,8:49:43 PM,2/5/2026,
90,61.7,gf,0.295,mm,OK,--,8:49:44 PM,2/5/2026,
91,61.7,gf,0.305,mm,OK,--,8:49:44 PM,2/5/2026,
92,61.8,gf,0.310,mm,OK,--,8:49:44 PM,2/5/2026,
93,61.8,gf,0.320,mm,OK,--,8:49:44 PM,2/5/2026,
94,61.8,gf,0.330,mm,OK,--,8:49:44 PM,2/5/2026,
95,61.8,gf,0.335,mm,OK,--,8:49:44 PM,2/5/2026,
96,61.9,gf,0.345,mm,OK,--,8:49:44 PM,2/5/2026,
97,61.7,gf,0.355,mm,OK,--,8:49:44 PM,2/5/2026,
98,61.8,gf,0.365,mm,OK,--,8:49:44 PM,2/5/2026,
99,61.4,gf,0.375,mm,OK,--,8:49:44 PM,2/5/2026,
100,61.4,gf,0.385,mm,OK,--,8:49:45 PM,2/5/2026,
101,61.4,gf,0.390,mm,OK,--,8:49:45 PM,2/5/2026,
102,61.3,gf,0.395,mm,OK,--,8:49:45 PM,2/5/2026,
103,61.4,gf,0.405,mm,OK,--,8:49:45 PM,2/5/2026,
104,61.3,gf,0.415,mm,OK,--,8:49:45 PM,2/5/2026,
105,61.3,gf,0.425,mm,OK,--,8:49:45 PM,2/5/2026,
106,61.3,gf,0.440,mm,OK,--,8:49:45 PM,2/5/2026,
107,61.1,gf,0.450,mm,OK,--,8:49:45 PM,2/5/2026,
108,60.7,gf,0.465,mm,OK,--,8:49:45 PM,2/5/2026,
109,60.7,gf,0.470,mm,OK,--,8:49:45 PM,2/5/2026,
110,60.5,gf,0.480,mm,OK,--,8:49:46 PM,2/5/2026,
111,60.4,gf,0.490,mm,OK,--,8:49:46 PM,2/5/2026,
112,60.2,gf,0.500,mm,OK,--,8:49:46 PM,2/5/2026,
113,60.3,gf,0.510,mm,OK,--,8:49:46 PM,2/5/2026,
114,60.2,gf,0.520,mm,OK,--,8:49:46 PM,2/5/2026,
115,60.0,gf,0.530,mm,OK,--,8:49:46 PM,2/5/2026,
116,60.1,gf,0.535,mm,OK,--,8:49:46 PM,2/5/2026,
117,60.2,gf,0.545,mm,OK,--,8:49:46 PM,2/5/2026,
118,59.8,gf,0.550,mm,OK,--,8:49:46 PM,2/5/2026,
119,59.8,gf,0.555,mm,OK,--,8:49:46 PM,2/5/2026,
120,59.7,gf,0.565,mm,OK,--,8:49:47 PM,2/5/2026,
121,59.6,gf,0.575,mm,OK,--,8:49:47 PM,2/5/2026,
122,59.5,gf,0.590,mm,OK,--,8:49:47 PM,2/5/2026,
123,59.4,gf,0.600,mm,OK,--,8:49:47 PM,2/5/2026,
124,59.4,gf,0.610,mm,OK,--,8:49:47 PM,2/5/2026,
125,59.3,gf,0.620,mm,OK,--,8:49:47 PM,2/5/2026,
126,59.2,gf,0.625,mm,OK,--,8:49:47 PM,2/5/2026,
127,59.2,gf,0.630,mm,OK,--,8:49:47 PM,2/5/2026,
128,59.2,gf,0.635,mm,OK,--,8:49:47 PM,2/5/2026,
129,59.2,gf,0.635,mm,OK,--,8:49:47 PM,2/5/2026,
130,59.2,gf,0.635,mm,OK,--,8:49:48 PM,2/5/2026,
131,59.3,gf,0.640,mm,OK,--,8:49:48 PM,2/5/2026,
132,59.1,gf,0.645,mm,OK,--,8:49:48 PM,2/5/2026,
133,58.9,gf,0.645,mm,OK,--,8:49:48 PM,2/5/2026,
134,58.9,gf,0.650,mm,OK,--,8:49:48 PM,2/5/2026,
135,58.9,gf,0.655,mm,OK,--,8:49:48 PM,2/5/2026,
136,58.7,gf,0.655,mm,OK,--,8:49:48 PM,2/5/2026,
137,58.7,gf,0.660,mm,OK,--,8:49:48 PM,2/5/2026,
138,58.6,gf,0.660,mm,OK,--,8:49:48 PM,2/5/2026,
139,58.5,gf,0.665,mm,OK,--,8:49:48 PM,2/5/2026,
140,58.6,gf,0.670,mm,OK,--,8:49:49 PM,2/5/2026,
141,58.5,gf,0.670,mm,OK,--,8:49:49 PM,2/5/2026,
142,58.5,gf,0.675,mm,OK,--,8:49:49 PM,2/5/2026,
143,58.3,gf,0.675,mm,OK,--,8:49:49 PM,2/5/2026,
144,58.3,gf,0.680,mm,OK,--,8:49:49 PM,2/5/2026,
145,58.2,gf,0.680,mm,OK,--,8:49:49 PM,2/5/2026,
146,58.3,gf,0.685,mm,OK,--,8:49:49 PM,2/5/2026,
147,58.2,gf,0.685,mm,OK,--,8:49:49 PM,2/5/2026,
148,58.2,gf,0.690,mm,OK,--,8:49:49 PM,2/5/2026,
149,58.1,gf,0.690,mm,OK,--,8:49:49 PM,2/5/2026,
150,58.0,gf,0.695,mm,OK,--,8:49:50 PM,2/5/2026,
151,58.0,gf,0.700,mm,OK,--,8:49:50 PM,2/5/2026,
152,58.1,gf,0.700,mm,OK,--,8:49:50 PM,2/5/2026,
153,58.1,gf,0.705,mm,OK,--,8:49:50 PM,2/5/2026,
154,58.1,gf,0.705,mm,OK,--,8:49:50 PM,2/5/2026,
155,58.1,gf,0.710,mm,OK,--,8:49:50 PM,2/5/2026,
156,57.8,gf,0.710,mm,OK,--,8:49:50 PM,2/5/2026,
157,57.9,gf,0.715,mm,OK,--,8:49:50 PM,2/5/2026,
158,57.8,gf,0.720,mm,OK,--,8:49:50 PM,2/5/2026,
159,57.7,gf,0.725,mm,OK,--,8:49:50 PM,2/5/2026,
160,57.5,gf,0.730,mm,OK,--,8:49:51 PM,2/5/2026,
161,57.4,gf,0.730,mm,OK,--,8:49:51 PM,2/5/2026,
162,57.2,gf,0.735,mm,OK,--,8:49:51 PM,2/5/2026,
163,57.0,gf,0.740,mm,OK,--,8:49:51 PM,2/5/2026,
164,57.2,gf,0.740,mm,OK,--,8:49:51 PM,2/5/2026,
165,57.2,gf,0.745,mm,OK,--,8:49:51 PM,2/5/2026,
166,57.3,gf,0.755,mm,OK,--,8:49:51 PM,2/5/2026,
167,57.0,gf,0.765,mm,OK,--,8:49:51 PM,2/5/2026,
168,57.0,gf,0.775,mm,OK,--,8:49:51 PM,2/5/2026,
169,56.7,gf,0.785,mm,OK,--,8:49:51 PM,2/5/2026,
170,56.4,gf,0.790,mm,OK,--,8:49:52 PM,2/5/2026,
171,56.4,gf,0.800,mm,OK,--,8:49:52 PM,2/5/2026,
172,56.3,gf,0.805,mm,OK,--,8:49:52 PM,2/5/2026,
173,56.3,gf,0.810,mm,OK,--,8:49:52 PM,2/5/2026,
174,56.2,gf,0.815,mm,OK,--,8:49:52 PM,2/5/2026,
175,56.3,gf,0.820,mm,OK,--,8:49:52 PM,2/5/2026,
176,56.2,gf,0.825,mm,OK,--,8:49:52 PM,2/5/2026,
177,56.1,gf,0.825,mm,OK,--,8:49:52 PM,2/5/2026,
178,56.1,gf,0.830,mm,OK,--,8:49:52 PM,2/5/2026,
179,56.0,gf,0.835,mm,OK,--,8:49:52 PM,2/5/2026,
180,55.8,gf,0.840,mm,OK,--,8:49:53 PM,2/5/2026,
181,56.1,gf,0.840,mm,OK,--,8:49:53 PM,2/5/2026,
182,56.1,gf,0.845,mm,OK,--,8:49:53 PM,2/5/2026,
183,55.9,gf,0.845,mm,OK,--,8:49:53 PM,2/5/2026,
184,56.0,gf,0.850,mm,OK,--,8:49:53 PM,2/5/2026,
185,55.9,gf,0.855,mm,OK,--,8:49:53 PM,2/5/2026,
186,56.0,gf,0.860,mm,OK,--,8:49:53 PM,2/5/2026,
187,55.6,gf,0.860,mm,OK,--,8:49:53 PM,2/5/2026,
188,55.6,gf,0.865,mm,OK,--,8:49:53 PM,2/5/2026,
189,55.5,gf,0.870,mm,OK,--,8:49:53 PM,2/5/2026,
190,55.5,gf,0.875,mm,OK,--,8:49:54 PM,2/5/2026,
191,55.3,gf,0.875,mm,OK,--,8:49:54 PM,2/5/2026,
192,55.2,gf,0.880,mm,OK,--,8:49:54 PM,2/5/2026,
193,54.9,gf,0.885,mm,OK,--,8:49:54 PM,2/5/2026,
194,55.1,gf,0.885,mm,OK,--,8:49:54 PM,2/5/2026,
195,55.1,gf,0.890,mm,OK,--,8:49:54 PM,2/5/2026,
196,55.0,gf,0.895,mm,OK,--,8:49:54 PM,2/5/2026,
197,55.0,gf,0.895,mm,OK,--,8:49:54 PM,2/5/2026,
198,55.0,gf,0.900,mm,OK,--,8:49:54 PM,2/5/2026,
199,55.0,gf,0.905,mm,OK,--,8:49:54 PM,2/5/2026,
200,54.9,gf,0.905,mm,OK,--,8:49:55 PM,2/5/2026,
201,54.9,gf,0.910,mm,OK,--,8:49:55 PM,2/5/2026,
202,54.8,gf,0.915,mm,OK,--,8:49:55 PM,2/5/2026,
203,54.8,gf,0.915,mm,OK,--,8:49:55 PM,2/5/2026,
204,54.6,gf,0.920,mm,OK,--,8:49:55 PM,2/5/2026,
205,54.6,gf,0.925,mm,OK,--,8:49:55 PM,2/5/2026,
206,54.6,gf,0.925,mm,OK,--,8:49:55 PM,2/5/2026,
207,54.4,gf,0.930,mm,OK,--,8:49:55 PM,2/5/2026,
208,54.3,gf,0.935,mm,OK,--,8:49:55 PM,2/5/2026,
209,54.4,gf,0.935,mm,OK,--,8:49:55 PM,2/5/2026,
210,54.4,gf,0.940,mm,OK,--,8:49:56 PM,2/5/2026,
211,54.4,gf,0.940,mm,OK,--,8:49:56 PM,2/5/2026,
212,54.2,gf,0.945,mm,OK,--,8:49:56 PM,2/5/2026,
213,54.1,gf,0.945,mm,OK,--,8:49:56 PM,2/5/2026,
214,53.9,gf,0.945,mm,OK,--,8:49:56 PM,2/5/2026,
215,51.8,gf,0.945,mm,OK,--,8:49:56 PM,2/5/2026,
216,52.8,gf,0.950,mm,OK,--,8:49:56 PM,2/5/2026,
217,53.8,gf,0.950,mm,OK,--,8:49:56 PM,2/5/2026,
218,54.0,gf,0.950,mm,OK,--,8:49:56 PM,2/5/2026,
219,53.7,gf,0.955,mm,OK,--,8:49:56 PM,2/5/2026,
220,53.6,gf,0.955,mm,OK,--,8:49:57 PM,2/5/2026,
221,53.7,gf,0.960,mm,OK,--,8:49:57 PM,2/5/2026,
222,53.7,gf,0.960,mm,OK,--,8:49:57 PM,2/5/2026,
223,53.8,gf,0.960,mm,OK,--,8:49:57 PM,2/5/2026,
224,53.6,gf,0.965,mm,OK,--,8:49:57 PM,2/5/2026,
225,53.6,gf,0.970,mm,OK,--,8:49:57 PM,2/5/2026,
226,53.4,gf,0.975,mm,OK,--,8:49:57 PM,2/5/2026,
227,53.4,gf,0.975,mm,OK,--,8:49:57 PM,2/5/2026,
228,53.3,gf,0.980,mm,OK,--,8:49:57 PM,2/5/2026,
229,53.2,gf,0.980,mm,OK,--,8:49:57 PM,2/5/2026,
230,53.2,gf,0.985,mm,OK,--,8:49:58 PM,2/5/2026,
231,53.1,gf,0.985,mm,OK,--,8:49:58 PM,2/5/2026,
232,53.0,gf,0.990,mm,OK,--,8:49:58 PM,2/5/2026,
233,53.0,gf,0.995,mm,OK,--,8:49:58 PM,2/5/2026,
234,53.0,gf,1.000,mm,OK,--,8:49:58 PM,2/5/2026,
235,52.8,gf,1.000,mm,OK,--,8:49:58 PM,2/5/2026,
236,52.7,gf,1.005,mm,OK,--,8:49:58 PM,2/5/2026,
237,52.7,gf,1.005,mm,OK,--,8:49:58 PM,2/5/2026,
238,52.7,gf,1.010,mm,OK,--,8:49:58 PM,2/5/2026,
239,52.6,gf,1.015,mm,OK,--,8:49:58 PM,2/5/2026,
240,52.5,gf,1.015,mm,OK,--,8:49:59 PM,2/5/2026,
241,52.5,gf,1.020,mm,OK,--,8:49:59 PM,2/5/2026,
242,52.4,gf,1.020,mm,OK,--,8:49:59 PM,2/5/2026,
243,52.5,gf,1.020,mm,OK,--,8:49:59 PM,2/5/2026,
244,52.4,gf,1.025,mm,OK,--,8:49:59 PM,2/5/2026,
245,52.5,gf,1.030,mm,OK,--,8:49:59 PM,2/5/2026,
246,52.4,gf,1.030,mm,OK,--,8:49:59 PM,2/5/2026,
247,52.3,gf,1.035,mm,OK,--,8:49:59 PM,2/5/2026,
248,52.1,gf,1.040,mm,OK,--,8:49:59 PM,2/5/2026,
249,52.0,gf,1.045,mm,OK,--,8:49:59 PM,2/5/2026,
250,51.9,gf,1.045,mm,OK,--,8:50:00 PM,2/5/2026,
251,51.9,gf,1.050,mm,OK,--,8:50:00 PM,2/5/2026,
252,52.0,gf,1.055,mm,OK,--,8:50:00 PM,2/5/2026,
253,51.9,gf,1.055,mm,OK,--,8:50:00 PM,2/5/2026,
254,52.0,gf,1.060,mm,OK,--,8:50:00 PM,2/5/2026,
255,52.1,gf,1.065,mm,OK,--,8:50:00 PM,2/5/2026,
256,51.9,gf,1.070,mm,OK,--,8:50:00 PM,2/5/2026,
257,51.9,gf,1.070,mm,OK,--,8:50:00 PM,2/5/2026,
258,51.9,gf,1.075,mm,OK,--,8:50:00 PM,2/5/2026,
259,51.9,gf,1.080,mm,OK,--,8:50:00 PM,2/5/2026,
260,51.8,gf,1.080,mm,OK,--,8:50:01 PM,2/5/2026,
261,51.7,gf,1.085,mm,OK,--,8:50:01 PM,2/5/2026,
262,51.7,gf,1.085,mm,OK,--,8:50:01 PM,2/5/2026,
263,51.6,gf,1.090,mm,OK,--,8:50:01 PM,2/5/2026,
264,51.5,gf,1.090,mm,OK,--,8:50:01 PM,2/5/2026,
265,51.5,gf,1.095,mm,OK,--,8:50:01 PM,2/5/2026,
266,51.5,gf,1.095,mm,OK,--,8:50:01 PM,2/5/2026,
267,51.5,gf,1.100,mm,OK,--,8:50:01 PM,2/5/2026,
268,51.3,gf,1.100,mm,OK,--,8:50:01 PM,2/5/2026,
269,51.3,gf,1.100,mm,OK,--,8:50:01 PM,2/5/2026,
270,51.2,gf,1.105,mm,OK,--,8:50:02 PM,2/5/2026,
271,51.3,gf,1.105,mm,OK,--,8:50:02 PM,2/5/2026,
272,51.3,gf,1.105,mm,OK,--,8:50:02 PM,2/5/2026,
273,51.4,gf,1.110,mm,OK,--,8:50:02 PM,2/5/2026,
274,51.2,gf,1.110,mm,OK,--,8:50:02 PM,2/5/2026,
275,51.0,gf,1.110,mm,OK,--,8:50:02 PM,2/5/2026,
276,51.3,gf,1.115,mm,OK,--,8:50:02 PM,2/5/2026,
277,51.2,gf,1.115,mm,OK,--,8:50:02 PM,2/5/2026,
278,51.1,gf,1.120,mm,OK,--,8:50:02 PM,2/5/2026,
279,51.1,gf,1.120,mm,OK,--,8:50:02 PM,2/5/2026,
280,51.1,gf,1.125,mm,OK,--,8:50:03 PM,2/5/2026,
281,51.2,gf,1.125,mm,OK,--,8:50:03 PM,2/5/2026,
282,51.1,gf,1.130,mm,OK,--,8:50:03 PM,2/5/2026,
283,51.0,gf,1.135,mm,OK,--,8:50:03 PM,2/5/2026,
284,51.1,gf,1.135,mm,OK,--,8:50:03 PM,2/5/2026,
285,51.0,gf,1.140,mm,OK,--,8:50:03 PM,2/5/2026,
286,50.8,gf,1.145,mm,OK,--,8:50:03 PM,2/5/2026,
287,50.7,gf,1.150,mm,OK,--,8:50:03 PM,2/5/2026,
288,50.6,gf,1.160,mm,OK,--,8:50:03 PM,2/5/2026,
289,50.4,gf,1.165,mm,OK,--,8:50:03 PM,2/5/2026,
290,50.3,gf,1.165,mm,OK,--,8:50:04 PM,2/5/2026,
291,50.3,gf,1.170,mm,OK,--,8:50:04 PM,2/5/2026,
292,50.3,gf,1.175,mm,OK,--,8:50:04 PM,2/5/2026,
293,50.3,gf,1.180,mm,OK,--,8:50:04 PM,2/5/2026,
294,50.3,gf,1.180,mm,OK,--,8:50:04 PM,2/5/2026,
295,50.1,gf,1.185,mm,OK,--,8:50:04 PM,2/5/2026,
296,50.0,gf,1.190,mm,OK,--,8:50:04 PM,2/5/2026,
297,50.0,gf,1.190,mm,OK,--,8:50:04 PM,2/5/2026,
298,49.8,gf,1.195,mm,OK,--,8:50:04 PM,2/5/2026,
299,49.8,gf,1.195,mm,OK,--,8:50:04 PM,2/5/2026,
300,49.7,gf,1.195,mm,OK,--,8:50:05 PM,2/5/2026,
301,49.6,gf,1.200,mm,OK,--,8:50:05 PM,2/5/2026,
302,49.6,gf,1.200,mm,OK,--,8:50:05 PM,2/5/2026,
303,49.4,gf,1.200,mm,OK,--,8:50:05 PM,2/5/2026,
304,49.5,gf,1.200,mm,OK,--,8:50:05 PM,2/5/2026,
305,49.6,gf,1.200,mm,OK,--,8:50:05 PM,2/5/2026,
306,49.6,gf,1.205,mm,OK,--,8:50:05 PM,2/5/2026,
307,49.5,gf,1.205,mm,OK,--,8:50:05 PM,2/5/2026,
308,49.6,gf,1.205,mm,OK,--,8:50:05 PM,2/5/2026,
309,49.5,gf,1.205,mm,OK,--,8:50:05 PM,2/5/2026,
310,49.5,gf,1.205,mm,OK,--,8:50:06 PM,2/5/2026,
311,49.5,gf,1.210,mm,OK,--,8:50:06 PM,2/5/2026,
312,49.5,gf,1.210,mm,OK,--,8:50:06 PM,2/5/2026,
313,49.4,gf,1.210,mm,OK,--,8:50:06 PM,2/5/2026,
314,49.4,gf,1.210,mm,OK,--,8:50:06 PM,2/5/2026,
315,49.1,gf,1.210,mm,OK,--,8:50:06 PM,2/5/2026,
316,49.1,gf,1.215,mm,OK,--,8:50:06 PM,2/5/2026,
317,49.2,gf,1.215,mm,OK,--,8:50:06 PM,2/5/2026,
318,49.2,gf,1.215,mm,OK,--,8:50:06 PM,2/5/2026,
319,49.2,gf,1.215,mm,OK,--,8:50:06 PM,2/5/2026,
320,49.3,gf,1.215,mm,OK,--,8:50:07 PM,2/5/2026,
321,49.4,gf,1.215,mm,OK,--,8:50:07 PM,2/5/2026,
322,49.2,gf,1.215,mm,OK,--,8:50:07 PM,2/5/2026,
323,49.2,gf,1.220,mm,OK,--,8:50:07 PM,2/5/2026,
324,49.3,gf,1.220,mm,OK,--,8:50:07 PM,2/5/2026,
325,49.3,gf,1.220,mm,OK,--,8:50:07 PM,2/5/2026,
326,49.2,gf,1.225,mm,OK,--,8:50:07 PM,2/5/2026,
327,49.3,gf,1.225,mm,OK,--,8:50:07 PM,2/5/2026,
328,49.2,gf,1.225,mm,OK,--,8:50:07 PM,2/5/2026,
329,49.2,gf,1.225,mm,OK,--,8:50:07 PM,2/5/2026,
330,49.3,gf,1.230,mm,OK,--,8:50:08 PM,2/5/2026,
331,49.4,gf,1.230,mm,OK,--,8:50:08 PM,2/5/2026,
332,49.2,gf,1.235,mm,OK,--,8:50:08 PM,2/5/2026,
333,49.0,gf,1.235,mm,OK,--,8:50:08 PM,2/5/2026,
334,49.0,gf,1.240,mm,OK,--,8:50:08 PM,2/5/2026,
335,49.1,gf,1.240,mm,OK,--,8:50:08 PM,2/5/2026,
336,49.0,gf,1.245,mm,OK,--,8:50:08 PM,2/5/2026,
337,48.9,gf,1.250,mm,OK,--,8:50:08 PM,2/5/2026,
338,48.7,gf,1.260,mm,OK,--,8:50:08 PM,2/5/2026,
339,48.3,gf,1.265,mm,OK,--,8:50:08 PM,2/5/2026,
340,48.3,gf,1.270,mm,OK,--,8:50:09 PM,2/5/2026,
341,48.3,gf,1.270,mm,OK,--,8:50:09 PM,2/5/2026,
342,48.3,gf,1.275,mm,OK,--,8:50:09 PM,2/5/2026,
343,48.1,gf,1.280,mm,OK,--,8:50:09 PM,2/5/2026,
344,48.1,gf,1.285,mm,OK,--,8:50:09 PM,2/5/2026,
345,48.0,gf,1.290,mm,OK,--,8:50:09 PM,2/5/2026,
346,47.9,gf,1.290,mm,OK,--,8:50:09 PM,2/5/2026,
347,48.0,gf,1.295,mm,OK,--,8:50:09 PM,2/5/2026,
348,48.0,gf,1.300,mm,OK,--,8:50:09 PM,2/5/2026,
349,48.1,gf,1.305,mm,OK,--,8:50:09 PM,2/5/2026,
350,47.8,gf,1.305,mm,OK,--,8:50:10 PM,2/5/2026,
351,47.9,gf,1.310,mm,OK,--,8:50:10 PM,2/5/2026,
352,47.8,gf,1.315,mm,OK,--,8:50:10 PM,2/5/2026,
353,47.9,gf,1.315,mm,OK,--,8:50:10 PM,2/5/2026,
354,47.9,gf,1.320,mm,OK,--,8:50:10 PM,2/5/2026,
355,47.7,gf,1.325,mm,OK,--,8:50:10 PM,2/5/2026,
356,47.8,gf,1.325,mm,OK,--,8:50:10 PM,2/5/2026,
357,47.9,gf,1.330,mm,OK,--,8:50:10 PM,2/5/2026,
358,47.8,gf,1.335,mm,OK,--,8:50:10 PM,2/5/2026,
359,47.8,gf,1.340,mm,OK,--,8:50:10 PM,2/5/2026,
360,47.7,gf,1.345,mm,OK,--,8:50:11 PM,2/5/2026,
361,47.6,gf,1.350,mm,OK,--,8:50:11 PM,2/5/2026,
362,47.5,gf,1.355,mm,OK,--,8:50:11 PM,2/5/2026,
363,47.4,gf,1.360,mm,OK,--,8:50:11 PM,2/5/2026,
364,47.2,gf,1.360,mm,OK,--,8:50:11 PM,2/5/2026,
365,47.3,gf,1.365,mm,OK,--,8:50:11 PM,2/5/2026,
366,47.1,gf,1.370,mm,OK,--,8:50:11 PM,2/5/2026,
367,46.8,gf,1.375,mm,OK,--,8:50:11 PM,2/5/2026,
368,46.7,gf,1.380,mm,OK,--,8:50:11 PM,2/5/2026,
369,46.7,gf,1.385,mm,OK,--,8:50:11 PM,2/5/2026,
370,46.6,gf,1.385,mm,OK,--,8:50:12 PM,2/5/2026,
371,46.5,gf,1.390,mm,OK,--,8:50:12 PM,2/5/2026,
372,46.5,gf,1.390,mm,OK,--,8:50:12 PM,2/5/2026,
373,46.3,gf,1.395,mm,OK,--,8:50:12 PM,2/5/2026,
374,46.2,gf,1.400,mm,OK,--,8:50:12 PM,2/5/2026,
375,46.2,gf,1.400,mm,OK,--,8:50:12 PM,2/5/2026,
376,46.2,gf,1.405,mm,OK,--,8:50:12 PM,2/5/2026,
377,46.2,gf,1.410,mm,OK,--,8:50:12 PM,2/5/2026,
378,45.9,gf,1.415,mm,OK,--,8:50:12 PM,2/5/2026,
379,45.7,gf,1.415,mm,OK,--,8:50:12 PM,2/5/2026,
380,45.8,gf,1.420,mm,OK,--,8:50:13 PM,2/5/2026,
381,45.8,gf,1.420,mm,OK,--,8:50:13 PM,2/5/2026,
382,45.8,gf,1.425,mm,OK,--,8:50:13 PM,2/5/2026,
383,45.6,gf,1.430,mm,OK,--,8:50:13 PM,2/5/2026,
384,45.6,gf,1.435,mm,OK,--,8:50:13 PM,2/5/2026,
385,45.4,gf,1.435,mm,OK,--,8:50:13 PM,2/5/2026,
386,45.4,gf,1.440,mm,OK,--,8:50:13 PM,2/5/2026,
387,45.3,gf,1.440,mm,OK,--,8:50:13 PM,2/5/2026,
388,45.4,gf,1.440,mm,OK,--,8:50:13 PM,2/5/2026,
389,45.3,gf,1.445,mm,OK,--,8:50:13 PM,2/5/2026,
390,45.3,gf,1.445,mm,OK,--,8:50:14 PM,2/5/2026,
391,45.2,gf,1.450,mm,OK,--,8:50:14 PM,2/5/2026,
392,44.9,gf,1.455,mm,OK,--,8:50:14 PM,2/5/2026,
393,44.7,gf,1.460,mm,OK,--,8:50:14 PM,2/5/2026,
394,44.6,gf,1.465,mm,OK,--,8:50:14 PM,2/5/2026,
395,44.5,gf,1.465,mm,OK,--,8:50:14 PM,2/5/2026,
396,44.4,gf,1.470,mm,OK,--,8:50:14 PM,2/5/2026,
397,44.4,gf,1.470,mm,OK,--,8:50:14 PM,2/5/2026,
398,44.3,gf,1.475,mm,OK,--,8:50:14 PM,2/5/2026,
399,44.1,gf,1.475,mm,OK,--,8:50:14 PM,2/5/2026,
400,44.1,gf,1.480,mm,OK,--,8:50:15 PM,2/5/2026,
401,44.2,gf,1.480,mm,OK,--,8:50:15 PM,2/5/2026,
402,44.4,gf,1.480,mm,OK,--,8:50:15 PM,2/5/2026,
403,44.6,gf,1.480,mm,OK,--,8:50:15 PM,2/5/2026,
404,44.3,gf,1.485,mm,OK,--,8:50:15 PM,2/5/2026,
405,43.9,gf,1.485,mm,OK,--,8:50:15 PM,2/5/2026,
406,44.2,gf,1.485,mm,OK,--,8:50:15 PM,2/5/2026,
407,44.0,gf,1.485,mm,OK,--,8:50:15 PM,2/5/2026,
408,44.1,gf,1.490,mm,OK,--,8:50:15 PM,2/5/2026,
409,44.0,gf,1.490,mm,OK,--,8:50:15 PM,2/5/2026,
410,43.9,gf,1.490,mm,OK,--,8:50:16 PM,2/5/2026,
411,44.0,gf,1.495,mm,OK,--,8:50:16 PM,2/5/2026,
412,43.9,gf,1.495,mm,OK,--,8:50:16 PM,2/5/2026,
413,44.0,gf,1.500,mm,OK,--,8:50:16 PM,2/5/2026,
414,43.9,gf,1.505,mm,OK,--,8:50:16 PM,2/5/2026,
415,43.9,gf,1.510,mm,OK,--,8:50:16 PM,2/5/2026,
416,43.8,gf,1.515,mm,OK,--,8:50:16 PM,2/5/2026,
417,43.6,gf,1.520,mm,OK,--,8:50:16 PM,2/5/2026,
418,43.5,gf,1.525,mm,OK,--,8:50:16 PM,2/5/2026,
419,43.3,gf,1.530,mm,OK,--,8:50:16 PM,2/5/2026,
420,43.2,gf,1.530,mm,OK,--,8:50:17 PM,2/5/2026,
421,43.2,gf,1.535,mm,OK,--,8:50:17 PM,2/5/2026,
422,43.2,gf,1.535,mm,OK,--,8:50:17 PM,2/5/2026,
423,43.1,gf,1.540,mm,OK,--,8:50:17 PM,2/5/2026,
424,43.1,gf,1.540,mm,OK,--,8:50:17 PM,2/5/2026,
425,43.2,gf,1.545,mm,OK,--,8:50:17 PM,2/5/2026,
426,43.2,gf,1.550,mm,OK,--,8:50:17 PM,2/5/2026,
427,43.1,gf,1.550,mm,OK,--,8:50:17 PM,2/5/2026,
428,42.9,gf,1.550,mm,OK,--,8:50:17 PM,2/5/2026,
429,43.0,gf,1.555,mm,OK,--,8:50:17 PM,2/5/2026,
430,42.9,gf,1.555,mm,OK,--,8:50:18 PM,2/5/2026,
431,43.0,gf,1.560,mm,OK,--,8:50:18 PM,2/5/2026,
432,42.9,gf,1.560,mm,OK,--,8:50:18 PM,2/5/2026,
433,43.0,gf,1.565,mm,OK,--,8:50:18 PM,2/5/2026,
434,42.8,gf,1.565,mm,OK,--,8:50:18 PM,2/5/2026,
435,42.6,gf,1.575,mm,OK,--,8:50:18 PM,2/5/2026,
436,42.3,gf,1.580,mm,OK,--,8:50:18 PM,2/5/2026,
437,42.0,gf,1.585,mm,OK,--,8:50:18 PM,2/5/2026,
438,41.9,gf,1.595,mm,OK,--,8:50:18 PM,2/5/2026,
439,41.7,gf,1.600,mm,OK,--,8:50:18 PM,2/5/2026,
440,41.6,gf,1.605,mm,OK,--,8:50:19 PM,2/5/2026,
441,41.4,gf,1.610,mm,OK,--,8:50:19 PM,2/5/2026,
442,41.3,gf,1.610,mm,OK,--,8:50:19 PM,2/5/2026,
443,41.3,gf,1.615,mm,OK,--,8:50:19 PM,2/5/2026,
444,41.2,gf,1.620,mm,OK,--,8:50:19 PM,2/5/2026,
445,41.1,gf,1.625,mm,OK,--,8:50:19 PM,2/5/2026,
446,41.0,gf,1.630,mm,OK,--,8:50:19 PM,2/5/2026,
447,41.0,gf,1.635,mm,OK,--,8:50:19 PM,2/5/2026,
448,40.6,gf,1.640,mm,OK,--,8:50:19 PM,2/5/2026,
449,40.6,gf,1.645,mm,OK,--,8:50:19 PM,2/5/2026,
450,40.4,gf,1.645,mm,OK,--,8:50:20 PM,2/5/2026,
451,40.5,gf,1.650,mm,OK,--,8:50:20 PM,2/5/2026,
452,40.4,gf,1.655,mm,OK,--,8:50:20 PM,2/5/2026,
453,40.2,gf,1.660,mm,OK,--,8:50:20 PM,2/5/2026,
454,40.0,gf,1.665,mm,OK,--,8:50:20 PM,2/5/2026,
455,39.9,gf,1.670,mm,OK,--,8:50:20 PM,2/5/2026,
456,40.0,gf,1.675,mm,OK,--,8:50:20 PM,2/5/2026,
457,39.8,gf,1.680,mm,OK,--,8:50:20 PM,2/5/2026,
458,39.8,gf,1.680,mm,OK,--,8:50:20 PM,2/5/2026,
459,39.9,gf,1.685,mm,OK,--,8:50:20 PM,2/5/2026,
460,39.9,gf,1.690,mm,OK,--,8:50:21 PM,2/5/2026,
461,39.9,gf,1.695,mm,OK,--,8:50:21 PM,2/5/2026,
462,39.9,gf,1.695,mm,OK,--,8:50:21 PM,2/5/2026,
463,39.9,gf,1.700,mm,OK,--,8:50:21 PM,2/5/2026,
464,39.8,gf,1.705,mm,OK,--,8:50:21 PM,2/5/2026,
465,39.9,gf,1.705,mm,OK,--,8:50:21 PM,2/5/2026,
466,39.8,gf,1.710,mm,OK,--,8:50:21 PM,2/5/2026,
467,39.9,gf,1.715,mm,OK,--,8:50:21 PM,2/5/2026,
468,39.9,gf,1.720,mm,OK,--,8:50:21 PM,2/5/2026,
469,39.8,gf,1.720,mm,OK,--,8:50:21 PM,2/5/2026,
470,39.6,gf,1.725,mm,OK,--,8:50:22 PM,2/5/2026,
471,39.6,gf,1.730,mm,OK,--,8:50:22 PM,2/5/2026,
472,39.4,gf,1.735,mm,OK,--,8:50:22 PM,2/5/2026,
473,39.3,gf,1.735,mm,OK,--,8:50:22 PM,2/5/2026,
474,39.2,gf,1.740,mm,OK,--,8:50:22 PM,2/5/2026,
475,39.1,gf,1.740,mm,OK,--,8:50:22 PM,2/5/2026,
476,38.9,gf,1.745,mm,OK,--,8:50:22 PM,2/5/2026,
477,39.2,gf,1.745,mm,OK,--,8:50:22 PM,2/5/2026,
478,39.0,gf,1.750,mm,OK,--,8:50:22 PM,2/5/2026,
479,39.1,gf,1.750,mm,OK,--,8:50:22 PM,2/5/2026,
480,39.1,gf,1.755,mm,OK,--,8:50:23 PM,2/5/2026,
481,38.8,gf,1.755,mm,OK,--,8:50:23 PM,2/5/2026,
482,38.9,gf,1.755,mm,OK,--,8:50:23 PM,2/5/2026,
483,38.8,gf,1.760,mm,OK,--,8:50:23 PM,2/5/2026,
484,38.7,gf,1.760,mm,OK,--,8:50:23 PM,2/5/2026,
485,38.6,gf,1.765,mm,OK,--,8:50:23 PM,2/5/2026,
486,38.5,gf,1.770,mm,OK,--,8:50:23 PM,2/5/2026,
487,38.5,gf,1.770,mm,OK,--,8:50:23 PM,2/5/2026,
488,38.5,gf,1.775,mm,OK,--,8:50:23 PM,2/5/2026,
489,38.2,gf,1.775,mm,OK,--,8:50:23 PM,2/5/2026,
490,38.1,gf,1.780,mm,OK,--,8:50:24 PM,2/5/2026,
491,38.0,gf,1.780,mm,OK,--,8:50:24 PM,2/5/2026,
492,38.3,gf,1.785,mm,OK,--,8:50:24 PM,2/5/2026,
493,38.2,gf,1.790,mm,OK,--,8:50:24 PM,2/5/2026,
494,37.9,gf,1.790,mm,OK,--,8:50:24 PM,2/5/2026,
495,37.7,gf,1.795,mm,OK,--,8:50:24 PM,2/5/2026,
496,37.6,gf,1.800,mm,OK,--,8:50:24 PM,2/5/2026,
497,37.5,gf,1.805,mm,OK,--,8:50:24 PM,2/5/2026,
498,37.4,gf,1.805,mm,OK,--,8:50:24 PM,2/5/2026,
499,37.5,gf,1.810,mm,OK,--,8:50:24 PM,2/5/2026,
500,37.5,gf,1.810,mm,OK,--,8:50:25 PM,2/5/2026,
501,37.5,gf,1.815,mm,OK,--,8:50:25 PM,2/5/2026,
502,37.4,gf,1.820,mm,OK,--,8:50:25 PM,2/5/2026,
503,37.2,gf,1.820,mm,OK,--,8:50:25 PM,2/5/2026,
504,37.1,gf,1.825,mm,OK,--,8:50:25 PM,2/5/2026,
505,37.2,gf,1.825,mm,OK,--,8:50:25 PM,2/5/2026,
506,37.2,gf,1.830,mm,OK,--,8:50:25 PM,2/5/2026,
507,37.2,gf,1.835,mm,OK,--,8:50:25 PM,2/5/2026,
508,37.2,gf,1.835,mm,OK,--,8:50:25 PM,2/5/2026,
509,37.3,gf,1.840,mm,OK,--,8:50:25 PM,2/5/2026,
510,37.3,gf,1.845,mm,OK,--,8:50:26 PM,2/5/2026,
511,37.2,gf,1.850,mm,OK,--,8:50:26 PM,2/5/2026,
512,37.2,gf,1.855,mm,OK,--,8:50:26 PM,2/5/2026,
513,37.1,gf,1.865,mm,OK,--,8:50:26 PM,2/5/2026,
514,37.1,gf,1.870,mm,OK,--,8:50:26 PM,2/5/2026,
515,37.1,gf,1.875,mm,OK,--,8:50:26 PM,2/5/2026,
516,37.0,gf,1.885,mm,OK,--,8:50:26 PM,2/5/2026,
517,36.8,gf,1.890,mm,OK,--,8:50:26 PM,2/5/2026,
518,36.8,gf,1.895,mm,OK,--,8:50:26 PM,2/5/2026,
519,36.7,gf,1.900,mm,OK,--,8:50:26 PM,2/5/2026,
520,36.6,gf,1.905,mm,OK,--,8:50:27 PM,2/5/2026,
521,36.5,gf,1.915,mm,OK,--,8:50:27 PM,2/5/2026,
522,36.4,gf,1.920,mm,OK,--,8:50:27 PM,2/5/2026,
523,36.5,gf,1.925,mm,OK,--,8:50:27 PM,2/5/2026,
524,36.2,gf,1.930,mm,OK,--,8:50:27 PM,2/5/2026,
525,36.1,gf,1.935,mm,OK,--,8:50:27 PM,2/5/2026,
526,36.0,gf,1.940,mm,OK,--,8:50:27 PM,2/5/2026,
527,35.9,gf,1.945,mm,OK,--,8:50:27 PM,2/5/2026,
528,35.8,gf,1.950,mm,OK,--,8:50:27 PM,2/5/2026,
529,35.6,gf,1.955,mm,OK,--,8:50:27 PM,2/5/2026,
530,35.6,gf,1.960,mm,OK,--,8:50:28 PM,2/5/2026,
531,35.5,gf,1.960,mm,OK,--,8:50:28 PM,2/5/2026,
532,35.4,gf,1.965,mm,OK,--,8:50:28 PM,2/5/2026,
533,35.6,gf,1.965,mm,OK,--,8:50:28 PM,2/5/2026,
534,35.6,gf,1.970,mm,OK,--,8:50:28 PM,2/5/2026,
535,35.7,gf,1.975,mm,OK,--,8:50:28 PM,2/5/2026,
536,35.7,gf,1.980,mm,OK,--,8:50:28 PM,2/5/2026,
537,35.7,gf,1.985,mm,OK,--,8:50:28 PM,2/5/2026,
538,36.0,gf,1.990,mm,OK,--,8:50:28 PM,2/5/2026,
539,35.9,gf,2.000,mm,OK,--,8:50:28 PM,2/5/2026,
540,35.8,gf,2.005,mm,OK,--,8:50:29 PM,2/5/2026,
541,35.7,gf,2.005,mm,OK,--,8:50:29 PM,2/5/2026,
542,35.7,gf,2.010,mm,OK,--,8:50:29 PM,2/5/2026,
543,35.7,gf,2.015,mm,OK,--,8:50:29 PM,2/5/2026,
544,35.8,gf,2.020,mm,OK,--,8:50:29 PM,2/5/2026,
545,35.8,gf,2.025,mm,OK,--,8:50:29 PM,2/5/2026,
546,35.8,gf,2.030,mm,OK,--,8:50:29 PM,2/5/2026,
547,35.7,gf,2.030,mm,OK,--,8:50:29 PM,2/5/2026,
548,35.7,gf,2.035,mm,OK,--,8:50:29 PM,2/5/2026,
549,35.6,gf,2.035,mm,OK,--,8:50:29 PM,2/5/2026,
550,35.6,gf,2.040,mm,OK,--,8:50:30 PM,2/5/2026,
551,35.6,gf,2.040,mm,OK,--,8:50:30 PM,2/5/2026,
552,35.7,gf,2.045,mm,OK,--,8:50:30 PM,2/5/2026,
553,35.8,gf,2.045,mm,OK,--,8:50:30 PM,2/5/2026,
554,35.7,gf,2.045,mm,OK,--,8:50:30 PM,2/5/2026,
555,35.9,gf,2.050,mm,OK,--,8:50:30 PM,2/5/2026,
556,36.0,gf,2.050,mm,OK,--,8:50:30 PM,2/5/2026,
557,36.0,gf,2.055,mm,OK,--,8:50:30 PM,2/5/2026,
558,35.9,gf,2.055,mm,OK,--,8:50:30 PM,2/5/2026,
559,36.0,gf,2.060,mm,OK,--,8:50:30 PM,2/5/2026,
560,36.1,gf,2.060,mm,OK,--,8:50:31 PM,2/5/2026,
561,36.1,gf,2.060,mm,OK,--,8:50:31 PM,2/5/2026,
562,36.1,gf,2.065,mm,OK,--,8:50:31 PM,2/5/2026,
563,36.0,gf,2.065,mm,OK,--,8:50:31 PM,2/5/2026,
564,35.9,gf,2.070,mm,OK,--,8:50:31 PM,2/5/2026,
565,36.2,gf,2.070,mm,OK,--,8:50:31 PM,2/5/2026,
566,36.2,gf,2.075,mm,OK,--,8:50:31 PM,2/5/2026,
567,36.2,gf,2.075,mm,OK,--,8:50:31 PM,2/5/2026,
568,36.1,gf,2.080,mm,OK,--,8:50:31 PM,2/5/2026,
569,36.0,gf,2.085,mm,OK,--,8:50:31 PM,2/5/2026,
570,36.0,gf,2.085,mm,OK,--,8:50:32 PM,2/5/2026,
571,36.0,gf,2.085,mm,OK,--,8:50:32 PM,2/5/2026,
572,36.0,gf,2.090,mm,OK,--,8:50:32 PM,2/5/2026,
573,35.9,gf,2.090,mm,OK,--,8:50:32 PM,2/5/2026,
574,36.0,gf,2.090,mm,OK,--,8:50:32 PM,2/5/2026,
575,36.2,gf,2.090,mm,OK,--,8:50:32 PM,2/5/2026,
576,36.2,gf,2.090,mm,OK,--,8:50:32 PM,2/5/2026,
577,36.3,gf,2.095,mm,OK,--,8:50:32 PM,2/5/2026,
578,36.1,gf,2.095,mm,OK,--,8:50:32 PM,2/5/2026,
579,36.1,gf,2.095,mm,OK,--,8:50:32 PM,2/5/2026,
580,36.3,gf,2.095,mm,OK,--,8:50:33 PM,2/5/2026,
581,36.3,gf,2.095,mm,OK,--,8:50:33 PM,2/5/2026,
582,36.2,gf,2.100,mm,OK,--,8:50:33 PM,2/5/2026,
583,36.1,gf,2.100,mm,OK,--,8:50:33 PM,2/5/2026,
584,36.1,gf,2.100,mm,OK,--,8:50:33 PM,2/5/2026,
585,36.1,gf,2.100,mm,OK,--,8:50:33 PM,2/5/2026,
586,36.2,gf,2.105,mm,OK,--,8:50:33 PM,2/5/2026,
587,36.3,gf,2.105,mm,OK,--,8:50:33 PM,2/5/2026,
588,36.2,gf,2.105,mm,OK,--,8:50:33 PM,2/5/2026,
589,36.2,gf,2.105,mm,OK,--,8:50:33 PM,2/5/2026,
590,36.2,gf,2.105,mm,OK,--,8:50:34 PM,2/5/2026,
591,36.2,gf,2.105,mm,OK,--,8:50:34 PM,2/5/2026,
592,36.3,gf,2.110,mm,OK,--,8:50:34 PM,2/5/2026,
593,36.3,gf,2.110,mm,OK,--,8:50:34 PM,2/5/2026,
594,36.3,gf,2.110,mm,OK,--,8:50:34 PM,2/5/2026,
595,36.2,gf,2.110,mm,OK,--,8:50:34 PM,2/5/2026,
596,36.2,gf,2.110,mm,OK,--,8:50:34 PM,2/5/2026,
597,36.1,gf,2.110,mm,OK,--,8:50:34 PM,2/5/2026,
598,36.1,gf,2.110,mm,OK,--,8:50:34 PM,2/5/2026,
599,36.2,gf,2.115,mm,OK,--,8:50:34 PM,2/5/2026,
600,36.3,gf,2.115,mm,OK,--,8:50:35 PM,2/5/2026,
601,36.3,gf,2.115,mm,OK,--,8:50:35 PM,2/5/2026,
602,36.3,gf,2.115,mm,OK,--,8:50:35 PM,2/5/2026,
603,36.3,gf,2.115,mm,OK,--,8:50:35 PM,2/5/2026,
604,36.2,gf,2.115,mm,OK,--,8:50:35 PM,2/5/2026,
605,36.3,gf,2.120,mm,OK,--,8:50:35 PM,2/5/2026,
606,36.2,gf,2.120,mm,OK,--,8:50:35 PM,2/5/2026,
607,36.2,gf,2.120,mm,OK,--,8:50:35 PM,2/5/2026,
608,36.2,gf,2.120,mm,OK,--,8:50:35 PM,2/5/2026,
609,36.4,gf,2.120,mm,OK,--,8:50:35 PM,2/5/2026,
610,36.5,gf,2.120,mm,OK,--,8:50:36 PM,2/5/2026,
611,36.4,gf,2.125,mm,OK,--,8:50:36 PM,2/5/2026,
612,36.4,gf,2.125,mm,OK,--,8:50:36 PM,2/5/2026,
613,36.3,gf,2.125,mm,OK,--,8:50:36 PM,2/5/2026,
614,36.4,gf,2.125,mm,OK,--,8:50:36 PM,2/5/2026,
615,36.4,gf,2.130,mm,OK,--,8:50:36 PM,2/5/2026,
616,36.4,gf,2.130,mm,OK,--,8:50:36 PM,2/5/2026,
617,36.3,gf,2.130,mm,OK,--,8:50:36 PM,2/5/2026,
618,36.3,gf,2.130,mm,OK,--,8:50:36 PM,2/5/2026,
619,36.4,gf,2.135,mm,OK,--,8:50:36 PM,2/5/2026,
620,36.3,gf,2.135,mm,OK,--,8:50:37 PM,2/5/2026,
621,36.3,gf,2.135,mm,OK,--,8:50:37 PM,2/5/2026,
622,36.3,gf,2.140,mm,OK,--,8:50:37 PM,2/5/2026,
623,36.3,gf,2.140,mm,OK,--,8:50:37 PM,2/5/2026,
624,36.3,gf,2.140,mm,OK,--,8:50:37 PM,2/5/2026,
625,36.4,gf,2.145,mm,OK,--,8:50:37 PM,2/5/2026,
626,36.3,gf,2.145,mm,OK,--,8:50:37 PM,2/5/2026,
627,36.3,gf,2.150,mm,OK,--,8:50:37 PM,2/5/2026,
628,36.2,gf,2.150,mm,OK,--,8:50:37 PM,2/5/2026,
629,36.2,gf,2.155,mm,OK,--,8:50:37 PM,2/5/2026,
630,36.3,gf,2.155,mm,OK,--,8:50:38 PM,2/5/2026,
631,36.2,gf,2.160,mm,OK,--,8:50:38 PM,2/5/2026,
632,36.0,gf,2.165,mm,OK,--,8:50:38 PM,2/5/2026,
633,36.0,gf,2.165,mm,OK,--,8:50:38 PM,2/5/2026,
634,36.0,gf,2.165,mm,OK,--,8:50:38 PM,2/5/2026,
635,36.0,gf,2.165,mm,OK,--,8:50:38 PM,2/5/2026,
636,36.2,gf,2.170,mm,OK,--,8:50:38 PM,2/5/2026,
637,36.4,gf,2.170,mm,OK,--,8:50:38 PM,2/5/2026,
638,36.3,gf,2.170,mm,OK,--,8:50:38 PM,2/5/2026,
639,36.3,gf,2.175,mm,OK,--,8:50:38 PM,2/5/2026,
640,36.3,gf,2.175,mm,OK,--,8:50:39 PM,2/5/2026,
641,36.3,gf,2.175,mm,OK,--,8:50:39 PM,2/5/2026,
642,36.2,gf,2.180,mm,OK,--,8:50:39 PM,2/5/2026,
643,36.4,gf,2.180,mm,OK,--,8:50:39 PM,2/5/2026,
644,36.3,gf,2.180,mm,OK,--,8:50:39 PM,2/5/2026,
645,36.4,gf,2.185,mm,OK,--,8:50:39 PM,2/5/2026,
646,36.3,gf,2.185,mm,OK,--,8:50:39 PM,2/5/2026,
647,36.3,gf,2.185,mm,OK,--,8:50:39 PM,2/5/2026,
648,36.3,gf,2.185,mm,OK,--,8:50:39 PM,2/5/2026,
649,36.3,gf,2.185,mm,OK,--,8:50:39 PM,2/5/2026,
650,36.3,gf,2.190,mm,OK,--,8:50:40 PM,2/5/2026,
651,36.4,gf,2.190,mm,OK,--,8:50:40 PM,2/5/2026,
652,36.5,gf,2.190,mm,OK,--,8:50:40 PM,2/5/2026,
653,36.5,gf,2.190,mm,OK,--,8:50:40 PM,2/5/2026,
654,36.6,gf,2.195,mm,OK,--,8:50:40 PM,2/5/2026,
655,36.6,gf,2.195,mm,OK,--,8:50:40 PM,2/5/2026,
656,36.8,gf,2.195,mm,OK,--,8:50:40 PM,2/5/2026,
657,36.9,gf,2.200,mm,OK,--,8:50:40 PM,2/5/2026,
658,36.7,gf,2.205,mm,OK,--,8:50:40 PM,2/5/2026,
659,36.7,gf,2.205,mm,OK,--,8:50:40 PM,2/5/2026,
660,36.8,gf,2.210,mm,OK,--,8:50:41 PM,2/5/2026,
661,36.7,gf,2.215,mm,OK,--,8:50:41 PM,2/5/2026,
662,36.8,gf,2.215,mm,OK,--,8:50:41 PM,2/5/2026,
663,36.9,gf,2.215,mm,OK,--,8:50:41 PM,2/5/2026,
664,37.0,gf,2.220,mm,OK,--,8:50:41 PM,2/5/2026,
665,37.0,gf,2.220,mm,OK,--,8:50:41 PM,2/5/2026,
666,37.1,gf,2.225,mm,OK,--,8:50:41 PM,2/5/2026,
667,37.0,gf,2.225,mm,OK,--,8:50:41 PM,2/5/2026,
668,36.8,gf,2.230,mm,OK,--,8:50:41 PM,2/5/2026,
669,36.8,gf,2.230,mm,OK,--,8:50:41 PM,2/5/2026,
670,37.0,gf,2.235,mm,OK,--,8:50:42 PM,2/5/2026,
671,36.9,gf,2.235,mm,OK,--,8:50:42 PM,2/5/2026,
672,37.0,gf,2.235,mm,OK,--,8:50:42 PM,2/5/2026,
673,37.0,gf,2.240,mm,OK,--,8:50:42 PM,2/5/2026,
674,37.0,gf,2.240,mm,OK,--,8:50:42 PM,2/5/2026,
675,36.9,gf,2.240,mm,OK,--,8:50:42 PM,2/5/2026,
676,37.0,gf,2.240,mm,OK,--,8:50:42 PM,2/5/2026,
677,37.0,gf,2.240,mm,OK,--,8:50:42 PM,2/5/2026,
678,37.0,gf,2.240,mm,OK,--,8:50:42 PM,2/5/2026,
679,36.7,gf,2.245,mm,OK,--,8:50:42 PM,2/5/2026,
680,36.6,gf,2.245,mm,OK,--,8:50:43 PM,2/5/2026,
681,36.7,gf,2.245,mm,OK,--,8:50:43 PM,2/5/2026,
682,36.9,gf,2.245,mm,OK,--,8:50:43 PM,2/5/2026,
683,37.2,gf,2.245,mm,OK,--,8:50:43 PM,2/5/2026,
684,37.4,gf,2.245,mm,OK,--,8:50:43 PM,2/5/2026,
685,37.4,gf,2.245,mm,OK,--,8:50:43 PM,2/5/2026,
686,37.2,gf,2.245,mm,OK,--,8:50:43 PM,2/5/2026,
687,37.4,gf,2.245,mm,OK,--,8:50:43 PM,2/5/2026,
688,37.3,gf,2.250,mm,OK,--,8:50:43 PM,2/5/2026,
689,37.2,gf,2.250,mm,OK,--,8:50:43 PM,2/5/2026,
690,37.4,gf,2.250,mm,OK,--,8:50:44 PM,2/5/2026,
691,37.4,gf,2.250,mm,OK,--,8:50:44 PM,2/5/2026,
692,37.4,gf,2.255,mm,OK,--,8:50:44 PM,2/5/2026,
693,37.3,gf,2.255,mm,OK,--,8:50:44 PM,2/5/2026,
694,37.3,gf,2.255,mm,OK,--,8:50:44 PM,2/5/2026,
695,37.2,gf,2.255,mm,OK,--,8:50:44 PM,2/5/2026,
696,37.3,gf,2.260,mm,OK,--,8:50:44 PM,2/5/2026,
697,37.5,gf,2.260,mm,OK,--,8:50:44 PM,2/5/2026,
698,37.5,gf,2.260,mm,OK,--,8:50:44 PM,2/5/2026,
699,37.5,gf,2.265,mm,OK,--,8:50:44 PM,2/5/2026,
700,37.5,gf,2.265,mm,OK,--,8:50:45 PM,2/5/2026,
701,37.5,gf,2.265,mm,OK,--,8:50:45 PM,2/5/2026,
702,37.5,gf,2.270,mm,OK,--,8:50:45 PM,2/5/2026,
703,37.5,gf,2.270,mm,OK,--,8:50:45 PM,2/5/2026,
704,37.5,gf,2.275,mm,OK,--,8:50:45 PM,2/5/2026,
705,37.6,gf,2.275,mm,OK,--,8:50:45 PM,2/5/2026,
706,37.6,gf,2.275,mm,OK,--,8:50:45 PM,2/5/2026,
707,37.7,gf,2.280,mm,OK,--,8:50:45 PM,2/5/2026,
708,37.8,gf,2.280,mm,OK,--,8:50:45 PM,2/5/2026,
709,37.8,gf,2.285,mm,OK,--,8:50:45 PM,2/5/2026,
710,37.9,gf,2.285,mm,OK,--,8:50:46 PM,2/5/2026,
711,38.0,gf,2.290,mm,OK,--,8:50:46 PM,2/5/2026,
712,38.1,gf,2.295,mm,OK,--,8:50:46 PM,2/5/2026,
713,38.2,gf,2.300,mm,OK,--,8:50:46 PM,2/5/2026,
714,38.3,gf,2.305,mm,OK,--,8:50:46 PM,2/5/2026,
715,38.2,gf,2.310,mm,OK,--,8:50:46 PM,2/5/2026,
716,38.3,gf,2.315,mm,OK,--,8:50:46 PM,2/5/2026,
717,38.4,gf,2.320,mm,OK,--,8:50:46 PM,2/5/2026,
718,38.3,gf,2.325,mm,OK,--,8:50:46 PM,2/5/2026,
719,38.4,gf,2.330,mm,OK,--,8:50:46 PM,2/5/2026,
720,38.4,gf,2.330,mm,OK,--,8:50:47 PM,2/5/2026,
721,38.6,gf,2.335,mm,OK,--,8:50:47 PM,2/5/2026,
722,38.6,gf,2.340,mm,OK,--,8:50:47 PM,2/5/2026,
723,38.8,gf,2.345,mm,OK,--,8:50:47 PM,2/5/2026,
724,38.8,gf,2.350,mm,OK,--,8:50:47 PM,2/5/2026,
725,38.9,gf,2.355,mm,OK,--,8:50:47 PM,2/5/2026,
726,39.0,gf,2.360,mm,OK,--,8:50:47 PM,2/5/2026,
727,39.1,gf,2.360,mm,OK,--,8:50:47 PM,2/5/2026,
728,39.1,gf,2.365,mm,OK,--,8:50:47 PM,2/5/2026,
729,39.2,gf,2.365,mm,OK,--,8:50:47 PM,2/5/2026,
730,39.4,gf,2.370,mm,OK,--,8:50:48 PM,2/5/2026,
731,39.5,gf,2.370,mm,OK,--,8:50:48 PM,2/5/2026,
732,39.5,gf,2.380,mm,OK,--,8:50:48 PM,2/5/2026,
733,39.5,gf,2.385,mm,OK,--,8:50:48 PM,2/5/2026,
734,39.7,gf,2.390,mm,OK,--,8:50:48 PM,2/5/2026,
735,39.8,gf,2.395,mm,OK,--,8:50:48 PM,2/5/2026,
736,39.9,gf,2.405,mm,OK,--,8:50:48 PM,2/5/2026,
737,40.0,gf,2.410,mm,OK,--,8:50:48 PM,2/5/2026,
738,40.3,gf,2.420,mm,OK,--,8:50:48 PM,2/5/2026,
739,40.5,gf,2.435,mm,OK,--,8:50:48 PM,2/5/2026,
740,40.5,gf,2.450,mm,OK,--,8:50:49 PM,2/5/2026,
741,40.7,gf,2.465,mm,OK,--,8:50:49 PM,2/5/2026,
742,40.9,gf,2.480,mm,OK,--,8:50:49 PM,2/5/2026,
743,41.1,gf,2.500,mm,OK,--,8:50:49 PM,2/5/2026,
744,41.1,gf,2.515,mm,OK,--,8:50:49 PM,2/5/2026,
745,41.3,gf,2.525,mm,OK,--,8:50:49 PM,2/5/2026,
746,41.3,gf,2.530,mm,OK,--,8:50:49 PM,2/5/2026,
747,41.2,gf,2.535,mm,OK,--,8:50:49 PM,2/5/2026,
748,41.1,gf,2.540,mm,OK,--,8:50:49 PM,2/5/2026,
749,41.2,gf,2.540,mm,OK,--,8:50:49 PM,2/5/2026,
750,41.3,gf,2.540,mm,OK,--,8:50:50 PM,2/5/2026,
751,41.3,gf,2.545,mm,OK,--,8:50:50 PM,2/5/2026,
752,41.2,gf,2.545,mm,OK,--,8:50:50 PM,2/5/2026,
753,41.4,gf,2.545,mm,OK,--,8:50:50 PM,2/5/2026,
754,41.6,gf,2.545,mm,OK,--,8:50:50 PM,2/5/2026,
755,41.4,gf,2.550,mm,OK,--,8:50:50 PM,2/5/2026,
756,41.9,gf,2.550,mm,OK,--,8:50:50 PM,2/5/2026,
757,41.9,gf,2.565,mm,OK,--,8:50:50 PM,2/5/2026,
758,41.7,gf,2.570,mm,OK,--,8:50:50 PM,2/5/2026,
759,41.8,gf,2.570,mm,OK,--,8:50:50 PM,2/5/2026,
760,42.0,gf,2.575,mm,OK,--,8:50:51 PM,2/5/2026,
761,42.0,gf,2.585,mm,OK,--,8:50:51 PM,2/5/2026,
762,42.0,gf,2.590,mm,OK,--,8:50:51 PM,2/5/2026,
763,42.0,gf,2.595,mm,OK,--,8:50:51 PM,2/5/2026,
764,42.1,gf,2.600,mm,OK,--,8:50:51 PM,2/5/2026,
765,42.1,gf,2.605,mm,OK,--,8:50:51 PM,2/5/2026,
766,42.1,gf,2.615,mm,OK,--,8:50:51 PM,2/5/2026,
767,42.1,gf,2.620,mm,OK,--,8:50:51 PM,2/5/2026,
768,42.0,gf,2.620,mm,OK,--,8:50:51 PM,2/5/2026,
769,42.1,gf,2.625,mm,OK,--,8:50:51 PM,2/5/2026,
770,41.9,gf,2.625,mm,OK,--,8:50:52 PM,2/5/2026,
771,41.8,gf,2.625,mm,OK,--,8:50:52 PM,2/5/2026,
772,41.8,gf,2.630,mm,OK,--,8:50:52 PM,2/5/2026,
773,42.0,gf,2.630,mm,OK,--,8:50:52 PM,2/5/2026,
774,42.4,gf,2.630,mm,OK,--,8:50:52 PM,2/5/2026,
775,42.0,gf,2.635,mm,OK,--,8:50:52 PM,2/5/2026,
776,42.2,gf,2.635,mm,OK,--,8:50:52 PM,2/5/2026,
777,42.2,gf,2.640,mm,OK,--,8:50:52 PM,2/5/2026,
778,42.2,gf,2.645,mm,OK,--,8:50:52 PM,2/5/2026,
779,42.4,gf,2.650,mm,OK,--,8:50:52 PM,2/5/2026,
780,42.5,gf,2.660,mm,OK,--,8:50:53 PM,2/5/2026,
781,43.0,gf,2.670,mm,OK,--,8:50:53 PM,2/5/2026,
782,43.2,gf,2.680,mm,OK,--,8:50:53 PM,2/5/2026,
783,43.4,gf,2.685,mm,OK,--,8:50:53 PM,2/5/2026,
784,43.8,gf,2.695,mm,OK,--,8:50:53 PM,2/5/2026,
785,44.1,gf,2.705,mm,OK,--,8:50:53 PM,2/5/2026,
786,44.4,gf,2.710,mm,OK,--,8:50:53 PM,2/5/2026,
787,44.5,gf,2.710,mm,OK,--,8:50:53 PM,2/5/2026,
788,44.7,gf,2.715,mm,OK,--,8:50:53 PM,2/5/2026,
789,44.9,gf,2.720,mm,OK,--,8:50:53 PM,2/5/2026,
790,45.0,gf,2.720,mm,OK,--,8:50:54 PM,2/5/2026,
791,45.2,gf,2.725,mm,OK,--,8:50:54 PM,2/5/2026,
792,45.4,gf,2.725,mm,OK,--,8:50:54 PM,2/5/2026,
793,45.5,gf,2.730,mm,OK,--,8:50:54 PM,2/5/2026,
794,45.6,gf,2.735,mm,OK,--,8:50:54 PM,2/5/2026,
795,45.8,gf,2.740,mm,OK,--,8:50:54 PM,2/5/2026,
796,45.8,gf,2.740,mm,OK,--,8:50:54 PM,2/5/2026,
797,46.0,gf,2.745,mm,OK,--,8:50:54 PM,2/5/2026,
798,46.2,gf,2.750,mm,OK,--,8:50:54 PM,2/5/2026,
799,46.3,gf,2.750,mm,OK,--,8:50:54 PM,2/5/2026,
800,46.4,gf,2.755,mm,OK,--,8:50:55 PM,2/5/2026,
801,46.5,gf,2.755,mm,OK,--,8:50:55 PM,2/5/2026,
802,46.6,gf,2.760,mm,OK,--,8:50:55 PM,2/5/2026,
803,46.8,gf,2.760,mm,OK,--,8:50:55 PM,2/5/2026,
804,46.9,gf,2.765,mm,OK,--,8:50:55 PM,2/5/2026,
805,47.0,gf,2.765,mm,OK,--,8:50:55 PM,2/5/2026,
806,47.1,gf,2.770,mm,OK,--,8:50:55 PM,2/5/2026,
807,47.2,gf,2.770,mm,OK,--,8:50:55 PM,2/5/2026,
808,47.4,gf,2.775,mm,OK,--,8:50:55 PM,2/5/2026,
809,47.5,gf,2.780,mm,OK,--,8:50:55 PM,2/5/2026,
810,47.7,gf,2.780,mm,OK,--,8:50:56 PM,2/5/2026,
811,47.9,gf,2.785,mm,OK,--,8:50:56 PM,2/5/2026,
812,48.1,gf,2.790,mm,OK,--,8:50:56 PM,2/5/2026,
813,48.3,gf,2.795,mm,OK,--,8:50:56 PM,2/5/2026,
814,48.5,gf,2.800,mm,OK,--,8:50:56 PM,2/5/2026,
815,48.7,gf,2.805,mm,OK,--,8:50:56 PM,2/5/2026,
816,49.1,gf,2.810,mm,OK,--,8:50:56 PM,2/5/2026,
817,49.5,gf,2.820,mm,OK,--,8:50:56 PM,2/5/2026,
818,49.7,gf,2.830,mm,OK,--,8:50:56 PM,2/5/2026,
819,50.1,gf,2.835,mm,OK,--,8:50:56 PM,2/5/2026,
820,50.3,gf,2.840,mm,OK,--,8:50:57 PM,2/5/2026,
821,50.5,gf,2.850,mm,OK,--,8:50:57 PM,2/5/2026,
822,50.7,gf,2.855,mm,OK,--,8:50:57 PM,2/5/2026,
823,50.6,gf,2.860,mm,OK,--,8:50:57 PM,2/5/2026,
824,50.6,gf,2.865,mm,OK,--,8:50:57 PM,2/5/2026,
825,50.6,gf,2.870,mm,OK,--,8:50:57 PM,2/5/2026,
826,50.7,gf,2.875,mm,OK,--,8:50:57 PM,2/5/2026,
827,50.7,gf,2.880,mm,OK,--,8:50:57 PM,2/5/2026,
828,50.8,gf,2.880,mm,OK,--,8:50:57 PM,2/5/2026,
829,50.8,gf,2.885,mm,OK,--,8:50:57 PM,2/5/2026,
830,50.9,gf,2.890,mm,OK,--,8:50:58 PM,2/5/2026,
831,50.9,gf,2.895,mm,OK,--,8:50:58 PM,2/5/2026,
832,51.0,gf,2.900,mm,OK,--,8:50:58 PM,2/5/2026,
833,51.1,gf,2.905,mm,OK,--,8:50:58 PM,2/5/2026,
834,51.0,gf,2.910,mm,OK,--,8:50:58 PM,2/5/2026,
835,51.0,gf,2.915,mm,OK,--,8:50:58 PM,2/5/2026,
836,51.0,gf,2.920,mm,OK,--,8:50:58 PM,2/5/2026,
837,51.0,gf,2.925,mm,OK,--,8:50:58 PM,2/5/2026,
838,51.0,gf,2.930,mm,OK,--,8:50:58 PM,2/5/2026,
839,51.0,gf,2.935,mm,OK,--,8:50:58 PM,2/5/2026,
840,51.0,gf,2.940,mm,OK,--,8:50:59 PM,2/5/2026,
841,51.0,gf,2.945,mm,OK,--,8:50:59 PM,2/5/2026,
842,51.0,gf,2.950,mm,OK,--,8:50:59 PM,2/5/2026,
843,51.0,gf,2.955,mm,OK,--,8:50:59 PM,2/5/2026,
844,51.0,gf,2.960,mm,OK,--,8:50:59 PM,2/5/2026,
845,51.2,gf,2.970,mm,OK,--,8:50:59 PM,2/5/2026,
846,51.1,gf,2.975,mm,OK,--,8:50:59 PM,2/5/2026,
847,51.1,gf,2.980,mm,OK,--,8:50:59 PM,2/5/2026,
848,51.1,gf,2.985,mm,OK,--,8:50:59 PM,2/5/2026,
849,51.1,gf,2.990,mm,OK,--,8:50:59 PM,2/5/2026,
850,51.1,gf,2.995,mm,OK,--,8:51:00 PM,2/5/2026,
851,51.2,gf,3.000,mm,OK,--,8:51:00 PM,2/5/2026,
852,51.2,gf,3.005,mm,OK,--,8:51:00 PM,2/5/2026,
853,51.3,gf,3.015,mm,OK,--,8:51:00 PM,2/5/2026,
854,51.3,gf,3.020,mm,OK,--,8:51:00 PM,2/5/2026,
855,51.3,gf,3.025,mm,OK,--,8:51:00 PM,2/5/2026,
856,51.4,gf,3.030,mm,OK,--,8:51:00 PM,2/5/2026,
857,51.3,gf,3.035,mm,OK,--,8:51:00 PM,2/5/2026,
858,51.4,gf,3.040,mm,OK,--,8:51:00 PM,2/5/2026,
859,51.3,gf,3.045,mm,OK,--,8:51:00 PM,2/5/2026,
860,51.3,gf,3.050,mm,OK,--,8:51:01 PM,2/5/2026,
861,51.4,gf,3.055,mm,OK,--,8:51:01 PM,2/5/2026,
862,51.4,gf,3.060,mm,OK,--,8:51:01 PM,2/5/2026,
863,51.4,gf,3.065,mm,OK,--,8:51:01 PM,2/5/2026,
864,51.5,gf,3.070,mm,OK,--,8:51:01 PM,2/5/2026,
865,51.6,gf,3.075,mm,OK,--,8:51:01 PM,2/5/2026,
866,51.5,gf,3.085,mm,OK,--,8:51:01 PM,2/5/2026,
867,51.6,gf,3.090,mm,OK,--,8:51:01 PM,2/5/2026,
868,51.6,gf,3.095,mm,OK,--,8:51:01 PM,2/5/2026,
869,51.7,gf,3.105,mm,OK,--,8:51:01 PM,2/5/2026,
870,51.7,gf,3.110,mm,OK,--,8:51:02 PM,2/5/2026,
871,51.7,gf,3.115,mm,OK,--,8:51:02 PM,2/5/2026,
872,51.8,gf,3.125,mm,OK,--,8:51:02 PM,2/5/2026,
873,51.9,gf,3.130,mm,OK,--,8:51:02 PM,2/5/2026,
874,51.8,gf,3.135,mm,OK,--,8:51:02 PM,2/5/2026,
875,51.8,gf,3.140,mm,OK,--,8:51:02 PM,2/5/2026,
876,51.9,gf,3.145,mm,OK,--,8:51:02 PM,2/5/2026,
877,51.8,gf,3.150,mm,OK,--,8:51:02 PM,2/5/2026,
878,51.9,gf,3.150,mm,OK,--,8:51:02 PM,2/5/2026,
879,51.9,gf,3.160,mm,OK,--,8:51:02 PM,2/5/2026,
880,51.9,gf,3.165,mm,OK,--,8:51:03 PM,2/5/2026,
881,51.9,gf,3.165,mm,OK,--,8:51:03 PM,2/5/2026,
882,52.0,gf,3.170,mm,OK,--,8:51:03 PM,2/5/2026,
883,52.0,gf,3.175,mm,OK,--,8:51:03 PM,2/5/2026,
884,52.0,gf,3.175,mm,OK,--,8:51:03 PM,2/5/2026,
885,52.0,gf,3.180,mm,OK,--,8:51:03 PM,2/5/2026,
886,52.0,gf,3.180,mm,OK,--,8:51:03 PM,2/5/2026,
887,52.0,gf,3.180,mm,OK,--,8:51:03 PM,2/5/2026,
888,52.0,gf,3.180,mm,OK,--,8:51:03 PM,2/5/2026,
889,52.0,gf,3.180,mm,OK,--,8:51:03 PM,2/5/2026,
890,52.0,gf,3.185,mm,OK,--,8:51:04 PM,2/5/2026,
891,52.0,gf,3.185,mm,OK,--,8:51:04 PM,2/5/2026,
892,52.0,gf,3.185,mm,OK,--,8:51:04 PM,2/5/2026,
893,52.0,gf,3.185,mm,OK,--,8:51:04 PM,2/5/2026,
894,52.0,gf,3.190,mm,OK,--,8:51:04 PM,2/5/2026,
895,52.0,gf,3.190,mm,OK,--,8:51:04 PM,2/5/2026,
896,52.0,gf,3.190,mm,OK,--,8:51:04 PM,2/5/2026,
897,52.0,gf,3.195,mm,OK,--,8:51:04 PM,2/5/2026,
898,52.1,gf,3.195,mm,OK,--,8:51:04 PM,2/5/2026,
899,52.0,gf,3.195,mm,OK,--,8:51:04 PM,2/5/2026,
900,52.1,gf,3.200,mm,OK,--,8:51:05 PM,2/5/2026,
901,52.1,gf,3.200,mm,OK,--,8:51:05 PM,2/5/2026,
902,52.1,gf,3.205,mm,OK,--,8:51:05 PM,2/5/2026,
903,52.1,gf,3.210,mm,OK,--,8:51:05 PM,2/5/2026,
904,52.0,gf,3.210,mm,OK,--,8:51:05 PM,2/5/2026,
905,52.0,gf,3.215,mm,OK,--,8:51:05 PM,2/5/2026,
906,52.1,gf,3.215,mm,OK,--,8:51:05 PM,2/5/2026,
907,52.0,gf,3.220,mm,OK,--,8:51:05 PM,2/5/2026,
908,52.0,gf,3.220,mm,OK,--,8:51:05 PM,2/5/2026,
909,52.0,gf,3.225,mm,OK,--,8:51:05 PM,2/5/2026,
910,52.1,gf,3.225,mm,OK,--,8:51:06 PM,2/5/2026,
911,52.1,gf,3.230,mm,OK,--,8:51:06 PM,2/5/2026,
912,52.1,gf,3.235,mm,OK,--,8:51:06 PM,2/5/2026,
913,52.2,gf,3.240,mm,OK,--,8:51:06 PM,2/5/2026,
914,52.2,gf,3.245,mm,OK,--,8:51:06 PM,2/5/2026,
915,52.1,gf,3.250,mm,OK,--,8:51:06 PM,2/5/2026,
916,52.1,gf,3.255,mm,OK,--,8:51:06 PM,2/5/2026,
917,52.1,gf,3.260,mm,OK,--,8:51:06 PM,2/5/2026,
918,52.2,gf,3.265,mm,OK,--,8:51:06 PM,2/5/2026,
919,52.3,gf,3.270,mm,OK,--,8:51:06 PM,2/5/2026,
920,52.3,gf,3.270,mm,OK,--,8:51:07 PM,2/5/2026,
921,52.4,gf,3.275,mm,OK,--,8:51:07 PM,2/5/2026,
922,52.3,gf,3.285,mm,OK,--,8:51:07 PM,2/5/2026,
923,52.4,gf,3.290,mm,OK,--,8:51:07 PM,2/5/2026,
924,52.4,gf,3.290,mm,OK,--,8:51:07 PM,2/5/2026,
925,52.5,gf,3.295,mm,OK,--,8:51:07 PM,2/5/2026,
926,52.5,gf,3.300,mm,OK,--,8:51:07 PM,2/5/2026,
927,52.5,gf,3.305,mm,OK,--,8:51:07 PM,2/5/2026,
928,52.5,gf,3.310,mm,OK,--,8:51:07 PM,2/5/2026,
929,52.5,gf,3.310,mm,OK,--,8:51:07 PM,2/5/2026,
930,52.5,gf,3.315,mm,OK,--,8:51:08 PM,2/5/2026,
931,52.5,gf,3.315,mm,OK,--,8:51:08 PM,2/5/2026,
932,52.5,gf,3.320,mm,OK,--,8:51:08 PM,2/5/2026,
933,52.5,gf,3.325,mm,OK,--,8:51:08 PM,2/5/2026,
934,52.5,gf,3.325,mm,OK,--,8:51:08 PM,2/5/2026,
935,52.5,gf,3.330,mm,OK,--,8:51:08 PM,2/5/2026,
936,52.5,gf,3.330,mm,OK,--,8:51:08 PM,2/5/2026,
937,52.5,gf,3.335,mm,OK,--,8:51:08 PM,2/5/2026,
938,52.5,gf,3.340,mm,OK,--,8:51:08 PM,2/5/2026,
939,52.7,gf,3.345,mm,OK,--,8:51:08 PM,2/5/2026,
940,52.6,gf,3.345,mm,OK,--,8:51:09 PM,2/5/2026,
941,52.6,gf,3.350,mm,OK,--,8:51:09 PM,2/5/2026,
942,52.7,gf,3.355,mm,OK,--,8:51:09 PM,2/5/2026,
943,52.7,gf,3.360,mm,OK,--,8:51:09 PM,2/5/2026,
944,52.7,gf,3.365,mm,OK,--,8:51:09 PM,2/5/2026,
945,52.7,gf,3.370,mm,OK,--,8:51:09 PM,2/5/2026,
946,52.7,gf,3.380,mm,OK,--,8:51:09 PM,2/5/2026,
947,52.7,gf,3.385,mm,OK,--,8:51:09 PM,2/5/2026,
948,52.7,gf,3.390,mm,OK,--,8:51:09 PM,2/5/2026,
949,52.7,gf,3.395,mm,OK,--,8:51:09 PM,2/5/2026,
950,52.8,gf,3.395,mm,OK,--,8:51:10 PM,2/5/2026,
951,52.9,gf,3.400,mm,OK,--,8:51:10 PM,2/5/2026,
952,52.9,gf,3.405,mm,OK,--,8:51:10 PM,2/5/2026,
953,52.8,gf,3.410,mm,OK,--,8:51:10 PM,2/5/2026,
954,52.8,gf,3.415,mm,OK,--,8:51:10 PM,2/5/2026,
955,52.8,gf,3.415,mm,OK,--,8:51:10 PM,2/5/2026,
956,52.8,gf,3.420,mm,OK,--,8:51:10 PM,2/5/2026,
957,52.8,gf,3.420,mm,OK,--,8:51:10 PM,2/5/2026,
958,52.9,gf,3.420,mm,OK,--,8:51:10 PM,2/5/2026,
959,52.9,gf,3.425,mm,OK,--,8:51:10 PM,2/5/2026,
960,52.9,gf,3.425,mm,OK,--,8:51:11 PM,2/5/2026,
961,52.9,gf,3.430,mm,OK,--,8:51:11 PM,2/5/2026,
962,53.0,gf,3.430,mm,OK,--,8:51:11 PM,2/5/2026,
963,52.9,gf,3.435,mm,OK,--,8:51:11 PM,2/5/2026,
964,52.9,gf,3.435,mm,OK,--,8:51:11 PM,2/5/2026,
965,52.9,gf,3.435,mm,OK,--,8:51:11 PM,2/5/2026,
966,53.0,gf,3.440,mm,OK,--,8:51:11 PM,2/5/2026,
967,52.9,gf,3.440,mm,OK,--,8:51:11 PM,2/5/2026,
968,52.9,gf,3.440,mm,OK,--,8:51:11 PM,2/5/2026,
969,52.9,gf,3.445,mm,OK,--,8:51:11 PM,2/5/2026,
970,52.9,gf,3.445,mm,OK,--,8:51:12 PM,2/5/2026,
971,52.9,gf,3.450,mm,OK,--,8:51:12 PM,2/5/2026,
972,52.9,gf,3.455,mm,OK,--,8:51:12 PM,2/5/2026,
973,53.0,gf,3.455,mm,OK,--,8:51:12 PM,2/5/2026,
974,52.9,gf,3.460,mm,OK,--,8:51:12 PM,2/5/2026,
975,52.9,gf,3.465,mm,OK,--,8:51:12 PM,2/5/2026,
976,53.0,gf,3.465,mm,OK,--,8:51:12 PM,2/5/2026,
977,53.1,gf,3.470,mm,OK,--,8:51:12 PM,2/5/2026,
978,53.1,gf,3.475,mm,OK,--,8:51:12 PM,2/5/2026,
979,53.1,gf,3.480,mm,OK,--,8:51:12 PM,2/5/2026,
980,53.2,gf,3.485,mm,OK,--,8:51:13 PM,2/5/2026,
981,53.2,gf,3.485,mm,OK,--,8:51:13 PM,2/5/2026,
982,53.2,gf,3.490,mm,OK,--,8:51:13 PM,2/5/2026,
983,53.2,gf,3.495,mm,OK,--,8:51:13 PM,2/5/2026,
984,53.3,gf,3.495,mm,OK,--,8:51:13 PM,2/5/2026,
985,53.2,gf,3.500,mm,OK,--,8:51:13 PM,2/5/2026,
986,53.2,gf,3.500,mm,OK,--,8:51:13 PM,2/5/2026,
987,53.2,gf,3.505,mm,OK,--,8:51:13 PM,2/5/2026,
988,53.2,gf,3.505,mm,OK,--,8:51:13 PM,2/5/2026,
989,53.2,gf,3.510,mm,OK,--,8:51:13 PM,2/5/2026,
990,53.2,gf,3.510,mm,OK,--,8:51:14 PM,2/5/2026,
991,53.2,gf,3.515,mm,OK,--,8:51:14 PM,2/5/2026,
992,53.2,gf,3.515,mm,OK,--,8:51:14 PM,2/5/2026,
993,53.2,gf,3.520,mm,OK,--,8:51:14 PM,2/5/2026,
994,53.2,gf,3.525,mm,OK,--,8:51:14 PM,2/5/2026,
995,53.3,gf,3.530,mm,OK,--,8:51:14 PM,2/5/2026,
996,53.3,gf,3.535,mm,OK,--,8:51:14 PM,2/5/2026,
997,53.4,gf,3.540,mm,OK,--,8:51:14 PM,2/5/2026,
998,53.5,gf,3.545,mm,OK,--,8:51:14 PM,2/5/2026,
999,53.6,gf,3.555,mm,OK,--,8:51:14 PM,2/5/2026,
1000,53.6,gf,3.560,mm,OK,--,8:51:15 PM,2/5/2026,
1001,53.6,gf,3.565,mm,OK,--,8:51:15 PM,2/5/2026,
1002,53.6,gf,3.570,mm,OK,--,8:51:15 PM,2/5/2026,
1003,53.6,gf,3.575,mm,OK,--,8:51:15 PM,2/5/2026,
1004,53.6,gf,3.580,mm,OK,--,8:51:15 PM,2/5/2026,
1005,53.7,gf,3.585,mm,OK,--,8:51:15 PM,2/5/2026,
1006,55.4,gf,3.590,mm,OK,--,8:51:15 PM,2/5/2026,
1007,60.5,gf,3.595,mm,OK,--,8:51:15 PM,2/5/2026,
1008,66.4,gf,3.605,mm,OK,--,8:51:15 PM,2/5/2026,
1009,71.8,gf,3.610,mm,OK,--,8:51:15 PM,2/5/2026,
1010,76.5,gf,3.615,mm,OK,--,8:51:16 PM,2/5/2026,
1011,80.8,gf,3.615,mm,OK,--,8:51:16 PM,2/5/2026,
1012,84.6,gf,3.620,mm,OK,--,8:51:16 PM,2/5/2026,
1013,87.9,gf,3.625,mm,OK,--,8:51:16 PM,2/5/2026,
1014,91.4,gf,3.630,mm,OK,--,8:51:16 PM,2/5/2026,
1015,94.9,gf,3.630,mm,OK,--,8:51:16 PM,2/5/2026,
1016,97.6,gf,3.635,mm,OK,--,8:51:16 PM,2/5/2026,
1017,99.8,gf,3.635,mm,OK,--,8:51:16 PM,2/5/2026,
1018,101.8,gf,3.640,mm,OK,--,8:51:16 PM,2/5/2026,
1019,103.6,gf,3.640,mm,OK,--,8:51:16 PM,2/5/2026,
1020,105.8,gf,3.645,mm,OK,--,8:51:17 PM,2/5/2026,
1021,108.2,gf,3.645,mm,OK,--,8:51:17 PM,2/5/2026,
1022,111.5,gf,3.650,mm,OK,--,8:51:17 PM,2/5/2026,
1023,115.3,gf,3.650,mm,OK,--,8:51:17 PM,2/5/2026,
1024,118.9,gf,3.655,mm,OK,--,8:51:17 PM,2/5/2026,
1025,122.0,gf,3.660,mm,OK,--,8:51:17 PM,2/5/2026,
1026,125.1,gf,3.660,mm,OK,--,8:51:17 PM,2/5/2026,
1027,128.0,gf,3.665,mm,OK,--,8:51:17 PM,2/5/2026,
1028,130.9,gf,3.665,mm,OK,--,8:51:17 PM,2/5/2026,
1029,133.4,gf,3.670,mm,OK,--,8:51:17 PM,2/5/2026,
1030,136.1,gf,3.670,mm,OK,--,8:51:18 PM,2/5/2026,
1031,138.9,gf,3.675,mm,OK,--,8:51:18 PM,2/5/2026,
1032,141.6,gf,3.680,mm,OK,--,8:51:18 PM,2/5/2026,
1033,144.5,gf,3.680,mm,OK,--,8:51:18 PM,2/5/2026,
1034,147.3,gf,3.685,mm,OK,--,8:51:18 PM,2/5/2026,
1035,149.7,gf,3.685,mm,OK,--,8:51:18 PM,2/5/2026,
1036,152.8,gf,3.690,mm,OK,--,8:51:18 PM,2/5/2026,
1037,156.5,gf,3.690,mm,OK,--,8:51:18 PM,2/5/2026,
1038,160.8,gf,3.695,mm,OK,--,8:51:18 PM,2/5/2026,
1039,165.0,gf,3.700,mm,OK,--,8:51:18 PM,2/5/2026,
1040,167.8,gf,3.705,mm,OK,--,8:51:19 PM,2/5/2026,
1041,170.3,gf,3.705,mm,OK,--,8:51:19 PM,2/5/2026,
1042,173.5,gf,3.710,mm,OK,--,8:51:19 PM,2/5/2026,
1043,177.4,gf,3.715,mm,OK,--,8:51:19 PM,2/5/2026,
1044,181.0,gf,3.715,mm,OK,--,8:51:19 PM,2/5/2026,
1045,184.0,gf,3.720,mm,OK,--,8:51:19 PM,2/5/2026,
1046,186.2,gf,3.725,mm,OK,--,8:51:19 PM,2/5/2026,
1047,188.3,gf,3.725,mm,OK,--,8:51:19 PM,2/5/2026,
1048,189.8,gf,3.725,mm,OK,--,8:51:19 PM,2/5/2026,
1049,191.2,gf,3.725,mm,OK,--,8:51:19 PM,2/5/2026,
1050,192.1,gf,3.730,mm,OK,--,8:51:20 PM,2/5/2026,
1051,192.7,gf,3.730,mm,OK,--,8:51:20 PM,2/5/2026,
1052,193.1,gf,3.730,mm,OK,--,8:51:20 PM,2/5/2026,
1053,193.1,gf,3.730,mm,OK,--,8:51:20 PM,2/5/2026,
1054,193.1,gf,3.730,mm,OK,--,8:51:20 PM,2/5/2026,
1055,193.1,gf,3.730,mm,OK,--,8:51:20 PM,2/5/2026,
1056,193.0,gf,3.730,mm,OK,--,8:51:20 PM,2/5/2026,
1057,192.9,gf,3.730,mm,OK,--,8:51:20 PM,2/5/2026,
1058,192.9,gf,3.730,mm,OK,--,8:51:20 PM,2/5/2026,
1059,192.9,gf,3.730,mm,OK,--,8:51:20 PM,2/5/2026,
1060,192.9,gf,3.730,mm,OK,--,8:51:21 PM,2/5/2026,
1061,192.9,gf,3.730,mm,OK,--,8:51:21 PM,2/5/2026,
1062,192.9,gf,3.730,mm,OK,--,8:51:21 PM,2/5/2026,
1063,192.8,gf,3.730,mm,OK,--,8:51:21 PM,2/5/2026,
1064,192.7,gf,3.730,mm,OK,--,8:51:21 PM,2/5/2026,
1065,192.5,gf,3.730,mm,OK,--,8:51:21 PM,2/5/2026,
1066,192.5,gf,3.730,mm,OK,--,8:51:21 PM,2/5/2026,
1067,192.5,gf,3.730,mm,OK,--,8:51:21 PM,2/5/2026,
1068,192.5,gf,3.730,mm,OK,--,8:51:21 PM,2/5/2026,
1069,192.5,gf,3.730,mm,OK,--,8:51:21 PM,2/5/2026,
1070,192.4,gf,3.730,mm,OK,--,8:51:22 PM,2/5/2026,
1071,192.4,gf,3.730,mm,OK,--,8:51:22 PM,2/5/2026,
1072,192.4,gf,3.730,mm,OK,--,8:51:22 PM,2/5/2026,
1073,192.4,gf,3.730,mm,OK,--,8:51:22 PM,2/5/2026,
1074,192.4,gf,3.730,mm,OK,--,8:51:22 PM,2/5/2026,
1075,192.3,gf,3.730,mm,OK,--,8:51:22 PM,2/5/2026,
1076,192.2,gf,3.730,mm,OK,--,8:51:22 PM,2/5/2026,
1077,192.4,gf,3.730,mm,OK,--,8:51:22 PM,2/5/2026,
1078,192.4,gf,3.730,mm,OK,--,8:51:22 PM,2/5/2026,
1079,192.3,gf,3.730,mm,OK,--,8:51:22 PM,2/5/2026,
1080,192.1,gf,3.730,mm,OK,--,8:51:23 PM,2/5/2026,
1081,191.8,gf,3.730,mm,OK,--,8:51:23 PM,2/5/2026,
1082,191.7,gf,3.730,mm,OK,--,8:51:23 PM,2/5/2026,
1083,191.4,gf,3.730,mm,OK,--,8:51:23 PM,2/5/2026,
1084,190.6,gf,3.730,mm,OK,--,8:51:23 PM,2/5/2026,
1085,190.1,gf,3.730,mm,OK,--,8:51:23 PM,2/5/2026,
1086,189.2,gf,3.730,mm,OK,--,8:51:23 PM,2/5/2026,
1087,188.3,gf,3.725,mm,OK,--,8:51:23 PM,2/5/2026,
1088,187.2,gf,3.725,mm,OK,--,8:51:23 PM,2/5/2026,
1089,186.5,gf,3.725,mm,OK,--,8:51:23 PM,2/5/2026,
1090,185.6,gf,3.725,mm,OK,--,8:51:24 PM,2/5/2026,
1091,184.1,gf,3.725,mm,OK,--,8:51:24 PM,2/5/2026,
1092,182.4,gf,3.720,mm,OK,--,8:51:24 PM,2/5/2026,
1093,181.3,gf,3.720,mm,OK,--,8:51:24 PM,2/5/2026,
1094,180.7,gf,3.720,mm,OK,--,8:51:24 PM,2/5/2026,
1095,180.3,gf,3.720,mm,OK,--,8:51:24 PM,2/5/2026,
1096,180.2,gf,3.720,mm,OK,--,8:51:24 PM,2/5/2026,
1097,179.7,gf,3.720,mm,OK,--,8:51:24 PM,2/5/2026,
1098,178.5,gf,3.720,mm,OK,--,8:51:24 PM,2/5/2026,
1099,176.8,gf,3.715,mm,OK,--,8:51:24 PM,2/5/2026,
1100,175.3,gf,3.715,mm,OK,--,8:51:25 PM,2/5/2026,
1101,173.8,gf,3.715,mm,OK,--,8:51:25 PM,2/5/2026,
1102,172.9,gf,3.710,mm,OK,--,8:51:25 PM,2/5/2026,
1103,171.6,gf,3.710,mm,OK,--,8:51:25 PM,2/5/2026,
1104,170.5,gf,3.710,mm,OK,--,8:51:25 PM,2/5/2026,
1105,169.9,gf,3.710,mm,OK,--,8:51:25 PM,2/5/2026,
1106,169.4,gf,3.710,mm,OK,--,8:51:25 PM,2/5/2026,
1107,168.9,gf,3.710,mm,OK,--,8:51:25 PM,2/5/2026,
1108,168.5,gf,3.710,mm,OK,--,8:51:25 PM,2/5/2026,
1109,168.0,gf,3.710,mm,OK,--,8:51:25 PM,2/5/2026,
1110,167.5,gf,3.705,mm,OK,--,8:51:26 PM,2/5/2026,
1111,166.4,gf,3.705,mm,OK,--,8:51:26 PM,2/5/2026,
1112,165.3,gf,3.705,mm,OK,--,8:51:26 PM,2/5/2026,
1113,164.1,gf,3.705,mm,OK,--,8:51:26 PM,2/5/2026,
1114,163.5,gf,3.705,mm,OK,--,8:51:26 PM,2/5/2026,
1115,163.0,gf,3.705,mm,OK,--,8:51:26 PM,2/5/2026,
1116,162.4,gf,3.705,mm,OK,--,8:51:26 PM,2/5/2026,
1117,162.1,gf,3.700,mm,OK,--,8:51:26 PM,2/5/2026,
1118,161.5,gf,3.700,mm,OK,--,8:51:26 PM,2/5/2026,
1119,161.0,gf,3.700,mm,OK,--,8:51:26 PM,2/5/2026,
1120,160.4,gf,3.700,mm,OK,--,8:51:27 PM,2/5/2026,
1121,159.5,gf,3.700,mm,OK,--,8:51:27 PM,2/5/2026,
1122,158.6,gf,3.700,mm,OK,--,8:51:27 PM,2/5/2026,
1123,157.9,gf,3.700,mm,OK,--,8:51:27 PM,2/5/2026,
1124,157.5,gf,3.695,mm,OK,--,8:51:27 PM,2/5/2026,
1125,156.9,gf,3.695,mm,OK,--,8:51:27 PM,2/5/2026,
1126,156.4,gf,3.695,mm,OK,--,8:51:27 PM,2/5/2026,
1127,155.9,gf,3.695,mm,OK,--,8:51:27 PM,2/5/2026,
1128,155.4,gf,3.695,mm,OK,--,8:51:27 PM,2/5/2026,
1129,155.1,gf,3.695,mm,OK,--,8:51:27 PM,2/5/2026,
1130,154.5,gf,3.695,mm,OK,--,8:51:28 PM,2/5/2026,
1131,153.7,gf,3.695,mm,OK,--,8:51:28 PM,2/5/2026,
1132,153.2,gf,3.695,mm,OK,--,8:51:28 PM,2/5/2026,
1133,152.7,gf,3.695,mm,OK,--,8:51:28 PM,2/5/2026,
1134,151.9,gf,3.690,mm,OK,--,8:51:28 PM,2/5/2026,
1135,150.9,gf,3.690,mm,OK,--,8:51:28 PM,2/5/2026,
1136,149.7,gf,3.690,mm,OK,--,8:51:28 PM,2/5/2026,
1137,148.5,gf,3.690,mm,OK,--,8:51:28 PM,2/5/2026,
1138,147.0,gf,3.685,mm,OK,--,8:51:28 PM,2/5/2026,
1139,145.3,gf,3.685,mm,OK,--,8:51:28 PM,2/5/2026,
1140,141.7,gf,3.680,mm,OK,--,8:51:29 PM,2/5/2026,
1141,135.6,gf,3.675,mm,OK,--,8:51:29 PM,2/5/2026,
1142,129.2,gf,3.670,mm,OK,--,8:51:29 PM,2/5/2026,
1143,123.9,gf,3.665,mm,OK,--,8:51:29 PM,2/5/2026,
1144,118.8,gf,3.660,mm,OK,--,8:51:29 PM,2/5/2026,
1145,113.9,gf,3.655,mm,OK,--,8:51:29 PM,2/5/2026,
1146,107.3,gf,3.650,mm,OK,--,8:51:29 PM,2/5/2026,
1147,100.6,gf,3.645,mm,OK,--,8:51:29 PM,2/5/2026,
1148,95.5,gf,3.635,mm,OK,--,8:51:29 PM,2/5/2026,
1149,91.9,gf,3.635,mm,OK,--,8:51:29 PM,2/5/2026,
1150,88.7,gf,3.630,mm,OK,--,8:51:30 PM,2/5/2026,
1151,86.3,gf,3.630,mm,OK,--,8:51:30 PM,2/5/2026,
1152,84.0,gf,3.625,mm,OK,--,8:51:30 PM,2/5/2026,
1153,82.1,gf,3.625,mm,OK,--,8:51:30 PM,2/5/2026,
1154,80.5,gf,3.620,mm,OK,--,8:51:30 PM,2/5/2026,
1155,78.7,gf,3.620,mm,OK,--,8:51:30 PM,2/5/2026,
1156,76.7,gf,3.620,mm,OK,--,8:51:30 PM,2/5/2026,
1157,75.0,gf,3.615,mm,OK,--,8:51:30 PM,2/5/2026,
1158,73.3,gf,3.615,mm,OK,--,8:51:30 PM,2/5/2026,
1159,71.4,gf,3.610,mm,OK,--,8:51:30 PM,2/5/2026,
1160,69.3,gf,3.610,mm,OK,--,8:51:31 PM,2/5/2026,
1161,67.4,gf,3.610,mm,OK,--,8:51:31 PM,2/5/2026,
1162,66.1,gf,3.605,mm,OK,--,8:51:31 PM,2/5/2026,
1163,64.4,gf,3.605,mm,OK,--,8:51:31 PM,2/5/2026,
1164,62.5,gf,3.605,mm,OK,--,8:51:31 PM,2/5/2026,
1165,60.2,gf,3.600,mm,OK,--,8:51:31 PM,2/5/2026,
1166,57.8,gf,3.600,mm,OK,--,8:51:31 PM,2/5/2026,
1167,55.5,gf,3.595,mm,OK,--,8:51:31 PM,2/5/2026,
1168,53.0,gf,3.595,mm,OK,--,8:51:31 PM,2/5/2026,
1169,51.3,gf,3.590,mm,OK,--,8:51:31 PM,2/5/2026,
1170,51.3,gf,3.585,mm,OK,--,8:51:32 PM,2/5/2026,
1171,51.4,gf,3.580,mm,OK,--,8:51:32 PM,2/5/2026,
1172,51.4,gf,3.575,mm,OK,--,8:51:32 PM,2/5/2026,
1173,51.4,gf,3.575,mm,OK,--,8:51:32 PM,2/5/2026,
1174,51.4,gf,3.570,mm,OK,--,8:51:32 PM,2/5/2026,
1175,51.4,gf,3.560,mm,OK,--,8:51:32 PM,2/5/2026,
1176,51.4,gf,3.560,mm,OK,--,8:51:32 PM,2/5/2026,
1177,51.4,gf,3.555,mm,OK,--,8:51:32 PM,2/5/2026,
1178,51.3,gf,3.550,mm,OK,--,8:51:32 PM,2/5/2026,
1179,51.2,gf,3.545,mm,OK,--,8:51:32 PM,2/5/2026,
1180,51.3,gf,3.540,mm,OK,--,8:51:33 PM,2/5/2026,
1181,51.2,gf,3.530,mm,OK,--,8:51:33 PM,2/5/2026,
1182,51.2,gf,3.525,mm,OK,--,8:51:33 PM,2/5/2026,
1183,51.2,gf,3.520,mm,OK,--,8:51:33 PM,2/5/2026,
1184,51.2,gf,3.515,mm,OK,--,8:51:33 PM,2/5/2026,
1185,51.2,gf,3.510,mm,OK,--,8:51:33 PM,2/5/2026,
1186,51.2,gf,3.500,mm,OK,--,8:51:33 PM,2/5/2026,
1187,51.2,gf,3.485,mm,OK,--,8:51:33 PM,2/5/2026,
1188,51.1,gf,3.470,mm,OK,--,8:51:33 PM,2/5/2026,
1189,51.1,gf,3.455,mm,OK,--,8:51:33 PM,2/5/2026,
1190,50.9,gf,3.445,mm,OK,--,8:51:34 PM,2/5/2026,
1191,51.0,gf,3.435,mm,OK,--,8:51:34 PM,2/5/2026,
1192,50.9,gf,3.430,mm,OK,--,8:51:34 PM,2/5/2026,
1193,50.9,gf,3.425,mm,OK,--,8:51:34 PM,2/5/2026,
1194,50.9,gf,3.420,mm,OK,--,8:51:34 PM,2/5/2026,
1195,50.9,gf,3.415,mm,OK,--,8:51:34 PM,2/5/2026,
1196,50.9,gf,3.410,mm,OK,--,8:51:34 PM,2/5/2026,
1197,50.8,gf,3.405,mm,OK,--,8:51:34 PM,2/5/2026,
1198,50.7,gf,3.400,mm,OK,--,8:51:34 PM,2/5/2026,
1199,50.7,gf,3.395,mm,OK,--,8:51:34 PM,2/5/2026,
1200,50.7,gf,3.385,mm,OK,--,8:51:35 PM,2/5/2026,
1201,50.6,gf,3.375,mm,OK,--,8:51:35 PM,2/5/2026,
1202,50.7,gf,3.365,mm,OK,--,8:51:35 PM,2/5/2026,
1203,50.7,gf,3.355,mm,OK,--,8:51:35 PM,2/5/2026,
1204,50.5,gf,3.340,mm,OK,--,8:51:35 PM,2/5/2026,
1205,50.5,gf,3.330,mm,OK,--,8:51:35 PM,2/5/2026,
1206,50.5,gf,3.320,mm,OK,--,8:51:35 PM,2/5/2026,
1207,50.5,gf,3.310,mm,OK,--,8:51:35 PM,2/5/2026,
1208,50.5,gf,3.300,mm,OK,--,8:51:35 PM,2/5/2026,
1209,50.4,gf,3.285,mm,OK,--,8:51:35 PM,2/5/2026,
1210,50.2,gf,3.275,mm,OK,--,8:51:36 PM,2/5/2026,
1211,50.2,gf,3.265,mm,OK,--,8:51:36 PM,2/5/2026,
1212,50.2,gf,3.255,mm,OK,--,8:51:36 PM,2/5/2026,
1213,50.2,gf,3.245,mm,OK,--,8:51:36 PM,2/5/2026,
1214,50.1,gf,3.235,mm,OK,--,8:51:36 PM,2/5/2026,
1215,50.1,gf,3.225,mm,OK,--,8:51:36 PM,2/5/2026,
1216,49.9,gf,3.215,mm,OK,--,8:51:36 PM,2/5/2026,
1217,50.0,gf,3.200,mm,OK,--,8:51:36 PM,2/5/2026,
1218,50.0,gf,3.185,mm,OK,--,8:51:36 PM,2/5/2026,
1219,49.9,gf,3.170,mm,OK,--,8:51:36 PM,2/5/2026,
1220,49.8,gf,3.155,mm,OK,--,8:51:37 PM,2/5/2026,
1221,49.8,gf,3.140,mm,OK,--,8:51:37 PM,2/5/2026,
1222,49.8,gf,3.130,mm,OK,--,8:51:37 PM,2/5/2026,
1223,49.7,gf,3.120,mm,OK,--,8:51:37 PM,2/5/2026,
1224,49.7,gf,3.110,mm,OK,--,8:51:37 PM,2/5/2026,
1225,49.6,gf,3.100,mm,OK,--,8:51:37 PM,2/5/2026,
1226,49.5,gf,3.090,mm,OK,--,8:51:37 PM,2/5/2026,
1227,49.5,gf,3.080,mm,OK,--,8:51:37 PM,2/5/2026,
1228,49.5,gf,3.070,mm,OK,--,8:51:37 PM,2/5/2026,
1229,49.5,gf,3.060,mm,OK,--,8:51:37 PM,2/5/2026,
1230,49.1,gf,3.050,mm,OK,--,8:51:38 PM,2/5/2026,
1231,48.9,gf,3.040,mm,OK,--,8:51:38 PM,2/5/2026,
1232,48.7,gf,3.030,mm,OK,--,8:51:38 PM,2/5/2026,
1233,48.5,gf,3.015,mm,OK,--,8:51:38 PM,2/5/2026,
1234,48.2,gf,3.005,mm,OK,--,8:51:38 PM,2/5/2026,
1235,48.0,gf,2.995,mm,OK,--,8:51:38 PM,2/5/2026,
1236,47.9,gf,2.985,mm,OK,--,8:51:38 PM,2/5/2026,
1237,47.8,gf,2.975,mm,OK,--,8:51:38 PM,2/5/2026,
1238,47.8,gf,2.975,mm,OK,--,8:51:38 PM,2/5/2026,
1239,47.8,gf,2.970,mm,OK,--,8:51:38 PM,2/5/2026,
1240,47.8,gf,2.960,mm,OK,--,8:51:39 PM,2/5/2026,
1241,47.8,gf,2.955,mm,OK,--,8:51:39 PM,2/5/2026,
1242,47.7,gf,2.945,mm,OK,--,8:51:39 PM,2/5/2026,
1243,47.7,gf,2.940,mm,OK,--,8:51:39 PM,2/5/2026,
1244,47.6,gf,2.930,mm,OK,--,8:51:39 PM,2/5/2026,
1245,47.6,gf,2.915,mm,OK,--,8:51:39 PM,2/5/2026,
1246,47.5,gf,2.905,mm,OK,--,8:51:39 PM,2/5/2026,
1247,47.4,gf,2.890,mm,OK,--,8:51:39 PM,2/5/2026,
1248,47.2,gf,2.880,mm,OK,--,8:51:39 PM,2/5/2026,
1249,47.0,gf,2.880,mm,OK,--,8:51:39 PM,2/5/2026,
1250,46.8,gf,2.875,mm,OK,--,8:51:40 PM,2/5/2026,
1251,46.4,gf,2.865,mm,OK,--,8:51:40 PM,2/5/2026,
1252,46.3,gf,2.860,mm,OK,--,8:51:40 PM,2/5/2026,
1253,46.2,gf,2.855,mm,OK,--,8:51:40 PM,2/5/2026,
1254,46.1,gf,2.845,mm,OK,--,8:51:40 PM,2/5/2026,
1255,45.6,gf,2.830,mm,OK,--,8:51:40 PM,2/5/2026,
1256,45.0,gf,2.825,mm,OK,--,8:51:40 PM,2/5/2026,
1257,44.5,gf,2.820,mm,OK,--,8:51:40 PM,2/5/2026,
1258,43.9,gf,2.810,mm,OK,--,8:51:40 PM,2/5/2026,
1259,43.4,gf,2.805,mm,OK,--,8:51:40 PM,2/5/2026,
1260,43.1,gf,2.800,mm,OK,--,8:51:41 PM,2/5/2026,
1261,42.8,gf,2.795,mm,OK,--,8:51:41 PM,2/5/2026,
1262,42.6,gf,2.795,mm,OK,--,8:51:41 PM,2/5/2026,
1263,42.1,gf,2.785,mm,OK,--,8:51:41 PM,2/5/2026,
1264,41.4,gf,2.780,mm,OK,--,8:51:41 PM,2/5/2026,
1265,40.7,gf,2.770,mm,OK,--,8:51:41 PM,2/5/2026,
1266,39.5,gf,2.755,mm,OK,--,8:51:41 PM,2/5/2026,
1267,38.3,gf,2.740,mm,OK,--,8:51:41 PM,2/5/2026,
1268,37.5,gf,2.725,mm,OK,--,8:51:41 PM,2/5/2026,
1269,36.6,gf,2.715,mm,OK,--,8:51:41 PM,2/5/2026,
1270,36.1,gf,2.710,mm,OK,--,8:51:42 PM,2/5/2026,
1271,35.5,gf,2.700,mm,OK,--,8:51:42 PM,2/5/2026,
1272,35.1,gf,2.690,mm,OK,--,8:51:42 PM,2/5/2026,
1273,34.4,gf,2.685,mm,OK,--,8:51:42 PM,2/5/2026,
1274,33.5,gf,2.670,mm,OK,--,8:51:42 PM,2/5/2026,
1275,32.8,gf,2.660,mm,OK,--,8:51:42 PM,2/5/2026,
1276,31.8,gf,2.645,mm,OK,--,8:51:42 PM,2/5/2026,
1277,31.4,gf,2.625,mm,OK,--,8:51:42 PM,2/5/2026,
1278,31.4,gf,2.610,mm,OK,--,8:51:42 PM,2/5/2026,
1279,31.1,gf,2.590,mm,OK,--,8:51:42 PM,2/5/2026,
1280,31.1,gf,2.580,mm,OK,--,8:51:43 PM,2/5/2026,
1281,31.0,gf,2.570,mm,OK,--,8:51:43 PM,2/5/2026,
1282,30.7,gf,2.560,mm,OK,--,8:51:43 PM,2/5/2026,
1283,30.4,gf,2.550,mm,OK,--,8:51:43 PM,2/5/2026,
1284,30.5,gf,2.535,mm,OK,--,8:51:43 PM,2/5/2026,
1285,30.6,gf,2.525,mm,OK,--,8:51:43 PM,2/5/2026,
1286,30.6,gf,2.515,mm,OK,--,8:51:43 PM,2/5/2026,
1287,30.5,gf,2.505,mm,OK,--,8:51:43 PM,2/5/2026,
1288,30.3,gf,2.495,mm,OK,--,8:51:43 PM,2/5/2026,
1289,30.1,gf,2.485,mm,OK,--,8:51:43 PM,2/5/2026,
1290,29.9,gf,2.470,mm,OK,--,8:51:44 PM,2/5/2026,
1291,29.6,gf,2.460,mm,OK,--,8:51:44 PM,2/5/2026,
1292,29.5,gf,2.450,mm,OK,--,8:51:44 PM,2/5/2026,
1293,29.0,gf,2.440,mm,OK,--,8:51:44 PM,2/5/2026,
1294,28.8,gf,2.430,mm,OK,--,8:51:44 PM,2/5/2026,
1295,28.6,gf,2.420,mm,OK,--,8:51:44 PM,2/5/2026,
1296,28.3,gf,2.410,mm,OK,--,8:51:44 PM,2/5/2026,
1297,28.1,gf,2.400,mm,OK,--,8:51:44 PM,2/5/2026,
1298,27.7,gf,2.390,mm,OK,--,8:51:44 PM,2/5/2026,
1299,27.7,gf,2.380,mm,OK,--,8:51:44 PM,2/5/2026,
1300,27.4,gf,2.370,mm,OK,--,8:51:45 PM,2/5/2026,
1301,27.4,gf,2.365,mm,OK,--,8:51:45 PM,2/5/2026,
1302,27.2,gf,2.360,mm,OK,--,8:51:45 PM,2/5/2026,
1303,26.9,gf,2.355,mm,OK,--,8:51:45 PM,2/5/2026,
1304,26.8,gf,2.350,mm,OK,--,8:51:45 PM,2/5/2026,
1305,26.7,gf,2.350,mm,OK,--,8:51:45 PM,2/5/2026,
1306,26.5,gf,2.345,mm,OK,--,8:51:45 PM,2/5/2026,
1307,26.4,gf,2.340,mm,OK,--,8:51:45 PM,2/5/2026,
1308,26.2,gf,2.335,mm,OK,--,8:51:45 PM,2/5/2026,
1309,26.0,gf,2.330,mm,OK,--,8:51:45 PM,2/5/2026,
1310,25.8,gf,2.325,mm,OK,--,8:51:46 PM,2/5/2026,
1311,25.7,gf,2.315,mm,OK,--,8:51:46 PM,2/5/2026,
1312,25.5,gf,2.310,mm,OK,--,8:51:46 PM,2/5/2026,
1313,25.3,gf,2.305,mm,OK,--,8:51:46 PM,2/5/2026,
1314,25.2,gf,2.295,mm,OK,--,8:51:46 PM,2/5/2026,
1315,25.0,gf,2.290,mm,OK,--,8:51:46 PM,2/5/2026,
1316,24.8,gf,2.280,mm,OK,--,8:51:46 PM,2/5/2026,
1317,24.2,gf,2.270,mm,OK,--,8:51:46 PM,2/5/2026,
1318,23.8,gf,2.260,mm,OK,--,8:51:46 PM,2/5/2026,
1319,23.5,gf,2.250,mm,OK,--,8:51:46 PM,2/5/2026,
1320,23.4,gf,2.240,mm,OK,--,8:51:47 PM,2/5/2026,
1321,23.0,gf,2.230,mm,OK,--,8:51:47 PM,2/5/2026,
1322,23.0,gf,2.220,mm,OK,--,8:51:47 PM,2/5/2026,
1323,22.8,gf,2.210,mm,OK,--,8:51:47 PM,2/5/2026,
1324,22.6,gf,2.195,mm,OK,--,8:51:47 PM,2/5/2026,
1325,22.5,gf,2.185,mm,OK,--,8:51:47 PM,2/5/2026,
1326,22.5,gf,2.180,mm,OK,--,8:51:47 PM,2/5/2026,
1327,22.4,gf,2.170,mm,OK,--,8:51:47 PM,2/5/2026,
1328,22.4,gf,2.165,mm,OK,--,8:51:47 PM,2/5/2026,
1329,22.2,gf,2.155,mm,OK,--,8:51:47 PM,2/5/2026,
1330,21.9,gf,2.150,mm,OK,--,8:51:48 PM,2/5/2026,
1331,21.8,gf,2.135,mm,OK,--,8:51:48 PM,2/5/2026,
1332,21.7,gf,2.125,mm,OK,--,8:51:48 PM,2/5/2026,
1333,21.7,gf,2.110,mm,OK,--,8:51:48 PM,2/5/2026,
1334,21.4,gf,2.095,mm,OK,--,8:51:48 PM,2/5/2026,
1335,21.1,gf,2.085,mm,OK,--,8:51:48 PM,2/5/2026,
1336,21.0,gf,2.075,mm,OK,--,8:51:48 PM,2/5/2026,
1337,21.1,gf,2.070,mm,OK,--,8:51:48 PM,2/5/2026,
1338,20.9,gf,2.060,mm,OK,--,8:51:48 PM,2/5/2026,
1339,20.9,gf,2.055,mm,OK,--,8:51:48 PM,2/5/2026,
1340,20.9,gf,2.045,mm,OK,--,8:51:49 PM,2/5/2026,
1341,20.9,gf,2.040,mm,OK,--,8:51:49 PM,2/5/2026,
1342,20.9,gf,2.030,mm,OK,--,8:51:49 PM,2/5/2026,
1343,20.9,gf,2.025,mm,OK,--,8:51:49 PM,2/5/2026,
1344,20.8,gf,2.020,mm,OK,--,8:51:49 PM,2/5/2026,
1345,20.8,gf,2.010,mm,OK,--,8:51:49 PM,2/5/2026,
1346,20.6,gf,2.005,mm,OK,--,8:51:49 PM,2/5/2026,
1347,20.5,gf,1.995,mm,OK,--,8:51:49 PM,2/5/2026,
1348,20.4,gf,1.990,mm,OK,--,8:51:49 PM,2/5/2026,
1349,20.2,gf,1.980,mm,OK,--,8:51:49 PM,2/5/2026,
1350,20.1,gf,1.975,mm,OK,--,8:51:50 PM,2/5/2026,
1351,20.2,gf,1.975,mm,OK,--,8:51:50 PM,2/5/2026,
1352,20.2,gf,1.970,mm,OK,--,8:51:50 PM,2/5/2026,
1353,20.2,gf,1.965,mm,OK,--,8:51:50 PM,2/5/2026,
1354,20.1,gf,1.960,mm,OK,--,8:51:50 PM,2/5/2026,
1355,20.1,gf,1.955,mm,OK,--,8:51:50 PM,2/5/2026,
1356,20.2,gf,1.950,mm,OK,--,8:51:50 PM,2/5/2026,
1357,20.4,gf,1.945,mm,OK,--,8:51:50 PM,2/5/2026,
1358,20.4,gf,1.940,mm,OK,--,8:51:50 PM,2/5/2026,
1359,20.5,gf,1.935,mm,OK,--,8:51:50 PM,2/5/2026,
1360,20.5,gf,1.935,mm,OK,--,8:51:51 PM,2/5/2026,
1361,20.6,gf,1.930,mm,OK,--,8:51:51 PM,2/5/2026,
1362,20.6,gf,1.925,mm,OK,--,8:51:51 PM,2/5/2026,
1363,20.7,gf,1.920,mm,OK,--,8:51:51 PM,2/5/2026,
1364,20.6,gf,1.915,mm,OK,--,8:51:51 PM,2/5/2026,
1365,20.6,gf,1.910,mm,OK,--,8:51:51 PM,2/5/2026,
1366,20.7,gf,1.910,mm,OK,--,8:51:51 PM,2/5/2026,
1367,20.7,gf,1.905,mm,OK,--,8:51:51 PM,2/5/2026,
1368,20.5,gf,1.900,mm,OK,--,8:51:51 PM,2/5/2026,
1369,20.6,gf,1.895,mm,OK,--,8:51:51 PM,2/5/2026,
1370,20.8,gf,1.890,mm,OK,--,8:51:52 PM,2/5/2026,
1371,21.2,gf,1.885,mm,OK,--,8:51:52 PM,2/5/2026,
1372,20.9,gf,1.880,mm,OK,--,8:51:52 PM,2/5/2026,
1373,21.0,gf,1.880,mm,OK,--,8:51:52 PM,2/5/2026,
1374,20.9,gf,1.875,mm,OK,--,8:51:52 PM,2/5/2026,
1375,21.0,gf,1.870,mm,OK,--,8:51:52 PM,2/5/2026,
1376,21.0,gf,1.865,mm,OK,--,8:51:52 PM,2/5/2026,
1377,21.0,gf,1.865,mm,OK,--,8:51:52 PM,2/5/2026,
1378,21.0,gf,1.860,mm,OK,--,8:51:52 PM,2/5/2026,
1379,20.9,gf,1.855,mm,OK,--,8:51:52 PM,2/5/2026,
1380,21.2,gf,1.855,mm,OK,--,8:51:53 PM,2/5/2026,
1381,21.0,gf,1.850,mm,OK,--,8:51:53 PM,2/5/2026,
1382,21.0,gf,1.850,mm,OK,--,8:51:53 PM,2/5/2026,
1383,21.1,gf,1.845,mm,OK,--,8:51:53 PM,2/5/2026,
1384,21.2,gf,1.840,mm,OK,--,8:51:53 PM,2/5/2026,
1385,21.2,gf,1.840,mm,OK,--,8:51:53 PM,2/5/2026,
1386,21.0,gf,1.835,mm,OK,--,8:51:53 PM,2/5/2026,
1387,21.2,gf,1.830,mm,OK,--,8:51:53 PM,2/5/2026,
1388,21.6,gf,1.825,mm,OK,--,8:51:53 PM,2/5/2026,
1389,21.7,gf,1.820,mm,OK,--,8:51:53 PM,2/5/2026,
1390,22.0,gf,1.810,mm,OK,--,8:51:54 PM,2/5/2026,
1391,22.0,gf,1.805,mm,OK,--,8:51:54 PM,2/5/2026,
1392,22.2,gf,1.800,mm,OK,--,8:51:54 PM,2/5/2026,
1393,22.3,gf,1.795,mm,OK,--,8:51:54 PM,2/5/2026,
1394,22.4,gf,1.790,mm,OK,--,8:51:54 PM,2/5/2026,
1395,22.4,gf,1.785,mm,OK,--,8:51:54 PM,2/5/2026,
1396,22.7,gf,1.780,mm,OK,--,8:51:54 PM,2/5/2026,
1397,22.8,gf,1.775,mm,OK,--,8:51:54 PM,2/5/2026,
1398,22.6,gf,1.775,mm,OK,--,8:51:54 PM,2/5/2026,
1399,22.8,gf,1.770,mm,OK,--,8:51:54 PM,2/5/2026,
1400,22.9,gf,1.765,mm,OK,--,8:51:55 PM,2/5/2026,
1401,22.9,gf,1.760,mm,OK,--,8:51:55 PM,2/5/2026,
1402,23.0,gf,1.760,mm,OK,--,8:51:55 PM,2/5/2026,
1403,23.1,gf,1.760,mm,OK,--,8:51:55 PM,2/5/2026,
1404,23.1,gf,1.755,mm,OK,--,8:51:55 PM,2/5/2026,
1405,23.0,gf,1.755,mm,OK,--,8:51:55 PM,2/5/2026,
1406,22.9,gf,1.750,mm,OK,--,8:51:55 PM,2/5/2026,
1407,23.2,gf,1.750,mm,OK,--,8:51:55 PM,2/5/2026,
1408,23.4,gf,1.750,mm,OK,--,8:51:55 PM,2/5/2026,
1409,23.3,gf,1.750,mm,OK,--,8:51:55 PM,2/5/2026,
1410,23.2,gf,1.745,mm,OK,--,8:51:56 PM,2/5/2026,
1411,23.2,gf,1.745,mm,OK,--,8:51:56 PM,2/5/2026,
1412,23.4,gf,1.745,mm,OK,--,8:51:56 PM,2/5/2026,
1413,23.2,gf,1.740,mm,OK,--,8:51:56 PM,2/5/2026,
1414,23.2,gf,1.740,mm,OK,--,8:51:56 PM,2/5/2026,
1415,23.4,gf,1.735,mm,OK,--,8:51:56 PM,2/5/2026,
1416,23.4,gf,1.730,mm,OK,--,8:51:56 PM,2/5/2026,
1417,23.6,gf,1.730,mm,OK,--,8:51:56 PM,2/5/2026,
1418,23.5,gf,1.725,mm,OK,--,8:51:56 PM,2/5/2026,
1419,23.5,gf,1.725,mm,OK,--,8:51:56 PM,2/5/2026,
1420,23.3,gf,1.720,mm,OK,--,8:51:57 PM,2/5/2026,
1421,23.4,gf,1.715,mm,OK,--,8:51:57 PM,2/5/2026,
1422,23.6,gf,1.705,mm,OK,--,8:51:57 PM,2/5/2026,
1423,23.9,gf,1.700,mm,OK,--,8:51:57 PM,2/5/2026,
1424,24.0,gf,1.695,mm,OK,--,8:51:57 PM,2/5/2026,
1425,24.0,gf,1.695,mm,OK,--,8:51:57 PM,2/5/2026,
1426,24.2,gf,1.690,mm,OK,--,8:51:57 PM,2/5/2026,
1427,24.2,gf,1.690,mm,OK,--,8:51:57 PM,2/5/2026,
1428,24.1,gf,1.685,mm,OK,--,8:51:57 PM,2/5/2026,
1429,24.1,gf,1.680,mm,OK,--,8:51:57 PM,2/5/2026,
1430,24.2,gf,1.675,mm,OK,--,8:51:58 PM,2/5/2026,
1431,24.4,gf,1.675,mm,OK,--,8:51:58 PM,2/5/2026,
1432,24.5,gf,1.670,mm,OK,--,8:51:58 PM,2/5/2026,
1433,24.6,gf,1.670,mm,OK,--,8:51:58 PM,2/5/2026,
1434,24.6,gf,1.665,mm,OK,--,8:51:58 PM,2/5/2026,
1435,24.4,gf,1.665,mm,OK,--,8:51:58 PM,2/5/2026,
1436,24.4,gf,1.655,mm,OK,--,8:51:58 PM,2/5/2026,
1437,24.9,gf,1.650,mm,OK,--,8:51:58 PM,2/5/2026,
1438,25.2,gf,1.640,mm,OK,--,8:51:58 PM,2/5/2026,
1439,25.2,gf,1.635,mm,OK,--,8:51:58 PM,2/5/2026,
1440,25.3,gf,1.635,mm,OK,--,8:51:59 PM,2/5/2026,
1441,25.5,gf,1.630,mm,OK,--,8:51:59 PM,2/5/2026,
1442,25.4,gf,1.625,mm,OK,--,8:51:59 PM,2/5/2026,
1443,25.8,gf,1.625,mm,OK,--,8:51:59 PM,2/5/2026,
1444,25.6,gf,1.620,mm,OK,--,8:51:59 PM,2/5/2026,
1445,25.8,gf,1.615,mm,OK,--,8:51:59 PM,2/5/2026,
1446,26.1,gf,1.605,mm,OK,--,8:51:59 PM,2/5/2026,
1447,26.3,gf,1.600,mm,OK,--,8:51:59 PM,2/5/2026,
1448,26.5,gf,1.595,mm,OK,--,8:51:59 PM,2/5/2026,
1449,26.7,gf,1.595,mm,OK,--,8:51:59 PM,2/5/2026,
1450,26.9,gf,1.590,mm,OK,--,8:52:00 PM,2/5/2026,
1451,26.8,gf,1.590,mm,OK,--,8:52:00 PM,2/5/2026,
1452,26.6,gf,1.585,mm,OK,--,8:52:00 PM,2/5/2026,
1453,27.1,gf,1.580,mm,OK,--,8:52:00 PM,2/5/2026,
1454,27.3,gf,1.575,mm,OK,--,8:52:00 PM,2/5/2026,
1455,27.3,gf,1.565,mm,OK,--,8:52:00 PM,2/5/2026,
1456,27.6,gf,1.560,mm,OK,--,8:52:00 PM,2/5/2026,
1457,28.0,gf,1.555,mm,OK,--,8:52:00 PM,2/5/2026,
1458,27.9,gf,1.555,mm,OK,--,8:52:00 PM,2/5/2026,
1459,28.0,gf,1.550,mm,OK,--,8:52:00 PM,2/5/2026,
1460,27.9,gf,1.550,mm,OK,--,8:52:01 PM,2/5/2026,
1461,28.0,gf,1.545,mm,OK,--,8:52:01 PM,2/5/2026,
1462,28.0,gf,1.545,mm,OK,--,8:52:01 PM,2/5/2026,
1463,27.9,gf,1.540,mm,OK,--,8:52:01 PM,2/5/2026,
1464,28.3,gf,1.535,mm,OK,--,8:52:01 PM,2/5/2026,
1465,28.5,gf,1.535,mm,OK,--,8:52:01 PM,2/5/2026,
1466,28.5,gf,1.535,mm,OK,--,8:52:01 PM,2/5/2026,
1467,28.4,gf,1.535,mm,OK,--,8:52:01 PM,2/5/2026,
1468,28.4,gf,1.530,mm,OK,--,8:52:01 PM,2/5/2026,
1469,28.3,gf,1.530,mm,OK,--,8:52:01 PM,2/5/2026,
1470,28.4,gf,1.525,mm,OK,--,8:52:02 PM,2/5/2026,
1471,28.6,gf,1.525,mm,OK,--,8:52:02 PM,2/5/2026,
1472,28.7,gf,1.520,mm,OK,--,8:52:02 PM,2/5/2026,
1473,28.4,gf,1.520,mm,OK,--,8:52:02 PM,2/5/2026,
1474,28.4,gf,1.515,mm,OK,--,8:52:02 PM,2/5/2026,
1475,28.7,gf,1.510,mm,OK,--,8:52:02 PM,2/5/2026,
1476,28.7,gf,1.505,mm,OK,--,8:52:02 PM,2/5/2026,
1477,28.7,gf,1.500,mm,OK,--,8:52:02 PM,2/5/2026,
1478,28.7,gf,1.490,mm,OK,--,8:52:02 PM,2/5/2026,
1479,28.8,gf,1.485,mm,OK,--,8:52:02 PM,2/5/2026,
1480,28.8,gf,1.480,mm,OK,--,8:52:03 PM,2/5/2026,
1481,28.8,gf,1.480,mm,OK,--,8:52:03 PM,2/5/2026,
1482,28.8,gf,1.475,mm,OK,--,8:52:03 PM,2/5/2026,
1483,28.9,gf,1.470,mm,OK,--,8:52:03 PM,2/5/2026,
1484,29.2,gf,1.460,mm,OK,--,8:52:03 PM,2/5/2026,
1485,29.3,gf,1.455,mm,OK,--,8:52:03 PM,2/5/2026,
1486,29.4,gf,1.450,mm,OK,--,8:52:03 PM,2/5/2026,
1487,29.7,gf,1.445,mm,OK,--,8:52:03 PM,2/5/2026,
1488,29.8,gf,1.440,mm,OK,--,8:52:03 PM,2/5/2026,
1489,30.1,gf,1.440,mm,OK,--,8:52:03 PM,2/5/2026,
1490,30.0,gf,1.440,mm,OK,--,8:52:04 PM,2/5/2026,
1491,29.7,gf,1.440,mm,OK,--,8:52:04 PM,2/5/2026,
1492,29.7,gf,1.435,mm,OK,--,8:52:04 PM,2/5/2026,
1493,29.8,gf,1.435,mm,OK,--,8:52:04 PM,2/5/2026,
1494,30.0,gf,1.430,mm,OK,--,8:52:04 PM,2/5/2026,
1495,30.2,gf,1.425,mm,OK,--,8:52:04 PM,2/5/2026,
1496,30.2,gf,1.420,mm,OK,--,8:52:04 PM,2/5/2026,
1497,30.4,gf,1.415,mm,OK,--,8:52:04 PM,2/5/2026,
1498,30.6,gf,1.415,mm,OK,--,8:52:04 PM,2/5/2026,
1499,30.7,gf,1.410,mm,OK,--,8:52:04 PM,2/5/2026,
1500,30.8,gf,1.410,mm,OK,--,8:52:05 PM,2/5/2026,
1501,30.6,gf,1.410,mm,OK,--,8:52:05 PM,2/5/2026,
1502,30.6,gf,1.405,mm,OK,--,8:52:05 PM,2/5/2026,
1503,30.6,gf,1.405,mm,OK,--,8:52:05 PM,2/5/2026,
1504,30.8,gf,1.400,mm,OK,--,8:52:05 PM,2/5/2026,
1505,30.9,gf,1.400,mm,OK,--,8:52:05 PM,2/5/2026,
1506,31.1,gf,1.400,mm,OK,--,8:52:05 PM,2/5/2026,
1507,31.0,gf,1.395,mm,OK,--,8:52:05 PM,2/5/2026,
1508,31.1,gf,1.395,mm,OK,--,8:52:05 PM,2/5/2026,
1509,31.0,gf,1.395,mm,OK,--,8:52:05 PM,2/5/2026,
1510,31.0,gf,1.390,mm,OK,--,8:52:06 PM,2/5/2026,
1511,31.2,gf,1.390,mm,OK,--,8:52:06 PM,2/5/2026,
1512,31.1,gf,1.390,mm,OK,--,8:52:06 PM,2/5/2026,
1513,31.2,gf,1.385,mm,OK,--,8:52:06 PM,2/5/2026,
1514,31.1,gf,1.385,mm,OK,--,8:52:06 PM,2/5/2026,
1515,30.9,gf,1.385,mm,OK,--,8:52:06 PM,2/5/2026,
1516,30.8,gf,1.380,mm,OK,--,8:52:06 PM,2/5/2026,
1517,30.9,gf,1.375,mm,OK,--,8:52:06 PM,2/5/2026,
1518,31.2,gf,1.370,mm,OK,--,8:52:06 PM,2/5/2026,
1519,31.6,gf,1.365,mm,OK,--,8:52:06 PM,2/5/2026,
1520,31.6,gf,1.360,mm,OK,--,8:52:07 PM,2/5/2026,
1521,31.8,gf,1.350,mm,OK,--,8:52:07 PM,2/5/2026,
1522,31.9,gf,1.345,mm,OK,--,8:52:07 PM,2/5/2026,
1523,32.0,gf,1.335,mm,OK,--,8:52:07 PM,2/5/2026,
1524,32.3,gf,1.330,mm,OK,--,8:52:07 PM,2/5/2026,
1525,32.4,gf,1.320,mm,OK,--,8:52:07 PM,2/5/2026,
1526,32.5,gf,1.315,mm,OK,--,8:52:07 PM,2/5/2026,
1527,32.4,gf,1.300,mm,OK,--,8:52:07 PM,2/5/2026,
1528,32.8,gf,1.285,mm,OK,--,8:52:07 PM,2/5/2026,
1529,33.3,gf,1.280,mm,OK,--,8:52:07 PM,2/5/2026,
1530,33.5,gf,1.280,mm,OK,--,8:52:08 PM,2/5/2026,
1531,32.8,gf,1.280,mm,OK,--,8:52:08 PM,2/5/2026,
1532,32.6,gf,1.275,mm,OK,--,8:52:08 PM,2/5/2026,
1533,32.8,gf,1.275,mm,OK,--,8:52:08 PM,2/5/2026,
1534,32.8,gf,1.270,mm,OK,--,8:52:08 PM,2/5/2026,
1535,32.8,gf,1.270,mm,OK,--,8:52:08 PM,2/5/2026,
1536,33.0,gf,1.265,mm,OK,--,8:52:08 PM,2/5/2026,
1537,33.1,gf,1.265,mm,OK,--,8:52:08 PM,2/5/2026,
1538,32.7,gf,1.260,mm,OK,--,8:52:08 PM,2/5/2026,
1539,32.9,gf,1.255,mm,OK,--,8:52:08 PM,2/5/2026,
1540,33.2,gf,1.250,mm,OK,--,8:52:09 PM,2/5/2026,
1541,33.6,gf,1.250,mm,OK,--,8:52:09 PM,2/5/2026,
1542,33.4,gf,1.250,mm,OK,--,8:52:09 PM,2/5/2026,
1543,33.1,gf,1.245,mm,OK,--,8:52:09 PM,2/5/2026,
1544,33.2,gf,1.240,mm,OK,--,8:52:09 PM,2/5/2026,
1545,33.3,gf,1.235,mm,OK,--,8:52:09 PM,2/5/2026,
1546,33.3,gf,1.235,mm,OK,--,8:52:09 PM,2/5/2026,
1547,33.5,gf,1.230,mm,OK,--,8:52:09 PM,2/5/2026,
1548,33.5,gf,1.225,mm,OK,--,8:52:09 PM,2/5/2026,
1549,33.8,gf,1.220,mm,OK,--,8:52:09 PM,2/5/2026,
1550,33.6,gf,1.220,mm,OK,--,8:52:10 PM,2/5/2026,
1551,33.6,gf,1.215,mm,OK,--,8:52:10 PM,2/5/2026,
1552,33.8,gf,1.215,mm,OK,--,8:52:10 PM,2/5/2026,
1553,33.7,gf,1.210,mm,OK,--,8:52:10 PM,2/5/2026,
1554,33.9,gf,1.210,mm,OK,--,8:52:10 PM,2/5/2026,
1555,33.7,gf,1.210,mm,OK,--,8:52:10 PM,2/5/2026,
1556,33.9,gf,1.205,mm,OK,--,8:52:10 PM,2/5/2026,
1557,34.2,gf,1.205,mm,OK,--,8:52:10 PM,2/5/2026,
1558,34.3,gf,1.205,mm,OK,--,8:52:10 PM,2/5/2026,
1559,34.3,gf,1.205,mm,OK,--,8:52:10 PM,2/5/2026,
1560,34.0,gf,1.200,mm,OK,--,8:52:11 PM,2/5/2026,
1561,34.0,gf,1.200,mm,OK,--,8:52:11 PM,2/5/2026,
1562,33.9,gf,1.200,mm,OK,--,8:52:11 PM,2/5/2026,
1563,34.1,gf,1.195,mm,OK,--,8:52:11 PM,2/5/2026,
1564,34.4,gf,1.190,mm,OK,--,8:52:11 PM,2/5/2026,
1565,34.3,gf,1.185,mm,OK,--,8:52:11 PM,2/5/2026,
1566,34.4,gf,1.185,mm,OK,--,8:52:11 PM,2/5/2026,
1567,34.6,gf,1.180,mm,OK,--,8:52:11 PM,2/5/2026,
1568,34.7,gf,1.180,mm,OK,--,8:52:11 PM,2/5/2026,
1569,34.7,gf,1.180,mm,OK,--,8:52:11 PM,2/5/2026,
1570,34.3,gf,1.175,mm,OK,--,8:52:12 PM,2/5/2026,
1571,34.7,gf,1.175,mm,OK,--,8:52:12 PM,2/5/2026,
1572,34.6,gf,1.175,mm,OK,--,8:52:12 PM,2/5/2026,
1573,34.8,gf,1.170,mm,OK,--,8:52:12 PM,2/5/2026,
1574,34.8,gf,1.170,mm,OK,--,8:52:12 PM,2/5/2026,
1575,34.8,gf,1.170,mm,OK,--,8:52:12 PM,2/5/2026,
1576,34.5,gf,1.165,mm,OK,--,8:52:12 PM,2/5/2026,
1577,34.7,gf,1.165,mm,OK,--,8:52:12 PM,2/5/2026,
1578,34.7,gf,1.160,mm,OK,--,8:52:12 PM,2/5/2026,
1579,34.9,gf,1.155,mm,OK,--,8:52:12 PM,2/5/2026,
1580,35.1,gf,1.150,mm,OK,--,8:52:13 PM,2/5/2026,
1581,35.2,gf,1.145,mm,OK,--,8:52:13 PM,2/5/2026,
1582,35.3,gf,1.145,mm,OK,--,8:52:13 PM,2/5/2026,
1583,35.3,gf,1.145,mm,OK,--,8:52:13 PM,2/5/2026,
1584,35.2,gf,1.140,mm,OK,--,8:52:13 PM,2/5/2026,
1585,35.1,gf,1.140,mm,OK,--,8:52:13 PM,2/5/2026,
1586,35.3,gf,1.130,mm,OK,--,8:52:13 PM,2/5/2026,
1587,35.6,gf,1.125,mm,OK,--,8:52:13 PM,2/5/2026,
1588,35.8,gf,1.120,mm,OK,--,8:52:13 PM,2/5/2026,
1589,35.8,gf,1.115,mm,OK,--,8:52:13 PM,2/5/2026,
1590,36.0,gf,1.110,mm,OK,--,8:52:14 PM,2/5/2026,
1591,36.1,gf,1.110,mm,OK,--,8:52:14 PM,2/5/2026,
1592,36.1,gf,1.105,mm,OK,--,8:52:14 PM,2/5/2026,
1593,35.9,gf,1.105,mm,OK,--,8:52:14 PM,2/5/2026,
1594,36.2,gf,1.095,mm,OK,--,8:52:14 PM,2/5/2026,
1595,36.5,gf,1.090,mm,OK,--,8:52:14 PM,2/5/2026,
1596,36.6,gf,1.090,mm,OK,--,8:52:14 PM,2/5/2026,
1597,36.5,gf,1.085,mm,OK,--,8:52:14 PM,2/5/2026,
1598,36.6,gf,1.080,mm,OK,--,8:52:14 PM,2/5/2026,
1599,36.7,gf,1.080,mm,OK,--,8:52:14 PM,2/5/2026,
1600,36.8,gf,1.075,mm,OK,--,8:52:15 PM,2/5/2026,
1601,36.8,gf,1.070,mm,OK,--,8:52:15 PM,2/5/2026,
1602,36.8,gf,1.070,mm,OK,--,8:52:15 PM,2/5/2026,
1603,37.2,gf,1.065,mm,OK,--,8:52:15 PM,2/5/2026,
1604,37.1,gf,1.065,mm,OK,--,8:52:15 PM,2/5/2026,
1605,37.0,gf,1.065,mm,OK,--,8:52:15 PM,2/5/2026,
1606,37.2,gf,1.065,mm,OK,--,8:52:15 PM,2/5/2026,
1607,37.2,gf,1.060,mm,OK,--,8:52:15 PM,2/5/2026,
1608,37.3,gf,1.060,mm,OK,--,8:52:15 PM,2/5/2026,
1609,36.9,gf,1.060,mm,OK,--,8:52:15 PM,2/5/2026,
1610,37.0,gf,1.055,mm,OK,--,8:52:16 PM,2/5/2026,
1611,37.0,gf,1.055,mm,OK,--,8:52:16 PM,2/5/2026,
1612,37.1,gf,1.050,mm,OK,--,8:52:16 PM,2/5/2026,
1613,37.3,gf,1.045,mm,OK,--,8:52:16 PM,2/5/2026,
1614,37.2,gf,1.040,mm,OK,--,8:52:16 PM,2/5/2026,
1615,37.5,gf,1.035,mm,OK,--,8:52:16 PM,2/5/2026,
1616,37.7,gf,1.030,mm,OK,--,8:52:16 PM,2/5/2026,
1617,37.8,gf,1.025,mm,OK,--,8:52:16 PM,2/5/2026,
1618,37.8,gf,1.025,mm,OK,--,8:52:16 PM,2/5/2026,
1619,37.8,gf,1.015,mm,OK,--,8:52:16 PM,2/5/2026,
1620,38.1,gf,1.005,mm,OK,--,8:52:17 PM,2/5/2026,
1621,38.2,gf,1.000,mm,OK,--,8:52:17 PM,2/5/2026,
1622,38.3,gf,0.995,mm,OK,--,8:52:17 PM,2/5/2026,
1623,38.2,gf,0.990,mm,OK,--,8:52:17 PM,2/5/2026,
1624,38.2,gf,0.985,mm,OK,--,8:52:17 PM,2/5/2026,
1625,38.4,gf,0.985,mm,OK,--,8:52:17 PM,2/5/2026,
1626,38.5,gf,0.980,mm,OK,--,8:52:17 PM,2/5/2026,
1627,38.6,gf,0.970,mm,OK,--,8:52:17 PM,2/5/2026,
1628,38.8,gf,0.965,mm,OK,--,8:52:17 PM,2/5/2026,
1629,39.0,gf,0.960,mm,OK,--,8:52:17 PM,2/5/2026,
1630,39.1,gf,0.955,mm,OK,--,8:52:18 PM,2/5/2026,
1631,39.2,gf,0.950,mm,OK,--,8:52:18 PM,2/5/2026,
1632,39.2,gf,0.950,mm,OK,--,8:52:18 PM,2/5/2026,
1633,39.2,gf,0.945,mm,OK,--,8:52:18 PM,2/5/2026,
1634,39.1,gf,0.945,mm,OK,--,8:52:18 PM,2/5/2026,
1635,39.0,gf,0.940,mm,OK,--,8:52:18 PM,2/5/2026,
1636,39.2,gf,0.940,mm,OK,--,8:52:18 PM,2/5/2026,
1637,39.2,gf,0.935,mm,OK,--,8:52:18 PM,2/5/2026,
1638,39.3,gf,0.935,mm,OK,--,8:52:18 PM,2/5/2026,
1639,39.3,gf,0.930,mm,OK,--,8:52:18 PM,2/5/2026,
1640,39.3,gf,0.930,mm,OK,--,8:52:19 PM,2/5/2026,
1641,39.5,gf,0.925,mm,OK,--,8:52:19 PM,2/5/2026,
1642,39.4,gf,0.925,mm,OK,--,8:52:19 PM,2/5/2026,
1643,39.3,gf,0.920,mm,OK,--,8:52:19 PM,2/5/2026,
1644,39.4,gf,0.915,mm,OK,--,8:52:19 PM,2/5/2026,
1645,39.6,gf,0.910,mm,OK,--,8:52:19 PM,2/5/2026,
1646,39.7,gf,0.905,mm,OK,--,8:52:19 PM,2/5/2026,
1647,39.8,gf,0.900,mm,OK,--,8:52:19 PM,2/5/2026,
1648,39.8,gf,0.900,mm,OK,--,8:52:19 PM,2/5/2026,
1649,39.9,gf,0.895,mm,OK,--,8:52:19 PM,2/5/2026,
1650,39.8,gf,0.895,mm,OK,--,8:52:20 PM,2/5/2026,
1651,39.9,gf,0.890,mm,OK,--,8:52:20 PM,2/5/2026,
1652,40.0,gf,0.885,mm,OK,--,8:52:20 PM,2/5/2026,
1653,40.2,gf,0.880,mm,OK,--,8:52:20 PM,2/5/2026,
1654,40.3,gf,0.880,mm,OK,--,8:52:20 PM,2/5/2026,
1655,40.0,gf,0.875,mm,OK,--,8:52:20 PM,2/5/2026,
1656,40.1,gf,0.875,mm,OK,--,8:52:20 PM,2/5/2026,
1657,40.1,gf,0.870,mm,OK,--,8:52:20 PM,2/5/2026,
1658,40.2,gf,0.870,mm,OK,--,8:52:20 PM,2/5/2026,
1659,40.1,gf,0.865,mm,OK,--,8:52:20 PM,2/5/2026,
1660,40.2,gf,0.855,mm,OK,--,8:52:21 PM,2/5/2026,
1661,40.7,gf,0.845,mm,OK,--,8:52:21 PM,2/5/2026,
1662,41.0,gf,0.835,mm,OK,--,8:52:21 PM,2/5/2026,
1663,41.0,gf,0.830,mm,OK,--,8:52:21 PM,2/5/2026,
1664,41.2,gf,0.825,mm,OK,--,8:52:21 PM,2/5/2026,
1665,41.4,gf,0.820,mm,OK,--,8:52:21 PM,2/5/2026,
1666,41.6,gf,0.820,mm,OK,--,8:52:21 PM,2/5/2026,
1667,41.5,gf,0.815,mm,OK,--,8:52:21 PM,2/5/2026,
1668,41.4,gf,0.810,mm,OK,--,8:52:21 PM,2/5/2026,
1669,41.6,gf,0.805,mm,OK,--,8:52:21 PM,2/5/2026,
1670,41.8,gf,0.800,mm,OK,--,8:52:22 PM,2/5/2026,
1671,41.9,gf,0.795,mm,OK,--,8:52:22 PM,2/5/2026,
1672,42.0,gf,0.795,mm,OK,--,8:52:22 PM,2/5/2026,
1673,42.0,gf,0.790,mm,OK,--,8:52:22 PM,2/5/2026,
1674,42.1,gf,0.790,mm,OK,--,8:52:22 PM,2/5/2026,
1675,41.8,gf,0.785,mm,OK,--,8:52:22 PM,2/5/2026,
1676,42.2,gf,0.785,mm,OK,--,8:52:22 PM,2/5/2026,
1677,42.3,gf,0.780,mm,OK,--,8:52:22 PM,2/5/2026,
1678,42.4,gf,0.780,mm,OK,--,8:52:22 PM,2/5/2026,
1679,42.4,gf,0.775,mm,OK,--,8:52:22 PM,2/5/2026,
1680,42.3,gf,0.770,mm,OK,--,8:52:23 PM,2/5/2026,
1681,42.4,gf,0.770,mm,OK,--,8:52:23 PM,2/5/2026,
1682,42.5,gf,0.765,mm,OK,--,8:52:23 PM,2/5/2026,
1683,42.5,gf,0.765,mm,OK,--,8:52:23 PM,2/5/2026,
1684,42.4,gf,0.760,mm,OK,--,8:52:23 PM,2/5/2026,
1685,42.2,gf,0.755,mm,OK,--,8:52:23 PM,2/5/2026,
1686,42.6,gf,0.750,mm,OK,--,8:52:23 PM,2/5/2026,
1687,42.9,gf,0.750,mm,OK,--,8:52:23 PM,2/5/2026,
1688,43.1,gf,0.745,mm,OK,--,8:52:23 PM,2/5/2026,
1689,43.2,gf,0.745,mm,OK,--,8:52:23 PM,2/5/2026,
1690,43.2,gf,0.745,mm,OK,--,8:52:24 PM,2/5/2026,
1691,43.2,gf,0.745,mm,OK,--,8:52:24 PM,2/5/2026,
1692,43.0,gf,0.740,mm,OK,--,8:52:24 PM,2/5/2026,
1693,42.7,gf,0.740,mm,OK,--,8:52:24 PM,2/5/2026,
1694,43.1,gf,0.735,mm,OK,--,8:52:24 PM,2/5/2026,
1695,43.1,gf,0.730,mm,OK,--,8:52:24 PM,2/5/2026,
1696,43.4,gf,0.725,mm,OK,--,8:52:24 PM,2/5/2026,
1697,43.4,gf,0.720,mm,OK,--,8:52:24 PM,2/5/2026,
1698,43.6,gf,0.715,mm,OK,--,8:52:24 PM,2/5/2026,
1699,43.6,gf,0.715,mm,OK,--,8:52:24 PM,2/5/2026,
1700,43.6,gf,0.710,mm,OK,--,8:52:25 PM,2/5/2026,
1701,43.6,gf,0.705,mm,OK,--,8:52:25 PM,2/5/2026,
1702,43.8,gf,0.705,mm,OK,--,8:52:25 PM,2/5/2026,
1703,43.9,gf,0.700,mm,OK,--,8:52:25 PM,2/5/2026,
1704,43.9,gf,0.700,mm,OK,--,8:52:25 PM,2/5/2026,
1705,44.0,gf,0.700,mm,OK,--,8:52:25 PM,2/5/2026,
1706,43.9,gf,0.695,mm,OK,--,8:52:25 PM,2/5/2026,
1707,43.8,gf,0.695,mm,OK,--,8:52:25 PM,2/5/2026,
1708,43.8,gf,0.695,mm,OK,--,8:52:25 PM,2/5/2026,
1709,43.7,gf,0.690,mm,OK,--,8:52:25 PM,2/5/2026,
1710,44.0,gf,0.685,mm,OK,--,8:52:26 PM,2/5/2026,
1711,44.1,gf,0.685,mm,OK,--,8:52:26 PM,2/5/2026,
1712,44.1,gf,0.680,mm,OK,--,8:52:26 PM,2/5/2026,
1713,44.3,gf,0.680,mm,OK,--,8:52:26 PM,2/5/2026,
1714,44.3,gf,0.680,mm,OK,--,8:52:26 PM,2/5/2026,
1715,44.3,gf,0.675,mm,OK,--,8:52:26 PM,2/5/2026,
1716,44.1,gf,0.675,mm,OK,--,8:52:26 PM,2/5/2026,
1717,43.9,gf,0.675,mm,OK,--,8:52:26 PM,2/5/2026,
1718,44.2,gf,0.670,mm,OK,--,8:52:26 PM,2/5/2026,
1719,44.4,gf,0.670,mm,OK,--,8:52:26 PM,2/5/2026,
1720,44.4,gf,0.670,mm,OK,--,8:52:27 PM,2/5/2026,
1721,44.3,gf,0.670,mm,OK,--,8:52:27 PM,2/5/2026,
1722,44.2,gf,0.665,mm,OK,--,8:52:27 PM,2/5/2026,
1723,44.1,gf,0.665,mm,OK,--,8:52:27 PM,2/5/2026,
1724,44.1,gf,0.660,mm,OK,--,8:52:27 PM,2/5/2026,
1725,44.3,gf,0.660,mm,OK,--,8:52:27 PM,2/5/2026,
1726,44.4,gf,0.655,mm,OK,--,8:52:27 PM,2/5/2026,
1727,44.4,gf,0.650,mm,OK,--,8:52:27 PM,2/5/2026,
1728,44.5,gf,0.650,mm,OK,--,8:52:27 PM,2/5/2026,
1729,44.7,gf,0.645,mm,OK,--,8:52:27 PM,2/5/2026,
1730,44.7,gf,0.645,mm,OK,--,8:52:28 PM,2/5/2026,
1731,44.9,gf,0.645,mm,OK,--,8:52:28 PM,2/5/2026,
1732,44.8,gf,0.640,mm,OK,--,8:52:28 PM,2/5/2026,
1733,44.7,gf,0.635,mm,OK,--,8:52:28 PM,2/5/2026,
1734,44.8,gf,0.630,mm,OK,--,8:52:28 PM,2/5/2026,
1735,44.9,gf,0.630,mm,OK,--,8:52:28 PM,2/5/2026,
1736,45.0,gf,0.625,mm,OK,--,8:52:28 PM,2/5/2026,
1737,45.2,gf,0.620,mm,OK,--,8:52:28 PM,2/5/2026,
1738,45.2,gf,0.615,mm,OK,--,8:52:28 PM,2/5/2026,
1739,45.2,gf,0.615,mm,OK,--,8:52:28 PM,2/5/2026,
1740,45.2,gf,0.610,mm,OK,--,8:52:29 PM,2/5/2026,
1741,45.2,gf,0.605,mm,OK,--,8:52:29 PM,2/5/2026,
1742,45.6,gf,0.595,mm,OK,--,8:52:29 PM,2/5/2026,
1743,45.8,gf,0.590,mm,OK,--,8:52:29 PM,2/5/2026,
1744,45.8,gf,0.590,mm,OK,--,8:52:29 PM,2/5/2026,
1745,45.8,gf,0.590,mm,OK,--,8:52:29 PM,2/5/2026,
1746,45.8,gf,0.585,mm,OK,--,8:52:29 PM,2/5/2026,
1747,45.8,gf,0.585,mm,OK,--,8:52:29 PM,2/5/2026,
1748,45.7,gf,0.585,mm,OK,--,8:52:29 PM,2/5/2026,
1749,45.5,gf,0.580,mm,OK,--,8:52:29 PM,2/5/2026,
1750,45.9,gf,0.570,mm,OK,--,8:52:30 PM,2/5/2026,
1751,46.1,gf,0.570,mm,OK,--,8:52:30 PM,2/5/2026,
1752,46.1,gf,0.565,mm,OK,--,8:52:30 PM,2/5/2026,
1753,45.8,gf,0.560,mm,OK,--,8:52:30 PM,2/5/2026,
1754,46.3,gf,0.555,mm,OK,--,8:52:30 PM,2/5/2026,
1755,46.6,gf,0.550,mm,OK,--,8:52:30 PM,2/5/2026,
1756,46.7,gf,0.545,mm,OK,--,8:52:30 PM,2/5/2026,
1757,46.7,gf,0.540,mm,OK,--,8:52:30 PM,2/5/2026,
1758,46.9,gf,0.535,mm,OK,--,8:52:30 PM,2/5/2026,
1759,47.1,gf,0.535,mm,OK,--,8:52:30 PM,2/5/2026,
1760,47.0,gf,0.530,mm,OK,--,8:52:31 PM,2/5/2026,
1761,47.0,gf,0.530,mm,OK,--,8:52:31 PM,2/5/2026,
1762,47.1,gf,0.530,mm,OK,--,8:52:31 PM,2/5/2026,
1763,47.1,gf,0.525,mm,OK,--,8:52:31 PM,2/5/2026,
1764,47.1,gf,0.525,mm,OK,--,8:52:31 PM,2/5/2026,
1765,47.0,gf,0.520,mm,OK,--,8:52:31 PM,2/5/2026,
1766,47.2,gf,0.515,mm,OK,--,8:52:31 PM,2/5/2026,
1767,47.5,gf,0.510,mm,OK,--,8:52:31 PM,2/5/2026,
1768,47.5,gf,0.510,mm,OK,--,8:52:31 PM,2/5/2026,
1769,47.7,gf,0.505,mm,OK,--,8:52:31 PM,2/5/2026,
1770,47.8,gf,0.505,mm,OK,--,8:52:32 PM,2/5/2026,
1771,47.8,gf,0.505,mm,OK,--,8:52:32 PM,2/5/2026,
1772,47.7,gf,0.505,mm,OK,--,8:52:32 PM,2/5/2026,
1773,47.4,gf,0.505,mm,OK,--,8:52:32 PM,2/5/2026,
1774,47.6,gf,0.500,mm,OK,--,8:52:32 PM,2/5/2026,
1775,47.6,gf,0.500,mm,OK,--,8:52:32 PM,2/5/2026,
1776,47.8,gf,0.495,mm,OK,--,8:52:32 PM,2/5/2026,
1777,47.8,gf,0.495,mm,OK,--,8:52:32 PM,2/5/2026,
1778,48.0,gf,0.495,mm,OK,--,8:52:32 PM,2/5/2026,
1779,47.7,gf,0.495,mm,OK,--,8:52:32 PM,2/5/2026,
1780,47.4,gf,0.490,mm,OK,--,8:52:33 PM,2/5/2026,
1781,47.6,gf,0.485,mm,OK,--,8:52:33 PM,2/5/2026,
1782,47.9,gf,0.480,mm,OK,--,8:52:33 PM,2/5/2026,
1783,48.2,gf,0.480,mm,OK,--,8:52:33 PM,2/5/2026,
1784,48.4,gf,0.475,mm,OK,--,8:52:33 PM,2/5/2026,
1785,48.3,gf,0.475,mm,OK,--,8:52:33 PM,2/5/2026,
1786,48.4,gf,0.475,mm,OK,--,8:52:33 PM,2/5/2026,
1787,48.3,gf,0.475,mm,OK,--,8:52:33 PM,2/5/2026,
1788,48.0,gf,0.470,mm,OK,--,8:52:33 PM,2/5/2026,
1789,48.2,gf,0.465,mm,OK,--,8:52:33 PM,2/5/2026,
1790,48.4,gf,0.465,mm,OK,--,8:52:34 PM,2/5/2026,
1791,48.5,gf,0.460,mm,OK,--,8:52:34 PM,2/5/2026,
1792,48.5,gf,0.460,mm,OK,--,8:52:34 PM,2/5/2026,
1793,48.7,gf,0.455,mm,OK,--,8:52:34 PM,2/5/2026,
1794,48.7,gf,0.450,mm,OK,--,8:52:34 PM,2/5/2026,
1795,48.7,gf,0.445,mm,OK,--,8:52:34 PM,2/5/2026,
1796,48.9,gf,0.440,mm,OK,--,8:52:34 PM,2/5/2026,
1797,49.1,gf,0.430,mm,OK,--,8:52:34 PM,2/5/2026,
1798,49.3,gf,0.430,mm,OK,--,8:52:34 PM,2/5/2026,
1799,49.2,gf,0.425,mm,OK,--,8:52:34 PM,2/5/2026,
1800,49.2,gf,0.425,mm,OK,--,8:52:35 PM,2/5/2026,
1801,49.4,gf,0.420,mm,OK,--,8:52:35 PM,2/5/2026,
1802,49.5,gf,0.420,mm,OK,--,8:52:35 PM,2/5/2026,
1803,49.4,gf,0.415,mm,OK,--,8:52:35 PM,2/5/2026,
1804,49.5,gf,0.410,mm,OK,--,8:52:35 PM,2/5/2026,
1805,49.7,gf,0.410,mm,OK,--,8:52:35 PM,2/5/2026,
1806,49.6,gf,0.410,mm,OK,--,8:52:35 PM,2/5/2026,
1807,49.7,gf,0.410,mm,OK,--,8:52:35 PM,2/5/2026,
1808,49.6,gf,0.405,mm,OK,--,8:52:35 PM,2/5/2026,
1809,49.6,gf,0.405,mm,OK,--,8:52:35 PM,2/5/2026,
1810,49.5,gf,0.400,mm,OK,--,8:52:36 PM,2/5/2026,
1811,49.6,gf,0.395,mm,OK,--,8:52:36 PM,2/5/2026,
1812,49.8,gf,0.395,mm,OK,--,8:52:36 PM,2/5/2026,
1813,50.0,gf,0.390,mm,OK,--,8:52:36 PM,2/5/2026,
1814,50.0,gf,0.390,mm,OK,--,8:52:36 PM,2/5/2026,
1815,50.0,gf,0.385,mm,OK,--,8:52:36 PM,2/5/2026,
1816,50.0,gf,0.385,mm,OK,--,8:52:36 PM,2/5/2026,
1817,49.9,gf,0.380,mm,OK,--,8:52:36 PM,2/5/2026,
1818,49.7,gf,0.380,mm,OK,--,8:52:36 PM,2/5/2026,
1819,49.9,gf,0.370,mm,OK,--,8:52:36 PM,2/5/2026,
1820,50.3,gf,0.365,mm,OK,--,8:52:37 PM,2/5/2026,
1821,50.3,gf,0.360,mm,OK,--,8:52:37 PM,2/5/2026,
1822,50.3,gf,0.355,mm,OK,--,8:52:37 PM,2/5/2026,
1823,50.3,gf,0.355,mm,OK,--,8:52:37 PM,2/5/2026,
1824,50.2,gf,0.350,mm,OK,--,8:52:37 PM,2/5/2026,
1825,50.4,gf,0.345,mm,OK,--,8:52:37 PM,2/5/2026,
1826,50.4,gf,0.340,mm,OK,--,8:52:37 PM,2/5/2026,
1827,50.6,gf,0.335,mm,OK,--,8:52:37 PM,2/5/2026,
1828,50.7,gf,0.325,mm,OK,--,8:52:37 PM,2/5/2026,
1829,50.8,gf,0.320,mm,OK,--,8:52:37 PM,2/5/2026,
1830,51.0,gf,0.315,mm,OK,--,8:52:38 PM,2/5/2026,
1831,51.2,gf,0.315,mm,OK,--,8:52:38 PM,2/5/2026,
1832,51.1,gf,0.310,mm,OK,--,8:52:38 PM,2/5/2026,
1833,51.0,gf,0.310,mm,OK,--,8:52:38 PM,2/5/2026,
1834,50.9,gf,0.305,mm,OK,--,8:52:38 PM,2/5/2026,
1835,51.1,gf,0.300,mm,OK,--,8:52:38 PM,2/5/2026,
1836,51.1,gf,0.290,mm,OK,--,8:52:38 PM,2/5/2026,
1837,51.2,gf,0.285,mm,OK,--,8:52:38 PM,2/5/2026,
1838,51.2,gf,0.275,mm,OK,--,8:52:38 PM,2/5/2026,
1839,51.2,gf,0.270,mm,OK,--,8:52:38 PM,2/5/2026,
1840,51.4,gf,0.265,mm,OK,--,8:52:39 PM,2/5/2026,
1841,51.4,gf,0.265,mm,OK,--,8:52:39 PM,2/5/2026,
1842,51.2,gf,0.260,mm,OK,--,8:52:39 PM,2/5/2026,
1843,51.3,gf,0.250,mm,OK,--,8:52:39 PM,2/5/2026,
1844,51.4,gf,0.245,mm,OK,--,8:52:39 PM,2/5/2026,
1845,51.3,gf,0.245,mm,OK,--,8:52:39 PM,2/5/2026,
1846,51.2,gf,0.240,mm,OK,--,8:52:39 PM,2/5/2026,
1847,51.0,gf,0.235,mm,OK,--,8:52:39 PM,2/5/2026,
1848,51.0,gf,0.230,mm,OK,--,8:52:39 PM,2/5/2026,
1849,51.1,gf,0.225,mm,OK,--,8:52:39 PM,2/5/2026,
1850,51.2,gf,0.215,mm,OK,--,8:52:40 PM,2/5/2026,
1851,51.3,gf,0.210,mm,OK,--,8:52:40 PM,2/5/2026,
1852,51.5,gf,0.205,mm,OK,--,8:52:40 PM,2/5/2026,
1853,51.2,gf,0.205,mm,OK,--,8:52:40 PM,2/5/2026,
1854,51.0,gf,0.200,mm,OK,--,8:52:40 PM,2/5/2026,
1855,50.8,gf,0.190,mm,OK,--,8:52:40 PM,2/5/2026,
1856,50.4,gf,0.180,mm,OK,--,8:52:40 PM,2/5/2026,
1857,50.1,gf,0.165,mm,OK,--,8:52:40 PM,2/5/2026,
1858,49.5,gf,0.145,mm,OK,--,8:52:40 PM,2/5/2026,
1859,39.1,gf,0.130,mm,OK,--,8:52:40 PM,2/5/2026,
1860,31.9,gf,0.120,mm,OK,--,8:52:41 PM,2/5/2026,
1861,27.7,gf,0.115,mm,OK,--,8:52:41 PM,2/5/2026,
1862,24.8,gf,0.115,mm,OK,--,8:52:41 PM,2/5/2026,
1863,21.0,gf,0.110,mm,OK,--,8:52:41 PM,2/5/2026,
1864,17.0,gf,0.105,mm,OK,--,8:52:41 PM,2/5/2026,
1865,13.1,gf,0.100,mm,OK,--,8:52:41 PM,2/5/2026,
1866,11.0,gf,0.100,mm,OK,--,8:52:41 PM,2/5/2026,
1867,9.1,gf,0.095,mm,OK,--,8:52:41 PM,2/5/2026,
1868,6.5,gf,0.090,mm,OK,--,8:52:41 PM,2/5/2026,
1869,2.8,gf,0.090,mm,OK,--,8:52:41 PM,2/5/2026,
1870,0.0,gf,0.085,mm,OK,--,8:52:42 PM,2/5/2026,
1871,0.0,gf,0.080,mm,OK,--,8:52:42 PM,2/5/2026,
1872,0.0,gf,0.065,mm,OK,--,8:52:42 PM,2/5/2026,
1873,0.0,gf,0.050,mm,OK,--,8:52:42 PM,2/5/2026,
1874,0.1,gf,0.030,mm,OK,--,8:52:42 PM,2/5/2026,
1875,0.0,gf,0.010,mm,OK,--,8:52:42 PM,2/5/2026,
1876,0.1,gf,-0.010,mm,OK,--,8:52:42 PM,2/5/2026,
1877,0.1,gf,-0.015,mm,OK,--,8:52:42 PM,2/5/2026,
1878,0.1,gf,-0.020,mm,OK,--,8:52:42 PM,2/5/2026,
1879,0.1,gf,-0.020,mm,OK,--,8:52:42 PM,2/5/2026,
1880,0.1,gf,-0.030,mm,OK,--,8:52:43 PM,2/5/2026,
1881,0.2,gf,-0.035,mm,OK,--,8:52:43 PM,2/5/2026,
1882,0.0,gf,-0.035,mm,OK,--,8:52:43 PM,2/5/2026,
1883,0.0,gf,-0.035,mm,OK,--,8:52:43 PM,2/5/2026,
1884,0.1,gf,-0.035,mm,OK,--,8:52:43 PM,2/5/2026,
1885,0.1,gf,-0.035,mm,OK,--,8:52:43 PM,2/5/2026,
1886,0.0,gf,-0.035,mm,OK,--,8:52:43 PM,2/5/2026,
1887,0.0,gf,-0.030,mm,OK,--,8:52:43 PM,2/5/2026,
1888,0.1,gf,-0.025,mm,OK,--,8:52:43 PM,2/5/2026,
1889,0.1,gf,-0.020,mm,OK,--,8:52:43 PM,2/5/2026,
1890,0.0,gf,-0.015,mm,OK,--,8:52:44 PM,2/5/2026,
1891,0.0,gf,-0.010,mm,OK,--,8:52:44 PM,2/5/2026,
1892,0.0,gf,-0.005,mm,OK,--,8:52:44 PM,2/5/2026,
1893,0.0,gf,0.000,mm,OK,--,8:52:44 PM,2/5/2026,
1894,0.0,gf,0.005,mm,OK,--,8:52:44 PM,2/5/2026,
1895,-0.1,gf,0.010,mm,OK,--,8:52:44 PM,2/5/2026,
1896,0.0,gf,0.020,mm,OK,--,8:52:44 PM,2/5/2026,
1897,0.0,gf,0.025,mm,OK,--,8:52:44 PM,2/5/2026,
1898,0.0,gf,0.030,mm,OK,--,8:52:44 PM,2/5/2026,
1899,0.0,gf,0.035,mm,OK,--,8:52:44 PM,2/5/2026,
1900,0.0,gf,0.040,mm,OK,--,8:52:45 PM,2/5/2026,
1901,0.0,gf,0.045,mm,OK,--,8:52:45 PM,2/5/2026,
1902,0.0,gf,0.055,mm,OK,--,8:52:45 PM,2/5/2026,
