Maximum,193.3,@,No.1067,,,,,,
Minimum,-0.3,@,No.59,,,,,,
Average,47.69,,,,,,,,
Data Quantity,2009,,,,,,,,
Number of NG,0,,,,,,,,
No.,Force,Unit,Displacement,Unit,Judge,Position,Time,Date,
1,0.0,gf,0.000,mm,OK,--,9:45:52 PM,7/9/2026,
2,-0.1,gf,0.000,mm,OK,--,9:45:52 PM,7/9/2026,
3,-0.1,gf,0.000,mm,OK,--,9:45:52 PM,7/9/2026,
4,0.1,gf,0.000,mm,OK,--,9:45:52 PM,7/9/2026,
5,0.1,gf,0.000,mm,OK,--,9:45:53 PM,7/9/2026,
6,-0.1,gf,0.000,mm,OK,--,9:45:53 PM,7/9/2026,
7,0.0,gf,0.000,mm,OK,--,9:45:53 PM,7/9/2026,
8,0.1,gf,0.000,mm,OK,--,9:45:53 PM,7/9/2026,
9,0.2,gf,0.005,mm,OK,--,9:45:53 PM,7/9/2026,
10,-0.1,gf,0.005,mm,OK,--,9:45:53 PM,7/9/2026,
11,-0.2,gf,0.005,mm,OK,--,9:45:53 PM,7/9/2026,
12,0.0,gf,0.005,mm,OK,--,9:45:53 PM,7/9/2026,
13,0.2,gf,0.005,mm,OK,--,9:45:53 PM,7/9/2026,
14,0.0,gf,0.005,mm,OK,--,9:45:53 PM,7/9/2026,
15,-0.1,gf,0.005,mm,OK,--,9:45:54 PM,7/9/2026,
16,-0.1,gf,0.005,mm,OK,--,9:45:54 PM,7/9/2026,
17,0.2,gf,0.005,mm,OK,--,9:45:54 PM,7/9/2026,
18,0.1,gf,0.005,mm,OK,--,9:45:54 PM,7/9/2026,
19,-0.1,gf,0.005,mm,OK,--,9:45:54 PM,7/9/2026,
20,-0.2,gf,0.010,mm,OK,--,9:45:54 PM,7/9/2026,
21,0.1,gf,0.010,mm,OK,--,9:45:54 PM,7/9/2026,
22,0.1,gf,0.010,mm,OK,--,9:45:54 PM,7/9/2026,
23,-0.1,gf,0.010,mm,OK,--,9:45:54 PM,7/9/2026,
24,-0.1,gf,0.010,mm,OK,--,9:45:54 PM,7/9/2026,
25,0.1,gf,0.010,mm,OK,--,9:45:55 PM,7/9/2026,
26,0.1,gf,0.010,mm,OK,--,9:45:55 PM,7/9/2026,
27,-0.1,gf,0.015,mm,OK,--,9:45:55 PM,7/9/2026,
28,-0.2,gf,0.015,mm,OK,--,9:45:55 PM,7/9/2026,
29,-0.1,gf,0.015,mm,OK,--,9:45:55 PM,7/9/2026,
30,0.0,gf,0.015,mm,OK,--,9:45:55 PM,7/9/2026,
31,0.1,gf,0.020,mm,OK,--,9:45:55 PM,7/9/2026,
32,-0.1,gf,0.020,mm,OK,--,9:45:55 PM,7/9/2026,
33,-0.1,gf,0.020,mm,OK,--,9:45:55 PM,7/9/2026,
34,0.0,gf,0.020,mm,OK,--,9:45:55 PM,7/9/2026,
35,0.2,gf,0.025,mm,OK,--,9:45:56 PM,7/9/2026,
36,-0.1,gf,0.025,mm,OK,--,9:45:56 PM,7/9/2026,
37,-0.1,gf,0.030,mm,OK,--,9:45:56 PM,7/9/2026,
38,-0.1,gf,0.030,mm,OK,--,9:45:56 PM,7/9/2026,
39,0.2,gf,0.030,mm,OK,--,9:45:56 PM,7/9/2026,
40,0.0,gf,0.030,mm,OK,--,9:45:56 PM,7/9/2026,
41,-0.2,gf,0.035,mm,OK,--,9:45:56 PM,7/9/2026,
42,0.0,gf,0.035,mm,OK,--,9:45:56 PM,7/9/2026,
43,0.1,gf,0.035,mm,OK,--,9:45:56 PM,7/9/2026,
44,0.1,gf,0.040,mm,OK,--,9:45:56 PM,7/9/2026,
45,0.0,gf,0.040,mm,OK,--,9:45:57 PM,7/9/2026,
46,-0.1,gf,0.045,mm,OK,--,9:45:57 PM,7/9/2026,
47,0.1,gf,0.045,mm,OK,--,9:45:57 PM,7/9/2026,
48,0.0,gf,0.050,mm,OK,--,9:45:57 PM,7/9/2026,
49,-0.1,gf,0.055,mm,OK,--,9:45:57 PM,7/9/2026,
50,-0.1,gf,0.060,mm,OK,--,9:45:57 PM,7/9/2026,
51,0.0,gf,0.065,mm,OK,--,9:45:57 PM,7/9/2026,
52,0.2,gf,0.065,mm,OK,--,9:45:57 PM,7/9/2026,
53,0.0,gf,0.070,mm,OK,--,9:45:57 PM,7/9/2026,
54,-0.1,gf,0.070,mm,OK,--,9:45:57 PM,7/9/2026,
55,-0.1,gf,0.075,mm,OK,--,9:45:58 PM,7/9/2026,
56,0.0,gf,0.080,mm,OK,--,9:45:58 PM,7/9/2026,
57,0.0,gf,0.085,mm,OK,--,9:45:58 PM,7/9/2026,
58,0.0,gf,0.085,mm,OK,--,9:45:58 PM,7/9/2026,
59,-0.3,gf,0.090,mm,OK,--,9:45:58 PM,7/9/2026,
60,0.0,gf,0.090,mm,OK,--,9:45:58 PM,7/9/2026,
61,0.1,gf,0.095,mm,OK,--,9:45:58 PM,7/9/2026,
62,-0.1,gf,0.100,mm,OK,--,9:45:58 PM,7/9/2026,
63,-0.2,gf,0.100,mm,OK,--,9:45:58 PM,7/9/2026,
64,0.0,gf,0.105,mm,OK,--,9:45:58 PM,7/9/2026,
65,0.1,gf,0.110,mm,OK,--,9:45:59 PM,7/9/2026,
66,1.4,gf,0.115,mm,OK,--,9:45:59 PM,7/9/2026,
67,3.7,gf,0.115,mm,OK,--,9:45:59 PM,7/9/2026,
68,6.1,gf,0.120,mm,OK,--,9:45:59 PM,7/9/2026,
69,9.0,gf,0.120,mm,OK,--,9:45:59 PM,7/9/2026,
70,11.5,gf,0.125,mm,OK,--,9:45:59 PM,7/9/2026,
71,13.8,gf,0.125,mm,OK,--,9:45:59 PM,7/9/2026,
72,15.8,gf,0.130,mm,OK,--,9:45:59 PM,7/9/2026,
73,17.9,gf,0.130,mm,OK,--,9:45:59 PM,7/9/2026,
74,19.9,gf,0.130,mm,OK,--,9:45:59 PM,7/9/2026,
75,21.5,gf,0.135,mm,OK,--,9:46:00 PM,7/9/2026,
76,23.4,gf,0.135,mm,OK,--,9:46:00 PM,7/9/2026,
77,25.5,gf,0.140,mm,OK,--,9:46:00 PM,7/9/2026,
78,27.8,gf,0.140,mm,OK,--,9:46:00 PM,7/9/2026,
79,29.8,gf,0.145,mm,OK,--,9:46:00 PM,7/9/2026,
80,31.3,gf,0.145,mm,OK,--,9:46:00 PM,7/9/2026,
81,32.3,gf,0.145,mm,OK,--,9:46:00 PM,7/9/2026,
82,33.0,gf,0.145,mm,OK,--,9:46:00 PM,7/9/2026,
83,33.7,gf,0.150,mm,OK,--,9:46:00 PM,7/9/2026,
84,34.3,gf,0.150,mm,OK,--,9:46:00 PM,7/9/2026,
85,34.8,gf,0.150,mm,OK,--,9:46:01 PM,7/9/2026,
86,34.3,gf,0.150,mm,OK,--,9:46:01 PM,7/9/2026,
87,34.5,gf,0.155,mm,OK,--,9:46:01 PM,7/9/2026,
88,34.7,gf,0.155,mm,OK,--,9:46:01 PM,7/9/2026,
89,35.0,gf,0.155,mm,OK,--,9:46:01 PM,7/9/2026,
90,35.0,gf,0.155,mm,OK,--,9:46:01 PM,7/9/2026,
91,35.0,gf,0.160,mm,OK,--,9:46:01 PM,7/9/2026,
92,35.1,gf,0.160,mm,OK,--,9:46:01 PM,7/9/2026,
93,35.1,gf,0.160,mm,OK,--,9:46:01 PM,7/9/2026,
94,35.0,gf,0.165,mm,OK,--,9:46:01 PM,7/9/2026,
95,34.8,gf,0.165,mm,OK,--,9:46:02 PM,7/9/2026,
96,34.8,gf,0.165,mm,OK,--,9:46:02 PM,7/9/2026,
97,34.7,gf,0.170,mm,OK,--,9:46:02 PM,7/9/2026,
98,34.6,gf,0.170,mm,OK,--,9:46:02 PM,7/9/2026,
99,34.5,gf,0.175,mm,OK,--,9:46:02 PM,7/9/2026,
100,34.4,gf,0.175,mm,OK,--,9:46:02 PM,7/9/2026,
101,34.3,gf,0.175,mm,OK,--,9:46:02 PM,7/9/2026,
102,34.3,gf,0.180,mm,OK,--,9:46:02 PM,7/9/2026,
103,34.3,gf,0.180,mm,OK,--,9:46:02 PM,7/9/2026,
104,34.3,gf,0.180,mm,OK,--,9:46:02 PM,7/9/2026,
105,34.2,gf,0.185,mm,OK,--,9:46:03 PM,7/9/2026,
106,34.2,gf,0.185,mm,OK,--,9:46:03 PM,7/9/2026,
107,34.2,gf,0.190,mm,OK,--,9:46:03 PM,7/9/2026,
108,34.2,gf,0.190,mm,OK,--,9:46:03 PM,7/9/2026,
109,34.2,gf,0.195,mm,OK,--,9:46:03 PM,7/9/2026,
110,34.1,gf,0.200,mm,OK,--,9:46:03 PM,7/9/2026,
111,34.0,gf,0.200,mm,OK,--,9:46:03 PM,7/9/2026,
112,34.1,gf,0.205,mm,OK,--,9:46:03 PM,7/9/2026,
113,34.0,gf,0.210,mm,OK,--,9:46:03 PM,7/9/2026,
114,34.2,gf,0.215,mm,OK,--,9:46:03 PM,7/9/2026,
115,34.1,gf,0.220,mm,OK,--,9:46:04 PM,7/9/2026,
116,34.2,gf,0.225,mm,OK,--,9:46:04 PM,7/9/2026,
117,34.3,gf,0.230,mm,OK,--,9:46:04 PM,7/9/2026,
118,34.4,gf,0.235,mm,OK,--,9:46:04 PM,7/9/2026,
119,34.4,gf,0.240,mm,OK,--,9:46:04 PM,7/9/2026,
120,34.5,gf,0.245,mm,OK,--,9:46:04 PM,7/9/2026,
121,34.7,gf,0.250,mm,OK,--,9:46:04 PM,7/9/2026,
122,34.7,gf,0.255,mm,OK,--,9:46:04 PM,7/9/2026,
123,34.8,gf,0.265,mm,OK,--,9:46:04 PM,7/9/2026,
124,34.8,gf,0.270,mm,OK,--,9:46:04 PM,7/9/2026,
125,34.8,gf,0.275,mm,OK,--,9:46:05 PM,7/9/2026,
126,34.9,gf,0.285,mm,OK,--,9:46:05 PM,7/9/2026,
127,34.8,gf,0.290,mm,OK,--,9:46:05 PM,7/9/2026,
128,34.7,gf,0.300,mm,OK,--,9:46:05 PM,7/9/2026,
129,34.8,gf,0.310,mm,OK,--,9:46:05 PM,7/9/2026,
130,34.7,gf,0.320,mm,OK,--,9:46:05 PM,7/9/2026,
131,34.7,gf,0.325,mm,OK,--,9:46:05 PM,7/9/2026,
132,34.7,gf,0.330,mm,OK,--,9:46:05 PM,7/9/2026,
133,34.8,gf,0.340,mm,OK,--,9:46:05 PM,7/9/2026,
134,34.8,gf,0.345,mm,OK,--,9:46:05 PM,7/9/2026,
135,34.9,gf,0.355,mm,OK,--,9:46:06 PM,7/9/2026,
136,34.9,gf,0.360,mm,OK,--,9:46:06 PM,7/9/2026,
137,34.8,gf,0.365,mm,OK,--,9:46:06 PM,7/9/2026,
138,34.9,gf,0.370,mm,OK,--,9:46:06 PM,7/9/2026,
139,34.9,gf,0.375,mm,OK,--,9:46:06 PM,7/9/2026,
140,34.9,gf,0.380,mm,OK,--,9:46:06 PM,7/9/2026,
141,34.9,gf,0.385,mm,OK,--,9:46:06 PM,7/9/2026,
142,34.9,gf,0.390,mm,OK,--,9:46:06 PM,7/9/2026,
143,34.9,gf,0.395,mm,OK,--,9:46:06 PM,7/9/2026,
144,34.9,gf,0.400,mm,OK,--,9:46:06 PM,7/9/2026,
145,35.0,gf,0.405,mm,OK,--,9:46:07 PM,7/9/2026,
146,34.9,gf,0.405,mm,OK,--,9:46:07 PM,7/9/2026,
147,35.0,gf,0.405,mm,OK,--,9:46:07 PM,7/9/2026,
148,35.0,gf,0.410,mm,OK,--,9:46:07 PM,7/9/2026,
149,35.0,gf,0.415,mm,OK,--,9:46:07 PM,7/9/2026,
150,35.0,gf,0.415,mm,OK,--,9:46:07 PM,7/9/2026,
151,35.0,gf,0.420,mm,OK,--,9:46:07 PM,7/9/2026,
152,35.0,gf,0.420,mm,OK,--,9:46:07 PM,7/9/2026,
153,35.0,gf,0.425,mm,OK,--,9:46:07 PM,7/9/2026,
154,35.1,gf,0.430,mm,OK,--,9:46:07 PM,7/9/2026,
155,35.0,gf,0.435,mm,OK,--,9:46:08 PM,7/9/2026,
156,35.1,gf,0.440,mm,OK,--,9:46:08 PM,7/9/2026,
157,35.2,gf,0.445,mm,OK,--,9:46:08 PM,7/9/2026,
158,35.3,gf,0.450,mm,OK,--,9:46:08 PM,7/9/2026,
159,35.2,gf,0.460,mm,OK,--,9:46:08 PM,7/9/2026,
160,35.3,gf,0.465,mm,OK,--,9:46:08 PM,7/9/2026,
161,35.3,gf,0.470,mm,OK,--,9:46:08 PM,7/9/2026,
162,35.3,gf,0.475,mm,OK,--,9:46:08 PM,7/9/2026,
163,35.3,gf,0.480,mm,OK,--,9:46:08 PM,7/9/2026,
164,35.3,gf,0.485,mm,OK,--,9:46:08 PM,7/9/2026,
165,35.4,gf,0.490,mm,OK,--,9:46:09 PM,7/9/2026,
166,35.4,gf,0.495,mm,OK,--,9:46:09 PM,7/9/2026,
167,35.4,gf,0.500,mm,OK,--,9:46:09 PM,7/9/2026,
168,35.4,gf,0.505,mm,OK,--,9:46:09 PM,7/9/2026,
169,35.4,gf,0.510,mm,OK,--,9:46:09 PM,7/9/2026,
170,35.5,gf,0.515,mm,OK,--,9:46:09 PM,7/9/2026,
171,35.5,gf,0.520,mm,OK,--,9:46:09 PM,7/9/2026,
172,35.5,gf,0.525,mm,OK,--,9:46:09 PM,7/9/2026,
173,35.5,gf,0.530,mm,OK,--,9:46:09 PM,7/9/2026,
174,35.6,gf,0.535,mm,OK,--,9:46:09 PM,7/9/2026,
175,35.6,gf,0.540,mm,OK,--,9:46:10 PM,7/9/2026,
176,35.6,gf,0.545,mm,OK,--,9:46:10 PM,7/9/2026,
177,35.6,gf,0.550,mm,OK,--,9:46:10 PM,7/9/2026,
178,35.6,gf,0.555,mm,OK,--,9:46:10 PM,7/9/2026,
179,35.8,gf,0.560,mm,OK,--,9:46:10 PM,7/9/2026,
180,35.9,gf,0.570,mm,OK,--,9:46:10 PM,7/9/2026,
181,35.9,gf,0.580,mm,OK,--,9:46:10 PM,7/9/2026,
182,35.8,gf,0.585,mm,OK,--,9:46:10 PM,7/9/2026,
183,35.8,gf,0.595,mm,OK,--,9:46:10 PM,7/9/2026,
184,35.8,gf,0.600,mm,OK,--,9:46:10 PM,7/9/2026,
185,35.9,gf,0.605,mm,OK,--,9:46:11 PM,7/9/2026,
186,35.9,gf,0.610,mm,OK,--,9:46:11 PM,7/9/2026,
187,35.8,gf,0.615,mm,OK,--,9:46:11 PM,7/9/2026,
188,35.9,gf,0.620,mm,OK,--,9:46:11 PM,7/9/2026,
189,35.9,gf,0.630,mm,OK,--,9:46:11 PM,7/9/2026,
190,35.9,gf,0.635,mm,OK,--,9:46:11 PM,7/9/2026,
191,35.9,gf,0.635,mm,OK,--,9:46:11 PM,7/9/2026,
192,35.9,gf,0.640,mm,OK,--,9:46:11 PM,7/9/2026,
193,35.9,gf,0.645,mm,OK,--,9:46:11 PM,7/9/2026,
194,36.0,gf,0.645,mm,OK,--,9:46:11 PM,7/9/2026,
195,36.0,gf,0.650,mm,OK,--,9:46:12 PM,7/9/2026,
196,36.1,gf,0.655,mm,OK,--,9:46:12 PM,7/9/2026,
197,36.1,gf,0.655,mm,OK,--,9:46:12 PM,7/9/2026,
198,36.1,gf,0.660,mm,OK,--,9:46:12 PM,7/9/2026,
199,36.2,gf,0.665,mm,OK,--,9:46:12 PM,7/9/2026,
200,36.3,gf,0.665,mm,OK,--,9:46:12 PM,7/9/2026,
201,36.3,gf,0.670,mm,OK,--,9:46:12 PM,7/9/2026,
202,36.3,gf,0.675,mm,OK,--,9:46:12 PM,7/9/2026,
203,36.4,gf,0.680,mm,OK,--,9:46:12 PM,7/9/2026,
204,36.4,gf,0.680,mm,OK,--,9:46:12 PM,7/9/2026,
205,36.4,gf,0.685,mm,OK,--,9:46:13 PM,7/9/2026,
206,36.4,gf,0.690,mm,OK,--,9:46:13 PM,7/9/2026,
207,36.4,gf,0.695,mm,OK,--,9:46:13 PM,7/9/2026,
208,36.4,gf,0.700,mm,OK,--,9:46:13 PM,7/9/2026,
209,36.5,gf,0.700,mm,OK,--,9:46:13 PM,7/9/2026,
210,36.5,gf,0.705,mm,OK,--,9:46:13 PM,7/9/2026,
211,36.5,gf,0.710,mm,OK,--,9:46:13 PM,7/9/2026,
212,36.5,gf,0.715,mm,OK,--,9:46:13 PM,7/9/2026,
213,36.5,gf,0.720,mm,OK,--,9:46:13 PM,7/9/2026,
214,36.6,gf,0.725,mm,OK,--,9:46:13 PM,7/9/2026,
215,36.7,gf,0.730,mm,OK,--,9:46:14 PM,7/9/2026,
216,36.6,gf,0.730,mm,OK,--,9:46:14 PM,7/9/2026,
217,36.6,gf,0.735,mm,OK,--,9:46:14 PM,7/9/2026,
218,36.7,gf,0.735,mm,OK,--,9:46:14 PM,7/9/2026,
219,36.7,gf,0.740,mm,OK,--,9:46:14 PM,7/9/2026,
220,36.8,gf,0.740,mm,OK,--,9:46:14 PM,7/9/2026,
221,36.7,gf,0.745,mm,OK,--,9:46:14 PM,7/9/2026,
222,36.8,gf,0.745,mm,OK,--,9:46:14 PM,7/9/2026,
223,36.8,gf,0.750,mm,OK,--,9:46:14 PM,7/9/2026,
224,36.8,gf,0.755,mm,OK,--,9:46:14 PM,7/9/2026,
225,36.9,gf,0.755,mm,OK,--,9:46:15 PM,7/9/2026,
226,37.0,gf,0.760,mm,OK,--,9:46:15 PM,7/9/2026,
227,37.0,gf,0.765,mm,OK,--,9:46:15 PM,7/9/2026,
228,37.1,gf,0.770,mm,OK,--,9:46:15 PM,7/9/2026,
229,37.1,gf,0.775,mm,OK,--,9:46:15 PM,7/9/2026,
230,37.1,gf,0.775,mm,OK,--,9:46:15 PM,7/9/2026,
231,37.1,gf,0.780,mm,OK,--,9:46:15 PM,7/9/2026,
232,37.1,gf,0.785,mm,OK,--,9:46:15 PM,7/9/2026,
233,37.1,gf,0.790,mm,OK,--,9:46:15 PM,7/9/2026,
234,37.1,gf,0.790,mm,OK,--,9:46:15 PM,7/9/2026,
235,37.2,gf,0.795,mm,OK,--,9:46:16 PM,7/9/2026,
236,37.2,gf,0.800,mm,OK,--,9:46:16 PM,7/9/2026,
237,37.2,gf,0.805,mm,OK,--,9:46:16 PM,7/9/2026,
238,37.3,gf,0.810,mm,OK,--,9:46:16 PM,7/9/2026,
239,37.2,gf,0.815,mm,OK,--,9:46:16 PM,7/9/2026,
240,37.2,gf,0.815,mm,OK,--,9:46:16 PM,7/9/2026,
241,37.3,gf,0.820,mm,OK,--,9:46:16 PM,7/9/2026,
242,37.3,gf,0.825,mm,OK,--,9:46:16 PM,7/9/2026,
243,37.3,gf,0.830,mm,OK,--,9:46:16 PM,7/9/2026,
244,37.4,gf,0.835,mm,OK,--,9:46:16 PM,7/9/2026,
245,37.4,gf,0.845,mm,OK,--,9:46:17 PM,7/9/2026,
246,37.4,gf,0.845,mm,OK,--,9:46:17 PM,7/9/2026,
247,37.4,gf,0.850,mm,OK,--,9:46:17 PM,7/9/2026,
248,37.4,gf,0.855,mm,OK,--,9:46:17 PM,7/9/2026,
249,37.5,gf,0.860,mm,OK,--,9:46:17 PM,7/9/2026,
250,37.5,gf,0.865,mm,OK,--,9:46:17 PM,7/9/2026,
251,37.5,gf,0.870,mm,OK,--,9:46:17 PM,7/9/2026,
252,37.5,gf,0.875,mm,OK,--,9:46:17 PM,7/9/2026,
253,37.6,gf,0.885,mm,OK,--,9:46:17 PM,7/9/2026,
254,37.6,gf,0.890,mm,OK,--,9:46:17 PM,7/9/2026,
255,37.6,gf,0.900,mm,OK,--,9:46:18 PM,7/9/2026,
256,37.6,gf,0.905,mm,OK,--,9:46:18 PM,7/9/2026,
257,37.6,gf,0.915,mm,OK,--,9:46:18 PM,7/9/2026,
258,37.6,gf,0.920,mm,OK,--,9:46:18 PM,7/9/2026,
259,37.7,gf,0.925,mm,OK,--,9:46:18 PM,7/9/2026,
260,37.7,gf,0.930,mm,OK,--,9:46:18 PM,7/9/2026,
261,37.7,gf,0.935,mm,OK,--,9:46:18 PM,7/9/2026,
262,37.7,gf,0.935,mm,OK,--,9:46:18 PM,7/9/2026,
263,37.8,gf,0.940,mm,OK,--,9:46:18 PM,7/9/2026,
264,37.8,gf,0.945,mm,OK,--,9:46:18 PM,7/9/2026,
265,37.8,gf,0.950,mm,OK,--,9:46:19 PM,7/9/2026,
266,37.9,gf,0.955,mm,OK,--,9:46:19 PM,7/9/2026,
267,37.9,gf,0.960,mm,OK,--,9:46:19 PM,7/9/2026,
268,38.0,gf,0.960,mm,OK,--,9:46:19 PM,7/9/2026,
269,38.1,gf,0.965,mm,OK,--,9:46:19 PM,7/9/2026,
270,38.2,gf,0.970,mm,OK,--,9:46:19 PM,7/9/2026,
271,38.2,gf,0.975,mm,OK,--,9:46:19 PM,7/9/2026,
272,38.2,gf,0.985,mm,OK,--,9:46:19 PM,7/9/2026,
273,38.1,gf,0.990,mm,OK,--,9:46:19 PM,7/9/2026,
274,38.2,gf,0.995,mm,OK,--,9:46:19 PM,7/9/2026,
275,38.2,gf,1.000,mm,OK,--,9:46:20 PM,7/9/2026,
276,38.2,gf,1.005,mm,OK,--,9:46:20 PM,7/9/2026,
277,38.3,gf,1.010,mm,OK,--,9:46:20 PM,7/9/2026,
278,38.3,gf,1.015,mm,OK,--,9:46:20 PM,7/9/2026,
279,38.2,gf,1.020,mm,OK,--,9:46:20 PM,7/9/2026,
280,38.3,gf,1.025,mm,OK,--,9:46:20 PM,7/9/2026,
281,38.3,gf,1.035,mm,OK,--,9:46:20 PM,7/9/2026,
282,38.4,gf,1.040,mm,OK,--,9:46:20 PM,7/9/2026,
283,38.5,gf,1.050,mm,OK,--,9:46:20 PM,7/9/2026,
284,38.4,gf,1.065,mm,OK,--,9:46:20 PM,7/9/2026,
285,38.4,gf,1.075,mm,OK,--,9:46:21 PM,7/9/2026,
286,38.4,gf,1.080,mm,OK,--,9:46:21 PM,7/9/2026,
287,38.4,gf,1.085,mm,OK,--,9:46:21 PM,7/9/2026,
288,38.5,gf,1.090,mm,OK,--,9:46:21 PM,7/9/2026,
289,38.5,gf,1.095,mm,OK,--,9:46:21 PM,7/9/2026,
290,38.6,gf,1.100,mm,OK,--,9:46:21 PM,7/9/2026,
291,38.5,gf,1.105,mm,OK,--,9:46:21 PM,7/9/2026,
292,38.6,gf,1.105,mm,OK,--,9:46:21 PM,7/9/2026,
293,38.6,gf,1.110,mm,OK,--,9:46:21 PM,7/9/2026,
294,38.6,gf,1.115,mm,OK,--,9:46:21 PM,7/9/2026,
295,38.6,gf,1.120,mm,OK,--,9:46:22 PM,7/9/2026,
296,38.7,gf,1.125,mm,OK,--,9:46:22 PM,7/9/2026,
297,38.7,gf,1.135,mm,OK,--,9:46:22 PM,7/9/2026,
298,38.7,gf,1.140,mm,OK,--,9:46:22 PM,7/9/2026,
299,38.8,gf,1.145,mm,OK,--,9:46:22 PM,7/9/2026,
300,38.7,gf,1.150,mm,OK,--,9:46:22 PM,7/9/2026,
301,38.8,gf,1.150,mm,OK,--,9:46:22 PM,7/9/2026,
302,38.8,gf,1.155,mm,OK,--,9:46:22 PM,7/9/2026,
303,38.9,gf,1.160,mm,OK,--,9:46:22 PM,7/9/2026,
304,39.0,gf,1.165,mm,OK,--,9:46:22 PM,7/9/2026,
305,39.0,gf,1.170,mm,OK,--,9:46:23 PM,7/9/2026,
306,39.0,gf,1.175,mm,OK,--,9:46:23 PM,7/9/2026,
307,39.0,gf,1.180,mm,OK,--,9:46:23 PM,7/9/2026,
308,39.0,gf,1.185,mm,OK,--,9:46:23 PM,7/9/2026,
309,39.0,gf,1.190,mm,OK,--,9:46:23 PM,7/9/2026,
310,39.1,gf,1.195,mm,OK,--,9:46:23 PM,7/9/2026,
311,39.1,gf,1.205,mm,OK,--,9:46:23 PM,7/9/2026,
312,39.0,gf,1.210,mm,OK,--,9:46:23 PM,7/9/2026,
313,39.0,gf,1.210,mm,OK,--,9:46:23 PM,7/9/2026,
314,39.0,gf,1.215,mm,OK,--,9:46:23 PM,7/9/2026,
315,39.0,gf,1.215,mm,OK,--,9:46:24 PM,7/9/2026,
316,39.1,gf,1.220,mm,OK,--,9:46:24 PM,7/9/2026,
317,39.1,gf,1.220,mm,OK,--,9:46:24 PM,7/9/2026,
318,39.1,gf,1.225,mm,OK,--,9:46:24 PM,7/9/2026,
319,39.1,gf,1.225,mm,OK,--,9:46:24 PM,7/9/2026,
320,39.2,gf,1.225,mm,OK,--,9:46:24 PM,7/9/2026,
321,39.2,gf,1.230,mm,OK,--,9:46:24 PM,7/9/2026,
322,39.2,gf,1.230,mm,OK,--,9:46:24 PM,7/9/2026,
323,39.2,gf,1.235,mm,OK,--,9:46:24 PM,7/9/2026,
324,39.3,gf,1.235,mm,OK,--,9:46:24 PM,7/9/2026,
325,39.3,gf,1.240,mm,OK,--,9:46:25 PM,7/9/2026,
326,39.4,gf,1.240,mm,OK,--,9:46:25 PM,7/9/2026,
327,39.3,gf,1.245,mm,OK,--,9:46:25 PM,7/9/2026,
328,39.4,gf,1.245,mm,OK,--,9:46:25 PM,7/9/2026,
329,39.4,gf,1.250,mm,OK,--,9:46:25 PM,7/9/2026,
330,39.5,gf,1.255,mm,OK,--,9:46:25 PM,7/9/2026,
331,39.5,gf,1.255,mm,OK,--,9:46:25 PM,7/9/2026,
332,39.5,gf,1.260,mm,OK,--,9:46:25 PM,7/9/2026,
333,39.6,gf,1.265,mm,OK,--,9:46:25 PM,7/9/2026,
334,39.6,gf,1.270,mm,OK,--,9:46:25 PM,7/9/2026,
335,39.7,gf,1.275,mm,OK,--,9:46:26 PM,7/9/2026,
336,39.7,gf,1.280,mm,OK,--,9:46:26 PM,7/9/2026,
337,39.7,gf,1.285,mm,OK,--,9:46:26 PM,7/9/2026,
338,39.7,gf,1.290,mm,OK,--,9:46:26 PM,7/9/2026,
339,39.7,gf,1.295,mm,OK,--,9:46:26 PM,7/9/2026,
340,39.7,gf,1.300,mm,OK,--,9:46:26 PM,7/9/2026,
341,39.7,gf,1.305,mm,OK,--,9:46:26 PM,7/9/2026,
342,39.7,gf,1.305,mm,OK,--,9:46:26 PM,7/9/2026,
343,39.7,gf,1.310,mm,OK,--,9:46:26 PM,7/9/2026,
344,39.8,gf,1.310,mm,OK,--,9:46:26 PM,7/9/2026,
345,39.8,gf,1.315,mm,OK,--,9:46:27 PM,7/9/2026,
346,39.8,gf,1.315,mm,OK,--,9:46:27 PM,7/9/2026,
347,39.8,gf,1.320,mm,OK,--,9:46:27 PM,7/9/2026,
348,39.9,gf,1.320,mm,OK,--,9:46:27 PM,7/9/2026,
349,39.9,gf,1.325,mm,OK,--,9:46:27 PM,7/9/2026,
350,39.9,gf,1.325,mm,OK,--,9:46:27 PM,7/9/2026,
351,39.9,gf,1.325,mm,OK,--,9:46:27 PM,7/9/2026,
352,39.9,gf,1.330,mm,OK,--,9:46:27 PM,7/9/2026,
353,39.9,gf,1.330,mm,OK,--,9:46:27 PM,7/9/2026,
354,39.9,gf,1.330,mm,OK,--,9:46:27 PM,7/9/2026,
355,39.9,gf,1.330,mm,OK,--,9:46:28 PM,7/9/2026,
356,39.9,gf,1.330,mm,OK,--,9:46:28 PM,7/9/2026,
357,39.9,gf,1.335,mm,OK,--,9:46:28 PM,7/9/2026,
358,40.0,gf,1.335,mm,OK,--,9:46:28 PM,7/9/2026,
359,40.0,gf,1.335,mm,OK,--,9:46:28 PM,7/9/2026,
360,40.1,gf,1.340,mm,OK,--,9:46:28 PM,7/9/2026,
361,40.1,gf,1.340,mm,OK,--,9:46:28 PM,7/9/2026,
362,40.1,gf,1.345,mm,OK,--,9:46:28 PM,7/9/2026,
363,40.1,gf,1.345,mm,OK,--,9:46:28 PM,7/9/2026,
364,40.2,gf,1.350,mm,OK,--,9:46:28 PM,7/9/2026,
365,40.2,gf,1.350,mm,OK,--,9:46:29 PM,7/9/2026,
366,40.2,gf,1.355,mm,OK,--,9:46:29 PM,7/9/2026,
367,40.1,gf,1.355,mm,OK,--,9:46:29 PM,7/9/2026,
368,40.1,gf,1.360,mm,OK,--,9:46:29 PM,7/9/2026,
369,40.1,gf,1.360,mm,OK,--,9:46:29 PM,7/9/2026,
370,40.0,gf,1.360,mm,OK,--,9:46:29 PM,7/9/2026,
371,40.1,gf,1.365,mm,OK,--,9:46:29 PM,7/9/2026,
372,40.1,gf,1.365,mm,OK,--,9:46:29 PM,7/9/2026,
373,40.0,gf,1.365,mm,OK,--,9:46:29 PM,7/9/2026,
374,40.1,gf,1.365,mm,OK,--,9:46:29 PM,7/9/2026,
375,40.1,gf,1.370,mm,OK,--,9:46:30 PM,7/9/2026,
376,40.1,gf,1.370,mm,OK,--,9:46:30 PM,7/9/2026,
377,40.1,gf,1.370,mm,OK,--,9:46:30 PM,7/9/2026,
378,40.1,gf,1.375,mm,OK,--,9:46:30 PM,7/9/2026,
379,40.1,gf,1.375,mm,OK,--,9:46:30 PM,7/9/2026,
380,40.1,gf,1.375,mm,OK,--,9:46:30 PM,7/9/2026,
381,40.2,gf,1.380,mm,OK,--,9:46:30 PM,7/9/2026,
382,40.2,gf,1.385,mm,OK,--,9:46:30 PM,7/9/2026,
383,40.2,gf,1.385,mm,OK,--,9:46:30 PM,7/9/2026,
384,40.2,gf,1.390,mm,OK,--,9:46:30 PM,7/9/2026,
385,40.4,gf,1.395,mm,OK,--,9:46:31 PM,7/9/2026,
386,40.3,gf,1.405,mm,OK,--,9:46:31 PM,7/9/2026,
387,40.3,gf,1.410,mm,OK,--,9:46:31 PM,7/9/2026,
388,40.2,gf,1.415,mm,OK,--,9:46:31 PM,7/9/2026,
389,40.2,gf,1.420,mm,OK,--,9:46:31 PM,7/9/2026,
390,40.2,gf,1.420,mm,OK,--,9:46:31 PM,7/9/2026,
391,40.2,gf,1.420,mm,OK,--,9:46:31 PM,7/9/2026,
392,40.3,gf,1.425,mm,OK,--,9:46:31 PM,7/9/2026,
393,40.3,gf,1.425,mm,OK,--,9:46:31 PM,7/9/2026,
394,40.2,gf,1.425,mm,OK,--,9:46:31 PM,7/9/2026,
395,40.3,gf,1.430,mm,OK,--,9:46:32 PM,7/9/2026,
396,40.3,gf,1.430,mm,OK,--,9:46:32 PM,7/9/2026,
397,40.4,gf,1.430,mm,OK,--,9:46:32 PM,7/9/2026,
398,40.5,gf,1.435,mm,OK,--,9:46:32 PM,7/9/2026,
399,40.4,gf,1.440,mm,OK,--,9:46:32 PM,7/9/2026,
400,40.5,gf,1.440,mm,OK,--,9:46:32 PM,7/9/2026,
401,40.4,gf,1.445,mm,OK,--,9:46:32 PM,7/9/2026,
402,40.5,gf,1.445,mm,OK,--,9:46:32 PM,7/9/2026,
403,40.5,gf,1.450,mm,OK,--,9:46:32 PM,7/9/2026,
404,40.5,gf,1.455,mm,OK,--,9:46:32 PM,7/9/2026,
405,40.5,gf,1.460,mm,OK,--,9:46:33 PM,7/9/2026,
406,40.5,gf,1.460,mm,OK,--,9:46:33 PM,7/9/2026,
407,40.5,gf,1.465,mm,OK,--,9:46:33 PM,7/9/2026,
408,40.5,gf,1.470,mm,OK,--,9:46:33 PM,7/9/2026,
409,40.5,gf,1.470,mm,OK,--,9:46:33 PM,7/9/2026,
410,40.5,gf,1.475,mm,OK,--,9:46:33 PM,7/9/2026,
411,40.5,gf,1.475,mm,OK,--,9:46:33 PM,7/9/2026,
412,40.5,gf,1.475,mm,OK,--,9:46:33 PM,7/9/2026,
413,40.5,gf,1.480,mm,OK,--,9:46:33 PM,7/9/2026,
414,40.6,gf,1.480,mm,OK,--,9:46:33 PM,7/9/2026,
415,40.6,gf,1.485,mm,OK,--,9:46:34 PM,7/9/2026,
416,40.6,gf,1.485,mm,OK,--,9:46:34 PM,7/9/2026,
417,40.6,gf,1.485,mm,OK,--,9:46:34 PM,7/9/2026,
418,40.6,gf,1.490,mm,OK,--,9:46:34 PM,7/9/2026,
419,40.7,gf,1.490,mm,OK,--,9:46:34 PM,7/9/2026,
420,40.7,gf,1.490,mm,OK,--,9:46:34 PM,7/9/2026,
421,40.8,gf,1.495,mm,OK,--,9:46:34 PM,7/9/2026,
422,40.8,gf,1.500,mm,OK,--,9:46:34 PM,7/9/2026,
423,40.8,gf,1.500,mm,OK,--,9:46:34 PM,7/9/2026,
424,40.8,gf,1.505,mm,OK,--,9:46:34 PM,7/9/2026,
425,40.9,gf,1.505,mm,OK,--,9:46:35 PM,7/9/2026,
426,40.9,gf,1.510,mm,OK,--,9:46:35 PM,7/9/2026,
427,40.9,gf,1.515,mm,OK,--,9:46:35 PM,7/9/2026,
428,40.8,gf,1.515,mm,OK,--,9:46:35 PM,7/9/2026,
429,40.8,gf,1.515,mm,OK,--,9:46:35 PM,7/9/2026,
430,40.8,gf,1.520,mm,OK,--,9:46:35 PM,7/9/2026,
431,40.9,gf,1.520,mm,OK,--,9:46:35 PM,7/9/2026,
432,40.8,gf,1.525,mm,OK,--,9:46:35 PM,7/9/2026,
433,40.8,gf,1.525,mm,OK,--,9:46:35 PM,7/9/2026,
434,40.8,gf,1.525,mm,OK,--,9:46:35 PM,7/9/2026,
435,40.8,gf,1.530,mm,OK,--,9:46:36 PM,7/9/2026,
436,40.8,gf,1.530,mm,OK,--,9:46:36 PM,7/9/2026,
437,40.9,gf,1.535,mm,OK,--,9:46:36 PM,7/9/2026,
438,40.9,gf,1.535,mm,OK,--,9:46:36 PM,7/9/2026,
439,40.9,gf,1.540,mm,OK,--,9:46:36 PM,7/9/2026,
440,40.9,gf,1.540,mm,OK,--,9:46:36 PM,7/9/2026,
441,40.9,gf,1.545,mm,OK,--,9:46:36 PM,7/9/2026,
442,41.0,gf,1.550,mm,OK,--,9:46:36 PM,7/9/2026,
443,41.0,gf,1.550,mm,OK,--,9:46:36 PM,7/9/2026,
444,41.0,gf,1.555,mm,OK,--,9:46:36 PM,7/9/2026,
445,41.1,gf,1.560,mm,OK,--,9:46:37 PM,7/9/2026,
446,41.1,gf,1.560,mm,OK,--,9:46:37 PM,7/9/2026,
447,41.0,gf,1.565,mm,OK,--,9:46:37 PM,7/9/2026,
448,41.1,gf,1.565,mm,OK,--,9:46:37 PM,7/9/2026,
449,41.1,gf,1.570,mm,OK,--,9:46:37 PM,7/9/2026,
450,41.1,gf,1.570,mm,OK,--,9:46:37 PM,7/9/2026,
451,41.2,gf,1.575,mm,OK,--,9:46:37 PM,7/9/2026,
452,41.1,gf,1.575,mm,OK,--,9:46:37 PM,7/9/2026,
453,41.2,gf,1.575,mm,OK,--,9:46:37 PM,7/9/2026,
454,41.1,gf,1.580,mm,OK,--,9:46:37 PM,7/9/2026,
455,41.1,gf,1.580,mm,OK,--,9:46:38 PM,7/9/2026,
456,41.1,gf,1.580,mm,OK,--,9:46:38 PM,7/9/2026,
457,41.1,gf,1.580,mm,OK,--,9:46:38 PM,7/9/2026,
458,41.1,gf,1.580,mm,OK,--,9:46:38 PM,7/9/2026,
459,41.2,gf,1.580,mm,OK,--,9:46:38 PM,7/9/2026,
460,41.2,gf,1.585,mm,OK,--,9:46:38 PM,7/9/2026,
461,41.2,gf,1.585,mm,OK,--,9:46:38 PM,7/9/2026,
462,41.2,gf,1.585,mm,OK,--,9:46:38 PM,7/9/2026,
463,41.2,gf,1.585,mm,OK,--,9:46:38 PM,7/9/2026,
464,41.3,gf,1.590,mm,OK,--,9:46:38 PM,7/9/2026,
465,41.3,gf,1.595,mm,OK,--,9:46:39 PM,7/9/2026,
466,41.3,gf,1.600,mm,OK,--,9:46:39 PM,7/9/2026,
467,41.4,gf,1.605,mm,OK,--,9:46:39 PM,7/9/2026,
468,41.5,gf,1.615,mm,OK,--,9:46:39 PM,7/9/2026,
469,41.5,gf,1.620,mm,OK,--,9:46:39 PM,7/9/2026,
470,41.5,gf,1.630,mm,OK,--,9:46:39 PM,7/9/2026,
471,41.5,gf,1.635,mm,OK,--,9:46:39 PM,7/9/2026,
472,41.5,gf,1.640,mm,OK,--,9:46:39 PM,7/9/2026,
473,41.6,gf,1.645,mm,OK,--,9:46:39 PM,7/9/2026,
474,41.6,gf,1.660,mm,OK,--,9:46:39 PM,7/9/2026,
475,41.6,gf,1.670,mm,OK,--,9:46:40 PM,7/9/2026,
476,41.6,gf,1.675,mm,OK,--,9:46:40 PM,7/9/2026,
477,41.6,gf,1.675,mm,OK,--,9:46:40 PM,7/9/2026,
478,41.6,gf,1.680,mm,OK,--,9:46:40 PM,7/9/2026,
479,41.6,gf,1.680,mm,OK,--,9:46:40 PM,7/9/2026,
480,41.6,gf,1.685,mm,OK,--,9:46:40 PM,7/9/2026,
481,41.7,gf,1.690,mm,OK,--,9:46:40 PM,7/9/2026,
482,41.7,gf,1.690,mm,OK,--,9:46:40 PM,7/9/2026,
483,41.6,gf,1.690,mm,OK,--,9:46:40 PM,7/9/2026,
484,41.7,gf,1.695,mm,OK,--,9:46:40 PM,7/9/2026,
485,41.6,gf,1.695,mm,OK,--,9:46:41 PM,7/9/2026,
486,41.6,gf,1.695,mm,OK,--,9:46:41 PM,7/9/2026,
487,41.6,gf,1.695,mm,OK,--,9:46:41 PM,7/9/2026,
488,41.6,gf,1.700,mm,OK,--,9:46:41 PM,7/9/2026,
489,41.7,gf,1.700,mm,OK,--,9:46:41 PM,7/9/2026,
490,41.7,gf,1.700,mm,OK,--,9:46:41 PM,7/9/2026,
491,41.7,gf,1.700,mm,OK,--,9:46:41 PM,7/9/2026,
492,41.7,gf,1.700,mm,OK,--,9:46:41 PM,7/9/2026,
493,41.6,gf,1.705,mm,OK,--,9:46:41 PM,7/9/2026,
494,41.6,gf,1.705,mm,OK,--,9:46:41 PM,7/9/2026,
495,41.7,gf,1.705,mm,OK,--,9:46:42 PM,7/9/2026,
496,41.7,gf,1.705,mm,OK,--,9:46:42 PM,7/9/2026,
497,41.7,gf,1.710,mm,OK,--,9:46:42 PM,7/9/2026,
498,41.7,gf,1.710,mm,OK,--,9:46:42 PM,7/9/2026,
499,41.7,gf,1.710,mm,OK,--,9:46:42 PM,7/9/2026,
500,41.8,gf,1.715,mm,OK,--,9:46:42 PM,7/9/2026,
501,41.8,gf,1.715,mm,OK,--,9:46:42 PM,7/9/2026,
502,41.8,gf,1.720,mm,OK,--,9:46:42 PM,7/9/2026,
503,41.8,gf,1.720,mm,OK,--,9:46:42 PM,7/9/2026,
504,41.9,gf,1.725,mm,OK,--,9:46:42 PM,7/9/2026,
505,41.9,gf,1.730,mm,OK,--,9:46:43 PM,7/9/2026,
506,41.9,gf,1.730,mm,OK,--,9:46:43 PM,7/9/2026,
507,41.9,gf,1.735,mm,OK,--,9:46:43 PM,7/9/2026,
508,41.8,gf,1.735,mm,OK,--,9:46:43 PM,7/9/2026,
509,41.9,gf,1.740,mm,OK,--,9:46:43 PM,7/9/2026,
510,41.9,gf,1.740,mm,OK,--,9:46:43 PM,7/9/2026,
511,42.0,gf,1.745,mm,OK,--,9:46:43 PM,7/9/2026,
512,42.0,gf,1.745,mm,OK,--,9:46:43 PM,7/9/2026,
513,41.9,gf,1.750,mm,OK,--,9:46:43 PM,7/9/2026,
514,42.0,gf,1.755,mm,OK,--,9:46:43 PM,7/9/2026,
515,42.2,gf,1.760,mm,OK,--,9:46:44 PM,7/9/2026,
516,42.2,gf,1.765,mm,OK,--,9:46:44 PM,7/9/2026,
517,42.1,gf,1.770,mm,OK,--,9:46:44 PM,7/9/2026,
518,42.2,gf,1.775,mm,OK,--,9:46:44 PM,7/9/2026,
519,42.2,gf,1.775,mm,OK,--,9:46:44 PM,7/9/2026,
520,42.2,gf,1.780,mm,OK,--,9:46:44 PM,7/9/2026,
521,42.2,gf,1.780,mm,OK,--,9:46:44 PM,7/9/2026,
522,42.2,gf,1.785,mm,OK,--,9:46:44 PM,7/9/2026,
523,42.2,gf,1.785,mm,OK,--,9:46:44 PM,7/9/2026,
524,42.2,gf,1.790,mm,OK,--,9:46:44 PM,7/9/2026,
525,42.2,gf,1.790,mm,OK,--,9:46:45 PM,7/9/2026,
526,42.3,gf,1.795,mm,OK,--,9:46:45 PM,7/9/2026,
527,42.3,gf,1.795,mm,OK,--,9:46:45 PM,7/9/2026,
528,42.4,gf,1.800,mm,OK,--,9:46:45 PM,7/9/2026,
529,42.4,gf,1.805,mm,OK,--,9:46:45 PM,7/9/2026,
530,42.4,gf,1.810,mm,OK,--,9:46:45 PM,7/9/2026,
531,42.4,gf,1.815,mm,OK,--,9:46:45 PM,7/9/2026,
532,42.4,gf,1.820,mm,OK,--,9:46:45 PM,7/9/2026,
533,42.4,gf,1.825,mm,OK,--,9:46:45 PM,7/9/2026,
534,42.5,gf,1.835,mm,OK,--,9:46:45 PM,7/9/2026,
535,42.5,gf,1.845,mm,OK,--,9:46:46 PM,7/9/2026,
536,42.5,gf,1.855,mm,OK,--,9:46:46 PM,7/9/2026,
537,42.6,gf,1.865,mm,OK,--,9:46:46 PM,7/9/2026,
538,42.5,gf,1.875,mm,OK,--,9:46:46 PM,7/9/2026,
539,42.6,gf,1.880,mm,OK,--,9:46:46 PM,7/9/2026,
540,42.6,gf,1.885,mm,OK,--,9:46:46 PM,7/9/2026,
541,42.7,gf,1.890,mm,OK,--,9:46:46 PM,7/9/2026,
542,42.7,gf,1.895,mm,OK,--,9:46:46 PM,7/9/2026,
543,42.7,gf,1.900,mm,OK,--,9:46:46 PM,7/9/2026,
544,42.7,gf,1.900,mm,OK,--,9:46:46 PM,7/9/2026,
545,42.7,gf,1.905,mm,OK,--,9:46:47 PM,7/9/2026,
546,42.7,gf,1.905,mm,OK,--,9:46:47 PM,7/9/2026,
547,42.8,gf,1.910,mm,OK,--,9:46:47 PM,7/9/2026,
548,42.9,gf,1.910,mm,OK,--,9:46:47 PM,7/9/2026,
549,42.9,gf,1.915,mm,OK,--,9:46:47 PM,7/9/2026,
550,42.9,gf,1.920,mm,OK,--,9:46:47 PM,7/9/2026,
551,42.9,gf,1.925,mm,OK,--,9:46:47 PM,7/9/2026,
552,42.8,gf,1.930,mm,OK,--,9:46:47 PM,7/9/2026,
553,42.8,gf,1.930,mm,OK,--,9:46:47 PM,7/9/2026,
554,42.9,gf,1.935,mm,OK,--,9:46:47 PM,7/9/2026,
555,43.0,gf,1.940,mm,OK,--,9:46:48 PM,7/9/2026,
556,43.0,gf,1.945,mm,OK,--,9:46:48 PM,7/9/2026,
557,43.0,gf,1.950,mm,OK,--,9:46:48 PM,7/9/2026,
558,43.0,gf,1.955,mm,OK,--,9:46:48 PM,7/9/2026,
559,43.0,gf,1.960,mm,OK,--,9:46:48 PM,7/9/2026,
560,43.0,gf,1.965,mm,OK,--,9:46:48 PM,7/9/2026,
561,43.0,gf,1.965,mm,OK,--,9:46:48 PM,7/9/2026,
562,43.0,gf,1.970,mm,OK,--,9:46:48 PM,7/9/2026,
563,43.0,gf,1.970,mm,OK,--,9:46:48 PM,7/9/2026,
564,43.0,gf,1.970,mm,OK,--,9:46:48 PM,7/9/2026,
565,43.0,gf,1.975,mm,OK,--,9:46:49 PM,7/9/2026,
566,43.0,gf,1.975,mm,OK,--,9:46:49 PM,7/9/2026,
567,43.0,gf,1.980,mm,OK,--,9:46:49 PM,7/9/2026,
568,43.1,gf,1.980,mm,OK,--,9:46:49 PM,7/9/2026,
569,43.1,gf,1.985,mm,OK,--,9:46:49 PM,7/9/2026,
570,43.1,gf,1.990,mm,OK,--,9:46:49 PM,7/9/2026,
571,43.1,gf,1.990,mm,OK,--,9:46:49 PM,7/9/2026,
572,43.1,gf,1.995,mm,OK,--,9:46:49 PM,7/9/2026,
573,43.1,gf,2.000,mm,OK,--,9:46:49 PM,7/9/2026,
574,43.2,gf,2.005,mm,OK,--,9:46:49 PM,7/9/2026,
575,43.3,gf,2.015,mm,OK,--,9:46:50 PM,7/9/2026,
576,43.3,gf,2.020,mm,OK,--,9:46:50 PM,7/9/2026,
577,43.3,gf,2.025,mm,OK,--,9:46:50 PM,7/9/2026,
578,43.3,gf,2.030,mm,OK,--,9:46:50 PM,7/9/2026,
579,43.3,gf,2.030,mm,OK,--,9:46:50 PM,7/9/2026,
580,43.4,gf,2.035,mm,OK,--,9:46:50 PM,7/9/2026,
581,43.4,gf,2.035,mm,OK,--,9:46:50 PM,7/9/2026,
582,43.4,gf,2.040,mm,OK,--,9:46:50 PM,7/9/2026,
583,43.4,gf,2.045,mm,OK,--,9:46:50 PM,7/9/2026,
584,43.4,gf,2.045,mm,OK,--,9:46:50 PM,7/9/2026,
585,43.4,gf,2.050,mm,OK,--,9:46:51 PM,7/9/2026,
586,43.4,gf,2.050,mm,OK,--,9:46:51 PM,7/9/2026,
587,43.5,gf,2.055,mm,OK,--,9:46:51 PM,7/9/2026,
588,43.5,gf,2.055,mm,OK,--,9:46:51 PM,7/9/2026,
589,43.5,gf,2.060,mm,OK,--,9:46:51 PM,7/9/2026,
590,43.5,gf,2.065,mm,OK,--,9:46:51 PM,7/9/2026,
591,43.5,gf,2.065,mm,OK,--,9:46:51 PM,7/9/2026,
592,43.5,gf,2.070,mm,OK,--,9:46:51 PM,7/9/2026,
593,43.6,gf,2.070,mm,OK,--,9:46:51 PM,7/9/2026,
594,43.7,gf,2.075,mm,OK,--,9:46:51 PM,7/9/2026,
595,43.6,gf,2.080,mm,OK,--,9:46:52 PM,7/9/2026,
596,43.6,gf,2.080,mm,OK,--,9:46:52 PM,7/9/2026,
597,43.7,gf,2.085,mm,OK,--,9:46:52 PM,7/9/2026,
598,43.8,gf,2.090,mm,OK,--,9:46:52 PM,7/9/2026,
599,43.8,gf,2.095,mm,OK,--,9:46:52 PM,7/9/2026,
600,43.8,gf,2.100,mm,OK,--,9:46:52 PM,7/9/2026,
601,43.8,gf,2.105,mm,OK,--,9:46:52 PM,7/9/2026,
602,43.8,gf,2.105,mm,OK,--,9:46:52 PM,7/9/2026,
603,43.9,gf,2.110,mm,OK,--,9:46:52 PM,7/9/2026,
604,43.9,gf,2.115,mm,OK,--,9:46:52 PM,7/9/2026,
605,44.0,gf,2.120,mm,OK,--,9:46:53 PM,7/9/2026,
606,44.1,gf,2.125,mm,OK,--,9:46:53 PM,7/9/2026,
607,44.1,gf,2.130,mm,OK,--,9:46:53 PM,7/9/2026,
608,44.1,gf,2.135,mm,OK,--,9:46:53 PM,7/9/2026,
609,44.2,gf,2.140,mm,OK,--,9:46:53 PM,7/9/2026,
610,44.2,gf,2.140,mm,OK,--,9:46:53 PM,7/9/2026,
611,44.2,gf,2.145,mm,OK,--,9:46:53 PM,7/9/2026,
612,44.2,gf,2.150,mm,OK,--,9:46:53 PM,7/9/2026,
613,44.2,gf,2.155,mm,OK,--,9:46:53 PM,7/9/2026,
614,44.2,gf,2.155,mm,OK,--,9:46:53 PM,7/9/2026,
615,44.3,gf,2.160,mm,OK,--,9:46:54 PM,7/9/2026,
616,44.3,gf,2.160,mm,OK,--,9:46:54 PM,7/9/2026,
617,44.4,gf,2.165,mm,OK,--,9:46:54 PM,7/9/2026,
618,44.4,gf,2.170,mm,OK,--,9:46:54 PM,7/9/2026,
619,44.4,gf,2.170,mm,OK,--,9:46:54 PM,7/9/2026,
620,44.5,gf,2.175,mm,OK,--,9:46:54 PM,7/9/2026,
621,44.5,gf,2.180,mm,OK,--,9:46:54 PM,7/9/2026,
622,44.5,gf,2.185,mm,OK,--,9:46:54 PM,7/9/2026,
623,44.5,gf,2.185,mm,OK,--,9:46:54 PM,7/9/2026,
624,44.6,gf,2.190,mm,OK,--,9:46:54 PM,7/9/2026,
625,44.6,gf,2.190,mm,OK,--,9:46:55 PM,7/9/2026,
626,44.6,gf,2.195,mm,OK,--,9:46:55 PM,7/9/2026,
627,44.7,gf,2.200,mm,OK,--,9:46:55 PM,7/9/2026,
628,44.7,gf,2.200,mm,OK,--,9:46:55 PM,7/9/2026,
629,44.7,gf,2.200,mm,OK,--,9:46:55 PM,7/9/2026,
630,44.7,gf,2.205,mm,OK,--,9:46:55 PM,7/9/2026,
631,44.7,gf,2.205,mm,OK,--,9:46:55 PM,7/9/2026,
632,44.7,gf,2.205,mm,OK,--,9:46:55 PM,7/9/2026,
633,44.8,gf,2.210,mm,OK,--,9:46:55 PM,7/9/2026,
634,44.8,gf,2.210,mm,OK,--,9:46:55 PM,7/9/2026,
635,44.8,gf,2.210,mm,OK,--,9:46:56 PM,7/9/2026,
636,44.8,gf,2.215,mm,OK,--,9:46:56 PM,7/9/2026,
637,44.8,gf,2.215,mm,OK,--,9:46:56 PM,7/9/2026,
638,44.9,gf,2.215,mm,OK,--,9:46:56 PM,7/9/2026,
639,44.8,gf,2.220,mm,OK,--,9:46:56 PM,7/9/2026,
640,44.8,gf,2.220,mm,OK,--,9:46:56 PM,7/9/2026,
641,44.9,gf,2.220,mm,OK,--,9:46:56 PM,7/9/2026,
642,44.9,gf,2.225,mm,OK,--,9:46:56 PM,7/9/2026,
643,44.9,gf,2.225,mm,OK,--,9:46:56 PM,7/9/2026,
644,44.6,gf,2.230,mm,OK,--,9:46:56 PM,7/9/2026,
645,44.7,gf,2.230,mm,OK,--,9:46:57 PM,7/9/2026,
646,44.9,gf,2.230,mm,OK,--,9:46:57 PM,7/9/2026,
647,44.9,gf,2.235,mm,OK,--,9:46:57 PM,7/9/2026,
648,44.8,gf,2.235,mm,OK,--,9:46:57 PM,7/9/2026,
649,44.8,gf,2.235,mm,OK,--,9:46:57 PM,7/9/2026,
650,44.9,gf,2.240,mm,OK,--,9:46:57 PM,7/9/2026,
651,44.9,gf,2.240,mm,OK,--,9:46:57 PM,7/9/2026,
652,44.8,gf,2.245,mm,OK,--,9:46:57 PM,7/9/2026,
653,44.8,gf,2.245,mm,OK,--,9:46:57 PM,7/9/2026,
654,44.8,gf,2.245,mm,OK,--,9:46:57 PM,7/9/2026,
655,44.8,gf,2.250,mm,OK,--,9:46:58 PM,7/9/2026,
656,44.8,gf,2.250,mm,OK,--,9:46:58 PM,7/9/2026,
657,44.8,gf,2.250,mm,OK,--,9:46:58 PM,7/9/2026,
658,44.8,gf,2.250,mm,OK,--,9:46:58 PM,7/9/2026,
659,44.8,gf,2.255,mm,OK,--,9:46:58 PM,7/9/2026,
660,44.8,gf,2.255,mm,OK,--,9:46:58 PM,7/9/2026,
661,44.8,gf,2.260,mm,OK,--,9:46:58 PM,7/9/2026,
662,44.8,gf,2.260,mm,OK,--,9:46:58 PM,7/9/2026,
663,44.9,gf,2.260,mm,OK,--,9:46:58 PM,7/9/2026,
664,44.9,gf,2.265,mm,OK,--,9:46:58 PM,7/9/2026,
665,44.9,gf,2.265,mm,OK,--,9:46:59 PM,7/9/2026,
666,44.9,gf,2.270,mm,OK,--,9:46:59 PM,7/9/2026,
667,44.9,gf,2.270,mm,OK,--,9:46:59 PM,7/9/2026,
668,44.9,gf,2.275,mm,OK,--,9:46:59 PM,7/9/2026,
669,45.0,gf,2.275,mm,OK,--,9:46:59 PM,7/9/2026,
670,45.0,gf,2.280,mm,OK,--,9:46:59 PM,7/9/2026,
671,45.0,gf,2.280,mm,OK,--,9:46:59 PM,7/9/2026,
672,45.0,gf,2.280,mm,OK,--,9:46:59 PM,7/9/2026,
673,45.0,gf,2.285,mm,OK,--,9:46:59 PM,7/9/2026,
674,45.0,gf,2.285,mm,OK,--,9:46:59 PM,7/9/2026,
675,45.0,gf,2.285,mm,OK,--,9:47:00 PM,7/9/2026,
676,45.0,gf,2.290,mm,OK,--,9:47:00 PM,7/9/2026,
677,45.0,gf,2.290,mm,OK,--,9:47:00 PM,7/9/2026,
678,45.1,gf,2.295,mm,OK,--,9:47:00 PM,7/9/2026,
679,45.2,gf,2.295,mm,OK,--,9:47:00 PM,7/9/2026,
680,45.2,gf,2.300,mm,OK,--,9:47:00 PM,7/9/2026,
681,45.2,gf,2.300,mm,OK,--,9:47:00 PM,7/9/2026,
682,45.2,gf,2.305,mm,OK,--,9:47:00 PM,7/9/2026,
683,45.3,gf,2.305,mm,OK,--,9:47:00 PM,7/9/2026,
684,45.3,gf,2.310,mm,OK,--,9:47:00 PM,7/9/2026,
685,45.4,gf,2.315,mm,OK,--,9:47:01 PM,7/9/2026,
686,45.3,gf,2.315,mm,OK,--,9:47:01 PM,7/9/2026,
687,45.4,gf,2.320,mm,OK,--,9:47:01 PM,7/9/2026,
688,45.4,gf,2.320,mm,OK,--,9:47:01 PM,7/9/2026,
689,45.5,gf,2.325,mm,OK,--,9:47:01 PM,7/9/2026,
690,45.5,gf,2.325,mm,OK,--,9:47:01 PM,7/9/2026,
691,45.5,gf,2.330,mm,OK,--,9:47:01 PM,7/9/2026,
692,45.5,gf,2.335,mm,OK,--,9:47:01 PM,7/9/2026,
693,45.4,gf,2.340,mm,OK,--,9:47:01 PM,7/9/2026,
694,45.4,gf,2.345,mm,OK,--,9:47:01 PM,7/9/2026,
695,45.4,gf,2.350,mm,OK,--,9:47:02 PM,7/9/2026,
696,45.5,gf,2.355,mm,OK,--,9:47:02 PM,7/9/2026,
697,45.7,gf,2.360,mm,OK,--,9:47:02 PM,7/9/2026,
698,45.9,gf,2.365,mm,OK,--,9:47:02 PM,7/9/2026,
699,45.9,gf,2.375,mm,OK,--,9:47:02 PM,7/9/2026,
700,46.0,gf,2.380,mm,OK,--,9:47:02 PM,7/9/2026,
701,46.0,gf,2.385,mm,OK,--,9:47:02 PM,7/9/2026,
702,46.1,gf,2.390,mm,OK,--,9:47:02 PM,7/9/2026,
703,46.1,gf,2.395,mm,OK,--,9:47:02 PM,7/9/2026,
704,46.2,gf,2.405,mm,OK,--,9:47:02 PM,7/9/2026,
705,46.1,gf,2.415,mm,OK,--,9:47:03 PM,7/9/2026,
706,46.2,gf,2.425,mm,OK,--,9:47:03 PM,7/9/2026,
707,46.3,gf,2.430,mm,OK,--,9:47:03 PM,7/9/2026,
708,46.4,gf,2.440,mm,OK,--,9:47:03 PM,7/9/2026,
709,46.4,gf,2.450,mm,OK,--,9:47:03 PM,7/9/2026,
710,46.5,gf,2.455,mm,OK,--,9:47:03 PM,7/9/2026,
711,46.5,gf,2.460,mm,OK,--,9:47:03 PM,7/9/2026,
712,46.5,gf,2.465,mm,OK,--,9:47:03 PM,7/9/2026,
713,46.4,gf,2.475,mm,OK,--,9:47:03 PM,7/9/2026,
714,46.5,gf,2.480,mm,OK,--,9:47:03 PM,7/9/2026,
715,46.6,gf,2.485,mm,OK,--,9:47:04 PM,7/9/2026,
716,46.6,gf,2.495,mm,OK,--,9:47:04 PM,7/9/2026,
717,46.6,gf,2.500,mm,OK,--,9:47:04 PM,7/9/2026,
718,46.7,gf,2.505,mm,OK,--,9:47:04 PM,7/9/2026,
719,46.8,gf,2.515,mm,OK,--,9:47:04 PM,7/9/2026,
720,46.8,gf,2.520,mm,OK,--,9:47:04 PM,7/9/2026,
721,46.8,gf,2.530,mm,OK,--,9:47:04 PM,7/9/2026,
722,46.8,gf,2.535,mm,OK,--,9:47:04 PM,7/9/2026,
723,46.9,gf,2.540,mm,OK,--,9:47:04 PM,7/9/2026,
724,46.9,gf,2.545,mm,OK,--,9:47:04 PM,7/9/2026,
725,46.9,gf,2.550,mm,OK,--,9:47:05 PM,7/9/2026,
726,47.0,gf,2.555,mm,OK,--,9:47:05 PM,7/9/2026,
727,47.0,gf,2.555,mm,OK,--,9:47:05 PM,7/9/2026,
728,47.0,gf,2.560,mm,OK,--,9:47:05 PM,7/9/2026,
729,47.0,gf,2.565,mm,OK,--,9:47:05 PM,7/9/2026,
730,47.0,gf,2.570,mm,OK,--,9:47:05 PM,7/9/2026,
731,47.1,gf,2.570,mm,OK,--,9:47:05 PM,7/9/2026,
732,47.0,gf,2.575,mm,OK,--,9:47:05 PM,7/9/2026,
733,47.0,gf,2.580,mm,OK,--,9:47:05 PM,7/9/2026,
734,47.1,gf,2.585,mm,OK,--,9:47:05 PM,7/9/2026,
735,47.1,gf,2.585,mm,OK,--,9:47:06 PM,7/9/2026,
736,47.2,gf,2.590,mm,OK,--,9:47:06 PM,7/9/2026,
737,47.2,gf,2.595,mm,OK,--,9:47:06 PM,7/9/2026,
738,47.2,gf,2.600,mm,OK,--,9:47:06 PM,7/9/2026,
739,47.2,gf,2.605,mm,OK,--,9:47:06 PM,7/9/2026,
740,47.3,gf,2.610,mm,OK,--,9:47:06 PM,7/9/2026,
741,47.3,gf,2.620,mm,OK,--,9:47:06 PM,7/9/2026,
742,47.4,gf,2.620,mm,OK,--,9:47:06 PM,7/9/2026,
743,47.3,gf,2.625,mm,OK,--,9:47:06 PM,7/9/2026,
744,47.4,gf,2.630,mm,OK,--,9:47:06 PM,7/9/2026,
745,47.3,gf,2.635,mm,OK,--,9:47:07 PM,7/9/2026,
746,47.4,gf,2.640,mm,OK,--,9:47:07 PM,7/9/2026,
747,47.4,gf,2.640,mm,OK,--,9:47:07 PM,7/9/2026,
748,47.4,gf,2.645,mm,OK,--,9:47:07 PM,7/9/2026,
749,47.4,gf,2.650,mm,OK,--,9:47:07 PM,7/9/2026,
750,47.4,gf,2.650,mm,OK,--,9:47:07 PM,7/9/2026,
751,47.4,gf,2.655,mm,OK,--,9:47:07 PM,7/9/2026,
752,47.5,gf,2.660,mm,OK,--,9:47:07 PM,7/9/2026,
753,47.5,gf,2.665,mm,OK,--,9:47:07 PM,7/9/2026,
754,47.5,gf,2.665,mm,OK,--,9:47:07 PM,7/9/2026,
755,47.6,gf,2.670,mm,OK,--,9:47:08 PM,7/9/2026,
756,47.6,gf,2.675,mm,OK,--,9:47:08 PM,7/9/2026,
757,47.6,gf,2.680,mm,OK,--,9:47:08 PM,7/9/2026,
758,47.6,gf,2.685,mm,OK,--,9:47:08 PM,7/9/2026,
759,47.6,gf,2.690,mm,OK,--,9:47:08 PM,7/9/2026,
760,47.6,gf,2.695,mm,OK,--,9:47:08 PM,7/9/2026,
761,47.7,gf,2.700,mm,OK,--,9:47:08 PM,7/9/2026,
762,47.7,gf,2.710,mm,OK,--,9:47:08 PM,7/9/2026,
763,47.7,gf,2.715,mm,OK,--,9:47:08 PM,7/9/2026,
764,47.8,gf,2.720,mm,OK,--,9:47:08 PM,7/9/2026,
765,47.8,gf,2.730,mm,OK,--,9:47:09 PM,7/9/2026,
766,47.9,gf,2.740,mm,OK,--,9:47:09 PM,7/9/2026,
767,47.9,gf,2.745,mm,OK,--,9:47:09 PM,7/9/2026,
768,47.9,gf,2.760,mm,OK,--,9:47:09 PM,7/9/2026,
769,48.1,gf,2.770,mm,OK,--,9:47:09 PM,7/9/2026,
770,48.2,gf,2.780,mm,OK,--,9:47:09 PM,7/9/2026,
771,48.2,gf,2.790,mm,OK,--,9:47:09 PM,7/9/2026,
772,48.2,gf,2.800,mm,OK,--,9:47:09 PM,7/9/2026,
773,48.3,gf,2.810,mm,OK,--,9:47:09 PM,7/9/2026,
774,48.3,gf,2.815,mm,OK,--,9:47:09 PM,7/9/2026,
775,48.3,gf,2.820,mm,OK,--,9:47:10 PM,7/9/2026,
776,48.3,gf,2.825,mm,OK,--,9:47:10 PM,7/9/2026,
777,48.3,gf,2.830,mm,OK,--,9:47:10 PM,7/9/2026,
778,48.3,gf,2.840,mm,OK,--,9:47:10 PM,7/9/2026,
779,48.3,gf,2.840,mm,OK,--,9:47:10 PM,7/9/2026,
780,48.3,gf,2.845,mm,OK,--,9:47:10 PM,7/9/2026,
781,48.4,gf,2.845,mm,OK,--,9:47:10 PM,7/9/2026,
782,48.4,gf,2.850,mm,OK,--,9:47:10 PM,7/9/2026,
783,48.4,gf,2.855,mm,OK,--,9:47:10 PM,7/9/2026,
784,48.4,gf,2.855,mm,OK,--,9:47:10 PM,7/9/2026,
785,48.4,gf,2.860,mm,OK,--,9:47:11 PM,7/9/2026,
786,48.4,gf,2.860,mm,OK,--,9:47:11 PM,7/9/2026,
787,48.4,gf,2.865,mm,OK,--,9:47:11 PM,7/9/2026,
788,48.5,gf,2.870,mm,OK,--,9:47:11 PM,7/9/2026,
789,48.5,gf,2.870,mm,OK,--,9:47:11 PM,7/9/2026,
790,48.4,gf,2.875,mm,OK,--,9:47:11 PM,7/9/2026,
791,48.4,gf,2.875,mm,OK,--,9:47:11 PM,7/9/2026,
792,48.4,gf,2.880,mm,OK,--,9:47:11 PM,7/9/2026,
793,48.5,gf,2.880,mm,OK,--,9:47:11 PM,7/9/2026,
794,48.5,gf,2.885,mm,OK,--,9:47:11 PM,7/9/2026,
795,48.5,gf,2.885,mm,OK,--,9:47:12 PM,7/9/2026,
796,48.5,gf,2.885,mm,OK,--,9:47:12 PM,7/9/2026,
797,48.5,gf,2.890,mm,OK,--,9:47:12 PM,7/9/2026,
798,48.5,gf,2.890,mm,OK,--,9:47:12 PM,7/9/2026,
799,48.5,gf,2.890,mm,OK,--,9:47:12 PM,7/9/2026,
800,48.5,gf,2.895,mm,OK,--,9:47:12 PM,7/9/2026,
801,48.5,gf,2.895,mm,OK,--,9:47:12 PM,7/9/2026,
802,48.5,gf,2.895,mm,OK,--,9:47:12 PM,7/9/2026,
803,48.5,gf,2.900,mm,OK,--,9:47:12 PM,7/9/2026,
804,48.6,gf,2.900,mm,OK,--,9:47:12 PM,7/9/2026,
805,48.6,gf,2.905,mm,OK,--,9:47:13 PM,7/9/2026,
806,48.6,gf,2.905,mm,OK,--,9:47:13 PM,7/9/2026,
807,48.6,gf,2.905,mm,OK,--,9:47:13 PM,7/9/2026,
808,48.6,gf,2.905,mm,OK,--,9:47:13 PM,7/9/2026,
809,48.6,gf,2.910,mm,OK,--,9:47:13 PM,7/9/2026,
810,48.6,gf,2.910,mm,OK,--,9:47:13 PM,7/9/2026,
811,48.6,gf,2.910,mm,OK,--,9:47:13 PM,7/9/2026,
812,48.6,gf,2.915,mm,OK,--,9:47:13 PM,7/9/2026,
813,48.7,gf,2.915,mm,OK,--,9:47:13 PM,7/9/2026,
814,48.6,gf,2.920,mm,OK,--,9:47:13 PM,7/9/2026,
815,48.6,gf,2.920,mm,OK,--,9:47:14 PM,7/9/2026,
816,48.6,gf,2.925,mm,OK,--,9:47:14 PM,7/9/2026,
817,48.7,gf,2.925,mm,OK,--,9:47:14 PM,7/9/2026,
818,48.7,gf,2.930,mm,OK,--,9:47:14 PM,7/9/2026,
819,48.7,gf,2.930,mm,OK,--,9:47:14 PM,7/9/2026,
820,48.8,gf,2.935,mm,OK,--,9:47:14 PM,7/9/2026,
821,48.7,gf,2.935,mm,OK,--,9:47:14 PM,7/9/2026,
822,48.7,gf,2.940,mm,OK,--,9:47:14 PM,7/9/2026,
823,48.8,gf,2.945,mm,OK,--,9:47:14 PM,7/9/2026,
824,48.8,gf,2.945,mm,OK,--,9:47:14 PM,7/9/2026,
825,48.8,gf,2.950,mm,OK,--,9:47:15 PM,7/9/2026,
826,48.8,gf,2.955,mm,OK,--,9:47:15 PM,7/9/2026,
827,48.9,gf,2.955,mm,OK,--,9:47:15 PM,7/9/2026,
828,48.9,gf,2.960,mm,OK,--,9:47:15 PM,7/9/2026,
829,48.9,gf,2.965,mm,OK,--,9:47:15 PM,7/9/2026,
830,48.9,gf,2.965,mm,OK,--,9:47:15 PM,7/9/2026,
831,48.9,gf,2.970,mm,OK,--,9:47:15 PM,7/9/2026,
832,48.9,gf,2.975,mm,OK,--,9:47:15 PM,7/9/2026,
833,48.9,gf,2.975,mm,OK,--,9:47:15 PM,7/9/2026,
834,49.0,gf,2.980,mm,OK,--,9:47:15 PM,7/9/2026,
835,49.0,gf,2.985,mm,OK,--,9:47:16 PM,7/9/2026,
836,49.0,gf,2.990,mm,OK,--,9:47:16 PM,7/9/2026,
837,49.0,gf,2.995,mm,OK,--,9:47:16 PM,7/9/2026,
838,49.0,gf,3.000,mm,OK,--,9:47:16 PM,7/9/2026,
839,49.1,gf,3.000,mm,OK,--,9:47:16 PM,7/9/2026,
840,49.1,gf,3.005,mm,OK,--,9:47:16 PM,7/9/2026,
841,49.1,gf,3.015,mm,OK,--,9:47:16 PM,7/9/2026,
842,49.1,gf,3.020,mm,OK,--,9:47:16 PM,7/9/2026,
843,49.2,gf,3.025,mm,OK,--,9:47:16 PM,7/9/2026,
844,49.2,gf,3.035,mm,OK,--,9:47:16 PM,7/9/2026,
845,49.2,gf,3.045,mm,OK,--,9:47:17 PM,7/9/2026,
846,49.2,gf,3.050,mm,OK,--,9:47:17 PM,7/9/2026,
847,49.3,gf,3.060,mm,OK,--,9:47:17 PM,7/9/2026,
848,49.4,gf,3.070,mm,OK,--,9:47:17 PM,7/9/2026,
849,49.4,gf,3.080,mm,OK,--,9:47:17 PM,7/9/2026,
850,49.4,gf,3.090,mm,OK,--,9:47:17 PM,7/9/2026,
851,49.5,gf,3.100,mm,OK,--,9:47:17 PM,7/9/2026,
852,49.5,gf,3.110,mm,OK,--,9:47:17 PM,7/9/2026,
853,49.6,gf,3.120,mm,OK,--,9:47:17 PM,7/9/2026,
854,49.6,gf,3.125,mm,OK,--,9:47:17 PM,7/9/2026,
855,49.6,gf,3.130,mm,OK,--,9:47:18 PM,7/9/2026,
856,49.6,gf,3.130,mm,OK,--,9:47:18 PM,7/9/2026,
857,49.7,gf,3.135,mm,OK,--,9:47:18 PM,7/9/2026,
858,49.7,gf,3.140,mm,OK,--,9:47:18 PM,7/9/2026,
859,49.7,gf,3.145,mm,OK,--,9:47:18 PM,7/9/2026,
860,49.7,gf,3.150,mm,OK,--,9:47:18 PM,7/9/2026,
861,49.8,gf,3.155,mm,OK,--,9:47:18 PM,7/9/2026,
862,49.8,gf,3.165,mm,OK,--,9:47:18 PM,7/9/2026,
863,49.8,gf,3.170,mm,OK,--,9:47:18 PM,7/9/2026,
864,49.9,gf,3.170,mm,OK,--,9:47:18 PM,7/9/2026,
865,49.9,gf,3.175,mm,OK,--,9:47:19 PM,7/9/2026,
866,49.9,gf,3.175,mm,OK,--,9:47:19 PM,7/9/2026,
867,49.9,gf,3.180,mm,OK,--,9:47:19 PM,7/9/2026,
868,50.0,gf,3.185,mm,OK,--,9:47:19 PM,7/9/2026,
869,50.0,gf,3.190,mm,OK,--,9:47:19 PM,7/9/2026,
870,50.0,gf,3.190,mm,OK,--,9:47:19 PM,7/9/2026,
871,50.0,gf,3.190,mm,OK,--,9:47:19 PM,7/9/2026,
872,50.0,gf,3.195,mm,OK,--,9:47:19 PM,7/9/2026,
873,50.0,gf,3.200,mm,OK,--,9:47:19 PM,7/9/2026,
874,50.0,gf,3.205,mm,OK,--,9:47:19 PM,7/9/2026,
875,50.1,gf,3.205,mm,OK,--,9:47:20 PM,7/9/2026,
876,50.1,gf,3.205,mm,OK,--,9:47:20 PM,7/9/2026,
877,50.1,gf,3.210,mm,OK,--,9:47:20 PM,7/9/2026,
878,50.1,gf,3.210,mm,OK,--,9:47:20 PM,7/9/2026,
879,50.1,gf,3.210,mm,OK,--,9:47:20 PM,7/9/2026,
880,50.1,gf,3.210,mm,OK,--,9:47:20 PM,7/9/2026,
881,50.1,gf,3.215,mm,OK,--,9:47:20 PM,7/9/2026,
882,50.1,gf,3.215,mm,OK,--,9:47:20 PM,7/9/2026,
883,50.1,gf,3.215,mm,OK,--,9:47:20 PM,7/9/2026,
884,50.1,gf,3.220,mm,OK,--,9:47:20 PM,7/9/2026,
885,50.1,gf,3.220,mm,OK,--,9:47:21 PM,7/9/2026,
886,50.1,gf,3.220,mm,OK,--,9:47:21 PM,7/9/2026,
887,50.1,gf,3.220,mm,OK,--,9:47:21 PM,7/9/2026,
888,50.1,gf,3.220,mm,OK,--,9:47:21 PM,7/9/2026,
889,50.1,gf,3.225,mm,OK,--,9:47:21 PM,7/9/2026,
890,50.1,gf,3.225,mm,OK,--,9:47:21 PM,7/9/2026,
891,50.1,gf,3.230,mm,OK,--,9:47:21 PM,7/9/2026,
892,50.1,gf,3.230,mm,OK,--,9:47:21 PM,7/9/2026,
893,50.2,gf,3.235,mm,OK,--,9:47:21 PM,7/9/2026,
894,50.1,gf,3.235,mm,OK,--,9:47:21 PM,7/9/2026,
895,50.2,gf,3.235,mm,OK,--,9:47:22 PM,7/9/2026,
896,50.2,gf,3.240,mm,OK,--,9:47:22 PM,7/9/2026,
897,50.3,gf,3.240,mm,OK,--,9:47:22 PM,7/9/2026,
898,50.2,gf,3.240,mm,OK,--,9:47:22 PM,7/9/2026,
899,50.3,gf,3.245,mm,OK,--,9:47:22 PM,7/9/2026,
900,50.3,gf,3.250,mm,OK,--,9:47:22 PM,7/9/2026,
901,50.3,gf,3.255,mm,OK,--,9:47:22 PM,7/9/2026,
902,50.3,gf,3.265,mm,OK,--,9:47:22 PM,7/9/2026,
903,50.4,gf,3.270,mm,OK,--,9:47:22 PM,7/9/2026,
904,50.3,gf,3.275,mm,OK,--,9:47:22 PM,7/9/2026,
905,50.4,gf,3.290,mm,OK,--,9:47:23 PM,7/9/2026,
906,50.5,gf,3.300,mm,OK,--,9:47:23 PM,7/9/2026,
907,50.5,gf,3.310,mm,OK,--,9:47:23 PM,7/9/2026,
908,50.6,gf,3.320,mm,OK,--,9:47:23 PM,7/9/2026,
909,50.6,gf,3.335,mm,OK,--,9:47:23 PM,7/9/2026,
910,50.8,gf,3.355,mm,OK,--,9:47:23 PM,7/9/2026,
911,50.9,gf,3.385,mm,OK,--,9:47:23 PM,7/9/2026,
912,51.1,gf,3.410,mm,OK,--,9:47:23 PM,7/9/2026,
913,51.3,gf,3.430,mm,OK,--,9:47:23 PM,7/9/2026,
914,51.3,gf,3.445,mm,OK,--,9:47:23 PM,7/9/2026,
915,51.3,gf,3.460,mm,OK,--,9:47:24 PM,7/9/2026,
916,51.4,gf,3.475,mm,OK,--,9:47:24 PM,7/9/2026,
917,51.4,gf,3.485,mm,OK,--,9:47:24 PM,7/9/2026,
918,51.5,gf,3.490,mm,OK,--,9:47:24 PM,7/9/2026,
919,51.6,gf,3.500,mm,OK,--,9:47:24 PM,7/9/2026,
920,51.5,gf,3.505,mm,OK,--,9:47:24 PM,7/9/2026,
921,51.5,gf,3.510,mm,OK,--,9:47:24 PM,7/9/2026,
922,51.5,gf,3.515,mm,OK,--,9:47:24 PM,7/9/2026,
923,51.6,gf,3.520,mm,OK,--,9:47:24 PM,7/9/2026,
924,51.6,gf,3.525,mm,OK,--,9:47:24 PM,7/9/2026,
925,51.6,gf,3.530,mm,OK,--,9:47:25 PM,7/9/2026,
926,51.6,gf,3.535,mm,OK,--,9:47:25 PM,7/9/2026,
927,51.6,gf,3.535,mm,OK,--,9:47:25 PM,7/9/2026,
928,51.7,gf,3.545,mm,OK,--,9:47:25 PM,7/9/2026,
929,51.7,gf,3.555,mm,OK,--,9:47:25 PM,7/9/2026,
930,51.8,gf,3.560,mm,OK,--,9:47:25 PM,7/9/2026,
931,51.9,gf,3.575,mm,OK,--,9:47:25 PM,7/9/2026,
932,51.9,gf,3.585,mm,OK,--,9:47:25 PM,7/9/2026,
933,51.9,gf,3.595,mm,OK,--,9:47:25 PM,7/9/2026,
934,51.9,gf,3.600,mm,OK,--,9:47:25 PM,7/9/2026,
935,52.1,gf,3.610,mm,OK,--,9:47:26 PM,7/9/2026,
936,52.1,gf,3.620,mm,OK,--,9:47:26 PM,7/9/2026,
937,52.1,gf,3.630,mm,OK,--,9:47:26 PM,7/9/2026,
938,52.1,gf,3.640,mm,OK,--,9:47:26 PM,7/9/2026,
939,52.3,gf,3.650,mm,OK,--,9:47:26 PM,7/9/2026,
940,52.3,gf,3.665,mm,OK,--,9:47:26 PM,7/9/2026,
941,52.4,gf,3.675,mm,OK,--,9:47:26 PM,7/9/2026,
942,52.4,gf,3.690,mm,OK,--,9:47:26 PM,7/9/2026,
943,52.5,gf,3.705,mm,OK,--,9:47:26 PM,7/9/2026,
944,52.7,gf,3.715,mm,OK,--,9:47:26 PM,7/9/2026,
945,52.7,gf,3.730,mm,OK,--,9:47:27 PM,7/9/2026,
946,52.7,gf,3.740,mm,OK,--,9:47:27 PM,7/9/2026,
947,52.7,gf,3.750,mm,OK,--,9:47:27 PM,7/9/2026,
948,52.7,gf,3.755,mm,OK,--,9:47:27 PM,7/9/2026,
949,52.7,gf,3.760,mm,OK,--,9:47:27 PM,7/9/2026,
950,52.8,gf,3.765,mm,OK,--,9:47:27 PM,7/9/2026,
951,52.8,gf,3.770,mm,OK,--,9:47:27 PM,7/9/2026,
952,52.8,gf,3.775,mm,OK,--,9:47:27 PM,7/9/2026,
953,52.9,gf,3.780,mm,OK,--,9:47:27 PM,7/9/2026,
954,52.9,gf,3.785,mm,OK,--,9:47:27 PM,7/9/2026,
955,52.9,gf,3.790,mm,OK,--,9:47:28 PM,7/9/2026,
956,53.0,gf,3.795,mm,OK,--,9:47:28 PM,7/9/2026,
957,53.0,gf,3.800,mm,OK,--,9:47:28 PM,7/9/2026,
958,53.0,gf,3.805,mm,OK,--,9:47:28 PM,7/9/2026,
959,52.9,gf,3.810,mm,OK,--,9:47:28 PM,7/9/2026,
960,52.9,gf,3.815,mm,OK,--,9:47:28 PM,7/9/2026,
961,52.9,gf,3.820,mm,OK,--,9:47:28 PM,7/9/2026,
962,52.9,gf,3.820,mm,OK,--,9:47:28 PM,7/9/2026,
963,52.9,gf,3.825,mm,OK,--,9:47:28 PM,7/9/2026,
964,52.9,gf,3.825,mm,OK,--,9:47:28 PM,7/9/2026,
965,52.9,gf,3.830,mm,OK,--,9:47:29 PM,7/9/2026,
966,53.0,gf,3.830,mm,OK,--,9:47:29 PM,7/9/2026,
967,53.0,gf,3.835,mm,OK,--,9:47:29 PM,7/9/2026,
968,52.9,gf,3.835,mm,OK,--,9:47:29 PM,7/9/2026,
969,52.9,gf,3.835,mm,OK,--,9:47:29 PM,7/9/2026,
970,53.0,gf,3.835,mm,OK,--,9:47:29 PM,7/9/2026,
971,53.0,gf,3.840,mm,OK,--,9:47:29 PM,7/9/2026,
972,53.0,gf,3.845,mm,OK,--,9:47:29 PM,7/9/2026,
973,53.0,gf,3.850,mm,OK,--,9:47:29 PM,7/9/2026,
974,53.0,gf,3.855,mm,OK,--,9:47:29 PM,7/9/2026,
975,53.1,gf,3.855,mm,OK,--,9:47:30 PM,7/9/2026,
976,53.2,gf,3.860,mm,OK,--,9:47:30 PM,7/9/2026,
977,53.3,gf,3.865,mm,OK,--,9:47:30 PM,7/9/2026,
978,53.3,gf,3.865,mm,OK,--,9:47:30 PM,7/9/2026,
979,53.3,gf,3.870,mm,OK,--,9:47:30 PM,7/9/2026,
980,53.3,gf,3.875,mm,OK,--,9:47:30 PM,7/9/2026,
981,53.3,gf,3.880,mm,OK,--,9:47:30 PM,7/9/2026,
982,53.3,gf,3.880,mm,OK,--,9:47:30 PM,7/9/2026,
983,53.3,gf,3.885,mm,OK,--,9:47:30 PM,7/9/2026,
984,53.4,gf,3.890,mm,OK,--,9:47:30 PM,7/9/2026,
985,53.5,gf,3.895,mm,OK,--,9:47:31 PM,7/9/2026,
986,53.4,gf,3.905,mm,OK,--,9:47:31 PM,7/9/2026,
987,53.5,gf,3.910,mm,OK,--,9:47:31 PM,7/9/2026,
988,53.6,gf,3.920,mm,OK,--,9:47:31 PM,7/9/2026,
989,53.6,gf,3.925,mm,OK,--,9:47:31 PM,7/9/2026,
990,53.6,gf,3.930,mm,OK,--,9:47:31 PM,7/9/2026,
991,53.6,gf,3.940,mm,OK,--,9:47:31 PM,7/9/2026,
992,53.7,gf,3.940,mm,OK,--,9:47:31 PM,7/9/2026,
993,53.7,gf,3.945,mm,OK,--,9:47:31 PM,7/9/2026,
994,53.8,gf,3.950,mm,OK,--,9:47:31 PM,7/9/2026,
995,53.9,gf,3.955,mm,OK,--,9:47:32 PM,7/9/2026,
996,57.5,gf,3.960,mm,OK,--,9:47:32 PM,7/9/2026,
997,60.5,gf,3.960,mm,OK,--,9:47:32 PM,7/9/2026,
998,62.6,gf,3.965,mm,OK,--,9:47:32 PM,7/9/2026,
999,64.6,gf,3.965,mm,OK,--,9:47:32 PM,7/9/2026,
1000,66.7,gf,3.970,mm,OK,--,9:47:32 PM,7/9/2026,
1001,67.9,gf,3.970,mm,OK,--,9:47:32 PM,7/9/2026,
1002,68.1,gf,3.975,mm,OK,--,9:47:32 PM,7/9/2026,
1003,69.0,gf,3.975,mm,OK,--,9:47:32 PM,7/9/2026,
1004,70.0,gf,3.975,mm,OK,--,9:47:32 PM,7/9/2026,
1005,70.8,gf,3.980,mm,OK,--,9:47:33 PM,7/9/2026,
1006,71.3,gf,3.980,mm,OK,--,9:47:33 PM,7/9/2026,
1007,72.0,gf,3.980,mm,OK,--,9:47:33 PM,7/9/2026,
1008,73.2,gf,3.985,mm,OK,--,9:47:33 PM,7/9/2026,
1009,75.0,gf,3.985,mm,OK,--,9:47:33 PM,7/9/2026,
1010,76.8,gf,3.985,mm,OK,--,9:47:33 PM,7/9/2026,
1011,78.8,gf,3.990,mm,OK,--,9:47:33 PM,7/9/2026,
1012,81.7,gf,3.990,mm,OK,--,9:47:33 PM,7/9/2026,
1013,84.7,gf,3.995,mm,OK,--,9:47:33 PM,7/9/2026,
1014,88.1,gf,4.000,mm,OK,--,9:47:33 PM,7/9/2026,
1015,91.1,gf,4.000,mm,OK,--,9:47:34 PM,7/9/2026,
1016,93.1,gf,4.005,mm,OK,--,9:47:34 PM,7/9/2026,
1017,95.4,gf,4.005,mm,OK,--,9:47:34 PM,7/9/2026,
1018,97.4,gf,4.005,mm,OK,--,9:47:34 PM,7/9/2026,
1019,99.1,gf,4.010,mm,OK,--,9:47:34 PM,7/9/2026,
1020,101.1,gf,4.010,mm,OK,--,9:47:34 PM,7/9/2026,
1021,102.8,gf,4.015,mm,OK,--,9:47:34 PM,7/9/2026,
1022,105.0,gf,4.015,mm,OK,--,9:47:34 PM,7/9/2026,
1023,107.1,gf,4.015,mm,OK,--,9:47:34 PM,7/9/2026,
1024,109.1,gf,4.020,mm,OK,--,9:47:34 PM,7/9/2026,
1025,111.3,gf,4.020,mm,OK,--,9:47:35 PM,7/9/2026,
1026,112.7,gf,4.025,mm,OK,--,9:47:35 PM,7/9/2026,
1027,114.3,gf,4.025,mm,OK,--,9:47:35 PM,7/9/2026,
1028,116.3,gf,4.025,mm,OK,--,9:47:35 PM,7/9/2026,
1029,118.9,gf,4.030,mm,OK,--,9:47:35 PM,7/9/2026,
1030,121.9,gf,4.030,mm,OK,--,9:47:35 PM,7/9/2026,
1031,124.3,gf,4.035,mm,OK,--,9:47:35 PM,7/9/2026,
1032,126.4,gf,4.035,mm,OK,--,9:47:35 PM,7/9/2026,
1033,129.4,gf,4.040,mm,OK,--,9:47:35 PM,7/9/2026,
1034,132.6,gf,4.040,mm,OK,--,9:47:35 PM,7/9/2026,
1035,135.7,gf,4.045,mm,OK,--,9:47:36 PM,7/9/2026,
1036,138.8,gf,4.050,mm,OK,--,9:47:36 PM,7/9/2026,
1037,142.4,gf,4.050,mm,OK,--,9:47:36 PM,7/9/2026,
1038,145.0,gf,4.055,mm,OK,--,9:47:36 PM,7/9/2026,
1039,147.4,gf,4.055,mm,OK,--,9:47:36 PM,7/9/2026,
1040,150.2,gf,4.060,mm,OK,--,9:47:36 PM,7/9/2026,
1041,152.7,gf,4.060,mm,OK,--,9:47:36 PM,7/9/2026,
1042,155.2,gf,4.065,mm,OK,--,9:47:36 PM,7/9/2026,
1043,157.2,gf,4.065,mm,OK,--,9:47:36 PM,7/9/2026,
1044,159.1,gf,4.065,mm,OK,--,9:47:36 PM,7/9/2026,
1045,161.2,gf,4.070,mm,OK,--,9:47:37 PM,7/9/2026,
1046,163.3,gf,4.070,mm,OK,--,9:47:37 PM,7/9/2026,
1047,165.2,gf,4.075,mm,OK,--,9:47:37 PM,7/9/2026,
1048,166.9,gf,4.075,mm,OK,--,9:47:37 PM,7/9/2026,
1049,168.6,gf,4.075,mm,OK,--,9:47:37 PM,7/9/2026,
1050,170.2,gf,4.080,mm,OK,--,9:47:37 PM,7/9/2026,
1051,171.9,gf,4.080,mm,OK,--,9:47:37 PM,7/9/2026,
1052,173.6,gf,4.080,mm,OK,--,9:47:37 PM,7/9/2026,
1053,175.4,gf,4.085,mm,OK,--,9:47:37 PM,7/9/2026,
1054,177.5,gf,4.085,mm,OK,--,9:47:37 PM,7/9/2026,
1055,179.8,gf,4.090,mm,OK,--,9:47:38 PM,7/9/2026,
1056,182.2,gf,4.090,mm,OK,--,9:47:38 PM,7/9/2026,
1057,184.4,gf,4.090,mm,OK,--,9:47:38 PM,7/9/2026,
1058,186.5,gf,4.095,mm,OK,--,9:47:38 PM,7/9/2026,
1059,187.6,gf,4.095,mm,OK,--,9:47:38 PM,7/9/2026,
1060,188.3,gf,4.095,mm,OK,--,9:47:38 PM,7/9/2026,
1061,189.3,gf,4.095,mm,OK,--,9:47:38 PM,7/9/2026,
1062,190.2,gf,4.100,mm,OK,--,9:47:38 PM,7/9/2026,
1063,191.4,gf,4.100,mm,OK,--,9:47:38 PM,7/9/2026,
1064,192.5,gf,4.100,mm,OK,--,9:47:38 PM,7/9/2026,
1065,193.1,gf,4.100,mm,OK,--,9:47:39 PM,7/9/2026,
1066,193.2,gf,4.100,mm,OK,--,9:47:39 PM,7/9/2026,
1067,193.3,gf,4.100,mm,OK,--,9:47:39 PM,7/9/2026,
1068,193.2,gf,4.100,mm,OK,--,9:47:39 PM,7/9/2026,
1069,193.1,gf,4.100,mm,OK,--,9:47:39 PM,7/9/2026,
1070,192.9,gf,4.100,mm,OK,--,9:47:39 PM,7/9/2026,
1071,192.8,gf,4.100,mm,OK,--,9:47:39 PM,7/9/2026,
1072,192.8,gf,4.100,mm,OK,--,9:47:39 PM,7/9/2026,
1073,192.8,gf,4.100,mm,OK,--,9:47:39 PM,7/9/2026,
1074,192.7,gf,4.100,mm,OK,--,9:47:39 PM,7/9/2026,
1075,192.8,gf,4.100,mm,OK,--,9:47:40 PM,7/9/2026,
1076,192.8,gf,4.100,mm,OK,--,9:47:40 PM,7/9/2026,
1077,192.7,gf,4.100,mm,OK,--,9:47:40 PM,7/9/2026,
1078,192.7,gf,4.100,mm,OK,--,9:47:40 PM,7/9/2026,
1079,192.7,gf,4.100,mm,OK,--,9:47:40 PM,7/9/2026,
1080,192.5,gf,4.100,mm,OK,--,9:47:40 PM,7/9/2026,
1081,192.5,gf,4.100,mm,OK,--,9:47:40 PM,7/9/2026,
1082,192.4,gf,4.100,mm,OK,--,9:47:40 PM,7/9/2026,
1083,192.2,gf,4.100,mm,OK,--,9:47:40 PM,7/9/2026,
1084,192.0,gf,4.100,mm,OK,--,9:47:40 PM,7/9/2026,
1085,191.8,gf,4.100,mm,OK,--,9:47:41 PM,7/9/2026,
1086,191.8,gf,4.100,mm,OK,--,9:47:41 PM,7/9/2026,
1087,191.6,gf,4.100,mm,OK,--,9:47:41 PM,7/9/2026,
1088,191.6,gf,4.100,mm,OK,--,9:47:41 PM,7/9/2026,
1089,191.6,gf,4.100,mm,OK,--,9:47:41 PM,7/9/2026,
1090,191.5,gf,4.100,mm,OK,--,9:47:41 PM,7/9/2026,
1091,191.3,gf,4.100,mm,OK,--,9:47:41 PM,7/9/2026,
1092,191.2,gf,4.100,mm,OK,--,9:47:41 PM,7/9/2026,
1093,191.2,gf,4.100,mm,OK,--,9:47:41 PM,7/9/2026,
1094,190.9,gf,4.100,mm,OK,--,9:47:41 PM,7/9/2026,
1095,189.8,gf,4.100,mm,OK,--,9:47:42 PM,7/9/2026,
1096,187.7,gf,4.100,mm,OK,--,9:47:42 PM,7/9/2026,
1097,187.1,gf,4.095,mm,OK,--,9:47:42 PM,7/9/2026,
1098,186.9,gf,4.095,mm,OK,--,9:47:42 PM,7/9/2026,
1099,186.4,gf,4.095,mm,OK,--,9:47:42 PM,7/9/2026,
1100,185.9,gf,4.095,mm,OK,--,9:47:42 PM,7/9/2026,
1101,185.3,gf,4.095,mm,OK,--,9:47:42 PM,7/9/2026,
1102,184.1,gf,4.095,mm,OK,--,9:47:42 PM,7/9/2026,
1103,182.9,gf,4.095,mm,OK,--,9:47:42 PM,7/9/2026,
1104,182.0,gf,4.090,mm,OK,--,9:47:42 PM,7/9/2026,
1105,180.8,gf,4.090,mm,OK,--,9:47:43 PM,7/9/2026,
1106,179.3,gf,4.090,mm,OK,--,9:47:43 PM,7/9/2026,
1107,177.8,gf,4.090,mm,OK,--,9:47:43 PM,7/9/2026,
1108,176.6,gf,4.085,mm,OK,--,9:47:43 PM,7/9/2026,
1109,175.6,gf,4.085,mm,OK,--,9:47:43 PM,7/9/2026,
1110,174.7,gf,4.085,mm,OK,--,9:47:43 PM,7/9/2026,
1111,173.9,gf,4.085,mm,OK,--,9:47:43 PM,7/9/2026,
1112,172.9,gf,4.085,mm,OK,--,9:47:43 PM,7/9/2026,
1113,172.1,gf,4.085,mm,OK,--,9:47:43 PM,7/9/2026,
1114,171.5,gf,4.085,mm,OK,--,9:47:43 PM,7/9/2026,
1115,171.1,gf,4.080,mm,OK,--,9:47:44 PM,7/9/2026,
1116,170.6,gf,4.080,mm,OK,--,9:47:44 PM,7/9/2026,
1117,170.2,gf,4.080,mm,OK,--,9:47:44 PM,7/9/2026,
1118,169.7,gf,4.080,mm,OK,--,9:47:44 PM,7/9/2026,
1119,169.3,gf,4.080,mm,OK,--,9:47:44 PM,7/9/2026,
1120,169.3,gf,4.080,mm,OK,--,9:47:44 PM,7/9/2026,
1121,169.2,gf,4.080,mm,OK,--,9:47:44 PM,7/9/2026,
1122,168.9,gf,4.080,mm,OK,--,9:47:44 PM,7/9/2026,
1123,168.8,gf,4.080,mm,OK,--,9:47:44 PM,7/9/2026,
1124,168.5,gf,4.080,mm,OK,--,9:47:44 PM,7/9/2026,
1125,167.3,gf,4.080,mm,OK,--,9:47:45 PM,7/9/2026,
1126,165.7,gf,4.075,mm,OK,--,9:47:45 PM,7/9/2026,
1127,164.7,gf,4.075,mm,OK,--,9:47:45 PM,7/9/2026,
1128,164.0,gf,4.075,mm,OK,--,9:47:45 PM,7/9/2026,
1129,163.4,gf,4.075,mm,OK,--,9:47:45 PM,7/9/2026,
1130,162.0,gf,4.075,mm,OK,--,9:47:45 PM,7/9/2026,
1131,160.3,gf,4.070,mm,OK,--,9:47:45 PM,7/9/2026,
1132,158.8,gf,4.070,mm,OK,--,9:47:45 PM,7/9/2026,
1133,157.5,gf,4.070,mm,OK,--,9:47:45 PM,7/9/2026,
1134,156.2,gf,4.070,mm,OK,--,9:47:45 PM,7/9/2026,
1135,154.8,gf,4.065,mm,OK,--,9:47:46 PM,7/9/2026,
1136,153.3,gf,4.065,mm,OK,--,9:47:46 PM,7/9/2026,
1137,151.6,gf,4.065,mm,OK,--,9:47:46 PM,7/9/2026,
1138,150.0,gf,4.060,mm,OK,--,9:47:46 PM,7/9/2026,
1139,148.1,gf,4.060,mm,OK,--,9:47:46 PM,7/9/2026,
1140,145.6,gf,4.060,mm,OK,--,9:47:46 PM,7/9/2026,
1141,143.2,gf,4.055,mm,OK,--,9:47:46 PM,7/9/2026,
1142,140.9,gf,4.055,mm,OK,--,9:47:46 PM,7/9/2026,
1143,139.0,gf,4.050,mm,OK,--,9:47:46 PM,7/9/2026,
1144,137.7,gf,4.050,mm,OK,--,9:47:46 PM,7/9/2026,
1145,136.7,gf,4.050,mm,OK,--,9:47:47 PM,7/9/2026,
1146,135.7,gf,4.050,mm,OK,--,9:47:47 PM,7/9/2026,
1147,134.2,gf,4.045,mm,OK,--,9:47:47 PM,7/9/2026,
1148,132.9,gf,4.045,mm,OK,--,9:47:47 PM,7/9/2026,
1149,131.7,gf,4.045,mm,OK,--,9:47:47 PM,7/9/2026,
1150,129.8,gf,4.045,mm,OK,--,9:47:47 PM,7/9/2026,
1151,126.9,gf,4.040,mm,OK,--,9:47:47 PM,7/9/2026,
1152,123.3,gf,4.040,mm,OK,--,9:47:47 PM,7/9/2026,
1153,120.4,gf,4.035,mm,OK,--,9:47:47 PM,7/9/2026,
1154,117.4,gf,4.030,mm,OK,--,9:47:47 PM,7/9/2026,
1155,114.1,gf,4.030,mm,OK,--,9:47:48 PM,7/9/2026,
1156,109.5,gf,4.025,mm,OK,--,9:47:48 PM,7/9/2026,
1157,104.8,gf,4.020,mm,OK,--,9:47:48 PM,7/9/2026,
1158,101.0,gf,4.015,mm,OK,--,9:47:48 PM,7/9/2026,
1159,97.0,gf,4.010,mm,OK,--,9:47:48 PM,7/9/2026,
1160,92.1,gf,4.005,mm,OK,--,9:47:48 PM,7/9/2026,
1161,87.0,gf,4.000,mm,OK,--,9:47:48 PM,7/9/2026,
1162,81.4,gf,3.995,mm,OK,--,9:47:48 PM,7/9/2026,
1163,75.8,gf,3.990,mm,OK,--,9:47:48 PM,7/9/2026,
1164,68.4,gf,3.985,mm,OK,--,9:47:48 PM,7/9/2026,
1165,62.0,gf,3.975,mm,OK,--,9:47:49 PM,7/9/2026,
1166,57.7,gf,3.970,mm,OK,--,9:47:49 PM,7/9/2026,
1167,56.5,gf,3.965,mm,OK,--,9:47:49 PM,7/9/2026,
1168,55.2,gf,3.965,mm,OK,--,9:47:49 PM,7/9/2026,
1169,53.7,gf,3.960,mm,OK,--,9:47:49 PM,7/9/2026,
1170,52.9,gf,3.955,mm,OK,--,9:47:49 PM,7/9/2026,
1171,52.9,gf,3.950,mm,OK,--,9:47:49 PM,7/9/2026,
1172,52.9,gf,3.945,mm,OK,--,9:47:49 PM,7/9/2026,
1173,52.9,gf,3.940,mm,OK,--,9:47:49 PM,7/9/2026,
1174,52.8,gf,3.935,mm,OK,--,9:47:49 PM,7/9/2026,
1175,52.8,gf,3.930,mm,OK,--,9:47:50 PM,7/9/2026,
1176,52.8,gf,3.925,mm,OK,--,9:47:50 PM,7/9/2026,
1177,52.8,gf,3.920,mm,OK,--,9:47:50 PM,7/9/2026,
1178,52.8,gf,3.920,mm,OK,--,9:47:50 PM,7/9/2026,
1179,52.7,gf,3.915,mm,OK,--,9:47:50 PM,7/9/2026,
1180,52.7,gf,3.910,mm,OK,--,9:47:50 PM,7/9/2026,
1181,52.7,gf,3.905,mm,OK,--,9:47:50 PM,7/9/2026,
1182,52.6,gf,3.900,mm,OK,--,9:47:50 PM,7/9/2026,
1183,52.6,gf,3.895,mm,OK,--,9:47:50 PM,7/9/2026,
1184,52.7,gf,3.890,mm,OK,--,9:47:50 PM,7/9/2026,
1185,52.5,gf,3.885,mm,OK,--,9:47:51 PM,7/9/2026,
1186,52.6,gf,3.880,mm,OK,--,9:47:51 PM,7/9/2026,
1187,52.6,gf,3.880,mm,OK,--,9:47:51 PM,7/9/2026,
1188,52.6,gf,3.875,mm,OK,--,9:47:51 PM,7/9/2026,
1189,52.6,gf,3.875,mm,OK,--,9:47:51 PM,7/9/2026,
1190,52.5,gf,3.870,mm,OK,--,9:47:51 PM,7/9/2026,
1191,52.5,gf,3.870,mm,OK,--,9:47:51 PM,7/9/2026,
1192,52.5,gf,3.865,mm,OK,--,9:47:51 PM,7/9/2026,
1193,52.5,gf,3.860,mm,OK,--,9:47:51 PM,7/9/2026,
1194,52.4,gf,3.855,mm,OK,--,9:47:51 PM,7/9/2026,
1195,52.4,gf,3.850,mm,OK,--,9:47:52 PM,7/9/2026,
1196,52.3,gf,3.845,mm,OK,--,9:47:52 PM,7/9/2026,
1197,52.3,gf,3.840,mm,OK,--,9:47:52 PM,7/9/2026,
1198,52.3,gf,3.830,mm,OK,--,9:47:52 PM,7/9/2026,
1199,52.3,gf,3.825,mm,OK,--,9:47:52 PM,7/9/2026,
1200,52.2,gf,3.825,mm,OK,--,9:47:52 PM,7/9/2026,
1201,52.3,gf,3.820,mm,OK,--,9:47:52 PM,7/9/2026,
1202,52.2,gf,3.815,mm,OK,--,9:47:52 PM,7/9/2026,
1203,52.2,gf,3.810,mm,OK,--,9:47:52 PM,7/9/2026,
1204,52.2,gf,3.805,mm,OK,--,9:47:52 PM,7/9/2026,
1205,52.2,gf,3.800,mm,OK,--,9:47:53 PM,7/9/2026,
1206,52.1,gf,3.795,mm,OK,--,9:47:53 PM,7/9/2026,
1207,52.1,gf,3.785,mm,OK,--,9:47:53 PM,7/9/2026,
1208,52.0,gf,3.775,mm,OK,--,9:47:53 PM,7/9/2026,
1209,52.0,gf,3.765,mm,OK,--,9:47:53 PM,7/9/2026,
1210,51.8,gf,3.750,mm,OK,--,9:47:53 PM,7/9/2026,
1211,51.7,gf,3.735,mm,OK,--,9:47:53 PM,7/9/2026,
1212,51.6,gf,3.715,mm,OK,--,9:47:53 PM,7/9/2026,
1213,51.6,gf,3.700,mm,OK,--,9:47:53 PM,7/9/2026,
1214,51.6,gf,3.685,mm,OK,--,9:47:53 PM,7/9/2026,
1215,51.6,gf,3.680,mm,OK,--,9:47:54 PM,7/9/2026,
1216,51.5,gf,3.670,mm,OK,--,9:47:54 PM,7/9/2026,
1217,51.5,gf,3.665,mm,OK,--,9:47:54 PM,7/9/2026,
1218,51.5,gf,3.660,mm,OK,--,9:47:54 PM,7/9/2026,
1219,51.5,gf,3.655,mm,OK,--,9:47:54 PM,7/9/2026,
1220,51.5,gf,3.655,mm,OK,--,9:47:54 PM,7/9/2026,
1221,51.4,gf,3.650,mm,OK,--,9:47:54 PM,7/9/2026,
1222,51.4,gf,3.650,mm,OK,--,9:47:54 PM,7/9/2026,
1223,51.4,gf,3.645,mm,OK,--,9:47:54 PM,7/9/2026,
1224,51.5,gf,3.645,mm,OK,--,9:47:54 PM,7/9/2026,
1225,51.4,gf,3.640,mm,OK,--,9:47:55 PM,7/9/2026,
1226,51.4,gf,3.640,mm,OK,--,9:47:55 PM,7/9/2026,
1227,51.4,gf,3.635,mm,OK,--,9:47:55 PM,7/9/2026,
1228,51.4,gf,3.630,mm,OK,--,9:47:55 PM,7/9/2026,
1229,51.4,gf,3.625,mm,OK,--,9:47:55 PM,7/9/2026,
1230,51.2,gf,3.615,mm,OK,--,9:47:55 PM,7/9/2026,
1231,51.2,gf,3.610,mm,OK,--,9:47:55 PM,7/9/2026,
1232,51.2,gf,3.600,mm,OK,--,9:47:55 PM,7/9/2026,
1233,51.2,gf,3.590,mm,OK,--,9:47:55 PM,7/9/2026,
1234,51.1,gf,3.580,mm,OK,--,9:47:55 PM,7/9/2026,
1235,51.2,gf,3.575,mm,OK,--,9:47:56 PM,7/9/2026,
1236,51.2,gf,3.570,mm,OK,--,9:47:56 PM,7/9/2026,
1237,51.0,gf,3.565,mm,OK,--,9:47:56 PM,7/9/2026,
1238,51.0,gf,3.560,mm,OK,--,9:47:56 PM,7/9/2026,
1239,51.0,gf,3.555,mm,OK,--,9:47:56 PM,7/9/2026,
1240,51.0,gf,3.550,mm,OK,--,9:47:56 PM,7/9/2026,
1241,51.0,gf,3.545,mm,OK,--,9:47:56 PM,7/9/2026,
1242,50.9,gf,3.540,mm,OK,--,9:47:56 PM,7/9/2026,
1243,50.9,gf,3.530,mm,OK,--,9:47:56 PM,7/9/2026,
1244,50.9,gf,3.520,mm,OK,--,9:47:56 PM,7/9/2026,
1245,50.8,gf,3.510,mm,OK,--,9:47:57 PM,7/9/2026,
1246,50.8,gf,3.495,mm,OK,--,9:47:57 PM,7/9/2026,
1247,50.7,gf,3.485,mm,OK,--,9:47:57 PM,7/9/2026,
1248,50.7,gf,3.480,mm,OK,--,9:47:57 PM,7/9/2026,
1249,50.6,gf,3.475,mm,OK,--,9:47:57 PM,7/9/2026,
1250,50.6,gf,3.465,mm,OK,--,9:47:57 PM,7/9/2026,
1251,50.5,gf,3.450,mm,OK,--,9:47:57 PM,7/9/2026,
1252,50.4,gf,3.445,mm,OK,--,9:47:57 PM,7/9/2026,
1253,50.4,gf,3.435,mm,OK,--,9:47:57 PM,7/9/2026,
1254,50.4,gf,3.420,mm,OK,--,9:47:57 PM,7/9/2026,
1255,50.3,gf,3.415,mm,OK,--,9:47:58 PM,7/9/2026,
1256,50.3,gf,3.405,mm,OK,--,9:47:58 PM,7/9/2026,
1257,50.3,gf,3.400,mm,OK,--,9:47:58 PM,7/9/2026,
1258,50.3,gf,3.395,mm,OK,--,9:47:58 PM,7/9/2026,
1259,50.1,gf,3.385,mm,OK,--,9:47:58 PM,7/9/2026,
1260,50.0,gf,3.375,mm,OK,--,9:47:58 PM,7/9/2026,
1261,50.1,gf,3.365,mm,OK,--,9:47:58 PM,7/9/2026,
1262,50.1,gf,3.355,mm,OK,--,9:47:58 PM,7/9/2026,
1263,50.1,gf,3.350,mm,OK,--,9:47:58 PM,7/9/2026,
1264,50.1,gf,3.340,mm,OK,--,9:47:58 PM,7/9/2026,
1265,49.9,gf,3.335,mm,OK,--,9:47:59 PM,7/9/2026,
1266,49.9,gf,3.325,mm,OK,--,9:47:59 PM,7/9/2026,
1267,50.0,gf,3.310,mm,OK,--,9:47:59 PM,7/9/2026,
1268,49.8,gf,3.300,mm,OK,--,9:47:59 PM,7/9/2026,
1269,49.8,gf,3.290,mm,OK,--,9:47:59 PM,7/9/2026,
1270,49.8,gf,3.280,mm,OK,--,9:47:59 PM,7/9/2026,
1271,49.8,gf,3.270,mm,OK,--,9:47:59 PM,7/9/2026,
1272,49.6,gf,3.260,mm,OK,--,9:47:59 PM,7/9/2026,
1273,49.6,gf,3.250,mm,OK,--,9:47:59 PM,7/9/2026,
1274,49.6,gf,3.240,mm,OK,--,9:47:59 PM,7/9/2026,
1275,49.5,gf,3.235,mm,OK,--,9:48:00 PM,7/9/2026,
1276,49.5,gf,3.225,mm,OK,--,9:48:00 PM,7/9/2026,
1277,49.4,gf,3.215,mm,OK,--,9:48:00 PM,7/9/2026,
1278,49.4,gf,3.205,mm,OK,--,9:48:00 PM,7/9/2026,
1279,49.4,gf,3.200,mm,OK,--,9:48:00 PM,7/9/2026,
1280,49.3,gf,3.190,mm,OK,--,9:48:00 PM,7/9/2026,
1281,49.3,gf,3.185,mm,OK,--,9:48:00 PM,7/9/2026,
1282,49.3,gf,3.175,mm,OK,--,9:48:00 PM,7/9/2026,
1283,49.2,gf,3.170,mm,OK,--,9:48:00 PM,7/9/2026,
1284,49.2,gf,3.165,mm,OK,--,9:48:00 PM,7/9/2026,
1285,49.3,gf,3.165,mm,OK,--,9:48:01 PM,7/9/2026,
1286,49.2,gf,3.160,mm,OK,--,9:48:01 PM,7/9/2026,
1287,49.1,gf,3.155,mm,OK,--,9:48:01 PM,7/9/2026,
1288,49.2,gf,3.155,mm,OK,--,9:48:01 PM,7/9/2026,
1289,49.2,gf,3.150,mm,OK,--,9:48:01 PM,7/9/2026,
1290,49.2,gf,3.150,mm,OK,--,9:48:01 PM,7/9/2026,
1291,49.1,gf,3.145,mm,OK,--,9:48:01 PM,7/9/2026,
1292,49.1,gf,3.145,mm,OK,--,9:48:01 PM,7/9/2026,
1293,49.1,gf,3.140,mm,OK,--,9:48:01 PM,7/9/2026,
1294,49.1,gf,3.140,mm,OK,--,9:48:01 PM,7/9/2026,
1295,49.0,gf,3.135,mm,OK,--,9:48:02 PM,7/9/2026,
1296,49.1,gf,3.130,mm,OK,--,9:48:02 PM,7/9/2026,
1297,49.1,gf,3.125,mm,OK,--,9:48:02 PM,7/9/2026,
1298,49.0,gf,3.120,mm,OK,--,9:48:02 PM,7/9/2026,
1299,49.0,gf,3.115,mm,OK,--,9:48:02 PM,7/9/2026,
1300,48.9,gf,3.110,mm,OK,--,9:48:02 PM,7/9/2026,
1301,48.8,gf,3.100,mm,OK,--,9:48:02 PM,7/9/2026,
1302,48.9,gf,3.090,mm,OK,--,9:48:02 PM,7/9/2026,
1303,48.8,gf,3.085,mm,OK,--,9:48:02 PM,7/9/2026,
1304,48.8,gf,3.075,mm,OK,--,9:48:02 PM,7/9/2026,
1305,48.7,gf,3.060,mm,OK,--,9:48:03 PM,7/9/2026,
1306,48.8,gf,3.050,mm,OK,--,9:48:03 PM,7/9/2026,
1307,48.7,gf,3.040,mm,OK,--,9:48:03 PM,7/9/2026,
1308,48.5,gf,3.030,mm,OK,--,9:48:03 PM,7/9/2026,
1309,48.4,gf,3.020,mm,OK,--,9:48:03 PM,7/9/2026,
1310,48.5,gf,3.010,mm,OK,--,9:48:03 PM,7/9/2026,
1311,48.4,gf,3.000,mm,OK,--,9:48:03 PM,7/9/2026,
1312,48.4,gf,2.995,mm,OK,--,9:48:03 PM,7/9/2026,
1313,48.4,gf,2.985,mm,OK,--,9:48:03 PM,7/9/2026,
1314,48.3,gf,2.985,mm,OK,--,9:48:03 PM,7/9/2026,
1315,48.4,gf,2.980,mm,OK,--,9:48:04 PM,7/9/2026,
1316,48.4,gf,2.975,mm,OK,--,9:48:04 PM,7/9/2026,
1317,48.4,gf,2.970,mm,OK,--,9:48:04 PM,7/9/2026,
1318,48.3,gf,2.965,mm,OK,--,9:48:04 PM,7/9/2026,
1319,48.3,gf,2.965,mm,OK,--,9:48:04 PM,7/9/2026,
1320,48.2,gf,2.960,mm,OK,--,9:48:04 PM,7/9/2026,
1321,48.2,gf,2.950,mm,OK,--,9:48:04 PM,7/9/2026,
1322,48.2,gf,2.945,mm,OK,--,9:48:04 PM,7/9/2026,
1323,48.2,gf,2.940,mm,OK,--,9:48:04 PM,7/9/2026,
1324,48.1,gf,2.930,mm,OK,--,9:48:04 PM,7/9/2026,
1325,48.1,gf,2.925,mm,OK,--,9:48:05 PM,7/9/2026,
1326,48.0,gf,2.920,mm,OK,--,9:48:05 PM,7/9/2026,
1327,48.0,gf,2.910,mm,OK,--,9:48:05 PM,7/9/2026,
1328,48.0,gf,2.900,mm,OK,--,9:48:05 PM,7/9/2026,
1329,47.9,gf,2.890,mm,OK,--,9:48:05 PM,7/9/2026,
1330,47.8,gf,2.875,mm,OK,--,9:48:05 PM,7/9/2026,
1331,47.8,gf,2.860,mm,OK,--,9:48:05 PM,7/9/2026,
1332,47.7,gf,2.850,mm,OK,--,9:48:05 PM,7/9/2026,
1333,47.7,gf,2.835,mm,OK,--,9:48:05 PM,7/9/2026,
1334,47.7,gf,2.825,mm,OK,--,9:48:05 PM,7/9/2026,
1335,47.6,gf,2.815,mm,OK,--,9:48:06 PM,7/9/2026,
1336,47.5,gf,2.805,mm,OK,--,9:48:06 PM,7/9/2026,
1337,47.5,gf,2.795,mm,OK,--,9:48:06 PM,7/9/2026,
1338,47.5,gf,2.790,mm,OK,--,9:48:06 PM,7/9/2026,
1339,47.5,gf,2.780,mm,OK,--,9:48:06 PM,7/9/2026,
1340,47.4,gf,2.770,mm,OK,--,9:48:06 PM,7/9/2026,
1341,47.4,gf,2.765,mm,OK,--,9:48:06 PM,7/9/2026,
1342,47.4,gf,2.755,mm,OK,--,9:48:06 PM,7/9/2026,
1343,47.3,gf,2.750,mm,OK,--,9:48:06 PM,7/9/2026,
1344,47.2,gf,2.740,mm,OK,--,9:48:06 PM,7/9/2026,
1345,47.2,gf,2.730,mm,OK,--,9:48:07 PM,7/9/2026,
1346,47.1,gf,2.720,mm,OK,--,9:48:07 PM,7/9/2026,
1347,47.2,gf,2.710,mm,OK,--,9:48:07 PM,7/9/2026,
1348,47.1,gf,2.705,mm,OK,--,9:48:07 PM,7/9/2026,
1349,47.1,gf,2.700,mm,OK,--,9:48:07 PM,7/9/2026,
1350,47.1,gf,2.695,mm,OK,--,9:48:07 PM,7/9/2026,
1351,47.0,gf,2.695,mm,OK,--,9:48:07 PM,7/9/2026,
1352,47.1,gf,2.690,mm,OK,--,9:48:07 PM,7/9/2026,
1353,47.0,gf,2.685,mm,OK,--,9:48:07 PM,7/9/2026,
1354,47.0,gf,2.685,mm,OK,--,9:48:07 PM,7/9/2026,
1355,47.0,gf,2.680,mm,OK,--,9:48:08 PM,7/9/2026,
1356,46.9,gf,2.675,mm,OK,--,9:48:08 PM,7/9/2026,
1357,46.9,gf,2.670,mm,OK,--,9:48:08 PM,7/9/2026,
1358,46.8,gf,2.660,mm,OK,--,9:48:08 PM,7/9/2026,
1359,46.8,gf,2.655,mm,OK,--,9:48:08 PM,7/9/2026,
1360,46.9,gf,2.645,mm,OK,--,9:48:08 PM,7/9/2026,
1361,46.7,gf,2.630,mm,OK,--,9:48:08 PM,7/9/2026,
1362,46.6,gf,2.625,mm,OK,--,9:48:08 PM,7/9/2026,
1363,46.6,gf,2.620,mm,OK,--,9:48:08 PM,7/9/2026,
1364,46.6,gf,2.610,mm,OK,--,9:48:08 PM,7/9/2026,
1365,46.6,gf,2.595,mm,OK,--,9:48:09 PM,7/9/2026,
1366,46.3,gf,2.580,mm,OK,--,9:48:09 PM,7/9/2026,
1367,46.2,gf,2.565,mm,OK,--,9:48:09 PM,7/9/2026,
1368,46.2,gf,2.560,mm,OK,--,9:48:09 PM,7/9/2026,
1369,46.2,gf,2.550,mm,OK,--,9:48:09 PM,7/9/2026,
1370,46.2,gf,2.545,mm,OK,--,9:48:09 PM,7/9/2026,
1371,46.1,gf,2.540,mm,OK,--,9:48:09 PM,7/9/2026,
1372,46.1,gf,2.535,mm,OK,--,9:48:09 PM,7/9/2026,
1373,46.1,gf,2.530,mm,OK,--,9:48:09 PM,7/9/2026,
1374,46.1,gf,2.525,mm,OK,--,9:48:09 PM,7/9/2026,
1375,46.0,gf,2.525,mm,OK,--,9:48:10 PM,7/9/2026,
1376,46.1,gf,2.520,mm,OK,--,9:48:10 PM,7/9/2026,
1377,46.0,gf,2.515,mm,OK,--,9:48:10 PM,7/9/2026,
1378,45.9,gf,2.510,mm,OK,--,9:48:10 PM,7/9/2026,
1379,46.0,gf,2.505,mm,OK,--,9:48:10 PM,7/9/2026,
1380,45.9,gf,2.500,mm,OK,--,9:48:10 PM,7/9/2026,
1381,45.9,gf,2.495,mm,OK,--,9:48:10 PM,7/9/2026,
1382,45.9,gf,2.490,mm,OK,--,9:48:10 PM,7/9/2026,
1383,45.9,gf,2.485,mm,OK,--,9:48:10 PM,7/9/2026,
1384,45.8,gf,2.485,mm,OK,--,9:48:10 PM,7/9/2026,
1385,45.8,gf,2.480,mm,OK,--,9:48:11 PM,7/9/2026,
1386,45.8,gf,2.480,mm,OK,--,9:48:11 PM,7/9/2026,
1387,45.8,gf,2.475,mm,OK,--,9:48:11 PM,7/9/2026,
1388,45.7,gf,2.470,mm,OK,--,9:48:11 PM,7/9/2026,
1389,45.7,gf,2.460,mm,OK,--,9:48:11 PM,7/9/2026,
1390,45.6,gf,2.455,mm,OK,--,9:48:11 PM,7/9/2026,
1391,45.6,gf,2.450,mm,OK,--,9:48:11 PM,7/9/2026,
1392,45.6,gf,2.445,mm,OK,--,9:48:11 PM,7/9/2026,
1393,45.5,gf,2.440,mm,OK,--,9:48:11 PM,7/9/2026,
1394,45.4,gf,2.435,mm,OK,--,9:48:11 PM,7/9/2026,
1395,45.3,gf,2.425,mm,OK,--,9:48:12 PM,7/9/2026,
1396,45.3,gf,2.420,mm,OK,--,9:48:12 PM,7/9/2026,
1397,45.2,gf,2.420,mm,OK,--,9:48:12 PM,7/9/2026,
1398,45.2,gf,2.415,mm,OK,--,9:48:12 PM,7/9/2026,
1399,45.2,gf,2.415,mm,OK,--,9:48:12 PM,7/9/2026,
1400,45.2,gf,2.410,mm,OK,--,9:48:12 PM,7/9/2026,
1401,45.2,gf,2.410,mm,OK,--,9:48:12 PM,7/9/2026,
1402,45.1,gf,2.410,mm,OK,--,9:48:12 PM,7/9/2026,
1403,45.1,gf,2.405,mm,OK,--,9:48:12 PM,7/9/2026,
1404,45.0,gf,2.400,mm,OK,--,9:48:12 PM,7/9/2026,
1405,45.0,gf,2.400,mm,OK,--,9:48:13 PM,7/9/2026,
1406,44.9,gf,2.395,mm,OK,--,9:48:13 PM,7/9/2026,
1407,44.9,gf,2.395,mm,OK,--,9:48:13 PM,7/9/2026,
1408,44.9,gf,2.395,mm,OK,--,9:48:13 PM,7/9/2026,
1409,44.8,gf,2.390,mm,OK,--,9:48:13 PM,7/9/2026,
1410,44.7,gf,2.390,mm,OK,--,9:48:13 PM,7/9/2026,
1411,44.5,gf,2.385,mm,OK,--,9:48:13 PM,7/9/2026,
1412,44.1,gf,2.370,mm,OK,--,9:48:13 PM,7/9/2026,
1413,43.8,gf,2.355,mm,OK,--,9:48:13 PM,7/9/2026,
1414,43.8,gf,2.345,mm,OK,--,9:48:13 PM,7/9/2026,
1415,43.8,gf,2.340,mm,OK,--,9:48:14 PM,7/9/2026,
1416,43.8,gf,2.330,mm,OK,--,9:48:14 PM,7/9/2026,
1417,43.6,gf,2.325,mm,OK,--,9:48:14 PM,7/9/2026,
1418,43.5,gf,2.320,mm,OK,--,9:48:14 PM,7/9/2026,
1419,43.5,gf,2.315,mm,OK,--,9:48:14 PM,7/9/2026,
1420,43.4,gf,2.315,mm,OK,--,9:48:14 PM,7/9/2026,
1421,43.4,gf,2.315,mm,OK,--,9:48:14 PM,7/9/2026,
1422,43.4,gf,2.310,mm,OK,--,9:48:14 PM,7/9/2026,
1423,43.4,gf,2.310,mm,OK,--,9:48:14 PM,7/9/2026,
1424,43.4,gf,2.310,mm,OK,--,9:48:14 PM,7/9/2026,
1425,43.3,gf,2.310,mm,OK,--,9:48:15 PM,7/9/2026,
1426,43.2,gf,2.305,mm,OK,--,9:48:15 PM,7/9/2026,
1427,43.2,gf,2.305,mm,OK,--,9:48:15 PM,7/9/2026,
1428,43.2,gf,2.305,mm,OK,--,9:48:15 PM,7/9/2026,
1429,43.1,gf,2.300,mm,OK,--,9:48:15 PM,7/9/2026,
1430,43.1,gf,2.300,mm,OK,--,9:48:15 PM,7/9/2026,
1431,43.1,gf,2.300,mm,OK,--,9:48:15 PM,7/9/2026,
1432,43.0,gf,2.300,mm,OK,--,9:48:15 PM,7/9/2026,
1433,43.0,gf,2.300,mm,OK,--,9:48:15 PM,7/9/2026,
1434,42.9,gf,2.295,mm,OK,--,9:48:15 PM,7/9/2026,
1435,42.9,gf,2.295,mm,OK,--,9:48:16 PM,7/9/2026,
1436,42.9,gf,2.290,mm,OK,--,9:48:16 PM,7/9/2026,
1437,42.8,gf,2.290,mm,OK,--,9:48:16 PM,7/9/2026,
1438,42.7,gf,2.285,mm,OK,--,9:48:16 PM,7/9/2026,
1439,42.6,gf,2.285,mm,OK,--,9:48:16 PM,7/9/2026,
1440,42.6,gf,2.280,mm,OK,--,9:48:16 PM,7/9/2026,
1441,42.6,gf,2.280,mm,OK,--,9:48:16 PM,7/9/2026,
1442,42.4,gf,2.280,mm,OK,--,9:48:16 PM,7/9/2026,
1443,42.4,gf,2.275,mm,OK,--,9:48:16 PM,7/9/2026,
1444,42.2,gf,2.265,mm,OK,--,9:48:16 PM,7/9/2026,
1445,42.2,gf,2.260,mm,OK,--,9:48:17 PM,7/9/2026,
1446,42.0,gf,2.255,mm,OK,--,9:48:17 PM,7/9/2026,
1447,41.9,gf,2.245,mm,OK,--,9:48:17 PM,7/9/2026,
1448,41.8,gf,2.235,mm,OK,--,9:48:17 PM,7/9/2026,
1449,41.7,gf,2.235,mm,OK,--,9:48:17 PM,7/9/2026,
1450,41.6,gf,2.230,mm,OK,--,9:48:17 PM,7/9/2026,
1451,41.5,gf,2.225,mm,OK,--,9:48:17 PM,7/9/2026,
1452,41.4,gf,2.225,mm,OK,--,9:48:17 PM,7/9/2026,
1453,41.3,gf,2.220,mm,OK,--,9:48:17 PM,7/9/2026,
1454,41.2,gf,2.215,mm,OK,--,9:48:17 PM,7/9/2026,
1455,41.0,gf,2.210,mm,OK,--,9:48:18 PM,7/9/2026,
1456,41.1,gf,2.205,mm,OK,--,9:48:18 PM,7/9/2026,
1457,41.0,gf,2.205,mm,OK,--,9:48:18 PM,7/9/2026,
1458,40.9,gf,2.200,mm,OK,--,9:48:18 PM,7/9/2026,
1459,41.0,gf,2.200,mm,OK,--,9:48:18 PM,7/9/2026,
1460,40.9,gf,2.195,mm,OK,--,9:48:18 PM,7/9/2026,
1461,40.8,gf,2.195,mm,OK,--,9:48:18 PM,7/9/2026,
1462,40.8,gf,2.190,mm,OK,--,9:48:18 PM,7/9/2026,
1463,41.0,gf,2.190,mm,OK,--,9:48:18 PM,7/9/2026,
1464,41.0,gf,2.190,mm,OK,--,9:48:18 PM,7/9/2026,
1465,40.9,gf,2.190,mm,OK,--,9:48:19 PM,7/9/2026,
1466,40.7,gf,2.190,mm,OK,--,9:48:19 PM,7/9/2026,
1467,40.7,gf,2.185,mm,OK,--,9:48:19 PM,7/9/2026,
1468,40.7,gf,2.185,mm,OK,--,9:48:19 PM,7/9/2026,
1469,40.7,gf,2.185,mm,OK,--,9:48:19 PM,7/9/2026,
1470,40.6,gf,2.180,mm,OK,--,9:48:19 PM,7/9/2026,
1471,40.6,gf,2.180,mm,OK,--,9:48:19 PM,7/9/2026,
1472,40.5,gf,2.175,mm,OK,--,9:48:19 PM,7/9/2026,
1473,40.5,gf,2.170,mm,OK,--,9:48:19 PM,7/9/2026,
1474,40.5,gf,2.170,mm,OK,--,9:48:19 PM,7/9/2026,
1475,40.4,gf,2.165,mm,OK,--,9:48:20 PM,7/9/2026,
1476,40.4,gf,2.160,mm,OK,--,9:48:20 PM,7/9/2026,
1477,40.3,gf,2.160,mm,OK,--,9:48:20 PM,7/9/2026,
1478,40.2,gf,2.155,mm,OK,--,9:48:20 PM,7/9/2026,
1479,40.2,gf,2.150,mm,OK,--,9:48:20 PM,7/9/2026,
1480,40.1,gf,2.145,mm,OK,--,9:48:20 PM,7/9/2026,
1481,39.9,gf,2.130,mm,OK,--,9:48:20 PM,7/9/2026,
1482,39.9,gf,2.115,mm,OK,--,9:48:20 PM,7/9/2026,
1483,39.9,gf,2.105,mm,OK,--,9:48:20 PM,7/9/2026,
1484,39.8,gf,2.095,mm,OK,--,9:48:20 PM,7/9/2026,
1485,39.8,gf,2.080,mm,OK,--,9:48:21 PM,7/9/2026,
1486,39.7,gf,2.070,mm,OK,--,9:48:21 PM,7/9/2026,
1487,39.5,gf,2.060,mm,OK,--,9:48:21 PM,7/9/2026,
1488,39.5,gf,2.040,mm,OK,--,9:48:21 PM,7/9/2026,
1489,39.6,gf,2.025,mm,OK,--,9:48:21 PM,7/9/2026,
1490,39.5,gf,2.015,mm,OK,--,9:48:21 PM,7/9/2026,
1491,39.7,gf,2.010,mm,OK,--,9:48:21 PM,7/9/2026,
1492,39.7,gf,2.010,mm,OK,--,9:48:21 PM,7/9/2026,
1493,39.4,gf,2.005,mm,OK,--,9:48:21 PM,7/9/2026,
1494,39.4,gf,2.000,mm,OK,--,9:48:21 PM,7/9/2026,
1495,39.3,gf,1.990,mm,OK,--,9:48:22 PM,7/9/2026,
1496,39.4,gf,1.990,mm,OK,--,9:48:22 PM,7/9/2026,
1497,39.3,gf,1.985,mm,OK,--,9:48:22 PM,7/9/2026,
1498,39.2,gf,1.980,mm,OK,--,9:48:22 PM,7/9/2026,
1499,39.2,gf,1.970,mm,OK,--,9:48:22 PM,7/9/2026,
1500,39.0,gf,1.960,mm,OK,--,9:48:22 PM,7/9/2026,
1501,39.1,gf,1.950,mm,OK,--,9:48:22 PM,7/9/2026,
1502,39.0,gf,1.940,mm,OK,--,9:48:22 PM,7/9/2026,
1503,39.0,gf,1.935,mm,OK,--,9:48:22 PM,7/9/2026,
1504,38.9,gf,1.930,mm,OK,--,9:48:22 PM,7/9/2026,
1505,38.9,gf,1.925,mm,OK,--,9:48:23 PM,7/9/2026,
1506,38.9,gf,1.920,mm,OK,--,9:48:23 PM,7/9/2026,
1507,38.8,gf,1.915,mm,OK,--,9:48:23 PM,7/9/2026,
1508,38.9,gf,1.910,mm,OK,--,9:48:23 PM,7/9/2026,
1509,38.9,gf,1.910,mm,OK,--,9:48:23 PM,7/9/2026,
1510,38.9,gf,1.905,mm,OK,--,9:48:23 PM,7/9/2026,
1511,38.9,gf,1.905,mm,OK,--,9:48:23 PM,7/9/2026,
1512,38.9,gf,1.905,mm,OK,--,9:48:23 PM,7/9/2026,
1513,38.7,gf,1.900,mm,OK,--,9:48:23 PM,7/9/2026,
1514,38.7,gf,1.895,mm,OK,--,9:48:23 PM,7/9/2026,
1515,38.6,gf,1.885,mm,OK,--,9:48:24 PM,7/9/2026,
1516,38.6,gf,1.875,mm,OK,--,9:48:24 PM,7/9/2026,
1517,38.6,gf,1.865,mm,OK,--,9:48:24 PM,7/9/2026,
1518,38.6,gf,1.855,mm,OK,--,9:48:24 PM,7/9/2026,
1519,38.5,gf,1.845,mm,OK,--,9:48:24 PM,7/9/2026,
1520,38.4,gf,1.830,mm,OK,--,9:48:24 PM,7/9/2026,
1521,38.4,gf,1.820,mm,OK,--,9:48:24 PM,7/9/2026,
1522,38.3,gf,1.805,mm,OK,--,9:48:24 PM,7/9/2026,
1523,38.3,gf,1.790,mm,OK,--,9:48:24 PM,7/9/2026,
1524,38.3,gf,1.780,mm,OK,--,9:48:24 PM,7/9/2026,
1525,38.1,gf,1.765,mm,OK,--,9:48:25 PM,7/9/2026,
1526,38.1,gf,1.755,mm,OK,--,9:48:25 PM,7/9/2026,
1527,38.0,gf,1.750,mm,OK,--,9:48:25 PM,7/9/2026,
1528,37.9,gf,1.745,mm,OK,--,9:48:25 PM,7/9/2026,
1529,37.8,gf,1.735,mm,OK,--,9:48:25 PM,7/9/2026,
1530,37.8,gf,1.725,mm,OK,--,9:48:25 PM,7/9/2026,
1531,37.7,gf,1.715,mm,OK,--,9:48:25 PM,7/9/2026,
1532,37.6,gf,1.705,mm,OK,--,9:48:25 PM,7/9/2026,
1533,37.6,gf,1.690,mm,OK,--,9:48:25 PM,7/9/2026,
1534,37.7,gf,1.680,mm,OK,--,9:48:25 PM,7/9/2026,
1535,37.7,gf,1.675,mm,OK,--,9:48:26 PM,7/9/2026,
1536,37.7,gf,1.670,mm,OK,--,9:48:26 PM,7/9/2026,
1537,37.7,gf,1.665,mm,OK,--,9:48:26 PM,7/9/2026,
1538,37.7,gf,1.665,mm,OK,--,9:48:26 PM,7/9/2026,
1539,37.6,gf,1.660,mm,OK,--,9:48:26 PM,7/9/2026,
1540,37.5,gf,1.655,mm,OK,--,9:48:26 PM,7/9/2026,
1541,37.5,gf,1.650,mm,OK,--,9:48:26 PM,7/9/2026,
1542,37.5,gf,1.645,mm,OK,--,9:48:26 PM,7/9/2026,
1543,37.5,gf,1.640,mm,OK,--,9:48:26 PM,7/9/2026,
1544,37.4,gf,1.640,mm,OK,--,9:48:26 PM,7/9/2026,
1545,37.4,gf,1.635,mm,OK,--,9:48:27 PM,7/9/2026,
1546,37.3,gf,1.630,mm,OK,--,9:48:27 PM,7/9/2026,
1547,37.3,gf,1.625,mm,OK,--,9:48:27 PM,7/9/2026,
1548,37.3,gf,1.620,mm,OK,--,9:48:27 PM,7/9/2026,
1549,37.3,gf,1.615,mm,OK,--,9:48:27 PM,7/9/2026,
1550,37.3,gf,1.610,mm,OK,--,9:48:27 PM,7/9/2026,
1551,37.2,gf,1.605,mm,OK,--,9:48:27 PM,7/9/2026,
1552,37.2,gf,1.605,mm,OK,--,9:48:27 PM,7/9/2026,
1553,37.2,gf,1.600,mm,OK,--,9:48:27 PM,7/9/2026,
1554,37.2,gf,1.600,mm,OK,--,9:48:27 PM,7/9/2026,
1555,36.9,gf,1.595,mm,OK,--,9:48:28 PM,7/9/2026,
1556,37.0,gf,1.585,mm,OK,--,9:48:28 PM,7/9/2026,
1557,37.0,gf,1.580,mm,OK,--,9:48:28 PM,7/9/2026,
1558,37.0,gf,1.575,mm,OK,--,9:48:28 PM,7/9/2026,
1559,37.0,gf,1.570,mm,OK,--,9:48:28 PM,7/9/2026,
1560,37.0,gf,1.570,mm,OK,--,9:48:28 PM,7/9/2026,
1561,37.0,gf,1.565,mm,OK,--,9:48:28 PM,7/9/2026,
1562,37.0,gf,1.565,mm,OK,--,9:48:28 PM,7/9/2026,
1563,36.9,gf,1.560,mm,OK,--,9:48:28 PM,7/9/2026,
1564,37.0,gf,1.555,mm,OK,--,9:48:28 PM,7/9/2026,
1565,37.0,gf,1.555,mm,OK,--,9:48:29 PM,7/9/2026,
1566,37.0,gf,1.550,mm,OK,--,9:48:29 PM,7/9/2026,
1567,36.9,gf,1.550,mm,OK,--,9:48:29 PM,7/9/2026,
1568,36.9,gf,1.545,mm,OK,--,9:48:29 PM,7/9/2026,
1569,36.8,gf,1.540,mm,OK,--,9:48:29 PM,7/9/2026,
1570,37.0,gf,1.540,mm,OK,--,9:48:29 PM,7/9/2026,
1571,38.3,gf,1.535,mm,OK,--,9:48:29 PM,7/9/2026,
1572,38.2,gf,1.535,mm,OK,--,9:48:29 PM,7/9/2026,
1573,38.0,gf,1.530,mm,OK,--,9:48:29 PM,7/9/2026,
1574,37.9,gf,1.530,mm,OK,--,9:48:29 PM,7/9/2026,
1575,37.5,gf,1.525,mm,OK,--,9:48:30 PM,7/9/2026,
1576,37.3,gf,1.525,mm,OK,--,9:48:30 PM,7/9/2026,
1577,37.0,gf,1.520,mm,OK,--,9:48:30 PM,7/9/2026,
1578,36.9,gf,1.520,mm,OK,--,9:48:30 PM,7/9/2026,
1579,36.8,gf,1.515,mm,OK,--,9:48:30 PM,7/9/2026,
1580,36.7,gf,1.515,mm,OK,--,9:48:30 PM,7/9/2026,
1581,36.7,gf,1.510,mm,OK,--,9:48:30 PM,7/9/2026,
1582,36.7,gf,1.510,mm,OK,--,9:48:30 PM,7/9/2026,
1583,36.7,gf,1.505,mm,OK,--,9:48:30 PM,7/9/2026,
1584,36.6,gf,1.505,mm,OK,--,9:48:30 PM,7/9/2026,
1585,36.6,gf,1.500,mm,OK,--,9:48:31 PM,7/9/2026,
1586,36.6,gf,1.495,mm,OK,--,9:48:31 PM,7/9/2026,
1587,36.6,gf,1.490,mm,OK,--,9:48:31 PM,7/9/2026,
1588,36.6,gf,1.490,mm,OK,--,9:48:31 PM,7/9/2026,
1589,36.5,gf,1.485,mm,OK,--,9:48:31 PM,7/9/2026,
1590,36.5,gf,1.480,mm,OK,--,9:48:31 PM,7/9/2026,
1591,36.5,gf,1.475,mm,OK,--,9:48:31 PM,7/9/2026,
1592,36.5,gf,1.475,mm,OK,--,9:48:31 PM,7/9/2026,
1593,36.5,gf,1.470,mm,OK,--,9:48:31 PM,7/9/2026,
1594,36.6,gf,1.470,mm,OK,--,9:48:31 PM,7/9/2026,
1595,36.5,gf,1.470,mm,OK,--,9:48:32 PM,7/9/2026,
1596,36.5,gf,1.465,mm,OK,--,9:48:32 PM,7/9/2026,
1597,36.5,gf,1.465,mm,OK,--,9:48:32 PM,7/9/2026,
1598,36.3,gf,1.460,mm,OK,--,9:48:32 PM,7/9/2026,
1599,36.3,gf,1.455,mm,OK,--,9:48:32 PM,7/9/2026,
1600,36.3,gf,1.450,mm,OK,--,9:48:32 PM,7/9/2026,
1601,36.4,gf,1.445,mm,OK,--,9:48:32 PM,7/9/2026,
1602,36.3,gf,1.445,mm,OK,--,9:48:32 PM,7/9/2026,
1603,36.3,gf,1.440,mm,OK,--,9:48:32 PM,7/9/2026,
1604,36.3,gf,1.435,mm,OK,--,9:48:32 PM,7/9/2026,
1605,36.4,gf,1.430,mm,OK,--,9:48:33 PM,7/9/2026,
1606,36.2,gf,1.430,mm,OK,--,9:48:33 PM,7/9/2026,
1607,36.1,gf,1.425,mm,OK,--,9:48:33 PM,7/9/2026,
1608,36.1,gf,1.420,mm,OK,--,9:48:33 PM,7/9/2026,
1609,36.1,gf,1.415,mm,OK,--,9:48:33 PM,7/9/2026,
1610,36.0,gf,1.410,mm,OK,--,9:48:33 PM,7/9/2026,
1611,36.0,gf,1.405,mm,OK,--,9:48:33 PM,7/9/2026,
1612,35.9,gf,1.400,mm,OK,--,9:48:33 PM,7/9/2026,
1613,36.0,gf,1.395,mm,OK,--,9:48:33 PM,7/9/2026,
1614,36.0,gf,1.395,mm,OK,--,9:48:33 PM,7/9/2026,
1615,35.9,gf,1.390,mm,OK,--,9:48:34 PM,7/9/2026,
1616,36.0,gf,1.385,mm,OK,--,9:48:34 PM,7/9/2026,
1617,36.0,gf,1.385,mm,OK,--,9:48:34 PM,7/9/2026,
1618,35.9,gf,1.380,mm,OK,--,9:48:34 PM,7/9/2026,
1619,36.0,gf,1.380,mm,OK,--,9:48:34 PM,7/9/2026,
1620,35.9,gf,1.375,mm,OK,--,9:48:34 PM,7/9/2026,
1621,36.0,gf,1.375,mm,OK,--,9:48:34 PM,7/9/2026,
1622,35.9,gf,1.370,mm,OK,--,9:48:34 PM,7/9/2026,
1623,35.9,gf,1.370,mm,OK,--,9:48:34 PM,7/9/2026,
1624,35.8,gf,1.370,mm,OK,--,9:48:34 PM,7/9/2026,
1625,35.8,gf,1.365,mm,OK,--,9:48:35 PM,7/9/2026,
1626,35.8,gf,1.360,mm,OK,--,9:48:35 PM,7/9/2026,
1627,35.8,gf,1.360,mm,OK,--,9:48:35 PM,7/9/2026,
1628,35.8,gf,1.355,mm,OK,--,9:48:35 PM,7/9/2026,
1629,35.9,gf,1.355,mm,OK,--,9:48:35 PM,7/9/2026,
1630,35.8,gf,1.355,mm,OK,--,9:48:35 PM,7/9/2026,
1631,35.8,gf,1.350,mm,OK,--,9:48:35 PM,7/9/2026,
1632,35.8,gf,1.350,mm,OK,--,9:48:35 PM,7/9/2026,
1633,35.6,gf,1.345,mm,OK,--,9:48:35 PM,7/9/2026,
1634,35.7,gf,1.345,mm,OK,--,9:48:35 PM,7/9/2026,
1635,35.8,gf,1.345,mm,OK,--,9:48:36 PM,7/9/2026,
1636,35.8,gf,1.345,mm,OK,--,9:48:36 PM,7/9/2026,
1637,35.6,gf,1.340,mm,OK,--,9:48:36 PM,7/9/2026,
1638,35.6,gf,1.340,mm,OK,--,9:48:36 PM,7/9/2026,
1639,35.5,gf,1.335,mm,OK,--,9:48:36 PM,7/9/2026,
1640,35.5,gf,1.330,mm,OK,--,9:48:36 PM,7/9/2026,
1641,35.5,gf,1.330,mm,OK,--,9:48:36 PM,7/9/2026,
1642,35.5,gf,1.325,mm,OK,--,9:48:36 PM,7/9/2026,
1643,35.5,gf,1.320,mm,OK,--,9:48:36 PM,7/9/2026,
1644,35.4,gf,1.315,mm,OK,--,9:48:36 PM,7/9/2026,
1645,35.5,gf,1.310,mm,OK,--,9:48:37 PM,7/9/2026,
1646,35.5,gf,1.305,mm,OK,--,9:48:37 PM,7/9/2026,
1647,35.5,gf,1.300,mm,OK,--,9:48:37 PM,7/9/2026,
1648,35.6,gf,1.295,mm,OK,--,9:48:37 PM,7/9/2026,
1649,35.6,gf,1.295,mm,OK,--,9:48:37 PM,7/9/2026,
1650,35.5,gf,1.290,mm,OK,--,9:48:37 PM,7/9/2026,
1651,35.5,gf,1.290,mm,OK,--,9:48:37 PM,7/9/2026,
1652,35.5,gf,1.285,mm,OK,--,9:48:37 PM,7/9/2026,
1653,35.4,gf,1.280,mm,OK,--,9:48:37 PM,7/9/2026,
1654,35.4,gf,1.275,mm,OK,--,9:48:37 PM,7/9/2026,
1655,35.4,gf,1.275,mm,OK,--,9:48:38 PM,7/9/2026,
1656,35.4,gf,1.270,mm,OK,--,9:48:38 PM,7/9/2026,
1657,35.4,gf,1.265,mm,OK,--,9:48:38 PM,7/9/2026,
1658,35.4,gf,1.265,mm,OK,--,9:48:38 PM,7/9/2026,
1659,35.4,gf,1.260,mm,OK,--,9:48:38 PM,7/9/2026,
1660,35.4,gf,1.260,mm,OK,--,9:48:38 PM,7/9/2026,
1661,35.4,gf,1.255,mm,OK,--,9:48:38 PM,7/9/2026,
1662,35.4,gf,1.255,mm,OK,--,9:48:38 PM,7/9/2026,
1663,35.4,gf,1.255,mm,OK,--,9:48:38 PM,7/9/2026,
1664,35.4,gf,1.250,mm,OK,--,9:48:38 PM,7/9/2026,
1665,35.3,gf,1.250,mm,OK,--,9:48:39 PM,7/9/2026,
1666,35.3,gf,1.245,mm,OK,--,9:48:39 PM,7/9/2026,
1667,35.3,gf,1.245,mm,OK,--,9:48:39 PM,7/9/2026,
1668,35.1,gf,1.240,mm,OK,--,9:48:39 PM,7/9/2026,
1669,35.0,gf,1.235,mm,OK,--,9:48:39 PM,7/9/2026,
1670,35.1,gf,1.230,mm,OK,--,9:48:39 PM,7/9/2026,
1671,35.0,gf,1.225,mm,OK,--,9:48:39 PM,7/9/2026,
1672,35.0,gf,1.220,mm,OK,--,9:48:39 PM,7/9/2026,
1673,35.0,gf,1.215,mm,OK,--,9:48:39 PM,7/9/2026,
1674,35.0,gf,1.210,mm,OK,--,9:48:39 PM,7/9/2026,
1675,35.0,gf,1.210,mm,OK,--,9:48:40 PM,7/9/2026,
1676,35.0,gf,1.205,mm,OK,--,9:48:40 PM,7/9/2026,
1677,34.9,gf,1.200,mm,OK,--,9:48:40 PM,7/9/2026,
1678,34.8,gf,1.195,mm,OK,--,9:48:40 PM,7/9/2026,
1679,34.8,gf,1.190,mm,OK,--,9:48:40 PM,7/9/2026,
1680,34.8,gf,1.185,mm,OK,--,9:48:40 PM,7/9/2026,
1681,34.8,gf,1.180,mm,OK,--,9:48:40 PM,7/9/2026,
1682,34.8,gf,1.175,mm,OK,--,9:48:40 PM,7/9/2026,
1683,34.8,gf,1.175,mm,OK,--,9:48:40 PM,7/9/2026,
1684,34.8,gf,1.170,mm,OK,--,9:48:40 PM,7/9/2026,
1685,34.8,gf,1.170,mm,OK,--,9:48:41 PM,7/9/2026,
1686,34.7,gf,1.165,mm,OK,--,9:48:41 PM,7/9/2026,
1687,34.7,gf,1.165,mm,OK,--,9:48:41 PM,7/9/2026,
1688,34.7,gf,1.160,mm,OK,--,9:48:41 PM,7/9/2026,
1689,34.7,gf,1.160,mm,OK,--,9:48:41 PM,7/9/2026,
1690,34.7,gf,1.155,mm,OK,--,9:48:41 PM,7/9/2026,
1691,34.7,gf,1.155,mm,OK,--,9:48:41 PM,7/9/2026,
1692,34.7,gf,1.155,mm,OK,--,9:48:41 PM,7/9/2026,
1693,34.7,gf,1.150,mm,OK,--,9:48:41 PM,7/9/2026,
1694,34.7,gf,1.150,mm,OK,--,9:48:41 PM,7/9/2026,
1695,34.6,gf,1.145,mm,OK,--,9:48:42 PM,7/9/2026,
1696,34.5,gf,1.145,mm,OK,--,9:48:42 PM,7/9/2026,
1697,34.5,gf,1.140,mm,OK,--,9:48:42 PM,7/9/2026,
1698,34.6,gf,1.140,mm,OK,--,9:48:42 PM,7/9/2026,
1699,34.6,gf,1.135,mm,OK,--,9:48:42 PM,7/9/2026,
1700,34.5,gf,1.135,mm,OK,--,9:48:42 PM,7/9/2026,
1701,34.5,gf,1.130,mm,OK,--,9:48:42 PM,7/9/2026,
1702,34.6,gf,1.125,mm,OK,--,9:48:42 PM,7/9/2026,
1703,34.6,gf,1.125,mm,OK,--,9:48:42 PM,7/9/2026,
1704,34.5,gf,1.120,mm,OK,--,9:48:42 PM,7/9/2026,
1705,34.5,gf,1.120,mm,OK,--,9:48:43 PM,7/9/2026,
1706,34.5,gf,1.115,mm,OK,--,9:48:43 PM,7/9/2026,
1707,34.5,gf,1.115,mm,OK,--,9:48:43 PM,7/9/2026,
1708,34.4,gf,1.110,mm,OK,--,9:48:43 PM,7/9/2026,
1709,34.4,gf,1.110,mm,OK,--,9:48:43 PM,7/9/2026,
1710,34.4,gf,1.105,mm,OK,--,9:48:43 PM,7/9/2026,
1711,34.4,gf,1.105,mm,OK,--,9:48:43 PM,7/9/2026,
1712,34.2,gf,1.100,mm,OK,--,9:48:43 PM,7/9/2026,
1713,34.3,gf,1.095,mm,OK,--,9:48:43 PM,7/9/2026,
1714,34.3,gf,1.090,mm,OK,--,9:48:43 PM,7/9/2026,
1715,34.3,gf,1.085,mm,OK,--,9:48:44 PM,7/9/2026,
1716,34.3,gf,1.085,mm,OK,--,9:48:44 PM,7/9/2026,
1717,34.3,gf,1.080,mm,OK,--,9:48:44 PM,7/9/2026,
1718,34.3,gf,1.080,mm,OK,--,9:48:44 PM,7/9/2026,
1719,34.3,gf,1.075,mm,OK,--,9:48:44 PM,7/9/2026,
1720,34.2,gf,1.070,mm,OK,--,9:48:44 PM,7/9/2026,
1721,34.2,gf,1.070,mm,OK,--,9:48:44 PM,7/9/2026,
1722,34.1,gf,1.065,mm,OK,--,9:48:44 PM,7/9/2026,
1723,34.1,gf,1.060,mm,OK,--,9:48:44 PM,7/9/2026,
1724,34.2,gf,1.055,mm,OK,--,9:48:44 PM,7/9/2026,
1725,34.0,gf,1.055,mm,OK,--,9:48:45 PM,7/9/2026,
1726,34.0,gf,1.050,mm,OK,--,9:48:45 PM,7/9/2026,
1727,34.0,gf,1.045,mm,OK,--,9:48:45 PM,7/9/2026,
1728,34.0,gf,1.040,mm,OK,--,9:48:45 PM,7/9/2026,
1729,34.0,gf,1.035,mm,OK,--,9:48:45 PM,7/9/2026,
1730,33.8,gf,1.030,mm,OK,--,9:48:45 PM,7/9/2026,
1731,33.9,gf,1.025,mm,OK,--,9:48:45 PM,7/9/2026,
1732,33.8,gf,1.020,mm,OK,--,9:48:45 PM,7/9/2026,
1733,33.7,gf,1.010,mm,OK,--,9:48:45 PM,7/9/2026,
1734,33.6,gf,1.005,mm,OK,--,9:48:45 PM,7/9/2026,
1735,33.5,gf,0.995,mm,OK,--,9:48:46 PM,7/9/2026,
1736,33.5,gf,0.990,mm,OK,--,9:48:46 PM,7/9/2026,
1737,33.4,gf,0.980,mm,OK,--,9:48:46 PM,7/9/2026,
1738,33.4,gf,0.975,mm,OK,--,9:48:46 PM,7/9/2026,
1739,33.5,gf,0.970,mm,OK,--,9:48:46 PM,7/9/2026,
1740,33.5,gf,0.970,mm,OK,--,9:48:46 PM,7/9/2026,
1741,33.4,gf,0.965,mm,OK,--,9:48:46 PM,7/9/2026,
1742,33.4,gf,0.965,mm,OK,--,9:48:46 PM,7/9/2026,
1743,33.5,gf,0.960,mm,OK,--,9:48:46 PM,7/9/2026,
1744,33.6,gf,0.960,mm,OK,--,9:48:46 PM,7/9/2026,
1745,33.6,gf,0.960,mm,OK,--,9:48:47 PM,7/9/2026,
1746,33.6,gf,0.960,mm,OK,--,9:48:47 PM,7/9/2026,
1747,33.6,gf,0.960,mm,OK,--,9:48:47 PM,7/9/2026,
1748,33.3,gf,0.960,mm,OK,--,9:48:47 PM,7/9/2026,
1749,33.2,gf,0.955,mm,OK,--,9:48:47 PM,7/9/2026,
1750,33.1,gf,0.950,mm,OK,--,9:48:47 PM,7/9/2026,
1751,33.3,gf,0.945,mm,OK,--,9:48:47 PM,7/9/2026,
1752,33.3,gf,0.940,mm,OK,--,9:48:47 PM,7/9/2026,
1753,33.3,gf,0.940,mm,OK,--,9:48:47 PM,7/9/2026,
1754,33.2,gf,0.935,mm,OK,--,9:48:47 PM,7/9/2026,
1755,33.2,gf,0.935,mm,OK,--,9:48:48 PM,7/9/2026,
1756,33.1,gf,0.930,mm,OK,--,9:48:48 PM,7/9/2026,
1757,33.0,gf,0.925,mm,OK,--,9:48:48 PM,7/9/2026,
1758,33.1,gf,0.925,mm,OK,--,9:48:48 PM,7/9/2026,
1759,33.1,gf,0.920,mm,OK,--,9:48:48 PM,7/9/2026,
1760,33.0,gf,0.920,mm,OK,--,9:48:48 PM,7/9/2026,
1761,33.0,gf,0.915,mm,OK,--,9:48:48 PM,7/9/2026,
1762,33.0,gf,0.910,mm,OK,--,9:48:48 PM,7/9/2026,
1763,33.1,gf,0.905,mm,OK,--,9:48:48 PM,7/9/2026,
1764,33.0,gf,0.900,mm,OK,--,9:48:48 PM,7/9/2026,
1765,32.9,gf,0.895,mm,OK,--,9:48:49 PM,7/9/2026,
1766,32.8,gf,0.890,mm,OK,--,9:48:49 PM,7/9/2026,
1767,32.9,gf,0.880,mm,OK,--,9:48:49 PM,7/9/2026,
1768,32.9,gf,0.880,mm,OK,--,9:48:49 PM,7/9/2026,
1769,32.8,gf,0.875,mm,OK,--,9:48:49 PM,7/9/2026,
1770,32.8,gf,0.870,mm,OK,--,9:48:49 PM,7/9/2026,
1771,33.0,gf,0.870,mm,OK,--,9:48:49 PM,7/9/2026,
1772,32.9,gf,0.870,mm,OK,--,9:48:49 PM,7/9/2026,
1773,32.7,gf,0.870,mm,OK,--,9:48:49 PM,7/9/2026,
1774,32.5,gf,0.865,mm,OK,--,9:48:49 PM,7/9/2026,
1775,32.5,gf,0.860,mm,OK,--,9:48:50 PM,7/9/2026,
1776,32.5,gf,0.855,mm,OK,--,9:48:50 PM,7/9/2026,
1777,32.4,gf,0.850,mm,OK,--,9:48:50 PM,7/9/2026,
1778,32.4,gf,0.845,mm,OK,--,9:48:50 PM,7/9/2026,
1779,32.4,gf,0.840,mm,OK,--,9:48:50 PM,7/9/2026,
1780,32.4,gf,0.835,mm,OK,--,9:48:50 PM,7/9/2026,
1781,32.4,gf,0.835,mm,OK,--,9:48:50 PM,7/9/2026,
1782,32.2,gf,0.825,mm,OK,--,9:48:50 PM,7/9/2026,
1783,32.2,gf,0.815,mm,OK,--,9:48:50 PM,7/9/2026,
1784,32.3,gf,0.810,mm,OK,--,9:48:50 PM,7/9/2026,
1785,32.2,gf,0.805,mm,OK,--,9:48:51 PM,7/9/2026,
1786,32.3,gf,0.795,mm,OK,--,9:48:51 PM,7/9/2026,
1787,32.3,gf,0.790,mm,OK,--,9:48:51 PM,7/9/2026,
1788,32.4,gf,0.785,mm,OK,--,9:48:51 PM,7/9/2026,
1789,32.3,gf,0.785,mm,OK,--,9:48:51 PM,7/9/2026,
1790,32.3,gf,0.780,mm,OK,--,9:48:51 PM,7/9/2026,
1791,32.2,gf,0.780,mm,OK,--,9:48:51 PM,7/9/2026,
1792,32.2,gf,0.775,mm,OK,--,9:48:51 PM,7/9/2026,
1793,32.2,gf,0.770,mm,OK,--,9:48:51 PM,7/9/2026,
1794,32.2,gf,0.770,mm,OK,--,9:48:51 PM,7/9/2026,
1795,32.1,gf,0.765,mm,OK,--,9:48:52 PM,7/9/2026,
1796,31.9,gf,0.760,mm,OK,--,9:48:52 PM,7/9/2026,
1797,31.8,gf,0.745,mm,OK,--,9:48:52 PM,7/9/2026,
1798,31.8,gf,0.735,mm,OK,--,9:48:52 PM,7/9/2026,
1799,31.8,gf,0.725,mm,OK,--,9:48:52 PM,7/9/2026,
1800,31.9,gf,0.715,mm,OK,--,9:48:52 PM,7/9/2026,
1801,31.9,gf,0.710,mm,OK,--,9:48:52 PM,7/9/2026,
1802,31.8,gf,0.705,mm,OK,--,9:48:52 PM,7/9/2026,
1803,31.8,gf,0.695,mm,OK,--,9:48:52 PM,7/9/2026,
1804,31.8,gf,0.690,mm,OK,--,9:48:52 PM,7/9/2026,
1805,31.8,gf,0.685,mm,OK,--,9:48:53 PM,7/9/2026,
1806,31.8,gf,0.685,mm,OK,--,9:48:53 PM,7/9/2026,
1807,31.7,gf,0.680,mm,OK,--,9:48:53 PM,7/9/2026,
1808,31.4,gf,0.670,mm,OK,--,9:48:53 PM,7/9/2026,
1809,31.4,gf,0.665,mm,OK,--,9:48:53 PM,7/9/2026,
1810,31.4,gf,0.655,mm,OK,--,9:48:53 PM,7/9/2026,
1811,31.3,gf,0.645,mm,OK,--,9:48:53 PM,7/9/2026,
1812,31.3,gf,0.640,mm,OK,--,9:48:53 PM,7/9/2026,
1813,31.4,gf,0.635,mm,OK,--,9:48:53 PM,7/9/2026,
1814,31.4,gf,0.630,mm,OK,--,9:48:53 PM,7/9/2026,
1815,31.5,gf,0.630,mm,OK,--,9:48:54 PM,7/9/2026,
1816,31.4,gf,0.625,mm,OK,--,9:48:54 PM,7/9/2026,
1817,31.5,gf,0.625,mm,OK,--,9:48:54 PM,7/9/2026,
1818,31.5,gf,0.625,mm,OK,--,9:48:54 PM,7/9/2026,
1819,31.3,gf,0.620,mm,OK,--,9:48:54 PM,7/9/2026,
1820,31.2,gf,0.620,mm,OK,--,9:48:54 PM,7/9/2026,
1821,31.2,gf,0.615,mm,OK,--,9:48:54 PM,7/9/2026,
1822,31.1,gf,0.610,mm,OK,--,9:48:54 PM,7/9/2026,
1823,31.1,gf,0.600,mm,OK,--,9:48:54 PM,7/9/2026,
1824,30.9,gf,0.590,mm,OK,--,9:48:54 PM,7/9/2026,
1825,30.9,gf,0.575,mm,OK,--,9:48:55 PM,7/9/2026,
1826,30.8,gf,0.565,mm,OK,--,9:48:55 PM,7/9/2026,
1827,30.8,gf,0.555,mm,OK,--,9:48:55 PM,7/9/2026,
1828,30.7,gf,0.545,mm,OK,--,9:48:55 PM,7/9/2026,
1829,30.7,gf,0.540,mm,OK,--,9:48:55 PM,7/9/2026,
1830,30.7,gf,0.530,mm,OK,--,9:48:55 PM,7/9/2026,
1831,30.8,gf,0.525,mm,OK,--,9:48:55 PM,7/9/2026,
1832,30.7,gf,0.525,mm,OK,--,9:48:55 PM,7/9/2026,
1833,30.7,gf,0.520,mm,OK,--,9:48:55 PM,7/9/2026,
1834,30.8,gf,0.515,mm,OK,--,9:48:55 PM,7/9/2026,
1835,30.8,gf,0.515,mm,OK,--,9:48:56 PM,7/9/2026,
1836,30.7,gf,0.515,mm,OK,--,9:48:56 PM,7/9/2026,
1837,30.6,gf,0.510,mm,OK,--,9:48:56 PM,7/9/2026,
1838,30.6,gf,0.510,mm,OK,--,9:48:56 PM,7/9/2026,
1839,30.7,gf,0.505,mm,OK,--,9:48:56 PM,7/9/2026,
1840,30.4,gf,0.500,mm,OK,--,9:48:56 PM,7/9/2026,
1841,30.5,gf,0.500,mm,OK,--,9:48:56 PM,7/9/2026,
1842,30.5,gf,0.495,mm,OK,--,9:48:56 PM,7/9/2026,
1843,30.5,gf,0.495,mm,OK,--,9:48:56 PM,7/9/2026,
1844,30.6,gf,0.490,mm,OK,--,9:48:56 PM,7/9/2026,
1845,30.5,gf,0.490,mm,OK,--,9:48:57 PM,7/9/2026,
1846,30.5,gf,0.490,mm,OK,--,9:48:57 PM,7/9/2026,
1847,30.5,gf,0.490,mm,OK,--,9:48:57 PM,7/9/2026,
1848,30.3,gf,0.485,mm,OK,--,9:48:57 PM,7/9/2026,
1849,30.2,gf,0.480,mm,OK,--,9:48:57 PM,7/9/2026,
1850,30.2,gf,0.475,mm,OK,--,9:48:57 PM,7/9/2026,
1851,30.3,gf,0.470,mm,OK,--,9:48:57 PM,7/9/2026,
1852,30.3,gf,0.470,mm,OK,--,9:48:57 PM,7/9/2026,
1853,30.2,gf,0.465,mm,OK,--,9:48:57 PM,7/9/2026,
1854,30.2,gf,0.460,mm,OK,--,9:48:57 PM,7/9/2026,
1855,30.2,gf,0.455,mm,OK,--,9:48:58 PM,7/9/2026,
1856,30.2,gf,0.455,mm,OK,--,9:48:58 PM,7/9/2026,
1857,30.0,gf,0.450,mm,OK,--,9:48:58 PM,7/9/2026,
1858,30.0,gf,0.445,mm,OK,--,9:48:58 PM,7/9/2026,
1859,30.0,gf,0.440,mm,OK,--,9:48:58 PM,7/9/2026,
1860,30.0,gf,0.440,mm,OK,--,9:48:58 PM,7/9/2026,
1861,30.1,gf,0.435,mm,OK,--,9:48:58 PM,7/9/2026,
1862,30.2,gf,0.435,mm,OK,--,9:48:58 PM,7/9/2026,
1863,30.0,gf,0.430,mm,OK,--,9:48:58 PM,7/9/2026,
1864,30.1,gf,0.430,mm,OK,--,9:48:58 PM,7/9/2026,
1865,30.1,gf,0.430,mm,OK,--,9:48:59 PM,7/9/2026,
1866,29.9,gf,0.425,mm,OK,--,9:48:59 PM,7/9/2026,
1867,29.9,gf,0.420,mm,OK,--,9:48:59 PM,7/9/2026,
1868,30.0,gf,0.420,mm,OK,--,9:48:59 PM,7/9/2026,
1869,30.0,gf,0.415,mm,OK,--,9:48:59 PM,7/9/2026,
1870,29.9,gf,0.415,mm,OK,--,9:48:59 PM,7/9/2026,
1871,29.6,gf,0.410,mm,OK,--,9:48:59 PM,7/9/2026,
1872,29.7,gf,0.405,mm,OK,--,9:48:59 PM,7/9/2026,
1873,29.8,gf,0.405,mm,OK,--,9:48:59 PM,7/9/2026,
1874,29.7,gf,0.400,mm,OK,--,9:48:59 PM,7/9/2026,
1875,29.6,gf,0.395,mm,OK,--,9:49:00 PM,7/9/2026,
1876,29.6,gf,0.390,mm,OK,--,9:49:00 PM,7/9/2026,
1877,29.5,gf,0.385,mm,OK,--,9:49:00 PM,7/9/2026,
1878,29.6,gf,0.380,mm,OK,--,9:49:00 PM,7/9/2026,
1879,29.7,gf,0.375,mm,OK,--,9:49:00 PM,7/9/2026,
1880,29.6,gf,0.375,mm,OK,--,9:49:00 PM,7/9/2026,
1881,29.7,gf,0.375,mm,OK,--,9:49:00 PM,7/9/2026,
1882,29.8,gf,0.370,mm,OK,--,9:49:00 PM,7/9/2026,
1883,29.7,gf,0.370,mm,OK,--,9:49:00 PM,7/9/2026,
1884,29.5,gf,0.370,mm,OK,--,9:49:00 PM,7/9/2026,
1885,29.5,gf,0.365,mm,OK,--,9:49:01 PM,7/9/2026,
1886,29.5,gf,0.365,mm,OK,--,9:49:01 PM,7/9/2026,
1887,29.5,gf,0.360,mm,OK,--,9:49:01 PM,7/9/2026,
1888,29.4,gf,0.355,mm,OK,--,9:49:01 PM,7/9/2026,
1889,29.4,gf,0.350,mm,OK,--,9:49:01 PM,7/9/2026,
1890,29.5,gf,0.350,mm,OK,--,9:49:01 PM,7/9/2026,
1891,29.5,gf,0.345,mm,OK,--,9:49:01 PM,7/9/2026,
1892,29.5,gf,0.340,mm,OK,--,9:49:01 PM,7/9/2026,
1893,29.4,gf,0.335,mm,OK,--,9:49:01 PM,7/9/2026,
1894,29.4,gf,0.335,mm,OK,--,9:49:01 PM,7/9/2026,
1895,29.4,gf,0.330,mm,OK,--,9:49:02 PM,7/9/2026,
1896,29.4,gf,0.325,mm,OK,--,9:49:02 PM,7/9/2026,
1897,29.5,gf,0.325,mm,OK,--,9:49:02 PM,7/9/2026,
1898,29.5,gf,0.320,mm,OK,--,9:49:02 PM,7/9/2026,
1899,29.4,gf,0.315,mm,OK,--,9:49:02 PM,7/9/2026,
1900,29.5,gf,0.315,mm,OK,--,9:49:02 PM,7/9/2026,
1901,29.5,gf,0.310,mm,OK,--,9:49:02 PM,7/9/2026,
1902,29.5,gf,0.310,mm,OK,--,9:49:02 PM,7/9/2026,
1903,29.6,gf,0.310,mm,OK,--,9:49:02 PM,7/9/2026,
1904,29.6,gf,0.310,mm,OK,--,9:49:02 PM,7/9/2026,
1905,29.5,gf,0.305,mm,OK,--,9:49:03 PM,7/9/2026,
1906,29.5,gf,0.305,mm,OK,--,9:49:03 PM,7/9/2026,
1907,29.5,gf,0.305,mm,OK,--,9:49:03 PM,7/9/2026,
1908,29.6,gf,0.305,mm,OK,--,9:49:03 PM,7/9/2026,
1909,29.5,gf,0.305,mm,OK,--,9:49:03 PM,7/9/2026,
1910,29.5,gf,0.300,mm,OK,--,9:49:03 PM,7/9/2026,
1911,29.4,gf,0.300,mm,OK,--,9:49:03 PM,7/9/2026,
1912,29.3,gf,0.300,mm,OK,--,9:49:03 PM,7/9/2026,
1913,29.4,gf,0.295,mm,OK,--,9:49:03 PM,7/9/2026,
1914,29.3,gf,0.295,mm,OK,--,9:49:03 PM,7/9/2026,
1915,29.4,gf,0.290,mm,OK,--,9:49:04 PM,7/9/2026,
1916,29.4,gf,0.290,mm,OK,--,9:49:04 PM,7/9/2026,
1917,29.4,gf,0.290,mm,OK,--,9:49:04 PM,7/9/2026,
1918,29.4,gf,0.285,mm,OK,--,9:49:04 PM,7/9/2026,
1919,29.4,gf,0.285,mm,OK,--,9:49:04 PM,7/9/2026,
1920,29.4,gf,0.280,mm,OK,--,9:49:04 PM,7/9/2026,
1921,29.4,gf,0.280,mm,OK,--,9:49:04 PM,7/9/2026,
1922,29.5,gf,0.280,mm,OK,--,9:49:04 PM,7/9/2026,
1923,29.5,gf,0.280,mm,OK,--,9:49:04 PM,7/9/2026,
1924,29.4,gf,0.275,mm,OK,--,9:49:04 PM,7/9/2026,
1925,29.2,gf,0.275,mm,OK,--,9:49:05 PM,7/9/2026,
1926,29.2,gf,0.270,mm,OK,--,9:49:05 PM,7/9/2026,
1927,29.2,gf,0.265,mm,OK,--,9:49:05 PM,7/9/2026,
1928,29.2,gf,0.260,mm,OK,--,9:49:05 PM,7/9/2026,
1929,29.2,gf,0.255,mm,OK,--,9:49:05 PM,7/9/2026,
1930,29.2,gf,0.255,mm,OK,--,9:49:05 PM,7/9/2026,
1931,29.2,gf,0.250,mm,OK,--,9:49:05 PM,7/9/2026,
1932,29.0,gf,0.245,mm,OK,--,9:49:05 PM,7/9/2026,
1933,28.9,gf,0.235,mm,OK,--,9:49:05 PM,7/9/2026,
1934,28.8,gf,0.225,mm,OK,--,9:49:05 PM,7/9/2026,
1935,28.8,gf,0.220,mm,OK,--,9:49:06 PM,7/9/2026,
1936,28.7,gf,0.215,mm,OK,--,9:49:06 PM,7/9/2026,
1937,28.7,gf,0.210,mm,OK,--,9:49:06 PM,7/9/2026,
1938,28.7,gf,0.205,mm,OK,--,9:49:06 PM,7/9/2026,
1939,28.7,gf,0.195,mm,OK,--,9:49:06 PM,7/9/2026,
1940,28.6,gf,0.190,mm,OK,--,9:49:06 PM,7/9/2026,
1941,28.6,gf,0.185,mm,OK,--,9:49:06 PM,7/9/2026,
1942,28.4,gf,0.175,mm,OK,--,9:49:06 PM,7/9/2026,
1943,28.4,gf,0.170,mm,OK,--,9:49:06 PM,7/9/2026,
1944,28.3,gf,0.165,mm,OK,--,9:49:06 PM,7/9/2026,
1945,28.1,gf,0.160,mm,OK,--,9:49:07 PM,7/9/2026,
1946,27.8,gf,0.155,mm,OK,--,9:49:07 PM,7/9/2026,
1947,27.3,gf,0.150,mm,OK,--,9:49:07 PM,7/9/2026,
1948,25.5,gf,0.145,mm,OK,--,9:49:07 PM,7/9/2026,
1949,23.3,gf,0.145,mm,OK,--,9:49:07 PM,7/9/2026,
1950,21.3,gf,0.140,mm,OK,--,9:49:07 PM,7/9/2026,
1951,19.8,gf,0.140,mm,OK,--,9:49:07 PM,7/9/2026,
1952,18.3,gf,0.135,mm,OK,--,9:49:07 PM,7/9/2026,
1953,16.7,gf,0.130,mm,OK,--,9:49:07 PM,7/9/2026,
1954,13.2,gf,0.130,mm,OK,--,9:49:07 PM,7/9/2026,
1955,9.8,gf,0.125,mm,OK,--,9:49:08 PM,7/9/2026,
1956,7.3,gf,0.125,mm,OK,--,9:49:08 PM,7/9/2026,
1957,5.5,gf,0.120,mm,OK,--,9:49:08 PM,7/9/2026,
1958,4.2,gf,0.120,mm,OK,--,9:49:08 PM,7/9/2026,
1959,3.1,gf,0.120,mm,OK,--,9:49:08 PM,7/9/2026,
1960,1.0,gf,0.115,mm,OK,--,9:49:08 PM,7/9/2026,
1961,0.0,gf,0.110,mm,OK,--,9:49:08 PM,7/9/2026,
1962,0.0,gf,0.100,mm,OK,--,9:49:08 PM,7/9/2026,
1963,-0.1,gf,0.090,mm,OK,--,9:49:08 PM,7/9/2026,
1964,0.1,gf,0.085,mm,OK,--,9:49:08 PM,7/9/2026,
1965,0.2,gf,0.080,mm,OK,--,9:49:09 PM,7/9/2026,
1966,-0.1,gf,0.080,mm,OK,--,9:49:09 PM,7/9/2026,
1967,-0.3,gf,0.075,mm,OK,--,9:49:09 PM,7/9/2026,
1968,0.2,gf,0.075,mm,OK,--,9:49:09 PM,7/9/2026,
1969,0.1,gf,0.070,mm,OK,--,9:49:09 PM,7/9/2026,
1970,0.0,gf,0.070,mm,OK,--,9:49:09 PM,7/9/2026,
1971,-0.1,gf,0.065,mm,OK,--,9:49:09 PM,7/9/2026,
1972,-0.1,gf,0.060,mm,OK,--,9:49:09 PM,7/9/2026,
1973,0.3,gf,0.050,mm,OK,--,9:49:09 PM,7/9/2026,
1974,0.0,gf,0.045,mm,OK,--,9:49:09 PM,7/9/2026,
1975,0.0,gf,0.040,mm,OK,--,9:49:10 PM,7/9/2026,
1976,0.0,gf,0.025,mm,OK,--,9:49:10 PM,7/9/2026,
1977,0.1,gf,0.015,mm,OK,--,9:49:10 PM,7/9/2026,
1978,0.3,gf,0.000,mm,OK,--,9:49:10 PM,7/9/2026,
1979,0.0,gf,-0.005,mm,OK,--,9:49:10 PM,7/9/2026,
1980,0.0,gf,-0.005,mm,OK,--,9:49:10 PM,7/9/2026,
1981,0.0,gf,-0.010,mm,OK,--,9:49:10 PM,7/9/2026,
1982,0.1,gf,-0.015,mm,OK,--,9:49:10 PM,7/9/2026,
1983,0.2,gf,-0.025,mm,OK,--,9:49:10 PM,7/9/2026,
1984,-0.1,gf,-0.025,mm,OK,--,9:49:10 PM,7/9/2026,
1985,0.0,gf,-0.025,mm,OK,--,9:49:11 PM,7/9/2026,
1986,-0.1,gf,-0.025,mm,OK,--,9:49:11 PM,7/9/2026,
1987,0.1,gf,-0.025,mm,OK,--,9:49:11 PM,7/9/2026,
1988,0.1,gf,-0.025,mm,OK,--,9:49:11 PM,7/9/2026,
1989,-0.2,gf,-0.025,mm,OK,--,9:49:11 PM,7/9/2026,
1990,0.1,gf,-0.025,mm,OK,--,9:49:11 PM,7/9/2026,
1991,0.1,gf,-0.025,mm,OK,--,9:49:11 PM,7/9/2026,
1992,0.0,gf,-0.025,mm,OK,--,9:49:11 PM,7/9/2026,
1993,-0.2,gf,-0.020,mm,OK,--,9:49:11 PM,7/9/2026,
1994,-0.1,gf,-0.015,mm,OK,--,9:49:11 PM,7/9/2026,
1995,0.1,gf,-0.005,mm,OK,--,9:49:12 PM,7/9/2026,
1996,0.1,gf,0.000,mm,OK,--,9:49:12 PM,7/9/2026,
1997,-0.2,gf,0.010,mm,OK,--,9:49:12 PM,7/9/2026,
1998,-0.1,gf,0.015,mm,OK,--,9:49:12 PM,7/9/2026,
1999,0.1,gf,0.025,mm,OK,--,9:49:12 PM,7/9/2026,
2000,0.1,gf,0.030,mm,OK,--,9:49:12 PM,7/9/2026,
2001,0.0,gf,0.040,mm,OK,--,9:49:12 PM,7/9/2026,
2002,0.0,gf,0.050,mm,OK,--,9:49:12 PM,7/9/2026,
2003,0.1,gf,0.060,mm,OK,--,9:49:12 PM,7/9/2026,
2004,0.2,gf,0.070,mm,OK,--,9:49:12 PM,7/9/2026,
2005,0.1,gf,0.085,mm,OK,--,9:49:13 PM,7/9/2026,
2006,-0.1,gf,0.100,mm,OK,--,9:49:13 PM,7/9/2026,
2007,0.9,gf,0.115,mm,OK,--,9:49:13 PM,7/9/2026,
2008,14.1,gf,0.125,mm,OK,--,9:49:13 PM,7/9/2026,
2009,27.4,gf,0.140,mm,OK,--,9:49:13 PM,7/9/2026,
