Maximum,193.1,@,No.979,,,,,,
Minimum,-0.3,@,No.1923,,,,,,
Average,57.56,,,,,,,,
Data Quantity,1935,,,,,,,,
Number of NG,0,,,,,,,,
No.,Force,Unit,Displacement,Unit,Judge,Position,Time,Date,
1,0.0,gf,0.000,mm,OK,--,10:26:13 PM,7/10/2026,
2,0.0,gf,0.000,mm,OK,--,10:26:13 PM,7/10/2026,
3,0.0,gf,0.000,mm,OK,--,10:26:13 PM,7/10/2026,
4,0.0,gf,0.005,mm,OK,--,10:26:13 PM,7/10/2026,
5,0.0,gf,0.005,mm,OK,--,10:26:13 PM,7/10/2026,
6,0.1,gf,0.010,mm,OK,--,10:26:13 PM,7/10/2026,
7,0.0,gf,0.010,mm,OK,--,10:26:14 PM,7/10/2026,
8,0.1,gf,0.015,mm,OK,--,10:26:14 PM,7/10/2026,
9,0.0,gf,0.020,mm,OK,--,10:26:14 PM,7/10/2026,
10,-0.1,gf,0.025,mm,OK,--,10:26:14 PM,7/10/2026,
11,0.0,gf,0.025,mm,OK,--,10:26:14 PM,7/10/2026,
12,0.0,gf,0.025,mm,OK,--,10:26:14 PM,7/10/2026,
13,0.0,gf,0.030,mm,OK,--,10:26:14 PM,7/10/2026,
14,0.0,gf,0.030,mm,OK,--,10:26:14 PM,7/10/2026,
15,0.0,gf,0.035,mm,OK,--,10:26:14 PM,7/10/2026,
16,0.1,gf,0.035,mm,OK,--,10:26:14 PM,7/10/2026,
17,0.0,gf,0.035,mm,OK,--,10:26:15 PM,7/10/2026,
18,0.1,gf,0.035,mm,OK,--,10:26:15 PM,7/10/2026,
19,0.0,gf,0.040,mm,OK,--,10:26:15 PM,7/10/2026,
20,0.0,gf,0.040,mm,OK,--,10:26:15 PM,7/10/2026,
21,0.0,gf,0.040,mm,OK,--,10:26:15 PM,7/10/2026,
22,0.0,gf,0.040,mm,OK,--,10:26:15 PM,7/10/2026,
23,0.0,gf,0.040,mm,OK,--,10:26:15 PM,7/10/2026,
24,0.0,gf,0.040,mm,OK,--,10:26:15 PM,7/10/2026,
25,0.0,gf,0.040,mm,OK,--,10:26:15 PM,7/10/2026,
26,0.0,gf,0.045,mm,OK,--,10:26:15 PM,7/10/2026,
27,0.0,gf,0.045,mm,OK,--,10:26:16 PM,7/10/2026,
28,0.0,gf,0.045,mm,OK,--,10:26:16 PM,7/10/2026,
29,0.0,gf,0.050,mm,OK,--,10:26:16 PM,7/10/2026,
30,3.7,gf,0.055,mm,OK,--,10:26:16 PM,7/10/2026,
31,8.7,gf,0.065,mm,OK,--,10:26:16 PM,7/10/2026,
32,16.1,gf,0.070,mm,OK,--,10:26:16 PM,7/10/2026,
33,21.0,gf,0.075,mm,OK,--,10:26:16 PM,7/10/2026,
34,23.9,gf,0.080,mm,OK,--,10:26:16 PM,7/10/2026,
35,26.6,gf,0.080,mm,OK,--,10:26:16 PM,7/10/2026,
36,29.3,gf,0.085,mm,OK,--,10:26:16 PM,7/10/2026,
37,32.6,gf,0.090,mm,OK,--,10:26:17 PM,7/10/2026,
38,37.2,gf,0.095,mm,OK,--,10:26:17 PM,7/10/2026,
39,41.2,gf,0.100,mm,OK,--,10:26:17 PM,7/10/2026,
40,42.6,gf,0.100,mm,OK,--,10:26:17 PM,7/10/2026,
41,43.0,gf,0.105,mm,OK,--,10:26:17 PM,7/10/2026,
42,43.2,gf,0.110,mm,OK,--,10:26:17 PM,7/10/2026,
43,43.3,gf,0.110,mm,OK,--,10:26:17 PM,7/10/2026,
44,43.4,gf,0.110,mm,OK,--,10:26:17 PM,7/10/2026,
45,43.6,gf,0.115,mm,OK,--,10:26:17 PM,7/10/2026,
46,43.7,gf,0.115,mm,OK,--,10:26:17 PM,7/10/2026,
47,43.9,gf,0.120,mm,OK,--,10:26:18 PM,7/10/2026,
48,44.1,gf,0.120,mm,OK,--,10:26:18 PM,7/10/2026,
49,44.3,gf,0.125,mm,OK,--,10:26:18 PM,7/10/2026,
50,44.6,gf,0.125,mm,OK,--,10:26:18 PM,7/10/2026,
51,44.8,gf,0.130,mm,OK,--,10:26:18 PM,7/10/2026,
52,45.2,gf,0.135,mm,OK,--,10:26:18 PM,7/10/2026,
53,45.4,gf,0.135,mm,OK,--,10:26:18 PM,7/10/2026,
54,45.7,gf,0.140,mm,OK,--,10:26:18 PM,7/10/2026,
55,46.0,gf,0.145,mm,OK,--,10:26:18 PM,7/10/2026,
56,46.2,gf,0.145,mm,OK,--,10:26:18 PM,7/10/2026,
57,46.4,gf,0.145,mm,OK,--,10:26:19 PM,7/10/2026,
58,46.6,gf,0.150,mm,OK,--,10:26:19 PM,7/10/2026,
59,46.8,gf,0.150,mm,OK,--,10:26:19 PM,7/10/2026,
60,47.0,gf,0.150,mm,OK,--,10:26:19 PM,7/10/2026,
61,47.0,gf,0.150,mm,OK,--,10:26:19 PM,7/10/2026,
62,47.1,gf,0.155,mm,OK,--,10:26:19 PM,7/10/2026,
63,47.3,gf,0.155,mm,OK,--,10:26:19 PM,7/10/2026,
64,47.4,gf,0.160,mm,OK,--,10:26:19 PM,7/10/2026,
65,47.6,gf,0.160,mm,OK,--,10:26:19 PM,7/10/2026,
66,47.8,gf,0.165,mm,OK,--,10:26:19 PM,7/10/2026,
67,47.9,gf,0.165,mm,OK,--,10:26:20 PM,7/10/2026,
68,48.1,gf,0.170,mm,OK,--,10:26:20 PM,7/10/2026,
69,48.5,gf,0.175,mm,OK,--,10:26:20 PM,7/10/2026,
70,48.8,gf,0.180,mm,OK,--,10:26:20 PM,7/10/2026,
71,49.2,gf,0.185,mm,OK,--,10:26:20 PM,7/10/2026,
72,49.7,gf,0.190,mm,OK,--,10:26:20 PM,7/10/2026,
73,50.1,gf,0.195,mm,OK,--,10:26:20 PM,7/10/2026,
74,50.5,gf,0.205,mm,OK,--,10:26:20 PM,7/10/2026,
75,51.1,gf,0.210,mm,OK,--,10:26:20 PM,7/10/2026,
76,51.4,gf,0.215,mm,OK,--,10:26:20 PM,7/10/2026,
77,51.8,gf,0.215,mm,OK,--,10:26:21 PM,7/10/2026,
78,51.9,gf,0.220,mm,OK,--,10:26:21 PM,7/10/2026,
79,52.1,gf,0.225,mm,OK,--,10:26:21 PM,7/10/2026,
80,52.2,gf,0.230,mm,OK,--,10:26:21 PM,7/10/2026,
81,52.4,gf,0.235,mm,OK,--,10:26:21 PM,7/10/2026,
82,52.4,gf,0.240,mm,OK,--,10:26:21 PM,7/10/2026,
83,52.6,gf,0.245,mm,OK,--,10:26:21 PM,7/10/2026,
84,52.8,gf,0.255,mm,OK,--,10:26:21 PM,7/10/2026,
85,53.0,gf,0.255,mm,OK,--,10:26:21 PM,7/10/2026,
86,53.1,gf,0.265,mm,OK,--,10:26:21 PM,7/10/2026,
87,53.3,gf,0.270,mm,OK,--,10:26:22 PM,7/10/2026,
88,53.5,gf,0.275,mm,OK,--,10:26:22 PM,7/10/2026,
89,53.6,gf,0.275,mm,OK,--,10:26:22 PM,7/10/2026,
90,53.7,gf,0.280,mm,OK,--,10:26:22 PM,7/10/2026,
91,53.8,gf,0.285,mm,OK,--,10:26:22 PM,7/10/2026,
92,53.9,gf,0.290,mm,OK,--,10:26:22 PM,7/10/2026,
93,53.9,gf,0.295,mm,OK,--,10:26:22 PM,7/10/2026,
94,54.1,gf,0.305,mm,OK,--,10:26:22 PM,7/10/2026,
95,54.3,gf,0.315,mm,OK,--,10:26:22 PM,7/10/2026,
96,54.7,gf,0.320,mm,OK,--,10:26:22 PM,7/10/2026,
97,54.7,gf,0.320,mm,OK,--,10:26:23 PM,7/10/2026,
98,54.6,gf,0.325,mm,OK,--,10:26:23 PM,7/10/2026,
99,54.7,gf,0.330,mm,OK,--,10:26:23 PM,7/10/2026,
100,54.8,gf,0.335,mm,OK,--,10:26:23 PM,7/10/2026,
101,54.8,gf,0.340,mm,OK,--,10:26:23 PM,7/10/2026,
102,54.2,gf,0.345,mm,OK,--,10:26:23 PM,7/10/2026,
103,54.5,gf,0.350,mm,OK,--,10:26:23 PM,7/10/2026,
104,54.6,gf,0.355,mm,OK,--,10:26:23 PM,7/10/2026,
105,54.7,gf,0.360,mm,OK,--,10:26:23 PM,7/10/2026,
106,54.7,gf,0.365,mm,OK,--,10:26:23 PM,7/10/2026,
107,54.7,gf,0.370,mm,OK,--,10:26:24 PM,7/10/2026,
108,54.7,gf,0.375,mm,OK,--,10:26:24 PM,7/10/2026,
109,54.7,gf,0.380,mm,OK,--,10:26:24 PM,7/10/2026,
110,54.8,gf,0.380,mm,OK,--,10:26:24 PM,7/10/2026,
111,54.9,gf,0.385,mm,OK,--,10:26:24 PM,7/10/2026,
112,55.0,gf,0.385,mm,OK,--,10:26:24 PM,7/10/2026,
113,54.9,gf,0.390,mm,OK,--,10:26:24 PM,7/10/2026,
114,55.0,gf,0.390,mm,OK,--,10:26:24 PM,7/10/2026,
115,55.0,gf,0.395,mm,OK,--,10:26:24 PM,7/10/2026,
116,55.0,gf,0.395,mm,OK,--,10:26:24 PM,7/10/2026,
117,55.0,gf,0.400,mm,OK,--,10:26:25 PM,7/10/2026,
118,55.1,gf,0.400,mm,OK,--,10:26:25 PM,7/10/2026,
119,55.1,gf,0.405,mm,OK,--,10:26:25 PM,7/10/2026,
120,55.1,gf,0.405,mm,OK,--,10:26:25 PM,7/10/2026,
121,55.2,gf,0.410,mm,OK,--,10:26:25 PM,7/10/2026,
122,55.2,gf,0.410,mm,OK,--,10:26:25 PM,7/10/2026,
123,55.2,gf,0.410,mm,OK,--,10:26:25 PM,7/10/2026,
124,55.1,gf,0.415,mm,OK,--,10:26:25 PM,7/10/2026,
125,55.1,gf,0.415,mm,OK,--,10:26:25 PM,7/10/2026,
126,55.1,gf,0.420,mm,OK,--,10:26:25 PM,7/10/2026,
127,55.0,gf,0.425,mm,OK,--,10:26:26 PM,7/10/2026,
128,55.1,gf,0.430,mm,OK,--,10:26:26 PM,7/10/2026,
129,55.1,gf,0.430,mm,OK,--,10:26:26 PM,7/10/2026,
130,55.1,gf,0.435,mm,OK,--,10:26:26 PM,7/10/2026,
131,55.3,gf,0.435,mm,OK,--,10:26:26 PM,7/10/2026,
132,55.2,gf,0.435,mm,OK,--,10:26:26 PM,7/10/2026,
133,55.1,gf,0.440,mm,OK,--,10:26:26 PM,7/10/2026,
134,55.2,gf,0.440,mm,OK,--,10:26:26 PM,7/10/2026,
135,55.2,gf,0.445,mm,OK,--,10:26:26 PM,7/10/2026,
136,54.9,gf,0.445,mm,OK,--,10:26:26 PM,7/10/2026,
137,54.9,gf,0.450,mm,OK,--,10:26:27 PM,7/10/2026,
138,55.1,gf,0.450,mm,OK,--,10:26:27 PM,7/10/2026,
139,55.1,gf,0.455,mm,OK,--,10:26:27 PM,7/10/2026,
140,55.1,gf,0.455,mm,OK,--,10:26:27 PM,7/10/2026,
141,55.0,gf,0.455,mm,OK,--,10:26:27 PM,7/10/2026,
142,55.1,gf,0.460,mm,OK,--,10:26:27 PM,7/10/2026,
143,55.1,gf,0.460,mm,OK,--,10:26:27 PM,7/10/2026,
144,55.1,gf,0.465,mm,OK,--,10:26:27 PM,7/10/2026,
145,55.3,gf,0.465,mm,OK,--,10:26:27 PM,7/10/2026,
146,55.2,gf,0.465,mm,OK,--,10:26:27 PM,7/10/2026,
147,55.1,gf,0.470,mm,OK,--,10:26:28 PM,7/10/2026,
148,55.0,gf,0.475,mm,OK,--,10:26:28 PM,7/10/2026,
149,55.1,gf,0.480,mm,OK,--,10:26:28 PM,7/10/2026,
150,55.2,gf,0.480,mm,OK,--,10:26:28 PM,7/10/2026,
151,55.3,gf,0.480,mm,OK,--,10:26:28 PM,7/10/2026,
152,55.3,gf,0.485,mm,OK,--,10:26:28 PM,7/10/2026,
153,55.3,gf,0.490,mm,OK,--,10:26:28 PM,7/10/2026,
154,55.3,gf,0.490,mm,OK,--,10:26:28 PM,7/10/2026,
155,55.4,gf,0.490,mm,OK,--,10:26:28 PM,7/10/2026,
156,55.4,gf,0.495,mm,OK,--,10:26:28 PM,7/10/2026,
157,55.4,gf,0.495,mm,OK,--,10:26:29 PM,7/10/2026,
158,55.3,gf,0.500,mm,OK,--,10:26:29 PM,7/10/2026,
159,55.2,gf,0.500,mm,OK,--,10:26:29 PM,7/10/2026,
160,55.2,gf,0.505,mm,OK,--,10:26:29 PM,7/10/2026,
161,55.3,gf,0.510,mm,OK,--,10:26:29 PM,7/10/2026,
162,55.6,gf,0.510,mm,OK,--,10:26:29 PM,7/10/2026,
163,55.6,gf,0.515,mm,OK,--,10:26:29 PM,7/10/2026,
164,55.6,gf,0.515,mm,OK,--,10:26:29 PM,7/10/2026,
165,55.6,gf,0.515,mm,OK,--,10:26:29 PM,7/10/2026,
166,55.6,gf,0.520,mm,OK,--,10:26:29 PM,7/10/2026,
167,55.5,gf,0.525,mm,OK,--,10:26:30 PM,7/10/2026,
168,55.6,gf,0.530,mm,OK,--,10:26:30 PM,7/10/2026,
169,55.4,gf,0.535,mm,OK,--,10:26:30 PM,7/10/2026,
170,55.2,gf,0.540,mm,OK,--,10:26:30 PM,7/10/2026,
171,55.3,gf,0.550,mm,OK,--,10:26:30 PM,7/10/2026,
172,55.1,gf,0.555,mm,OK,--,10:26:30 PM,7/10/2026,
173,55.3,gf,0.560,mm,OK,--,10:26:30 PM,7/10/2026,
174,55.4,gf,0.565,mm,OK,--,10:26:30 PM,7/10/2026,
175,55.5,gf,0.565,mm,OK,--,10:26:30 PM,7/10/2026,
176,55.4,gf,0.570,mm,OK,--,10:26:30 PM,7/10/2026,
177,55.4,gf,0.575,mm,OK,--,10:26:31 PM,7/10/2026,
178,55.4,gf,0.580,mm,OK,--,10:26:31 PM,7/10/2026,
179,55.5,gf,0.580,mm,OK,--,10:26:31 PM,7/10/2026,
180,55.6,gf,0.585,mm,OK,--,10:26:31 PM,7/10/2026,
181,55.7,gf,0.590,mm,OK,--,10:26:31 PM,7/10/2026,
182,55.7,gf,0.590,mm,OK,--,10:26:31 PM,7/10/2026,
183,55.8,gf,0.595,mm,OK,--,10:26:31 PM,7/10/2026,
184,55.9,gf,0.595,mm,OK,--,10:26:31 PM,7/10/2026,
185,55.9,gf,0.600,mm,OK,--,10:26:31 PM,7/10/2026,
186,55.9,gf,0.600,mm,OK,--,10:26:31 PM,7/10/2026,
187,55.9,gf,0.605,mm,OK,--,10:26:32 PM,7/10/2026,
188,56.1,gf,0.605,mm,OK,--,10:26:32 PM,7/10/2026,
189,56.0,gf,0.610,mm,OK,--,10:26:32 PM,7/10/2026,
190,55.8,gf,0.610,mm,OK,--,10:26:32 PM,7/10/2026,
191,55.5,gf,0.615,mm,OK,--,10:26:32 PM,7/10/2026,
192,55.5,gf,0.620,mm,OK,--,10:26:32 PM,7/10/2026,
193,55.6,gf,0.625,mm,OK,--,10:26:32 PM,7/10/2026,
194,55.7,gf,0.630,mm,OK,--,10:26:32 PM,7/10/2026,
195,55.6,gf,0.630,mm,OK,--,10:26:32 PM,7/10/2026,
196,55.6,gf,0.635,mm,OK,--,10:26:32 PM,7/10/2026,
197,55.5,gf,0.640,mm,OK,--,10:26:33 PM,7/10/2026,
198,55.4,gf,0.645,mm,OK,--,10:26:33 PM,7/10/2026,
199,55.2,gf,0.655,mm,OK,--,10:26:33 PM,7/10/2026,
200,55.3,gf,0.660,mm,OK,--,10:26:33 PM,7/10/2026,
201,55.3,gf,0.665,mm,OK,--,10:26:33 PM,7/10/2026,
202,55.2,gf,0.675,mm,OK,--,10:26:33 PM,7/10/2026,
203,55.1,gf,0.685,mm,OK,--,10:26:33 PM,7/10/2026,
204,55.1,gf,0.690,mm,OK,--,10:26:33 PM,7/10/2026,
205,55.0,gf,0.700,mm,OK,--,10:26:33 PM,7/10/2026,
206,55.0,gf,0.705,mm,OK,--,10:26:33 PM,7/10/2026,
207,55.1,gf,0.715,mm,OK,--,10:26:34 PM,7/10/2026,
208,55.2,gf,0.720,mm,OK,--,10:26:34 PM,7/10/2026,
209,55.4,gf,0.720,mm,OK,--,10:26:34 PM,7/10/2026,
210,55.2,gf,0.725,mm,OK,--,10:26:34 PM,7/10/2026,
211,55.2,gf,0.730,mm,OK,--,10:26:34 PM,7/10/2026,
212,55.2,gf,0.735,mm,OK,--,10:26:34 PM,7/10/2026,
213,55.1,gf,0.740,mm,OK,--,10:26:34 PM,7/10/2026,
214,55.2,gf,0.740,mm,OK,--,10:26:34 PM,7/10/2026,
215,55.4,gf,0.740,mm,OK,--,10:26:34 PM,7/10/2026,
216,55.4,gf,0.745,mm,OK,--,10:26:34 PM,7/10/2026,
217,55.0,gf,0.745,mm,OK,--,10:26:35 PM,7/10/2026,
218,55.2,gf,0.750,mm,OK,--,10:26:35 PM,7/10/2026,
219,55.2,gf,0.750,mm,OK,--,10:26:35 PM,7/10/2026,
220,55.1,gf,0.755,mm,OK,--,10:26:35 PM,7/10/2026,
221,55.1,gf,0.755,mm,OK,--,10:26:35 PM,7/10/2026,
222,55.0,gf,0.760,mm,OK,--,10:26:35 PM,7/10/2026,
223,55.0,gf,0.760,mm,OK,--,10:26:35 PM,7/10/2026,
224,55.1,gf,0.765,mm,OK,--,10:26:35 PM,7/10/2026,
225,55.1,gf,0.765,mm,OK,--,10:26:35 PM,7/10/2026,
226,55.1,gf,0.770,mm,OK,--,10:26:35 PM,7/10/2026,
227,55.0,gf,0.770,mm,OK,--,10:26:36 PM,7/10/2026,
228,54.9,gf,0.775,mm,OK,--,10:26:36 PM,7/10/2026,
229,54.7,gf,0.780,mm,OK,--,10:26:36 PM,7/10/2026,
230,54.5,gf,0.785,mm,OK,--,10:26:36 PM,7/10/2026,
231,54.4,gf,0.790,mm,OK,--,10:26:36 PM,7/10/2026,
232,54.2,gf,0.795,mm,OK,--,10:26:36 PM,7/10/2026,
233,54.1,gf,0.800,mm,OK,--,10:26:36 PM,7/10/2026,
234,54.2,gf,0.805,mm,OK,--,10:26:36 PM,7/10/2026,
235,54.5,gf,0.805,mm,OK,--,10:26:36 PM,7/10/2026,
236,54.6,gf,0.810,mm,OK,--,10:26:36 PM,7/10/2026,
237,54.6,gf,0.810,mm,OK,--,10:26:37 PM,7/10/2026,
238,54.4,gf,0.815,mm,OK,--,10:26:37 PM,7/10/2026,
239,54.1,gf,0.820,mm,OK,--,10:26:37 PM,7/10/2026,
240,54.1,gf,0.820,mm,OK,--,10:26:37 PM,7/10/2026,
241,53.9,gf,0.825,mm,OK,--,10:26:37 PM,7/10/2026,
242,53.8,gf,0.835,mm,OK,--,10:26:37 PM,7/10/2026,
243,53.5,gf,0.840,mm,OK,--,10:26:37 PM,7/10/2026,
244,53.5,gf,0.845,mm,OK,--,10:26:37 PM,7/10/2026,
245,53.6,gf,0.850,mm,OK,--,10:26:37 PM,7/10/2026,
246,53.6,gf,0.850,mm,OK,--,10:26:37 PM,7/10/2026,
247,53.7,gf,0.855,mm,OK,--,10:26:38 PM,7/10/2026,
248,53.4,gf,0.860,mm,OK,--,10:26:38 PM,7/10/2026,
249,53.1,gf,0.865,mm,OK,--,10:26:38 PM,7/10/2026,
250,52.4,gf,0.870,mm,OK,--,10:26:38 PM,7/10/2026,
251,51.9,gf,0.885,mm,OK,--,10:26:38 PM,7/10/2026,
252,51.8,gf,0.895,mm,OK,--,10:26:38 PM,7/10/2026,
253,51.9,gf,0.905,mm,OK,--,10:26:38 PM,7/10/2026,
254,52.1,gf,0.910,mm,OK,--,10:26:38 PM,7/10/2026,
255,52.0,gf,0.910,mm,OK,--,10:26:38 PM,7/10/2026,
256,52.2,gf,0.915,mm,OK,--,10:26:38 PM,7/10/2026,
257,52.3,gf,0.915,mm,OK,--,10:26:39 PM,7/10/2026,
258,52.4,gf,0.920,mm,OK,--,10:26:39 PM,7/10/2026,
259,52.2,gf,0.925,mm,OK,--,10:26:39 PM,7/10/2026,
260,52.0,gf,0.930,mm,OK,--,10:26:39 PM,7/10/2026,
261,52.0,gf,0.930,mm,OK,--,10:26:39 PM,7/10/2026,
262,52.2,gf,0.935,mm,OK,--,10:26:39 PM,7/10/2026,
263,52.4,gf,0.935,mm,OK,--,10:26:39 PM,7/10/2026,
264,52.7,gf,0.935,mm,OK,--,10:26:39 PM,7/10/2026,
265,52.5,gf,0.940,mm,OK,--,10:26:39 PM,7/10/2026,
266,52.5,gf,0.940,mm,OK,--,10:26:39 PM,7/10/2026,
267,52.5,gf,0.940,mm,OK,--,10:26:40 PM,7/10/2026,
268,52.4,gf,0.940,mm,OK,--,10:26:40 PM,7/10/2026,
269,52.6,gf,0.940,mm,OK,--,10:26:40 PM,7/10/2026,
270,52.6,gf,0.940,mm,OK,--,10:26:40 PM,7/10/2026,
271,52.8,gf,0.945,mm,OK,--,10:26:40 PM,7/10/2026,
272,52.8,gf,0.945,mm,OK,--,10:26:40 PM,7/10/2026,
273,52.7,gf,0.945,mm,OK,--,10:26:40 PM,7/10/2026,
274,52.8,gf,0.945,mm,OK,--,10:26:40 PM,7/10/2026,
275,52.6,gf,0.945,mm,OK,--,10:26:40 PM,7/10/2026,
276,52.8,gf,0.950,mm,OK,--,10:26:40 PM,7/10/2026,
277,52.6,gf,0.950,mm,OK,--,10:26:41 PM,7/10/2026,
278,52.6,gf,0.950,mm,OK,--,10:26:41 PM,7/10/2026,
279,52.7,gf,0.950,mm,OK,--,10:26:41 PM,7/10/2026,
280,52.7,gf,0.950,mm,OK,--,10:26:41 PM,7/10/2026,
281,52.8,gf,0.955,mm,OK,--,10:26:41 PM,7/10/2026,
282,52.7,gf,0.955,mm,OK,--,10:26:41 PM,7/10/2026,
283,52.6,gf,0.955,mm,OK,--,10:26:41 PM,7/10/2026,
284,52.7,gf,0.955,mm,OK,--,10:26:41 PM,7/10/2026,
285,52.5,gf,0.960,mm,OK,--,10:26:41 PM,7/10/2026,
286,52.3,gf,0.960,mm,OK,--,10:26:41 PM,7/10/2026,
287,51.9,gf,0.970,mm,OK,--,10:26:42 PM,7/10/2026,
288,51.7,gf,0.970,mm,OK,--,10:26:42 PM,7/10/2026,
289,51.8,gf,0.975,mm,OK,--,10:26:42 PM,7/10/2026,
290,51.6,gf,0.980,mm,OK,--,10:26:42 PM,7/10/2026,
291,51.6,gf,0.985,mm,OK,--,10:26:42 PM,7/10/2026,
292,51.7,gf,0.990,mm,OK,--,10:26:42 PM,7/10/2026,
293,51.8,gf,0.990,mm,OK,--,10:26:42 PM,7/10/2026,
294,51.9,gf,0.995,mm,OK,--,10:26:42 PM,7/10/2026,
295,52.0,gf,0.995,mm,OK,--,10:26:42 PM,7/10/2026,
296,52.3,gf,0.995,mm,OK,--,10:26:42 PM,7/10/2026,
297,52.3,gf,0.995,mm,OK,--,10:26:43 PM,7/10/2026,
298,52.4,gf,0.995,mm,OK,--,10:26:43 PM,7/10/2026,
299,52.4,gf,1.000,mm,OK,--,10:26:43 PM,7/10/2026,
300,51.9,gf,1.000,mm,OK,--,10:26:43 PM,7/10/2026,
301,51.8,gf,1.005,mm,OK,--,10:26:43 PM,7/10/2026,
302,51.9,gf,1.010,mm,OK,--,10:26:43 PM,7/10/2026,
303,51.8,gf,1.010,mm,OK,--,10:26:43 PM,7/10/2026,
304,51.8,gf,1.015,mm,OK,--,10:26:43 PM,7/10/2026,
305,51.9,gf,1.015,mm,OK,--,10:26:43 PM,7/10/2026,
306,51.8,gf,1.015,mm,OK,--,10:26:43 PM,7/10/2026,
307,51.6,gf,1.020,mm,OK,--,10:26:44 PM,7/10/2026,
308,51.7,gf,1.020,mm,OK,--,10:26:44 PM,7/10/2026,
309,51.8,gf,1.025,mm,OK,--,10:26:44 PM,7/10/2026,
310,51.8,gf,1.025,mm,OK,--,10:26:44 PM,7/10/2026,
311,51.6,gf,1.030,mm,OK,--,10:26:44 PM,7/10/2026,
312,51.6,gf,1.030,mm,OK,--,10:26:44 PM,7/10/2026,
313,51.6,gf,1.035,mm,OK,--,10:26:44 PM,7/10/2026,
314,51.5,gf,1.035,mm,OK,--,10:26:44 PM,7/10/2026,
315,51.6,gf,1.040,mm,OK,--,10:26:44 PM,7/10/2026,
316,51.6,gf,1.040,mm,OK,--,10:26:44 PM,7/10/2026,
317,51.3,gf,1.045,mm,OK,--,10:26:45 PM,7/10/2026,
318,51.4,gf,1.045,mm,OK,--,10:26:45 PM,7/10/2026,
319,51.4,gf,1.050,mm,OK,--,10:26:45 PM,7/10/2026,
320,51.3,gf,1.055,mm,OK,--,10:26:45 PM,7/10/2026,
321,51.1,gf,1.060,mm,OK,--,10:26:45 PM,7/10/2026,
322,51.1,gf,1.065,mm,OK,--,10:26:45 PM,7/10/2026,
323,50.9,gf,1.070,mm,OK,--,10:26:45 PM,7/10/2026,
324,50.6,gf,1.080,mm,OK,--,10:26:45 PM,7/10/2026,
325,49.8,gf,1.095,mm,OK,--,10:26:45 PM,7/10/2026,
326,49.6,gf,1.110,mm,OK,--,10:26:45 PM,7/10/2026,
327,49.7,gf,1.120,mm,OK,--,10:26:46 PM,7/10/2026,
328,49.7,gf,1.125,mm,OK,--,10:26:46 PM,7/10/2026,
329,49.5,gf,1.135,mm,OK,--,10:26:46 PM,7/10/2026,
330,49.5,gf,1.140,mm,OK,--,10:26:46 PM,7/10/2026,
331,49.2,gf,1.150,mm,OK,--,10:26:46 PM,7/10/2026,
332,49.2,gf,1.160,mm,OK,--,10:26:46 PM,7/10/2026,
333,49.3,gf,1.165,mm,OK,--,10:26:46 PM,7/10/2026,
334,49.3,gf,1.170,mm,OK,--,10:26:46 PM,7/10/2026,
335,49.3,gf,1.175,mm,OK,--,10:26:46 PM,7/10/2026,
336,49.3,gf,1.180,mm,OK,--,10:26:46 PM,7/10/2026,
337,49.3,gf,1.185,mm,OK,--,10:26:47 PM,7/10/2026,
338,49.4,gf,1.185,mm,OK,--,10:26:47 PM,7/10/2026,
339,49.5,gf,1.190,mm,OK,--,10:26:47 PM,7/10/2026,
340,49.5,gf,1.190,mm,OK,--,10:26:47 PM,7/10/2026,
341,49.6,gf,1.195,mm,OK,--,10:26:47 PM,7/10/2026,
342,49.5,gf,1.195,mm,OK,--,10:26:47 PM,7/10/2026,
343,49.2,gf,1.200,mm,OK,--,10:26:47 PM,7/10/2026,
344,48.8,gf,1.205,mm,OK,--,10:26:47 PM,7/10/2026,
345,48.7,gf,1.210,mm,OK,--,10:26:47 PM,7/10/2026,
346,48.8,gf,1.215,mm,OK,--,10:26:47 PM,7/10/2026,
347,48.8,gf,1.220,mm,OK,--,10:26:48 PM,7/10/2026,
348,48.7,gf,1.220,mm,OK,--,10:26:48 PM,7/10/2026,
349,48.7,gf,1.225,mm,OK,--,10:26:48 PM,7/10/2026,
350,48.2,gf,1.230,mm,OK,--,10:26:48 PM,7/10/2026,
351,48.0,gf,1.235,mm,OK,--,10:26:48 PM,7/10/2026,
352,48.0,gf,1.240,mm,OK,--,10:26:48 PM,7/10/2026,
353,48.0,gf,1.240,mm,OK,--,10:26:48 PM,7/10/2026,
354,48.1,gf,1.245,mm,OK,--,10:26:48 PM,7/10/2026,
355,48.0,gf,1.250,mm,OK,--,10:26:48 PM,7/10/2026,
356,47.8,gf,1.250,mm,OK,--,10:26:48 PM,7/10/2026,
357,47.9,gf,1.255,mm,OK,--,10:26:49 PM,7/10/2026,
358,47.8,gf,1.255,mm,OK,--,10:26:49 PM,7/10/2026,
359,47.8,gf,1.260,mm,OK,--,10:26:49 PM,7/10/2026,
360,47.8,gf,1.260,mm,OK,--,10:26:49 PM,7/10/2026,
361,47.8,gf,1.265,mm,OK,--,10:26:49 PM,7/10/2026,
362,47.7,gf,1.270,mm,OK,--,10:26:49 PM,7/10/2026,
363,47.3,gf,1.270,mm,OK,--,10:26:49 PM,7/10/2026,
364,47.1,gf,1.275,mm,OK,--,10:26:49 PM,7/10/2026,
365,47.2,gf,1.280,mm,OK,--,10:26:49 PM,7/10/2026,
366,47.5,gf,1.285,mm,OK,--,10:26:49 PM,7/10/2026,
367,47.6,gf,1.285,mm,OK,--,10:26:50 PM,7/10/2026,
368,47.6,gf,1.285,mm,OK,--,10:26:50 PM,7/10/2026,
369,47.7,gf,1.285,mm,OK,--,10:26:50 PM,7/10/2026,
370,47.6,gf,1.285,mm,OK,--,10:26:50 PM,7/10/2026,
371,47.6,gf,1.285,mm,OK,--,10:26:50 PM,7/10/2026,
372,47.7,gf,1.285,mm,OK,--,10:26:50 PM,7/10/2026,
373,48.1,gf,1.285,mm,OK,--,10:26:50 PM,7/10/2026,
374,48.1,gf,1.285,mm,OK,--,10:26:50 PM,7/10/2026,
375,48.1,gf,1.285,mm,OK,--,10:26:50 PM,7/10/2026,
376,48.5,gf,1.285,mm,OK,--,10:26:50 PM,7/10/2026,
377,48.7,gf,1.290,mm,OK,--,10:26:51 PM,7/10/2026,
378,48.2,gf,1.290,mm,OK,--,10:26:51 PM,7/10/2026,
379,48.3,gf,1.290,mm,OK,--,10:26:51 PM,7/10/2026,
380,48.1,gf,1.290,mm,OK,--,10:26:51 PM,7/10/2026,
381,48.1,gf,1.290,mm,OK,--,10:26:51 PM,7/10/2026,
382,47.9,gf,1.290,mm,OK,--,10:26:51 PM,7/10/2026,
383,47.9,gf,1.295,mm,OK,--,10:26:51 PM,7/10/2026,
384,48.0,gf,1.295,mm,OK,--,10:26:51 PM,7/10/2026,
385,47.9,gf,1.295,mm,OK,--,10:26:51 PM,7/10/2026,
386,47.9,gf,1.295,mm,OK,--,10:26:51 PM,7/10/2026,
387,47.7,gf,1.300,mm,OK,--,10:26:52 PM,7/10/2026,
388,47.6,gf,1.300,mm,OK,--,10:26:52 PM,7/10/2026,
389,47.6,gf,1.305,mm,OK,--,10:26:52 PM,7/10/2026,
390,47.5,gf,1.305,mm,OK,--,10:26:52 PM,7/10/2026,
391,47.6,gf,1.310,mm,OK,--,10:26:52 PM,7/10/2026,
392,47.7,gf,1.310,mm,OK,--,10:26:52 PM,7/10/2026,
393,47.7,gf,1.310,mm,OK,--,10:26:52 PM,7/10/2026,
394,47.6,gf,1.315,mm,OK,--,10:26:52 PM,7/10/2026,
395,47.6,gf,1.315,mm,OK,--,10:26:52 PM,7/10/2026,
396,47.7,gf,1.315,mm,OK,--,10:26:52 PM,7/10/2026,
397,47.6,gf,1.320,mm,OK,--,10:26:53 PM,7/10/2026,
398,47.2,gf,1.320,mm,OK,--,10:26:53 PM,7/10/2026,
399,46.9,gf,1.325,mm,OK,--,10:26:53 PM,7/10/2026,
400,47.0,gf,1.330,mm,OK,--,10:26:53 PM,7/10/2026,
401,47.0,gf,1.335,mm,OK,--,10:26:53 PM,7/10/2026,
402,46.5,gf,1.345,mm,OK,--,10:26:53 PM,7/10/2026,
403,46.0,gf,1.355,mm,OK,--,10:26:53 PM,7/10/2026,
404,46.0,gf,1.360,mm,OK,--,10:26:53 PM,7/10/2026,
405,45.5,gf,1.375,mm,OK,--,10:26:53 PM,7/10/2026,
406,45.4,gf,1.390,mm,OK,--,10:26:53 PM,7/10/2026,
407,45.4,gf,1.405,mm,OK,--,10:26:54 PM,7/10/2026,
408,45.3,gf,1.415,mm,OK,--,10:26:54 PM,7/10/2026,
409,44.9,gf,1.430,mm,OK,--,10:26:54 PM,7/10/2026,
410,44.8,gf,1.440,mm,OK,--,10:26:54 PM,7/10/2026,
411,44.4,gf,1.455,mm,OK,--,10:26:54 PM,7/10/2026,
412,44.4,gf,1.465,mm,OK,--,10:26:54 PM,7/10/2026,
413,44.5,gf,1.480,mm,OK,--,10:26:54 PM,7/10/2026,
414,44.2,gf,1.490,mm,OK,--,10:26:54 PM,7/10/2026,
415,43.9,gf,1.505,mm,OK,--,10:26:54 PM,7/10/2026,
416,43.6,gf,1.520,mm,OK,--,10:26:54 PM,7/10/2026,
417,43.7,gf,1.530,mm,OK,--,10:26:55 PM,7/10/2026,
418,43.5,gf,1.545,mm,OK,--,10:26:55 PM,7/10/2026,
419,43.2,gf,1.555,mm,OK,--,10:26:55 PM,7/10/2026,
420,43.0,gf,1.565,mm,OK,--,10:26:55 PM,7/10/2026,
421,42.9,gf,1.575,mm,OK,--,10:26:55 PM,7/10/2026,
422,42.7,gf,1.590,mm,OK,--,10:26:55 PM,7/10/2026,
423,42.4,gf,1.600,mm,OK,--,10:26:55 PM,7/10/2026,
424,42.5,gf,1.610,mm,OK,--,10:26:55 PM,7/10/2026,
425,42.4,gf,1.620,mm,OK,--,10:26:55 PM,7/10/2026,
426,42.6,gf,1.625,mm,OK,--,10:26:55 PM,7/10/2026,
427,42.7,gf,1.630,mm,OK,--,10:26:56 PM,7/10/2026,
428,43.0,gf,1.635,mm,OK,--,10:26:56 PM,7/10/2026,
429,43.1,gf,1.640,mm,OK,--,10:26:56 PM,7/10/2026,
430,42.9,gf,1.640,mm,OK,--,10:26:56 PM,7/10/2026,
431,43.0,gf,1.645,mm,OK,--,10:26:56 PM,7/10/2026,
432,43.1,gf,1.650,mm,OK,--,10:26:56 PM,7/10/2026,
433,43.3,gf,1.650,mm,OK,--,10:26:56 PM,7/10/2026,
434,43.3,gf,1.650,mm,OK,--,10:26:56 PM,7/10/2026,
435,43.0,gf,1.655,mm,OK,--,10:26:56 PM,7/10/2026,
436,42.9,gf,1.660,mm,OK,--,10:26:56 PM,7/10/2026,
437,42.9,gf,1.665,mm,OK,--,10:26:57 PM,7/10/2026,
438,42.9,gf,1.665,mm,OK,--,10:26:57 PM,7/10/2026,
439,42.7,gf,1.670,mm,OK,--,10:26:57 PM,7/10/2026,
440,42.4,gf,1.675,mm,OK,--,10:26:57 PM,7/10/2026,
441,40.9,gf,1.685,mm,OK,--,10:26:57 PM,7/10/2026,
442,40.8,gf,1.690,mm,OK,--,10:26:57 PM,7/10/2026,
443,40.8,gf,1.695,mm,OK,--,10:26:57 PM,7/10/2026,
444,40.7,gf,1.705,mm,OK,--,10:26:57 PM,7/10/2026,
445,40.8,gf,1.710,mm,OK,--,10:26:57 PM,7/10/2026,
446,40.8,gf,1.715,mm,OK,--,10:26:57 PM,7/10/2026,
447,40.9,gf,1.720,mm,OK,--,10:26:58 PM,7/10/2026,
448,40.8,gf,1.725,mm,OK,--,10:26:58 PM,7/10/2026,
449,40.8,gf,1.730,mm,OK,--,10:26:58 PM,7/10/2026,
450,40.9,gf,1.735,mm,OK,--,10:26:58 PM,7/10/2026,
451,41.0,gf,1.740,mm,OK,--,10:26:58 PM,7/10/2026,
452,41.0,gf,1.740,mm,OK,--,10:26:58 PM,7/10/2026,
453,41.0,gf,1.745,mm,OK,--,10:26:58 PM,7/10/2026,
454,41.0,gf,1.750,mm,OK,--,10:26:58 PM,7/10/2026,
455,41.0,gf,1.755,mm,OK,--,10:26:58 PM,7/10/2026,
456,40.8,gf,1.760,mm,OK,--,10:26:58 PM,7/10/2026,
457,40.7,gf,1.765,mm,OK,--,10:26:59 PM,7/10/2026,
458,40.7,gf,1.770,mm,OK,--,10:26:59 PM,7/10/2026,
459,40.4,gf,1.780,mm,OK,--,10:26:59 PM,7/10/2026,
460,40.1,gf,1.785,mm,OK,--,10:26:59 PM,7/10/2026,
461,40.2,gf,1.795,mm,OK,--,10:26:59 PM,7/10/2026,
462,40.2,gf,1.800,mm,OK,--,10:26:59 PM,7/10/2026,
463,39.3,gf,1.805,mm,OK,--,10:26:59 PM,7/10/2026,
464,39.5,gf,1.810,mm,OK,--,10:26:59 PM,7/10/2026,
465,39.7,gf,1.810,mm,OK,--,10:26:59 PM,7/10/2026,
466,40.4,gf,1.815,mm,OK,--,10:26:59 PM,7/10/2026,
467,39.9,gf,1.815,mm,OK,--,10:27:00 PM,7/10/2026,
468,39.6,gf,1.820,mm,OK,--,10:27:00 PM,7/10/2026,
469,39.7,gf,1.825,mm,OK,--,10:27:00 PM,7/10/2026,
470,39.4,gf,1.825,mm,OK,--,10:27:00 PM,7/10/2026,
471,39.7,gf,1.825,mm,OK,--,10:27:00 PM,7/10/2026,
472,39.6,gf,1.830,mm,OK,--,10:27:00 PM,7/10/2026,
473,39.6,gf,1.830,mm,OK,--,10:27:00 PM,7/10/2026,
474,39.4,gf,1.830,mm,OK,--,10:27:00 PM,7/10/2026,
475,39.3,gf,1.835,mm,OK,--,10:27:00 PM,7/10/2026,
476,39.0,gf,1.840,mm,OK,--,10:27:00 PM,7/10/2026,
477,38.5,gf,1.845,mm,OK,--,10:27:01 PM,7/10/2026,
478,38.3,gf,1.855,mm,OK,--,10:27:01 PM,7/10/2026,
479,37.9,gf,1.865,mm,OK,--,10:27:01 PM,7/10/2026,
480,37.5,gf,1.885,mm,OK,--,10:27:01 PM,7/10/2026,
481,37.9,gf,1.890,mm,OK,--,10:27:01 PM,7/10/2026,
482,38.3,gf,1.895,mm,OK,--,10:27:01 PM,7/10/2026,
483,38.5,gf,1.895,mm,OK,--,10:27:01 PM,7/10/2026,
484,38.6,gf,1.900,mm,OK,--,10:27:01 PM,7/10/2026,
485,38.7,gf,1.900,mm,OK,--,10:27:01 PM,7/10/2026,
486,38.7,gf,1.900,mm,OK,--,10:27:01 PM,7/10/2026,
487,38.9,gf,1.900,mm,OK,--,10:27:02 PM,7/10/2026,
488,39.0,gf,1.900,mm,OK,--,10:27:02 PM,7/10/2026,
489,39.0,gf,1.900,mm,OK,--,10:27:02 PM,7/10/2026,
490,38.9,gf,1.905,mm,OK,--,10:27:02 PM,7/10/2026,
491,38.8,gf,1.905,mm,OK,--,10:27:02 PM,7/10/2026,
492,38.7,gf,1.905,mm,OK,--,10:27:02 PM,7/10/2026,
493,38.8,gf,1.905,mm,OK,--,10:27:02 PM,7/10/2026,
494,38.8,gf,1.905,mm,OK,--,10:27:02 PM,7/10/2026,
495,38.7,gf,1.905,mm,OK,--,10:27:02 PM,7/10/2026,
496,39.1,gf,1.910,mm,OK,--,10:27:02 PM,7/10/2026,
497,39.0,gf,1.910,mm,OK,--,10:27:03 PM,7/10/2026,
498,38.9,gf,1.910,mm,OK,--,10:27:03 PM,7/10/2026,
499,38.9,gf,1.910,mm,OK,--,10:27:03 PM,7/10/2026,
500,38.7,gf,1.910,mm,OK,--,10:27:03 PM,7/10/2026,
501,39.0,gf,1.910,mm,OK,--,10:27:03 PM,7/10/2026,
502,39.1,gf,1.915,mm,OK,--,10:27:03 PM,7/10/2026,
503,39.0,gf,1.915,mm,OK,--,10:27:03 PM,7/10/2026,
504,38.7,gf,1.915,mm,OK,--,10:27:03 PM,7/10/2026,
505,38.1,gf,1.925,mm,OK,--,10:27:03 PM,7/10/2026,
506,37.9,gf,1.935,mm,OK,--,10:27:03 PM,7/10/2026,
507,37.9,gf,1.940,mm,OK,--,10:27:04 PM,7/10/2026,
508,37.8,gf,1.945,mm,OK,--,10:27:04 PM,7/10/2026,
509,37.7,gf,1.950,mm,OK,--,10:27:04 PM,7/10/2026,
510,37.8,gf,1.955,mm,OK,--,10:27:04 PM,7/10/2026,
511,38.0,gf,1.955,mm,OK,--,10:27:04 PM,7/10/2026,
512,38.1,gf,1.960,mm,OK,--,10:27:04 PM,7/10/2026,
513,38.1,gf,1.960,mm,OK,--,10:27:04 PM,7/10/2026,
514,38.2,gf,1.965,mm,OK,--,10:27:04 PM,7/10/2026,
515,38.1,gf,1.965,mm,OK,--,10:27:04 PM,7/10/2026,
516,38.2,gf,1.970,mm,OK,--,10:27:04 PM,7/10/2026,
517,38.2,gf,1.970,mm,OK,--,10:27:05 PM,7/10/2026,
518,38.2,gf,1.975,mm,OK,--,10:27:05 PM,7/10/2026,
519,38.2,gf,1.980,mm,OK,--,10:27:05 PM,7/10/2026,
520,38.3,gf,1.980,mm,OK,--,10:27:05 PM,7/10/2026,
521,38.4,gf,1.985,mm,OK,--,10:27:05 PM,7/10/2026,
522,38.5,gf,1.985,mm,OK,--,10:27:05 PM,7/10/2026,
523,38.4,gf,1.990,mm,OK,--,10:27:05 PM,7/10/2026,
524,38.4,gf,1.990,mm,OK,--,10:27:05 PM,7/10/2026,
525,38.3,gf,1.995,mm,OK,--,10:27:05 PM,7/10/2026,
526,38.0,gf,2.000,mm,OK,--,10:27:05 PM,7/10/2026,
527,37.8,gf,2.010,mm,OK,--,10:27:06 PM,7/10/2026,
528,37.5,gf,2.015,mm,OK,--,10:27:06 PM,7/10/2026,
529,37.4,gf,2.025,mm,OK,--,10:27:06 PM,7/10/2026,
530,37.4,gf,2.030,mm,OK,--,10:27:06 PM,7/10/2026,
531,37.5,gf,2.040,mm,OK,--,10:27:06 PM,7/10/2026,
532,37.6,gf,2.045,mm,OK,--,10:27:06 PM,7/10/2026,
533,37.7,gf,2.050,mm,OK,--,10:27:06 PM,7/10/2026,
534,37.7,gf,2.055,mm,OK,--,10:27:06 PM,7/10/2026,
535,37.8,gf,2.055,mm,OK,--,10:27:06 PM,7/10/2026,
536,37.7,gf,2.060,mm,OK,--,10:27:06 PM,7/10/2026,
537,37.7,gf,2.065,mm,OK,--,10:27:07 PM,7/10/2026,
538,37.7,gf,2.065,mm,OK,--,10:27:07 PM,7/10/2026,
539,37.8,gf,2.070,mm,OK,--,10:27:07 PM,7/10/2026,
540,37.7,gf,2.070,mm,OK,--,10:27:07 PM,7/10/2026,
541,37.9,gf,2.075,mm,OK,--,10:27:07 PM,7/10/2026,
542,37.8,gf,2.075,mm,OK,--,10:27:07 PM,7/10/2026,
543,37.8,gf,2.080,mm,OK,--,10:27:07 PM,7/10/2026,
544,37.7,gf,2.080,mm,OK,--,10:27:07 PM,7/10/2026,
545,37.6,gf,2.085,mm,OK,--,10:27:07 PM,7/10/2026,
546,37.7,gf,2.085,mm,OK,--,10:27:07 PM,7/10/2026,
547,37.6,gf,2.090,mm,OK,--,10:27:08 PM,7/10/2026,
548,37.7,gf,2.090,mm,OK,--,10:27:08 PM,7/10/2026,
549,37.7,gf,2.095,mm,OK,--,10:27:08 PM,7/10/2026,
550,37.7,gf,2.095,mm,OK,--,10:27:08 PM,7/10/2026,
551,37.6,gf,2.100,mm,OK,--,10:27:08 PM,7/10/2026,
552,37.6,gf,2.105,mm,OK,--,10:27:08 PM,7/10/2026,
553,37.6,gf,2.105,mm,OK,--,10:27:08 PM,7/10/2026,
554,37.6,gf,2.110,mm,OK,--,10:27:08 PM,7/10/2026,
555,37.7,gf,2.110,mm,OK,--,10:27:08 PM,7/10/2026,
556,37.7,gf,2.115,mm,OK,--,10:27:08 PM,7/10/2026,
557,37.6,gf,2.115,mm,OK,--,10:27:09 PM,7/10/2026,
558,37.5,gf,2.120,mm,OK,--,10:27:09 PM,7/10/2026,
559,37.5,gf,2.125,mm,OK,--,10:27:09 PM,7/10/2026,
560,37.3,gf,2.130,mm,OK,--,10:27:09 PM,7/10/2026,
561,37.3,gf,2.135,mm,OK,--,10:27:09 PM,7/10/2026,
562,37.5,gf,2.140,mm,OK,--,10:27:09 PM,7/10/2026,
563,37.7,gf,2.140,mm,OK,--,10:27:09 PM,7/10/2026,
564,37.7,gf,2.145,mm,OK,--,10:27:09 PM,7/10/2026,
565,37.7,gf,2.145,mm,OK,--,10:27:09 PM,7/10/2026,
566,37.7,gf,2.150,mm,OK,--,10:27:09 PM,7/10/2026,
567,37.8,gf,2.155,mm,OK,--,10:27:10 PM,7/10/2026,
568,37.9,gf,2.155,mm,OK,--,10:27:10 PM,7/10/2026,
569,38.0,gf,2.160,mm,OK,--,10:27:10 PM,7/10/2026,
570,38.1,gf,2.165,mm,OK,--,10:27:10 PM,7/10/2026,
571,38.2,gf,2.165,mm,OK,--,10:27:10 PM,7/10/2026,
572,38.3,gf,2.165,mm,OK,--,10:27:10 PM,7/10/2026,
573,38.4,gf,2.170,mm,OK,--,10:27:10 PM,7/10/2026,
574,38.4,gf,2.170,mm,OK,--,10:27:10 PM,7/10/2026,
575,38.5,gf,2.175,mm,OK,--,10:27:10 PM,7/10/2026,
576,38.5,gf,2.175,mm,OK,--,10:27:10 PM,7/10/2026,
577,38.4,gf,2.175,mm,OK,--,10:27:11 PM,7/10/2026,
578,38.5,gf,2.180,mm,OK,--,10:27:11 PM,7/10/2026,
579,38.6,gf,2.180,mm,OK,--,10:27:11 PM,7/10/2026,
580,38.7,gf,2.180,mm,OK,--,10:27:11 PM,7/10/2026,
581,38.8,gf,2.180,mm,OK,--,10:27:11 PM,7/10/2026,
582,38.9,gf,2.185,mm,OK,--,10:27:11 PM,7/10/2026,
583,38.9,gf,2.185,mm,OK,--,10:27:11 PM,7/10/2026,
584,38.9,gf,2.185,mm,OK,--,10:27:11 PM,7/10/2026,
585,39.0,gf,2.190,mm,OK,--,10:27:11 PM,7/10/2026,
586,39.1,gf,2.190,mm,OK,--,10:27:11 PM,7/10/2026,
587,39.1,gf,2.190,mm,OK,--,10:27:12 PM,7/10/2026,
588,39.1,gf,2.195,mm,OK,--,10:27:12 PM,7/10/2026,
589,39.2,gf,2.195,mm,OK,--,10:27:12 PM,7/10/2026,
590,39.2,gf,2.195,mm,OK,--,10:27:12 PM,7/10/2026,
591,39.4,gf,2.195,mm,OK,--,10:27:12 PM,7/10/2026,
592,39.4,gf,2.195,mm,OK,--,10:27:12 PM,7/10/2026,
593,39.4,gf,2.200,mm,OK,--,10:27:12 PM,7/10/2026,
594,39.4,gf,2.200,mm,OK,--,10:27:12 PM,7/10/2026,
595,39.4,gf,2.200,mm,OK,--,10:27:12 PM,7/10/2026,
596,39.4,gf,2.200,mm,OK,--,10:27:12 PM,7/10/2026,
597,39.5,gf,2.205,mm,OK,--,10:27:13 PM,7/10/2026,
598,39.5,gf,2.205,mm,OK,--,10:27:13 PM,7/10/2026,
599,39.6,gf,2.205,mm,OK,--,10:27:13 PM,7/10/2026,
600,39.6,gf,2.210,mm,OK,--,10:27:13 PM,7/10/2026,
601,39.7,gf,2.210,mm,OK,--,10:27:13 PM,7/10/2026,
602,39.6,gf,2.215,mm,OK,--,10:27:13 PM,7/10/2026,
603,39.7,gf,2.220,mm,OK,--,10:27:13 PM,7/10/2026,
604,39.7,gf,2.225,mm,OK,--,10:27:13 PM,7/10/2026,
605,39.8,gf,2.230,mm,OK,--,10:27:13 PM,7/10/2026,
606,39.8,gf,2.235,mm,OK,--,10:27:13 PM,7/10/2026,
607,40.0,gf,2.240,mm,OK,--,10:27:14 PM,7/10/2026,
608,40.1,gf,2.245,mm,OK,--,10:27:14 PM,7/10/2026,
609,40.2,gf,2.250,mm,OK,--,10:27:14 PM,7/10/2026,
610,40.3,gf,2.250,mm,OK,--,10:27:14 PM,7/10/2026,
611,40.4,gf,2.255,mm,OK,--,10:27:14 PM,7/10/2026,
612,40.5,gf,2.260,mm,OK,--,10:27:14 PM,7/10/2026,
613,40.6,gf,2.260,mm,OK,--,10:27:14 PM,7/10/2026,
614,40.6,gf,2.265,mm,OK,--,10:27:14 PM,7/10/2026,
615,40.7,gf,2.270,mm,OK,--,10:27:14 PM,7/10/2026,
616,40.8,gf,2.275,mm,OK,--,10:27:14 PM,7/10/2026,
617,40.9,gf,2.275,mm,OK,--,10:27:15 PM,7/10/2026,
618,41.0,gf,2.280,mm,OK,--,10:27:15 PM,7/10/2026,
619,41.0,gf,2.285,mm,OK,--,10:27:15 PM,7/10/2026,
620,41.0,gf,2.290,mm,OK,--,10:27:15 PM,7/10/2026,
621,41.1,gf,2.295,mm,OK,--,10:27:15 PM,7/10/2026,
622,41.3,gf,2.295,mm,OK,--,10:27:15 PM,7/10/2026,
623,41.4,gf,2.300,mm,OK,--,10:27:15 PM,7/10/2026,
624,41.6,gf,2.305,mm,OK,--,10:27:15 PM,7/10/2026,
625,41.7,gf,2.310,mm,OK,--,10:27:15 PM,7/10/2026,
626,41.8,gf,2.310,mm,OK,--,10:27:15 PM,7/10/2026,
627,41.9,gf,2.315,mm,OK,--,10:27:16 PM,7/10/2026,
628,42.0,gf,2.320,mm,OK,--,10:27:16 PM,7/10/2026,
629,42.1,gf,2.320,mm,OK,--,10:27:16 PM,7/10/2026,
630,42.2,gf,2.325,mm,OK,--,10:27:16 PM,7/10/2026,
631,42.2,gf,2.330,mm,OK,--,10:27:16 PM,7/10/2026,
632,42.3,gf,2.330,mm,OK,--,10:27:16 PM,7/10/2026,
633,42.4,gf,2.335,mm,OK,--,10:27:16 PM,7/10/2026,
634,42.4,gf,2.335,mm,OK,--,10:27:16 PM,7/10/2026,
635,42.4,gf,2.335,mm,OK,--,10:27:16 PM,7/10/2026,
636,42.5,gf,2.340,mm,OK,--,10:27:16 PM,7/10/2026,
637,42.6,gf,2.340,mm,OK,--,10:27:17 PM,7/10/2026,
638,42.6,gf,2.345,mm,OK,--,10:27:17 PM,7/10/2026,
639,42.7,gf,2.350,mm,OK,--,10:27:17 PM,7/10/2026,
640,42.9,gf,2.355,mm,OK,--,10:27:17 PM,7/10/2026,
641,42.9,gf,2.355,mm,OK,--,10:27:17 PM,7/10/2026,
642,43.0,gf,2.360,mm,OK,--,10:27:17 PM,7/10/2026,
643,43.1,gf,2.365,mm,OK,--,10:27:17 PM,7/10/2026,
644,43.3,gf,2.370,mm,OK,--,10:27:17 PM,7/10/2026,
645,43.4,gf,2.370,mm,OK,--,10:27:17 PM,7/10/2026,
646,43.4,gf,2.375,mm,OK,--,10:27:17 PM,7/10/2026,
647,43.6,gf,2.375,mm,OK,--,10:27:18 PM,7/10/2026,
648,43.7,gf,2.380,mm,OK,--,10:27:18 PM,7/10/2026,
649,43.7,gf,2.385,mm,OK,--,10:27:18 PM,7/10/2026,
650,43.7,gf,2.385,mm,OK,--,10:27:18 PM,7/10/2026,
651,43.8,gf,2.390,mm,OK,--,10:27:18 PM,7/10/2026,
652,43.9,gf,2.395,mm,OK,--,10:27:18 PM,7/10/2026,
653,44.0,gf,2.395,mm,OK,--,10:27:18 PM,7/10/2026,
654,44.2,gf,2.400,mm,OK,--,10:27:18 PM,7/10/2026,
655,44.2,gf,2.405,mm,OK,--,10:27:18 PM,7/10/2026,
656,44.3,gf,2.405,mm,OK,--,10:27:18 PM,7/10/2026,
657,44.4,gf,2.410,mm,OK,--,10:27:19 PM,7/10/2026,
658,44.4,gf,2.415,mm,OK,--,10:27:19 PM,7/10/2026,
659,44.5,gf,2.415,mm,OK,--,10:27:19 PM,7/10/2026,
660,44.6,gf,2.420,mm,OK,--,10:27:19 PM,7/10/2026,
661,44.7,gf,2.425,mm,OK,--,10:27:19 PM,7/10/2026,
662,44.7,gf,2.425,mm,OK,--,10:27:19 PM,7/10/2026,
663,44.7,gf,2.430,mm,OK,--,10:27:19 PM,7/10/2026,
664,44.8,gf,2.430,mm,OK,--,10:27:19 PM,7/10/2026,
665,44.9,gf,2.435,mm,OK,--,10:27:19 PM,7/10/2026,
666,44.9,gf,2.435,mm,OK,--,10:27:19 PM,7/10/2026,
667,45.0,gf,2.440,mm,OK,--,10:27:20 PM,7/10/2026,
668,45.0,gf,2.440,mm,OK,--,10:27:20 PM,7/10/2026,
669,45.1,gf,2.445,mm,OK,--,10:27:20 PM,7/10/2026,
670,45.1,gf,2.450,mm,OK,--,10:27:20 PM,7/10/2026,
671,45.2,gf,2.450,mm,OK,--,10:27:20 PM,7/10/2026,
672,45.2,gf,2.455,mm,OK,--,10:27:20 PM,7/10/2026,
673,45.3,gf,2.455,mm,OK,--,10:27:20 PM,7/10/2026,
674,45.4,gf,2.460,mm,OK,--,10:27:20 PM,7/10/2026,
675,45.6,gf,2.465,mm,OK,--,10:27:20 PM,7/10/2026,
676,45.7,gf,2.475,mm,OK,--,10:27:20 PM,7/10/2026,
677,45.5,gf,2.485,mm,OK,--,10:27:21 PM,7/10/2026,
678,45.6,gf,2.495,mm,OK,--,10:27:21 PM,7/10/2026,
679,45.7,gf,2.505,mm,OK,--,10:27:21 PM,7/10/2026,
680,45.7,gf,2.515,mm,OK,--,10:27:21 PM,7/10/2026,
681,45.6,gf,2.520,mm,OK,--,10:27:21 PM,7/10/2026,
682,45.6,gf,2.525,mm,OK,--,10:27:21 PM,7/10/2026,
683,45.6,gf,2.530,mm,OK,--,10:27:21 PM,7/10/2026,
684,45.6,gf,2.535,mm,OK,--,10:27:21 PM,7/10/2026,
685,45.6,gf,2.535,mm,OK,--,10:27:21 PM,7/10/2026,
686,45.6,gf,2.540,mm,OK,--,10:27:21 PM,7/10/2026,
687,45.6,gf,2.545,mm,OK,--,10:27:22 PM,7/10/2026,
688,45.6,gf,2.545,mm,OK,--,10:27:22 PM,7/10/2026,
689,45.7,gf,2.550,mm,OK,--,10:27:22 PM,7/10/2026,
690,45.6,gf,2.550,mm,OK,--,10:27:22 PM,7/10/2026,
691,45.7,gf,2.555,mm,OK,--,10:27:22 PM,7/10/2026,
692,45.7,gf,2.555,mm,OK,--,10:27:22 PM,7/10/2026,
693,45.7,gf,2.560,mm,OK,--,10:27:22 PM,7/10/2026,
694,45.7,gf,2.560,mm,OK,--,10:27:22 PM,7/10/2026,
695,45.7,gf,2.560,mm,OK,--,10:27:22 PM,7/10/2026,
696,45.7,gf,2.560,mm,OK,--,10:27:22 PM,7/10/2026,
697,45.7,gf,2.565,mm,OK,--,10:27:23 PM,7/10/2026,
698,45.7,gf,2.565,mm,OK,--,10:27:23 PM,7/10/2026,
699,45.7,gf,2.565,mm,OK,--,10:27:23 PM,7/10/2026,
700,45.7,gf,2.565,mm,OK,--,10:27:23 PM,7/10/2026,
701,45.7,gf,2.565,mm,OK,--,10:27:23 PM,7/10/2026,
702,45.7,gf,2.565,mm,OK,--,10:27:23 PM,7/10/2026,
703,45.7,gf,2.565,mm,OK,--,10:27:23 PM,7/10/2026,
704,45.7,gf,2.570,mm,OK,--,10:27:23 PM,7/10/2026,
705,45.7,gf,2.570,mm,OK,--,10:27:23 PM,7/10/2026,
706,45.7,gf,2.570,mm,OK,--,10:27:23 PM,7/10/2026,
707,45.7,gf,2.575,mm,OK,--,10:27:24 PM,7/10/2026,
708,45.8,gf,2.575,mm,OK,--,10:27:24 PM,7/10/2026,
709,45.8,gf,2.575,mm,OK,--,10:27:24 PM,7/10/2026,
710,45.8,gf,2.580,mm,OK,--,10:27:24 PM,7/10/2026,
711,45.8,gf,2.580,mm,OK,--,10:27:24 PM,7/10/2026,
712,45.8,gf,2.590,mm,OK,--,10:27:24 PM,7/10/2026,
713,45.8,gf,2.595,mm,OK,--,10:27:24 PM,7/10/2026,
714,45.8,gf,2.605,mm,OK,--,10:27:24 PM,7/10/2026,
715,45.9,gf,2.610,mm,OK,--,10:27:24 PM,7/10/2026,
716,45.9,gf,2.620,mm,OK,--,10:27:24 PM,7/10/2026,
717,45.9,gf,2.625,mm,OK,--,10:27:25 PM,7/10/2026,
718,45.9,gf,2.630,mm,OK,--,10:27:25 PM,7/10/2026,
719,45.9,gf,2.635,mm,OK,--,10:27:25 PM,7/10/2026,
720,45.9,gf,2.645,mm,OK,--,10:27:25 PM,7/10/2026,
721,46.0,gf,2.655,mm,OK,--,10:27:25 PM,7/10/2026,
722,46.0,gf,2.665,mm,OK,--,10:27:25 PM,7/10/2026,
723,46.0,gf,2.675,mm,OK,--,10:27:25 PM,7/10/2026,
724,46.0,gf,2.685,mm,OK,--,10:27:25 PM,7/10/2026,
725,46.0,gf,2.690,mm,OK,--,10:27:25 PM,7/10/2026,
726,46.1,gf,2.700,mm,OK,--,10:27:25 PM,7/10/2026,
727,46.2,gf,2.715,mm,OK,--,10:27:26 PM,7/10/2026,
728,46.2,gf,2.730,mm,OK,--,10:27:26 PM,7/10/2026,
729,46.3,gf,2.750,mm,OK,--,10:27:26 PM,7/10/2026,
730,46.3,gf,2.760,mm,OK,--,10:27:26 PM,7/10/2026,
731,46.3,gf,2.770,mm,OK,--,10:27:26 PM,7/10/2026,
732,46.3,gf,2.780,mm,OK,--,10:27:26 PM,7/10/2026,
733,46.3,gf,2.785,mm,OK,--,10:27:26 PM,7/10/2026,
734,46.4,gf,2.795,mm,OK,--,10:27:26 PM,7/10/2026,
735,46.4,gf,2.800,mm,OK,--,10:27:26 PM,7/10/2026,
736,46.5,gf,2.810,mm,OK,--,10:27:26 PM,7/10/2026,
737,46.5,gf,2.820,mm,OK,--,10:27:27 PM,7/10/2026,
738,46.5,gf,2.830,mm,OK,--,10:27:27 PM,7/10/2026,
739,46.6,gf,2.835,mm,OK,--,10:27:27 PM,7/10/2026,
740,46.6,gf,2.845,mm,OK,--,10:27:27 PM,7/10/2026,
741,46.6,gf,2.850,mm,OK,--,10:27:27 PM,7/10/2026,
742,46.7,gf,2.855,mm,OK,--,10:27:27 PM,7/10/2026,
743,46.7,gf,2.865,mm,OK,--,10:27:27 PM,7/10/2026,
744,46.7,gf,2.870,mm,OK,--,10:27:27 PM,7/10/2026,
745,46.7,gf,2.875,mm,OK,--,10:27:27 PM,7/10/2026,
746,46.7,gf,2.880,mm,OK,--,10:27:27 PM,7/10/2026,
747,46.7,gf,2.885,mm,OK,--,10:27:28 PM,7/10/2026,
748,46.7,gf,2.890,mm,OK,--,10:27:28 PM,7/10/2026,
749,46.8,gf,2.900,mm,OK,--,10:27:28 PM,7/10/2026,
750,46.8,gf,2.905,mm,OK,--,10:27:28 PM,7/10/2026,
751,46.8,gf,2.910,mm,OK,--,10:27:28 PM,7/10/2026,
752,46.8,gf,2.910,mm,OK,--,10:27:28 PM,7/10/2026,
753,46.9,gf,2.915,mm,OK,--,10:27:28 PM,7/10/2026,
754,46.9,gf,2.920,mm,OK,--,10:27:28 PM,7/10/2026,
755,46.9,gf,2.925,mm,OK,--,10:27:28 PM,7/10/2026,
756,47.0,gf,2.930,mm,OK,--,10:27:28 PM,7/10/2026,
757,47.0,gf,2.935,mm,OK,--,10:27:29 PM,7/10/2026,
758,47.0,gf,2.940,mm,OK,--,10:27:29 PM,7/10/2026,
759,47.1,gf,2.945,mm,OK,--,10:27:29 PM,7/10/2026,
760,47.1,gf,2.950,mm,OK,--,10:27:29 PM,7/10/2026,
761,47.2,gf,2.955,mm,OK,--,10:27:29 PM,7/10/2026,
762,47.2,gf,2.960,mm,OK,--,10:27:29 PM,7/10/2026,
763,47.3,gf,2.970,mm,OK,--,10:27:29 PM,7/10/2026,
764,47.3,gf,2.980,mm,OK,--,10:27:29 PM,7/10/2026,
765,47.3,gf,2.990,mm,OK,--,10:27:29 PM,7/10/2026,
766,47.3,gf,2.995,mm,OK,--,10:27:29 PM,7/10/2026,
767,47.4,gf,3.000,mm,OK,--,10:27:30 PM,7/10/2026,
768,47.4,gf,3.010,mm,OK,--,10:27:30 PM,7/10/2026,
769,47.4,gf,3.015,mm,OK,--,10:27:30 PM,7/10/2026,
770,47.5,gf,3.025,mm,OK,--,10:27:30 PM,7/10/2026,
771,47.5,gf,3.030,mm,OK,--,10:27:30 PM,7/10/2026,
772,47.5,gf,3.035,mm,OK,--,10:27:30 PM,7/10/2026,
773,47.5,gf,3.040,mm,OK,--,10:27:30 PM,7/10/2026,
774,47.5,gf,3.045,mm,OK,--,10:27:30 PM,7/10/2026,
775,47.5,gf,3.050,mm,OK,--,10:27:30 PM,7/10/2026,
776,47.5,gf,3.055,mm,OK,--,10:27:30 PM,7/10/2026,
777,47.5,gf,3.060,mm,OK,--,10:27:31 PM,7/10/2026,
778,47.5,gf,3.065,mm,OK,--,10:27:31 PM,7/10/2026,
779,47.5,gf,3.070,mm,OK,--,10:27:31 PM,7/10/2026,
780,47.5,gf,3.070,mm,OK,--,10:27:31 PM,7/10/2026,
781,47.5,gf,3.075,mm,OK,--,10:27:31 PM,7/10/2026,
782,47.5,gf,3.075,mm,OK,--,10:27:31 PM,7/10/2026,
783,47.5,gf,3.075,mm,OK,--,10:27:31 PM,7/10/2026,
784,47.5,gf,3.080,mm,OK,--,10:27:31 PM,7/10/2026,
785,47.6,gf,3.080,mm,OK,--,10:27:31 PM,7/10/2026,
786,47.6,gf,3.085,mm,OK,--,10:27:31 PM,7/10/2026,
787,47.6,gf,3.085,mm,OK,--,10:27:32 PM,7/10/2026,
788,47.6,gf,3.085,mm,OK,--,10:27:32 PM,7/10/2026,
789,47.6,gf,3.085,mm,OK,--,10:27:32 PM,7/10/2026,
790,47.6,gf,3.090,mm,OK,--,10:27:32 PM,7/10/2026,
791,47.6,gf,3.090,mm,OK,--,10:27:32 PM,7/10/2026,
792,47.6,gf,3.090,mm,OK,--,10:27:32 PM,7/10/2026,
793,47.6,gf,3.095,mm,OK,--,10:27:32 PM,7/10/2026,
794,47.6,gf,3.095,mm,OK,--,10:27:32 PM,7/10/2026,
795,47.6,gf,3.100,mm,OK,--,10:27:32 PM,7/10/2026,
796,47.6,gf,3.100,mm,OK,--,10:27:32 PM,7/10/2026,
797,47.6,gf,3.100,mm,OK,--,10:27:33 PM,7/10/2026,
798,47.6,gf,3.105,mm,OK,--,10:27:33 PM,7/10/2026,
799,47.6,gf,3.105,mm,OK,--,10:27:33 PM,7/10/2026,
800,47.7,gf,3.110,mm,OK,--,10:27:33 PM,7/10/2026,
801,47.7,gf,3.115,mm,OK,--,10:27:33 PM,7/10/2026,
802,47.8,gf,3.125,mm,OK,--,10:27:33 PM,7/10/2026,
803,47.8,gf,3.135,mm,OK,--,10:27:33 PM,7/10/2026,
804,47.9,gf,3.145,mm,OK,--,10:27:33 PM,7/10/2026,
805,47.9,gf,3.150,mm,OK,--,10:27:33 PM,7/10/2026,
806,47.9,gf,3.155,mm,OK,--,10:27:33 PM,7/10/2026,
807,47.9,gf,3.160,mm,OK,--,10:27:34 PM,7/10/2026,
808,47.9,gf,3.165,mm,OK,--,10:27:34 PM,7/10/2026,
809,48.0,gf,3.170,mm,OK,--,10:27:34 PM,7/10/2026,
810,48.0,gf,3.180,mm,OK,--,10:27:34 PM,7/10/2026,
811,48.0,gf,3.185,mm,OK,--,10:27:34 PM,7/10/2026,
812,48.1,gf,3.190,mm,OK,--,10:27:34 PM,7/10/2026,
813,48.1,gf,3.195,mm,OK,--,10:27:34 PM,7/10/2026,
814,48.1,gf,3.200,mm,OK,--,10:27:34 PM,7/10/2026,
815,48.1,gf,3.205,mm,OK,--,10:27:34 PM,7/10/2026,
816,48.1,gf,3.205,mm,OK,--,10:27:34 PM,7/10/2026,
817,48.1,gf,3.210,mm,OK,--,10:27:35 PM,7/10/2026,
818,48.2,gf,3.215,mm,OK,--,10:27:35 PM,7/10/2026,
819,48.2,gf,3.220,mm,OK,--,10:27:35 PM,7/10/2026,
820,48.2,gf,3.230,mm,OK,--,10:27:35 PM,7/10/2026,
821,48.2,gf,3.235,mm,OK,--,10:27:35 PM,7/10/2026,
822,48.2,gf,3.240,mm,OK,--,10:27:35 PM,7/10/2026,
823,48.3,gf,3.245,mm,OK,--,10:27:35 PM,7/10/2026,
824,48.2,gf,3.250,mm,OK,--,10:27:35 PM,7/10/2026,
825,48.3,gf,3.250,mm,OK,--,10:27:35 PM,7/10/2026,
826,48.3,gf,3.255,mm,OK,--,10:27:35 PM,7/10/2026,
827,48.3,gf,3.260,mm,OK,--,10:27:36 PM,7/10/2026,
828,48.9,gf,3.265,mm,OK,--,10:27:36 PM,7/10/2026,
829,50.8,gf,3.270,mm,OK,--,10:27:36 PM,7/10/2026,
830,53.1,gf,3.275,mm,OK,--,10:27:36 PM,7/10/2026,
831,55.4,gf,3.275,mm,OK,--,10:27:36 PM,7/10/2026,
832,57.4,gf,3.280,mm,OK,--,10:27:36 PM,7/10/2026,
833,60.5,gf,3.285,mm,OK,--,10:27:36 PM,7/10/2026,
834,63.6,gf,3.290,mm,OK,--,10:27:36 PM,7/10/2026,
835,65.5,gf,3.290,mm,OK,--,10:27:36 PM,7/10/2026,
836,68.0,gf,3.295,mm,OK,--,10:27:36 PM,7/10/2026,
837,70.0,gf,3.295,mm,OK,--,10:27:37 PM,7/10/2026,
838,71.5,gf,3.300,mm,OK,--,10:27:37 PM,7/10/2026,
839,72.7,gf,3.300,mm,OK,--,10:27:37 PM,7/10/2026,
840,74.0,gf,3.300,mm,OK,--,10:27:37 PM,7/10/2026,
841,75.4,gf,3.305,mm,OK,--,10:27:37 PM,7/10/2026,
842,77.1,gf,3.305,mm,OK,--,10:27:37 PM,7/10/2026,
843,79.2,gf,3.310,mm,OK,--,10:27:37 PM,7/10/2026,
844,80.9,gf,3.310,mm,OK,--,10:27:37 PM,7/10/2026,
845,82.4,gf,3.310,mm,OK,--,10:27:37 PM,7/10/2026,
846,83.8,gf,3.315,mm,OK,--,10:27:37 PM,7/10/2026,
847,85.2,gf,3.315,mm,OK,--,10:27:38 PM,7/10/2026,
848,86.4,gf,3.315,mm,OK,--,10:27:38 PM,7/10/2026,
849,87.7,gf,3.315,mm,OK,--,10:27:38 PM,7/10/2026,
850,88.8,gf,3.320,mm,OK,--,10:27:38 PM,7/10/2026,
851,89.5,gf,3.320,mm,OK,--,10:27:38 PM,7/10/2026,
852,90.4,gf,3.320,mm,OK,--,10:27:38 PM,7/10/2026,
853,91.0,gf,3.320,mm,OK,--,10:27:38 PM,7/10/2026,
854,91.7,gf,3.320,mm,OK,--,10:27:38 PM,7/10/2026,
855,92.3,gf,3.325,mm,OK,--,10:27:38 PM,7/10/2026,
856,93.0,gf,3.325,mm,OK,--,10:27:38 PM,7/10/2026,
857,93.4,gf,3.325,mm,OK,--,10:27:39 PM,7/10/2026,
858,93.9,gf,3.325,mm,OK,--,10:27:39 PM,7/10/2026,
859,94.2,gf,3.325,mm,OK,--,10:27:39 PM,7/10/2026,
860,94.8,gf,3.325,mm,OK,--,10:27:39 PM,7/10/2026,
861,95.3,gf,3.325,mm,OK,--,10:27:39 PM,7/10/2026,
862,95.6,gf,3.325,mm,OK,--,10:27:39 PM,7/10/2026,
863,95.8,gf,3.325,mm,OK,--,10:27:39 PM,7/10/2026,
864,96.2,gf,3.325,mm,OK,--,10:27:39 PM,7/10/2026,
865,96.7,gf,3.330,mm,OK,--,10:27:39 PM,7/10/2026,
866,97.1,gf,3.330,mm,OK,--,10:27:39 PM,7/10/2026,
867,97.4,gf,3.330,mm,OK,--,10:27:40 PM,7/10/2026,
868,97.7,gf,3.330,mm,OK,--,10:27:40 PM,7/10/2026,
869,98.1,gf,3.330,mm,OK,--,10:27:40 PM,7/10/2026,
870,98.5,gf,3.330,mm,OK,--,10:27:40 PM,7/10/2026,
871,98.8,gf,3.330,mm,OK,--,10:27:40 PM,7/10/2026,
872,99.2,gf,3.330,mm,OK,--,10:27:40 PM,7/10/2026,
873,99.7,gf,3.330,mm,OK,--,10:27:40 PM,7/10/2026,
874,100.2,gf,3.330,mm,OK,--,10:27:40 PM,7/10/2026,
875,100.7,gf,3.330,mm,OK,--,10:27:40 PM,7/10/2026,
876,101.1,gf,3.330,mm,OK,--,10:27:40 PM,7/10/2026,
877,101.6,gf,3.335,mm,OK,--,10:27:41 PM,7/10/2026,
878,102.2,gf,3.335,mm,OK,--,10:27:41 PM,7/10/2026,
879,102.7,gf,3.335,mm,OK,--,10:27:41 PM,7/10/2026,
880,103.1,gf,3.335,mm,OK,--,10:27:41 PM,7/10/2026,
881,103.7,gf,3.335,mm,OK,--,10:27:41 PM,7/10/2026,
882,104.2,gf,3.335,mm,OK,--,10:27:41 PM,7/10/2026,
883,104.9,gf,3.335,mm,OK,--,10:27:41 PM,7/10/2026,
884,105.4,gf,3.335,mm,OK,--,10:27:41 PM,7/10/2026,
885,106.1,gf,3.335,mm,OK,--,10:27:41 PM,7/10/2026,
886,106.7,gf,3.340,mm,OK,--,10:27:41 PM,7/10/2026,
887,107.5,gf,3.340,mm,OK,--,10:27:42 PM,7/10/2026,
888,108.1,gf,3.340,mm,OK,--,10:27:42 PM,7/10/2026,
889,108.5,gf,3.340,mm,OK,--,10:27:42 PM,7/10/2026,
890,109.1,gf,3.340,mm,OK,--,10:27:42 PM,7/10/2026,
891,109.8,gf,3.340,mm,OK,--,10:27:42 PM,7/10/2026,
892,110.5,gf,3.340,mm,OK,--,10:27:42 PM,7/10/2026,
893,111.2,gf,3.345,mm,OK,--,10:27:42 PM,7/10/2026,
894,111.8,gf,3.345,mm,OK,--,10:27:42 PM,7/10/2026,
895,112.4,gf,3.345,mm,OK,--,10:27:42 PM,7/10/2026,
896,113.3,gf,3.345,mm,OK,--,10:27:42 PM,7/10/2026,
897,114.2,gf,3.345,mm,OK,--,10:27:43 PM,7/10/2026,
898,115.1,gf,3.345,mm,OK,--,10:27:43 PM,7/10/2026,
899,116.3,gf,3.350,mm,OK,--,10:27:43 PM,7/10/2026,
900,117.3,gf,3.350,mm,OK,--,10:27:43 PM,7/10/2026,
901,118.6,gf,3.350,mm,OK,--,10:27:43 PM,7/10/2026,
902,119.8,gf,3.350,mm,OK,--,10:27:43 PM,7/10/2026,
903,120.9,gf,3.355,mm,OK,--,10:27:43 PM,7/10/2026,
904,121.8,gf,3.355,mm,OK,--,10:27:43 PM,7/10/2026,
905,122.5,gf,3.355,mm,OK,--,10:27:43 PM,7/10/2026,
906,123.6,gf,3.355,mm,OK,--,10:27:43 PM,7/10/2026,
907,124.5,gf,3.355,mm,OK,--,10:27:44 PM,7/10/2026,
908,125.4,gf,3.355,mm,OK,--,10:27:44 PM,7/10/2026,
909,126.1,gf,3.360,mm,OK,--,10:27:44 PM,7/10/2026,
910,127.0,gf,3.360,mm,OK,--,10:27:44 PM,7/10/2026,
911,127.7,gf,3.360,mm,OK,--,10:27:44 PM,7/10/2026,
912,128.3,gf,3.360,mm,OK,--,10:27:44 PM,7/10/2026,
913,128.7,gf,3.360,mm,OK,--,10:27:44 PM,7/10/2026,
914,129.1,gf,3.360,mm,OK,--,10:27:44 PM,7/10/2026,
915,129.6,gf,3.360,mm,OK,--,10:27:44 PM,7/10/2026,
916,130.1,gf,3.360,mm,OK,--,10:27:44 PM,7/10/2026,
917,130.3,gf,3.360,mm,OK,--,10:27:45 PM,7/10/2026,
918,130.9,gf,3.365,mm,OK,--,10:27:45 PM,7/10/2026,
919,131.7,gf,3.365,mm,OK,--,10:27:45 PM,7/10/2026,
920,132.1,gf,3.365,mm,OK,--,10:27:45 PM,7/10/2026,
921,132.9,gf,3.365,mm,OK,--,10:27:45 PM,7/10/2026,
922,133.4,gf,3.365,mm,OK,--,10:27:45 PM,7/10/2026,
923,134.2,gf,3.365,mm,OK,--,10:27:45 PM,7/10/2026,
924,135.2,gf,3.365,mm,OK,--,10:27:45 PM,7/10/2026,
925,136.1,gf,3.370,mm,OK,--,10:27:45 PM,7/10/2026,
926,137.0,gf,3.370,mm,OK,--,10:27:45 PM,7/10/2026,
927,137.7,gf,3.370,mm,OK,--,10:27:46 PM,7/10/2026,
928,138.3,gf,3.370,mm,OK,--,10:27:46 PM,7/10/2026,
929,139.4,gf,3.370,mm,OK,--,10:27:46 PM,7/10/2026,
930,140.5,gf,3.375,mm,OK,--,10:27:46 PM,7/10/2026,
931,141.2,gf,3.375,mm,OK,--,10:27:46 PM,7/10/2026,
932,142.1,gf,3.375,mm,OK,--,10:27:46 PM,7/10/2026,
933,142.6,gf,3.375,mm,OK,--,10:27:46 PM,7/10/2026,
934,143.5,gf,3.375,mm,OK,--,10:27:46 PM,7/10/2026,
935,144.2,gf,3.375,mm,OK,--,10:27:46 PM,7/10/2026,
936,144.9,gf,3.375,mm,OK,--,10:27:46 PM,7/10/2026,
937,145.5,gf,3.380,mm,OK,--,10:27:47 PM,7/10/2026,
938,146.2,gf,3.380,mm,OK,--,10:27:47 PM,7/10/2026,
939,146.8,gf,3.380,mm,OK,--,10:27:47 PM,7/10/2026,
940,147.3,gf,3.380,mm,OK,--,10:27:47 PM,7/10/2026,
941,148.2,gf,3.380,mm,OK,--,10:27:47 PM,7/10/2026,
942,149.1,gf,3.380,mm,OK,--,10:27:47 PM,7/10/2026,
943,149.8,gf,3.380,mm,OK,--,10:27:47 PM,7/10/2026,
944,150.7,gf,3.385,mm,OK,--,10:27:47 PM,7/10/2026,
945,151.4,gf,3.385,mm,OK,--,10:27:47 PM,7/10/2026,
946,152.1,gf,3.385,mm,OK,--,10:27:47 PM,7/10/2026,
947,152.7,gf,3.385,mm,OK,--,10:27:48 PM,7/10/2026,
948,153.3,gf,3.385,mm,OK,--,10:27:48 PM,7/10/2026,
949,154.1,gf,3.385,mm,OK,--,10:27:48 PM,7/10/2026,
950,154.9,gf,3.390,mm,OK,--,10:27:48 PM,7/10/2026,
951,155.9,gf,3.390,mm,OK,--,10:27:48 PM,7/10/2026,
952,156.7,gf,3.390,mm,OK,--,10:27:48 PM,7/10/2026,
953,157.3,gf,3.390,mm,OK,--,10:27:48 PM,7/10/2026,
954,158.2,gf,3.390,mm,OK,--,10:27:48 PM,7/10/2026,
955,159.1,gf,3.390,mm,OK,--,10:27:48 PM,7/10/2026,
956,160.0,gf,3.395,mm,OK,--,10:27:48 PM,7/10/2026,
957,160.9,gf,3.395,mm,OK,--,10:27:49 PM,7/10/2026,
958,161.8,gf,3.395,mm,OK,--,10:27:49 PM,7/10/2026,
959,162.6,gf,3.395,mm,OK,--,10:27:49 PM,7/10/2026,
960,163.3,gf,3.395,mm,OK,--,10:27:49 PM,7/10/2026,
961,163.9,gf,3.395,mm,OK,--,10:27:49 PM,7/10/2026,
962,164.7,gf,3.400,mm,OK,--,10:27:49 PM,7/10/2026,
963,165.5,gf,3.400,mm,OK,--,10:27:49 PM,7/10/2026,
964,166.7,gf,3.400,mm,OK,--,10:27:49 PM,7/10/2026,
965,167.7,gf,3.400,mm,OK,--,10:27:49 PM,7/10/2026,
966,169.0,gf,3.405,mm,OK,--,10:27:49 PM,7/10/2026,
967,170.6,gf,3.405,mm,OK,--,10:27:50 PM,7/10/2026,
968,172.5,gf,3.405,mm,OK,--,10:27:50 PM,7/10/2026,
969,174.6,gf,3.410,mm,OK,--,10:27:50 PM,7/10/2026,
970,176.4,gf,3.410,mm,OK,--,10:27:50 PM,7/10/2026,
971,178.6,gf,3.415,mm,OK,--,10:27:50 PM,7/10/2026,
972,180.9,gf,3.415,mm,OK,--,10:27:50 PM,7/10/2026,
973,183.3,gf,3.415,mm,OK,--,10:27:50 PM,7/10/2026,
974,185.6,gf,3.420,mm,OK,--,10:27:50 PM,7/10/2026,
975,187.6,gf,3.420,mm,OK,--,10:27:50 PM,7/10/2026,
976,189.7,gf,3.425,mm,OK,--,10:27:50 PM,7/10/2026,
977,191.5,gf,3.425,mm,OK,--,10:27:51 PM,7/10/2026,
978,192.6,gf,3.425,mm,OK,--,10:27:51 PM,7/10/2026,
979,193.1,gf,3.425,mm,OK,--,10:27:51 PM,7/10/2026,
980,193.1,gf,3.425,mm,OK,--,10:27:51 PM,7/10/2026,
981,193.0,gf,3.425,mm,OK,--,10:27:51 PM,7/10/2026,
982,192.9,gf,3.425,mm,OK,--,10:27:51 PM,7/10/2026,
983,192.9,gf,3.425,mm,OK,--,10:27:51 PM,7/10/2026,
984,192.9,gf,3.425,mm,OK,--,10:27:51 PM,7/10/2026,
985,192.9,gf,3.425,mm,OK,--,10:27:51 PM,7/10/2026,
986,192.8,gf,3.425,mm,OK,--,10:27:51 PM,7/10/2026,
987,192.7,gf,3.425,mm,OK,--,10:27:52 PM,7/10/2026,
988,192.7,gf,3.425,mm,OK,--,10:27:52 PM,7/10/2026,
989,192.7,gf,3.425,mm,OK,--,10:27:52 PM,7/10/2026,
990,192.7,gf,3.425,mm,OK,--,10:27:52 PM,7/10/2026,
991,192.6,gf,3.425,mm,OK,--,10:27:52 PM,7/10/2026,
992,192.6,gf,3.425,mm,OK,--,10:27:52 PM,7/10/2026,
993,192.5,gf,3.425,mm,OK,--,10:27:52 PM,7/10/2026,
994,192.5,gf,3.425,mm,OK,--,10:27:52 PM,7/10/2026,
995,192.3,gf,3.425,mm,OK,--,10:27:52 PM,7/10/2026,
996,192.1,gf,3.425,mm,OK,--,10:27:52 PM,7/10/2026,
997,192.0,gf,3.425,mm,OK,--,10:27:53 PM,7/10/2026,
998,191.9,gf,3.425,mm,OK,--,10:27:53 PM,7/10/2026,
999,191.8,gf,3.425,mm,OK,--,10:27:53 PM,7/10/2026,
1000,191.6,gf,3.425,mm,OK,--,10:27:53 PM,7/10/2026,
1001,191.4,gf,3.425,mm,OK,--,10:27:53 PM,7/10/2026,
1002,191.1,gf,3.425,mm,OK,--,10:27:53 PM,7/10/2026,
1003,190.6,gf,3.425,mm,OK,--,10:27:53 PM,7/10/2026,
1004,189.8,gf,3.425,mm,OK,--,10:27:53 PM,7/10/2026,
1005,188.9,gf,3.425,mm,OK,--,10:27:53 PM,7/10/2026,
1006,188.1,gf,3.425,mm,OK,--,10:27:53 PM,7/10/2026,
1007,187.5,gf,3.425,mm,OK,--,10:27:54 PM,7/10/2026,
1008,187.1,gf,3.425,mm,OK,--,10:27:54 PM,7/10/2026,
1009,186.5,gf,3.425,mm,OK,--,10:27:54 PM,7/10/2026,
1010,185.8,gf,3.420,mm,OK,--,10:27:54 PM,7/10/2026,
1011,185.3,gf,3.420,mm,OK,--,10:27:54 PM,7/10/2026,
1012,184.4,gf,3.420,mm,OK,--,10:27:54 PM,7/10/2026,
1013,183.8,gf,3.420,mm,OK,--,10:27:54 PM,7/10/2026,
1014,183.6,gf,3.420,mm,OK,--,10:27:54 PM,7/10/2026,
1015,183.4,gf,3.420,mm,OK,--,10:27:54 PM,7/10/2026,
1016,183.1,gf,3.420,mm,OK,--,10:27:54 PM,7/10/2026,
1017,182.9,gf,3.420,mm,OK,--,10:27:55 PM,7/10/2026,
1018,182.1,gf,3.420,mm,OK,--,10:27:55 PM,7/10/2026,
1019,180.6,gf,3.415,mm,OK,--,10:27:55 PM,7/10/2026,
1020,178.7,gf,3.415,mm,OK,--,10:27:55 PM,7/10/2026,
1021,176.9,gf,3.415,mm,OK,--,10:27:55 PM,7/10/2026,
1022,175.8,gf,3.415,mm,OK,--,10:27:55 PM,7/10/2026,
1023,174.8,gf,3.410,mm,OK,--,10:27:55 PM,7/10/2026,
1024,174.0,gf,3.410,mm,OK,--,10:27:55 PM,7/10/2026,
1025,173.3,gf,3.410,mm,OK,--,10:27:55 PM,7/10/2026,
1026,172.5,gf,3.410,mm,OK,--,10:27:55 PM,7/10/2026,
1027,171.4,gf,3.410,mm,OK,--,10:27:56 PM,7/10/2026,
1028,170.5,gf,3.410,mm,OK,--,10:27:56 PM,7/10/2026,
1029,169.5,gf,3.405,mm,OK,--,10:27:56 PM,7/10/2026,
1030,168.4,gf,3.405,mm,OK,--,10:27:56 PM,7/10/2026,
1031,167.9,gf,3.405,mm,OK,--,10:27:56 PM,7/10/2026,
1032,167.6,gf,3.405,mm,OK,--,10:27:56 PM,7/10/2026,
1033,167.3,gf,3.405,mm,OK,--,10:27:56 PM,7/10/2026,
1034,167.0,gf,3.405,mm,OK,--,10:27:56 PM,7/10/2026,
1035,166.7,gf,3.405,mm,OK,--,10:27:56 PM,7/10/2026,
1036,166.4,gf,3.405,mm,OK,--,10:27:56 PM,7/10/2026,
1037,166.0,gf,3.405,mm,OK,--,10:27:57 PM,7/10/2026,
1038,165.5,gf,3.405,mm,OK,--,10:27:57 PM,7/10/2026,
1039,165.3,gf,3.400,mm,OK,--,10:27:57 PM,7/10/2026,
1040,165.0,gf,3.400,mm,OK,--,10:27:57 PM,7/10/2026,
1041,164.6,gf,3.400,mm,OK,--,10:27:57 PM,7/10/2026,
1042,164.2,gf,3.400,mm,OK,--,10:27:57 PM,7/10/2026,
1043,164.0,gf,3.400,mm,OK,--,10:27:57 PM,7/10/2026,
1044,163.7,gf,3.400,mm,OK,--,10:27:57 PM,7/10/2026,
1045,163.4,gf,3.400,mm,OK,--,10:27:57 PM,7/10/2026,
1046,163.1,gf,3.400,mm,OK,--,10:27:57 PM,7/10/2026,
1047,162.8,gf,3.400,mm,OK,--,10:27:58 PM,7/10/2026,
1048,162.4,gf,3.400,mm,OK,--,10:27:58 PM,7/10/2026,
1049,161.9,gf,3.400,mm,OK,--,10:27:58 PM,7/10/2026,
1050,161.3,gf,3.400,mm,OK,--,10:27:58 PM,7/10/2026,
1051,160.8,gf,3.400,mm,OK,--,10:27:58 PM,7/10/2026,
1052,160.4,gf,3.395,mm,OK,--,10:27:58 PM,7/10/2026,
1053,160.1,gf,3.395,mm,OK,--,10:27:58 PM,7/10/2026,
1054,159.8,gf,3.395,mm,OK,--,10:27:58 PM,7/10/2026,
1055,159.6,gf,3.395,mm,OK,--,10:27:58 PM,7/10/2026,
1056,159.3,gf,3.395,mm,OK,--,10:27:58 PM,7/10/2026,
1057,158.9,gf,3.395,mm,OK,--,10:27:59 PM,7/10/2026,
1058,158.6,gf,3.395,mm,OK,--,10:27:59 PM,7/10/2026,
1059,158.2,gf,3.395,mm,OK,--,10:27:59 PM,7/10/2026,
1060,157.7,gf,3.395,mm,OK,--,10:27:59 PM,7/10/2026,
1061,157.3,gf,3.395,mm,OK,--,10:27:59 PM,7/10/2026,
1062,156.9,gf,3.395,mm,OK,--,10:27:59 PM,7/10/2026,
1063,156.5,gf,3.395,mm,OK,--,10:27:59 PM,7/10/2026,
1064,156.3,gf,3.395,mm,OK,--,10:27:59 PM,7/10/2026,
1065,156.0,gf,3.395,mm,OK,--,10:27:59 PM,7/10/2026,
1066,155.6,gf,3.395,mm,OK,--,10:27:59 PM,7/10/2026,
1067,155.3,gf,3.390,mm,OK,--,10:28:00 PM,7/10/2026,
1068,155.0,gf,3.390,mm,OK,--,10:28:00 PM,7/10/2026,
1069,154.7,gf,3.390,mm,OK,--,10:28:00 PM,7/10/2026,
1070,154.3,gf,3.390,mm,OK,--,10:28:00 PM,7/10/2026,
1071,154.0,gf,3.390,mm,OK,--,10:28:00 PM,7/10/2026,
1072,153.7,gf,3.390,mm,OK,--,10:28:00 PM,7/10/2026,
1073,153.2,gf,3.390,mm,OK,--,10:28:00 PM,7/10/2026,
1074,152.9,gf,3.390,mm,OK,--,10:28:00 PM,7/10/2026,
1075,152.3,gf,3.390,mm,OK,--,10:28:00 PM,7/10/2026,
1076,151.3,gf,3.390,mm,OK,--,10:28:00 PM,7/10/2026,
1077,150.2,gf,3.390,mm,OK,--,10:28:01 PM,7/10/2026,
1078,149.4,gf,3.385,mm,OK,--,10:28:01 PM,7/10/2026,
1079,148.4,gf,3.385,mm,OK,--,10:28:01 PM,7/10/2026,
1080,147.3,gf,3.385,mm,OK,--,10:28:01 PM,7/10/2026,
1081,146.3,gf,3.385,mm,OK,--,10:28:01 PM,7/10/2026,
1082,145.8,gf,3.385,mm,OK,--,10:28:01 PM,7/10/2026,
1083,145.4,gf,3.380,mm,OK,--,10:28:01 PM,7/10/2026,
1084,145.0,gf,3.380,mm,OK,--,10:28:01 PM,7/10/2026,
1085,144.7,gf,3.380,mm,OK,--,10:28:01 PM,7/10/2026,
1086,144.3,gf,3.380,mm,OK,--,10:28:01 PM,7/10/2026,
1087,144.0,gf,3.380,mm,OK,--,10:28:02 PM,7/10/2026,
1088,143.4,gf,3.380,mm,OK,--,10:28:02 PM,7/10/2026,
1089,142.8,gf,3.380,mm,OK,--,10:28:02 PM,7/10/2026,
1090,142.2,gf,3.380,mm,OK,--,10:28:02 PM,7/10/2026,
1091,141.9,gf,3.380,mm,OK,--,10:28:02 PM,7/10/2026,
1092,141.5,gf,3.380,mm,OK,--,10:28:02 PM,7/10/2026,
1093,141.1,gf,3.380,mm,OK,--,10:28:02 PM,7/10/2026,
1094,140.8,gf,3.380,mm,OK,--,10:28:02 PM,7/10/2026,
1095,140.4,gf,3.375,mm,OK,--,10:28:02 PM,7/10/2026,
1096,140.2,gf,3.375,mm,OK,--,10:28:02 PM,7/10/2026,
1097,139.9,gf,3.375,mm,OK,--,10:28:03 PM,7/10/2026,
1098,139.8,gf,3.375,mm,OK,--,10:28:03 PM,7/10/2026,
1099,139.6,gf,3.375,mm,OK,--,10:28:03 PM,7/10/2026,
1100,139.4,gf,3.375,mm,OK,--,10:28:03 PM,7/10/2026,
1101,139.3,gf,3.375,mm,OK,--,10:28:03 PM,7/10/2026,
1102,139.1,gf,3.375,mm,OK,--,10:28:03 PM,7/10/2026,
1103,138.9,gf,3.375,mm,OK,--,10:28:03 PM,7/10/2026,
1104,138.3,gf,3.375,mm,OK,--,10:28:03 PM,7/10/2026,
1105,137.4,gf,3.375,mm,OK,--,10:28:03 PM,7/10/2026,
1106,137.0,gf,3.375,mm,OK,--,10:28:03 PM,7/10/2026,
1107,136.7,gf,3.375,mm,OK,--,10:28:04 PM,7/10/2026,
1108,136.3,gf,3.375,mm,OK,--,10:28:04 PM,7/10/2026,
1109,136.0,gf,3.375,mm,OK,--,10:28:04 PM,7/10/2026,
1110,135.7,gf,3.375,mm,OK,--,10:28:04 PM,7/10/2026,
1111,135.3,gf,3.370,mm,OK,--,10:28:04 PM,7/10/2026,
1112,134.8,gf,3.370,mm,OK,--,10:28:04 PM,7/10/2026,
1113,134.2,gf,3.370,mm,OK,--,10:28:04 PM,7/10/2026,
1114,133.5,gf,3.370,mm,OK,--,10:28:04 PM,7/10/2026,
1115,132.7,gf,3.370,mm,OK,--,10:28:04 PM,7/10/2026,
1116,132.1,gf,3.370,mm,OK,--,10:28:04 PM,7/10/2026,
1117,131.7,gf,3.370,mm,OK,--,10:28:05 PM,7/10/2026,
1118,131.1,gf,3.370,mm,OK,--,10:28:05 PM,7/10/2026,
1119,130.7,gf,3.370,mm,OK,--,10:28:05 PM,7/10/2026,
1120,130.2,gf,3.365,mm,OK,--,10:28:05 PM,7/10/2026,
1121,129.5,gf,3.365,mm,OK,--,10:28:05 PM,7/10/2026,
1122,128.8,gf,3.365,mm,OK,--,10:28:05 PM,7/10/2026,
1123,128.3,gf,3.365,mm,OK,--,10:28:05 PM,7/10/2026,
1124,127.8,gf,3.365,mm,OK,--,10:28:05 PM,7/10/2026,
1125,127.1,gf,3.365,mm,OK,--,10:28:05 PM,7/10/2026,
1126,126.4,gf,3.365,mm,OK,--,10:28:05 PM,7/10/2026,
1127,125.8,gf,3.365,mm,OK,--,10:28:06 PM,7/10/2026,
1128,125.2,gf,3.360,mm,OK,--,10:28:06 PM,7/10/2026,
1129,124.6,gf,3.360,mm,OK,--,10:28:06 PM,7/10/2026,
1130,124.1,gf,3.360,mm,OK,--,10:28:06 PM,7/10/2026,
1131,123.3,gf,3.360,mm,OK,--,10:28:06 PM,7/10/2026,
1132,122.4,gf,3.360,mm,OK,--,10:28:06 PM,7/10/2026,
1133,121.7,gf,3.360,mm,OK,--,10:28:06 PM,7/10/2026,
1134,120.9,gf,3.360,mm,OK,--,10:28:06 PM,7/10/2026,
1135,120.3,gf,3.355,mm,OK,--,10:28:06 PM,7/10/2026,
1136,119.6,gf,3.355,mm,OK,--,10:28:06 PM,7/10/2026,
1137,118.9,gf,3.355,mm,OK,--,10:28:07 PM,7/10/2026,
1138,118.4,gf,3.355,mm,OK,--,10:28:07 PM,7/10/2026,
1139,117.8,gf,3.355,mm,OK,--,10:28:07 PM,7/10/2026,
1140,117.1,gf,3.355,mm,OK,--,10:28:07 PM,7/10/2026,
1141,116.1,gf,3.355,mm,OK,--,10:28:07 PM,7/10/2026,
1142,115.0,gf,3.350,mm,OK,--,10:28:07 PM,7/10/2026,
1143,114.0,gf,3.350,mm,OK,--,10:28:07 PM,7/10/2026,
1144,113.0,gf,3.350,mm,OK,--,10:28:07 PM,7/10/2026,
1145,112.3,gf,3.350,mm,OK,--,10:28:07 PM,7/10/2026,
1146,111.5,gf,3.350,mm,OK,--,10:28:07 PM,7/10/2026,
1147,110.6,gf,3.350,mm,OK,--,10:28:08 PM,7/10/2026,
1148,109.1,gf,3.345,mm,OK,--,10:28:08 PM,7/10/2026,
1149,107.0,gf,3.345,mm,OK,--,10:28:08 PM,7/10/2026,
1150,104.8,gf,3.340,mm,OK,--,10:28:08 PM,7/10/2026,
1151,102.9,gf,3.340,mm,OK,--,10:28:08 PM,7/10/2026,
1152,101.2,gf,3.340,mm,OK,--,10:28:08 PM,7/10/2026,
1153,99.9,gf,3.335,mm,OK,--,10:28:08 PM,7/10/2026,
1154,98.7,gf,3.335,mm,OK,--,10:28:08 PM,7/10/2026,
1155,97.4,gf,3.335,mm,OK,--,10:28:08 PM,7/10/2026,
1156,95.9,gf,3.335,mm,OK,--,10:28:08 PM,7/10/2026,
1157,94.2,gf,3.330,mm,OK,--,10:28:09 PM,7/10/2026,
1158,92.5,gf,3.330,mm,OK,--,10:28:09 PM,7/10/2026,
1159,90.9,gf,3.330,mm,OK,--,10:28:09 PM,7/10/2026,
1160,89.4,gf,3.325,mm,OK,--,10:28:09 PM,7/10/2026,
1161,87.9,gf,3.325,mm,OK,--,10:28:09 PM,7/10/2026,
1162,86.5,gf,3.325,mm,OK,--,10:28:09 PM,7/10/2026,
1163,85.5,gf,3.320,mm,OK,--,10:28:09 PM,7/10/2026,
1164,84.9,gf,3.320,mm,OK,--,10:28:09 PM,7/10/2026,
1165,84.2,gf,3.320,mm,OK,--,10:28:09 PM,7/10/2026,
1166,83.9,gf,3.320,mm,OK,--,10:28:09 PM,7/10/2026,
1167,83.4,gf,3.320,mm,OK,--,10:28:10 PM,7/10/2026,
1168,83.1,gf,3.320,mm,OK,--,10:28:10 PM,7/10/2026,
1169,82.7,gf,3.320,mm,OK,--,10:28:10 PM,7/10/2026,
1170,82.4,gf,3.320,mm,OK,--,10:28:10 PM,7/10/2026,
1171,82.1,gf,3.320,mm,OK,--,10:28:10 PM,7/10/2026,
1172,81.7,gf,3.320,mm,OK,--,10:28:10 PM,7/10/2026,
1173,81.2,gf,3.320,mm,OK,--,10:28:10 PM,7/10/2026,
1174,80.8,gf,3.315,mm,OK,--,10:28:10 PM,7/10/2026,
1175,80.5,gf,3.315,mm,OK,--,10:28:10 PM,7/10/2026,
1176,80.0,gf,3.315,mm,OK,--,10:28:10 PM,7/10/2026,
1177,79.5,gf,3.315,mm,OK,--,10:28:11 PM,7/10/2026,
1178,78.9,gf,3.315,mm,OK,--,10:28:11 PM,7/10/2026,
1179,78.4,gf,3.315,mm,OK,--,10:28:11 PM,7/10/2026,
1180,77.8,gf,3.315,mm,OK,--,10:28:11 PM,7/10/2026,
1181,77.1,gf,3.315,mm,OK,--,10:28:11 PM,7/10/2026,
1182,76.4,gf,3.310,mm,OK,--,10:28:11 PM,7/10/2026,
1183,75.7,gf,3.310,mm,OK,--,10:28:11 PM,7/10/2026,
1184,75.1,gf,3.310,mm,OK,--,10:28:11 PM,7/10/2026,
1185,74.5,gf,3.310,mm,OK,--,10:28:11 PM,7/10/2026,
1186,73.6,gf,3.310,mm,OK,--,10:28:11 PM,7/10/2026,
1187,72.7,gf,3.310,mm,OK,--,10:28:12 PM,7/10/2026,
1188,71.7,gf,3.305,mm,OK,--,10:28:12 PM,7/10/2026,
1189,70.5,gf,3.305,mm,OK,--,10:28:12 PM,7/10/2026,
1190,69.4,gf,3.305,mm,OK,--,10:28:12 PM,7/10/2026,
1191,68.3,gf,3.305,mm,OK,--,10:28:12 PM,7/10/2026,
1192,67.2,gf,3.300,mm,OK,--,10:28:12 PM,7/10/2026,
1193,66.1,gf,3.300,mm,OK,--,10:28:12 PM,7/10/2026,
1194,65.0,gf,3.300,mm,OK,--,10:28:12 PM,7/10/2026,
1195,63.6,gf,3.300,mm,OK,--,10:28:12 PM,7/10/2026,
1196,62.3,gf,3.295,mm,OK,--,10:28:12 PM,7/10/2026,
1197,61.3,gf,3.295,mm,OK,--,10:28:13 PM,7/10/2026,
1198,60.1,gf,3.295,mm,OK,--,10:28:13 PM,7/10/2026,
1199,58.9,gf,3.295,mm,OK,--,10:28:13 PM,7/10/2026,
1200,57.3,gf,3.290,mm,OK,--,10:28:13 PM,7/10/2026,
1201,55.7,gf,3.290,mm,OK,--,10:28:13 PM,7/10/2026,
1202,54.0,gf,3.285,mm,OK,--,10:28:13 PM,7/10/2026,
1203,52.0,gf,3.285,mm,OK,--,10:28:13 PM,7/10/2026,
1204,50.6,gf,3.280,mm,OK,--,10:28:13 PM,7/10/2026,
1205,49.5,gf,3.280,mm,OK,--,10:28:13 PM,7/10/2026,
1206,48.7,gf,3.275,mm,OK,--,10:28:13 PM,7/10/2026,
1207,48.2,gf,3.275,mm,OK,--,10:28:14 PM,7/10/2026,
1208,47.8,gf,3.270,mm,OK,--,10:28:14 PM,7/10/2026,
1209,47.9,gf,3.265,mm,OK,--,10:28:14 PM,7/10/2026,
1210,47.9,gf,3.265,mm,OK,--,10:28:14 PM,7/10/2026,
1211,47.8,gf,3.260,mm,OK,--,10:28:14 PM,7/10/2026,
1212,47.8,gf,3.260,mm,OK,--,10:28:14 PM,7/10/2026,
1213,47.7,gf,3.255,mm,OK,--,10:28:14 PM,7/10/2026,
1214,47.7,gf,3.250,mm,OK,--,10:28:14 PM,7/10/2026,
1215,47.7,gf,3.245,mm,OK,--,10:28:14 PM,7/10/2026,
1216,47.7,gf,3.240,mm,OK,--,10:28:14 PM,7/10/2026,
1217,47.7,gf,3.235,mm,OK,--,10:28:15 PM,7/10/2026,
1218,47.7,gf,3.230,mm,OK,--,10:28:15 PM,7/10/2026,
1219,47.7,gf,3.225,mm,OK,--,10:28:15 PM,7/10/2026,
1220,47.6,gf,3.220,mm,OK,--,10:28:15 PM,7/10/2026,
1221,47.6,gf,3.220,mm,OK,--,10:28:15 PM,7/10/2026,
1222,47.6,gf,3.215,mm,OK,--,10:28:15 PM,7/10/2026,
1223,47.6,gf,3.215,mm,OK,--,10:28:15 PM,7/10/2026,
1224,47.6,gf,3.210,mm,OK,--,10:28:15 PM,7/10/2026,
1225,47.5,gf,3.210,mm,OK,--,10:28:15 PM,7/10/2026,
1226,47.5,gf,3.205,mm,OK,--,10:28:15 PM,7/10/2026,
1227,47.5,gf,3.200,mm,OK,--,10:28:16 PM,7/10/2026,
1228,47.5,gf,3.200,mm,OK,--,10:28:16 PM,7/10/2026,
1229,47.4,gf,3.195,mm,OK,--,10:28:16 PM,7/10/2026,
1230,47.4,gf,3.195,mm,OK,--,10:28:16 PM,7/10/2026,
1231,47.4,gf,3.190,mm,OK,--,10:28:16 PM,7/10/2026,
1232,47.4,gf,3.185,mm,OK,--,10:28:16 PM,7/10/2026,
1233,47.3,gf,3.180,mm,OK,--,10:28:16 PM,7/10/2026,
1234,47.2,gf,3.175,mm,OK,--,10:28:16 PM,7/10/2026,
1235,47.2,gf,3.165,mm,OK,--,10:28:16 PM,7/10/2026,
1236,47.2,gf,3.155,mm,OK,--,10:28:16 PM,7/10/2026,
1237,47.1,gf,3.145,mm,OK,--,10:28:17 PM,7/10/2026,
1238,47.1,gf,3.135,mm,OK,--,10:28:17 PM,7/10/2026,
1239,47.1,gf,3.125,mm,OK,--,10:28:17 PM,7/10/2026,
1240,47.0,gf,3.115,mm,OK,--,10:28:17 PM,7/10/2026,
1241,47.0,gf,3.105,mm,OK,--,10:28:17 PM,7/10/2026,
1242,46.9,gf,3.100,mm,OK,--,10:28:17 PM,7/10/2026,
1243,46.9,gf,3.090,mm,OK,--,10:28:17 PM,7/10/2026,
1244,46.9,gf,3.085,mm,OK,--,10:28:17 PM,7/10/2026,
1245,46.8,gf,3.075,mm,OK,--,10:28:17 PM,7/10/2026,
1246,46.9,gf,3.070,mm,OK,--,10:28:17 PM,7/10/2026,
1247,46.8,gf,3.065,mm,OK,--,10:28:18 PM,7/10/2026,
1248,46.8,gf,3.060,mm,OK,--,10:28:18 PM,7/10/2026,
1249,46.8,gf,3.050,mm,OK,--,10:28:18 PM,7/10/2026,
1250,46.7,gf,3.045,mm,OK,--,10:28:18 PM,7/10/2026,
1251,46.7,gf,3.040,mm,OK,--,10:28:18 PM,7/10/2026,
1252,46.7,gf,3.030,mm,OK,--,10:28:18 PM,7/10/2026,
1253,46.7,gf,3.025,mm,OK,--,10:28:18 PM,7/10/2026,
1254,46.6,gf,3.015,mm,OK,--,10:28:18 PM,7/10/2026,
1255,46.6,gf,3.010,mm,OK,--,10:28:18 PM,7/10/2026,
1256,46.6,gf,3.000,mm,OK,--,10:28:18 PM,7/10/2026,
1257,46.5,gf,2.995,mm,OK,--,10:28:19 PM,7/10/2026,
1258,46.6,gf,2.990,mm,OK,--,10:28:19 PM,7/10/2026,
1259,46.5,gf,2.985,mm,OK,--,10:28:19 PM,7/10/2026,
1260,46.5,gf,2.980,mm,OK,--,10:28:19 PM,7/10/2026,
1261,46.5,gf,2.975,mm,OK,--,10:28:19 PM,7/10/2026,
1262,46.5,gf,2.975,mm,OK,--,10:28:19 PM,7/10/2026,
1263,46.5,gf,2.970,mm,OK,--,10:28:19 PM,7/10/2026,
1264,46.5,gf,2.970,mm,OK,--,10:28:19 PM,7/10/2026,
1265,46.4,gf,2.965,mm,OK,--,10:28:19 PM,7/10/2026,
1266,46.4,gf,2.960,mm,OK,--,10:28:19 PM,7/10/2026,
1267,46.4,gf,2.955,mm,OK,--,10:28:20 PM,7/10/2026,
1268,46.4,gf,2.955,mm,OK,--,10:28:20 PM,7/10/2026,
1269,46.4,gf,2.950,mm,OK,--,10:28:20 PM,7/10/2026,
1270,46.4,gf,2.950,mm,OK,--,10:28:20 PM,7/10/2026,
1271,46.4,gf,2.950,mm,OK,--,10:28:20 PM,7/10/2026,
1272,46.3,gf,2.945,mm,OK,--,10:28:20 PM,7/10/2026,
1273,46.3,gf,2.940,mm,OK,--,10:28:20 PM,7/10/2026,
1274,46.3,gf,2.935,mm,OK,--,10:28:20 PM,7/10/2026,
1275,46.3,gf,2.930,mm,OK,--,10:28:20 PM,7/10/2026,
1276,46.3,gf,2.925,mm,OK,--,10:28:20 PM,7/10/2026,
1277,46.2,gf,2.915,mm,OK,--,10:28:21 PM,7/10/2026,
1278,46.2,gf,2.910,mm,OK,--,10:28:21 PM,7/10/2026,
1279,46.3,gf,2.900,mm,OK,--,10:28:21 PM,7/10/2026,
1280,46.3,gf,2.895,mm,OK,--,10:28:21 PM,7/10/2026,
1281,46.3,gf,2.890,mm,OK,--,10:28:21 PM,7/10/2026,
1282,46.2,gf,2.885,mm,OK,--,10:28:21 PM,7/10/2026,
1283,46.2,gf,2.880,mm,OK,--,10:28:21 PM,7/10/2026,
1284,46.2,gf,2.870,mm,OK,--,10:28:21 PM,7/10/2026,
1285,46.1,gf,2.865,mm,OK,--,10:28:21 PM,7/10/2026,
1286,46.0,gf,2.855,mm,OK,--,10:28:21 PM,7/10/2026,
1287,46.0,gf,2.845,mm,OK,--,10:28:22 PM,7/10/2026,
1288,46.0,gf,2.835,mm,OK,--,10:28:22 PM,7/10/2026,
1289,45.9,gf,2.830,mm,OK,--,10:28:22 PM,7/10/2026,
1290,45.9,gf,2.820,mm,OK,--,10:28:22 PM,7/10/2026,
1291,45.9,gf,2.815,mm,OK,--,10:28:22 PM,7/10/2026,
1292,45.8,gf,2.810,mm,OK,--,10:28:22 PM,7/10/2026,
1293,45.8,gf,2.800,mm,OK,--,10:28:22 PM,7/10/2026,
1294,45.8,gf,2.795,mm,OK,--,10:28:22 PM,7/10/2026,
1295,45.8,gf,2.790,mm,OK,--,10:28:22 PM,7/10/2026,
1296,45.8,gf,2.785,mm,OK,--,10:28:22 PM,7/10/2026,
1297,45.8,gf,2.775,mm,OK,--,10:28:23 PM,7/10/2026,
1298,45.8,gf,2.770,mm,OK,--,10:28:23 PM,7/10/2026,
1299,45.7,gf,2.765,mm,OK,--,10:28:23 PM,7/10/2026,
1300,45.7,gf,2.760,mm,OK,--,10:28:23 PM,7/10/2026,
1301,45.7,gf,2.755,mm,OK,--,10:28:23 PM,7/10/2026,
1302,45.6,gf,2.750,mm,OK,--,10:28:23 PM,7/10/2026,
1303,45.7,gf,2.745,mm,OK,--,10:28:23 PM,7/10/2026,
1304,45.6,gf,2.740,mm,OK,--,10:28:23 PM,7/10/2026,
1305,45.6,gf,2.740,mm,OK,--,10:28:23 PM,7/10/2026,
1306,45.6,gf,2.735,mm,OK,--,10:28:23 PM,7/10/2026,
1307,45.6,gf,2.730,mm,OK,--,10:28:24 PM,7/10/2026,
1308,45.6,gf,2.730,mm,OK,--,10:28:24 PM,7/10/2026,
1309,45.6,gf,2.730,mm,OK,--,10:28:24 PM,7/10/2026,
1310,45.6,gf,2.725,mm,OK,--,10:28:24 PM,7/10/2026,
1311,45.6,gf,2.720,mm,OK,--,10:28:24 PM,7/10/2026,
1312,45.5,gf,2.720,mm,OK,--,10:28:24 PM,7/10/2026,
1313,45.5,gf,2.715,mm,OK,--,10:28:24 PM,7/10/2026,
1314,45.6,gf,2.710,mm,OK,--,10:28:24 PM,7/10/2026,
1315,45.7,gf,2.710,mm,OK,--,10:28:24 PM,7/10/2026,
1316,45.6,gf,2.705,mm,OK,--,10:28:24 PM,7/10/2026,
1317,45.6,gf,2.705,mm,OK,--,10:28:25 PM,7/10/2026,
1318,45.6,gf,2.705,mm,OK,--,10:28:25 PM,7/10/2026,
1319,45.6,gf,2.700,mm,OK,--,10:28:25 PM,7/10/2026,
1320,45.5,gf,2.695,mm,OK,--,10:28:25 PM,7/10/2026,
1321,45.5,gf,2.695,mm,OK,--,10:28:25 PM,7/10/2026,
1322,45.5,gf,2.695,mm,OK,--,10:28:25 PM,7/10/2026,
1323,45.5,gf,2.690,mm,OK,--,10:28:25 PM,7/10/2026,
1324,45.5,gf,2.690,mm,OK,--,10:28:25 PM,7/10/2026,
1325,45.5,gf,2.685,mm,OK,--,10:28:25 PM,7/10/2026,
1326,45.4,gf,2.685,mm,OK,--,10:28:25 PM,7/10/2026,
1327,45.5,gf,2.680,mm,OK,--,10:28:26 PM,7/10/2026,
1328,45.5,gf,2.680,mm,OK,--,10:28:26 PM,7/10/2026,
1329,45.5,gf,2.675,mm,OK,--,10:28:26 PM,7/10/2026,
1330,45.5,gf,2.675,mm,OK,--,10:28:26 PM,7/10/2026,
1331,45.5,gf,2.670,mm,OK,--,10:28:26 PM,7/10/2026,
1332,45.5,gf,2.670,mm,OK,--,10:28:26 PM,7/10/2026,
1333,45.5,gf,2.665,mm,OK,--,10:28:26 PM,7/10/2026,
1334,45.4,gf,2.665,mm,OK,--,10:28:26 PM,7/10/2026,
1335,45.4,gf,2.660,mm,OK,--,10:28:26 PM,7/10/2026,
1336,45.4,gf,2.660,mm,OK,--,10:28:26 PM,7/10/2026,
1337,45.4,gf,2.660,mm,OK,--,10:28:27 PM,7/10/2026,
1338,45.5,gf,2.655,mm,OK,--,10:28:27 PM,7/10/2026,
1339,45.4,gf,2.655,mm,OK,--,10:28:27 PM,7/10/2026,
1340,45.4,gf,2.655,mm,OK,--,10:28:27 PM,7/10/2026,
1341,45.4,gf,2.650,mm,OK,--,10:28:27 PM,7/10/2026,
1342,45.5,gf,2.650,mm,OK,--,10:28:27 PM,7/10/2026,
1343,45.4,gf,2.650,mm,OK,--,10:28:27 PM,7/10/2026,
1344,45.4,gf,2.645,mm,OK,--,10:28:27 PM,7/10/2026,
1345,45.4,gf,2.645,mm,OK,--,10:28:27 PM,7/10/2026,
1346,45.4,gf,2.640,mm,OK,--,10:28:27 PM,7/10/2026,
1347,45.4,gf,2.640,mm,OK,--,10:28:28 PM,7/10/2026,
1348,45.4,gf,2.640,mm,OK,--,10:28:28 PM,7/10/2026,
1349,45.4,gf,2.635,mm,OK,--,10:28:28 PM,7/10/2026,
1350,45.3,gf,2.635,mm,OK,--,10:28:28 PM,7/10/2026,
1351,45.3,gf,2.635,mm,OK,--,10:28:28 PM,7/10/2026,
1352,45.3,gf,2.630,mm,OK,--,10:28:28 PM,7/10/2026,
1353,45.3,gf,2.625,mm,OK,--,10:28:28 PM,7/10/2026,
1354,45.3,gf,2.620,mm,OK,--,10:28:28 PM,7/10/2026,
1355,45.2,gf,2.615,mm,OK,--,10:28:28 PM,7/10/2026,
1356,45.2,gf,2.610,mm,OK,--,10:28:28 PM,7/10/2026,
1357,45.2,gf,2.605,mm,OK,--,10:28:29 PM,7/10/2026,
1358,45.2,gf,2.600,mm,OK,--,10:28:29 PM,7/10/2026,
1359,45.1,gf,2.595,mm,OK,--,10:28:29 PM,7/10/2026,
1360,45.1,gf,2.590,mm,OK,--,10:28:29 PM,7/10/2026,
1361,45.1,gf,2.585,mm,OK,--,10:28:29 PM,7/10/2026,
1362,45.0,gf,2.585,mm,OK,--,10:28:29 PM,7/10/2026,
1363,45.0,gf,2.575,mm,OK,--,10:28:29 PM,7/10/2026,
1364,45.1,gf,2.570,mm,OK,--,10:28:29 PM,7/10/2026,
1365,45.0,gf,2.560,mm,OK,--,10:28:29 PM,7/10/2026,
1366,45.0,gf,2.550,mm,OK,--,10:28:29 PM,7/10/2026,
1367,45.0,gf,2.540,mm,OK,--,10:28:30 PM,7/10/2026,
1368,44.9,gf,2.535,mm,OK,--,10:28:30 PM,7/10/2026,
1369,44.9,gf,2.530,mm,OK,--,10:28:30 PM,7/10/2026,
1370,44.8,gf,2.525,mm,OK,--,10:28:30 PM,7/10/2026,
1371,44.8,gf,2.520,mm,OK,--,10:28:30 PM,7/10/2026,
1372,44.8,gf,2.520,mm,OK,--,10:28:30 PM,7/10/2026,
1373,44.7,gf,2.515,mm,OK,--,10:28:30 PM,7/10/2026,
1374,44.7,gf,2.510,mm,OK,--,10:28:30 PM,7/10/2026,
1375,44.6,gf,2.510,mm,OK,--,10:28:30 PM,7/10/2026,
1376,44.5,gf,2.500,mm,OK,--,10:28:30 PM,7/10/2026,
1377,44.5,gf,2.495,mm,OK,--,10:28:31 PM,7/10/2026,
1378,44.3,gf,2.490,mm,OK,--,10:28:31 PM,7/10/2026,
1379,44.2,gf,2.480,mm,OK,--,10:28:31 PM,7/10/2026,
1380,44.1,gf,2.475,mm,OK,--,10:28:31 PM,7/10/2026,
1381,43.9,gf,2.470,mm,OK,--,10:28:31 PM,7/10/2026,
1382,43.6,gf,2.465,mm,OK,--,10:28:31 PM,7/10/2026,
1383,43.3,gf,2.460,mm,OK,--,10:28:31 PM,7/10/2026,
1384,43.1,gf,2.455,mm,OK,--,10:28:31 PM,7/10/2026,
1385,42.8,gf,2.450,mm,OK,--,10:28:31 PM,7/10/2026,
1386,42.3,gf,2.440,mm,OK,--,10:28:31 PM,7/10/2026,
1387,41.8,gf,2.435,mm,OK,--,10:28:32 PM,7/10/2026,
1388,41.2,gf,2.425,mm,OK,--,10:28:32 PM,7/10/2026,
1389,40.6,gf,2.415,mm,OK,--,10:28:32 PM,7/10/2026,
1390,40.0,gf,2.405,mm,OK,--,10:28:32 PM,7/10/2026,
1391,39.6,gf,2.400,mm,OK,--,10:28:32 PM,7/10/2026,
1392,39.2,gf,2.395,mm,OK,--,10:28:32 PM,7/10/2026,
1393,39.0,gf,2.395,mm,OK,--,10:28:32 PM,7/10/2026,
1394,38.9,gf,2.390,mm,OK,--,10:28:32 PM,7/10/2026,
1395,38.7,gf,2.390,mm,OK,--,10:28:32 PM,7/10/2026,
1396,38.5,gf,2.390,mm,OK,--,10:28:32 PM,7/10/2026,
1397,38.3,gf,2.385,mm,OK,--,10:28:33 PM,7/10/2026,
1398,38.1,gf,2.380,mm,OK,--,10:28:33 PM,7/10/2026,
1399,37.9,gf,2.380,mm,OK,--,10:28:33 PM,7/10/2026,
1400,37.6,gf,2.375,mm,OK,--,10:28:33 PM,7/10/2026,
1401,37.3,gf,2.365,mm,OK,--,10:28:33 PM,7/10/2026,
1402,37.1,gf,2.365,mm,OK,--,10:28:33 PM,7/10/2026,
1403,36.8,gf,2.360,mm,OK,--,10:28:33 PM,7/10/2026,
1404,36.5,gf,2.355,mm,OK,--,10:28:33 PM,7/10/2026,
1405,36.2,gf,2.350,mm,OK,--,10:28:33 PM,7/10/2026,
1406,35.8,gf,2.340,mm,OK,--,10:28:33 PM,7/10/2026,
1407,35.3,gf,2.330,mm,OK,--,10:28:34 PM,7/10/2026,
1408,35.2,gf,2.325,mm,OK,--,10:28:34 PM,7/10/2026,
1409,34.8,gf,2.320,mm,OK,--,10:28:34 PM,7/10/2026,
1410,34.5,gf,2.315,mm,OK,--,10:28:34 PM,7/10/2026,
1411,34.3,gf,2.315,mm,OK,--,10:28:34 PM,7/10/2026,
1412,34.1,gf,2.310,mm,OK,--,10:28:34 PM,7/10/2026,
1413,33.9,gf,2.310,mm,OK,--,10:28:34 PM,7/10/2026,
1414,33.8,gf,2.305,mm,OK,--,10:28:34 PM,7/10/2026,
1415,33.6,gf,2.305,mm,OK,--,10:28:34 PM,7/10/2026,
1416,33.5,gf,2.300,mm,OK,--,10:28:34 PM,7/10/2026,
1417,33.3,gf,2.295,mm,OK,--,10:28:35 PM,7/10/2026,
1418,33.0,gf,2.290,mm,OK,--,10:28:35 PM,7/10/2026,
1419,32.8,gf,2.285,mm,OK,--,10:28:35 PM,7/10/2026,
1420,32.5,gf,2.280,mm,OK,--,10:28:35 PM,7/10/2026,
1421,32.1,gf,2.275,mm,OK,--,10:28:35 PM,7/10/2026,
1422,31.8,gf,2.265,mm,OK,--,10:28:35 PM,7/10/2026,
1423,31.4,gf,2.260,mm,OK,--,10:28:35 PM,7/10/2026,
1424,31.0,gf,2.250,mm,OK,--,10:28:35 PM,7/10/2026,
1425,30.7,gf,2.245,mm,OK,--,10:28:35 PM,7/10/2026,
1426,30.3,gf,2.240,mm,OK,--,10:28:35 PM,7/10/2026,
1427,29.9,gf,2.235,mm,OK,--,10:28:36 PM,7/10/2026,
1428,29.6,gf,2.230,mm,OK,--,10:28:36 PM,7/10/2026,
1429,29.3,gf,2.220,mm,OK,--,10:28:36 PM,7/10/2026,
1430,29.0,gf,2.215,mm,OK,--,10:28:36 PM,7/10/2026,
1431,28.8,gf,2.210,mm,OK,--,10:28:36 PM,7/10/2026,
1432,28.9,gf,2.210,mm,OK,--,10:28:36 PM,7/10/2026,
1433,30.0,gf,2.205,mm,OK,--,10:28:36 PM,7/10/2026,
1434,29.8,gf,2.205,mm,OK,--,10:28:36 PM,7/10/2026,
1435,29.7,gf,2.205,mm,OK,--,10:28:36 PM,7/10/2026,
1436,29.9,gf,2.200,mm,OK,--,10:28:36 PM,7/10/2026,
1437,29.7,gf,2.195,mm,OK,--,10:28:37 PM,7/10/2026,
1438,29.8,gf,2.195,mm,OK,--,10:28:37 PM,7/10/2026,
1439,29.5,gf,2.190,mm,OK,--,10:28:37 PM,7/10/2026,
1440,29.5,gf,2.190,mm,OK,--,10:28:37 PM,7/10/2026,
1441,29.7,gf,2.185,mm,OK,--,10:28:37 PM,7/10/2026,
1442,29.3,gf,2.185,mm,OK,--,10:28:37 PM,7/10/2026,
1443,29.2,gf,2.180,mm,OK,--,10:28:37 PM,7/10/2026,
1444,29.4,gf,2.180,mm,OK,--,10:28:37 PM,7/10/2026,
1445,29.4,gf,2.175,mm,OK,--,10:28:37 PM,7/10/2026,
1446,29.4,gf,2.170,mm,OK,--,10:28:37 PM,7/10/2026,
1447,29.4,gf,2.170,mm,OK,--,10:28:38 PM,7/10/2026,
1448,29.4,gf,2.165,mm,OK,--,10:28:38 PM,7/10/2026,
1449,29.4,gf,2.165,mm,OK,--,10:28:38 PM,7/10/2026,
1450,29.2,gf,2.160,mm,OK,--,10:28:38 PM,7/10/2026,
1451,29.0,gf,2.160,mm,OK,--,10:28:38 PM,7/10/2026,
1452,29.1,gf,2.155,mm,OK,--,10:28:38 PM,7/10/2026,
1453,28.9,gf,2.155,mm,OK,--,10:28:38 PM,7/10/2026,
1454,28.8,gf,2.150,mm,OK,--,10:28:38 PM,7/10/2026,
1455,28.7,gf,2.150,mm,OK,--,10:28:38 PM,7/10/2026,
1456,28.5,gf,2.145,mm,OK,--,10:28:38 PM,7/10/2026,
1457,28.4,gf,2.140,mm,OK,--,10:28:39 PM,7/10/2026,
1458,28.3,gf,2.140,mm,OK,--,10:28:39 PM,7/10/2026,
1459,28.2,gf,2.135,mm,OK,--,10:28:39 PM,7/10/2026,
1460,28.0,gf,2.135,mm,OK,--,10:28:39 PM,7/10/2026,
1461,27.8,gf,2.130,mm,OK,--,10:28:39 PM,7/10/2026,
1462,27.6,gf,2.130,mm,OK,--,10:28:39 PM,7/10/2026,
1463,27.5,gf,2.125,mm,OK,--,10:28:39 PM,7/10/2026,
1464,27.4,gf,2.120,mm,OK,--,10:28:39 PM,7/10/2026,
1465,27.3,gf,2.120,mm,OK,--,10:28:39 PM,7/10/2026,
1466,27.2,gf,2.115,mm,OK,--,10:28:39 PM,7/10/2026,
1467,27.0,gf,2.110,mm,OK,--,10:28:40 PM,7/10/2026,
1468,26.9,gf,2.110,mm,OK,--,10:28:40 PM,7/10/2026,
1469,26.8,gf,2.105,mm,OK,--,10:28:40 PM,7/10/2026,
1470,26.8,gf,2.100,mm,OK,--,10:28:40 PM,7/10/2026,
1471,26.6,gf,2.100,mm,OK,--,10:28:40 PM,7/10/2026,
1472,26.5,gf,2.100,mm,OK,--,10:28:40 PM,7/10/2026,
1473,26.5,gf,2.095,mm,OK,--,10:28:40 PM,7/10/2026,
1474,26.3,gf,2.095,mm,OK,--,10:28:40 PM,7/10/2026,
1475,26.3,gf,2.090,mm,OK,--,10:28:40 PM,7/10/2026,
1476,26.1,gf,2.090,mm,OK,--,10:28:40 PM,7/10/2026,
1477,26.0,gf,2.085,mm,OK,--,10:28:41 PM,7/10/2026,
1478,25.9,gf,2.085,mm,OK,--,10:28:41 PM,7/10/2026,
1479,25.7,gf,2.080,mm,OK,--,10:28:41 PM,7/10/2026,
1480,25.6,gf,2.075,mm,OK,--,10:28:41 PM,7/10/2026,
1481,25.5,gf,2.075,mm,OK,--,10:28:41 PM,7/10/2026,
1482,25.3,gf,2.070,mm,OK,--,10:28:41 PM,7/10/2026,
1483,25.1,gf,2.070,mm,OK,--,10:28:41 PM,7/10/2026,
1484,25.0,gf,2.065,mm,OK,--,10:28:41 PM,7/10/2026,
1485,24.8,gf,2.065,mm,OK,--,10:28:41 PM,7/10/2026,
1486,24.6,gf,2.060,mm,OK,--,10:28:41 PM,7/10/2026,
1487,24.4,gf,2.060,mm,OK,--,10:28:42 PM,7/10/2026,
1488,24.3,gf,2.055,mm,OK,--,10:28:42 PM,7/10/2026,
1489,24.1,gf,2.050,mm,OK,--,10:28:42 PM,7/10/2026,
1490,23.9,gf,2.050,mm,OK,--,10:28:42 PM,7/10/2026,
1491,23.7,gf,2.045,mm,OK,--,10:28:42 PM,7/10/2026,
1492,23.6,gf,2.040,mm,OK,--,10:28:42 PM,7/10/2026,
1493,23.6,gf,2.035,mm,OK,--,10:28:42 PM,7/10/2026,
1494,23.4,gf,2.035,mm,OK,--,10:28:42 PM,7/10/2026,
1495,23.3,gf,2.035,mm,OK,--,10:28:42 PM,7/10/2026,
1496,23.1,gf,2.030,mm,OK,--,10:28:42 PM,7/10/2026,
1497,23.0,gf,2.030,mm,OK,--,10:28:43 PM,7/10/2026,
1498,23.0,gf,2.030,mm,OK,--,10:28:43 PM,7/10/2026,
1499,22.8,gf,2.030,mm,OK,--,10:28:43 PM,7/10/2026,
1500,22.7,gf,2.025,mm,OK,--,10:28:43 PM,7/10/2026,
1501,22.7,gf,2.025,mm,OK,--,10:28:43 PM,7/10/2026,
1502,22.7,gf,2.020,mm,OK,--,10:28:43 PM,7/10/2026,
1503,22.6,gf,2.020,mm,OK,--,10:28:43 PM,7/10/2026,
1504,22.5,gf,2.020,mm,OK,--,10:28:43 PM,7/10/2026,
1505,22.5,gf,2.015,mm,OK,--,10:28:43 PM,7/10/2026,
1506,22.6,gf,2.010,mm,OK,--,10:28:43 PM,7/10/2026,
1507,22.7,gf,2.010,mm,OK,--,10:28:44 PM,7/10/2026,
1508,22.5,gf,2.005,mm,OK,--,10:28:44 PM,7/10/2026,
1509,22.4,gf,2.005,mm,OK,--,10:28:44 PM,7/10/2026,
1510,22.4,gf,2.000,mm,OK,--,10:28:44 PM,7/10/2026,
1511,22.4,gf,1.995,mm,OK,--,10:28:44 PM,7/10/2026,
1512,22.4,gf,1.990,mm,OK,--,10:28:44 PM,7/10/2026,
1513,22.3,gf,1.980,mm,OK,--,10:28:44 PM,7/10/2026,
1514,22.5,gf,1.970,mm,OK,--,10:28:44 PM,7/10/2026,
1515,22.5,gf,1.960,mm,OK,--,10:28:44 PM,7/10/2026,
1516,22.3,gf,1.955,mm,OK,--,10:28:44 PM,7/10/2026,
1517,22.2,gf,1.945,mm,OK,--,10:28:45 PM,7/10/2026,
1518,22.1,gf,1.930,mm,OK,--,10:28:45 PM,7/10/2026,
1519,22.0,gf,1.920,mm,OK,--,10:28:45 PM,7/10/2026,
1520,21.8,gf,1.915,mm,OK,--,10:28:45 PM,7/10/2026,
1521,21.5,gf,1.915,mm,OK,--,10:28:45 PM,7/10/2026,
1522,21.3,gf,1.910,mm,OK,--,10:28:45 PM,7/10/2026,
1523,21.4,gf,1.905,mm,OK,--,10:28:45 PM,7/10/2026,
1524,21.4,gf,1.900,mm,OK,--,10:28:45 PM,7/10/2026,
1525,21.4,gf,1.895,mm,OK,--,10:28:45 PM,7/10/2026,
1526,21.4,gf,1.885,mm,OK,--,10:28:45 PM,7/10/2026,
1527,21.2,gf,1.880,mm,OK,--,10:28:46 PM,7/10/2026,
1528,21.2,gf,1.875,mm,OK,--,10:28:46 PM,7/10/2026,
1529,21.1,gf,1.870,mm,OK,--,10:28:46 PM,7/10/2026,
1530,21.1,gf,1.865,mm,OK,--,10:28:46 PM,7/10/2026,
1531,21.0,gf,1.860,mm,OK,--,10:28:46 PM,7/10/2026,
1532,21.0,gf,1.855,mm,OK,--,10:28:46 PM,7/10/2026,
1533,21.0,gf,1.855,mm,OK,--,10:28:46 PM,7/10/2026,
1534,20.9,gf,1.850,mm,OK,--,10:28:46 PM,7/10/2026,
1535,20.9,gf,1.850,mm,OK,--,10:28:46 PM,7/10/2026,
1536,20.9,gf,1.845,mm,OK,--,10:28:46 PM,7/10/2026,
1537,20.8,gf,1.845,mm,OK,--,10:28:47 PM,7/10/2026,
1538,20.6,gf,1.845,mm,OK,--,10:28:47 PM,7/10/2026,
1539,20.6,gf,1.840,mm,OK,--,10:28:47 PM,7/10/2026,
1540,20.8,gf,1.840,mm,OK,--,10:28:47 PM,7/10/2026,
1541,20.8,gf,1.835,mm,OK,--,10:28:47 PM,7/10/2026,
1542,20.7,gf,1.835,mm,OK,--,10:28:47 PM,7/10/2026,
1543,20.7,gf,1.830,mm,OK,--,10:28:47 PM,7/10/2026,
1544,20.6,gf,1.830,mm,OK,--,10:28:47 PM,7/10/2026,
1545,20.7,gf,1.825,mm,OK,--,10:28:47 PM,7/10/2026,
1546,20.7,gf,1.820,mm,OK,--,10:28:47 PM,7/10/2026,
1547,20.7,gf,1.815,mm,OK,--,10:28:48 PM,7/10/2026,
1548,20.7,gf,1.815,mm,OK,--,10:28:48 PM,7/10/2026,
1549,20.6,gf,1.810,mm,OK,--,10:28:48 PM,7/10/2026,
1550,20.6,gf,1.810,mm,OK,--,10:28:48 PM,7/10/2026,
1551,20.4,gf,1.805,mm,OK,--,10:28:48 PM,7/10/2026,
1552,20.6,gf,1.800,mm,OK,--,10:28:48 PM,7/10/2026,
1553,21.0,gf,1.790,mm,OK,--,10:28:48 PM,7/10/2026,
1554,21.0,gf,1.785,mm,OK,--,10:28:48 PM,7/10/2026,
1555,21.3,gf,1.775,mm,OK,--,10:28:48 PM,7/10/2026,
1556,21.3,gf,1.770,mm,OK,--,10:28:48 PM,7/10/2026,
1557,21.3,gf,1.765,mm,OK,--,10:28:49 PM,7/10/2026,
1558,21.5,gf,1.760,mm,OK,--,10:28:49 PM,7/10/2026,
1559,21.7,gf,1.755,mm,OK,--,10:28:49 PM,7/10/2026,
1560,21.8,gf,1.750,mm,OK,--,10:28:49 PM,7/10/2026,
1561,21.7,gf,1.745,mm,OK,--,10:28:49 PM,7/10/2026,
1562,21.7,gf,1.740,mm,OK,--,10:28:49 PM,7/10/2026,
1563,21.8,gf,1.735,mm,OK,--,10:28:49 PM,7/10/2026,
1564,21.6,gf,1.730,mm,OK,--,10:28:49 PM,7/10/2026,
1565,22.1,gf,1.720,mm,OK,--,10:28:49 PM,7/10/2026,
1566,22.3,gf,1.710,mm,OK,--,10:28:49 PM,7/10/2026,
1567,22.2,gf,1.705,mm,OK,--,10:28:50 PM,7/10/2026,
1568,22.1,gf,1.700,mm,OK,--,10:28:50 PM,7/10/2026,
1569,22.0,gf,1.695,mm,OK,--,10:28:50 PM,7/10/2026,
1570,21.9,gf,1.690,mm,OK,--,10:28:50 PM,7/10/2026,
1571,21.8,gf,1.685,mm,OK,--,10:28:50 PM,7/10/2026,
1572,21.6,gf,1.685,mm,OK,--,10:28:50 PM,7/10/2026,
1573,21.6,gf,1.680,mm,OK,--,10:28:50 PM,7/10/2026,
1574,21.8,gf,1.675,mm,OK,--,10:28:50 PM,7/10/2026,
1575,22.3,gf,1.665,mm,OK,--,10:28:50 PM,7/10/2026,
1576,22.3,gf,1.660,mm,OK,--,10:28:50 PM,7/10/2026,
1577,22.2,gf,1.650,mm,OK,--,10:28:51 PM,7/10/2026,
1578,22.3,gf,1.645,mm,OK,--,10:28:51 PM,7/10/2026,
1579,22.4,gf,1.640,mm,OK,--,10:28:51 PM,7/10/2026,
1580,22.3,gf,1.635,mm,OK,--,10:28:51 PM,7/10/2026,
1581,22.1,gf,1.635,mm,OK,--,10:28:51 PM,7/10/2026,
1582,22.1,gf,1.630,mm,OK,--,10:28:51 PM,7/10/2026,
1583,22.4,gf,1.625,mm,OK,--,10:28:51 PM,7/10/2026,
1584,22.4,gf,1.615,mm,OK,--,10:28:51 PM,7/10/2026,
1585,22.4,gf,1.610,mm,OK,--,10:28:51 PM,7/10/2026,
1586,22.9,gf,1.605,mm,OK,--,10:28:51 PM,7/10/2026,
1587,23.4,gf,1.595,mm,OK,--,10:28:52 PM,7/10/2026,
1588,23.3,gf,1.590,mm,OK,--,10:28:52 PM,7/10/2026,
1589,23.2,gf,1.585,mm,OK,--,10:28:52 PM,7/10/2026,
1590,23.4,gf,1.580,mm,OK,--,10:28:52 PM,7/10/2026,
1591,24.3,gf,1.565,mm,OK,--,10:28:52 PM,7/10/2026,
1592,24.7,gf,1.555,mm,OK,--,10:28:52 PM,7/10/2026,
1593,24.9,gf,1.545,mm,OK,--,10:28:52 PM,7/10/2026,
1594,25.2,gf,1.530,mm,OK,--,10:28:52 PM,7/10/2026,
1595,25.1,gf,1.520,mm,OK,--,10:28:52 PM,7/10/2026,
1596,25.2,gf,1.510,mm,OK,--,10:28:52 PM,7/10/2026,
1597,25.6,gf,1.495,mm,OK,--,10:28:53 PM,7/10/2026,
1598,26.4,gf,1.480,mm,OK,--,10:28:53 PM,7/10/2026,
1599,26.5,gf,1.470,mm,OK,--,10:28:53 PM,7/10/2026,
1600,26.4,gf,1.460,mm,OK,--,10:28:53 PM,7/10/2026,
1601,26.5,gf,1.455,mm,OK,--,10:28:53 PM,7/10/2026,
1602,26.6,gf,1.445,mm,OK,--,10:28:53 PM,7/10/2026,
1603,26.7,gf,1.440,mm,OK,--,10:28:53 PM,7/10/2026,
1604,26.8,gf,1.430,mm,OK,--,10:28:53 PM,7/10/2026,
1605,26.9,gf,1.425,mm,OK,--,10:28:53 PM,7/10/2026,
1606,26.8,gf,1.420,mm,OK,--,10:28:53 PM,7/10/2026,
1607,26.9,gf,1.415,mm,OK,--,10:28:54 PM,7/10/2026,
1608,27.0,gf,1.405,mm,OK,--,10:28:54 PM,7/10/2026,
1609,27.2,gf,1.395,mm,OK,--,10:28:54 PM,7/10/2026,
1610,27.3,gf,1.390,mm,OK,--,10:28:54 PM,7/10/2026,
1611,27.4,gf,1.380,mm,OK,--,10:28:54 PM,7/10/2026,
1612,27.9,gf,1.365,mm,OK,--,10:28:54 PM,7/10/2026,
1613,28.2,gf,1.350,mm,OK,--,10:28:54 PM,7/10/2026,
1614,28.5,gf,1.340,mm,OK,--,10:28:54 PM,7/10/2026,
1615,28.4,gf,1.335,mm,OK,--,10:28:54 PM,7/10/2026,
1616,28.3,gf,1.330,mm,OK,--,10:28:54 PM,7/10/2026,
1617,28.2,gf,1.325,mm,OK,--,10:28:55 PM,7/10/2026,
1618,28.4,gf,1.315,mm,OK,--,10:28:55 PM,7/10/2026,
1619,28.5,gf,1.305,mm,OK,--,10:28:55 PM,7/10/2026,
1620,28.2,gf,1.300,mm,OK,--,10:28:55 PM,7/10/2026,
1621,28.2,gf,1.290,mm,OK,--,10:28:55 PM,7/10/2026,
1622,28.0,gf,1.285,mm,OK,--,10:28:55 PM,7/10/2026,
1623,27.9,gf,1.280,mm,OK,--,10:28:55 PM,7/10/2026,
1624,28.1,gf,1.275,mm,OK,--,10:28:55 PM,7/10/2026,
1625,28.4,gf,1.270,mm,OK,--,10:28:55 PM,7/10/2026,
1626,28.7,gf,1.265,mm,OK,--,10:28:55 PM,7/10/2026,
1627,29.1,gf,1.260,mm,OK,--,10:28:56 PM,7/10/2026,
1628,29.6,gf,1.255,mm,OK,--,10:28:56 PM,7/10/2026,
1629,30.0,gf,1.245,mm,OK,--,10:28:56 PM,7/10/2026,
1630,30.2,gf,1.240,mm,OK,--,10:28:56 PM,7/10/2026,
1631,30.4,gf,1.235,mm,OK,--,10:28:56 PM,7/10/2026,
1632,30.5,gf,1.230,mm,OK,--,10:28:56 PM,7/10/2026,
1633,31.2,gf,1.220,mm,OK,--,10:28:56 PM,7/10/2026,
1634,31.4,gf,1.215,mm,OK,--,10:28:56 PM,7/10/2026,
1635,31.5,gf,1.210,mm,OK,--,10:28:56 PM,7/10/2026,
1636,31.6,gf,1.210,mm,OK,--,10:28:56 PM,7/10/2026,
1637,31.8,gf,1.205,mm,OK,--,10:28:57 PM,7/10/2026,
1638,32.1,gf,1.200,mm,OK,--,10:28:57 PM,7/10/2026,
1639,32.3,gf,1.195,mm,OK,--,10:28:57 PM,7/10/2026,
1640,32.5,gf,1.195,mm,OK,--,10:28:57 PM,7/10/2026,
1641,32.6,gf,1.190,mm,OK,--,10:28:57 PM,7/10/2026,
1642,32.7,gf,1.185,mm,OK,--,10:28:57 PM,7/10/2026,
1643,32.8,gf,1.180,mm,OK,--,10:28:57 PM,7/10/2026,
1644,32.7,gf,1.180,mm,OK,--,10:28:57 PM,7/10/2026,
1645,32.8,gf,1.175,mm,OK,--,10:28:57 PM,7/10/2026,
1646,32.8,gf,1.170,mm,OK,--,10:28:57 PM,7/10/2026,
1647,32.8,gf,1.165,mm,OK,--,10:28:58 PM,7/10/2026,
1648,32.8,gf,1.160,mm,OK,--,10:28:58 PM,7/10/2026,
1649,32.8,gf,1.155,mm,OK,--,10:28:58 PM,7/10/2026,
1650,32.8,gf,1.155,mm,OK,--,10:28:58 PM,7/10/2026,
1651,32.8,gf,1.150,mm,OK,--,10:28:58 PM,7/10/2026,
1652,32.8,gf,1.150,mm,OK,--,10:28:58 PM,7/10/2026,
1653,32.9,gf,1.145,mm,OK,--,10:28:58 PM,7/10/2026,
1654,32.8,gf,1.140,mm,OK,--,10:28:58 PM,7/10/2026,
1655,32.7,gf,1.140,mm,OK,--,10:28:58 PM,7/10/2026,
1656,32.6,gf,1.135,mm,OK,--,10:28:58 PM,7/10/2026,
1657,32.6,gf,1.135,mm,OK,--,10:28:59 PM,7/10/2026,
1658,32.6,gf,1.135,mm,OK,--,10:28:59 PM,7/10/2026,
1659,32.5,gf,1.130,mm,OK,--,10:28:59 PM,7/10/2026,
1660,32.4,gf,1.130,mm,OK,--,10:28:59 PM,7/10/2026,
1661,32.3,gf,1.130,mm,OK,--,10:28:59 PM,7/10/2026,
1662,32.3,gf,1.130,mm,OK,--,10:28:59 PM,7/10/2026,
1663,32.5,gf,1.125,mm,OK,--,10:28:59 PM,7/10/2026,
1664,32.5,gf,1.125,mm,OK,--,10:28:59 PM,7/10/2026,
1665,32.5,gf,1.120,mm,OK,--,10:28:59 PM,7/10/2026,
1666,32.5,gf,1.120,mm,OK,--,10:28:59 PM,7/10/2026,
1667,32.5,gf,1.120,mm,OK,--,10:29:00 PM,7/10/2026,
1668,32.5,gf,1.115,mm,OK,--,10:29:00 PM,7/10/2026,
1669,32.5,gf,1.115,mm,OK,--,10:29:00 PM,7/10/2026,
1670,32.5,gf,1.110,mm,OK,--,10:29:00 PM,7/10/2026,
1671,32.6,gf,1.105,mm,OK,--,10:29:00 PM,7/10/2026,
1672,32.9,gf,1.100,mm,OK,--,10:29:00 PM,7/10/2026,
1673,32.9,gf,1.100,mm,OK,--,10:29:00 PM,7/10/2026,
1674,32.6,gf,1.100,mm,OK,--,10:29:00 PM,7/10/2026,
1675,32.7,gf,1.095,mm,OK,--,10:29:00 PM,7/10/2026,
1676,32.6,gf,1.095,mm,OK,--,10:29:00 PM,7/10/2026,
1677,32.7,gf,1.090,mm,OK,--,10:29:01 PM,7/10/2026,
1678,32.8,gf,1.085,mm,OK,--,10:29:01 PM,7/10/2026,
1679,32.9,gf,1.080,mm,OK,--,10:29:01 PM,7/10/2026,
1680,33.1,gf,1.070,mm,OK,--,10:29:01 PM,7/10/2026,
1681,33.4,gf,1.060,mm,OK,--,10:29:01 PM,7/10/2026,
1682,33.4,gf,1.055,mm,OK,--,10:29:01 PM,7/10/2026,
1683,33.5,gf,1.050,mm,OK,--,10:29:01 PM,7/10/2026,
1684,33.5,gf,1.050,mm,OK,--,10:29:01 PM,7/10/2026,
1685,33.5,gf,1.045,mm,OK,--,10:29:01 PM,7/10/2026,
1686,33.6,gf,1.040,mm,OK,--,10:29:01 PM,7/10/2026,
1687,33.6,gf,1.035,mm,OK,--,10:29:02 PM,7/10/2026,
1688,33.6,gf,1.030,mm,OK,--,10:29:02 PM,7/10/2026,
1689,33.5,gf,1.030,mm,OK,--,10:29:02 PM,7/10/2026,
1690,33.6,gf,1.025,mm,OK,--,10:29:02 PM,7/10/2026,
1691,33.6,gf,1.025,mm,OK,--,10:29:02 PM,7/10/2026,
1692,33.6,gf,1.025,mm,OK,--,10:29:02 PM,7/10/2026,
1693,33.5,gf,1.020,mm,OK,--,10:29:02 PM,7/10/2026,
1694,33.5,gf,1.020,mm,OK,--,10:29:02 PM,7/10/2026,
1695,33.5,gf,1.020,mm,OK,--,10:29:02 PM,7/10/2026,
1696,33.6,gf,1.015,mm,OK,--,10:29:02 PM,7/10/2026,
1697,33.8,gf,1.010,mm,OK,--,10:29:03 PM,7/10/2026,
1698,34.0,gf,1.005,mm,OK,--,10:29:03 PM,7/10/2026,
1699,34.0,gf,1.005,mm,OK,--,10:29:03 PM,7/10/2026,
1700,34.0,gf,1.000,mm,OK,--,10:29:03 PM,7/10/2026,
1701,34.0,gf,1.000,mm,OK,--,10:29:03 PM,7/10/2026,
1702,34.1,gf,0.995,mm,OK,--,10:29:03 PM,7/10/2026,
1703,34.3,gf,0.990,mm,OK,--,10:29:03 PM,7/10/2026,
1704,34.4,gf,0.990,mm,OK,--,10:29:03 PM,7/10/2026,
1705,34.4,gf,0.985,mm,OK,--,10:29:03 PM,7/10/2026,
1706,34.6,gf,0.980,mm,OK,--,10:29:03 PM,7/10/2026,
1707,34.6,gf,0.980,mm,OK,--,10:29:04 PM,7/10/2026,
1708,34.7,gf,0.975,mm,OK,--,10:29:04 PM,7/10/2026,
1709,35.1,gf,0.970,mm,OK,--,10:29:04 PM,7/10/2026,
1710,35.6,gf,0.955,mm,OK,--,10:29:04 PM,7/10/2026,
1711,35.7,gf,0.950,mm,OK,--,10:29:04 PM,7/10/2026,
1712,35.8,gf,0.940,mm,OK,--,10:29:04 PM,7/10/2026,
1713,35.9,gf,0.935,mm,OK,--,10:29:04 PM,7/10/2026,
1714,35.9,gf,0.930,mm,OK,--,10:29:04 PM,7/10/2026,
1715,36.1,gf,0.925,mm,OK,--,10:29:04 PM,7/10/2026,
1716,36.0,gf,0.920,mm,OK,--,10:29:04 PM,7/10/2026,
1717,35.8,gf,0.920,mm,OK,--,10:29:05 PM,7/10/2026,
1718,36.1,gf,0.915,mm,OK,--,10:29:05 PM,7/10/2026,
1719,36.1,gf,0.910,mm,OK,--,10:29:05 PM,7/10/2026,
1720,36.1,gf,0.905,mm,OK,--,10:29:05 PM,7/10/2026,
1721,36.1,gf,0.905,mm,OK,--,10:29:05 PM,7/10/2026,
1722,36.1,gf,0.905,mm,OK,--,10:29:05 PM,7/10/2026,
1723,36.1,gf,0.900,mm,OK,--,10:29:05 PM,7/10/2026,
1724,36.0,gf,0.900,mm,OK,--,10:29:05 PM,7/10/2026,
1725,36.0,gf,0.900,mm,OK,--,10:29:05 PM,7/10/2026,
1726,36.0,gf,0.900,mm,OK,--,10:29:05 PM,7/10/2026,
1727,35.9,gf,0.900,mm,OK,--,10:29:06 PM,7/10/2026,
1728,35.8,gf,0.900,mm,OK,--,10:29:06 PM,7/10/2026,
1729,35.9,gf,0.900,mm,OK,--,10:29:06 PM,7/10/2026,
1730,35.9,gf,0.900,mm,OK,--,10:29:06 PM,7/10/2026,
1731,36.0,gf,0.895,mm,OK,--,10:29:06 PM,7/10/2026,
1732,35.9,gf,0.895,mm,OK,--,10:29:06 PM,7/10/2026,
1733,35.7,gf,0.895,mm,OK,--,10:29:06 PM,7/10/2026,
1734,36.0,gf,0.890,mm,OK,--,10:29:06 PM,7/10/2026,
1735,36.6,gf,0.885,mm,OK,--,10:29:06 PM,7/10/2026,
1736,36.8,gf,0.880,mm,OK,--,10:29:06 PM,7/10/2026,
1737,36.9,gf,0.875,mm,OK,--,10:29:07 PM,7/10/2026,
1738,37.0,gf,0.870,mm,OK,--,10:29:07 PM,7/10/2026,
1739,37.4,gf,0.860,mm,OK,--,10:29:07 PM,7/10/2026,
1740,37.9,gf,0.845,mm,OK,--,10:29:07 PM,7/10/2026,
1741,38.1,gf,0.835,mm,OK,--,10:29:07 PM,7/10/2026,
1742,38.5,gf,0.825,mm,OK,--,10:29:07 PM,7/10/2026,
1743,39.2,gf,0.815,mm,OK,--,10:29:07 PM,7/10/2026,
1744,39.5,gf,0.805,mm,OK,--,10:29:07 PM,7/10/2026,
1745,39.6,gf,0.790,mm,OK,--,10:29:07 PM,7/10/2026,
1746,39.8,gf,0.775,mm,OK,--,10:29:07 PM,7/10/2026,
1747,39.9,gf,0.765,mm,OK,--,10:29:08 PM,7/10/2026,
1748,39.8,gf,0.755,mm,OK,--,10:29:08 PM,7/10/2026,
1749,39.8,gf,0.745,mm,OK,--,10:29:08 PM,7/10/2026,
1750,39.5,gf,0.740,mm,OK,--,10:29:08 PM,7/10/2026,
1751,39.5,gf,0.735,mm,OK,--,10:29:08 PM,7/10/2026,
1752,39.5,gf,0.735,mm,OK,--,10:29:08 PM,7/10/2026,
1753,39.3,gf,0.730,mm,OK,--,10:29:08 PM,7/10/2026,
1754,39.2,gf,0.730,mm,OK,--,10:29:08 PM,7/10/2026,
1755,39.0,gf,0.730,mm,OK,--,10:29:08 PM,7/10/2026,
1756,39.0,gf,0.725,mm,OK,--,10:29:08 PM,7/10/2026,
1757,39.3,gf,0.720,mm,OK,--,10:29:09 PM,7/10/2026,
1758,40.3,gf,0.700,mm,OK,--,10:29:09 PM,7/10/2026,
1759,40.5,gf,0.675,mm,OK,--,10:29:09 PM,7/10/2026,
1760,40.8,gf,0.650,mm,OK,--,10:29:09 PM,7/10/2026,
1761,40.8,gf,0.635,mm,OK,--,10:29:09 PM,7/10/2026,
1762,40.5,gf,0.630,mm,OK,--,10:29:09 PM,7/10/2026,
1763,40.2,gf,0.620,mm,OK,--,10:29:09 PM,7/10/2026,
1764,40.0,gf,0.615,mm,OK,--,10:29:09 PM,7/10/2026,
1765,40.2,gf,0.605,mm,OK,--,10:29:09 PM,7/10/2026,
1766,40.0,gf,0.600,mm,OK,--,10:29:09 PM,7/10/2026,
1767,40.2,gf,0.590,mm,OK,--,10:29:10 PM,7/10/2026,
1768,40.2,gf,0.585,mm,OK,--,10:29:10 PM,7/10/2026,
1769,40.3,gf,0.580,mm,OK,--,10:29:10 PM,7/10/2026,
1770,40.3,gf,0.575,mm,OK,--,10:29:10 PM,7/10/2026,
1771,40.4,gf,0.570,mm,OK,--,10:29:10 PM,7/10/2026,
1772,40.3,gf,0.565,mm,OK,--,10:29:10 PM,7/10/2026,
1773,40.6,gf,0.560,mm,OK,--,10:29:10 PM,7/10/2026,
1774,40.8,gf,0.550,mm,OK,--,10:29:10 PM,7/10/2026,
1775,40.7,gf,0.550,mm,OK,--,10:29:10 PM,7/10/2026,
1776,40.7,gf,0.540,mm,OK,--,10:29:10 PM,7/10/2026,
1777,40.8,gf,0.535,mm,OK,--,10:29:11 PM,7/10/2026,
1778,40.8,gf,0.530,mm,OK,--,10:29:11 PM,7/10/2026,
1779,40.8,gf,0.525,mm,OK,--,10:29:11 PM,7/10/2026,
1780,40.7,gf,0.520,mm,OK,--,10:29:11 PM,7/10/2026,
1781,40.8,gf,0.515,mm,OK,--,10:29:11 PM,7/10/2026,
1782,40.8,gf,0.505,mm,OK,--,10:29:11 PM,7/10/2026,
1783,40.8,gf,0.500,mm,OK,--,10:29:11 PM,7/10/2026,
1784,40.9,gf,0.495,mm,OK,--,10:29:11 PM,7/10/2026,
1785,40.9,gf,0.495,mm,OK,--,10:29:11 PM,7/10/2026,
1786,40.9,gf,0.490,mm,OK,--,10:29:11 PM,7/10/2026,
1787,40.9,gf,0.485,mm,OK,--,10:29:12 PM,7/10/2026,
1788,40.8,gf,0.485,mm,OK,--,10:29:12 PM,7/10/2026,
1789,40.7,gf,0.480,mm,OK,--,10:29:12 PM,7/10/2026,
1790,40.7,gf,0.480,mm,OK,--,10:29:12 PM,7/10/2026,
1791,40.7,gf,0.480,mm,OK,--,10:29:12 PM,7/10/2026,
1792,40.7,gf,0.475,mm,OK,--,10:29:12 PM,7/10/2026,
1793,40.8,gf,0.470,mm,OK,--,10:29:12 PM,7/10/2026,
1794,40.8,gf,0.470,mm,OK,--,10:29:12 PM,7/10/2026,
1795,40.8,gf,0.470,mm,OK,--,10:29:12 PM,7/10/2026,
1796,40.7,gf,0.465,mm,OK,--,10:29:12 PM,7/10/2026,
1797,40.8,gf,0.465,mm,OK,--,10:29:13 PM,7/10/2026,
1798,40.7,gf,0.465,mm,OK,--,10:29:13 PM,7/10/2026,
1799,40.7,gf,0.460,mm,OK,--,10:29:13 PM,7/10/2026,
1800,40.9,gf,0.455,mm,OK,--,10:29:13 PM,7/10/2026,
1801,41.5,gf,0.450,mm,OK,--,10:29:13 PM,7/10/2026,
1802,41.7,gf,0.440,mm,OK,--,10:29:13 PM,7/10/2026,
1803,42.0,gf,0.430,mm,OK,--,10:29:13 PM,7/10/2026,
1804,41.9,gf,0.420,mm,OK,--,10:29:13 PM,7/10/2026,
1805,41.8,gf,0.415,mm,OK,--,10:29:13 PM,7/10/2026,
1806,41.6,gf,0.415,mm,OK,--,10:29:13 PM,7/10/2026,
1807,41.5,gf,0.410,mm,OK,--,10:29:14 PM,7/10/2026,
1808,41.5,gf,0.405,mm,OK,--,10:29:14 PM,7/10/2026,
1809,41.5,gf,0.405,mm,OK,--,10:29:14 PM,7/10/2026,
1810,41.5,gf,0.400,mm,OK,--,10:29:14 PM,7/10/2026,
1811,41.5,gf,0.395,mm,OK,--,10:29:14 PM,7/10/2026,
1812,41.5,gf,0.395,mm,OK,--,10:29:14 PM,7/10/2026,
1813,41.4,gf,0.390,mm,OK,--,10:29:14 PM,7/10/2026,
1814,41.3,gf,0.390,mm,OK,--,10:29:14 PM,7/10/2026,
1815,41.5,gf,0.385,mm,OK,--,10:29:14 PM,7/10/2026,
1816,41.4,gf,0.380,mm,OK,--,10:29:14 PM,7/10/2026,
1817,41.4,gf,0.375,mm,OK,--,10:29:15 PM,7/10/2026,
1818,41.4,gf,0.370,mm,OK,--,10:29:15 PM,7/10/2026,
1819,41.3,gf,0.370,mm,OK,--,10:29:15 PM,7/10/2026,
1820,41.2,gf,0.365,mm,OK,--,10:29:15 PM,7/10/2026,
1821,41.3,gf,0.360,mm,OK,--,10:29:15 PM,7/10/2026,
1822,41.3,gf,0.355,mm,OK,--,10:29:15 PM,7/10/2026,
1823,41.3,gf,0.350,mm,OK,--,10:29:15 PM,7/10/2026,
1824,41.2,gf,0.345,mm,OK,--,10:29:15 PM,7/10/2026,
1825,41.0,gf,0.340,mm,OK,--,10:29:15 PM,7/10/2026,
1826,40.9,gf,0.335,mm,OK,--,10:29:15 PM,7/10/2026,
1827,40.7,gf,0.335,mm,OK,--,10:29:16 PM,7/10/2026,
1828,40.6,gf,0.335,mm,OK,--,10:29:16 PM,7/10/2026,
1829,40.7,gf,0.330,mm,OK,--,10:29:16 PM,7/10/2026,
1830,40.9,gf,0.325,mm,OK,--,10:29:16 PM,7/10/2026,
1831,40.8,gf,0.325,mm,OK,--,10:29:16 PM,7/10/2026,
1832,40.8,gf,0.320,mm,OK,--,10:29:16 PM,7/10/2026,
1833,41.1,gf,0.310,mm,OK,--,10:29:16 PM,7/10/2026,
1834,41.0,gf,0.305,mm,OK,--,10:29:16 PM,7/10/2026,
1835,40.9,gf,0.295,mm,OK,--,10:29:16 PM,7/10/2026,
1836,40.9,gf,0.290,mm,OK,--,10:29:16 PM,7/10/2026,
1837,40.7,gf,0.285,mm,OK,--,10:29:17 PM,7/10/2026,
1838,40.6,gf,0.280,mm,OK,--,10:29:17 PM,7/10/2026,
1839,40.5,gf,0.270,mm,OK,--,10:29:17 PM,7/10/2026,
1840,40.3,gf,0.270,mm,OK,--,10:29:17 PM,7/10/2026,
1841,40.1,gf,0.265,mm,OK,--,10:29:17 PM,7/10/2026,
1842,40.0,gf,0.260,mm,OK,--,10:29:17 PM,7/10/2026,
1843,39.8,gf,0.260,mm,OK,--,10:29:17 PM,7/10/2026,
1844,39.9,gf,0.255,mm,OK,--,10:29:17 PM,7/10/2026,
1845,39.9,gf,0.255,mm,OK,--,10:29:17 PM,7/10/2026,
1846,39.8,gf,0.250,mm,OK,--,10:29:17 PM,7/10/2026,
1847,40.0,gf,0.245,mm,OK,--,10:29:18 PM,7/10/2026,
1848,39.8,gf,0.240,mm,OK,--,10:29:18 PM,7/10/2026,
1849,39.7,gf,0.235,mm,OK,--,10:29:18 PM,7/10/2026,
1850,39.8,gf,0.230,mm,OK,--,10:29:18 PM,7/10/2026,
1851,39.7,gf,0.225,mm,OK,--,10:29:18 PM,7/10/2026,
1852,39.5,gf,0.225,mm,OK,--,10:29:18 PM,7/10/2026,
1853,39.3,gf,0.220,mm,OK,--,10:29:18 PM,7/10/2026,
1854,39.1,gf,0.215,mm,OK,--,10:29:18 PM,7/10/2026,
1855,38.8,gf,0.215,mm,OK,--,10:29:18 PM,7/10/2026,
1856,38.7,gf,0.210,mm,OK,--,10:29:18 PM,7/10/2026,
1857,38.6,gf,0.210,mm,OK,--,10:29:19 PM,7/10/2026,
1858,38.4,gf,0.210,mm,OK,--,10:29:19 PM,7/10/2026,
1859,38.3,gf,0.205,mm,OK,--,10:29:19 PM,7/10/2026,
1860,38.2,gf,0.200,mm,OK,--,10:29:19 PM,7/10/2026,
1861,38.1,gf,0.200,mm,OK,--,10:29:19 PM,7/10/2026,
1862,37.9,gf,0.195,mm,OK,--,10:29:19 PM,7/10/2026,
1863,37.9,gf,0.195,mm,OK,--,10:29:19 PM,7/10/2026,
1864,37.6,gf,0.195,mm,OK,--,10:29:19 PM,7/10/2026,
1865,37.4,gf,0.190,mm,OK,--,10:29:19 PM,7/10/2026,
1866,37.2,gf,0.190,mm,OK,--,10:29:19 PM,7/10/2026,
1867,36.9,gf,0.185,mm,OK,--,10:29:20 PM,7/10/2026,
1868,36.7,gf,0.180,mm,OK,--,10:29:20 PM,7/10/2026,
1869,36.6,gf,0.180,mm,OK,--,10:29:20 PM,7/10/2026,
1870,36.4,gf,0.180,mm,OK,--,10:29:20 PM,7/10/2026,
1871,36.1,gf,0.175,mm,OK,--,10:29:20 PM,7/10/2026,
1872,35.9,gf,0.175,mm,OK,--,10:29:20 PM,7/10/2026,
1873,35.7,gf,0.175,mm,OK,--,10:29:20 PM,7/10/2026,
1874,35.3,gf,0.170,mm,OK,--,10:29:20 PM,7/10/2026,
1875,35.1,gf,0.165,mm,OK,--,10:29:20 PM,7/10/2026,
1876,34.8,gf,0.160,mm,OK,--,10:29:20 PM,7/10/2026,
1877,34.6,gf,0.160,mm,OK,--,10:29:21 PM,7/10/2026,
1878,34.4,gf,0.155,mm,OK,--,10:29:21 PM,7/10/2026,
1879,34.3,gf,0.155,mm,OK,--,10:29:21 PM,7/10/2026,
1880,34.1,gf,0.155,mm,OK,--,10:29:21 PM,7/10/2026,
1881,33.8,gf,0.150,mm,OK,--,10:29:21 PM,7/10/2026,
1882,33.7,gf,0.150,mm,OK,--,10:29:21 PM,7/10/2026,
1883,33.5,gf,0.150,mm,OK,--,10:29:21 PM,7/10/2026,
1884,33.2,gf,0.150,mm,OK,--,10:29:21 PM,7/10/2026,
1885,33.2,gf,0.145,mm,OK,--,10:29:21 PM,7/10/2026,
1886,33.0,gf,0.145,mm,OK,--,10:29:21 PM,7/10/2026,
1887,32.7,gf,0.140,mm,OK,--,10:29:22 PM,7/10/2026,
1888,32.5,gf,0.140,mm,OK,--,10:29:22 PM,7/10/2026,
1889,32.2,gf,0.135,mm,OK,--,10:29:22 PM,7/10/2026,
1890,31.7,gf,0.135,mm,OK,--,10:29:22 PM,7/10/2026,
1891,31.1,gf,0.125,mm,OK,--,10:29:22 PM,7/10/2026,
1892,30.8,gf,0.120,mm,OK,--,10:29:22 PM,7/10/2026,
1893,30.5,gf,0.115,mm,OK,--,10:29:22 PM,7/10/2026,
1894,30.3,gf,0.110,mm,OK,--,10:29:22 PM,7/10/2026,
1895,30.1,gf,0.100,mm,OK,--,10:29:22 PM,7/10/2026,
1896,26.1,gf,0.095,mm,OK,--,10:29:22 PM,7/10/2026,
1897,22.1,gf,0.090,mm,OK,--,10:29:23 PM,7/10/2026,
1898,20.0,gf,0.085,mm,OK,--,10:29:23 PM,7/10/2026,
1899,19.1,gf,0.085,mm,OK,--,10:29:23 PM,7/10/2026,
1900,17.5,gf,0.080,mm,OK,--,10:29:23 PM,7/10/2026,
1901,9.2,gf,0.070,mm,OK,--,10:29:23 PM,7/10/2026,
1902,1.0,gf,0.055,mm,OK,--,10:29:23 PM,7/10/2026,
1903,0.1,gf,0.040,mm,OK,--,10:29:23 PM,7/10/2026,
1904,0.1,gf,0.030,mm,OK,--,10:29:23 PM,7/10/2026,
1905,0.0,gf,0.015,mm,OK,--,10:29:23 PM,7/10/2026,
1906,0.0,gf,0.005,mm,OK,--,10:29:23 PM,7/10/2026,
1907,0.0,gf,0.000,mm,OK,--,10:29:24 PM,7/10/2026,
1908,0.0,gf,-0.010,mm,OK,--,10:29:24 PM,7/10/2026,
1909,0.0,gf,-0.020,mm,OK,--,10:29:24 PM,7/10/2026,
1910,0.0,gf,-0.030,mm,OK,--,10:29:24 PM,7/10/2026,
1911,0.0,gf,-0.035,mm,OK,--,10:29:24 PM,7/10/2026,
1912,0.0,gf,-0.045,mm,OK,--,10:29:24 PM,7/10/2026,
1913,0.0,gf,-0.050,mm,OK,--,10:29:24 PM,7/10/2026,
1914,0.0,gf,-0.050,mm,OK,--,10:29:24 PM,7/10/2026,
1915,0.0,gf,-0.055,mm,OK,--,10:29:24 PM,7/10/2026,
1916,0.0,gf,-0.060,mm,OK,--,10:29:24 PM,7/10/2026,
1917,0.1,gf,-0.060,mm,OK,--,10:29:25 PM,7/10/2026,
1918,0.0,gf,-0.060,mm,OK,--,10:29:25 PM,7/10/2026,
1919,0.1,gf,-0.060,mm,OK,--,10:29:25 PM,7/10/2026,
1920,0.1,gf,-0.060,mm,OK,--,10:29:25 PM,7/10/2026,
1921,0.1,gf,-0.060,mm,OK,--,10:29:25 PM,7/10/2026,
1922,0.1,gf,-0.060,mm,OK,--,10:29:25 PM,7/10/2026,
1923,-0.3,gf,-0.055,mm,OK,--,10:29:25 PM,7/10/2026,
1924,-0.1,gf,-0.050,mm,OK,--,10:29:25 PM,7/10/2026,
1925,0.0,gf,-0.040,mm,OK,--,10:29:25 PM,7/10/2026,
1926,0.0,gf,-0.035,mm,OK,--,10:29:25 PM,7/10/2026,
1927,0.0,gf,-0.030,mm,OK,--,10:29:26 PM,7/10/2026,
1928,-0.1,gf,-0.020,mm,OK,--,10:29:26 PM,7/10/2026,
1929,0.0,gf,-0.015,mm,OK,--,10:29:26 PM,7/10/2026,
1930,-0.1,gf,-0.005,mm,OK,--,10:29:26 PM,7/10/2026,
1931,0.0,gf,0.005,mm,OK,--,10:29:26 PM,7/10/2026,
1932,-0.1,gf,0.010,mm,OK,--,10:29:26 PM,7/10/2026,
1933,0.0,gf,0.020,mm,OK,--,10:29:26 PM,7/10/2026,
1934,0.0,gf,0.035,mm,OK,--,10:29:26 PM,7/10/2026,
1935,0.1,gf,0.045,mm,OK,--,10:29:26 PM,7/10/2026,
