Maximum,192.3,@,No.1054,,,,,,
Minimum,-0.2,@,No.1854,,,,,,
Average,48.51,,,,,,,,
Data Quantity,1873,,,,,,,,
Number of NG,0,,,,,,,,
No.,Force,Unit,Displacement,Unit,Judge,Position,Time,Date,
1,-0.1,gf,0.000,mm,OK,--,9:23:12 PM,7/10/2026,
2,0.0,gf,0.000,mm,OK,--,9:23:12 PM,7/10/2026,
3,0.1,gf,0.000,mm,OK,--,9:23:13 PM,7/10/2026,
4,0.0,gf,0.000,mm,OK,--,9:23:13 PM,7/10/2026,
5,0.0,gf,0.005,mm,OK,--,9:23:13 PM,7/10/2026,
6,0.0,gf,0.005,mm,OK,--,9:23:13 PM,7/10/2026,
7,0.0,gf,0.005,mm,OK,--,9:23:13 PM,7/10/2026,
8,-0.1,gf,0.005,mm,OK,--,9:23:13 PM,7/10/2026,
9,0.0,gf,0.010,mm,OK,--,9:23:13 PM,7/10/2026,
10,0.0,gf,0.010,mm,OK,--,9:23:13 PM,7/10/2026,
11,0.0,gf,0.010,mm,OK,--,9:23:13 PM,7/10/2026,
12,0.0,gf,0.010,mm,OK,--,9:23:13 PM,7/10/2026,
13,0.0,gf,0.010,mm,OK,--,9:23:14 PM,7/10/2026,
14,0.0,gf,0.015,mm,OK,--,9:23:14 PM,7/10/2026,
15,0.0,gf,0.015,mm,OK,--,9:23:14 PM,7/10/2026,
16,0.0,gf,0.015,mm,OK,--,9:23:14 PM,7/10/2026,
17,0.0,gf,0.015,mm,OK,--,9:23:14 PM,7/10/2026,
18,0.0,gf,0.015,mm,OK,--,9:23:14 PM,7/10/2026,
19,-0.1,gf,0.015,mm,OK,--,9:23:14 PM,7/10/2026,
20,0.0,gf,0.015,mm,OK,--,9:23:14 PM,7/10/2026,
21,0.1,gf,0.020,mm,OK,--,9:23:14 PM,7/10/2026,
22,0.6,gf,0.020,mm,OK,--,9:23:14 PM,7/10/2026,
23,1.2,gf,0.020,mm,OK,--,9:23:15 PM,7/10/2026,
24,1.8,gf,0.020,mm,OK,--,9:23:15 PM,7/10/2026,
25,2.2,gf,0.020,mm,OK,--,9:23:15 PM,7/10/2026,
26,2.4,gf,0.020,mm,OK,--,9:23:15 PM,7/10/2026,
27,2.7,gf,0.020,mm,OK,--,9:23:15 PM,7/10/2026,
28,2.9,gf,0.025,mm,OK,--,9:23:15 PM,7/10/2026,
29,3.2,gf,0.025,mm,OK,--,9:23:15 PM,7/10/2026,
30,3.6,gf,0.025,mm,OK,--,9:23:15 PM,7/10/2026,
31,4.0,gf,0.025,mm,OK,--,9:23:15 PM,7/10/2026,
32,4.4,gf,0.025,mm,OK,--,9:23:15 PM,7/10/2026,
33,4.8,gf,0.025,mm,OK,--,9:23:16 PM,7/10/2026,
34,5.4,gf,0.025,mm,OK,--,9:23:16 PM,7/10/2026,
35,6.1,gf,0.025,mm,OK,--,9:23:16 PM,7/10/2026,
36,7.1,gf,0.030,mm,OK,--,9:23:16 PM,7/10/2026,
37,8.0,gf,0.030,mm,OK,--,9:23:16 PM,7/10/2026,
38,9.0,gf,0.030,mm,OK,--,9:23:16 PM,7/10/2026,
39,9.7,gf,0.030,mm,OK,--,9:23:16 PM,7/10/2026,
40,10.8,gf,0.035,mm,OK,--,9:23:16 PM,7/10/2026,
41,12.6,gf,0.035,mm,OK,--,9:23:16 PM,7/10/2026,
42,14.8,gf,0.040,mm,OK,--,9:23:16 PM,7/10/2026,
43,17.2,gf,0.040,mm,OK,--,9:23:17 PM,7/10/2026,
44,19.5,gf,0.045,mm,OK,--,9:23:17 PM,7/10/2026,
45,21.7,gf,0.050,mm,OK,--,9:23:17 PM,7/10/2026,
46,23.8,gf,0.050,mm,OK,--,9:23:17 PM,7/10/2026,
47,25.9,gf,0.055,mm,OK,--,9:23:17 PM,7/10/2026,
48,28.0,gf,0.055,mm,OK,--,9:23:17 PM,7/10/2026,
49,29.6,gf,0.060,mm,OK,--,9:23:17 PM,7/10/2026,
50,30.7,gf,0.060,mm,OK,--,9:23:17 PM,7/10/2026,
51,30.9,gf,0.065,mm,OK,--,9:23:17 PM,7/10/2026,
52,31.1,gf,0.065,mm,OK,--,9:23:17 PM,7/10/2026,
53,31.2,gf,0.065,mm,OK,--,9:23:18 PM,7/10/2026,
54,31.5,gf,0.070,mm,OK,--,9:23:18 PM,7/10/2026,
55,31.9,gf,0.075,mm,OK,--,9:23:18 PM,7/10/2026,
56,32.1,gf,0.075,mm,OK,--,9:23:18 PM,7/10/2026,
57,32.2,gf,0.080,mm,OK,--,9:23:18 PM,7/10/2026,
58,32.4,gf,0.080,mm,OK,--,9:23:18 PM,7/10/2026,
59,32.8,gf,0.085,mm,OK,--,9:23:18 PM,7/10/2026,
60,33.0,gf,0.085,mm,OK,--,9:23:18 PM,7/10/2026,
61,33.0,gf,0.085,mm,OK,--,9:23:18 PM,7/10/2026,
62,33.1,gf,0.090,mm,OK,--,9:23:18 PM,7/10/2026,
63,33.1,gf,0.090,mm,OK,--,9:23:19 PM,7/10/2026,
64,33.1,gf,0.090,mm,OK,--,9:23:19 PM,7/10/2026,
65,33.2,gf,0.095,mm,OK,--,9:23:19 PM,7/10/2026,
66,33.2,gf,0.095,mm,OK,--,9:23:19 PM,7/10/2026,
67,33.2,gf,0.100,mm,OK,--,9:23:19 PM,7/10/2026,
68,33.3,gf,0.100,mm,OK,--,9:23:19 PM,7/10/2026,
69,33.3,gf,0.100,mm,OK,--,9:23:19 PM,7/10/2026,
70,33.3,gf,0.105,mm,OK,--,9:23:19 PM,7/10/2026,
71,33.3,gf,0.105,mm,OK,--,9:23:19 PM,7/10/2026,
72,33.3,gf,0.110,mm,OK,--,9:23:19 PM,7/10/2026,
73,33.4,gf,0.110,mm,OK,--,9:23:20 PM,7/10/2026,
74,33.4,gf,0.115,mm,OK,--,9:23:20 PM,7/10/2026,
75,33.4,gf,0.120,mm,OK,--,9:23:20 PM,7/10/2026,
76,33.5,gf,0.125,mm,OK,--,9:23:20 PM,7/10/2026,
77,33.5,gf,0.130,mm,OK,--,9:23:20 PM,7/10/2026,
78,33.5,gf,0.135,mm,OK,--,9:23:20 PM,7/10/2026,
79,33.5,gf,0.140,mm,OK,--,9:23:20 PM,7/10/2026,
80,33.6,gf,0.150,mm,OK,--,9:23:20 PM,7/10/2026,
81,33.6,gf,0.155,mm,OK,--,9:23:20 PM,7/10/2026,
82,33.6,gf,0.165,mm,OK,--,9:23:20 PM,7/10/2026,
83,33.7,gf,0.165,mm,OK,--,9:23:21 PM,7/10/2026,
84,33.6,gf,0.170,mm,OK,--,9:23:21 PM,7/10/2026,
85,33.6,gf,0.175,mm,OK,--,9:23:21 PM,7/10/2026,
86,33.7,gf,0.180,mm,OK,--,9:23:21 PM,7/10/2026,
87,33.7,gf,0.180,mm,OK,--,9:23:21 PM,7/10/2026,
88,33.7,gf,0.185,mm,OK,--,9:23:21 PM,7/10/2026,
89,33.7,gf,0.185,mm,OK,--,9:23:21 PM,7/10/2026,
90,33.7,gf,0.190,mm,OK,--,9:23:21 PM,7/10/2026,
91,33.7,gf,0.190,mm,OK,--,9:23:21 PM,7/10/2026,
92,33.7,gf,0.195,mm,OK,--,9:23:21 PM,7/10/2026,
93,33.8,gf,0.195,mm,OK,--,9:23:22 PM,7/10/2026,
94,33.8,gf,0.200,mm,OK,--,9:23:22 PM,7/10/2026,
95,33.8,gf,0.205,mm,OK,--,9:23:22 PM,7/10/2026,
96,33.8,gf,0.205,mm,OK,--,9:23:22 PM,7/10/2026,
97,33.8,gf,0.210,mm,OK,--,9:23:22 PM,7/10/2026,
98,33.8,gf,0.210,mm,OK,--,9:23:22 PM,7/10/2026,
99,33.8,gf,0.215,mm,OK,--,9:23:22 PM,7/10/2026,
100,33.8,gf,0.215,mm,OK,--,9:23:22 PM,7/10/2026,
101,33.8,gf,0.220,mm,OK,--,9:23:22 PM,7/10/2026,
102,33.8,gf,0.220,mm,OK,--,9:23:22 PM,7/10/2026,
103,33.8,gf,0.225,mm,OK,--,9:23:23 PM,7/10/2026,
104,33.8,gf,0.225,mm,OK,--,9:23:23 PM,7/10/2026,
105,33.8,gf,0.230,mm,OK,--,9:23:23 PM,7/10/2026,
106,33.8,gf,0.230,mm,OK,--,9:23:23 PM,7/10/2026,
107,33.8,gf,0.230,mm,OK,--,9:23:23 PM,7/10/2026,
108,33.8,gf,0.230,mm,OK,--,9:23:23 PM,7/10/2026,
109,33.8,gf,0.235,mm,OK,--,9:23:23 PM,7/10/2026,
110,33.9,gf,0.235,mm,OK,--,9:23:23 PM,7/10/2026,
111,33.9,gf,0.240,mm,OK,--,9:23:23 PM,7/10/2026,
112,33.9,gf,0.240,mm,OK,--,9:23:23 PM,7/10/2026,
113,33.9,gf,0.240,mm,OK,--,9:23:24 PM,7/10/2026,
114,33.9,gf,0.245,mm,OK,--,9:23:24 PM,7/10/2026,
115,33.9,gf,0.245,mm,OK,--,9:23:24 PM,7/10/2026,
116,33.9,gf,0.250,mm,OK,--,9:23:24 PM,7/10/2026,
117,33.9,gf,0.250,mm,OK,--,9:23:24 PM,7/10/2026,
118,33.9,gf,0.255,mm,OK,--,9:23:24 PM,7/10/2026,
119,33.9,gf,0.260,mm,OK,--,9:23:24 PM,7/10/2026,
120,33.9,gf,0.260,mm,OK,--,9:23:24 PM,7/10/2026,
121,34.0,gf,0.265,mm,OK,--,9:23:24 PM,7/10/2026,
122,34.0,gf,0.270,mm,OK,--,9:23:24 PM,7/10/2026,
123,34.0,gf,0.270,mm,OK,--,9:23:25 PM,7/10/2026,
124,34.0,gf,0.275,mm,OK,--,9:23:25 PM,7/10/2026,
125,34.0,gf,0.280,mm,OK,--,9:23:25 PM,7/10/2026,
126,34.0,gf,0.285,mm,OK,--,9:23:25 PM,7/10/2026,
127,34.0,gf,0.290,mm,OK,--,9:23:25 PM,7/10/2026,
128,34.0,gf,0.295,mm,OK,--,9:23:25 PM,7/10/2026,
129,34.1,gf,0.300,mm,OK,--,9:23:25 PM,7/10/2026,
130,34.1,gf,0.305,mm,OK,--,9:23:25 PM,7/10/2026,
131,34.1,gf,0.310,mm,OK,--,9:23:25 PM,7/10/2026,
132,34.1,gf,0.315,mm,OK,--,9:23:25 PM,7/10/2026,
133,34.1,gf,0.320,mm,OK,--,9:23:26 PM,7/10/2026,
134,34.1,gf,0.325,mm,OK,--,9:23:26 PM,7/10/2026,
135,34.1,gf,0.330,mm,OK,--,9:23:26 PM,7/10/2026,
136,34.1,gf,0.335,mm,OK,--,9:23:26 PM,7/10/2026,
137,34.1,gf,0.340,mm,OK,--,9:23:26 PM,7/10/2026,
138,34.2,gf,0.340,mm,OK,--,9:23:26 PM,7/10/2026,
139,34.2,gf,0.345,mm,OK,--,9:23:26 PM,7/10/2026,
140,34.2,gf,0.350,mm,OK,--,9:23:26 PM,7/10/2026,
141,34.2,gf,0.350,mm,OK,--,9:23:26 PM,7/10/2026,
142,34.2,gf,0.355,mm,OK,--,9:23:26 PM,7/10/2026,
143,34.2,gf,0.360,mm,OK,--,9:23:27 PM,7/10/2026,
144,34.2,gf,0.360,mm,OK,--,9:23:27 PM,7/10/2026,
145,34.2,gf,0.365,mm,OK,--,9:23:27 PM,7/10/2026,
146,34.3,gf,0.370,mm,OK,--,9:23:27 PM,7/10/2026,
147,34.3,gf,0.375,mm,OK,--,9:23:27 PM,7/10/2026,
148,34.3,gf,0.380,mm,OK,--,9:23:27 PM,7/10/2026,
149,34.3,gf,0.385,mm,OK,--,9:23:27 PM,7/10/2026,
150,34.3,gf,0.395,mm,OK,--,9:23:27 PM,7/10/2026,
151,34.4,gf,0.400,mm,OK,--,9:23:27 PM,7/10/2026,
152,34.4,gf,0.405,mm,OK,--,9:23:27 PM,7/10/2026,
153,34.4,gf,0.405,mm,OK,--,9:23:28 PM,7/10/2026,
154,34.4,gf,0.410,mm,OK,--,9:23:28 PM,7/10/2026,
155,34.4,gf,0.410,mm,OK,--,9:23:28 PM,7/10/2026,
156,34.4,gf,0.415,mm,OK,--,9:23:28 PM,7/10/2026,
157,34.4,gf,0.415,mm,OK,--,9:23:28 PM,7/10/2026,
158,34.4,gf,0.420,mm,OK,--,9:23:28 PM,7/10/2026,
159,34.4,gf,0.420,mm,OK,--,9:23:28 PM,7/10/2026,
160,34.4,gf,0.420,mm,OK,--,9:23:28 PM,7/10/2026,
161,34.4,gf,0.420,mm,OK,--,9:23:28 PM,7/10/2026,
162,34.4,gf,0.425,mm,OK,--,9:23:28 PM,7/10/2026,
163,34.4,gf,0.425,mm,OK,--,9:23:29 PM,7/10/2026,
164,34.4,gf,0.425,mm,OK,--,9:23:29 PM,7/10/2026,
165,34.4,gf,0.425,mm,OK,--,9:23:29 PM,7/10/2026,
166,34.4,gf,0.430,mm,OK,--,9:23:29 PM,7/10/2026,
167,34.4,gf,0.430,mm,OK,--,9:23:29 PM,7/10/2026,
168,34.4,gf,0.430,mm,OK,--,9:23:29 PM,7/10/2026,
169,34.5,gf,0.430,mm,OK,--,9:23:29 PM,7/10/2026,
170,34.5,gf,0.435,mm,OK,--,9:23:29 PM,7/10/2026,
171,34.5,gf,0.435,mm,OK,--,9:23:29 PM,7/10/2026,
172,34.5,gf,0.440,mm,OK,--,9:23:29 PM,7/10/2026,
173,34.5,gf,0.445,mm,OK,--,9:23:30 PM,7/10/2026,
174,34.6,gf,0.455,mm,OK,--,9:23:30 PM,7/10/2026,
175,34.7,gf,0.465,mm,OK,--,9:23:30 PM,7/10/2026,
176,34.6,gf,0.475,mm,OK,--,9:23:30 PM,7/10/2026,
177,34.7,gf,0.485,mm,OK,--,9:23:30 PM,7/10/2026,
178,34.7,gf,0.490,mm,OK,--,9:23:30 PM,7/10/2026,
179,34.7,gf,0.495,mm,OK,--,9:23:30 PM,7/10/2026,
180,34.7,gf,0.500,mm,OK,--,9:23:30 PM,7/10/2026,
181,34.7,gf,0.505,mm,OK,--,9:23:30 PM,7/10/2026,
182,34.7,gf,0.510,mm,OK,--,9:23:30 PM,7/10/2026,
183,34.7,gf,0.510,mm,OK,--,9:23:31 PM,7/10/2026,
184,34.8,gf,0.515,mm,OK,--,9:23:31 PM,7/10/2026,
185,34.8,gf,0.515,mm,OK,--,9:23:31 PM,7/10/2026,
186,34.8,gf,0.520,mm,OK,--,9:23:31 PM,7/10/2026,
187,34.8,gf,0.525,mm,OK,--,9:23:31 PM,7/10/2026,
188,34.8,gf,0.525,mm,OK,--,9:23:31 PM,7/10/2026,
189,34.8,gf,0.530,mm,OK,--,9:23:31 PM,7/10/2026,
190,34.8,gf,0.530,mm,OK,--,9:23:31 PM,7/10/2026,
191,34.8,gf,0.530,mm,OK,--,9:23:31 PM,7/10/2026,
192,34.8,gf,0.530,mm,OK,--,9:23:31 PM,7/10/2026,
193,34.8,gf,0.530,mm,OK,--,9:23:32 PM,7/10/2026,
194,34.8,gf,0.530,mm,OK,--,9:23:32 PM,7/10/2026,
195,34.8,gf,0.535,mm,OK,--,9:23:32 PM,7/10/2026,
196,34.8,gf,0.535,mm,OK,--,9:23:32 PM,7/10/2026,
197,34.8,gf,0.540,mm,OK,--,9:23:32 PM,7/10/2026,
198,34.8,gf,0.545,mm,OK,--,9:23:32 PM,7/10/2026,
199,34.9,gf,0.550,mm,OK,--,9:23:32 PM,7/10/2026,
200,34.9,gf,0.555,mm,OK,--,9:23:32 PM,7/10/2026,
201,34.9,gf,0.560,mm,OK,--,9:23:32 PM,7/10/2026,
202,34.9,gf,0.565,mm,OK,--,9:23:32 PM,7/10/2026,
203,34.9,gf,0.570,mm,OK,--,9:23:33 PM,7/10/2026,
204,34.9,gf,0.575,mm,OK,--,9:23:33 PM,7/10/2026,
205,35.0,gf,0.585,mm,OK,--,9:23:33 PM,7/10/2026,
206,35.0,gf,0.590,mm,OK,--,9:23:33 PM,7/10/2026,
207,35.0,gf,0.595,mm,OK,--,9:23:33 PM,7/10/2026,
208,35.0,gf,0.600,mm,OK,--,9:23:33 PM,7/10/2026,
209,35.0,gf,0.605,mm,OK,--,9:23:33 PM,7/10/2026,
210,35.1,gf,0.610,mm,OK,--,9:23:33 PM,7/10/2026,
211,35.1,gf,0.620,mm,OK,--,9:23:33 PM,7/10/2026,
212,35.1,gf,0.625,mm,OK,--,9:23:33 PM,7/10/2026,
213,35.1,gf,0.630,mm,OK,--,9:23:34 PM,7/10/2026,
214,35.1,gf,0.635,mm,OK,--,9:23:34 PM,7/10/2026,
215,35.2,gf,0.635,mm,OK,--,9:23:34 PM,7/10/2026,
216,35.1,gf,0.635,mm,OK,--,9:23:34 PM,7/10/2026,
217,35.2,gf,0.640,mm,OK,--,9:23:34 PM,7/10/2026,
218,35.1,gf,0.640,mm,OK,--,9:23:34 PM,7/10/2026,
219,35.2,gf,0.645,mm,OK,--,9:23:34 PM,7/10/2026,
220,35.2,gf,0.645,mm,OK,--,9:23:34 PM,7/10/2026,
221,35.2,gf,0.645,mm,OK,--,9:23:34 PM,7/10/2026,
222,35.2,gf,0.650,mm,OK,--,9:23:34 PM,7/10/2026,
223,35.2,gf,0.650,mm,OK,--,9:23:35 PM,7/10/2026,
224,35.2,gf,0.655,mm,OK,--,9:23:35 PM,7/10/2026,
225,35.3,gf,0.660,mm,OK,--,9:23:35 PM,7/10/2026,
226,35.3,gf,0.665,mm,OK,--,9:23:35 PM,7/10/2026,
227,35.3,gf,0.670,mm,OK,--,9:23:35 PM,7/10/2026,
228,35.3,gf,0.675,mm,OK,--,9:23:35 PM,7/10/2026,
229,35.3,gf,0.675,mm,OK,--,9:23:35 PM,7/10/2026,
230,35.3,gf,0.680,mm,OK,--,9:23:35 PM,7/10/2026,
231,35.3,gf,0.685,mm,OK,--,9:23:35 PM,7/10/2026,
232,35.3,gf,0.690,mm,OK,--,9:23:35 PM,7/10/2026,
233,35.4,gf,0.695,mm,OK,--,9:23:36 PM,7/10/2026,
234,35.4,gf,0.705,mm,OK,--,9:23:36 PM,7/10/2026,
235,35.4,gf,0.710,mm,OK,--,9:23:36 PM,7/10/2026,
236,35.4,gf,0.715,mm,OK,--,9:23:36 PM,7/10/2026,
237,35.4,gf,0.720,mm,OK,--,9:23:36 PM,7/10/2026,
238,35.4,gf,0.720,mm,OK,--,9:23:36 PM,7/10/2026,
239,35.5,gf,0.725,mm,OK,--,9:23:36 PM,7/10/2026,
240,35.5,gf,0.730,mm,OK,--,9:23:36 PM,7/10/2026,
241,35.5,gf,0.730,mm,OK,--,9:23:36 PM,7/10/2026,
242,35.5,gf,0.735,mm,OK,--,9:23:36 PM,7/10/2026,
243,35.5,gf,0.735,mm,OK,--,9:23:37 PM,7/10/2026,
244,35.5,gf,0.745,mm,OK,--,9:23:37 PM,7/10/2026,
245,35.6,gf,0.750,mm,OK,--,9:23:37 PM,7/10/2026,
246,35.6,gf,0.755,mm,OK,--,9:23:37 PM,7/10/2026,
247,35.6,gf,0.760,mm,OK,--,9:23:37 PM,7/10/2026,
248,35.7,gf,0.765,mm,OK,--,9:23:37 PM,7/10/2026,
249,35.6,gf,0.775,mm,OK,--,9:23:37 PM,7/10/2026,
250,35.7,gf,0.780,mm,OK,--,9:23:37 PM,7/10/2026,
251,35.7,gf,0.785,mm,OK,--,9:23:37 PM,7/10/2026,
252,35.7,gf,0.790,mm,OK,--,9:23:37 PM,7/10/2026,
253,35.7,gf,0.795,mm,OK,--,9:23:38 PM,7/10/2026,
254,35.7,gf,0.800,mm,OK,--,9:23:38 PM,7/10/2026,
255,35.7,gf,0.800,mm,OK,--,9:23:38 PM,7/10/2026,
256,35.7,gf,0.805,mm,OK,--,9:23:38 PM,7/10/2026,
257,35.8,gf,0.810,mm,OK,--,9:23:38 PM,7/10/2026,
258,35.8,gf,0.815,mm,OK,--,9:23:38 PM,7/10/2026,
259,35.8,gf,0.820,mm,OK,--,9:23:38 PM,7/10/2026,
260,35.8,gf,0.825,mm,OK,--,9:23:38 PM,7/10/2026,
261,35.8,gf,0.825,mm,OK,--,9:23:38 PM,7/10/2026,
262,35.8,gf,0.835,mm,OK,--,9:23:38 PM,7/10/2026,
263,35.8,gf,0.840,mm,OK,--,9:23:39 PM,7/10/2026,
264,35.9,gf,0.845,mm,OK,--,9:23:39 PM,7/10/2026,
265,35.9,gf,0.850,mm,OK,--,9:23:39 PM,7/10/2026,
266,35.9,gf,0.860,mm,OK,--,9:23:39 PM,7/10/2026,
267,35.9,gf,0.865,mm,OK,--,9:23:39 PM,7/10/2026,
268,36.0,gf,0.870,mm,OK,--,9:23:39 PM,7/10/2026,
269,36.0,gf,0.880,mm,OK,--,9:23:39 PM,7/10/2026,
270,36.0,gf,0.885,mm,OK,--,9:23:39 PM,7/10/2026,
271,36.1,gf,0.895,mm,OK,--,9:23:39 PM,7/10/2026,
272,36.1,gf,0.900,mm,OK,--,9:23:39 PM,7/10/2026,
273,36.1,gf,0.905,mm,OK,--,9:23:40 PM,7/10/2026,
274,36.1,gf,0.910,mm,OK,--,9:23:40 PM,7/10/2026,
275,36.2,gf,0.915,mm,OK,--,9:23:40 PM,7/10/2026,
276,36.1,gf,0.920,mm,OK,--,9:23:40 PM,7/10/2026,
277,36.1,gf,0.925,mm,OK,--,9:23:40 PM,7/10/2026,
278,36.1,gf,0.930,mm,OK,--,9:23:40 PM,7/10/2026,
279,36.1,gf,0.930,mm,OK,--,9:23:40 PM,7/10/2026,
280,36.2,gf,0.935,mm,OK,--,9:23:40 PM,7/10/2026,
281,36.2,gf,0.940,mm,OK,--,9:23:40 PM,7/10/2026,
282,36.2,gf,0.940,mm,OK,--,9:23:40 PM,7/10/2026,
283,36.2,gf,0.945,mm,OK,--,9:23:41 PM,7/10/2026,
284,36.2,gf,0.950,mm,OK,--,9:23:41 PM,7/10/2026,
285,36.2,gf,0.950,mm,OK,--,9:23:41 PM,7/10/2026,
286,36.3,gf,0.955,mm,OK,--,9:23:41 PM,7/10/2026,
287,36.3,gf,0.960,mm,OK,--,9:23:41 PM,7/10/2026,
288,36.3,gf,0.960,mm,OK,--,9:23:41 PM,7/10/2026,
289,36.3,gf,0.965,mm,OK,--,9:23:41 PM,7/10/2026,
290,36.3,gf,0.965,mm,OK,--,9:23:41 PM,7/10/2026,
291,36.3,gf,0.970,mm,OK,--,9:23:41 PM,7/10/2026,
292,36.3,gf,0.975,mm,OK,--,9:23:41 PM,7/10/2026,
293,36.3,gf,0.975,mm,OK,--,9:23:42 PM,7/10/2026,
294,36.3,gf,0.980,mm,OK,--,9:23:42 PM,7/10/2026,
295,36.3,gf,0.985,mm,OK,--,9:23:42 PM,7/10/2026,
296,36.3,gf,0.990,mm,OK,--,9:23:42 PM,7/10/2026,
297,36.4,gf,0.995,mm,OK,--,9:23:42 PM,7/10/2026,
298,36.4,gf,1.000,mm,OK,--,9:23:42 PM,7/10/2026,
299,36.4,gf,1.005,mm,OK,--,9:23:42 PM,7/10/2026,
300,36.4,gf,1.010,mm,OK,--,9:23:42 PM,7/10/2026,
301,36.4,gf,1.010,mm,OK,--,9:23:42 PM,7/10/2026,
302,36.4,gf,1.015,mm,OK,--,9:23:42 PM,7/10/2026,
303,36.4,gf,1.020,mm,OK,--,9:23:43 PM,7/10/2026,
304,36.4,gf,1.020,mm,OK,--,9:23:43 PM,7/10/2026,
305,36.5,gf,1.025,mm,OK,--,9:23:43 PM,7/10/2026,
306,36.5,gf,1.030,mm,OK,--,9:23:43 PM,7/10/2026,
307,36.5,gf,1.030,mm,OK,--,9:23:43 PM,7/10/2026,
308,36.5,gf,1.035,mm,OK,--,9:23:43 PM,7/10/2026,
309,36.5,gf,1.040,mm,OK,--,9:23:43 PM,7/10/2026,
310,36.5,gf,1.040,mm,OK,--,9:23:43 PM,7/10/2026,
311,36.5,gf,1.045,mm,OK,--,9:23:43 PM,7/10/2026,
312,36.6,gf,1.050,mm,OK,--,9:23:43 PM,7/10/2026,
313,36.6,gf,1.055,mm,OK,--,9:23:44 PM,7/10/2026,
314,36.6,gf,1.060,mm,OK,--,9:23:44 PM,7/10/2026,
315,36.7,gf,1.065,mm,OK,--,9:23:44 PM,7/10/2026,
316,36.7,gf,1.070,mm,OK,--,9:23:44 PM,7/10/2026,
317,36.7,gf,1.075,mm,OK,--,9:23:44 PM,7/10/2026,
318,36.8,gf,1.080,mm,OK,--,9:23:44 PM,7/10/2026,
319,36.8,gf,1.090,mm,OK,--,9:23:44 PM,7/10/2026,
320,36.8,gf,1.095,mm,OK,--,9:23:44 PM,7/10/2026,
321,36.8,gf,1.105,mm,OK,--,9:23:44 PM,7/10/2026,
322,36.9,gf,1.110,mm,OK,--,9:23:44 PM,7/10/2026,
323,36.8,gf,1.115,mm,OK,--,9:23:45 PM,7/10/2026,
324,36.9,gf,1.125,mm,OK,--,9:23:45 PM,7/10/2026,
325,36.9,gf,1.130,mm,OK,--,9:23:45 PM,7/10/2026,
326,36.9,gf,1.140,mm,OK,--,9:23:45 PM,7/10/2026,
327,36.9,gf,1.145,mm,OK,--,9:23:45 PM,7/10/2026,
328,37.0,gf,1.150,mm,OK,--,9:23:45 PM,7/10/2026,
329,37.0,gf,1.155,mm,OK,--,9:23:45 PM,7/10/2026,
330,37.0,gf,1.160,mm,OK,--,9:23:45 PM,7/10/2026,
331,37.0,gf,1.165,mm,OK,--,9:23:45 PM,7/10/2026,
332,37.0,gf,1.170,mm,OK,--,9:23:45 PM,7/10/2026,
333,37.0,gf,1.170,mm,OK,--,9:23:46 PM,7/10/2026,
334,37.0,gf,1.170,mm,OK,--,9:23:46 PM,7/10/2026,
335,37.0,gf,1.175,mm,OK,--,9:23:46 PM,7/10/2026,
336,37.0,gf,1.175,mm,OK,--,9:23:46 PM,7/10/2026,
337,37.0,gf,1.180,mm,OK,--,9:23:46 PM,7/10/2026,
338,37.0,gf,1.180,mm,OK,--,9:23:46 PM,7/10/2026,
339,37.1,gf,1.185,mm,OK,--,9:23:46 PM,7/10/2026,
340,37.1,gf,1.190,mm,OK,--,9:23:46 PM,7/10/2026,
341,37.1,gf,1.190,mm,OK,--,9:23:46 PM,7/10/2026,
342,37.1,gf,1.195,mm,OK,--,9:23:46 PM,7/10/2026,
343,37.1,gf,1.195,mm,OK,--,9:23:47 PM,7/10/2026,
344,37.1,gf,1.200,mm,OK,--,9:23:47 PM,7/10/2026,
345,37.1,gf,1.205,mm,OK,--,9:23:47 PM,7/10/2026,
346,37.1,gf,1.210,mm,OK,--,9:23:47 PM,7/10/2026,
347,37.2,gf,1.215,mm,OK,--,9:23:47 PM,7/10/2026,
348,37.2,gf,1.215,mm,OK,--,9:23:47 PM,7/10/2026,
349,37.2,gf,1.225,mm,OK,--,9:23:47 PM,7/10/2026,
350,37.3,gf,1.230,mm,OK,--,9:23:47 PM,7/10/2026,
351,37.3,gf,1.240,mm,OK,--,9:23:47 PM,7/10/2026,
352,37.2,gf,1.245,mm,OK,--,9:23:47 PM,7/10/2026,
353,37.3,gf,1.250,mm,OK,--,9:23:48 PM,7/10/2026,
354,37.4,gf,1.260,mm,OK,--,9:23:48 PM,7/10/2026,
355,37.4,gf,1.270,mm,OK,--,9:23:48 PM,7/10/2026,
356,37.4,gf,1.275,mm,OK,--,9:23:48 PM,7/10/2026,
357,37.5,gf,1.285,mm,OK,--,9:23:48 PM,7/10/2026,
358,37.5,gf,1.300,mm,OK,--,9:23:48 PM,7/10/2026,
359,37.5,gf,1.310,mm,OK,--,9:23:48 PM,7/10/2026,
360,37.6,gf,1.320,mm,OK,--,9:23:48 PM,7/10/2026,
361,37.6,gf,1.325,mm,OK,--,9:23:48 PM,7/10/2026,
362,37.6,gf,1.335,mm,OK,--,9:23:48 PM,7/10/2026,
363,37.7,gf,1.345,mm,OK,--,9:23:49 PM,7/10/2026,
364,37.7,gf,1.355,mm,OK,--,9:23:49 PM,7/10/2026,
365,37.7,gf,1.365,mm,OK,--,9:23:49 PM,7/10/2026,
366,37.8,gf,1.380,mm,OK,--,9:23:49 PM,7/10/2026,
367,37.8,gf,1.390,mm,OK,--,9:23:49 PM,7/10/2026,
368,37.8,gf,1.400,mm,OK,--,9:23:49 PM,7/10/2026,
369,37.8,gf,1.410,mm,OK,--,9:23:49 PM,7/10/2026,
370,37.9,gf,1.420,mm,OK,--,9:23:49 PM,7/10/2026,
371,37.9,gf,1.425,mm,OK,--,9:23:49 PM,7/10/2026,
372,37.9,gf,1.430,mm,OK,--,9:23:49 PM,7/10/2026,
373,37.9,gf,1.435,mm,OK,--,9:23:50 PM,7/10/2026,
374,37.9,gf,1.440,mm,OK,--,9:23:50 PM,7/10/2026,
375,38.0,gf,1.445,mm,OK,--,9:23:50 PM,7/10/2026,
376,38.0,gf,1.450,mm,OK,--,9:23:50 PM,7/10/2026,
377,38.1,gf,1.450,mm,OK,--,9:23:50 PM,7/10/2026,
378,38.0,gf,1.460,mm,OK,--,9:23:50 PM,7/10/2026,
379,38.1,gf,1.465,mm,OK,--,9:23:50 PM,7/10/2026,
380,38.1,gf,1.470,mm,OK,--,9:23:50 PM,7/10/2026,
381,38.1,gf,1.475,mm,OK,--,9:23:50 PM,7/10/2026,
382,38.2,gf,1.485,mm,OK,--,9:23:50 PM,7/10/2026,
383,38.2,gf,1.495,mm,OK,--,9:23:51 PM,7/10/2026,
384,38.2,gf,1.505,mm,OK,--,9:23:51 PM,7/10/2026,
385,38.2,gf,1.510,mm,OK,--,9:23:51 PM,7/10/2026,
386,38.2,gf,1.520,mm,OK,--,9:23:51 PM,7/10/2026,
387,38.2,gf,1.520,mm,OK,--,9:23:51 PM,7/10/2026,
388,38.2,gf,1.525,mm,OK,--,9:23:51 PM,7/10/2026,
389,38.3,gf,1.530,mm,OK,--,9:23:51 PM,7/10/2026,
390,38.3,gf,1.535,mm,OK,--,9:23:51 PM,7/10/2026,
391,38.3,gf,1.535,mm,OK,--,9:23:51 PM,7/10/2026,
392,38.3,gf,1.540,mm,OK,--,9:23:51 PM,7/10/2026,
393,38.3,gf,1.540,mm,OK,--,9:23:52 PM,7/10/2026,
394,38.4,gf,1.545,mm,OK,--,9:23:52 PM,7/10/2026,
395,38.3,gf,1.550,mm,OK,--,9:23:52 PM,7/10/2026,
396,38.4,gf,1.555,mm,OK,--,9:23:52 PM,7/10/2026,
397,38.4,gf,1.560,mm,OK,--,9:23:52 PM,7/10/2026,
398,38.4,gf,1.565,mm,OK,--,9:23:52 PM,7/10/2026,
399,38.5,gf,1.575,mm,OK,--,9:23:52 PM,7/10/2026,
400,38.5,gf,1.580,mm,OK,--,9:23:52 PM,7/10/2026,
401,38.5,gf,1.585,mm,OK,--,9:23:52 PM,7/10/2026,
402,38.5,gf,1.590,mm,OK,--,9:23:52 PM,7/10/2026,
403,38.5,gf,1.595,mm,OK,--,9:23:53 PM,7/10/2026,
404,38.5,gf,1.600,mm,OK,--,9:23:53 PM,7/10/2026,
405,38.6,gf,1.610,mm,OK,--,9:23:53 PM,7/10/2026,
406,38.6,gf,1.615,mm,OK,--,9:23:53 PM,7/10/2026,
407,38.7,gf,1.625,mm,OK,--,9:23:53 PM,7/10/2026,
408,38.7,gf,1.635,mm,OK,--,9:23:53 PM,7/10/2026,
409,38.7,gf,1.645,mm,OK,--,9:23:53 PM,7/10/2026,
410,38.8,gf,1.655,mm,OK,--,9:23:53 PM,7/10/2026,
411,38.9,gf,1.660,mm,OK,--,9:23:53 PM,7/10/2026,
412,38.9,gf,1.670,mm,OK,--,9:23:53 PM,7/10/2026,
413,38.9,gf,1.680,mm,OK,--,9:23:54 PM,7/10/2026,
414,38.9,gf,1.690,mm,OK,--,9:23:54 PM,7/10/2026,
415,39.0,gf,1.700,mm,OK,--,9:23:54 PM,7/10/2026,
416,39.0,gf,1.705,mm,OK,--,9:23:54 PM,7/10/2026,
417,39.0,gf,1.715,mm,OK,--,9:23:54 PM,7/10/2026,
418,39.0,gf,1.720,mm,OK,--,9:23:54 PM,7/10/2026,
419,39.0,gf,1.730,mm,OK,--,9:23:54 PM,7/10/2026,
420,39.0,gf,1.735,mm,OK,--,9:23:54 PM,7/10/2026,
421,39.0,gf,1.735,mm,OK,--,9:23:54 PM,7/10/2026,
422,39.0,gf,1.740,mm,OK,--,9:23:54 PM,7/10/2026,
423,39.0,gf,1.745,mm,OK,--,9:23:55 PM,7/10/2026,
424,39.0,gf,1.745,mm,OK,--,9:23:55 PM,7/10/2026,
425,39.0,gf,1.750,mm,OK,--,9:23:55 PM,7/10/2026,
426,39.0,gf,1.755,mm,OK,--,9:23:55 PM,7/10/2026,
427,39.1,gf,1.755,mm,OK,--,9:23:55 PM,7/10/2026,
428,39.1,gf,1.755,mm,OK,--,9:23:55 PM,7/10/2026,
429,39.1,gf,1.760,mm,OK,--,9:23:55 PM,7/10/2026,
430,39.1,gf,1.765,mm,OK,--,9:23:55 PM,7/10/2026,
431,39.1,gf,1.765,mm,OK,--,9:23:55 PM,7/10/2026,
432,39.2,gf,1.770,mm,OK,--,9:23:55 PM,7/10/2026,
433,39.1,gf,1.770,mm,OK,--,9:23:56 PM,7/10/2026,
434,39.1,gf,1.775,mm,OK,--,9:23:56 PM,7/10/2026,
435,39.1,gf,1.775,mm,OK,--,9:23:56 PM,7/10/2026,
436,39.1,gf,1.775,mm,OK,--,9:23:56 PM,7/10/2026,
437,39.1,gf,1.780,mm,OK,--,9:23:56 PM,7/10/2026,
438,39.2,gf,1.780,mm,OK,--,9:23:56 PM,7/10/2026,
439,39.2,gf,1.785,mm,OK,--,9:23:56 PM,7/10/2026,
440,39.2,gf,1.790,mm,OK,--,9:23:56 PM,7/10/2026,
441,39.2,gf,1.790,mm,OK,--,9:23:56 PM,7/10/2026,
442,39.2,gf,1.790,mm,OK,--,9:23:56 PM,7/10/2026,
443,39.2,gf,1.795,mm,OK,--,9:23:57 PM,7/10/2026,
444,39.2,gf,1.795,mm,OK,--,9:23:57 PM,7/10/2026,
445,39.2,gf,1.800,mm,OK,--,9:23:57 PM,7/10/2026,
446,39.3,gf,1.800,mm,OK,--,9:23:57 PM,7/10/2026,
447,39.2,gf,1.805,mm,OK,--,9:23:57 PM,7/10/2026,
448,39.2,gf,1.805,mm,OK,--,9:23:57 PM,7/10/2026,
449,39.3,gf,1.810,mm,OK,--,9:23:57 PM,7/10/2026,
450,39.3,gf,1.810,mm,OK,--,9:23:57 PM,7/10/2026,
451,39.3,gf,1.815,mm,OK,--,9:23:57 PM,7/10/2026,
452,39.3,gf,1.820,mm,OK,--,9:23:57 PM,7/10/2026,
453,39.3,gf,1.820,mm,OK,--,9:23:58 PM,7/10/2026,
454,39.3,gf,1.825,mm,OK,--,9:23:58 PM,7/10/2026,
455,39.3,gf,1.825,mm,OK,--,9:23:58 PM,7/10/2026,
456,39.3,gf,1.830,mm,OK,--,9:23:58 PM,7/10/2026,
457,39.4,gf,1.830,mm,OK,--,9:23:58 PM,7/10/2026,
458,39.4,gf,1.830,mm,OK,--,9:23:58 PM,7/10/2026,
459,39.4,gf,1.835,mm,OK,--,9:23:58 PM,7/10/2026,
460,39.4,gf,1.835,mm,OK,--,9:23:58 PM,7/10/2026,
461,39.4,gf,1.835,mm,OK,--,9:23:58 PM,7/10/2026,
462,39.4,gf,1.840,mm,OK,--,9:23:58 PM,7/10/2026,
463,39.4,gf,1.840,mm,OK,--,9:23:59 PM,7/10/2026,
464,39.4,gf,1.845,mm,OK,--,9:23:59 PM,7/10/2026,
465,39.4,gf,1.845,mm,OK,--,9:23:59 PM,7/10/2026,
466,39.4,gf,1.850,mm,OK,--,9:23:59 PM,7/10/2026,
467,39.4,gf,1.850,mm,OK,--,9:23:59 PM,7/10/2026,
468,39.4,gf,1.855,mm,OK,--,9:23:59 PM,7/10/2026,
469,39.4,gf,1.855,mm,OK,--,9:23:59 PM,7/10/2026,
470,39.4,gf,1.860,mm,OK,--,9:23:59 PM,7/10/2026,
471,39.4,gf,1.860,mm,OK,--,9:23:59 PM,7/10/2026,
472,39.5,gf,1.860,mm,OK,--,9:23:59 PM,7/10/2026,
473,39.5,gf,1.865,mm,OK,--,9:24:00 PM,7/10/2026,
474,39.4,gf,1.865,mm,OK,--,9:24:00 PM,7/10/2026,
475,39.4,gf,1.865,mm,OK,--,9:24:00 PM,7/10/2026,
476,39.4,gf,1.865,mm,OK,--,9:24:00 PM,7/10/2026,
477,39.4,gf,1.865,mm,OK,--,9:24:00 PM,7/10/2026,
478,39.5,gf,1.865,mm,OK,--,9:24:00 PM,7/10/2026,
479,39.5,gf,1.870,mm,OK,--,9:24:00 PM,7/10/2026,
480,39.5,gf,1.870,mm,OK,--,9:24:00 PM,7/10/2026,
481,39.5,gf,1.875,mm,OK,--,9:24:00 PM,7/10/2026,
482,39.5,gf,1.875,mm,OK,--,9:24:00 PM,7/10/2026,
483,39.5,gf,1.880,mm,OK,--,9:24:01 PM,7/10/2026,
484,39.6,gf,1.885,mm,OK,--,9:24:01 PM,7/10/2026,
485,39.6,gf,1.890,mm,OK,--,9:24:01 PM,7/10/2026,
486,39.6,gf,1.895,mm,OK,--,9:24:01 PM,7/10/2026,
487,39.6,gf,1.900,mm,OK,--,9:24:01 PM,7/10/2026,
488,39.6,gf,1.905,mm,OK,--,9:24:01 PM,7/10/2026,
489,39.7,gf,1.915,mm,OK,--,9:24:01 PM,7/10/2026,
490,39.7,gf,1.920,mm,OK,--,9:24:01 PM,7/10/2026,
491,39.7,gf,1.925,mm,OK,--,9:24:01 PM,7/10/2026,
492,39.7,gf,1.935,mm,OK,--,9:24:01 PM,7/10/2026,
493,39.7,gf,1.940,mm,OK,--,9:24:02 PM,7/10/2026,
494,39.8,gf,1.950,mm,OK,--,9:24:02 PM,7/10/2026,
495,39.8,gf,1.960,mm,OK,--,9:24:02 PM,7/10/2026,
496,39.9,gf,1.975,mm,OK,--,9:24:02 PM,7/10/2026,
497,39.9,gf,1.990,mm,OK,--,9:24:02 PM,7/10/2026,
498,40.0,gf,2.005,mm,OK,--,9:24:02 PM,7/10/2026,
499,39.9,gf,2.015,mm,OK,--,9:24:02 PM,7/10/2026,
500,40.0,gf,2.025,mm,OK,--,9:24:02 PM,7/10/2026,
501,40.0,gf,2.035,mm,OK,--,9:24:02 PM,7/10/2026,
502,40.0,gf,2.040,mm,OK,--,9:24:02 PM,7/10/2026,
503,40.0,gf,2.050,mm,OK,--,9:24:03 PM,7/10/2026,
504,40.1,gf,2.055,mm,OK,--,9:24:03 PM,7/10/2026,
505,40.1,gf,2.060,mm,OK,--,9:24:03 PM,7/10/2026,
506,40.1,gf,2.060,mm,OK,--,9:24:03 PM,7/10/2026,
507,40.1,gf,2.065,mm,OK,--,9:24:03 PM,7/10/2026,
508,40.1,gf,2.065,mm,OK,--,9:24:03 PM,7/10/2026,
509,40.1,gf,2.070,mm,OK,--,9:24:03 PM,7/10/2026,
510,40.1,gf,2.070,mm,OK,--,9:24:03 PM,7/10/2026,
511,40.1,gf,2.075,mm,OK,--,9:24:03 PM,7/10/2026,
512,40.1,gf,2.075,mm,OK,--,9:24:03 PM,7/10/2026,
513,40.1,gf,2.080,mm,OK,--,9:24:04 PM,7/10/2026,
514,40.1,gf,2.080,mm,OK,--,9:24:04 PM,7/10/2026,
515,40.2,gf,2.085,mm,OK,--,9:24:04 PM,7/10/2026,
516,40.2,gf,2.090,mm,OK,--,9:24:04 PM,7/10/2026,
517,40.2,gf,2.095,mm,OK,--,9:24:04 PM,7/10/2026,
518,40.2,gf,2.095,mm,OK,--,9:24:04 PM,7/10/2026,
519,40.2,gf,2.105,mm,OK,--,9:24:04 PM,7/10/2026,
520,40.2,gf,2.110,mm,OK,--,9:24:04 PM,7/10/2026,
521,40.3,gf,2.115,mm,OK,--,9:24:04 PM,7/10/2026,
522,40.2,gf,2.120,mm,OK,--,9:24:04 PM,7/10/2026,
523,40.3,gf,2.130,mm,OK,--,9:24:05 PM,7/10/2026,
524,40.3,gf,2.135,mm,OK,--,9:24:05 PM,7/10/2026,
525,40.3,gf,2.145,mm,OK,--,9:24:05 PM,7/10/2026,
526,40.4,gf,2.155,mm,OK,--,9:24:05 PM,7/10/2026,
527,40.4,gf,2.170,mm,OK,--,9:24:05 PM,7/10/2026,
528,40.5,gf,2.180,mm,OK,--,9:24:05 PM,7/10/2026,
529,40.5,gf,2.190,mm,OK,--,9:24:05 PM,7/10/2026,
530,40.5,gf,2.200,mm,OK,--,9:24:05 PM,7/10/2026,
531,40.5,gf,2.210,mm,OK,--,9:24:05 PM,7/10/2026,
532,40.5,gf,2.215,mm,OK,--,9:24:05 PM,7/10/2026,
533,40.6,gf,2.220,mm,OK,--,9:24:06 PM,7/10/2026,
534,40.6,gf,2.225,mm,OK,--,9:24:06 PM,7/10/2026,
535,40.6,gf,2.230,mm,OK,--,9:24:06 PM,7/10/2026,
536,40.6,gf,2.235,mm,OK,--,9:24:06 PM,7/10/2026,
537,40.6,gf,2.240,mm,OK,--,9:24:06 PM,7/10/2026,
538,40.6,gf,2.245,mm,OK,--,9:24:06 PM,7/10/2026,
539,40.7,gf,2.250,mm,OK,--,9:24:06 PM,7/10/2026,
540,40.7,gf,2.250,mm,OK,--,9:24:06 PM,7/10/2026,
541,40.7,gf,2.255,mm,OK,--,9:24:06 PM,7/10/2026,
542,40.7,gf,2.255,mm,OK,--,9:24:06 PM,7/10/2026,
543,40.7,gf,2.260,mm,OK,--,9:24:07 PM,7/10/2026,
544,40.7,gf,2.265,mm,OK,--,9:24:07 PM,7/10/2026,
545,40.8,gf,2.265,mm,OK,--,9:24:07 PM,7/10/2026,
546,40.8,gf,2.270,mm,OK,--,9:24:07 PM,7/10/2026,
547,40.8,gf,2.275,mm,OK,--,9:24:07 PM,7/10/2026,
548,40.7,gf,2.280,mm,OK,--,9:24:07 PM,7/10/2026,
549,40.8,gf,2.285,mm,OK,--,9:24:07 PM,7/10/2026,
550,40.8,gf,2.290,mm,OK,--,9:24:07 PM,7/10/2026,
551,40.9,gf,2.295,mm,OK,--,9:24:07 PM,7/10/2026,
552,40.9,gf,2.300,mm,OK,--,9:24:07 PM,7/10/2026,
553,40.9,gf,2.310,mm,OK,--,9:24:08 PM,7/10/2026,
554,41.0,gf,2.320,mm,OK,--,9:24:08 PM,7/10/2026,
555,41.0,gf,2.330,mm,OK,--,9:24:08 PM,7/10/2026,
556,41.0,gf,2.340,mm,OK,--,9:24:08 PM,7/10/2026,
557,41.0,gf,2.345,mm,OK,--,9:24:08 PM,7/10/2026,
558,41.0,gf,2.350,mm,OK,--,9:24:08 PM,7/10/2026,
559,41.1,gf,2.360,mm,OK,--,9:24:08 PM,7/10/2026,
560,41.2,gf,2.370,mm,OK,--,9:24:08 PM,7/10/2026,
561,41.2,gf,2.380,mm,OK,--,9:24:08 PM,7/10/2026,
562,41.3,gf,2.395,mm,OK,--,9:24:08 PM,7/10/2026,
563,41.3,gf,2.405,mm,OK,--,9:24:09 PM,7/10/2026,
564,41.3,gf,2.415,mm,OK,--,9:24:09 PM,7/10/2026,
565,41.3,gf,2.425,mm,OK,--,9:24:09 PM,7/10/2026,
566,41.4,gf,2.430,mm,OK,--,9:24:09 PM,7/10/2026,
567,41.4,gf,2.440,mm,OK,--,9:24:09 PM,7/10/2026,
568,41.4,gf,2.450,mm,OK,--,9:24:09 PM,7/10/2026,
569,41.5,gf,2.460,mm,OK,--,9:24:09 PM,7/10/2026,
570,41.5,gf,2.475,mm,OK,--,9:24:09 PM,7/10/2026,
571,41.5,gf,2.480,mm,OK,--,9:24:09 PM,7/10/2026,
572,41.5,gf,2.490,mm,OK,--,9:24:09 PM,7/10/2026,
573,41.5,gf,2.495,mm,OK,--,9:24:10 PM,7/10/2026,
574,41.5,gf,2.500,mm,OK,--,9:24:10 PM,7/10/2026,
575,41.5,gf,2.505,mm,OK,--,9:24:10 PM,7/10/2026,
576,41.5,gf,2.505,mm,OK,--,9:24:10 PM,7/10/2026,
577,41.5,gf,2.510,mm,OK,--,9:24:10 PM,7/10/2026,
578,41.5,gf,2.510,mm,OK,--,9:24:10 PM,7/10/2026,
579,41.5,gf,2.515,mm,OK,--,9:24:10 PM,7/10/2026,
580,41.5,gf,2.515,mm,OK,--,9:24:10 PM,7/10/2026,
581,41.5,gf,2.520,mm,OK,--,9:24:10 PM,7/10/2026,
582,41.5,gf,2.520,mm,OK,--,9:24:10 PM,7/10/2026,
583,41.5,gf,2.525,mm,OK,--,9:24:11 PM,7/10/2026,
584,41.6,gf,2.525,mm,OK,--,9:24:11 PM,7/10/2026,
585,41.6,gf,2.530,mm,OK,--,9:24:11 PM,7/10/2026,
586,41.6,gf,2.530,mm,OK,--,9:24:11 PM,7/10/2026,
587,41.6,gf,2.535,mm,OK,--,9:24:11 PM,7/10/2026,
588,41.6,gf,2.535,mm,OK,--,9:24:11 PM,7/10/2026,
589,41.6,gf,2.540,mm,OK,--,9:24:11 PM,7/10/2026,
590,41.6,gf,2.540,mm,OK,--,9:24:11 PM,7/10/2026,
591,41.6,gf,2.540,mm,OK,--,9:24:11 PM,7/10/2026,
592,41.6,gf,2.545,mm,OK,--,9:24:11 PM,7/10/2026,
593,41.6,gf,2.545,mm,OK,--,9:24:12 PM,7/10/2026,
594,41.7,gf,2.550,mm,OK,--,9:24:12 PM,7/10/2026,
595,41.7,gf,2.550,mm,OK,--,9:24:12 PM,7/10/2026,
596,41.7,gf,2.550,mm,OK,--,9:24:12 PM,7/10/2026,
597,41.7,gf,2.550,mm,OK,--,9:24:12 PM,7/10/2026,
598,41.7,gf,2.555,mm,OK,--,9:24:12 PM,7/10/2026,
599,41.7,gf,2.555,mm,OK,--,9:24:12 PM,7/10/2026,
600,41.7,gf,2.555,mm,OK,--,9:24:12 PM,7/10/2026,
601,41.7,gf,2.555,mm,OK,--,9:24:12 PM,7/10/2026,
602,41.7,gf,2.555,mm,OK,--,9:24:12 PM,7/10/2026,
603,41.7,gf,2.555,mm,OK,--,9:24:13 PM,7/10/2026,
604,41.7,gf,2.560,mm,OK,--,9:24:13 PM,7/10/2026,
605,41.7,gf,2.560,mm,OK,--,9:24:13 PM,7/10/2026,
606,41.7,gf,2.560,mm,OK,--,9:24:13 PM,7/10/2026,
607,41.7,gf,2.565,mm,OK,--,9:24:13 PM,7/10/2026,
608,41.7,gf,2.570,mm,OK,--,9:24:13 PM,7/10/2026,
609,41.7,gf,2.570,mm,OK,--,9:24:13 PM,7/10/2026,
610,41.8,gf,2.575,mm,OK,--,9:24:13 PM,7/10/2026,
611,41.8,gf,2.575,mm,OK,--,9:24:13 PM,7/10/2026,
612,41.8,gf,2.580,mm,OK,--,9:24:13 PM,7/10/2026,
613,41.8,gf,2.580,mm,OK,--,9:24:14 PM,7/10/2026,
614,41.8,gf,2.585,mm,OK,--,9:24:14 PM,7/10/2026,
615,41.8,gf,2.585,mm,OK,--,9:24:14 PM,7/10/2026,
616,41.8,gf,2.590,mm,OK,--,9:24:14 PM,7/10/2026,
617,41.8,gf,2.590,mm,OK,--,9:24:14 PM,7/10/2026,
618,41.8,gf,2.595,mm,OK,--,9:24:14 PM,7/10/2026,
619,41.8,gf,2.595,mm,OK,--,9:24:14 PM,7/10/2026,
620,41.9,gf,2.600,mm,OK,--,9:24:14 PM,7/10/2026,
621,41.9,gf,2.605,mm,OK,--,9:24:14 PM,7/10/2026,
622,41.9,gf,2.610,mm,OK,--,9:24:14 PM,7/10/2026,
623,41.9,gf,2.610,mm,OK,--,9:24:15 PM,7/10/2026,
624,41.9,gf,2.615,mm,OK,--,9:24:15 PM,7/10/2026,
625,41.9,gf,2.620,mm,OK,--,9:24:15 PM,7/10/2026,
626,42.0,gf,2.620,mm,OK,--,9:24:15 PM,7/10/2026,
627,42.0,gf,2.625,mm,OK,--,9:24:15 PM,7/10/2026,
628,42.0,gf,2.630,mm,OK,--,9:24:15 PM,7/10/2026,
629,42.0,gf,2.630,mm,OK,--,9:24:15 PM,7/10/2026,
630,42.0,gf,2.635,mm,OK,--,9:24:15 PM,7/10/2026,
631,42.0,gf,2.640,mm,OK,--,9:24:15 PM,7/10/2026,
632,42.0,gf,2.645,mm,OK,--,9:24:15 PM,7/10/2026,
633,42.0,gf,2.650,mm,OK,--,9:24:16 PM,7/10/2026,
634,42.1,gf,2.655,mm,OK,--,9:24:16 PM,7/10/2026,
635,42.1,gf,2.660,mm,OK,--,9:24:16 PM,7/10/2026,
636,42.1,gf,2.665,mm,OK,--,9:24:16 PM,7/10/2026,
637,42.1,gf,2.670,mm,OK,--,9:24:16 PM,7/10/2026,
638,42.1,gf,2.675,mm,OK,--,9:24:16 PM,7/10/2026,
639,42.1,gf,2.680,mm,OK,--,9:24:16 PM,7/10/2026,
640,42.1,gf,2.690,mm,OK,--,9:24:16 PM,7/10/2026,
641,42.1,gf,2.700,mm,OK,--,9:24:16 PM,7/10/2026,
642,42.2,gf,2.715,mm,OK,--,9:24:16 PM,7/10/2026,
643,42.3,gf,2.725,mm,OK,--,9:24:17 PM,7/10/2026,
644,42.3,gf,2.730,mm,OK,--,9:24:17 PM,7/10/2026,
645,42.3,gf,2.735,mm,OK,--,9:24:17 PM,7/10/2026,
646,42.3,gf,2.740,mm,OK,--,9:24:17 PM,7/10/2026,
647,42.3,gf,2.750,mm,OK,--,9:24:17 PM,7/10/2026,
648,42.3,gf,2.750,mm,OK,--,9:24:17 PM,7/10/2026,
649,42.3,gf,2.755,mm,OK,--,9:24:17 PM,7/10/2026,
650,42.3,gf,2.755,mm,OK,--,9:24:17 PM,7/10/2026,
651,42.3,gf,2.760,mm,OK,--,9:24:17 PM,7/10/2026,
652,42.4,gf,2.765,mm,OK,--,9:24:17 PM,7/10/2026,
653,42.4,gf,2.765,mm,OK,--,9:24:18 PM,7/10/2026,
654,42.4,gf,2.770,mm,OK,--,9:24:18 PM,7/10/2026,
655,42.4,gf,2.775,mm,OK,--,9:24:18 PM,7/10/2026,
656,42.4,gf,2.780,mm,OK,--,9:24:18 PM,7/10/2026,
657,42.5,gf,2.790,mm,OK,--,9:24:18 PM,7/10/2026,
658,42.6,gf,2.795,mm,OK,--,9:24:18 PM,7/10/2026,
659,42.6,gf,2.805,mm,OK,--,9:24:18 PM,7/10/2026,
660,42.6,gf,2.815,mm,OK,--,9:24:18 PM,7/10/2026,
661,42.6,gf,2.825,mm,OK,--,9:24:18 PM,7/10/2026,
662,42.6,gf,2.835,mm,OK,--,9:24:18 PM,7/10/2026,
663,42.6,gf,2.840,mm,OK,--,9:24:19 PM,7/10/2026,
664,42.6,gf,2.845,mm,OK,--,9:24:19 PM,7/10/2026,
665,42.6,gf,2.850,mm,OK,--,9:24:19 PM,7/10/2026,
666,42.7,gf,2.850,mm,OK,--,9:24:19 PM,7/10/2026,
667,42.6,gf,2.855,mm,OK,--,9:24:19 PM,7/10/2026,
668,42.7,gf,2.855,mm,OK,--,9:24:19 PM,7/10/2026,
669,42.7,gf,2.860,mm,OK,--,9:24:19 PM,7/10/2026,
670,42.7,gf,2.860,mm,OK,--,9:24:19 PM,7/10/2026,
671,42.7,gf,2.860,mm,OK,--,9:24:19 PM,7/10/2026,
672,42.7,gf,2.865,mm,OK,--,9:24:19 PM,7/10/2026,
673,42.7,gf,2.865,mm,OK,--,9:24:20 PM,7/10/2026,
674,42.7,gf,2.865,mm,OK,--,9:24:20 PM,7/10/2026,
675,42.7,gf,2.870,mm,OK,--,9:24:20 PM,7/10/2026,
676,42.7,gf,2.875,mm,OK,--,9:24:20 PM,7/10/2026,
677,42.7,gf,2.880,mm,OK,--,9:24:20 PM,7/10/2026,
678,42.7,gf,2.885,mm,OK,--,9:24:20 PM,7/10/2026,
679,42.7,gf,2.885,mm,OK,--,9:24:20 PM,7/10/2026,
680,42.8,gf,2.890,mm,OK,--,9:24:20 PM,7/10/2026,
681,42.8,gf,2.895,mm,OK,--,9:24:20 PM,7/10/2026,
682,42.8,gf,2.895,mm,OK,--,9:24:20 PM,7/10/2026,
683,42.8,gf,2.900,mm,OK,--,9:24:21 PM,7/10/2026,
684,42.8,gf,2.905,mm,OK,--,9:24:21 PM,7/10/2026,
685,42.9,gf,2.910,mm,OK,--,9:24:21 PM,7/10/2026,
686,42.9,gf,2.910,mm,OK,--,9:24:21 PM,7/10/2026,
687,42.9,gf,2.915,mm,OK,--,9:24:21 PM,7/10/2026,
688,42.9,gf,2.920,mm,OK,--,9:24:21 PM,7/10/2026,
689,42.9,gf,2.920,mm,OK,--,9:24:21 PM,7/10/2026,
690,42.9,gf,2.925,mm,OK,--,9:24:21 PM,7/10/2026,
691,42.9,gf,2.925,mm,OK,--,9:24:21 PM,7/10/2026,
692,42.9,gf,2.925,mm,OK,--,9:24:21 PM,7/10/2026,
693,42.9,gf,2.930,mm,OK,--,9:24:22 PM,7/10/2026,
694,42.9,gf,2.930,mm,OK,--,9:24:22 PM,7/10/2026,
695,42.9,gf,2.935,mm,OK,--,9:24:22 PM,7/10/2026,
696,42.9,gf,2.940,mm,OK,--,9:24:22 PM,7/10/2026,
697,42.9,gf,2.940,mm,OK,--,9:24:22 PM,7/10/2026,
698,42.9,gf,2.940,mm,OK,--,9:24:22 PM,7/10/2026,
699,42.9,gf,2.945,mm,OK,--,9:24:22 PM,7/10/2026,
700,42.9,gf,2.945,mm,OK,--,9:24:22 PM,7/10/2026,
701,42.9,gf,2.945,mm,OK,--,9:24:22 PM,7/10/2026,
702,42.9,gf,2.945,mm,OK,--,9:24:22 PM,7/10/2026,
703,43.0,gf,2.950,mm,OK,--,9:24:23 PM,7/10/2026,
704,43.0,gf,2.950,mm,OK,--,9:24:23 PM,7/10/2026,
705,43.0,gf,2.950,mm,OK,--,9:24:23 PM,7/10/2026,
706,43.0,gf,2.955,mm,OK,--,9:24:23 PM,7/10/2026,
707,43.0,gf,2.955,mm,OK,--,9:24:23 PM,7/10/2026,
708,43.0,gf,2.955,mm,OK,--,9:24:23 PM,7/10/2026,
709,43.0,gf,2.960,mm,OK,--,9:24:23 PM,7/10/2026,
710,43.0,gf,2.960,mm,OK,--,9:24:23 PM,7/10/2026,
711,43.0,gf,2.960,mm,OK,--,9:24:23 PM,7/10/2026,
712,43.0,gf,2.960,mm,OK,--,9:24:23 PM,7/10/2026,
713,43.0,gf,2.960,mm,OK,--,9:24:24 PM,7/10/2026,
714,43.0,gf,2.960,mm,OK,--,9:24:24 PM,7/10/2026,
715,43.0,gf,2.960,mm,OK,--,9:24:24 PM,7/10/2026,
716,43.0,gf,2.965,mm,OK,--,9:24:24 PM,7/10/2026,
717,43.0,gf,2.965,mm,OK,--,9:24:24 PM,7/10/2026,
718,43.0,gf,2.965,mm,OK,--,9:24:24 PM,7/10/2026,
719,43.0,gf,2.965,mm,OK,--,9:24:24 PM,7/10/2026,
720,43.0,gf,2.965,mm,OK,--,9:24:24 PM,7/10/2026,
721,43.0,gf,2.965,mm,OK,--,9:24:24 PM,7/10/2026,
722,43.0,gf,2.965,mm,OK,--,9:24:24 PM,7/10/2026,
723,43.0,gf,2.965,mm,OK,--,9:24:25 PM,7/10/2026,
724,43.0,gf,2.965,mm,OK,--,9:24:25 PM,7/10/2026,
725,43.0,gf,2.965,mm,OK,--,9:24:25 PM,7/10/2026,
726,43.0,gf,2.965,mm,OK,--,9:24:25 PM,7/10/2026,
727,43.0,gf,2.965,mm,OK,--,9:24:25 PM,7/10/2026,
728,43.0,gf,2.965,mm,OK,--,9:24:25 PM,7/10/2026,
729,43.0,gf,2.965,mm,OK,--,9:24:25 PM,7/10/2026,
730,43.0,gf,2.965,mm,OK,--,9:24:25 PM,7/10/2026,
731,43.0,gf,2.965,mm,OK,--,9:24:25 PM,7/10/2026,
732,43.0,gf,2.965,mm,OK,--,9:24:25 PM,7/10/2026,
733,43.0,gf,2.965,mm,OK,--,9:24:26 PM,7/10/2026,
734,43.0,gf,2.965,mm,OK,--,9:24:26 PM,7/10/2026,
735,43.0,gf,2.965,mm,OK,--,9:24:26 PM,7/10/2026,
736,43.0,gf,2.965,mm,OK,--,9:24:26 PM,7/10/2026,
737,43.0,gf,2.965,mm,OK,--,9:24:26 PM,7/10/2026,
738,43.0,gf,2.965,mm,OK,--,9:24:26 PM,7/10/2026,
739,43.0,gf,2.965,mm,OK,--,9:24:26 PM,7/10/2026,
740,43.0,gf,2.965,mm,OK,--,9:24:26 PM,7/10/2026,
741,43.0,gf,2.965,mm,OK,--,9:24:26 PM,7/10/2026,
742,43.0,gf,2.965,mm,OK,--,9:24:26 PM,7/10/2026,
743,43.1,gf,2.965,mm,OK,--,9:24:27 PM,7/10/2026,
744,43.1,gf,2.970,mm,OK,--,9:24:27 PM,7/10/2026,
745,43.1,gf,2.970,mm,OK,--,9:24:27 PM,7/10/2026,
746,43.1,gf,2.970,mm,OK,--,9:24:27 PM,7/10/2026,
747,43.1,gf,2.975,mm,OK,--,9:24:27 PM,7/10/2026,
748,43.1,gf,2.980,mm,OK,--,9:24:27 PM,7/10/2026,
749,43.2,gf,2.985,mm,OK,--,9:24:27 PM,7/10/2026,
750,43.2,gf,2.990,mm,OK,--,9:24:27 PM,7/10/2026,
751,43.2,gf,2.995,mm,OK,--,9:24:27 PM,7/10/2026,
752,43.3,gf,3.000,mm,OK,--,9:24:27 PM,7/10/2026,
753,43.3,gf,3.000,mm,OK,--,9:24:28 PM,7/10/2026,
754,43.3,gf,3.005,mm,OK,--,9:24:28 PM,7/10/2026,
755,43.3,gf,3.010,mm,OK,--,9:24:28 PM,7/10/2026,
756,43.4,gf,3.010,mm,OK,--,9:24:28 PM,7/10/2026,
757,43.4,gf,3.015,mm,OK,--,9:24:28 PM,7/10/2026,
758,43.4,gf,3.020,mm,OK,--,9:24:28 PM,7/10/2026,
759,43.4,gf,3.020,mm,OK,--,9:24:28 PM,7/10/2026,
760,43.4,gf,3.025,mm,OK,--,9:24:28 PM,7/10/2026,
761,43.4,gf,3.025,mm,OK,--,9:24:28 PM,7/10/2026,
762,43.4,gf,3.030,mm,OK,--,9:24:28 PM,7/10/2026,
763,43.4,gf,3.030,mm,OK,--,9:24:29 PM,7/10/2026,
764,43.4,gf,3.030,mm,OK,--,9:24:29 PM,7/10/2026,
765,43.4,gf,3.035,mm,OK,--,9:24:29 PM,7/10/2026,
766,43.3,gf,3.035,mm,OK,--,9:24:29 PM,7/10/2026,
767,43.4,gf,3.035,mm,OK,--,9:24:29 PM,7/10/2026,
768,43.4,gf,3.040,mm,OK,--,9:24:29 PM,7/10/2026,
769,43.4,gf,3.040,mm,OK,--,9:24:29 PM,7/10/2026,
770,43.4,gf,3.045,mm,OK,--,9:24:29 PM,7/10/2026,
771,43.4,gf,3.045,mm,OK,--,9:24:29 PM,7/10/2026,
772,43.4,gf,3.045,mm,OK,--,9:24:29 PM,7/10/2026,
773,43.4,gf,3.045,mm,OK,--,9:24:30 PM,7/10/2026,
774,43.4,gf,3.050,mm,OK,--,9:24:30 PM,7/10/2026,
775,43.4,gf,3.050,mm,OK,--,9:24:30 PM,7/10/2026,
776,43.4,gf,3.050,mm,OK,--,9:24:30 PM,7/10/2026,
777,43.4,gf,3.050,mm,OK,--,9:24:30 PM,7/10/2026,
778,43.4,gf,3.055,mm,OK,--,9:24:30 PM,7/10/2026,
779,43.4,gf,3.055,mm,OK,--,9:24:30 PM,7/10/2026,
780,43.5,gf,3.055,mm,OK,--,9:24:30 PM,7/10/2026,
781,43.5,gf,3.060,mm,OK,--,9:24:30 PM,7/10/2026,
782,43.5,gf,3.060,mm,OK,--,9:24:30 PM,7/10/2026,
783,43.5,gf,3.065,mm,OK,--,9:24:31 PM,7/10/2026,
784,43.5,gf,3.065,mm,OK,--,9:24:31 PM,7/10/2026,
785,43.5,gf,3.070,mm,OK,--,9:24:31 PM,7/10/2026,
786,43.5,gf,3.070,mm,OK,--,9:24:31 PM,7/10/2026,
787,43.5,gf,3.075,mm,OK,--,9:24:31 PM,7/10/2026,
788,43.6,gf,3.075,mm,OK,--,9:24:31 PM,7/10/2026,
789,43.6,gf,3.080,mm,OK,--,9:24:31 PM,7/10/2026,
790,43.6,gf,3.085,mm,OK,--,9:24:31 PM,7/10/2026,
791,43.6,gf,3.085,mm,OK,--,9:24:31 PM,7/10/2026,
792,43.6,gf,3.090,mm,OK,--,9:24:31 PM,7/10/2026,
793,43.6,gf,3.090,mm,OK,--,9:24:32 PM,7/10/2026,
794,43.6,gf,3.095,mm,OK,--,9:24:32 PM,7/10/2026,
795,43.6,gf,3.095,mm,OK,--,9:24:32 PM,7/10/2026,
796,43.6,gf,3.100,mm,OK,--,9:24:32 PM,7/10/2026,
797,43.6,gf,3.105,mm,OK,--,9:24:32 PM,7/10/2026,
798,43.6,gf,3.105,mm,OK,--,9:24:32 PM,7/10/2026,
799,43.6,gf,3.110,mm,OK,--,9:24:32 PM,7/10/2026,
800,43.6,gf,3.115,mm,OK,--,9:24:32 PM,7/10/2026,
801,43.7,gf,3.115,mm,OK,--,9:24:32 PM,7/10/2026,
802,43.7,gf,3.120,mm,OK,--,9:24:32 PM,7/10/2026,
803,43.7,gf,3.125,mm,OK,--,9:24:33 PM,7/10/2026,
804,43.7,gf,3.125,mm,OK,--,9:24:33 PM,7/10/2026,
805,43.7,gf,3.130,mm,OK,--,9:24:33 PM,7/10/2026,
806,43.7,gf,3.135,mm,OK,--,9:24:33 PM,7/10/2026,
807,43.8,gf,3.135,mm,OK,--,9:24:33 PM,7/10/2026,
808,43.7,gf,3.140,mm,OK,--,9:24:33 PM,7/10/2026,
809,43.7,gf,3.145,mm,OK,--,9:24:33 PM,7/10/2026,
810,43.7,gf,3.145,mm,OK,--,9:24:33 PM,7/10/2026,
811,43.8,gf,3.145,mm,OK,--,9:24:33 PM,7/10/2026,
812,43.8,gf,3.150,mm,OK,--,9:24:33 PM,7/10/2026,
813,43.8,gf,3.150,mm,OK,--,9:24:34 PM,7/10/2026,
814,43.8,gf,3.150,mm,OK,--,9:24:34 PM,7/10/2026,
815,43.8,gf,3.155,mm,OK,--,9:24:34 PM,7/10/2026,
816,43.8,gf,3.155,mm,OK,--,9:24:34 PM,7/10/2026,
817,43.8,gf,3.155,mm,OK,--,9:24:34 PM,7/10/2026,
818,43.8,gf,3.160,mm,OK,--,9:24:34 PM,7/10/2026,
819,43.8,gf,3.160,mm,OK,--,9:24:34 PM,7/10/2026,
820,43.8,gf,3.165,mm,OK,--,9:24:34 PM,7/10/2026,
821,43.8,gf,3.165,mm,OK,--,9:24:34 PM,7/10/2026,
822,43.8,gf,3.165,mm,OK,--,9:24:34 PM,7/10/2026,
823,43.8,gf,3.165,mm,OK,--,9:24:35 PM,7/10/2026,
824,43.8,gf,3.170,mm,OK,--,9:24:35 PM,7/10/2026,
825,43.8,gf,3.170,mm,OK,--,9:24:35 PM,7/10/2026,
826,43.8,gf,3.170,mm,OK,--,9:24:35 PM,7/10/2026,
827,43.8,gf,3.175,mm,OK,--,9:24:35 PM,7/10/2026,
828,43.8,gf,3.175,mm,OK,--,9:24:35 PM,7/10/2026,
829,43.8,gf,3.175,mm,OK,--,9:24:35 PM,7/10/2026,
830,43.8,gf,3.175,mm,OK,--,9:24:35 PM,7/10/2026,
831,43.8,gf,3.175,mm,OK,--,9:24:35 PM,7/10/2026,
832,43.8,gf,3.180,mm,OK,--,9:24:35 PM,7/10/2026,
833,43.8,gf,3.180,mm,OK,--,9:24:36 PM,7/10/2026,
834,43.8,gf,3.180,mm,OK,--,9:24:36 PM,7/10/2026,
835,43.8,gf,3.180,mm,OK,--,9:24:36 PM,7/10/2026,
836,43.8,gf,3.180,mm,OK,--,9:24:36 PM,7/10/2026,
837,43.8,gf,3.180,mm,OK,--,9:24:36 PM,7/10/2026,
838,43.8,gf,3.185,mm,OK,--,9:24:36 PM,7/10/2026,
839,43.8,gf,3.185,mm,OK,--,9:24:36 PM,7/10/2026,
840,43.8,gf,3.185,mm,OK,--,9:24:36 PM,7/10/2026,
841,43.8,gf,3.185,mm,OK,--,9:24:36 PM,7/10/2026,
842,43.8,gf,3.185,mm,OK,--,9:24:36 PM,7/10/2026,
843,43.8,gf,3.185,mm,OK,--,9:24:37 PM,7/10/2026,
844,43.8,gf,3.185,mm,OK,--,9:24:37 PM,7/10/2026,
845,43.8,gf,3.185,mm,OK,--,9:24:37 PM,7/10/2026,
846,43.8,gf,3.190,mm,OK,--,9:24:37 PM,7/10/2026,
847,43.8,gf,3.190,mm,OK,--,9:24:37 PM,7/10/2026,
848,43.8,gf,3.190,mm,OK,--,9:24:37 PM,7/10/2026,
849,43.8,gf,3.190,mm,OK,--,9:24:37 PM,7/10/2026,
850,43.8,gf,3.190,mm,OK,--,9:24:37 PM,7/10/2026,
851,43.8,gf,3.190,mm,OK,--,9:24:37 PM,7/10/2026,
852,43.8,gf,3.190,mm,OK,--,9:24:37 PM,7/10/2026,
853,43.8,gf,3.190,mm,OK,--,9:24:38 PM,7/10/2026,
854,43.8,gf,3.190,mm,OK,--,9:24:38 PM,7/10/2026,
855,43.8,gf,3.190,mm,OK,--,9:24:38 PM,7/10/2026,
856,43.8,gf,3.190,mm,OK,--,9:24:38 PM,7/10/2026,
857,43.8,gf,3.190,mm,OK,--,9:24:38 PM,7/10/2026,
858,43.8,gf,3.190,mm,OK,--,9:24:38 PM,7/10/2026,
859,43.8,gf,3.190,mm,OK,--,9:24:38 PM,7/10/2026,
860,43.8,gf,3.190,mm,OK,--,9:24:38 PM,7/10/2026,
861,43.8,gf,3.190,mm,OK,--,9:24:38 PM,7/10/2026,
862,43.8,gf,3.190,mm,OK,--,9:24:38 PM,7/10/2026,
863,43.8,gf,3.190,mm,OK,--,9:24:39 PM,7/10/2026,
864,43.8,gf,3.190,mm,OK,--,9:24:39 PM,7/10/2026,
865,43.8,gf,3.190,mm,OK,--,9:24:39 PM,7/10/2026,
866,43.8,gf,3.190,mm,OK,--,9:24:39 PM,7/10/2026,
867,43.8,gf,3.190,mm,OK,--,9:24:39 PM,7/10/2026,
868,43.9,gf,3.190,mm,OK,--,9:24:39 PM,7/10/2026,
869,43.9,gf,3.195,mm,OK,--,9:24:39 PM,7/10/2026,
870,43.9,gf,3.195,mm,OK,--,9:24:39 PM,7/10/2026,
871,43.9,gf,3.195,mm,OK,--,9:24:39 PM,7/10/2026,
872,43.9,gf,3.195,mm,OK,--,9:24:39 PM,7/10/2026,
873,43.9,gf,3.195,mm,OK,--,9:24:40 PM,7/10/2026,
874,43.9,gf,3.195,mm,OK,--,9:24:40 PM,7/10/2026,
875,43.9,gf,3.195,mm,OK,--,9:24:40 PM,7/10/2026,
876,43.9,gf,3.195,mm,OK,--,9:24:40 PM,7/10/2026,
877,43.9,gf,3.195,mm,OK,--,9:24:40 PM,7/10/2026,
878,43.9,gf,3.195,mm,OK,--,9:24:40 PM,7/10/2026,
879,43.9,gf,3.200,mm,OK,--,9:24:40 PM,7/10/2026,
880,44.0,gf,3.200,mm,OK,--,9:24:40 PM,7/10/2026,
881,44.0,gf,3.205,mm,OK,--,9:24:40 PM,7/10/2026,
882,44.0,gf,3.205,mm,OK,--,9:24:40 PM,7/10/2026,
883,44.0,gf,3.210,mm,OK,--,9:24:41 PM,7/10/2026,
884,44.0,gf,3.215,mm,OK,--,9:24:41 PM,7/10/2026,
885,44.0,gf,3.215,mm,OK,--,9:24:41 PM,7/10/2026,
886,44.0,gf,3.220,mm,OK,--,9:24:41 PM,7/10/2026,
887,44.0,gf,3.220,mm,OK,--,9:24:41 PM,7/10/2026,
888,44.0,gf,3.225,mm,OK,--,9:24:41 PM,7/10/2026,
889,44.1,gf,3.230,mm,OK,--,9:24:41 PM,7/10/2026,
890,44.1,gf,3.235,mm,OK,--,9:24:41 PM,7/10/2026,
891,44.2,gf,3.240,mm,OK,--,9:24:41 PM,7/10/2026,
892,44.2,gf,3.245,mm,OK,--,9:24:41 PM,7/10/2026,
893,44.2,gf,3.250,mm,OK,--,9:24:42 PM,7/10/2026,
894,44.2,gf,3.255,mm,OK,--,9:24:42 PM,7/10/2026,
895,44.3,gf,3.260,mm,OK,--,9:24:42 PM,7/10/2026,
896,44.2,gf,3.260,mm,OK,--,9:24:42 PM,7/10/2026,
897,44.2,gf,3.265,mm,OK,--,9:24:42 PM,7/10/2026,
898,44.2,gf,3.265,mm,OK,--,9:24:42 PM,7/10/2026,
899,44.2,gf,3.270,mm,OK,--,9:24:42 PM,7/10/2026,
900,44.2,gf,3.270,mm,OK,--,9:24:42 PM,7/10/2026,
901,44.2,gf,3.270,mm,OK,--,9:24:42 PM,7/10/2026,
902,44.3,gf,3.270,mm,OK,--,9:24:42 PM,7/10/2026,
903,44.3,gf,3.275,mm,OK,--,9:24:43 PM,7/10/2026,
904,44.3,gf,3.280,mm,OK,--,9:24:43 PM,7/10/2026,
905,44.3,gf,3.280,mm,OK,--,9:24:43 PM,7/10/2026,
906,44.3,gf,3.285,mm,OK,--,9:24:43 PM,7/10/2026,
907,44.3,gf,3.285,mm,OK,--,9:24:43 PM,7/10/2026,
908,44.3,gf,3.285,mm,OK,--,9:24:43 PM,7/10/2026,
909,44.3,gf,3.290,mm,OK,--,9:24:43 PM,7/10/2026,
910,44.3,gf,3.290,mm,OK,--,9:24:43 PM,7/10/2026,
911,44.3,gf,3.290,mm,OK,--,9:24:43 PM,7/10/2026,
912,44.4,gf,3.290,mm,OK,--,9:24:43 PM,7/10/2026,
913,44.4,gf,3.295,mm,OK,--,9:24:44 PM,7/10/2026,
914,44.4,gf,3.300,mm,OK,--,9:24:44 PM,7/10/2026,
915,44.4,gf,3.305,mm,OK,--,9:24:44 PM,7/10/2026,
916,44.4,gf,3.310,mm,OK,--,9:24:44 PM,7/10/2026,
917,44.4,gf,3.310,mm,OK,--,9:24:44 PM,7/10/2026,
918,44.5,gf,3.315,mm,OK,--,9:24:44 PM,7/10/2026,
919,44.5,gf,3.320,mm,OK,--,9:24:44 PM,7/10/2026,
920,44.5,gf,3.325,mm,OK,--,9:24:44 PM,7/10/2026,
921,44.5,gf,3.330,mm,OK,--,9:24:44 PM,7/10/2026,
922,44.6,gf,3.330,mm,OK,--,9:24:44 PM,7/10/2026,
923,44.7,gf,3.335,mm,OK,--,9:24:45 PM,7/10/2026,
924,44.6,gf,3.340,mm,OK,--,9:24:45 PM,7/10/2026,
925,44.7,gf,3.350,mm,OK,--,9:24:45 PM,7/10/2026,
926,44.7,gf,3.355,mm,OK,--,9:24:45 PM,7/10/2026,
927,44.7,gf,3.360,mm,OK,--,9:24:45 PM,7/10/2026,
928,44.7,gf,3.365,mm,OK,--,9:24:45 PM,7/10/2026,
929,44.7,gf,3.370,mm,OK,--,9:24:45 PM,7/10/2026,
930,44.7,gf,3.375,mm,OK,--,9:24:45 PM,7/10/2026,
931,44.7,gf,3.380,mm,OK,--,9:24:45 PM,7/10/2026,
932,44.8,gf,3.385,mm,OK,--,9:24:45 PM,7/10/2026,
933,44.8,gf,3.390,mm,OK,--,9:24:46 PM,7/10/2026,
934,44.8,gf,3.390,mm,OK,--,9:24:46 PM,7/10/2026,
935,44.9,gf,3.395,mm,OK,--,9:24:46 PM,7/10/2026,
936,44.9,gf,3.400,mm,OK,--,9:24:46 PM,7/10/2026,
937,44.9,gf,3.405,mm,OK,--,9:24:46 PM,7/10/2026,
938,44.9,gf,3.410,mm,OK,--,9:24:46 PM,7/10/2026,
939,45.0,gf,3.415,mm,OK,--,9:24:46 PM,7/10/2026,
940,45.0,gf,3.425,mm,OK,--,9:24:46 PM,7/10/2026,
941,45.0,gf,3.430,mm,OK,--,9:24:46 PM,7/10/2026,
942,45.0,gf,3.430,mm,OK,--,9:24:46 PM,7/10/2026,
943,45.0,gf,3.435,mm,OK,--,9:24:47 PM,7/10/2026,
944,45.0,gf,3.440,mm,OK,--,9:24:47 PM,7/10/2026,
945,45.0,gf,3.445,mm,OK,--,9:24:47 PM,7/10/2026,
946,45.0,gf,3.450,mm,OK,--,9:24:47 PM,7/10/2026,
947,45.0,gf,3.455,mm,OK,--,9:24:47 PM,7/10/2026,
948,45.0,gf,3.460,mm,OK,--,9:24:47 PM,7/10/2026,
949,45.1,gf,3.465,mm,OK,--,9:24:47 PM,7/10/2026,
950,45.1,gf,3.470,mm,OK,--,9:24:47 PM,7/10/2026,
951,45.1,gf,3.475,mm,OK,--,9:24:47 PM,7/10/2026,
952,45.2,gf,3.480,mm,OK,--,9:24:47 PM,7/10/2026,
953,45.2,gf,3.485,mm,OK,--,9:24:48 PM,7/10/2026,
954,45.3,gf,3.495,mm,OK,--,9:24:48 PM,7/10/2026,
955,45.3,gf,3.500,mm,OK,--,9:24:48 PM,7/10/2026,
956,45.3,gf,3.510,mm,OK,--,9:24:48 PM,7/10/2026,
957,45.3,gf,3.515,mm,OK,--,9:24:48 PM,7/10/2026,
958,45.3,gf,3.515,mm,OK,--,9:24:48 PM,7/10/2026,
959,45.4,gf,3.520,mm,OK,--,9:24:48 PM,7/10/2026,
960,45.4,gf,3.525,mm,OK,--,9:24:48 PM,7/10/2026,
961,45.4,gf,3.530,mm,OK,--,9:24:48 PM,7/10/2026,
962,45.4,gf,3.535,mm,OK,--,9:24:48 PM,7/10/2026,
963,45.5,gf,3.540,mm,OK,--,9:24:49 PM,7/10/2026,
964,45.5,gf,3.545,mm,OK,--,9:24:49 PM,7/10/2026,
965,45.5,gf,3.550,mm,OK,--,9:24:49 PM,7/10/2026,
966,45.5,gf,3.550,mm,OK,--,9:24:49 PM,7/10/2026,
967,45.6,gf,3.555,mm,OK,--,9:24:49 PM,7/10/2026,
968,45.6,gf,3.560,mm,OK,--,9:24:49 PM,7/10/2026,
969,45.6,gf,3.560,mm,OK,--,9:24:49 PM,7/10/2026,
970,45.7,gf,3.565,mm,OK,--,9:24:49 PM,7/10/2026,
971,45.6,gf,3.565,mm,OK,--,9:24:49 PM,7/10/2026,
972,45.7,gf,3.570,mm,OK,--,9:24:49 PM,7/10/2026,
973,45.7,gf,3.575,mm,OK,--,9:24:50 PM,7/10/2026,
974,45.7,gf,3.575,mm,OK,--,9:24:50 PM,7/10/2026,
975,45.7,gf,3.580,mm,OK,--,9:24:50 PM,7/10/2026,
976,45.7,gf,3.585,mm,OK,--,9:24:50 PM,7/10/2026,
977,45.7,gf,3.585,mm,OK,--,9:24:50 PM,7/10/2026,
978,45.7,gf,3.585,mm,OK,--,9:24:50 PM,7/10/2026,
979,45.7,gf,3.590,mm,OK,--,9:24:50 PM,7/10/2026,
980,45.7,gf,3.590,mm,OK,--,9:24:50 PM,7/10/2026,
981,45.8,gf,3.590,mm,OK,--,9:24:50 PM,7/10/2026,
982,45.8,gf,3.595,mm,OK,--,9:24:50 PM,7/10/2026,
983,45.8,gf,3.595,mm,OK,--,9:24:51 PM,7/10/2026,
984,45.8,gf,3.600,mm,OK,--,9:24:51 PM,7/10/2026,
985,45.8,gf,3.600,mm,OK,--,9:24:51 PM,7/10/2026,
986,45.9,gf,3.605,mm,OK,--,9:24:51 PM,7/10/2026,
987,45.9,gf,3.605,mm,OK,--,9:24:51 PM,7/10/2026,
988,46.0,gf,3.610,mm,OK,--,9:24:51 PM,7/10/2026,
989,46.0,gf,3.615,mm,OK,--,9:24:51 PM,7/10/2026,
990,46.0,gf,3.620,mm,OK,--,9:24:51 PM,7/10/2026,
991,46.1,gf,3.620,mm,OK,--,9:24:51 PM,7/10/2026,
992,46.1,gf,3.625,mm,OK,--,9:24:51 PM,7/10/2026,
993,46.1,gf,3.630,mm,OK,--,9:24:52 PM,7/10/2026,
994,46.2,gf,3.635,mm,OK,--,9:24:52 PM,7/10/2026,
995,46.2,gf,3.640,mm,OK,--,9:24:52 PM,7/10/2026,
996,46.4,gf,3.645,mm,OK,--,9:24:52 PM,7/10/2026,
997,48.6,gf,3.650,mm,OK,--,9:24:52 PM,7/10/2026,
998,56.4,gf,3.660,mm,OK,--,9:24:52 PM,7/10/2026,
999,64.4,gf,3.670,mm,OK,--,9:24:52 PM,7/10/2026,
1000,71.5,gf,3.675,mm,OK,--,9:24:52 PM,7/10/2026,
1001,78.0,gf,3.685,mm,OK,--,9:24:52 PM,7/10/2026,
1002,82.8,gf,3.685,mm,OK,--,9:24:52 PM,7/10/2026,
1003,87.0,gf,3.690,mm,OK,--,9:24:53 PM,7/10/2026,
1004,90.3,gf,3.695,mm,OK,--,9:24:53 PM,7/10/2026,
1005,92.5,gf,3.700,mm,OK,--,9:24:53 PM,7/10/2026,
1006,94.6,gf,3.700,mm,OK,--,9:24:53 PM,7/10/2026,
1007,96.3,gf,3.700,mm,OK,--,9:24:53 PM,7/10/2026,
1008,97.5,gf,3.705,mm,OK,--,9:24:53 PM,7/10/2026,
1009,98.7,gf,3.705,mm,OK,--,9:24:53 PM,7/10/2026,
1010,99.8,gf,3.705,mm,OK,--,9:24:53 PM,7/10/2026,
1011,101.1,gf,3.705,mm,OK,--,9:24:53 PM,7/10/2026,
1012,102.2,gf,3.710,mm,OK,--,9:24:53 PM,7/10/2026,
1013,103.6,gf,3.710,mm,OK,--,9:24:54 PM,7/10/2026,
1014,104.8,gf,3.710,mm,OK,--,9:24:54 PM,7/10/2026,
1015,106.2,gf,3.710,mm,OK,--,9:24:54 PM,7/10/2026,
1016,107.7,gf,3.715,mm,OK,--,9:24:54 PM,7/10/2026,
1017,109.5,gf,3.715,mm,OK,--,9:24:54 PM,7/10/2026,
1018,111.5,gf,3.720,mm,OK,--,9:24:54 PM,7/10/2026,
1019,113.4,gf,3.720,mm,OK,--,9:24:54 PM,7/10/2026,
1020,115.3,gf,3.720,mm,OK,--,9:24:54 PM,7/10/2026,
1021,117.2,gf,3.725,mm,OK,--,9:24:54 PM,7/10/2026,
1022,119.2,gf,3.725,mm,OK,--,9:24:54 PM,7/10/2026,
1023,121.4,gf,3.730,mm,OK,--,9:24:55 PM,7/10/2026,
1024,123.8,gf,3.730,mm,OK,--,9:24:55 PM,7/10/2026,
1025,126.7,gf,3.735,mm,OK,--,9:24:55 PM,7/10/2026,
1026,130.3,gf,3.740,mm,OK,--,9:24:55 PM,7/10/2026,
1027,134.0,gf,3.740,mm,OK,--,9:24:55 PM,7/10/2026,
1028,138.0,gf,3.745,mm,OK,--,9:24:55 PM,7/10/2026,
1029,141.9,gf,3.750,mm,OK,--,9:24:55 PM,7/10/2026,
1030,145.0,gf,3.750,mm,OK,--,9:24:55 PM,7/10/2026,
1031,148.1,gf,3.755,mm,OK,--,9:24:55 PM,7/10/2026,
1032,151.4,gf,3.760,mm,OK,--,9:24:55 PM,7/10/2026,
1033,154.8,gf,3.760,mm,OK,--,9:24:56 PM,7/10/2026,
1034,158.5,gf,3.765,mm,OK,--,9:24:56 PM,7/10/2026,
1035,161.4,gf,3.770,mm,OK,--,9:24:56 PM,7/10/2026,
1036,163.6,gf,3.770,mm,OK,--,9:24:56 PM,7/10/2026,
1037,165.4,gf,3.775,mm,OK,--,9:24:56 PM,7/10/2026,
1038,167.0,gf,3.775,mm,OK,--,9:24:56 PM,7/10/2026,
1039,168.7,gf,3.775,mm,OK,--,9:24:56 PM,7/10/2026,
1040,170.3,gf,3.780,mm,OK,--,9:24:56 PM,7/10/2026,
1041,172.2,gf,3.780,mm,OK,--,9:24:56 PM,7/10/2026,
1042,174.2,gf,3.785,mm,OK,--,9:24:56 PM,7/10/2026,
1043,175.9,gf,3.785,mm,OK,--,9:24:57 PM,7/10/2026,
1044,177.6,gf,3.785,mm,OK,--,9:24:57 PM,7/10/2026,
1045,179.6,gf,3.790,mm,OK,--,9:24:57 PM,7/10/2026,
1046,181.9,gf,3.790,mm,OK,--,9:24:57 PM,7/10/2026,
1047,183.8,gf,3.795,mm,OK,--,9:24:57 PM,7/10/2026,
1048,185.1,gf,3.795,mm,OK,--,9:24:57 PM,7/10/2026,
1049,186.5,gf,3.795,mm,OK,--,9:24:57 PM,7/10/2026,
1050,188.0,gf,3.795,mm,OK,--,9:24:57 PM,7/10/2026,
1051,189.2,gf,3.800,mm,OK,--,9:24:57 PM,7/10/2026,
1052,190.4,gf,3.800,mm,OK,--,9:24:57 PM,7/10/2026,
1053,191.6,gf,3.800,mm,OK,--,9:24:58 PM,7/10/2026,
1054,192.3,gf,3.800,mm,OK,--,9:24:58 PM,7/10/2026,
1055,192.2,gf,3.800,mm,OK,--,9:24:58 PM,7/10/2026,
1056,192.2,gf,3.800,mm,OK,--,9:24:58 PM,7/10/2026,
1057,192.1,gf,3.800,mm,OK,--,9:24:58 PM,7/10/2026,
1058,192.1,gf,3.800,mm,OK,--,9:24:58 PM,7/10/2026,
1059,192.1,gf,3.800,mm,OK,--,9:24:58 PM,7/10/2026,
1060,191.8,gf,3.800,mm,OK,--,9:24:58 PM,7/10/2026,
1061,191.6,gf,3.800,mm,OK,--,9:24:58 PM,7/10/2026,
1062,191.6,gf,3.800,mm,OK,--,9:24:58 PM,7/10/2026,
1063,191.6,gf,3.800,mm,OK,--,9:24:59 PM,7/10/2026,
1064,191.5,gf,3.800,mm,OK,--,9:24:59 PM,7/10/2026,
1065,191.4,gf,3.800,mm,OK,--,9:24:59 PM,7/10/2026,
1066,191.5,gf,3.800,mm,OK,--,9:24:59 PM,7/10/2026,
1067,191.4,gf,3.800,mm,OK,--,9:24:59 PM,7/10/2026,
1068,191.4,gf,3.800,mm,OK,--,9:24:59 PM,7/10/2026,
1069,191.4,gf,3.800,mm,OK,--,9:24:59 PM,7/10/2026,
1070,191.4,gf,3.800,mm,OK,--,9:24:59 PM,7/10/2026,
1071,191.3,gf,3.800,mm,OK,--,9:24:59 PM,7/10/2026,
1072,191.3,gf,3.800,mm,OK,--,9:24:59 PM,7/10/2026,
1073,191.3,gf,3.800,mm,OK,--,9:25:00 PM,7/10/2026,
1074,191.3,gf,3.800,mm,OK,--,9:25:00 PM,7/10/2026,
1075,191.2,gf,3.800,mm,OK,--,9:25:00 PM,7/10/2026,
1076,191.2,gf,3.800,mm,OK,--,9:25:00 PM,7/10/2026,
1077,191.1,gf,3.800,mm,OK,--,9:25:00 PM,7/10/2026,
1078,191.0,gf,3.800,mm,OK,--,9:25:00 PM,7/10/2026,
1079,190.7,gf,3.800,mm,OK,--,9:25:00 PM,7/10/2026,
1080,190.5,gf,3.800,mm,OK,--,9:25:00 PM,7/10/2026,
1081,190.4,gf,3.800,mm,OK,--,9:25:00 PM,7/10/2026,
1082,190.3,gf,3.800,mm,OK,--,9:25:00 PM,7/10/2026,
1083,190.1,gf,3.800,mm,OK,--,9:25:01 PM,7/10/2026,
1084,189.9,gf,3.800,mm,OK,--,9:25:01 PM,7/10/2026,
1085,189.2,gf,3.800,mm,OK,--,9:25:01 PM,7/10/2026,
1086,188.5,gf,3.800,mm,OK,--,9:25:01 PM,7/10/2026,
1087,187.8,gf,3.800,mm,OK,--,9:25:01 PM,7/10/2026,
1088,187.5,gf,3.800,mm,OK,--,9:25:01 PM,7/10/2026,
1089,187.4,gf,3.800,mm,OK,--,9:25:01 PM,7/10/2026,
1090,187.0,gf,3.800,mm,OK,--,9:25:01 PM,7/10/2026,
1091,186.1,gf,3.800,mm,OK,--,9:25:01 PM,7/10/2026,
1092,184.6,gf,3.795,mm,OK,--,9:25:01 PM,7/10/2026,
1093,182.9,gf,3.795,mm,OK,--,9:25:02 PM,7/10/2026,
1094,181.6,gf,3.795,mm,OK,--,9:25:02 PM,7/10/2026,
1095,180.7,gf,3.795,mm,OK,--,9:25:02 PM,7/10/2026,
1096,179.7,gf,3.790,mm,OK,--,9:25:02 PM,7/10/2026,
1097,178.6,gf,3.790,mm,OK,--,9:25:02 PM,7/10/2026,
1098,177.6,gf,3.790,mm,OK,--,9:25:02 PM,7/10/2026,
1099,176.8,gf,3.790,mm,OK,--,9:25:02 PM,7/10/2026,
1100,176.1,gf,3.790,mm,OK,--,9:25:02 PM,7/10/2026,
1101,175.5,gf,3.790,mm,OK,--,9:25:02 PM,7/10/2026,
1102,175.0,gf,3.790,mm,OK,--,9:25:02 PM,7/10/2026,
1103,174.5,gf,3.785,mm,OK,--,9:25:03 PM,7/10/2026,
1104,173.8,gf,3.785,mm,OK,--,9:25:03 PM,7/10/2026,
1105,173.3,gf,3.785,mm,OK,--,9:25:03 PM,7/10/2026,
1106,172.8,gf,3.785,mm,OK,--,9:25:03 PM,7/10/2026,
1107,172.4,gf,3.785,mm,OK,--,9:25:03 PM,7/10/2026,
1108,172.1,gf,3.785,mm,OK,--,9:25:03 PM,7/10/2026,
1109,171.8,gf,3.785,mm,OK,--,9:25:03 PM,7/10/2026,
1110,171.5,gf,3.785,mm,OK,--,9:25:03 PM,7/10/2026,
1111,171.3,gf,3.785,mm,OK,--,9:25:03 PM,7/10/2026,
1112,171.0,gf,3.785,mm,OK,--,9:25:03 PM,7/10/2026,
1113,170.7,gf,3.785,mm,OK,--,9:25:04 PM,7/10/2026,
1114,170.3,gf,3.785,mm,OK,--,9:25:04 PM,7/10/2026,
1115,170.0,gf,3.785,mm,OK,--,9:25:04 PM,7/10/2026,
1116,169.7,gf,3.785,mm,OK,--,9:25:04 PM,7/10/2026,
1117,169.4,gf,3.780,mm,OK,--,9:25:04 PM,7/10/2026,
1118,169.0,gf,3.780,mm,OK,--,9:25:04 PM,7/10/2026,
1119,168.6,gf,3.780,mm,OK,--,9:25:04 PM,7/10/2026,
1120,168.1,gf,3.780,mm,OK,--,9:25:04 PM,7/10/2026,
1121,167.6,gf,3.780,mm,OK,--,9:25:04 PM,7/10/2026,
1122,167.1,gf,3.780,mm,OK,--,9:25:04 PM,7/10/2026,
1123,166.6,gf,3.780,mm,OK,--,9:25:05 PM,7/10/2026,
1124,165.9,gf,3.780,mm,OK,--,9:25:05 PM,7/10/2026,
1125,165.1,gf,3.780,mm,OK,--,9:25:05 PM,7/10/2026,
1126,164.2,gf,3.775,mm,OK,--,9:25:05 PM,7/10/2026,
1127,163.4,gf,3.775,mm,OK,--,9:25:05 PM,7/10/2026,
1128,162.7,gf,3.775,mm,OK,--,9:25:05 PM,7/10/2026,
1129,162.1,gf,3.775,mm,OK,--,9:25:05 PM,7/10/2026,
1130,161.3,gf,3.775,mm,OK,--,9:25:05 PM,7/10/2026,
1131,160.6,gf,3.775,mm,OK,--,9:25:05 PM,7/10/2026,
1132,159.8,gf,3.770,mm,OK,--,9:25:05 PM,7/10/2026,
1133,158.8,gf,3.770,mm,OK,--,9:25:06 PM,7/10/2026,
1134,157.9,gf,3.770,mm,OK,--,9:25:06 PM,7/10/2026,
1135,157.0,gf,3.770,mm,OK,--,9:25:06 PM,7/10/2026,
1136,156.0,gf,3.770,mm,OK,--,9:25:06 PM,7/10/2026,
1137,155.1,gf,3.770,mm,OK,--,9:25:06 PM,7/10/2026,
1138,154.1,gf,3.765,mm,OK,--,9:25:06 PM,7/10/2026,
1139,153.1,gf,3.765,mm,OK,--,9:25:06 PM,7/10/2026,
1140,152.2,gf,3.765,mm,OK,--,9:25:06 PM,7/10/2026,
1141,151.2,gf,3.765,mm,OK,--,9:25:06 PM,7/10/2026,
1142,150.3,gf,3.765,mm,OK,--,9:25:06 PM,7/10/2026,
1143,149.5,gf,3.760,mm,OK,--,9:25:07 PM,7/10/2026,
1144,148.8,gf,3.760,mm,OK,--,9:25:07 PM,7/10/2026,
1145,147.9,gf,3.760,mm,OK,--,9:25:07 PM,7/10/2026,
1146,146.9,gf,3.760,mm,OK,--,9:25:07 PM,7/10/2026,
1147,146.1,gf,3.760,mm,OK,--,9:25:07 PM,7/10/2026,
1148,145.4,gf,3.760,mm,OK,--,9:25:07 PM,7/10/2026,
1149,144.4,gf,3.755,mm,OK,--,9:25:07 PM,7/10/2026,
1150,142.8,gf,3.755,mm,OK,--,9:25:07 PM,7/10/2026,
1151,140.7,gf,3.755,mm,OK,--,9:25:07 PM,7/10/2026,
1152,139.0,gf,3.750,mm,OK,--,9:25:07 PM,7/10/2026,
1153,137.6,gf,3.750,mm,OK,--,9:25:08 PM,7/10/2026,
1154,136.2,gf,3.750,mm,OK,--,9:25:08 PM,7/10/2026,
1155,134.6,gf,3.750,mm,OK,--,9:25:08 PM,7/10/2026,
1156,133.1,gf,3.745,mm,OK,--,9:25:08 PM,7/10/2026,
1157,131.9,gf,3.745,mm,OK,--,9:25:08 PM,7/10/2026,
1158,130.5,gf,3.745,mm,OK,--,9:25:08 PM,7/10/2026,
1159,129.0,gf,3.740,mm,OK,--,9:25:08 PM,7/10/2026,
1160,127.4,gf,3.740,mm,OK,--,9:25:08 PM,7/10/2026,
1161,126.1,gf,3.740,mm,OK,--,9:25:08 PM,7/10/2026,
1162,124.8,gf,3.740,mm,OK,--,9:25:08 PM,7/10/2026,
1163,123.8,gf,3.735,mm,OK,--,9:25:09 PM,7/10/2026,
1164,122.8,gf,3.735,mm,OK,--,9:25:09 PM,7/10/2026,
1165,121.7,gf,3.735,mm,OK,--,9:25:09 PM,7/10/2026,
1166,120.7,gf,3.735,mm,OK,--,9:25:09 PM,7/10/2026,
1167,119.7,gf,3.735,mm,OK,--,9:25:09 PM,7/10/2026,
1168,118.5,gf,3.730,mm,OK,--,9:25:09 PM,7/10/2026,
1169,117.1,gf,3.730,mm,OK,--,9:25:09 PM,7/10/2026,
1170,115.3,gf,3.730,mm,OK,--,9:25:09 PM,7/10/2026,
1171,112.9,gf,3.725,mm,OK,--,9:25:09 PM,7/10/2026,
1172,109.7,gf,3.725,mm,OK,--,9:25:09 PM,7/10/2026,
1173,105.7,gf,3.720,mm,OK,--,9:25:10 PM,7/10/2026,
1174,100.5,gf,3.715,mm,OK,--,9:25:10 PM,7/10/2026,
1175,93.7,gf,3.705,mm,OK,--,9:25:10 PM,7/10/2026,
1176,85.4,gf,3.695,mm,OK,--,9:25:10 PM,7/10/2026,
1177,75.1,gf,3.685,mm,OK,--,9:25:10 PM,7/10/2026,
1178,65.1,gf,3.675,mm,OK,--,9:25:10 PM,7/10/2026,
1179,58.9,gf,3.670,mm,OK,--,9:25:10 PM,7/10/2026,
1180,55.4,gf,3.665,mm,OK,--,9:25:10 PM,7/10/2026,
1181,53.2,gf,3.665,mm,OK,--,9:25:10 PM,7/10/2026,
1182,51.1,gf,3.660,mm,OK,--,9:25:10 PM,7/10/2026,
1183,49.1,gf,3.660,mm,OK,--,9:25:11 PM,7/10/2026,
1184,47.6,gf,3.660,mm,OK,--,9:25:11 PM,7/10/2026,
1185,46.0,gf,3.655,mm,OK,--,9:25:11 PM,7/10/2026,
1186,44.6,gf,3.655,mm,OK,--,9:25:11 PM,7/10/2026,
1187,44.6,gf,3.650,mm,OK,--,9:25:11 PM,7/10/2026,
1188,44.6,gf,3.650,mm,OK,--,9:25:11 PM,7/10/2026,
1189,44.7,gf,3.650,mm,OK,--,9:25:11 PM,7/10/2026,
1190,44.7,gf,3.645,mm,OK,--,9:25:11 PM,7/10/2026,
1191,44.6,gf,3.645,mm,OK,--,9:25:11 PM,7/10/2026,
1192,44.6,gf,3.645,mm,OK,--,9:25:11 PM,7/10/2026,
1193,44.5,gf,3.640,mm,OK,--,9:25:12 PM,7/10/2026,
1194,44.5,gf,3.635,mm,OK,--,9:25:12 PM,7/10/2026,
1195,44.5,gf,3.635,mm,OK,--,9:25:12 PM,7/10/2026,
1196,44.5,gf,3.630,mm,OK,--,9:25:12 PM,7/10/2026,
1197,44.5,gf,3.625,mm,OK,--,9:25:12 PM,7/10/2026,
1198,44.4,gf,3.625,mm,OK,--,9:25:12 PM,7/10/2026,
1199,44.4,gf,3.620,mm,OK,--,9:25:12 PM,7/10/2026,
1200,44.4,gf,3.615,mm,OK,--,9:25:12 PM,7/10/2026,
1201,44.4,gf,3.615,mm,OK,--,9:25:12 PM,7/10/2026,
1202,44.3,gf,3.605,mm,OK,--,9:25:12 PM,7/10/2026,
1203,44.3,gf,3.600,mm,OK,--,9:25:13 PM,7/10/2026,
1204,44.2,gf,3.595,mm,OK,--,9:25:13 PM,7/10/2026,
1205,44.2,gf,3.590,mm,OK,--,9:25:13 PM,7/10/2026,
1206,44.2,gf,3.585,mm,OK,--,9:25:13 PM,7/10/2026,
1207,44.2,gf,3.585,mm,OK,--,9:25:13 PM,7/10/2026,
1208,44.2,gf,3.580,mm,OK,--,9:25:13 PM,7/10/2026,
1209,44.1,gf,3.580,mm,OK,--,9:25:13 PM,7/10/2026,
1210,44.1,gf,3.575,mm,OK,--,9:25:13 PM,7/10/2026,
1211,44.1,gf,3.570,mm,OK,--,9:25:13 PM,7/10/2026,
1212,44.1,gf,3.570,mm,OK,--,9:25:13 PM,7/10/2026,
1213,44.0,gf,3.565,mm,OK,--,9:25:14 PM,7/10/2026,
1214,44.0,gf,3.560,mm,OK,--,9:25:14 PM,7/10/2026,
1215,44.0,gf,3.560,mm,OK,--,9:25:14 PM,7/10/2026,
1216,44.0,gf,3.555,mm,OK,--,9:25:14 PM,7/10/2026,
1217,44.0,gf,3.550,mm,OK,--,9:25:14 PM,7/10/2026,
1218,44.0,gf,3.545,mm,OK,--,9:25:14 PM,7/10/2026,
1219,44.0,gf,3.545,mm,OK,--,9:25:14 PM,7/10/2026,
1220,43.9,gf,3.540,mm,OK,--,9:25:14 PM,7/10/2026,
1221,43.9,gf,3.535,mm,OK,--,9:25:14 PM,7/10/2026,
1222,43.9,gf,3.530,mm,OK,--,9:25:14 PM,7/10/2026,
1223,43.9,gf,3.525,mm,OK,--,9:25:15 PM,7/10/2026,
1224,43.9,gf,3.520,mm,OK,--,9:25:15 PM,7/10/2026,
1225,43.8,gf,3.520,mm,OK,--,9:25:15 PM,7/10/2026,
1226,43.8,gf,3.515,mm,OK,--,9:25:15 PM,7/10/2026,
1227,43.8,gf,3.510,mm,OK,--,9:25:15 PM,7/10/2026,
1228,43.8,gf,3.510,mm,OK,--,9:25:15 PM,7/10/2026,
1229,43.8,gf,3.505,mm,OK,--,9:25:15 PM,7/10/2026,
1230,43.8,gf,3.505,mm,OK,--,9:25:15 PM,7/10/2026,
1231,43.8,gf,3.505,mm,OK,--,9:25:15 PM,7/10/2026,
1232,43.8,gf,3.505,mm,OK,--,9:25:15 PM,7/10/2026,
1233,43.8,gf,3.500,mm,OK,--,9:25:16 PM,7/10/2026,
1234,43.8,gf,3.500,mm,OK,--,9:25:16 PM,7/10/2026,
1235,43.7,gf,3.500,mm,OK,--,9:25:16 PM,7/10/2026,
1236,43.7,gf,3.495,mm,OK,--,9:25:16 PM,7/10/2026,
1237,43.7,gf,3.495,mm,OK,--,9:25:16 PM,7/10/2026,
1238,43.7,gf,3.490,mm,OK,--,9:25:16 PM,7/10/2026,
1239,43.7,gf,3.490,mm,OK,--,9:25:16 PM,7/10/2026,
1240,43.7,gf,3.485,mm,OK,--,9:25:16 PM,7/10/2026,
1241,43.7,gf,3.480,mm,OK,--,9:25:16 PM,7/10/2026,
1242,43.7,gf,3.480,mm,OK,--,9:25:16 PM,7/10/2026,
1243,43.7,gf,3.475,mm,OK,--,9:25:17 PM,7/10/2026,
1244,43.6,gf,3.470,mm,OK,--,9:25:17 PM,7/10/2026,
1245,43.6,gf,3.465,mm,OK,--,9:25:17 PM,7/10/2026,
1246,43.5,gf,3.455,mm,OK,--,9:25:17 PM,7/10/2026,
1247,43.4,gf,3.445,mm,OK,--,9:25:17 PM,7/10/2026,
1248,43.4,gf,3.440,mm,OK,--,9:25:17 PM,7/10/2026,
1249,43.4,gf,3.430,mm,OK,--,9:25:17 PM,7/10/2026,
1250,43.4,gf,3.425,mm,OK,--,9:25:17 PM,7/10/2026,
1251,43.3,gf,3.425,mm,OK,--,9:25:17 PM,7/10/2026,
1252,43.3,gf,3.420,mm,OK,--,9:25:17 PM,7/10/2026,
1253,43.3,gf,3.415,mm,OK,--,9:25:18 PM,7/10/2026,
1254,43.2,gf,3.410,mm,OK,--,9:25:18 PM,7/10/2026,
1255,43.3,gf,3.405,mm,OK,--,9:25:18 PM,7/10/2026,
1256,43.3,gf,3.405,mm,OK,--,9:25:18 PM,7/10/2026,
1257,43.2,gf,3.400,mm,OK,--,9:25:18 PM,7/10/2026,
1258,43.2,gf,3.395,mm,OK,--,9:25:18 PM,7/10/2026,
1259,43.1,gf,3.390,mm,OK,--,9:25:18 PM,7/10/2026,
1260,43.1,gf,3.380,mm,OK,--,9:25:18 PM,7/10/2026,
1261,43.1,gf,3.375,mm,OK,--,9:25:18 PM,7/10/2026,
1262,43.1,gf,3.365,mm,OK,--,9:25:18 PM,7/10/2026,
1263,43.1,gf,3.360,mm,OK,--,9:25:19 PM,7/10/2026,
1264,43.1,gf,3.355,mm,OK,--,9:25:19 PM,7/10/2026,
1265,43.1,gf,3.355,mm,OK,--,9:25:19 PM,7/10/2026,
1266,43.1,gf,3.350,mm,OK,--,9:25:19 PM,7/10/2026,
1267,43.1,gf,3.345,mm,OK,--,9:25:19 PM,7/10/2026,
1268,43.0,gf,3.340,mm,OK,--,9:25:19 PM,7/10/2026,
1269,43.0,gf,3.335,mm,OK,--,9:25:19 PM,7/10/2026,
1270,43.0,gf,3.330,mm,OK,--,9:25:19 PM,7/10/2026,
1271,43.0,gf,3.325,mm,OK,--,9:25:19 PM,7/10/2026,
1272,43.0,gf,3.320,mm,OK,--,9:25:19 PM,7/10/2026,
1273,42.9,gf,3.320,mm,OK,--,9:25:20 PM,7/10/2026,
1274,42.9,gf,3.315,mm,OK,--,9:25:20 PM,7/10/2026,
1275,42.9,gf,3.315,mm,OK,--,9:25:20 PM,7/10/2026,
1276,42.9,gf,3.310,mm,OK,--,9:25:20 PM,7/10/2026,
1277,42.9,gf,3.305,mm,OK,--,9:25:20 PM,7/10/2026,
1278,42.9,gf,3.295,mm,OK,--,9:25:20 PM,7/10/2026,
1279,42.8,gf,3.290,mm,OK,--,9:25:20 PM,7/10/2026,
1280,42.8,gf,3.285,mm,OK,--,9:25:20 PM,7/10/2026,
1281,42.8,gf,3.275,mm,OK,--,9:25:20 PM,7/10/2026,
1282,42.7,gf,3.270,mm,OK,--,9:25:20 PM,7/10/2026,
1283,42.6,gf,3.255,mm,OK,--,9:25:21 PM,7/10/2026,
1284,42.6,gf,3.245,mm,OK,--,9:25:21 PM,7/10/2026,
1285,42.6,gf,3.235,mm,OK,--,9:25:21 PM,7/10/2026,
1286,42.5,gf,3.225,mm,OK,--,9:25:21 PM,7/10/2026,
1287,42.5,gf,3.220,mm,OK,--,9:25:21 PM,7/10/2026,
1288,42.5,gf,3.210,mm,OK,--,9:25:21 PM,7/10/2026,
1289,42.5,gf,3.205,mm,OK,--,9:25:21 PM,7/10/2026,
1290,42.5,gf,3.200,mm,OK,--,9:25:21 PM,7/10/2026,
1291,42.5,gf,3.195,mm,OK,--,9:25:21 PM,7/10/2026,
1292,42.4,gf,3.190,mm,OK,--,9:25:21 PM,7/10/2026,
1293,42.4,gf,3.185,mm,OK,--,9:25:22 PM,7/10/2026,
1294,42.4,gf,3.180,mm,OK,--,9:25:22 PM,7/10/2026,
1295,42.4,gf,3.175,mm,OK,--,9:25:22 PM,7/10/2026,
1296,42.4,gf,3.175,mm,OK,--,9:25:22 PM,7/10/2026,
1297,42.4,gf,3.170,mm,OK,--,9:25:22 PM,7/10/2026,
1298,42.4,gf,3.165,mm,OK,--,9:25:22 PM,7/10/2026,
1299,42.3,gf,3.160,mm,OK,--,9:25:22 PM,7/10/2026,
1300,42.3,gf,3.155,mm,OK,--,9:25:22 PM,7/10/2026,
1301,42.2,gf,3.145,mm,OK,--,9:25:22 PM,7/10/2026,
1302,42.1,gf,3.140,mm,OK,--,9:25:22 PM,7/10/2026,
1303,42.1,gf,3.130,mm,OK,--,9:25:23 PM,7/10/2026,
1304,42.1,gf,3.120,mm,OK,--,9:25:23 PM,7/10/2026,
1305,42.1,gf,3.110,mm,OK,--,9:25:23 PM,7/10/2026,
1306,42.0,gf,3.100,mm,OK,--,9:25:23 PM,7/10/2026,
1307,42.0,gf,3.090,mm,OK,--,9:25:23 PM,7/10/2026,
1308,41.9,gf,3.080,mm,OK,--,9:25:23 PM,7/10/2026,
1309,41.9,gf,3.070,mm,OK,--,9:25:23 PM,7/10/2026,
1310,41.9,gf,3.065,mm,OK,--,9:25:23 PM,7/10/2026,
1311,41.9,gf,3.055,mm,OK,--,9:25:23 PM,7/10/2026,
1312,41.8,gf,3.045,mm,OK,--,9:25:23 PM,7/10/2026,
1313,41.8,gf,3.035,mm,OK,--,9:25:24 PM,7/10/2026,
1314,41.8,gf,3.025,mm,OK,--,9:25:24 PM,7/10/2026,
1315,41.7,gf,3.015,mm,OK,--,9:25:24 PM,7/10/2026,
1316,41.7,gf,3.005,mm,OK,--,9:25:24 PM,7/10/2026,
1317,41.6,gf,2.995,mm,OK,--,9:25:24 PM,7/10/2026,
1318,41.6,gf,2.985,mm,OK,--,9:25:24 PM,7/10/2026,
1319,41.5,gf,2.970,mm,OK,--,9:25:24 PM,7/10/2026,
1320,41.4,gf,2.960,mm,OK,--,9:25:24 PM,7/10/2026,
1321,41.3,gf,2.950,mm,OK,--,9:25:24 PM,7/10/2026,
1322,41.3,gf,2.940,mm,OK,--,9:25:24 PM,7/10/2026,
1323,41.4,gf,2.930,mm,OK,--,9:25:25 PM,7/10/2026,
1324,41.3,gf,2.925,mm,OK,--,9:25:25 PM,7/10/2026,
1325,41.2,gf,2.915,mm,OK,--,9:25:25 PM,7/10/2026,
1326,41.2,gf,2.905,mm,OK,--,9:25:25 PM,7/10/2026,
1327,41.2,gf,2.895,mm,OK,--,9:25:25 PM,7/10/2026,
1328,41.2,gf,2.890,mm,OK,--,9:25:25 PM,7/10/2026,
1329,41.2,gf,2.880,mm,OK,--,9:25:25 PM,7/10/2026,
1330,41.1,gf,2.870,mm,OK,--,9:25:25 PM,7/10/2026,
1331,41.1,gf,2.855,mm,OK,--,9:25:25 PM,7/10/2026,
1332,41.0,gf,2.840,mm,OK,--,9:25:25 PM,7/10/2026,
1333,41.0,gf,2.825,mm,OK,--,9:25:26 PM,7/10/2026,
1334,41.0,gf,2.810,mm,OK,--,9:25:26 PM,7/10/2026,
1335,40.9,gf,2.800,mm,OK,--,9:25:26 PM,7/10/2026,
1336,40.9,gf,2.795,mm,OK,--,9:25:26 PM,7/10/2026,
1337,40.9,gf,2.790,mm,OK,--,9:25:26 PM,7/10/2026,
1338,40.9,gf,2.785,mm,OK,--,9:25:26 PM,7/10/2026,
1339,40.9,gf,2.780,mm,OK,--,9:25:26 PM,7/10/2026,
1340,40.9,gf,2.770,mm,OK,--,9:25:26 PM,7/10/2026,
1341,40.8,gf,2.765,mm,OK,--,9:25:26 PM,7/10/2026,
1342,40.8,gf,2.760,mm,OK,--,9:25:26 PM,7/10/2026,
1343,40.8,gf,2.750,mm,OK,--,9:25:27 PM,7/10/2026,
1344,40.8,gf,2.745,mm,OK,--,9:25:27 PM,7/10/2026,
1345,40.8,gf,2.745,mm,OK,--,9:25:27 PM,7/10/2026,
1346,40.7,gf,2.740,mm,OK,--,9:25:27 PM,7/10/2026,
1347,40.7,gf,2.730,mm,OK,--,9:25:27 PM,7/10/2026,
1348,40.7,gf,2.725,mm,OK,--,9:25:27 PM,7/10/2026,
1349,40.7,gf,2.720,mm,OK,--,9:25:27 PM,7/10/2026,
1350,40.7,gf,2.710,mm,OK,--,9:25:27 PM,7/10/2026,
1351,40.7,gf,2.705,mm,OK,--,9:25:27 PM,7/10/2026,
1352,40.7,gf,2.700,mm,OK,--,9:25:27 PM,7/10/2026,
1353,40.6,gf,2.695,mm,OK,--,9:25:28 PM,7/10/2026,
1354,40.6,gf,2.685,mm,OK,--,9:25:28 PM,7/10/2026,
1355,40.5,gf,2.680,mm,OK,--,9:25:28 PM,7/10/2026,
1356,40.5,gf,2.670,mm,OK,--,9:25:28 PM,7/10/2026,
1357,40.5,gf,2.665,mm,OK,--,9:25:28 PM,7/10/2026,
1358,40.5,gf,2.655,mm,OK,--,9:25:28 PM,7/10/2026,
1359,40.4,gf,2.650,mm,OK,--,9:25:28 PM,7/10/2026,
1360,40.5,gf,2.645,mm,OK,--,9:25:28 PM,7/10/2026,
1361,40.4,gf,2.640,mm,OK,--,9:25:28 PM,7/10/2026,
1362,40.4,gf,2.635,mm,OK,--,9:25:28 PM,7/10/2026,
1363,40.4,gf,2.630,mm,OK,--,9:25:29 PM,7/10/2026,
1364,40.4,gf,2.625,mm,OK,--,9:25:29 PM,7/10/2026,
1365,40.4,gf,2.620,mm,OK,--,9:25:29 PM,7/10/2026,
1366,40.4,gf,2.620,mm,OK,--,9:25:29 PM,7/10/2026,
1367,40.4,gf,2.615,mm,OK,--,9:25:29 PM,7/10/2026,
1368,40.4,gf,2.615,mm,OK,--,9:25:29 PM,7/10/2026,
1369,40.3,gf,2.610,mm,OK,--,9:25:29 PM,7/10/2026,
1370,40.2,gf,2.600,mm,OK,--,9:25:29 PM,7/10/2026,
1371,40.2,gf,2.595,mm,OK,--,9:25:29 PM,7/10/2026,
1372,40.2,gf,2.585,mm,OK,--,9:25:29 PM,7/10/2026,
1373,40.2,gf,2.580,mm,OK,--,9:25:30 PM,7/10/2026,
1374,40.2,gf,2.575,mm,OK,--,9:25:30 PM,7/10/2026,
1375,40.2,gf,2.570,mm,OK,--,9:25:30 PM,7/10/2026,
1376,40.2,gf,2.570,mm,OK,--,9:25:30 PM,7/10/2026,
1377,40.2,gf,2.565,mm,OK,--,9:25:30 PM,7/10/2026,
1378,40.2,gf,2.565,mm,OK,--,9:25:30 PM,7/10/2026,
1379,40.2,gf,2.560,mm,OK,--,9:25:30 PM,7/10/2026,
1380,40.2,gf,2.560,mm,OK,--,9:25:30 PM,7/10/2026,
1381,40.1,gf,2.555,mm,OK,--,9:25:30 PM,7/10/2026,
1382,40.1,gf,2.550,mm,OK,--,9:25:30 PM,7/10/2026,
1383,40.1,gf,2.550,mm,OK,--,9:25:31 PM,7/10/2026,
1384,40.1,gf,2.545,mm,OK,--,9:25:31 PM,7/10/2026,
1385,40.1,gf,2.540,mm,OK,--,9:25:31 PM,7/10/2026,
1386,40.1,gf,2.540,mm,OK,--,9:25:31 PM,7/10/2026,
1387,40.0,gf,2.530,mm,OK,--,9:25:31 PM,7/10/2026,
1388,40.0,gf,2.525,mm,OK,--,9:25:31 PM,7/10/2026,
1389,40.0,gf,2.515,mm,OK,--,9:25:31 PM,7/10/2026,
1390,40.0,gf,2.505,mm,OK,--,9:25:31 PM,7/10/2026,
1391,40.0,gf,2.500,mm,OK,--,9:25:31 PM,7/10/2026,
1392,40.0,gf,2.495,mm,OK,--,9:25:31 PM,7/10/2026,
1393,39.9,gf,2.490,mm,OK,--,9:25:32 PM,7/10/2026,
1394,39.9,gf,2.485,mm,OK,--,9:25:32 PM,7/10/2026,
1395,39.9,gf,2.475,mm,OK,--,9:25:32 PM,7/10/2026,
1396,39.9,gf,2.470,mm,OK,--,9:25:32 PM,7/10/2026,
1397,39.7,gf,2.460,mm,OK,--,9:25:32 PM,7/10/2026,
1398,39.8,gf,2.455,mm,OK,--,9:25:32 PM,7/10/2026,
1399,39.7,gf,2.445,mm,OK,--,9:25:32 PM,7/10/2026,
1400,39.7,gf,2.435,mm,OK,--,9:25:32 PM,7/10/2026,
1401,39.7,gf,2.430,mm,OK,--,9:25:32 PM,7/10/2026,
1402,39.7,gf,2.425,mm,OK,--,9:25:32 PM,7/10/2026,
1403,39.7,gf,2.420,mm,OK,--,9:25:33 PM,7/10/2026,
1404,39.7,gf,2.415,mm,OK,--,9:25:33 PM,7/10/2026,
1405,39.6,gf,2.405,mm,OK,--,9:25:33 PM,7/10/2026,
1406,39.6,gf,2.400,mm,OK,--,9:25:33 PM,7/10/2026,
1407,39.6,gf,2.395,mm,OK,--,9:25:33 PM,7/10/2026,
1408,39.6,gf,2.390,mm,OK,--,9:25:33 PM,7/10/2026,
1409,39.6,gf,2.385,mm,OK,--,9:25:33 PM,7/10/2026,
1410,39.5,gf,2.380,mm,OK,--,9:25:33 PM,7/10/2026,
1411,39.5,gf,2.375,mm,OK,--,9:25:33 PM,7/10/2026,
1412,39.5,gf,2.370,mm,OK,--,9:25:33 PM,7/10/2026,
1413,39.5,gf,2.370,mm,OK,--,9:25:34 PM,7/10/2026,
1414,39.5,gf,2.365,mm,OK,--,9:25:34 PM,7/10/2026,
1415,39.5,gf,2.360,mm,OK,--,9:25:34 PM,7/10/2026,
1416,39.5,gf,2.355,mm,OK,--,9:25:34 PM,7/10/2026,
1417,39.4,gf,2.350,mm,OK,--,9:25:34 PM,7/10/2026,
1418,39.4,gf,2.345,mm,OK,--,9:25:34 PM,7/10/2026,
1419,39.4,gf,2.345,mm,OK,--,9:25:34 PM,7/10/2026,
1420,39.4,gf,2.340,mm,OK,--,9:25:34 PM,7/10/2026,
1421,39.4,gf,2.335,mm,OK,--,9:25:34 PM,7/10/2026,
1422,39.3,gf,2.330,mm,OK,--,9:25:34 PM,7/10/2026,
1423,39.3,gf,2.330,mm,OK,--,9:25:35 PM,7/10/2026,
1424,39.3,gf,2.325,mm,OK,--,9:25:35 PM,7/10/2026,
1425,39.3,gf,2.320,mm,OK,--,9:25:35 PM,7/10/2026,
1426,39.3,gf,2.315,mm,OK,--,9:25:35 PM,7/10/2026,
1427,39.3,gf,2.310,mm,OK,--,9:25:35 PM,7/10/2026,
1428,39.2,gf,2.305,mm,OK,--,9:25:35 PM,7/10/2026,
1429,39.2,gf,2.300,mm,OK,--,9:25:35 PM,7/10/2026,
1430,39.1,gf,2.295,mm,OK,--,9:25:35 PM,7/10/2026,
1431,39.1,gf,2.285,mm,OK,--,9:25:35 PM,7/10/2026,
1432,39.1,gf,2.285,mm,OK,--,9:25:35 PM,7/10/2026,
1433,39.2,gf,2.280,mm,OK,--,9:25:36 PM,7/10/2026,
1434,39.0,gf,2.275,mm,OK,--,9:25:36 PM,7/10/2026,
1435,39.0,gf,2.270,mm,OK,--,9:25:36 PM,7/10/2026,
1436,39.0,gf,2.265,mm,OK,--,9:25:36 PM,7/10/2026,
1437,39.0,gf,2.260,mm,OK,--,9:25:36 PM,7/10/2026,
1438,38.9,gf,2.250,mm,OK,--,9:25:36 PM,7/10/2026,
1439,38.9,gf,2.245,mm,OK,--,9:25:36 PM,7/10/2026,
1440,38.9,gf,2.240,mm,OK,--,9:25:36 PM,7/10/2026,
1441,38.9,gf,2.235,mm,OK,--,9:25:36 PM,7/10/2026,
1442,38.9,gf,2.230,mm,OK,--,9:25:36 PM,7/10/2026,
1443,38.8,gf,2.220,mm,OK,--,9:25:37 PM,7/10/2026,
1444,38.8,gf,2.215,mm,OK,--,9:25:37 PM,7/10/2026,
1445,38.8,gf,2.210,mm,OK,--,9:25:37 PM,7/10/2026,
1446,38.8,gf,2.200,mm,OK,--,9:25:37 PM,7/10/2026,
1447,38.7,gf,2.195,mm,OK,--,9:25:37 PM,7/10/2026,
1448,38.7,gf,2.190,mm,OK,--,9:25:37 PM,7/10/2026,
1449,38.7,gf,2.185,mm,OK,--,9:25:37 PM,7/10/2026,
1450,38.7,gf,2.180,mm,OK,--,9:25:37 PM,7/10/2026,
1451,38.7,gf,2.175,mm,OK,--,9:25:37 PM,7/10/2026,
1452,38.7,gf,2.175,mm,OK,--,9:25:37 PM,7/10/2026,
1453,38.7,gf,2.170,mm,OK,--,9:25:38 PM,7/10/2026,
1454,38.7,gf,2.170,mm,OK,--,9:25:38 PM,7/10/2026,
1455,38.7,gf,2.165,mm,OK,--,9:25:38 PM,7/10/2026,
1456,38.7,gf,2.165,mm,OK,--,9:25:38 PM,7/10/2026,
1457,38.7,gf,2.160,mm,OK,--,9:25:38 PM,7/10/2026,
1458,38.7,gf,2.160,mm,OK,--,9:25:38 PM,7/10/2026,
1459,38.7,gf,2.160,mm,OK,--,9:25:38 PM,7/10/2026,
1460,38.7,gf,2.155,mm,OK,--,9:25:38 PM,7/10/2026,
1461,38.7,gf,2.155,mm,OK,--,9:25:38 PM,7/10/2026,
1462,38.7,gf,2.150,mm,OK,--,9:25:38 PM,7/10/2026,
1463,38.7,gf,2.150,mm,OK,--,9:25:39 PM,7/10/2026,
1464,38.7,gf,2.145,mm,OK,--,9:25:39 PM,7/10/2026,
1465,38.6,gf,2.140,mm,OK,--,9:25:39 PM,7/10/2026,
1466,38.6,gf,2.135,mm,OK,--,9:25:39 PM,7/10/2026,
1467,38.6,gf,2.130,mm,OK,--,9:25:39 PM,7/10/2026,
1468,38.6,gf,2.125,mm,OK,--,9:25:39 PM,7/10/2026,
1469,38.6,gf,2.115,mm,OK,--,9:25:39 PM,7/10/2026,
1470,38.6,gf,2.110,mm,OK,--,9:25:39 PM,7/10/2026,
1471,38.6,gf,2.100,mm,OK,--,9:25:39 PM,7/10/2026,
1472,38.5,gf,2.095,mm,OK,--,9:25:39 PM,7/10/2026,
1473,38.5,gf,2.090,mm,OK,--,9:25:40 PM,7/10/2026,
1474,38.5,gf,2.085,mm,OK,--,9:25:40 PM,7/10/2026,
1475,38.5,gf,2.075,mm,OK,--,9:25:40 PM,7/10/2026,
1476,38.4,gf,2.065,mm,OK,--,9:25:40 PM,7/10/2026,
1477,38.3,gf,2.050,mm,OK,--,9:25:40 PM,7/10/2026,
1478,38.3,gf,2.040,mm,OK,--,9:25:40 PM,7/10/2026,
1479,38.3,gf,2.025,mm,OK,--,9:25:40 PM,7/10/2026,
1480,38.3,gf,2.010,mm,OK,--,9:25:40 PM,7/10/2026,
1481,38.2,gf,2.000,mm,OK,--,9:25:40 PM,7/10/2026,
1482,38.1,gf,1.990,mm,OK,--,9:25:40 PM,7/10/2026,
1483,38.1,gf,1.975,mm,OK,--,9:25:41 PM,7/10/2026,
1484,38.1,gf,1.965,mm,OK,--,9:25:41 PM,7/10/2026,
1485,38.1,gf,1.960,mm,OK,--,9:25:41 PM,7/10/2026,
1486,38.1,gf,1.955,mm,OK,--,9:25:41 PM,7/10/2026,
1487,38.1,gf,1.950,mm,OK,--,9:25:41 PM,7/10/2026,
1488,38.1,gf,1.945,mm,OK,--,9:25:41 PM,7/10/2026,
1489,38.1,gf,1.935,mm,OK,--,9:25:41 PM,7/10/2026,
1490,38.0,gf,1.930,mm,OK,--,9:25:41 PM,7/10/2026,
1491,38.0,gf,1.925,mm,OK,--,9:25:41 PM,7/10/2026,
1492,38.0,gf,1.920,mm,OK,--,9:25:41 PM,7/10/2026,
1493,38.0,gf,1.915,mm,OK,--,9:25:42 PM,7/10/2026,
1494,37.9,gf,1.910,mm,OK,--,9:25:42 PM,7/10/2026,
1495,37.9,gf,1.900,mm,OK,--,9:25:42 PM,7/10/2026,
1496,37.9,gf,1.895,mm,OK,--,9:25:42 PM,7/10/2026,
1497,37.8,gf,1.890,mm,OK,--,9:25:42 PM,7/10/2026,
1498,37.8,gf,1.880,mm,OK,--,9:25:42 PM,7/10/2026,
1499,37.8,gf,1.875,mm,OK,--,9:25:42 PM,7/10/2026,
1500,37.8,gf,1.875,mm,OK,--,9:25:42 PM,7/10/2026,
1501,37.8,gf,1.865,mm,OK,--,9:25:42 PM,7/10/2026,
1502,37.8,gf,1.860,mm,OK,--,9:25:42 PM,7/10/2026,
1503,37.7,gf,1.855,mm,OK,--,9:25:43 PM,7/10/2026,
1504,37.7,gf,1.850,mm,OK,--,9:25:43 PM,7/10/2026,
1505,37.7,gf,1.845,mm,OK,--,9:25:43 PM,7/10/2026,
1506,37.7,gf,1.840,mm,OK,--,9:25:43 PM,7/10/2026,
1507,37.7,gf,1.830,mm,OK,--,9:25:43 PM,7/10/2026,
1508,37.7,gf,1.825,mm,OK,--,9:25:43 PM,7/10/2026,
1509,37.6,gf,1.820,mm,OK,--,9:25:43 PM,7/10/2026,
1510,37.7,gf,1.815,mm,OK,--,9:25:43 PM,7/10/2026,
1511,37.7,gf,1.810,mm,OK,--,9:25:43 PM,7/10/2026,
1512,37.6,gf,1.805,mm,OK,--,9:25:43 PM,7/10/2026,
1513,37.5,gf,1.800,mm,OK,--,9:25:44 PM,7/10/2026,
1514,37.4,gf,1.795,mm,OK,--,9:25:44 PM,7/10/2026,
1515,37.3,gf,1.785,mm,OK,--,9:25:44 PM,7/10/2026,
1516,37.4,gf,1.775,mm,OK,--,9:25:44 PM,7/10/2026,
1517,37.3,gf,1.765,mm,OK,--,9:25:44 PM,7/10/2026,
1518,37.3,gf,1.750,mm,OK,--,9:25:44 PM,7/10/2026,
1519,37.3,gf,1.740,mm,OK,--,9:25:44 PM,7/10/2026,
1520,37.3,gf,1.730,mm,OK,--,9:25:44 PM,7/10/2026,
1521,37.3,gf,1.725,mm,OK,--,9:25:44 PM,7/10/2026,
1522,37.3,gf,1.715,mm,OK,--,9:25:44 PM,7/10/2026,
1523,37.3,gf,1.705,mm,OK,--,9:25:45 PM,7/10/2026,
1524,37.2,gf,1.695,mm,OK,--,9:25:45 PM,7/10/2026,
1525,37.2,gf,1.680,mm,OK,--,9:25:45 PM,7/10/2026,
1526,37.1,gf,1.670,mm,OK,--,9:25:45 PM,7/10/2026,
1527,37.0,gf,1.665,mm,OK,--,9:25:45 PM,7/10/2026,
1528,37.1,gf,1.660,mm,OK,--,9:25:45 PM,7/10/2026,
1529,37.1,gf,1.650,mm,OK,--,9:25:45 PM,7/10/2026,
1530,37.1,gf,1.645,mm,OK,--,9:25:45 PM,7/10/2026,
1531,37.0,gf,1.640,mm,OK,--,9:25:45 PM,7/10/2026,
1532,37.0,gf,1.630,mm,OK,--,9:25:45 PM,7/10/2026,
1533,37.0,gf,1.625,mm,OK,--,9:25:46 PM,7/10/2026,
1534,37.0,gf,1.620,mm,OK,--,9:25:46 PM,7/10/2026,
1535,37.0,gf,1.620,mm,OK,--,9:25:46 PM,7/10/2026,
1536,37.0,gf,1.615,mm,OK,--,9:25:46 PM,7/10/2026,
1537,37.0,gf,1.615,mm,OK,--,9:25:46 PM,7/10/2026,
1538,37.0,gf,1.610,mm,OK,--,9:25:46 PM,7/10/2026,
1539,37.0,gf,1.605,mm,OK,--,9:25:46 PM,7/10/2026,
1540,37.0,gf,1.600,mm,OK,--,9:25:46 PM,7/10/2026,
1541,36.9,gf,1.590,mm,OK,--,9:25:46 PM,7/10/2026,
1542,36.8,gf,1.585,mm,OK,--,9:25:46 PM,7/10/2026,
1543,36.8,gf,1.575,mm,OK,--,9:25:47 PM,7/10/2026,
1544,36.8,gf,1.565,mm,OK,--,9:25:47 PM,7/10/2026,
1545,36.8,gf,1.560,mm,OK,--,9:25:47 PM,7/10/2026,
1546,36.7,gf,1.550,mm,OK,--,9:25:47 PM,7/10/2026,
1547,36.7,gf,1.545,mm,OK,--,9:25:47 PM,7/10/2026,
1548,36.7,gf,1.540,mm,OK,--,9:25:47 PM,7/10/2026,
1549,36.7,gf,1.535,mm,OK,--,9:25:47 PM,7/10/2026,
1550,36.6,gf,1.530,mm,OK,--,9:25:47 PM,7/10/2026,
1551,36.6,gf,1.525,mm,OK,--,9:25:47 PM,7/10/2026,
1552,36.6,gf,1.520,mm,OK,--,9:25:47 PM,7/10/2026,
1553,36.6,gf,1.510,mm,OK,--,9:25:48 PM,7/10/2026,
1554,36.6,gf,1.505,mm,OK,--,9:25:48 PM,7/10/2026,
1555,36.5,gf,1.495,mm,OK,--,9:25:48 PM,7/10/2026,
1556,36.5,gf,1.485,mm,OK,--,9:25:48 PM,7/10/2026,
1557,36.5,gf,1.480,mm,OK,--,9:25:48 PM,7/10/2026,
1558,36.5,gf,1.475,mm,OK,--,9:25:48 PM,7/10/2026,
1559,36.5,gf,1.475,mm,OK,--,9:25:48 PM,7/10/2026,
1560,36.4,gf,1.470,mm,OK,--,9:25:48 PM,7/10/2026,
1561,36.4,gf,1.470,mm,OK,--,9:25:48 PM,7/10/2026,
1562,36.4,gf,1.465,mm,OK,--,9:25:48 PM,7/10/2026,
1563,36.4,gf,1.455,mm,OK,--,9:25:49 PM,7/10/2026,
1564,36.4,gf,1.445,mm,OK,--,9:25:49 PM,7/10/2026,
1565,36.3,gf,1.440,mm,OK,--,9:25:49 PM,7/10/2026,
1566,36.3,gf,1.440,mm,OK,--,9:25:49 PM,7/10/2026,
1567,36.3,gf,1.435,mm,OK,--,9:25:49 PM,7/10/2026,
1568,36.3,gf,1.435,mm,OK,--,9:25:49 PM,7/10/2026,
1569,36.3,gf,1.430,mm,OK,--,9:25:49 PM,7/10/2026,
1570,36.3,gf,1.415,mm,OK,--,9:25:49 PM,7/10/2026,
1571,36.3,gf,1.405,mm,OK,--,9:25:49 PM,7/10/2026,
1572,36.2,gf,1.400,mm,OK,--,9:25:49 PM,7/10/2026,
1573,36.2,gf,1.395,mm,OK,--,9:25:50 PM,7/10/2026,
1574,36.2,gf,1.390,mm,OK,--,9:25:50 PM,7/10/2026,
1575,36.2,gf,1.385,mm,OK,--,9:25:50 PM,7/10/2026,
1576,36.2,gf,1.380,mm,OK,--,9:25:50 PM,7/10/2026,
1577,36.1,gf,1.370,mm,OK,--,9:25:50 PM,7/10/2026,
1578,36.1,gf,1.365,mm,OK,--,9:25:50 PM,7/10/2026,
1579,36.1,gf,1.360,mm,OK,--,9:25:50 PM,7/10/2026,
1580,36.1,gf,1.355,mm,OK,--,9:25:50 PM,7/10/2026,
1581,36.1,gf,1.355,mm,OK,--,9:25:50 PM,7/10/2026,
1582,36.1,gf,1.350,mm,OK,--,9:25:50 PM,7/10/2026,
1583,36.1,gf,1.350,mm,OK,--,9:25:51 PM,7/10/2026,
1584,36.1,gf,1.345,mm,OK,--,9:25:51 PM,7/10/2026,
1585,36.0,gf,1.340,mm,OK,--,9:25:51 PM,7/10/2026,
1586,36.0,gf,1.330,mm,OK,--,9:25:51 PM,7/10/2026,
1587,36.0,gf,1.325,mm,OK,--,9:25:51 PM,7/10/2026,
1588,36.0,gf,1.315,mm,OK,--,9:25:51 PM,7/10/2026,
1589,36.0,gf,1.305,mm,OK,--,9:25:51 PM,7/10/2026,
1590,35.9,gf,1.295,mm,OK,--,9:25:51 PM,7/10/2026,
1591,35.9,gf,1.290,mm,OK,--,9:25:51 PM,7/10/2026,
1592,35.9,gf,1.285,mm,OK,--,9:25:51 PM,7/10/2026,
1593,35.9,gf,1.285,mm,OK,--,9:25:52 PM,7/10/2026,
1594,35.8,gf,1.280,mm,OK,--,9:25:52 PM,7/10/2026,
1595,35.7,gf,1.275,mm,OK,--,9:25:52 PM,7/10/2026,
1596,35.7,gf,1.265,mm,OK,--,9:25:52 PM,7/10/2026,
1597,35.6,gf,1.250,mm,OK,--,9:25:52 PM,7/10/2026,
1598,35.6,gf,1.235,mm,OK,--,9:25:52 PM,7/10/2026,
1599,35.6,gf,1.225,mm,OK,--,9:25:52 PM,7/10/2026,
1600,35.6,gf,1.220,mm,OK,--,9:25:52 PM,7/10/2026,
1601,35.6,gf,1.215,mm,OK,--,9:25:52 PM,7/10/2026,
1602,35.6,gf,1.210,mm,OK,--,9:25:52 PM,7/10/2026,
1603,35.5,gf,1.205,mm,OK,--,9:25:53 PM,7/10/2026,
1604,35.5,gf,1.195,mm,OK,--,9:25:53 PM,7/10/2026,
1605,35.5,gf,1.190,mm,OK,--,9:25:53 PM,7/10/2026,
1606,35.4,gf,1.180,mm,OK,--,9:25:53 PM,7/10/2026,
1607,35.4,gf,1.165,mm,OK,--,9:25:53 PM,7/10/2026,
1608,35.4,gf,1.155,mm,OK,--,9:25:53 PM,7/10/2026,
1609,35.3,gf,1.145,mm,OK,--,9:25:53 PM,7/10/2026,
1610,35.3,gf,1.135,mm,OK,--,9:25:53 PM,7/10/2026,
1611,35.2,gf,1.125,mm,OK,--,9:25:53 PM,7/10/2026,
1612,35.2,gf,1.120,mm,OK,--,9:25:53 PM,7/10/2026,
1613,35.2,gf,1.110,mm,OK,--,9:25:54 PM,7/10/2026,
1614,35.2,gf,1.100,mm,OK,--,9:25:54 PM,7/10/2026,
1615,35.1,gf,1.090,mm,OK,--,9:25:54 PM,7/10/2026,
1616,35.1,gf,1.080,mm,OK,--,9:25:54 PM,7/10/2026,
1617,35.1,gf,1.065,mm,OK,--,9:25:54 PM,7/10/2026,
1618,35.0,gf,1.060,mm,OK,--,9:25:54 PM,7/10/2026,
1619,35.0,gf,1.055,mm,OK,--,9:25:54 PM,7/10/2026,
1620,35.0,gf,1.050,mm,OK,--,9:25:54 PM,7/10/2026,
1621,35.0,gf,1.045,mm,OK,--,9:25:54 PM,7/10/2026,
1622,34.9,gf,1.040,mm,OK,--,9:25:54 PM,7/10/2026,
1623,34.8,gf,1.030,mm,OK,--,9:25:55 PM,7/10/2026,
1624,34.8,gf,1.025,mm,OK,--,9:25:55 PM,7/10/2026,
1625,34.8,gf,1.015,mm,OK,--,9:25:55 PM,7/10/2026,
1626,34.8,gf,1.005,mm,OK,--,9:25:55 PM,7/10/2026,
1627,34.8,gf,0.995,mm,OK,--,9:25:55 PM,7/10/2026,
1628,34.8,gf,0.985,mm,OK,--,9:25:55 PM,7/10/2026,
1629,34.8,gf,0.980,mm,OK,--,9:25:55 PM,7/10/2026,
1630,34.7,gf,0.970,mm,OK,--,9:25:55 PM,7/10/2026,
1631,34.7,gf,0.965,mm,OK,--,9:25:55 PM,7/10/2026,
1632,34.7,gf,0.960,mm,OK,--,9:25:55 PM,7/10/2026,
1633,34.7,gf,0.955,mm,OK,--,9:25:56 PM,7/10/2026,
1634,34.6,gf,0.945,mm,OK,--,9:25:56 PM,7/10/2026,
1635,34.5,gf,0.935,mm,OK,--,9:25:56 PM,7/10/2026,
1636,34.5,gf,0.930,mm,OK,--,9:25:56 PM,7/10/2026,
1637,34.5,gf,0.920,mm,OK,--,9:25:56 PM,7/10/2026,
1638,34.5,gf,0.910,mm,OK,--,9:25:56 PM,7/10/2026,
1639,34.5,gf,0.900,mm,OK,--,9:25:56 PM,7/10/2026,
1640,34.5,gf,0.895,mm,OK,--,9:25:56 PM,7/10/2026,
1641,34.5,gf,0.890,mm,OK,--,9:25:56 PM,7/10/2026,
1642,34.5,gf,0.890,mm,OK,--,9:25:56 PM,7/10/2026,
1643,34.5,gf,0.885,mm,OK,--,9:25:57 PM,7/10/2026,
1644,34.5,gf,0.885,mm,OK,--,9:25:57 PM,7/10/2026,
1645,34.5,gf,0.885,mm,OK,--,9:25:57 PM,7/10/2026,
1646,34.5,gf,0.880,mm,OK,--,9:25:57 PM,7/10/2026,
1647,34.5,gf,0.875,mm,OK,--,9:25:57 PM,7/10/2026,
1648,34.5,gf,0.875,mm,OK,--,9:25:57 PM,7/10/2026,
1649,34.3,gf,0.870,mm,OK,--,9:25:57 PM,7/10/2026,
1650,34.3,gf,0.865,mm,OK,--,9:25:57 PM,7/10/2026,
1651,34.3,gf,0.860,mm,OK,--,9:25:57 PM,7/10/2026,
1652,34.3,gf,0.850,mm,OK,--,9:25:57 PM,7/10/2026,
1653,34.3,gf,0.845,mm,OK,--,9:25:58 PM,7/10/2026,
1654,34.2,gf,0.840,mm,OK,--,9:25:58 PM,7/10/2026,
1655,34.3,gf,0.835,mm,OK,--,9:25:58 PM,7/10/2026,
1656,34.3,gf,0.835,mm,OK,--,9:25:58 PM,7/10/2026,
1657,34.2,gf,0.830,mm,OK,--,9:25:58 PM,7/10/2026,
1658,34.2,gf,0.825,mm,OK,--,9:25:58 PM,7/10/2026,
1659,34.1,gf,0.820,mm,OK,--,9:25:58 PM,7/10/2026,
1660,34.1,gf,0.815,mm,OK,--,9:25:58 PM,7/10/2026,
1661,34.1,gf,0.805,mm,OK,--,9:25:58 PM,7/10/2026,
1662,34.1,gf,0.795,mm,OK,--,9:25:58 PM,7/10/2026,
1663,34.1,gf,0.790,mm,OK,--,9:25:59 PM,7/10/2026,
1664,34.2,gf,0.790,mm,OK,--,9:25:59 PM,7/10/2026,
1665,34.1,gf,0.785,mm,OK,--,9:25:59 PM,7/10/2026,
1666,34.1,gf,0.785,mm,OK,--,9:25:59 PM,7/10/2026,
1667,34.2,gf,0.780,mm,OK,--,9:25:59 PM,7/10/2026,
1668,34.1,gf,0.780,mm,OK,--,9:25:59 PM,7/10/2026,
1669,34.0,gf,0.770,mm,OK,--,9:25:59 PM,7/10/2026,
1670,34.0,gf,0.765,mm,OK,--,9:25:59 PM,7/10/2026,
1671,33.9,gf,0.760,mm,OK,--,9:25:59 PM,7/10/2026,
1672,33.9,gf,0.755,mm,OK,--,9:25:59 PM,7/10/2026,
1673,33.9,gf,0.745,mm,OK,--,9:26:00 PM,7/10/2026,
1674,33.9,gf,0.745,mm,OK,--,9:26:00 PM,7/10/2026,
1675,33.9,gf,0.740,mm,OK,--,9:26:00 PM,7/10/2026,
1676,33.8,gf,0.730,mm,OK,--,9:26:00 PM,7/10/2026,
1677,33.8,gf,0.720,mm,OK,--,9:26:00 PM,7/10/2026,
1678,33.8,gf,0.710,mm,OK,--,9:26:00 PM,7/10/2026,
1679,33.8,gf,0.705,mm,OK,--,9:26:00 PM,7/10/2026,
1680,33.8,gf,0.695,mm,OK,--,9:26:00 PM,7/10/2026,
1681,33.8,gf,0.690,mm,OK,--,9:26:00 PM,7/10/2026,
1682,33.8,gf,0.685,mm,OK,--,9:26:00 PM,7/10/2026,
1683,33.8,gf,0.680,mm,OK,--,9:26:01 PM,7/10/2026,
1684,33.7,gf,0.675,mm,OK,--,9:26:01 PM,7/10/2026,
1685,33.7,gf,0.670,mm,OK,--,9:26:01 PM,7/10/2026,
1686,33.7,gf,0.665,mm,OK,--,9:26:01 PM,7/10/2026,
1687,33.7,gf,0.665,mm,OK,--,9:26:01 PM,7/10/2026,
1688,33.7,gf,0.660,mm,OK,--,9:26:01 PM,7/10/2026,
1689,33.7,gf,0.655,mm,OK,--,9:26:01 PM,7/10/2026,
1690,33.6,gf,0.645,mm,OK,--,9:26:01 PM,7/10/2026,
1691,33.6,gf,0.635,mm,OK,--,9:26:01 PM,7/10/2026,
1692,33.5,gf,0.630,mm,OK,--,9:26:01 PM,7/10/2026,
1693,33.6,gf,0.630,mm,OK,--,9:26:02 PM,7/10/2026,
1694,33.6,gf,0.625,mm,OK,--,9:26:02 PM,7/10/2026,
1695,33.6,gf,0.620,mm,OK,--,9:26:02 PM,7/10/2026,
1696,33.5,gf,0.615,mm,OK,--,9:26:02 PM,7/10/2026,
1697,33.4,gf,0.610,mm,OK,--,9:26:02 PM,7/10/2026,
1698,33.4,gf,0.605,mm,OK,--,9:26:02 PM,7/10/2026,
1699,33.4,gf,0.600,mm,OK,--,9:26:02 PM,7/10/2026,
1700,33.4,gf,0.590,mm,OK,--,9:26:02 PM,7/10/2026,
1701,33.4,gf,0.585,mm,OK,--,9:26:02 PM,7/10/2026,
1702,33.4,gf,0.580,mm,OK,--,9:26:02 PM,7/10/2026,
1703,33.4,gf,0.575,mm,OK,--,9:26:03 PM,7/10/2026,
1704,33.3,gf,0.570,mm,OK,--,9:26:03 PM,7/10/2026,
1705,33.3,gf,0.565,mm,OK,--,9:26:03 PM,7/10/2026,
1706,33.3,gf,0.560,mm,OK,--,9:26:03 PM,7/10/2026,
1707,33.3,gf,0.560,mm,OK,--,9:26:03 PM,7/10/2026,
1708,33.3,gf,0.555,mm,OK,--,9:26:03 PM,7/10/2026,
1709,33.3,gf,0.555,mm,OK,--,9:26:03 PM,7/10/2026,
1710,33.3,gf,0.550,mm,OK,--,9:26:03 PM,7/10/2026,
1711,33.2,gf,0.545,mm,OK,--,9:26:03 PM,7/10/2026,
1712,33.2,gf,0.540,mm,OK,--,9:26:03 PM,7/10/2026,
1713,33.2,gf,0.535,mm,OK,--,9:26:04 PM,7/10/2026,
1714,33.2,gf,0.530,mm,OK,--,9:26:04 PM,7/10/2026,
1715,33.2,gf,0.525,mm,OK,--,9:26:04 PM,7/10/2026,
1716,33.2,gf,0.525,mm,OK,--,9:26:04 PM,7/10/2026,
1717,33.2,gf,0.525,mm,OK,--,9:26:04 PM,7/10/2026,
1718,33.2,gf,0.520,mm,OK,--,9:26:04 PM,7/10/2026,
1719,33.2,gf,0.515,mm,OK,--,9:26:04 PM,7/10/2026,
1720,33.2,gf,0.515,mm,OK,--,9:26:04 PM,7/10/2026,
1721,33.1,gf,0.510,mm,OK,--,9:26:04 PM,7/10/2026,
1722,33.1,gf,0.510,mm,OK,--,9:26:04 PM,7/10/2026,
1723,33.1,gf,0.505,mm,OK,--,9:26:05 PM,7/10/2026,
1724,33.1,gf,0.505,mm,OK,--,9:26:05 PM,7/10/2026,
1725,33.1,gf,0.500,mm,OK,--,9:26:05 PM,7/10/2026,
1726,33.1,gf,0.495,mm,OK,--,9:26:05 PM,7/10/2026,
1727,33.1,gf,0.490,mm,OK,--,9:26:05 PM,7/10/2026,
1728,33.1,gf,0.490,mm,OK,--,9:26:05 PM,7/10/2026,
1729,33.1,gf,0.485,mm,OK,--,9:26:05 PM,7/10/2026,
1730,33.1,gf,0.480,mm,OK,--,9:26:05 PM,7/10/2026,
1731,33.1,gf,0.475,mm,OK,--,9:26:05 PM,7/10/2026,
1732,33.1,gf,0.470,mm,OK,--,9:26:05 PM,7/10/2026,
1733,33.0,gf,0.465,mm,OK,--,9:26:06 PM,7/10/2026,
1734,33.0,gf,0.460,mm,OK,--,9:26:06 PM,7/10/2026,
1735,33.0,gf,0.455,mm,OK,--,9:26:06 PM,7/10/2026,
1736,33.0,gf,0.450,mm,OK,--,9:26:06 PM,7/10/2026,
1737,33.0,gf,0.445,mm,OK,--,9:26:06 PM,7/10/2026,
1738,32.9,gf,0.435,mm,OK,--,9:26:06 PM,7/10/2026,
1739,32.9,gf,0.430,mm,OK,--,9:26:06 PM,7/10/2026,
1740,32.9,gf,0.425,mm,OK,--,9:26:06 PM,7/10/2026,
1741,32.9,gf,0.420,mm,OK,--,9:26:06 PM,7/10/2026,
1742,32.9,gf,0.420,mm,OK,--,9:26:06 PM,7/10/2026,
1743,32.9,gf,0.415,mm,OK,--,9:26:07 PM,7/10/2026,
1744,32.8,gf,0.405,mm,OK,--,9:26:07 PM,7/10/2026,
1745,32.8,gf,0.400,mm,OK,--,9:26:07 PM,7/10/2026,
1746,32.8,gf,0.395,mm,OK,--,9:26:07 PM,7/10/2026,
1747,32.7,gf,0.390,mm,OK,--,9:26:07 PM,7/10/2026,
1748,32.7,gf,0.385,mm,OK,--,9:26:07 PM,7/10/2026,
1749,32.7,gf,0.380,mm,OK,--,9:26:07 PM,7/10/2026,
1750,32.7,gf,0.380,mm,OK,--,9:26:07 PM,7/10/2026,
1751,32.7,gf,0.375,mm,OK,--,9:26:07 PM,7/10/2026,
1752,32.7,gf,0.370,mm,OK,--,9:26:07 PM,7/10/2026,
1753,32.7,gf,0.365,mm,OK,--,9:26:08 PM,7/10/2026,
1754,32.7,gf,0.360,mm,OK,--,9:26:08 PM,7/10/2026,
1755,32.7,gf,0.360,mm,OK,--,9:26:08 PM,7/10/2026,
1756,32.7,gf,0.355,mm,OK,--,9:26:08 PM,7/10/2026,
1757,32.7,gf,0.355,mm,OK,--,9:26:08 PM,7/10/2026,
1758,32.7,gf,0.350,mm,OK,--,9:26:08 PM,7/10/2026,
1759,32.6,gf,0.345,mm,OK,--,9:26:08 PM,7/10/2026,
1760,32.6,gf,0.340,mm,OK,--,9:26:08 PM,7/10/2026,
1761,32.6,gf,0.335,mm,OK,--,9:26:08 PM,7/10/2026,
1762,32.6,gf,0.330,mm,OK,--,9:26:08 PM,7/10/2026,
1763,32.5,gf,0.320,mm,OK,--,9:26:09 PM,7/10/2026,
1764,32.5,gf,0.315,mm,OK,--,9:26:09 PM,7/10/2026,
1765,32.5,gf,0.310,mm,OK,--,9:26:09 PM,7/10/2026,
1766,32.5,gf,0.305,mm,OK,--,9:26:09 PM,7/10/2026,
1767,32.4,gf,0.305,mm,OK,--,9:26:09 PM,7/10/2026,
1768,32.4,gf,0.295,mm,OK,--,9:26:09 PM,7/10/2026,
1769,32.4,gf,0.295,mm,OK,--,9:26:09 PM,7/10/2026,
1770,32.4,gf,0.290,mm,OK,--,9:26:09 PM,7/10/2026,
1771,32.4,gf,0.285,mm,OK,--,9:26:09 PM,7/10/2026,
1772,32.3,gf,0.280,mm,OK,--,9:26:09 PM,7/10/2026,
1773,32.4,gf,0.280,mm,OK,--,9:26:10 PM,7/10/2026,
1774,32.3,gf,0.275,mm,OK,--,9:26:10 PM,7/10/2026,
1775,32.3,gf,0.270,mm,OK,--,9:26:10 PM,7/10/2026,
1776,32.3,gf,0.265,mm,OK,--,9:26:10 PM,7/10/2026,
1777,32.3,gf,0.260,mm,OK,--,9:26:10 PM,7/10/2026,
1778,32.3,gf,0.260,mm,OK,--,9:26:10 PM,7/10/2026,
1779,32.3,gf,0.255,mm,OK,--,9:26:10 PM,7/10/2026,
1780,32.3,gf,0.255,mm,OK,--,9:26:10 PM,7/10/2026,
1781,32.3,gf,0.255,mm,OK,--,9:26:10 PM,7/10/2026,
1782,32.3,gf,0.250,mm,OK,--,9:26:10 PM,7/10/2026,
1783,32.4,gf,0.250,mm,OK,--,9:26:11 PM,7/10/2026,
1784,32.3,gf,0.250,mm,OK,--,9:26:11 PM,7/10/2026,
1785,32.3,gf,0.245,mm,OK,--,9:26:11 PM,7/10/2026,
1786,32.3,gf,0.240,mm,OK,--,9:26:11 PM,7/10/2026,
1787,32.1,gf,0.235,mm,OK,--,9:26:11 PM,7/10/2026,
1788,32.1,gf,0.235,mm,OK,--,9:26:11 PM,7/10/2026,
1789,32.2,gf,0.230,mm,OK,--,9:26:11 PM,7/10/2026,
1790,32.1,gf,0.225,mm,OK,--,9:26:11 PM,7/10/2026,
1791,32.1,gf,0.225,mm,OK,--,9:26:11 PM,7/10/2026,
1792,32.1,gf,0.220,mm,OK,--,9:26:11 PM,7/10/2026,
1793,32.1,gf,0.220,mm,OK,--,9:26:12 PM,7/10/2026,
1794,32.1,gf,0.215,mm,OK,--,9:26:12 PM,7/10/2026,
1795,32.1,gf,0.215,mm,OK,--,9:26:12 PM,7/10/2026,
1796,32.1,gf,0.210,mm,OK,--,9:26:12 PM,7/10/2026,
1797,32.1,gf,0.210,mm,OK,--,9:26:12 PM,7/10/2026,
1798,32.1,gf,0.210,mm,OK,--,9:26:12 PM,7/10/2026,
1799,32.1,gf,0.210,mm,OK,--,9:26:12 PM,7/10/2026,
1800,32.1,gf,0.205,mm,OK,--,9:26:12 PM,7/10/2026,
1801,32.1,gf,0.205,mm,OK,--,9:26:12 PM,7/10/2026,
1802,32.1,gf,0.205,mm,OK,--,9:26:12 PM,7/10/2026,
1803,32.1,gf,0.205,mm,OK,--,9:26:13 PM,7/10/2026,
1804,32.1,gf,0.200,mm,OK,--,9:26:13 PM,7/10/2026,
1805,32.1,gf,0.200,mm,OK,--,9:26:13 PM,7/10/2026,
1806,32.1,gf,0.200,mm,OK,--,9:26:13 PM,7/10/2026,
1807,32.0,gf,0.200,mm,OK,--,9:26:13 PM,7/10/2026,
1808,32.0,gf,0.195,mm,OK,--,9:26:13 PM,7/10/2026,
1809,32.0,gf,0.195,mm,OK,--,9:26:13 PM,7/10/2026,
1810,32.0,gf,0.190,mm,OK,--,9:26:13 PM,7/10/2026,
1811,32.0,gf,0.190,mm,OK,--,9:26:13 PM,7/10/2026,
1812,32.0,gf,0.185,mm,OK,--,9:26:13 PM,7/10/2026,
1813,32.0,gf,0.180,mm,OK,--,9:26:14 PM,7/10/2026,
1814,32.0,gf,0.180,mm,OK,--,9:26:14 PM,7/10/2026,
1815,32.0,gf,0.175,mm,OK,--,9:26:14 PM,7/10/2026,
1816,31.9,gf,0.165,mm,OK,--,9:26:14 PM,7/10/2026,
1817,31.9,gf,0.160,mm,OK,--,9:26:14 PM,7/10/2026,
1818,31.9,gf,0.155,mm,OK,--,9:26:14 PM,7/10/2026,
1819,31.8,gf,0.150,mm,OK,--,9:26:14 PM,7/10/2026,
1820,31.8,gf,0.145,mm,OK,--,9:26:14 PM,7/10/2026,
1821,31.8,gf,0.140,mm,OK,--,9:26:14 PM,7/10/2026,
1822,31.8,gf,0.135,mm,OK,--,9:26:14 PM,7/10/2026,
1823,31.8,gf,0.125,mm,OK,--,9:26:15 PM,7/10/2026,
1824,31.8,gf,0.115,mm,OK,--,9:26:15 PM,7/10/2026,
1825,31.8,gf,0.110,mm,OK,--,9:26:15 PM,7/10/2026,
1826,31.8,gf,0.105,mm,OK,--,9:26:15 PM,7/10/2026,
1827,31.8,gf,0.100,mm,OK,--,9:26:15 PM,7/10/2026,
1828,31.1,gf,0.100,mm,OK,--,9:26:15 PM,7/10/2026,
1829,30.1,gf,0.095,mm,OK,--,9:26:15 PM,7/10/2026,
1830,28.9,gf,0.095,mm,OK,--,9:26:15 PM,7/10/2026,
1831,27.3,gf,0.090,mm,OK,--,9:26:15 PM,7/10/2026,
1832,26.5,gf,0.085,mm,OK,--,9:26:15 PM,7/10/2026,
1833,25.6,gf,0.085,mm,OK,--,9:26:16 PM,7/10/2026,
1834,24.1,gf,0.070,mm,OK,--,9:26:16 PM,7/10/2026,
1835,20.2,gf,0.050,mm,OK,--,9:26:16 PM,7/10/2026,
1836,14.8,gf,0.045,mm,OK,--,9:26:16 PM,7/10/2026,
1837,12.2,gf,0.040,mm,OK,--,9:26:16 PM,7/10/2026,
1838,9.4,gf,0.035,mm,OK,--,9:26:16 PM,7/10/2026,
1839,4.7,gf,0.030,mm,OK,--,9:26:16 PM,7/10/2026,
1840,1.3,gf,0.025,mm,OK,--,9:26:16 PM,7/10/2026,
1841,0.0,gf,0.020,mm,OK,--,9:26:16 PM,7/10/2026,
1842,0.0,gf,-0.015,mm,OK,--,9:26:16 PM,7/10/2026,
1843,0.0,gf,-0.050,mm,OK,--,9:26:17 PM,7/10/2026,
1844,0.0,gf,-0.060,mm,OK,--,9:26:17 PM,7/10/2026,
1845,0.0,gf,-0.070,mm,OK,--,9:26:17 PM,7/10/2026,
1846,0.0,gf,-0.090,mm,OK,--,9:26:17 PM,7/10/2026,
1847,0.0,gf,-0.100,mm,OK,--,9:26:17 PM,7/10/2026,
1848,-0.1,gf,-0.105,mm,OK,--,9:26:17 PM,7/10/2026,
1849,0.1,gf,-0.105,mm,OK,--,9:26:17 PM,7/10/2026,
1850,0.0,gf,-0.105,mm,OK,--,9:26:17 PM,7/10/2026,
1851,0.0,gf,-0.105,mm,OK,--,9:26:17 PM,7/10/2026,
1852,0.0,gf,-0.105,mm,OK,--,9:26:17 PM,7/10/2026,
1853,0.0,gf,-0.105,mm,OK,--,9:26:18 PM,7/10/2026,
1854,-0.2,gf,-0.100,mm,OK,--,9:26:18 PM,7/10/2026,
1855,0.1,gf,-0.090,mm,OK,--,9:26:18 PM,7/10/2026,
1856,0.0,gf,-0.080,mm,OK,--,9:26:18 PM,7/10/2026,
1857,0.0,gf,-0.070,mm,OK,--,9:26:18 PM,7/10/2026,
1858,0.2,gf,-0.060,mm,OK,--,9:26:18 PM,7/10/2026,
1859,0.0,gf,-0.050,mm,OK,--,9:26:18 PM,7/10/2026,
1860,0.0,gf,-0.035,mm,OK,--,9:26:18 PM,7/10/2026,
1861,0.0,gf,-0.025,mm,OK,--,9:26:18 PM,7/10/2026,
1862,0.0,gf,-0.010,mm,OK,--,9:26:18 PM,7/10/2026,
1863,0.0,gf,0.005,mm,OK,--,9:26:19 PM,7/10/2026,
1864,0.0,gf,0.020,mm,OK,--,9:26:19 PM,7/10/2026,
1865,8.4,gf,0.035,mm,OK,--,9:26:19 PM,7/10/2026,
1866,18.7,gf,0.045,mm,OK,--,9:26:19 PM,7/10/2026,
1867,27.9,gf,0.060,mm,OK,--,9:26:19 PM,7/10/2026,
1868,31.3,gf,0.070,mm,OK,--,9:26:19 PM,7/10/2026,
1869,32.2,gf,0.085,mm,OK,--,9:26:19 PM,7/10/2026,
1870,33.2,gf,0.095,mm,OK,--,9:26:19 PM,7/10/2026,
1871,33.4,gf,0.105,mm,OK,--,9:26:19 PM,7/10/2026,
1872,33.5,gf,0.120,mm,OK,--,9:26:19 PM,7/10/2026,
1873,33.5,gf,0.130,mm,OK,--,9:26:20 PM,7/10/2026,
