Maximum,191.7,@,No.1047,,,,,,
Minimum,-0.3,@,No.1981,,,,,,
Average,46.94,,,,,,,,
Data Quantity,1994,,,,,,,,
Number of NG,0,,,,,,,,
No.,Force,Unit,Displacement,Unit,Judge,Position,Time,Date,
1,0.0,gf,0.005,mm,OK,--,7:24:19 PM,2/5/2026,
2,0.0,gf,0.005,mm,OK,--,7:24:19 PM,2/5/2026,
3,-0.1,gf,0.005,mm,OK,--,7:24:19 PM,2/5/2026,
4,0.0,gf,0.005,mm,OK,--,7:24:19 PM,2/5/2026,
5,0.1,gf,0.005,mm,OK,--,7:24:19 PM,2/5/2026,
6,-0.1,gf,0.005,mm,OK,--,7:24:19 PM,2/5/2026,
7,0.0,gf,0.005,mm,OK,--,7:24:19 PM,2/5/2026,
8,-0.1,gf,0.005,mm,OK,--,7:24:20 PM,2/5/2026,
9,0.0,gf,0.005,mm,OK,--,7:24:20 PM,2/5/2026,
10,0.0,gf,0.005,mm,OK,--,7:24:20 PM,2/5/2026,
11,0.0,gf,0.005,mm,OK,--,7:24:20 PM,2/5/2026,
12,0.0,gf,0.005,mm,OK,--,7:24:20 PM,2/5/2026,
13,0.1,gf,0.005,mm,OK,--,7:24:20 PM,2/5/2026,
14,0.1,gf,0.005,mm,OK,--,7:24:20 PM,2/5/2026,
15,0.0,gf,0.005,mm,OK,--,7:24:20 PM,2/5/2026,
16,0.1,gf,0.005,mm,OK,--,7:24:20 PM,2/5/2026,
17,0.1,gf,0.005,mm,OK,--,7:24:20 PM,2/5/2026,
18,-0.1,gf,0.010,mm,OK,--,7:24:21 PM,2/5/2026,
19,-0.1,gf,0.010,mm,OK,--,7:24:21 PM,2/5/2026,
20,0.0,gf,0.015,mm,OK,--,7:24:21 PM,2/5/2026,
21,0.1,gf,0.020,mm,OK,--,7:24:21 PM,2/5/2026,
22,0.0,gf,0.020,mm,OK,--,7:24:21 PM,2/5/2026,
23,-0.2,gf,0.025,mm,OK,--,7:24:21 PM,2/5/2026,
24,-0.1,gf,0.030,mm,OK,--,7:24:21 PM,2/5/2026,
25,0.1,gf,0.035,mm,OK,--,7:24:21 PM,2/5/2026,
26,0.0,gf,0.040,mm,OK,--,7:24:21 PM,2/5/2026,
27,-0.1,gf,0.045,mm,OK,--,7:24:21 PM,2/5/2026,
28,0.0,gf,0.050,mm,OK,--,7:24:22 PM,2/5/2026,
29,0.0,gf,0.050,mm,OK,--,7:24:22 PM,2/5/2026,
30,0.0,gf,0.055,mm,OK,--,7:24:22 PM,2/5/2026,
31,-0.1,gf,0.055,mm,OK,--,7:24:22 PM,2/5/2026,
32,0.0,gf,0.060,mm,OK,--,7:24:22 PM,2/5/2026,
33,0.0,gf,0.060,mm,OK,--,7:24:22 PM,2/5/2026,
34,0.0,gf,0.065,mm,OK,--,7:24:22 PM,2/5/2026,
35,-0.1,gf,0.065,mm,OK,--,7:24:22 PM,2/5/2026,
36,0.0,gf,0.070,mm,OK,--,7:24:22 PM,2/5/2026,
37,0.1,gf,0.075,mm,OK,--,7:24:22 PM,2/5/2026,
38,0.0,gf,0.085,mm,OK,--,7:24:23 PM,2/5/2026,
39,0.0,gf,0.100,mm,OK,--,7:24:23 PM,2/5/2026,
40,0.0,gf,0.110,mm,OK,--,7:24:23 PM,2/5/2026,
41,0.0,gf,0.120,mm,OK,--,7:24:23 PM,2/5/2026,
42,0.0,gf,0.125,mm,OK,--,7:24:23 PM,2/5/2026,
43,0.0,gf,0.130,mm,OK,--,7:24:23 PM,2/5/2026,
44,-0.1,gf,0.135,mm,OK,--,7:24:23 PM,2/5/2026,
45,0.0,gf,0.140,mm,OK,--,7:24:23 PM,2/5/2026,
46,0.1,gf,0.145,mm,OK,--,7:24:23 PM,2/5/2026,
47,-0.1,gf,0.150,mm,OK,--,7:24:23 PM,2/5/2026,
48,0.0,gf,0.155,mm,OK,--,7:24:24 PM,2/5/2026,
49,0.0,gf,0.160,mm,OK,--,7:24:24 PM,2/5/2026,
50,0.1,gf,0.165,mm,OK,--,7:24:24 PM,2/5/2026,
51,-0.1,gf,0.170,mm,OK,--,7:24:24 PM,2/5/2026,
52,0.1,gf,0.175,mm,OK,--,7:24:24 PM,2/5/2026,
53,3.5,gf,0.180,mm,OK,--,7:24:24 PM,2/5/2026,
54,6.2,gf,0.185,mm,OK,--,7:24:24 PM,2/5/2026,
55,8.7,gf,0.190,mm,OK,--,7:24:24 PM,2/5/2026,
56,10.5,gf,0.195,mm,OK,--,7:24:24 PM,2/5/2026,
57,12.8,gf,0.200,mm,OK,--,7:24:24 PM,2/5/2026,
58,14.9,gf,0.205,mm,OK,--,7:24:25 PM,2/5/2026,
59,16.7,gf,0.210,mm,OK,--,7:24:25 PM,2/5/2026,
60,18.4,gf,0.215,mm,OK,--,7:24:25 PM,2/5/2026,
61,20.1,gf,0.220,mm,OK,--,7:24:25 PM,2/5/2026,
62,21.5,gf,0.225,mm,OK,--,7:24:25 PM,2/5/2026,
63,22.7,gf,0.225,mm,OK,--,7:24:25 PM,2/5/2026,
64,23.8,gf,0.230,mm,OK,--,7:24:25 PM,2/5/2026,
65,24.5,gf,0.235,mm,OK,--,7:24:25 PM,2/5/2026,
66,24.8,gf,0.235,mm,OK,--,7:24:25 PM,2/5/2026,
67,25.5,gf,0.240,mm,OK,--,7:24:25 PM,2/5/2026,
68,25.8,gf,0.245,mm,OK,--,7:24:26 PM,2/5/2026,
69,25.8,gf,0.250,mm,OK,--,7:24:26 PM,2/5/2026,
70,25.7,gf,0.255,mm,OK,--,7:24:26 PM,2/5/2026,
71,25.7,gf,0.260,mm,OK,--,7:24:26 PM,2/5/2026,
72,25.5,gf,0.265,mm,OK,--,7:24:26 PM,2/5/2026,
73,25.4,gf,0.275,mm,OK,--,7:24:26 PM,2/5/2026,
74,25.3,gf,0.280,mm,OK,--,7:24:26 PM,2/5/2026,
75,25.2,gf,0.285,mm,OK,--,7:24:26 PM,2/5/2026,
76,25.2,gf,0.290,mm,OK,--,7:24:26 PM,2/5/2026,
77,25.3,gf,0.300,mm,OK,--,7:24:26 PM,2/5/2026,
78,25.4,gf,0.305,mm,OK,--,7:24:27 PM,2/5/2026,
79,25.3,gf,0.310,mm,OK,--,7:24:27 PM,2/5/2026,
80,25.3,gf,0.320,mm,OK,--,7:24:27 PM,2/5/2026,
81,25.3,gf,0.325,mm,OK,--,7:24:27 PM,2/5/2026,
82,25.4,gf,0.330,mm,OK,--,7:24:27 PM,2/5/2026,
83,25.6,gf,0.340,mm,OK,--,7:24:27 PM,2/5/2026,
84,25.3,gf,0.350,mm,OK,--,7:24:27 PM,2/5/2026,
85,25.2,gf,0.360,mm,OK,--,7:24:27 PM,2/5/2026,
86,25.3,gf,0.370,mm,OK,--,7:24:27 PM,2/5/2026,
87,25.2,gf,0.380,mm,OK,--,7:24:27 PM,2/5/2026,
88,25.3,gf,0.385,mm,OK,--,7:24:28 PM,2/5/2026,
89,25.3,gf,0.390,mm,OK,--,7:24:28 PM,2/5/2026,
90,25.4,gf,0.400,mm,OK,--,7:24:28 PM,2/5/2026,
91,25.5,gf,0.405,mm,OK,--,7:24:28 PM,2/5/2026,
92,25.4,gf,0.410,mm,OK,--,7:24:28 PM,2/5/2026,
93,25.4,gf,0.410,mm,OK,--,7:24:28 PM,2/5/2026,
94,25.4,gf,0.415,mm,OK,--,7:24:28 PM,2/5/2026,
95,25.4,gf,0.420,mm,OK,--,7:24:28 PM,2/5/2026,
96,25.5,gf,0.420,mm,OK,--,7:24:28 PM,2/5/2026,
97,25.4,gf,0.425,mm,OK,--,7:24:28 PM,2/5/2026,
98,25.6,gf,0.430,mm,OK,--,7:24:29 PM,2/5/2026,
99,25.7,gf,0.435,mm,OK,--,7:24:29 PM,2/5/2026,
100,25.6,gf,0.440,mm,OK,--,7:24:29 PM,2/5/2026,
101,25.6,gf,0.445,mm,OK,--,7:24:29 PM,2/5/2026,
102,25.5,gf,0.450,mm,OK,--,7:24:29 PM,2/5/2026,
103,25.5,gf,0.455,mm,OK,--,7:24:29 PM,2/5/2026,
104,25.5,gf,0.465,mm,OK,--,7:24:29 PM,2/5/2026,
105,25.5,gf,0.470,mm,OK,--,7:24:29 PM,2/5/2026,
106,25.6,gf,0.480,mm,OK,--,7:24:29 PM,2/5/2026,
107,25.6,gf,0.490,mm,OK,--,7:24:29 PM,2/5/2026,
108,25.8,gf,0.500,mm,OK,--,7:24:30 PM,2/5/2026,
109,25.8,gf,0.510,mm,OK,--,7:24:30 PM,2/5/2026,
110,25.7,gf,0.520,mm,OK,--,7:24:30 PM,2/5/2026,
111,25.8,gf,0.530,mm,OK,--,7:24:30 PM,2/5/2026,
112,25.9,gf,0.540,mm,OK,--,7:24:30 PM,2/5/2026,
113,26.1,gf,0.550,mm,OK,--,7:24:30 PM,2/5/2026,
114,26.2,gf,0.565,mm,OK,--,7:24:30 PM,2/5/2026,
115,26.2,gf,0.575,mm,OK,--,7:24:30 PM,2/5/2026,
116,26.3,gf,0.580,mm,OK,--,7:24:30 PM,2/5/2026,
117,26.3,gf,0.590,mm,OK,--,7:24:30 PM,2/5/2026,
118,26.4,gf,0.595,mm,OK,--,7:24:31 PM,2/5/2026,
119,26.5,gf,0.600,mm,OK,--,7:24:31 PM,2/5/2026,
120,26.6,gf,0.605,mm,OK,--,7:24:31 PM,2/5/2026,
121,26.5,gf,0.610,mm,OK,--,7:24:31 PM,2/5/2026,
122,26.5,gf,0.610,mm,OK,--,7:24:31 PM,2/5/2026,
123,26.5,gf,0.615,mm,OK,--,7:24:31 PM,2/5/2026,
124,26.5,gf,0.620,mm,OK,--,7:24:31 PM,2/5/2026,
125,26.5,gf,0.620,mm,OK,--,7:24:31 PM,2/5/2026,
126,26.6,gf,0.625,mm,OK,--,7:24:31 PM,2/5/2026,
127,26.5,gf,0.630,mm,OK,--,7:24:31 PM,2/5/2026,
128,26.5,gf,0.630,mm,OK,--,7:24:32 PM,2/5/2026,
129,26.5,gf,0.635,mm,OK,--,7:24:32 PM,2/5/2026,
130,26.6,gf,0.635,mm,OK,--,7:24:32 PM,2/5/2026,
131,26.7,gf,0.640,mm,OK,--,7:24:32 PM,2/5/2026,
132,26.7,gf,0.645,mm,OK,--,7:24:32 PM,2/5/2026,
133,26.7,gf,0.650,mm,OK,--,7:24:32 PM,2/5/2026,
134,26.7,gf,0.655,mm,OK,--,7:24:32 PM,2/5/2026,
135,26.8,gf,0.660,mm,OK,--,7:24:32 PM,2/5/2026,
136,26.9,gf,0.670,mm,OK,--,7:24:32 PM,2/5/2026,
137,26.9,gf,0.675,mm,OK,--,7:24:32 PM,2/5/2026,
138,26.9,gf,0.680,mm,OK,--,7:24:33 PM,2/5/2026,
139,26.9,gf,0.685,mm,OK,--,7:24:33 PM,2/5/2026,
140,26.9,gf,0.695,mm,OK,--,7:24:33 PM,2/5/2026,
141,26.8,gf,0.700,mm,OK,--,7:24:33 PM,2/5/2026,
142,26.8,gf,0.705,mm,OK,--,7:24:33 PM,2/5/2026,
143,26.9,gf,0.710,mm,OK,--,7:24:33 PM,2/5/2026,
144,27.0,gf,0.715,mm,OK,--,7:24:33 PM,2/5/2026,
145,27.1,gf,0.720,mm,OK,--,7:24:33 PM,2/5/2026,
146,27.1,gf,0.725,mm,OK,--,7:24:33 PM,2/5/2026,
147,27.0,gf,0.730,mm,OK,--,7:24:33 PM,2/5/2026,
148,26.9,gf,0.740,mm,OK,--,7:24:34 PM,2/5/2026,
149,26.9,gf,0.745,mm,OK,--,7:24:34 PM,2/5/2026,
150,27.3,gf,0.755,mm,OK,--,7:24:34 PM,2/5/2026,
151,27.3,gf,0.765,mm,OK,--,7:24:34 PM,2/5/2026,
152,27.3,gf,0.770,mm,OK,--,7:24:34 PM,2/5/2026,
153,27.2,gf,0.775,mm,OK,--,7:24:34 PM,2/5/2026,
154,27.2,gf,0.780,mm,OK,--,7:24:34 PM,2/5/2026,
155,27.3,gf,0.785,mm,OK,--,7:24:34 PM,2/5/2026,
156,27.5,gf,0.790,mm,OK,--,7:24:34 PM,2/5/2026,
157,27.5,gf,0.795,mm,OK,--,7:24:34 PM,2/5/2026,
158,27.5,gf,0.805,mm,OK,--,7:24:35 PM,2/5/2026,
159,27.7,gf,0.810,mm,OK,--,7:24:35 PM,2/5/2026,
160,27.7,gf,0.820,mm,OK,--,7:24:35 PM,2/5/2026,
161,27.8,gf,0.830,mm,OK,--,7:24:35 PM,2/5/2026,
162,27.8,gf,0.835,mm,OK,--,7:24:35 PM,2/5/2026,
163,27.7,gf,0.845,mm,OK,--,7:24:35 PM,2/5/2026,
164,27.7,gf,0.855,mm,OK,--,7:24:35 PM,2/5/2026,
165,27.8,gf,0.865,mm,OK,--,7:24:35 PM,2/5/2026,
166,27.9,gf,0.875,mm,OK,--,7:24:35 PM,2/5/2026,
167,27.9,gf,0.885,mm,OK,--,7:24:35 PM,2/5/2026,
168,28.0,gf,0.890,mm,OK,--,7:24:36 PM,2/5/2026,
169,28.0,gf,0.900,mm,OK,--,7:24:36 PM,2/5/2026,
170,28.1,gf,0.910,mm,OK,--,7:24:36 PM,2/5/2026,
171,28.1,gf,0.920,mm,OK,--,7:24:36 PM,2/5/2026,
172,28.3,gf,0.925,mm,OK,--,7:24:36 PM,2/5/2026,
173,28.4,gf,0.935,mm,OK,--,7:24:36 PM,2/5/2026,
174,28.4,gf,0.940,mm,OK,--,7:24:36 PM,2/5/2026,
175,28.4,gf,0.945,mm,OK,--,7:24:36 PM,2/5/2026,
176,28.4,gf,0.955,mm,OK,--,7:24:36 PM,2/5/2026,
177,28.4,gf,0.960,mm,OK,--,7:24:36 PM,2/5/2026,
178,28.4,gf,0.965,mm,OK,--,7:24:37 PM,2/5/2026,
179,28.5,gf,0.975,mm,OK,--,7:24:37 PM,2/5/2026,
180,28.5,gf,0.980,mm,OK,--,7:24:37 PM,2/5/2026,
181,28.6,gf,0.985,mm,OK,--,7:24:37 PM,2/5/2026,
182,28.7,gf,0.995,mm,OK,--,7:24:37 PM,2/5/2026,
183,28.8,gf,1.000,mm,OK,--,7:24:37 PM,2/5/2026,
184,28.6,gf,1.005,mm,OK,--,7:24:37 PM,2/5/2026,
185,28.6,gf,1.010,mm,OK,--,7:24:37 PM,2/5/2026,
186,28.7,gf,1.015,mm,OK,--,7:24:37 PM,2/5/2026,
187,28.7,gf,1.020,mm,OK,--,7:24:37 PM,2/5/2026,
188,28.6,gf,1.025,mm,OK,--,7:24:38 PM,2/5/2026,
189,28.7,gf,1.025,mm,OK,--,7:24:38 PM,2/5/2026,
190,28.7,gf,1.030,mm,OK,--,7:24:38 PM,2/5/2026,
191,28.8,gf,1.035,mm,OK,--,7:24:38 PM,2/5/2026,
192,29.0,gf,1.040,mm,OK,--,7:24:38 PM,2/5/2026,
193,29.0,gf,1.040,mm,OK,--,7:24:38 PM,2/5/2026,
194,28.9,gf,1.045,mm,OK,--,7:24:38 PM,2/5/2026,
195,28.9,gf,1.050,mm,OK,--,7:24:38 PM,2/5/2026,
196,28.9,gf,1.050,mm,OK,--,7:24:38 PM,2/5/2026,
197,28.9,gf,1.055,mm,OK,--,7:24:38 PM,2/5/2026,
198,29.0,gf,1.055,mm,OK,--,7:24:39 PM,2/5/2026,
199,29.0,gf,1.060,mm,OK,--,7:24:39 PM,2/5/2026,
200,29.0,gf,1.065,mm,OK,--,7:24:39 PM,2/5/2026,
201,29.0,gf,1.065,mm,OK,--,7:24:39 PM,2/5/2026,
202,29.0,gf,1.065,mm,OK,--,7:24:39 PM,2/5/2026,
203,29.0,gf,1.070,mm,OK,--,7:24:39 PM,2/5/2026,
204,29.0,gf,1.070,mm,OK,--,7:24:39 PM,2/5/2026,
205,29.0,gf,1.070,mm,OK,--,7:24:39 PM,2/5/2026,
206,29.0,gf,1.075,mm,OK,--,7:24:39 PM,2/5/2026,
207,29.0,gf,1.075,mm,OK,--,7:24:39 PM,2/5/2026,
208,28.9,gf,1.080,mm,OK,--,7:24:40 PM,2/5/2026,
209,28.9,gf,1.080,mm,OK,--,7:24:40 PM,2/5/2026,
210,28.9,gf,1.085,mm,OK,--,7:24:40 PM,2/5/2026,
211,28.9,gf,1.085,mm,OK,--,7:24:40 PM,2/5/2026,
212,29.0,gf,1.090,mm,OK,--,7:24:40 PM,2/5/2026,
213,29.0,gf,1.090,mm,OK,--,7:24:40 PM,2/5/2026,
214,29.0,gf,1.095,mm,OK,--,7:24:40 PM,2/5/2026,
215,29.1,gf,1.100,mm,OK,--,7:24:40 PM,2/5/2026,
216,29.1,gf,1.105,mm,OK,--,7:24:40 PM,2/5/2026,
217,29.1,gf,1.110,mm,OK,--,7:24:40 PM,2/5/2026,
218,29.1,gf,1.110,mm,OK,--,7:24:41 PM,2/5/2026,
219,29.2,gf,1.115,mm,OK,--,7:24:41 PM,2/5/2026,
220,29.2,gf,1.120,mm,OK,--,7:24:41 PM,2/5/2026,
221,29.2,gf,1.125,mm,OK,--,7:24:41 PM,2/5/2026,
222,29.1,gf,1.130,mm,OK,--,7:24:41 PM,2/5/2026,
223,29.3,gf,1.135,mm,OK,--,7:24:41 PM,2/5/2026,
224,29.3,gf,1.140,mm,OK,--,7:24:41 PM,2/5/2026,
225,29.4,gf,1.140,mm,OK,--,7:24:41 PM,2/5/2026,
226,29.3,gf,1.145,mm,OK,--,7:24:41 PM,2/5/2026,
227,29.4,gf,1.145,mm,OK,--,7:24:41 PM,2/5/2026,
228,29.3,gf,1.150,mm,OK,--,7:24:42 PM,2/5/2026,
229,29.3,gf,1.155,mm,OK,--,7:24:42 PM,2/5/2026,
230,29.5,gf,1.160,mm,OK,--,7:24:42 PM,2/5/2026,
231,29.6,gf,1.170,mm,OK,--,7:24:42 PM,2/5/2026,
232,29.5,gf,1.175,mm,OK,--,7:24:42 PM,2/5/2026,
233,29.5,gf,1.180,mm,OK,--,7:24:42 PM,2/5/2026,
234,29.6,gf,1.185,mm,OK,--,7:24:42 PM,2/5/2026,
235,29.6,gf,1.195,mm,OK,--,7:24:42 PM,2/5/2026,
236,29.6,gf,1.195,mm,OK,--,7:24:42 PM,2/5/2026,
237,29.8,gf,1.200,mm,OK,--,7:24:42 PM,2/5/2026,
238,29.7,gf,1.210,mm,OK,--,7:24:43 PM,2/5/2026,
239,29.8,gf,1.215,mm,OK,--,7:24:43 PM,2/5/2026,
240,29.7,gf,1.220,mm,OK,--,7:24:43 PM,2/5/2026,
241,29.7,gf,1.225,mm,OK,--,7:24:43 PM,2/5/2026,
242,29.8,gf,1.230,mm,OK,--,7:24:43 PM,2/5/2026,
243,29.8,gf,1.235,mm,OK,--,7:24:43 PM,2/5/2026,
244,29.9,gf,1.240,mm,OK,--,7:24:43 PM,2/5/2026,
245,29.8,gf,1.240,mm,OK,--,7:24:43 PM,2/5/2026,
246,29.8,gf,1.245,mm,OK,--,7:24:43 PM,2/5/2026,
247,29.8,gf,1.245,mm,OK,--,7:24:43 PM,2/5/2026,
248,29.8,gf,1.250,mm,OK,--,7:24:44 PM,2/5/2026,
249,29.8,gf,1.255,mm,OK,--,7:24:44 PM,2/5/2026,
250,29.6,gf,1.255,mm,OK,--,7:24:44 PM,2/5/2026,
251,29.7,gf,1.260,mm,OK,--,7:24:44 PM,2/5/2026,
252,29.8,gf,1.260,mm,OK,--,7:24:44 PM,2/5/2026,
253,29.8,gf,1.260,mm,OK,--,7:24:44 PM,2/5/2026,
254,29.8,gf,1.260,mm,OK,--,7:24:44 PM,2/5/2026,
255,29.9,gf,1.265,mm,OK,--,7:24:44 PM,2/5/2026,
256,30.0,gf,1.265,mm,OK,--,7:24:44 PM,2/5/2026,
257,30.1,gf,1.265,mm,OK,--,7:24:44 PM,2/5/2026,
258,30.0,gf,1.270,mm,OK,--,7:24:45 PM,2/5/2026,
259,30.0,gf,1.270,mm,OK,--,7:24:45 PM,2/5/2026,
260,30.1,gf,1.275,mm,OK,--,7:24:45 PM,2/5/2026,
261,30.1,gf,1.275,mm,OK,--,7:24:45 PM,2/5/2026,
262,30.1,gf,1.280,mm,OK,--,7:24:45 PM,2/5/2026,
263,30.2,gf,1.280,mm,OK,--,7:24:45 PM,2/5/2026,
264,30.2,gf,1.285,mm,OK,--,7:24:45 PM,2/5/2026,
265,30.2,gf,1.285,mm,OK,--,7:24:45 PM,2/5/2026,
266,30.2,gf,1.290,mm,OK,--,7:24:45 PM,2/5/2026,
267,30.2,gf,1.290,mm,OK,--,7:24:45 PM,2/5/2026,
268,30.2,gf,1.295,mm,OK,--,7:24:46 PM,2/5/2026,
269,30.2,gf,1.295,mm,OK,--,7:24:46 PM,2/5/2026,
270,30.2,gf,1.300,mm,OK,--,7:24:46 PM,2/5/2026,
271,30.2,gf,1.300,mm,OK,--,7:24:46 PM,2/5/2026,
272,30.2,gf,1.305,mm,OK,--,7:24:46 PM,2/5/2026,
273,30.2,gf,1.305,mm,OK,--,7:24:46 PM,2/5/2026,
274,30.2,gf,1.310,mm,OK,--,7:24:46 PM,2/5/2026,
275,30.2,gf,1.310,mm,OK,--,7:24:46 PM,2/5/2026,
276,30.2,gf,1.315,mm,OK,--,7:24:46 PM,2/5/2026,
277,30.3,gf,1.315,mm,OK,--,7:24:46 PM,2/5/2026,
278,30.3,gf,1.320,mm,OK,--,7:24:47 PM,2/5/2026,
279,30.3,gf,1.320,mm,OK,--,7:24:47 PM,2/5/2026,
280,30.3,gf,1.325,mm,OK,--,7:24:47 PM,2/5/2026,
281,30.4,gf,1.325,mm,OK,--,7:24:47 PM,2/5/2026,
282,30.3,gf,1.330,mm,OK,--,7:24:47 PM,2/5/2026,
283,30.3,gf,1.330,mm,OK,--,7:24:47 PM,2/5/2026,
284,30.3,gf,1.335,mm,OK,--,7:24:47 PM,2/5/2026,
285,30.3,gf,1.335,mm,OK,--,7:24:47 PM,2/5/2026,
286,30.4,gf,1.340,mm,OK,--,7:24:47 PM,2/5/2026,
287,30.3,gf,1.340,mm,OK,--,7:24:47 PM,2/5/2026,
288,30.4,gf,1.345,mm,OK,--,7:24:48 PM,2/5/2026,
289,30.4,gf,1.345,mm,OK,--,7:24:48 PM,2/5/2026,
290,30.4,gf,1.345,mm,OK,--,7:24:48 PM,2/5/2026,
291,30.5,gf,1.350,mm,OK,--,7:24:48 PM,2/5/2026,
292,30.5,gf,1.350,mm,OK,--,7:24:48 PM,2/5/2026,
293,30.5,gf,1.350,mm,OK,--,7:24:48 PM,2/5/2026,
294,30.5,gf,1.355,mm,OK,--,7:24:48 PM,2/5/2026,
295,30.4,gf,1.360,mm,OK,--,7:24:48 PM,2/5/2026,
296,30.4,gf,1.360,mm,OK,--,7:24:48 PM,2/5/2026,
297,30.5,gf,1.365,mm,OK,--,7:24:48 PM,2/5/2026,
298,30.5,gf,1.365,mm,OK,--,7:24:49 PM,2/5/2026,
299,30.5,gf,1.370,mm,OK,--,7:24:49 PM,2/5/2026,
300,30.4,gf,1.370,mm,OK,--,7:24:49 PM,2/5/2026,
301,30.4,gf,1.370,mm,OK,--,7:24:49 PM,2/5/2026,
302,30.5,gf,1.375,mm,OK,--,7:24:49 PM,2/5/2026,
303,30.5,gf,1.375,mm,OK,--,7:24:49 PM,2/5/2026,
304,30.5,gf,1.380,mm,OK,--,7:24:49 PM,2/5/2026,
305,30.6,gf,1.380,mm,OK,--,7:24:49 PM,2/5/2026,
306,30.7,gf,1.385,mm,OK,--,7:24:49 PM,2/5/2026,
307,30.7,gf,1.390,mm,OK,--,7:24:49 PM,2/5/2026,
308,30.8,gf,1.395,mm,OK,--,7:24:50 PM,2/5/2026,
309,30.8,gf,1.395,mm,OK,--,7:24:50 PM,2/5/2026,
310,30.9,gf,1.400,mm,OK,--,7:24:50 PM,2/5/2026,
311,30.9,gf,1.405,mm,OK,--,7:24:50 PM,2/5/2026,
312,30.8,gf,1.410,mm,OK,--,7:24:50 PM,2/5/2026,
313,30.8,gf,1.415,mm,OK,--,7:24:50 PM,2/5/2026,
314,30.8,gf,1.420,mm,OK,--,7:24:50 PM,2/5/2026,
315,30.8,gf,1.420,mm,OK,--,7:24:50 PM,2/5/2026,
316,30.9,gf,1.425,mm,OK,--,7:24:50 PM,2/5/2026,
317,30.8,gf,1.425,mm,OK,--,7:24:50 PM,2/5/2026,
318,30.8,gf,1.430,mm,OK,--,7:24:51 PM,2/5/2026,
319,30.9,gf,1.435,mm,OK,--,7:24:51 PM,2/5/2026,
320,31.0,gf,1.435,mm,OK,--,7:24:51 PM,2/5/2026,
321,31.0,gf,1.440,mm,OK,--,7:24:51 PM,2/5/2026,
322,31.0,gf,1.440,mm,OK,--,7:24:51 PM,2/5/2026,
323,31.0,gf,1.445,mm,OK,--,7:24:51 PM,2/5/2026,
324,31.0,gf,1.450,mm,OK,--,7:24:51 PM,2/5/2026,
325,31.0,gf,1.450,mm,OK,--,7:24:51 PM,2/5/2026,
326,31.0,gf,1.455,mm,OK,--,7:24:51 PM,2/5/2026,
327,30.9,gf,1.455,mm,OK,--,7:24:51 PM,2/5/2026,
328,31.0,gf,1.455,mm,OK,--,7:24:52 PM,2/5/2026,
329,31.0,gf,1.460,mm,OK,--,7:24:52 PM,2/5/2026,
330,31.0,gf,1.460,mm,OK,--,7:24:52 PM,2/5/2026,
331,31.0,gf,1.465,mm,OK,--,7:24:52 PM,2/5/2026,
332,31.0,gf,1.470,mm,OK,--,7:24:52 PM,2/5/2026,
333,31.1,gf,1.470,mm,OK,--,7:24:52 PM,2/5/2026,
334,31.1,gf,1.475,mm,OK,--,7:24:52 PM,2/5/2026,
335,31.2,gf,1.480,mm,OK,--,7:24:52 PM,2/5/2026,
336,31.2,gf,1.480,mm,OK,--,7:24:52 PM,2/5/2026,
337,31.3,gf,1.485,mm,OK,--,7:24:52 PM,2/5/2026,
338,31.3,gf,1.485,mm,OK,--,7:24:53 PM,2/5/2026,
339,31.3,gf,1.490,mm,OK,--,7:24:53 PM,2/5/2026,
340,31.3,gf,1.495,mm,OK,--,7:24:53 PM,2/5/2026,
341,31.4,gf,1.495,mm,OK,--,7:24:53 PM,2/5/2026,
342,31.4,gf,1.500,mm,OK,--,7:24:53 PM,2/5/2026,
343,31.4,gf,1.500,mm,OK,--,7:24:53 PM,2/5/2026,
344,31.4,gf,1.500,mm,OK,--,7:24:53 PM,2/5/2026,
345,31.4,gf,1.505,mm,OK,--,7:24:53 PM,2/5/2026,
346,31.4,gf,1.505,mm,OK,--,7:24:53 PM,2/5/2026,
347,31.4,gf,1.510,mm,OK,--,7:24:53 PM,2/5/2026,
348,31.4,gf,1.510,mm,OK,--,7:24:54 PM,2/5/2026,
349,31.4,gf,1.515,mm,OK,--,7:24:54 PM,2/5/2026,
350,31.5,gf,1.515,mm,OK,--,7:24:54 PM,2/5/2026,
351,31.5,gf,1.520,mm,OK,--,7:24:54 PM,2/5/2026,
352,31.5,gf,1.520,mm,OK,--,7:24:54 PM,2/5/2026,
353,31.5,gf,1.525,mm,OK,--,7:24:54 PM,2/5/2026,
354,31.5,gf,1.530,mm,OK,--,7:24:54 PM,2/5/2026,
355,31.5,gf,1.530,mm,OK,--,7:24:54 PM,2/5/2026,
356,31.5,gf,1.530,mm,OK,--,7:24:54 PM,2/5/2026,
357,31.5,gf,1.535,mm,OK,--,7:24:54 PM,2/5/2026,
358,31.5,gf,1.535,mm,OK,--,7:24:55 PM,2/5/2026,
359,31.5,gf,1.540,mm,OK,--,7:24:55 PM,2/5/2026,
360,31.5,gf,1.540,mm,OK,--,7:24:55 PM,2/5/2026,
361,31.6,gf,1.540,mm,OK,--,7:24:55 PM,2/5/2026,
362,31.6,gf,1.545,mm,OK,--,7:24:55 PM,2/5/2026,
363,31.6,gf,1.545,mm,OK,--,7:24:55 PM,2/5/2026,
364,31.6,gf,1.550,mm,OK,--,7:24:55 PM,2/5/2026,
365,31.6,gf,1.550,mm,OK,--,7:24:55 PM,2/5/2026,
366,31.7,gf,1.550,mm,OK,--,7:24:55 PM,2/5/2026,
367,31.7,gf,1.555,mm,OK,--,7:24:55 PM,2/5/2026,
368,31.7,gf,1.555,mm,OK,--,7:24:56 PM,2/5/2026,
369,31.7,gf,1.555,mm,OK,--,7:24:56 PM,2/5/2026,
370,31.8,gf,1.560,mm,OK,--,7:24:56 PM,2/5/2026,
371,31.9,gf,1.565,mm,OK,--,7:24:56 PM,2/5/2026,
372,31.8,gf,1.570,mm,OK,--,7:24:56 PM,2/5/2026,
373,31.8,gf,1.570,mm,OK,--,7:24:56 PM,2/5/2026,
374,31.5,gf,1.570,mm,OK,--,7:24:56 PM,2/5/2026,
375,31.4,gf,1.570,mm,OK,--,7:24:56 PM,2/5/2026,
376,31.6,gf,1.570,mm,OK,--,7:24:56 PM,2/5/2026,
377,32.0,gf,1.575,mm,OK,--,7:24:56 PM,2/5/2026,
378,31.9,gf,1.575,mm,OK,--,7:24:57 PM,2/5/2026,
379,31.9,gf,1.575,mm,OK,--,7:24:57 PM,2/5/2026,
380,31.8,gf,1.575,mm,OK,--,7:24:57 PM,2/5/2026,
381,31.8,gf,1.580,mm,OK,--,7:24:57 PM,2/5/2026,
382,31.8,gf,1.580,mm,OK,--,7:24:57 PM,2/5/2026,
383,31.8,gf,1.580,mm,OK,--,7:24:57 PM,2/5/2026,
384,31.8,gf,1.580,mm,OK,--,7:24:57 PM,2/5/2026,
385,31.9,gf,1.580,mm,OK,--,7:24:57 PM,2/5/2026,
386,32.0,gf,1.580,mm,OK,--,7:24:57 PM,2/5/2026,
387,31.9,gf,1.580,mm,OK,--,7:24:57 PM,2/5/2026,
388,32.0,gf,1.580,mm,OK,--,7:24:58 PM,2/5/2026,
389,32.0,gf,1.585,mm,OK,--,7:24:58 PM,2/5/2026,
390,32.0,gf,1.585,mm,OK,--,7:24:58 PM,2/5/2026,
391,32.0,gf,1.585,mm,OK,--,7:24:58 PM,2/5/2026,
392,32.1,gf,1.590,mm,OK,--,7:24:58 PM,2/5/2026,
393,32.0,gf,1.590,mm,OK,--,7:24:58 PM,2/5/2026,
394,32.0,gf,1.595,mm,OK,--,7:24:58 PM,2/5/2026,
395,32.0,gf,1.600,mm,OK,--,7:24:58 PM,2/5/2026,
396,32.0,gf,1.600,mm,OK,--,7:24:58 PM,2/5/2026,
397,32.0,gf,1.605,mm,OK,--,7:24:58 PM,2/5/2026,
398,32.0,gf,1.605,mm,OK,--,7:24:59 PM,2/5/2026,
399,32.1,gf,1.605,mm,OK,--,7:24:59 PM,2/5/2026,
400,32.1,gf,1.610,mm,OK,--,7:24:59 PM,2/5/2026,
401,32.1,gf,1.610,mm,OK,--,7:24:59 PM,2/5/2026,
402,32.1,gf,1.615,mm,OK,--,7:24:59 PM,2/5/2026,
403,32.1,gf,1.615,mm,OK,--,7:24:59 PM,2/5/2026,
404,32.1,gf,1.620,mm,OK,--,7:24:59 PM,2/5/2026,
405,32.1,gf,1.620,mm,OK,--,7:24:59 PM,2/5/2026,
406,32.1,gf,1.620,mm,OK,--,7:24:59 PM,2/5/2026,
407,32.1,gf,1.625,mm,OK,--,7:24:59 PM,2/5/2026,
408,32.1,gf,1.630,mm,OK,--,7:25:00 PM,2/5/2026,
409,32.1,gf,1.630,mm,OK,--,7:25:00 PM,2/5/2026,
410,32.1,gf,1.630,mm,OK,--,7:25:00 PM,2/5/2026,
411,32.1,gf,1.630,mm,OK,--,7:25:00 PM,2/5/2026,
412,32.1,gf,1.630,mm,OK,--,7:25:00 PM,2/5/2026,
413,32.0,gf,1.630,mm,OK,--,7:25:00 PM,2/5/2026,
414,32.1,gf,1.630,mm,OK,--,7:25:00 PM,2/5/2026,
415,32.2,gf,1.635,mm,OK,--,7:25:00 PM,2/5/2026,
416,32.1,gf,1.635,mm,OK,--,7:25:00 PM,2/5/2026,
417,32.1,gf,1.635,mm,OK,--,7:25:00 PM,2/5/2026,
418,32.1,gf,1.635,mm,OK,--,7:25:01 PM,2/5/2026,
419,32.3,gf,1.635,mm,OK,--,7:25:01 PM,2/5/2026,
420,32.3,gf,1.640,mm,OK,--,7:25:01 PM,2/5/2026,
421,32.3,gf,1.640,mm,OK,--,7:25:01 PM,2/5/2026,
422,32.3,gf,1.650,mm,OK,--,7:25:01 PM,2/5/2026,
423,32.4,gf,1.655,mm,OK,--,7:25:01 PM,2/5/2026,
424,32.4,gf,1.665,mm,OK,--,7:25:01 PM,2/5/2026,
425,32.4,gf,1.670,mm,OK,--,7:25:01 PM,2/5/2026,
426,32.4,gf,1.675,mm,OK,--,7:25:01 PM,2/5/2026,
427,32.4,gf,1.680,mm,OK,--,7:25:01 PM,2/5/2026,
428,32.3,gf,1.685,mm,OK,--,7:25:02 PM,2/5/2026,
429,32.4,gf,1.685,mm,OK,--,7:25:02 PM,2/5/2026,
430,32.5,gf,1.690,mm,OK,--,7:25:02 PM,2/5/2026,
431,32.4,gf,1.690,mm,OK,--,7:25:02 PM,2/5/2026,
432,32.3,gf,1.690,mm,OK,--,7:25:02 PM,2/5/2026,
433,32.3,gf,1.690,mm,OK,--,7:25:02 PM,2/5/2026,
434,32.6,gf,1.690,mm,OK,--,7:25:02 PM,2/5/2026,
435,32.5,gf,1.690,mm,OK,--,7:25:02 PM,2/5/2026,
436,32.6,gf,1.695,mm,OK,--,7:25:02 PM,2/5/2026,
437,32.6,gf,1.695,mm,OK,--,7:25:02 PM,2/5/2026,
438,32.7,gf,1.700,mm,OK,--,7:25:03 PM,2/5/2026,
439,32.6,gf,1.700,mm,OK,--,7:25:03 PM,2/5/2026,
440,32.6,gf,1.705,mm,OK,--,7:25:03 PM,2/5/2026,
441,32.5,gf,1.710,mm,OK,--,7:25:03 PM,2/5/2026,
442,32.5,gf,1.715,mm,OK,--,7:25:03 PM,2/5/2026,
443,32.6,gf,1.715,mm,OK,--,7:25:03 PM,2/5/2026,
444,32.7,gf,1.715,mm,OK,--,7:25:03 PM,2/5/2026,
445,32.7,gf,1.720,mm,OK,--,7:25:03 PM,2/5/2026,
446,32.7,gf,1.720,mm,OK,--,7:25:03 PM,2/5/2026,
447,32.7,gf,1.725,mm,OK,--,7:25:03 PM,2/5/2026,
448,32.8,gf,1.725,mm,OK,--,7:25:04 PM,2/5/2026,
449,32.8,gf,1.725,mm,OK,--,7:25:04 PM,2/5/2026,
450,32.8,gf,1.730,mm,OK,--,7:25:04 PM,2/5/2026,
451,32.8,gf,1.730,mm,OK,--,7:25:04 PM,2/5/2026,
452,32.8,gf,1.730,mm,OK,--,7:25:04 PM,2/5/2026,
453,32.8,gf,1.735,mm,OK,--,7:25:04 PM,2/5/2026,
454,32.8,gf,1.740,mm,OK,--,7:25:04 PM,2/5/2026,
455,32.9,gf,1.745,mm,OK,--,7:25:04 PM,2/5/2026,
456,33.0,gf,1.750,mm,OK,--,7:25:04 PM,2/5/2026,
457,33.0,gf,1.760,mm,OK,--,7:25:04 PM,2/5/2026,
458,33.0,gf,1.765,mm,OK,--,7:25:05 PM,2/5/2026,
459,33.1,gf,1.770,mm,OK,--,7:25:05 PM,2/5/2026,
460,33.1,gf,1.780,mm,OK,--,7:25:05 PM,2/5/2026,
461,33.2,gf,1.785,mm,OK,--,7:25:05 PM,2/5/2026,
462,33.2,gf,1.795,mm,OK,--,7:25:05 PM,2/5/2026,
463,33.2,gf,1.800,mm,OK,--,7:25:05 PM,2/5/2026,
464,33.3,gf,1.810,mm,OK,--,7:25:05 PM,2/5/2026,
465,33.3,gf,1.815,mm,OK,--,7:25:05 PM,2/5/2026,
466,33.3,gf,1.820,mm,OK,--,7:25:05 PM,2/5/2026,
467,33.5,gf,1.825,mm,OK,--,7:25:05 PM,2/5/2026,
468,33.4,gf,1.830,mm,OK,--,7:25:06 PM,2/5/2026,
469,33.4,gf,1.835,mm,OK,--,7:25:06 PM,2/5/2026,
470,33.4,gf,1.835,mm,OK,--,7:25:06 PM,2/5/2026,
471,33.3,gf,1.835,mm,OK,--,7:25:06 PM,2/5/2026,
472,33.5,gf,1.835,mm,OK,--,7:25:06 PM,2/5/2026,
473,33.5,gf,1.840,mm,OK,--,7:25:06 PM,2/5/2026,
474,33.5,gf,1.845,mm,OK,--,7:25:06 PM,2/5/2026,
475,33.6,gf,1.855,mm,OK,--,7:25:06 PM,2/5/2026,
476,33.6,gf,1.860,mm,OK,--,7:25:06 PM,2/5/2026,
477,33.7,gf,1.870,mm,OK,--,7:25:06 PM,2/5/2026,
478,33.8,gf,1.875,mm,OK,--,7:25:07 PM,2/5/2026,
479,33.8,gf,1.880,mm,OK,--,7:25:07 PM,2/5/2026,
480,33.8,gf,1.885,mm,OK,--,7:25:07 PM,2/5/2026,
481,33.8,gf,1.890,mm,OK,--,7:25:07 PM,2/5/2026,
482,33.9,gf,1.895,mm,OK,--,7:25:07 PM,2/5/2026,
483,33.9,gf,1.900,mm,OK,--,7:25:07 PM,2/5/2026,
484,33.9,gf,1.905,mm,OK,--,7:25:07 PM,2/5/2026,
485,33.9,gf,1.910,mm,OK,--,7:25:07 PM,2/5/2026,
486,33.9,gf,1.910,mm,OK,--,7:25:07 PM,2/5/2026,
487,34.0,gf,1.915,mm,OK,--,7:25:07 PM,2/5/2026,
488,34.0,gf,1.920,mm,OK,--,7:25:08 PM,2/5/2026,
489,34.1,gf,1.925,mm,OK,--,7:25:08 PM,2/5/2026,
490,34.2,gf,1.930,mm,OK,--,7:25:08 PM,2/5/2026,
491,34.1,gf,1.935,mm,OK,--,7:25:08 PM,2/5/2026,
492,34.1,gf,1.940,mm,OK,--,7:25:08 PM,2/5/2026,
493,34.2,gf,1.940,mm,OK,--,7:25:08 PM,2/5/2026,
494,34.2,gf,1.945,mm,OK,--,7:25:08 PM,2/5/2026,
495,34.2,gf,1.950,mm,OK,--,7:25:08 PM,2/5/2026,
496,34.2,gf,1.950,mm,OK,--,7:25:08 PM,2/5/2026,
497,34.2,gf,1.955,mm,OK,--,7:25:08 PM,2/5/2026,
498,34.2,gf,1.955,mm,OK,--,7:25:09 PM,2/5/2026,
499,34.2,gf,1.960,mm,OK,--,7:25:09 PM,2/5/2026,
500,34.2,gf,1.960,mm,OK,--,7:25:09 PM,2/5/2026,
501,34.2,gf,1.960,mm,OK,--,7:25:09 PM,2/5/2026,
502,34.2,gf,1.960,mm,OK,--,7:25:09 PM,2/5/2026,
503,34.2,gf,1.965,mm,OK,--,7:25:09 PM,2/5/2026,
504,34.1,gf,1.965,mm,OK,--,7:25:09 PM,2/5/2026,
505,34.2,gf,1.965,mm,OK,--,7:25:09 PM,2/5/2026,
506,34.2,gf,1.965,mm,OK,--,7:25:09 PM,2/5/2026,
507,34.2,gf,1.965,mm,OK,--,7:25:09 PM,2/5/2026,
508,34.2,gf,1.965,mm,OK,--,7:25:10 PM,2/5/2026,
509,34.2,gf,1.965,mm,OK,--,7:25:10 PM,2/5/2026,
510,34.4,gf,1.965,mm,OK,--,7:25:10 PM,2/5/2026,
511,34.3,gf,1.970,mm,OK,--,7:25:10 PM,2/5/2026,
512,34.3,gf,1.970,mm,OK,--,7:25:10 PM,2/5/2026,
513,34.3,gf,1.970,mm,OK,--,7:25:10 PM,2/5/2026,
514,34.3,gf,1.975,mm,OK,--,7:25:10 PM,2/5/2026,
515,34.4,gf,1.975,mm,OK,--,7:25:10 PM,2/5/2026,
516,34.4,gf,1.975,mm,OK,--,7:25:10 PM,2/5/2026,
517,34.4,gf,1.980,mm,OK,--,7:25:10 PM,2/5/2026,
518,34.4,gf,1.980,mm,OK,--,7:25:11 PM,2/5/2026,
519,34.5,gf,1.980,mm,OK,--,7:25:11 PM,2/5/2026,
520,34.4,gf,1.985,mm,OK,--,7:25:11 PM,2/5/2026,
521,34.4,gf,1.985,mm,OK,--,7:25:11 PM,2/5/2026,
522,34.5,gf,1.985,mm,OK,--,7:25:11 PM,2/5/2026,
523,34.5,gf,1.990,mm,OK,--,7:25:11 PM,2/5/2026,
524,34.5,gf,1.990,mm,OK,--,7:25:11 PM,2/5/2026,
525,34.6,gf,1.995,mm,OK,--,7:25:11 PM,2/5/2026,
526,34.5,gf,2.000,mm,OK,--,7:25:11 PM,2/5/2026,
527,34.4,gf,2.005,mm,OK,--,7:25:11 PM,2/5/2026,
528,34.4,gf,2.010,mm,OK,--,7:25:12 PM,2/5/2026,
529,34.5,gf,2.015,mm,OK,--,7:25:12 PM,2/5/2026,
530,34.5,gf,2.020,mm,OK,--,7:25:12 PM,2/5/2026,
531,34.6,gf,2.025,mm,OK,--,7:25:12 PM,2/5/2026,
532,34.6,gf,2.030,mm,OK,--,7:25:12 PM,2/5/2026,
533,34.6,gf,2.035,mm,OK,--,7:25:12 PM,2/5/2026,
534,34.7,gf,2.040,mm,OK,--,7:25:12 PM,2/5/2026,
535,34.6,gf,2.045,mm,OK,--,7:25:12 PM,2/5/2026,
536,34.6,gf,2.045,mm,OK,--,7:25:12 PM,2/5/2026,
537,34.7,gf,2.050,mm,OK,--,7:25:12 PM,2/5/2026,
538,34.7,gf,2.050,mm,OK,--,7:25:13 PM,2/5/2026,
539,34.7,gf,2.055,mm,OK,--,7:25:13 PM,2/5/2026,
540,34.8,gf,2.060,mm,OK,--,7:25:13 PM,2/5/2026,
541,34.8,gf,2.065,mm,OK,--,7:25:13 PM,2/5/2026,
542,34.8,gf,2.070,mm,OK,--,7:25:13 PM,2/5/2026,
543,34.8,gf,2.070,mm,OK,--,7:25:13 PM,2/5/2026,
544,34.8,gf,2.070,mm,OK,--,7:25:13 PM,2/5/2026,
545,34.8,gf,2.075,mm,OK,--,7:25:13 PM,2/5/2026,
546,34.9,gf,2.075,mm,OK,--,7:25:13 PM,2/5/2026,
547,34.9,gf,2.080,mm,OK,--,7:25:13 PM,2/5/2026,
548,34.9,gf,2.080,mm,OK,--,7:25:14 PM,2/5/2026,
549,34.9,gf,2.080,mm,OK,--,7:25:14 PM,2/5/2026,
550,34.9,gf,2.085,mm,OK,--,7:25:14 PM,2/5/2026,
551,35.0,gf,2.085,mm,OK,--,7:25:14 PM,2/5/2026,
552,35.0,gf,2.085,mm,OK,--,7:25:14 PM,2/5/2026,
553,35.0,gf,2.090,mm,OK,--,7:25:14 PM,2/5/2026,
554,35.1,gf,2.090,mm,OK,--,7:25:14 PM,2/5/2026,
555,35.0,gf,2.090,mm,OK,--,7:25:14 PM,2/5/2026,
556,35.0,gf,2.090,mm,OK,--,7:25:14 PM,2/5/2026,
557,35.0,gf,2.095,mm,OK,--,7:25:14 PM,2/5/2026,
558,35.0,gf,2.095,mm,OK,--,7:25:15 PM,2/5/2026,
559,35.0,gf,2.095,mm,OK,--,7:25:15 PM,2/5/2026,
560,35.1,gf,2.100,mm,OK,--,7:25:15 PM,2/5/2026,
561,35.1,gf,2.100,mm,OK,--,7:25:15 PM,2/5/2026,
562,35.1,gf,2.105,mm,OK,--,7:25:15 PM,2/5/2026,
563,35.1,gf,2.105,mm,OK,--,7:25:15 PM,2/5/2026,
564,35.2,gf,2.105,mm,OK,--,7:25:15 PM,2/5/2026,
565,35.2,gf,2.110,mm,OK,--,7:25:15 PM,2/5/2026,
566,35.3,gf,2.115,mm,OK,--,7:25:15 PM,2/5/2026,
567,35.3,gf,2.120,mm,OK,--,7:25:15 PM,2/5/2026,
568,35.2,gf,2.120,mm,OK,--,7:25:16 PM,2/5/2026,
569,35.2,gf,2.125,mm,OK,--,7:25:16 PM,2/5/2026,
570,35.3,gf,2.125,mm,OK,--,7:25:16 PM,2/5/2026,
571,35.3,gf,2.125,mm,OK,--,7:25:16 PM,2/5/2026,
572,35.4,gf,2.130,mm,OK,--,7:25:16 PM,2/5/2026,
573,35.4,gf,2.135,mm,OK,--,7:25:16 PM,2/5/2026,
574,35.5,gf,2.140,mm,OK,--,7:25:16 PM,2/5/2026,
575,35.5,gf,2.145,mm,OK,--,7:25:16 PM,2/5/2026,
576,35.6,gf,2.150,mm,OK,--,7:25:16 PM,2/5/2026,
577,35.7,gf,2.155,mm,OK,--,7:25:16 PM,2/5/2026,
578,35.8,gf,2.170,mm,OK,--,7:25:17 PM,2/5/2026,
579,35.9,gf,2.185,mm,OK,--,7:25:17 PM,2/5/2026,
580,36.0,gf,2.195,mm,OK,--,7:25:17 PM,2/5/2026,
581,36.1,gf,2.200,mm,OK,--,7:25:17 PM,2/5/2026,
582,36.2,gf,2.210,mm,OK,--,7:25:17 PM,2/5/2026,
583,36.3,gf,2.215,mm,OK,--,7:25:17 PM,2/5/2026,
584,36.3,gf,2.220,mm,OK,--,7:25:17 PM,2/5/2026,
585,36.3,gf,2.225,mm,OK,--,7:25:17 PM,2/5/2026,
586,36.4,gf,2.230,mm,OK,--,7:25:17 PM,2/5/2026,
587,36.4,gf,2.230,mm,OK,--,7:25:17 PM,2/5/2026,
588,36.5,gf,2.235,mm,OK,--,7:25:18 PM,2/5/2026,
589,36.5,gf,2.235,mm,OK,--,7:25:18 PM,2/5/2026,
590,36.5,gf,2.240,mm,OK,--,7:25:18 PM,2/5/2026,
591,36.5,gf,2.240,mm,OK,--,7:25:18 PM,2/5/2026,
592,36.5,gf,2.240,mm,OK,--,7:25:18 PM,2/5/2026,
593,36.5,gf,2.245,mm,OK,--,7:25:18 PM,2/5/2026,
594,36.5,gf,2.245,mm,OK,--,7:25:18 PM,2/5/2026,
595,36.5,gf,2.245,mm,OK,--,7:25:18 PM,2/5/2026,
596,36.5,gf,2.250,mm,OK,--,7:25:18 PM,2/5/2026,
597,36.5,gf,2.250,mm,OK,--,7:25:18 PM,2/5/2026,
598,36.6,gf,2.250,mm,OK,--,7:25:19 PM,2/5/2026,
599,36.6,gf,2.255,mm,OK,--,7:25:19 PM,2/5/2026,
600,36.6,gf,2.255,mm,OK,--,7:25:19 PM,2/5/2026,
601,36.6,gf,2.255,mm,OK,--,7:25:19 PM,2/5/2026,
602,36.6,gf,2.260,mm,OK,--,7:25:19 PM,2/5/2026,
603,36.7,gf,2.260,mm,OK,--,7:25:19 PM,2/5/2026,
604,36.7,gf,2.260,mm,OK,--,7:25:19 PM,2/5/2026,
605,36.7,gf,2.265,mm,OK,--,7:25:19 PM,2/5/2026,
606,36.7,gf,2.265,mm,OK,--,7:25:19 PM,2/5/2026,
607,36.7,gf,2.270,mm,OK,--,7:25:19 PM,2/5/2026,
608,36.7,gf,2.270,mm,OK,--,7:25:20 PM,2/5/2026,
609,36.8,gf,2.275,mm,OK,--,7:25:20 PM,2/5/2026,
610,36.8,gf,2.280,mm,OK,--,7:25:20 PM,2/5/2026,
611,36.8,gf,2.285,mm,OK,--,7:25:20 PM,2/5/2026,
612,36.9,gf,2.295,mm,OK,--,7:25:20 PM,2/5/2026,
613,36.9,gf,2.300,mm,OK,--,7:25:20 PM,2/5/2026,
614,37.0,gf,2.310,mm,OK,--,7:25:20 PM,2/5/2026,
615,37.0,gf,2.315,mm,OK,--,7:25:20 PM,2/5/2026,
616,37.0,gf,2.320,mm,OK,--,7:25:20 PM,2/5/2026,
617,37.0,gf,2.330,mm,OK,--,7:25:20 PM,2/5/2026,
618,37.1,gf,2.335,mm,OK,--,7:25:21 PM,2/5/2026,
619,37.2,gf,2.345,mm,OK,--,7:25:21 PM,2/5/2026,
620,37.2,gf,2.355,mm,OK,--,7:25:21 PM,2/5/2026,
621,37.2,gf,2.360,mm,OK,--,7:25:21 PM,2/5/2026,
622,37.3,gf,2.370,mm,OK,--,7:25:21 PM,2/5/2026,
623,37.4,gf,2.380,mm,OK,--,7:25:21 PM,2/5/2026,
624,37.4,gf,2.390,mm,OK,--,7:25:21 PM,2/5/2026,
625,37.4,gf,2.400,mm,OK,--,7:25:21 PM,2/5/2026,
626,37.5,gf,2.405,mm,OK,--,7:25:21 PM,2/5/2026,
627,37.5,gf,2.415,mm,OK,--,7:25:21 PM,2/5/2026,
628,37.5,gf,2.425,mm,OK,--,7:25:22 PM,2/5/2026,
629,37.6,gf,2.435,mm,OK,--,7:25:22 PM,2/5/2026,
630,37.7,gf,2.445,mm,OK,--,7:25:22 PM,2/5/2026,
631,37.7,gf,2.450,mm,OK,--,7:25:22 PM,2/5/2026,
632,37.7,gf,2.460,mm,OK,--,7:25:22 PM,2/5/2026,
633,37.7,gf,2.465,mm,OK,--,7:25:22 PM,2/5/2026,
634,37.8,gf,2.470,mm,OK,--,7:25:22 PM,2/5/2026,
635,37.8,gf,2.470,mm,OK,--,7:25:22 PM,2/5/2026,
636,37.9,gf,2.475,mm,OK,--,7:25:22 PM,2/5/2026,
637,37.9,gf,2.480,mm,OK,--,7:25:22 PM,2/5/2026,
638,37.9,gf,2.485,mm,OK,--,7:25:23 PM,2/5/2026,
639,37.9,gf,2.490,mm,OK,--,7:25:23 PM,2/5/2026,
640,37.9,gf,2.495,mm,OK,--,7:25:23 PM,2/5/2026,
641,38.0,gf,2.495,mm,OK,--,7:25:23 PM,2/5/2026,
642,37.9,gf,2.500,mm,OK,--,7:25:23 PM,2/5/2026,
643,37.9,gf,2.505,mm,OK,--,7:25:23 PM,2/5/2026,
644,38.0,gf,2.510,mm,OK,--,7:25:23 PM,2/5/2026,
645,38.0,gf,2.510,mm,OK,--,7:25:23 PM,2/5/2026,
646,38.0,gf,2.515,mm,OK,--,7:25:23 PM,2/5/2026,
647,38.0,gf,2.520,mm,OK,--,7:25:23 PM,2/5/2026,
648,38.0,gf,2.520,mm,OK,--,7:25:24 PM,2/5/2026,
649,38.1,gf,2.525,mm,OK,--,7:25:24 PM,2/5/2026,
650,38.1,gf,2.530,mm,OK,--,7:25:24 PM,2/5/2026,
651,38.1,gf,2.535,mm,OK,--,7:25:24 PM,2/5/2026,
652,38.1,gf,2.540,mm,OK,--,7:25:24 PM,2/5/2026,
653,38.2,gf,2.545,mm,OK,--,7:25:24 PM,2/5/2026,
654,38.2,gf,2.550,mm,OK,--,7:25:24 PM,2/5/2026,
655,38.2,gf,2.555,mm,OK,--,7:25:24 PM,2/5/2026,
656,38.3,gf,2.560,mm,OK,--,7:25:24 PM,2/5/2026,
657,38.3,gf,2.560,mm,OK,--,7:25:24 PM,2/5/2026,
658,38.3,gf,2.565,mm,OK,--,7:25:25 PM,2/5/2026,
659,38.3,gf,2.570,mm,OK,--,7:25:25 PM,2/5/2026,
660,38.4,gf,2.575,mm,OK,--,7:25:25 PM,2/5/2026,
661,38.4,gf,2.580,mm,OK,--,7:25:25 PM,2/5/2026,
662,38.4,gf,2.590,mm,OK,--,7:25:25 PM,2/5/2026,
663,38.4,gf,2.595,mm,OK,--,7:25:25 PM,2/5/2026,
664,38.4,gf,2.595,mm,OK,--,7:25:25 PM,2/5/2026,
665,38.4,gf,2.600,mm,OK,--,7:25:25 PM,2/5/2026,
666,38.4,gf,2.605,mm,OK,--,7:25:25 PM,2/5/2026,
667,38.5,gf,2.605,mm,OK,--,7:25:25 PM,2/5/2026,
668,38.5,gf,2.610,mm,OK,--,7:25:26 PM,2/5/2026,
669,38.6,gf,2.615,mm,OK,--,7:25:26 PM,2/5/2026,
670,38.6,gf,2.615,mm,OK,--,7:25:26 PM,2/5/2026,
671,38.7,gf,2.620,mm,OK,--,7:25:26 PM,2/5/2026,
672,38.8,gf,2.625,mm,OK,--,7:25:26 PM,2/5/2026,
673,38.9,gf,2.625,mm,OK,--,7:25:26 PM,2/5/2026,
674,38.9,gf,2.630,mm,OK,--,7:25:26 PM,2/5/2026,
675,38.9,gf,2.635,mm,OK,--,7:25:26 PM,2/5/2026,
676,38.9,gf,2.635,mm,OK,--,7:25:26 PM,2/5/2026,
677,38.9,gf,2.640,mm,OK,--,7:25:26 PM,2/5/2026,
678,39.0,gf,2.640,mm,OK,--,7:25:27 PM,2/5/2026,
679,39.0,gf,2.645,mm,OK,--,7:25:27 PM,2/5/2026,
680,39.0,gf,2.645,mm,OK,--,7:25:27 PM,2/5/2026,
681,39.1,gf,2.650,mm,OK,--,7:25:27 PM,2/5/2026,
682,39.2,gf,2.655,mm,OK,--,7:25:27 PM,2/5/2026,
683,39.2,gf,2.660,mm,OK,--,7:25:27 PM,2/5/2026,
684,39.3,gf,2.660,mm,OK,--,7:25:27 PM,2/5/2026,
685,39.2,gf,2.665,mm,OK,--,7:25:27 PM,2/5/2026,
686,39.2,gf,2.670,mm,OK,--,7:25:27 PM,2/5/2026,
687,39.2,gf,2.675,mm,OK,--,7:25:27 PM,2/5/2026,
688,39.2,gf,2.680,mm,OK,--,7:25:28 PM,2/5/2026,
689,39.2,gf,2.680,mm,OK,--,7:25:28 PM,2/5/2026,
690,39.2,gf,2.685,mm,OK,--,7:25:28 PM,2/5/2026,
691,39.2,gf,2.685,mm,OK,--,7:25:28 PM,2/5/2026,
692,39.2,gf,2.690,mm,OK,--,7:25:28 PM,2/5/2026,
693,39.2,gf,2.690,mm,OK,--,7:25:28 PM,2/5/2026,
694,39.2,gf,2.690,mm,OK,--,7:25:28 PM,2/5/2026,
695,39.3,gf,2.695,mm,OK,--,7:25:28 PM,2/5/2026,
696,39.3,gf,2.695,mm,OK,--,7:25:28 PM,2/5/2026,
697,39.3,gf,2.700,mm,OK,--,7:25:28 PM,2/5/2026,
698,39.3,gf,2.700,mm,OK,--,7:25:29 PM,2/5/2026,
699,39.2,gf,2.705,mm,OK,--,7:25:29 PM,2/5/2026,
700,39.3,gf,2.705,mm,OK,--,7:25:29 PM,2/5/2026,
701,39.3,gf,2.710,mm,OK,--,7:25:29 PM,2/5/2026,
702,39.3,gf,2.710,mm,OK,--,7:25:29 PM,2/5/2026,
703,39.3,gf,2.715,mm,OK,--,7:25:29 PM,2/5/2026,
704,39.4,gf,2.720,mm,OK,--,7:25:29 PM,2/5/2026,
705,39.4,gf,2.725,mm,OK,--,7:25:29 PM,2/5/2026,
706,39.4,gf,2.730,mm,OK,--,7:25:29 PM,2/5/2026,
707,39.5,gf,2.740,mm,OK,--,7:25:29 PM,2/5/2026,
708,39.4,gf,2.745,mm,OK,--,7:25:30 PM,2/5/2026,
709,39.6,gf,2.750,mm,OK,--,7:25:30 PM,2/5/2026,
710,39.6,gf,2.755,mm,OK,--,7:25:30 PM,2/5/2026,
711,39.6,gf,2.760,mm,OK,--,7:25:30 PM,2/5/2026,
712,39.7,gf,2.770,mm,OK,--,7:25:30 PM,2/5/2026,
713,39.7,gf,2.775,mm,OK,--,7:25:30 PM,2/5/2026,
714,39.7,gf,2.785,mm,OK,--,7:25:30 PM,2/5/2026,
715,39.9,gf,2.790,mm,OK,--,7:25:30 PM,2/5/2026,
716,39.7,gf,2.795,mm,OK,--,7:25:30 PM,2/5/2026,
717,39.8,gf,2.800,mm,OK,--,7:25:30 PM,2/5/2026,
718,39.8,gf,2.805,mm,OK,--,7:25:31 PM,2/5/2026,
719,39.8,gf,2.810,mm,OK,--,7:25:31 PM,2/5/2026,
720,39.9,gf,2.815,mm,OK,--,7:25:31 PM,2/5/2026,
721,39.9,gf,2.820,mm,OK,--,7:25:31 PM,2/5/2026,
722,40.0,gf,2.825,mm,OK,--,7:25:31 PM,2/5/2026,
723,39.9,gf,2.835,mm,OK,--,7:25:31 PM,2/5/2026,
724,40.0,gf,2.840,mm,OK,--,7:25:31 PM,2/5/2026,
725,40.0,gf,2.845,mm,OK,--,7:25:31 PM,2/5/2026,
726,40.1,gf,2.845,mm,OK,--,7:25:31 PM,2/5/2026,
727,40.1,gf,2.850,mm,OK,--,7:25:31 PM,2/5/2026,
728,40.1,gf,2.855,mm,OK,--,7:25:32 PM,2/5/2026,
729,40.1,gf,2.860,mm,OK,--,7:25:32 PM,2/5/2026,
730,40.1,gf,2.860,mm,OK,--,7:25:32 PM,2/5/2026,
731,40.1,gf,2.865,mm,OK,--,7:25:32 PM,2/5/2026,
732,40.2,gf,2.865,mm,OK,--,7:25:32 PM,2/5/2026,
733,40.2,gf,2.870,mm,OK,--,7:25:32 PM,2/5/2026,
734,40.2,gf,2.870,mm,OK,--,7:25:32 PM,2/5/2026,
735,40.2,gf,2.870,mm,OK,--,7:25:32 PM,2/5/2026,
736,40.2,gf,2.870,mm,OK,--,7:25:32 PM,2/5/2026,
737,40.2,gf,2.875,mm,OK,--,7:25:32 PM,2/5/2026,
738,40.2,gf,2.875,mm,OK,--,7:25:33 PM,2/5/2026,
739,40.2,gf,2.880,mm,OK,--,7:25:33 PM,2/5/2026,
740,40.3,gf,2.890,mm,OK,--,7:25:33 PM,2/5/2026,
741,40.3,gf,2.895,mm,OK,--,7:25:33 PM,2/5/2026,
742,40.3,gf,2.900,mm,OK,--,7:25:33 PM,2/5/2026,
743,40.4,gf,2.910,mm,OK,--,7:25:33 PM,2/5/2026,
744,40.5,gf,2.915,mm,OK,--,7:25:33 PM,2/5/2026,
745,40.4,gf,2.920,mm,OK,--,7:25:33 PM,2/5/2026,
746,40.5,gf,2.930,mm,OK,--,7:25:33 PM,2/5/2026,
747,40.6,gf,2.935,mm,OK,--,7:25:33 PM,2/5/2026,
748,40.6,gf,2.940,mm,OK,--,7:25:34 PM,2/5/2026,
749,40.6,gf,2.945,mm,OK,--,7:25:34 PM,2/5/2026,
750,40.6,gf,2.950,mm,OK,--,7:25:34 PM,2/5/2026,
751,40.7,gf,2.955,mm,OK,--,7:25:34 PM,2/5/2026,
752,40.7,gf,2.960,mm,OK,--,7:25:34 PM,2/5/2026,
753,40.6,gf,2.965,mm,OK,--,7:25:34 PM,2/5/2026,
754,40.7,gf,2.965,mm,OK,--,7:25:34 PM,2/5/2026,
755,40.7,gf,2.970,mm,OK,--,7:25:34 PM,2/5/2026,
756,40.7,gf,2.970,mm,OK,--,7:25:34 PM,2/5/2026,
757,40.7,gf,2.970,mm,OK,--,7:25:34 PM,2/5/2026,
758,40.7,gf,2.975,mm,OK,--,7:25:35 PM,2/5/2026,
759,40.7,gf,2.975,mm,OK,--,7:25:35 PM,2/5/2026,
760,40.7,gf,2.975,mm,OK,--,7:25:35 PM,2/5/2026,
761,40.7,gf,2.980,mm,OK,--,7:25:35 PM,2/5/2026,
762,40.8,gf,2.980,mm,OK,--,7:25:35 PM,2/5/2026,
763,40.8,gf,2.980,mm,OK,--,7:25:35 PM,2/5/2026,
764,40.8,gf,2.985,mm,OK,--,7:25:35 PM,2/5/2026,
765,40.8,gf,2.985,mm,OK,--,7:25:35 PM,2/5/2026,
766,40.8,gf,2.985,mm,OK,--,7:25:35 PM,2/5/2026,
767,40.8,gf,2.985,mm,OK,--,7:25:35 PM,2/5/2026,
768,40.9,gf,2.990,mm,OK,--,7:25:36 PM,2/5/2026,
769,40.9,gf,2.990,mm,OK,--,7:25:36 PM,2/5/2026,
770,40.8,gf,2.995,mm,OK,--,7:25:36 PM,2/5/2026,
771,40.8,gf,3.000,mm,OK,--,7:25:36 PM,2/5/2026,
772,40.9,gf,3.005,mm,OK,--,7:25:36 PM,2/5/2026,
773,41.0,gf,3.010,mm,OK,--,7:25:36 PM,2/5/2026,
774,40.9,gf,3.010,mm,OK,--,7:25:36 PM,2/5/2026,
775,40.9,gf,3.015,mm,OK,--,7:25:36 PM,2/5/2026,
776,41.0,gf,3.020,mm,OK,--,7:25:36 PM,2/5/2026,
777,41.0,gf,3.025,mm,OK,--,7:25:36 PM,2/5/2026,
778,41.0,gf,3.030,mm,OK,--,7:25:37 PM,2/5/2026,
779,41.1,gf,3.035,mm,OK,--,7:25:37 PM,2/5/2026,
780,41.1,gf,3.040,mm,OK,--,7:25:37 PM,2/5/2026,
781,41.1,gf,3.045,mm,OK,--,7:25:37 PM,2/5/2026,
782,41.1,gf,3.050,mm,OK,--,7:25:37 PM,2/5/2026,
783,41.2,gf,3.055,mm,OK,--,7:25:37 PM,2/5/2026,
784,41.2,gf,3.060,mm,OK,--,7:25:37 PM,2/5/2026,
785,41.2,gf,3.065,mm,OK,--,7:25:37 PM,2/5/2026,
786,41.2,gf,3.070,mm,OK,--,7:25:37 PM,2/5/2026,
787,41.3,gf,3.075,mm,OK,--,7:25:37 PM,2/5/2026,
788,41.3,gf,3.080,mm,OK,--,7:25:38 PM,2/5/2026,
789,41.3,gf,3.085,mm,OK,--,7:25:38 PM,2/5/2026,
790,41.4,gf,3.090,mm,OK,--,7:25:38 PM,2/5/2026,
791,41.4,gf,3.090,mm,OK,--,7:25:38 PM,2/5/2026,
792,41.4,gf,3.095,mm,OK,--,7:25:38 PM,2/5/2026,
793,41.4,gf,3.095,mm,OK,--,7:25:38 PM,2/5/2026,
794,41.4,gf,3.095,mm,OK,--,7:25:38 PM,2/5/2026,
795,41.4,gf,3.095,mm,OK,--,7:25:38 PM,2/5/2026,
796,41.4,gf,3.100,mm,OK,--,7:25:38 PM,2/5/2026,
797,41.4,gf,3.100,mm,OK,--,7:25:38 PM,2/5/2026,
798,41.4,gf,3.100,mm,OK,--,7:25:39 PM,2/5/2026,
799,41.4,gf,3.105,mm,OK,--,7:25:39 PM,2/5/2026,
800,41.4,gf,3.105,mm,OK,--,7:25:39 PM,2/5/2026,
801,41.5,gf,3.105,mm,OK,--,7:25:39 PM,2/5/2026,
802,41.5,gf,3.110,mm,OK,--,7:25:39 PM,2/5/2026,
803,41.5,gf,3.110,mm,OK,--,7:25:39 PM,2/5/2026,
804,41.5,gf,3.115,mm,OK,--,7:25:39 PM,2/5/2026,
805,41.6,gf,3.120,mm,OK,--,7:25:39 PM,2/5/2026,
806,41.6,gf,3.120,mm,OK,--,7:25:39 PM,2/5/2026,
807,41.6,gf,3.125,mm,OK,--,7:25:39 PM,2/5/2026,
808,41.6,gf,3.130,mm,OK,--,7:25:40 PM,2/5/2026,
809,41.6,gf,3.130,mm,OK,--,7:25:40 PM,2/5/2026,
810,41.6,gf,3.135,mm,OK,--,7:25:40 PM,2/5/2026,
811,41.7,gf,3.140,mm,OK,--,7:25:40 PM,2/5/2026,
812,41.6,gf,3.145,mm,OK,--,7:25:40 PM,2/5/2026,
813,41.7,gf,3.150,mm,OK,--,7:25:40 PM,2/5/2026,
814,41.7,gf,3.150,mm,OK,--,7:25:40 PM,2/5/2026,
815,41.7,gf,3.155,mm,OK,--,7:25:40 PM,2/5/2026,
816,41.7,gf,3.160,mm,OK,--,7:25:40 PM,2/5/2026,
817,41.7,gf,3.165,mm,OK,--,7:25:40 PM,2/5/2026,
818,41.7,gf,3.165,mm,OK,--,7:25:41 PM,2/5/2026,
819,41.7,gf,3.165,mm,OK,--,7:25:41 PM,2/5/2026,
820,41.7,gf,3.170,mm,OK,--,7:25:41 PM,2/5/2026,
821,41.7,gf,3.175,mm,OK,--,7:25:41 PM,2/5/2026,
822,41.8,gf,3.180,mm,OK,--,7:25:41 PM,2/5/2026,
823,41.9,gf,3.185,mm,OK,--,7:25:41 PM,2/5/2026,
824,41.9,gf,3.190,mm,OK,--,7:25:41 PM,2/5/2026,
825,41.9,gf,3.190,mm,OK,--,7:25:41 PM,2/5/2026,
826,41.8,gf,3.190,mm,OK,--,7:25:41 PM,2/5/2026,
827,41.9,gf,3.195,mm,OK,--,7:25:41 PM,2/5/2026,
828,42.0,gf,3.200,mm,OK,--,7:25:42 PM,2/5/2026,
829,41.9,gf,3.205,mm,OK,--,7:25:42 PM,2/5/2026,
830,41.9,gf,3.205,mm,OK,--,7:25:42 PM,2/5/2026,
831,42.0,gf,3.210,mm,OK,--,7:25:42 PM,2/5/2026,
832,42.0,gf,3.215,mm,OK,--,7:25:42 PM,2/5/2026,
833,42.1,gf,3.215,mm,OK,--,7:25:42 PM,2/5/2026,
834,42.0,gf,3.220,mm,OK,--,7:25:42 PM,2/5/2026,
835,42.1,gf,3.225,mm,OK,--,7:25:42 PM,2/5/2026,
836,42.1,gf,3.225,mm,OK,--,7:25:42 PM,2/5/2026,
837,42.1,gf,3.230,mm,OK,--,7:25:42 PM,2/5/2026,
838,42.1,gf,3.230,mm,OK,--,7:25:43 PM,2/5/2026,
839,42.1,gf,3.235,mm,OK,--,7:25:43 PM,2/5/2026,
840,42.1,gf,3.240,mm,OK,--,7:25:43 PM,2/5/2026,
841,42.2,gf,3.245,mm,OK,--,7:25:43 PM,2/5/2026,
842,42.3,gf,3.250,mm,OK,--,7:25:43 PM,2/5/2026,
843,42.3,gf,3.255,mm,OK,--,7:25:43 PM,2/5/2026,
844,42.3,gf,3.260,mm,OK,--,7:25:43 PM,2/5/2026,
845,42.3,gf,3.265,mm,OK,--,7:25:43 PM,2/5/2026,
846,42.3,gf,3.270,mm,OK,--,7:25:43 PM,2/5/2026,
847,42.4,gf,3.275,mm,OK,--,7:25:43 PM,2/5/2026,
848,42.4,gf,3.280,mm,OK,--,7:25:44 PM,2/5/2026,
849,42.5,gf,3.285,mm,OK,--,7:25:44 PM,2/5/2026,
850,42.5,gf,3.290,mm,OK,--,7:25:44 PM,2/5/2026,
851,42.5,gf,3.295,mm,OK,--,7:25:44 PM,2/5/2026,
852,42.5,gf,3.295,mm,OK,--,7:25:44 PM,2/5/2026,
853,42.5,gf,3.305,mm,OK,--,7:25:44 PM,2/5/2026,
854,42.6,gf,3.310,mm,OK,--,7:25:44 PM,2/5/2026,
855,42.5,gf,3.310,mm,OK,--,7:25:44 PM,2/5/2026,
856,42.6,gf,3.315,mm,OK,--,7:25:44 PM,2/5/2026,
857,42.6,gf,3.320,mm,OK,--,7:25:44 PM,2/5/2026,
858,42.6,gf,3.320,mm,OK,--,7:25:45 PM,2/5/2026,
859,42.7,gf,3.325,mm,OK,--,7:25:45 PM,2/5/2026,
860,42.7,gf,3.325,mm,OK,--,7:25:45 PM,2/5/2026,
861,42.7,gf,3.330,mm,OK,--,7:25:45 PM,2/5/2026,
862,42.7,gf,3.330,mm,OK,--,7:25:45 PM,2/5/2026,
863,42.7,gf,3.335,mm,OK,--,7:25:45 PM,2/5/2026,
864,42.7,gf,3.335,mm,OK,--,7:25:45 PM,2/5/2026,
865,42.7,gf,3.335,mm,OK,--,7:25:45 PM,2/5/2026,
866,42.7,gf,3.340,mm,OK,--,7:25:45 PM,2/5/2026,
867,43.3,gf,3.345,mm,OK,--,7:25:45 PM,2/5/2026,
868,44.1,gf,3.345,mm,OK,--,7:25:46 PM,2/5/2026,
869,44.8,gf,3.350,mm,OK,--,7:25:46 PM,2/5/2026,
870,45.4,gf,3.355,mm,OK,--,7:25:46 PM,2/5/2026,
871,46.4,gf,3.355,mm,OK,--,7:25:46 PM,2/5/2026,
872,47.3,gf,3.360,mm,OK,--,7:25:46 PM,2/5/2026,
873,48.3,gf,3.365,mm,OK,--,7:25:46 PM,2/5/2026,
874,49.2,gf,3.370,mm,OK,--,7:25:46 PM,2/5/2026,
875,50.0,gf,3.375,mm,OK,--,7:25:46 PM,2/5/2026,
876,50.8,gf,3.380,mm,OK,--,7:25:46 PM,2/5/2026,
877,51.7,gf,3.385,mm,OK,--,7:25:46 PM,2/5/2026,
878,52.6,gf,3.390,mm,OK,--,7:25:47 PM,2/5/2026,
879,53.5,gf,3.395,mm,OK,--,7:25:47 PM,2/5/2026,
880,54.3,gf,3.400,mm,OK,--,7:25:47 PM,2/5/2026,
881,55.1,gf,3.405,mm,OK,--,7:25:47 PM,2/5/2026,
882,56.1,gf,3.410,mm,OK,--,7:25:47 PM,2/5/2026,
883,57.0,gf,3.410,mm,OK,--,7:25:47 PM,2/5/2026,
884,58.0,gf,3.415,mm,OK,--,7:25:47 PM,2/5/2026,
885,58.8,gf,3.420,mm,OK,--,7:25:47 PM,2/5/2026,
886,55.6,gf,3.425,mm,OK,--,7:25:47 PM,2/5/2026,
887,56.8,gf,3.425,mm,OK,--,7:25:47 PM,2/5/2026,
888,57.6,gf,3.430,mm,OK,--,7:25:48 PM,2/5/2026,
889,58.6,gf,3.435,mm,OK,--,7:25:48 PM,2/5/2026,
890,59.7,gf,3.440,mm,OK,--,7:25:48 PM,2/5/2026,
891,60.4,gf,3.440,mm,OK,--,7:25:48 PM,2/5/2026,
892,60.8,gf,3.445,mm,OK,--,7:25:48 PM,2/5/2026,
893,61.2,gf,3.445,mm,OK,--,7:25:48 PM,2/5/2026,
894,61.5,gf,3.445,mm,OK,--,7:25:48 PM,2/5/2026,
895,61.9,gf,3.450,mm,OK,--,7:25:48 PM,2/5/2026,
896,62.2,gf,3.450,mm,OK,--,7:25:48 PM,2/5/2026,
897,62.8,gf,3.450,mm,OK,--,7:25:48 PM,2/5/2026,
898,63.3,gf,3.455,mm,OK,--,7:25:49 PM,2/5/2026,
899,63.9,gf,3.455,mm,OK,--,7:25:49 PM,2/5/2026,
900,64.6,gf,3.455,mm,OK,--,7:25:49 PM,2/5/2026,
901,65.3,gf,3.460,mm,OK,--,7:25:49 PM,2/5/2026,
902,66.1,gf,3.460,mm,OK,--,7:25:49 PM,2/5/2026,
903,66.8,gf,3.465,mm,OK,--,7:25:49 PM,2/5/2026,
904,67.7,gf,3.465,mm,OK,--,7:25:49 PM,2/5/2026,
905,68.7,gf,3.470,mm,OK,--,7:25:49 PM,2/5/2026,
906,69.6,gf,3.470,mm,OK,--,7:25:49 PM,2/5/2026,
907,70.4,gf,3.470,mm,OK,--,7:25:49 PM,2/5/2026,
908,71.1,gf,3.475,mm,OK,--,7:25:50 PM,2/5/2026,
909,71.9,gf,3.475,mm,OK,--,7:25:50 PM,2/5/2026,
910,72.8,gf,3.480,mm,OK,--,7:25:50 PM,2/5/2026,
911,73.6,gf,3.480,mm,OK,--,7:25:50 PM,2/5/2026,
912,74.5,gf,3.485,mm,OK,--,7:25:50 PM,2/5/2026,
913,75.3,gf,3.485,mm,OK,--,7:25:50 PM,2/5/2026,
914,76.0,gf,3.490,mm,OK,--,7:25:50 PM,2/5/2026,
915,76.6,gf,3.490,mm,OK,--,7:25:50 PM,2/5/2026,
916,77.1,gf,3.490,mm,OK,--,7:25:50 PM,2/5/2026,
917,77.6,gf,3.490,mm,OK,--,7:25:50 PM,2/5/2026,
918,78.2,gf,3.495,mm,OK,--,7:25:51 PM,2/5/2026,
919,78.7,gf,3.495,mm,OK,--,7:25:51 PM,2/5/2026,
920,79.4,gf,3.495,mm,OK,--,7:25:51 PM,2/5/2026,
921,79.9,gf,3.500,mm,OK,--,7:25:51 PM,2/5/2026,
922,80.3,gf,3.500,mm,OK,--,7:25:51 PM,2/5/2026,
923,80.7,gf,3.500,mm,OK,--,7:25:51 PM,2/5/2026,
924,81.2,gf,3.500,mm,OK,--,7:25:51 PM,2/5/2026,
925,81.8,gf,3.505,mm,OK,--,7:25:51 PM,2/5/2026,
926,82.5,gf,3.505,mm,OK,--,7:25:51 PM,2/5/2026,
927,83.0,gf,3.505,mm,OK,--,7:25:51 PM,2/5/2026,
928,83.4,gf,3.510,mm,OK,--,7:25:52 PM,2/5/2026,
929,83.9,gf,3.510,mm,OK,--,7:25:52 PM,2/5/2026,
930,84.4,gf,3.510,mm,OK,--,7:25:52 PM,2/5/2026,
931,84.9,gf,3.510,mm,OK,--,7:25:52 PM,2/5/2026,
932,85.5,gf,3.515,mm,OK,--,7:25:52 PM,2/5/2026,
933,86.2,gf,3.515,mm,OK,--,7:25:52 PM,2/5/2026,
934,87.2,gf,3.520,mm,OK,--,7:25:52 PM,2/5/2026,
935,88.1,gf,3.520,mm,OK,--,7:25:52 PM,2/5/2026,
936,89.2,gf,3.525,mm,OK,--,7:25:52 PM,2/5/2026,
937,90.4,gf,3.525,mm,OK,--,7:25:52 PM,2/5/2026,
938,91.5,gf,3.530,mm,OK,--,7:25:53 PM,2/5/2026,
939,92.5,gf,3.530,mm,OK,--,7:25:53 PM,2/5/2026,
940,93.6,gf,3.535,mm,OK,--,7:25:53 PM,2/5/2026,
941,94.7,gf,3.540,mm,OK,--,7:25:53 PM,2/5/2026,
942,96.1,gf,3.540,mm,OK,--,7:25:53 PM,2/5/2026,
943,97.6,gf,3.545,mm,OK,--,7:25:53 PM,2/5/2026,
944,98.8,gf,3.550,mm,OK,--,7:25:53 PM,2/5/2026,
945,100.1,gf,3.555,mm,OK,--,7:25:53 PM,2/5/2026,
946,101.1,gf,3.555,mm,OK,--,7:25:53 PM,2/5/2026,
947,102.2,gf,3.560,mm,OK,--,7:25:53 PM,2/5/2026,
948,103.8,gf,3.565,mm,OK,--,7:25:54 PM,2/5/2026,
949,105.4,gf,3.570,mm,OK,--,7:25:54 PM,2/5/2026,
950,107.0,gf,3.575,mm,OK,--,7:25:54 PM,2/5/2026,
951,108.5,gf,3.575,mm,OK,--,7:25:54 PM,2/5/2026,
952,109.7,gf,3.580,mm,OK,--,7:25:54 PM,2/5/2026,
953,110.9,gf,3.585,mm,OK,--,7:25:54 PM,2/5/2026,
954,111.8,gf,3.585,mm,OK,--,7:25:54 PM,2/5/2026,
955,112.7,gf,3.590,mm,OK,--,7:25:54 PM,2/5/2026,
956,113.7,gf,3.590,mm,OK,--,7:25:54 PM,2/5/2026,
957,114.7,gf,3.595,mm,OK,--,7:25:54 PM,2/5/2026,
958,115.8,gf,3.595,mm,OK,--,7:25:55 PM,2/5/2026,
959,116.5,gf,3.600,mm,OK,--,7:25:55 PM,2/5/2026,
960,117.0,gf,3.600,mm,OK,--,7:25:55 PM,2/5/2026,
961,117.4,gf,3.600,mm,OK,--,7:25:55 PM,2/5/2026,
962,118.1,gf,3.605,mm,OK,--,7:25:55 PM,2/5/2026,
963,118.7,gf,3.605,mm,OK,--,7:25:55 PM,2/5/2026,
964,119.2,gf,3.605,mm,OK,--,7:25:55 PM,2/5/2026,
965,119.6,gf,3.610,mm,OK,--,7:25:55 PM,2/5/2026,
966,119.8,gf,3.610,mm,OK,--,7:25:55 PM,2/5/2026,
967,120.1,gf,3.610,mm,OK,--,7:25:55 PM,2/5/2026,
968,120.4,gf,3.610,mm,OK,--,7:25:56 PM,2/5/2026,
969,120.7,gf,3.610,mm,OK,--,7:25:56 PM,2/5/2026,
970,121.2,gf,3.615,mm,OK,--,7:25:56 PM,2/5/2026,
971,121.7,gf,3.615,mm,OK,--,7:25:56 PM,2/5/2026,
972,122.2,gf,3.615,mm,OK,--,7:25:56 PM,2/5/2026,
973,122.8,gf,3.615,mm,OK,--,7:25:56 PM,2/5/2026,
974,123.5,gf,3.620,mm,OK,--,7:25:56 PM,2/5/2026,
975,124.2,gf,3.620,mm,OK,--,7:25:56 PM,2/5/2026,
976,125.1,gf,3.625,mm,OK,--,7:25:56 PM,2/5/2026,
977,125.9,gf,3.625,mm,OK,--,7:25:56 PM,2/5/2026,
978,126.7,gf,3.630,mm,OK,--,7:25:57 PM,2/5/2026,
979,127.4,gf,3.630,mm,OK,--,7:25:57 PM,2/5/2026,
980,128.1,gf,3.635,mm,OK,--,7:25:57 PM,2/5/2026,
981,128.9,gf,3.635,mm,OK,--,7:25:57 PM,2/5/2026,
982,129.6,gf,3.635,mm,OK,--,7:25:57 PM,2/5/2026,
983,130.2,gf,3.640,mm,OK,--,7:25:57 PM,2/5/2026,
984,130.7,gf,3.640,mm,OK,--,7:25:57 PM,2/5/2026,
985,131.2,gf,3.640,mm,OK,--,7:25:57 PM,2/5/2026,
986,131.8,gf,3.645,mm,OK,--,7:25:57 PM,2/5/2026,
987,132.3,gf,3.645,mm,OK,--,7:25:57 PM,2/5/2026,
988,132.8,gf,3.645,mm,OK,--,7:25:58 PM,2/5/2026,
989,133.3,gf,3.650,mm,OK,--,7:25:58 PM,2/5/2026,
990,133.6,gf,3.650,mm,OK,--,7:25:58 PM,2/5/2026,
991,133.8,gf,3.650,mm,OK,--,7:25:58 PM,2/5/2026,
992,134.2,gf,3.650,mm,OK,--,7:25:58 PM,2/5/2026,
993,134.4,gf,3.650,mm,OK,--,7:25:58 PM,2/5/2026,
994,134.7,gf,3.650,mm,OK,--,7:25:58 PM,2/5/2026,
995,134.9,gf,3.655,mm,OK,--,7:25:58 PM,2/5/2026,
996,135.2,gf,3.655,mm,OK,--,7:25:58 PM,2/5/2026,
997,135.4,gf,3.655,mm,OK,--,7:25:58 PM,2/5/2026,
998,135.5,gf,3.655,mm,OK,--,7:25:59 PM,2/5/2026,
999,135.8,gf,3.655,mm,OK,--,7:25:59 PM,2/5/2026,
1000,136.1,gf,3.655,mm,OK,--,7:25:59 PM,2/5/2026,
1001,136.4,gf,3.655,mm,OK,--,7:25:59 PM,2/5/2026,
1002,136.8,gf,3.660,mm,OK,--,7:25:59 PM,2/5/2026,
1003,137.3,gf,3.660,mm,OK,--,7:25:59 PM,2/5/2026,
1004,137.8,gf,3.660,mm,OK,--,7:25:59 PM,2/5/2026,
1005,138.5,gf,3.665,mm,OK,--,7:25:59 PM,2/5/2026,
1006,139.2,gf,3.665,mm,OK,--,7:25:59 PM,2/5/2026,
1007,140.0,gf,3.665,mm,OK,--,7:25:59 PM,2/5/2026,
1008,140.7,gf,3.670,mm,OK,--,7:26:00 PM,2/5/2026,
1009,141.3,gf,3.670,mm,OK,--,7:26:00 PM,2/5/2026,
1010,142.0,gf,3.675,mm,OK,--,7:26:00 PM,2/5/2026,
1011,142.7,gf,3.675,mm,OK,--,7:26:00 PM,2/5/2026,
1012,143.6,gf,3.675,mm,OK,--,7:26:00 PM,2/5/2026,
1013,144.4,gf,3.680,mm,OK,--,7:26:00 PM,2/5/2026,
1014,145.4,gf,3.680,mm,OK,--,7:26:00 PM,2/5/2026,
1015,146.4,gf,3.685,mm,OK,--,7:26:00 PM,2/5/2026,
1016,147.4,gf,3.690,mm,OK,--,7:26:00 PM,2/5/2026,
1017,148.5,gf,3.690,mm,OK,--,7:26:00 PM,2/5/2026,
1018,149.8,gf,3.695,mm,OK,--,7:26:01 PM,2/5/2026,
1019,151.0,gf,3.700,mm,OK,--,7:26:01 PM,2/5/2026,
1020,152.3,gf,3.700,mm,OK,--,7:26:01 PM,2/5/2026,
1021,153.5,gf,3.705,mm,OK,--,7:26:01 PM,2/5/2026,
1022,154.6,gf,3.710,mm,OK,--,7:26:01 PM,2/5/2026,
1023,156.3,gf,3.715,mm,OK,--,7:26:01 PM,2/5/2026,
1024,158.4,gf,3.720,mm,OK,--,7:26:01 PM,2/5/2026,
1025,160.1,gf,3.725,mm,OK,--,7:26:01 PM,2/5/2026,
1026,161.6,gf,3.730,mm,OK,--,7:26:01 PM,2/5/2026,
1027,163.3,gf,3.735,mm,OK,--,7:26:01 PM,2/5/2026,
1028,164.8,gf,3.740,mm,OK,--,7:26:02 PM,2/5/2026,
1029,166.3,gf,3.740,mm,OK,--,7:26:02 PM,2/5/2026,
1030,168.5,gf,3.745,mm,OK,--,7:26:02 PM,2/5/2026,
1031,170.6,gf,3.750,mm,OK,--,7:26:02 PM,2/5/2026,
1032,172.4,gf,3.755,mm,OK,--,7:26:02 PM,2/5/2026,
1033,173.7,gf,3.755,mm,OK,--,7:26:02 PM,2/5/2026,
1034,175.1,gf,3.760,mm,OK,--,7:26:02 PM,2/5/2026,
1035,177.0,gf,3.765,mm,OK,--,7:26:02 PM,2/5/2026,
1036,179.4,gf,3.770,mm,OK,--,7:26:02 PM,2/5/2026,
1037,181.7,gf,3.770,mm,OK,--,7:26:02 PM,2/5/2026,
1038,183.7,gf,3.775,mm,OK,--,7:26:03 PM,2/5/2026,
1039,185.2,gf,3.780,mm,OK,--,7:26:03 PM,2/5/2026,
1040,186.4,gf,3.780,mm,OK,--,7:26:03 PM,2/5/2026,
1041,187.5,gf,3.785,mm,OK,--,7:26:03 PM,2/5/2026,
1042,188.3,gf,3.785,mm,OK,--,7:26:03 PM,2/5/2026,
1043,188.8,gf,3.785,mm,OK,--,7:26:03 PM,2/5/2026,
1044,189.8,gf,3.790,mm,OK,--,7:26:03 PM,2/5/2026,
1045,190.9,gf,3.790,mm,OK,--,7:26:03 PM,2/5/2026,
1046,191.5,gf,3.795,mm,OK,--,7:26:03 PM,2/5/2026,
1047,191.7,gf,3.795,mm,OK,--,7:26:03 PM,2/5/2026,
1048,191.7,gf,3.795,mm,OK,--,7:26:04 PM,2/5/2026,
1049,191.6,gf,3.795,mm,OK,--,7:26:04 PM,2/5/2026,
1050,191.4,gf,3.795,mm,OK,--,7:26:04 PM,2/5/2026,
1051,191.3,gf,3.795,mm,OK,--,7:26:04 PM,2/5/2026,
1052,191.2,gf,3.795,mm,OK,--,7:26:04 PM,2/5/2026,
1053,191.2,gf,3.795,mm,OK,--,7:26:04 PM,2/5/2026,
1054,191.2,gf,3.795,mm,OK,--,7:26:04 PM,2/5/2026,
1055,191.1,gf,3.795,mm,OK,--,7:26:04 PM,2/5/2026,
1056,191.0,gf,3.795,mm,OK,--,7:26:04 PM,2/5/2026,
1057,191.0,gf,3.795,mm,OK,--,7:26:04 PM,2/5/2026,
1058,190.9,gf,3.795,mm,OK,--,7:26:05 PM,2/5/2026,
1059,190.8,gf,3.795,mm,OK,--,7:26:05 PM,2/5/2026,
1060,190.9,gf,3.795,mm,OK,--,7:26:05 PM,2/5/2026,
1061,190.8,gf,3.795,mm,OK,--,7:26:05 PM,2/5/2026,
1062,190.8,gf,3.795,mm,OK,--,7:26:05 PM,2/5/2026,
1063,190.7,gf,3.795,mm,OK,--,7:26:05 PM,2/5/2026,
1064,190.6,gf,3.795,mm,OK,--,7:26:05 PM,2/5/2026,
1065,190.7,gf,3.795,mm,OK,--,7:26:05 PM,2/5/2026,
1066,190.6,gf,3.795,mm,OK,--,7:26:05 PM,2/5/2026,
1067,190.6,gf,3.795,mm,OK,--,7:26:05 PM,2/5/2026,
1068,190.4,gf,3.795,mm,OK,--,7:26:06 PM,2/5/2026,
1069,190.2,gf,3.795,mm,OK,--,7:26:06 PM,2/5/2026,
1070,190.0,gf,3.795,mm,OK,--,7:26:06 PM,2/5/2026,
1071,189.7,gf,3.795,mm,OK,--,7:26:06 PM,2/5/2026,
1072,189.7,gf,3.795,mm,OK,--,7:26:06 PM,2/5/2026,
1073,189.5,gf,3.795,mm,OK,--,7:26:06 PM,2/5/2026,
1074,189.4,gf,3.795,mm,OK,--,7:26:06 PM,2/5/2026,
1075,188.9,gf,3.795,mm,OK,--,7:26:06 PM,2/5/2026,
1076,188.1,gf,3.790,mm,OK,--,7:26:06 PM,2/5/2026,
1077,186.6,gf,3.790,mm,OK,--,7:26:06 PM,2/5/2026,
1078,184.5,gf,3.790,mm,OK,--,7:26:07 PM,2/5/2026,
1079,183.1,gf,3.785,mm,OK,--,7:26:07 PM,2/5/2026,
1080,182.1,gf,3.785,mm,OK,--,7:26:07 PM,2/5/2026,
1081,181.2,gf,3.785,mm,OK,--,7:26:07 PM,2/5/2026,
1082,180.4,gf,3.780,mm,OK,--,7:26:07 PM,2/5/2026,
1083,179.9,gf,3.780,mm,OK,--,7:26:07 PM,2/5/2026,
1084,179.4,gf,3.780,mm,OK,--,7:26:07 PM,2/5/2026,
1085,178.9,gf,3.780,mm,OK,--,7:26:07 PM,2/5/2026,
1086,178.4,gf,3.780,mm,OK,--,7:26:07 PM,2/5/2026,
1087,177.8,gf,3.775,mm,OK,--,7:26:07 PM,2/5/2026,
1088,177.0,gf,3.775,mm,OK,--,7:26:08 PM,2/5/2026,
1089,176.0,gf,3.775,mm,OK,--,7:26:08 PM,2/5/2026,
1090,175.1,gf,3.770,mm,OK,--,7:26:08 PM,2/5/2026,
1091,174.3,gf,3.770,mm,OK,--,7:26:08 PM,2/5/2026,
1092,173.6,gf,3.770,mm,OK,--,7:26:08 PM,2/5/2026,
1093,173.1,gf,3.770,mm,OK,--,7:26:08 PM,2/5/2026,
1094,172.4,gf,3.765,mm,OK,--,7:26:08 PM,2/5/2026,
1095,171.7,gf,3.765,mm,OK,--,7:26:08 PM,2/5/2026,
1096,171.1,gf,3.765,mm,OK,--,7:26:08 PM,2/5/2026,
1097,170.7,gf,3.765,mm,OK,--,7:26:08 PM,2/5/2026,
1098,170.3,gf,3.765,mm,OK,--,7:26:09 PM,2/5/2026,
1099,169.8,gf,3.760,mm,OK,--,7:26:09 PM,2/5/2026,
1100,169.3,gf,3.760,mm,OK,--,7:26:09 PM,2/5/2026,
1101,168.8,gf,3.760,mm,OK,--,7:26:09 PM,2/5/2026,
1102,168.2,gf,3.760,mm,OK,--,7:26:09 PM,2/5/2026,
1103,167.5,gf,3.760,mm,OK,--,7:26:09 PM,2/5/2026,
1104,166.9,gf,3.755,mm,OK,--,7:26:09 PM,2/5/2026,
1105,166.5,gf,3.755,mm,OK,--,7:26:09 PM,2/5/2026,
1106,166.1,gf,3.755,mm,OK,--,7:26:09 PM,2/5/2026,
1107,165.9,gf,3.755,mm,OK,--,7:26:09 PM,2/5/2026,
1108,165.8,gf,3.755,mm,OK,--,7:26:10 PM,2/5/2026,
1109,165.7,gf,3.755,mm,OK,--,7:26:10 PM,2/5/2026,
1110,165.4,gf,3.755,mm,OK,--,7:26:10 PM,2/5/2026,
1111,165.2,gf,3.755,mm,OK,--,7:26:10 PM,2/5/2026,
1112,165.1,gf,3.755,mm,OK,--,7:26:10 PM,2/5/2026,
1113,164.3,gf,3.755,mm,OK,--,7:26:10 PM,2/5/2026,
1114,163.0,gf,3.750,mm,OK,--,7:26:10 PM,2/5/2026,
1115,162.4,gf,3.750,mm,OK,--,7:26:10 PM,2/5/2026,
1116,162.1,gf,3.750,mm,OK,--,7:26:10 PM,2/5/2026,
1117,161.6,gf,3.745,mm,OK,--,7:26:10 PM,2/5/2026,
1118,161.0,gf,3.745,mm,OK,--,7:26:11 PM,2/5/2026,
1119,160.6,gf,3.745,mm,OK,--,7:26:11 PM,2/5/2026,
1120,160.1,gf,3.745,mm,OK,--,7:26:11 PM,2/5/2026,
1121,159.6,gf,3.745,mm,OK,--,7:26:11 PM,2/5/2026,
1122,159.0,gf,3.740,mm,OK,--,7:26:11 PM,2/5/2026,
1123,158.4,gf,3.740,mm,OK,--,7:26:11 PM,2/5/2026,
1124,157.4,gf,3.740,mm,OK,--,7:26:11 PM,2/5/2026,
1125,156.1,gf,3.735,mm,OK,--,7:26:11 PM,2/5/2026,
1126,155.0,gf,3.735,mm,OK,--,7:26:11 PM,2/5/2026,
1127,154.1,gf,3.730,mm,OK,--,7:26:11 PM,2/5/2026,
1128,153.5,gf,3.730,mm,OK,--,7:26:12 PM,2/5/2026,
1129,152.8,gf,3.730,mm,OK,--,7:26:12 PM,2/5/2026,
1130,152.2,gf,3.725,mm,OK,--,7:26:12 PM,2/5/2026,
1131,151.5,gf,3.725,mm,OK,--,7:26:12 PM,2/5/2026,
1132,150.8,gf,3.720,mm,OK,--,7:26:12 PM,2/5/2026,
1133,149.9,gf,3.720,mm,OK,--,7:26:12 PM,2/5/2026,
1134,149.0,gf,3.715,mm,OK,--,7:26:12 PM,2/5/2026,
1135,148.4,gf,3.715,mm,OK,--,7:26:12 PM,2/5/2026,
1136,147.7,gf,3.715,mm,OK,--,7:26:12 PM,2/5/2026,
1137,146.7,gf,3.710,mm,OK,--,7:26:12 PM,2/5/2026,
1138,145.7,gf,3.710,mm,OK,--,7:26:13 PM,2/5/2026,
1139,144.6,gf,3.705,mm,OK,--,7:26:13 PM,2/5/2026,
1140,143.4,gf,3.700,mm,OK,--,7:26:13 PM,2/5/2026,
1141,142.3,gf,3.700,mm,OK,--,7:26:13 PM,2/5/2026,
1142,141.3,gf,3.695,mm,OK,--,7:26:13 PM,2/5/2026,
1143,140.2,gf,3.690,mm,OK,--,7:26:13 PM,2/5/2026,
1144,139.3,gf,3.690,mm,OK,--,7:26:13 PM,2/5/2026,
1145,138.1,gf,3.685,mm,OK,--,7:26:13 PM,2/5/2026,
1146,136.7,gf,3.685,mm,OK,--,7:26:13 PM,2/5/2026,
1147,135.2,gf,3.680,mm,OK,--,7:26:13 PM,2/5/2026,
1148,133.7,gf,3.675,mm,OK,--,7:26:14 PM,2/5/2026,
1149,132.1,gf,3.670,mm,OK,--,7:26:14 PM,2/5/2026,
1150,129.9,gf,3.665,mm,OK,--,7:26:14 PM,2/5/2026,
1151,127.7,gf,3.660,mm,OK,--,7:26:14 PM,2/5/2026,
1152,126.1,gf,3.655,mm,OK,--,7:26:14 PM,2/5/2026,
1153,124.4,gf,3.650,mm,OK,--,7:26:14 PM,2/5/2026,
1154,123.0,gf,3.645,mm,OK,--,7:26:14 PM,2/5/2026,
1155,121.6,gf,3.640,mm,OK,--,7:26:14 PM,2/5/2026,
1156,120.2,gf,3.640,mm,OK,--,7:26:14 PM,2/5/2026,
1157,119.2,gf,3.635,mm,OK,--,7:26:14 PM,2/5/2026,
1158,118.2,gf,3.630,mm,OK,--,7:26:15 PM,2/5/2026,
1159,117.0,gf,3.630,mm,OK,--,7:26:15 PM,2/5/2026,
1160,115.7,gf,3.625,mm,OK,--,7:26:15 PM,2/5/2026,
1161,114.4,gf,3.620,mm,OK,--,7:26:15 PM,2/5/2026,
1162,113.3,gf,3.620,mm,OK,--,7:26:15 PM,2/5/2026,
1163,112.1,gf,3.615,mm,OK,--,7:26:15 PM,2/5/2026,
1164,111.1,gf,3.610,mm,OK,--,7:26:15 PM,2/5/2026,
1165,110.0,gf,3.610,mm,OK,--,7:26:15 PM,2/5/2026,
1166,109.4,gf,3.605,mm,OK,--,7:26:15 PM,2/5/2026,
1167,108.6,gf,3.605,mm,OK,--,7:26:15 PM,2/5/2026,
1168,107.9,gf,3.605,mm,OK,--,7:26:16 PM,2/5/2026,
1169,106.9,gf,3.600,mm,OK,--,7:26:16 PM,2/5/2026,
1170,106.3,gf,3.600,mm,OK,--,7:26:16 PM,2/5/2026,
1171,105.8,gf,3.595,mm,OK,--,7:26:16 PM,2/5/2026,
1172,105.2,gf,3.595,mm,OK,--,7:26:16 PM,2/5/2026,
1173,104.7,gf,3.595,mm,OK,--,7:26:16 PM,2/5/2026,
1174,104.2,gf,3.595,mm,OK,--,7:26:16 PM,2/5/2026,
1175,103.7,gf,3.590,mm,OK,--,7:26:16 PM,2/5/2026,
1176,103.1,gf,3.590,mm,OK,--,7:26:16 PM,2/5/2026,
1177,102.9,gf,3.590,mm,OK,--,7:26:16 PM,2/5/2026,
1178,102.6,gf,3.590,mm,OK,--,7:26:17 PM,2/5/2026,
1179,102.1,gf,3.585,mm,OK,--,7:26:17 PM,2/5/2026,
1180,101.4,gf,3.585,mm,OK,--,7:26:17 PM,2/5/2026,
1181,100.8,gf,3.585,mm,OK,--,7:26:17 PM,2/5/2026,
1182,100.1,gf,3.580,mm,OK,--,7:26:17 PM,2/5/2026,
1183,99.4,gf,3.580,mm,OK,--,7:26:17 PM,2/5/2026,
1184,98.7,gf,3.580,mm,OK,--,7:26:17 PM,2/5/2026,
1185,98.1,gf,3.575,mm,OK,--,7:26:17 PM,2/5/2026,
1186,97.3,gf,3.575,mm,OK,--,7:26:17 PM,2/5/2026,
1187,96.5,gf,3.570,mm,OK,--,7:26:17 PM,2/5/2026,
1188,95.7,gf,3.570,mm,OK,--,7:26:18 PM,2/5/2026,
1189,95.0,gf,3.565,mm,OK,--,7:26:18 PM,2/5/2026,
1190,94.2,gf,3.565,mm,OK,--,7:26:18 PM,2/5/2026,
1191,93.1,gf,3.560,mm,OK,--,7:26:18 PM,2/5/2026,
1192,92.1,gf,3.560,mm,OK,--,7:26:18 PM,2/5/2026,
1193,91.3,gf,3.555,mm,OK,--,7:26:18 PM,2/5/2026,
1194,90.5,gf,3.555,mm,OK,--,7:26:18 PM,2/5/2026,
1195,89.6,gf,3.550,mm,OK,--,7:26:18 PM,2/5/2026,
1196,88.7,gf,3.550,mm,OK,--,7:26:18 PM,2/5/2026,
1197,87.8,gf,3.545,mm,OK,--,7:26:18 PM,2/5/2026,
1198,86.8,gf,3.545,mm,OK,--,7:26:19 PM,2/5/2026,
1199,85.3,gf,3.540,mm,OK,--,7:26:19 PM,2/5/2026,
1200,84.0,gf,3.535,mm,OK,--,7:26:19 PM,2/5/2026,
1201,82.8,gf,3.535,mm,OK,--,7:26:19 PM,2/5/2026,
1202,81.5,gf,3.530,mm,OK,--,7:26:19 PM,2/5/2026,
1203,80.4,gf,3.525,mm,OK,--,7:26:19 PM,2/5/2026,
1204,79.3,gf,3.525,mm,OK,--,7:26:19 PM,2/5/2026,
1205,78.3,gf,3.520,mm,OK,--,7:26:19 PM,2/5/2026,
1206,77.3,gf,3.515,mm,OK,--,7:26:19 PM,2/5/2026,
1207,76.2,gf,3.515,mm,OK,--,7:26:19 PM,2/5/2026,
1208,75.4,gf,3.510,mm,OK,--,7:26:20 PM,2/5/2026,
1209,74.8,gf,3.510,mm,OK,--,7:26:20 PM,2/5/2026,
1210,74.3,gf,3.510,mm,OK,--,7:26:20 PM,2/5/2026,
1211,73.7,gf,3.505,mm,OK,--,7:26:20 PM,2/5/2026,
1212,73.1,gf,3.505,mm,OK,--,7:26:20 PM,2/5/2026,
1213,72.2,gf,3.505,mm,OK,--,7:26:20 PM,2/5/2026,
1214,71.4,gf,3.500,mm,OK,--,7:26:20 PM,2/5/2026,
1215,70.9,gf,3.500,mm,OK,--,7:26:20 PM,2/5/2026,
1216,70.3,gf,3.500,mm,OK,--,7:26:20 PM,2/5/2026,
1217,69.8,gf,3.495,mm,OK,--,7:26:20 PM,2/5/2026,
1218,69.4,gf,3.495,mm,OK,--,7:26:21 PM,2/5/2026,
1219,68.8,gf,3.495,mm,OK,--,7:26:21 PM,2/5/2026,
1220,68.4,gf,3.495,mm,OK,--,7:26:21 PM,2/5/2026,
1221,67.9,gf,3.490,mm,OK,--,7:26:21 PM,2/5/2026,
1222,67.2,gf,3.490,mm,OK,--,7:26:21 PM,2/5/2026,
1223,66.4,gf,3.485,mm,OK,--,7:26:21 PM,2/5/2026,
1224,65.7,gf,3.485,mm,OK,--,7:26:21 PM,2/5/2026,
1225,65.0,gf,3.485,mm,OK,--,7:26:21 PM,2/5/2026,
1226,64.4,gf,3.480,mm,OK,--,7:26:21 PM,2/5/2026,
1227,63.8,gf,3.480,mm,OK,--,7:26:21 PM,2/5/2026,
1228,62.9,gf,3.475,mm,OK,--,7:26:22 PM,2/5/2026,
1229,62.0,gf,3.475,mm,OK,--,7:26:22 PM,2/5/2026,
1230,61.1,gf,3.470,mm,OK,--,7:26:22 PM,2/5/2026,
1231,60.6,gf,3.470,mm,OK,--,7:26:22 PM,2/5/2026,
1232,59.9,gf,3.470,mm,OK,--,7:26:22 PM,2/5/2026,
1233,59.4,gf,3.465,mm,OK,--,7:26:22 PM,2/5/2026,
1234,59.1,gf,3.465,mm,OK,--,7:26:22 PM,2/5/2026,
1235,58.4,gf,3.460,mm,OK,--,7:26:22 PM,2/5/2026,
1236,57.7,gf,3.455,mm,OK,--,7:26:22 PM,2/5/2026,
1237,57.0,gf,3.455,mm,OK,--,7:26:22 PM,2/5/2026,
1238,56.3,gf,3.450,mm,OK,--,7:26:23 PM,2/5/2026,
1239,55.5,gf,3.445,mm,OK,--,7:26:23 PM,2/5/2026,
1240,54.9,gf,3.440,mm,OK,--,7:26:23 PM,2/5/2026,
1241,54.1,gf,3.440,mm,OK,--,7:26:23 PM,2/5/2026,
1242,53.3,gf,3.435,mm,OK,--,7:26:23 PM,2/5/2026,
1243,52.4,gf,3.430,mm,OK,--,7:26:23 PM,2/5/2026,
1244,51.3,gf,3.425,mm,OK,--,7:26:23 PM,2/5/2026,
1245,50.4,gf,3.415,mm,OK,--,7:26:23 PM,2/5/2026,
1246,49.4,gf,3.410,mm,OK,--,7:26:23 PM,2/5/2026,
1247,48.7,gf,3.410,mm,OK,--,7:26:23 PM,2/5/2026,
1248,47.9,gf,3.405,mm,OK,--,7:26:24 PM,2/5/2026,
1249,47.2,gf,3.400,mm,OK,--,7:26:24 PM,2/5/2026,
1250,46.4,gf,3.395,mm,OK,--,7:26:24 PM,2/5/2026,
1251,45.9,gf,3.390,mm,OK,--,7:26:24 PM,2/5/2026,
1252,45.2,gf,3.385,mm,OK,--,7:26:24 PM,2/5/2026,
1253,44.4,gf,3.385,mm,OK,--,7:26:24 PM,2/5/2026,
1254,43.8,gf,3.380,mm,OK,--,7:26:24 PM,2/5/2026,
1255,43.2,gf,3.375,mm,OK,--,7:26:24 PM,2/5/2026,
1256,42.7,gf,3.375,mm,OK,--,7:26:24 PM,2/5/2026,
1257,42.7,gf,3.370,mm,OK,--,7:26:24 PM,2/5/2026,
1258,42.6,gf,3.370,mm,OK,--,7:26:25 PM,2/5/2026,
1259,42.6,gf,3.365,mm,OK,--,7:26:25 PM,2/5/2026,
1260,42.6,gf,3.365,mm,OK,--,7:26:25 PM,2/5/2026,
1261,42.6,gf,3.360,mm,OK,--,7:26:25 PM,2/5/2026,
1262,42.6,gf,3.360,mm,OK,--,7:26:25 PM,2/5/2026,
1263,42.6,gf,3.355,mm,OK,--,7:26:25 PM,2/5/2026,
1264,42.6,gf,3.350,mm,OK,--,7:26:25 PM,2/5/2026,
1265,42.5,gf,3.345,mm,OK,--,7:26:25 PM,2/5/2026,
1266,42.5,gf,3.345,mm,OK,--,7:26:25 PM,2/5/2026,
1267,42.5,gf,3.340,mm,OK,--,7:26:25 PM,2/5/2026,
1268,42.4,gf,3.335,mm,OK,--,7:26:26 PM,2/5/2026,
1269,42.4,gf,3.330,mm,OK,--,7:26:26 PM,2/5/2026,
1270,42.4,gf,3.330,mm,OK,--,7:26:26 PM,2/5/2026,
1271,42.4,gf,3.325,mm,OK,--,7:26:26 PM,2/5/2026,
1272,42.3,gf,3.320,mm,OK,--,7:26:26 PM,2/5/2026,
1273,42.4,gf,3.315,mm,OK,--,7:26:26 PM,2/5/2026,
1274,42.3,gf,3.315,mm,OK,--,7:26:26 PM,2/5/2026,
1275,42.3,gf,3.310,mm,OK,--,7:26:26 PM,2/5/2026,
1276,42.3,gf,3.310,mm,OK,--,7:26:26 PM,2/5/2026,
1277,42.3,gf,3.305,mm,OK,--,7:26:26 PM,2/5/2026,
1278,42.3,gf,3.305,mm,OK,--,7:26:27 PM,2/5/2026,
1279,42.3,gf,3.300,mm,OK,--,7:26:27 PM,2/5/2026,
1280,42.2,gf,3.295,mm,OK,--,7:26:27 PM,2/5/2026,
1281,42.2,gf,3.290,mm,OK,--,7:26:27 PM,2/5/2026,
1282,42.2,gf,3.285,mm,OK,--,7:26:27 PM,2/5/2026,
1283,42.2,gf,3.285,mm,OK,--,7:26:27 PM,2/5/2026,
1284,42.1,gf,3.280,mm,OK,--,7:26:27 PM,2/5/2026,
1285,42.2,gf,3.275,mm,OK,--,7:26:27 PM,2/5/2026,
1286,42.1,gf,3.270,mm,OK,--,7:26:27 PM,2/5/2026,
1287,42.1,gf,3.265,mm,OK,--,7:26:27 PM,2/5/2026,
1288,42.0,gf,3.260,mm,OK,--,7:26:28 PM,2/5/2026,
1289,42.1,gf,3.255,mm,OK,--,7:26:28 PM,2/5/2026,
1290,42.0,gf,3.250,mm,OK,--,7:26:28 PM,2/5/2026,
1291,42.0,gf,3.250,mm,OK,--,7:26:28 PM,2/5/2026,
1292,41.9,gf,3.245,mm,OK,--,7:26:28 PM,2/5/2026,
1293,42.0,gf,3.240,mm,OK,--,7:26:28 PM,2/5/2026,
1294,41.9,gf,3.235,mm,OK,--,7:26:28 PM,2/5/2026,
1295,41.9,gf,3.235,mm,OK,--,7:26:28 PM,2/5/2026,
1296,41.9,gf,3.230,mm,OK,--,7:26:28 PM,2/5/2026,
1297,41.9,gf,3.230,mm,OK,--,7:26:28 PM,2/5/2026,
1298,41.9,gf,3.230,mm,OK,--,7:26:29 PM,2/5/2026,
1299,41.9,gf,3.225,mm,OK,--,7:26:29 PM,2/5/2026,
1300,41.9,gf,3.225,mm,OK,--,7:26:29 PM,2/5/2026,
1301,41.8,gf,3.220,mm,OK,--,7:26:29 PM,2/5/2026,
1302,41.8,gf,3.215,mm,OK,--,7:26:29 PM,2/5/2026,
1303,41.8,gf,3.210,mm,OK,--,7:26:29 PM,2/5/2026,
1304,41.8,gf,3.205,mm,OK,--,7:26:29 PM,2/5/2026,
1305,41.8,gf,3.200,mm,OK,--,7:26:29 PM,2/5/2026,
1306,41.8,gf,3.195,mm,OK,--,7:26:29 PM,2/5/2026,
1307,41.6,gf,3.190,mm,OK,--,7:26:29 PM,2/5/2026,
1308,41.7,gf,3.185,mm,OK,--,7:26:30 PM,2/5/2026,
1309,41.6,gf,3.180,mm,OK,--,7:26:30 PM,2/5/2026,
1310,41.6,gf,3.175,mm,OK,--,7:26:30 PM,2/5/2026,
1311,41.6,gf,3.175,mm,OK,--,7:26:30 PM,2/5/2026,
1312,41.6,gf,3.170,mm,OK,--,7:26:30 PM,2/5/2026,
1313,41.6,gf,3.165,mm,OK,--,7:26:30 PM,2/5/2026,
1314,41.5,gf,3.165,mm,OK,--,7:26:30 PM,2/5/2026,
1315,41.5,gf,3.160,mm,OK,--,7:26:30 PM,2/5/2026,
1316,41.5,gf,3.155,mm,OK,--,7:26:30 PM,2/5/2026,
1317,41.4,gf,3.150,mm,OK,--,7:26:30 PM,2/5/2026,
1318,41.3,gf,3.140,mm,OK,--,7:26:31 PM,2/5/2026,
1319,41.3,gf,3.140,mm,OK,--,7:26:31 PM,2/5/2026,
1320,41.2,gf,3.135,mm,OK,--,7:26:31 PM,2/5/2026,
1321,41.1,gf,3.130,mm,OK,--,7:26:31 PM,2/5/2026,
1322,41.2,gf,3.120,mm,OK,--,7:26:31 PM,2/5/2026,
1323,41.0,gf,3.115,mm,OK,--,7:26:31 PM,2/5/2026,
1324,40.9,gf,3.110,mm,OK,--,7:26:31 PM,2/5/2026,
1325,40.8,gf,3.105,mm,OK,--,7:26:31 PM,2/5/2026,
1326,40.9,gf,3.100,mm,OK,--,7:26:31 PM,2/5/2026,
1327,40.8,gf,3.090,mm,OK,--,7:26:31 PM,2/5/2026,
1328,40.8,gf,3.085,mm,OK,--,7:26:32 PM,2/5/2026,
1329,40.7,gf,3.075,mm,OK,--,7:26:32 PM,2/5/2026,
1330,40.5,gf,3.070,mm,OK,--,7:26:32 PM,2/5/2026,
1331,40.5,gf,3.065,mm,OK,--,7:26:32 PM,2/5/2026,
1332,40.5,gf,3.055,mm,OK,--,7:26:32 PM,2/5/2026,
1333,40.4,gf,3.050,mm,OK,--,7:26:32 PM,2/5/2026,
1334,40.4,gf,3.045,mm,OK,--,7:26:32 PM,2/5/2026,
1335,40.5,gf,3.040,mm,OK,--,7:26:32 PM,2/5/2026,
1336,40.5,gf,3.035,mm,OK,--,7:26:32 PM,2/5/2026,
1337,40.5,gf,3.030,mm,OK,--,7:26:32 PM,2/5/2026,
1338,40.4,gf,3.030,mm,OK,--,7:26:33 PM,2/5/2026,
1339,40.4,gf,3.025,mm,OK,--,7:26:33 PM,2/5/2026,
1340,40.4,gf,3.025,mm,OK,--,7:26:33 PM,2/5/2026,
1341,40.4,gf,3.020,mm,OK,--,7:26:33 PM,2/5/2026,
1342,40.4,gf,3.015,mm,OK,--,7:26:33 PM,2/5/2026,
1343,40.4,gf,3.015,mm,OK,--,7:26:33 PM,2/5/2026,
1344,40.4,gf,3.010,mm,OK,--,7:26:33 PM,2/5/2026,
1345,40.4,gf,3.010,mm,OK,--,7:26:33 PM,2/5/2026,
1346,40.3,gf,3.005,mm,OK,--,7:26:33 PM,2/5/2026,
1347,40.3,gf,3.005,mm,OK,--,7:26:33 PM,2/5/2026,
1348,40.3,gf,3.000,mm,OK,--,7:26:34 PM,2/5/2026,
1349,40.3,gf,2.995,mm,OK,--,7:26:34 PM,2/5/2026,
1350,40.3,gf,2.995,mm,OK,--,7:26:34 PM,2/5/2026,
1351,40.3,gf,2.990,mm,OK,--,7:26:34 PM,2/5/2026,
1352,40.2,gf,2.985,mm,OK,--,7:26:34 PM,2/5/2026,
1353,40.1,gf,2.980,mm,OK,--,7:26:34 PM,2/5/2026,
1354,40.0,gf,2.975,mm,OK,--,7:26:34 PM,2/5/2026,
1355,40.0,gf,2.970,mm,OK,--,7:26:34 PM,2/5/2026,
1356,40.0,gf,2.965,mm,OK,--,7:26:34 PM,2/5/2026,
1357,39.9,gf,2.960,mm,OK,--,7:26:34 PM,2/5/2026,
1358,39.9,gf,2.950,mm,OK,--,7:26:35 PM,2/5/2026,
1359,39.9,gf,2.945,mm,OK,--,7:26:35 PM,2/5/2026,
1360,39.7,gf,2.935,mm,OK,--,7:26:35 PM,2/5/2026,
1361,39.7,gf,2.930,mm,OK,--,7:26:35 PM,2/5/2026,
1362,39.7,gf,2.930,mm,OK,--,7:26:35 PM,2/5/2026,
1363,39.9,gf,2.925,mm,OK,--,7:26:35 PM,2/5/2026,
1364,39.8,gf,2.920,mm,OK,--,7:26:35 PM,2/5/2026,
1365,39.8,gf,2.915,mm,OK,--,7:26:35 PM,2/5/2026,
1366,39.7,gf,2.910,mm,OK,--,7:26:35 PM,2/5/2026,
1367,39.6,gf,2.905,mm,OK,--,7:26:35 PM,2/5/2026,
1368,39.6,gf,2.900,mm,OK,--,7:26:36 PM,2/5/2026,
1369,39.7,gf,2.895,mm,OK,--,7:26:36 PM,2/5/2026,
1370,39.7,gf,2.895,mm,OK,--,7:26:36 PM,2/5/2026,
1371,39.6,gf,2.890,mm,OK,--,7:26:36 PM,2/5/2026,
1372,39.6,gf,2.885,mm,OK,--,7:26:36 PM,2/5/2026,
1373,39.5,gf,2.880,mm,OK,--,7:26:36 PM,2/5/2026,
1374,39.6,gf,2.870,mm,OK,--,7:26:36 PM,2/5/2026,
1375,39.5,gf,2.860,mm,OK,--,7:26:36 PM,2/5/2026,
1376,39.4,gf,2.855,mm,OK,--,7:26:36 PM,2/5/2026,
1377,39.4,gf,2.850,mm,OK,--,7:26:36 PM,2/5/2026,
1378,39.4,gf,2.840,mm,OK,--,7:26:37 PM,2/5/2026,
1379,39.3,gf,2.840,mm,OK,--,7:26:37 PM,2/5/2026,
1380,39.3,gf,2.830,mm,OK,--,7:26:37 PM,2/5/2026,
1381,39.1,gf,2.825,mm,OK,--,7:26:37 PM,2/5/2026,
1382,39.3,gf,2.815,mm,OK,--,7:26:37 PM,2/5/2026,
1383,39.2,gf,2.810,mm,OK,--,7:26:37 PM,2/5/2026,
1384,39.1,gf,2.805,mm,OK,--,7:26:37 PM,2/5/2026,
1385,39.1,gf,2.800,mm,OK,--,7:26:37 PM,2/5/2026,
1386,39.2,gf,2.785,mm,OK,--,7:26:37 PM,2/5/2026,
1387,39.1,gf,2.775,mm,OK,--,7:26:37 PM,2/5/2026,
1388,38.9,gf,2.765,mm,OK,--,7:26:38 PM,2/5/2026,
1389,39.0,gf,2.755,mm,OK,--,7:26:38 PM,2/5/2026,
1390,38.9,gf,2.750,mm,OK,--,7:26:38 PM,2/5/2026,
1391,38.9,gf,2.745,mm,OK,--,7:26:38 PM,2/5/2026,
1392,38.9,gf,2.740,mm,OK,--,7:26:38 PM,2/5/2026,
1393,38.9,gf,2.730,mm,OK,--,7:26:38 PM,2/5/2026,
1394,38.9,gf,2.725,mm,OK,--,7:26:38 PM,2/5/2026,
1395,38.7,gf,2.720,mm,OK,--,7:26:38 PM,2/5/2026,
1396,38.6,gf,2.715,mm,OK,--,7:26:38 PM,2/5/2026,
1397,38.7,gf,2.705,mm,OK,--,7:26:38 PM,2/5/2026,
1398,38.7,gf,2.695,mm,OK,--,7:26:39 PM,2/5/2026,
1399,38.9,gf,2.690,mm,OK,--,7:26:39 PM,2/5/2026,
1400,38.7,gf,2.685,mm,OK,--,7:26:39 PM,2/5/2026,
1401,38.5,gf,2.680,mm,OK,--,7:26:39 PM,2/5/2026,
1402,38.7,gf,2.670,mm,OK,--,7:26:39 PM,2/5/2026,
1403,38.6,gf,2.660,mm,OK,--,7:26:39 PM,2/5/2026,
1404,38.6,gf,2.650,mm,OK,--,7:26:39 PM,2/5/2026,
1405,38.5,gf,2.640,mm,OK,--,7:26:39 PM,2/5/2026,
1406,38.5,gf,2.635,mm,OK,--,7:26:39 PM,2/5/2026,
1407,38.4,gf,2.630,mm,OK,--,7:26:39 PM,2/5/2026,
1408,38.4,gf,2.620,mm,OK,--,7:26:40 PM,2/5/2026,
1409,38.4,gf,2.615,mm,OK,--,7:26:40 PM,2/5/2026,
1410,38.3,gf,2.605,mm,OK,--,7:26:40 PM,2/5/2026,
1411,38.3,gf,2.595,mm,OK,--,7:26:40 PM,2/5/2026,
1412,38.2,gf,2.590,mm,OK,--,7:26:40 PM,2/5/2026,
1413,38.2,gf,2.585,mm,OK,--,7:26:40 PM,2/5/2026,
1414,38.2,gf,2.580,mm,OK,--,7:26:40 PM,2/5/2026,
1415,38.2,gf,2.575,mm,OK,--,7:26:40 PM,2/5/2026,
1416,38.1,gf,2.565,mm,OK,--,7:26:40 PM,2/5/2026,
1417,38.1,gf,2.560,mm,OK,--,7:26:40 PM,2/5/2026,
1418,38.1,gf,2.550,mm,OK,--,7:26:41 PM,2/5/2026,
1419,37.9,gf,2.545,mm,OK,--,7:26:41 PM,2/5/2026,
1420,38.0,gf,2.535,mm,OK,--,7:26:41 PM,2/5/2026,
1421,37.9,gf,2.530,mm,OK,--,7:26:41 PM,2/5/2026,
1422,37.9,gf,2.525,mm,OK,--,7:26:41 PM,2/5/2026,
1423,37.8,gf,2.525,mm,OK,--,7:26:41 PM,2/5/2026,
1424,37.8,gf,2.520,mm,OK,--,7:26:41 PM,2/5/2026,
1425,37.7,gf,2.515,mm,OK,--,7:26:41 PM,2/5/2026,
1426,37.6,gf,2.505,mm,OK,--,7:26:41 PM,2/5/2026,
1427,37.5,gf,2.500,mm,OK,--,7:26:41 PM,2/5/2026,
1428,37.5,gf,2.495,mm,OK,--,7:26:42 PM,2/5/2026,
1429,37.5,gf,2.495,mm,OK,--,7:26:42 PM,2/5/2026,
1430,37.5,gf,2.490,mm,OK,--,7:26:42 PM,2/5/2026,
1431,37.5,gf,2.490,mm,OK,--,7:26:42 PM,2/5/2026,
1432,37.5,gf,2.485,mm,OK,--,7:26:42 PM,2/5/2026,
1433,37.4,gf,2.485,mm,OK,--,7:26:42 PM,2/5/2026,
1434,37.4,gf,2.480,mm,OK,--,7:26:42 PM,2/5/2026,
1435,37.3,gf,2.475,mm,OK,--,7:26:42 PM,2/5/2026,
1436,37.2,gf,2.475,mm,OK,--,7:26:42 PM,2/5/2026,
1437,37.2,gf,2.470,mm,OK,--,7:26:42 PM,2/5/2026,
1438,37.2,gf,2.470,mm,OK,--,7:26:43 PM,2/5/2026,
1439,37.2,gf,2.465,mm,OK,--,7:26:43 PM,2/5/2026,
1440,37.2,gf,2.460,mm,OK,--,7:26:43 PM,2/5/2026,
1441,37.1,gf,2.455,mm,OK,--,7:26:43 PM,2/5/2026,
1442,37.0,gf,2.450,mm,OK,--,7:26:43 PM,2/5/2026,
1443,37.0,gf,2.445,mm,OK,--,7:26:43 PM,2/5/2026,
1444,36.9,gf,2.440,mm,OK,--,7:26:43 PM,2/5/2026,
1445,36.9,gf,2.435,mm,OK,--,7:26:43 PM,2/5/2026,
1446,36.8,gf,2.430,mm,OK,--,7:26:43 PM,2/5/2026,
1447,36.8,gf,2.430,mm,OK,--,7:26:43 PM,2/5/2026,
1448,36.7,gf,2.425,mm,OK,--,7:26:44 PM,2/5/2026,
1449,36.7,gf,2.420,mm,OK,--,7:26:44 PM,2/5/2026,
1450,36.6,gf,2.415,mm,OK,--,7:26:44 PM,2/5/2026,
1451,36.6,gf,2.410,mm,OK,--,7:26:44 PM,2/5/2026,
1452,36.6,gf,2.410,mm,OK,--,7:26:44 PM,2/5/2026,
1453,36.5,gf,2.405,mm,OK,--,7:26:44 PM,2/5/2026,
1454,36.5,gf,2.400,mm,OK,--,7:26:44 PM,2/5/2026,
1455,36.4,gf,2.395,mm,OK,--,7:26:44 PM,2/5/2026,
1456,36.4,gf,2.390,mm,OK,--,7:26:44 PM,2/5/2026,
1457,36.4,gf,2.385,mm,OK,--,7:26:44 PM,2/5/2026,
1458,36.3,gf,2.380,mm,OK,--,7:26:45 PM,2/5/2026,
1459,36.3,gf,2.375,mm,OK,--,7:26:45 PM,2/5/2026,
1460,36.2,gf,2.375,mm,OK,--,7:26:45 PM,2/5/2026,
1461,36.2,gf,2.370,mm,OK,--,7:26:45 PM,2/5/2026,
1462,36.4,gf,2.365,mm,OK,--,7:26:45 PM,2/5/2026,
1463,36.3,gf,2.360,mm,OK,--,7:26:45 PM,2/5/2026,
1464,36.3,gf,2.360,mm,OK,--,7:26:45 PM,2/5/2026,
1465,36.3,gf,2.355,mm,OK,--,7:26:45 PM,2/5/2026,
1466,36.3,gf,2.350,mm,OK,--,7:26:45 PM,2/5/2026,
1467,36.2,gf,2.345,mm,OK,--,7:26:45 PM,2/5/2026,
1468,36.2,gf,2.340,mm,OK,--,7:26:46 PM,2/5/2026,
1469,36.2,gf,2.340,mm,OK,--,7:26:46 PM,2/5/2026,
1470,36.2,gf,2.335,mm,OK,--,7:26:46 PM,2/5/2026,
1471,36.1,gf,2.335,mm,OK,--,7:26:46 PM,2/5/2026,
1472,36.1,gf,2.330,mm,OK,--,7:26:46 PM,2/5/2026,
1473,36.1,gf,2.325,mm,OK,--,7:26:46 PM,2/5/2026,
1474,36.0,gf,2.325,mm,OK,--,7:26:46 PM,2/5/2026,
1475,35.9,gf,2.320,mm,OK,--,7:26:46 PM,2/5/2026,
1476,35.8,gf,2.315,mm,OK,--,7:26:46 PM,2/5/2026,
1477,35.8,gf,2.310,mm,OK,--,7:26:46 PM,2/5/2026,
1478,35.8,gf,2.305,mm,OK,--,7:26:47 PM,2/5/2026,
1479,35.7,gf,2.305,mm,OK,--,7:26:47 PM,2/5/2026,
1480,35.6,gf,2.300,mm,OK,--,7:26:47 PM,2/5/2026,
1481,35.5,gf,2.300,mm,OK,--,7:26:47 PM,2/5/2026,
1482,35.4,gf,2.295,mm,OK,--,7:26:47 PM,2/5/2026,
1483,35.3,gf,2.295,mm,OK,--,7:26:47 PM,2/5/2026,
1484,35.2,gf,2.290,mm,OK,--,7:26:47 PM,2/5/2026,
1485,35.2,gf,2.290,mm,OK,--,7:26:47 PM,2/5/2026,
1486,35.1,gf,2.285,mm,OK,--,7:26:47 PM,2/5/2026,
1487,35.1,gf,2.280,mm,OK,--,7:26:47 PM,2/5/2026,
1488,35.0,gf,2.280,mm,OK,--,7:26:48 PM,2/5/2026,
1489,35.0,gf,2.275,mm,OK,--,7:26:48 PM,2/5/2026,
1490,34.8,gf,2.265,mm,OK,--,7:26:48 PM,2/5/2026,
1491,34.6,gf,2.260,mm,OK,--,7:26:48 PM,2/5/2026,
1492,34.5,gf,2.255,mm,OK,--,7:26:48 PM,2/5/2026,
1493,34.4,gf,2.250,mm,OK,--,7:26:48 PM,2/5/2026,
1494,34.2,gf,2.245,mm,OK,--,7:26:48 PM,2/5/2026,
1495,34.2,gf,2.235,mm,OK,--,7:26:48 PM,2/5/2026,
1496,34.1,gf,2.230,mm,OK,--,7:26:48 PM,2/5/2026,
1497,34.0,gf,2.225,mm,OK,--,7:26:48 PM,2/5/2026,
1498,33.8,gf,2.220,mm,OK,--,7:26:49 PM,2/5/2026,
1499,33.7,gf,2.210,mm,OK,--,7:26:49 PM,2/5/2026,
1500,33.6,gf,2.205,mm,OK,--,7:26:49 PM,2/5/2026,
1501,33.6,gf,2.200,mm,OK,--,7:26:49 PM,2/5/2026,
1502,33.5,gf,2.195,mm,OK,--,7:26:49 PM,2/5/2026,
1503,33.5,gf,2.185,mm,OK,--,7:26:49 PM,2/5/2026,
1504,33.2,gf,2.180,mm,OK,--,7:26:49 PM,2/5/2026,
1505,33.0,gf,2.170,mm,OK,--,7:26:49 PM,2/5/2026,
1506,32.9,gf,2.165,mm,OK,--,7:26:49 PM,2/5/2026,
1507,32.8,gf,2.160,mm,OK,--,7:26:49 PM,2/5/2026,
1508,32.6,gf,2.155,mm,OK,--,7:26:50 PM,2/5/2026,
1509,32.5,gf,2.150,mm,OK,--,7:26:50 PM,2/5/2026,
1510,32.2,gf,2.140,mm,OK,--,7:26:50 PM,2/5/2026,
1511,32.0,gf,2.135,mm,OK,--,7:26:50 PM,2/5/2026,
1512,31.9,gf,2.130,mm,OK,--,7:26:50 PM,2/5/2026,
1513,31.7,gf,2.120,mm,OK,--,7:26:50 PM,2/5/2026,
1514,31.5,gf,2.115,mm,OK,--,7:26:50 PM,2/5/2026,
1515,31.2,gf,2.110,mm,OK,--,7:26:50 PM,2/5/2026,
1516,31.2,gf,2.100,mm,OK,--,7:26:50 PM,2/5/2026,
1517,31.1,gf,2.095,mm,OK,--,7:26:50 PM,2/5/2026,
1518,31.0,gf,2.090,mm,OK,--,7:26:51 PM,2/5/2026,
1519,31.0,gf,2.085,mm,OK,--,7:26:51 PM,2/5/2026,
1520,30.9,gf,2.080,mm,OK,--,7:26:51 PM,2/5/2026,
1521,30.9,gf,2.070,mm,OK,--,7:26:51 PM,2/5/2026,
1522,30.8,gf,2.065,mm,OK,--,7:26:51 PM,2/5/2026,
1523,30.9,gf,2.060,mm,OK,--,7:26:51 PM,2/5/2026,
1524,30.9,gf,2.055,mm,OK,--,7:26:51 PM,2/5/2026,
1525,30.8,gf,2.055,mm,OK,--,7:26:51 PM,2/5/2026,
1526,30.8,gf,2.050,mm,OK,--,7:26:51 PM,2/5/2026,
1527,30.7,gf,2.045,mm,OK,--,7:26:51 PM,2/5/2026,
1528,30.5,gf,2.040,mm,OK,--,7:26:52 PM,2/5/2026,
1529,30.5,gf,2.035,mm,OK,--,7:26:52 PM,2/5/2026,
1530,30.4,gf,2.030,mm,OK,--,7:26:52 PM,2/5/2026,
1531,30.5,gf,2.030,mm,OK,--,7:26:52 PM,2/5/2026,
1532,30.4,gf,2.030,mm,OK,--,7:26:52 PM,2/5/2026,
1533,30.4,gf,2.025,mm,OK,--,7:26:52 PM,2/5/2026,
1534,30.3,gf,2.025,mm,OK,--,7:26:52 PM,2/5/2026,
1535,30.2,gf,2.025,mm,OK,--,7:26:52 PM,2/5/2026,
1536,30.2,gf,2.020,mm,OK,--,7:26:52 PM,2/5/2026,
1537,30.2,gf,2.015,mm,OK,--,7:26:52 PM,2/5/2026,
1538,30.3,gf,2.015,mm,OK,--,7:26:53 PM,2/5/2026,
1539,30.3,gf,2.010,mm,OK,--,7:26:53 PM,2/5/2026,
1540,30.3,gf,2.010,mm,OK,--,7:26:53 PM,2/5/2026,
1541,30.4,gf,2.005,mm,OK,--,7:26:53 PM,2/5/2026,
1542,30.3,gf,2.005,mm,OK,--,7:26:53 PM,2/5/2026,
1543,30.3,gf,2.005,mm,OK,--,7:26:53 PM,2/5/2026,
1544,30.3,gf,2.000,mm,OK,--,7:26:53 PM,2/5/2026,
1545,30.2,gf,1.995,mm,OK,--,7:26:53 PM,2/5/2026,
1546,30.1,gf,1.985,mm,OK,--,7:26:53 PM,2/5/2026,
1547,30.0,gf,1.980,mm,OK,--,7:26:53 PM,2/5/2026,
1548,30.1,gf,1.980,mm,OK,--,7:26:54 PM,2/5/2026,
1549,30.1,gf,1.975,mm,OK,--,7:26:54 PM,2/5/2026,
1550,29.9,gf,1.970,mm,OK,--,7:26:54 PM,2/5/2026,
1551,29.8,gf,1.955,mm,OK,--,7:26:54 PM,2/5/2026,
1552,29.7,gf,1.945,mm,OK,--,7:26:54 PM,2/5/2026,
1553,29.6,gf,1.935,mm,OK,--,7:26:54 PM,2/5/2026,
1554,29.5,gf,1.930,mm,OK,--,7:26:54 PM,2/5/2026,
1555,29.5,gf,1.925,mm,OK,--,7:26:54 PM,2/5/2026,
1556,29.4,gf,1.920,mm,OK,--,7:26:54 PM,2/5/2026,
1557,29.3,gf,1.915,mm,OK,--,7:26:54 PM,2/5/2026,
1558,29.3,gf,1.910,mm,OK,--,7:26:55 PM,2/5/2026,
1559,29.4,gf,1.900,mm,OK,--,7:26:55 PM,2/5/2026,
1560,29.4,gf,1.890,mm,OK,--,7:26:55 PM,2/5/2026,
1561,29.3,gf,1.885,mm,OK,--,7:26:55 PM,2/5/2026,
1562,29.3,gf,1.880,mm,OK,--,7:26:55 PM,2/5/2026,
1563,29.2,gf,1.875,mm,OK,--,7:26:55 PM,2/5/2026,
1564,29.3,gf,1.875,mm,OK,--,7:26:55 PM,2/5/2026,
1565,29.2,gf,1.870,mm,OK,--,7:26:55 PM,2/5/2026,
1566,29.2,gf,1.865,mm,OK,--,7:26:55 PM,2/5/2026,
1567,29.2,gf,1.855,mm,OK,--,7:26:55 PM,2/5/2026,
1568,29.2,gf,1.850,mm,OK,--,7:26:56 PM,2/5/2026,
1569,29.1,gf,1.845,mm,OK,--,7:26:56 PM,2/5/2026,
1570,29.1,gf,1.840,mm,OK,--,7:26:56 PM,2/5/2026,
1571,29.1,gf,1.835,mm,OK,--,7:26:56 PM,2/5/2026,
1572,29.0,gf,1.835,mm,OK,--,7:26:56 PM,2/5/2026,
1573,29.0,gf,1.830,mm,OK,--,7:26:56 PM,2/5/2026,
1574,29.0,gf,1.830,mm,OK,--,7:26:56 PM,2/5/2026,
1575,29.1,gf,1.825,mm,OK,--,7:26:56 PM,2/5/2026,
1576,29.0,gf,1.825,mm,OK,--,7:26:56 PM,2/5/2026,
1577,29.0,gf,1.820,mm,OK,--,7:26:56 PM,2/5/2026,
1578,29.0,gf,1.815,mm,OK,--,7:26:57 PM,2/5/2026,
1579,29.0,gf,1.815,mm,OK,--,7:26:57 PM,2/5/2026,
1580,29.0,gf,1.810,mm,OK,--,7:26:57 PM,2/5/2026,
1581,28.9,gf,1.810,mm,OK,--,7:26:57 PM,2/5/2026,
1582,28.8,gf,1.800,mm,OK,--,7:26:57 PM,2/5/2026,
1583,28.8,gf,1.795,mm,OK,--,7:26:57 PM,2/5/2026,
1584,28.8,gf,1.790,mm,OK,--,7:26:57 PM,2/5/2026,
1585,28.7,gf,1.780,mm,OK,--,7:26:57 PM,2/5/2026,
1586,28.7,gf,1.775,mm,OK,--,7:26:57 PM,2/5/2026,
1587,28.5,gf,1.770,mm,OK,--,7:26:57 PM,2/5/2026,
1588,28.4,gf,1.760,mm,OK,--,7:26:58 PM,2/5/2026,
1589,28.4,gf,1.755,mm,OK,--,7:26:58 PM,2/5/2026,
1590,28.4,gf,1.745,mm,OK,--,7:26:58 PM,2/5/2026,
1591,28.2,gf,1.740,mm,OK,--,7:26:58 PM,2/5/2026,
1592,28.2,gf,1.730,mm,OK,--,7:26:58 PM,2/5/2026,
1593,28.1,gf,1.725,mm,OK,--,7:26:58 PM,2/5/2026,
1594,28.1,gf,1.720,mm,OK,--,7:26:58 PM,2/5/2026,
1595,28.1,gf,1.715,mm,OK,--,7:26:58 PM,2/5/2026,
1596,28.0,gf,1.710,mm,OK,--,7:26:58 PM,2/5/2026,
1597,27.9,gf,1.705,mm,OK,--,7:26:58 PM,2/5/2026,
1598,27.9,gf,1.695,mm,OK,--,7:26:59 PM,2/5/2026,
1599,27.8,gf,1.695,mm,OK,--,7:26:59 PM,2/5/2026,
1600,27.8,gf,1.690,mm,OK,--,7:26:59 PM,2/5/2026,
1601,27.8,gf,1.685,mm,OK,--,7:26:59 PM,2/5/2026,
1602,27.9,gf,1.680,mm,OK,--,7:26:59 PM,2/5/2026,
1603,27.8,gf,1.680,mm,OK,--,7:26:59 PM,2/5/2026,
1604,27.7,gf,1.675,mm,OK,--,7:26:59 PM,2/5/2026,
1605,27.6,gf,1.670,mm,OK,--,7:26:59 PM,2/5/2026,
1606,27.6,gf,1.670,mm,OK,--,7:26:59 PM,2/5/2026,
1607,27.6,gf,1.665,mm,OK,--,7:26:59 PM,2/5/2026,
1608,27.7,gf,1.660,mm,OK,--,7:27:00 PM,2/5/2026,
1609,27.6,gf,1.660,mm,OK,--,7:27:00 PM,2/5/2026,
1610,27.6,gf,1.660,mm,OK,--,7:27:00 PM,2/5/2026,
1611,27.6,gf,1.655,mm,OK,--,7:27:00 PM,2/5/2026,
1612,27.5,gf,1.655,mm,OK,--,7:27:00 PM,2/5/2026,
1613,27.5,gf,1.650,mm,OK,--,7:27:00 PM,2/5/2026,
1614,27.5,gf,1.645,mm,OK,--,7:27:00 PM,2/5/2026,
1615,27.6,gf,1.645,mm,OK,--,7:27:00 PM,2/5/2026,
1616,27.6,gf,1.640,mm,OK,--,7:27:00 PM,2/5/2026,
1617,27.5,gf,1.640,mm,OK,--,7:27:00 PM,2/5/2026,
1618,27.4,gf,1.635,mm,OK,--,7:27:01 PM,2/5/2026,
1619,27.3,gf,1.635,mm,OK,--,7:27:01 PM,2/5/2026,
1620,27.3,gf,1.630,mm,OK,--,7:27:01 PM,2/5/2026,
1621,27.3,gf,1.630,mm,OK,--,7:27:01 PM,2/5/2026,
1622,27.3,gf,1.625,mm,OK,--,7:27:01 PM,2/5/2026,
1623,27.1,gf,1.625,mm,OK,--,7:27:01 PM,2/5/2026,
1624,27.2,gf,1.620,mm,OK,--,7:27:01 PM,2/5/2026,
1625,27.1,gf,1.620,mm,OK,--,7:27:01 PM,2/5/2026,
1626,27.0,gf,1.615,mm,OK,--,7:27:01 PM,2/5/2026,
1627,27.0,gf,1.610,mm,OK,--,7:27:01 PM,2/5/2026,
1628,26.9,gf,1.610,mm,OK,--,7:27:02 PM,2/5/2026,
1629,26.9,gf,1.605,mm,OK,--,7:27:02 PM,2/5/2026,
1630,26.9,gf,1.605,mm,OK,--,7:27:02 PM,2/5/2026,
1631,26.9,gf,1.600,mm,OK,--,7:27:02 PM,2/5/2026,
1632,26.9,gf,1.600,mm,OK,--,7:27:02 PM,2/5/2026,
1633,26.9,gf,1.595,mm,OK,--,7:27:02 PM,2/5/2026,
1634,26.8,gf,1.590,mm,OK,--,7:27:02 PM,2/5/2026,
1635,26.6,gf,1.580,mm,OK,--,7:27:02 PM,2/5/2026,
1636,26.5,gf,1.575,mm,OK,--,7:27:02 PM,2/5/2026,
1637,26.6,gf,1.565,mm,OK,--,7:27:02 PM,2/5/2026,
1638,26.5,gf,1.555,mm,OK,--,7:27:03 PM,2/5/2026,
1639,26.4,gf,1.550,mm,OK,--,7:27:03 PM,2/5/2026,
1640,26.3,gf,1.540,mm,OK,--,7:27:03 PM,2/5/2026,
1641,26.3,gf,1.535,mm,OK,--,7:27:03 PM,2/5/2026,
1642,26.2,gf,1.530,mm,OK,--,7:27:03 PM,2/5/2026,
1643,26.2,gf,1.525,mm,OK,--,7:27:03 PM,2/5/2026,
1644,26.2,gf,1.525,mm,OK,--,7:27:03 PM,2/5/2026,
1645,26.2,gf,1.520,mm,OK,--,7:27:03 PM,2/5/2026,
1646,26.3,gf,1.520,mm,OK,--,7:27:03 PM,2/5/2026,
1647,26.1,gf,1.515,mm,OK,--,7:27:03 PM,2/5/2026,
1648,26.1,gf,1.515,mm,OK,--,7:27:04 PM,2/5/2026,
1649,26.0,gf,1.510,mm,OK,--,7:27:04 PM,2/5/2026,
1650,26.0,gf,1.510,mm,OK,--,7:27:04 PM,2/5/2026,
1651,25.9,gf,1.505,mm,OK,--,7:27:04 PM,2/5/2026,
1652,25.9,gf,1.500,mm,OK,--,7:27:04 PM,2/5/2026,
1653,25.8,gf,1.500,mm,OK,--,7:27:04 PM,2/5/2026,
1654,25.7,gf,1.495,mm,OK,--,7:27:04 PM,2/5/2026,
1655,25.6,gf,1.490,mm,OK,--,7:27:04 PM,2/5/2026,
1656,25.6,gf,1.485,mm,OK,--,7:27:04 PM,2/5/2026,
1657,25.5,gf,1.480,mm,OK,--,7:27:04 PM,2/5/2026,
1658,25.4,gf,1.475,mm,OK,--,7:27:05 PM,2/5/2026,
1659,25.3,gf,1.470,mm,OK,--,7:27:05 PM,2/5/2026,
1660,25.3,gf,1.465,mm,OK,--,7:27:05 PM,2/5/2026,
1661,25.3,gf,1.460,mm,OK,--,7:27:05 PM,2/5/2026,
1662,25.3,gf,1.455,mm,OK,--,7:27:05 PM,2/5/2026,
1663,25.1,gf,1.450,mm,OK,--,7:27:05 PM,2/5/2026,
1664,25.0,gf,1.445,mm,OK,--,7:27:05 PM,2/5/2026,
1665,25.2,gf,1.435,mm,OK,--,7:27:05 PM,2/5/2026,
1666,25.1,gf,1.430,mm,OK,--,7:27:05 PM,2/5/2026,
1667,25.1,gf,1.425,mm,OK,--,7:27:05 PM,2/5/2026,
1668,25.0,gf,1.420,mm,OK,--,7:27:06 PM,2/5/2026,
1669,25.0,gf,1.415,mm,OK,--,7:27:06 PM,2/5/2026,
1670,24.9,gf,1.415,mm,OK,--,7:27:06 PM,2/5/2026,
1671,25.0,gf,1.410,mm,OK,--,7:27:06 PM,2/5/2026,
1672,24.9,gf,1.405,mm,OK,--,7:27:06 PM,2/5/2026,
1673,24.8,gf,1.400,mm,OK,--,7:27:06 PM,2/5/2026,
1674,24.8,gf,1.390,mm,OK,--,7:27:06 PM,2/5/2026,
1675,24.7,gf,1.390,mm,OK,--,7:27:06 PM,2/5/2026,
1676,24.7,gf,1.385,mm,OK,--,7:27:06 PM,2/5/2026,
1677,24.7,gf,1.380,mm,OK,--,7:27:06 PM,2/5/2026,
1678,24.6,gf,1.375,mm,OK,--,7:27:07 PM,2/5/2026,
1679,24.7,gf,1.370,mm,OK,--,7:27:07 PM,2/5/2026,
1680,24.6,gf,1.365,mm,OK,--,7:27:07 PM,2/5/2026,
1681,24.5,gf,1.360,mm,OK,--,7:27:07 PM,2/5/2026,
1682,24.6,gf,1.355,mm,OK,--,7:27:07 PM,2/5/2026,
1683,24.6,gf,1.345,mm,OK,--,7:27:07 PM,2/5/2026,
1684,24.6,gf,1.340,mm,OK,--,7:27:07 PM,2/5/2026,
1685,24.5,gf,1.335,mm,OK,--,7:27:07 PM,2/5/2026,
1686,24.5,gf,1.330,mm,OK,--,7:27:07 PM,2/5/2026,
1687,24.4,gf,1.325,mm,OK,--,7:27:07 PM,2/5/2026,
1688,24.3,gf,1.320,mm,OK,--,7:27:08 PM,2/5/2026,
1689,24.3,gf,1.315,mm,OK,--,7:27:08 PM,2/5/2026,
1690,24.3,gf,1.310,mm,OK,--,7:27:08 PM,2/5/2026,
1691,24.3,gf,1.305,mm,OK,--,7:27:08 PM,2/5/2026,
1692,24.2,gf,1.300,mm,OK,--,7:27:08 PM,2/5/2026,
1693,24.3,gf,1.295,mm,OK,--,7:27:08 PM,2/5/2026,
1694,24.3,gf,1.295,mm,OK,--,7:27:08 PM,2/5/2026,
1695,24.3,gf,1.290,mm,OK,--,7:27:08 PM,2/5/2026,
1696,24.2,gf,1.285,mm,OK,--,7:27:08 PM,2/5/2026,
1697,24.0,gf,1.285,mm,OK,--,7:27:08 PM,2/5/2026,
1698,24.1,gf,1.280,mm,OK,--,7:27:09 PM,2/5/2026,
1699,24.1,gf,1.275,mm,OK,--,7:27:09 PM,2/5/2026,
1700,24.1,gf,1.270,mm,OK,--,7:27:09 PM,2/5/2026,
1701,24.0,gf,1.265,mm,OK,--,7:27:09 PM,2/5/2026,
1702,24.0,gf,1.265,mm,OK,--,7:27:09 PM,2/5/2026,
1703,23.9,gf,1.260,mm,OK,--,7:27:09 PM,2/5/2026,
1704,23.8,gf,1.255,mm,OK,--,7:27:09 PM,2/5/2026,
1705,23.8,gf,1.250,mm,OK,--,7:27:09 PM,2/5/2026,
1706,23.7,gf,1.240,mm,OK,--,7:27:09 PM,2/5/2026,
1707,23.6,gf,1.230,mm,OK,--,7:27:09 PM,2/5/2026,
1708,23.6,gf,1.220,mm,OK,--,7:27:10 PM,2/5/2026,
1709,23.4,gf,1.215,mm,OK,--,7:27:10 PM,2/5/2026,
1710,23.4,gf,1.210,mm,OK,--,7:27:10 PM,2/5/2026,
1711,23.3,gf,1.205,mm,OK,--,7:27:10 PM,2/5/2026,
1712,23.3,gf,1.195,mm,OK,--,7:27:10 PM,2/5/2026,
1713,23.2,gf,1.190,mm,OK,--,7:27:10 PM,2/5/2026,
1714,23.1,gf,1.185,mm,OK,--,7:27:10 PM,2/5/2026,
1715,23.1,gf,1.175,mm,OK,--,7:27:10 PM,2/5/2026,
1716,23.0,gf,1.170,mm,OK,--,7:27:10 PM,2/5/2026,
1717,22.8,gf,1.165,mm,OK,--,7:27:10 PM,2/5/2026,
1718,22.8,gf,1.160,mm,OK,--,7:27:11 PM,2/5/2026,
1719,22.9,gf,1.160,mm,OK,--,7:27:11 PM,2/5/2026,
1720,22.9,gf,1.155,mm,OK,--,7:27:11 PM,2/5/2026,
1721,22.9,gf,1.155,mm,OK,--,7:27:11 PM,2/5/2026,
1722,22.8,gf,1.150,mm,OK,--,7:27:11 PM,2/5/2026,
1723,22.9,gf,1.150,mm,OK,--,7:27:11 PM,2/5/2026,
1724,22.8,gf,1.145,mm,OK,--,7:27:11 PM,2/5/2026,
1725,22.6,gf,1.140,mm,OK,--,7:27:11 PM,2/5/2026,
1726,22.5,gf,1.140,mm,OK,--,7:27:11 PM,2/5/2026,
1727,22.4,gf,1.135,mm,OK,--,7:27:11 PM,2/5/2026,
1728,22.4,gf,1.130,mm,OK,--,7:27:12 PM,2/5/2026,
1729,22.3,gf,1.130,mm,OK,--,7:27:12 PM,2/5/2026,
1730,22.4,gf,1.120,mm,OK,--,7:27:12 PM,2/5/2026,
1731,22.5,gf,1.115,mm,OK,--,7:27:12 PM,2/5/2026,
1732,22.5,gf,1.115,mm,OK,--,7:27:12 PM,2/5/2026,
1733,22.5,gf,1.110,mm,OK,--,7:27:12 PM,2/5/2026,
1734,22.5,gf,1.110,mm,OK,--,7:27:12 PM,2/5/2026,
1735,22.5,gf,1.105,mm,OK,--,7:27:12 PM,2/5/2026,
1736,22.5,gf,1.105,mm,OK,--,7:27:12 PM,2/5/2026,
1737,22.3,gf,1.105,mm,OK,--,7:27:12 PM,2/5/2026,
1738,22.4,gf,1.100,mm,OK,--,7:27:13 PM,2/5/2026,
1739,22.1,gf,1.095,mm,OK,--,7:27:13 PM,2/5/2026,
1740,22.2,gf,1.095,mm,OK,--,7:27:13 PM,2/5/2026,
1741,22.3,gf,1.090,mm,OK,--,7:27:13 PM,2/5/2026,
1742,22.3,gf,1.085,mm,OK,--,7:27:13 PM,2/5/2026,
1743,22.3,gf,1.080,mm,OK,--,7:27:13 PM,2/5/2026,
1744,22.2,gf,1.075,mm,OK,--,7:27:13 PM,2/5/2026,
1745,22.2,gf,1.075,mm,OK,--,7:27:13 PM,2/5/2026,
1746,22.2,gf,1.070,mm,OK,--,7:27:13 PM,2/5/2026,
1747,22.3,gf,1.065,mm,OK,--,7:27:13 PM,2/5/2026,
1748,22.3,gf,1.065,mm,OK,--,7:27:14 PM,2/5/2026,
1749,22.4,gf,1.065,mm,OK,--,7:27:14 PM,2/5/2026,
1750,22.4,gf,1.060,mm,OK,--,7:27:14 PM,2/5/2026,
1751,22.2,gf,1.060,mm,OK,--,7:27:14 PM,2/5/2026,
1752,22.1,gf,1.060,mm,OK,--,7:27:14 PM,2/5/2026,
1753,22.2,gf,1.055,mm,OK,--,7:27:14 PM,2/5/2026,
1754,22.1,gf,1.055,mm,OK,--,7:27:14 PM,2/5/2026,
1755,22.2,gf,1.050,mm,OK,--,7:27:14 PM,2/5/2026,
1756,22.2,gf,1.045,mm,OK,--,7:27:14 PM,2/5/2026,
1757,22.2,gf,1.045,mm,OK,--,7:27:14 PM,2/5/2026,
1758,22.2,gf,1.045,mm,OK,--,7:27:15 PM,2/5/2026,
1759,22.1,gf,1.040,mm,OK,--,7:27:15 PM,2/5/2026,
1760,22.0,gf,1.035,mm,OK,--,7:27:15 PM,2/5/2026,
1761,22.1,gf,1.035,mm,OK,--,7:27:15 PM,2/5/2026,
1762,22.1,gf,1.030,mm,OK,--,7:27:15 PM,2/5/2026,
1763,22.2,gf,1.030,mm,OK,--,7:27:15 PM,2/5/2026,
1764,22.1,gf,1.025,mm,OK,--,7:27:15 PM,2/5/2026,
1765,22.2,gf,1.020,mm,OK,--,7:27:15 PM,2/5/2026,
1766,22.2,gf,1.020,mm,OK,--,7:27:15 PM,2/5/2026,
1767,22.1,gf,1.020,mm,OK,--,7:27:15 PM,2/5/2026,
1768,22.0,gf,1.015,mm,OK,--,7:27:16 PM,2/5/2026,
1769,22.1,gf,1.015,mm,OK,--,7:27:16 PM,2/5/2026,
1770,22.0,gf,1.010,mm,OK,--,7:27:16 PM,2/5/2026,
1771,22.0,gf,1.010,mm,OK,--,7:27:16 PM,2/5/2026,
1772,21.9,gf,1.005,mm,OK,--,7:27:16 PM,2/5/2026,
1773,21.8,gf,1.005,mm,OK,--,7:27:16 PM,2/5/2026,
1774,21.8,gf,1.000,mm,OK,--,7:27:16 PM,2/5/2026,
1775,21.7,gf,1.000,mm,OK,--,7:27:16 PM,2/5/2026,
1776,21.7,gf,0.995,mm,OK,--,7:27:16 PM,2/5/2026,
1777,21.5,gf,0.990,mm,OK,--,7:27:16 PM,2/5/2026,
1778,21.4,gf,0.985,mm,OK,--,7:27:17 PM,2/5/2026,
1779,21.4,gf,0.980,mm,OK,--,7:27:17 PM,2/5/2026,
1780,21.4,gf,0.980,mm,OK,--,7:27:17 PM,2/5/2026,
1781,21.4,gf,0.975,mm,OK,--,7:27:17 PM,2/5/2026,
1782,21.5,gf,0.975,mm,OK,--,7:27:17 PM,2/5/2026,
1783,21.5,gf,0.970,mm,OK,--,7:27:17 PM,2/5/2026,
1784,21.5,gf,0.970,mm,OK,--,7:27:17 PM,2/5/2026,
1785,21.6,gf,0.970,mm,OK,--,7:27:17 PM,2/5/2026,
1786,21.6,gf,0.970,mm,OK,--,7:27:17 PM,2/5/2026,
1787,21.6,gf,0.965,mm,OK,--,7:27:17 PM,2/5/2026,
1788,21.5,gf,0.965,mm,OK,--,7:27:18 PM,2/5/2026,
1789,21.3,gf,0.965,mm,OK,--,7:27:18 PM,2/5/2026,
1790,21.3,gf,0.965,mm,OK,--,7:27:18 PM,2/5/2026,
1791,21.2,gf,0.960,mm,OK,--,7:27:18 PM,2/5/2026,
1792,21.3,gf,0.960,mm,OK,--,7:27:18 PM,2/5/2026,
1793,21.3,gf,0.955,mm,OK,--,7:27:18 PM,2/5/2026,
1794,21.1,gf,0.955,mm,OK,--,7:27:18 PM,2/5/2026,
1795,21.1,gf,0.950,mm,OK,--,7:27:18 PM,2/5/2026,
1796,21.3,gf,0.945,mm,OK,--,7:27:18 PM,2/5/2026,
1797,21.3,gf,0.945,mm,OK,--,7:27:18 PM,2/5/2026,
1798,21.3,gf,0.940,mm,OK,--,7:27:19 PM,2/5/2026,
1799,21.3,gf,0.935,mm,OK,--,7:27:19 PM,2/5/2026,
1800,21.2,gf,0.935,mm,OK,--,7:27:19 PM,2/5/2026,
1801,21.2,gf,0.930,mm,OK,--,7:27:19 PM,2/5/2026,
1802,21.1,gf,0.925,mm,OK,--,7:27:19 PM,2/5/2026,
1803,20.9,gf,0.925,mm,OK,--,7:27:19 PM,2/5/2026,
1804,20.9,gf,0.920,mm,OK,--,7:27:19 PM,2/5/2026,
1805,21.0,gf,0.915,mm,OK,--,7:27:19 PM,2/5/2026,
1806,21.1,gf,0.910,mm,OK,--,7:27:19 PM,2/5/2026,
1807,21.1,gf,0.910,mm,OK,--,7:27:19 PM,2/5/2026,
1808,21.1,gf,0.905,mm,OK,--,7:27:20 PM,2/5/2026,
1809,21.1,gf,0.905,mm,OK,--,7:27:20 PM,2/5/2026,
1810,21.1,gf,0.905,mm,OK,--,7:27:20 PM,2/5/2026,
1811,21.1,gf,0.900,mm,OK,--,7:27:20 PM,2/5/2026,
1812,21.0,gf,0.900,mm,OK,--,7:27:20 PM,2/5/2026,
1813,20.9,gf,0.890,mm,OK,--,7:27:20 PM,2/5/2026,
1814,21.0,gf,0.885,mm,OK,--,7:27:20 PM,2/5/2026,
1815,21.1,gf,0.880,mm,OK,--,7:27:20 PM,2/5/2026,
1816,21.1,gf,0.880,mm,OK,--,7:27:20 PM,2/5/2026,
1817,21.0,gf,0.875,mm,OK,--,7:27:20 PM,2/5/2026,
1818,20.9,gf,0.875,mm,OK,--,7:27:21 PM,2/5/2026,
1819,21.0,gf,0.870,mm,OK,--,7:27:21 PM,2/5/2026,
1820,20.9,gf,0.870,mm,OK,--,7:27:21 PM,2/5/2026,
1821,20.7,gf,0.865,mm,OK,--,7:27:21 PM,2/5/2026,
1822,20.8,gf,0.865,mm,OK,--,7:27:21 PM,2/5/2026,
1823,20.8,gf,0.865,mm,OK,--,7:27:21 PM,2/5/2026,
1824,20.8,gf,0.865,mm,OK,--,7:27:21 PM,2/5/2026,
1825,20.8,gf,0.860,mm,OK,--,7:27:21 PM,2/5/2026,
1826,20.7,gf,0.860,mm,OK,--,7:27:21 PM,2/5/2026,
1827,20.8,gf,0.860,mm,OK,--,7:27:21 PM,2/5/2026,
1828,20.7,gf,0.860,mm,OK,--,7:27:22 PM,2/5/2026,
1829,20.6,gf,0.855,mm,OK,--,7:27:22 PM,2/5/2026,
1830,20.6,gf,0.855,mm,OK,--,7:27:22 PM,2/5/2026,
1831,20.7,gf,0.850,mm,OK,--,7:27:22 PM,2/5/2026,
1832,20.7,gf,0.850,mm,OK,--,7:27:22 PM,2/5/2026,
1833,20.7,gf,0.850,mm,OK,--,7:27:22 PM,2/5/2026,
1834,20.6,gf,0.845,mm,OK,--,7:27:22 PM,2/5/2026,
1835,20.6,gf,0.845,mm,OK,--,7:27:22 PM,2/5/2026,
1836,20.4,gf,0.845,mm,OK,--,7:27:22 PM,2/5/2026,
1837,20.6,gf,0.840,mm,OK,--,7:27:22 PM,2/5/2026,
1838,20.6,gf,0.835,mm,OK,--,7:27:23 PM,2/5/2026,
1839,20.7,gf,0.835,mm,OK,--,7:27:23 PM,2/5/2026,
1840,20.7,gf,0.830,mm,OK,--,7:27:23 PM,2/5/2026,
1841,20.8,gf,0.830,mm,OK,--,7:27:23 PM,2/5/2026,
1842,20.7,gf,0.830,mm,OK,--,7:27:23 PM,2/5/2026,
1843,20.6,gf,0.830,mm,OK,--,7:27:23 PM,2/5/2026,
1844,20.5,gf,0.825,mm,OK,--,7:27:23 PM,2/5/2026,
1845,20.6,gf,0.820,mm,OK,--,7:27:23 PM,2/5/2026,
1846,20.6,gf,0.820,mm,OK,--,7:27:23 PM,2/5/2026,
1847,20.5,gf,0.815,mm,OK,--,7:27:23 PM,2/5/2026,
1848,20.3,gf,0.810,mm,OK,--,7:27:24 PM,2/5/2026,
1849,20.3,gf,0.805,mm,OK,--,7:27:24 PM,2/5/2026,
1850,20.4,gf,0.805,mm,OK,--,7:27:24 PM,2/5/2026,
1851,20.3,gf,0.800,mm,OK,--,7:27:24 PM,2/5/2026,
1852,20.1,gf,0.795,mm,OK,--,7:27:24 PM,2/5/2026,
1853,20.0,gf,0.785,mm,OK,--,7:27:24 PM,2/5/2026,
1854,20.2,gf,0.780,mm,OK,--,7:27:24 PM,2/5/2026,
1855,20.5,gf,0.775,mm,OK,--,7:27:24 PM,2/5/2026,
1856,20.3,gf,0.770,mm,OK,--,7:27:24 PM,2/5/2026,
1857,20.3,gf,0.770,mm,OK,--,7:27:24 PM,2/5/2026,
1858,20.4,gf,0.770,mm,OK,--,7:27:25 PM,2/5/2026,
1859,20.2,gf,0.765,mm,OK,--,7:27:25 PM,2/5/2026,
1860,20.1,gf,0.765,mm,OK,--,7:27:25 PM,2/5/2026,
1861,20.1,gf,0.765,mm,OK,--,7:27:25 PM,2/5/2026,
1862,20.0,gf,0.760,mm,OK,--,7:27:25 PM,2/5/2026,
1863,20.0,gf,0.760,mm,OK,--,7:27:25 PM,2/5/2026,
1864,19.8,gf,0.755,mm,OK,--,7:27:25 PM,2/5/2026,
1865,19.7,gf,0.750,mm,OK,--,7:27:25 PM,2/5/2026,
1866,19.7,gf,0.750,mm,OK,--,7:27:25 PM,2/5/2026,
1867,19.7,gf,0.745,mm,OK,--,7:27:25 PM,2/5/2026,
1868,19.8,gf,0.740,mm,OK,--,7:27:26 PM,2/5/2026,
1869,19.8,gf,0.735,mm,OK,--,7:27:26 PM,2/5/2026,
1870,19.9,gf,0.730,mm,OK,--,7:27:26 PM,2/5/2026,
1871,20.0,gf,0.725,mm,OK,--,7:27:26 PM,2/5/2026,
1872,19.9,gf,0.720,mm,OK,--,7:27:26 PM,2/5/2026,
1873,19.8,gf,0.720,mm,OK,--,7:27:26 PM,2/5/2026,
1874,19.6,gf,0.715,mm,OK,--,7:27:26 PM,2/5/2026,
1875,19.5,gf,0.710,mm,OK,--,7:27:26 PM,2/5/2026,
1876,19.6,gf,0.705,mm,OK,--,7:27:26 PM,2/5/2026,
1877,19.2,gf,0.695,mm,OK,--,7:27:26 PM,2/5/2026,
1878,19.5,gf,0.685,mm,OK,--,7:27:27 PM,2/5/2026,
1879,19.6,gf,0.675,mm,OK,--,7:27:27 PM,2/5/2026,
1880,19.6,gf,0.675,mm,OK,--,7:27:27 PM,2/5/2026,
1881,19.6,gf,0.670,mm,OK,--,7:27:27 PM,2/5/2026,
1882,19.3,gf,0.670,mm,OK,--,7:27:27 PM,2/5/2026,
1883,19.3,gf,0.665,mm,OK,--,7:27:27 PM,2/5/2026,
1884,19.3,gf,0.655,mm,OK,--,7:27:27 PM,2/5/2026,
1885,19.2,gf,0.650,mm,OK,--,7:27:27 PM,2/5/2026,
1886,19.1,gf,0.645,mm,OK,--,7:27:27 PM,2/5/2026,
1887,18.9,gf,0.640,mm,OK,--,7:27:27 PM,2/5/2026,
1888,18.8,gf,0.635,mm,OK,--,7:27:28 PM,2/5/2026,
1889,18.6,gf,0.630,mm,OK,--,7:27:28 PM,2/5/2026,
1890,18.5,gf,0.620,mm,OK,--,7:27:28 PM,2/5/2026,
1891,18.4,gf,0.610,mm,OK,--,7:27:28 PM,2/5/2026,
1892,18.3,gf,0.595,mm,OK,--,7:27:28 PM,2/5/2026,
1893,18.2,gf,0.590,mm,OK,--,7:27:28 PM,2/5/2026,
1894,18.3,gf,0.580,mm,OK,--,7:27:28 PM,2/5/2026,
1895,18.4,gf,0.575,mm,OK,--,7:27:28 PM,2/5/2026,
1896,18.4,gf,0.570,mm,OK,--,7:27:28 PM,2/5/2026,
1897,18.3,gf,0.565,mm,OK,--,7:27:28 PM,2/5/2026,
1898,18.4,gf,0.560,mm,OK,--,7:27:29 PM,2/5/2026,
1899,18.4,gf,0.555,mm,OK,--,7:27:29 PM,2/5/2026,
1900,18.3,gf,0.550,mm,OK,--,7:27:29 PM,2/5/2026,
1901,18.3,gf,0.550,mm,OK,--,7:27:29 PM,2/5/2026,
1902,18.1,gf,0.545,mm,OK,--,7:27:29 PM,2/5/2026,
1903,18.0,gf,0.540,mm,OK,--,7:27:29 PM,2/5/2026,
1904,17.9,gf,0.530,mm,OK,--,7:27:29 PM,2/5/2026,
1905,17.9,gf,0.520,mm,OK,--,7:27:29 PM,2/5/2026,
1906,17.9,gf,0.515,mm,OK,--,7:27:29 PM,2/5/2026,
1907,17.9,gf,0.510,mm,OK,--,7:27:29 PM,2/5/2026,
1908,17.9,gf,0.505,mm,OK,--,7:27:30 PM,2/5/2026,
1909,17.7,gf,0.500,mm,OK,--,7:27:30 PM,2/5/2026,
1910,17.5,gf,0.495,mm,OK,--,7:27:30 PM,2/5/2026,
1911,17.2,gf,0.490,mm,OK,--,7:27:30 PM,2/5/2026,
1912,17.3,gf,0.475,mm,OK,--,7:27:30 PM,2/5/2026,
1913,17.4,gf,0.470,mm,OK,--,7:27:30 PM,2/5/2026,
1914,17.3,gf,0.460,mm,OK,--,7:27:30 PM,2/5/2026,
1915,17.2,gf,0.445,mm,OK,--,7:27:30 PM,2/5/2026,
1916,17.3,gf,0.435,mm,OK,--,7:27:30 PM,2/5/2026,
1917,17.4,gf,0.435,mm,OK,--,7:27:30 PM,2/5/2026,
1918,17.1,gf,0.430,mm,OK,--,7:27:31 PM,2/5/2026,
1919,16.8,gf,0.425,mm,OK,--,7:27:31 PM,2/5/2026,
1920,16.6,gf,0.415,mm,OK,--,7:27:31 PM,2/5/2026,
1921,16.6,gf,0.410,mm,OK,--,7:27:31 PM,2/5/2026,
1922,16.6,gf,0.400,mm,OK,--,7:27:31 PM,2/5/2026,
1923,16.8,gf,0.395,mm,OK,--,7:27:31 PM,2/5/2026,
1924,16.7,gf,0.390,mm,OK,--,7:27:31 PM,2/5/2026,
1925,16.7,gf,0.385,mm,OK,--,7:27:31 PM,2/5/2026,
1926,16.5,gf,0.380,mm,OK,--,7:27:31 PM,2/5/2026,
1927,16.5,gf,0.375,mm,OK,--,7:27:31 PM,2/5/2026,
1928,16.5,gf,0.365,mm,OK,--,7:27:32 PM,2/5/2026,
1929,16.4,gf,0.360,mm,OK,--,7:27:32 PM,2/5/2026,
1930,16.4,gf,0.355,mm,OK,--,7:27:32 PM,2/5/2026,
1931,16.3,gf,0.345,mm,OK,--,7:27:32 PM,2/5/2026,
1932,16.3,gf,0.340,mm,OK,--,7:27:32 PM,2/5/2026,
1933,16.3,gf,0.330,mm,OK,--,7:27:32 PM,2/5/2026,
1934,16.2,gf,0.325,mm,OK,--,7:27:32 PM,2/5/2026,
1935,16.1,gf,0.320,mm,OK,--,7:27:32 PM,2/5/2026,
1936,15.8,gf,0.315,mm,OK,--,7:27:32 PM,2/5/2026,
1937,15.6,gf,0.305,mm,OK,--,7:27:32 PM,2/5/2026,
1938,15.6,gf,0.295,mm,OK,--,7:27:33 PM,2/5/2026,
1939,15.8,gf,0.285,mm,OK,--,7:27:33 PM,2/5/2026,
1940,16.0,gf,0.275,mm,OK,--,7:27:33 PM,2/5/2026,
1941,16.0,gf,0.270,mm,OK,--,7:27:33 PM,2/5/2026,
1942,16.0,gf,0.260,mm,OK,--,7:27:33 PM,2/5/2026,
1943,15.6,gf,0.255,mm,OK,--,7:27:33 PM,2/5/2026,
1944,15.2,gf,0.250,mm,OK,--,7:27:33 PM,2/5/2026,
1945,14.6,gf,0.250,mm,OK,--,7:27:33 PM,2/5/2026,
1946,14.1,gf,0.245,mm,OK,--,7:27:33 PM,2/5/2026,
1947,13.3,gf,0.240,mm,OK,--,7:27:33 PM,2/5/2026,
1948,11.6,gf,0.235,mm,OK,--,7:27:34 PM,2/5/2026,
1949,10.4,gf,0.225,mm,OK,--,7:27:34 PM,2/5/2026,
1950,8.4,gf,0.215,mm,OK,--,7:27:34 PM,2/5/2026,
1951,5.1,gf,0.205,mm,OK,--,7:27:34 PM,2/5/2026,
1952,0.0,gf,0.190,mm,OK,--,7:27:34 PM,2/5/2026,
1953,0.0,gf,0.170,mm,OK,--,7:27:34 PM,2/5/2026,
1954,-0.1,gf,0.155,mm,OK,--,7:27:34 PM,2/5/2026,
1955,0.0,gf,0.135,mm,OK,--,7:27:34 PM,2/5/2026,
1956,0.2,gf,0.110,mm,OK,--,7:27:34 PM,2/5/2026,
1957,0.1,gf,0.090,mm,OK,--,7:27:34 PM,2/5/2026,
1958,0.1,gf,0.080,mm,OK,--,7:27:35 PM,2/5/2026,
1959,0.0,gf,0.070,mm,OK,--,7:27:35 PM,2/5/2026,
1960,0.0,gf,0.065,mm,OK,--,7:27:35 PM,2/5/2026,
1961,-0.1,gf,0.050,mm,OK,--,7:27:35 PM,2/5/2026,
1962,0.0,gf,0.035,mm,OK,--,7:27:35 PM,2/5/2026,
1963,0.1,gf,0.020,mm,OK,--,7:27:35 PM,2/5/2026,
1964,0.0,gf,0.010,mm,OK,--,7:27:35 PM,2/5/2026,
1965,0.1,gf,0.000,mm,OK,--,7:27:35 PM,2/5/2026,
1966,-0.1,gf,-0.015,mm,OK,--,7:27:35 PM,2/5/2026,
1967,0.1,gf,-0.025,mm,OK,--,7:27:35 PM,2/5/2026,
1968,0.1,gf,-0.040,mm,OK,--,7:27:36 PM,2/5/2026,
1969,0.1,gf,-0.055,mm,OK,--,7:27:36 PM,2/5/2026,
1970,-0.1,gf,-0.055,mm,OK,--,7:27:36 PM,2/5/2026,
1971,0.1,gf,-0.055,mm,OK,--,7:27:36 PM,2/5/2026,
1972,0.2,gf,-0.055,mm,OK,--,7:27:36 PM,2/5/2026,
1973,0.2,gf,-0.055,mm,OK,--,7:27:36 PM,2/5/2026,
1974,0.2,gf,-0.055,mm,OK,--,7:27:36 PM,2/5/2026,
1975,0.0,gf,-0.055,mm,OK,--,7:27:36 PM,2/5/2026,
1976,0.1,gf,-0.055,mm,OK,--,7:27:36 PM,2/5/2026,
1977,0.0,gf,-0.055,mm,OK,--,7:27:36 PM,2/5/2026,
1978,0.0,gf,-0.055,mm,OK,--,7:27:37 PM,2/5/2026,
1979,0.1,gf,-0.055,mm,OK,--,7:27:37 PM,2/5/2026,
1980,0.2,gf,-0.055,mm,OK,--,7:27:37 PM,2/5/2026,
1981,-0.3,gf,-0.050,mm,OK,--,7:27:37 PM,2/5/2026,
1982,-0.2,gf,-0.050,mm,OK,--,7:27:37 PM,2/5/2026,
1983,0.1,gf,-0.045,mm,OK,--,7:27:37 PM,2/5/2026,
1984,0.1,gf,-0.040,mm,OK,--,7:27:37 PM,2/5/2026,
1985,0.1,gf,-0.040,mm,OK,--,7:27:37 PM,2/5/2026,
1986,-0.1,gf,-0.035,mm,OK,--,7:27:37 PM,2/5/2026,
1987,0.0,gf,-0.035,mm,OK,--,7:27:37 PM,2/5/2026,
1988,0.1,gf,-0.035,mm,OK,--,7:27:38 PM,2/5/2026,
1989,-0.1,gf,-0.030,mm,OK,--,7:27:38 PM,2/5/2026,
1990,-0.1,gf,-0.030,mm,OK,--,7:27:38 PM,2/5/2026,
1991,0.0,gf,-0.025,mm,OK,--,7:27:38 PM,2/5/2026,
1992,0.2,gf,-0.025,mm,OK,--,7:27:38 PM,2/5/2026,
1993,0.0,gf,-0.025,mm,OK,--,7:27:38 PM,2/5/2026,
1994,0.0,gf,-0.020,mm,OK,--,7:27:38 PM,2/5/2026,
