Maximum,192.7,@,No.1035,,,,,,
Minimum,-0.2,@,No.1883,,,,,,
Average,48.52,,,,,,,,
Data Quantity,1926,,,,,,,,
Number of NG,0,,,,,,,,
No.,Force,Unit,Displacement,Unit,Judge,Position,Time,Date,
1,0.0,gf,0.000,mm,OK,--,8:01:09 PM,8/19/2026,
2,0.0,gf,0.000,mm,OK,--,8:01:09 PM,8/19/2026,
3,0.0,gf,0.000,mm,OK,--,8:01:09 PM,8/19/2026,
4,0.0,gf,0.000,mm,OK,--,8:01:09 PM,8/19/2026,
5,0.0,gf,0.000,mm,OK,--,8:01:09 PM,8/19/2026,
6,0.0,gf,0.000,mm,OK,--,8:01:09 PM,8/19/2026,
7,0.0,gf,0.000,mm,OK,--,8:01:09 PM,8/19/2026,
8,0.0,gf,0.000,mm,OK,--,8:01:09 PM,8/19/2026,
9,0.0,gf,0.005,mm,OK,--,8:01:10 PM,8/19/2026,
10,0.0,gf,0.005,mm,OK,--,8:01:10 PM,8/19/2026,
11,0.0,gf,0.005,mm,OK,--,8:01:10 PM,8/19/2026,
12,0.0,gf,0.010,mm,OK,--,8:01:10 PM,8/19/2026,
13,-0.1,gf,0.010,mm,OK,--,8:01:10 PM,8/19/2026,
14,0.1,gf,0.010,mm,OK,--,8:01:10 PM,8/19/2026,
15,0.0,gf,0.010,mm,OK,--,8:01:10 PM,8/19/2026,
16,0.0,gf,0.015,mm,OK,--,8:01:10 PM,8/19/2026,
17,0.0,gf,0.015,mm,OK,--,8:01:10 PM,8/19/2026,
18,0.0,gf,0.015,mm,OK,--,8:01:10 PM,8/19/2026,
19,0.0,gf,0.015,mm,OK,--,8:01:11 PM,8/19/2026,
20,0.0,gf,0.015,mm,OK,--,8:01:11 PM,8/19/2026,
21,0.0,gf,0.015,mm,OK,--,8:01:11 PM,8/19/2026,
22,0.0,gf,0.020,mm,OK,--,8:01:11 PM,8/19/2026,
23,0.0,gf,0.020,mm,OK,--,8:01:11 PM,8/19/2026,
24,0.1,gf,0.030,mm,OK,--,8:01:11 PM,8/19/2026,
25,0.0,gf,0.045,mm,OK,--,8:01:11 PM,8/19/2026,
26,0.0,gf,0.055,mm,OK,--,8:01:11 PM,8/19/2026,
27,0.0,gf,0.060,mm,OK,--,8:01:11 PM,8/19/2026,
28,0.0,gf,0.070,mm,OK,--,8:01:11 PM,8/19/2026,
29,0.0,gf,0.075,mm,OK,--,8:01:12 PM,8/19/2026,
30,0.0,gf,0.080,mm,OK,--,8:01:12 PM,8/19/2026,
31,0.0,gf,0.100,mm,OK,--,8:01:12 PM,8/19/2026,
32,0.0,gf,0.110,mm,OK,--,8:01:12 PM,8/19/2026,
33,0.0,gf,0.120,mm,OK,--,8:01:12 PM,8/19/2026,
34,0.0,gf,0.125,mm,OK,--,8:01:12 PM,8/19/2026,
35,0.0,gf,0.130,mm,OK,--,8:01:12 PM,8/19/2026,
36,0.0,gf,0.140,mm,OK,--,8:01:12 PM,8/19/2026,
37,0.0,gf,0.145,mm,OK,--,8:01:12 PM,8/19/2026,
38,0.0,gf,0.150,mm,OK,--,8:01:12 PM,8/19/2026,
39,0.0,gf,0.165,mm,OK,--,8:01:13 PM,8/19/2026,
40,0.0,gf,0.170,mm,OK,--,8:01:13 PM,8/19/2026,
41,0.0,gf,0.180,mm,OK,--,8:01:13 PM,8/19/2026,
42,0.0,gf,0.190,mm,OK,--,8:01:13 PM,8/19/2026,
43,0.0,gf,0.195,mm,OK,--,8:01:13 PM,8/19/2026,
44,0.0,gf,0.200,mm,OK,--,8:01:13 PM,8/19/2026,
45,0.0,gf,0.205,mm,OK,--,8:01:13 PM,8/19/2026,
46,0.0,gf,0.205,mm,OK,--,8:01:13 PM,8/19/2026,
47,0.0,gf,0.205,mm,OK,--,8:01:13 PM,8/19/2026,
48,1.4,gf,0.210,mm,OK,--,8:01:13 PM,8/19/2026,
49,3.3,gf,0.210,mm,OK,--,8:01:14 PM,8/19/2026,
50,6.8,gf,0.215,mm,OK,--,8:01:14 PM,8/19/2026,
51,8.1,gf,0.220,mm,OK,--,8:01:14 PM,8/19/2026,
52,8.9,gf,0.220,mm,OK,--,8:01:14 PM,8/19/2026,
53,9.5,gf,0.225,mm,OK,--,8:01:14 PM,8/19/2026,
54,10.2,gf,0.225,mm,OK,--,8:01:14 PM,8/19/2026,
55,11.0,gf,0.230,mm,OK,--,8:01:14 PM,8/19/2026,
56,11.8,gf,0.230,mm,OK,--,8:01:14 PM,8/19/2026,
57,13.0,gf,0.235,mm,OK,--,8:01:14 PM,8/19/2026,
58,13.8,gf,0.235,mm,OK,--,8:01:14 PM,8/19/2026,
59,14.3,gf,0.240,mm,OK,--,8:01:15 PM,8/19/2026,
60,14.7,gf,0.240,mm,OK,--,8:01:15 PM,8/19/2026,
61,15.2,gf,0.240,mm,OK,--,8:01:15 PM,8/19/2026,
62,15.9,gf,0.245,mm,OK,--,8:01:15 PM,8/19/2026,
63,16.4,gf,0.245,mm,OK,--,8:01:15 PM,8/19/2026,
64,16.9,gf,0.245,mm,OK,--,8:01:15 PM,8/19/2026,
65,17.7,gf,0.250,mm,OK,--,8:01:15 PM,8/19/2026,
66,18.4,gf,0.250,mm,OK,--,8:01:15 PM,8/19/2026,
67,19.1,gf,0.255,mm,OK,--,8:01:15 PM,8/19/2026,
68,19.7,gf,0.255,mm,OK,--,8:01:15 PM,8/19/2026,
69,20.3,gf,0.255,mm,OK,--,8:01:16 PM,8/19/2026,
70,20.9,gf,0.260,mm,OK,--,8:01:16 PM,8/19/2026,
71,21.4,gf,0.260,mm,OK,--,8:01:16 PM,8/19/2026,
72,21.6,gf,0.265,mm,OK,--,8:01:16 PM,8/19/2026,
73,22.0,gf,0.265,mm,OK,--,8:01:16 PM,8/19/2026,
74,22.6,gf,0.265,mm,OK,--,8:01:16 PM,8/19/2026,
75,22.9,gf,0.270,mm,OK,--,8:01:16 PM,8/19/2026,
76,23.3,gf,0.270,mm,OK,--,8:01:16 PM,8/19/2026,
77,24.0,gf,0.270,mm,OK,--,8:01:16 PM,8/19/2026,
78,24.2,gf,0.275,mm,OK,--,8:01:16 PM,8/19/2026,
79,24.8,gf,0.275,mm,OK,--,8:01:17 PM,8/19/2026,
80,25.4,gf,0.280,mm,OK,--,8:01:17 PM,8/19/2026,
81,27.4,gf,0.285,mm,OK,--,8:01:17 PM,8/19/2026,
82,28.9,gf,0.295,mm,OK,--,8:01:17 PM,8/19/2026,
83,29.7,gf,0.300,mm,OK,--,8:01:17 PM,8/19/2026,
84,30.4,gf,0.305,mm,OK,--,8:01:17 PM,8/19/2026,
85,30.8,gf,0.310,mm,OK,--,8:01:17 PM,8/19/2026,
86,31.1,gf,0.310,mm,OK,--,8:01:17 PM,8/19/2026,
87,31.2,gf,0.315,mm,OK,--,8:01:17 PM,8/19/2026,
88,31.4,gf,0.315,mm,OK,--,8:01:17 PM,8/19/2026,
89,31.6,gf,0.320,mm,OK,--,8:01:18 PM,8/19/2026,
90,31.7,gf,0.320,mm,OK,--,8:01:18 PM,8/19/2026,
91,31.9,gf,0.325,mm,OK,--,8:01:18 PM,8/19/2026,
92,31.9,gf,0.325,mm,OK,--,8:01:18 PM,8/19/2026,
93,32.1,gf,0.330,mm,OK,--,8:01:18 PM,8/19/2026,
94,32.2,gf,0.330,mm,OK,--,8:01:18 PM,8/19/2026,
95,32.2,gf,0.330,mm,OK,--,8:01:18 PM,8/19/2026,
96,32.3,gf,0.335,mm,OK,--,8:01:18 PM,8/19/2026,
97,32.3,gf,0.335,mm,OK,--,8:01:18 PM,8/19/2026,
98,32.3,gf,0.335,mm,OK,--,8:01:18 PM,8/19/2026,
99,32.4,gf,0.335,mm,OK,--,8:01:19 PM,8/19/2026,
100,32.5,gf,0.340,mm,OK,--,8:01:19 PM,8/19/2026,
101,32.5,gf,0.345,mm,OK,--,8:01:19 PM,8/19/2026,
102,32.5,gf,0.345,mm,OK,--,8:01:19 PM,8/19/2026,
103,32.5,gf,0.350,mm,OK,--,8:01:19 PM,8/19/2026,
104,32.5,gf,0.355,mm,OK,--,8:01:19 PM,8/19/2026,
105,32.5,gf,0.355,mm,OK,--,8:01:19 PM,8/19/2026,
106,32.5,gf,0.360,mm,OK,--,8:01:19 PM,8/19/2026,
107,32.6,gf,0.360,mm,OK,--,8:01:19 PM,8/19/2026,
108,32.6,gf,0.365,mm,OK,--,8:01:19 PM,8/19/2026,
109,32.7,gf,0.370,mm,OK,--,8:01:20 PM,8/19/2026,
110,32.7,gf,0.375,mm,OK,--,8:01:20 PM,8/19/2026,
111,32.7,gf,0.380,mm,OK,--,8:01:20 PM,8/19/2026,
112,32.7,gf,0.385,mm,OK,--,8:01:20 PM,8/19/2026,
113,32.7,gf,0.390,mm,OK,--,8:01:20 PM,8/19/2026,
114,32.7,gf,0.395,mm,OK,--,8:01:20 PM,8/19/2026,
115,32.6,gf,0.400,mm,OK,--,8:01:20 PM,8/19/2026,
116,32.7,gf,0.405,mm,OK,--,8:01:20 PM,8/19/2026,
117,32.8,gf,0.410,mm,OK,--,8:01:20 PM,8/19/2026,
118,32.7,gf,0.415,mm,OK,--,8:01:20 PM,8/19/2026,
119,32.6,gf,0.420,mm,OK,--,8:01:21 PM,8/19/2026,
120,32.7,gf,0.425,mm,OK,--,8:01:21 PM,8/19/2026,
121,32.7,gf,0.430,mm,OK,--,8:01:21 PM,8/19/2026,
122,32.6,gf,0.435,mm,OK,--,8:01:21 PM,8/19/2026,
123,32.6,gf,0.440,mm,OK,--,8:01:21 PM,8/19/2026,
124,32.7,gf,0.445,mm,OK,--,8:01:21 PM,8/19/2026,
125,32.7,gf,0.450,mm,OK,--,8:01:21 PM,8/19/2026,
126,32.6,gf,0.455,mm,OK,--,8:01:21 PM,8/19/2026,
127,32.6,gf,0.460,mm,OK,--,8:01:21 PM,8/19/2026,
128,32.6,gf,0.465,mm,OK,--,8:01:21 PM,8/19/2026,
129,32.7,gf,0.470,mm,OK,--,8:01:22 PM,8/19/2026,
130,32.7,gf,0.470,mm,OK,--,8:01:22 PM,8/19/2026,
131,32.8,gf,0.475,mm,OK,--,8:01:22 PM,8/19/2026,
132,32.8,gf,0.480,mm,OK,--,8:01:22 PM,8/19/2026,
133,32.8,gf,0.485,mm,OK,--,8:01:22 PM,8/19/2026,
134,32.9,gf,0.490,mm,OK,--,8:01:22 PM,8/19/2026,
135,33.1,gf,0.495,mm,OK,--,8:01:22 PM,8/19/2026,
136,33.1,gf,0.505,mm,OK,--,8:01:22 PM,8/19/2026,
137,33.1,gf,0.515,mm,OK,--,8:01:22 PM,8/19/2026,
138,33.0,gf,0.525,mm,OK,--,8:01:22 PM,8/19/2026,
139,32.9,gf,0.530,mm,OK,--,8:01:23 PM,8/19/2026,
140,32.9,gf,0.535,mm,OK,--,8:01:23 PM,8/19/2026,
141,32.9,gf,0.535,mm,OK,--,8:01:23 PM,8/19/2026,
142,32.9,gf,0.540,mm,OK,--,8:01:23 PM,8/19/2026,
143,33.1,gf,0.545,mm,OK,--,8:01:23 PM,8/19/2026,
144,33.0,gf,0.550,mm,OK,--,8:01:23 PM,8/19/2026,
145,33.1,gf,0.550,mm,OK,--,8:01:23 PM,8/19/2026,
146,33.1,gf,0.555,mm,OK,--,8:01:23 PM,8/19/2026,
147,33.2,gf,0.560,mm,OK,--,8:01:23 PM,8/19/2026,
148,33.1,gf,0.565,mm,OK,--,8:01:23 PM,8/19/2026,
149,33.2,gf,0.565,mm,OK,--,8:01:24 PM,8/19/2026,
150,33.2,gf,0.570,mm,OK,--,8:01:24 PM,8/19/2026,
151,33.3,gf,0.570,mm,OK,--,8:01:24 PM,8/19/2026,
152,33.3,gf,0.575,mm,OK,--,8:01:24 PM,8/19/2026,
153,33.3,gf,0.575,mm,OK,--,8:01:24 PM,8/19/2026,
154,33.5,gf,0.580,mm,OK,--,8:01:24 PM,8/19/2026,
155,33.4,gf,0.585,mm,OK,--,8:01:24 PM,8/19/2026,
156,33.3,gf,0.585,mm,OK,--,8:01:24 PM,8/19/2026,
157,33.3,gf,0.590,mm,OK,--,8:01:24 PM,8/19/2026,
158,33.3,gf,0.590,mm,OK,--,8:01:24 PM,8/19/2026,
159,33.4,gf,0.595,mm,OK,--,8:01:25 PM,8/19/2026,
160,33.4,gf,0.595,mm,OK,--,8:01:25 PM,8/19/2026,
161,33.4,gf,0.600,mm,OK,--,8:01:25 PM,8/19/2026,
162,33.4,gf,0.600,mm,OK,--,8:01:25 PM,8/19/2026,
163,33.3,gf,0.605,mm,OK,--,8:01:25 PM,8/19/2026,
164,33.2,gf,0.605,mm,OK,--,8:01:25 PM,8/19/2026,
165,33.1,gf,0.605,mm,OK,--,8:01:25 PM,8/19/2026,
166,33.3,gf,0.610,mm,OK,--,8:01:25 PM,8/19/2026,
167,33.4,gf,0.610,mm,OK,--,8:01:25 PM,8/19/2026,
168,33.3,gf,0.615,mm,OK,--,8:01:25 PM,8/19/2026,
169,33.3,gf,0.615,mm,OK,--,8:01:26 PM,8/19/2026,
170,33.3,gf,0.620,mm,OK,--,8:01:26 PM,8/19/2026,
171,33.3,gf,0.620,mm,OK,--,8:01:26 PM,8/19/2026,
172,33.3,gf,0.625,mm,OK,--,8:01:26 PM,8/19/2026,
173,33.3,gf,0.625,mm,OK,--,8:01:26 PM,8/19/2026,
174,33.4,gf,0.630,mm,OK,--,8:01:26 PM,8/19/2026,
175,33.4,gf,0.630,mm,OK,--,8:01:26 PM,8/19/2026,
176,33.4,gf,0.630,mm,OK,--,8:01:26 PM,8/19/2026,
177,33.4,gf,0.635,mm,OK,--,8:01:26 PM,8/19/2026,
178,33.4,gf,0.635,mm,OK,--,8:01:26 PM,8/19/2026,
179,33.4,gf,0.635,mm,OK,--,8:01:27 PM,8/19/2026,
180,33.5,gf,0.640,mm,OK,--,8:01:27 PM,8/19/2026,
181,33.6,gf,0.645,mm,OK,--,8:01:27 PM,8/19/2026,
182,33.6,gf,0.645,mm,OK,--,8:01:27 PM,8/19/2026,
183,33.5,gf,0.650,mm,OK,--,8:01:27 PM,8/19/2026,
184,33.5,gf,0.655,mm,OK,--,8:01:27 PM,8/19/2026,
185,33.5,gf,0.655,mm,OK,--,8:01:27 PM,8/19/2026,
186,33.6,gf,0.660,mm,OK,--,8:01:27 PM,8/19/2026,
187,33.5,gf,0.660,mm,OK,--,8:01:27 PM,8/19/2026,
188,33.6,gf,0.660,mm,OK,--,8:01:27 PM,8/19/2026,
189,33.5,gf,0.665,mm,OK,--,8:01:28 PM,8/19/2026,
190,33.5,gf,0.665,mm,OK,--,8:01:28 PM,8/19/2026,
191,33.5,gf,0.665,mm,OK,--,8:01:28 PM,8/19/2026,
192,33.4,gf,0.665,mm,OK,--,8:01:28 PM,8/19/2026,
193,33.5,gf,0.670,mm,OK,--,8:01:28 PM,8/19/2026,
194,33.5,gf,0.670,mm,OK,--,8:01:28 PM,8/19/2026,
195,33.5,gf,0.670,mm,OK,--,8:01:28 PM,8/19/2026,
196,33.5,gf,0.670,mm,OK,--,8:01:28 PM,8/19/2026,
197,33.5,gf,0.670,mm,OK,--,8:01:28 PM,8/19/2026,
198,33.4,gf,0.670,mm,OK,--,8:01:28 PM,8/19/2026,
199,33.5,gf,0.670,mm,OK,--,8:01:29 PM,8/19/2026,
200,33.5,gf,0.670,mm,OK,--,8:01:29 PM,8/19/2026,
201,33.5,gf,0.670,mm,OK,--,8:01:29 PM,8/19/2026,
202,33.6,gf,0.670,mm,OK,--,8:01:29 PM,8/19/2026,
203,33.6,gf,0.675,mm,OK,--,8:01:29 PM,8/19/2026,
204,33.7,gf,0.675,mm,OK,--,8:01:29 PM,8/19/2026,
205,33.5,gf,0.675,mm,OK,--,8:01:29 PM,8/19/2026,
206,33.6,gf,0.675,mm,OK,--,8:01:29 PM,8/19/2026,
207,33.6,gf,0.675,mm,OK,--,8:01:29 PM,8/19/2026,
208,33.6,gf,0.680,mm,OK,--,8:01:29 PM,8/19/2026,
209,33.6,gf,0.680,mm,OK,--,8:01:30 PM,8/19/2026,
210,33.5,gf,0.680,mm,OK,--,8:01:30 PM,8/19/2026,
211,33.6,gf,0.685,mm,OK,--,8:01:30 PM,8/19/2026,
212,33.6,gf,0.685,mm,OK,--,8:01:30 PM,8/19/2026,
213,33.5,gf,0.685,mm,OK,--,8:01:30 PM,8/19/2026,
214,33.5,gf,0.685,mm,OK,--,8:01:30 PM,8/19/2026,
215,33.5,gf,0.690,mm,OK,--,8:01:30 PM,8/19/2026,
216,33.5,gf,0.690,mm,OK,--,8:01:30 PM,8/19/2026,
217,33.5,gf,0.690,mm,OK,--,8:01:30 PM,8/19/2026,
218,33.5,gf,0.690,mm,OK,--,8:01:30 PM,8/19/2026,
219,33.6,gf,0.695,mm,OK,--,8:01:31 PM,8/19/2026,
220,33.6,gf,0.695,mm,OK,--,8:01:31 PM,8/19/2026,
221,33.6,gf,0.700,mm,OK,--,8:01:31 PM,8/19/2026,
222,33.7,gf,0.705,mm,OK,--,8:01:31 PM,8/19/2026,
223,33.7,gf,0.710,mm,OK,--,8:01:31 PM,8/19/2026,
224,33.8,gf,0.715,mm,OK,--,8:01:31 PM,8/19/2026,
225,33.7,gf,0.715,mm,OK,--,8:01:31 PM,8/19/2026,
226,33.8,gf,0.720,mm,OK,--,8:01:31 PM,8/19/2026,
227,33.8,gf,0.720,mm,OK,--,8:01:31 PM,8/19/2026,
228,33.8,gf,0.725,mm,OK,--,8:01:31 PM,8/19/2026,
229,33.8,gf,0.725,mm,OK,--,8:01:32 PM,8/19/2026,
230,33.8,gf,0.730,mm,OK,--,8:01:32 PM,8/19/2026,
231,33.9,gf,0.730,mm,OK,--,8:01:32 PM,8/19/2026,
232,33.9,gf,0.735,mm,OK,--,8:01:32 PM,8/19/2026,
233,33.9,gf,0.735,mm,OK,--,8:01:32 PM,8/19/2026,
234,33.9,gf,0.735,mm,OK,--,8:01:32 PM,8/19/2026,
235,33.9,gf,0.735,mm,OK,--,8:01:32 PM,8/19/2026,
236,33.9,gf,0.740,mm,OK,--,8:01:32 PM,8/19/2026,
237,34.0,gf,0.740,mm,OK,--,8:01:32 PM,8/19/2026,
238,33.9,gf,0.740,mm,OK,--,8:01:32 PM,8/19/2026,
239,33.9,gf,0.740,mm,OK,--,8:01:33 PM,8/19/2026,
240,33.9,gf,0.745,mm,OK,--,8:01:33 PM,8/19/2026,
241,34.0,gf,0.745,mm,OK,--,8:01:33 PM,8/19/2026,
242,34.0,gf,0.745,mm,OK,--,8:01:33 PM,8/19/2026,
243,33.9,gf,0.745,mm,OK,--,8:01:33 PM,8/19/2026,
244,34.0,gf,0.750,mm,OK,--,8:01:33 PM,8/19/2026,
245,34.0,gf,0.750,mm,OK,--,8:01:33 PM,8/19/2026,
246,34.0,gf,0.750,mm,OK,--,8:01:33 PM,8/19/2026,
247,34.0,gf,0.755,mm,OK,--,8:01:33 PM,8/19/2026,
248,34.0,gf,0.755,mm,OK,--,8:01:33 PM,8/19/2026,
249,33.9,gf,0.755,mm,OK,--,8:01:34 PM,8/19/2026,
250,34.0,gf,0.755,mm,OK,--,8:01:34 PM,8/19/2026,
251,34.0,gf,0.760,mm,OK,--,8:01:34 PM,8/19/2026,
252,34.0,gf,0.760,mm,OK,--,8:01:34 PM,8/19/2026,
253,34.0,gf,0.760,mm,OK,--,8:01:34 PM,8/19/2026,
254,34.0,gf,0.765,mm,OK,--,8:01:34 PM,8/19/2026,
255,34.0,gf,0.765,mm,OK,--,8:01:34 PM,8/19/2026,
256,34.0,gf,0.765,mm,OK,--,8:01:34 PM,8/19/2026,
257,34.1,gf,0.770,mm,OK,--,8:01:34 PM,8/19/2026,
258,34.1,gf,0.770,mm,OK,--,8:01:34 PM,8/19/2026,
259,34.1,gf,0.770,mm,OK,--,8:01:35 PM,8/19/2026,
260,34.1,gf,0.770,mm,OK,--,8:01:35 PM,8/19/2026,
261,34.2,gf,0.775,mm,OK,--,8:01:35 PM,8/19/2026,
262,34.2,gf,0.775,mm,OK,--,8:01:35 PM,8/19/2026,
263,34.2,gf,0.780,mm,OK,--,8:01:35 PM,8/19/2026,
264,34.2,gf,0.780,mm,OK,--,8:01:35 PM,8/19/2026,
265,34.2,gf,0.785,mm,OK,--,8:01:35 PM,8/19/2026,
266,34.3,gf,0.785,mm,OK,--,8:01:35 PM,8/19/2026,
267,34.3,gf,0.790,mm,OK,--,8:01:35 PM,8/19/2026,
268,34.3,gf,0.790,mm,OK,--,8:01:35 PM,8/19/2026,
269,34.3,gf,0.795,mm,OK,--,8:01:36 PM,8/19/2026,
270,34.3,gf,0.795,mm,OK,--,8:01:36 PM,8/19/2026,
271,34.4,gf,0.795,mm,OK,--,8:01:36 PM,8/19/2026,
272,34.4,gf,0.800,mm,OK,--,8:01:36 PM,8/19/2026,
273,34.4,gf,0.805,mm,OK,--,8:01:36 PM,8/19/2026,
274,34.4,gf,0.810,mm,OK,--,8:01:36 PM,8/19/2026,
275,34.3,gf,0.810,mm,OK,--,8:01:36 PM,8/19/2026,
276,34.4,gf,0.815,mm,OK,--,8:01:36 PM,8/19/2026,
277,34.4,gf,0.820,mm,OK,--,8:01:36 PM,8/19/2026,
278,34.4,gf,0.820,mm,OK,--,8:01:36 PM,8/19/2026,
279,34.4,gf,0.825,mm,OK,--,8:01:37 PM,8/19/2026,
280,34.4,gf,0.830,mm,OK,--,8:01:37 PM,8/19/2026,
281,34.5,gf,0.835,mm,OK,--,8:01:37 PM,8/19/2026,
282,34.5,gf,0.840,mm,OK,--,8:01:37 PM,8/19/2026,
283,34.5,gf,0.840,mm,OK,--,8:01:37 PM,8/19/2026,
284,34.5,gf,0.845,mm,OK,--,8:01:37 PM,8/19/2026,
285,34.5,gf,0.845,mm,OK,--,8:01:37 PM,8/19/2026,
286,34.5,gf,0.850,mm,OK,--,8:01:37 PM,8/19/2026,
287,34.6,gf,0.855,mm,OK,--,8:01:37 PM,8/19/2026,
288,34.6,gf,0.855,mm,OK,--,8:01:37 PM,8/19/2026,
289,34.6,gf,0.865,mm,OK,--,8:01:38 PM,8/19/2026,
290,34.5,gf,0.870,mm,OK,--,8:01:38 PM,8/19/2026,
291,34.5,gf,0.870,mm,OK,--,8:01:38 PM,8/19/2026,
292,34.6,gf,0.875,mm,OK,--,8:01:38 PM,8/19/2026,
293,34.6,gf,0.880,mm,OK,--,8:01:38 PM,8/19/2026,
294,34.7,gf,0.890,mm,OK,--,8:01:38 PM,8/19/2026,
295,34.7,gf,0.900,mm,OK,--,8:01:38 PM,8/19/2026,
296,34.6,gf,0.905,mm,OK,--,8:01:38 PM,8/19/2026,
297,34.6,gf,0.910,mm,OK,--,8:01:38 PM,8/19/2026,
298,34.6,gf,0.915,mm,OK,--,8:01:38 PM,8/19/2026,
299,34.6,gf,0.920,mm,OK,--,8:01:39 PM,8/19/2026,
300,34.7,gf,0.920,mm,OK,--,8:01:39 PM,8/19/2026,
301,34.6,gf,0.925,mm,OK,--,8:01:39 PM,8/19/2026,
302,34.6,gf,0.930,mm,OK,--,8:01:39 PM,8/19/2026,
303,34.6,gf,0.930,mm,OK,--,8:01:39 PM,8/19/2026,
304,34.6,gf,0.935,mm,OK,--,8:01:39 PM,8/19/2026,
305,34.7,gf,0.935,mm,OK,--,8:01:39 PM,8/19/2026,
306,34.7,gf,0.940,mm,OK,--,8:01:39 PM,8/19/2026,
307,34.6,gf,0.940,mm,OK,--,8:01:39 PM,8/19/2026,
308,34.7,gf,0.940,mm,OK,--,8:01:39 PM,8/19/2026,
309,34.7,gf,0.945,mm,OK,--,8:01:40 PM,8/19/2026,
310,34.7,gf,0.945,mm,OK,--,8:01:40 PM,8/19/2026,
311,34.8,gf,0.945,mm,OK,--,8:01:40 PM,8/19/2026,
312,34.8,gf,0.950,mm,OK,--,8:01:40 PM,8/19/2026,
313,34.8,gf,0.955,mm,OK,--,8:01:40 PM,8/19/2026,
314,34.9,gf,0.955,mm,OK,--,8:01:40 PM,8/19/2026,
315,34.9,gf,0.960,mm,OK,--,8:01:40 PM,8/19/2026,
316,34.9,gf,0.965,mm,OK,--,8:01:40 PM,8/19/2026,
317,34.8,gf,0.970,mm,OK,--,8:01:40 PM,8/19/2026,
318,34.9,gf,0.975,mm,OK,--,8:01:40 PM,8/19/2026,
319,34.8,gf,0.975,mm,OK,--,8:01:41 PM,8/19/2026,
320,34.9,gf,0.980,mm,OK,--,8:01:41 PM,8/19/2026,
321,34.9,gf,0.985,mm,OK,--,8:01:41 PM,8/19/2026,
322,34.8,gf,0.990,mm,OK,--,8:01:41 PM,8/19/2026,
323,34.8,gf,0.995,mm,OK,--,8:01:41 PM,8/19/2026,
324,34.9,gf,1.000,mm,OK,--,8:01:41 PM,8/19/2026,
325,34.8,gf,1.000,mm,OK,--,8:01:41 PM,8/19/2026,
326,35.0,gf,1.005,mm,OK,--,8:01:41 PM,8/19/2026,
327,35.0,gf,1.010,mm,OK,--,8:01:41 PM,8/19/2026,
328,34.9,gf,1.015,mm,OK,--,8:01:41 PM,8/19/2026,
329,35.0,gf,1.020,mm,OK,--,8:01:42 PM,8/19/2026,
330,35.0,gf,1.025,mm,OK,--,8:01:42 PM,8/19/2026,
331,35.0,gf,1.025,mm,OK,--,8:01:42 PM,8/19/2026,
332,35.1,gf,1.030,mm,OK,--,8:01:42 PM,8/19/2026,
333,35.1,gf,1.030,mm,OK,--,8:01:42 PM,8/19/2026,
334,35.1,gf,1.030,mm,OK,--,8:01:42 PM,8/19/2026,
335,35.1,gf,1.035,mm,OK,--,8:01:42 PM,8/19/2026,
336,35.2,gf,1.035,mm,OK,--,8:01:42 PM,8/19/2026,
337,35.1,gf,1.035,mm,OK,--,8:01:42 PM,8/19/2026,
338,35.2,gf,1.040,mm,OK,--,8:01:42 PM,8/19/2026,
339,35.2,gf,1.040,mm,OK,--,8:01:43 PM,8/19/2026,
340,35.2,gf,1.040,mm,OK,--,8:01:43 PM,8/19/2026,
341,35.2,gf,1.045,mm,OK,--,8:01:43 PM,8/19/2026,
342,35.2,gf,1.045,mm,OK,--,8:01:43 PM,8/19/2026,
343,35.3,gf,1.050,mm,OK,--,8:01:43 PM,8/19/2026,
344,35.4,gf,1.055,mm,OK,--,8:01:43 PM,8/19/2026,
345,35.3,gf,1.065,mm,OK,--,8:01:43 PM,8/19/2026,
346,35.3,gf,1.070,mm,OK,--,8:01:43 PM,8/19/2026,
347,35.3,gf,1.075,mm,OK,--,8:01:43 PM,8/19/2026,
348,35.4,gf,1.085,mm,OK,--,8:01:43 PM,8/19/2026,
349,35.4,gf,1.090,mm,OK,--,8:01:44 PM,8/19/2026,
350,35.4,gf,1.090,mm,OK,--,8:01:44 PM,8/19/2026,
351,35.4,gf,1.095,mm,OK,--,8:01:44 PM,8/19/2026,
352,35.4,gf,1.095,mm,OK,--,8:01:44 PM,8/19/2026,
353,35.4,gf,1.100,mm,OK,--,8:01:44 PM,8/19/2026,
354,35.4,gf,1.100,mm,OK,--,8:01:44 PM,8/19/2026,
355,35.4,gf,1.105,mm,OK,--,8:01:44 PM,8/19/2026,
356,35.4,gf,1.105,mm,OK,--,8:01:44 PM,8/19/2026,
357,35.4,gf,1.110,mm,OK,--,8:01:44 PM,8/19/2026,
358,35.4,gf,1.110,mm,OK,--,8:01:44 PM,8/19/2026,
359,35.4,gf,1.115,mm,OK,--,8:01:45 PM,8/19/2026,
360,35.4,gf,1.115,mm,OK,--,8:01:45 PM,8/19/2026,
361,35.4,gf,1.115,mm,OK,--,8:01:45 PM,8/19/2026,
362,35.4,gf,1.120,mm,OK,--,8:01:45 PM,8/19/2026,
363,35.4,gf,1.125,mm,OK,--,8:01:45 PM,8/19/2026,
364,35.5,gf,1.130,mm,OK,--,8:01:45 PM,8/19/2026,
365,35.5,gf,1.135,mm,OK,--,8:01:45 PM,8/19/2026,
366,35.5,gf,1.140,mm,OK,--,8:01:45 PM,8/19/2026,
367,35.5,gf,1.145,mm,OK,--,8:01:45 PM,8/19/2026,
368,35.6,gf,1.150,mm,OK,--,8:01:45 PM,8/19/2026,
369,35.6,gf,1.155,mm,OK,--,8:01:46 PM,8/19/2026,
370,35.6,gf,1.160,mm,OK,--,8:01:46 PM,8/19/2026,
371,35.6,gf,1.165,mm,OK,--,8:01:46 PM,8/19/2026,
372,35.7,gf,1.170,mm,OK,--,8:01:46 PM,8/19/2026,
373,35.7,gf,1.180,mm,OK,--,8:01:46 PM,8/19/2026,
374,35.7,gf,1.185,mm,OK,--,8:01:46 PM,8/19/2026,
375,35.7,gf,1.190,mm,OK,--,8:01:46 PM,8/19/2026,
376,35.7,gf,1.195,mm,OK,--,8:01:46 PM,8/19/2026,
377,35.7,gf,1.195,mm,OK,--,8:01:46 PM,8/19/2026,
378,35.8,gf,1.200,mm,OK,--,8:01:46 PM,8/19/2026,
379,35.9,gf,1.205,mm,OK,--,8:01:47 PM,8/19/2026,
380,35.9,gf,1.210,mm,OK,--,8:01:47 PM,8/19/2026,
381,36.0,gf,1.215,mm,OK,--,8:01:47 PM,8/19/2026,
382,35.9,gf,1.225,mm,OK,--,8:01:47 PM,8/19/2026,
383,35.9,gf,1.230,mm,OK,--,8:01:47 PM,8/19/2026,
384,35.9,gf,1.230,mm,OK,--,8:01:47 PM,8/19/2026,
385,36.0,gf,1.235,mm,OK,--,8:01:47 PM,8/19/2026,
386,36.0,gf,1.240,mm,OK,--,8:01:47 PM,8/19/2026,
387,36.1,gf,1.245,mm,OK,--,8:01:47 PM,8/19/2026,
388,36.1,gf,1.250,mm,OK,--,8:01:47 PM,8/19/2026,
389,36.2,gf,1.260,mm,OK,--,8:01:48 PM,8/19/2026,
390,36.1,gf,1.270,mm,OK,--,8:01:48 PM,8/19/2026,
391,36.1,gf,1.280,mm,OK,--,8:01:48 PM,8/19/2026,
392,36.1,gf,1.290,mm,OK,--,8:01:48 PM,8/19/2026,
393,36.1,gf,1.295,mm,OK,--,8:01:48 PM,8/19/2026,
394,36.2,gf,1.300,mm,OK,--,8:01:48 PM,8/19/2026,
395,36.2,gf,1.310,mm,OK,--,8:01:48 PM,8/19/2026,
396,36.2,gf,1.315,mm,OK,--,8:01:48 PM,8/19/2026,
397,36.3,gf,1.320,mm,OK,--,8:01:48 PM,8/19/2026,
398,36.3,gf,1.325,mm,OK,--,8:01:48 PM,8/19/2026,
399,36.3,gf,1.325,mm,OK,--,8:01:49 PM,8/19/2026,
400,36.4,gf,1.330,mm,OK,--,8:01:49 PM,8/19/2026,
401,36.4,gf,1.335,mm,OK,--,8:01:49 PM,8/19/2026,
402,36.5,gf,1.340,mm,OK,--,8:01:49 PM,8/19/2026,
403,36.5,gf,1.345,mm,OK,--,8:01:49 PM,8/19/2026,
404,36.5,gf,1.350,mm,OK,--,8:01:49 PM,8/19/2026,
405,36.5,gf,1.355,mm,OK,--,8:01:49 PM,8/19/2026,
406,36.5,gf,1.355,mm,OK,--,8:01:49 PM,8/19/2026,
407,36.6,gf,1.360,mm,OK,--,8:01:49 PM,8/19/2026,
408,36.6,gf,1.360,mm,OK,--,8:01:49 PM,8/19/2026,
409,36.6,gf,1.365,mm,OK,--,8:01:50 PM,8/19/2026,
410,36.6,gf,1.365,mm,OK,--,8:01:50 PM,8/19/2026,
411,36.6,gf,1.365,mm,OK,--,8:01:50 PM,8/19/2026,
412,36.6,gf,1.370,mm,OK,--,8:01:50 PM,8/19/2026,
413,36.7,gf,1.370,mm,OK,--,8:01:50 PM,8/19/2026,
414,36.7,gf,1.375,mm,OK,--,8:01:50 PM,8/19/2026,
415,36.8,gf,1.375,mm,OK,--,8:01:50 PM,8/19/2026,
416,36.8,gf,1.380,mm,OK,--,8:01:50 PM,8/19/2026,
417,36.7,gf,1.380,mm,OK,--,8:01:50 PM,8/19/2026,
418,36.8,gf,1.385,mm,OK,--,8:01:50 PM,8/19/2026,
419,36.7,gf,1.390,mm,OK,--,8:01:51 PM,8/19/2026,
420,36.7,gf,1.390,mm,OK,--,8:01:51 PM,8/19/2026,
421,36.7,gf,1.390,mm,OK,--,8:01:51 PM,8/19/2026,
422,36.8,gf,1.395,mm,OK,--,8:01:51 PM,8/19/2026,
423,36.9,gf,1.395,mm,OK,--,8:01:51 PM,8/19/2026,
424,36.9,gf,1.405,mm,OK,--,8:01:51 PM,8/19/2026,
425,36.9,gf,1.410,mm,OK,--,8:01:51 PM,8/19/2026,
426,36.9,gf,1.420,mm,OK,--,8:01:51 PM,8/19/2026,
427,36.9,gf,1.425,mm,OK,--,8:01:51 PM,8/19/2026,
428,36.9,gf,1.435,mm,OK,--,8:01:51 PM,8/19/2026,
429,37.0,gf,1.440,mm,OK,--,8:01:52 PM,8/19/2026,
430,37.0,gf,1.450,mm,OK,--,8:01:52 PM,8/19/2026,
431,37.0,gf,1.455,mm,OK,--,8:01:52 PM,8/19/2026,
432,37.0,gf,1.460,mm,OK,--,8:01:52 PM,8/19/2026,
433,37.1,gf,1.470,mm,OK,--,8:01:52 PM,8/19/2026,
434,37.0,gf,1.485,mm,OK,--,8:01:52 PM,8/19/2026,
435,37.1,gf,1.495,mm,OK,--,8:01:52 PM,8/19/2026,
436,37.1,gf,1.505,mm,OK,--,8:01:52 PM,8/19/2026,
437,37.1,gf,1.510,mm,OK,--,8:01:52 PM,8/19/2026,
438,37.1,gf,1.510,mm,OK,--,8:01:52 PM,8/19/2026,
439,37.2,gf,1.515,mm,OK,--,8:01:53 PM,8/19/2026,
440,37.2,gf,1.515,mm,OK,--,8:01:53 PM,8/19/2026,
441,37.3,gf,1.520,mm,OK,--,8:01:53 PM,8/19/2026,
442,37.3,gf,1.520,mm,OK,--,8:01:53 PM,8/19/2026,
443,37.3,gf,1.525,mm,OK,--,8:01:53 PM,8/19/2026,
444,37.3,gf,1.530,mm,OK,--,8:01:53 PM,8/19/2026,
445,37.4,gf,1.535,mm,OK,--,8:01:53 PM,8/19/2026,
446,37.3,gf,1.540,mm,OK,--,8:01:53 PM,8/19/2026,
447,37.3,gf,1.545,mm,OK,--,8:01:53 PM,8/19/2026,
448,37.4,gf,1.545,mm,OK,--,8:01:53 PM,8/19/2026,
449,37.4,gf,1.545,mm,OK,--,8:01:54 PM,8/19/2026,
450,37.4,gf,1.550,mm,OK,--,8:01:54 PM,8/19/2026,
451,37.4,gf,1.550,mm,OK,--,8:01:54 PM,8/19/2026,
452,37.5,gf,1.560,mm,OK,--,8:01:54 PM,8/19/2026,
453,37.5,gf,1.565,mm,OK,--,8:01:54 PM,8/19/2026,
454,37.6,gf,1.575,mm,OK,--,8:01:54 PM,8/19/2026,
455,37.7,gf,1.585,mm,OK,--,8:01:54 PM,8/19/2026,
456,37.7,gf,1.600,mm,OK,--,8:01:54 PM,8/19/2026,
457,37.7,gf,1.610,mm,OK,--,8:01:54 PM,8/19/2026,
458,37.7,gf,1.620,mm,OK,--,8:01:54 PM,8/19/2026,
459,37.8,gf,1.625,mm,OK,--,8:01:55 PM,8/19/2026,
460,37.8,gf,1.625,mm,OK,--,8:01:55 PM,8/19/2026,
461,37.7,gf,1.630,mm,OK,--,8:01:55 PM,8/19/2026,
462,37.8,gf,1.635,mm,OK,--,8:01:55 PM,8/19/2026,
463,38.0,gf,1.635,mm,OK,--,8:01:55 PM,8/19/2026,
464,37.9,gf,1.640,mm,OK,--,8:01:55 PM,8/19/2026,
465,38.0,gf,1.645,mm,OK,--,8:01:55 PM,8/19/2026,
466,37.9,gf,1.650,mm,OK,--,8:01:55 PM,8/19/2026,
467,38.0,gf,1.650,mm,OK,--,8:01:55 PM,8/19/2026,
468,38.0,gf,1.655,mm,OK,--,8:01:55 PM,8/19/2026,
469,38.1,gf,1.665,mm,OK,--,8:01:56 PM,8/19/2026,
470,38.1,gf,1.670,mm,OK,--,8:01:56 PM,8/19/2026,
471,38.1,gf,1.675,mm,OK,--,8:01:56 PM,8/19/2026,
472,38.0,gf,1.675,mm,OK,--,8:01:56 PM,8/19/2026,
473,38.0,gf,1.680,mm,OK,--,8:01:56 PM,8/19/2026,
474,38.1,gf,1.680,mm,OK,--,8:01:56 PM,8/19/2026,
475,38.1,gf,1.685,mm,OK,--,8:01:56 PM,8/19/2026,
476,38.1,gf,1.685,mm,OK,--,8:01:56 PM,8/19/2026,
477,38.2,gf,1.690,mm,OK,--,8:01:56 PM,8/19/2026,
478,38.2,gf,1.690,mm,OK,--,8:01:56 PM,8/19/2026,
479,38.2,gf,1.695,mm,OK,--,8:01:57 PM,8/19/2026,
480,38.3,gf,1.695,mm,OK,--,8:01:57 PM,8/19/2026,
481,38.2,gf,1.700,mm,OK,--,8:01:57 PM,8/19/2026,
482,38.3,gf,1.705,mm,OK,--,8:01:57 PM,8/19/2026,
483,38.3,gf,1.710,mm,OK,--,8:01:57 PM,8/19/2026,
484,38.4,gf,1.715,mm,OK,--,8:01:57 PM,8/19/2026,
485,38.4,gf,1.720,mm,OK,--,8:01:57 PM,8/19/2026,
486,38.4,gf,1.725,mm,OK,--,8:01:57 PM,8/19/2026,
487,38.5,gf,1.735,mm,OK,--,8:01:57 PM,8/19/2026,
488,38.6,gf,1.740,mm,OK,--,8:01:57 PM,8/19/2026,
489,38.7,gf,1.745,mm,OK,--,8:01:58 PM,8/19/2026,
490,38.9,gf,1.750,mm,OK,--,8:01:58 PM,8/19/2026,
491,39.0,gf,1.755,mm,OK,--,8:01:58 PM,8/19/2026,
492,38.9,gf,1.765,mm,OK,--,8:01:58 PM,8/19/2026,
493,39.0,gf,1.770,mm,OK,--,8:01:58 PM,8/19/2026,
494,39.0,gf,1.775,mm,OK,--,8:01:58 PM,8/19/2026,
495,39.1,gf,1.780,mm,OK,--,8:01:58 PM,8/19/2026,
496,39.1,gf,1.785,mm,OK,--,8:01:58 PM,8/19/2026,
497,39.2,gf,1.790,mm,OK,--,8:01:58 PM,8/19/2026,
498,39.2,gf,1.795,mm,OK,--,8:01:58 PM,8/19/2026,
499,39.2,gf,1.800,mm,OK,--,8:01:59 PM,8/19/2026,
500,39.2,gf,1.800,mm,OK,--,8:01:59 PM,8/19/2026,
501,39.2,gf,1.805,mm,OK,--,8:01:59 PM,8/19/2026,
502,39.2,gf,1.810,mm,OK,--,8:01:59 PM,8/19/2026,
503,39.3,gf,1.820,mm,OK,--,8:01:59 PM,8/19/2026,
504,39.3,gf,1.825,mm,OK,--,8:01:59 PM,8/19/2026,
505,39.5,gf,1.835,mm,OK,--,8:01:59 PM,8/19/2026,
506,39.6,gf,1.845,mm,OK,--,8:01:59 PM,8/19/2026,
507,39.5,gf,1.850,mm,OK,--,8:01:59 PM,8/19/2026,
508,39.5,gf,1.855,mm,OK,--,8:01:59 PM,8/19/2026,
509,39.5,gf,1.860,mm,OK,--,8:02:00 PM,8/19/2026,
510,39.5,gf,1.865,mm,OK,--,8:02:00 PM,8/19/2026,
511,39.5,gf,1.865,mm,OK,--,8:02:00 PM,8/19/2026,
512,39.5,gf,1.870,mm,OK,--,8:02:00 PM,8/19/2026,
513,39.6,gf,1.875,mm,OK,--,8:02:00 PM,8/19/2026,
514,39.6,gf,1.875,mm,OK,--,8:02:00 PM,8/19/2026,
515,39.5,gf,1.880,mm,OK,--,8:02:00 PM,8/19/2026,
516,39.5,gf,1.880,mm,OK,--,8:02:00 PM,8/19/2026,
517,39.7,gf,1.885,mm,OK,--,8:02:00 PM,8/19/2026,
518,39.7,gf,1.885,mm,OK,--,8:02:00 PM,8/19/2026,
519,39.7,gf,1.890,mm,OK,--,8:02:01 PM,8/19/2026,
520,39.7,gf,1.895,mm,OK,--,8:02:01 PM,8/19/2026,
521,39.7,gf,1.895,mm,OK,--,8:02:01 PM,8/19/2026,
522,39.7,gf,1.900,mm,OK,--,8:02:01 PM,8/19/2026,
523,39.7,gf,1.905,mm,OK,--,8:02:01 PM,8/19/2026,
524,39.7,gf,1.910,mm,OK,--,8:02:01 PM,8/19/2026,
525,39.7,gf,1.915,mm,OK,--,8:02:01 PM,8/19/2026,
526,39.7,gf,1.920,mm,OK,--,8:02:01 PM,8/19/2026,
527,39.7,gf,1.925,mm,OK,--,8:02:01 PM,8/19/2026,
528,39.7,gf,1.930,mm,OK,--,8:02:01 PM,8/19/2026,
529,39.8,gf,1.935,mm,OK,--,8:02:02 PM,8/19/2026,
530,39.8,gf,1.940,mm,OK,--,8:02:02 PM,8/19/2026,
531,39.8,gf,1.945,mm,OK,--,8:02:02 PM,8/19/2026,
532,40.0,gf,1.950,mm,OK,--,8:02:02 PM,8/19/2026,
533,40.0,gf,1.960,mm,OK,--,8:02:02 PM,8/19/2026,
534,40.0,gf,1.965,mm,OK,--,8:02:02 PM,8/19/2026,
535,40.0,gf,1.965,mm,OK,--,8:02:02 PM,8/19/2026,
536,40.0,gf,1.965,mm,OK,--,8:02:02 PM,8/19/2026,
537,40.1,gf,1.970,mm,OK,--,8:02:02 PM,8/19/2026,
538,40.1,gf,1.970,mm,OK,--,8:02:02 PM,8/19/2026,
539,40.1,gf,1.970,mm,OK,--,8:02:03 PM,8/19/2026,
540,40.1,gf,1.975,mm,OK,--,8:02:03 PM,8/19/2026,
541,40.1,gf,1.975,mm,OK,--,8:02:03 PM,8/19/2026,
542,40.1,gf,1.980,mm,OK,--,8:02:03 PM,8/19/2026,
543,40.1,gf,1.980,mm,OK,--,8:02:03 PM,8/19/2026,
544,40.2,gf,1.980,mm,OK,--,8:02:03 PM,8/19/2026,
545,40.1,gf,1.980,mm,OK,--,8:02:03 PM,8/19/2026,
546,40.2,gf,1.985,mm,OK,--,8:02:03 PM,8/19/2026,
547,40.2,gf,1.985,mm,OK,--,8:02:03 PM,8/19/2026,
548,40.2,gf,1.990,mm,OK,--,8:02:03 PM,8/19/2026,
549,40.3,gf,1.990,mm,OK,--,8:02:04 PM,8/19/2026,
550,40.3,gf,1.995,mm,OK,--,8:02:04 PM,8/19/2026,
551,40.3,gf,2.000,mm,OK,--,8:02:04 PM,8/19/2026,
552,40.4,gf,2.005,mm,OK,--,8:02:04 PM,8/19/2026,
553,40.5,gf,2.015,mm,OK,--,8:02:04 PM,8/19/2026,
554,40.4,gf,2.020,mm,OK,--,8:02:04 PM,8/19/2026,
555,40.5,gf,2.025,mm,OK,--,8:02:04 PM,8/19/2026,
556,40.5,gf,2.030,mm,OK,--,8:02:04 PM,8/19/2026,
557,40.6,gf,2.035,mm,OK,--,8:02:04 PM,8/19/2026,
558,40.6,gf,2.040,mm,OK,--,8:02:04 PM,8/19/2026,
559,40.6,gf,2.045,mm,OK,--,8:02:05 PM,8/19/2026,
560,40.6,gf,2.055,mm,OK,--,8:02:05 PM,8/19/2026,
561,40.7,gf,2.060,mm,OK,--,8:02:05 PM,8/19/2026,
562,40.7,gf,2.065,mm,OK,--,8:02:05 PM,8/19/2026,
563,40.7,gf,2.070,mm,OK,--,8:02:05 PM,8/19/2026,
564,40.7,gf,2.075,mm,OK,--,8:02:05 PM,8/19/2026,
565,40.7,gf,2.080,mm,OK,--,8:02:05 PM,8/19/2026,
566,40.9,gf,2.085,mm,OK,--,8:02:05 PM,8/19/2026,
567,40.9,gf,2.090,mm,OK,--,8:02:05 PM,8/19/2026,
568,40.9,gf,2.095,mm,OK,--,8:02:05 PM,8/19/2026,
569,40.9,gf,2.095,mm,OK,--,8:02:06 PM,8/19/2026,
570,41.0,gf,2.100,mm,OK,--,8:02:06 PM,8/19/2026,
571,41.0,gf,2.100,mm,OK,--,8:02:06 PM,8/19/2026,
572,41.1,gf,2.105,mm,OK,--,8:02:06 PM,8/19/2026,
573,41.1,gf,2.110,mm,OK,--,8:02:06 PM,8/19/2026,
574,41.1,gf,2.110,mm,OK,--,8:02:06 PM,8/19/2026,
575,41.2,gf,2.115,mm,OK,--,8:02:06 PM,8/19/2026,
576,41.2,gf,2.115,mm,OK,--,8:02:06 PM,8/19/2026,
577,41.2,gf,2.115,mm,OK,--,8:02:06 PM,8/19/2026,
578,41.2,gf,2.120,mm,OK,--,8:02:06 PM,8/19/2026,
579,41.3,gf,2.120,mm,OK,--,8:02:07 PM,8/19/2026,
580,41.3,gf,2.125,mm,OK,--,8:02:07 PM,8/19/2026,
581,41.3,gf,2.125,mm,OK,--,8:02:07 PM,8/19/2026,
582,41.3,gf,2.130,mm,OK,--,8:02:07 PM,8/19/2026,
583,41.3,gf,2.135,mm,OK,--,8:02:07 PM,8/19/2026,
584,41.3,gf,2.135,mm,OK,--,8:02:07 PM,8/19/2026,
585,41.3,gf,2.140,mm,OK,--,8:02:07 PM,8/19/2026,
586,41.3,gf,2.145,mm,OK,--,8:02:07 PM,8/19/2026,
587,41.3,gf,2.150,mm,OK,--,8:02:07 PM,8/19/2026,
588,41.4,gf,2.155,mm,OK,--,8:02:07 PM,8/19/2026,
589,41.5,gf,2.160,mm,OK,--,8:02:08 PM,8/19/2026,
590,41.6,gf,2.165,mm,OK,--,8:02:08 PM,8/19/2026,
591,41.6,gf,2.170,mm,OK,--,8:02:08 PM,8/19/2026,
592,41.5,gf,2.175,mm,OK,--,8:02:08 PM,8/19/2026,
593,41.5,gf,2.180,mm,OK,--,8:02:08 PM,8/19/2026,
594,41.5,gf,2.180,mm,OK,--,8:02:08 PM,8/19/2026,
595,41.5,gf,2.185,mm,OK,--,8:02:08 PM,8/19/2026,
596,41.6,gf,2.185,mm,OK,--,8:02:08 PM,8/19/2026,
597,41.6,gf,2.190,mm,OK,--,8:02:08 PM,8/19/2026,
598,41.7,gf,2.190,mm,OK,--,8:02:08 PM,8/19/2026,
599,41.7,gf,2.195,mm,OK,--,8:02:09 PM,8/19/2026,
600,41.7,gf,2.195,mm,OK,--,8:02:09 PM,8/19/2026,
601,41.7,gf,2.200,mm,OK,--,8:02:09 PM,8/19/2026,
602,41.7,gf,2.200,mm,OK,--,8:02:09 PM,8/19/2026,
603,41.8,gf,2.205,mm,OK,--,8:02:09 PM,8/19/2026,
604,41.8,gf,2.205,mm,OK,--,8:02:09 PM,8/19/2026,
605,41.9,gf,2.210,mm,OK,--,8:02:09 PM,8/19/2026,
606,41.9,gf,2.210,mm,OK,--,8:02:09 PM,8/19/2026,
607,41.9,gf,2.215,mm,OK,--,8:02:09 PM,8/19/2026,
608,41.9,gf,2.220,mm,OK,--,8:02:09 PM,8/19/2026,
609,41.9,gf,2.220,mm,OK,--,8:02:10 PM,8/19/2026,
610,42.0,gf,2.225,mm,OK,--,8:02:10 PM,8/19/2026,
611,42.0,gf,2.225,mm,OK,--,8:02:10 PM,8/19/2026,
612,42.0,gf,2.230,mm,OK,--,8:02:10 PM,8/19/2026,
613,42.1,gf,2.235,mm,OK,--,8:02:10 PM,8/19/2026,
614,42.1,gf,2.240,mm,OK,--,8:02:10 PM,8/19/2026,
615,42.1,gf,2.240,mm,OK,--,8:02:10 PM,8/19/2026,
616,42.1,gf,2.245,mm,OK,--,8:02:10 PM,8/19/2026,
617,42.1,gf,2.250,mm,OK,--,8:02:10 PM,8/19/2026,
618,42.1,gf,2.250,mm,OK,--,8:02:10 PM,8/19/2026,
619,42.1,gf,2.255,mm,OK,--,8:02:11 PM,8/19/2026,
620,42.1,gf,2.255,mm,OK,--,8:02:11 PM,8/19/2026,
621,42.0,gf,2.260,mm,OK,--,8:02:11 PM,8/19/2026,
622,42.0,gf,2.265,mm,OK,--,8:02:11 PM,8/19/2026,
623,42.0,gf,2.265,mm,OK,--,8:02:11 PM,8/19/2026,
624,42.0,gf,2.270,mm,OK,--,8:02:11 PM,8/19/2026,
625,42.0,gf,2.275,mm,OK,--,8:02:11 PM,8/19/2026,
626,42.0,gf,2.275,mm,OK,--,8:02:11 PM,8/19/2026,
627,42.0,gf,2.285,mm,OK,--,8:02:11 PM,8/19/2026,
628,42.0,gf,2.290,mm,OK,--,8:02:11 PM,8/19/2026,
629,42.0,gf,2.295,mm,OK,--,8:02:12 PM,8/19/2026,
630,42.0,gf,2.300,mm,OK,--,8:02:12 PM,8/19/2026,
631,42.0,gf,2.305,mm,OK,--,8:02:12 PM,8/19/2026,
632,42.1,gf,2.310,mm,OK,--,8:02:12 PM,8/19/2026,
633,42.1,gf,2.310,mm,OK,--,8:02:12 PM,8/19/2026,
634,42.2,gf,2.315,mm,OK,--,8:02:12 PM,8/19/2026,
635,42.3,gf,2.325,mm,OK,--,8:02:12 PM,8/19/2026,
636,42.3,gf,2.330,mm,OK,--,8:02:12 PM,8/19/2026,
637,42.4,gf,2.335,mm,OK,--,8:02:12 PM,8/19/2026,
638,42.4,gf,2.340,mm,OK,--,8:02:12 PM,8/19/2026,
639,42.5,gf,2.350,mm,OK,--,8:02:13 PM,8/19/2026,
640,42.5,gf,2.355,mm,OK,--,8:02:13 PM,8/19/2026,
641,42.5,gf,2.365,mm,OK,--,8:02:13 PM,8/19/2026,
642,42.5,gf,2.370,mm,OK,--,8:02:13 PM,8/19/2026,
643,42.5,gf,2.375,mm,OK,--,8:02:13 PM,8/19/2026,
644,42.5,gf,2.380,mm,OK,--,8:02:13 PM,8/19/2026,
645,42.4,gf,2.385,mm,OK,--,8:02:13 PM,8/19/2026,
646,42.4,gf,2.395,mm,OK,--,8:02:13 PM,8/19/2026,
647,42.5,gf,2.400,mm,OK,--,8:02:13 PM,8/19/2026,
648,42.4,gf,2.405,mm,OK,--,8:02:13 PM,8/19/2026,
649,42.4,gf,2.410,mm,OK,--,8:02:14 PM,8/19/2026,
650,42.4,gf,2.415,mm,OK,--,8:02:14 PM,8/19/2026,
651,42.4,gf,2.420,mm,OK,--,8:02:14 PM,8/19/2026,
652,42.5,gf,2.420,mm,OK,--,8:02:14 PM,8/19/2026,
653,42.5,gf,2.425,mm,OK,--,8:02:14 PM,8/19/2026,
654,42.5,gf,2.430,mm,OK,--,8:02:14 PM,8/19/2026,
655,42.5,gf,2.430,mm,OK,--,8:02:14 PM,8/19/2026,
656,42.5,gf,2.430,mm,OK,--,8:02:14 PM,8/19/2026,
657,42.5,gf,2.435,mm,OK,--,8:02:14 PM,8/19/2026,
658,42.5,gf,2.435,mm,OK,--,8:02:14 PM,8/19/2026,
659,42.6,gf,2.440,mm,OK,--,8:02:15 PM,8/19/2026,
660,42.6,gf,2.440,mm,OK,--,8:02:15 PM,8/19/2026,
661,42.6,gf,2.445,mm,OK,--,8:02:15 PM,8/19/2026,
662,42.6,gf,2.445,mm,OK,--,8:02:15 PM,8/19/2026,
663,42.7,gf,2.450,mm,OK,--,8:02:15 PM,8/19/2026,
664,42.7,gf,2.455,mm,OK,--,8:02:15 PM,8/19/2026,
665,42.8,gf,2.460,mm,OK,--,8:02:15 PM,8/19/2026,
666,42.7,gf,2.465,mm,OK,--,8:02:15 PM,8/19/2026,
667,42.8,gf,2.465,mm,OK,--,8:02:15 PM,8/19/2026,
668,42.7,gf,2.470,mm,OK,--,8:02:15 PM,8/19/2026,
669,42.7,gf,2.470,mm,OK,--,8:02:16 PM,8/19/2026,
670,42.7,gf,2.470,mm,OK,--,8:02:16 PM,8/19/2026,
671,42.7,gf,2.470,mm,OK,--,8:02:16 PM,8/19/2026,
672,42.7,gf,2.475,mm,OK,--,8:02:16 PM,8/19/2026,
673,42.7,gf,2.475,mm,OK,--,8:02:16 PM,8/19/2026,
674,42.7,gf,2.480,mm,OK,--,8:02:16 PM,8/19/2026,
675,42.7,gf,2.480,mm,OK,--,8:02:16 PM,8/19/2026,
676,42.7,gf,2.485,mm,OK,--,8:02:16 PM,8/19/2026,
677,42.7,gf,2.490,mm,OK,--,8:02:16 PM,8/19/2026,
678,42.7,gf,2.495,mm,OK,--,8:02:16 PM,8/19/2026,
679,42.9,gf,2.500,mm,OK,--,8:02:17 PM,8/19/2026,
680,43.0,gf,2.520,mm,OK,--,8:02:17 PM,8/19/2026,
681,43.1,gf,2.530,mm,OK,--,8:02:17 PM,8/19/2026,
682,43.1,gf,2.540,mm,OK,--,8:02:17 PM,8/19/2026,
683,43.1,gf,2.550,mm,OK,--,8:02:17 PM,8/19/2026,
684,43.1,gf,2.555,mm,OK,--,8:02:17 PM,8/19/2026,
685,43.1,gf,2.565,mm,OK,--,8:02:17 PM,8/19/2026,
686,43.1,gf,2.570,mm,OK,--,8:02:17 PM,8/19/2026,
687,43.1,gf,2.575,mm,OK,--,8:02:17 PM,8/19/2026,
688,43.1,gf,2.580,mm,OK,--,8:02:17 PM,8/19/2026,
689,43.1,gf,2.585,mm,OK,--,8:02:18 PM,8/19/2026,
690,43.1,gf,2.595,mm,OK,--,8:02:18 PM,8/19/2026,
691,43.3,gf,2.600,mm,OK,--,8:02:18 PM,8/19/2026,
692,43.3,gf,2.610,mm,OK,--,8:02:18 PM,8/19/2026,
693,43.5,gf,2.620,mm,OK,--,8:02:18 PM,8/19/2026,
694,43.5,gf,2.635,mm,OK,--,8:02:18 PM,8/19/2026,
695,43.5,gf,2.645,mm,OK,--,8:02:18 PM,8/19/2026,
696,43.4,gf,2.655,mm,OK,--,8:02:18 PM,8/19/2026,
697,43.4,gf,2.665,mm,OK,--,8:02:18 PM,8/19/2026,
698,43.5,gf,2.680,mm,OK,--,8:02:18 PM,8/19/2026,
699,43.8,gf,2.710,mm,OK,--,8:02:19 PM,8/19/2026,
700,43.9,gf,2.740,mm,OK,--,8:02:19 PM,8/19/2026,
701,43.9,gf,2.755,mm,OK,--,8:02:19 PM,8/19/2026,
702,43.9,gf,2.765,mm,OK,--,8:02:19 PM,8/19/2026,
703,44.0,gf,2.775,mm,OK,--,8:02:19 PM,8/19/2026,
704,44.1,gf,2.785,mm,OK,--,8:02:19 PM,8/19/2026,
705,44.2,gf,2.800,mm,OK,--,8:02:19 PM,8/19/2026,
706,44.2,gf,2.815,mm,OK,--,8:02:19 PM,8/19/2026,
707,44.3,gf,2.825,mm,OK,--,8:02:19 PM,8/19/2026,
708,44.4,gf,2.835,mm,OK,--,8:02:19 PM,8/19/2026,
709,44.5,gf,2.845,mm,OK,--,8:02:20 PM,8/19/2026,
710,44.6,gf,2.850,mm,OK,--,8:02:20 PM,8/19/2026,
711,44.6,gf,2.865,mm,OK,--,8:02:20 PM,8/19/2026,
712,44.6,gf,2.880,mm,OK,--,8:02:20 PM,8/19/2026,
713,44.7,gf,2.895,mm,OK,--,8:02:20 PM,8/19/2026,
714,44.8,gf,2.905,mm,OK,--,8:02:20 PM,8/19/2026,
715,44.8,gf,2.920,mm,OK,--,8:02:20 PM,8/19/2026,
716,44.8,gf,2.930,mm,OK,--,8:02:20 PM,8/19/2026,
717,44.8,gf,2.940,mm,OK,--,8:02:20 PM,8/19/2026,
718,44.8,gf,2.955,mm,OK,--,8:02:20 PM,8/19/2026,
719,44.8,gf,2.960,mm,OK,--,8:02:21 PM,8/19/2026,
720,44.9,gf,2.970,mm,OK,--,8:02:21 PM,8/19/2026,
721,45.0,gf,2.975,mm,OK,--,8:02:21 PM,8/19/2026,
722,45.0,gf,2.985,mm,OK,--,8:02:21 PM,8/19/2026,
723,45.0,gf,2.990,mm,OK,--,8:02:21 PM,8/19/2026,
724,45.1,gf,2.995,mm,OK,--,8:02:21 PM,8/19/2026,
725,45.1,gf,3.000,mm,OK,--,8:02:21 PM,8/19/2026,
726,45.2,gf,3.005,mm,OK,--,8:02:21 PM,8/19/2026,
727,45.2,gf,3.015,mm,OK,--,8:02:21 PM,8/19/2026,
728,45.2,gf,3.025,mm,OK,--,8:02:21 PM,8/19/2026,
729,45.2,gf,3.030,mm,OK,--,8:02:22 PM,8/19/2026,
730,45.2,gf,3.040,mm,OK,--,8:02:22 PM,8/19/2026,
731,45.2,gf,3.045,mm,OK,--,8:02:22 PM,8/19/2026,
732,45.2,gf,3.055,mm,OK,--,8:02:22 PM,8/19/2026,
733,45.2,gf,3.060,mm,OK,--,8:02:22 PM,8/19/2026,
734,45.3,gf,3.070,mm,OK,--,8:02:22 PM,8/19/2026,
735,45.4,gf,3.080,mm,OK,--,8:02:22 PM,8/19/2026,
736,45.7,gf,3.090,mm,OK,--,8:02:22 PM,8/19/2026,
737,45.9,gf,3.100,mm,OK,--,8:02:22 PM,8/19/2026,
738,46.0,gf,3.110,mm,OK,--,8:02:22 PM,8/19/2026,
739,45.9,gf,3.115,mm,OK,--,8:02:23 PM,8/19/2026,
740,45.9,gf,3.125,mm,OK,--,8:02:23 PM,8/19/2026,
741,45.9,gf,3.125,mm,OK,--,8:02:23 PM,8/19/2026,
742,46.0,gf,3.130,mm,OK,--,8:02:23 PM,8/19/2026,
743,46.0,gf,3.135,mm,OK,--,8:02:23 PM,8/19/2026,
744,46.0,gf,3.135,mm,OK,--,8:02:23 PM,8/19/2026,
745,46.0,gf,3.140,mm,OK,--,8:02:23 PM,8/19/2026,
746,46.0,gf,3.140,mm,OK,--,8:02:23 PM,8/19/2026,
747,46.0,gf,3.145,mm,OK,--,8:02:23 PM,8/19/2026,
748,46.1,gf,3.145,mm,OK,--,8:02:23 PM,8/19/2026,
749,46.1,gf,3.150,mm,OK,--,8:02:24 PM,8/19/2026,
750,46.1,gf,3.155,mm,OK,--,8:02:24 PM,8/19/2026,
751,46.2,gf,3.155,mm,OK,--,8:02:24 PM,8/19/2026,
752,46.3,gf,3.160,mm,OK,--,8:02:24 PM,8/19/2026,
753,46.3,gf,3.160,mm,OK,--,8:02:24 PM,8/19/2026,
754,46.3,gf,3.165,mm,OK,--,8:02:24 PM,8/19/2026,
755,46.3,gf,3.170,mm,OK,--,8:02:24 PM,8/19/2026,
756,46.3,gf,3.170,mm,OK,--,8:02:24 PM,8/19/2026,
757,46.3,gf,3.175,mm,OK,--,8:02:24 PM,8/19/2026,
758,46.2,gf,3.175,mm,OK,--,8:02:24 PM,8/19/2026,
759,46.2,gf,3.180,mm,OK,--,8:02:25 PM,8/19/2026,
760,46.1,gf,3.185,mm,OK,--,8:02:25 PM,8/19/2026,
761,46.1,gf,3.185,mm,OK,--,8:02:25 PM,8/19/2026,
762,46.1,gf,3.190,mm,OK,--,8:02:25 PM,8/19/2026,
763,46.1,gf,3.195,mm,OK,--,8:02:25 PM,8/19/2026,
764,46.1,gf,3.200,mm,OK,--,8:02:25 PM,8/19/2026,
765,46.0,gf,3.200,mm,OK,--,8:02:25 PM,8/19/2026,
766,46.0,gf,3.205,mm,OK,--,8:02:25 PM,8/19/2026,
767,45.9,gf,3.205,mm,OK,--,8:02:25 PM,8/19/2026,
768,45.9,gf,3.210,mm,OK,--,8:02:25 PM,8/19/2026,
769,45.9,gf,3.210,mm,OK,--,8:02:26 PM,8/19/2026,
770,45.9,gf,3.215,mm,OK,--,8:02:26 PM,8/19/2026,
771,45.9,gf,3.215,mm,OK,--,8:02:26 PM,8/19/2026,
772,45.9,gf,3.215,mm,OK,--,8:02:26 PM,8/19/2026,
773,45.9,gf,3.220,mm,OK,--,8:02:26 PM,8/19/2026,
774,45.9,gf,3.220,mm,OK,--,8:02:26 PM,8/19/2026,
775,45.9,gf,3.225,mm,OK,--,8:02:26 PM,8/19/2026,
776,45.9,gf,3.225,mm,OK,--,8:02:26 PM,8/19/2026,
777,45.9,gf,3.225,mm,OK,--,8:02:26 PM,8/19/2026,
778,45.9,gf,3.225,mm,OK,--,8:02:26 PM,8/19/2026,
779,45.9,gf,3.230,mm,OK,--,8:02:27 PM,8/19/2026,
780,46.0,gf,3.230,mm,OK,--,8:02:27 PM,8/19/2026,
781,45.9,gf,3.230,mm,OK,--,8:02:27 PM,8/19/2026,
782,46.0,gf,3.235,mm,OK,--,8:02:27 PM,8/19/2026,
783,46.0,gf,3.235,mm,OK,--,8:02:27 PM,8/19/2026,
784,46.0,gf,3.235,mm,OK,--,8:02:27 PM,8/19/2026,
785,46.0,gf,3.240,mm,OK,--,8:02:27 PM,8/19/2026,
786,46.0,gf,3.245,mm,OK,--,8:02:27 PM,8/19/2026,
787,46.0,gf,3.250,mm,OK,--,8:02:27 PM,8/19/2026,
788,46.0,gf,3.250,mm,OK,--,8:02:27 PM,8/19/2026,
789,46.0,gf,3.255,mm,OK,--,8:02:28 PM,8/19/2026,
790,46.1,gf,3.260,mm,OK,--,8:02:28 PM,8/19/2026,
791,46.1,gf,3.265,mm,OK,--,8:02:28 PM,8/19/2026,
792,46.1,gf,3.270,mm,OK,--,8:02:28 PM,8/19/2026,
793,46.1,gf,3.275,mm,OK,--,8:02:28 PM,8/19/2026,
794,46.0,gf,3.285,mm,OK,--,8:02:28 PM,8/19/2026,
795,46.1,gf,3.285,mm,OK,--,8:02:28 PM,8/19/2026,
796,46.1,gf,3.295,mm,OK,--,8:02:28 PM,8/19/2026,
797,46.2,gf,3.305,mm,OK,--,8:02:28 PM,8/19/2026,
798,46.2,gf,3.315,mm,OK,--,8:02:28 PM,8/19/2026,
799,46.4,gf,3.330,mm,OK,--,8:02:29 PM,8/19/2026,
800,46.4,gf,3.340,mm,OK,--,8:02:29 PM,8/19/2026,
801,46.4,gf,3.350,mm,OK,--,8:02:29 PM,8/19/2026,
802,46.5,gf,3.355,mm,OK,--,8:02:29 PM,8/19/2026,
803,46.5,gf,3.360,mm,OK,--,8:02:29 PM,8/19/2026,
804,46.6,gf,3.365,mm,OK,--,8:02:29 PM,8/19/2026,
805,46.6,gf,3.370,mm,OK,--,8:02:29 PM,8/19/2026,
806,46.6,gf,3.375,mm,OK,--,8:02:29 PM,8/19/2026,
807,46.6,gf,3.380,mm,OK,--,8:02:29 PM,8/19/2026,
808,46.6,gf,3.385,mm,OK,--,8:02:29 PM,8/19/2026,
809,46.6,gf,3.390,mm,OK,--,8:02:30 PM,8/19/2026,
810,46.6,gf,3.390,mm,OK,--,8:02:30 PM,8/19/2026,
811,46.6,gf,3.395,mm,OK,--,8:02:30 PM,8/19/2026,
812,46.7,gf,3.400,mm,OK,--,8:02:30 PM,8/19/2026,
813,46.7,gf,3.400,mm,OK,--,8:02:30 PM,8/19/2026,
814,46.8,gf,3.410,mm,OK,--,8:02:30 PM,8/19/2026,
815,46.8,gf,3.425,mm,OK,--,8:02:30 PM,8/19/2026,
816,46.8,gf,3.435,mm,OK,--,8:02:30 PM,8/19/2026,
817,46.8,gf,3.445,mm,OK,--,8:02:30 PM,8/19/2026,
818,46.9,gf,3.455,mm,OK,--,8:02:30 PM,8/19/2026,
819,46.8,gf,3.455,mm,OK,--,8:02:31 PM,8/19/2026,
820,46.9,gf,3.460,mm,OK,--,8:02:31 PM,8/19/2026,
821,46.9,gf,3.465,mm,OK,--,8:02:31 PM,8/19/2026,
822,47.0,gf,3.475,mm,OK,--,8:02:31 PM,8/19/2026,
823,47.0,gf,3.485,mm,OK,--,8:02:31 PM,8/19/2026,
824,47.2,gf,3.495,mm,OK,--,8:02:31 PM,8/19/2026,
825,47.2,gf,3.500,mm,OK,--,8:02:31 PM,8/19/2026,
826,47.3,gf,3.510,mm,OK,--,8:02:31 PM,8/19/2026,
827,47.3,gf,3.520,mm,OK,--,8:02:31 PM,8/19/2026,
828,47.3,gf,3.525,mm,OK,--,8:02:31 PM,8/19/2026,
829,47.3,gf,3.530,mm,OK,--,8:02:32 PM,8/19/2026,
830,47.3,gf,3.535,mm,OK,--,8:02:32 PM,8/19/2026,
831,47.2,gf,3.540,mm,OK,--,8:02:32 PM,8/19/2026,
832,47.2,gf,3.545,mm,OK,--,8:02:32 PM,8/19/2026,
833,47.2,gf,3.545,mm,OK,--,8:02:32 PM,8/19/2026,
834,47.2,gf,3.545,mm,OK,--,8:02:32 PM,8/19/2026,
835,47.2,gf,3.545,mm,OK,--,8:02:32 PM,8/19/2026,
836,47.3,gf,3.550,mm,OK,--,8:02:32 PM,8/19/2026,
837,47.2,gf,3.550,mm,OK,--,8:02:32 PM,8/19/2026,
838,47.2,gf,3.555,mm,OK,--,8:02:32 PM,8/19/2026,
839,47.2,gf,3.555,mm,OK,--,8:02:33 PM,8/19/2026,
840,47.2,gf,3.560,mm,OK,--,8:02:33 PM,8/19/2026,
841,47.2,gf,3.560,mm,OK,--,8:02:33 PM,8/19/2026,
842,47.2,gf,3.560,mm,OK,--,8:02:33 PM,8/19/2026,
843,47.2,gf,3.565,mm,OK,--,8:02:33 PM,8/19/2026,
844,47.2,gf,3.565,mm,OK,--,8:02:33 PM,8/19/2026,
845,47.2,gf,3.565,mm,OK,--,8:02:33 PM,8/19/2026,
846,47.2,gf,3.565,mm,OK,--,8:02:33 PM,8/19/2026,
847,47.2,gf,3.565,mm,OK,--,8:02:33 PM,8/19/2026,
848,47.2,gf,3.565,mm,OK,--,8:02:33 PM,8/19/2026,
849,47.2,gf,3.565,mm,OK,--,8:02:34 PM,8/19/2026,
850,47.2,gf,3.565,mm,OK,--,8:02:34 PM,8/19/2026,
851,47.2,gf,3.565,mm,OK,--,8:02:34 PM,8/19/2026,
852,47.3,gf,3.570,mm,OK,--,8:02:34 PM,8/19/2026,
853,47.3,gf,3.570,mm,OK,--,8:02:34 PM,8/19/2026,
854,47.3,gf,3.570,mm,OK,--,8:02:34 PM,8/19/2026,
855,47.4,gf,3.575,mm,OK,--,8:02:34 PM,8/19/2026,
856,47.4,gf,3.580,mm,OK,--,8:02:34 PM,8/19/2026,
857,47.4,gf,3.590,mm,OK,--,8:02:34 PM,8/19/2026,
858,47.4,gf,3.595,mm,OK,--,8:02:34 PM,8/19/2026,
859,47.4,gf,3.605,mm,OK,--,8:02:35 PM,8/19/2026,
860,47.4,gf,3.610,mm,OK,--,8:02:35 PM,8/19/2026,
861,47.5,gf,3.615,mm,OK,--,8:02:35 PM,8/19/2026,
862,47.6,gf,3.620,mm,OK,--,8:02:35 PM,8/19/2026,
863,47.6,gf,3.625,mm,OK,--,8:02:35 PM,8/19/2026,
864,47.7,gf,3.635,mm,OK,--,8:02:35 PM,8/19/2026,
865,47.7,gf,3.635,mm,OK,--,8:02:35 PM,8/19/2026,
866,47.7,gf,3.640,mm,OK,--,8:02:35 PM,8/19/2026,
867,47.7,gf,3.645,mm,OK,--,8:02:35 PM,8/19/2026,
868,47.6,gf,3.650,mm,OK,--,8:02:35 PM,8/19/2026,
869,47.7,gf,3.655,mm,OK,--,8:02:36 PM,8/19/2026,
870,47.8,gf,3.660,mm,OK,--,8:02:36 PM,8/19/2026,
871,47.7,gf,3.660,mm,OK,--,8:02:36 PM,8/19/2026,
872,47.8,gf,3.660,mm,OK,--,8:02:36 PM,8/19/2026,
873,47.8,gf,3.665,mm,OK,--,8:02:36 PM,8/19/2026,
874,47.9,gf,3.670,mm,OK,--,8:02:36 PM,8/19/2026,
875,47.9,gf,3.670,mm,OK,--,8:02:36 PM,8/19/2026,
876,48.0,gf,3.675,mm,OK,--,8:02:36 PM,8/19/2026,
877,48.2,gf,3.680,mm,OK,--,8:02:36 PM,8/19/2026,
878,48.5,gf,3.685,mm,OK,--,8:02:36 PM,8/19/2026,
879,48.8,gf,3.690,mm,OK,--,8:02:37 PM,8/19/2026,
880,49.2,gf,3.690,mm,OK,--,8:02:37 PM,8/19/2026,
881,49.5,gf,3.695,mm,OK,--,8:02:37 PM,8/19/2026,
882,49.9,gf,3.695,mm,OK,--,8:02:37 PM,8/19/2026,
883,50.4,gf,3.700,mm,OK,--,8:02:37 PM,8/19/2026,
884,50.9,gf,3.700,mm,OK,--,8:02:37 PM,8/19/2026,
885,51.1,gf,3.705,mm,OK,--,8:02:37 PM,8/19/2026,
886,51.8,gf,3.705,mm,OK,--,8:02:37 PM,8/19/2026,
887,52.5,gf,3.710,mm,OK,--,8:02:37 PM,8/19/2026,
888,53.3,gf,3.710,mm,OK,--,8:02:37 PM,8/19/2026,
889,54.1,gf,3.710,mm,OK,--,8:02:38 PM,8/19/2026,
890,54.8,gf,3.715,mm,OK,--,8:02:38 PM,8/19/2026,
891,55.5,gf,3.715,mm,OK,--,8:02:38 PM,8/19/2026,
892,56.2,gf,3.720,mm,OK,--,8:02:38 PM,8/19/2026,
893,56.4,gf,3.720,mm,OK,--,8:02:38 PM,8/19/2026,
894,57.0,gf,3.720,mm,OK,--,8:02:38 PM,8/19/2026,
895,57.8,gf,3.725,mm,OK,--,8:02:38 PM,8/19/2026,
896,58.4,gf,3.725,mm,OK,--,8:02:38 PM,8/19/2026,
897,58.8,gf,3.725,mm,OK,--,8:02:38 PM,8/19/2026,
898,59.5,gf,3.725,mm,OK,--,8:02:38 PM,8/19/2026,
899,60.3,gf,3.730,mm,OK,--,8:02:39 PM,8/19/2026,
900,60.7,gf,3.730,mm,OK,--,8:02:39 PM,8/19/2026,
901,61.4,gf,3.735,mm,OK,--,8:02:39 PM,8/19/2026,
902,62.3,gf,3.735,mm,OK,--,8:02:39 PM,8/19/2026,
903,63.2,gf,3.735,mm,OK,--,8:02:39 PM,8/19/2026,
904,64.1,gf,3.740,mm,OK,--,8:02:39 PM,8/19/2026,
905,64.6,gf,3.740,mm,OK,--,8:02:39 PM,8/19/2026,
906,64.7,gf,3.740,mm,OK,--,8:02:39 PM,8/19/2026,
907,65.4,gf,3.745,mm,OK,--,8:02:39 PM,8/19/2026,
908,66.1,gf,3.745,mm,OK,--,8:02:39 PM,8/19/2026,
909,66.7,gf,3.745,mm,OK,--,8:02:40 PM,8/19/2026,
910,67.3,gf,3.750,mm,OK,--,8:02:40 PM,8/19/2026,
911,67.9,gf,3.750,mm,OK,--,8:02:40 PM,8/19/2026,
912,68.6,gf,3.750,mm,OK,--,8:02:40 PM,8/19/2026,
913,69.1,gf,3.750,mm,OK,--,8:02:40 PM,8/19/2026,
914,69.3,gf,3.755,mm,OK,--,8:02:40 PM,8/19/2026,
915,69.8,gf,3.755,mm,OK,--,8:02:40 PM,8/19/2026,
916,70.3,gf,3.755,mm,OK,--,8:02:40 PM,8/19/2026,
917,71.1,gf,3.755,mm,OK,--,8:02:40 PM,8/19/2026,
918,71.8,gf,3.760,mm,OK,--,8:02:40 PM,8/19/2026,
919,72.4,gf,3.760,mm,OK,--,8:02:41 PM,8/19/2026,
920,72.7,gf,3.760,mm,OK,--,8:02:41 PM,8/19/2026,
921,72.9,gf,3.760,mm,OK,--,8:02:41 PM,8/19/2026,
922,73.0,gf,3.765,mm,OK,--,8:02:41 PM,8/19/2026,
923,73.2,gf,3.765,mm,OK,--,8:02:41 PM,8/19/2026,
924,73.3,gf,3.765,mm,OK,--,8:02:41 PM,8/19/2026,
925,73.6,gf,3.765,mm,OK,--,8:02:41 PM,8/19/2026,
926,73.6,gf,3.765,mm,OK,--,8:02:41 PM,8/19/2026,
927,74.0,gf,3.765,mm,OK,--,8:02:41 PM,8/19/2026,
928,74.7,gf,3.765,mm,OK,--,8:02:41 PM,8/19/2026,
929,75.6,gf,3.770,mm,OK,--,8:02:42 PM,8/19/2026,
930,76.0,gf,3.770,mm,OK,--,8:02:42 PM,8/19/2026,
931,76.3,gf,3.770,mm,OK,--,8:02:42 PM,8/19/2026,
932,76.7,gf,3.770,mm,OK,--,8:02:42 PM,8/19/2026,
933,77.1,gf,3.770,mm,OK,--,8:02:42 PM,8/19/2026,
934,77.5,gf,3.775,mm,OK,--,8:02:42 PM,8/19/2026,
935,77.9,gf,3.775,mm,OK,--,8:02:42 PM,8/19/2026,
936,78.3,gf,3.775,mm,OK,--,8:02:42 PM,8/19/2026,
937,78.6,gf,3.775,mm,OK,--,8:02:42 PM,8/19/2026,
938,78.9,gf,3.775,mm,OK,--,8:02:42 PM,8/19/2026,
939,79.1,gf,3.775,mm,OK,--,8:02:43 PM,8/19/2026,
940,79.0,gf,3.775,mm,OK,--,8:02:43 PM,8/19/2026,
941,79.2,gf,3.775,mm,OK,--,8:02:43 PM,8/19/2026,
942,79.5,gf,3.780,mm,OK,--,8:02:43 PM,8/19/2026,
943,79.8,gf,3.780,mm,OK,--,8:02:43 PM,8/19/2026,
944,80.2,gf,3.780,mm,OK,--,8:02:43 PM,8/19/2026,
945,80.7,gf,3.780,mm,OK,--,8:02:43 PM,8/19/2026,
946,81.1,gf,3.780,mm,OK,--,8:02:43 PM,8/19/2026,
947,81.5,gf,3.780,mm,OK,--,8:02:43 PM,8/19/2026,
948,81.9,gf,3.785,mm,OK,--,8:02:43 PM,8/19/2026,
949,82.3,gf,3.785,mm,OK,--,8:02:44 PM,8/19/2026,
950,82.8,gf,3.785,mm,OK,--,8:02:44 PM,8/19/2026,
951,83.4,gf,3.785,mm,OK,--,8:02:44 PM,8/19/2026,
952,83.8,gf,3.785,mm,OK,--,8:02:44 PM,8/19/2026,
953,84.1,gf,3.790,mm,OK,--,8:02:44 PM,8/19/2026,
954,84.7,gf,3.790,mm,OK,--,8:02:44 PM,8/19/2026,
955,85.3,gf,3.790,mm,OK,--,8:02:44 PM,8/19/2026,
956,85.9,gf,3.790,mm,OK,--,8:02:44 PM,8/19/2026,
957,86.7,gf,3.795,mm,OK,--,8:02:44 PM,8/19/2026,
958,87.5,gf,3.795,mm,OK,--,8:02:44 PM,8/19/2026,
959,89.5,gf,3.800,mm,OK,--,8:02:45 PM,8/19/2026,
960,90.5,gf,3.800,mm,OK,--,8:02:45 PM,8/19/2026,
961,91.6,gf,3.800,mm,OK,--,8:02:45 PM,8/19/2026,
962,93.1,gf,3.805,mm,OK,--,8:02:45 PM,8/19/2026,
963,94.5,gf,3.810,mm,OK,--,8:02:45 PM,8/19/2026,
964,95.7,gf,3.810,mm,OK,--,8:02:45 PM,8/19/2026,
965,96.6,gf,3.810,mm,OK,--,8:02:45 PM,8/19/2026,
966,98.2,gf,3.815,mm,OK,--,8:02:45 PM,8/19/2026,
967,99.8,gf,3.815,mm,OK,--,8:02:45 PM,8/19/2026,
968,101.3,gf,3.820,mm,OK,--,8:02:45 PM,8/19/2026,
969,102.8,gf,3.825,mm,OK,--,8:02:46 PM,8/19/2026,
970,104.8,gf,3.825,mm,OK,--,8:02:46 PM,8/19/2026,
971,106.8,gf,3.830,mm,OK,--,8:02:46 PM,8/19/2026,
972,108.7,gf,3.835,mm,OK,--,8:02:46 PM,8/19/2026,
973,110.0,gf,3.835,mm,OK,--,8:02:46 PM,8/19/2026,
974,111.3,gf,3.840,mm,OK,--,8:02:46 PM,8/19/2026,
975,112.2,gf,3.840,mm,OK,--,8:02:46 PM,8/19/2026,
976,113.1,gf,3.845,mm,OK,--,8:02:46 PM,8/19/2026,
977,114.0,gf,3.845,mm,OK,--,8:02:46 PM,8/19/2026,
978,115.1,gf,3.845,mm,OK,--,8:02:46 PM,8/19/2026,
979,116.3,gf,3.850,mm,OK,--,8:02:47 PM,8/19/2026,
980,117.2,gf,3.850,mm,OK,--,8:02:47 PM,8/19/2026,
981,118.5,gf,3.850,mm,OK,--,8:02:47 PM,8/19/2026,
982,120.1,gf,3.855,mm,OK,--,8:02:47 PM,8/19/2026,
983,121.7,gf,3.855,mm,OK,--,8:02:47 PM,8/19/2026,
984,122.9,gf,3.860,mm,OK,--,8:02:47 PM,8/19/2026,
985,123.9,gf,3.860,mm,OK,--,8:02:47 PM,8/19/2026,
986,125.0,gf,3.865,mm,OK,--,8:02:47 PM,8/19/2026,
987,126.3,gf,3.865,mm,OK,--,8:02:47 PM,8/19/2026,
988,127.7,gf,3.865,mm,OK,--,8:02:47 PM,8/19/2026,
989,129.1,gf,3.870,mm,OK,--,8:02:48 PM,8/19/2026,
990,130.5,gf,3.870,mm,OK,--,8:02:48 PM,8/19/2026,
991,131.7,gf,3.875,mm,OK,--,8:02:48 PM,8/19/2026,
992,133.1,gf,3.875,mm,OK,--,8:02:48 PM,8/19/2026,
993,134.9,gf,3.880,mm,OK,--,8:02:48 PM,8/19/2026,
994,137.1,gf,3.880,mm,OK,--,8:02:48 PM,8/19/2026,
995,139.9,gf,3.885,mm,OK,--,8:02:48 PM,8/19/2026,
996,142.6,gf,3.890,mm,OK,--,8:02:48 PM,8/19/2026,
997,144.4,gf,3.895,mm,OK,--,8:02:48 PM,8/19/2026,
998,146.0,gf,3.895,mm,OK,--,8:02:48 PM,8/19/2026,
999,147.0,gf,3.900,mm,OK,--,8:02:49 PM,8/19/2026,
1000,148.3,gf,3.900,mm,OK,--,8:02:49 PM,8/19/2026,
1001,149.9,gf,3.900,mm,OK,--,8:02:49 PM,8/19/2026,
1002,151.4,gf,3.905,mm,OK,--,8:02:49 PM,8/19/2026,
1003,153.1,gf,3.910,mm,OK,--,8:02:49 PM,8/19/2026,
1004,154.6,gf,3.910,mm,OK,--,8:02:49 PM,8/19/2026,
1005,156.0,gf,3.910,mm,OK,--,8:02:49 PM,8/19/2026,
1006,157.2,gf,3.915,mm,OK,--,8:02:49 PM,8/19/2026,
1007,158.0,gf,3.915,mm,OK,--,8:02:49 PM,8/19/2026,
1008,159.2,gf,3.920,mm,OK,--,8:02:49 PM,8/19/2026,
1009,160.6,gf,3.920,mm,OK,--,8:02:50 PM,8/19/2026,
1010,162.2,gf,3.920,mm,OK,--,8:02:50 PM,8/19/2026,
1011,163.9,gf,3.925,mm,OK,--,8:02:50 PM,8/19/2026,
1012,165.7,gf,3.930,mm,OK,--,8:02:50 PM,8/19/2026,
1013,167.2,gf,3.930,mm,OK,--,8:02:50 PM,8/19/2026,
1014,169.0,gf,3.935,mm,OK,--,8:02:50 PM,8/19/2026,
1015,171.0,gf,3.935,mm,OK,--,8:02:50 PM,8/19/2026,
1016,172.7,gf,3.940,mm,OK,--,8:02:50 PM,8/19/2026,
1017,174.4,gf,3.940,mm,OK,--,8:02:50 PM,8/19/2026,
1018,175.9,gf,3.945,mm,OK,--,8:02:50 PM,8/19/2026,
1019,177.4,gf,3.945,mm,OK,--,8:02:51 PM,8/19/2026,
1020,178.7,gf,3.950,mm,OK,--,8:02:51 PM,8/19/2026,
1021,180.1,gf,3.950,mm,OK,--,8:02:51 PM,8/19/2026,
1022,181.2,gf,3.950,mm,OK,--,8:02:51 PM,8/19/2026,
1023,182.6,gf,3.955,mm,OK,--,8:02:51 PM,8/19/2026,
1024,184.0,gf,3.955,mm,OK,--,8:02:51 PM,8/19/2026,
1025,185.2,gf,3.955,mm,OK,--,8:02:51 PM,8/19/2026,
1026,186.4,gf,3.960,mm,OK,--,8:02:51 PM,8/19/2026,
1027,187.5,gf,3.960,mm,OK,--,8:02:51 PM,8/19/2026,
1028,188.6,gf,3.960,mm,OK,--,8:02:51 PM,8/19/2026,
1029,189.6,gf,3.965,mm,OK,--,8:02:52 PM,8/19/2026,
1030,190.5,gf,3.965,mm,OK,--,8:02:52 PM,8/19/2026,
1031,191.4,gf,3.965,mm,OK,--,8:02:52 PM,8/19/2026,
1032,192.2,gf,3.970,mm,OK,--,8:02:52 PM,8/19/2026,
1033,192.5,gf,3.970,mm,OK,--,8:02:52 PM,8/19/2026,
1034,192.5,gf,3.970,mm,OK,--,8:02:52 PM,8/19/2026,
1035,192.7,gf,3.970,mm,OK,--,8:02:52 PM,8/19/2026,
1036,192.7,gf,3.970,mm,OK,--,8:02:52 PM,8/19/2026,
1037,192.7,gf,3.970,mm,OK,--,8:02:52 PM,8/19/2026,
1038,192.5,gf,3.970,mm,OK,--,8:02:52 PM,8/19/2026,
1039,192.4,gf,3.970,mm,OK,--,8:02:53 PM,8/19/2026,
1040,192.1,gf,3.970,mm,OK,--,8:02:53 PM,8/19/2026,
1041,192.1,gf,3.970,mm,OK,--,8:02:53 PM,8/19/2026,
1042,192.0,gf,3.970,mm,OK,--,8:02:53 PM,8/19/2026,
1043,191.9,gf,3.970,mm,OK,--,8:02:53 PM,8/19/2026,
1044,191.9,gf,3.970,mm,OK,--,8:02:53 PM,8/19/2026,
1045,191.8,gf,3.970,mm,OK,--,8:02:53 PM,8/19/2026,
1046,191.7,gf,3.970,mm,OK,--,8:02:53 PM,8/19/2026,
1047,191.7,gf,3.970,mm,OK,--,8:02:53 PM,8/19/2026,
1048,191.6,gf,3.970,mm,OK,--,8:02:53 PM,8/19/2026,
1049,191.6,gf,3.970,mm,OK,--,8:02:54 PM,8/19/2026,
1050,191.5,gf,3.970,mm,OK,--,8:02:54 PM,8/19/2026,
1051,191.5,gf,3.970,mm,OK,--,8:02:54 PM,8/19/2026,
1052,191.5,gf,3.970,mm,OK,--,8:02:54 PM,8/19/2026,
1053,191.4,gf,3.970,mm,OK,--,8:02:54 PM,8/19/2026,
1054,191.4,gf,3.970,mm,OK,--,8:02:54 PM,8/19/2026,
1055,191.3,gf,3.970,mm,OK,--,8:02:54 PM,8/19/2026,
1056,191.3,gf,3.970,mm,OK,--,8:02:54 PM,8/19/2026,
1057,191.2,gf,3.970,mm,OK,--,8:02:54 PM,8/19/2026,
1058,191.2,gf,3.970,mm,OK,--,8:02:54 PM,8/19/2026,
1059,191.2,gf,3.970,mm,OK,--,8:02:55 PM,8/19/2026,
1060,191.2,gf,3.970,mm,OK,--,8:02:55 PM,8/19/2026,
1061,191.1,gf,3.970,mm,OK,--,8:02:55 PM,8/19/2026,
1062,191.1,gf,3.970,mm,OK,--,8:02:55 PM,8/19/2026,
1063,190.9,gf,3.970,mm,OK,--,8:02:55 PM,8/19/2026,
1064,190.8,gf,3.970,mm,OK,--,8:02:55 PM,8/19/2026,
1065,190.6,gf,3.970,mm,OK,--,8:02:55 PM,8/19/2026,
1066,190.5,gf,3.970,mm,OK,--,8:02:55 PM,8/19/2026,
1067,190.4,gf,3.970,mm,OK,--,8:02:55 PM,8/19/2026,
1068,190.3,gf,3.970,mm,OK,--,8:02:55 PM,8/19/2026,
1069,190.3,gf,3.970,mm,OK,--,8:02:56 PM,8/19/2026,
1070,190.1,gf,3.970,mm,OK,--,8:02:56 PM,8/19/2026,
1071,189.5,gf,3.970,mm,OK,--,8:02:56 PM,8/19/2026,
1072,187.5,gf,3.970,mm,OK,--,8:02:56 PM,8/19/2026,
1073,187.1,gf,3.970,mm,OK,--,8:02:56 PM,8/19/2026,
1074,187.1,gf,3.965,mm,OK,--,8:02:56 PM,8/19/2026,
1075,187.0,gf,3.965,mm,OK,--,8:02:56 PM,8/19/2026,
1076,187.1,gf,3.965,mm,OK,--,8:02:56 PM,8/19/2026,
1077,186.9,gf,3.965,mm,OK,--,8:02:56 PM,8/19/2026,
1078,186.4,gf,3.965,mm,OK,--,8:02:56 PM,8/19/2026,
1079,185.6,gf,3.965,mm,OK,--,8:02:57 PM,8/19/2026,
1080,184.9,gf,3.965,mm,OK,--,8:02:57 PM,8/19/2026,
1081,184.4,gf,3.965,mm,OK,--,8:02:57 PM,8/19/2026,
1082,184.2,gf,3.965,mm,OK,--,8:02:57 PM,8/19/2026,
1083,183.9,gf,3.965,mm,OK,--,8:02:57 PM,8/19/2026,
1084,183.4,gf,3.965,mm,OK,--,8:02:57 PM,8/19/2026,
1085,182.2,gf,3.960,mm,OK,--,8:02:57 PM,8/19/2026,
1086,181.4,gf,3.960,mm,OK,--,8:02:57 PM,8/19/2026,
1087,180.1,gf,3.960,mm,OK,--,8:02:57 PM,8/19/2026,
1088,179.3,gf,3.960,mm,OK,--,8:02:57 PM,8/19/2026,
1089,179.0,gf,3.960,mm,OK,--,8:02:58 PM,8/19/2026,
1090,178.3,gf,3.960,mm,OK,--,8:02:58 PM,8/19/2026,
1091,177.9,gf,3.955,mm,OK,--,8:02:58 PM,8/19/2026,
1092,177.4,gf,3.955,mm,OK,--,8:02:58 PM,8/19/2026,
1093,176.3,gf,3.955,mm,OK,--,8:02:58 PM,8/19/2026,
1094,175.0,gf,3.955,mm,OK,--,8:02:58 PM,8/19/2026,
1095,173.9,gf,3.955,mm,OK,--,8:02:58 PM,8/19/2026,
1096,173.3,gf,3.950,mm,OK,--,8:02:58 PM,8/19/2026,
1097,172.9,gf,3.950,mm,OK,--,8:02:58 PM,8/19/2026,
1098,172.8,gf,3.950,mm,OK,--,8:02:58 PM,8/19/2026,
1099,172.7,gf,3.950,mm,OK,--,8:02:59 PM,8/19/2026,
1100,172.4,gf,3.950,mm,OK,--,8:02:59 PM,8/19/2026,
1101,172.0,gf,3.950,mm,OK,--,8:02:59 PM,8/19/2026,
1102,171.1,gf,3.950,mm,OK,--,8:02:59 PM,8/19/2026,
1103,170.2,gf,3.950,mm,OK,--,8:02:59 PM,8/19/2026,
1104,169.3,gf,3.945,mm,OK,--,8:02:59 PM,8/19/2026,
1105,167.8,gf,3.945,mm,OK,--,8:02:59 PM,8/19/2026,
1106,167.0,gf,3.945,mm,OK,--,8:02:59 PM,8/19/2026,
1107,166.2,gf,3.945,mm,OK,--,8:02:59 PM,8/19/2026,
1108,165.6,gf,3.945,mm,OK,--,8:02:59 PM,8/19/2026,
1109,165.4,gf,3.940,mm,OK,--,8:03:00 PM,8/19/2026,
1110,165.1,gf,3.940,mm,OK,--,8:03:00 PM,8/19/2026,
1111,164.2,gf,3.940,mm,OK,--,8:03:00 PM,8/19/2026,
1112,163.0,gf,3.940,mm,OK,--,8:03:00 PM,8/19/2026,
1113,162.1,gf,3.940,mm,OK,--,8:03:00 PM,8/19/2026,
1114,161.2,gf,3.935,mm,OK,--,8:03:00 PM,8/19/2026,
1115,160.1,gf,3.935,mm,OK,--,8:03:00 PM,8/19/2026,
1116,159.2,gf,3.935,mm,OK,--,8:03:00 PM,8/19/2026,
1117,158.3,gf,3.935,mm,OK,--,8:03:00 PM,8/19/2026,
1118,157.4,gf,3.930,mm,OK,--,8:03:00 PM,8/19/2026,
1119,156.7,gf,3.930,mm,OK,--,8:03:01 PM,8/19/2026,
1120,155.9,gf,3.930,mm,OK,--,8:03:01 PM,8/19/2026,
1121,155.0,gf,3.930,mm,OK,--,8:03:01 PM,8/19/2026,
1122,154.2,gf,3.930,mm,OK,--,8:03:01 PM,8/19/2026,
1123,153.3,gf,3.925,mm,OK,--,8:03:01 PM,8/19/2026,
1124,152.3,gf,3.925,mm,OK,--,8:03:01 PM,8/19/2026,
1125,151.1,gf,3.925,mm,OK,--,8:03:01 PM,8/19/2026,
1126,149.7,gf,3.920,mm,OK,--,8:03:01 PM,8/19/2026,
1127,148.6,gf,3.920,mm,OK,--,8:03:01 PM,8/19/2026,
1128,147.4,gf,3.920,mm,OK,--,8:03:01 PM,8/19/2026,
1129,146.5,gf,3.915,mm,OK,--,8:03:02 PM,8/19/2026,
1130,144.8,gf,3.915,mm,OK,--,8:03:02 PM,8/19/2026,
1131,143.1,gf,3.910,mm,OK,--,8:03:02 PM,8/19/2026,
1132,141.3,gf,3.910,mm,OK,--,8:03:02 PM,8/19/2026,
1133,139.5,gf,3.905,mm,OK,--,8:03:02 PM,8/19/2026,
1134,136.8,gf,3.900,mm,OK,--,8:03:02 PM,8/19/2026,
1135,133.7,gf,3.895,mm,OK,--,8:03:02 PM,8/19/2026,
1136,130.0,gf,3.890,mm,OK,--,8:03:02 PM,8/19/2026,
1137,126.0,gf,3.885,mm,OK,--,8:03:02 PM,8/19/2026,
1138,122.0,gf,3.880,mm,OK,--,8:03:02 PM,8/19/2026,
1139,113.9,gf,3.870,mm,OK,--,8:03:03 PM,8/19/2026,
1140,110.2,gf,3.860,mm,OK,--,8:03:03 PM,8/19/2026,
1141,108.3,gf,3.860,mm,OK,--,8:03:03 PM,8/19/2026,
1142,106.6,gf,3.855,mm,OK,--,8:03:03 PM,8/19/2026,
1143,101.2,gf,3.845,mm,OK,--,8:03:03 PM,8/19/2026,
1144,96.2,gf,3.835,mm,OK,--,8:03:03 PM,8/19/2026,
1145,94.4,gf,3.835,mm,OK,--,8:03:03 PM,8/19/2026,
1146,92.6,gf,3.830,mm,OK,--,8:03:03 PM,8/19/2026,
1147,90.5,gf,3.825,mm,OK,--,8:03:03 PM,8/19/2026,
1148,89.6,gf,3.825,mm,OK,--,8:03:03 PM,8/19/2026,
1149,89.0,gf,3.820,mm,OK,--,8:03:04 PM,8/19/2026,
1150,88.6,gf,3.820,mm,OK,--,8:03:04 PM,8/19/2026,
1151,88.3,gf,3.820,mm,OK,--,8:03:04 PM,8/19/2026,
1152,87.3,gf,3.820,mm,OK,--,8:03:04 PM,8/19/2026,
1153,86.4,gf,3.815,mm,OK,--,8:03:04 PM,8/19/2026,
1154,85.7,gf,3.815,mm,OK,--,8:03:04 PM,8/19/2026,
1155,84.6,gf,3.815,mm,OK,--,8:03:04 PM,8/19/2026,
1156,82.9,gf,3.810,mm,OK,--,8:03:04 PM,8/19/2026,
1157,81.3,gf,3.805,mm,OK,--,8:03:04 PM,8/19/2026,
1158,80.6,gf,3.805,mm,OK,--,8:03:04 PM,8/19/2026,
1159,79.4,gf,3.805,mm,OK,--,8:03:05 PM,8/19/2026,
1160,77.1,gf,3.800,mm,OK,--,8:03:05 PM,8/19/2026,
1161,73.8,gf,3.790,mm,OK,--,8:03:05 PM,8/19/2026,
1162,70.4,gf,3.785,mm,OK,--,8:03:05 PM,8/19/2026,
1163,67.4,gf,3.780,mm,OK,--,8:03:05 PM,8/19/2026,
1164,64.6,gf,3.770,mm,OK,--,8:03:05 PM,8/19/2026,
1165,61.7,gf,3.765,mm,OK,--,8:03:05 PM,8/19/2026,
1166,59.3,gf,3.755,mm,OK,--,8:03:05 PM,8/19/2026,
1167,57.5,gf,3.750,mm,OK,--,8:03:05 PM,8/19/2026,
1168,55.6,gf,3.745,mm,OK,--,8:03:05 PM,8/19/2026,
1169,53.5,gf,3.740,mm,OK,--,8:03:06 PM,8/19/2026,
1170,51.7,gf,3.735,mm,OK,--,8:03:06 PM,8/19/2026,
1171,51.0,gf,3.730,mm,OK,--,8:03:06 PM,8/19/2026,
1172,50.4,gf,3.730,mm,OK,--,8:03:06 PM,8/19/2026,
1173,49.5,gf,3.725,mm,OK,--,8:03:06 PM,8/19/2026,
1174,48.6,gf,3.720,mm,OK,--,8:03:06 PM,8/19/2026,
1175,48.3,gf,3.715,mm,OK,--,8:03:06 PM,8/19/2026,
1176,47.6,gf,3.715,mm,OK,--,8:03:06 PM,8/19/2026,
1177,47.0,gf,3.710,mm,OK,--,8:03:06 PM,8/19/2026,
1178,46.4,gf,3.700,mm,OK,--,8:03:06 PM,8/19/2026,
1179,46.2,gf,3.690,mm,OK,--,8:03:07 PM,8/19/2026,
1180,46.3,gf,3.685,mm,OK,--,8:03:07 PM,8/19/2026,
1181,46.3,gf,3.680,mm,OK,--,8:03:07 PM,8/19/2026,
1182,46.3,gf,3.675,mm,OK,--,8:03:07 PM,8/19/2026,
1183,46.3,gf,3.670,mm,OK,--,8:03:07 PM,8/19/2026,
1184,46.2,gf,3.665,mm,OK,--,8:03:07 PM,8/19/2026,
1185,46.2,gf,3.660,mm,OK,--,8:03:07 PM,8/19/2026,
1186,46.2,gf,3.660,mm,OK,--,8:03:07 PM,8/19/2026,
1187,46.2,gf,3.655,mm,OK,--,8:03:07 PM,8/19/2026,
1188,46.1,gf,3.655,mm,OK,--,8:03:07 PM,8/19/2026,
1189,46.2,gf,3.650,mm,OK,--,8:03:08 PM,8/19/2026,
1190,46.2,gf,3.645,mm,OK,--,8:03:08 PM,8/19/2026,
1191,46.2,gf,3.640,mm,OK,--,8:03:08 PM,8/19/2026,
1192,46.2,gf,3.635,mm,OK,--,8:03:08 PM,8/19/2026,
1193,46.1,gf,3.630,mm,OK,--,8:03:08 PM,8/19/2026,
1194,46.1,gf,3.625,mm,OK,--,8:03:08 PM,8/19/2026,
1195,46.0,gf,3.620,mm,OK,--,8:03:08 PM,8/19/2026,
1196,45.9,gf,3.615,mm,OK,--,8:03:08 PM,8/19/2026,
1197,45.8,gf,3.610,mm,OK,--,8:03:08 PM,8/19/2026,
1198,45.7,gf,3.605,mm,OK,--,8:03:08 PM,8/19/2026,
1199,45.7,gf,3.600,mm,OK,--,8:03:09 PM,8/19/2026,
1200,45.8,gf,3.600,mm,OK,--,8:03:09 PM,8/19/2026,
1201,45.8,gf,3.595,mm,OK,--,8:03:09 PM,8/19/2026,
1202,45.9,gf,3.595,mm,OK,--,8:03:09 PM,8/19/2026,
1203,45.8,gf,3.595,mm,OK,--,8:03:09 PM,8/19/2026,
1204,45.8,gf,3.590,mm,OK,--,8:03:09 PM,8/19/2026,
1205,45.8,gf,3.590,mm,OK,--,8:03:09 PM,8/19/2026,
1206,45.8,gf,3.580,mm,OK,--,8:03:09 PM,8/19/2026,
1207,45.7,gf,3.575,mm,OK,--,8:03:09 PM,8/19/2026,
1208,45.8,gf,3.570,mm,OK,--,8:03:09 PM,8/19/2026,
1209,45.7,gf,3.560,mm,OK,--,8:03:10 PM,8/19/2026,
1210,45.7,gf,3.555,mm,OK,--,8:03:10 PM,8/19/2026,
1211,45.7,gf,3.550,mm,OK,--,8:03:10 PM,8/19/2026,
1212,45.7,gf,3.545,mm,OK,--,8:03:10 PM,8/19/2026,
1213,45.7,gf,3.540,mm,OK,--,8:03:10 PM,8/19/2026,
1214,45.7,gf,3.530,mm,OK,--,8:03:10 PM,8/19/2026,
1215,45.6,gf,3.525,mm,OK,--,8:03:10 PM,8/19/2026,
1216,45.6,gf,3.520,mm,OK,--,8:03:10 PM,8/19/2026,
1217,45.5,gf,3.515,mm,OK,--,8:03:10 PM,8/19/2026,
1218,45.4,gf,3.510,mm,OK,--,8:03:10 PM,8/19/2026,
1219,45.4,gf,3.505,mm,OK,--,8:03:11 PM,8/19/2026,
1220,45.3,gf,3.500,mm,OK,--,8:03:11 PM,8/19/2026,
1221,45.3,gf,3.490,mm,OK,--,8:03:11 PM,8/19/2026,
1222,45.3,gf,3.485,mm,OK,--,8:03:11 PM,8/19/2026,
1223,45.3,gf,3.480,mm,OK,--,8:03:11 PM,8/19/2026,
1224,45.2,gf,3.475,mm,OK,--,8:03:11 PM,8/19/2026,
1225,45.2,gf,3.465,mm,OK,--,8:03:11 PM,8/19/2026,
1226,45.2,gf,3.460,mm,OK,--,8:03:11 PM,8/19/2026,
1227,45.2,gf,3.455,mm,OK,--,8:03:11 PM,8/19/2026,
1228,45.2,gf,3.445,mm,OK,--,8:03:11 PM,8/19/2026,
1229,45.1,gf,3.440,mm,OK,--,8:03:12 PM,8/19/2026,
1230,45.2,gf,3.435,mm,OK,--,8:03:12 PM,8/19/2026,
1231,45.1,gf,3.430,mm,OK,--,8:03:12 PM,8/19/2026,
1232,45.1,gf,3.420,mm,OK,--,8:03:12 PM,8/19/2026,
1233,45.1,gf,3.415,mm,OK,--,8:03:12 PM,8/19/2026,
1234,45.2,gf,3.410,mm,OK,--,8:03:12 PM,8/19/2026,
1235,45.1,gf,3.400,mm,OK,--,8:03:12 PM,8/19/2026,
1236,44.9,gf,3.390,mm,OK,--,8:03:12 PM,8/19/2026,
1237,44.9,gf,3.380,mm,OK,--,8:03:12 PM,8/19/2026,
1238,44.9,gf,3.375,mm,OK,--,8:03:12 PM,8/19/2026,
1239,44.8,gf,3.365,mm,OK,--,8:03:13 PM,8/19/2026,
1240,44.8,gf,3.360,mm,OK,--,8:03:13 PM,8/19/2026,
1241,44.7,gf,3.355,mm,OK,--,8:03:13 PM,8/19/2026,
1242,44.7,gf,3.350,mm,OK,--,8:03:13 PM,8/19/2026,
1243,44.7,gf,3.345,mm,OK,--,8:03:13 PM,8/19/2026,
1244,44.7,gf,3.340,mm,OK,--,8:03:13 PM,8/19/2026,
1245,44.8,gf,3.335,mm,OK,--,8:03:13 PM,8/19/2026,
1246,44.8,gf,3.335,mm,OK,--,8:03:13 PM,8/19/2026,
1247,44.8,gf,3.335,mm,OK,--,8:03:13 PM,8/19/2026,
1248,44.7,gf,3.330,mm,OK,--,8:03:13 PM,8/19/2026,
1249,44.6,gf,3.330,mm,OK,--,8:03:14 PM,8/19/2026,
1250,44.6,gf,3.325,mm,OK,--,8:03:14 PM,8/19/2026,
1251,44.5,gf,3.320,mm,OK,--,8:03:14 PM,8/19/2026,
1252,44.5,gf,3.310,mm,OK,--,8:03:14 PM,8/19/2026,
1253,44.5,gf,3.305,mm,OK,--,8:03:14 PM,8/19/2026,
1254,44.5,gf,3.300,mm,OK,--,8:03:14 PM,8/19/2026,
1255,44.3,gf,3.290,mm,OK,--,8:03:14 PM,8/19/2026,
1256,44.3,gf,3.285,mm,OK,--,8:03:14 PM,8/19/2026,
1257,44.4,gf,3.275,mm,OK,--,8:03:14 PM,8/19/2026,
1258,44.3,gf,3.270,mm,OK,--,8:03:14 PM,8/19/2026,
1259,44.3,gf,3.255,mm,OK,--,8:03:15 PM,8/19/2026,
1260,44.4,gf,3.245,mm,OK,--,8:03:15 PM,8/19/2026,
1261,44.4,gf,3.235,mm,OK,--,8:03:15 PM,8/19/2026,
1262,44.3,gf,3.230,mm,OK,--,8:03:15 PM,8/19/2026,
1263,44.3,gf,3.220,mm,OK,--,8:03:15 PM,8/19/2026,
1264,44.2,gf,3.210,mm,OK,--,8:03:15 PM,8/19/2026,
1265,44.1,gf,3.200,mm,OK,--,8:03:15 PM,8/19/2026,
1266,44.2,gf,3.185,mm,OK,--,8:03:15 PM,8/19/2026,
1267,44.1,gf,3.170,mm,OK,--,8:03:15 PM,8/19/2026,
1268,44.0,gf,3.160,mm,OK,--,8:03:15 PM,8/19/2026,
1269,43.9,gf,3.145,mm,OK,--,8:03:16 PM,8/19/2026,
1270,43.9,gf,3.135,mm,OK,--,8:03:16 PM,8/19/2026,
1271,43.9,gf,3.120,mm,OK,--,8:03:16 PM,8/19/2026,
1272,43.8,gf,3.105,mm,OK,--,8:03:16 PM,8/19/2026,
1273,43.7,gf,3.095,mm,OK,--,8:03:16 PM,8/19/2026,
1274,43.6,gf,3.090,mm,OK,--,8:03:16 PM,8/19/2026,
1275,43.6,gf,3.085,mm,OK,--,8:03:16 PM,8/19/2026,
1276,43.6,gf,3.080,mm,OK,--,8:03:16 PM,8/19/2026,
1277,43.6,gf,3.070,mm,OK,--,8:03:16 PM,8/19/2026,
1278,43.6,gf,3.060,mm,OK,--,8:03:16 PM,8/19/2026,
1279,43.6,gf,3.050,mm,OK,--,8:03:17 PM,8/19/2026,
1280,43.6,gf,3.040,mm,OK,--,8:03:17 PM,8/19/2026,
1281,43.6,gf,3.030,mm,OK,--,8:03:17 PM,8/19/2026,
1282,43.6,gf,3.020,mm,OK,--,8:03:17 PM,8/19/2026,
1283,43.5,gf,3.010,mm,OK,--,8:03:17 PM,8/19/2026,
1284,43.4,gf,3.000,mm,OK,--,8:03:17 PM,8/19/2026,
1285,43.4,gf,2.995,mm,OK,--,8:03:17 PM,8/19/2026,
1286,43.4,gf,2.985,mm,OK,--,8:03:17 PM,8/19/2026,
1287,43.3,gf,2.975,mm,OK,--,8:03:17 PM,8/19/2026,
1288,43.3,gf,2.965,mm,OK,--,8:03:17 PM,8/19/2026,
1289,43.3,gf,2.955,mm,OK,--,8:03:18 PM,8/19/2026,
1290,43.3,gf,2.945,mm,OK,--,8:03:18 PM,8/19/2026,
1291,43.3,gf,2.940,mm,OK,--,8:03:18 PM,8/19/2026,
1292,43.2,gf,2.935,mm,OK,--,8:03:18 PM,8/19/2026,
1293,43.2,gf,2.930,mm,OK,--,8:03:18 PM,8/19/2026,
1294,43.1,gf,2.920,mm,OK,--,8:03:18 PM,8/19/2026,
1295,43.1,gf,2.915,mm,OK,--,8:03:18 PM,8/19/2026,
1296,43.0,gf,2.915,mm,OK,--,8:03:18 PM,8/19/2026,
1297,43.0,gf,2.910,mm,OK,--,8:03:18 PM,8/19/2026,
1298,43.0,gf,2.905,mm,OK,--,8:03:18 PM,8/19/2026,
1299,42.9,gf,2.900,mm,OK,--,8:03:19 PM,8/19/2026,
1300,42.9,gf,2.900,mm,OK,--,8:03:19 PM,8/19/2026,
1301,42.9,gf,2.895,mm,OK,--,8:03:19 PM,8/19/2026,
1302,42.9,gf,2.895,mm,OK,--,8:03:19 PM,8/19/2026,
1303,42.9,gf,2.890,mm,OK,--,8:03:19 PM,8/19/2026,
1304,42.8,gf,2.885,mm,OK,--,8:03:19 PM,8/19/2026,
1305,42.8,gf,2.885,mm,OK,--,8:03:19 PM,8/19/2026,
1306,42.8,gf,2.880,mm,OK,--,8:03:19 PM,8/19/2026,
1307,42.9,gf,2.875,mm,OK,--,8:03:19 PM,8/19/2026,
1308,42.9,gf,2.875,mm,OK,--,8:03:19 PM,8/19/2026,
1309,42.9,gf,2.875,mm,OK,--,8:03:20 PM,8/19/2026,
1310,43.0,gf,2.870,mm,OK,--,8:03:20 PM,8/19/2026,
1311,43.0,gf,2.865,mm,OK,--,8:03:20 PM,8/19/2026,
1312,43.0,gf,2.865,mm,OK,--,8:03:20 PM,8/19/2026,
1313,43.0,gf,2.860,mm,OK,--,8:03:20 PM,8/19/2026,
1314,43.0,gf,2.860,mm,OK,--,8:03:20 PM,8/19/2026,
1315,43.0,gf,2.855,mm,OK,--,8:03:20 PM,8/19/2026,
1316,43.0,gf,2.855,mm,OK,--,8:03:20 PM,8/19/2026,
1317,43.0,gf,2.850,mm,OK,--,8:03:20 PM,8/19/2026,
1318,42.7,gf,2.845,mm,OK,--,8:03:20 PM,8/19/2026,
1319,42.8,gf,2.840,mm,OK,--,8:03:21 PM,8/19/2026,
1320,42.8,gf,2.835,mm,OK,--,8:03:21 PM,8/19/2026,
1321,42.7,gf,2.825,mm,OK,--,8:03:21 PM,8/19/2026,
1322,42.7,gf,2.820,mm,OK,--,8:03:21 PM,8/19/2026,
1323,42.7,gf,2.815,mm,OK,--,8:03:21 PM,8/19/2026,
1324,42.7,gf,2.810,mm,OK,--,8:03:21 PM,8/19/2026,
1325,42.7,gf,2.805,mm,OK,--,8:03:21 PM,8/19/2026,
1326,42.7,gf,2.800,mm,OK,--,8:03:21 PM,8/19/2026,
1327,42.7,gf,2.790,mm,OK,--,8:03:21 PM,8/19/2026,
1328,42.7,gf,2.780,mm,OK,--,8:03:21 PM,8/19/2026,
1329,42.8,gf,2.775,mm,OK,--,8:03:22 PM,8/19/2026,
1330,42.8,gf,2.765,mm,OK,--,8:03:22 PM,8/19/2026,
1331,42.7,gf,2.760,mm,OK,--,8:03:22 PM,8/19/2026,
1332,42.7,gf,2.755,mm,OK,--,8:03:22 PM,8/19/2026,
1333,42.6,gf,2.750,mm,OK,--,8:03:22 PM,8/19/2026,
1334,42.6,gf,2.745,mm,OK,--,8:03:22 PM,8/19/2026,
1335,42.5,gf,2.740,mm,OK,--,8:03:22 PM,8/19/2026,
1336,42.5,gf,2.730,mm,OK,--,8:03:22 PM,8/19/2026,
1337,42.4,gf,2.725,mm,OK,--,8:03:22 PM,8/19/2026,
1338,42.5,gf,2.720,mm,OK,--,8:03:22 PM,8/19/2026,
1339,42.5,gf,2.715,mm,OK,--,8:03:23 PM,8/19/2026,
1340,42.5,gf,2.705,mm,OK,--,8:03:23 PM,8/19/2026,
1341,42.5,gf,2.700,mm,OK,--,8:03:23 PM,8/19/2026,
1342,42.4,gf,2.700,mm,OK,--,8:03:23 PM,8/19/2026,
1343,42.4,gf,2.690,mm,OK,--,8:03:23 PM,8/19/2026,
1344,42.4,gf,2.680,mm,OK,--,8:03:23 PM,8/19/2026,
1345,42.4,gf,2.670,mm,OK,--,8:03:23 PM,8/19/2026,
1346,42.4,gf,2.660,mm,OK,--,8:03:23 PM,8/19/2026,
1347,42.3,gf,2.655,mm,OK,--,8:03:23 PM,8/19/2026,
1348,42.3,gf,2.650,mm,OK,--,8:03:23 PM,8/19/2026,
1349,42.2,gf,2.645,mm,OK,--,8:03:24 PM,8/19/2026,
1350,42.1,gf,2.630,mm,OK,--,8:03:24 PM,8/19/2026,
1351,42.1,gf,2.620,mm,OK,--,8:03:24 PM,8/19/2026,
1352,42.1,gf,2.610,mm,OK,--,8:03:24 PM,8/19/2026,
1353,42.1,gf,2.605,mm,OK,--,8:03:24 PM,8/19/2026,
1354,42.0,gf,2.600,mm,OK,--,8:03:24 PM,8/19/2026,
1355,42.0,gf,2.595,mm,OK,--,8:03:24 PM,8/19/2026,
1356,42.0,gf,2.595,mm,OK,--,8:03:24 PM,8/19/2026,
1357,42.0,gf,2.585,mm,OK,--,8:03:24 PM,8/19/2026,
1358,42.0,gf,2.580,mm,OK,--,8:03:24 PM,8/19/2026,
1359,41.9,gf,2.575,mm,OK,--,8:03:25 PM,8/19/2026,
1360,41.9,gf,2.575,mm,OK,--,8:03:25 PM,8/19/2026,
1361,41.9,gf,2.570,mm,OK,--,8:03:25 PM,8/19/2026,
1362,41.8,gf,2.565,mm,OK,--,8:03:25 PM,8/19/2026,
1363,41.7,gf,2.560,mm,OK,--,8:03:25 PM,8/19/2026,
1364,41.7,gf,2.555,mm,OK,--,8:03:25 PM,8/19/2026,
1365,41.7,gf,2.550,mm,OK,--,8:03:25 PM,8/19/2026,
1366,41.6,gf,2.540,mm,OK,--,8:03:25 PM,8/19/2026,
1367,41.6,gf,2.535,mm,OK,--,8:03:25 PM,8/19/2026,
1368,41.5,gf,2.525,mm,OK,--,8:03:25 PM,8/19/2026,
1369,41.5,gf,2.520,mm,OK,--,8:03:26 PM,8/19/2026,
1370,41.4,gf,2.510,mm,OK,--,8:03:26 PM,8/19/2026,
1371,41.4,gf,2.505,mm,OK,--,8:03:26 PM,8/19/2026,
1372,41.4,gf,2.500,mm,OK,--,8:03:26 PM,8/19/2026,
1373,41.4,gf,2.495,mm,OK,--,8:03:26 PM,8/19/2026,
1374,41.4,gf,2.490,mm,OK,--,8:03:26 PM,8/19/2026,
1375,41.4,gf,2.490,mm,OK,--,8:03:26 PM,8/19/2026,
1376,41.4,gf,2.485,mm,OK,--,8:03:26 PM,8/19/2026,
1377,41.4,gf,2.475,mm,OK,--,8:03:26 PM,8/19/2026,
1378,41.3,gf,2.470,mm,OK,--,8:03:26 PM,8/19/2026,
1379,41.3,gf,2.460,mm,OK,--,8:03:27 PM,8/19/2026,
1380,41.2,gf,2.455,mm,OK,--,8:03:27 PM,8/19/2026,
1381,41.2,gf,2.450,mm,OK,--,8:03:27 PM,8/19/2026,
1382,41.3,gf,2.445,mm,OK,--,8:03:27 PM,8/19/2026,
1383,41.2,gf,2.440,mm,OK,--,8:03:27 PM,8/19/2026,
1384,41.2,gf,2.435,mm,OK,--,8:03:27 PM,8/19/2026,
1385,41.2,gf,2.430,mm,OK,--,8:03:27 PM,8/19/2026,
1386,41.2,gf,2.420,mm,OK,--,8:03:27 PM,8/19/2026,
1387,41.2,gf,2.410,mm,OK,--,8:03:27 PM,8/19/2026,
1388,41.2,gf,2.400,mm,OK,--,8:03:27 PM,8/19/2026,
1389,41.0,gf,2.390,mm,OK,--,8:03:28 PM,8/19/2026,
1390,40.9,gf,2.380,mm,OK,--,8:03:28 PM,8/19/2026,
1391,40.9,gf,2.375,mm,OK,--,8:03:28 PM,8/19/2026,
1392,40.8,gf,2.370,mm,OK,--,8:03:28 PM,8/19/2026,
1393,40.7,gf,2.355,mm,OK,--,8:03:28 PM,8/19/2026,
1394,40.6,gf,2.345,mm,OK,--,8:03:28 PM,8/19/2026,
1395,40.5,gf,2.340,mm,OK,--,8:03:28 PM,8/19/2026,
1396,40.4,gf,2.330,mm,OK,--,8:03:28 PM,8/19/2026,
1397,40.4,gf,2.315,mm,OK,--,8:03:28 PM,8/19/2026,
1398,40.4,gf,2.310,mm,OK,--,8:03:28 PM,8/19/2026,
1399,40.4,gf,2.300,mm,OK,--,8:03:29 PM,8/19/2026,
1400,40.4,gf,2.295,mm,OK,--,8:03:29 PM,8/19/2026,
1401,40.3,gf,2.280,mm,OK,--,8:03:29 PM,8/19/2026,
1402,40.2,gf,2.270,mm,OK,--,8:03:29 PM,8/19/2026,
1403,40.1,gf,2.260,mm,OK,--,8:03:29 PM,8/19/2026,
1404,40.0,gf,2.250,mm,OK,--,8:03:29 PM,8/19/2026,
1405,40.0,gf,2.245,mm,OK,--,8:03:29 PM,8/19/2026,
1406,39.9,gf,2.240,mm,OK,--,8:03:29 PM,8/19/2026,
1407,39.9,gf,2.235,mm,OK,--,8:03:29 PM,8/19/2026,
1408,39.8,gf,2.230,mm,OK,--,8:03:29 PM,8/19/2026,
1409,39.8,gf,2.225,mm,OK,--,8:03:30 PM,8/19/2026,
1410,39.7,gf,2.215,mm,OK,--,8:03:30 PM,8/19/2026,
1411,39.6,gf,2.210,mm,OK,--,8:03:30 PM,8/19/2026,
1412,39.7,gf,2.205,mm,OK,--,8:03:30 PM,8/19/2026,
1413,39.6,gf,2.200,mm,OK,--,8:03:30 PM,8/19/2026,
1414,39.6,gf,2.195,mm,OK,--,8:03:30 PM,8/19/2026,
1415,39.6,gf,2.190,mm,OK,--,8:03:30 PM,8/19/2026,
1416,39.5,gf,2.185,mm,OK,--,8:03:30 PM,8/19/2026,
1417,39.5,gf,2.180,mm,OK,--,8:03:30 PM,8/19/2026,
1418,39.4,gf,2.175,mm,OK,--,8:03:30 PM,8/19/2026,
1419,39.3,gf,2.165,mm,OK,--,8:03:31 PM,8/19/2026,
1420,39.3,gf,2.160,mm,OK,--,8:03:31 PM,8/19/2026,
1421,39.2,gf,2.155,mm,OK,--,8:03:31 PM,8/19/2026,
1422,39.2,gf,2.150,mm,OK,--,8:03:31 PM,8/19/2026,
1423,39.2,gf,2.145,mm,OK,--,8:03:31 PM,8/19/2026,
1424,39.2,gf,2.140,mm,OK,--,8:03:31 PM,8/19/2026,
1425,39.1,gf,2.140,mm,OK,--,8:03:31 PM,8/19/2026,
1426,39.1,gf,2.135,mm,OK,--,8:03:31 PM,8/19/2026,
1427,39.0,gf,2.130,mm,OK,--,8:03:31 PM,8/19/2026,
1428,39.0,gf,2.130,mm,OK,--,8:03:31 PM,8/19/2026,
1429,39.0,gf,2.125,mm,OK,--,8:03:32 PM,8/19/2026,
1430,39.0,gf,2.120,mm,OK,--,8:03:32 PM,8/19/2026,
1431,39.0,gf,2.120,mm,OK,--,8:03:32 PM,8/19/2026,
1432,38.9,gf,2.115,mm,OK,--,8:03:32 PM,8/19/2026,
1433,38.9,gf,2.115,mm,OK,--,8:03:32 PM,8/19/2026,
1434,38.9,gf,2.115,mm,OK,--,8:03:32 PM,8/19/2026,
1435,38.9,gf,2.110,mm,OK,--,8:03:32 PM,8/19/2026,
1436,38.9,gf,2.105,mm,OK,--,8:03:32 PM,8/19/2026,
1437,38.9,gf,2.105,mm,OK,--,8:03:32 PM,8/19/2026,
1438,38.8,gf,2.100,mm,OK,--,8:03:32 PM,8/19/2026,
1439,38.8,gf,2.100,mm,OK,--,8:03:33 PM,8/19/2026,
1440,38.7,gf,2.095,mm,OK,--,8:03:33 PM,8/19/2026,
1441,38.7,gf,2.090,mm,OK,--,8:03:33 PM,8/19/2026,
1442,38.7,gf,2.085,mm,OK,--,8:03:33 PM,8/19/2026,
1443,38.5,gf,2.080,mm,OK,--,8:03:33 PM,8/19/2026,
1444,38.5,gf,2.070,mm,OK,--,8:03:33 PM,8/19/2026,
1445,38.4,gf,2.065,mm,OK,--,8:03:33 PM,8/19/2026,
1446,38.4,gf,2.060,mm,OK,--,8:03:33 PM,8/19/2026,
1447,38.3,gf,2.055,mm,OK,--,8:03:33 PM,8/19/2026,
1448,38.3,gf,2.050,mm,OK,--,8:03:33 PM,8/19/2026,
1449,38.3,gf,2.045,mm,OK,--,8:03:34 PM,8/19/2026,
1450,38.2,gf,2.040,mm,OK,--,8:03:34 PM,8/19/2026,
1451,38.1,gf,2.035,mm,OK,--,8:03:34 PM,8/19/2026,
1452,38.0,gf,2.025,mm,OK,--,8:03:34 PM,8/19/2026,
1453,37.9,gf,2.020,mm,OK,--,8:03:34 PM,8/19/2026,
1454,38.0,gf,2.015,mm,OK,--,8:03:34 PM,8/19/2026,
1455,37.9,gf,2.010,mm,OK,--,8:03:34 PM,8/19/2026,
1456,37.9,gf,2.005,mm,OK,--,8:03:34 PM,8/19/2026,
1457,37.8,gf,2.000,mm,OK,--,8:03:34 PM,8/19/2026,
1458,37.8,gf,1.995,mm,OK,--,8:03:34 PM,8/19/2026,
1459,37.6,gf,1.990,mm,OK,--,8:03:35 PM,8/19/2026,
1460,37.6,gf,1.980,mm,OK,--,8:03:35 PM,8/19/2026,
1461,37.6,gf,1.975,mm,OK,--,8:03:35 PM,8/19/2026,
1462,37.6,gf,1.970,mm,OK,--,8:03:35 PM,8/19/2026,
1463,37.6,gf,1.965,mm,OK,--,8:03:35 PM,8/19/2026,
1464,37.6,gf,1.960,mm,OK,--,8:03:35 PM,8/19/2026,
1465,37.6,gf,1.960,mm,OK,--,8:03:35 PM,8/19/2026,
1466,37.5,gf,1.955,mm,OK,--,8:03:35 PM,8/19/2026,
1467,37.3,gf,1.950,mm,OK,--,8:03:35 PM,8/19/2026,
1468,37.2,gf,1.945,mm,OK,--,8:03:35 PM,8/19/2026,
1469,37.2,gf,1.940,mm,OK,--,8:03:36 PM,8/19/2026,
1470,37.1,gf,1.935,mm,OK,--,8:03:36 PM,8/19/2026,
1471,36.9,gf,1.930,mm,OK,--,8:03:36 PM,8/19/2026,
1472,36.8,gf,1.925,mm,OK,--,8:03:36 PM,8/19/2026,
1473,36.8,gf,1.920,mm,OK,--,8:03:36 PM,8/19/2026,
1474,36.7,gf,1.915,mm,OK,--,8:03:36 PM,8/19/2026,
1475,36.7,gf,1.910,mm,OK,--,8:03:36 PM,8/19/2026,
1476,36.6,gf,1.905,mm,OK,--,8:03:36 PM,8/19/2026,
1477,36.5,gf,1.895,mm,OK,--,8:03:36 PM,8/19/2026,
1478,36.3,gf,1.890,mm,OK,--,8:03:36 PM,8/19/2026,
1479,36.2,gf,1.885,mm,OK,--,8:03:37 PM,8/19/2026,
1480,36.2,gf,1.880,mm,OK,--,8:03:37 PM,8/19/2026,
1481,36.2,gf,1.880,mm,OK,--,8:03:37 PM,8/19/2026,
1482,36.1,gf,1.875,mm,OK,--,8:03:37 PM,8/19/2026,
1483,36.0,gf,1.870,mm,OK,--,8:03:37 PM,8/19/2026,
1484,35.9,gf,1.865,mm,OK,--,8:03:37 PM,8/19/2026,
1485,35.9,gf,1.865,mm,OK,--,8:03:37 PM,8/19/2026,
1486,35.8,gf,1.860,mm,OK,--,8:03:37 PM,8/19/2026,
1487,35.6,gf,1.850,mm,OK,--,8:03:37 PM,8/19/2026,
1488,35.5,gf,1.840,mm,OK,--,8:03:37 PM,8/19/2026,
1489,35.3,gf,1.830,mm,OK,--,8:03:38 PM,8/19/2026,
1490,35.3,gf,1.820,mm,OK,--,8:03:38 PM,8/19/2026,
1491,35.0,gf,1.810,mm,OK,--,8:03:38 PM,8/19/2026,
1492,35.2,gf,1.800,mm,OK,--,8:03:38 PM,8/19/2026,
1493,35.0,gf,1.800,mm,OK,--,8:03:38 PM,8/19/2026,
1494,34.9,gf,1.795,mm,OK,--,8:03:38 PM,8/19/2026,
1495,34.9,gf,1.790,mm,OK,--,8:03:38 PM,8/19/2026,
1496,34.9,gf,1.790,mm,OK,--,8:03:38 PM,8/19/2026,
1497,34.8,gf,1.785,mm,OK,--,8:03:38 PM,8/19/2026,
1498,34.7,gf,1.785,mm,OK,--,8:03:38 PM,8/19/2026,
1499,34.7,gf,1.780,mm,OK,--,8:03:39 PM,8/19/2026,
1500,34.7,gf,1.775,mm,OK,--,8:03:39 PM,8/19/2026,
1501,34.6,gf,1.775,mm,OK,--,8:03:39 PM,8/19/2026,
1502,34.6,gf,1.770,mm,OK,--,8:03:39 PM,8/19/2026,
1503,34.6,gf,1.770,mm,OK,--,8:03:39 PM,8/19/2026,
1504,34.6,gf,1.765,mm,OK,--,8:03:39 PM,8/19/2026,
1505,34.4,gf,1.765,mm,OK,--,8:03:39 PM,8/19/2026,
1506,34.3,gf,1.760,mm,OK,--,8:03:39 PM,8/19/2026,
1507,34.2,gf,1.755,mm,OK,--,8:03:39 PM,8/19/2026,
1508,34.3,gf,1.750,mm,OK,--,8:03:39 PM,8/19/2026,
1509,34.2,gf,1.745,mm,OK,--,8:03:40 PM,8/19/2026,
1510,34.2,gf,1.745,mm,OK,--,8:03:40 PM,8/19/2026,
1511,34.1,gf,1.740,mm,OK,--,8:03:40 PM,8/19/2026,
1512,34.0,gf,1.740,mm,OK,--,8:03:40 PM,8/19/2026,
1513,33.8,gf,1.730,mm,OK,--,8:03:40 PM,8/19/2026,
1514,33.5,gf,1.715,mm,OK,--,8:03:40 PM,8/19/2026,
1515,33.5,gf,1.700,mm,OK,--,8:03:40 PM,8/19/2026,
1516,33.3,gf,1.690,mm,OK,--,8:03:40 PM,8/19/2026,
1517,33.2,gf,1.680,mm,OK,--,8:03:40 PM,8/19/2026,
1518,33.0,gf,1.670,mm,OK,--,8:03:40 PM,8/19/2026,
1519,32.9,gf,1.660,mm,OK,--,8:03:41 PM,8/19/2026,
1520,32.9,gf,1.655,mm,OK,--,8:03:41 PM,8/19/2026,
1521,32.8,gf,1.650,mm,OK,--,8:03:41 PM,8/19/2026,
1522,32.7,gf,1.645,mm,OK,--,8:03:41 PM,8/19/2026,
1523,32.7,gf,1.640,mm,OK,--,8:03:41 PM,8/19/2026,
1524,32.8,gf,1.635,mm,OK,--,8:03:41 PM,8/19/2026,
1525,32.7,gf,1.625,mm,OK,--,8:03:41 PM,8/19/2026,
1526,32.8,gf,1.620,mm,OK,--,8:03:41 PM,8/19/2026,
1527,32.8,gf,1.615,mm,OK,--,8:03:41 PM,8/19/2026,
1528,32.8,gf,1.615,mm,OK,--,8:03:41 PM,8/19/2026,
1529,32.7,gf,1.610,mm,OK,--,8:03:42 PM,8/19/2026,
1530,32.7,gf,1.600,mm,OK,--,8:03:42 PM,8/19/2026,
1531,32.7,gf,1.595,mm,OK,--,8:03:42 PM,8/19/2026,
1532,32.7,gf,1.590,mm,OK,--,8:03:42 PM,8/19/2026,
1533,32.7,gf,1.590,mm,OK,--,8:03:42 PM,8/19/2026,
1534,32.7,gf,1.585,mm,OK,--,8:03:42 PM,8/19/2026,
1535,32.8,gf,1.580,mm,OK,--,8:03:42 PM,8/19/2026,
1536,32.6,gf,1.575,mm,OK,--,8:03:42 PM,8/19/2026,
1537,32.5,gf,1.570,mm,OK,--,8:03:42 PM,8/19/2026,
1538,32.6,gf,1.560,mm,OK,--,8:03:42 PM,8/19/2026,
1539,32.6,gf,1.555,mm,OK,--,8:03:43 PM,8/19/2026,
1540,32.6,gf,1.555,mm,OK,--,8:03:43 PM,8/19/2026,
1541,32.5,gf,1.550,mm,OK,--,8:03:43 PM,8/19/2026,
1542,32.6,gf,1.550,mm,OK,--,8:03:43 PM,8/19/2026,
1543,32.5,gf,1.545,mm,OK,--,8:03:43 PM,8/19/2026,
1544,32.4,gf,1.545,mm,OK,--,8:03:43 PM,8/19/2026,
1545,32.3,gf,1.535,mm,OK,--,8:03:43 PM,8/19/2026,
1546,32.4,gf,1.525,mm,OK,--,8:03:43 PM,8/19/2026,
1547,32.5,gf,1.520,mm,OK,--,8:03:43 PM,8/19/2026,
1548,32.5,gf,1.520,mm,OK,--,8:03:43 PM,8/19/2026,
1549,32.4,gf,1.515,mm,OK,--,8:03:44 PM,8/19/2026,
1550,32.4,gf,1.510,mm,OK,--,8:03:44 PM,8/19/2026,
1551,32.4,gf,1.510,mm,OK,--,8:03:44 PM,8/19/2026,
1552,32.4,gf,1.505,mm,OK,--,8:03:44 PM,8/19/2026,
1553,32.4,gf,1.500,mm,OK,--,8:03:44 PM,8/19/2026,
1554,32.3,gf,1.500,mm,OK,--,8:03:44 PM,8/19/2026,
1555,32.4,gf,1.495,mm,OK,--,8:03:44 PM,8/19/2026,
1556,32.2,gf,1.495,mm,OK,--,8:03:44 PM,8/19/2026,
1557,32.2,gf,1.490,mm,OK,--,8:03:44 PM,8/19/2026,
1558,32.2,gf,1.485,mm,OK,--,8:03:44 PM,8/19/2026,
1559,32.3,gf,1.485,mm,OK,--,8:03:45 PM,8/19/2026,
1560,32.1,gf,1.480,mm,OK,--,8:03:45 PM,8/19/2026,
1561,32.2,gf,1.475,mm,OK,--,8:03:45 PM,8/19/2026,
1562,32.1,gf,1.470,mm,OK,--,8:03:45 PM,8/19/2026,
1563,32.2,gf,1.465,mm,OK,--,8:03:45 PM,8/19/2026,
1564,32.1,gf,1.460,mm,OK,--,8:03:45 PM,8/19/2026,
1565,32.1,gf,1.455,mm,OK,--,8:03:45 PM,8/19/2026,
1566,32.0,gf,1.455,mm,OK,--,8:03:45 PM,8/19/2026,
1567,31.9,gf,1.445,mm,OK,--,8:03:45 PM,8/19/2026,
1568,32.0,gf,1.440,mm,OK,--,8:03:45 PM,8/19/2026,
1569,32.0,gf,1.435,mm,OK,--,8:03:46 PM,8/19/2026,
1570,32.0,gf,1.430,mm,OK,--,8:03:46 PM,8/19/2026,
1571,31.9,gf,1.425,mm,OK,--,8:03:46 PM,8/19/2026,
1572,31.9,gf,1.420,mm,OK,--,8:03:46 PM,8/19/2026,
1573,31.8,gf,1.415,mm,OK,--,8:03:46 PM,8/19/2026,
1574,32.0,gf,1.410,mm,OK,--,8:03:46 PM,8/19/2026,
1575,31.9,gf,1.410,mm,OK,--,8:03:46 PM,8/19/2026,
1576,31.9,gf,1.405,mm,OK,--,8:03:46 PM,8/19/2026,
1577,31.9,gf,1.405,mm,OK,--,8:03:46 PM,8/19/2026,
1578,31.8,gf,1.400,mm,OK,--,8:03:46 PM,8/19/2026,
1579,31.8,gf,1.400,mm,OK,--,8:03:47 PM,8/19/2026,
1580,31.7,gf,1.395,mm,OK,--,8:03:47 PM,8/19/2026,
1581,31.6,gf,1.395,mm,OK,--,8:03:47 PM,8/19/2026,
1582,31.6,gf,1.390,mm,OK,--,8:03:47 PM,8/19/2026,
1583,31.6,gf,1.385,mm,OK,--,8:03:47 PM,8/19/2026,
1584,31.6,gf,1.380,mm,OK,--,8:03:47 PM,8/19/2026,
1585,31.6,gf,1.370,mm,OK,--,8:03:47 PM,8/19/2026,
1586,31.5,gf,1.370,mm,OK,--,8:03:47 PM,8/19/2026,
1587,31.5,gf,1.360,mm,OK,--,8:03:47 PM,8/19/2026,
1588,31.5,gf,1.355,mm,OK,--,8:03:47 PM,8/19/2026,
1589,31.6,gf,1.350,mm,OK,--,8:03:48 PM,8/19/2026,
1590,31.5,gf,1.345,mm,OK,--,8:03:48 PM,8/19/2026,
1591,31.5,gf,1.345,mm,OK,--,8:03:48 PM,8/19/2026,
1592,31.4,gf,1.340,mm,OK,--,8:03:48 PM,8/19/2026,
1593,31.4,gf,1.335,mm,OK,--,8:03:48 PM,8/19/2026,
1594,31.3,gf,1.330,mm,OK,--,8:03:48 PM,8/19/2026,
1595,31.3,gf,1.325,mm,OK,--,8:03:48 PM,8/19/2026,
1596,31.3,gf,1.315,mm,OK,--,8:03:48 PM,8/19/2026,
1597,31.2,gf,1.305,mm,OK,--,8:03:48 PM,8/19/2026,
1598,31.2,gf,1.295,mm,OK,--,8:03:48 PM,8/19/2026,
1599,31.3,gf,1.290,mm,OK,--,8:03:49 PM,8/19/2026,
1600,31.2,gf,1.285,mm,OK,--,8:03:49 PM,8/19/2026,
1601,31.2,gf,1.280,mm,OK,--,8:03:49 PM,8/19/2026,
1602,31.2,gf,1.280,mm,OK,--,8:03:49 PM,8/19/2026,
1603,31.1,gf,1.275,mm,OK,--,8:03:49 PM,8/19/2026,
1604,30.9,gf,1.275,mm,OK,--,8:03:49 PM,8/19/2026,
1605,31.1,gf,1.270,mm,OK,--,8:03:49 PM,8/19/2026,
1606,31.2,gf,1.270,mm,OK,--,8:03:49 PM,8/19/2026,
1607,31.1,gf,1.265,mm,OK,--,8:03:49 PM,8/19/2026,
1608,31.1,gf,1.265,mm,OK,--,8:03:49 PM,8/19/2026,
1609,31.0,gf,1.265,mm,OK,--,8:03:50 PM,8/19/2026,
1610,31.1,gf,1.260,mm,OK,--,8:03:50 PM,8/19/2026,
1611,31.0,gf,1.260,mm,OK,--,8:03:50 PM,8/19/2026,
1612,31.0,gf,1.260,mm,OK,--,8:03:50 PM,8/19/2026,
1613,31.0,gf,1.260,mm,OK,--,8:03:50 PM,8/19/2026,
1614,31.0,gf,1.260,mm,OK,--,8:03:50 PM,8/19/2026,
1615,30.9,gf,1.255,mm,OK,--,8:03:50 PM,8/19/2026,
1616,31.0,gf,1.255,mm,OK,--,8:03:50 PM,8/19/2026,
1617,31.1,gf,1.255,mm,OK,--,8:03:50 PM,8/19/2026,
1618,30.9,gf,1.255,mm,OK,--,8:03:50 PM,8/19/2026,
1619,30.8,gf,1.250,mm,OK,--,8:03:51 PM,8/19/2026,
1620,30.9,gf,1.250,mm,OK,--,8:03:51 PM,8/19/2026,
1621,30.8,gf,1.250,mm,OK,--,8:03:51 PM,8/19/2026,
1622,30.9,gf,1.245,mm,OK,--,8:03:51 PM,8/19/2026,
1623,30.9,gf,1.245,mm,OK,--,8:03:51 PM,8/19/2026,
1624,30.8,gf,1.240,mm,OK,--,8:03:51 PM,8/19/2026,
1625,30.8,gf,1.240,mm,OK,--,8:03:51 PM,8/19/2026,
1626,30.7,gf,1.235,mm,OK,--,8:03:51 PM,8/19/2026,
1627,30.8,gf,1.230,mm,OK,--,8:03:51 PM,8/19/2026,
1628,30.8,gf,1.225,mm,OK,--,8:03:51 PM,8/19/2026,
1629,30.9,gf,1.225,mm,OK,--,8:03:52 PM,8/19/2026,
1630,30.8,gf,1.220,mm,OK,--,8:03:52 PM,8/19/2026,
1631,31.0,gf,1.220,mm,OK,--,8:03:52 PM,8/19/2026,
1632,31.0,gf,1.220,mm,OK,--,8:03:52 PM,8/19/2026,
1633,30.8,gf,1.215,mm,OK,--,8:03:52 PM,8/19/2026,
1634,30.9,gf,1.215,mm,OK,--,8:03:52 PM,8/19/2026,
1635,30.9,gf,1.210,mm,OK,--,8:03:52 PM,8/19/2026,
1636,30.8,gf,1.210,mm,OK,--,8:03:52 PM,8/19/2026,
1637,30.8,gf,1.210,mm,OK,--,8:03:52 PM,8/19/2026,
1638,30.8,gf,1.205,mm,OK,--,8:03:52 PM,8/19/2026,
1639,30.9,gf,1.205,mm,OK,--,8:03:53 PM,8/19/2026,
1640,30.7,gf,1.200,mm,OK,--,8:03:53 PM,8/19/2026,
1641,30.8,gf,1.200,mm,OK,--,8:03:53 PM,8/19/2026,
1642,30.8,gf,1.195,mm,OK,--,8:03:53 PM,8/19/2026,
1643,30.8,gf,1.195,mm,OK,--,8:03:53 PM,8/19/2026,
1644,30.7,gf,1.190,mm,OK,--,8:03:53 PM,8/19/2026,
1645,30.7,gf,1.185,mm,OK,--,8:03:53 PM,8/19/2026,
1646,30.7,gf,1.185,mm,OK,--,8:03:53 PM,8/19/2026,
1647,30.6,gf,1.180,mm,OK,--,8:03:53 PM,8/19/2026,
1648,30.5,gf,1.175,mm,OK,--,8:03:53 PM,8/19/2026,
1649,30.5,gf,1.170,mm,OK,--,8:03:54 PM,8/19/2026,
1650,30.6,gf,1.165,mm,OK,--,8:03:54 PM,8/19/2026,
1651,30.6,gf,1.155,mm,OK,--,8:03:54 PM,8/19/2026,
1652,30.6,gf,1.150,mm,OK,--,8:03:54 PM,8/19/2026,
1653,30.6,gf,1.145,mm,OK,--,8:03:54 PM,8/19/2026,
1654,30.6,gf,1.140,mm,OK,--,8:03:54 PM,8/19/2026,
1655,30.4,gf,1.135,mm,OK,--,8:03:54 PM,8/19/2026,
1656,30.6,gf,1.125,mm,OK,--,8:03:54 PM,8/19/2026,
1657,30.5,gf,1.125,mm,OK,--,8:03:54 PM,8/19/2026,
1658,30.6,gf,1.120,mm,OK,--,8:03:54 PM,8/19/2026,
1659,30.6,gf,1.120,mm,OK,--,8:03:55 PM,8/19/2026,
1660,30.5,gf,1.120,mm,OK,--,8:03:55 PM,8/19/2026,
1661,30.4,gf,1.120,mm,OK,--,8:03:55 PM,8/19/2026,
1662,30.4,gf,1.115,mm,OK,--,8:03:55 PM,8/19/2026,
1663,30.3,gf,1.110,mm,OK,--,8:03:55 PM,8/19/2026,
1664,30.3,gf,1.105,mm,OK,--,8:03:55 PM,8/19/2026,
1665,30.4,gf,1.105,mm,OK,--,8:03:55 PM,8/19/2026,
1666,30.4,gf,1.105,mm,OK,--,8:03:55 PM,8/19/2026,
1667,30.4,gf,1.100,mm,OK,--,8:03:55 PM,8/19/2026,
1668,30.3,gf,1.100,mm,OK,--,8:03:55 PM,8/19/2026,
1669,30.3,gf,1.100,mm,OK,--,8:03:56 PM,8/19/2026,
1670,30.3,gf,1.100,mm,OK,--,8:03:56 PM,8/19/2026,
1671,30.2,gf,1.095,mm,OK,--,8:03:56 PM,8/19/2026,
1672,30.4,gf,1.095,mm,OK,--,8:03:56 PM,8/19/2026,
1673,30.4,gf,1.090,mm,OK,--,8:03:56 PM,8/19/2026,
1674,30.3,gf,1.090,mm,OK,--,8:03:56 PM,8/19/2026,
1675,30.2,gf,1.090,mm,OK,--,8:03:56 PM,8/19/2026,
1676,30.2,gf,1.085,mm,OK,--,8:03:56 PM,8/19/2026,
1677,30.0,gf,1.080,mm,OK,--,8:03:56 PM,8/19/2026,
1678,29.9,gf,1.070,mm,OK,--,8:03:56 PM,8/19/2026,
1679,29.9,gf,1.060,mm,OK,--,8:03:57 PM,8/19/2026,
1680,29.9,gf,1.050,mm,OK,--,8:03:57 PM,8/19/2026,
1681,29.9,gf,1.045,mm,OK,--,8:03:57 PM,8/19/2026,
1682,30.1,gf,1.040,mm,OK,--,8:03:57 PM,8/19/2026,
1683,29.8,gf,1.035,mm,OK,--,8:03:57 PM,8/19/2026,
1684,29.7,gf,1.030,mm,OK,--,8:03:57 PM,8/19/2026,
1685,29.8,gf,1.025,mm,OK,--,8:03:57 PM,8/19/2026,
1686,29.6,gf,1.015,mm,OK,--,8:03:57 PM,8/19/2026,
1687,29.6,gf,1.005,mm,OK,--,8:03:57 PM,8/19/2026,
1688,29.6,gf,0.995,mm,OK,--,8:03:57 PM,8/19/2026,
1689,29.6,gf,0.990,mm,OK,--,8:03:58 PM,8/19/2026,
1690,29.7,gf,0.985,mm,OK,--,8:03:58 PM,8/19/2026,
1691,29.6,gf,0.985,mm,OK,--,8:03:58 PM,8/19/2026,
1692,29.6,gf,0.980,mm,OK,--,8:03:58 PM,8/19/2026,
1693,29.5,gf,0.975,mm,OK,--,8:03:58 PM,8/19/2026,
1694,29.4,gf,0.970,mm,OK,--,8:03:58 PM,8/19/2026,
1695,29.5,gf,0.965,mm,OK,--,8:03:58 PM,8/19/2026,
1696,29.5,gf,0.960,mm,OK,--,8:03:58 PM,8/19/2026,
1697,29.4,gf,0.955,mm,OK,--,8:03:58 PM,8/19/2026,
1698,29.5,gf,0.950,mm,OK,--,8:03:58 PM,8/19/2026,
1699,29.5,gf,0.945,mm,OK,--,8:03:59 PM,8/19/2026,
1700,29.4,gf,0.940,mm,OK,--,8:03:59 PM,8/19/2026,
1701,29.3,gf,0.935,mm,OK,--,8:03:59 PM,8/19/2026,
1702,29.3,gf,0.925,mm,OK,--,8:03:59 PM,8/19/2026,
1703,29.4,gf,0.925,mm,OK,--,8:03:59 PM,8/19/2026,
1704,29.4,gf,0.920,mm,OK,--,8:03:59 PM,8/19/2026,
1705,29.4,gf,0.920,mm,OK,--,8:03:59 PM,8/19/2026,
1706,29.4,gf,0.915,mm,OK,--,8:03:59 PM,8/19/2026,
1707,29.2,gf,0.915,mm,OK,--,8:03:59 PM,8/19/2026,
1708,29.2,gf,0.910,mm,OK,--,8:03:59 PM,8/19/2026,
1709,29.4,gf,0.905,mm,OK,--,8:04:00 PM,8/19/2026,
1710,29.5,gf,0.900,mm,OK,--,8:04:00 PM,8/19/2026,
1711,29.4,gf,0.895,mm,OK,--,8:04:00 PM,8/19/2026,
1712,29.5,gf,0.895,mm,OK,--,8:04:00 PM,8/19/2026,
1713,29.4,gf,0.890,mm,OK,--,8:04:00 PM,8/19/2026,
1714,29.3,gf,0.890,mm,OK,--,8:04:00 PM,8/19/2026,
1715,29.3,gf,0.885,mm,OK,--,8:04:00 PM,8/19/2026,
1716,29.2,gf,0.880,mm,OK,--,8:04:00 PM,8/19/2026,
1717,29.3,gf,0.875,mm,OK,--,8:04:00 PM,8/19/2026,
1718,29.3,gf,0.870,mm,OK,--,8:04:00 PM,8/19/2026,
1719,29.3,gf,0.870,mm,OK,--,8:04:01 PM,8/19/2026,
1720,29.3,gf,0.865,mm,OK,--,8:04:01 PM,8/19/2026,
1721,29.3,gf,0.865,mm,OK,--,8:04:01 PM,8/19/2026,
1722,29.2,gf,0.860,mm,OK,--,8:04:01 PM,8/19/2026,
1723,29.2,gf,0.860,mm,OK,--,8:04:01 PM,8/19/2026,
1724,29.1,gf,0.855,mm,OK,--,8:04:01 PM,8/19/2026,
1725,29.0,gf,0.850,mm,OK,--,8:04:01 PM,8/19/2026,
1726,29.1,gf,0.845,mm,OK,--,8:04:01 PM,8/19/2026,
1727,29.0,gf,0.845,mm,OK,--,8:04:01 PM,8/19/2026,
1728,29.0,gf,0.840,mm,OK,--,8:04:01 PM,8/19/2026,
1729,29.0,gf,0.835,mm,OK,--,8:04:02 PM,8/19/2026,
1730,28.9,gf,0.835,mm,OK,--,8:04:02 PM,8/19/2026,
1731,28.9,gf,0.830,mm,OK,--,8:04:02 PM,8/19/2026,
1732,28.8,gf,0.825,mm,OK,--,8:04:02 PM,8/19/2026,
1733,28.8,gf,0.825,mm,OK,--,8:04:02 PM,8/19/2026,
1734,28.9,gf,0.820,mm,OK,--,8:04:02 PM,8/19/2026,
1735,28.7,gf,0.815,mm,OK,--,8:04:02 PM,8/19/2026,
1736,28.6,gf,0.810,mm,OK,--,8:04:02 PM,8/19/2026,
1737,28.6,gf,0.800,mm,OK,--,8:04:02 PM,8/19/2026,
1738,28.6,gf,0.790,mm,OK,--,8:04:02 PM,8/19/2026,
1739,28.7,gf,0.785,mm,OK,--,8:04:03 PM,8/19/2026,
1740,28.6,gf,0.775,mm,OK,--,8:04:03 PM,8/19/2026,
1741,28.7,gf,0.770,mm,OK,--,8:04:03 PM,8/19/2026,
1742,28.7,gf,0.765,mm,OK,--,8:04:03 PM,8/19/2026,
1743,28.7,gf,0.765,mm,OK,--,8:04:03 PM,8/19/2026,
1744,28.6,gf,0.760,mm,OK,--,8:04:03 PM,8/19/2026,
1745,28.6,gf,0.755,mm,OK,--,8:04:03 PM,8/19/2026,
1746,28.6,gf,0.755,mm,OK,--,8:04:03 PM,8/19/2026,
1747,28.6,gf,0.750,mm,OK,--,8:04:03 PM,8/19/2026,
1748,28.4,gf,0.745,mm,OK,--,8:04:03 PM,8/19/2026,
1749,28.5,gf,0.740,mm,OK,--,8:04:04 PM,8/19/2026,
1750,28.4,gf,0.735,mm,OK,--,8:04:04 PM,8/19/2026,
1751,28.5,gf,0.730,mm,OK,--,8:04:04 PM,8/19/2026,
1752,28.4,gf,0.730,mm,OK,--,8:04:04 PM,8/19/2026,
1753,28.4,gf,0.725,mm,OK,--,8:04:04 PM,8/19/2026,
1754,28.4,gf,0.720,mm,OK,--,8:04:04 PM,8/19/2026,
1755,28.2,gf,0.720,mm,OK,--,8:04:04 PM,8/19/2026,
1756,28.3,gf,0.715,mm,OK,--,8:04:04 PM,8/19/2026,
1757,28.4,gf,0.715,mm,OK,--,8:04:04 PM,8/19/2026,
1758,28.4,gf,0.710,mm,OK,--,8:04:04 PM,8/19/2026,
1759,28.4,gf,0.710,mm,OK,--,8:04:05 PM,8/19/2026,
1760,28.3,gf,0.710,mm,OK,--,8:04:05 PM,8/19/2026,
1761,28.3,gf,0.710,mm,OK,--,8:04:05 PM,8/19/2026,
1762,28.2,gf,0.705,mm,OK,--,8:04:05 PM,8/19/2026,
1763,28.2,gf,0.705,mm,OK,--,8:04:05 PM,8/19/2026,
1764,28.2,gf,0.700,mm,OK,--,8:04:05 PM,8/19/2026,
1765,28.3,gf,0.700,mm,OK,--,8:04:05 PM,8/19/2026,
1766,28.3,gf,0.695,mm,OK,--,8:04:05 PM,8/19/2026,
1767,28.2,gf,0.695,mm,OK,--,8:04:05 PM,8/19/2026,
1768,28.2,gf,0.695,mm,OK,--,8:04:05 PM,8/19/2026,
1769,28.2,gf,0.690,mm,OK,--,8:04:06 PM,8/19/2026,
1770,28.2,gf,0.690,mm,OK,--,8:04:06 PM,8/19/2026,
1771,28.1,gf,0.690,mm,OK,--,8:04:06 PM,8/19/2026,
1772,28.2,gf,0.685,mm,OK,--,8:04:06 PM,8/19/2026,
1773,28.1,gf,0.680,mm,OK,--,8:04:06 PM,8/19/2026,
1774,28.1,gf,0.675,mm,OK,--,8:04:06 PM,8/19/2026,
1775,28.2,gf,0.675,mm,OK,--,8:04:06 PM,8/19/2026,
1776,28.2,gf,0.670,mm,OK,--,8:04:06 PM,8/19/2026,
1777,28.2,gf,0.670,mm,OK,--,8:04:06 PM,8/19/2026,
1778,28.0,gf,0.670,mm,OK,--,8:04:06 PM,8/19/2026,
1779,28.1,gf,0.665,mm,OK,--,8:04:07 PM,8/19/2026,
1780,27.9,gf,0.660,mm,OK,--,8:04:07 PM,8/19/2026,
1781,28.0,gf,0.655,mm,OK,--,8:04:07 PM,8/19/2026,
1782,27.9,gf,0.655,mm,OK,--,8:04:07 PM,8/19/2026,
1783,27.8,gf,0.645,mm,OK,--,8:04:07 PM,8/19/2026,
1784,27.8,gf,0.640,mm,OK,--,8:04:07 PM,8/19/2026,
1785,27.9,gf,0.635,mm,OK,--,8:04:07 PM,8/19/2026,
1786,27.9,gf,0.635,mm,OK,--,8:04:07 PM,8/19/2026,
1787,27.9,gf,0.630,mm,OK,--,8:04:07 PM,8/19/2026,
1788,27.8,gf,0.625,mm,OK,--,8:04:07 PM,8/19/2026,
1789,27.9,gf,0.620,mm,OK,--,8:04:08 PM,8/19/2026,
1790,27.9,gf,0.615,mm,OK,--,8:04:08 PM,8/19/2026,
1791,27.8,gf,0.610,mm,OK,--,8:04:08 PM,8/19/2026,
1792,27.9,gf,0.605,mm,OK,--,8:04:08 PM,8/19/2026,
1793,27.9,gf,0.600,mm,OK,--,8:04:08 PM,8/19/2026,
1794,27.9,gf,0.600,mm,OK,--,8:04:08 PM,8/19/2026,
1795,27.7,gf,0.595,mm,OK,--,8:04:08 PM,8/19/2026,
1796,27.8,gf,0.590,mm,OK,--,8:04:08 PM,8/19/2026,
1797,27.9,gf,0.585,mm,OK,--,8:04:08 PM,8/19/2026,
1798,27.9,gf,0.585,mm,OK,--,8:04:08 PM,8/19/2026,
1799,27.7,gf,0.585,mm,OK,--,8:04:09 PM,8/19/2026,
1800,27.8,gf,0.580,mm,OK,--,8:04:09 PM,8/19/2026,
1801,27.7,gf,0.575,mm,OK,--,8:04:09 PM,8/19/2026,
1802,27.8,gf,0.575,mm,OK,--,8:04:09 PM,8/19/2026,
1803,27.7,gf,0.570,mm,OK,--,8:04:09 PM,8/19/2026,
1804,27.6,gf,0.565,mm,OK,--,8:04:09 PM,8/19/2026,
1805,27.6,gf,0.560,mm,OK,--,8:04:09 PM,8/19/2026,
1806,27.6,gf,0.555,mm,OK,--,8:04:09 PM,8/19/2026,
1807,27.6,gf,0.555,mm,OK,--,8:04:09 PM,8/19/2026,
1808,27.6,gf,0.550,mm,OK,--,8:04:09 PM,8/19/2026,
1809,27.6,gf,0.545,mm,OK,--,8:04:10 PM,8/19/2026,
1810,27.5,gf,0.540,mm,OK,--,8:04:10 PM,8/19/2026,
1811,27.4,gf,0.530,mm,OK,--,8:04:10 PM,8/19/2026,
1812,27.5,gf,0.520,mm,OK,--,8:04:10 PM,8/19/2026,
1813,27.5,gf,0.510,mm,OK,--,8:04:10 PM,8/19/2026,
1814,27.5,gf,0.505,mm,OK,--,8:04:10 PM,8/19/2026,
1815,27.5,gf,0.500,mm,OK,--,8:04:10 PM,8/19/2026,
1816,27.6,gf,0.495,mm,OK,--,8:04:10 PM,8/19/2026,
1817,27.5,gf,0.490,mm,OK,--,8:04:10 PM,8/19/2026,
1818,27.3,gf,0.480,mm,OK,--,8:04:10 PM,8/19/2026,
1819,27.6,gf,0.470,mm,OK,--,8:04:11 PM,8/19/2026,
1820,27.6,gf,0.470,mm,OK,--,8:04:11 PM,8/19/2026,
1821,27.5,gf,0.470,mm,OK,--,8:04:11 PM,8/19/2026,
1822,27.5,gf,0.465,mm,OK,--,8:04:11 PM,8/19/2026,
1823,27.3,gf,0.460,mm,OK,--,8:04:11 PM,8/19/2026,
1824,27.4,gf,0.455,mm,OK,--,8:04:11 PM,8/19/2026,
1825,27.3,gf,0.455,mm,OK,--,8:04:11 PM,8/19/2026,
1826,27.4,gf,0.450,mm,OK,--,8:04:11 PM,8/19/2026,
1827,27.5,gf,0.445,mm,OK,--,8:04:11 PM,8/19/2026,
1828,27.4,gf,0.440,mm,OK,--,8:04:11 PM,8/19/2026,
1829,27.3,gf,0.435,mm,OK,--,8:04:12 PM,8/19/2026,
1830,27.4,gf,0.435,mm,OK,--,8:04:12 PM,8/19/2026,
1831,27.2,gf,0.430,mm,OK,--,8:04:12 PM,8/19/2026,
1832,27.1,gf,0.420,mm,OK,--,8:04:12 PM,8/19/2026,
1833,27.1,gf,0.415,mm,OK,--,8:04:12 PM,8/19/2026,
1834,27.1,gf,0.410,mm,OK,--,8:04:12 PM,8/19/2026,
1835,27.1,gf,0.405,mm,OK,--,8:04:12 PM,8/19/2026,
1836,27.0,gf,0.400,mm,OK,--,8:04:12 PM,8/19/2026,
1837,26.9,gf,0.395,mm,OK,--,8:04:12 PM,8/19/2026,
1838,26.9,gf,0.390,mm,OK,--,8:04:12 PM,8/19/2026,
1839,26.8,gf,0.390,mm,OK,--,8:04:13 PM,8/19/2026,
1840,26.5,gf,0.380,mm,OK,--,8:04:13 PM,8/19/2026,
1841,26.7,gf,0.375,mm,OK,--,8:04:13 PM,8/19/2026,
1842,26.7,gf,0.370,mm,OK,--,8:04:13 PM,8/19/2026,
1843,26.8,gf,0.365,mm,OK,--,8:04:13 PM,8/19/2026,
1844,26.7,gf,0.360,mm,OK,--,8:04:13 PM,8/19/2026,
1845,26.6,gf,0.360,mm,OK,--,8:04:13 PM,8/19/2026,
1846,26.6,gf,0.355,mm,OK,--,8:04:13 PM,8/19/2026,
1847,26.3,gf,0.350,mm,OK,--,8:04:13 PM,8/19/2026,
1848,25.5,gf,0.340,mm,OK,--,8:04:13 PM,8/19/2026,
1849,23.6,gf,0.335,mm,OK,--,8:04:14 PM,8/19/2026,
1850,21.4,gf,0.325,mm,OK,--,8:04:14 PM,8/19/2026,
1851,20.5,gf,0.320,mm,OK,--,8:04:14 PM,8/19/2026,
1852,19.1,gf,0.315,mm,OK,--,8:04:14 PM,8/19/2026,
1853,17.4,gf,0.305,mm,OK,--,8:04:14 PM,8/19/2026,
1854,16.0,gf,0.300,mm,OK,--,8:04:14 PM,8/19/2026,
1855,14.6,gf,0.295,mm,OK,--,8:04:14 PM,8/19/2026,
1856,14.2,gf,0.290,mm,OK,--,8:04:14 PM,8/19/2026,
1857,12.8,gf,0.285,mm,OK,--,8:04:14 PM,8/19/2026,
1858,12.1,gf,0.285,mm,OK,--,8:04:14 PM,8/19/2026,
1859,11.7,gf,0.280,mm,OK,--,8:04:15 PM,8/19/2026,
1860,10.7,gf,0.280,mm,OK,--,8:04:15 PM,8/19/2026,
1861,9.5,gf,0.275,mm,OK,--,8:04:15 PM,8/19/2026,
1862,8.4,gf,0.270,mm,OK,--,8:04:15 PM,8/19/2026,
1863,7.6,gf,0.265,mm,OK,--,8:04:15 PM,8/19/2026,
1864,6.5,gf,0.260,mm,OK,--,8:04:15 PM,8/19/2026,
1865,4.8,gf,0.255,mm,OK,--,8:04:15 PM,8/19/2026,
1866,3.5,gf,0.245,mm,OK,--,8:04:15 PM,8/19/2026,
1867,2.6,gf,0.240,mm,OK,--,8:04:15 PM,8/19/2026,
1868,2.2,gf,0.240,mm,OK,--,8:04:15 PM,8/19/2026,
1869,1.6,gf,0.235,mm,OK,--,8:04:16 PM,8/19/2026,
1870,0.8,gf,0.235,mm,OK,--,8:04:16 PM,8/19/2026,
1871,0.1,gf,0.230,mm,OK,--,8:04:16 PM,8/19/2026,
1872,0.0,gf,0.230,mm,OK,--,8:04:16 PM,8/19/2026,
1873,0.0,gf,0.225,mm,OK,--,8:04:16 PM,8/19/2026,
1874,0.0,gf,0.225,mm,OK,--,8:04:16 PM,8/19/2026,
1875,0.0,gf,0.220,mm,OK,--,8:04:16 PM,8/19/2026,
1876,0.0,gf,0.220,mm,OK,--,8:04:16 PM,8/19/2026,
1877,0.0,gf,0.215,mm,OK,--,8:04:16 PM,8/19/2026,
1878,0.0,gf,0.210,mm,OK,--,8:04:16 PM,8/19/2026,
1879,0.0,gf,0.205,mm,OK,--,8:04:17 PM,8/19/2026,
1880,0.0,gf,0.195,mm,OK,--,8:04:17 PM,8/19/2026,
1881,0.0,gf,0.180,mm,OK,--,8:04:17 PM,8/19/2026,
1882,0.0,gf,0.145,mm,OK,--,8:04:17 PM,8/19/2026,
1883,-0.2,gf,0.110,mm,OK,--,8:04:17 PM,8/19/2026,
1884,0.0,gf,0.090,mm,OK,--,8:04:17 PM,8/19/2026,
1885,0.1,gf,0.050,mm,OK,--,8:04:17 PM,8/19/2026,
1886,0.1,gf,0.000,mm,OK,--,8:04:17 PM,8/19/2026,
1887,0.0,gf,-0.035,mm,OK,--,8:04:17 PM,8/19/2026,
1888,0.0,gf,-0.060,mm,OK,--,8:04:17 PM,8/19/2026,
1889,0.0,gf,-0.090,mm,OK,--,8:04:18 PM,8/19/2026,
1890,0.0,gf,-0.135,mm,OK,--,8:04:18 PM,8/19/2026,
1891,0.0,gf,-0.170,mm,OK,--,8:04:18 PM,8/19/2026,
1892,0.0,gf,-0.190,mm,OK,--,8:04:18 PM,8/19/2026,
1893,0.0,gf,-0.205,mm,OK,--,8:04:18 PM,8/19/2026,
1894,0.0,gf,-0.205,mm,OK,--,8:04:18 PM,8/19/2026,
1895,0.0,gf,-0.210,mm,OK,--,8:04:18 PM,8/19/2026,
1896,0.1,gf,-0.210,mm,OK,--,8:04:18 PM,8/19/2026,
1897,0.1,gf,-0.210,mm,OK,--,8:04:18 PM,8/19/2026,
1898,0.1,gf,-0.210,mm,OK,--,8:04:18 PM,8/19/2026,
1899,0.1,gf,-0.210,mm,OK,--,8:04:19 PM,8/19/2026,
1900,0.0,gf,-0.210,mm,OK,--,8:04:19 PM,8/19/2026,
1901,0.0,gf,-0.210,mm,OK,--,8:04:19 PM,8/19/2026,
1902,0.0,gf,-0.210,mm,OK,--,8:04:19 PM,8/19/2026,
1903,0.0,gf,-0.210,mm,OK,--,8:04:19 PM,8/19/2026,
1904,-0.1,gf,-0.205,mm,OK,--,8:04:19 PM,8/19/2026,
1905,0.0,gf,-0.205,mm,OK,--,8:04:19 PM,8/19/2026,
1906,0.0,gf,-0.205,mm,OK,--,8:04:19 PM,8/19/2026,
1907,0.0,gf,-0.205,mm,OK,--,8:04:19 PM,8/19/2026,
1908,-0.2,gf,-0.205,mm,OK,--,8:04:19 PM,8/19/2026,
1909,0.0,gf,-0.200,mm,OK,--,8:04:20 PM,8/19/2026,
1910,0.0,gf,-0.195,mm,OK,--,8:04:20 PM,8/19/2026,
1911,0.1,gf,-0.190,mm,OK,--,8:04:20 PM,8/19/2026,
1912,0.3,gf,-0.185,mm,OK,--,8:04:20 PM,8/19/2026,
1913,-0.1,gf,-0.180,mm,OK,--,8:04:20 PM,8/19/2026,
1914,0.1,gf,-0.175,mm,OK,--,8:04:20 PM,8/19/2026,
1915,0.1,gf,-0.170,mm,OK,--,8:04:20 PM,8/19/2026,
1916,0.0,gf,-0.165,mm,OK,--,8:04:20 PM,8/19/2026,
1917,0.0,gf,-0.160,mm,OK,--,8:04:20 PM,8/19/2026,
1918,0.0,gf,-0.155,mm,OK,--,8:04:20 PM,8/19/2026,
1919,-0.1,gf,-0.150,mm,OK,--,8:04:21 PM,8/19/2026,
1920,0.0,gf,-0.145,mm,OK,--,8:04:21 PM,8/19/2026,
1921,0.1,gf,-0.140,mm,OK,--,8:04:21 PM,8/19/2026,
1922,0.0,gf,-0.135,mm,OK,--,8:04:21 PM,8/19/2026,
1923,-0.1,gf,-0.125,mm,OK,--,8:04:21 PM,8/19/2026,
1924,0.0,gf,-0.120,mm,OK,--,8:04:21 PM,8/19/2026,
1925,0.0,gf,-0.115,mm,OK,--,8:04:21 PM,8/19/2026,
1926,0.0,gf,-0.110,mm,OK,--,8:04:21 PM,8/19/2026,
