Maximum,199.2,@,No.1103,,,,,,
Minimum,-0.2,@,No.9,,,,,,
Average,46.23,,,,,,,,
Data Quantity,1975,,,,,,,,
Number of NG,0,,,,,,,,
No.,Force,Unit,Displacement,Unit,Judge,Position,Time,Date,
1,0.0,gf,0.000,mm,OK,--,9:10:14 PM,8/19/2026,
2,0.1,gf,0.000,mm,OK,--,9:10:14 PM,8/19/2026,
3,0.0,gf,0.000,mm,OK,--,9:10:14 PM,8/19/2026,
4,0.0,gf,0.005,mm,OK,--,9:10:14 PM,8/19/2026,
5,0.0,gf,0.005,mm,OK,--,9:10:15 PM,8/19/2026,
6,0.0,gf,0.010,mm,OK,--,9:10:15 PM,8/19/2026,
7,0.0,gf,0.010,mm,OK,--,9:10:15 PM,8/19/2026,
8,0.0,gf,0.010,mm,OK,--,9:10:15 PM,8/19/2026,
9,-0.2,gf,0.015,mm,OK,--,9:10:15 PM,8/19/2026,
10,-0.2,gf,0.015,mm,OK,--,9:10:15 PM,8/19/2026,
11,0.0,gf,0.020,mm,OK,--,9:10:15 PM,8/19/2026,
12,0.0,gf,0.020,mm,OK,--,9:10:15 PM,8/19/2026,
13,0.0,gf,0.025,mm,OK,--,9:10:15 PM,8/19/2026,
14,0.0,gf,0.025,mm,OK,--,9:10:15 PM,8/19/2026,
15,0.0,gf,0.025,mm,OK,--,9:10:16 PM,8/19/2026,
16,0.0,gf,0.025,mm,OK,--,9:10:16 PM,8/19/2026,
17,0.0,gf,0.025,mm,OK,--,9:10:16 PM,8/19/2026,
18,0.0,gf,0.030,mm,OK,--,9:10:16 PM,8/19/2026,
19,0.0,gf,0.030,mm,OK,--,9:10:16 PM,8/19/2026,
20,0.0,gf,0.030,mm,OK,--,9:10:16 PM,8/19/2026,
21,0.0,gf,0.030,mm,OK,--,9:10:16 PM,8/19/2026,
22,0.0,gf,0.035,mm,OK,--,9:10:16 PM,8/19/2026,
23,0.1,gf,0.035,mm,OK,--,9:10:16 PM,8/19/2026,
24,0.0,gf,0.035,mm,OK,--,9:10:16 PM,8/19/2026,
25,0.0,gf,0.040,mm,OK,--,9:10:17 PM,8/19/2026,
26,0.0,gf,0.040,mm,OK,--,9:10:17 PM,8/19/2026,
27,0.0,gf,0.045,mm,OK,--,9:10:17 PM,8/19/2026,
28,0.1,gf,0.055,mm,OK,--,9:10:17 PM,8/19/2026,
29,0.0,gf,0.060,mm,OK,--,9:10:17 PM,8/19/2026,
30,0.1,gf,0.065,mm,OK,--,9:10:17 PM,8/19/2026,
31,0.0,gf,0.070,mm,OK,--,9:10:17 PM,8/19/2026,
32,-0.1,gf,0.075,mm,OK,--,9:10:17 PM,8/19/2026,
33,0.0,gf,0.075,mm,OK,--,9:10:17 PM,8/19/2026,
34,0.0,gf,0.080,mm,OK,--,9:10:17 PM,8/19/2026,
35,0.0,gf,0.085,mm,OK,--,9:10:18 PM,8/19/2026,
36,0.0,gf,0.085,mm,OK,--,9:10:18 PM,8/19/2026,
37,0.0,gf,0.090,mm,OK,--,9:10:18 PM,8/19/2026,
38,0.0,gf,0.090,mm,OK,--,9:10:18 PM,8/19/2026,
39,0.0,gf,0.090,mm,OK,--,9:10:18 PM,8/19/2026,
40,0.0,gf,0.090,mm,OK,--,9:10:18 PM,8/19/2026,
41,0.0,gf,0.095,mm,OK,--,9:10:18 PM,8/19/2026,
42,0.0,gf,0.095,mm,OK,--,9:10:18 PM,8/19/2026,
43,0.0,gf,0.095,mm,OK,--,9:10:18 PM,8/19/2026,
44,0.0,gf,0.095,mm,OK,--,9:10:18 PM,8/19/2026,
45,0.0,gf,0.095,mm,OK,--,9:10:19 PM,8/19/2026,
46,0.0,gf,0.100,mm,OK,--,9:10:19 PM,8/19/2026,
47,0.0,gf,0.100,mm,OK,--,9:10:19 PM,8/19/2026,
48,0.0,gf,0.100,mm,OK,--,9:10:19 PM,8/19/2026,
49,0.0,gf,0.105,mm,OK,--,9:10:19 PM,8/19/2026,
50,0.0,gf,0.105,mm,OK,--,9:10:19 PM,8/19/2026,
51,0.0,gf,0.105,mm,OK,--,9:10:19 PM,8/19/2026,
52,0.0,gf,0.105,mm,OK,--,9:10:19 PM,8/19/2026,
53,0.0,gf,0.110,mm,OK,--,9:10:19 PM,8/19/2026,
54,0.0,gf,0.110,mm,OK,--,9:10:19 PM,8/19/2026,
55,0.0,gf,0.110,mm,OK,--,9:10:20 PM,8/19/2026,
56,0.0,gf,0.115,mm,OK,--,9:10:20 PM,8/19/2026,
57,0.0,gf,0.115,mm,OK,--,9:10:20 PM,8/19/2026,
58,0.0,gf,0.120,mm,OK,--,9:10:20 PM,8/19/2026,
59,0.0,gf,0.125,mm,OK,--,9:10:20 PM,8/19/2026,
60,0.0,gf,0.130,mm,OK,--,9:10:20 PM,8/19/2026,
61,0.0,gf,0.135,mm,OK,--,9:10:20 PM,8/19/2026,
62,0.0,gf,0.135,mm,OK,--,9:10:20 PM,8/19/2026,
63,0.6,gf,0.140,mm,OK,--,9:10:20 PM,8/19/2026,
64,3.9,gf,0.145,mm,OK,--,9:10:20 PM,8/19/2026,
65,7.0,gf,0.150,mm,OK,--,9:10:21 PM,8/19/2026,
66,9.9,gf,0.150,mm,OK,--,9:10:21 PM,8/19/2026,
67,11.6,gf,0.155,mm,OK,--,9:10:21 PM,8/19/2026,
68,11.7,gf,0.155,mm,OK,--,9:10:21 PM,8/19/2026,
69,12.1,gf,0.160,mm,OK,--,9:10:21 PM,8/19/2026,
70,14.1,gf,0.160,mm,OK,--,9:10:21 PM,8/19/2026,
71,16.4,gf,0.165,mm,OK,--,9:10:21 PM,8/19/2026,
72,18.7,gf,0.165,mm,OK,--,9:10:21 PM,8/19/2026,
73,21.2,gf,0.170,mm,OK,--,9:10:21 PM,8/19/2026,
74,23.8,gf,0.170,mm,OK,--,9:10:21 PM,8/19/2026,
75,26.4,gf,0.175,mm,OK,--,9:10:22 PM,8/19/2026,
76,28.6,gf,0.180,mm,OK,--,9:10:22 PM,8/19/2026,
77,30.1,gf,0.180,mm,OK,--,9:10:22 PM,8/19/2026,
78,31.4,gf,0.180,mm,OK,--,9:10:22 PM,8/19/2026,
79,32.3,gf,0.185,mm,OK,--,9:10:22 PM,8/19/2026,
80,32.9,gf,0.185,mm,OK,--,9:10:22 PM,8/19/2026,
81,33.1,gf,0.190,mm,OK,--,9:10:22 PM,8/19/2026,
82,33.3,gf,0.190,mm,OK,--,9:10:22 PM,8/19/2026,
83,33.5,gf,0.190,mm,OK,--,9:10:22 PM,8/19/2026,
84,33.6,gf,0.190,mm,OK,--,9:10:22 PM,8/19/2026,
85,33.8,gf,0.195,mm,OK,--,9:10:23 PM,8/19/2026,
86,33.9,gf,0.195,mm,OK,--,9:10:23 PM,8/19/2026,
87,34.0,gf,0.195,mm,OK,--,9:10:23 PM,8/19/2026,
88,34.1,gf,0.195,mm,OK,--,9:10:23 PM,8/19/2026,
89,34.3,gf,0.195,mm,OK,--,9:10:23 PM,8/19/2026,
90,34.4,gf,0.195,mm,OK,--,9:10:23 PM,8/19/2026,
91,34.5,gf,0.200,mm,OK,--,9:10:23 PM,8/19/2026,
92,34.6,gf,0.200,mm,OK,--,9:10:23 PM,8/19/2026,
93,34.4,gf,0.200,mm,OK,--,9:10:23 PM,8/19/2026,
94,34.3,gf,0.200,mm,OK,--,9:10:23 PM,8/19/2026,
95,34.2,gf,0.205,mm,OK,--,9:10:24 PM,8/19/2026,
96,34.2,gf,0.205,mm,OK,--,9:10:24 PM,8/19/2026,
97,34.2,gf,0.205,mm,OK,--,9:10:24 PM,8/19/2026,
98,34.0,gf,0.205,mm,OK,--,9:10:24 PM,8/19/2026,
99,34.0,gf,0.210,mm,OK,--,9:10:24 PM,8/19/2026,
100,34.0,gf,0.210,mm,OK,--,9:10:24 PM,8/19/2026,
101,34.1,gf,0.210,mm,OK,--,9:10:24 PM,8/19/2026,
102,34.1,gf,0.215,mm,OK,--,9:10:24 PM,8/19/2026,
103,34.1,gf,0.215,mm,OK,--,9:10:24 PM,8/19/2026,
104,34.0,gf,0.215,mm,OK,--,9:10:24 PM,8/19/2026,
105,33.9,gf,0.215,mm,OK,--,9:10:25 PM,8/19/2026,
106,33.9,gf,0.220,mm,OK,--,9:10:25 PM,8/19/2026,
107,33.9,gf,0.220,mm,OK,--,9:10:25 PM,8/19/2026,
108,33.9,gf,0.225,mm,OK,--,9:10:25 PM,8/19/2026,
109,33.9,gf,0.225,mm,OK,--,9:10:25 PM,8/19/2026,
110,33.8,gf,0.225,mm,OK,--,9:10:25 PM,8/19/2026,
111,33.7,gf,0.230,mm,OK,--,9:10:25 PM,8/19/2026,
112,33.7,gf,0.230,mm,OK,--,9:10:25 PM,8/19/2026,
113,33.6,gf,0.230,mm,OK,--,9:10:25 PM,8/19/2026,
114,33.6,gf,0.235,mm,OK,--,9:10:25 PM,8/19/2026,
115,33.5,gf,0.235,mm,OK,--,9:10:26 PM,8/19/2026,
116,33.4,gf,0.235,mm,OK,--,9:10:26 PM,8/19/2026,
117,33.4,gf,0.240,mm,OK,--,9:10:26 PM,8/19/2026,
118,33.4,gf,0.240,mm,OK,--,9:10:26 PM,8/19/2026,
119,33.3,gf,0.240,mm,OK,--,9:10:26 PM,8/19/2026,
120,33.3,gf,0.245,mm,OK,--,9:10:26 PM,8/19/2026,
121,33.3,gf,0.245,mm,OK,--,9:10:26 PM,8/19/2026,
122,33.3,gf,0.250,mm,OK,--,9:10:26 PM,8/19/2026,
123,33.2,gf,0.250,mm,OK,--,9:10:26 PM,8/19/2026,
124,33.2,gf,0.250,mm,OK,--,9:10:26 PM,8/19/2026,
125,33.2,gf,0.255,mm,OK,--,9:10:27 PM,8/19/2026,
126,33.2,gf,0.255,mm,OK,--,9:10:27 PM,8/19/2026,
127,33.1,gf,0.260,mm,OK,--,9:10:27 PM,8/19/2026,
128,33.0,gf,0.260,mm,OK,--,9:10:27 PM,8/19/2026,
129,33.0,gf,0.265,mm,OK,--,9:10:27 PM,8/19/2026,
130,33.1,gf,0.270,mm,OK,--,9:10:27 PM,8/19/2026,
131,33.0,gf,0.270,mm,OK,--,9:10:27 PM,8/19/2026,
132,33.0,gf,0.275,mm,OK,--,9:10:27 PM,8/19/2026,
133,33.0,gf,0.275,mm,OK,--,9:10:27 PM,8/19/2026,
134,32.9,gf,0.275,mm,OK,--,9:10:27 PM,8/19/2026,
135,32.9,gf,0.280,mm,OK,--,9:10:28 PM,8/19/2026,
136,32.9,gf,0.280,mm,OK,--,9:10:28 PM,8/19/2026,
137,32.9,gf,0.280,mm,OK,--,9:10:28 PM,8/19/2026,
138,32.9,gf,0.285,mm,OK,--,9:10:28 PM,8/19/2026,
139,32.9,gf,0.285,mm,OK,--,9:10:28 PM,8/19/2026,
140,32.9,gf,0.290,mm,OK,--,9:10:28 PM,8/19/2026,
141,32.8,gf,0.295,mm,OK,--,9:10:28 PM,8/19/2026,
142,32.8,gf,0.295,mm,OK,--,9:10:28 PM,8/19/2026,
143,32.8,gf,0.300,mm,OK,--,9:10:28 PM,8/19/2026,
144,32.6,gf,0.305,mm,OK,--,9:10:28 PM,8/19/2026,
145,32.6,gf,0.310,mm,OK,--,9:10:29 PM,8/19/2026,
146,32.6,gf,0.315,mm,OK,--,9:10:29 PM,8/19/2026,
147,32.5,gf,0.320,mm,OK,--,9:10:29 PM,8/19/2026,
148,32.4,gf,0.320,mm,OK,--,9:10:29 PM,8/19/2026,
149,32.5,gf,0.325,mm,OK,--,9:10:29 PM,8/19/2026,
150,32.5,gf,0.325,mm,OK,--,9:10:29 PM,8/19/2026,
151,32.4,gf,0.330,mm,OK,--,9:10:29 PM,8/19/2026,
152,32.4,gf,0.335,mm,OK,--,9:10:29 PM,8/19/2026,
153,32.4,gf,0.340,mm,OK,--,9:10:29 PM,8/19/2026,
154,32.3,gf,0.345,mm,OK,--,9:10:29 PM,8/19/2026,
155,32.2,gf,0.350,mm,OK,--,9:10:30 PM,8/19/2026,
156,32.2,gf,0.360,mm,OK,--,9:10:30 PM,8/19/2026,
157,32.1,gf,0.365,mm,OK,--,9:10:30 PM,8/19/2026,
158,32.1,gf,0.370,mm,OK,--,9:10:30 PM,8/19/2026,
159,32.2,gf,0.375,mm,OK,--,9:10:30 PM,8/19/2026,
160,32.1,gf,0.380,mm,OK,--,9:10:30 PM,8/19/2026,
161,32.1,gf,0.385,mm,OK,--,9:10:30 PM,8/19/2026,
162,32.0,gf,0.390,mm,OK,--,9:10:30 PM,8/19/2026,
163,32.0,gf,0.395,mm,OK,--,9:10:30 PM,8/19/2026,
164,32.0,gf,0.395,mm,OK,--,9:10:30 PM,8/19/2026,
165,32.0,gf,0.400,mm,OK,--,9:10:31 PM,8/19/2026,
166,32.0,gf,0.400,mm,OK,--,9:10:31 PM,8/19/2026,
167,32.0,gf,0.400,mm,OK,--,9:10:31 PM,8/19/2026,
168,31.9,gf,0.400,mm,OK,--,9:10:31 PM,8/19/2026,
169,31.7,gf,0.405,mm,OK,--,9:10:31 PM,8/19/2026,
170,31.6,gf,0.405,mm,OK,--,9:10:31 PM,8/19/2026,
171,31.7,gf,0.405,mm,OK,--,9:10:31 PM,8/19/2026,
172,31.9,gf,0.405,mm,OK,--,9:10:31 PM,8/19/2026,
173,32.0,gf,0.405,mm,OK,--,9:10:31 PM,8/19/2026,
174,32.1,gf,0.405,mm,OK,--,9:10:31 PM,8/19/2026,
175,32.0,gf,0.410,mm,OK,--,9:10:32 PM,8/19/2026,
176,32.1,gf,0.410,mm,OK,--,9:10:32 PM,8/19/2026,
177,32.1,gf,0.415,mm,OK,--,9:10:32 PM,8/19/2026,
178,32.2,gf,0.420,mm,OK,--,9:10:32 PM,8/19/2026,
179,32.1,gf,0.420,mm,OK,--,9:10:32 PM,8/19/2026,
180,32.1,gf,0.425,mm,OK,--,9:10:32 PM,8/19/2026,
181,32.0,gf,0.425,mm,OK,--,9:10:32 PM,8/19/2026,
182,31.8,gf,0.425,mm,OK,--,9:10:32 PM,8/19/2026,
183,31.8,gf,0.430,mm,OK,--,9:10:32 PM,8/19/2026,
184,31.9,gf,0.430,mm,OK,--,9:10:32 PM,8/19/2026,
185,32.0,gf,0.430,mm,OK,--,9:10:33 PM,8/19/2026,
186,32.0,gf,0.430,mm,OK,--,9:10:33 PM,8/19/2026,
187,32.0,gf,0.430,mm,OK,--,9:10:33 PM,8/19/2026,
188,32.0,gf,0.435,mm,OK,--,9:10:33 PM,8/19/2026,
189,32.0,gf,0.435,mm,OK,--,9:10:33 PM,8/19/2026,
190,32.1,gf,0.435,mm,OK,--,9:10:33 PM,8/19/2026,
191,32.2,gf,0.440,mm,OK,--,9:10:33 PM,8/19/2026,
192,32.2,gf,0.445,mm,OK,--,9:10:33 PM,8/19/2026,
193,32.1,gf,0.445,mm,OK,--,9:10:33 PM,8/19/2026,
194,32.0,gf,0.450,mm,OK,--,9:10:33 PM,8/19/2026,
195,32.0,gf,0.450,mm,OK,--,9:10:34 PM,8/19/2026,
196,32.0,gf,0.455,mm,OK,--,9:10:34 PM,8/19/2026,
197,32.0,gf,0.455,mm,OK,--,9:10:34 PM,8/19/2026,
198,31.9,gf,0.455,mm,OK,--,9:10:34 PM,8/19/2026,
199,31.9,gf,0.460,mm,OK,--,9:10:34 PM,8/19/2026,
200,32.0,gf,0.460,mm,OK,--,9:10:34 PM,8/19/2026,
201,32.0,gf,0.460,mm,OK,--,9:10:34 PM,8/19/2026,
202,32.0,gf,0.465,mm,OK,--,9:10:34 PM,8/19/2026,
203,32.0,gf,0.465,mm,OK,--,9:10:34 PM,8/19/2026,
204,31.9,gf,0.465,mm,OK,--,9:10:34 PM,8/19/2026,
205,32.0,gf,0.470,mm,OK,--,9:10:35 PM,8/19/2026,
206,32.0,gf,0.470,mm,OK,--,9:10:35 PM,8/19/2026,
207,32.1,gf,0.470,mm,OK,--,9:10:35 PM,8/19/2026,
208,32.2,gf,0.475,mm,OK,--,9:10:35 PM,8/19/2026,
209,32.2,gf,0.480,mm,OK,--,9:10:35 PM,8/19/2026,
210,32.1,gf,0.480,mm,OK,--,9:10:35 PM,8/19/2026,
211,32.1,gf,0.485,mm,OK,--,9:10:35 PM,8/19/2026,
212,32.1,gf,0.490,mm,OK,--,9:10:35 PM,8/19/2026,
213,32.1,gf,0.495,mm,OK,--,9:10:35 PM,8/19/2026,
214,32.0,gf,0.500,mm,OK,--,9:10:35 PM,8/19/2026,
215,32.0,gf,0.505,mm,OK,--,9:10:36 PM,8/19/2026,
216,32.0,gf,0.505,mm,OK,--,9:10:36 PM,8/19/2026,
217,31.9,gf,0.510,mm,OK,--,9:10:36 PM,8/19/2026,
218,32.0,gf,0.515,mm,OK,--,9:10:36 PM,8/19/2026,
219,32.1,gf,0.515,mm,OK,--,9:10:36 PM,8/19/2026,
220,31.9,gf,0.520,mm,OK,--,9:10:36 PM,8/19/2026,
221,32.0,gf,0.520,mm,OK,--,9:10:36 PM,8/19/2026,
222,32.1,gf,0.525,mm,OK,--,9:10:36 PM,8/19/2026,
223,32.2,gf,0.525,mm,OK,--,9:10:36 PM,8/19/2026,
224,32.1,gf,0.530,mm,OK,--,9:10:36 PM,8/19/2026,
225,32.0,gf,0.530,mm,OK,--,9:10:37 PM,8/19/2026,
226,32.1,gf,0.530,mm,OK,--,9:10:37 PM,8/19/2026,
227,32.1,gf,0.530,mm,OK,--,9:10:37 PM,8/19/2026,
228,32.1,gf,0.535,mm,OK,--,9:10:37 PM,8/19/2026,
229,32.2,gf,0.535,mm,OK,--,9:10:37 PM,8/19/2026,
230,32.2,gf,0.535,mm,OK,--,9:10:37 PM,8/19/2026,
231,32.5,gf,0.540,mm,OK,--,9:10:37 PM,8/19/2026,
232,32.4,gf,0.545,mm,OK,--,9:10:37 PM,8/19/2026,
233,32.4,gf,0.550,mm,OK,--,9:10:37 PM,8/19/2026,
234,32.3,gf,0.550,mm,OK,--,9:10:37 PM,8/19/2026,
235,32.3,gf,0.555,mm,OK,--,9:10:38 PM,8/19/2026,
236,32.3,gf,0.560,mm,OK,--,9:10:38 PM,8/19/2026,
237,32.3,gf,0.560,mm,OK,--,9:10:38 PM,8/19/2026,
238,32.3,gf,0.565,mm,OK,--,9:10:38 PM,8/19/2026,
239,32.2,gf,0.570,mm,OK,--,9:10:38 PM,8/19/2026,
240,32.2,gf,0.570,mm,OK,--,9:10:38 PM,8/19/2026,
241,32.3,gf,0.575,mm,OK,--,9:10:38 PM,8/19/2026,
242,32.3,gf,0.575,mm,OK,--,9:10:38 PM,8/19/2026,
243,32.3,gf,0.580,mm,OK,--,9:10:38 PM,8/19/2026,
244,32.3,gf,0.585,mm,OK,--,9:10:38 PM,8/19/2026,
245,32.2,gf,0.590,mm,OK,--,9:10:39 PM,8/19/2026,
246,32.2,gf,0.590,mm,OK,--,9:10:39 PM,8/19/2026,
247,32.2,gf,0.595,mm,OK,--,9:10:39 PM,8/19/2026,
248,32.2,gf,0.595,mm,OK,--,9:10:39 PM,8/19/2026,
249,32.2,gf,0.600,mm,OK,--,9:10:39 PM,8/19/2026,
250,32.2,gf,0.605,mm,OK,--,9:10:39 PM,8/19/2026,
251,32.3,gf,0.605,mm,OK,--,9:10:39 PM,8/19/2026,
252,32.2,gf,0.610,mm,OK,--,9:10:39 PM,8/19/2026,
253,32.2,gf,0.610,mm,OK,--,9:10:39 PM,8/19/2026,
254,32.2,gf,0.615,mm,OK,--,9:10:39 PM,8/19/2026,
255,32.3,gf,0.615,mm,OK,--,9:10:40 PM,8/19/2026,
256,32.3,gf,0.620,mm,OK,--,9:10:40 PM,8/19/2026,
257,32.3,gf,0.625,mm,OK,--,9:10:40 PM,8/19/2026,
258,32.3,gf,0.630,mm,OK,--,9:10:40 PM,8/19/2026,
259,32.3,gf,0.635,mm,OK,--,9:10:40 PM,8/19/2026,
260,32.3,gf,0.635,mm,OK,--,9:10:40 PM,8/19/2026,
261,32.3,gf,0.640,mm,OK,--,9:10:40 PM,8/19/2026,
262,32.2,gf,0.640,mm,OK,--,9:10:40 PM,8/19/2026,
263,32.2,gf,0.645,mm,OK,--,9:10:40 PM,8/19/2026,
264,32.2,gf,0.650,mm,OK,--,9:10:40 PM,8/19/2026,
265,32.2,gf,0.650,mm,OK,--,9:10:41 PM,8/19/2026,
266,32.2,gf,0.655,mm,OK,--,9:10:41 PM,8/19/2026,
267,32.2,gf,0.655,mm,OK,--,9:10:41 PM,8/19/2026,
268,32.2,gf,0.660,mm,OK,--,9:10:41 PM,8/19/2026,
269,32.2,gf,0.660,mm,OK,--,9:10:41 PM,8/19/2026,
270,32.2,gf,0.665,mm,OK,--,9:10:41 PM,8/19/2026,
271,32.2,gf,0.670,mm,OK,--,9:10:41 PM,8/19/2026,
272,32.2,gf,0.675,mm,OK,--,9:10:41 PM,8/19/2026,
273,32.2,gf,0.675,mm,OK,--,9:10:41 PM,8/19/2026,
274,32.2,gf,0.680,mm,OK,--,9:10:41 PM,8/19/2026,
275,32.2,gf,0.685,mm,OK,--,9:10:42 PM,8/19/2026,
276,32.2,gf,0.690,mm,OK,--,9:10:42 PM,8/19/2026,
277,32.2,gf,0.690,mm,OK,--,9:10:42 PM,8/19/2026,
278,32.2,gf,0.695,mm,OK,--,9:10:42 PM,8/19/2026,
279,32.2,gf,0.700,mm,OK,--,9:10:42 PM,8/19/2026,
280,32.3,gf,0.700,mm,OK,--,9:10:42 PM,8/19/2026,
281,32.3,gf,0.705,mm,OK,--,9:10:42 PM,8/19/2026,
282,32.4,gf,0.710,mm,OK,--,9:10:42 PM,8/19/2026,
283,32.4,gf,0.710,mm,OK,--,9:10:42 PM,8/19/2026,
284,32.4,gf,0.715,mm,OK,--,9:10:42 PM,8/19/2026,
285,32.4,gf,0.720,mm,OK,--,9:10:43 PM,8/19/2026,
286,32.4,gf,0.725,mm,OK,--,9:10:43 PM,8/19/2026,
287,32.3,gf,0.725,mm,OK,--,9:10:43 PM,8/19/2026,
288,32.4,gf,0.730,mm,OK,--,9:10:43 PM,8/19/2026,
289,32.5,gf,0.730,mm,OK,--,9:10:43 PM,8/19/2026,
290,32.6,gf,0.735,mm,OK,--,9:10:43 PM,8/19/2026,
291,32.6,gf,0.740,mm,OK,--,9:10:43 PM,8/19/2026,
292,32.6,gf,0.750,mm,OK,--,9:10:43 PM,8/19/2026,
293,32.6,gf,0.755,mm,OK,--,9:10:43 PM,8/19/2026,
294,32.5,gf,0.765,mm,OK,--,9:10:43 PM,8/19/2026,
295,32.5,gf,0.770,mm,OK,--,9:10:44 PM,8/19/2026,
296,32.5,gf,0.775,mm,OK,--,9:10:44 PM,8/19/2026,
297,32.5,gf,0.780,mm,OK,--,9:10:44 PM,8/19/2026,
298,32.6,gf,0.790,mm,OK,--,9:10:44 PM,8/19/2026,
299,32.6,gf,0.800,mm,OK,--,9:10:44 PM,8/19/2026,
300,32.8,gf,0.815,mm,OK,--,9:10:44 PM,8/19/2026,
301,32.7,gf,0.825,mm,OK,--,9:10:44 PM,8/19/2026,
302,32.6,gf,0.835,mm,OK,--,9:10:44 PM,8/19/2026,
303,32.7,gf,0.840,mm,OK,--,9:10:44 PM,8/19/2026,
304,32.8,gf,0.850,mm,OK,--,9:10:44 PM,8/19/2026,
305,32.8,gf,0.860,mm,OK,--,9:10:45 PM,8/19/2026,
306,32.8,gf,0.865,mm,OK,--,9:10:45 PM,8/19/2026,
307,32.8,gf,0.870,mm,OK,--,9:10:45 PM,8/19/2026,
308,32.8,gf,0.870,mm,OK,--,9:10:45 PM,8/19/2026,
309,32.9,gf,0.875,mm,OK,--,9:10:45 PM,8/19/2026,
310,32.8,gf,0.880,mm,OK,--,9:10:45 PM,8/19/2026,
311,32.9,gf,0.885,mm,OK,--,9:10:45 PM,8/19/2026,
312,32.8,gf,0.895,mm,OK,--,9:10:45 PM,8/19/2026,
313,32.8,gf,0.900,mm,OK,--,9:10:45 PM,8/19/2026,
314,32.8,gf,0.905,mm,OK,--,9:10:45 PM,8/19/2026,
315,32.8,gf,0.910,mm,OK,--,9:10:46 PM,8/19/2026,
316,32.8,gf,0.915,mm,OK,--,9:10:46 PM,8/19/2026,
317,32.7,gf,0.920,mm,OK,--,9:10:46 PM,8/19/2026,
318,32.8,gf,0.920,mm,OK,--,9:10:46 PM,8/19/2026,
319,32.8,gf,0.925,mm,OK,--,9:10:46 PM,8/19/2026,
320,32.8,gf,0.930,mm,OK,--,9:10:46 PM,8/19/2026,
321,32.8,gf,0.930,mm,OK,--,9:10:46 PM,8/19/2026,
322,32.8,gf,0.935,mm,OK,--,9:10:46 PM,8/19/2026,
323,32.8,gf,0.935,mm,OK,--,9:10:46 PM,8/19/2026,
324,32.8,gf,0.935,mm,OK,--,9:10:46 PM,8/19/2026,
325,32.8,gf,0.940,mm,OK,--,9:10:47 PM,8/19/2026,
326,33.0,gf,0.945,mm,OK,--,9:10:47 PM,8/19/2026,
327,33.1,gf,0.950,mm,OK,--,9:10:47 PM,8/19/2026,
328,33.0,gf,0.955,mm,OK,--,9:10:47 PM,8/19/2026,
329,33.1,gf,0.960,mm,OK,--,9:10:47 PM,8/19/2026,
330,33.2,gf,0.970,mm,OK,--,9:10:47 PM,8/19/2026,
331,33.2,gf,0.975,mm,OK,--,9:10:47 PM,8/19/2026,
332,33.2,gf,0.985,mm,OK,--,9:10:47 PM,8/19/2026,
333,33.0,gf,0.990,mm,OK,--,9:10:47 PM,8/19/2026,
334,33.0,gf,0.995,mm,OK,--,9:10:47 PM,8/19/2026,
335,33.0,gf,1.000,mm,OK,--,9:10:48 PM,8/19/2026,
336,33.0,gf,1.000,mm,OK,--,9:10:48 PM,8/19/2026,
337,32.9,gf,1.005,mm,OK,--,9:10:48 PM,8/19/2026,
338,32.9,gf,1.005,mm,OK,--,9:10:48 PM,8/19/2026,
339,32.9,gf,1.005,mm,OK,--,9:10:48 PM,8/19/2026,
340,33.0,gf,1.010,mm,OK,--,9:10:48 PM,8/19/2026,
341,33.0,gf,1.010,mm,OK,--,9:10:48 PM,8/19/2026,
342,33.2,gf,1.015,mm,OK,--,9:10:48 PM,8/19/2026,
343,33.1,gf,1.020,mm,OK,--,9:10:48 PM,8/19/2026,
344,33.1,gf,1.020,mm,OK,--,9:10:48 PM,8/19/2026,
345,33.1,gf,1.025,mm,OK,--,9:10:49 PM,8/19/2026,
346,33.2,gf,1.030,mm,OK,--,9:10:49 PM,8/19/2026,
347,33.2,gf,1.030,mm,OK,--,9:10:49 PM,8/19/2026,
348,33.2,gf,1.035,mm,OK,--,9:10:49 PM,8/19/2026,
349,33.2,gf,1.040,mm,OK,--,9:10:49 PM,8/19/2026,
350,33.2,gf,1.045,mm,OK,--,9:10:49 PM,8/19/2026,
351,33.2,gf,1.045,mm,OK,--,9:10:49 PM,8/19/2026,
352,33.2,gf,1.050,mm,OK,--,9:10:49 PM,8/19/2026,
353,33.1,gf,1.050,mm,OK,--,9:10:49 PM,8/19/2026,
354,33.0,gf,1.050,mm,OK,--,9:10:49 PM,8/19/2026,
355,32.9,gf,1.050,mm,OK,--,9:10:50 PM,8/19/2026,
356,32.9,gf,1.050,mm,OK,--,9:10:50 PM,8/19/2026,
357,32.8,gf,1.050,mm,OK,--,9:10:50 PM,8/19/2026,
358,32.9,gf,1.050,mm,OK,--,9:10:50 PM,8/19/2026,
359,32.9,gf,1.050,mm,OK,--,9:10:50 PM,8/19/2026,
360,33.1,gf,1.050,mm,OK,--,9:10:50 PM,8/19/2026,
361,33.1,gf,1.050,mm,OK,--,9:10:50 PM,8/19/2026,
362,33.1,gf,1.055,mm,OK,--,9:10:50 PM,8/19/2026,
363,33.1,gf,1.055,mm,OK,--,9:10:50 PM,8/19/2026,
364,33.2,gf,1.055,mm,OK,--,9:10:50 PM,8/19/2026,
365,33.2,gf,1.055,mm,OK,--,9:10:51 PM,8/19/2026,
366,33.3,gf,1.055,mm,OK,--,9:10:51 PM,8/19/2026,
367,33.2,gf,1.055,mm,OK,--,9:10:51 PM,8/19/2026,
368,33.2,gf,1.060,mm,OK,--,9:10:51 PM,8/19/2026,
369,33.2,gf,1.060,mm,OK,--,9:10:51 PM,8/19/2026,
370,33.2,gf,1.060,mm,OK,--,9:10:51 PM,8/19/2026,
371,33.2,gf,1.060,mm,OK,--,9:10:51 PM,8/19/2026,
372,33.2,gf,1.060,mm,OK,--,9:10:51 PM,8/19/2026,
373,33.2,gf,1.060,mm,OK,--,9:10:51 PM,8/19/2026,
374,33.2,gf,1.065,mm,OK,--,9:10:51 PM,8/19/2026,
375,33.3,gf,1.065,mm,OK,--,9:10:52 PM,8/19/2026,
376,33.3,gf,1.065,mm,OK,--,9:10:52 PM,8/19/2026,
377,33.3,gf,1.065,mm,OK,--,9:10:52 PM,8/19/2026,
378,33.2,gf,1.065,mm,OK,--,9:10:52 PM,8/19/2026,
379,33.2,gf,1.070,mm,OK,--,9:10:52 PM,8/19/2026,
380,33.2,gf,1.070,mm,OK,--,9:10:52 PM,8/19/2026,
381,33.3,gf,1.070,mm,OK,--,9:10:52 PM,8/19/2026,
382,33.3,gf,1.070,mm,OK,--,9:10:52 PM,8/19/2026,
383,33.3,gf,1.070,mm,OK,--,9:10:52 PM,8/19/2026,
384,33.3,gf,1.070,mm,OK,--,9:10:52 PM,8/19/2026,
385,33.3,gf,1.070,mm,OK,--,9:10:53 PM,8/19/2026,
386,33.4,gf,1.075,mm,OK,--,9:10:53 PM,8/19/2026,
387,33.4,gf,1.075,mm,OK,--,9:10:53 PM,8/19/2026,
388,33.4,gf,1.075,mm,OK,--,9:10:53 PM,8/19/2026,
389,33.4,gf,1.075,mm,OK,--,9:10:53 PM,8/19/2026,
390,33.4,gf,1.080,mm,OK,--,9:10:53 PM,8/19/2026,
391,33.5,gf,1.080,mm,OK,--,9:10:53 PM,8/19/2026,
392,33.5,gf,1.085,mm,OK,--,9:10:53 PM,8/19/2026,
393,33.5,gf,1.090,mm,OK,--,9:10:53 PM,8/19/2026,
394,33.5,gf,1.090,mm,OK,--,9:10:53 PM,8/19/2026,
395,33.5,gf,1.095,mm,OK,--,9:10:54 PM,8/19/2026,
396,33.4,gf,1.100,mm,OK,--,9:10:54 PM,8/19/2026,
397,33.4,gf,1.110,mm,OK,--,9:10:54 PM,8/19/2026,
398,33.4,gf,1.115,mm,OK,--,9:10:54 PM,8/19/2026,
399,33.5,gf,1.120,mm,OK,--,9:10:54 PM,8/19/2026,
400,33.5,gf,1.125,mm,OK,--,9:10:54 PM,8/19/2026,
401,33.4,gf,1.130,mm,OK,--,9:10:54 PM,8/19/2026,
402,33.5,gf,1.140,mm,OK,--,9:10:54 PM,8/19/2026,
403,33.5,gf,1.145,mm,OK,--,9:10:54 PM,8/19/2026,
404,33.4,gf,1.150,mm,OK,--,9:10:54 PM,8/19/2026,
405,33.3,gf,1.155,mm,OK,--,9:10:55 PM,8/19/2026,
406,33.3,gf,1.155,mm,OK,--,9:10:55 PM,8/19/2026,
407,33.4,gf,1.160,mm,OK,--,9:10:55 PM,8/19/2026,
408,33.3,gf,1.160,mm,OK,--,9:10:55 PM,8/19/2026,
409,33.4,gf,1.165,mm,OK,--,9:10:55 PM,8/19/2026,
410,33.3,gf,1.170,mm,OK,--,9:10:55 PM,8/19/2026,
411,33.3,gf,1.170,mm,OK,--,9:10:55 PM,8/19/2026,
412,33.4,gf,1.175,mm,OK,--,9:10:55 PM,8/19/2026,
413,33.4,gf,1.175,mm,OK,--,9:10:55 PM,8/19/2026,
414,33.4,gf,1.180,mm,OK,--,9:10:55 PM,8/19/2026,
415,33.4,gf,1.180,mm,OK,--,9:10:56 PM,8/19/2026,
416,33.5,gf,1.185,mm,OK,--,9:10:56 PM,8/19/2026,
417,33.5,gf,1.185,mm,OK,--,9:10:56 PM,8/19/2026,
418,33.4,gf,1.190,mm,OK,--,9:10:56 PM,8/19/2026,
419,33.4,gf,1.190,mm,OK,--,9:10:56 PM,8/19/2026,
420,33.5,gf,1.195,mm,OK,--,9:10:56 PM,8/19/2026,
421,33.5,gf,1.200,mm,OK,--,9:10:56 PM,8/19/2026,
422,33.5,gf,1.200,mm,OK,--,9:10:56 PM,8/19/2026,
423,33.5,gf,1.205,mm,OK,--,9:10:56 PM,8/19/2026,
424,33.5,gf,1.205,mm,OK,--,9:10:56 PM,8/19/2026,
425,33.5,gf,1.210,mm,OK,--,9:10:57 PM,8/19/2026,
426,33.6,gf,1.210,mm,OK,--,9:10:57 PM,8/19/2026,
427,33.6,gf,1.215,mm,OK,--,9:10:57 PM,8/19/2026,
428,33.6,gf,1.220,mm,OK,--,9:10:57 PM,8/19/2026,
429,33.7,gf,1.225,mm,OK,--,9:10:57 PM,8/19/2026,
430,33.7,gf,1.230,mm,OK,--,9:10:57 PM,8/19/2026,
431,33.7,gf,1.230,mm,OK,--,9:10:57 PM,8/19/2026,
432,33.7,gf,1.235,mm,OK,--,9:10:57 PM,8/19/2026,
433,33.7,gf,1.240,mm,OK,--,9:10:57 PM,8/19/2026,
434,33.6,gf,1.240,mm,OK,--,9:10:57 PM,8/19/2026,
435,33.6,gf,1.245,mm,OK,--,9:10:58 PM,8/19/2026,
436,33.6,gf,1.245,mm,OK,--,9:10:58 PM,8/19/2026,
437,33.5,gf,1.245,mm,OK,--,9:10:58 PM,8/19/2026,
438,33.6,gf,1.250,mm,OK,--,9:10:58 PM,8/19/2026,
439,33.6,gf,1.250,mm,OK,--,9:10:58 PM,8/19/2026,
440,33.6,gf,1.250,mm,OK,--,9:10:58 PM,8/19/2026,
441,33.6,gf,1.250,mm,OK,--,9:10:58 PM,8/19/2026,
442,33.6,gf,1.255,mm,OK,--,9:10:58 PM,8/19/2026,
443,33.6,gf,1.255,mm,OK,--,9:10:58 PM,8/19/2026,
444,33.7,gf,1.255,mm,OK,--,9:10:58 PM,8/19/2026,
445,33.7,gf,1.260,mm,OK,--,9:10:59 PM,8/19/2026,
446,33.7,gf,1.260,mm,OK,--,9:10:59 PM,8/19/2026,
447,33.7,gf,1.260,mm,OK,--,9:10:59 PM,8/19/2026,
448,33.7,gf,1.265,mm,OK,--,9:10:59 PM,8/19/2026,
449,33.7,gf,1.265,mm,OK,--,9:10:59 PM,8/19/2026,
450,33.7,gf,1.270,mm,OK,--,9:10:59 PM,8/19/2026,
451,33.7,gf,1.270,mm,OK,--,9:10:59 PM,8/19/2026,
452,33.7,gf,1.270,mm,OK,--,9:10:59 PM,8/19/2026,
453,33.8,gf,1.275,mm,OK,--,9:10:59 PM,8/19/2026,
454,33.8,gf,1.275,mm,OK,--,9:10:59 PM,8/19/2026,
455,33.8,gf,1.280,mm,OK,--,9:11:00 PM,8/19/2026,
456,33.8,gf,1.280,mm,OK,--,9:11:00 PM,8/19/2026,
457,33.9,gf,1.285,mm,OK,--,9:11:00 PM,8/19/2026,
458,33.9,gf,1.290,mm,OK,--,9:11:00 PM,8/19/2026,
459,33.9,gf,1.290,mm,OK,--,9:11:00 PM,8/19/2026,
460,33.9,gf,1.295,mm,OK,--,9:11:00 PM,8/19/2026,
461,34.0,gf,1.300,mm,OK,--,9:11:00 PM,8/19/2026,
462,34.0,gf,1.305,mm,OK,--,9:11:00 PM,8/19/2026,
463,34.0,gf,1.310,mm,OK,--,9:11:00 PM,8/19/2026,
464,33.9,gf,1.310,mm,OK,--,9:11:00 PM,8/19/2026,
465,33.9,gf,1.315,mm,OK,--,9:11:01 PM,8/19/2026,
466,33.9,gf,1.315,mm,OK,--,9:11:01 PM,8/19/2026,
467,34.0,gf,1.320,mm,OK,--,9:11:01 PM,8/19/2026,
468,34.0,gf,1.320,mm,OK,--,9:11:01 PM,8/19/2026,
469,34.0,gf,1.325,mm,OK,--,9:11:01 PM,8/19/2026,
470,34.0,gf,1.325,mm,OK,--,9:11:01 PM,8/19/2026,
471,34.0,gf,1.330,mm,OK,--,9:11:01 PM,8/19/2026,
472,34.0,gf,1.330,mm,OK,--,9:11:01 PM,8/19/2026,
473,34.0,gf,1.335,mm,OK,--,9:11:01 PM,8/19/2026,
474,34.0,gf,1.335,mm,OK,--,9:11:01 PM,8/19/2026,
475,34.1,gf,1.335,mm,OK,--,9:11:02 PM,8/19/2026,
476,34.1,gf,1.340,mm,OK,--,9:11:02 PM,8/19/2026,
477,34.1,gf,1.340,mm,OK,--,9:11:02 PM,8/19/2026,
478,34.1,gf,1.345,mm,OK,--,9:11:02 PM,8/19/2026,
479,34.1,gf,1.350,mm,OK,--,9:11:02 PM,8/19/2026,
480,34.1,gf,1.350,mm,OK,--,9:11:02 PM,8/19/2026,
481,34.1,gf,1.355,mm,OK,--,9:11:02 PM,8/19/2026,
482,34.1,gf,1.355,mm,OK,--,9:11:02 PM,8/19/2026,
483,34.2,gf,1.360,mm,OK,--,9:11:02 PM,8/19/2026,
484,34.2,gf,1.360,mm,OK,--,9:11:02 PM,8/19/2026,
485,34.2,gf,1.365,mm,OK,--,9:11:03 PM,8/19/2026,
486,34.2,gf,1.365,mm,OK,--,9:11:03 PM,8/19/2026,
487,34.2,gf,1.370,mm,OK,--,9:11:03 PM,8/19/2026,
488,34.2,gf,1.370,mm,OK,--,9:11:03 PM,8/19/2026,
489,34.3,gf,1.375,mm,OK,--,9:11:03 PM,8/19/2026,
490,34.3,gf,1.375,mm,OK,--,9:11:03 PM,8/19/2026,
491,34.3,gf,1.380,mm,OK,--,9:11:03 PM,8/19/2026,
492,34.3,gf,1.385,mm,OK,--,9:11:03 PM,8/19/2026,
493,34.3,gf,1.385,mm,OK,--,9:11:03 PM,8/19/2026,
494,34.3,gf,1.390,mm,OK,--,9:11:03 PM,8/19/2026,
495,34.3,gf,1.390,mm,OK,--,9:11:04 PM,8/19/2026,
496,34.3,gf,1.395,mm,OK,--,9:11:04 PM,8/19/2026,
497,34.4,gf,1.395,mm,OK,--,9:11:04 PM,8/19/2026,
498,34.5,gf,1.400,mm,OK,--,9:11:04 PM,8/19/2026,
499,34.4,gf,1.405,mm,OK,--,9:11:04 PM,8/19/2026,
500,34.4,gf,1.405,mm,OK,--,9:11:04 PM,8/19/2026,
501,34.5,gf,1.410,mm,OK,--,9:11:04 PM,8/19/2026,
502,34.6,gf,1.415,mm,OK,--,9:11:04 PM,8/19/2026,
503,34.6,gf,1.415,mm,OK,--,9:11:04 PM,8/19/2026,
504,34.5,gf,1.420,mm,OK,--,9:11:04 PM,8/19/2026,
505,34.6,gf,1.420,mm,OK,--,9:11:05 PM,8/19/2026,
506,34.6,gf,1.425,mm,OK,--,9:11:05 PM,8/19/2026,
507,34.6,gf,1.425,mm,OK,--,9:11:05 PM,8/19/2026,
508,34.6,gf,1.425,mm,OK,--,9:11:05 PM,8/19/2026,
509,34.5,gf,1.425,mm,OK,--,9:11:05 PM,8/19/2026,
510,34.5,gf,1.425,mm,OK,--,9:11:05 PM,8/19/2026,
511,34.6,gf,1.430,mm,OK,--,9:11:05 PM,8/19/2026,
512,34.7,gf,1.430,mm,OK,--,9:11:05 PM,8/19/2026,
513,34.8,gf,1.430,mm,OK,--,9:11:05 PM,8/19/2026,
514,34.9,gf,1.435,mm,OK,--,9:11:05 PM,8/19/2026,
515,34.9,gf,1.440,mm,OK,--,9:11:06 PM,8/19/2026,
516,34.9,gf,1.440,mm,OK,--,9:11:06 PM,8/19/2026,
517,34.9,gf,1.445,mm,OK,--,9:11:06 PM,8/19/2026,
518,35.0,gf,1.455,mm,OK,--,9:11:06 PM,8/19/2026,
519,35.1,gf,1.465,mm,OK,--,9:11:06 PM,8/19/2026,
520,35.1,gf,1.475,mm,OK,--,9:11:06 PM,8/19/2026,
521,35.0,gf,1.485,mm,OK,--,9:11:06 PM,8/19/2026,
522,35.0,gf,1.490,mm,OK,--,9:11:06 PM,8/19/2026,
523,34.9,gf,1.495,mm,OK,--,9:11:06 PM,8/19/2026,
524,34.9,gf,1.500,mm,OK,--,9:11:06 PM,8/19/2026,
525,35.0,gf,1.500,mm,OK,--,9:11:07 PM,8/19/2026,
526,34.9,gf,1.505,mm,OK,--,9:11:07 PM,8/19/2026,
527,35.1,gf,1.505,mm,OK,--,9:11:07 PM,8/19/2026,
528,35.1,gf,1.510,mm,OK,--,9:11:07 PM,8/19/2026,
529,35.1,gf,1.515,mm,OK,--,9:11:07 PM,8/19/2026,
530,35.1,gf,1.515,mm,OK,--,9:11:07 PM,8/19/2026,
531,35.0,gf,1.520,mm,OK,--,9:11:07 PM,8/19/2026,
532,35.0,gf,1.525,mm,OK,--,9:11:07 PM,8/19/2026,
533,35.0,gf,1.525,mm,OK,--,9:11:07 PM,8/19/2026,
534,35.1,gf,1.530,mm,OK,--,9:11:07 PM,8/19/2026,
535,35.1,gf,1.530,mm,OK,--,9:11:08 PM,8/19/2026,
536,35.1,gf,1.535,mm,OK,--,9:11:08 PM,8/19/2026,
537,35.1,gf,1.540,mm,OK,--,9:11:08 PM,8/19/2026,
538,35.1,gf,1.540,mm,OK,--,9:11:08 PM,8/19/2026,
539,35.0,gf,1.545,mm,OK,--,9:11:08 PM,8/19/2026,
540,35.1,gf,1.545,mm,OK,--,9:11:08 PM,8/19/2026,
541,35.1,gf,1.550,mm,OK,--,9:11:08 PM,8/19/2026,
542,35.2,gf,1.550,mm,OK,--,9:11:08 PM,8/19/2026,
543,35.2,gf,1.555,mm,OK,--,9:11:08 PM,8/19/2026,
544,35.2,gf,1.555,mm,OK,--,9:11:08 PM,8/19/2026,
545,35.2,gf,1.560,mm,OK,--,9:11:09 PM,8/19/2026,
546,35.2,gf,1.565,mm,OK,--,9:11:09 PM,8/19/2026,
547,35.2,gf,1.565,mm,OK,--,9:11:09 PM,8/19/2026,
548,35.1,gf,1.570,mm,OK,--,9:11:09 PM,8/19/2026,
549,35.1,gf,1.570,mm,OK,--,9:11:09 PM,8/19/2026,
550,35.1,gf,1.575,mm,OK,--,9:11:09 PM,8/19/2026,
551,35.1,gf,1.575,mm,OK,--,9:11:09 PM,8/19/2026,
552,35.0,gf,1.580,mm,OK,--,9:11:09 PM,8/19/2026,
553,35.0,gf,1.585,mm,OK,--,9:11:09 PM,8/19/2026,
554,35.1,gf,1.585,mm,OK,--,9:11:09 PM,8/19/2026,
555,35.2,gf,1.590,mm,OK,--,9:11:10 PM,8/19/2026,
556,35.3,gf,1.595,mm,OK,--,9:11:10 PM,8/19/2026,
557,35.2,gf,1.595,mm,OK,--,9:11:10 PM,8/19/2026,
558,35.2,gf,1.600,mm,OK,--,9:11:10 PM,8/19/2026,
559,35.2,gf,1.600,mm,OK,--,9:11:10 PM,8/19/2026,
560,35.2,gf,1.605,mm,OK,--,9:11:10 PM,8/19/2026,
561,35.2,gf,1.605,mm,OK,--,9:11:10 PM,8/19/2026,
562,35.2,gf,1.610,mm,OK,--,9:11:10 PM,8/19/2026,
563,35.3,gf,1.610,mm,OK,--,9:11:10 PM,8/19/2026,
564,35.4,gf,1.615,mm,OK,--,9:11:10 PM,8/19/2026,
565,35.4,gf,1.620,mm,OK,--,9:11:11 PM,8/19/2026,
566,35.5,gf,1.630,mm,OK,--,9:11:11 PM,8/19/2026,
567,35.5,gf,1.640,mm,OK,--,9:11:11 PM,8/19/2026,
568,35.5,gf,1.650,mm,OK,--,9:11:11 PM,8/19/2026,
569,35.6,gf,1.655,mm,OK,--,9:11:11 PM,8/19/2026,
570,35.5,gf,1.660,mm,OK,--,9:11:11 PM,8/19/2026,
571,35.5,gf,1.665,mm,OK,--,9:11:11 PM,8/19/2026,
572,35.5,gf,1.670,mm,OK,--,9:11:11 PM,8/19/2026,
573,35.4,gf,1.675,mm,OK,--,9:11:11 PM,8/19/2026,
574,35.4,gf,1.675,mm,OK,--,9:11:11 PM,8/19/2026,
575,35.5,gf,1.680,mm,OK,--,9:11:12 PM,8/19/2026,
576,35.5,gf,1.680,mm,OK,--,9:11:12 PM,8/19/2026,
577,35.6,gf,1.685,mm,OK,--,9:11:12 PM,8/19/2026,
578,35.6,gf,1.690,mm,OK,--,9:11:12 PM,8/19/2026,
579,35.6,gf,1.690,mm,OK,--,9:11:12 PM,8/19/2026,
580,35.6,gf,1.695,mm,OK,--,9:11:12 PM,8/19/2026,
581,35.6,gf,1.695,mm,OK,--,9:11:12 PM,8/19/2026,
582,35.7,gf,1.700,mm,OK,--,9:11:12 PM,8/19/2026,
583,35.6,gf,1.710,mm,OK,--,9:11:12 PM,8/19/2026,
584,35.6,gf,1.715,mm,OK,--,9:11:12 PM,8/19/2026,
585,35.6,gf,1.715,mm,OK,--,9:11:13 PM,8/19/2026,
586,35.6,gf,1.720,mm,OK,--,9:11:13 PM,8/19/2026,
587,35.6,gf,1.725,mm,OK,--,9:11:13 PM,8/19/2026,
588,35.8,gf,1.725,mm,OK,--,9:11:13 PM,8/19/2026,
589,35.7,gf,1.730,mm,OK,--,9:11:13 PM,8/19/2026,
590,35.7,gf,1.735,mm,OK,--,9:11:13 PM,8/19/2026,
591,35.7,gf,1.735,mm,OK,--,9:11:13 PM,8/19/2026,
592,35.7,gf,1.735,mm,OK,--,9:11:13 PM,8/19/2026,
593,35.8,gf,1.740,mm,OK,--,9:11:13 PM,8/19/2026,
594,35.8,gf,1.745,mm,OK,--,9:11:13 PM,8/19/2026,
595,35.8,gf,1.745,mm,OK,--,9:11:14 PM,8/19/2026,
596,35.7,gf,1.750,mm,OK,--,9:11:14 PM,8/19/2026,
597,35.7,gf,1.750,mm,OK,--,9:11:14 PM,8/19/2026,
598,35.8,gf,1.755,mm,OK,--,9:11:14 PM,8/19/2026,
599,35.9,gf,1.755,mm,OK,--,9:11:14 PM,8/19/2026,
600,35.9,gf,1.760,mm,OK,--,9:11:14 PM,8/19/2026,
601,35.9,gf,1.765,mm,OK,--,9:11:14 PM,8/19/2026,
602,35.8,gf,1.770,mm,OK,--,9:11:14 PM,8/19/2026,
603,35.8,gf,1.770,mm,OK,--,9:11:14 PM,8/19/2026,
604,35.9,gf,1.775,mm,OK,--,9:11:14 PM,8/19/2026,
605,35.9,gf,1.780,mm,OK,--,9:11:15 PM,8/19/2026,
606,35.8,gf,1.780,mm,OK,--,9:11:15 PM,8/19/2026,
607,35.9,gf,1.785,mm,OK,--,9:11:15 PM,8/19/2026,
608,35.9,gf,1.790,mm,OK,--,9:11:15 PM,8/19/2026,
609,36.0,gf,1.790,mm,OK,--,9:11:15 PM,8/19/2026,
610,35.9,gf,1.795,mm,OK,--,9:11:15 PM,8/19/2026,
611,35.9,gf,1.800,mm,OK,--,9:11:15 PM,8/19/2026,
612,35.9,gf,1.800,mm,OK,--,9:11:15 PM,8/19/2026,
613,35.9,gf,1.805,mm,OK,--,9:11:15 PM,8/19/2026,
614,35.9,gf,1.810,mm,OK,--,9:11:15 PM,8/19/2026,
615,35.9,gf,1.815,mm,OK,--,9:11:16 PM,8/19/2026,
616,35.9,gf,1.815,mm,OK,--,9:11:16 PM,8/19/2026,
617,35.9,gf,1.820,mm,OK,--,9:11:16 PM,8/19/2026,
618,35.9,gf,1.820,mm,OK,--,9:11:16 PM,8/19/2026,
619,35.9,gf,1.825,mm,OK,--,9:11:16 PM,8/19/2026,
620,35.9,gf,1.825,mm,OK,--,9:11:16 PM,8/19/2026,
621,35.9,gf,1.830,mm,OK,--,9:11:16 PM,8/19/2026,
622,35.9,gf,1.830,mm,OK,--,9:11:16 PM,8/19/2026,
623,35.9,gf,1.830,mm,OK,--,9:11:16 PM,8/19/2026,
624,35.9,gf,1.830,mm,OK,--,9:11:16 PM,8/19/2026,
625,35.9,gf,1.835,mm,OK,--,9:11:17 PM,8/19/2026,
626,35.9,gf,1.835,mm,OK,--,9:11:17 PM,8/19/2026,
627,35.7,gf,1.835,mm,OK,--,9:11:17 PM,8/19/2026,
628,35.8,gf,1.835,mm,OK,--,9:11:17 PM,8/19/2026,
629,35.9,gf,1.835,mm,OK,--,9:11:17 PM,8/19/2026,
630,36.0,gf,1.840,mm,OK,--,9:11:17 PM,8/19/2026,
631,35.9,gf,1.840,mm,OK,--,9:11:17 PM,8/19/2026,
632,35.9,gf,1.840,mm,OK,--,9:11:17 PM,8/19/2026,
633,35.9,gf,1.840,mm,OK,--,9:11:17 PM,8/19/2026,
634,35.9,gf,1.840,mm,OK,--,9:11:17 PM,8/19/2026,
635,36.0,gf,1.840,mm,OK,--,9:11:18 PM,8/19/2026,
636,36.0,gf,1.845,mm,OK,--,9:11:18 PM,8/19/2026,
637,36.0,gf,1.845,mm,OK,--,9:11:18 PM,8/19/2026,
638,36.0,gf,1.845,mm,OK,--,9:11:18 PM,8/19/2026,
639,36.1,gf,1.850,mm,OK,--,9:11:18 PM,8/19/2026,
640,36.1,gf,1.850,mm,OK,--,9:11:18 PM,8/19/2026,
641,36.1,gf,1.850,mm,OK,--,9:11:18 PM,8/19/2026,
642,36.0,gf,1.855,mm,OK,--,9:11:18 PM,8/19/2026,
643,36.0,gf,1.855,mm,OK,--,9:11:18 PM,8/19/2026,
644,36.0,gf,1.855,mm,OK,--,9:11:18 PM,8/19/2026,
645,36.0,gf,1.855,mm,OK,--,9:11:19 PM,8/19/2026,
646,36.1,gf,1.860,mm,OK,--,9:11:19 PM,8/19/2026,
647,36.2,gf,1.860,mm,OK,--,9:11:19 PM,8/19/2026,
648,36.2,gf,1.865,mm,OK,--,9:11:19 PM,8/19/2026,
649,36.3,gf,1.870,mm,OK,--,9:11:19 PM,8/19/2026,
650,36.2,gf,1.875,mm,OK,--,9:11:19 PM,8/19/2026,
651,36.2,gf,1.875,mm,OK,--,9:11:19 PM,8/19/2026,
652,36.2,gf,1.880,mm,OK,--,9:11:19 PM,8/19/2026,
653,36.3,gf,1.885,mm,OK,--,9:11:19 PM,8/19/2026,
654,36.4,gf,1.890,mm,OK,--,9:11:19 PM,8/19/2026,
655,36.5,gf,1.895,mm,OK,--,9:11:20 PM,8/19/2026,
656,36.5,gf,1.900,mm,OK,--,9:11:20 PM,8/19/2026,
657,36.5,gf,1.905,mm,OK,--,9:11:20 PM,8/19/2026,
658,36.4,gf,1.910,mm,OK,--,9:11:20 PM,8/19/2026,
659,36.4,gf,1.910,mm,OK,--,9:11:20 PM,8/19/2026,
660,36.6,gf,1.915,mm,OK,--,9:11:20 PM,8/19/2026,
661,36.6,gf,1.920,mm,OK,--,9:11:20 PM,8/19/2026,
662,36.5,gf,1.920,mm,OK,--,9:11:20 PM,8/19/2026,
663,36.6,gf,1.925,mm,OK,--,9:11:20 PM,8/19/2026,
664,36.6,gf,1.925,mm,OK,--,9:11:20 PM,8/19/2026,
665,36.6,gf,1.930,mm,OK,--,9:11:21 PM,8/19/2026,
666,36.6,gf,1.930,mm,OK,--,9:11:21 PM,8/19/2026,
667,36.6,gf,1.935,mm,OK,--,9:11:21 PM,8/19/2026,
668,36.7,gf,1.940,mm,OK,--,9:11:21 PM,8/19/2026,
669,36.7,gf,1.945,mm,OK,--,9:11:21 PM,8/19/2026,
670,36.7,gf,1.950,mm,OK,--,9:11:21 PM,8/19/2026,
671,36.7,gf,1.955,mm,OK,--,9:11:21 PM,8/19/2026,
672,36.7,gf,1.960,mm,OK,--,9:11:21 PM,8/19/2026,
673,36.7,gf,1.965,mm,OK,--,9:11:21 PM,8/19/2026,
674,36.8,gf,1.970,mm,OK,--,9:11:21 PM,8/19/2026,
675,36.8,gf,1.980,mm,OK,--,9:11:22 PM,8/19/2026,
676,36.8,gf,1.990,mm,OK,--,9:11:22 PM,8/19/2026,
677,36.9,gf,1.995,mm,OK,--,9:11:22 PM,8/19/2026,
678,36.9,gf,2.005,mm,OK,--,9:11:22 PM,8/19/2026,
679,36.8,gf,2.010,mm,OK,--,9:11:22 PM,8/19/2026,
680,36.8,gf,2.020,mm,OK,--,9:11:22 PM,8/19/2026,
681,36.7,gf,2.025,mm,OK,--,9:11:22 PM,8/19/2026,
682,36.7,gf,2.030,mm,OK,--,9:11:22 PM,8/19/2026,
683,36.8,gf,2.035,mm,OK,--,9:11:22 PM,8/19/2026,
684,36.8,gf,2.040,mm,OK,--,9:11:22 PM,8/19/2026,
685,36.8,gf,2.045,mm,OK,--,9:11:23 PM,8/19/2026,
686,36.9,gf,2.050,mm,OK,--,9:11:23 PM,8/19/2026,
687,36.9,gf,2.055,mm,OK,--,9:11:23 PM,8/19/2026,
688,37.0,gf,2.060,mm,OK,--,9:11:23 PM,8/19/2026,
689,36.9,gf,2.065,mm,OK,--,9:11:23 PM,8/19/2026,
690,36.9,gf,2.070,mm,OK,--,9:11:23 PM,8/19/2026,
691,36.9,gf,2.075,mm,OK,--,9:11:23 PM,8/19/2026,
692,36.9,gf,2.075,mm,OK,--,9:11:23 PM,8/19/2026,
693,36.9,gf,2.080,mm,OK,--,9:11:23 PM,8/19/2026,
694,36.9,gf,2.080,mm,OK,--,9:11:23 PM,8/19/2026,
695,36.9,gf,2.085,mm,OK,--,9:11:24 PM,8/19/2026,
696,36.9,gf,2.090,mm,OK,--,9:11:24 PM,8/19/2026,
697,36.9,gf,2.090,mm,OK,--,9:11:24 PM,8/19/2026,
698,37.0,gf,2.095,mm,OK,--,9:11:24 PM,8/19/2026,
699,37.0,gf,2.095,mm,OK,--,9:11:24 PM,8/19/2026,
700,37.0,gf,2.100,mm,OK,--,9:11:24 PM,8/19/2026,
701,37.0,gf,2.100,mm,OK,--,9:11:24 PM,8/19/2026,
702,37.0,gf,2.105,mm,OK,--,9:11:24 PM,8/19/2026,
703,37.1,gf,2.110,mm,OK,--,9:11:24 PM,8/19/2026,
704,37.0,gf,2.115,mm,OK,--,9:11:24 PM,8/19/2026,
705,37.0,gf,2.120,mm,OK,--,9:11:25 PM,8/19/2026,
706,37.0,gf,2.120,mm,OK,--,9:11:25 PM,8/19/2026,
707,37.0,gf,2.125,mm,OK,--,9:11:25 PM,8/19/2026,
708,37.1,gf,2.130,mm,OK,--,9:11:25 PM,8/19/2026,
709,37.1,gf,2.130,mm,OK,--,9:11:25 PM,8/19/2026,
710,37.1,gf,2.135,mm,OK,--,9:11:25 PM,8/19/2026,
711,37.1,gf,2.140,mm,OK,--,9:11:25 PM,8/19/2026,
712,37.1,gf,2.140,mm,OK,--,9:11:25 PM,8/19/2026,
713,37.1,gf,2.145,mm,OK,--,9:11:25 PM,8/19/2026,
714,37.1,gf,2.150,mm,OK,--,9:11:25 PM,8/19/2026,
715,37.1,gf,2.150,mm,OK,--,9:11:26 PM,8/19/2026,
716,37.1,gf,2.155,mm,OK,--,9:11:26 PM,8/19/2026,
717,37.1,gf,2.160,mm,OK,--,9:11:26 PM,8/19/2026,
718,37.1,gf,2.165,mm,OK,--,9:11:26 PM,8/19/2026,
719,37.2,gf,2.170,mm,OK,--,9:11:26 PM,8/19/2026,
720,37.2,gf,2.175,mm,OK,--,9:11:26 PM,8/19/2026,
721,37.3,gf,2.180,mm,OK,--,9:11:26 PM,8/19/2026,
722,37.3,gf,2.185,mm,OK,--,9:11:26 PM,8/19/2026,
723,37.3,gf,2.190,mm,OK,--,9:11:26 PM,8/19/2026,
724,37.3,gf,2.195,mm,OK,--,9:11:26 PM,8/19/2026,
725,37.4,gf,2.200,mm,OK,--,9:11:27 PM,8/19/2026,
726,37.5,gf,2.205,mm,OK,--,9:11:27 PM,8/19/2026,
727,37.5,gf,2.215,mm,OK,--,9:11:27 PM,8/19/2026,
728,37.5,gf,2.220,mm,OK,--,9:11:27 PM,8/19/2026,
729,37.5,gf,2.230,mm,OK,--,9:11:27 PM,8/19/2026,
730,37.5,gf,2.235,mm,OK,--,9:11:27 PM,8/19/2026,
731,37.6,gf,2.240,mm,OK,--,9:11:27 PM,8/19/2026,
732,37.6,gf,2.245,mm,OK,--,9:11:27 PM,8/19/2026,
733,37.6,gf,2.250,mm,OK,--,9:11:27 PM,8/19/2026,
734,37.6,gf,2.250,mm,OK,--,9:11:27 PM,8/19/2026,
735,37.6,gf,2.255,mm,OK,--,9:11:28 PM,8/19/2026,
736,37.6,gf,2.260,mm,OK,--,9:11:28 PM,8/19/2026,
737,37.6,gf,2.260,mm,OK,--,9:11:28 PM,8/19/2026,
738,37.7,gf,2.265,mm,OK,--,9:11:28 PM,8/19/2026,
739,37.6,gf,2.265,mm,OK,--,9:11:28 PM,8/19/2026,
740,37.7,gf,2.270,mm,OK,--,9:11:28 PM,8/19/2026,
741,37.7,gf,2.270,mm,OK,--,9:11:28 PM,8/19/2026,
742,37.7,gf,2.270,mm,OK,--,9:11:28 PM,8/19/2026,
743,37.7,gf,2.275,mm,OK,--,9:11:28 PM,8/19/2026,
744,37.7,gf,2.275,mm,OK,--,9:11:28 PM,8/19/2026,
745,37.7,gf,2.275,mm,OK,--,9:11:29 PM,8/19/2026,
746,37.7,gf,2.280,mm,OK,--,9:11:29 PM,8/19/2026,
747,37.7,gf,2.280,mm,OK,--,9:11:29 PM,8/19/2026,
748,37.8,gf,2.280,mm,OK,--,9:11:29 PM,8/19/2026,
749,37.8,gf,2.280,mm,OK,--,9:11:29 PM,8/19/2026,
750,37.8,gf,2.285,mm,OK,--,9:11:29 PM,8/19/2026,
751,37.8,gf,2.285,mm,OK,--,9:11:29 PM,8/19/2026,
752,37.8,gf,2.290,mm,OK,--,9:11:29 PM,8/19/2026,
753,37.9,gf,2.290,mm,OK,--,9:11:29 PM,8/19/2026,
754,37.8,gf,2.295,mm,OK,--,9:11:29 PM,8/19/2026,
755,37.9,gf,2.295,mm,OK,--,9:11:30 PM,8/19/2026,
756,37.9,gf,2.300,mm,OK,--,9:11:30 PM,8/19/2026,
757,37.9,gf,2.300,mm,OK,--,9:11:30 PM,8/19/2026,
758,37.9,gf,2.305,mm,OK,--,9:11:30 PM,8/19/2026,
759,37.9,gf,2.310,mm,OK,--,9:11:30 PM,8/19/2026,
760,37.9,gf,2.310,mm,OK,--,9:11:30 PM,8/19/2026,
761,37.9,gf,2.315,mm,OK,--,9:11:30 PM,8/19/2026,
762,37.9,gf,2.320,mm,OK,--,9:11:30 PM,8/19/2026,
763,38.0,gf,2.320,mm,OK,--,9:11:30 PM,8/19/2026,
764,37.9,gf,2.325,mm,OK,--,9:11:30 PM,8/19/2026,
765,37.9,gf,2.330,mm,OK,--,9:11:31 PM,8/19/2026,
766,37.9,gf,2.330,mm,OK,--,9:11:31 PM,8/19/2026,
767,38.0,gf,2.335,mm,OK,--,9:11:31 PM,8/19/2026,
768,38.0,gf,2.335,mm,OK,--,9:11:31 PM,8/19/2026,
769,38.0,gf,2.340,mm,OK,--,9:11:31 PM,8/19/2026,
770,38.0,gf,2.340,mm,OK,--,9:11:31 PM,8/19/2026,
771,38.1,gf,2.345,mm,OK,--,9:11:31 PM,8/19/2026,
772,38.1,gf,2.345,mm,OK,--,9:11:31 PM,8/19/2026,
773,38.1,gf,2.350,mm,OK,--,9:11:31 PM,8/19/2026,
774,38.1,gf,2.355,mm,OK,--,9:11:31 PM,8/19/2026,
775,38.1,gf,2.355,mm,OK,--,9:11:32 PM,8/19/2026,
776,38.0,gf,2.360,mm,OK,--,9:11:32 PM,8/19/2026,
777,38.0,gf,2.365,mm,OK,--,9:11:32 PM,8/19/2026,
778,38.1,gf,2.370,mm,OK,--,9:11:32 PM,8/19/2026,
779,38.1,gf,2.370,mm,OK,--,9:11:32 PM,8/19/2026,
780,38.1,gf,2.375,mm,OK,--,9:11:32 PM,8/19/2026,
781,38.1,gf,2.380,mm,OK,--,9:11:32 PM,8/19/2026,
782,38.1,gf,2.380,mm,OK,--,9:11:32 PM,8/19/2026,
783,38.1,gf,2.385,mm,OK,--,9:11:32 PM,8/19/2026,
784,38.2,gf,2.390,mm,OK,--,9:11:32 PM,8/19/2026,
785,38.3,gf,2.395,mm,OK,--,9:11:33 PM,8/19/2026,
786,38.3,gf,2.400,mm,OK,--,9:11:33 PM,8/19/2026,
787,38.1,gf,2.405,mm,OK,--,9:11:33 PM,8/19/2026,
788,38.1,gf,2.415,mm,OK,--,9:11:33 PM,8/19/2026,
789,38.3,gf,2.420,mm,OK,--,9:11:33 PM,8/19/2026,
790,38.3,gf,2.425,mm,OK,--,9:11:33 PM,8/19/2026,
791,38.2,gf,2.435,mm,OK,--,9:11:33 PM,8/19/2026,
792,38.2,gf,2.440,mm,OK,--,9:11:33 PM,8/19/2026,
793,38.2,gf,2.445,mm,OK,--,9:11:33 PM,8/19/2026,
794,38.2,gf,2.450,mm,OK,--,9:11:33 PM,8/19/2026,
795,38.2,gf,2.455,mm,OK,--,9:11:34 PM,8/19/2026,
796,38.2,gf,2.460,mm,OK,--,9:11:34 PM,8/19/2026,
797,38.4,gf,2.465,mm,OK,--,9:11:34 PM,8/19/2026,
798,38.5,gf,2.470,mm,OK,--,9:11:34 PM,8/19/2026,
799,38.5,gf,2.475,mm,OK,--,9:11:34 PM,8/19/2026,
800,38.5,gf,2.480,mm,OK,--,9:11:34 PM,8/19/2026,
801,38.3,gf,2.485,mm,OK,--,9:11:34 PM,8/19/2026,
802,38.3,gf,2.490,mm,OK,--,9:11:34 PM,8/19/2026,
803,38.4,gf,2.495,mm,OK,--,9:11:34 PM,8/19/2026,
804,38.4,gf,2.505,mm,OK,--,9:11:34 PM,8/19/2026,
805,38.5,gf,2.515,mm,OK,--,9:11:35 PM,8/19/2026,
806,38.4,gf,2.520,mm,OK,--,9:11:35 PM,8/19/2026,
807,38.6,gf,2.525,mm,OK,--,9:11:35 PM,8/19/2026,
808,38.6,gf,2.530,mm,OK,--,9:11:35 PM,8/19/2026,
809,38.5,gf,2.535,mm,OK,--,9:11:35 PM,8/19/2026,
810,38.5,gf,2.540,mm,OK,--,9:11:35 PM,8/19/2026,
811,38.5,gf,2.550,mm,OK,--,9:11:35 PM,8/19/2026,
812,38.4,gf,2.555,mm,OK,--,9:11:35 PM,8/19/2026,
813,38.4,gf,2.560,mm,OK,--,9:11:35 PM,8/19/2026,
814,38.4,gf,2.565,mm,OK,--,9:11:35 PM,8/19/2026,
815,38.4,gf,2.570,mm,OK,--,9:11:36 PM,8/19/2026,
816,38.5,gf,2.575,mm,OK,--,9:11:36 PM,8/19/2026,
817,38.5,gf,2.575,mm,OK,--,9:11:36 PM,8/19/2026,
818,38.5,gf,2.580,mm,OK,--,9:11:36 PM,8/19/2026,
819,38.6,gf,2.585,mm,OK,--,9:11:36 PM,8/19/2026,
820,38.6,gf,2.590,mm,OK,--,9:11:36 PM,8/19/2026,
821,38.6,gf,2.595,mm,OK,--,9:11:36 PM,8/19/2026,
822,38.6,gf,2.595,mm,OK,--,9:11:36 PM,8/19/2026,
823,38.6,gf,2.600,mm,OK,--,9:11:36 PM,8/19/2026,
824,38.6,gf,2.605,mm,OK,--,9:11:36 PM,8/19/2026,
825,38.6,gf,2.610,mm,OK,--,9:11:37 PM,8/19/2026,
826,38.6,gf,2.610,mm,OK,--,9:11:37 PM,8/19/2026,
827,38.6,gf,2.615,mm,OK,--,9:11:37 PM,8/19/2026,
828,38.7,gf,2.620,mm,OK,--,9:11:37 PM,8/19/2026,
829,38.7,gf,2.625,mm,OK,--,9:11:37 PM,8/19/2026,
830,38.8,gf,2.625,mm,OK,--,9:11:37 PM,8/19/2026,
831,38.8,gf,2.630,mm,OK,--,9:11:37 PM,8/19/2026,
832,38.8,gf,2.635,mm,OK,--,9:11:37 PM,8/19/2026,
833,38.8,gf,2.635,mm,OK,--,9:11:37 PM,8/19/2026,
834,38.7,gf,2.640,mm,OK,--,9:11:37 PM,8/19/2026,
835,38.7,gf,2.645,mm,OK,--,9:11:38 PM,8/19/2026,
836,38.6,gf,2.650,mm,OK,--,9:11:38 PM,8/19/2026,
837,38.7,gf,2.655,mm,OK,--,9:11:38 PM,8/19/2026,
838,38.7,gf,2.655,mm,OK,--,9:11:38 PM,8/19/2026,
839,38.8,gf,2.660,mm,OK,--,9:11:38 PM,8/19/2026,
840,38.8,gf,2.665,mm,OK,--,9:11:38 PM,8/19/2026,
841,38.8,gf,2.670,mm,OK,--,9:11:38 PM,8/19/2026,
842,38.8,gf,2.675,mm,OK,--,9:11:38 PM,8/19/2026,
843,38.8,gf,2.680,mm,OK,--,9:11:38 PM,8/19/2026,
844,38.8,gf,2.685,mm,OK,--,9:11:38 PM,8/19/2026,
845,38.8,gf,2.685,mm,OK,--,9:11:39 PM,8/19/2026,
846,38.8,gf,2.690,mm,OK,--,9:11:39 PM,8/19/2026,
847,38.8,gf,2.695,mm,OK,--,9:11:39 PM,8/19/2026,
848,38.8,gf,2.700,mm,OK,--,9:11:39 PM,8/19/2026,
849,38.8,gf,2.705,mm,OK,--,9:11:39 PM,8/19/2026,
850,38.8,gf,2.710,mm,OK,--,9:11:39 PM,8/19/2026,
851,38.8,gf,2.710,mm,OK,--,9:11:39 PM,8/19/2026,
852,38.8,gf,2.715,mm,OK,--,9:11:39 PM,8/19/2026,
853,38.9,gf,2.720,mm,OK,--,9:11:39 PM,8/19/2026,
854,38.9,gf,2.720,mm,OK,--,9:11:39 PM,8/19/2026,
855,38.9,gf,2.725,mm,OK,--,9:11:40 PM,8/19/2026,
856,39.0,gf,2.730,mm,OK,--,9:11:40 PM,8/19/2026,
857,39.0,gf,2.730,mm,OK,--,9:11:40 PM,8/19/2026,
858,39.0,gf,2.735,mm,OK,--,9:11:40 PM,8/19/2026,
859,39.0,gf,2.740,mm,OK,--,9:11:40 PM,8/19/2026,
860,39.0,gf,2.740,mm,OK,--,9:11:40 PM,8/19/2026,
861,39.0,gf,2.745,mm,OK,--,9:11:40 PM,8/19/2026,
862,39.0,gf,2.745,mm,OK,--,9:11:40 PM,8/19/2026,
863,39.0,gf,2.750,mm,OK,--,9:11:40 PM,8/19/2026,
864,39.0,gf,2.755,mm,OK,--,9:11:40 PM,8/19/2026,
865,39.0,gf,2.755,mm,OK,--,9:11:41 PM,8/19/2026,
866,39.0,gf,2.760,mm,OK,--,9:11:41 PM,8/19/2026,
867,39.0,gf,2.765,mm,OK,--,9:11:41 PM,8/19/2026,
868,39.0,gf,2.770,mm,OK,--,9:11:41 PM,8/19/2026,
869,39.0,gf,2.775,mm,OK,--,9:11:41 PM,8/19/2026,
870,39.0,gf,2.780,mm,OK,--,9:11:41 PM,8/19/2026,
871,39.0,gf,2.785,mm,OK,--,9:11:41 PM,8/19/2026,
872,39.1,gf,2.790,mm,OK,--,9:11:41 PM,8/19/2026,
873,39.1,gf,2.795,mm,OK,--,9:11:41 PM,8/19/2026,
874,39.1,gf,2.800,mm,OK,--,9:11:41 PM,8/19/2026,
875,39.0,gf,2.805,mm,OK,--,9:11:42 PM,8/19/2026,
876,39.0,gf,2.810,mm,OK,--,9:11:42 PM,8/19/2026,
877,39.1,gf,2.810,mm,OK,--,9:11:42 PM,8/19/2026,
878,39.1,gf,2.815,mm,OK,--,9:11:42 PM,8/19/2026,
879,39.2,gf,2.820,mm,OK,--,9:11:42 PM,8/19/2026,
880,39.2,gf,2.825,mm,OK,--,9:11:42 PM,8/19/2026,
881,39.2,gf,2.830,mm,OK,--,9:11:42 PM,8/19/2026,
882,39.1,gf,2.830,mm,OK,--,9:11:42 PM,8/19/2026,
883,39.2,gf,2.835,mm,OK,--,9:11:42 PM,8/19/2026,
884,39.2,gf,2.840,mm,OK,--,9:11:42 PM,8/19/2026,
885,39.2,gf,2.845,mm,OK,--,9:11:43 PM,8/19/2026,
886,39.2,gf,2.850,mm,OK,--,9:11:43 PM,8/19/2026,
887,39.2,gf,2.855,mm,OK,--,9:11:43 PM,8/19/2026,
888,39.2,gf,2.855,mm,OK,--,9:11:43 PM,8/19/2026,
889,39.2,gf,2.860,mm,OK,--,9:11:43 PM,8/19/2026,
890,39.2,gf,2.865,mm,OK,--,9:11:43 PM,8/19/2026,
891,39.3,gf,2.870,mm,OK,--,9:11:43 PM,8/19/2026,
892,39.3,gf,2.875,mm,OK,--,9:11:43 PM,8/19/2026,
893,39.3,gf,2.875,mm,OK,--,9:11:43 PM,8/19/2026,
894,39.3,gf,2.880,mm,OK,--,9:11:43 PM,8/19/2026,
895,39.3,gf,2.880,mm,OK,--,9:11:44 PM,8/19/2026,
896,39.3,gf,2.885,mm,OK,--,9:11:44 PM,8/19/2026,
897,39.4,gf,2.890,mm,OK,--,9:11:44 PM,8/19/2026,
898,39.4,gf,2.890,mm,OK,--,9:11:44 PM,8/19/2026,
899,39.4,gf,2.895,mm,OK,--,9:11:44 PM,8/19/2026,
900,39.4,gf,2.895,mm,OK,--,9:11:44 PM,8/19/2026,
901,39.4,gf,2.900,mm,OK,--,9:11:44 PM,8/19/2026,
902,39.4,gf,2.900,mm,OK,--,9:11:44 PM,8/19/2026,
903,39.5,gf,2.905,mm,OK,--,9:11:44 PM,8/19/2026,
904,39.5,gf,2.905,mm,OK,--,9:11:44 PM,8/19/2026,
905,39.5,gf,2.910,mm,OK,--,9:11:45 PM,8/19/2026,
906,39.5,gf,2.910,mm,OK,--,9:11:45 PM,8/19/2026,
907,39.5,gf,2.915,mm,OK,--,9:11:45 PM,8/19/2026,
908,39.5,gf,2.915,mm,OK,--,9:11:45 PM,8/19/2026,
909,39.5,gf,2.920,mm,OK,--,9:11:45 PM,8/19/2026,
910,39.5,gf,2.920,mm,OK,--,9:11:45 PM,8/19/2026,
911,39.5,gf,2.925,mm,OK,--,9:11:45 PM,8/19/2026,
912,39.6,gf,2.925,mm,OK,--,9:11:45 PM,8/19/2026,
913,39.7,gf,2.930,mm,OK,--,9:11:45 PM,8/19/2026,
914,39.6,gf,2.930,mm,OK,--,9:11:45 PM,8/19/2026,
915,39.8,gf,2.930,mm,OK,--,9:11:46 PM,8/19/2026,
916,39.8,gf,2.935,mm,OK,--,9:11:46 PM,8/19/2026,
917,39.9,gf,2.935,mm,OK,--,9:11:46 PM,8/19/2026,
918,39.8,gf,2.935,mm,OK,--,9:11:46 PM,8/19/2026,
919,39.8,gf,2.940,mm,OK,--,9:11:46 PM,8/19/2026,
920,39.8,gf,2.940,mm,OK,--,9:11:46 PM,8/19/2026,
921,39.8,gf,2.940,mm,OK,--,9:11:46 PM,8/19/2026,
922,39.9,gf,2.945,mm,OK,--,9:11:46 PM,8/19/2026,
923,39.9,gf,2.945,mm,OK,--,9:11:46 PM,8/19/2026,
924,39.9,gf,2.945,mm,OK,--,9:11:46 PM,8/19/2026,
925,39.9,gf,2.950,mm,OK,--,9:11:47 PM,8/19/2026,
926,39.9,gf,2.950,mm,OK,--,9:11:47 PM,8/19/2026,
927,39.9,gf,2.955,mm,OK,--,9:11:47 PM,8/19/2026,
928,40.0,gf,2.960,mm,OK,--,9:11:47 PM,8/19/2026,
929,40.0,gf,2.965,mm,OK,--,9:11:47 PM,8/19/2026,
930,40.0,gf,2.965,mm,OK,--,9:11:47 PM,8/19/2026,
931,40.0,gf,2.970,mm,OK,--,9:11:47 PM,8/19/2026,
932,40.0,gf,2.970,mm,OK,--,9:11:47 PM,8/19/2026,
933,40.0,gf,2.975,mm,OK,--,9:11:47 PM,8/19/2026,
934,40.0,gf,2.975,mm,OK,--,9:11:47 PM,8/19/2026,
935,40.1,gf,2.980,mm,OK,--,9:11:48 PM,8/19/2026,
936,40.2,gf,2.980,mm,OK,--,9:11:48 PM,8/19/2026,
937,40.2,gf,2.980,mm,OK,--,9:11:48 PM,8/19/2026,
938,40.3,gf,2.985,mm,OK,--,9:11:48 PM,8/19/2026,
939,40.3,gf,2.985,mm,OK,--,9:11:48 PM,8/19/2026,
940,40.4,gf,2.990,mm,OK,--,9:11:48 PM,8/19/2026,
941,40.4,gf,3.000,mm,OK,--,9:11:48 PM,8/19/2026,
942,40.4,gf,3.005,mm,OK,--,9:11:48 PM,8/19/2026,
943,40.5,gf,3.015,mm,OK,--,9:11:48 PM,8/19/2026,
944,40.5,gf,3.020,mm,OK,--,9:11:48 PM,8/19/2026,
945,40.6,gf,3.030,mm,OK,--,9:11:49 PM,8/19/2026,
946,40.6,gf,3.035,mm,OK,--,9:11:49 PM,8/19/2026,
947,40.7,gf,3.045,mm,OK,--,9:11:49 PM,8/19/2026,
948,40.8,gf,3.055,mm,OK,--,9:11:49 PM,8/19/2026,
949,40.8,gf,3.065,mm,OK,--,9:11:49 PM,8/19/2026,
950,40.8,gf,3.075,mm,OK,--,9:11:49 PM,8/19/2026,
951,40.7,gf,3.080,mm,OK,--,9:11:49 PM,8/19/2026,
952,40.7,gf,3.090,mm,OK,--,9:11:49 PM,8/19/2026,
953,40.7,gf,3.095,mm,OK,--,9:11:49 PM,8/19/2026,
954,40.7,gf,3.105,mm,OK,--,9:11:49 PM,8/19/2026,
955,40.8,gf,3.110,mm,OK,--,9:11:50 PM,8/19/2026,
956,40.9,gf,3.115,mm,OK,--,9:11:50 PM,8/19/2026,
957,41.0,gf,3.125,mm,OK,--,9:11:50 PM,8/19/2026,
958,41.0,gf,3.135,mm,OK,--,9:11:50 PM,8/19/2026,
959,41.0,gf,3.140,mm,OK,--,9:11:50 PM,8/19/2026,
960,41.1,gf,3.145,mm,OK,--,9:11:50 PM,8/19/2026,
961,41.1,gf,3.150,mm,OK,--,9:11:50 PM,8/19/2026,
962,41.1,gf,3.155,mm,OK,--,9:11:50 PM,8/19/2026,
963,41.1,gf,3.160,mm,OK,--,9:11:50 PM,8/19/2026,
964,41.1,gf,3.165,mm,OK,--,9:11:50 PM,8/19/2026,
965,41.1,gf,3.165,mm,OK,--,9:11:51 PM,8/19/2026,
966,41.1,gf,3.170,mm,OK,--,9:11:51 PM,8/19/2026,
967,41.1,gf,3.175,mm,OK,--,9:11:51 PM,8/19/2026,
968,41.1,gf,3.180,mm,OK,--,9:11:51 PM,8/19/2026,
969,41.2,gf,3.185,mm,OK,--,9:11:51 PM,8/19/2026,
970,41.2,gf,3.190,mm,OK,--,9:11:51 PM,8/19/2026,
971,41.2,gf,3.195,mm,OK,--,9:11:51 PM,8/19/2026,
972,41.2,gf,3.200,mm,OK,--,9:11:51 PM,8/19/2026,
973,41.2,gf,3.205,mm,OK,--,9:11:51 PM,8/19/2026,
974,41.2,gf,3.210,mm,OK,--,9:11:51 PM,8/19/2026,
975,41.3,gf,3.220,mm,OK,--,9:11:52 PM,8/19/2026,
976,41.3,gf,3.225,mm,OK,--,9:11:52 PM,8/19/2026,
977,41.3,gf,3.230,mm,OK,--,9:11:52 PM,8/19/2026,
978,41.3,gf,3.235,mm,OK,--,9:11:52 PM,8/19/2026,
979,41.3,gf,3.235,mm,OK,--,9:11:52 PM,8/19/2026,
980,41.3,gf,3.240,mm,OK,--,9:11:52 PM,8/19/2026,
981,41.4,gf,3.245,mm,OK,--,9:11:52 PM,8/19/2026,
982,41.4,gf,3.245,mm,OK,--,9:11:52 PM,8/19/2026,
983,41.4,gf,3.250,mm,OK,--,9:11:52 PM,8/19/2026,
984,41.4,gf,3.250,mm,OK,--,9:11:52 PM,8/19/2026,
985,41.4,gf,3.250,mm,OK,--,9:11:53 PM,8/19/2026,
986,41.5,gf,3.255,mm,OK,--,9:11:53 PM,8/19/2026,
987,41.5,gf,3.255,mm,OK,--,9:11:53 PM,8/19/2026,
988,41.5,gf,3.255,mm,OK,--,9:11:53 PM,8/19/2026,
989,41.5,gf,3.260,mm,OK,--,9:11:53 PM,8/19/2026,
990,41.5,gf,3.260,mm,OK,--,9:11:53 PM,8/19/2026,
991,41.5,gf,3.260,mm,OK,--,9:11:53 PM,8/19/2026,
992,41.5,gf,3.265,mm,OK,--,9:11:53 PM,8/19/2026,
993,41.5,gf,3.270,mm,OK,--,9:11:53 PM,8/19/2026,
994,41.5,gf,3.270,mm,OK,--,9:11:53 PM,8/19/2026,
995,41.5,gf,3.275,mm,OK,--,9:11:54 PM,8/19/2026,
996,41.5,gf,3.280,mm,OK,--,9:11:54 PM,8/19/2026,
997,41.5,gf,3.285,mm,OK,--,9:11:54 PM,8/19/2026,
998,41.5,gf,3.295,mm,OK,--,9:11:54 PM,8/19/2026,
999,41.5,gf,3.305,mm,OK,--,9:11:54 PM,8/19/2026,
1000,41.5,gf,3.315,mm,OK,--,9:11:54 PM,8/19/2026,
1001,41.6,gf,3.320,mm,OK,--,9:11:54 PM,8/19/2026,
1002,41.7,gf,3.330,mm,OK,--,9:11:54 PM,8/19/2026,
1003,41.8,gf,3.340,mm,OK,--,9:11:54 PM,8/19/2026,
1004,41.7,gf,3.350,mm,OK,--,9:11:54 PM,8/19/2026,
1005,41.7,gf,3.360,mm,OK,--,9:11:55 PM,8/19/2026,
1006,41.7,gf,3.365,mm,OK,--,9:11:55 PM,8/19/2026,
1007,41.8,gf,3.370,mm,OK,--,9:11:55 PM,8/19/2026,
1008,41.8,gf,3.375,mm,OK,--,9:11:55 PM,8/19/2026,
1009,41.8,gf,3.380,mm,OK,--,9:11:55 PM,8/19/2026,
1010,41.8,gf,3.385,mm,OK,--,9:11:55 PM,8/19/2026,
1011,41.8,gf,3.385,mm,OK,--,9:11:55 PM,8/19/2026,
1012,41.8,gf,3.390,mm,OK,--,9:11:55 PM,8/19/2026,
1013,41.8,gf,3.395,mm,OK,--,9:11:55 PM,8/19/2026,
1014,41.8,gf,3.395,mm,OK,--,9:11:55 PM,8/19/2026,
1015,41.9,gf,3.400,mm,OK,--,9:11:56 PM,8/19/2026,
1016,41.9,gf,3.405,mm,OK,--,9:11:56 PM,8/19/2026,
1017,41.9,gf,3.410,mm,OK,--,9:11:56 PM,8/19/2026,
1018,41.9,gf,3.410,mm,OK,--,9:11:56 PM,8/19/2026,
1019,42.0,gf,3.415,mm,OK,--,9:11:56 PM,8/19/2026,
1020,42.0,gf,3.420,mm,OK,--,9:11:56 PM,8/19/2026,
1021,42.0,gf,3.425,mm,OK,--,9:11:56 PM,8/19/2026,
1022,42.0,gf,3.425,mm,OK,--,9:11:56 PM,8/19/2026,
1023,42.0,gf,3.430,mm,OK,--,9:11:56 PM,8/19/2026,
1024,42.1,gf,3.430,mm,OK,--,9:11:56 PM,8/19/2026,
1025,42.0,gf,3.435,mm,OK,--,9:11:57 PM,8/19/2026,
1026,42.0,gf,3.435,mm,OK,--,9:11:57 PM,8/19/2026,
1027,42.1,gf,3.440,mm,OK,--,9:11:57 PM,8/19/2026,
1028,42.1,gf,3.440,mm,OK,--,9:11:57 PM,8/19/2026,
1029,42.1,gf,3.445,mm,OK,--,9:11:57 PM,8/19/2026,
1030,42.1,gf,3.445,mm,OK,--,9:11:57 PM,8/19/2026,
1031,42.1,gf,3.450,mm,OK,--,9:11:57 PM,8/19/2026,
1032,42.1,gf,3.455,mm,OK,--,9:11:57 PM,8/19/2026,
1033,42.2,gf,3.455,mm,OK,--,9:11:57 PM,8/19/2026,
1034,42.2,gf,3.460,mm,OK,--,9:11:57 PM,8/19/2026,
1035,42.2,gf,3.460,mm,OK,--,9:11:58 PM,8/19/2026,
1036,42.2,gf,3.465,mm,OK,--,9:11:58 PM,8/19/2026,
1037,42.2,gf,3.470,mm,OK,--,9:11:58 PM,8/19/2026,
1038,42.2,gf,3.475,mm,OK,--,9:11:58 PM,8/19/2026,
1039,42.3,gf,3.475,mm,OK,--,9:11:58 PM,8/19/2026,
1040,42.3,gf,3.480,mm,OK,--,9:11:58 PM,8/19/2026,
1041,42.3,gf,3.480,mm,OK,--,9:11:58 PM,8/19/2026,
1042,42.3,gf,3.485,mm,OK,--,9:11:58 PM,8/19/2026,
1043,42.3,gf,3.490,mm,OK,--,9:11:58 PM,8/19/2026,
1044,42.3,gf,3.490,mm,OK,--,9:11:58 PM,8/19/2026,
1045,42.3,gf,3.495,mm,OK,--,9:11:59 PM,8/19/2026,
1046,42.3,gf,3.500,mm,OK,--,9:11:59 PM,8/19/2026,
1047,42.3,gf,3.505,mm,OK,--,9:11:59 PM,8/19/2026,
1048,42.3,gf,3.505,mm,OK,--,9:11:59 PM,8/19/2026,
1049,42.3,gf,3.510,mm,OK,--,9:11:59 PM,8/19/2026,
1050,42.3,gf,3.515,mm,OK,--,9:11:59 PM,8/19/2026,
1051,42.3,gf,3.520,mm,OK,--,9:11:59 PM,8/19/2026,
1052,42.4,gf,3.530,mm,OK,--,9:11:59 PM,8/19/2026,
1053,44.2,gf,3.530,mm,OK,--,9:11:59 PM,8/19/2026,
1054,48.0,gf,3.535,mm,OK,--,9:11:59 PM,8/19/2026,
1055,52.2,gf,3.540,mm,OK,--,9:12:00 PM,8/19/2026,
1056,56.9,gf,3.545,mm,OK,--,9:12:00 PM,8/19/2026,
1057,61.7,gf,3.550,mm,OK,--,9:12:00 PM,8/19/2026,
1058,66.2,gf,3.555,mm,OK,--,9:12:00 PM,8/19/2026,
1059,70.8,gf,3.560,mm,OK,--,9:12:00 PM,8/19/2026,
1060,75.6,gf,3.565,mm,OK,--,9:12:00 PM,8/19/2026,
1061,80.4,gf,3.570,mm,OK,--,9:12:00 PM,8/19/2026,
1062,85.1,gf,3.575,mm,OK,--,9:12:00 PM,8/19/2026,
1063,89.9,gf,3.580,mm,OK,--,9:12:00 PM,8/19/2026,
1064,94.8,gf,3.585,mm,OK,--,9:12:00 PM,8/19/2026,
1065,100.2,gf,3.590,mm,OK,--,9:12:01 PM,8/19/2026,
1066,105.5,gf,3.595,mm,OK,--,9:12:01 PM,8/19/2026,
1067,110.0,gf,3.600,mm,OK,--,9:12:01 PM,8/19/2026,
1068,113.5,gf,3.605,mm,OK,--,9:12:01 PM,8/19/2026,
1069,116.0,gf,3.605,mm,OK,--,9:12:01 PM,8/19/2026,
1070,117.9,gf,3.610,mm,OK,--,9:12:01 PM,8/19/2026,
1071,120.0,gf,3.610,mm,OK,--,9:12:01 PM,8/19/2026,
1072,122.2,gf,3.615,mm,OK,--,9:12:01 PM,8/19/2026,
1073,124.6,gf,3.615,mm,OK,--,9:12:01 PM,8/19/2026,
1074,127.0,gf,3.620,mm,OK,--,9:12:01 PM,8/19/2026,
1075,128.9,gf,3.620,mm,OK,--,9:12:02 PM,8/19/2026,
1076,130.7,gf,3.620,mm,OK,--,9:12:02 PM,8/19/2026,
1077,132.6,gf,3.625,mm,OK,--,9:12:02 PM,8/19/2026,
1078,134.7,gf,3.625,mm,OK,--,9:12:02 PM,8/19/2026,
1079,136.5,gf,3.630,mm,OK,--,9:12:02 PM,8/19/2026,
1080,138.3,gf,3.630,mm,OK,--,9:12:02 PM,8/19/2026,
1081,140.1,gf,3.630,mm,OK,--,9:12:02 PM,8/19/2026,
1082,142.1,gf,3.635,mm,OK,--,9:12:02 PM,8/19/2026,
1083,144.2,gf,3.635,mm,OK,--,9:12:02 PM,8/19/2026,
1084,146.4,gf,3.640,mm,OK,--,9:12:02 PM,8/19/2026,
1085,149.0,gf,3.640,mm,OK,--,9:12:03 PM,8/19/2026,
1086,152.6,gf,3.645,mm,OK,--,9:12:03 PM,8/19/2026,
1087,156.6,gf,3.650,mm,OK,--,9:12:03 PM,8/19/2026,
1088,160.1,gf,3.650,mm,OK,--,9:12:03 PM,8/19/2026,
1089,163.6,gf,3.655,mm,OK,--,9:12:03 PM,8/19/2026,
1090,167.4,gf,3.660,mm,OK,--,9:12:03 PM,8/19/2026,
1091,170.9,gf,3.665,mm,OK,--,9:12:03 PM,8/19/2026,
1092,174.3,gf,3.665,mm,OK,--,9:12:03 PM,8/19/2026,
1093,177.2,gf,3.670,mm,OK,--,9:12:03 PM,8/19/2026,
1094,179.6,gf,3.670,mm,OK,--,9:12:03 PM,8/19/2026,
1095,181.8,gf,3.675,mm,OK,--,9:12:04 PM,8/19/2026,
1096,184.3,gf,3.675,mm,OK,--,9:12:04 PM,8/19/2026,
1097,187.5,gf,3.680,mm,OK,--,9:12:04 PM,8/19/2026,
1098,190.5,gf,3.680,mm,OK,--,9:12:04 PM,8/19/2026,
1099,193.1,gf,3.685,mm,OK,--,9:12:04 PM,8/19/2026,
1100,195.4,gf,3.685,mm,OK,--,9:12:04 PM,8/19/2026,
1101,197.6,gf,3.690,mm,OK,--,9:12:04 PM,8/19/2026,
1102,198.9,gf,3.690,mm,OK,--,9:12:04 PM,8/19/2026,
1103,199.2,gf,3.690,mm,OK,--,9:12:04 PM,8/19/2026,
1104,199.1,gf,3.690,mm,OK,--,9:12:04 PM,8/19/2026,
1105,199.1,gf,3.690,mm,OK,--,9:12:05 PM,8/19/2026,
1106,199.0,gf,3.690,mm,OK,--,9:12:05 PM,8/19/2026,
1107,198.9,gf,3.690,mm,OK,--,9:12:05 PM,8/19/2026,
1108,198.8,gf,3.690,mm,OK,--,9:12:05 PM,8/19/2026,
1109,198.6,gf,3.690,mm,OK,--,9:12:05 PM,8/19/2026,
1110,198.6,gf,3.690,mm,OK,--,9:12:05 PM,8/19/2026,
1111,198.6,gf,3.690,mm,OK,--,9:12:05 PM,8/19/2026,
1112,198.5,gf,3.690,mm,OK,--,9:12:05 PM,8/19/2026,
1113,198.5,gf,3.690,mm,OK,--,9:12:05 PM,8/19/2026,
1114,198.4,gf,3.690,mm,OK,--,9:12:05 PM,8/19/2026,
1115,198.4,gf,3.690,mm,OK,--,9:12:06 PM,8/19/2026,
1116,198.4,gf,3.690,mm,OK,--,9:12:06 PM,8/19/2026,
1117,198.4,gf,3.690,mm,OK,--,9:12:06 PM,8/19/2026,
1118,198.4,gf,3.690,mm,OK,--,9:12:06 PM,8/19/2026,
1119,198.4,gf,3.690,mm,OK,--,9:12:06 PM,8/19/2026,
1120,198.3,gf,3.690,mm,OK,--,9:12:06 PM,8/19/2026,
1121,198.3,gf,3.690,mm,OK,--,9:12:06 PM,8/19/2026,
1122,198.3,gf,3.690,mm,OK,--,9:12:06 PM,8/19/2026,
1123,198.3,gf,3.690,mm,OK,--,9:12:06 PM,8/19/2026,
1124,198.3,gf,3.690,mm,OK,--,9:12:06 PM,8/19/2026,
1125,198.3,gf,3.690,mm,OK,--,9:12:07 PM,8/19/2026,
1126,198.3,gf,3.690,mm,OK,--,9:12:07 PM,8/19/2026,
1127,198.2,gf,3.690,mm,OK,--,9:12:07 PM,8/19/2026,
1128,198.3,gf,3.690,mm,OK,--,9:12:07 PM,8/19/2026,
1129,197.9,gf,3.690,mm,OK,--,9:12:07 PM,8/19/2026,
1130,197.8,gf,3.690,mm,OK,--,9:12:07 PM,8/19/2026,
1131,197.6,gf,3.690,mm,OK,--,9:12:07 PM,8/19/2026,
1132,197.5,gf,3.690,mm,OK,--,9:12:07 PM,8/19/2026,
1133,197.0,gf,3.690,mm,OK,--,9:12:07 PM,8/19/2026,
1134,196.1,gf,3.690,mm,OK,--,9:12:07 PM,8/19/2026,
1135,195.3,gf,3.690,mm,OK,--,9:12:08 PM,8/19/2026,
1136,195.0,gf,3.690,mm,OK,--,9:12:08 PM,8/19/2026,
1137,194.8,gf,3.690,mm,OK,--,9:12:08 PM,8/19/2026,
1138,193.9,gf,3.690,mm,OK,--,9:12:08 PM,8/19/2026,
1139,192.6,gf,3.685,mm,OK,--,9:12:08 PM,8/19/2026,
1140,191.7,gf,3.685,mm,OK,--,9:12:08 PM,8/19/2026,
1141,191.4,gf,3.685,mm,OK,--,9:12:08 PM,8/19/2026,
1142,190.5,gf,3.685,mm,OK,--,9:12:08 PM,8/19/2026,
1143,189.0,gf,3.685,mm,OK,--,9:12:08 PM,8/19/2026,
1144,187.9,gf,3.680,mm,OK,--,9:12:08 PM,8/19/2026,
1145,187.1,gf,3.680,mm,OK,--,9:12:09 PM,8/19/2026,
1146,186.5,gf,3.680,mm,OK,--,9:12:09 PM,8/19/2026,
1147,186.0,gf,3.680,mm,OK,--,9:12:09 PM,8/19/2026,
1148,185.5,gf,3.680,mm,OK,--,9:12:09 PM,8/19/2026,
1149,184.6,gf,3.680,mm,OK,--,9:12:09 PM,8/19/2026,
1150,183.6,gf,3.680,mm,OK,--,9:12:09 PM,8/19/2026,
1151,182.6,gf,3.675,mm,OK,--,9:12:09 PM,8/19/2026,
1152,181.8,gf,3.675,mm,OK,--,9:12:09 PM,8/19/2026,
1153,180.9,gf,3.675,mm,OK,--,9:12:09 PM,8/19/2026,
1154,179.8,gf,3.675,mm,OK,--,9:12:09 PM,8/19/2026,
1155,178.6,gf,3.675,mm,OK,--,9:12:10 PM,8/19/2026,
1156,177.8,gf,3.675,mm,OK,--,9:12:10 PM,8/19/2026,
1157,177.1,gf,3.670,mm,OK,--,9:12:10 PM,8/19/2026,
1158,176.5,gf,3.670,mm,OK,--,9:12:10 PM,8/19/2026,
1159,175.8,gf,3.670,mm,OK,--,9:12:10 PM,8/19/2026,
1160,175.3,gf,3.670,mm,OK,--,9:12:10 PM,8/19/2026,
1161,174.6,gf,3.670,mm,OK,--,9:12:10 PM,8/19/2026,
1162,173.8,gf,3.670,mm,OK,--,9:12:10 PM,8/19/2026,
1163,172.9,gf,3.670,mm,OK,--,9:12:10 PM,8/19/2026,
1164,172.0,gf,3.665,mm,OK,--,9:12:10 PM,8/19/2026,
1165,171.2,gf,3.665,mm,OK,--,9:12:11 PM,8/19/2026,
1166,170.5,gf,3.665,mm,OK,--,9:12:11 PM,8/19/2026,
1167,169.9,gf,3.665,mm,OK,--,9:12:11 PM,8/19/2026,
1168,169.2,gf,3.665,mm,OK,--,9:12:11 PM,8/19/2026,
1169,168.8,gf,3.665,mm,OK,--,9:12:11 PM,8/19/2026,
1170,168.5,gf,3.665,mm,OK,--,9:12:11 PM,8/19/2026,
1171,168.2,gf,3.665,mm,OK,--,9:12:11 PM,8/19/2026,
1172,168.1,gf,3.665,mm,OK,--,9:12:11 PM,8/19/2026,
1173,167.8,gf,3.665,mm,OK,--,9:12:11 PM,8/19/2026,
1174,167.3,gf,3.665,mm,OK,--,9:12:11 PM,8/19/2026,
1175,166.9,gf,3.665,mm,OK,--,9:12:12 PM,8/19/2026,
1176,166.4,gf,3.660,mm,OK,--,9:12:12 PM,8/19/2026,
1177,166.0,gf,3.660,mm,OK,--,9:12:12 PM,8/19/2026,
1178,165.5,gf,3.660,mm,OK,--,9:12:12 PM,8/19/2026,
1179,165.0,gf,3.660,mm,OK,--,9:12:12 PM,8/19/2026,
1180,164.4,gf,3.660,mm,OK,--,9:12:12 PM,8/19/2026,
1181,163.8,gf,3.660,mm,OK,--,9:12:12 PM,8/19/2026,
1182,163.2,gf,3.660,mm,OK,--,9:12:12 PM,8/19/2026,
1183,162.2,gf,3.660,mm,OK,--,9:12:12 PM,8/19/2026,
1184,161.2,gf,3.655,mm,OK,--,9:12:12 PM,8/19/2026,
1185,160.3,gf,3.655,mm,OK,--,9:12:13 PM,8/19/2026,
1186,159.5,gf,3.655,mm,OK,--,9:12:13 PM,8/19/2026,
1187,158.9,gf,3.655,mm,OK,--,9:12:13 PM,8/19/2026,
1188,158.4,gf,3.655,mm,OK,--,9:12:13 PM,8/19/2026,
1189,158.0,gf,3.655,mm,OK,--,9:12:13 PM,8/19/2026,
1190,157.7,gf,3.655,mm,OK,--,9:12:13 PM,8/19/2026,
1191,157.5,gf,3.655,mm,OK,--,9:12:13 PM,8/19/2026,
1192,157.2,gf,3.655,mm,OK,--,9:12:13 PM,8/19/2026,
1193,156.8,gf,3.655,mm,OK,--,9:12:13 PM,8/19/2026,
1194,156.4,gf,3.655,mm,OK,--,9:12:13 PM,8/19/2026,
1195,156.0,gf,3.650,mm,OK,--,9:12:14 PM,8/19/2026,
1196,155.6,gf,3.650,mm,OK,--,9:12:14 PM,8/19/2026,
1197,155.2,gf,3.650,mm,OK,--,9:12:14 PM,8/19/2026,
1198,155.0,gf,3.650,mm,OK,--,9:12:14 PM,8/19/2026,
1199,154.7,gf,3.650,mm,OK,--,9:12:14 PM,8/19/2026,
1200,154.2,gf,3.650,mm,OK,--,9:12:14 PM,8/19/2026,
1201,153.9,gf,3.650,mm,OK,--,9:12:14 PM,8/19/2026,
1202,153.7,gf,3.650,mm,OK,--,9:12:14 PM,8/19/2026,
1203,153.5,gf,3.650,mm,OK,--,9:12:14 PM,8/19/2026,
1204,153.3,gf,3.650,mm,OK,--,9:12:14 PM,8/19/2026,
1205,153.1,gf,3.650,mm,OK,--,9:12:15 PM,8/19/2026,
1206,152.8,gf,3.650,mm,OK,--,9:12:15 PM,8/19/2026,
1207,152.7,gf,3.650,mm,OK,--,9:12:15 PM,8/19/2026,
1208,152.5,gf,3.650,mm,OK,--,9:12:15 PM,8/19/2026,
1209,152.2,gf,3.650,mm,OK,--,9:12:15 PM,8/19/2026,
1210,151.9,gf,3.650,mm,OK,--,9:12:15 PM,8/19/2026,
1211,151.8,gf,3.650,mm,OK,--,9:12:15 PM,8/19/2026,
1212,151.6,gf,3.650,mm,OK,--,9:12:15 PM,8/19/2026,
1213,151.4,gf,3.650,mm,OK,--,9:12:15 PM,8/19/2026,
1214,151.2,gf,3.645,mm,OK,--,9:12:15 PM,8/19/2026,
1215,151.0,gf,3.645,mm,OK,--,9:12:16 PM,8/19/2026,
1216,150.8,gf,3.645,mm,OK,--,9:12:16 PM,8/19/2026,
1217,150.6,gf,3.645,mm,OK,--,9:12:16 PM,8/19/2026,
1218,150.1,gf,3.645,mm,OK,--,9:12:16 PM,8/19/2026,
1219,149.5,gf,3.645,mm,OK,--,9:12:16 PM,8/19/2026,
1220,148.7,gf,3.645,mm,OK,--,9:12:16 PM,8/19/2026,
1221,148.2,gf,3.645,mm,OK,--,9:12:16 PM,8/19/2026,
1222,147.7,gf,3.645,mm,OK,--,9:12:16 PM,8/19/2026,
1223,147.2,gf,3.645,mm,OK,--,9:12:16 PM,8/19/2026,
1224,146.7,gf,3.645,mm,OK,--,9:12:16 PM,8/19/2026,
1225,146.1,gf,3.640,mm,OK,--,9:12:17 PM,8/19/2026,
1226,145.6,gf,3.640,mm,OK,--,9:12:17 PM,8/19/2026,
1227,144.9,gf,3.640,mm,OK,--,9:12:17 PM,8/19/2026,
1228,144.1,gf,3.640,mm,OK,--,9:12:17 PM,8/19/2026,
1229,143.5,gf,3.640,mm,OK,--,9:12:17 PM,8/19/2026,
1230,142.9,gf,3.640,mm,OK,--,9:12:17 PM,8/19/2026,
1231,142.5,gf,3.640,mm,OK,--,9:12:17 PM,8/19/2026,
1232,142.1,gf,3.640,mm,OK,--,9:12:17 PM,8/19/2026,
1233,141.7,gf,3.640,mm,OK,--,9:12:17 PM,8/19/2026,
1234,141.4,gf,3.640,mm,OK,--,9:12:17 PM,8/19/2026,
1235,141.0,gf,3.635,mm,OK,--,9:12:18 PM,8/19/2026,
1236,140.5,gf,3.635,mm,OK,--,9:12:18 PM,8/19/2026,
1237,140.0,gf,3.635,mm,OK,--,9:12:18 PM,8/19/2026,
1238,139.5,gf,3.635,mm,OK,--,9:12:18 PM,8/19/2026,
1239,138.9,gf,3.635,mm,OK,--,9:12:18 PM,8/19/2026,
1240,138.1,gf,3.635,mm,OK,--,9:12:18 PM,8/19/2026,
1241,137.4,gf,3.635,mm,OK,--,9:12:18 PM,8/19/2026,
1242,136.2,gf,3.630,mm,OK,--,9:12:18 PM,8/19/2026,
1243,134.9,gf,3.630,mm,OK,--,9:12:18 PM,8/19/2026,
1244,133.6,gf,3.630,mm,OK,--,9:12:18 PM,8/19/2026,
1245,132.6,gf,3.630,mm,OK,--,9:12:19 PM,8/19/2026,
1246,131.3,gf,3.630,mm,OK,--,9:12:19 PM,8/19/2026,
1247,129.8,gf,3.625,mm,OK,--,9:12:19 PM,8/19/2026,
1248,128.4,gf,3.625,mm,OK,--,9:12:19 PM,8/19/2026,
1249,127.0,gf,3.625,mm,OK,--,9:12:19 PM,8/19/2026,
1250,125.7,gf,3.620,mm,OK,--,9:12:19 PM,8/19/2026,
1251,124.0,gf,3.620,mm,OK,--,9:12:19 PM,8/19/2026,
1252,122.3,gf,3.620,mm,OK,--,9:12:19 PM,8/19/2026,
1253,120.4,gf,3.615,mm,OK,--,9:12:19 PM,8/19/2026,
1254,118.2,gf,3.615,mm,OK,--,9:12:19 PM,8/19/2026,
1255,116.6,gf,3.615,mm,OK,--,9:12:20 PM,8/19/2026,
1256,115.0,gf,3.610,mm,OK,--,9:12:20 PM,8/19/2026,
1257,113.6,gf,3.610,mm,OK,--,9:12:20 PM,8/19/2026,
1258,112.3,gf,3.610,mm,OK,--,9:12:20 PM,8/19/2026,
1259,111.3,gf,3.605,mm,OK,--,9:12:20 PM,8/19/2026,
1260,110.4,gf,3.605,mm,OK,--,9:12:20 PM,8/19/2026,
1261,109.5,gf,3.605,mm,OK,--,9:12:20 PM,8/19/2026,
1262,108.8,gf,3.605,mm,OK,--,9:12:20 PM,8/19/2026,
1263,108.1,gf,3.605,mm,OK,--,9:12:20 PM,8/19/2026,
1264,107.4,gf,3.605,mm,OK,--,9:12:20 PM,8/19/2026,
1265,106.5,gf,3.600,mm,OK,--,9:12:21 PM,8/19/2026,
1266,105.6,gf,3.600,mm,OK,--,9:12:21 PM,8/19/2026,
1267,104.8,gf,3.600,mm,OK,--,9:12:21 PM,8/19/2026,
1268,104.1,gf,3.600,mm,OK,--,9:12:21 PM,8/19/2026,
1269,103.5,gf,3.600,mm,OK,--,9:12:21 PM,8/19/2026,
1270,102.5,gf,3.600,mm,OK,--,9:12:21 PM,8/19/2026,
1271,101.5,gf,3.595,mm,OK,--,9:12:21 PM,8/19/2026,
1272,100.6,gf,3.595,mm,OK,--,9:12:21 PM,8/19/2026,
1273,99.5,gf,3.595,mm,OK,--,9:12:21 PM,8/19/2026,
1274,98.5,gf,3.595,mm,OK,--,9:12:21 PM,8/19/2026,
1275,97.7,gf,3.595,mm,OK,--,9:12:22 PM,8/19/2026,
1276,96.8,gf,3.595,mm,OK,--,9:12:22 PM,8/19/2026,
1277,95.9,gf,3.590,mm,OK,--,9:12:22 PM,8/19/2026,
1278,95.1,gf,3.590,mm,OK,--,9:12:22 PM,8/19/2026,
1279,94.1,gf,3.590,mm,OK,--,9:12:22 PM,8/19/2026,
1280,93.2,gf,3.590,mm,OK,--,9:12:22 PM,8/19/2026,
1281,92.2,gf,3.590,mm,OK,--,9:12:22 PM,8/19/2026,
1282,90.7,gf,3.585,mm,OK,--,9:12:22 PM,8/19/2026,
1283,88.8,gf,3.585,mm,OK,--,9:12:22 PM,8/19/2026,
1284,86.7,gf,3.585,mm,OK,--,9:12:22 PM,8/19/2026,
1285,84.9,gf,3.580,mm,OK,--,9:12:23 PM,8/19/2026,
1286,82.9,gf,3.580,mm,OK,--,9:12:23 PM,8/19/2026,
1287,81.2,gf,3.575,mm,OK,--,9:12:23 PM,8/19/2026,
1288,79.9,gf,3.575,mm,OK,--,9:12:23 PM,8/19/2026,
1289,78.8,gf,3.575,mm,OK,--,9:12:23 PM,8/19/2026,
1290,77.8,gf,3.575,mm,OK,--,9:12:23 PM,8/19/2026,
1291,76.8,gf,3.575,mm,OK,--,9:12:23 PM,8/19/2026,
1292,75.8,gf,3.570,mm,OK,--,9:12:23 PM,8/19/2026,
1293,74.2,gf,3.570,mm,OK,--,9:12:23 PM,8/19/2026,
1294,72.5,gf,3.570,mm,OK,--,9:12:23 PM,8/19/2026,
1295,71.3,gf,3.565,mm,OK,--,9:12:24 PM,8/19/2026,
1296,70.0,gf,3.565,mm,OK,--,9:12:24 PM,8/19/2026,
1297,68.8,gf,3.565,mm,OK,--,9:12:24 PM,8/19/2026,
1298,68.0,gf,3.565,mm,OK,--,9:12:24 PM,8/19/2026,
1299,67.4,gf,3.565,mm,OK,--,9:12:24 PM,8/19/2026,
1300,66.7,gf,3.560,mm,OK,--,9:12:24 PM,8/19/2026,
1301,66.2,gf,3.560,mm,OK,--,9:12:24 PM,8/19/2026,
1302,65.5,gf,3.560,mm,OK,--,9:12:24 PM,8/19/2026,
1303,64.6,gf,3.560,mm,OK,--,9:12:24 PM,8/19/2026,
1304,63.5,gf,3.560,mm,OK,--,9:12:24 PM,8/19/2026,
1305,62.4,gf,3.560,mm,OK,--,9:12:25 PM,8/19/2026,
1306,61.0,gf,3.555,mm,OK,--,9:12:25 PM,8/19/2026,
1307,60.0,gf,3.555,mm,OK,--,9:12:25 PM,8/19/2026,
1308,59.3,gf,3.555,mm,OK,--,9:12:25 PM,8/19/2026,
1309,58.5,gf,3.555,mm,OK,--,9:12:25 PM,8/19/2026,
1310,57.8,gf,3.555,mm,OK,--,9:12:25 PM,8/19/2026,
1311,57.1,gf,3.550,mm,OK,--,9:12:25 PM,8/19/2026,
1312,56.3,gf,3.550,mm,OK,--,9:12:25 PM,8/19/2026,
1313,55.5,gf,3.550,mm,OK,--,9:12:25 PM,8/19/2026,
1314,54.7,gf,3.550,mm,OK,--,9:12:25 PM,8/19/2026,
1315,54.0,gf,3.550,mm,OK,--,9:12:26 PM,8/19/2026,
1316,53.2,gf,3.550,mm,OK,--,9:12:26 PM,8/19/2026,
1317,52.8,gf,3.545,mm,OK,--,9:12:26 PM,8/19/2026,
1318,52.5,gf,3.545,mm,OK,--,9:12:26 PM,8/19/2026,
1319,52.0,gf,3.545,mm,OK,--,9:12:26 PM,8/19/2026,
1320,51.6,gf,3.545,mm,OK,--,9:12:26 PM,8/19/2026,
1321,51.3,gf,3.545,mm,OK,--,9:12:26 PM,8/19/2026,
1322,50.8,gf,3.545,mm,OK,--,9:12:26 PM,8/19/2026,
1323,50.0,gf,3.545,mm,OK,--,9:12:26 PM,8/19/2026,
1324,49.1,gf,3.545,mm,OK,--,9:12:26 PM,8/19/2026,
1325,48.2,gf,3.540,mm,OK,--,9:12:27 PM,8/19/2026,
1326,47.0,gf,3.540,mm,OK,--,9:12:27 PM,8/19/2026,
1327,45.9,gf,3.540,mm,OK,--,9:12:27 PM,8/19/2026,
1328,45.0,gf,3.540,mm,OK,--,9:12:27 PM,8/19/2026,
1329,43.8,gf,3.535,mm,OK,--,9:12:27 PM,8/19/2026,
1330,41.9,gf,3.535,mm,OK,--,9:12:27 PM,8/19/2026,
1331,40.2,gf,3.530,mm,OK,--,9:12:27 PM,8/19/2026,
1332,39.9,gf,3.530,mm,OK,--,9:12:27 PM,8/19/2026,
1333,39.9,gf,3.525,mm,OK,--,9:12:27 PM,8/19/2026,
1334,39.9,gf,3.525,mm,OK,--,9:12:27 PM,8/19/2026,
1335,39.8,gf,3.520,mm,OK,--,9:12:28 PM,8/19/2026,
1336,39.7,gf,3.515,mm,OK,--,9:12:28 PM,8/19/2026,
1337,39.7,gf,3.510,mm,OK,--,9:12:28 PM,8/19/2026,
1338,40.1,gf,3.505,mm,OK,--,9:12:28 PM,8/19/2026,
1339,40.1,gf,3.500,mm,OK,--,9:12:28 PM,8/19/2026,
1340,40.0,gf,3.495,mm,OK,--,9:12:28 PM,8/19/2026,
1341,39.9,gf,3.490,mm,OK,--,9:12:28 PM,8/19/2026,
1342,40.1,gf,3.480,mm,OK,--,9:12:28 PM,8/19/2026,
1343,40.1,gf,3.470,mm,OK,--,9:12:28 PM,8/19/2026,
1344,40.0,gf,3.465,mm,OK,--,9:12:28 PM,8/19/2026,
1345,40.0,gf,3.455,mm,OK,--,9:12:29 PM,8/19/2026,
1346,40.1,gf,3.450,mm,OK,--,9:12:29 PM,8/19/2026,
1347,40.1,gf,3.445,mm,OK,--,9:12:29 PM,8/19/2026,
1348,40.1,gf,3.440,mm,OK,--,9:12:29 PM,8/19/2026,
1349,40.1,gf,3.430,mm,OK,--,9:12:29 PM,8/19/2026,
1350,40.0,gf,3.425,mm,OK,--,9:12:29 PM,8/19/2026,
1351,39.9,gf,3.415,mm,OK,--,9:12:29 PM,8/19/2026,
1352,40.0,gf,3.410,mm,OK,--,9:12:29 PM,8/19/2026,
1353,39.9,gf,3.405,mm,OK,--,9:12:29 PM,8/19/2026,
1354,39.9,gf,3.400,mm,OK,--,9:12:29 PM,8/19/2026,
1355,39.9,gf,3.395,mm,OK,--,9:12:30 PM,8/19/2026,
1356,39.8,gf,3.390,mm,OK,--,9:12:30 PM,8/19/2026,
1357,39.8,gf,3.390,mm,OK,--,9:12:30 PM,8/19/2026,
1358,39.7,gf,3.385,mm,OK,--,9:12:30 PM,8/19/2026,
1359,39.9,gf,3.380,mm,OK,--,9:12:30 PM,8/19/2026,
1360,40.0,gf,3.375,mm,OK,--,9:12:30 PM,8/19/2026,
1361,39.9,gf,3.370,mm,OK,--,9:12:30 PM,8/19/2026,
1362,39.9,gf,3.365,mm,OK,--,9:12:30 PM,8/19/2026,
1363,39.9,gf,3.360,mm,OK,--,9:12:30 PM,8/19/2026,
1364,39.9,gf,3.355,mm,OK,--,9:12:30 PM,8/19/2026,
1365,39.9,gf,3.345,mm,OK,--,9:12:31 PM,8/19/2026,
1366,39.8,gf,3.340,mm,OK,--,9:12:31 PM,8/19/2026,
1367,39.8,gf,3.330,mm,OK,--,9:12:31 PM,8/19/2026,
1368,39.8,gf,3.320,mm,OK,--,9:12:31 PM,8/19/2026,
1369,39.8,gf,3.315,mm,OK,--,9:12:31 PM,8/19/2026,
1370,39.8,gf,3.310,mm,OK,--,9:12:31 PM,8/19/2026,
1371,39.8,gf,3.300,mm,OK,--,9:12:31 PM,8/19/2026,
1372,39.7,gf,3.295,mm,OK,--,9:12:31 PM,8/19/2026,
1373,39.7,gf,3.290,mm,OK,--,9:12:31 PM,8/19/2026,
1374,39.6,gf,3.280,mm,OK,--,9:12:31 PM,8/19/2026,
1375,39.4,gf,3.265,mm,OK,--,9:12:32 PM,8/19/2026,
1376,39.3,gf,3.255,mm,OK,--,9:12:32 PM,8/19/2026,
1377,39.3,gf,3.250,mm,OK,--,9:12:32 PM,8/19/2026,
1378,39.4,gf,3.245,mm,OK,--,9:12:32 PM,8/19/2026,
1379,39.3,gf,3.240,mm,OK,--,9:12:32 PM,8/19/2026,
1380,39.3,gf,3.235,mm,OK,--,9:12:32 PM,8/19/2026,
1381,39.4,gf,3.230,mm,OK,--,9:12:32 PM,8/19/2026,
1382,39.4,gf,3.225,mm,OK,--,9:12:32 PM,8/19/2026,
1383,39.4,gf,3.215,mm,OK,--,9:12:32 PM,8/19/2026,
1384,39.3,gf,3.210,mm,OK,--,9:12:32 PM,8/19/2026,
1385,39.3,gf,3.205,mm,OK,--,9:12:33 PM,8/19/2026,
1386,39.4,gf,3.200,mm,OK,--,9:12:33 PM,8/19/2026,
1387,39.3,gf,3.200,mm,OK,--,9:12:33 PM,8/19/2026,
1388,39.3,gf,3.195,mm,OK,--,9:12:33 PM,8/19/2026,
1389,39.3,gf,3.190,mm,OK,--,9:12:33 PM,8/19/2026,
1390,39.3,gf,3.190,mm,OK,--,9:12:33 PM,8/19/2026,
1391,39.2,gf,3.185,mm,OK,--,9:12:33 PM,8/19/2026,
1392,39.2,gf,3.180,mm,OK,--,9:12:33 PM,8/19/2026,
1393,39.3,gf,3.180,mm,OK,--,9:12:33 PM,8/19/2026,
1394,39.2,gf,3.170,mm,OK,--,9:12:33 PM,8/19/2026,
1395,39.3,gf,3.165,mm,OK,--,9:12:34 PM,8/19/2026,
1396,39.3,gf,3.160,mm,OK,--,9:12:34 PM,8/19/2026,
1397,39.2,gf,3.155,mm,OK,--,9:12:34 PM,8/19/2026,
1398,39.1,gf,3.150,mm,OK,--,9:12:34 PM,8/19/2026,
1399,39.1,gf,3.145,mm,OK,--,9:12:34 PM,8/19/2026,
1400,39.1,gf,3.140,mm,OK,--,9:12:34 PM,8/19/2026,
1401,39.1,gf,3.135,mm,OK,--,9:12:34 PM,8/19/2026,
1402,39.1,gf,3.125,mm,OK,--,9:12:34 PM,8/19/2026,
1403,39.1,gf,3.120,mm,OK,--,9:12:34 PM,8/19/2026,
1404,39.2,gf,3.110,mm,OK,--,9:12:34 PM,8/19/2026,
1405,39.2,gf,3.100,mm,OK,--,9:12:35 PM,8/19/2026,
1406,39.0,gf,3.090,mm,OK,--,9:12:35 PM,8/19/2026,
1407,38.9,gf,3.080,mm,OK,--,9:12:35 PM,8/19/2026,
1408,38.9,gf,3.075,mm,OK,--,9:12:35 PM,8/19/2026,
1409,38.9,gf,3.065,mm,OK,--,9:12:35 PM,8/19/2026,
1410,38.8,gf,3.055,mm,OK,--,9:12:35 PM,8/19/2026,
1411,38.8,gf,3.050,mm,OK,--,9:12:35 PM,8/19/2026,
1412,38.7,gf,3.045,mm,OK,--,9:12:35 PM,8/19/2026,
1413,38.5,gf,3.035,mm,OK,--,9:12:35 PM,8/19/2026,
1414,38.5,gf,3.030,mm,OK,--,9:12:35 PM,8/19/2026,
1415,38.5,gf,3.025,mm,OK,--,9:12:36 PM,8/19/2026,
1416,38.3,gf,3.015,mm,OK,--,9:12:36 PM,8/19/2026,
1417,38.1,gf,3.010,mm,OK,--,9:12:36 PM,8/19/2026,
1418,38.0,gf,3.005,mm,OK,--,9:12:36 PM,8/19/2026,
1419,38.1,gf,3.000,mm,OK,--,9:12:36 PM,8/19/2026,
1420,38.0,gf,2.995,mm,OK,--,9:12:36 PM,8/19/2026,
1421,38.0,gf,2.990,mm,OK,--,9:12:36 PM,8/19/2026,
1422,37.9,gf,2.985,mm,OK,--,9:12:36 PM,8/19/2026,
1423,37.6,gf,2.980,mm,OK,--,9:12:36 PM,8/19/2026,
1424,37.4,gf,2.975,mm,OK,--,9:12:36 PM,8/19/2026,
1425,37.2,gf,2.970,mm,OK,--,9:12:37 PM,8/19/2026,
1426,37.0,gf,2.965,mm,OK,--,9:12:37 PM,8/19/2026,
1427,36.7,gf,2.955,mm,OK,--,9:12:37 PM,8/19/2026,
1428,36.5,gf,2.950,mm,OK,--,9:12:37 PM,8/19/2026,
1429,36.7,gf,2.945,mm,OK,--,9:12:37 PM,8/19/2026,
1430,36.7,gf,2.940,mm,OK,--,9:12:37 PM,8/19/2026,
1431,36.8,gf,2.935,mm,OK,--,9:12:37 PM,8/19/2026,
1432,36.4,gf,2.925,mm,OK,--,9:12:37 PM,8/19/2026,
1433,35.9,gf,2.915,mm,OK,--,9:12:37 PM,8/19/2026,
1434,35.5,gf,2.910,mm,OK,--,9:12:37 PM,8/19/2026,
1435,35.3,gf,2.905,mm,OK,--,9:12:38 PM,8/19/2026,
1436,35.2,gf,2.900,mm,OK,--,9:12:38 PM,8/19/2026,
1437,35.1,gf,2.895,mm,OK,--,9:12:38 PM,8/19/2026,
1438,35.1,gf,2.890,mm,OK,--,9:12:38 PM,8/19/2026,
1439,35.3,gf,2.885,mm,OK,--,9:12:38 PM,8/19/2026,
1440,35.5,gf,2.880,mm,OK,--,9:12:38 PM,8/19/2026,
1441,35.6,gf,2.875,mm,OK,--,9:12:38 PM,8/19/2026,
1442,35.8,gf,2.870,mm,OK,--,9:12:38 PM,8/19/2026,
1443,35.9,gf,2.865,mm,OK,--,9:12:38 PM,8/19/2026,
1444,36.0,gf,2.865,mm,OK,--,9:12:38 PM,8/19/2026,
1445,36.0,gf,2.860,mm,OK,--,9:12:39 PM,8/19/2026,
1446,36.0,gf,2.855,mm,OK,--,9:12:39 PM,8/19/2026,
1447,36.0,gf,2.850,mm,OK,--,9:12:39 PM,8/19/2026,
1448,35.9,gf,2.845,mm,OK,--,9:12:39 PM,8/19/2026,
1449,35.9,gf,2.840,mm,OK,--,9:12:39 PM,8/19/2026,
1450,35.9,gf,2.835,mm,OK,--,9:12:39 PM,8/19/2026,
1451,36.0,gf,2.830,mm,OK,--,9:12:39 PM,8/19/2026,
1452,36.3,gf,2.825,mm,OK,--,9:12:39 PM,8/19/2026,
1453,36.5,gf,2.820,mm,OK,--,9:12:39 PM,8/19/2026,
1454,36.5,gf,2.815,mm,OK,--,9:12:39 PM,8/19/2026,
1455,36.5,gf,2.810,mm,OK,--,9:12:40 PM,8/19/2026,
1456,36.5,gf,2.810,mm,OK,--,9:12:40 PM,8/19/2026,
1457,36.4,gf,2.805,mm,OK,--,9:12:40 PM,8/19/2026,
1458,36.4,gf,2.805,mm,OK,--,9:12:40 PM,8/19/2026,
1459,36.4,gf,2.800,mm,OK,--,9:12:40 PM,8/19/2026,
1460,36.3,gf,2.800,mm,OK,--,9:12:40 PM,8/19/2026,
1461,36.2,gf,2.795,mm,OK,--,9:12:40 PM,8/19/2026,
1462,36.2,gf,2.790,mm,OK,--,9:12:40 PM,8/19/2026,
1463,36.3,gf,2.785,mm,OK,--,9:12:40 PM,8/19/2026,
1464,36.3,gf,2.780,mm,OK,--,9:12:40 PM,8/19/2026,
1465,36.3,gf,2.775,mm,OK,--,9:12:41 PM,8/19/2026,
1466,36.2,gf,2.770,mm,OK,--,9:12:41 PM,8/19/2026,
1467,36.2,gf,2.770,mm,OK,--,9:12:41 PM,8/19/2026,
1468,36.2,gf,2.760,mm,OK,--,9:12:41 PM,8/19/2026,
1469,36.2,gf,2.755,mm,OK,--,9:12:41 PM,8/19/2026,
1470,36.2,gf,2.750,mm,OK,--,9:12:41 PM,8/19/2026,
1471,36.0,gf,2.740,mm,OK,--,9:12:41 PM,8/19/2026,
1472,35.9,gf,2.735,mm,OK,--,9:12:41 PM,8/19/2026,
1473,36.0,gf,2.725,mm,OK,--,9:12:41 PM,8/19/2026,
1474,36.0,gf,2.720,mm,OK,--,9:12:41 PM,8/19/2026,
1475,35.9,gf,2.710,mm,OK,--,9:12:42 PM,8/19/2026,
1476,35.9,gf,2.705,mm,OK,--,9:12:42 PM,8/19/2026,
1477,35.9,gf,2.700,mm,OK,--,9:12:42 PM,8/19/2026,
1478,35.9,gf,2.690,mm,OK,--,9:12:42 PM,8/19/2026,
1479,35.9,gf,2.685,mm,OK,--,9:12:42 PM,8/19/2026,
1480,35.9,gf,2.675,mm,OK,--,9:12:42 PM,8/19/2026,
1481,35.7,gf,2.670,mm,OK,--,9:12:42 PM,8/19/2026,
1482,35.8,gf,2.665,mm,OK,--,9:12:42 PM,8/19/2026,
1483,35.9,gf,2.660,mm,OK,--,9:12:42 PM,8/19/2026,
1484,35.9,gf,2.655,mm,OK,--,9:12:42 PM,8/19/2026,
1485,35.9,gf,2.650,mm,OK,--,9:12:43 PM,8/19/2026,
1486,35.9,gf,2.645,mm,OK,--,9:12:43 PM,8/19/2026,
1487,35.9,gf,2.645,mm,OK,--,9:12:43 PM,8/19/2026,
1488,35.9,gf,2.640,mm,OK,--,9:12:43 PM,8/19/2026,
1489,35.9,gf,2.635,mm,OK,--,9:12:43 PM,8/19/2026,
1490,35.8,gf,2.630,mm,OK,--,9:12:43 PM,8/19/2026,
1491,35.7,gf,2.625,mm,OK,--,9:12:43 PM,8/19/2026,
1492,35.7,gf,2.620,mm,OK,--,9:12:43 PM,8/19/2026,
1493,35.6,gf,2.615,mm,OK,--,9:12:43 PM,8/19/2026,
1494,35.6,gf,2.610,mm,OK,--,9:12:43 PM,8/19/2026,
1495,35.4,gf,2.605,mm,OK,--,9:12:44 PM,8/19/2026,
1496,35.5,gf,2.595,mm,OK,--,9:12:44 PM,8/19/2026,
1497,35.5,gf,2.585,mm,OK,--,9:12:44 PM,8/19/2026,
1498,35.5,gf,2.575,mm,OK,--,9:12:44 PM,8/19/2026,
1499,35.5,gf,2.565,mm,OK,--,9:12:44 PM,8/19/2026,
1500,35.3,gf,2.560,mm,OK,--,9:12:44 PM,8/19/2026,
1501,35.3,gf,2.550,mm,OK,--,9:12:44 PM,8/19/2026,
1502,35.2,gf,2.545,mm,OK,--,9:12:44 PM,8/19/2026,
1503,35.2,gf,2.535,mm,OK,--,9:12:44 PM,8/19/2026,
1504,35.2,gf,2.525,mm,OK,--,9:12:44 PM,8/19/2026,
1505,35.1,gf,2.520,mm,OK,--,9:12:45 PM,8/19/2026,
1506,35.0,gf,2.515,mm,OK,--,9:12:45 PM,8/19/2026,
1507,34.9,gf,2.510,mm,OK,--,9:12:45 PM,8/19/2026,
1508,34.9,gf,2.505,mm,OK,--,9:12:45 PM,8/19/2026,
1509,35.0,gf,2.495,mm,OK,--,9:12:45 PM,8/19/2026,
1510,34.9,gf,2.490,mm,OK,--,9:12:45 PM,8/19/2026,
1511,34.9,gf,2.485,mm,OK,--,9:12:45 PM,8/19/2026,
1512,34.9,gf,2.485,mm,OK,--,9:12:45 PM,8/19/2026,
1513,34.8,gf,2.480,mm,OK,--,9:12:45 PM,8/19/2026,
1514,34.8,gf,2.470,mm,OK,--,9:12:45 PM,8/19/2026,
1515,34.7,gf,2.465,mm,OK,--,9:12:46 PM,8/19/2026,
1516,34.6,gf,2.460,mm,OK,--,9:12:46 PM,8/19/2026,
1517,34.4,gf,2.450,mm,OK,--,9:12:46 PM,8/19/2026,
1518,34.4,gf,2.445,mm,OK,--,9:12:46 PM,8/19/2026,
1519,34.5,gf,2.445,mm,OK,--,9:12:46 PM,8/19/2026,
1520,34.5,gf,2.440,mm,OK,--,9:12:46 PM,8/19/2026,
1521,34.6,gf,2.435,mm,OK,--,9:12:46 PM,8/19/2026,
1522,34.3,gf,2.430,mm,OK,--,9:12:46 PM,8/19/2026,
1523,34.3,gf,2.425,mm,OK,--,9:12:46 PM,8/19/2026,
1524,34.3,gf,2.420,mm,OK,--,9:12:46 PM,8/19/2026,
1525,34.3,gf,2.420,mm,OK,--,9:12:47 PM,8/19/2026,
1526,34.3,gf,2.415,mm,OK,--,9:12:47 PM,8/19/2026,
1527,34.3,gf,2.415,mm,OK,--,9:12:47 PM,8/19/2026,
1528,34.2,gf,2.415,mm,OK,--,9:12:47 PM,8/19/2026,
1529,34.2,gf,2.410,mm,OK,--,9:12:47 PM,8/19/2026,
1530,34.1,gf,2.410,mm,OK,--,9:12:47 PM,8/19/2026,
1531,34.0,gf,2.410,mm,OK,--,9:12:47 PM,8/19/2026,
1532,33.9,gf,2.405,mm,OK,--,9:12:47 PM,8/19/2026,
1533,33.8,gf,2.405,mm,OK,--,9:12:47 PM,8/19/2026,
1534,33.8,gf,2.400,mm,OK,--,9:12:47 PM,8/19/2026,
1535,33.8,gf,2.395,mm,OK,--,9:12:48 PM,8/19/2026,
1536,34.0,gf,2.390,mm,OK,--,9:12:48 PM,8/19/2026,
1537,33.9,gf,2.385,mm,OK,--,9:12:48 PM,8/19/2026,
1538,33.7,gf,2.380,mm,OK,--,9:12:48 PM,8/19/2026,
1539,33.5,gf,2.380,mm,OK,--,9:12:48 PM,8/19/2026,
1540,33.4,gf,2.375,mm,OK,--,9:12:48 PM,8/19/2026,
1541,33.2,gf,2.370,mm,OK,--,9:12:48 PM,8/19/2026,
1542,33.2,gf,2.365,mm,OK,--,9:12:48 PM,8/19/2026,
1543,33.2,gf,2.360,mm,OK,--,9:12:48 PM,8/19/2026,
1544,33.3,gf,2.355,mm,OK,--,9:12:48 PM,8/19/2026,
1545,33.4,gf,2.345,mm,OK,--,9:12:49 PM,8/19/2026,
1546,33.4,gf,2.340,mm,OK,--,9:12:49 PM,8/19/2026,
1547,33.5,gf,2.335,mm,OK,--,9:12:49 PM,8/19/2026,
1548,33.4,gf,2.330,mm,OK,--,9:12:49 PM,8/19/2026,
1549,33.4,gf,2.330,mm,OK,--,9:12:49 PM,8/19/2026,
1550,33.1,gf,2.325,mm,OK,--,9:12:49 PM,8/19/2026,
1551,33.1,gf,2.320,mm,OK,--,9:12:49 PM,8/19/2026,
1552,32.9,gf,2.315,mm,OK,--,9:12:49 PM,8/19/2026,
1553,32.8,gf,2.310,mm,OK,--,9:12:49 PM,8/19/2026,
1554,32.9,gf,2.305,mm,OK,--,9:12:49 PM,8/19/2026,
1555,32.9,gf,2.305,mm,OK,--,9:12:50 PM,8/19/2026,
1556,32.9,gf,2.300,mm,OK,--,9:12:50 PM,8/19/2026,
1557,32.9,gf,2.300,mm,OK,--,9:12:50 PM,8/19/2026,
1558,32.9,gf,2.300,mm,OK,--,9:12:50 PM,8/19/2026,
1559,32.8,gf,2.295,mm,OK,--,9:12:50 PM,8/19/2026,
1560,32.7,gf,2.290,mm,OK,--,9:12:50 PM,8/19/2026,
1561,32.7,gf,2.290,mm,OK,--,9:12:50 PM,8/19/2026,
1562,32.7,gf,2.285,mm,OK,--,9:12:50 PM,8/19/2026,
1563,32.6,gf,2.280,mm,OK,--,9:12:50 PM,8/19/2026,
1564,32.4,gf,2.280,mm,OK,--,9:12:50 PM,8/19/2026,
1565,32.3,gf,2.275,mm,OK,--,9:12:51 PM,8/19/2026,
1566,32.1,gf,2.270,mm,OK,--,9:12:51 PM,8/19/2026,
1567,32.1,gf,2.265,mm,OK,--,9:12:51 PM,8/19/2026,
1568,31.9,gf,2.265,mm,OK,--,9:12:51 PM,8/19/2026,
1569,31.8,gf,2.260,mm,OK,--,9:12:51 PM,8/19/2026,
1570,31.5,gf,2.250,mm,OK,--,9:12:51 PM,8/19/2026,
1571,31.4,gf,2.245,mm,OK,--,9:12:51 PM,8/19/2026,
1572,31.5,gf,2.240,mm,OK,--,9:12:51 PM,8/19/2026,
1573,31.4,gf,2.235,mm,OK,--,9:12:51 PM,8/19/2026,
1574,31.4,gf,2.235,mm,OK,--,9:12:51 PM,8/19/2026,
1575,31.4,gf,2.230,mm,OK,--,9:12:52 PM,8/19/2026,
1576,31.4,gf,2.225,mm,OK,--,9:12:52 PM,8/19/2026,
1577,31.2,gf,2.225,mm,OK,--,9:12:52 PM,8/19/2026,
1578,31.2,gf,2.220,mm,OK,--,9:12:52 PM,8/19/2026,
1579,31.1,gf,2.215,mm,OK,--,9:12:52 PM,8/19/2026,
1580,31.2,gf,2.210,mm,OK,--,9:12:52 PM,8/19/2026,
1581,31.1,gf,2.205,mm,OK,--,9:12:52 PM,8/19/2026,
1582,31.1,gf,2.205,mm,OK,--,9:12:52 PM,8/19/2026,
1583,31.1,gf,2.205,mm,OK,--,9:12:52 PM,8/19/2026,
1584,31.0,gf,2.200,mm,OK,--,9:12:52 PM,8/19/2026,
1585,30.8,gf,2.195,mm,OK,--,9:12:53 PM,8/19/2026,
1586,30.5,gf,2.190,mm,OK,--,9:12:53 PM,8/19/2026,
1587,30.6,gf,2.185,mm,OK,--,9:12:53 PM,8/19/2026,
1588,30.6,gf,2.175,mm,OK,--,9:12:53 PM,8/19/2026,
1589,30.5,gf,2.170,mm,OK,--,9:12:53 PM,8/19/2026,
1590,30.5,gf,2.165,mm,OK,--,9:12:53 PM,8/19/2026,
1591,30.4,gf,2.160,mm,OK,--,9:12:53 PM,8/19/2026,
1592,30.4,gf,2.150,mm,OK,--,9:12:53 PM,8/19/2026,
1593,30.5,gf,2.145,mm,OK,--,9:12:53 PM,8/19/2026,
1594,30.4,gf,2.140,mm,OK,--,9:12:53 PM,8/19/2026,
1595,30.2,gf,2.130,mm,OK,--,9:12:54 PM,8/19/2026,
1596,30.2,gf,2.120,mm,OK,--,9:12:54 PM,8/19/2026,
1597,30.3,gf,2.115,mm,OK,--,9:12:54 PM,8/19/2026,
1598,30.3,gf,2.105,mm,OK,--,9:12:54 PM,8/19/2026,
1599,30.3,gf,2.100,mm,OK,--,9:12:54 PM,8/19/2026,
1600,30.4,gf,2.095,mm,OK,--,9:12:54 PM,8/19/2026,
1601,30.3,gf,2.090,mm,OK,--,9:12:54 PM,8/19/2026,
1602,30.4,gf,2.090,mm,OK,--,9:12:54 PM,8/19/2026,
1603,30.3,gf,2.085,mm,OK,--,9:12:54 PM,8/19/2026,
1604,30.3,gf,2.075,mm,OK,--,9:12:54 PM,8/19/2026,
1605,30.2,gf,2.070,mm,OK,--,9:12:55 PM,8/19/2026,
1606,30.0,gf,2.065,mm,OK,--,9:12:55 PM,8/19/2026,
1607,30.1,gf,2.060,mm,OK,--,9:12:55 PM,8/19/2026,
1608,30.2,gf,2.055,mm,OK,--,9:12:55 PM,8/19/2026,
1609,30.2,gf,2.055,mm,OK,--,9:12:55 PM,8/19/2026,
1610,30.3,gf,2.050,mm,OK,--,9:12:55 PM,8/19/2026,
1611,30.3,gf,2.045,mm,OK,--,9:12:55 PM,8/19/2026,
1612,30.1,gf,2.040,mm,OK,--,9:12:55 PM,8/19/2026,
1613,30.1,gf,2.040,mm,OK,--,9:12:55 PM,8/19/2026,
1614,30.1,gf,2.035,mm,OK,--,9:12:55 PM,8/19/2026,
1615,30.1,gf,2.030,mm,OK,--,9:12:56 PM,8/19/2026,
1616,30.2,gf,2.020,mm,OK,--,9:12:56 PM,8/19/2026,
1617,30.2,gf,2.020,mm,OK,--,9:12:56 PM,8/19/2026,
1618,30.2,gf,2.015,mm,OK,--,9:12:56 PM,8/19/2026,
1619,30.2,gf,2.010,mm,OK,--,9:12:56 PM,8/19/2026,
1620,30.2,gf,2.005,mm,OK,--,9:12:56 PM,8/19/2026,
1621,30.1,gf,1.995,mm,OK,--,9:12:56 PM,8/19/2026,
1622,30.0,gf,1.990,mm,OK,--,9:12:56 PM,8/19/2026,
1623,30.0,gf,1.980,mm,OK,--,9:12:56 PM,8/19/2026,
1624,29.9,gf,1.975,mm,OK,--,9:12:56 PM,8/19/2026,
1625,29.9,gf,1.965,mm,OK,--,9:12:57 PM,8/19/2026,
1626,29.9,gf,1.955,mm,OK,--,9:12:57 PM,8/19/2026,
1627,30.0,gf,1.950,mm,OK,--,9:12:57 PM,8/19/2026,
1628,30.0,gf,1.945,mm,OK,--,9:12:57 PM,8/19/2026,
1629,29.8,gf,1.935,mm,OK,--,9:12:57 PM,8/19/2026,
1630,29.6,gf,1.925,mm,OK,--,9:12:57 PM,8/19/2026,
1631,29.5,gf,1.915,mm,OK,--,9:12:57 PM,8/19/2026,
1632,29.4,gf,1.905,mm,OK,--,9:12:57 PM,8/19/2026,
1633,29.5,gf,1.900,mm,OK,--,9:12:57 PM,8/19/2026,
1634,29.6,gf,1.890,mm,OK,--,9:12:57 PM,8/19/2026,
1635,29.7,gf,1.885,mm,OK,--,9:12:58 PM,8/19/2026,
1636,29.8,gf,1.885,mm,OK,--,9:12:58 PM,8/19/2026,
1637,29.9,gf,1.880,mm,OK,--,9:12:58 PM,8/19/2026,
1638,29.7,gf,1.875,mm,OK,--,9:12:58 PM,8/19/2026,
1639,29.7,gf,1.870,mm,OK,--,9:12:58 PM,8/19/2026,
1640,29.8,gf,1.870,mm,OK,--,9:12:58 PM,8/19/2026,
1641,29.8,gf,1.865,mm,OK,--,9:12:58 PM,8/19/2026,
1642,29.7,gf,1.865,mm,OK,--,9:12:58 PM,8/19/2026,
1643,29.6,gf,1.860,mm,OK,--,9:12:58 PM,8/19/2026,
1644,29.6,gf,1.855,mm,OK,--,9:12:58 PM,8/19/2026,
1645,29.7,gf,1.855,mm,OK,--,9:12:59 PM,8/19/2026,
1646,29.5,gf,1.850,mm,OK,--,9:12:59 PM,8/19/2026,
1647,29.3,gf,1.845,mm,OK,--,9:12:59 PM,8/19/2026,
1648,29.2,gf,1.835,mm,OK,--,9:12:59 PM,8/19/2026,
1649,29.2,gf,1.830,mm,OK,--,9:12:59 PM,8/19/2026,
1650,29.2,gf,1.820,mm,OK,--,9:12:59 PM,8/19/2026,
1651,29.3,gf,1.810,mm,OK,--,9:12:59 PM,8/19/2026,
1652,29.4,gf,1.805,mm,OK,--,9:12:59 PM,8/19/2026,
1653,29.3,gf,1.795,mm,OK,--,9:12:59 PM,8/19/2026,
1654,29.2,gf,1.790,mm,OK,--,9:12:59 PM,8/19/2026,
1655,29.2,gf,1.780,mm,OK,--,9:13:00 PM,8/19/2026,
1656,29.0,gf,1.775,mm,OK,--,9:13:00 PM,8/19/2026,
1657,28.7,gf,1.765,mm,OK,--,9:13:00 PM,8/19/2026,
1658,28.8,gf,1.755,mm,OK,--,9:13:00 PM,8/19/2026,
1659,28.8,gf,1.750,mm,OK,--,9:13:00 PM,8/19/2026,
1660,28.8,gf,1.745,mm,OK,--,9:13:00 PM,8/19/2026,
1661,28.8,gf,1.735,mm,OK,--,9:13:00 PM,8/19/2026,
1662,28.7,gf,1.730,mm,OK,--,9:13:00 PM,8/19/2026,
1663,28.7,gf,1.715,mm,OK,--,9:13:00 PM,8/19/2026,
1664,28.8,gf,1.705,mm,OK,--,9:13:00 PM,8/19/2026,
1665,28.7,gf,1.695,mm,OK,--,9:13:01 PM,8/19/2026,
1666,28.4,gf,1.685,mm,OK,--,9:13:01 PM,8/19/2026,
1667,28.1,gf,1.675,mm,OK,--,9:13:01 PM,8/19/2026,
1668,28.2,gf,1.665,mm,OK,--,9:13:01 PM,8/19/2026,
1669,28.3,gf,1.660,mm,OK,--,9:13:01 PM,8/19/2026,
1670,28.0,gf,1.655,mm,OK,--,9:13:01 PM,8/19/2026,
1671,28.0,gf,1.650,mm,OK,--,9:13:01 PM,8/19/2026,
1672,28.0,gf,1.640,mm,OK,--,9:13:01 PM,8/19/2026,
1673,28.1,gf,1.635,mm,OK,--,9:13:01 PM,8/19/2026,
1674,28.0,gf,1.625,mm,OK,--,9:13:01 PM,8/19/2026,
1675,27.9,gf,1.615,mm,OK,--,9:13:02 PM,8/19/2026,
1676,28.0,gf,1.605,mm,OK,--,9:13:02 PM,8/19/2026,
1677,28.1,gf,1.595,mm,OK,--,9:13:02 PM,8/19/2026,
1678,28.1,gf,1.585,mm,OK,--,9:13:02 PM,8/19/2026,
1679,28.0,gf,1.575,mm,OK,--,9:13:02 PM,8/19/2026,
1680,28.2,gf,1.570,mm,OK,--,9:13:02 PM,8/19/2026,
1681,28.1,gf,1.565,mm,OK,--,9:13:02 PM,8/19/2026,
1682,28.3,gf,1.560,mm,OK,--,9:13:02 PM,8/19/2026,
1683,28.3,gf,1.560,mm,OK,--,9:13:02 PM,8/19/2026,
1684,28.0,gf,1.555,mm,OK,--,9:13:02 PM,8/19/2026,
1685,28.0,gf,1.550,mm,OK,--,9:13:03 PM,8/19/2026,
1686,27.9,gf,1.545,mm,OK,--,9:13:03 PM,8/19/2026,
1687,27.7,gf,1.535,mm,OK,--,9:13:03 PM,8/19/2026,
1688,27.8,gf,1.530,mm,OK,--,9:13:03 PM,8/19/2026,
1689,28.0,gf,1.525,mm,OK,--,9:13:03 PM,8/19/2026,
1690,28.2,gf,1.520,mm,OK,--,9:13:03 PM,8/19/2026,
1691,28.1,gf,1.520,mm,OK,--,9:13:03 PM,8/19/2026,
1692,28.0,gf,1.515,mm,OK,--,9:13:03 PM,8/19/2026,
1693,28.0,gf,1.510,mm,OK,--,9:13:03 PM,8/19/2026,
1694,28.0,gf,1.510,mm,OK,--,9:13:03 PM,8/19/2026,
1695,28.0,gf,1.505,mm,OK,--,9:13:04 PM,8/19/2026,
1696,28.0,gf,1.500,mm,OK,--,9:13:04 PM,8/19/2026,
1697,28.0,gf,1.490,mm,OK,--,9:13:04 PM,8/19/2026,
1698,28.0,gf,1.485,mm,OK,--,9:13:04 PM,8/19/2026,
1699,28.0,gf,1.475,mm,OK,--,9:13:04 PM,8/19/2026,
1700,27.9,gf,1.470,mm,OK,--,9:13:04 PM,8/19/2026,
1701,28.1,gf,1.460,mm,OK,--,9:13:04 PM,8/19/2026,
1702,28.1,gf,1.455,mm,OK,--,9:13:04 PM,8/19/2026,
1703,28.1,gf,1.445,mm,OK,--,9:13:04 PM,8/19/2026,
1704,27.9,gf,1.435,mm,OK,--,9:13:04 PM,8/19/2026,
1705,28.1,gf,1.425,mm,OK,--,9:13:05 PM,8/19/2026,
1706,28.1,gf,1.420,mm,OK,--,9:13:05 PM,8/19/2026,
1707,28.2,gf,1.410,mm,OK,--,9:13:05 PM,8/19/2026,
1708,28.0,gf,1.400,mm,OK,--,9:13:05 PM,8/19/2026,
1709,28.1,gf,1.395,mm,OK,--,9:13:05 PM,8/19/2026,
1710,28.0,gf,1.385,mm,OK,--,9:13:05 PM,8/19/2026,
1711,27.8,gf,1.370,mm,OK,--,9:13:05 PM,8/19/2026,
1712,28.0,gf,1.355,mm,OK,--,9:13:05 PM,8/19/2026,
1713,27.9,gf,1.345,mm,OK,--,9:13:05 PM,8/19/2026,
1714,28.0,gf,1.330,mm,OK,--,9:13:05 PM,8/19/2026,
1715,28.0,gf,1.320,mm,OK,--,9:13:06 PM,8/19/2026,
1716,27.9,gf,1.310,mm,OK,--,9:13:06 PM,8/19/2026,
1717,27.9,gf,1.300,mm,OK,--,9:13:06 PM,8/19/2026,
1718,27.9,gf,1.290,mm,OK,--,9:13:06 PM,8/19/2026,
1719,27.5,gf,1.275,mm,OK,--,9:13:06 PM,8/19/2026,
1720,27.7,gf,1.265,mm,OK,--,9:13:06 PM,8/19/2026,
1721,27.8,gf,1.255,mm,OK,--,9:13:06 PM,8/19/2026,
1722,27.7,gf,1.250,mm,OK,--,9:13:06 PM,8/19/2026,
1723,27.8,gf,1.245,mm,OK,--,9:13:06 PM,8/19/2026,
1724,27.8,gf,1.240,mm,OK,--,9:13:06 PM,8/19/2026,
1725,27.7,gf,1.230,mm,OK,--,9:13:07 PM,8/19/2026,
1726,27.5,gf,1.225,mm,OK,--,9:13:07 PM,8/19/2026,
1727,27.6,gf,1.210,mm,OK,--,9:13:07 PM,8/19/2026,
1728,27.9,gf,1.205,mm,OK,--,9:13:07 PM,8/19/2026,
1729,27.9,gf,1.200,mm,OK,--,9:13:07 PM,8/19/2026,
1730,27.8,gf,1.200,mm,OK,--,9:13:07 PM,8/19/2026,
1731,27.8,gf,1.195,mm,OK,--,9:13:07 PM,8/19/2026,
1732,27.8,gf,1.195,mm,OK,--,9:13:07 PM,8/19/2026,
1733,27.7,gf,1.190,mm,OK,--,9:13:07 PM,8/19/2026,
1734,27.7,gf,1.185,mm,OK,--,9:13:07 PM,8/19/2026,
1735,27.6,gf,1.180,mm,OK,--,9:13:08 PM,8/19/2026,
1736,27.5,gf,1.170,mm,OK,--,9:13:08 PM,8/19/2026,
1737,27.4,gf,1.160,mm,OK,--,9:13:08 PM,8/19/2026,
1738,27.5,gf,1.155,mm,OK,--,9:13:08 PM,8/19/2026,
1739,27.5,gf,1.145,mm,OK,--,9:13:08 PM,8/19/2026,
1740,27.4,gf,1.140,mm,OK,--,9:13:08 PM,8/19/2026,
1741,27.4,gf,1.135,mm,OK,--,9:13:08 PM,8/19/2026,
1742,27.4,gf,1.130,mm,OK,--,9:13:08 PM,8/19/2026,
1743,27.3,gf,1.120,mm,OK,--,9:13:08 PM,8/19/2026,
1744,27.3,gf,1.115,mm,OK,--,9:13:08 PM,8/19/2026,
1745,27.2,gf,1.110,mm,OK,--,9:13:09 PM,8/19/2026,
1746,27.2,gf,1.100,mm,OK,--,9:13:09 PM,8/19/2026,
1747,27.2,gf,1.095,mm,OK,--,9:13:09 PM,8/19/2026,
1748,27.3,gf,1.090,mm,OK,--,9:13:09 PM,8/19/2026,
1749,27.3,gf,1.085,mm,OK,--,9:13:09 PM,8/19/2026,
1750,27.3,gf,1.080,mm,OK,--,9:13:09 PM,8/19/2026,
1751,27.3,gf,1.080,mm,OK,--,9:13:09 PM,8/19/2026,
1752,27.3,gf,1.075,mm,OK,--,9:13:09 PM,8/19/2026,
1753,27.0,gf,1.075,mm,OK,--,9:13:09 PM,8/19/2026,
1754,26.8,gf,1.070,mm,OK,--,9:13:09 PM,8/19/2026,
1755,27.0,gf,1.065,mm,OK,--,9:13:10 PM,8/19/2026,
1756,27.0,gf,1.060,mm,OK,--,9:13:10 PM,8/19/2026,
1757,27.0,gf,1.060,mm,OK,--,9:13:10 PM,8/19/2026,
1758,26.9,gf,1.055,mm,OK,--,9:13:10 PM,8/19/2026,
1759,26.8,gf,1.050,mm,OK,--,9:13:10 PM,8/19/2026,
1760,26.9,gf,1.045,mm,OK,--,9:13:10 PM,8/19/2026,
1761,26.9,gf,1.045,mm,OK,--,9:13:10 PM,8/19/2026,
1762,26.8,gf,1.040,mm,OK,--,9:13:10 PM,8/19/2026,
1763,26.8,gf,1.035,mm,OK,--,9:13:10 PM,8/19/2026,
1764,26.7,gf,1.030,mm,OK,--,9:13:10 PM,8/19/2026,
1765,26.8,gf,1.025,mm,OK,--,9:13:11 PM,8/19/2026,
1766,26.7,gf,1.025,mm,OK,--,9:13:11 PM,8/19/2026,
1767,26.7,gf,1.020,mm,OK,--,9:13:11 PM,8/19/2026,
1768,26.7,gf,1.015,mm,OK,--,9:13:11 PM,8/19/2026,
1769,26.7,gf,1.010,mm,OK,--,9:13:11 PM,8/19/2026,
1770,27.0,gf,1.010,mm,OK,--,9:13:11 PM,8/19/2026,
1771,26.5,gf,1.005,mm,OK,--,9:13:11 PM,8/19/2026,
1772,26.5,gf,1.000,mm,OK,--,9:13:11 PM,8/19/2026,
1773,26.6,gf,0.990,mm,OK,--,9:13:11 PM,8/19/2026,
1774,26.6,gf,0.985,mm,OK,--,9:13:11 PM,8/19/2026,
1775,26.5,gf,0.980,mm,OK,--,9:13:12 PM,8/19/2026,
1776,26.5,gf,0.975,mm,OK,--,9:13:12 PM,8/19/2026,
1777,26.5,gf,0.970,mm,OK,--,9:13:12 PM,8/19/2026,
1778,26.5,gf,0.965,mm,OK,--,9:13:12 PM,8/19/2026,
1779,26.5,gf,0.960,mm,OK,--,9:13:12 PM,8/19/2026,
1780,26.4,gf,0.955,mm,OK,--,9:13:12 PM,8/19/2026,
1781,26.2,gf,0.950,mm,OK,--,9:13:12 PM,8/19/2026,
1782,26.1,gf,0.940,mm,OK,--,9:13:12 PM,8/19/2026,
1783,26.2,gf,0.930,mm,OK,--,9:13:12 PM,8/19/2026,
1784,26.3,gf,0.925,mm,OK,--,9:13:12 PM,8/19/2026,
1785,26.4,gf,0.915,mm,OK,--,9:13:13 PM,8/19/2026,
1786,26.4,gf,0.910,mm,OK,--,9:13:13 PM,8/19/2026,
1787,26.3,gf,0.905,mm,OK,--,9:13:13 PM,8/19/2026,
1788,26.5,gf,0.900,mm,OK,--,9:13:13 PM,8/19/2026,
1789,26.5,gf,0.900,mm,OK,--,9:13:13 PM,8/19/2026,
1790,26.3,gf,0.895,mm,OK,--,9:13:13 PM,8/19/2026,
1791,26.1,gf,0.890,mm,OK,--,9:13:13 PM,8/19/2026,
1792,26.1,gf,0.880,mm,OK,--,9:13:13 PM,8/19/2026,
1793,26.1,gf,0.875,mm,OK,--,9:13:13 PM,8/19/2026,
1794,26.1,gf,0.870,mm,OK,--,9:13:13 PM,8/19/2026,
1795,26.2,gf,0.865,mm,OK,--,9:13:14 PM,8/19/2026,
1796,26.2,gf,0.865,mm,OK,--,9:13:14 PM,8/19/2026,
1797,26.3,gf,0.860,mm,OK,--,9:13:14 PM,8/19/2026,
1798,26.3,gf,0.860,mm,OK,--,9:13:14 PM,8/19/2026,
1799,26.2,gf,0.855,mm,OK,--,9:13:14 PM,8/19/2026,
1800,26.0,gf,0.855,mm,OK,--,9:13:14 PM,8/19/2026,
1801,25.9,gf,0.845,mm,OK,--,9:13:14 PM,8/19/2026,
1802,26.0,gf,0.840,mm,OK,--,9:13:14 PM,8/19/2026,
1803,26.1,gf,0.840,mm,OK,--,9:13:14 PM,8/19/2026,
1804,26.3,gf,0.840,mm,OK,--,9:13:14 PM,8/19/2026,
1805,26.3,gf,0.835,mm,OK,--,9:13:15 PM,8/19/2026,
1806,26.3,gf,0.835,mm,OK,--,9:13:15 PM,8/19/2026,
1807,26.3,gf,0.835,mm,OK,--,9:13:15 PM,8/19/2026,
1808,26.3,gf,0.835,mm,OK,--,9:13:15 PM,8/19/2026,
1809,26.2,gf,0.830,mm,OK,--,9:13:15 PM,8/19/2026,
1810,26.1,gf,0.830,mm,OK,--,9:13:15 PM,8/19/2026,
1811,26.1,gf,0.825,mm,OK,--,9:13:15 PM,8/19/2026,
1812,26.0,gf,0.820,mm,OK,--,9:13:15 PM,8/19/2026,
1813,26.0,gf,0.820,mm,OK,--,9:13:15 PM,8/19/2026,
1814,26.1,gf,0.815,mm,OK,--,9:13:15 PM,8/19/2026,
1815,26.1,gf,0.810,mm,OK,--,9:13:16 PM,8/19/2026,
1816,26.1,gf,0.805,mm,OK,--,9:13:16 PM,8/19/2026,
1817,26.1,gf,0.805,mm,OK,--,9:13:16 PM,8/19/2026,
1818,26.1,gf,0.800,mm,OK,--,9:13:16 PM,8/19/2026,
1819,25.8,gf,0.795,mm,OK,--,9:13:16 PM,8/19/2026,
1820,25.9,gf,0.790,mm,OK,--,9:13:16 PM,8/19/2026,
1821,26.0,gf,0.785,mm,OK,--,9:13:16 PM,8/19/2026,
1822,26.0,gf,0.780,mm,OK,--,9:13:16 PM,8/19/2026,
1823,25.9,gf,0.780,mm,OK,--,9:13:16 PM,8/19/2026,
1824,25.8,gf,0.775,mm,OK,--,9:13:16 PM,8/19/2026,
1825,25.8,gf,0.770,mm,OK,--,9:13:17 PM,8/19/2026,
1826,25.6,gf,0.760,mm,OK,--,9:13:17 PM,8/19/2026,
1827,25.6,gf,0.755,mm,OK,--,9:13:17 PM,8/19/2026,
1828,25.2,gf,0.745,mm,OK,--,9:13:17 PM,8/19/2026,
1829,25.2,gf,0.730,mm,OK,--,9:13:17 PM,8/19/2026,
1830,25.4,gf,0.725,mm,OK,--,9:13:17 PM,8/19/2026,
1831,25.5,gf,0.720,mm,OK,--,9:13:17 PM,8/19/2026,
1832,25.4,gf,0.715,mm,OK,--,9:13:17 PM,8/19/2026,
1833,25.4,gf,0.715,mm,OK,--,9:13:17 PM,8/19/2026,
1834,25.4,gf,0.710,mm,OK,--,9:13:17 PM,8/19/2026,
1835,25.3,gf,0.705,mm,OK,--,9:13:18 PM,8/19/2026,
1836,25.4,gf,0.700,mm,OK,--,9:13:18 PM,8/19/2026,
1837,25.5,gf,0.695,mm,OK,--,9:13:18 PM,8/19/2026,
1838,25.5,gf,0.695,mm,OK,--,9:13:18 PM,8/19/2026,
1839,25.4,gf,0.690,mm,OK,--,9:13:18 PM,8/19/2026,
1840,25.4,gf,0.685,mm,OK,--,9:13:18 PM,8/19/2026,
1841,25.4,gf,0.685,mm,OK,--,9:13:18 PM,8/19/2026,
1842,25.2,gf,0.680,mm,OK,--,9:13:18 PM,8/19/2026,
1843,25.3,gf,0.670,mm,OK,--,9:13:18 PM,8/19/2026,
1844,25.4,gf,0.665,mm,OK,--,9:13:18 PM,8/19/2026,
1845,25.5,gf,0.660,mm,OK,--,9:13:19 PM,8/19/2026,
1846,25.4,gf,0.660,mm,OK,--,9:13:19 PM,8/19/2026,
1847,25.3,gf,0.655,mm,OK,--,9:13:19 PM,8/19/2026,
1848,25.2,gf,0.645,mm,OK,--,9:13:19 PM,8/19/2026,
1849,25.3,gf,0.645,mm,OK,--,9:13:19 PM,8/19/2026,
1850,25.3,gf,0.640,mm,OK,--,9:13:19 PM,8/19/2026,
1851,25.1,gf,0.635,mm,OK,--,9:13:19 PM,8/19/2026,
1852,25.3,gf,0.630,mm,OK,--,9:13:19 PM,8/19/2026,
1853,25.2,gf,0.630,mm,OK,--,9:13:19 PM,8/19/2026,
1854,25.0,gf,0.625,mm,OK,--,9:13:19 PM,8/19/2026,
1855,24.9,gf,0.615,mm,OK,--,9:13:20 PM,8/19/2026,
1856,25.1,gf,0.610,mm,OK,--,9:13:20 PM,8/19/2026,
1857,24.8,gf,0.605,mm,OK,--,9:13:20 PM,8/19/2026,
1858,24.7,gf,0.595,mm,OK,--,9:13:20 PM,8/19/2026,
1859,24.7,gf,0.585,mm,OK,--,9:13:20 PM,8/19/2026,
1860,24.7,gf,0.570,mm,OK,--,9:13:20 PM,8/19/2026,
1861,24.8,gf,0.560,mm,OK,--,9:13:20 PM,8/19/2026,
1862,24.9,gf,0.555,mm,OK,--,9:13:20 PM,8/19/2026,
1863,24.7,gf,0.550,mm,OK,--,9:13:20 PM,8/19/2026,
1864,24.5,gf,0.540,mm,OK,--,9:13:20 PM,8/19/2026,
1865,24.4,gf,0.525,mm,OK,--,9:13:21 PM,8/19/2026,
1866,24.6,gf,0.510,mm,OK,--,9:13:21 PM,8/19/2026,
1867,24.6,gf,0.500,mm,OK,--,9:13:21 PM,8/19/2026,
1868,24.7,gf,0.490,mm,OK,--,9:13:21 PM,8/19/2026,
1869,24.8,gf,0.485,mm,OK,--,9:13:21 PM,8/19/2026,
1870,24.4,gf,0.470,mm,OK,--,9:13:21 PM,8/19/2026,
1871,24.7,gf,0.460,mm,OK,--,9:13:21 PM,8/19/2026,
1872,25.0,gf,0.455,mm,OK,--,9:13:21 PM,8/19/2026,
1873,24.9,gf,0.455,mm,OK,--,9:13:21 PM,8/19/2026,
1874,24.9,gf,0.450,mm,OK,--,9:13:21 PM,8/19/2026,
1875,24.7,gf,0.450,mm,OK,--,9:13:22 PM,8/19/2026,
1876,24.5,gf,0.445,mm,OK,--,9:13:22 PM,8/19/2026,
1877,24.5,gf,0.440,mm,OK,--,9:13:22 PM,8/19/2026,
1878,24.4,gf,0.435,mm,OK,--,9:13:22 PM,8/19/2026,
1879,24.4,gf,0.430,mm,OK,--,9:13:22 PM,8/19/2026,
1880,24.3,gf,0.425,mm,OK,--,9:13:22 PM,8/19/2026,
1881,24.4,gf,0.425,mm,OK,--,9:13:22 PM,8/19/2026,
1882,24.3,gf,0.420,mm,OK,--,9:13:22 PM,8/19/2026,
1883,24.5,gf,0.420,mm,OK,--,9:13:22 PM,8/19/2026,
1884,24.5,gf,0.415,mm,OK,--,9:13:22 PM,8/19/2026,
1885,24.2,gf,0.415,mm,OK,--,9:13:23 PM,8/19/2026,
1886,24.2,gf,0.410,mm,OK,--,9:13:23 PM,8/19/2026,
1887,24.1,gf,0.405,mm,OK,--,9:13:23 PM,8/19/2026,
1888,23.9,gf,0.395,mm,OK,--,9:13:23 PM,8/19/2026,
1889,24.1,gf,0.385,mm,OK,--,9:13:23 PM,8/19/2026,
1890,23.8,gf,0.360,mm,OK,--,9:13:23 PM,8/19/2026,
1891,23.9,gf,0.330,mm,OK,--,9:13:23 PM,8/19/2026,
1892,24.1,gf,0.315,mm,OK,--,9:13:23 PM,8/19/2026,
1893,24.4,gf,0.310,mm,OK,--,9:13:23 PM,8/19/2026,
1894,24.4,gf,0.305,mm,OK,--,9:13:23 PM,8/19/2026,
1895,24.1,gf,0.300,mm,OK,--,9:13:24 PM,8/19/2026,
1896,24.1,gf,0.295,mm,OK,--,9:13:24 PM,8/19/2026,
1897,24.1,gf,0.290,mm,OK,--,9:13:24 PM,8/19/2026,
1898,24.1,gf,0.280,mm,OK,--,9:13:24 PM,8/19/2026,
1899,24.0,gf,0.270,mm,OK,--,9:13:24 PM,8/19/2026,
1900,24.0,gf,0.255,mm,OK,--,9:13:24 PM,8/19/2026,
1901,24.2,gf,0.245,mm,OK,--,9:13:24 PM,8/19/2026,
1902,24.4,gf,0.240,mm,OK,--,9:13:24 PM,8/19/2026,
1903,24.5,gf,0.235,mm,OK,--,9:13:24 PM,8/19/2026,
1904,24.4,gf,0.230,mm,OK,--,9:13:24 PM,8/19/2026,
1905,24.3,gf,0.225,mm,OK,--,9:13:25 PM,8/19/2026,
1906,24.1,gf,0.215,mm,OK,--,9:13:25 PM,8/19/2026,
1907,24.0,gf,0.205,mm,OK,--,9:13:25 PM,8/19/2026,
1908,23.9,gf,0.195,mm,OK,--,9:13:25 PM,8/19/2026,
1909,23.7,gf,0.190,mm,OK,--,9:13:25 PM,8/19/2026,
1910,23.6,gf,0.185,mm,OK,--,9:13:25 PM,8/19/2026,
1911,23.6,gf,0.180,mm,OK,--,9:13:25 PM,8/19/2026,
1912,21.4,gf,0.175,mm,OK,--,9:13:25 PM,8/19/2026,
1913,17.6,gf,0.170,mm,OK,--,9:13:25 PM,8/19/2026,
1914,13.3,gf,0.165,mm,OK,--,9:13:25 PM,8/19/2026,
1915,9.5,gf,0.160,mm,OK,--,9:13:26 PM,8/19/2026,
1916,7.7,gf,0.155,mm,OK,--,9:13:26 PM,8/19/2026,
1917,3.8,gf,0.150,mm,OK,--,9:13:26 PM,8/19/2026,
1918,1.0,gf,0.145,mm,OK,--,9:13:26 PM,8/19/2026,
1919,0.0,gf,0.145,mm,OK,--,9:13:26 PM,8/19/2026,
1920,0.0,gf,0.140,mm,OK,--,9:13:26 PM,8/19/2026,
1921,0.0,gf,0.130,mm,OK,--,9:13:26 PM,8/19/2026,
1922,0.1,gf,0.120,mm,OK,--,9:13:26 PM,8/19/2026,
1923,0.0,gf,0.100,mm,OK,--,9:13:26 PM,8/19/2026,
1924,0.0,gf,0.080,mm,OK,--,9:13:26 PM,8/19/2026,
1925,0.0,gf,0.055,mm,OK,--,9:13:27 PM,8/19/2026,
1926,0.0,gf,0.045,mm,OK,--,9:13:27 PM,8/19/2026,
1927,0.0,gf,0.025,mm,OK,--,9:13:27 PM,8/19/2026,
1928,0.0,gf,0.010,mm,OK,--,9:13:27 PM,8/19/2026,
1929,0.0,gf,-0.010,mm,OK,--,9:13:27 PM,8/19/2026,
1930,0.0,gf,-0.025,mm,OK,--,9:13:27 PM,8/19/2026,
1931,0.0,gf,-0.035,mm,OK,--,9:13:27 PM,8/19/2026,
1932,0.0,gf,-0.045,mm,OK,--,9:13:27 PM,8/19/2026,
1933,0.0,gf,-0.050,mm,OK,--,9:13:27 PM,8/19/2026,
1934,0.0,gf,-0.055,mm,OK,--,9:13:27 PM,8/19/2026,
1935,0.1,gf,-0.060,mm,OK,--,9:13:28 PM,8/19/2026,
1936,0.0,gf,-0.060,mm,OK,--,9:13:28 PM,8/19/2026,
1937,0.1,gf,-0.060,mm,OK,--,9:13:28 PM,8/19/2026,
1938,0.0,gf,-0.060,mm,OK,--,9:13:28 PM,8/19/2026,
1939,0.1,gf,-0.060,mm,OK,--,9:13:28 PM,8/19/2026,
1940,0.0,gf,-0.060,mm,OK,--,9:13:28 PM,8/19/2026,
1941,0.0,gf,-0.060,mm,OK,--,9:13:28 PM,8/19/2026,
1942,0.0,gf,-0.060,mm,OK,--,9:13:28 PM,8/19/2026,
1943,0.0,gf,-0.060,mm,OK,--,9:13:28 PM,8/19/2026,
1944,-0.1,gf,-0.060,mm,OK,--,9:13:28 PM,8/19/2026,
1945,0.0,gf,-0.060,mm,OK,--,9:13:29 PM,8/19/2026,
1946,0.0,gf,-0.060,mm,OK,--,9:13:29 PM,8/19/2026,
1947,-0.1,gf,-0.060,mm,OK,--,9:13:29 PM,8/19/2026,
1948,0.0,gf,-0.060,mm,OK,--,9:13:29 PM,8/19/2026,
1949,0.1,gf,-0.060,mm,OK,--,9:13:29 PM,8/19/2026,
1950,0.0,gf,-0.060,mm,OK,--,9:13:29 PM,8/19/2026,
1951,0.0,gf,-0.060,mm,OK,--,9:13:29 PM,8/19/2026,
1952,0.0,gf,-0.055,mm,OK,--,9:13:29 PM,8/19/2026,
1953,0.0,gf,-0.050,mm,OK,--,9:13:29 PM,8/19/2026,
1954,0.0,gf,-0.045,mm,OK,--,9:13:29 PM,8/19/2026,
1955,0.0,gf,-0.040,mm,OK,--,9:13:30 PM,8/19/2026,
1956,0.1,gf,-0.030,mm,OK,--,9:13:30 PM,8/19/2026,
1957,0.0,gf,-0.025,mm,OK,--,9:13:30 PM,8/19/2026,
1958,0.0,gf,-0.020,mm,OK,--,9:13:30 PM,8/19/2026,
1959,0.0,gf,-0.015,mm,OK,--,9:13:30 PM,8/19/2026,
1960,0.0,gf,-0.010,mm,OK,--,9:13:30 PM,8/19/2026,
1961,-0.1,gf,-0.005,mm,OK,--,9:13:30 PM,8/19/2026,
1962,-0.1,gf,0.000,mm,OK,--,9:13:30 PM,8/19/2026,
1963,-0.1,gf,0.005,mm,OK,--,9:13:30 PM,8/19/2026,
1964,0.0,gf,0.015,mm,OK,--,9:13:30 PM,8/19/2026,
1965,0.0,gf,0.020,mm,OK,--,9:13:31 PM,8/19/2026,
1966,0.0,gf,0.030,mm,OK,--,9:13:31 PM,8/19/2026,
1967,0.0,gf,0.035,mm,OK,--,9:13:31 PM,8/19/2026,
1968,0.0,gf,0.040,mm,OK,--,9:13:31 PM,8/19/2026,
1969,0.0,gf,0.050,mm,OK,--,9:13:31 PM,8/19/2026,
1970,0.0,gf,0.055,mm,OK,--,9:13:31 PM,8/19/2026,
1971,0.0,gf,0.065,mm,OK,--,9:13:31 PM,8/19/2026,
1972,0.0,gf,0.070,mm,OK,--,9:13:31 PM,8/19/2026,
1973,0.0,gf,0.080,mm,OK,--,9:13:31 PM,8/19/2026,
1974,0.0,gf,0.090,mm,OK,--,9:13:31 PM,8/19/2026,
1975,0.0,gf,0.095,mm,OK,--,9:13:32 PM,8/19/2026,
