Maximum,194.1,@,No.650,,,,,,
Minimum,-0.1,@,No.3,,,,,,
Average,51.44,,,,,,,,
Data Quantity,1392,,,,,,,,
Number of NG,0,,,,,,,,
No.,Force,Unit,Displacement,Unit,Judge,Position,Time,Date,
1,0.0,gf,0.000,mm,OK,--,3:45:19 PM,4/11/2026,
2,0.0,gf,0.000,mm,OK,--,3:45:19 PM,4/11/2026,
3,-0.1,gf,0.000,mm,OK,--,3:45:19 PM,4/11/2026,
4,0.0,gf,0.000,mm,OK,--,3:45:19 PM,4/11/2026,
5,0.0,gf,0.000,mm,OK,--,3:45:19 PM,4/11/2026,
6,0.0,gf,0.000,mm,OK,--,3:45:19 PM,4/11/2026,
7,0.2,gf,0.000,mm,OK,--,3:45:19 PM,4/11/2026,
8,0.1,gf,0.000,mm,OK,--,3:45:19 PM,4/11/2026,
9,0.0,gf,0.000,mm,OK,--,3:45:19 PM,4/11/2026,
10,0.0,gf,0.000,mm,OK,--,3:45:19 PM,4/11/2026,
11,0.0,gf,0.000,mm,OK,--,3:45:20 PM,4/11/2026,
12,0.0,gf,0.000,mm,OK,--,3:45:20 PM,4/11/2026,
13,0.0,gf,0.000,mm,OK,--,3:45:20 PM,4/11/2026,
14,0.0,gf,0.000,mm,OK,--,3:45:20 PM,4/11/2026,
15,0.0,gf,0.000,mm,OK,--,3:45:20 PM,4/11/2026,
16,0.0,gf,0.000,mm,OK,--,3:45:20 PM,4/11/2026,
17,0.0,gf,0.000,mm,OK,--,3:45:20 PM,4/11/2026,
18,0.0,gf,0.000,mm,OK,--,3:45:20 PM,4/11/2026,
19,-0.1,gf,0.000,mm,OK,--,3:45:20 PM,4/11/2026,
20,-0.1,gf,0.000,mm,OK,--,3:45:20 PM,4/11/2026,
21,0.0,gf,0.000,mm,OK,--,3:45:21 PM,4/11/2026,
22,0.1,gf,0.005,mm,OK,--,3:45:21 PM,4/11/2026,
23,0.0,gf,0.005,mm,OK,--,3:45:21 PM,4/11/2026,
24,0.0,gf,0.005,mm,OK,--,3:45:21 PM,4/11/2026,
25,0.1,gf,0.005,mm,OK,--,3:45:21 PM,4/11/2026,
26,0.0,gf,0.005,mm,OK,--,3:45:21 PM,4/11/2026,
27,0.0,gf,0.005,mm,OK,--,3:45:21 PM,4/11/2026,
28,0.0,gf,0.005,mm,OK,--,3:45:21 PM,4/11/2026,
29,0.0,gf,0.005,mm,OK,--,3:45:21 PM,4/11/2026,
30,0.0,gf,0.010,mm,OK,--,3:45:21 PM,4/11/2026,
31,0.0,gf,0.010,mm,OK,--,3:45:22 PM,4/11/2026,
32,0.1,gf,0.010,mm,OK,--,3:45:22 PM,4/11/2026,
33,0.0,gf,0.010,mm,OK,--,3:45:22 PM,4/11/2026,
34,0.0,gf,0.010,mm,OK,--,3:45:22 PM,4/11/2026,
35,0.0,gf,0.010,mm,OK,--,3:45:22 PM,4/11/2026,
36,0.0,gf,0.010,mm,OK,--,3:45:22 PM,4/11/2026,
37,0.0,gf,0.010,mm,OK,--,3:45:22 PM,4/11/2026,
38,0.0,gf,0.010,mm,OK,--,3:45:22 PM,4/11/2026,
39,0.0,gf,0.010,mm,OK,--,3:45:22 PM,4/11/2026,
40,0.0,gf,0.010,mm,OK,--,3:45:22 PM,4/11/2026,
41,0.0,gf,0.015,mm,OK,--,3:45:23 PM,4/11/2026,
42,0.0,gf,0.015,mm,OK,--,3:45:23 PM,4/11/2026,
43,0.0,gf,0.015,mm,OK,--,3:45:23 PM,4/11/2026,
44,0.0,gf,0.015,mm,OK,--,3:45:23 PM,4/11/2026,
45,0.0,gf,0.015,mm,OK,--,3:45:23 PM,4/11/2026,
46,0.0,gf,0.020,mm,OK,--,3:45:23 PM,4/11/2026,
47,0.0,gf,0.020,mm,OK,--,3:45:23 PM,4/11/2026,
48,0.0,gf,0.020,mm,OK,--,3:45:23 PM,4/11/2026,
49,0.0,gf,0.025,mm,OK,--,3:45:23 PM,4/11/2026,
50,0.0,gf,0.025,mm,OK,--,3:45:23 PM,4/11/2026,
51,0.0,gf,0.025,mm,OK,--,3:45:24 PM,4/11/2026,
52,0.0,gf,0.030,mm,OK,--,3:45:24 PM,4/11/2026,
53,0.0,gf,0.030,mm,OK,--,3:45:24 PM,4/11/2026,
54,0.0,gf,0.035,mm,OK,--,3:45:24 PM,4/11/2026,
55,0.0,gf,0.035,mm,OK,--,3:45:24 PM,4/11/2026,
56,0.0,gf,0.040,mm,OK,--,3:45:24 PM,4/11/2026,
57,0.0,gf,0.040,mm,OK,--,3:45:24 PM,4/11/2026,
58,0.0,gf,0.045,mm,OK,--,3:45:24 PM,4/11/2026,
59,0.0,gf,0.045,mm,OK,--,3:45:24 PM,4/11/2026,
60,0.0,gf,0.045,mm,OK,--,3:45:24 PM,4/11/2026,
61,0.0,gf,0.045,mm,OK,--,3:45:25 PM,4/11/2026,
62,0.0,gf,0.045,mm,OK,--,3:45:25 PM,4/11/2026,
63,0.0,gf,0.050,mm,OK,--,3:45:25 PM,4/11/2026,
64,1.1,gf,0.050,mm,OK,--,3:45:25 PM,4/11/2026,
65,3.6,gf,0.055,mm,OK,--,3:45:25 PM,4/11/2026,
66,5.4,gf,0.055,mm,OK,--,3:45:25 PM,4/11/2026,
67,6.8,gf,0.055,mm,OK,--,3:45:25 PM,4/11/2026,
68,8.0,gf,0.055,mm,OK,--,3:45:25 PM,4/11/2026,
69,9.0,gf,0.060,mm,OK,--,3:45:25 PM,4/11/2026,
70,9.8,gf,0.060,mm,OK,--,3:45:25 PM,4/11/2026,
71,10.7,gf,0.060,mm,OK,--,3:45:26 PM,4/11/2026,
72,11.5,gf,0.060,mm,OK,--,3:45:26 PM,4/11/2026,
73,12.2,gf,0.060,mm,OK,--,3:45:26 PM,4/11/2026,
74,12.9,gf,0.060,mm,OK,--,3:45:26 PM,4/11/2026,
75,13.7,gf,0.065,mm,OK,--,3:45:26 PM,4/11/2026,
76,14.7,gf,0.065,mm,OK,--,3:45:26 PM,4/11/2026,
77,15.6,gf,0.065,mm,OK,--,3:45:26 PM,4/11/2026,
78,16.5,gf,0.065,mm,OK,--,3:45:26 PM,4/11/2026,
79,17.4,gf,0.065,mm,OK,--,3:45:26 PM,4/11/2026,
80,18.4,gf,0.070,mm,OK,--,3:45:26 PM,4/11/2026,
81,19.6,gf,0.070,mm,OK,--,3:45:27 PM,4/11/2026,
82,20.6,gf,0.070,mm,OK,--,3:45:27 PM,4/11/2026,
83,21.3,gf,0.070,mm,OK,--,3:45:27 PM,4/11/2026,
84,22.3,gf,0.075,mm,OK,--,3:45:27 PM,4/11/2026,
85,23.7,gf,0.075,mm,OK,--,3:45:27 PM,4/11/2026,
86,25.1,gf,0.075,mm,OK,--,3:45:27 PM,4/11/2026,
87,26.6,gf,0.080,mm,OK,--,3:45:27 PM,4/11/2026,
88,27.7,gf,0.080,mm,OK,--,3:45:27 PM,4/11/2026,
89,29.0,gf,0.080,mm,OK,--,3:45:27 PM,4/11/2026,
90,29.8,gf,0.080,mm,OK,--,3:45:27 PM,4/11/2026,
91,30.0,gf,0.085,mm,OK,--,3:45:28 PM,4/11/2026,
92,30.0,gf,0.085,mm,OK,--,3:45:28 PM,4/11/2026,
93,30.0,gf,0.085,mm,OK,--,3:45:28 PM,4/11/2026,
94,30.0,gf,0.085,mm,OK,--,3:45:28 PM,4/11/2026,
95,30.1,gf,0.090,mm,OK,--,3:45:28 PM,4/11/2026,
96,30.2,gf,0.090,mm,OK,--,3:45:28 PM,4/11/2026,
97,30.4,gf,0.090,mm,OK,--,3:45:28 PM,4/11/2026,
98,30.5,gf,0.095,mm,OK,--,3:45:28 PM,4/11/2026,
99,30.5,gf,0.095,mm,OK,--,3:45:28 PM,4/11/2026,
100,30.6,gf,0.095,mm,OK,--,3:45:28 PM,4/11/2026,
101,31.0,gf,0.100,mm,OK,--,3:45:29 PM,4/11/2026,
102,31.1,gf,0.100,mm,OK,--,3:45:29 PM,4/11/2026,
103,31.2,gf,0.105,mm,OK,--,3:45:29 PM,4/11/2026,
104,31.2,gf,0.105,mm,OK,--,3:45:29 PM,4/11/2026,
105,31.3,gf,0.110,mm,OK,--,3:45:29 PM,4/11/2026,
106,31.4,gf,0.110,mm,OK,--,3:45:29 PM,4/11/2026,
107,31.2,gf,0.110,mm,OK,--,3:45:29 PM,4/11/2026,
108,31.2,gf,0.110,mm,OK,--,3:45:29 PM,4/11/2026,
109,31.3,gf,0.110,mm,OK,--,3:45:29 PM,4/11/2026,
110,31.3,gf,0.110,mm,OK,--,3:45:29 PM,4/11/2026,
111,31.5,gf,0.115,mm,OK,--,3:45:30 PM,4/11/2026,
112,31.6,gf,0.115,mm,OK,--,3:45:30 PM,4/11/2026,
113,31.5,gf,0.115,mm,OK,--,3:45:30 PM,4/11/2026,
114,31.5,gf,0.115,mm,OK,--,3:45:30 PM,4/11/2026,
115,31.5,gf,0.120,mm,OK,--,3:45:30 PM,4/11/2026,
116,31.5,gf,0.120,mm,OK,--,3:45:30 PM,4/11/2026,
117,31.6,gf,0.120,mm,OK,--,3:45:30 PM,4/11/2026,
118,31.6,gf,0.120,mm,OK,--,3:45:30 PM,4/11/2026,
119,31.5,gf,0.125,mm,OK,--,3:45:30 PM,4/11/2026,
120,31.5,gf,0.125,mm,OK,--,3:45:30 PM,4/11/2026,
121,31.4,gf,0.130,mm,OK,--,3:45:31 PM,4/11/2026,
122,31.4,gf,0.130,mm,OK,--,3:45:31 PM,4/11/2026,
123,31.4,gf,0.130,mm,OK,--,3:45:31 PM,4/11/2026,
124,31.4,gf,0.130,mm,OK,--,3:45:31 PM,4/11/2026,
125,31.4,gf,0.135,mm,OK,--,3:45:31 PM,4/11/2026,
126,31.5,gf,0.135,mm,OK,--,3:45:31 PM,4/11/2026,
127,31.5,gf,0.135,mm,OK,--,3:45:31 PM,4/11/2026,
128,31.5,gf,0.140,mm,OK,--,3:45:31 PM,4/11/2026,
129,31.6,gf,0.140,mm,OK,--,3:45:31 PM,4/11/2026,
130,31.5,gf,0.145,mm,OK,--,3:45:31 PM,4/11/2026,
131,31.2,gf,0.145,mm,OK,--,3:45:32 PM,4/11/2026,
132,31.2,gf,0.150,mm,OK,--,3:45:32 PM,4/11/2026,
133,31.3,gf,0.150,mm,OK,--,3:45:32 PM,4/11/2026,
134,31.4,gf,0.155,mm,OK,--,3:45:32 PM,4/11/2026,
135,31.4,gf,0.155,mm,OK,--,3:45:32 PM,4/11/2026,
136,31.4,gf,0.160,mm,OK,--,3:45:32 PM,4/11/2026,
137,31.5,gf,0.160,mm,OK,--,3:45:32 PM,4/11/2026,
138,31.5,gf,0.165,mm,OK,--,3:45:32 PM,4/11/2026,
139,31.3,gf,0.170,mm,OK,--,3:45:32 PM,4/11/2026,
140,31.2,gf,0.175,mm,OK,--,3:45:32 PM,4/11/2026,
141,31.2,gf,0.180,mm,OK,--,3:45:33 PM,4/11/2026,
142,31.3,gf,0.185,mm,OK,--,3:45:33 PM,4/11/2026,
143,31.2,gf,0.190,mm,OK,--,3:45:33 PM,4/11/2026,
144,31.2,gf,0.195,mm,OK,--,3:45:33 PM,4/11/2026,
145,31.3,gf,0.200,mm,OK,--,3:45:33 PM,4/11/2026,
146,31.3,gf,0.205,mm,OK,--,3:45:33 PM,4/11/2026,
147,31.4,gf,0.215,mm,OK,--,3:45:33 PM,4/11/2026,
148,31.1,gf,0.225,mm,OK,--,3:45:33 PM,4/11/2026,
149,31.1,gf,0.225,mm,OK,--,3:45:33 PM,4/11/2026,
150,31.2,gf,0.230,mm,OK,--,3:45:33 PM,4/11/2026,
151,31.3,gf,0.235,mm,OK,--,3:45:34 PM,4/11/2026,
152,31.4,gf,0.240,mm,OK,--,3:45:34 PM,4/11/2026,
153,31.4,gf,0.245,mm,OK,--,3:45:34 PM,4/11/2026,
154,31.5,gf,0.250,mm,OK,--,3:45:34 PM,4/11/2026,
155,31.5,gf,0.255,mm,OK,--,3:45:34 PM,4/11/2026,
156,31.5,gf,0.255,mm,OK,--,3:45:34 PM,4/11/2026,
157,31.5,gf,0.260,mm,OK,--,3:45:34 PM,4/11/2026,
158,31.5,gf,0.265,mm,OK,--,3:45:34 PM,4/11/2026,
159,31.4,gf,0.270,mm,OK,--,3:45:34 PM,4/11/2026,
160,31.3,gf,0.270,mm,OK,--,3:45:34 PM,4/11/2026,
161,31.3,gf,0.275,mm,OK,--,3:45:35 PM,4/11/2026,
162,31.2,gf,0.275,mm,OK,--,3:45:35 PM,4/11/2026,
163,31.3,gf,0.275,mm,OK,--,3:45:35 PM,4/11/2026,
164,31.4,gf,0.280,mm,OK,--,3:45:35 PM,4/11/2026,
165,31.5,gf,0.280,mm,OK,--,3:45:35 PM,4/11/2026,
166,31.5,gf,0.285,mm,OK,--,3:45:35 PM,4/11/2026,
167,31.3,gf,0.285,mm,OK,--,3:45:35 PM,4/11/2026,
168,31.3,gf,0.290,mm,OK,--,3:45:35 PM,4/11/2026,
169,31.2,gf,0.290,mm,OK,--,3:45:35 PM,4/11/2026,
170,31.2,gf,0.295,mm,OK,--,3:45:35 PM,4/11/2026,
171,31.3,gf,0.295,mm,OK,--,3:45:36 PM,4/11/2026,
172,31.4,gf,0.300,mm,OK,--,3:45:36 PM,4/11/2026,
173,31.4,gf,0.305,mm,OK,--,3:45:36 PM,4/11/2026,
174,31.4,gf,0.310,mm,OK,--,3:45:36 PM,4/11/2026,
175,31.3,gf,0.310,mm,OK,--,3:45:36 PM,4/11/2026,
176,31.4,gf,0.315,mm,OK,--,3:45:36 PM,4/11/2026,
177,31.4,gf,0.320,mm,OK,--,3:45:36 PM,4/11/2026,
178,31.3,gf,0.325,mm,OK,--,3:45:36 PM,4/11/2026,
179,31.4,gf,0.330,mm,OK,--,3:45:36 PM,4/11/2026,
180,31.5,gf,0.335,mm,OK,--,3:45:36 PM,4/11/2026,
181,31.5,gf,0.335,mm,OK,--,3:45:37 PM,4/11/2026,
182,31.6,gf,0.340,mm,OK,--,3:45:37 PM,4/11/2026,
183,31.7,gf,0.345,mm,OK,--,3:45:37 PM,4/11/2026,
184,31.6,gf,0.345,mm,OK,--,3:45:37 PM,4/11/2026,
185,31.6,gf,0.345,mm,OK,--,3:45:37 PM,4/11/2026,
186,31.6,gf,0.350,mm,OK,--,3:45:37 PM,4/11/2026,
187,31.7,gf,0.355,mm,OK,--,3:45:37 PM,4/11/2026,
188,31.8,gf,0.355,mm,OK,--,3:45:37 PM,4/11/2026,
189,32.0,gf,0.360,mm,OK,--,3:45:37 PM,4/11/2026,
190,31.8,gf,0.365,mm,OK,--,3:45:37 PM,4/11/2026,
191,31.5,gf,0.370,mm,OK,--,3:45:38 PM,4/11/2026,
192,31.5,gf,0.375,mm,OK,--,3:45:38 PM,4/11/2026,
193,31.5,gf,0.375,mm,OK,--,3:45:38 PM,4/11/2026,
194,31.5,gf,0.380,mm,OK,--,3:45:38 PM,4/11/2026,
195,31.4,gf,0.380,mm,OK,--,3:45:38 PM,4/11/2026,
196,31.4,gf,0.385,mm,OK,--,3:45:38 PM,4/11/2026,
197,31.4,gf,0.390,mm,OK,--,3:45:38 PM,4/11/2026,
198,31.3,gf,0.390,mm,OK,--,3:45:38 PM,4/11/2026,
199,31.5,gf,0.395,mm,OK,--,3:45:38 PM,4/11/2026,
200,31.6,gf,0.400,mm,OK,--,3:45:38 PM,4/11/2026,
201,31.6,gf,0.405,mm,OK,--,3:45:39 PM,4/11/2026,
202,31.5,gf,0.405,mm,OK,--,3:45:39 PM,4/11/2026,
203,31.4,gf,0.410,mm,OK,--,3:45:39 PM,4/11/2026,
204,31.4,gf,0.410,mm,OK,--,3:45:39 PM,4/11/2026,
205,31.4,gf,0.415,mm,OK,--,3:45:39 PM,4/11/2026,
206,31.4,gf,0.420,mm,OK,--,3:45:39 PM,4/11/2026,
207,31.5,gf,0.420,mm,OK,--,3:45:39 PM,4/11/2026,
208,31.5,gf,0.425,mm,OK,--,3:45:39 PM,4/11/2026,
209,31.5,gf,0.425,mm,OK,--,3:45:39 PM,4/11/2026,
210,31.5,gf,0.430,mm,OK,--,3:45:39 PM,4/11/2026,
211,31.6,gf,0.430,mm,OK,--,3:45:40 PM,4/11/2026,
212,31.7,gf,0.435,mm,OK,--,3:45:40 PM,4/11/2026,
213,31.7,gf,0.440,mm,OK,--,3:45:40 PM,4/11/2026,
214,31.7,gf,0.445,mm,OK,--,3:45:40 PM,4/11/2026,
215,31.7,gf,0.445,mm,OK,--,3:45:40 PM,4/11/2026,
216,31.8,gf,0.450,mm,OK,--,3:45:40 PM,4/11/2026,
217,31.8,gf,0.455,mm,OK,--,3:45:40 PM,4/11/2026,
218,31.9,gf,0.455,mm,OK,--,3:45:40 PM,4/11/2026,
219,31.9,gf,0.460,mm,OK,--,3:45:40 PM,4/11/2026,
220,31.8,gf,0.460,mm,OK,--,3:45:40 PM,4/11/2026,
221,31.8,gf,0.465,mm,OK,--,3:45:41 PM,4/11/2026,
222,31.7,gf,0.465,mm,OK,--,3:45:41 PM,4/11/2026,
223,31.6,gf,0.465,mm,OK,--,3:45:41 PM,4/11/2026,
224,31.6,gf,0.465,mm,OK,--,3:45:41 PM,4/11/2026,
225,31.5,gf,0.465,mm,OK,--,3:45:41 PM,4/11/2026,
226,31.5,gf,0.465,mm,OK,--,3:45:41 PM,4/11/2026,
227,31.6,gf,0.465,mm,OK,--,3:45:41 PM,4/11/2026,
228,31.6,gf,0.465,mm,OK,--,3:45:41 PM,4/11/2026,
229,31.6,gf,0.465,mm,OK,--,3:45:41 PM,4/11/2026,
230,31.5,gf,0.465,mm,OK,--,3:45:41 PM,4/11/2026,
231,31.5,gf,0.465,mm,OK,--,3:45:42 PM,4/11/2026,
232,31.7,gf,0.465,mm,OK,--,3:45:42 PM,4/11/2026,
233,31.7,gf,0.465,mm,OK,--,3:45:42 PM,4/11/2026,
234,31.7,gf,0.465,mm,OK,--,3:45:42 PM,4/11/2026,
235,31.8,gf,0.465,mm,OK,--,3:45:42 PM,4/11/2026,
236,31.9,gf,0.465,mm,OK,--,3:45:42 PM,4/11/2026,
237,32.0,gf,0.470,mm,OK,--,3:45:42 PM,4/11/2026,
238,32.0,gf,0.470,mm,OK,--,3:45:42 PM,4/11/2026,
239,32.0,gf,0.475,mm,OK,--,3:45:42 PM,4/11/2026,
240,31.9,gf,0.475,mm,OK,--,3:45:42 PM,4/11/2026,
241,31.9,gf,0.480,mm,OK,--,3:45:43 PM,4/11/2026,
242,32.0,gf,0.480,mm,OK,--,3:45:43 PM,4/11/2026,
243,31.9,gf,0.485,mm,OK,--,3:45:43 PM,4/11/2026,
244,31.9,gf,0.485,mm,OK,--,3:45:43 PM,4/11/2026,
245,31.9,gf,0.490,mm,OK,--,3:45:43 PM,4/11/2026,
246,31.9,gf,0.490,mm,OK,--,3:45:43 PM,4/11/2026,
247,32.0,gf,0.495,mm,OK,--,3:45:43 PM,4/11/2026,
248,32.0,gf,0.495,mm,OK,--,3:45:43 PM,4/11/2026,
249,32.0,gf,0.500,mm,OK,--,3:45:43 PM,4/11/2026,
250,32.0,gf,0.500,mm,OK,--,3:45:43 PM,4/11/2026,
251,32.1,gf,0.505,mm,OK,--,3:45:44 PM,4/11/2026,
252,32.1,gf,0.510,mm,OK,--,3:45:44 PM,4/11/2026,
253,32.0,gf,0.515,mm,OK,--,3:45:44 PM,4/11/2026,
254,32.0,gf,0.520,mm,OK,--,3:45:44 PM,4/11/2026,
255,32.1,gf,0.520,mm,OK,--,3:45:44 PM,4/11/2026,
256,32.1,gf,0.525,mm,OK,--,3:45:44 PM,4/11/2026,
257,32.1,gf,0.525,mm,OK,--,3:45:44 PM,4/11/2026,
258,32.1,gf,0.530,mm,OK,--,3:45:44 PM,4/11/2026,
259,32.1,gf,0.530,mm,OK,--,3:45:44 PM,4/11/2026,
260,32.0,gf,0.535,mm,OK,--,3:45:44 PM,4/11/2026,
261,32.1,gf,0.535,mm,OK,--,3:45:45 PM,4/11/2026,
262,32.2,gf,0.540,mm,OK,--,3:45:45 PM,4/11/2026,
263,32.2,gf,0.545,mm,OK,--,3:45:45 PM,4/11/2026,
264,32.2,gf,0.545,mm,OK,--,3:45:45 PM,4/11/2026,
265,32.1,gf,0.550,mm,OK,--,3:45:45 PM,4/11/2026,
266,32.1,gf,0.555,mm,OK,--,3:45:45 PM,4/11/2026,
267,32.1,gf,0.560,mm,OK,--,3:45:45 PM,4/11/2026,
268,32.2,gf,0.560,mm,OK,--,3:45:45 PM,4/11/2026,
269,32.3,gf,0.565,mm,OK,--,3:45:45 PM,4/11/2026,
270,32.4,gf,0.570,mm,OK,--,3:45:45 PM,4/11/2026,
271,32.4,gf,0.575,mm,OK,--,3:45:46 PM,4/11/2026,
272,32.3,gf,0.580,mm,OK,--,3:45:46 PM,4/11/2026,
273,32.3,gf,0.585,mm,OK,--,3:45:46 PM,4/11/2026,
274,32.2,gf,0.585,mm,OK,--,3:45:46 PM,4/11/2026,
275,32.2,gf,0.590,mm,OK,--,3:45:46 PM,4/11/2026,
276,32.2,gf,0.595,mm,OK,--,3:45:46 PM,4/11/2026,
277,32.2,gf,0.600,mm,OK,--,3:45:46 PM,4/11/2026,
278,32.3,gf,0.600,mm,OK,--,3:45:46 PM,4/11/2026,
279,32.4,gf,0.605,mm,OK,--,3:45:46 PM,4/11/2026,
280,32.4,gf,0.610,mm,OK,--,3:45:46 PM,4/11/2026,
281,32.4,gf,0.610,mm,OK,--,3:45:47 PM,4/11/2026,
282,32.4,gf,0.615,mm,OK,--,3:45:47 PM,4/11/2026,
283,32.5,gf,0.620,mm,OK,--,3:45:47 PM,4/11/2026,
284,32.5,gf,0.625,mm,OK,--,3:45:47 PM,4/11/2026,
285,32.5,gf,0.625,mm,OK,--,3:45:47 PM,4/11/2026,
286,32.3,gf,0.630,mm,OK,--,3:45:47 PM,4/11/2026,
287,32.4,gf,0.635,mm,OK,--,3:45:47 PM,4/11/2026,
288,32.5,gf,0.640,mm,OK,--,3:45:47 PM,4/11/2026,
289,32.5,gf,0.645,mm,OK,--,3:45:47 PM,4/11/2026,
290,32.7,gf,0.645,mm,OK,--,3:45:47 PM,4/11/2026,
291,32.8,gf,0.655,mm,OK,--,3:45:48 PM,4/11/2026,
292,32.6,gf,0.660,mm,OK,--,3:45:48 PM,4/11/2026,
293,32.6,gf,0.665,mm,OK,--,3:45:48 PM,4/11/2026,
294,32.8,gf,0.670,mm,OK,--,3:45:48 PM,4/11/2026,
295,32.8,gf,0.675,mm,OK,--,3:45:48 PM,4/11/2026,
296,32.7,gf,0.680,mm,OK,--,3:45:48 PM,4/11/2026,
297,32.8,gf,0.690,mm,OK,--,3:45:48 PM,4/11/2026,
298,32.8,gf,0.695,mm,OK,--,3:45:48 PM,4/11/2026,
299,32.8,gf,0.700,mm,OK,--,3:45:48 PM,4/11/2026,
300,33.0,gf,0.710,mm,OK,--,3:45:48 PM,4/11/2026,
301,33.0,gf,0.715,mm,OK,--,3:45:49 PM,4/11/2026,
302,32.8,gf,0.725,mm,OK,--,3:45:49 PM,4/11/2026,
303,32.9,gf,0.730,mm,OK,--,3:45:49 PM,4/11/2026,
304,33.1,gf,0.735,mm,OK,--,3:45:49 PM,4/11/2026,
305,33.2,gf,0.740,mm,OK,--,3:45:49 PM,4/11/2026,
306,33.3,gf,0.745,mm,OK,--,3:45:49 PM,4/11/2026,
307,33.3,gf,0.750,mm,OK,--,3:45:49 PM,4/11/2026,
308,33.3,gf,0.755,mm,OK,--,3:45:49 PM,4/11/2026,
309,33.2,gf,0.765,mm,OK,--,3:45:49 PM,4/11/2026,
310,33.1,gf,0.765,mm,OK,--,3:45:49 PM,4/11/2026,
311,33.3,gf,0.770,mm,OK,--,3:45:50 PM,4/11/2026,
312,33.4,gf,0.775,mm,OK,--,3:45:50 PM,4/11/2026,
313,33.3,gf,0.780,mm,OK,--,3:45:50 PM,4/11/2026,
314,33.2,gf,0.780,mm,OK,--,3:45:50 PM,4/11/2026,
315,33.1,gf,0.780,mm,OK,--,3:45:50 PM,4/11/2026,
316,33.1,gf,0.780,mm,OK,--,3:45:50 PM,4/11/2026,
317,33.1,gf,0.780,mm,OK,--,3:45:50 PM,4/11/2026,
318,33.1,gf,0.780,mm,OK,--,3:45:50 PM,4/11/2026,
319,33.1,gf,0.780,mm,OK,--,3:45:50 PM,4/11/2026,
320,33.1,gf,0.785,mm,OK,--,3:45:50 PM,4/11/2026,
321,33.2,gf,0.785,mm,OK,--,3:45:51 PM,4/11/2026,
322,33.4,gf,0.785,mm,OK,--,3:45:51 PM,4/11/2026,
323,33.4,gf,0.790,mm,OK,--,3:45:51 PM,4/11/2026,
324,33.2,gf,0.795,mm,OK,--,3:45:51 PM,4/11/2026,
325,33.1,gf,0.795,mm,OK,--,3:45:51 PM,4/11/2026,
326,33.3,gf,0.800,mm,OK,--,3:45:51 PM,4/11/2026,
327,33.4,gf,0.805,mm,OK,--,3:45:51 PM,4/11/2026,
328,33.5,gf,0.810,mm,OK,--,3:45:51 PM,4/11/2026,
329,33.7,gf,0.815,mm,OK,--,3:45:51 PM,4/11/2026,
330,33.7,gf,0.815,mm,OK,--,3:45:51 PM,4/11/2026,
331,33.8,gf,0.820,mm,OK,--,3:45:52 PM,4/11/2026,
332,33.7,gf,0.825,mm,OK,--,3:45:52 PM,4/11/2026,
333,33.7,gf,0.830,mm,OK,--,3:45:52 PM,4/11/2026,
334,33.7,gf,0.830,mm,OK,--,3:45:52 PM,4/11/2026,
335,33.7,gf,0.835,mm,OK,--,3:45:52 PM,4/11/2026,
336,33.7,gf,0.845,mm,OK,--,3:45:52 PM,4/11/2026,
337,33.8,gf,0.850,mm,OK,--,3:45:52 PM,4/11/2026,
338,33.9,gf,0.855,mm,OK,--,3:45:52 PM,4/11/2026,
339,34.0,gf,0.865,mm,OK,--,3:45:52 PM,4/11/2026,
340,34.1,gf,0.870,mm,OK,--,3:45:52 PM,4/11/2026,
341,33.9,gf,0.880,mm,OK,--,3:45:53 PM,4/11/2026,
342,33.9,gf,0.885,mm,OK,--,3:45:53 PM,4/11/2026,
343,34.0,gf,0.895,mm,OK,--,3:45:53 PM,4/11/2026,
344,34.2,gf,0.900,mm,OK,--,3:45:53 PM,4/11/2026,
345,34.2,gf,0.910,mm,OK,--,3:45:53 PM,4/11/2026,
346,34.3,gf,0.915,mm,OK,--,3:45:53 PM,4/11/2026,
347,34.3,gf,0.920,mm,OK,--,3:45:53 PM,4/11/2026,
348,34.3,gf,0.925,mm,OK,--,3:45:53 PM,4/11/2026,
349,34.3,gf,0.935,mm,OK,--,3:45:53 PM,4/11/2026,
350,34.4,gf,0.945,mm,OK,--,3:45:53 PM,4/11/2026,
351,34.6,gf,0.955,mm,OK,--,3:45:54 PM,4/11/2026,
352,34.6,gf,0.960,mm,OK,--,3:45:54 PM,4/11/2026,
353,34.6,gf,0.970,mm,OK,--,3:45:54 PM,4/11/2026,
354,34.4,gf,0.975,mm,OK,--,3:45:54 PM,4/11/2026,
355,34.5,gf,0.985,mm,OK,--,3:45:54 PM,4/11/2026,
356,34.6,gf,0.990,mm,OK,--,3:45:54 PM,4/11/2026,
357,34.5,gf,1.000,mm,OK,--,3:45:54 PM,4/11/2026,
358,34.4,gf,1.005,mm,OK,--,3:45:54 PM,4/11/2026,
359,34.6,gf,1.015,mm,OK,--,3:45:54 PM,4/11/2026,
360,34.5,gf,1.020,mm,OK,--,3:45:54 PM,4/11/2026,
361,34.5,gf,1.025,mm,OK,--,3:45:55 PM,4/11/2026,
362,34.5,gf,1.030,mm,OK,--,3:45:55 PM,4/11/2026,
363,34.6,gf,1.035,mm,OK,--,3:45:55 PM,4/11/2026,
364,34.7,gf,1.040,mm,OK,--,3:45:55 PM,4/11/2026,
365,34.9,gf,1.045,mm,OK,--,3:45:55 PM,4/11/2026,
366,34.9,gf,1.055,mm,OK,--,3:45:55 PM,4/11/2026,
367,34.8,gf,1.060,mm,OK,--,3:45:55 PM,4/11/2026,
368,34.9,gf,1.065,mm,OK,--,3:45:55 PM,4/11/2026,
369,34.9,gf,1.070,mm,OK,--,3:45:55 PM,4/11/2026,
370,35.0,gf,1.075,mm,OK,--,3:45:55 PM,4/11/2026,
371,35.0,gf,1.075,mm,OK,--,3:45:56 PM,4/11/2026,
372,35.1,gf,1.080,mm,OK,--,3:45:56 PM,4/11/2026,
373,35.2,gf,1.080,mm,OK,--,3:45:56 PM,4/11/2026,
374,35.2,gf,1.085,mm,OK,--,3:45:56 PM,4/11/2026,
375,35.2,gf,1.085,mm,OK,--,3:45:56 PM,4/11/2026,
376,35.2,gf,1.085,mm,OK,--,3:45:56 PM,4/11/2026,
377,35.3,gf,1.090,mm,OK,--,3:45:56 PM,4/11/2026,
378,35.4,gf,1.090,mm,OK,--,3:45:56 PM,4/11/2026,
379,35.3,gf,1.090,mm,OK,--,3:45:56 PM,4/11/2026,
380,35.3,gf,1.095,mm,OK,--,3:45:56 PM,4/11/2026,
381,35.4,gf,1.095,mm,OK,--,3:45:57 PM,4/11/2026,
382,35.4,gf,1.095,mm,OK,--,3:45:57 PM,4/11/2026,
383,35.3,gf,1.095,mm,OK,--,3:45:57 PM,4/11/2026,
384,35.3,gf,1.095,mm,OK,--,3:45:57 PM,4/11/2026,
385,35.4,gf,1.095,mm,OK,--,3:45:57 PM,4/11/2026,
386,35.4,gf,1.095,mm,OK,--,3:45:57 PM,4/11/2026,
387,35.4,gf,1.100,mm,OK,--,3:45:57 PM,4/11/2026,
388,35.4,gf,1.100,mm,OK,--,3:45:57 PM,4/11/2026,
389,35.4,gf,1.100,mm,OK,--,3:45:57 PM,4/11/2026,
390,35.2,gf,1.100,mm,OK,--,3:45:57 PM,4/11/2026,
391,35.3,gf,1.100,mm,OK,--,3:45:58 PM,4/11/2026,
392,35.3,gf,1.100,mm,OK,--,3:45:58 PM,4/11/2026,
393,35.4,gf,1.100,mm,OK,--,3:45:58 PM,4/11/2026,
394,35.4,gf,1.100,mm,OK,--,3:45:58 PM,4/11/2026,
395,35.3,gf,1.105,mm,OK,--,3:45:58 PM,4/11/2026,
396,35.4,gf,1.105,mm,OK,--,3:45:58 PM,4/11/2026,
397,35.5,gf,1.105,mm,OK,--,3:45:58 PM,4/11/2026,
398,35.5,gf,1.110,mm,OK,--,3:45:58 PM,4/11/2026,
399,35.6,gf,1.115,mm,OK,--,3:45:58 PM,4/11/2026,
400,35.8,gf,1.125,mm,OK,--,3:45:58 PM,4/11/2026,
401,35.8,gf,1.130,mm,OK,--,3:45:59 PM,4/11/2026,
402,35.9,gf,1.140,mm,OK,--,3:45:59 PM,4/11/2026,
403,35.8,gf,1.145,mm,OK,--,3:45:59 PM,4/11/2026,
404,35.8,gf,1.150,mm,OK,--,3:45:59 PM,4/11/2026,
405,35.8,gf,1.150,mm,OK,--,3:45:59 PM,4/11/2026,
406,35.9,gf,1.155,mm,OK,--,3:45:59 PM,4/11/2026,
407,36.0,gf,1.160,mm,OK,--,3:45:59 PM,4/11/2026,
408,36.0,gf,1.160,mm,OK,--,3:45:59 PM,4/11/2026,
409,36.1,gf,1.165,mm,OK,--,3:45:59 PM,4/11/2026,
410,36.2,gf,1.170,mm,OK,--,3:45:59 PM,4/11/2026,
411,36.3,gf,1.175,mm,OK,--,3:46:00 PM,4/11/2026,
412,36.4,gf,1.185,mm,OK,--,3:46:00 PM,4/11/2026,
413,36.6,gf,1.195,mm,OK,--,3:46:00 PM,4/11/2026,
414,36.7,gf,1.205,mm,OK,--,3:46:00 PM,4/11/2026,
415,36.9,gf,1.220,mm,OK,--,3:46:00 PM,4/11/2026,
416,37.2,gf,1.235,mm,OK,--,3:46:00 PM,4/11/2026,
417,37.4,gf,1.245,mm,OK,--,3:46:00 PM,4/11/2026,
418,37.6,gf,1.255,mm,OK,--,3:46:00 PM,4/11/2026,
419,37.7,gf,1.260,mm,OK,--,3:46:00 PM,4/11/2026,
420,37.9,gf,1.275,mm,OK,--,3:46:00 PM,4/11/2026,
421,38.1,gf,1.290,mm,OK,--,3:46:01 PM,4/11/2026,
422,38.3,gf,1.305,mm,OK,--,3:46:01 PM,4/11/2026,
423,38.3,gf,1.315,mm,OK,--,3:46:01 PM,4/11/2026,
424,38.4,gf,1.320,mm,OK,--,3:46:01 PM,4/11/2026,
425,38.4,gf,1.330,mm,OK,--,3:46:01 PM,4/11/2026,
426,38.4,gf,1.335,mm,OK,--,3:46:01 PM,4/11/2026,
427,38.4,gf,1.340,mm,OK,--,3:46:01 PM,4/11/2026,
428,38.5,gf,1.345,mm,OK,--,3:46:01 PM,4/11/2026,
429,38.5,gf,1.355,mm,OK,--,3:46:01 PM,4/11/2026,
430,38.6,gf,1.360,mm,OK,--,3:46:01 PM,4/11/2026,
431,38.5,gf,1.365,mm,OK,--,3:46:02 PM,4/11/2026,
432,38.6,gf,1.370,mm,OK,--,3:46:02 PM,4/11/2026,
433,38.6,gf,1.370,mm,OK,--,3:46:02 PM,4/11/2026,
434,38.6,gf,1.375,mm,OK,--,3:46:02 PM,4/11/2026,
435,38.6,gf,1.380,mm,OK,--,3:46:02 PM,4/11/2026,
436,38.6,gf,1.380,mm,OK,--,3:46:02 PM,4/11/2026,
437,38.6,gf,1.385,mm,OK,--,3:46:02 PM,4/11/2026,
438,38.7,gf,1.390,mm,OK,--,3:46:02 PM,4/11/2026,
439,38.7,gf,1.395,mm,OK,--,3:46:02 PM,4/11/2026,
440,38.7,gf,1.400,mm,OK,--,3:46:02 PM,4/11/2026,
441,38.7,gf,1.405,mm,OK,--,3:46:03 PM,4/11/2026,
442,38.7,gf,1.410,mm,OK,--,3:46:03 PM,4/11/2026,
443,38.7,gf,1.415,mm,OK,--,3:46:03 PM,4/11/2026,
444,38.9,gf,1.425,mm,OK,--,3:46:03 PM,4/11/2026,
445,38.8,gf,1.430,mm,OK,--,3:46:03 PM,4/11/2026,
446,38.8,gf,1.430,mm,OK,--,3:46:03 PM,4/11/2026,
447,38.9,gf,1.435,mm,OK,--,3:46:03 PM,4/11/2026,
448,38.9,gf,1.440,mm,OK,--,3:46:03 PM,4/11/2026,
449,38.9,gf,1.450,mm,OK,--,3:46:03 PM,4/11/2026,
450,38.9,gf,1.455,mm,OK,--,3:46:03 PM,4/11/2026,
451,39.0,gf,1.460,mm,OK,--,3:46:04 PM,4/11/2026,
452,39.1,gf,1.470,mm,OK,--,3:46:04 PM,4/11/2026,
453,39.1,gf,1.475,mm,OK,--,3:46:04 PM,4/11/2026,
454,39.1,gf,1.485,mm,OK,--,3:46:04 PM,4/11/2026,
455,39.1,gf,1.495,mm,OK,--,3:46:04 PM,4/11/2026,
456,39.2,gf,1.505,mm,OK,--,3:46:04 PM,4/11/2026,
457,39.2,gf,1.510,mm,OK,--,3:46:04 PM,4/11/2026,
458,39.2,gf,1.520,mm,OK,--,3:46:04 PM,4/11/2026,
459,39.3,gf,1.525,mm,OK,--,3:46:04 PM,4/11/2026,
460,39.3,gf,1.530,mm,OK,--,3:46:04 PM,4/11/2026,
461,39.3,gf,1.535,mm,OK,--,3:46:05 PM,4/11/2026,
462,39.3,gf,1.540,mm,OK,--,3:46:05 PM,4/11/2026,
463,39.3,gf,1.545,mm,OK,--,3:46:05 PM,4/11/2026,
464,39.3,gf,1.550,mm,OK,--,3:46:05 PM,4/11/2026,
465,39.4,gf,1.555,mm,OK,--,3:46:05 PM,4/11/2026,
466,39.5,gf,1.560,mm,OK,--,3:46:05 PM,4/11/2026,
467,39.5,gf,1.570,mm,OK,--,3:46:05 PM,4/11/2026,
468,39.5,gf,1.575,mm,OK,--,3:46:05 PM,4/11/2026,
469,39.5,gf,1.580,mm,OK,--,3:46:05 PM,4/11/2026,
470,39.5,gf,1.585,mm,OK,--,3:46:05 PM,4/11/2026,
471,39.6,gf,1.595,mm,OK,--,3:46:06 PM,4/11/2026,
472,39.6,gf,1.600,mm,OK,--,3:46:06 PM,4/11/2026,
473,39.6,gf,1.605,mm,OK,--,3:46:06 PM,4/11/2026,
474,39.6,gf,1.610,mm,OK,--,3:46:06 PM,4/11/2026,
475,39.7,gf,1.615,mm,OK,--,3:46:06 PM,4/11/2026,
476,39.7,gf,1.625,mm,OK,--,3:46:06 PM,4/11/2026,
477,39.7,gf,1.635,mm,OK,--,3:46:06 PM,4/11/2026,
478,39.8,gf,1.640,mm,OK,--,3:46:06 PM,4/11/2026,
479,39.8,gf,1.650,mm,OK,--,3:46:06 PM,4/11/2026,
480,39.8,gf,1.655,mm,OK,--,3:46:06 PM,4/11/2026,
481,39.9,gf,1.660,mm,OK,--,3:46:07 PM,4/11/2026,
482,39.9,gf,1.670,mm,OK,--,3:46:07 PM,4/11/2026,
483,39.9,gf,1.675,mm,OK,--,3:46:07 PM,4/11/2026,
484,39.9,gf,1.680,mm,OK,--,3:46:07 PM,4/11/2026,
485,39.9,gf,1.680,mm,OK,--,3:46:07 PM,4/11/2026,
486,39.9,gf,1.685,mm,OK,--,3:46:07 PM,4/11/2026,
487,40.0,gf,1.690,mm,OK,--,3:46:07 PM,4/11/2026,
488,40.0,gf,1.690,mm,OK,--,3:46:07 PM,4/11/2026,
489,40.0,gf,1.695,mm,OK,--,3:46:07 PM,4/11/2026,
490,40.0,gf,1.700,mm,OK,--,3:46:07 PM,4/11/2026,
491,40.0,gf,1.700,mm,OK,--,3:46:08 PM,4/11/2026,
492,40.0,gf,1.705,mm,OK,--,3:46:08 PM,4/11/2026,
493,40.1,gf,1.710,mm,OK,--,3:46:08 PM,4/11/2026,
494,40.1,gf,1.715,mm,OK,--,3:46:08 PM,4/11/2026,
495,40.1,gf,1.720,mm,OK,--,3:46:08 PM,4/11/2026,
496,40.1,gf,1.725,mm,OK,--,3:46:08 PM,4/11/2026,
497,40.2,gf,1.730,mm,OK,--,3:46:08 PM,4/11/2026,
498,40.2,gf,1.735,mm,OK,--,3:46:08 PM,4/11/2026,
499,40.2,gf,1.740,mm,OK,--,3:46:08 PM,4/11/2026,
500,40.2,gf,1.745,mm,OK,--,3:46:08 PM,4/11/2026,
501,40.2,gf,1.745,mm,OK,--,3:46:09 PM,4/11/2026,
502,40.2,gf,1.750,mm,OK,--,3:46:09 PM,4/11/2026,
503,40.2,gf,1.750,mm,OK,--,3:46:09 PM,4/11/2026,
504,40.2,gf,1.750,mm,OK,--,3:46:09 PM,4/11/2026,
505,40.3,gf,1.755,mm,OK,--,3:46:09 PM,4/11/2026,
506,40.2,gf,1.755,mm,OK,--,3:46:09 PM,4/11/2026,
507,40.2,gf,1.760,mm,OK,--,3:46:09 PM,4/11/2026,
508,40.3,gf,1.760,mm,OK,--,3:46:09 PM,4/11/2026,
509,40.2,gf,1.760,mm,OK,--,3:46:09 PM,4/11/2026,
510,40.3,gf,1.765,mm,OK,--,3:46:09 PM,4/11/2026,
511,40.3,gf,1.765,mm,OK,--,3:46:10 PM,4/11/2026,
512,40.3,gf,1.770,mm,OK,--,3:46:10 PM,4/11/2026,
513,40.3,gf,1.770,mm,OK,--,3:46:10 PM,4/11/2026,
514,40.3,gf,1.770,mm,OK,--,3:46:10 PM,4/11/2026,
515,40.3,gf,1.775,mm,OK,--,3:46:10 PM,4/11/2026,
516,40.4,gf,1.775,mm,OK,--,3:46:10 PM,4/11/2026,
517,40.3,gf,1.780,mm,OK,--,3:46:10 PM,4/11/2026,
518,40.4,gf,1.780,mm,OK,--,3:46:10 PM,4/11/2026,
519,40.3,gf,1.785,mm,OK,--,3:46:10 PM,4/11/2026,
520,40.4,gf,1.785,mm,OK,--,3:46:10 PM,4/11/2026,
521,40.4,gf,1.790,mm,OK,--,3:46:11 PM,4/11/2026,
522,40.4,gf,1.795,mm,OK,--,3:46:11 PM,4/11/2026,
523,40.4,gf,1.795,mm,OK,--,3:46:11 PM,4/11/2026,
524,40.5,gf,1.800,mm,OK,--,3:46:11 PM,4/11/2026,
525,40.4,gf,1.805,mm,OK,--,3:46:11 PM,4/11/2026,
526,40.5,gf,1.815,mm,OK,--,3:46:11 PM,4/11/2026,
527,40.5,gf,1.820,mm,OK,--,3:46:11 PM,4/11/2026,
528,40.6,gf,1.825,mm,OK,--,3:46:11 PM,4/11/2026,
529,40.6,gf,1.835,mm,OK,--,3:46:11 PM,4/11/2026,
530,40.6,gf,1.840,mm,OK,--,3:46:11 PM,4/11/2026,
531,40.7,gf,1.845,mm,OK,--,3:46:12 PM,4/11/2026,
532,40.7,gf,1.850,mm,OK,--,3:46:12 PM,4/11/2026,
533,40.7,gf,1.855,mm,OK,--,3:46:12 PM,4/11/2026,
534,40.7,gf,1.860,mm,OK,--,3:46:12 PM,4/11/2026,
535,40.8,gf,1.865,mm,OK,--,3:46:12 PM,4/11/2026,
536,40.8,gf,1.870,mm,OK,--,3:46:12 PM,4/11/2026,
537,40.8,gf,1.875,mm,OK,--,3:46:12 PM,4/11/2026,
538,40.8,gf,1.880,mm,OK,--,3:46:12 PM,4/11/2026,
539,40.9,gf,1.885,mm,OK,--,3:46:12 PM,4/11/2026,
540,40.9,gf,1.895,mm,OK,--,3:46:12 PM,4/11/2026,
541,40.9,gf,1.900,mm,OK,--,3:46:13 PM,4/11/2026,
542,41.0,gf,1.905,mm,OK,--,3:46:13 PM,4/11/2026,
543,40.9,gf,1.915,mm,OK,--,3:46:13 PM,4/11/2026,
544,41.0,gf,1.920,mm,OK,--,3:46:13 PM,4/11/2026,
545,41.0,gf,1.925,mm,OK,--,3:46:13 PM,4/11/2026,
546,41.0,gf,1.930,mm,OK,--,3:46:13 PM,4/11/2026,
547,41.1,gf,1.935,mm,OK,--,3:46:13 PM,4/11/2026,
548,41.1,gf,1.940,mm,OK,--,3:46:13 PM,4/11/2026,
549,41.1,gf,1.940,mm,OK,--,3:46:13 PM,4/11/2026,
550,41.1,gf,1.945,mm,OK,--,3:46:13 PM,4/11/2026,
551,41.1,gf,1.945,mm,OK,--,3:46:14 PM,4/11/2026,
552,41.1,gf,1.950,mm,OK,--,3:46:14 PM,4/11/2026,
553,41.1,gf,1.955,mm,OK,--,3:46:14 PM,4/11/2026,
554,41.1,gf,1.955,mm,OK,--,3:46:14 PM,4/11/2026,
555,41.1,gf,1.960,mm,OK,--,3:46:14 PM,4/11/2026,
556,41.2,gf,1.965,mm,OK,--,3:46:14 PM,4/11/2026,
557,41.2,gf,1.965,mm,OK,--,3:46:14 PM,4/11/2026,
558,41.2,gf,1.970,mm,OK,--,3:46:14 PM,4/11/2026,
559,41.2,gf,1.970,mm,OK,--,3:46:14 PM,4/11/2026,
560,41.2,gf,1.975,mm,OK,--,3:46:14 PM,4/11/2026,
561,41.2,gf,1.980,mm,OK,--,3:46:15 PM,4/11/2026,
562,41.2,gf,1.980,mm,OK,--,3:46:15 PM,4/11/2026,
563,41.2,gf,1.985,mm,OK,--,3:46:15 PM,4/11/2026,
564,41.3,gf,1.985,mm,OK,--,3:46:15 PM,4/11/2026,
565,41.3,gf,1.990,mm,OK,--,3:46:15 PM,4/11/2026,
566,41.3,gf,1.990,mm,OK,--,3:46:15 PM,4/11/2026,
567,41.3,gf,1.995,mm,OK,--,3:46:15 PM,4/11/2026,
568,41.3,gf,1.995,mm,OK,--,3:46:15 PM,4/11/2026,
569,41.3,gf,2.000,mm,OK,--,3:46:15 PM,4/11/2026,
570,41.3,gf,2.005,mm,OK,--,3:46:15 PM,4/11/2026,
571,41.4,gf,2.005,mm,OK,--,3:46:16 PM,4/11/2026,
572,41.4,gf,2.010,mm,OK,--,3:46:16 PM,4/11/2026,
573,41.4,gf,2.015,mm,OK,--,3:46:16 PM,4/11/2026,
574,41.4,gf,2.020,mm,OK,--,3:46:16 PM,4/11/2026,
575,41.4,gf,2.020,mm,OK,--,3:46:16 PM,4/11/2026,
576,41.5,gf,2.025,mm,OK,--,3:46:16 PM,4/11/2026,
577,41.5,gf,2.025,mm,OK,--,3:46:16 PM,4/11/2026,
578,41.5,gf,2.030,mm,OK,--,3:46:16 PM,4/11/2026,
579,41.5,gf,2.035,mm,OK,--,3:46:16 PM,4/11/2026,
580,41.5,gf,2.035,mm,OK,--,3:46:16 PM,4/11/2026,
581,41.5,gf,2.040,mm,OK,--,3:46:17 PM,4/11/2026,
582,41.5,gf,2.040,mm,OK,--,3:46:17 PM,4/11/2026,
583,41.5,gf,2.045,mm,OK,--,3:46:17 PM,4/11/2026,
584,41.6,gf,2.045,mm,OK,--,3:46:17 PM,4/11/2026,
585,41.5,gf,2.050,mm,OK,--,3:46:17 PM,4/11/2026,
586,41.6,gf,2.050,mm,OK,--,3:46:17 PM,4/11/2026,
587,41.6,gf,2.050,mm,OK,--,3:46:17 PM,4/11/2026,
588,41.6,gf,2.055,mm,OK,--,3:46:17 PM,4/11/2026,
589,41.6,gf,2.055,mm,OK,--,3:46:17 PM,4/11/2026,
590,41.6,gf,2.060,mm,OK,--,3:46:17 PM,4/11/2026,
591,41.6,gf,2.060,mm,OK,--,3:46:18 PM,4/11/2026,
592,41.6,gf,2.065,mm,OK,--,3:46:18 PM,4/11/2026,
593,41.6,gf,2.065,mm,OK,--,3:46:18 PM,4/11/2026,
594,41.6,gf,2.070,mm,OK,--,3:46:18 PM,4/11/2026,
595,41.6,gf,2.070,mm,OK,--,3:46:18 PM,4/11/2026,
596,41.6,gf,2.075,mm,OK,--,3:46:18 PM,4/11/2026,
597,41.7,gf,2.075,mm,OK,--,3:46:18 PM,4/11/2026,
598,41.7,gf,2.080,mm,OK,--,3:46:18 PM,4/11/2026,
599,41.7,gf,2.080,mm,OK,--,3:46:18 PM,4/11/2026,
600,41.7,gf,2.085,mm,OK,--,3:46:18 PM,4/11/2026,
601,41.7,gf,2.085,mm,OK,--,3:46:19 PM,4/11/2026,
602,41.8,gf,2.090,mm,OK,--,3:46:19 PM,4/11/2026,
603,41.8,gf,2.095,mm,OK,--,3:46:19 PM,4/11/2026,
604,41.8,gf,2.095,mm,OK,--,3:46:19 PM,4/11/2026,
605,41.8,gf,2.100,mm,OK,--,3:46:19 PM,4/11/2026,
606,41.8,gf,2.105,mm,OK,--,3:46:19 PM,4/11/2026,
607,41.8,gf,2.110,mm,OK,--,3:46:19 PM,4/11/2026,
608,46.1,gf,2.115,mm,OK,--,3:46:19 PM,4/11/2026,
609,50.1,gf,2.120,mm,OK,--,3:46:19 PM,4/11/2026,
610,53.0,gf,2.120,mm,OK,--,3:46:19 PM,4/11/2026,
611,55.9,gf,2.125,mm,OK,--,3:46:20 PM,4/11/2026,
612,59.4,gf,2.130,mm,OK,--,3:46:20 PM,4/11/2026,
613,63.4,gf,2.135,mm,OK,--,3:46:20 PM,4/11/2026,
614,67.1,gf,2.135,mm,OK,--,3:46:20 PM,4/11/2026,
615,70.2,gf,2.140,mm,OK,--,3:46:20 PM,4/11/2026,
616,73.6,gf,2.145,mm,OK,--,3:46:20 PM,4/11/2026,
617,77.4,gf,2.145,mm,OK,--,3:46:20 PM,4/11/2026,
618,81.6,gf,2.150,mm,OK,--,3:46:20 PM,4/11/2026,
619,86.9,gf,2.155,mm,OK,--,3:46:20 PM,4/11/2026,
620,91.5,gf,2.160,mm,OK,--,3:46:20 PM,4/11/2026,
621,95.1,gf,2.165,mm,OK,--,3:46:21 PM,4/11/2026,
622,98.3,gf,2.170,mm,OK,--,3:46:21 PM,4/11/2026,
623,102.3,gf,2.175,mm,OK,--,3:46:21 PM,4/11/2026,
624,106.1,gf,2.175,mm,OK,--,3:46:21 PM,4/11/2026,
625,109.0,gf,2.180,mm,OK,--,3:46:21 PM,4/11/2026,
626,111.8,gf,2.185,mm,OK,--,3:46:21 PM,4/11/2026,
627,115.7,gf,2.185,mm,OK,--,3:46:21 PM,4/11/2026,
628,119.8,gf,2.190,mm,OK,--,3:46:21 PM,4/11/2026,
629,124.1,gf,2.195,mm,OK,--,3:46:21 PM,4/11/2026,
630,127.9,gf,2.200,mm,OK,--,3:46:21 PM,4/11/2026,
631,131.3,gf,2.200,mm,OK,--,3:46:22 PM,4/11/2026,
632,135.0,gf,2.205,mm,OK,--,3:46:22 PM,4/11/2026,
633,139.1,gf,2.210,mm,OK,--,3:46:22 PM,4/11/2026,
634,143.9,gf,2.215,mm,OK,--,3:46:22 PM,4/11/2026,
635,149.5,gf,2.220,mm,OK,--,3:46:22 PM,4/11/2026,
636,155.1,gf,2.225,mm,OK,--,3:46:22 PM,4/11/2026,
637,159.3,gf,2.230,mm,OK,--,3:46:22 PM,4/11/2026,
638,163.2,gf,2.235,mm,OK,--,3:46:22 PM,4/11/2026,
639,166.9,gf,2.240,mm,OK,--,3:46:22 PM,4/11/2026,
640,170.8,gf,2.240,mm,OK,--,3:46:22 PM,4/11/2026,
641,174.3,gf,2.245,mm,OK,--,3:46:23 PM,4/11/2026,
642,177.4,gf,2.250,mm,OK,--,3:46:23 PM,4/11/2026,
643,180.5,gf,2.255,mm,OK,--,3:46:23 PM,4/11/2026,
644,183.3,gf,2.255,mm,OK,--,3:46:23 PM,4/11/2026,
645,186.0,gf,2.260,mm,OK,--,3:46:23 PM,4/11/2026,
646,188.0,gf,2.260,mm,OK,--,3:46:23 PM,4/11/2026,
647,189.9,gf,2.260,mm,OK,--,3:46:23 PM,4/11/2026,
648,192.0,gf,2.265,mm,OK,--,3:46:23 PM,4/11/2026,
649,193.6,gf,2.265,mm,OK,--,3:46:23 PM,4/11/2026,
650,194.1,gf,2.265,mm,OK,--,3:46:23 PM,4/11/2026,
651,194.1,gf,2.265,mm,OK,--,3:46:24 PM,4/11/2026,
652,194.1,gf,2.265,mm,OK,--,3:46:24 PM,4/11/2026,
653,194.1,gf,2.265,mm,OK,--,3:46:24 PM,4/11/2026,
654,194.1,gf,2.265,mm,OK,--,3:46:24 PM,4/11/2026,
655,194.0,gf,2.265,mm,OK,--,3:46:24 PM,4/11/2026,
656,194.0,gf,2.265,mm,OK,--,3:46:24 PM,4/11/2026,
657,194.0,gf,2.265,mm,OK,--,3:46:24 PM,4/11/2026,
658,194.0,gf,2.265,mm,OK,--,3:46:24 PM,4/11/2026,
659,194.0,gf,2.265,mm,OK,--,3:46:24 PM,4/11/2026,
660,193.9,gf,2.265,mm,OK,--,3:46:24 PM,4/11/2026,
661,193.9,gf,2.265,mm,OK,--,3:46:25 PM,4/11/2026,
662,193.9,gf,2.265,mm,OK,--,3:46:25 PM,4/11/2026,
663,193.9,gf,2.265,mm,OK,--,3:46:25 PM,4/11/2026,
664,193.7,gf,2.265,mm,OK,--,3:46:25 PM,4/11/2026,
665,193.7,gf,2.265,mm,OK,--,3:46:25 PM,4/11/2026,
666,193.4,gf,2.265,mm,OK,--,3:46:25 PM,4/11/2026,
667,193.3,gf,2.265,mm,OK,--,3:46:25 PM,4/11/2026,
668,193.2,gf,2.265,mm,OK,--,3:46:25 PM,4/11/2026,
669,193.2,gf,2.265,mm,OK,--,3:46:25 PM,4/11/2026,
670,193.1,gf,2.265,mm,OK,--,3:46:25 PM,4/11/2026,
671,193.0,gf,2.265,mm,OK,--,3:46:26 PM,4/11/2026,
672,192.8,gf,2.265,mm,OK,--,3:46:26 PM,4/11/2026,
673,192.7,gf,2.265,mm,OK,--,3:46:26 PM,4/11/2026,
674,192.6,gf,2.265,mm,OK,--,3:46:26 PM,4/11/2026,
675,192.4,gf,2.265,mm,OK,--,3:46:26 PM,4/11/2026,
676,192.2,gf,2.265,mm,OK,--,3:46:26 PM,4/11/2026,
677,192.1,gf,2.265,mm,OK,--,3:46:26 PM,4/11/2026,
678,192.0,gf,2.265,mm,OK,--,3:46:26 PM,4/11/2026,
679,191.8,gf,2.265,mm,OK,--,3:46:26 PM,4/11/2026,
680,191.1,gf,2.265,mm,OK,--,3:46:26 PM,4/11/2026,
681,190.4,gf,2.265,mm,OK,--,3:46:27 PM,4/11/2026,
682,189.3,gf,2.265,mm,OK,--,3:46:27 PM,4/11/2026,
683,188.8,gf,2.265,mm,OK,--,3:46:27 PM,4/11/2026,
684,188.4,gf,2.260,mm,OK,--,3:46:27 PM,4/11/2026,
685,188.1,gf,2.260,mm,OK,--,3:46:27 PM,4/11/2026,
686,187.8,gf,2.260,mm,OK,--,3:46:27 PM,4/11/2026,
687,187.3,gf,2.260,mm,OK,--,3:46:27 PM,4/11/2026,
688,186.8,gf,2.260,mm,OK,--,3:46:27 PM,4/11/2026,
689,186.4,gf,2.260,mm,OK,--,3:46:27 PM,4/11/2026,
690,185.8,gf,2.260,mm,OK,--,3:46:27 PM,4/11/2026,
691,185.2,gf,2.260,mm,OK,--,3:46:28 PM,4/11/2026,
692,184.7,gf,2.260,mm,OK,--,3:46:28 PM,4/11/2026,
693,184.3,gf,2.260,mm,OK,--,3:46:28 PM,4/11/2026,
694,183.7,gf,2.260,mm,OK,--,3:46:28 PM,4/11/2026,
695,183.2,gf,2.260,mm,OK,--,3:46:28 PM,4/11/2026,
696,182.7,gf,2.255,mm,OK,--,3:46:28 PM,4/11/2026,
697,182.0,gf,2.255,mm,OK,--,3:46:28 PM,4/11/2026,
698,181.3,gf,2.255,mm,OK,--,3:46:28 PM,4/11/2026,
699,180.6,gf,2.255,mm,OK,--,3:46:28 PM,4/11/2026,
700,180.0,gf,2.255,mm,OK,--,3:46:28 PM,4/11/2026,
701,179.4,gf,2.255,mm,OK,--,3:46:29 PM,4/11/2026,
702,178.8,gf,2.255,mm,OK,--,3:46:29 PM,4/11/2026,
703,178.4,gf,2.255,mm,OK,--,3:46:29 PM,4/11/2026,
704,178.0,gf,2.255,mm,OK,--,3:46:29 PM,4/11/2026,
705,177.5,gf,2.250,mm,OK,--,3:46:29 PM,4/11/2026,
706,177.1,gf,2.250,mm,OK,--,3:46:29 PM,4/11/2026,
707,176.9,gf,2.250,mm,OK,--,3:46:29 PM,4/11/2026,
708,176.4,gf,2.250,mm,OK,--,3:46:29 PM,4/11/2026,
709,176.1,gf,2.250,mm,OK,--,3:46:29 PM,4/11/2026,
710,175.8,gf,2.250,mm,OK,--,3:46:29 PM,4/11/2026,
711,175.3,gf,2.250,mm,OK,--,3:46:30 PM,4/11/2026,
712,174.9,gf,2.250,mm,OK,--,3:46:30 PM,4/11/2026,
713,174.4,gf,2.250,mm,OK,--,3:46:30 PM,4/11/2026,
714,173.9,gf,2.250,mm,OK,--,3:46:30 PM,4/11/2026,
715,173.4,gf,2.250,mm,OK,--,3:46:30 PM,4/11/2026,
716,172.9,gf,2.250,mm,OK,--,3:46:30 PM,4/11/2026,
717,172.3,gf,2.245,mm,OK,--,3:46:30 PM,4/11/2026,
718,171.8,gf,2.245,mm,OK,--,3:46:30 PM,4/11/2026,
719,171.2,gf,2.245,mm,OK,--,3:46:30 PM,4/11/2026,
720,170.6,gf,2.245,mm,OK,--,3:46:30 PM,4/11/2026,
721,170.1,gf,2.245,mm,OK,--,3:46:31 PM,4/11/2026,
722,169.6,gf,2.245,mm,OK,--,3:46:31 PM,4/11/2026,
723,169.2,gf,2.245,mm,OK,--,3:46:31 PM,4/11/2026,
724,168.8,gf,2.245,mm,OK,--,3:46:31 PM,4/11/2026,
725,168.4,gf,2.245,mm,OK,--,3:46:31 PM,4/11/2026,
726,168.1,gf,2.245,mm,OK,--,3:46:31 PM,4/11/2026,
727,167.9,gf,2.240,mm,OK,--,3:46:31 PM,4/11/2026,
728,167.8,gf,2.240,mm,OK,--,3:46:31 PM,4/11/2026,
729,167.6,gf,2.240,mm,OK,--,3:46:31 PM,4/11/2026,
730,167.5,gf,2.240,mm,OK,--,3:46:31 PM,4/11/2026,
731,167.3,gf,2.240,mm,OK,--,3:46:32 PM,4/11/2026,
732,167.2,gf,2.240,mm,OK,--,3:46:32 PM,4/11/2026,
733,167.0,gf,2.240,mm,OK,--,3:46:32 PM,4/11/2026,
734,166.9,gf,2.240,mm,OK,--,3:46:32 PM,4/11/2026,
735,166.6,gf,2.240,mm,OK,--,3:46:32 PM,4/11/2026,
736,166.4,gf,2.240,mm,OK,--,3:46:32 PM,4/11/2026,
737,166.2,gf,2.240,mm,OK,--,3:46:32 PM,4/11/2026,
738,165.9,gf,2.240,mm,OK,--,3:46:32 PM,4/11/2026,
739,165.6,gf,2.240,mm,OK,--,3:46:32 PM,4/11/2026,
740,165.2,gf,2.240,mm,OK,--,3:46:32 PM,4/11/2026,
741,164.9,gf,2.240,mm,OK,--,3:46:33 PM,4/11/2026,
742,164.7,gf,2.240,mm,OK,--,3:46:33 PM,4/11/2026,
743,164.4,gf,2.240,mm,OK,--,3:46:33 PM,4/11/2026,
744,164.1,gf,2.240,mm,OK,--,3:46:33 PM,4/11/2026,
745,163.8,gf,2.240,mm,OK,--,3:46:33 PM,4/11/2026,
746,163.5,gf,2.240,mm,OK,--,3:46:33 PM,4/11/2026,
747,162.9,gf,2.240,mm,OK,--,3:46:33 PM,4/11/2026,
748,162.3,gf,2.235,mm,OK,--,3:46:33 PM,4/11/2026,
749,161.9,gf,2.235,mm,OK,--,3:46:33 PM,4/11/2026,
750,161.4,gf,2.235,mm,OK,--,3:46:33 PM,4/11/2026,
751,161.1,gf,2.235,mm,OK,--,3:46:34 PM,4/11/2026,
752,160.9,gf,2.235,mm,OK,--,3:46:34 PM,4/11/2026,
753,160.8,gf,2.235,mm,OK,--,3:46:34 PM,4/11/2026,
754,160.6,gf,2.235,mm,OK,--,3:46:34 PM,4/11/2026,
755,160.3,gf,2.235,mm,OK,--,3:46:34 PM,4/11/2026,
756,160.0,gf,2.235,mm,OK,--,3:46:34 PM,4/11/2026,
757,159.5,gf,2.235,mm,OK,--,3:46:34 PM,4/11/2026,
758,159.3,gf,2.235,mm,OK,--,3:46:34 PM,4/11/2026,
759,159.1,gf,2.235,mm,OK,--,3:46:34 PM,4/11/2026,
760,158.8,gf,2.235,mm,OK,--,3:46:34 PM,4/11/2026,
761,158.6,gf,2.235,mm,OK,--,3:46:35 PM,4/11/2026,
762,158.4,gf,2.235,mm,OK,--,3:46:35 PM,4/11/2026,
763,158.0,gf,2.235,mm,OK,--,3:46:35 PM,4/11/2026,
764,157.7,gf,2.230,mm,OK,--,3:46:35 PM,4/11/2026,
765,157.4,gf,2.230,mm,OK,--,3:46:35 PM,4/11/2026,
766,157.1,gf,2.230,mm,OK,--,3:46:35 PM,4/11/2026,
767,156.8,gf,2.230,mm,OK,--,3:46:35 PM,4/11/2026,
768,156.6,gf,2.230,mm,OK,--,3:46:35 PM,4/11/2026,
769,156.3,gf,2.230,mm,OK,--,3:46:35 PM,4/11/2026,
770,156.0,gf,2.230,mm,OK,--,3:46:35 PM,4/11/2026,
771,155.7,gf,2.230,mm,OK,--,3:46:36 PM,4/11/2026,
772,155.4,gf,2.230,mm,OK,--,3:46:36 PM,4/11/2026,
773,155.2,gf,2.230,mm,OK,--,3:46:36 PM,4/11/2026,
774,155.0,gf,2.230,mm,OK,--,3:46:36 PM,4/11/2026,
775,154.8,gf,2.230,mm,OK,--,3:46:36 PM,4/11/2026,
776,154.6,gf,2.230,mm,OK,--,3:46:36 PM,4/11/2026,
777,154.4,gf,2.230,mm,OK,--,3:46:36 PM,4/11/2026,
778,154.2,gf,2.230,mm,OK,--,3:46:36 PM,4/11/2026,
779,154.0,gf,2.230,mm,OK,--,3:46:36 PM,4/11/2026,
780,153.8,gf,2.230,mm,OK,--,3:46:36 PM,4/11/2026,
781,153.6,gf,2.230,mm,OK,--,3:46:37 PM,4/11/2026,
782,153.5,gf,2.230,mm,OK,--,3:46:37 PM,4/11/2026,
783,153.4,gf,2.230,mm,OK,--,3:46:37 PM,4/11/2026,
784,153.2,gf,2.230,mm,OK,--,3:46:37 PM,4/11/2026,
785,153.0,gf,2.225,mm,OK,--,3:46:37 PM,4/11/2026,
786,152.8,gf,2.225,mm,OK,--,3:46:37 PM,4/11/2026,
787,152.2,gf,2.225,mm,OK,--,3:46:37 PM,4/11/2026,
788,151.2,gf,2.225,mm,OK,--,3:46:37 PM,4/11/2026,
789,150.7,gf,2.225,mm,OK,--,3:46:37 PM,4/11/2026,
790,150.2,gf,2.225,mm,OK,--,3:46:37 PM,4/11/2026,
791,149.7,gf,2.225,mm,OK,--,3:46:38 PM,4/11/2026,
792,148.9,gf,2.225,mm,OK,--,3:46:38 PM,4/11/2026,
793,147.6,gf,2.220,mm,OK,--,3:46:38 PM,4/11/2026,
794,146.2,gf,2.220,mm,OK,--,3:46:38 PM,4/11/2026,
795,144.8,gf,2.220,mm,OK,--,3:46:38 PM,4/11/2026,
796,143.7,gf,2.220,mm,OK,--,3:46:38 PM,4/11/2026,
797,142.6,gf,2.215,mm,OK,--,3:46:38 PM,4/11/2026,
798,141.7,gf,2.215,mm,OK,--,3:46:38 PM,4/11/2026,
799,140.9,gf,2.215,mm,OK,--,3:46:38 PM,4/11/2026,
800,140.2,gf,2.215,mm,OK,--,3:46:38 PM,4/11/2026,
801,139.5,gf,2.215,mm,OK,--,3:46:39 PM,4/11/2026,
802,138.8,gf,2.215,mm,OK,--,3:46:39 PM,4/11/2026,
803,138.1,gf,2.215,mm,OK,--,3:46:39 PM,4/11/2026,
804,137.6,gf,2.210,mm,OK,--,3:46:39 PM,4/11/2026,
805,137.1,gf,2.210,mm,OK,--,3:46:39 PM,4/11/2026,
806,136.4,gf,2.210,mm,OK,--,3:46:39 PM,4/11/2026,
807,135.7,gf,2.210,mm,OK,--,3:46:39 PM,4/11/2026,
808,135.3,gf,2.210,mm,OK,--,3:46:39 PM,4/11/2026,
809,135.0,gf,2.210,mm,OK,--,3:46:39 PM,4/11/2026,
810,134.6,gf,2.210,mm,OK,--,3:46:39 PM,4/11/2026,
811,134.3,gf,2.210,mm,OK,--,3:46:40 PM,4/11/2026,
812,134.0,gf,2.210,mm,OK,--,3:46:40 PM,4/11/2026,
813,133.6,gf,2.210,mm,OK,--,3:46:40 PM,4/11/2026,
814,133.0,gf,2.210,mm,OK,--,3:46:40 PM,4/11/2026,
815,131.9,gf,2.205,mm,OK,--,3:46:40 PM,4/11/2026,
816,130.9,gf,2.205,mm,OK,--,3:46:40 PM,4/11/2026,
817,130.0,gf,2.205,mm,OK,--,3:46:40 PM,4/11/2026,
818,129.4,gf,2.205,mm,OK,--,3:46:40 PM,4/11/2026,
819,128.9,gf,2.205,mm,OK,--,3:46:40 PM,4/11/2026,
820,128.4,gf,2.205,mm,OK,--,3:46:40 PM,4/11/2026,
821,127.8,gf,2.205,mm,OK,--,3:46:41 PM,4/11/2026,
822,127.3,gf,2.200,mm,OK,--,3:46:41 PM,4/11/2026,
823,126.6,gf,2.200,mm,OK,--,3:46:41 PM,4/11/2026,
824,125.7,gf,2.200,mm,OK,--,3:46:41 PM,4/11/2026,
825,124.6,gf,2.200,mm,OK,--,3:46:41 PM,4/11/2026,
826,123.7,gf,2.200,mm,OK,--,3:46:41 PM,4/11/2026,
827,121.7,gf,2.195,mm,OK,--,3:46:41 PM,4/11/2026,
828,119.5,gf,2.195,mm,OK,--,3:46:41 PM,4/11/2026,
829,116.8,gf,2.190,mm,OK,--,3:46:41 PM,4/11/2026,
830,112.0,gf,2.185,mm,OK,--,3:46:41 PM,4/11/2026,
831,106.3,gf,2.180,mm,OK,--,3:46:42 PM,4/11/2026,
832,101.2,gf,2.175,mm,OK,--,3:46:42 PM,4/11/2026,
833,95.7,gf,2.170,mm,OK,--,3:46:42 PM,4/11/2026,
834,90.0,gf,2.165,mm,OK,--,3:46:42 PM,4/11/2026,
835,86.3,gf,2.160,mm,OK,--,3:46:42 PM,4/11/2026,
836,83.6,gf,2.160,mm,OK,--,3:46:42 PM,4/11/2026,
837,81.4,gf,2.155,mm,OK,--,3:46:42 PM,4/11/2026,
838,79.4,gf,2.155,mm,OK,--,3:46:42 PM,4/11/2026,
839,77.2,gf,2.150,mm,OK,--,3:46:42 PM,4/11/2026,
840,74.0,gf,2.150,mm,OK,--,3:46:42 PM,4/11/2026,
841,68.5,gf,2.140,mm,OK,--,3:46:43 PM,4/11/2026,
842,63.8,gf,2.135,mm,OK,--,3:46:43 PM,4/11/2026,
843,60.3,gf,2.135,mm,OK,--,3:46:43 PM,4/11/2026,
844,58.2,gf,2.130,mm,OK,--,3:46:43 PM,4/11/2026,
845,56.2,gf,2.130,mm,OK,--,3:46:43 PM,4/11/2026,
846,54.1,gf,2.125,mm,OK,--,3:46:43 PM,4/11/2026,
847,51.8,gf,2.125,mm,OK,--,3:46:43 PM,4/11/2026,
848,49.3,gf,2.120,mm,OK,--,3:46:43 PM,4/11/2026,
849,46.5,gf,2.120,mm,OK,--,3:46:43 PM,4/11/2026,
850,43.2,gf,2.115,mm,OK,--,3:46:43 PM,4/11/2026,
851,41.8,gf,2.110,mm,OK,--,3:46:44 PM,4/11/2026,
852,41.8,gf,2.110,mm,OK,--,3:46:44 PM,4/11/2026,
853,41.8,gf,2.105,mm,OK,--,3:46:44 PM,4/11/2026,
854,41.8,gf,2.100,mm,OK,--,3:46:44 PM,4/11/2026,
855,41.8,gf,2.100,mm,OK,--,3:46:44 PM,4/11/2026,
856,41.8,gf,2.095,mm,OK,--,3:46:44 PM,4/11/2026,
857,41.7,gf,2.095,mm,OK,--,3:46:44 PM,4/11/2026,
858,41.7,gf,2.090,mm,OK,--,3:46:44 PM,4/11/2026,
859,41.7,gf,2.090,mm,OK,--,3:46:44 PM,4/11/2026,
860,41.7,gf,2.085,mm,OK,--,3:46:44 PM,4/11/2026,
861,41.7,gf,2.080,mm,OK,--,3:46:45 PM,4/11/2026,
862,41.7,gf,2.080,mm,OK,--,3:46:45 PM,4/11/2026,
863,41.6,gf,2.075,mm,OK,--,3:46:45 PM,4/11/2026,
864,41.6,gf,2.070,mm,OK,--,3:46:45 PM,4/11/2026,
865,41.6,gf,2.070,mm,OK,--,3:46:45 PM,4/11/2026,
866,41.6,gf,2.065,mm,OK,--,3:46:45 PM,4/11/2026,
867,41.6,gf,2.065,mm,OK,--,3:46:45 PM,4/11/2026,
868,41.6,gf,2.060,mm,OK,--,3:46:45 PM,4/11/2026,
869,41.6,gf,2.060,mm,OK,--,3:46:45 PM,4/11/2026,
870,41.6,gf,2.055,mm,OK,--,3:46:45 PM,4/11/2026,
871,41.5,gf,2.050,mm,OK,--,3:46:46 PM,4/11/2026,
872,41.5,gf,2.045,mm,OK,--,3:46:46 PM,4/11/2026,
873,41.4,gf,2.040,mm,OK,--,3:46:46 PM,4/11/2026,
874,41.4,gf,2.035,mm,OK,--,3:46:46 PM,4/11/2026,
875,41.4,gf,2.020,mm,OK,--,3:46:46 PM,4/11/2026,
876,41.4,gf,2.010,mm,OK,--,3:46:46 PM,4/11/2026,
877,41.3,gf,2.000,mm,OK,--,3:46:46 PM,4/11/2026,
878,41.3,gf,1.995,mm,OK,--,3:46:46 PM,4/11/2026,
879,41.2,gf,1.990,mm,OK,--,3:46:46 PM,4/11/2026,
880,41.2,gf,1.985,mm,OK,--,3:46:46 PM,4/11/2026,
881,41.2,gf,1.980,mm,OK,--,3:46:47 PM,4/11/2026,
882,41.2,gf,1.975,mm,OK,--,3:46:47 PM,4/11/2026,
883,41.2,gf,1.970,mm,OK,--,3:46:47 PM,4/11/2026,
884,41.1,gf,1.965,mm,OK,--,3:46:47 PM,4/11/2026,
885,41.1,gf,1.965,mm,OK,--,3:46:47 PM,4/11/2026,
886,41.1,gf,1.960,mm,OK,--,3:46:47 PM,4/11/2026,
887,41.1,gf,1.960,mm,OK,--,3:46:47 PM,4/11/2026,
888,41.1,gf,1.955,mm,OK,--,3:46:47 PM,4/11/2026,
889,41.0,gf,1.950,mm,OK,--,3:46:47 PM,4/11/2026,
890,41.0,gf,1.950,mm,OK,--,3:46:47 PM,4/11/2026,
891,41.0,gf,1.945,mm,OK,--,3:46:48 PM,4/11/2026,
892,41.0,gf,1.940,mm,OK,--,3:46:48 PM,4/11/2026,
893,41.0,gf,1.935,mm,OK,--,3:46:48 PM,4/11/2026,
894,41.0,gf,1.930,mm,OK,--,3:46:48 PM,4/11/2026,
895,41.0,gf,1.925,mm,OK,--,3:46:48 PM,4/11/2026,
896,40.9,gf,1.925,mm,OK,--,3:46:48 PM,4/11/2026,
897,40.9,gf,1.920,mm,OK,--,3:46:48 PM,4/11/2026,
898,40.9,gf,1.915,mm,OK,--,3:46:48 PM,4/11/2026,
899,40.9,gf,1.910,mm,OK,--,3:46:48 PM,4/11/2026,
900,40.8,gf,1.910,mm,OK,--,3:46:48 PM,4/11/2026,
901,40.8,gf,1.905,mm,OK,--,3:46:49 PM,4/11/2026,
902,40.8,gf,1.900,mm,OK,--,3:46:49 PM,4/11/2026,
903,40.8,gf,1.895,mm,OK,--,3:46:49 PM,4/11/2026,
904,40.7,gf,1.890,mm,OK,--,3:46:49 PM,4/11/2026,
905,40.7,gf,1.885,mm,OK,--,3:46:49 PM,4/11/2026,
906,40.7,gf,1.880,mm,OK,--,3:46:49 PM,4/11/2026,
907,40.7,gf,1.880,mm,OK,--,3:46:49 PM,4/11/2026,
908,40.7,gf,1.875,mm,OK,--,3:46:49 PM,4/11/2026,
909,40.7,gf,1.870,mm,OK,--,3:46:49 PM,4/11/2026,
910,40.7,gf,1.870,mm,OK,--,3:46:49 PM,4/11/2026,
911,40.6,gf,1.865,mm,OK,--,3:46:50 PM,4/11/2026,
912,40.6,gf,1.860,mm,OK,--,3:46:50 PM,4/11/2026,
913,40.6,gf,1.860,mm,OK,--,3:46:50 PM,4/11/2026,
914,40.6,gf,1.855,mm,OK,--,3:46:50 PM,4/11/2026,
915,40.6,gf,1.850,mm,OK,--,3:46:50 PM,4/11/2026,
916,40.5,gf,1.845,mm,OK,--,3:46:50 PM,4/11/2026,
917,40.5,gf,1.830,mm,OK,--,3:46:50 PM,4/11/2026,
918,40.4,gf,1.820,mm,OK,--,3:46:50 PM,4/11/2026,
919,40.4,gf,1.815,mm,OK,--,3:46:50 PM,4/11/2026,
920,40.4,gf,1.815,mm,OK,--,3:46:50 PM,4/11/2026,
921,40.4,gf,1.810,mm,OK,--,3:46:51 PM,4/11/2026,
922,40.4,gf,1.805,mm,OK,--,3:46:51 PM,4/11/2026,
923,40.4,gf,1.805,mm,OK,--,3:46:51 PM,4/11/2026,
924,40.3,gf,1.800,mm,OK,--,3:46:51 PM,4/11/2026,
925,40.4,gf,1.795,mm,OK,--,3:46:51 PM,4/11/2026,
926,40.3,gf,1.790,mm,OK,--,3:46:51 PM,4/11/2026,
927,40.3,gf,1.780,mm,OK,--,3:46:51 PM,4/11/2026,
928,40.2,gf,1.775,mm,OK,--,3:46:51 PM,4/11/2026,
929,40.2,gf,1.770,mm,OK,--,3:46:51 PM,4/11/2026,
930,40.2,gf,1.765,mm,OK,--,3:46:51 PM,4/11/2026,
931,40.2,gf,1.760,mm,OK,--,3:46:52 PM,4/11/2026,
932,40.2,gf,1.755,mm,OK,--,3:46:52 PM,4/11/2026,
933,40.1,gf,1.750,mm,OK,--,3:46:52 PM,4/11/2026,
934,40.1,gf,1.745,mm,OK,--,3:46:52 PM,4/11/2026,
935,40.1,gf,1.740,mm,OK,--,3:46:52 PM,4/11/2026,
936,40.0,gf,1.730,mm,OK,--,3:46:52 PM,4/11/2026,
937,40.0,gf,1.725,mm,OK,--,3:46:52 PM,4/11/2026,
938,39.9,gf,1.720,mm,OK,--,3:46:52 PM,4/11/2026,
939,40.0,gf,1.715,mm,OK,--,3:46:52 PM,4/11/2026,
940,39.9,gf,1.710,mm,OK,--,3:46:52 PM,4/11/2026,
941,39.9,gf,1.705,mm,OK,--,3:46:53 PM,4/11/2026,
942,39.9,gf,1.700,mm,OK,--,3:46:53 PM,4/11/2026,
943,39.9,gf,1.695,mm,OK,--,3:46:53 PM,4/11/2026,
944,39.9,gf,1.695,mm,OK,--,3:46:53 PM,4/11/2026,
945,39.9,gf,1.690,mm,OK,--,3:46:53 PM,4/11/2026,
946,39.9,gf,1.690,mm,OK,--,3:46:53 PM,4/11/2026,
947,39.9,gf,1.685,mm,OK,--,3:46:53 PM,4/11/2026,
948,39.9,gf,1.685,mm,OK,--,3:46:53 PM,4/11/2026,
949,39.8,gf,1.675,mm,OK,--,3:46:53 PM,4/11/2026,
950,39.8,gf,1.670,mm,OK,--,3:46:53 PM,4/11/2026,
951,39.7,gf,1.665,mm,OK,--,3:46:54 PM,4/11/2026,
952,39.7,gf,1.660,mm,OK,--,3:46:54 PM,4/11/2026,
953,39.7,gf,1.655,mm,OK,--,3:46:54 PM,4/11/2026,
954,39.7,gf,1.650,mm,OK,--,3:46:54 PM,4/11/2026,
955,39.7,gf,1.650,mm,OK,--,3:46:54 PM,4/11/2026,
956,39.7,gf,1.645,mm,OK,--,3:46:54 PM,4/11/2026,
957,39.7,gf,1.640,mm,OK,--,3:46:54 PM,4/11/2026,
958,39.6,gf,1.635,mm,OK,--,3:46:54 PM,4/11/2026,
959,39.6,gf,1.630,mm,OK,--,3:46:54 PM,4/11/2026,
960,39.6,gf,1.625,mm,OK,--,3:46:54 PM,4/11/2026,
961,39.5,gf,1.620,mm,OK,--,3:46:55 PM,4/11/2026,
962,39.5,gf,1.615,mm,OK,--,3:46:55 PM,4/11/2026,
963,39.4,gf,1.605,mm,OK,--,3:46:55 PM,4/11/2026,
964,39.4,gf,1.600,mm,OK,--,3:46:55 PM,4/11/2026,
965,39.4,gf,1.590,mm,OK,--,3:46:55 PM,4/11/2026,
966,39.4,gf,1.585,mm,OK,--,3:46:55 PM,4/11/2026,
967,39.3,gf,1.580,mm,OK,--,3:46:55 PM,4/11/2026,
968,39.3,gf,1.575,mm,OK,--,3:46:55 PM,4/11/2026,
969,39.2,gf,1.565,mm,OK,--,3:46:55 PM,4/11/2026,
970,39.3,gf,1.555,mm,OK,--,3:46:55 PM,4/11/2026,
971,39.2,gf,1.545,mm,OK,--,3:46:56 PM,4/11/2026,
972,39.1,gf,1.540,mm,OK,--,3:46:56 PM,4/11/2026,
973,39.2,gf,1.535,mm,OK,--,3:46:56 PM,4/11/2026,
974,39.2,gf,1.535,mm,OK,--,3:46:56 PM,4/11/2026,
975,39.1,gf,1.530,mm,OK,--,3:46:56 PM,4/11/2026,
976,39.1,gf,1.525,mm,OK,--,3:46:56 PM,4/11/2026,
977,39.1,gf,1.520,mm,OK,--,3:46:56 PM,4/11/2026,
978,39.1,gf,1.515,mm,OK,--,3:46:56 PM,4/11/2026,
979,39.0,gf,1.510,mm,OK,--,3:46:56 PM,4/11/2026,
980,39.0,gf,1.505,mm,OK,--,3:46:56 PM,4/11/2026,
981,39.0,gf,1.500,mm,OK,--,3:46:57 PM,4/11/2026,
982,39.0,gf,1.500,mm,OK,--,3:46:57 PM,4/11/2026,
983,39.0,gf,1.495,mm,OK,--,3:46:57 PM,4/11/2026,
984,39.0,gf,1.485,mm,OK,--,3:46:57 PM,4/11/2026,
985,38.9,gf,1.480,mm,OK,--,3:46:57 PM,4/11/2026,
986,38.9,gf,1.475,mm,OK,--,3:46:57 PM,4/11/2026,
987,38.9,gf,1.470,mm,OK,--,3:46:57 PM,4/11/2026,
988,38.9,gf,1.465,mm,OK,--,3:46:57 PM,4/11/2026,
989,38.8,gf,1.460,mm,OK,--,3:46:57 PM,4/11/2026,
990,38.8,gf,1.455,mm,OK,--,3:46:57 PM,4/11/2026,
991,38.8,gf,1.450,mm,OK,--,3:46:58 PM,4/11/2026,
992,38.7,gf,1.450,mm,OK,--,3:46:58 PM,4/11/2026,
993,38.7,gf,1.445,mm,OK,--,3:46:58 PM,4/11/2026,
994,38.7,gf,1.440,mm,OK,--,3:46:58 PM,4/11/2026,
995,38.7,gf,1.435,mm,OK,--,3:46:58 PM,4/11/2026,
996,38.7,gf,1.430,mm,OK,--,3:46:58 PM,4/11/2026,
997,38.7,gf,1.425,mm,OK,--,3:46:58 PM,4/11/2026,
998,38.7,gf,1.420,mm,OK,--,3:46:58 PM,4/11/2026,
999,38.6,gf,1.415,mm,OK,--,3:46:58 PM,4/11/2026,
1000,38.6,gf,1.415,mm,OK,--,3:46:58 PM,4/11/2026,
1001,38.6,gf,1.410,mm,OK,--,3:46:59 PM,4/11/2026,
1002,38.6,gf,1.405,mm,OK,--,3:46:59 PM,4/11/2026,
1003,38.6,gf,1.405,mm,OK,--,3:46:59 PM,4/11/2026,
1004,38.6,gf,1.400,mm,OK,--,3:46:59 PM,4/11/2026,
1005,38.6,gf,1.400,mm,OK,--,3:46:59 PM,4/11/2026,
1006,38.5,gf,1.395,mm,OK,--,3:46:59 PM,4/11/2026,
1007,38.5,gf,1.395,mm,OK,--,3:46:59 PM,4/11/2026,
1008,38.5,gf,1.390,mm,OK,--,3:46:59 PM,4/11/2026,
1009,38.5,gf,1.385,mm,OK,--,3:46:59 PM,4/11/2026,
1010,38.5,gf,1.380,mm,OK,--,3:46:59 PM,4/11/2026,
1011,38.5,gf,1.375,mm,OK,--,3:47:00 PM,4/11/2026,
1012,38.5,gf,1.370,mm,OK,--,3:47:00 PM,4/11/2026,
1013,38.4,gf,1.370,mm,OK,--,3:47:00 PM,4/11/2026,
1014,38.4,gf,1.365,mm,OK,--,3:47:00 PM,4/11/2026,
1015,38.4,gf,1.365,mm,OK,--,3:47:00 PM,4/11/2026,
1016,38.4,gf,1.360,mm,OK,--,3:47:00 PM,4/11/2026,
1017,38.4,gf,1.360,mm,OK,--,3:47:00 PM,4/11/2026,
1018,38.4,gf,1.360,mm,OK,--,3:47:00 PM,4/11/2026,
1019,38.4,gf,1.355,mm,OK,--,3:47:00 PM,4/11/2026,
1020,38.4,gf,1.355,mm,OK,--,3:47:00 PM,4/11/2026,
1021,38.3,gf,1.350,mm,OK,--,3:47:01 PM,4/11/2026,
1022,38.3,gf,1.345,mm,OK,--,3:47:01 PM,4/11/2026,
1023,38.3,gf,1.345,mm,OK,--,3:47:01 PM,4/11/2026,
1024,38.2,gf,1.340,mm,OK,--,3:47:01 PM,4/11/2026,
1025,38.1,gf,1.335,mm,OK,--,3:47:01 PM,4/11/2026,
1026,38.0,gf,1.330,mm,OK,--,3:47:01 PM,4/11/2026,
1027,37.9,gf,1.325,mm,OK,--,3:47:01 PM,4/11/2026,
1028,37.7,gf,1.320,mm,OK,--,3:47:01 PM,4/11/2026,
1029,37.6,gf,1.315,mm,OK,--,3:47:01 PM,4/11/2026,
1030,37.3,gf,1.310,mm,OK,--,3:47:01 PM,4/11/2026,
1031,37.2,gf,1.310,mm,OK,--,3:47:02 PM,4/11/2026,
1032,37.2,gf,1.305,mm,OK,--,3:47:02 PM,4/11/2026,
1033,37.1,gf,1.300,mm,OK,--,3:47:02 PM,4/11/2026,
1034,37.1,gf,1.300,mm,OK,--,3:47:02 PM,4/11/2026,
1035,37.0,gf,1.295,mm,OK,--,3:47:02 PM,4/11/2026,
1036,37.0,gf,1.295,mm,OK,--,3:47:02 PM,4/11/2026,
1037,37.0,gf,1.290,mm,OK,--,3:47:02 PM,4/11/2026,
1038,36.9,gf,1.290,mm,OK,--,3:47:02 PM,4/11/2026,
1039,36.9,gf,1.290,mm,OK,--,3:47:02 PM,4/11/2026,
1040,36.8,gf,1.285,mm,OK,--,3:47:02 PM,4/11/2026,
1041,36.7,gf,1.280,mm,OK,--,3:47:03 PM,4/11/2026,
1042,36.6,gf,1.280,mm,OK,--,3:47:03 PM,4/11/2026,
1043,36.6,gf,1.275,mm,OK,--,3:47:03 PM,4/11/2026,
1044,36.5,gf,1.275,mm,OK,--,3:47:03 PM,4/11/2026,
1045,36.5,gf,1.270,mm,OK,--,3:47:03 PM,4/11/2026,
1046,36.4,gf,1.270,mm,OK,--,3:47:03 PM,4/11/2026,
1047,36.4,gf,1.270,mm,OK,--,3:47:03 PM,4/11/2026,
1048,36.3,gf,1.265,mm,OK,--,3:47:03 PM,4/11/2026,
1049,36.3,gf,1.260,mm,OK,--,3:47:03 PM,4/11/2026,
1050,36.1,gf,1.260,mm,OK,--,3:47:03 PM,4/11/2026,
1051,36.0,gf,1.255,mm,OK,--,3:47:04 PM,4/11/2026,
1052,35.9,gf,1.250,mm,OK,--,3:47:04 PM,4/11/2026,
1053,35.5,gf,1.240,mm,OK,--,3:47:04 PM,4/11/2026,
1054,35.2,gf,1.225,mm,OK,--,3:47:04 PM,4/11/2026,
1055,34.9,gf,1.215,mm,OK,--,3:47:04 PM,4/11/2026,
1056,34.6,gf,1.210,mm,OK,--,3:47:04 PM,4/11/2026,
1057,34.5,gf,1.205,mm,OK,--,3:47:04 PM,4/11/2026,
1058,34.4,gf,1.200,mm,OK,--,3:47:04 PM,4/11/2026,
1059,34.2,gf,1.195,mm,OK,--,3:47:04 PM,4/11/2026,
1060,34.2,gf,1.190,mm,OK,--,3:47:04 PM,4/11/2026,
1061,34.0,gf,1.185,mm,OK,--,3:47:05 PM,4/11/2026,
1062,33.9,gf,1.180,mm,OK,--,3:47:05 PM,4/11/2026,
1063,33.8,gf,1.175,mm,OK,--,3:47:05 PM,4/11/2026,
1064,33.6,gf,1.175,mm,OK,--,3:47:05 PM,4/11/2026,
1065,33.6,gf,1.170,mm,OK,--,3:47:05 PM,4/11/2026,
1066,33.5,gf,1.165,mm,OK,--,3:47:05 PM,4/11/2026,
1067,33.4,gf,1.165,mm,OK,--,3:47:05 PM,4/11/2026,
1068,33.4,gf,1.160,mm,OK,--,3:47:05 PM,4/11/2026,
1069,33.3,gf,1.155,mm,OK,--,3:47:05 PM,4/11/2026,
1070,33.1,gf,1.150,mm,OK,--,3:47:05 PM,4/11/2026,
1071,33.1,gf,1.150,mm,OK,--,3:47:06 PM,4/11/2026,
1072,32.9,gf,1.145,mm,OK,--,3:47:06 PM,4/11/2026,
1073,32.8,gf,1.140,mm,OK,--,3:47:06 PM,4/11/2026,
1074,32.8,gf,1.135,mm,OK,--,3:47:06 PM,4/11/2026,
1075,32.8,gf,1.135,mm,OK,--,3:47:06 PM,4/11/2026,
1076,32.7,gf,1.130,mm,OK,--,3:47:06 PM,4/11/2026,
1077,32.7,gf,1.125,mm,OK,--,3:47:06 PM,4/11/2026,
1078,32.6,gf,1.120,mm,OK,--,3:47:06 PM,4/11/2026,
1079,32.5,gf,1.115,mm,OK,--,3:47:06 PM,4/11/2026,
1080,32.4,gf,1.115,mm,OK,--,3:47:06 PM,4/11/2026,
1081,32.2,gf,1.110,mm,OK,--,3:47:07 PM,4/11/2026,
1082,32.0,gf,1.100,mm,OK,--,3:47:07 PM,4/11/2026,
1083,31.8,gf,1.095,mm,OK,--,3:47:07 PM,4/11/2026,
1084,31.8,gf,1.090,mm,OK,--,3:47:07 PM,4/11/2026,
1085,31.6,gf,1.080,mm,OK,--,3:47:07 PM,4/11/2026,
1086,31.5,gf,1.075,mm,OK,--,3:47:07 PM,4/11/2026,
1087,31.4,gf,1.070,mm,OK,--,3:47:07 PM,4/11/2026,
1088,31.3,gf,1.065,mm,OK,--,3:47:07 PM,4/11/2026,
1089,31.1,gf,1.060,mm,OK,--,3:47:07 PM,4/11/2026,
1090,31.0,gf,1.055,mm,OK,--,3:47:07 PM,4/11/2026,
1091,31.0,gf,1.050,mm,OK,--,3:47:08 PM,4/11/2026,
1092,30.8,gf,1.045,mm,OK,--,3:47:08 PM,4/11/2026,
1093,30.8,gf,1.040,mm,OK,--,3:47:08 PM,4/11/2026,
1094,30.6,gf,1.040,mm,OK,--,3:47:08 PM,4/11/2026,
1095,30.6,gf,1.035,mm,OK,--,3:47:08 PM,4/11/2026,
1096,30.5,gf,1.030,mm,OK,--,3:47:08 PM,4/11/2026,
1097,30.6,gf,1.030,mm,OK,--,3:47:08 PM,4/11/2026,
1098,30.6,gf,1.025,mm,OK,--,3:47:08 PM,4/11/2026,
1099,30.6,gf,1.025,mm,OK,--,3:47:08 PM,4/11/2026,
1100,30.5,gf,1.025,mm,OK,--,3:47:08 PM,4/11/2026,
1101,30.4,gf,1.020,mm,OK,--,3:47:09 PM,4/11/2026,
1102,30.3,gf,1.020,mm,OK,--,3:47:09 PM,4/11/2026,
1103,30.2,gf,1.015,mm,OK,--,3:47:09 PM,4/11/2026,
1104,30.2,gf,1.015,mm,OK,--,3:47:09 PM,4/11/2026,
1105,30.3,gf,1.010,mm,OK,--,3:47:09 PM,4/11/2026,
1106,30.3,gf,1.010,mm,OK,--,3:47:09 PM,4/11/2026,
1107,30.2,gf,1.010,mm,OK,--,3:47:09 PM,4/11/2026,
1108,30.1,gf,1.005,mm,OK,--,3:47:09 PM,4/11/2026,
1109,30.1,gf,1.005,mm,OK,--,3:47:09 PM,4/11/2026,
1110,30.1,gf,1.000,mm,OK,--,3:47:09 PM,4/11/2026,
1111,29.9,gf,1.000,mm,OK,--,3:47:10 PM,4/11/2026,
1112,29.8,gf,1.000,mm,OK,--,3:47:10 PM,4/11/2026,
1113,29.7,gf,0.995,mm,OK,--,3:47:10 PM,4/11/2026,
1114,29.7,gf,0.995,mm,OK,--,3:47:10 PM,4/11/2026,
1115,29.5,gf,0.990,mm,OK,--,3:47:10 PM,4/11/2026,
1116,29.4,gf,0.985,mm,OK,--,3:47:10 PM,4/11/2026,
1117,29.5,gf,0.980,mm,OK,--,3:47:10 PM,4/11/2026,
1118,29.6,gf,0.980,mm,OK,--,3:47:10 PM,4/11/2026,
1119,29.7,gf,0.975,mm,OK,--,3:47:10 PM,4/11/2026,
1120,29.7,gf,0.970,mm,OK,--,3:47:10 PM,4/11/2026,
1121,29.7,gf,0.965,mm,OK,--,3:47:11 PM,4/11/2026,
1122,29.7,gf,0.965,mm,OK,--,3:47:11 PM,4/11/2026,
1123,29.9,gf,0.960,mm,OK,--,3:47:11 PM,4/11/2026,
1124,30.0,gf,0.960,mm,OK,--,3:47:11 PM,4/11/2026,
1125,30.1,gf,0.955,mm,OK,--,3:47:11 PM,4/11/2026,
1126,30.0,gf,0.955,mm,OK,--,3:47:11 PM,4/11/2026,
1127,30.0,gf,0.950,mm,OK,--,3:47:11 PM,4/11/2026,
1128,30.0,gf,0.950,mm,OK,--,3:47:11 PM,4/11/2026,
1129,30.0,gf,0.945,mm,OK,--,3:47:11 PM,4/11/2026,
1130,30.0,gf,0.945,mm,OK,--,3:47:11 PM,4/11/2026,
1131,30.0,gf,0.940,mm,OK,--,3:47:12 PM,4/11/2026,
1132,30.0,gf,0.935,mm,OK,--,3:47:12 PM,4/11/2026,
1133,30.1,gf,0.925,mm,OK,--,3:47:12 PM,4/11/2026,
1134,30.1,gf,0.920,mm,OK,--,3:47:12 PM,4/11/2026,
1135,30.1,gf,0.915,mm,OK,--,3:47:12 PM,4/11/2026,
1136,30.1,gf,0.915,mm,OK,--,3:47:12 PM,4/11/2026,
1137,30.0,gf,0.910,mm,OK,--,3:47:12 PM,4/11/2026,
1138,30.0,gf,0.910,mm,OK,--,3:47:12 PM,4/11/2026,
1139,29.9,gf,0.905,mm,OK,--,3:47:12 PM,4/11/2026,
1140,29.7,gf,0.900,mm,OK,--,3:47:12 PM,4/11/2026,
1141,29.7,gf,0.900,mm,OK,--,3:47:13 PM,4/11/2026,
1142,29.6,gf,0.895,mm,OK,--,3:47:13 PM,4/11/2026,
1143,29.5,gf,0.895,mm,OK,--,3:47:13 PM,4/11/2026,
1144,29.6,gf,0.890,mm,OK,--,3:47:13 PM,4/11/2026,
1145,29.5,gf,0.885,mm,OK,--,3:47:13 PM,4/11/2026,
1146,29.6,gf,0.880,mm,OK,--,3:47:13 PM,4/11/2026,
1147,29.6,gf,0.880,mm,OK,--,3:47:13 PM,4/11/2026,
1148,29.5,gf,0.875,mm,OK,--,3:47:13 PM,4/11/2026,
1149,29.5,gf,0.870,mm,OK,--,3:47:13 PM,4/11/2026,
1150,29.5,gf,0.870,mm,OK,--,3:47:13 PM,4/11/2026,
1151,29.5,gf,0.865,mm,OK,--,3:47:14 PM,4/11/2026,
1152,29.5,gf,0.865,mm,OK,--,3:47:14 PM,4/11/2026,
1153,29.5,gf,0.860,mm,OK,--,3:47:14 PM,4/11/2026,
1154,29.5,gf,0.860,mm,OK,--,3:47:14 PM,4/11/2026,
1155,29.5,gf,0.855,mm,OK,--,3:47:14 PM,4/11/2026,
1156,29.5,gf,0.855,mm,OK,--,3:47:14 PM,4/11/2026,
1157,29.5,gf,0.855,mm,OK,--,3:47:14 PM,4/11/2026,
1158,29.5,gf,0.850,mm,OK,--,3:47:14 PM,4/11/2026,
1159,29.5,gf,0.850,mm,OK,--,3:47:14 PM,4/11/2026,
1160,29.4,gf,0.850,mm,OK,--,3:47:14 PM,4/11/2026,
1161,29.3,gf,0.850,mm,OK,--,3:47:15 PM,4/11/2026,
1162,29.3,gf,0.850,mm,OK,--,3:47:15 PM,4/11/2026,
1163,29.2,gf,0.845,mm,OK,--,3:47:15 PM,4/11/2026,
1164,29.2,gf,0.845,mm,OK,--,3:47:15 PM,4/11/2026,
1165,29.2,gf,0.845,mm,OK,--,3:47:15 PM,4/11/2026,
1166,29.2,gf,0.845,mm,OK,--,3:47:15 PM,4/11/2026,
1167,29.2,gf,0.840,mm,OK,--,3:47:15 PM,4/11/2026,
1168,29.2,gf,0.840,mm,OK,--,3:47:15 PM,4/11/2026,
1169,29.3,gf,0.835,mm,OK,--,3:47:15 PM,4/11/2026,
1170,29.3,gf,0.835,mm,OK,--,3:47:15 PM,4/11/2026,
1171,29.3,gf,0.830,mm,OK,--,3:47:16 PM,4/11/2026,
1172,29.5,gf,0.830,mm,OK,--,3:47:16 PM,4/11/2026,
1173,29.5,gf,0.825,mm,OK,--,3:47:16 PM,4/11/2026,
1174,29.5,gf,0.825,mm,OK,--,3:47:16 PM,4/11/2026,
1175,29.3,gf,0.820,mm,OK,--,3:47:16 PM,4/11/2026,
1176,29.2,gf,0.815,mm,OK,--,3:47:16 PM,4/11/2026,
1177,29.3,gf,0.810,mm,OK,--,3:47:16 PM,4/11/2026,
1178,29.2,gf,0.805,mm,OK,--,3:47:16 PM,4/11/2026,
1179,29.2,gf,0.800,mm,OK,--,3:47:16 PM,4/11/2026,
1180,29.2,gf,0.795,mm,OK,--,3:47:16 PM,4/11/2026,
1181,29.3,gf,0.795,mm,OK,--,3:47:17 PM,4/11/2026,
1182,29.4,gf,0.790,mm,OK,--,3:47:17 PM,4/11/2026,
1183,29.5,gf,0.785,mm,OK,--,3:47:17 PM,4/11/2026,
1184,29.3,gf,0.785,mm,OK,--,3:47:17 PM,4/11/2026,
1185,29.3,gf,0.780,mm,OK,--,3:47:17 PM,4/11/2026,
1186,29.2,gf,0.775,mm,OK,--,3:47:17 PM,4/11/2026,
1187,29.1,gf,0.775,mm,OK,--,3:47:17 PM,4/11/2026,
1188,29.0,gf,0.770,mm,OK,--,3:47:17 PM,4/11/2026,
1189,29.0,gf,0.770,mm,OK,--,3:47:17 PM,4/11/2026,
1190,29.0,gf,0.770,mm,OK,--,3:47:17 PM,4/11/2026,
1191,28.8,gf,0.765,mm,OK,--,3:47:18 PM,4/11/2026,
1192,28.7,gf,0.765,mm,OK,--,3:47:18 PM,4/11/2026,
1193,28.7,gf,0.760,mm,OK,--,3:47:18 PM,4/11/2026,
1194,28.7,gf,0.755,mm,OK,--,3:47:18 PM,4/11/2026,
1195,28.8,gf,0.755,mm,OK,--,3:47:18 PM,4/11/2026,
1196,28.8,gf,0.750,mm,OK,--,3:47:18 PM,4/11/2026,
1197,28.8,gf,0.750,mm,OK,--,3:47:18 PM,4/11/2026,
1198,28.7,gf,0.745,mm,OK,--,3:47:18 PM,4/11/2026,
1199,28.8,gf,0.745,mm,OK,--,3:47:18 PM,4/11/2026,
1200,28.8,gf,0.740,mm,OK,--,3:47:18 PM,4/11/2026,
1201,28.8,gf,0.735,mm,OK,--,3:47:19 PM,4/11/2026,
1202,28.7,gf,0.735,mm,OK,--,3:47:19 PM,4/11/2026,
1203,28.6,gf,0.730,mm,OK,--,3:47:19 PM,4/11/2026,
1204,28.7,gf,0.725,mm,OK,--,3:47:19 PM,4/11/2026,
1205,28.8,gf,0.720,mm,OK,--,3:47:19 PM,4/11/2026,
1206,28.7,gf,0.715,mm,OK,--,3:47:19 PM,4/11/2026,
1207,28.7,gf,0.710,mm,OK,--,3:47:19 PM,4/11/2026,
1208,28.7,gf,0.710,mm,OK,--,3:47:19 PM,4/11/2026,
1209,28.7,gf,0.705,mm,OK,--,3:47:19 PM,4/11/2026,
1210,28.6,gf,0.705,mm,OK,--,3:47:19 PM,4/11/2026,
1211,28.6,gf,0.700,mm,OK,--,3:47:20 PM,4/11/2026,
1212,28.6,gf,0.700,mm,OK,--,3:47:20 PM,4/11/2026,
1213,28.5,gf,0.695,mm,OK,--,3:47:20 PM,4/11/2026,
1214,28.5,gf,0.695,mm,OK,--,3:47:20 PM,4/11/2026,
1215,28.4,gf,0.690,mm,OK,--,3:47:20 PM,4/11/2026,
1216,28.3,gf,0.690,mm,OK,--,3:47:20 PM,4/11/2026,
1217,28.5,gf,0.685,mm,OK,--,3:47:20 PM,4/11/2026,
1218,28.6,gf,0.680,mm,OK,--,3:47:20 PM,4/11/2026,
1219,28.6,gf,0.680,mm,OK,--,3:47:20 PM,4/11/2026,
1220,28.6,gf,0.680,mm,OK,--,3:47:20 PM,4/11/2026,
1221,28.6,gf,0.675,mm,OK,--,3:47:21 PM,4/11/2026,
1222,28.5,gf,0.675,mm,OK,--,3:47:21 PM,4/11/2026,
1223,28.5,gf,0.670,mm,OK,--,3:47:21 PM,4/11/2026,
1224,28.5,gf,0.670,mm,OK,--,3:47:21 PM,4/11/2026,
1225,28.3,gf,0.665,mm,OK,--,3:47:21 PM,4/11/2026,
1226,28.3,gf,0.665,mm,OK,--,3:47:21 PM,4/11/2026,
1227,28.1,gf,0.660,mm,OK,--,3:47:21 PM,4/11/2026,
1228,28.1,gf,0.655,mm,OK,--,3:47:21 PM,4/11/2026,
1229,28.2,gf,0.650,mm,OK,--,3:47:21 PM,4/11/2026,
1230,28.1,gf,0.645,mm,OK,--,3:47:21 PM,4/11/2026,
1231,28.1,gf,0.640,mm,OK,--,3:47:22 PM,4/11/2026,
1232,28.1,gf,0.635,mm,OK,--,3:47:22 PM,4/11/2026,
1233,27.9,gf,0.630,mm,OK,--,3:47:22 PM,4/11/2026,
1234,27.9,gf,0.620,mm,OK,--,3:47:22 PM,4/11/2026,
1235,27.9,gf,0.615,mm,OK,--,3:47:22 PM,4/11/2026,
1236,27.8,gf,0.610,mm,OK,--,3:47:22 PM,4/11/2026,
1237,27.7,gf,0.605,mm,OK,--,3:47:22 PM,4/11/2026,
1238,27.6,gf,0.600,mm,OK,--,3:47:22 PM,4/11/2026,
1239,27.6,gf,0.595,mm,OK,--,3:47:22 PM,4/11/2026,
1240,27.5,gf,0.585,mm,OK,--,3:47:22 PM,4/11/2026,
1241,27.6,gf,0.580,mm,OK,--,3:47:23 PM,4/11/2026,
1242,27.6,gf,0.575,mm,OK,--,3:47:23 PM,4/11/2026,
1243,27.5,gf,0.570,mm,OK,--,3:47:23 PM,4/11/2026,
1244,27.5,gf,0.565,mm,OK,--,3:47:23 PM,4/11/2026,
1245,27.5,gf,0.565,mm,OK,--,3:47:23 PM,4/11/2026,
1246,27.5,gf,0.560,mm,OK,--,3:47:23 PM,4/11/2026,
1247,27.3,gf,0.555,mm,OK,--,3:47:23 PM,4/11/2026,
1248,27.3,gf,0.555,mm,OK,--,3:47:23 PM,4/11/2026,
1249,27.3,gf,0.550,mm,OK,--,3:47:23 PM,4/11/2026,
1250,27.3,gf,0.545,mm,OK,--,3:47:23 PM,4/11/2026,
1251,27.1,gf,0.540,mm,OK,--,3:47:24 PM,4/11/2026,
1252,27.1,gf,0.540,mm,OK,--,3:47:24 PM,4/11/2026,
1253,27.1,gf,0.535,mm,OK,--,3:47:24 PM,4/11/2026,
1254,27.1,gf,0.530,mm,OK,--,3:47:24 PM,4/11/2026,
1255,27.0,gf,0.525,mm,OK,--,3:47:24 PM,4/11/2026,
1256,27.0,gf,0.525,mm,OK,--,3:47:24 PM,4/11/2026,
1257,26.9,gf,0.520,mm,OK,--,3:47:24 PM,4/11/2026,
1258,27.0,gf,0.520,mm,OK,--,3:47:24 PM,4/11/2026,
1259,26.9,gf,0.515,mm,OK,--,3:47:24 PM,4/11/2026,
1260,26.8,gf,0.510,mm,OK,--,3:47:24 PM,4/11/2026,
1261,26.8,gf,0.510,mm,OK,--,3:47:25 PM,4/11/2026,
1262,26.8,gf,0.505,mm,OK,--,3:47:25 PM,4/11/2026,
1263,26.9,gf,0.500,mm,OK,--,3:47:25 PM,4/11/2026,
1264,26.9,gf,0.500,mm,OK,--,3:47:25 PM,4/11/2026,
1265,26.7,gf,0.495,mm,OK,--,3:47:25 PM,4/11/2026,
1266,26.6,gf,0.490,mm,OK,--,3:47:25 PM,4/11/2026,
1267,26.7,gf,0.480,mm,OK,--,3:47:25 PM,4/11/2026,
1268,26.6,gf,0.480,mm,OK,--,3:47:25 PM,4/11/2026,
1269,26.4,gf,0.475,mm,OK,--,3:47:25 PM,4/11/2026,
1270,26.3,gf,0.470,mm,OK,--,3:47:25 PM,4/11/2026,
1271,26.3,gf,0.465,mm,OK,--,3:47:26 PM,4/11/2026,
1272,26.4,gf,0.460,mm,OK,--,3:47:26 PM,4/11/2026,
1273,26.3,gf,0.455,mm,OK,--,3:47:26 PM,4/11/2026,
1274,26.2,gf,0.450,mm,OK,--,3:47:26 PM,4/11/2026,
1275,26.1,gf,0.445,mm,OK,--,3:47:26 PM,4/11/2026,
1276,25.8,gf,0.440,mm,OK,--,3:47:26 PM,4/11/2026,
1277,25.8,gf,0.430,mm,OK,--,3:47:26 PM,4/11/2026,
1278,25.9,gf,0.420,mm,OK,--,3:47:26 PM,4/11/2026,
1279,25.9,gf,0.415,mm,OK,--,3:47:26 PM,4/11/2026,
1280,25.6,gf,0.410,mm,OK,--,3:47:26 PM,4/11/2026,
1281,25.6,gf,0.405,mm,OK,--,3:47:27 PM,4/11/2026,
1282,25.7,gf,0.400,mm,OK,--,3:47:27 PM,4/11/2026,
1283,25.7,gf,0.395,mm,OK,--,3:47:27 PM,4/11/2026,
1284,25.7,gf,0.395,mm,OK,--,3:47:27 PM,4/11/2026,
1285,25.7,gf,0.390,mm,OK,--,3:47:27 PM,4/11/2026,
1286,25.7,gf,0.385,mm,OK,--,3:47:27 PM,4/11/2026,
1287,25.7,gf,0.385,mm,OK,--,3:47:27 PM,4/11/2026,
1288,25.7,gf,0.380,mm,OK,--,3:47:27 PM,4/11/2026,
1289,25.7,gf,0.380,mm,OK,--,3:47:27 PM,4/11/2026,
1290,25.7,gf,0.380,mm,OK,--,3:47:27 PM,4/11/2026,
1291,25.7,gf,0.375,mm,OK,--,3:47:28 PM,4/11/2026,
1292,25.6,gf,0.375,mm,OK,--,3:47:28 PM,4/11/2026,
1293,25.6,gf,0.375,mm,OK,--,3:47:28 PM,4/11/2026,
1294,25.5,gf,0.370,mm,OK,--,3:47:28 PM,4/11/2026,
1295,25.4,gf,0.370,mm,OK,--,3:47:28 PM,4/11/2026,
1296,25.5,gf,0.365,mm,OK,--,3:47:28 PM,4/11/2026,
1297,25.5,gf,0.360,mm,OK,--,3:47:28 PM,4/11/2026,
1298,25.4,gf,0.355,mm,OK,--,3:47:28 PM,4/11/2026,
1299,25.4,gf,0.350,mm,OK,--,3:47:28 PM,4/11/2026,
1300,25.5,gf,0.350,mm,OK,--,3:47:28 PM,4/11/2026,
1301,25.4,gf,0.345,mm,OK,--,3:47:29 PM,4/11/2026,
1302,25.2,gf,0.340,mm,OK,--,3:47:29 PM,4/11/2026,
1303,25.0,gf,0.335,mm,OK,--,3:47:29 PM,4/11/2026,
1304,24.9,gf,0.325,mm,OK,--,3:47:29 PM,4/11/2026,
1305,24.8,gf,0.320,mm,OK,--,3:47:29 PM,4/11/2026,
1306,24.8,gf,0.315,mm,OK,--,3:47:29 PM,4/11/2026,
1307,24.7,gf,0.310,mm,OK,--,3:47:29 PM,4/11/2026,
1308,24.8,gf,0.305,mm,OK,--,3:47:29 PM,4/11/2026,
1309,24.8,gf,0.300,mm,OK,--,3:47:29 PM,4/11/2026,
1310,24.8,gf,0.295,mm,OK,--,3:47:29 PM,4/11/2026,
1311,24.8,gf,0.290,mm,OK,--,3:47:30 PM,4/11/2026,
1312,24.8,gf,0.290,mm,OK,--,3:47:30 PM,4/11/2026,
1313,24.8,gf,0.285,mm,OK,--,3:47:30 PM,4/11/2026,
1314,24.8,gf,0.285,mm,OK,--,3:47:30 PM,4/11/2026,
1315,24.8,gf,0.280,mm,OK,--,3:47:30 PM,4/11/2026,
1316,24.7,gf,0.280,mm,OK,--,3:47:30 PM,4/11/2026,
1317,24.7,gf,0.280,mm,OK,--,3:47:30 PM,4/11/2026,
1318,24.7,gf,0.275,mm,OK,--,3:47:30 PM,4/11/2026,
1319,24.7,gf,0.275,mm,OK,--,3:47:30 PM,4/11/2026,
1320,24.6,gf,0.270,mm,OK,--,3:47:30 PM,4/11/2026,
1321,24.6,gf,0.265,mm,OK,--,3:47:31 PM,4/11/2026,
1322,24.8,gf,0.255,mm,OK,--,3:47:31 PM,4/11/2026,
1323,24.6,gf,0.245,mm,OK,--,3:47:31 PM,4/11/2026,
1324,24.7,gf,0.235,mm,OK,--,3:47:31 PM,4/11/2026,
1325,24.6,gf,0.225,mm,OK,--,3:47:31 PM,4/11/2026,
1326,24.7,gf,0.220,mm,OK,--,3:47:31 PM,4/11/2026,
1327,24.7,gf,0.210,mm,OK,--,3:47:31 PM,4/11/2026,
1328,24.3,gf,0.205,mm,OK,--,3:47:31 PM,4/11/2026,
1329,24.0,gf,0.195,mm,OK,--,3:47:31 PM,4/11/2026,
1330,24.0,gf,0.185,mm,OK,--,3:47:31 PM,4/11/2026,
1331,24.1,gf,0.170,mm,OK,--,3:47:32 PM,4/11/2026,
1332,24.0,gf,0.155,mm,OK,--,3:47:32 PM,4/11/2026,
1333,24.1,gf,0.145,mm,OK,--,3:47:32 PM,4/11/2026,
1334,24.0,gf,0.135,mm,OK,--,3:47:32 PM,4/11/2026,
1335,24.1,gf,0.125,mm,OK,--,3:47:32 PM,4/11/2026,
1336,24.1,gf,0.115,mm,OK,--,3:47:32 PM,4/11/2026,
1337,24.1,gf,0.110,mm,OK,--,3:47:32 PM,4/11/2026,
1338,24.0,gf,0.105,mm,OK,--,3:47:32 PM,4/11/2026,
1339,24.0,gf,0.100,mm,OK,--,3:47:32 PM,4/11/2026,
1340,24.3,gf,0.095,mm,OK,--,3:47:32 PM,4/11/2026,
1341,24.6,gf,0.090,mm,OK,--,3:47:33 PM,4/11/2026,
1342,24.3,gf,0.090,mm,OK,--,3:47:33 PM,4/11/2026,
1343,24.0,gf,0.085,mm,OK,--,3:47:33 PM,4/11/2026,
1344,23.5,gf,0.085,mm,OK,--,3:47:33 PM,4/11/2026,
1345,22.3,gf,0.080,mm,OK,--,3:47:33 PM,4/11/2026,
1346,19.9,gf,0.075,mm,OK,--,3:47:33 PM,4/11/2026,
1347,17.9,gf,0.075,mm,OK,--,3:47:33 PM,4/11/2026,
1348,16.0,gf,0.070,mm,OK,--,3:47:33 PM,4/11/2026,
1349,14.4,gf,0.070,mm,OK,--,3:47:33 PM,4/11/2026,
1350,13.2,gf,0.070,mm,OK,--,3:47:33 PM,4/11/2026,
1351,12.1,gf,0.065,mm,OK,--,3:47:34 PM,4/11/2026,
1352,11.1,gf,0.065,mm,OK,--,3:47:34 PM,4/11/2026,
1353,7.9,gf,0.060,mm,OK,--,3:47:34 PM,4/11/2026,
1354,2.1,gf,0.055,mm,OK,--,3:47:34 PM,4/11/2026,
1355,0.0,gf,0.045,mm,OK,--,3:47:34 PM,4/11/2026,
1356,0.1,gf,0.030,mm,OK,--,3:47:34 PM,4/11/2026,
1357,0.0,gf,0.015,mm,OK,--,3:47:34 PM,4/11/2026,
1358,0.0,gf,-0.010,mm,OK,--,3:47:34 PM,4/11/2026,
1359,0.0,gf,-0.030,mm,OK,--,3:47:34 PM,4/11/2026,
1360,0.1,gf,-0.045,mm,OK,--,3:47:34 PM,4/11/2026,
1361,0.0,gf,-0.050,mm,OK,--,3:47:35 PM,4/11/2026,
1362,0.0,gf,-0.055,mm,OK,--,3:47:35 PM,4/11/2026,
1363,0.0,gf,-0.055,mm,OK,--,3:47:35 PM,4/11/2026,
1364,0.0,gf,-0.055,mm,OK,--,3:47:35 PM,4/11/2026,
1365,0.0,gf,-0.055,mm,OK,--,3:47:35 PM,4/11/2026,
1366,-0.1,gf,-0.055,mm,OK,--,3:47:35 PM,4/11/2026,
1367,0.0,gf,-0.055,mm,OK,--,3:47:35 PM,4/11/2026,
1368,0.1,gf,-0.055,mm,OK,--,3:47:35 PM,4/11/2026,
1369,0.1,gf,-0.055,mm,OK,--,3:47:35 PM,4/11/2026,
1370,0.1,gf,-0.055,mm,OK,--,3:47:35 PM,4/11/2026,
1371,0.0,gf,-0.055,mm,OK,--,3:47:36 PM,4/11/2026,
1372,0.0,gf,-0.055,mm,OK,--,3:47:36 PM,4/11/2026,
1373,0.0,gf,-0.055,mm,OK,--,3:47:36 PM,4/11/2026,
1374,0.0,gf,-0.055,mm,OK,--,3:47:36 PM,4/11/2026,
1375,0.1,gf,-0.055,mm,OK,--,3:47:36 PM,4/11/2026,
1376,0.0,gf,-0.055,mm,OK,--,3:47:36 PM,4/11/2026,
1377,0.1,gf,-0.055,mm,OK,--,3:47:36 PM,4/11/2026,
1378,0.1,gf,-0.055,mm,OK,--,3:47:36 PM,4/11/2026,
1379,0.1,gf,-0.055,mm,OK,--,3:47:36 PM,4/11/2026,
1380,0.1,gf,-0.055,mm,OK,--,3:47:36 PM,4/11/2026,
1381,0.0,gf,-0.055,mm,OK,--,3:47:37 PM,4/11/2026,
1382,0.0,gf,-0.055,mm,OK,--,3:47:37 PM,4/11/2026,
1383,0.0,gf,-0.055,mm,OK,--,3:47:37 PM,4/11/2026,
1384,0.1,gf,-0.055,mm,OK,--,3:47:37 PM,4/11/2026,
1385,0.0,gf,-0.055,mm,OK,--,3:47:37 PM,4/11/2026,
1386,0.0,gf,-0.055,mm,OK,--,3:47:37 PM,4/11/2026,
1387,0.0,gf,-0.055,mm,OK,--,3:47:37 PM,4/11/2026,
1388,0.0,gf,-0.055,mm,OK,--,3:47:37 PM,4/11/2026,
1389,0.0,gf,-0.055,mm,OK,--,3:47:37 PM,4/11/2026,
1390,0.0,gf,-0.055,mm,OK,--,3:47:37 PM,4/11/2026,
1391,0.1,gf,-0.055,mm,OK,--,3:47:38 PM,4/11/2026,
1392,0.0,gf,-0.055,mm,OK,--,3:47:38 PM,4/11/2026,
